version 1
nodes
0 "root" -1
1 "DEF-spine" 0
2 "DEF-spine.001" 1
3 "DEF-spine.002" 2
4 "DEF-spine.003" 3
5 "DEF-spine.004" 4
6 "DEF-spine.005" 5
7 "DEF-spine.006" 6
8 "VIS_upper_arm_ik_pole.L" 0
9 "VIS_upper_arm_ik_pole.R" 0
10 "VIS_thigh_ik_pole.L" 0
11 "VIS_thigh_ik_pole.R" 0
12 "MCH-torso.parent" -1
13 "torso" 12
14 "hips" 13
15 "chest" 13
16 "MCH-spine.001" 13
17 "spine_fk.001" 16
18 "MCH-spine" 17
19 "spine_fk" 18
20 "tweak_spine" 19
21 "ORG-spine" 20
22 "ORG-pelvis.L" 21
23 "DEF-pelvis.L" 22
24 "ORG-pelvis.R" 21
25 "DEF-pelvis.R" 24
26 "ORG-thigh.L" 21
27 "ORG-shin.L" 26
28 "ORG-foot.L" 27
29 "ORG-toe.L" 28
30 "ORG-heel.02.L" 28
31 "MCH-foot_tweak.L" 28
32 "foot_tweak.L" 31
33 "MCH-shin_tweak.L" 27
34 "shin_tweak.L" 33
35 "MCH-shin_tweak.L.001" 27
36 "shin_tweak.L.001" 35
37 "MCH-thigh_parent_widget.L" 26
38 "MCH-thigh_tweak.L.001" 26
39 "thigh_tweak.L.001" 38
40 "ORG-thigh.R" 21
41 "ORG-shin.R" 40
42 "ORG-foot.R" 41
43 "ORG-toe.R" 42
44 "ORG-heel.02.R" 42
45 "MCH-foot_tweak.R" 42
46 "foot_tweak.R" 45
47 "MCH-shin_tweak.R" 41
48 "shin_tweak.R" 47
49 "MCH-shin_tweak.R.001" 41
50 "shin_tweak.R.001" 49
51 "MCH-thigh_parent_widget.R" 40
52 "MCH-thigh_tweak.R.001" 40
53 "thigh_tweak.R.001" 52
54 "thigh_parent.L" 21
55 "MCH-thigh_parent.L" 21
56 "thigh_fk.L" 55
57 "shin_fk.L" 56
58 "MCH-foot_fk.L" 57
59 "foot_fk.L" 58
60 "MCH-toe_fk.L" 59
61 "toe_fk.L" 60
62 "MCH-thigh_ik_swing.L" 55
63 "thigh_ik.L" 62
64 "MCH-shin_ik.L" 63
65 "MCH-thigh_tweak.L" 21
66 "thigh_tweak.L" 65
67 "DEF-thigh.L" 21
68 "DEF-thigh.L.001" 67
69 "DEF-shin.L" 68
70 "DEF-shin.L.001" 69
71 "DEF-foot.L" 70
72 "DEF-toe.L" 71
73 "thigh_parent.R" 21
74 "MCH-thigh_parent.R" 21
75 "thigh_fk.R" 74
76 "shin_fk.R" 75
77 "MCH-foot_fk.R" 76
78 "foot_fk.R" 77
79 "MCH-toe_fk.R" 78
80 "toe_fk.R" 79
81 "MCH-thigh_ik_swing.R" 74
82 "thigh_ik.R" 81
83 "MCH-shin_ik.R" 82
84 "MCH-thigh_tweak.R" 21
85 "thigh_tweak.R" 84
86 "DEF-thigh.R" 21
87 "DEF-thigh.R.001" 86
88 "DEF-shin.R" 87
89 "DEF-shin.R.001" 88
90 "DEF-foot.R" 89
91 "DEF-toe.R" 90
92 "tweak_spine.001" 19
93 "ORG-spine.001" 92
94 "MCH-WGT-hips" 19
95 "MCH-spine.002" 13
96 "spine_fk.002" 95
97 "MCH-pivot" 96
98 "tweak_spine.002" 97
99 "ORG-spine.002" 98
100 "MCH-spine.003" 96
101 "spine_fk.003" 100
102 "ORG-spine.004" 101
103 "ORG-spine.005" 102
104 "ORG-spine.006" 103
105 "MCH-ROT-neck" 101
106 "neck" 105
107 "MCH-ROT-head" 106
108 "head" 107
109 "tweak_spine.004" 106
110 "MCH-STR-neck" 106
111 "MCH-spine.005" 110
112 "tweak_spine.005" 111
113 "tweak_spine.003" 101
114 "ORG-spine.003" 113
115 "ORG-shoulder.L" 114
116 "ORG-upper_arm.L" 115
117 "ORG-forearm.L" 116
118 "ORG-hand.L" 117
119 "MCH-hand_tweak.L" 118
120 "hand_tweak.L" 119
121 "MCH-forearm_tweak.L" 117
122 "forearm_tweak.L" 121
123 "MCH-forearm_tweak.L.001" 117
124 "forearm_tweak.L.001" 123
125 "MCH-upper_arm_parent_widget.L" 116
126 "MCH-upper_arm_tweak.L.001" 116
127 "upper_arm_tweak.L.001" 126
128 "DEF-shoulder.L" 115
129 "upper_arm_parent.L" 115
130 "MCH-upper_arm_parent.L" 115
131 "upper_arm_fk.L" 130
132 "forearm_fk.L" 131
133 "MCH-hand_fk.L" 132
134 "hand_fk.L" 133
135 "MCH-upper_arm_ik_swing.L" 130
136 "upper_arm_ik.L" 135
137 "MCH-forearm_ik.L" 136
138 "MCH-upper_arm_tweak.L" 115
139 "upper_arm_tweak.L" 138
140 "DEF-upper_arm.L" 115
141 "DEF-upper_arm.L.001" 140
142 "DEF-forearm.L" 141
143 "DEF-forearm.L.001" 142
144 "DEF-hand.L" 143
145 "ORG-palm.01.L" 144
146 "ORG-f_index.01.L" 145
147 "ORG-f_index.02.L" 146
148 "ORG-f_index.03.L" 147
149 "DEF-f_index.01.L" 145
150 "DEF-f_index.02.L" 149
151 "DEF-f_index.03.L" 150
152 "f_index.01_master.L" 145
153 "DEF-palm.01.L" 145
154 "MCH-f_index.01_drv.L" 145
155 "f_index.01.L" 154
156 "MCH-f_index.02_drv.L" 155
157 "f_index.02.L" 156
158 "MCH-f_index.03_drv.L" 157
159 "f_index.03.L" 158
160 "f_index.01.L.001" 159
161 "MCH-f_index.03.L" 159
162 "MCH-f_index.02.L" 157
163 "MCH-f_index.01.L" 145
164 "ORG-palm.02.L" 144
165 "ORG-f_middle.01.L" 164
166 "ORG-f_middle.02.L" 165
167 "ORG-f_middle.03.L" 166
168 "DEF-f_middle.01.L" 164
169 "DEF-f_middle.02.L" 168
170 "DEF-f_middle.03.L" 169
171 "f_middle.01_master.L" 164
172 "DEF-palm.02.L" 164
173 "DEF-palm.02.L.001" 164
174 "MCH-f_middle.01_drv.L" 164
175 "f_middle.01.L" 174
176 "MCH-f_middle.02_drv.L" 175
177 "f_middle.02.L" 176
178 "MCH-f_middle.03_drv.L" 177
179 "f_middle.03.L" 178
180 "f_middle.01.L.001" 179
181 "MCH-f_middle.03.L" 179
182 "MCH-f_middle.02.L" 177
183 "MCH-f_middle.01.L" 164
184 "DEF-palm.02.L.002" 164
185 "ORG-palm.03.L" 144
186 "ORG-f_ring.01.L" 185
187 "ORG-f_ring.02.L" 186
188 "ORG-f_ring.03.L" 187
189 "DEF-f_ring.01.L" 185
190 "DEF-f_ring.02.L" 189
191 "DEF-f_ring.03.L" 190
192 "f_ring.01_master.L" 185
193 "DEF-palm.03.L" 185
194 "DEF-palm.03.L.001" 185
195 "MCH-f_ring.01_drv.L" 185
196 "f_ring.01.L" 195
197 "MCH-f_ring.02_drv.L" 196
198 "f_ring.02.L" 197
199 "MCH-f_ring.03_drv.L" 198
200 "f_ring.03.L" 199
201 "f_ring.01.L.001" 200
202 "MCH-f_ring.03.L" 200
203 "MCH-f_ring.02.L" 198
204 "MCH-f_ring.01.L" 185
205 "DEF-palm.03.L.002" 185
206 "ORG-palm.04.L" 144
207 "ORG-f_pinky.01.L" 206
208 "ORG-f_pinky.02.L" 207
209 "ORG-f_pinky.03.L" 208
210 "DEF-f_pinky.01.L" 206
211 "DEF-f_pinky.02.L" 210
212 "DEF-f_pinky.03.L" 211
213 "f_pinky.01_master.L" 206
214 "DEF-palm.04.L" 206
215 "DEF-palm.04.L.001" 206
216 "MCH-f_pinky.01_drv.L" 206
217 "f_pinky.01.L" 216
218 "MCH-f_pinky.02_drv.L" 217
219 "f_pinky.02.L" 218
220 "MCH-f_pinky.03_drv.L" 219
221 "f_pinky.03.L" 220
222 "f_pinky.01.L.001" 221
223 "MCH-f_pinky.03.L" 221
224 "MCH-f_pinky.02.L" 219
225 "MCH-f_pinky.01.L" 206
226 "DEF-palm.04.L.003" 206
227 "ORG-palm.04.L.001" 144
228 "ORG-f_pinky.01.L.001" 227
229 "ORG-f_pinky.02.L.001" 228
230 "ORG-f_pinky.03.L.001" 229
231 "DEF-f_pinky.01.L.001" 227
232 "DEF-f_pinky.02.L.001" 231
233 "DEF-f_pinky.03.L.001" 232
234 "f_pinky.01_master.L.001" 227
235 "DEF-palm.04.L.002" 227
236 "MCH-f_pinky.01_drv.L.001" 227
237 "f_pinky.01.L.002" 236
238 "MCH-f_pinky.02_drv.L.001" 237
239 "f_pinky.02.L.001" 238
240 "MCH-f_pinky.03_drv.L.001" 239
241 "f_pinky.03.L.001" 240
242 "f_pinky.01.L.003" 241
243 "MCH-f_pinky.03.L.001" 241
244 "MCH-f_pinky.02.L.001" 239
245 "MCH-f_pinky.01.L.001" 227
246 "ORG-palm.01.L.001" 144
247 "ORG-f_index.01.L.001" 246
248 "ORG-f_index.02.L.001" 247
249 "ORG-f_index.03.L.001" 248
250 "DEF-f_index.01.L.001" 246
251 "DEF-f_index.02.L.001" 250
252 "DEF-f_index.03.L.001" 251
253 "f_index.01_master.L.001" 246
254 "DEF-palm.01.L.001" 246
255 "MCH-f_index.01_drv.L.001" 246
256 "f_index.01.L.002" 255
257 "MCH-f_index.02_drv.L.001" 256
258 "f_index.02.L.001" 257
259 "MCH-f_index.03_drv.L.001" 258
260 "f_index.03.L.001" 259
261 "f_index.01.L.003" 260
262 "MCH-f_index.03.L.001" 260
263 "MCH-f_index.02.L.001" 258
264 "MCH-f_index.01.L.001" 246
265 "palm.L" 144
266 "palm.L.001" 144
267 "palm.L.002" 144
268 "ORG-shoulder.R" 114
269 "ORG-upper_arm.R" 268
270 "ORG-forearm.R" 269
271 "ORG-hand.R" 270
272 "MCH-hand_tweak.R" 271
273 "hand_tweak.R" 272
274 "MCH-forearm_tweak.R" 270
275 "forearm_tweak.R" 274
276 "MCH-forearm_tweak.R.001" 270
277 "forearm_tweak.R.001" 276
278 "MCH-upper_arm_parent_widget.R" 269
279 "MCH-upper_arm_tweak.R.001" 269
280 "upper_arm_tweak.R.001" 279
281 "DEF-shoulder.R" 268
282 "upper_arm_parent.R" 268
283 "MCH-upper_arm_parent.R" 268
284 "upper_arm_fk.R" 283
285 "forearm_fk.R" 284
286 "MCH-hand_fk.R" 285
287 "hand_fk.R" 286
288 "MCH-upper_arm_ik_swing.R" 283
289 "upper_arm_ik.R" 288
290 "MCH-forearm_ik.R" 289
291 "MCH-upper_arm_tweak.R" 268
292 "upper_arm_tweak.R" 291
293 "DEF-upper_arm.R" 268
294 "DEF-upper_arm.R.001" 293
295 "DEF-forearm.R" 294
296 "DEF-forearm.R.001" 295
297 "DEF-hand.R" 296
298 "ORG-palm.01.R" 297
299 "ORG-f_index.01.R" 298
300 "ORG-f_index.02.R" 299
301 "ORG-f_index.03.R" 300
302 "DEF-f_index.01.R" 298
303 "DEF-f_index.02.R" 302
304 "DEF-f_index.03.R" 303
305 "f_index.01_master.R" 298
306 "DEF-palm.01.R" 298
307 "MCH-f_index.01_drv.R" 298
308 "f_index.01.R" 307
309 "MCH-f_index.02_drv.R" 308
310 "f_index.02.R" 309
311 "MCH-f_index.03_drv.R" 310
312 "f_index.03.R" 311
313 "f_index.01.R.001" 312
314 "MCH-f_index.03.R" 312
315 "MCH-f_index.02.R" 310
316 "MCH-f_index.01.R" 298
317 "ORG-palm.02.R" 297
318 "ORG-f_middle.01.R" 317
319 "ORG-f_middle.02.R" 318
320 "ORG-f_middle.03.R" 319
321 "DEF-f_middle.01.R" 317
322 "DEF-f_middle.02.R" 321
323 "DEF-f_middle.03.R" 322
324 "f_middle.01_master.R" 317
325 "DEF-palm.02.R" 317
326 "DEF-palm.02.R.001" 317
327 "MCH-f_middle.01_drv.R" 317
328 "f_middle.01.R" 327
329 "MCH-f_middle.02_drv.R" 328
330 "f_middle.02.R" 329
331 "MCH-f_middle.03_drv.R" 330
332 "f_middle.03.R" 331
333 "f_middle.01.R.001" 332
334 "MCH-f_middle.03.R" 332
335 "MCH-f_middle.02.R" 330
336 "MCH-f_middle.01.R" 317
337 "DEF-palm.02.R.002" 317
338 "ORG-palm.03.R" 297
339 "ORG-f_ring.01.R" 338
340 "ORG-f_ring.02.R" 339
341 "ORG-f_ring.03.R" 340
342 "DEF-f_ring.01.R" 338
343 "DEF-f_ring.02.R" 342
344 "DEF-f_ring.03.R" 343
345 "f_ring.01_master.R" 338
346 "DEF-palm.03.R" 338
347 "DEF-palm.03.R.001" 338
348 "MCH-f_ring.01_drv.R" 338
349 "f_ring.01.R" 348
350 "MCH-f_ring.02_drv.R" 349
351 "f_ring.02.R" 350
352 "MCH-f_ring.03_drv.R" 351
353 "f_ring.03.R" 352
354 "f_ring.01.R.001" 353
355 "MCH-f_ring.03.R" 353
356 "MCH-f_ring.02.R" 351
357 "MCH-f_ring.01.R" 338
358 "DEF-palm.03.R.002" 338
359 "ORG-palm.04.R" 297
360 "ORG-f_pinky.01.R" 359
361 "ORG-f_pinky.02.R" 360
362 "ORG-f_pinky.03.R" 361
363 "DEF-f_pinky.01.R" 359
364 "DEF-f_pinky.02.R" 363
365 "DEF-f_pinky.03.R" 364
366 "f_pinky.01_master.R" 359
367 "DEF-palm.04.R" 359
368 "DEF-palm.04.R.001" 359
369 "MCH-f_pinky.01_drv.R" 359
370 "f_pinky.01.R" 369
371 "MCH-f_pinky.02_drv.R" 370
372 "f_pinky.02.R" 371
373 "MCH-f_pinky.03_drv.R" 372
374 "f_pinky.03.R" 373
375 "f_pinky.01.R.001" 374
376 "MCH-f_pinky.03.R" 374
377 "MCH-f_pinky.02.R" 372
378 "MCH-f_pinky.01.R" 359
379 "DEF-palm.04.R.003" 359
380 "ORG-palm.04.R.001" 297
381 "ORG-f_pinky.01.R.001" 380
382 "ORG-f_pinky.02.R.001" 381
383 "ORG-f_pinky.03.R.001" 382
384 "DEF-f_pinky.01.R.001" 380
385 "DEF-f_pinky.02.R.001" 384
386 "DEF-f_pinky.03.R.001" 385
387 "f_pinky.01_master.R.001" 380
388 "DEF-palm.04.R.002" 380
389 "MCH-f_pinky.01_drv.R.001" 380
390 "f_pinky.01.R.002" 389
391 "MCH-f_pinky.02_drv.R.001" 390
392 "f_pinky.02.R.001" 391
393 "MCH-f_pinky.03_drv.R.001" 392
394 "f_pinky.03.R.001" 393
395 "f_pinky.01.R.003" 394
396 "MCH-f_pinky.03.R.001" 394
397 "MCH-f_pinky.02.R.001" 392
398 "MCH-f_pinky.01.R.001" 380
399 "ORG-palm.01.R.001" 297
400 "ORG-f_index.01.R.001" 399
401 "ORG-f_index.02.R.001" 400
402 "ORG-f_index.03.R.001" 401
403 "DEF-f_index.01.R.001" 399
404 "DEF-f_index.02.R.001" 403
405 "DEF-f_index.03.R.001" 404
406 "f_index.01_master.R.001" 399
407 "DEF-palm.01.R.001" 399
408 "MCH-f_index.01_drv.R.001" 399
409 "f_index.01.R.002" 408
410 "MCH-f_index.02_drv.R.001" 409
411 "f_index.02.R.001" 410
412 "MCH-f_index.03_drv.R.001" 411
413 "f_index.03.R.001" 412
414 "f_index.01.R.003" 413
415 "MCH-f_index.03.R.001" 413
416 "MCH-f_index.02.R.001" 411
417 "MCH-f_index.01.R.001" 399
418 "palm.R" 297
419 "palm.R.001" 297
420 "palm.R.002" 297
421 "ORG-breast.L" 114
422 "DEF-breast.L" 421
423 "ORG-breast.R" 114
424 "DEF-breast.R" 423
425 "breast.L" 114
426 "breast.R" 114
427 "shoulder.L" 114
428 "shoulder.R" 114
429 "MCH-WGT-chest" 101
430 "MCH-hand_ik.parent.L" -1
431 "hand_ik.L" 430
432 "MCH-upper_arm_ik_target.L" 431
433 "MCH-upper_arm_ik_target.parent.L" -1
434 "upper_arm_ik_target.L" 433
435 "MCH-hand_ik.parent.R" -1
436 "hand_ik.R" 435
437 "MCH-upper_arm_ik_target.R" 436
438 "MCH-upper_arm_ik_target.parent.R" -1
439 "upper_arm_ik_target.R" 438
440 "MCH-foot_ik.parent.L" -1
441 "foot_ik.L" 440
442 "foot_spin_ik.L" 441
443 "foot_heel_ik.L" 442
444 "MCH-heel.02_rock2.L" 442
445 "MCH-heel.02_rock1.L" 444
446 "MCH-heel.02_roll2.L" 445
447 "MCH-heel.02_roll1.L" 446
448 "MCH-foot_roll.L" 447
449 "MCH-thigh_ik_target.L" 448
450 "MCH-toe_ik_parent.L" 449
451 "toe_ik.L" 450
452 "MCH-thigh_ik_target.parent.L" -1
453 "thigh_ik_target.L" 452
454 "MCH-foot_ik.parent.R" -1
455 "foot_ik.R" 454
456 "foot_spin_ik.R" 455
457 "foot_heel_ik.R" 456
458 "MCH-heel.02_rock2.R" 456
459 "MCH-heel.02_rock1.R" 458
460 "MCH-heel.02_roll2.R" 459
461 "MCH-heel.02_roll1.R" 460
462 "MCH-foot_roll.R" 461
463 "MCH-thigh_ik_target.R" 462
464 "MCH-toe_ik_parent.R" 463
465 "toe_ik.R" 464
466 "MCH-thigh_ik_target.parent.R" -1
467 "thigh_ik_target.R" 466
end
skeleton
  time 0
  0 0.000000 0.000000 -23.603888 0.000000 -0.000000 1.570796
  1 -0.415255 2.676890 37.530994 1.742818 0.001880 0.228877
  2 -0.000001 10.999711 -0.000001 -0.048764 0.000435 0.008959
  3 0.000001 6.753162 0.000000 0.104702 -0.050700 0.018760
  4 0.000001 8.544829 -0.000001 0.266425 0.102957 0.025442
  5 -0.000002 9.518023 0.000002 -0.239151 -0.092923 -0.001048
  6 0.000000 3.039628 0.000000 0.193774 0.000000 -0.000000
  7 0.000000 3.098971 -0.000001 -0.450248 -0.090977 0.018971
  8 35.764618 -12.965983 79.047211 -0.361895 2.319999 -0.768405
  9 -27.670424 -4.136256 52.738571 0.559089 -2.422260 0.160128
  10 10.386413 0.751064 17.784351 -3.131789 0.231420 0.233680
  11 -7.286683 -14.157627 22.669172 -2.883535 0.069009 0.089562
  12 -1.789155 0.000000 28.175615 0.000000 -0.000000 1.570796
  13 0.000000 0.000000 -8.830414 0.000000 -0.000000 0.098170
  14 0.000000 -1.769384 12.121014 0.000438 0.001880 0.130707
  15 0.000000 -1.769386 12.121014 0.518703 -0.067292 0.171668
  16 0.000000 -1.769384 12.121014 0.000188 0.000947 0.065354
  17 0.000000 -0.000001 0.000000 1.694062 -0.000000 0.000000
  18 -0.000001 -6.753161 -0.000000 -1.694196 0.064740 -0.008989
  19 0.000000 0.000000 -0.000000 1.742380 -0.000000 -0.000000
  20 0.000001 -10.999710 0.000001 0.000000 0.000000 0.000000
  21 0.000000 0.000000 0.000000 0.000000 0.000000 0.000000
  22 0.000000 0.000000 0.000000 -1.341552 -1.993774 0.192913
  23 -0.000000 -0.000002 0.000001 -0.000000 0.000000 0.000000
  24 0.000000 0.000000 0.000000 -1.341552 1.993774 -0.192913
  25 0.000000 -0.000002 0.000001 -0.000000 -0.000000 0.000000
  26 8.250684 -0.215607 2.184243 2.855891 0.018218 0.095466
  27 -0.000003 19.359114 0.000006 1.083325 -0.000000 0.000000
  28 0.000004 15.722317 -0.000002 -1.624317 0.207249 -0.138830
  29 0.000012 10.988001 -0.000569 0.880379 -3.141171 0.000000
  30 -1.873869 4.392863 10.061481 -0.000523 0.630166 -1.571104
  31 0.000000 0.000002 0.000002 -0.000000 0.000000 0.000000
  32 0.000000 0.000000 0.000000 0.000000 0.000000 -0.000000
  33 -0.000000 0.000002 -0.000001 0.000000 0.000000 0.000000
  34 0.000000 0.000000 0.000000 0.000000 0.000000 0.000000
  35 0.000002 7.861161 -0.000004 -0.000000 0.143204 -0.000000
  36 0.000000 0.000000 0.000000 0.000000 0.000205 0.000000
  37 -0.000000 -0.000008 -0.000001 0.000000 0.000000 -0.000000
  38 -0.000001 9.679560 0.000003 0.000001 -0.003851 -0.000000
  39 0.000000 0.000000 0.000000 -0.000000 0.000000 0.000000
  40 -8.250686 -0.215599 2.184242 2.236058 -0.152941 0.006396
  41 0.000001 19.265894 0.000002 1.341712 0.000000 -0.000000
  42 0.000004 15.625456 -0.000001 -1.216681 0.051078 -0.062211
  43 0.000011 10.987702 -0.000389 0.901516 3.141171 -0.000000
  44 1.873869 4.392862 10.061479 0.000523 2.511427 1.571105
  45 -0.000000 0.000002 0.000002 -0.000000 0.000000 0.000000
  46 0.000000 0.000000 0.000000 0.000000 -0.000000 -0.000000
  47 0.000000 0.000003 0.000000 0.000000 0.000000 0.000000
  48 0.000000 0.000000 0.000000 0.000000 0.000000 0.000000
  49 0.000001 7.812731 -0.000001 -0.000000 0.042526 -0.000000
  50 0.000000 0.000000 0.000000 -0.000000 -0.000205 0.000000
  51 0.000000 -0.000002 0.000002 -0.000000 0.000000 -0.000000
  52 0.000001 9.632947 0.000004 0.000000 -0.078396 -0.000000
  53 -0.000000 0.000000 -0.000000 -0.000000 -0.000000 0.000000
  54 8.250686 -0.215599 2.184243 2.903292 -0.000000 -0.000000
  55 8.250686 -0.215599 2.184243 -1.742379 0.000000 0.000000
  56 -0.000000 -0.000001 0.000000 -1.637513 -0.000000 -0.000000
  57 0.000000 19.896328 0.000001 0.140363 -0.000000 -0.000000
  58 -0.000000 16.264105 0.000001 -0.703810 -0.000322 0.000273
  59 0.000000 -0.000000 0.000000 -0.000000 0.000000 0.000000
  60 -0.000001 10.988297 -0.000000 0.880380 -3.141171 0.000000
  61 0.000000 0.000000 0.000000 0.000000 -0.000000 -0.000000
  62 -0.000000 -0.000001 0.000000 -1.204797 -0.090231 -0.016542
  63 -0.000002 0.000004 0.000001 -0.479366 -0.019428 -0.000000
  64 -0.000003 19.359114 0.000004 1.083325 -0.000000 0.000000
  65 8.250684 -0.215606 2.184244 2.855847 0.025079 0.093450
  66 -0.000000 0.000000 -0.000000 -0.000000 0.000000 -0.000000
  67 8.250684 -0.215606 2.184244 2.855847 0.025079 0.093450
  68 -0.000002 9.679559 0.000000 -0.000000 0.003300 0.000000
  69 -0.000000 9.679556 -0.000000 1.083324 0.003851 0.000000
  70 0.000001 7.861155 0.000001 0.000001 0.143408 0.000000
  71 -0.000000 7.861162 -0.000002 -1.604548 0.065188 -0.136131
  72 0.000000 10.988019 -0.000000 0.880328 -3.141171 0.000001
  73 -8.250686 -0.215595 2.184241 2.903292 -0.000000 -0.000000
  74 -8.250686 -0.215599 2.184242 -1.742379 0.000000 0.000000
  75 -0.000000 -0.000001 0.000000 -1.637513 0.000000 0.000000
  76 0.000002 19.896326 0.000002 0.140363 0.000000 -0.000000
  77 -0.000001 16.264103 0.000000 -0.703810 0.000322 -0.000273
  78 0.000000 -0.000000 0.000000 -0.000000 -0.000000 0.000000
  79 0.000001 10.988298 0.000001 0.880380 3.141171 -0.000000
  80 0.000000 0.000000 0.000000 0.000000 0.000000 0.000000
  81 -0.000000 -0.000001 0.000000 -1.712964 0.041456 -0.003027
  82 -0.000000 -0.000000 0.000000 -0.588235 0.150270 0.000000
  83 -0.000000 19.265888 -0.000000 1.341712 0.000000 -0.000000
  84 -8.250686 -0.215599 2.184242 2.248104 -0.065900 -0.103693
  85 0.000000 -0.000000 0.000000 -0.000000 -0.000000 0.000000
  86 -8.250686 -0.215599 2.184242 2.248104 -0.065899 -0.103692
  87 -0.000001 9.632947 0.000000 -0.000000 0.061401 0.000000
  88 -0.000001 9.632947 0.000001 1.341711 0.078396 -0.000000
  89 0.000000 7.812723 -0.000000 0.000000 0.042322 0.000000
  90 0.000001 7.812730 -0.000001 -1.214086 0.008837 -0.062133
  91 -0.000000 10.987721 0.000000 0.901480 3.141171 0.000001
  92 0.000000 0.000000 0.000001 -0.048317 -0.000000 0.000000
  93 0.000000 0.000000 0.000000 -0.000000 0.000000 -0.000000
  94 0.000001 -10.999710 0.000001 0.000000 0.000000 0.000000
  95 0.000000 -1.769385 12.121014 0.260674 -0.022453 0.090183
  96 0.000000 -0.000001 0.000000 1.538978 0.000000 0.000000
  97 0.000000 -0.000000 -0.000000 0.024784 -0.014186 -0.009539
  98 0.000000 0.000000 0.000000 -0.155084 -0.000000 -0.000000
  99 0.000000 0.000000 0.000000 -0.000000 -0.000000 -0.000000
  100 -0.000002 8.544825 -0.000000 -1.276155 0.089398 0.025408
  101 0.000000 0.000000 -0.000000 1.542233 -0.000000 0.000000
  102 -0.000001 9.518030 0.000001 -0.239150 -0.092923 -0.001048
  103 0.000000 3.039628 0.000000 0.193774 0.000000 -0.000000
  104 -0.000000 3.098971 -0.000000 -0.450248 -0.090977 0.018971
  105 -0.000001 9.518030 0.000001 -1.803871 -0.092923 -0.001048
  106 0.000000 -0.000000 0.000000 1.662547 -0.000000 -0.000000
  107 -0.000000 6.109813 0.000002 -1.924703 -0.092375 0.010145
  108 0.000000 0.000000 0.000000 1.570796 0.000000 0.000000
  109 0.000000 0.000000 0.000000 -0.097827 0.000000 -0.000000
  110 0.000000 0.000000 0.000000 0.000000 0.000000 0.000000
  111 0.000000 3.025094 -0.296882 0.000000 -0.000000 -0.000000
  112 0.000000 0.000000 0.000000 0.095948 -0.000000 -0.000000
  113 -0.000000 -0.000000 -0.000000 -0.000000 -0.000000 -0.000000
  114 0.000000 -0.000000 -0.000000 -0.000000 -0.000000 -0.000000
  115 0.904461 6.782042 3.867488 -1.296234 -1.672586 -0.217079
  116 0.010187 19.450804 -0.828332 1.226289 0.743345 0.743545
  117 0.000002 19.410339 -0.000002 1.563632 0.000000 -0.000000
  118 -0.000006 24.562702 -0.000001 0.598190 1.145694 1.170359
  119 0.000000 0.000000 0.000000 0.000000 0.000001 0.000001
  120 0.000000 0.000000 0.000000 -0.000000 -0.000001 -0.000001
  121 0.000000 0.000004 -0.000002 -0.000000 -0.000000 -0.000000
  122 -0.000000 -0.000001 0.000000 0.000000 0.000000 0.000000
  123 0.000003 12.281352 0.000004 -0.000000 0.625699 0.000000
  124 0.000000 0.000000 0.000000 -0.000001 0.001371 -0.000001
  125 -0.000000 -0.000000 -0.000001 -0.000000 -0.000000 -0.000000
  126 0.000001 9.705171 0.000001 -0.000000 -0.059880 -0.000000
  127 0.000000 0.000000 0.000000 -0.000000 -0.000000 -0.000000
  128 -0.000000 0.000002 -0.000000 0.000000 0.000000 -0.000000
  129 0.010189 19.450802 -0.828331 -1.068311 -0.458283 0.722012
  130 0.010188 19.450802 -0.828332 0.041386 -0.124298 1.319061
  131 -0.000000 0.000000 -0.000000 -1.332781 0.484537 -2.373637
  132 -0.000000 20.126825 -0.000001 0.277335 0.000000 0.000000
  133 0.000003 25.356459 -0.000003 0.198412 -0.005445 0.027073
  134 0.000000 0.000000 0.000000 -0.000000 0.000000 0.000000
  135 -0.000000 0.000001 -0.000000 0.828749 0.551386 -2.263695
  136 -0.000001 -0.000000 -0.000002 -0.897614 1.183431 0.000001
  137 0.000007 19.410332 -0.000005 1.563632 0.000000 -0.000000
  138 0.010187 19.450804 -0.828333 1.142352 0.704697 0.616947
  139 0.000000 0.000000 0.000000 -0.000000 -0.000000 -0.000000
  140 0.010186 19.450804 -0.828333 1.142352 0.704696 0.616946
  141 -0.000002 9.705167 -0.000000 -0.000000 0.042490 -0.000000
  142 0.000005 9.705162 0.000003 1.563632 0.059880 -0.000001
  143 -0.000000 12.281353 0.000001 -0.000001 0.627070 0.000000
  144 0.000004 12.281348 -0.000002 -0.185382 0.698859 0.519080
  145 0.838801 0.695164 1.002016 -0.146529 0.831651 0.111056
  146 0.070216 6.088675 0.002240 0.057776 -0.287169 0.072686
  147 -0.000000 5.184051 0.000000 0.483659 -0.003806 0.022166
  148 0.000000 5.576726 -0.000001 0.360622 0.000643 -0.036171
  149 0.070216 6.088675 0.002240 0.057776 -0.287169 0.072686
  150 -0.000000 5.184051 0.000000 0.483659 -0.003806 0.022166
  151 0.000000 5.576726 -0.000001 0.360622 0.000643 -0.036171
  152 0.070221 6.088675 0.002251 0.057776 -0.287169 0.072685
  153 0.000000 0.000000 0.000000 -0.000000 -0.000000 -0.000000
  154 0.070216 6.088675 0.002240 0.057776 -0.287169 0.072685
  155 0.000000 0.000000 0.000000 0.000000 -0.000000 -0.000000
  156 -0.000004 5.184050 0.000002 0.483659 -0.003807 0.022168
  157 0.000000 0.000000 0.000000 0.000000 -0.000000 -0.000001
  158 0.000004 5.576725 -0.000002 0.360621 0.000643 -0.036172
  159 0.000000 0.000000 0.000000 0.000000 -0.000000 -0.000000
  160 -0.000001 9.158419 0.000002 3.141593 0.324016 -0.000001
  161 -0.000006 0.000003 0.000004 0.000000 -0.000000 0.000000
  162 0.000000 -0.000001 0.000001 -0.000000 0.000000 -0.000001
  163 0.070216 6.088675 0.002240 0.057776 -0.287169 0.072686
  164 0.208227 1.308906 0.886643 -0.521837 0.710749 -0.438947
  165 -0.066522 4.576854 0.191401 0.177555 -0.296553 -0.038426
  166 0.000000 6.134694 0.000001 1.386375 -0.004721 0.048260
  167 -0.000006 5.142244 0.000006 1.290598 0.000044 -0.073620
  168 -0.066522 4.576854 0.191401 0.177555 -0.296553 -0.038426
  169 0.000000 6.134694 0.000001 1.386375 -0.004721 0.048260
  170 -0.000006 5.142245 0.000006 1.290598 0.000043 -0.073620
  171 -0.066520 4.576856 0.191408 0.177555 -0.296553 -0.038426
  172 0.000000 0.000000 0.000000 -0.000000 0.000000 -0.000000
  173 0.000000 0.000000 0.000000 -0.000000 0.000000 -0.000000
  174 -0.066522 4.576856 0.191404 0.177554 -0.296552 -0.038425
  175 0.000000 0.000000 0.000000 -0.000000 -0.000001 -0.000001
  176 0.000000 6.134695 0.000006 1.386376 -0.004721 0.048261
  177 0.000000 0.000000 0.000000 -0.000000 -0.000001 -0.000001
  178 -0.000003 5.142243 0.000001 1.290599 0.000043 -0.073619
  179 0.000000 0.000000 0.000000 -0.000000 -0.000001 -0.000001
  180 0.000003 9.920084 -0.000004 -3.141593 0.323205 0.000000
  181 -0.000005 0.000005 -0.000003 -0.000000 -0.000000 -0.000000
  182 0.000000 0.000000 0.000000 0.000000 -0.000000 0.000001
  183 -0.066522 4.576854 0.191401 0.177555 -0.296553 -0.038426
  184 0.000000 0.000000 0.000000 -0.000000 0.000000 -0.000000
  185 1.229528 0.555893 1.288366 -0.746848 0.623235 -0.695221
  186 -0.231332 5.650929 -0.027432 0.207022 -0.080209 -0.208698
  187 -0.000003 5.046755 0.000001 0.462833 0.005800 -0.038571
  188 -0.000000 4.876219 0.000002 0.427971 -0.002099 0.057281
  189 -0.231332 5.650929 -0.027432 0.207022 -0.080209 -0.208698
  190 -0.000003 5.046755 0.000001 0.462833 0.005800 -0.038571
  191 -0.000000 4.876219 0.000002 0.427971 -0.002099 0.057281
  192 -0.231328 5.650928 -0.027427 0.207022 -0.080209 -0.208698
  193 0.000000 0.000000 0.000000 0.000000 -0.000000 0.000000
  194 0.000000 0.000000 0.000000 0.000000 -0.000000 0.000000
  195 -0.231332 5.650929 -0.027432 0.207022 -0.080208 -0.208698
  196 0.000000 0.000000 0.000000 0.000000 0.000000 0.000000
  197 -0.000001 5.046762 -0.000000 0.462833 0.005800 -0.038571
  198 0.000000 0.000000 0.000000 0.000000 0.000000 0.000000
  199 0.000002 4.876215 -0.000002 0.427971 -0.002099 0.057281
  200 0.000000 0.000000 0.000000 0.000000 -0.000001 -0.000000
  201 -0.000004 10.336258 0.000004 -3.141593 -0.095607 -0.000001
  202 -0.000005 -0.000001 0.000006 0.000000 0.000000 0.000000
  203 -0.000003 -0.000004 0.000006 -0.000001 -0.000000 -0.000000
  204 -0.231332 5.650929 -0.027432 0.207022 -0.080209 -0.208698
  205 0.000000 0.000000 0.000000 0.000000 -0.000000 0.000000
  206 2.510272 0.335968 0.022952 -0.704386 0.728958 -0.808876
  207 -1.382233 4.004662 -0.496772 0.204093 -0.003080 -0.542466
  208 0.000001 4.945989 0.000000 1.399438 0.001323 -0.011933
  209 0.000001 6.128852 0.000000 1.447807 -0.001326 0.020280
  210 -1.382233 4.004662 -0.496772 0.204093 -0.003080 -0.542466
  211 0.000001 4.945989 0.000000 1.399438 0.001323 -0.011933
  212 0.000001 6.128852 -0.000000 1.447807 -0.001326 0.020280
  213 -1.382230 4.004663 -0.496763 0.204092 -0.003080 -0.542466
  214 0.000000 0.000000 0.000000 0.000000 -0.000000 0.000000
  215 0.000000 0.000000 0.000000 0.000000 -0.000000 0.000000
  216 -1.382231 4.004662 -0.496767 0.204093 -0.003081 -0.542467
  217 0.000000 0.000000 0.000000 -0.000000 0.000001 0.000001
  218 -0.000000 4.945989 0.000005 1.399439 0.001324 -0.011934
  219 0.000000 0.000000 0.000000 0.000000 0.000001 0.000001
  220 -0.000002 6.128851 0.000002 1.447807 -0.001326 0.020280
  221 0.000000 0.000000 0.000000 0.000000 0.000000 0.000000
  222 0.000000 8.781747 -0.000002 3.141593 -0.488191 0.000000
  223 0.000000 0.000000 0.000000 -0.000000 0.000000 -0.000000
  224 0.000000 0.000000 0.000000 0.000000 0.000000 0.000000
  225 -1.382232 4.004661 -0.496771 0.204093 -0.003080 -0.542466
  226 0.000000 0.000000 0.000000 0.000000 -0.000000 0.000000
  227 0.777024 1.281750 1.958800 0.196515 0.598662 0.924076
  228 0.350113 4.320490 -0.048359 0.213321 0.019605 0.282980
  229 -0.000007 4.879323 -0.000001 0.435697 0.004531 -0.036923
  230 0.000003 5.043320 0.000002 0.380201 -0.001208 0.055325
  231 0.350113 4.320490 -0.048359 0.213321 0.019605 0.282980
  232 -0.000007 4.879323 -0.000001 0.435697 0.004531 -0.036923
  233 0.000003 5.043320 0.000002 0.380201 -0.001208 0.055325
  234 0.350114 4.320484 -0.048356 0.213321 0.019605 0.282980
  235 0.000000 0.000000 0.000000 0.000000 -0.000000 -0.000000
  236 0.350113 4.320490 -0.048359 0.213321 0.019605 0.282979
  237 0.000000 0.000000 0.000000 -0.000000 0.000000 0.000001
  238 -0.000003 4.879317 -0.000000 0.435696 0.004531 -0.036922
  239 0.000000 0.000000 0.000000 0.000000 0.000000 0.000000
  240 0.000004 5.043316 -0.000001 0.380200 -0.001208 0.055324
  241 0.000000 0.000000 0.000000 0.000000 -0.000000 0.000000
  242 -0.000002 10.325293 0.000002 -3.141593 -0.093079 -0.000000
  243 0.000000 0.000000 -0.000001 0.000000 0.000000 0.000000
  244 -0.000007 0.000004 -0.000002 -0.000000 -0.000000 -0.000001
  245 0.350113 4.320490 -0.048359 0.213321 0.019605 0.282980
  246 0.986052 0.947618 1.368035 0.166521 0.766159 0.595879
  247 1.099163 4.740801 -0.104273 0.036912 -0.459751 0.204801
  248 -0.000003 4.968779 -0.000002 1.390917 0.003074 -0.030016
  249 0.000000 5.803460 0.000000 1.376352 -0.001677 0.049316
  250 1.099163 4.740801 -0.104273 0.036912 -0.459751 0.204801
  251 -0.000003 4.968779 -0.000002 1.390917 0.003074 -0.030016
  252 0.000000 5.803460 0.000000 1.376352 -0.001677 0.049316
  253 1.099163 4.740797 -0.104272 0.036912 -0.459751 0.204801
  254 0.000000 0.000000 0.000000 0.000000 -0.000000 0.000000
  255 1.099163 4.740797 -0.104272 0.036912 -0.459751 0.204801
  256 0.000000 0.000000 0.000000 -0.000000 -0.000000 -0.000000
  257 -0.000001 4.968780 0.000002 1.390917 0.003073 -0.030015
  258 0.000000 0.000000 0.000000 -0.000000 -0.000000 -0.000000
  259 0.000003 5.803461 0.000001 1.376352 -0.001678 0.049316
  260 0.000000 0.000000 0.000000 -0.000000 -0.000000 0.000000
  261 0.000005 9.111452 -0.000001 3.141592 0.806825 -0.000001
  262 -0.000004 -0.000002 -0.000006 -0.000000 0.000000 -0.000001
  263 -0.000003 -0.000002 0.000000 0.000000 -0.000000 -0.000000
  264 1.099163 4.740799 -0.104272 0.036912 -0.459751 0.204801
  265 2.510274 0.335974 0.022937 -0.704386 0.728957 -0.808875
  266 2.510274 0.335974 0.022937 -0.704386 0.728957 -0.808875
  267 2.510274 0.335974 0.022937 -0.704386 0.728957 -0.808875
  268 -0.904463 6.782034 3.867492 -0.171652 1.763668 1.366959
  269 -0.010192 19.450800 -0.828340 -1.976950 -0.475654 1.444512
  270 -0.000001 19.379808 -0.000002 1.797062 -0.000000 0.000000
  271 -0.000004 24.504681 0.000003 0.097889 -0.413014 -0.125530
  272 0.000000 0.000000 0.000000 -0.000000 -0.000001 -0.000001
  273 0.000000 0.000000 0.000000 -0.000000 0.000001 0.000001
  274 -0.000001 0.000001 0.000001 -0.000000 0.000001 0.000001
  275 -0.000001 -0.000002 -0.000001 0.000000 -0.000000 0.000000
  276 -0.000004 12.252343 -0.000003 0.000000 -0.209120 0.000000
  277 -0.000001 -0.000002 -0.000001 -0.000000 -0.001371 0.000001
  278 0.000000 0.000000 0.000000 -0.000000 0.000000 -0.000000
  279 -0.000006 9.689906 0.000001 -0.000000 0.236902 -0.000000
  280 0.000000 0.000000 0.000000 -0.000000 0.000000 0.000000
  281 -0.000000 0.000003 0.000000 0.000000 -0.000000 0.000000
  282 -0.010190 19.450802 -0.828333 -1.068311 0.458283 -0.722012
  283 -0.010192 19.450802 -0.828340 0.041386 0.124298 -1.319061
  284 -0.000002 0.000001 -0.000000 -1.332781 -0.484537 2.373637
  285 0.000002 20.126827 0.000003 0.277335 0.000000 0.000000
  286 0.000001 25.356462 0.000000 0.198412 0.005445 -0.027074
  287 0.000000 0.000000 0.000000 0.000000 -0.000000 -0.000000
  288 -0.000003 0.000002 -0.000001 -0.900130 -0.243392 2.630170
  289 -0.000005 -0.000002 0.000001 -1.044113 -0.167302 -0.000000
  290 -0.000006 19.379812 0.000003 1.797062 -0.000000 0.000000
  291 -0.010192 19.450800 -0.828340 -1.757140 -0.589788 1.017288
  292 0.000000 0.000000 0.000000 -0.000000 0.000000 0.000000
  293 -0.010192 19.450800 -0.828340 -1.757140 -0.589788 1.017288
  294 -0.000004 9.689903 0.000000 -0.000000 -0.147322 -0.000001
  295 0.000003 9.689901 -0.000001 1.797062 -0.236903 0.000001
  296 -0.000001 12.252344 0.000000 0.000001 -0.210491 -0.000000
  297 -0.000001 12.252337 -0.000001 0.071172 -0.204060 -0.117371
  298 -0.838798 0.695161 1.002013 -0.146528 -0.831651 -0.111056
  299 -0.166353 5.880029 0.005654 0.057776 0.287169 -0.072685
  300 0.000001 5.184055 0.000000 0.905352 0.003806 -0.022167
  301 0.000001 5.576720 -0.000001 0.782313 -0.000643 0.036171
  302 -0.166353 5.880029 0.005654 0.057776 0.287169 -0.072685
  303 0.000001 5.184055 0.000000 0.905352 0.003806 -0.022167
  304 0.000001 5.576720 -0.000001 0.782313 -0.000643 0.036171
  305 -0.166356 5.880015 0.005655 0.057776 0.287169 -0.072685
  306 0.000000 0.000000 0.000000 0.000000 0.000000 -0.000000
  307 -0.166354 5.880026 0.005654 0.057776 0.287169 -0.072685
  308 0.000000 0.000000 0.000000 0.000000 0.000000 0.000000
  309 -0.000000 5.184052 -0.000001 0.905351 0.003806 -0.022168
  310 0.000000 0.000000 0.000000 0.000000 0.000000 0.000000
  311 0.000000 5.576721 0.000002 0.782314 -0.000643 0.036172
  312 0.000000 0.000000 0.000000 0.000000 0.000000 0.000000
  313 0.000004 9.158423 0.000001 3.141593 -0.324016 0.000001
  314 -0.000004 -0.000004 -0.000000 0.000000 -0.000000 -0.000000
  315 0.000000 0.000000 0.000000 0.000000 -0.000000 0.000000
  316 -0.166353 5.880029 0.005654 0.057776 0.287169 -0.072685
  317 -0.208225 1.308911 0.886646 -0.521836 -0.710749 0.438946
  318 0.179994 4.691586 0.097471 0.177555 0.296553 0.038426
  319 -0.000001 6.134692 -0.000001 0.953002 0.004721 -0.048261
  320 0.000002 5.142240 -0.000004 0.857226 -0.000043 0.073620
  321 0.179994 4.691586 0.097471 0.177555 0.296553 0.038426
  322 -0.000001 6.134692 -0.000001 0.953002 0.004721 -0.048261
  323 0.000002 5.142240 -0.000004 0.857226 -0.000043 0.073620
  324 0.179997 4.691583 0.097472 0.177555 0.296553 0.038426
  325 0.000000 0.000000 0.000000 0.000000 0.000000 -0.000000
  326 0.000000 0.000000 0.000000 0.000000 0.000000 -0.000000
  327 0.179994 4.691586 0.097471 0.177554 0.296552 0.038425
  328 0.000000 0.000000 0.000000 0.000000 0.000001 0.000001
  329 -0.000000 6.134696 -0.000002 0.953003 0.004721 -0.048261
  330 0.000000 0.000000 0.000000 -0.000000 0.000001 0.000001
  331 0.000002 5.142239 -0.000001 0.857226 -0.000043 0.073619
  332 0.000000 0.000000 0.000000 -0.000000 0.000001 0.000001
  333 -0.000000 9.920086 -0.000003 -3.141593 -0.323204 -0.000000
  334 -0.000001 -0.000003 -0.000005 -0.000000 0.000000 0.000000
  335 -0.000003 0.000001 -0.000002 -0.000000 -0.000000 -0.000000
  336 0.179994 4.691586 0.097471 0.177555 0.296553 0.038426
  337 0.000000 0.000000 0.000000 0.000000 0.000000 -0.000000
  338 -1.229537 0.555894 1.288361 -0.746847 -0.623235 0.695221
  339 0.540581 5.468735 -0.063789 0.207022 0.080209 0.208698
  340 -0.000003 5.046766 0.000002 0.884525 -0.005799 0.038569
  341 0.000003 4.876215 -0.000001 0.849663 0.002099 -0.057279
  342 0.540581 5.468735 -0.063789 0.207022 0.080209 0.208698
  343 -0.000003 5.046766 0.000002 0.884525 -0.005799 0.038569
  344 0.000003 4.876215 -0.000001 0.849663 0.002099 -0.057279
  345 0.540585 5.468734 -0.063790 0.207022 0.080209 0.208698
  346 0.000000 0.000000 0.000000 -0.000000 0.000000 0.000000
  347 0.000000 0.000000 0.000000 -0.000000 0.000000 0.000000
  348 0.540581 5.468735 -0.063789 0.207022 0.080209 0.208698
  349 0.000000 0.000000 0.000000 0.000000 -0.000000 -0.000000
  350 -0.000002 5.046768 0.000002 0.884526 -0.005799 0.038570
  351 0.000000 0.000000 0.000000 -0.000000 -0.000000 -0.000000
  352 0.000004 4.876215 -0.000003 0.849663 0.002099 -0.057281
  353 0.000000 0.000000 0.000000 0.000000 0.000001 0.000000
  354 0.000002 10.336259 0.000002 -3.141593 0.095607 0.000001
  355 0.000002 -0.000000 -0.000004 0.000000 -0.000000 -0.000000
  356 -0.000002 0.000002 -0.000002 -0.000001 0.000000 -0.000001
  357 0.540581 5.468735 -0.063789 0.207022 0.080209 0.208698
  358 0.000000 0.000000 0.000000 -0.000000 0.000000 0.000000
  359 -2.510275 0.335974 0.022943 -0.704386 -0.728957 0.808876
  360 1.041175 4.025638 -0.380635 0.204093 0.003080 0.542466
  361 -0.000002 4.945991 0.000001 0.966065 -0.001324 0.011933
  362 0.000000 6.128853 0.000001 1.014435 0.001326 -0.020281
  363 1.041175 4.025638 -0.380635 0.204093 0.003080 0.542466
  364 -0.000002 4.945991 0.000001 0.966065 -0.001324 0.011933
  365 0.000000 6.128853 0.000001 1.014435 0.001326 -0.020281
  366 1.041174 4.025638 -0.380637 0.204093 0.003080 0.542466
  367 0.000000 0.000000 0.000000 -0.000000 0.000000 0.000000
  368 0.000000 0.000000 0.000000 -0.000000 0.000000 0.000000
  369 1.041175 4.025638 -0.380635 0.204093 0.003081 0.542467
  370 0.000000 0.000000 0.000000 -0.000000 -0.000001 -0.000001
  371 -0.000001 4.945988 0.000000 0.966065 -0.001324 0.011934
  372 0.000000 0.000000 0.000000 0.000000 -0.000001 -0.000001
  373 -0.000001 6.128853 -0.000001 1.014434 0.001326 -0.020280
  374 0.000000 0.000000 0.000000 0.000000 -0.000000 -0.000000
  375 0.000001 8.781747 0.000000 3.141593 0.488191 -0.000000
  376 -0.000000 -0.000001 -0.000002 0.000000 0.000000 -0.000000
  377 0.000000 0.000001 0.000001 -0.000000 -0.000000 0.000000
  378 1.041175 4.025638 -0.380635 0.204093 0.003080 0.542466
  379 0.000000 0.000000 0.000000 -0.000000 0.000000 0.000000
  380 -0.777023 1.281749 1.958798 0.196514 -0.598662 -0.924076
  381 -0.821887 4.086432 -0.113511 0.213321 -0.019605 -0.282979
  382 -0.000002 4.879316 0.000000 0.857389 -0.004531 0.036921
  383 -0.000000 5.043317 0.000000 0.801893 0.001208 -0.055324
  384 -0.821887 4.086432 -0.113511 0.213321 -0.019605 -0.282979
  385 -0.000002 4.879316 0.000000 0.857389 -0.004531 0.036921
  386 -0.000000 5.043317 0.000000 0.801893 0.001208 -0.055324
  387 -0.821887 4.086432 -0.113507 0.213321 -0.019605 -0.282979
  388 0.000000 0.000000 0.000000 0.000000 0.000000 0.000000
  389 -0.821887 4.086432 -0.113511 0.213321 -0.019605 -0.282979
  390 0.000000 0.000000 0.000000 -0.000000 -0.000000 -0.000001
  391 -0.000002 4.879313 0.000002 0.857389 -0.004531 0.036922
  392 0.000000 0.000000 0.000000 -0.000000 -0.000000 -0.000000
  393 0.000001 5.043317 0.000001 0.801893 0.001208 -0.055324
  394 0.000000 0.000000 0.000000 0.000000 -0.000000 -0.000000
  395 0.000004 10.325294 -0.000001 3.141593 0.093078 0.000000
  396 -0.000005 0.000001 -0.000001 -0.000000 -0.000000 -0.000000
  397 -0.000002 0.000002 -0.000002 0.000000 -0.000000 -0.000000
  398 -0.821887 4.086432 -0.113511 0.213321 -0.019605 -0.282979
  399 -0.986050 0.947619 1.368042 0.166521 -0.766158 -0.595878
  400 -0.623037 5.079552 -0.086386 0.036911 0.459751 -0.204801
  401 -0.000003 4.968778 -0.000001 0.957545 -0.003073 0.030016
  402 0.000000 5.803466 -0.000001 0.942979 0.001678 -0.049315
  403 -0.623037 5.079552 -0.086386 0.036911 0.459751 -0.204801
  404 -0.000003 4.968778 -0.000001 0.957545 -0.003073 0.030016
  405 0.000000 5.803466 -0.000001 0.942979 0.001678 -0.049315
  406 -0.623036 5.079546 -0.086387 0.036912 0.459751 -0.204801
  407 0.000000 0.000000 0.000000 -0.000000 0.000000 0.000000
  408 -0.623037 5.079552 -0.086386 0.036912 0.459751 -0.204802
  409 0.000000 0.000000 0.000000 -0.000000 0.000001 0.000001
  410 0.000000 4.968779 -0.000001 0.957545 -0.003073 0.030015
  411 0.000000 0.000000 0.000000 -0.000000 0.000000 0.000000
  412 -0.000000 5.803466 -0.000001 0.942979 0.001678 -0.049315
  413 0.000000 0.000000 0.000000 -0.000000 -0.000000 -0.000000
  414 0.000001 9.111456 -0.000002 3.141592 -0.806826 0.000001
  415 0.000001 -0.000002 0.000001 -0.000000 0.000000 -0.000000
  416 -0.000004 -0.000001 0.000000 -0.000000 -0.000000 0.000000
  417 -0.623037 5.079552 -0.086386 0.036911 0.459751 -0.204801
  418 -2.510272 0.335971 0.022943 -0.704386 -0.728957 0.808876
  419 -2.510272 0.335971 0.022943 -0.704386 -0.728957 0.808876
  420 -2.510272 0.335971 0.022943 -0.704386 -0.728957 0.808876
  421 8.463116 -0.489840 -2.120323 1.542233 0.000000 3.141593
  422 0.000000 -0.000001 -0.000001 0.000000 0.000000 0.000000
  423 -8.463115 -0.489837 -2.120325 1.542233 0.000000 -3.141593
  424 -0.000000 -0.000001 -0.000000 0.000000 0.000000 -0.000000
  425 8.463116 -0.489840 -2.120323 1.542233 0.000000 3.141593
  426 -8.463115 -0.489837 -2.120325 1.542233 0.000000 -3.141593
  427 0.904461 6.782042 3.867488 -1.296234 -1.672586 -0.217079
  428 -0.904463 6.782034 3.867492 -0.171652 1.763668 1.366959
  429 -0.000000 -0.000000 -0.000000 0.000000 -0.000000 -0.000000
  430 -2.384858 45.420403 15.540361 0.000000 -0.000000 1.570796
  431 -19.140224 -37.568935 35.471458 2.948642 -0.313072 -0.887324
  432 0.000003 0.000002 0.000001 -0.000000 0.000000 -0.000000
  433 -45.980133 15.530704 34.568459 0.518703 -0.067292 1.445435
  434 45.543015 1.372589 32.418594 0.636717 0.964784 -2.018134
  435 -2.384865 -45.420403 15.540361 0.000000 -0.000000 1.570796
  436 20.161390 -28.322344 2.681606 -0.534643 -0.853024 -2.646905
  437 -0.000005 -0.000004 -0.000003 0.000000 -0.000000 -0.000000
  438 -31.786652 -32.456676 23.117529 0.315889 -0.003567 2.162370
  439 -13.646549 21.144943 -28.708824 0.636716 -0.964784 2.018134
  440 -0.483101 8.250682 -13.900933 0.000000 -0.000000 1.570796
  441 -0.000003 13.076022 -0.782326 0.000000 -0.000000 -0.000000
  442 0.000001 -6.475163 -8.877786 0.000000 -0.000000 -0.000000
  443 -0.000001 6.475164 8.877786 0.000000 -0.000000 -0.000000
  444 -1.878121 12.014876 -0.599892 0.000000 -0.000000 -0.000000
  445 3.953936 0.000005 0.000000 0.000000 -0.000000 -0.000000
  446 -1.976965 -0.000000 0.000000 0.000000 -0.000000 -0.000000
  447 -0.098847 -12.014874 0.599886 0.000000 -0.000000 -0.000000
  448 -0.000001 6.475163 8.877784 -2.200961 0.000249 0.000341
  449 -0.000001 0.000003 0.000004 -0.000000 -0.000000 0.000000
  450 -0.000000 10.988303 -0.000000 2.200961 0.000423 0.000000
  451 0.000000 0.000000 0.000000 -0.060252 -0.000000 -3.141593
  452 33.934631 16.546085 -6.413345 0.000438 0.001880 1.799673
  453 1.961089 -0.448858 0.257714 -0.003597 -0.000000 -0.000000
  454 -0.483102 -8.250682 -13.900933 0.000000 -0.000000 1.570796
  455 0.000002 -5.588043 0.000000 0.000000 -0.000000 -0.000000
  456 0.000000 -6.475163 -8.877784 0.000000 -0.000000 -0.000000
  457 -0.000000 6.475165 8.877784 0.021136 0.000000 0.000000
  458 1.878117 12.014875 -0.599895 -0.000000 0.000000 -0.000000
  459 -3.953935 -0.000001 -0.000000 -0.000000 0.000000 -0.000000
  460 1.976967 0.000000 0.000000 0.000000 0.000000 -0.000000
  461 0.098850 -12.014875 0.599886 0.021136 -0.000000 0.000000
  462 0.000000 6.475164 8.877784 -2.200961 -0.000249 -0.000341
  463 -0.000000 0.000002 0.000002 -0.000000 -0.000000 -0.000000
  464 -0.000001 10.988304 0.000001 2.179825 -0.000422 0.000000
  465 0.000000 0.000000 0.000000 -0.060252 0.000000 -3.141593
  466 37.678520 0.475068 -6.382320 0.000438 0.001880 1.799673
  467 -5.924035 1.355899 -0.778501 -0.003597 -0.000000 -0.000000
  time 1
  0 0.000000 0.000000 -23.603888 0.000000 -0.000000 1.570796
  1 -0.608222 4.167933 38.977345 1.746938 0.001624 0.302111
  2 0.000000 10.999712 0.000000 -0.049685 0.000725 0.014783
  3 0.000000 6.753163 -0.000000 0.108533 -0.026383 -0.005766
  4 -0.000001 8.544823 0.000000 0.274290 0.321492 0.027362
  5 -0.000002 9.518025 0.000002 -0.248213 -0.245334 0.041246
  6 -0.000000 3.039637 -0.000001 0.193776 0.000126 0.000025
  7 0.000002 3.098956 0.000002 -0.460122 -0.229648 0.096172
  8 35.846874 15.943550 76.005623 -0.884301 1.735639 -0.764734
  9 -25.150099 -5.569824 57.992813 0.671854 -2.745070 0.563652
  10 10.223377 0.985239 19.510828 -3.116150 0.222938 0.228635
  11 -7.528142 -11.318473 22.537428 -2.949378 0.052239 0.063379
  12 -1.789155 0.000000 28.175615 0.000000 -0.000000 1.570796
  13 -0.000000 1.508531 -7.388939 0.003375 -0.002361 0.098977
  14 -0.000000 -1.769384 12.121017 0.001730 0.004618 0.203121
  15 -0.000000 -1.769386 12.121017 0.515073 -0.099181 0.483670
  16 -0.000000 -1.769384 12.121017 0.000747 0.002353 0.101559
  17 -0.000000 -0.000001 0.000000 1.694062 -0.000000 0.000000
  18 -0.000001 -6.753163 0.000000 -1.694182 0.100495 -0.014876
  19 -0.000000 0.000000 -0.000000 1.742379 -0.000000 -0.000000
  20 -0.000000 -10.999710 0.000001 0.000000 -0.000000 -0.000000
  21 0.000000 0.000000 0.000000 -0.000000 -0.000000 0.000000
  22 0.000000 0.000000 0.000000 -1.341552 -1.993774 0.192913
  23 -0.000001 -0.000002 0.000001 -0.000000 0.000000 -0.000000
  24 0.000000 0.000000 0.000000 -1.341552 1.993774 -0.192913
  25 0.000000 -0.000002 0.000001 -0.000000 -0.000000 0.000000
  26 8.250684 -0.215596 2.184242 2.748760 -0.065548 0.092912
  27 0.000001 19.342937 -0.000002 1.116588 -0.000000 -0.000000
  28 -0.000001 15.705716 -0.000002 -1.509224 0.225508 -0.177487
  29 0.000020 10.987942 -0.000498 0.880380 -3.141171 0.000000
  30 -1.873869 4.392867 10.061481 -0.000523 0.630166 -1.571104
  31 -0.000000 0.000002 0.000001 -0.000000 -0.000000 -0.000000
  32 0.000000 0.000000 0.000000 0.000000 0.000000 0.000000
  33 0.000000 0.000002 -0.000001 -0.000000 0.000000 0.000000
  34 0.000000 0.000000 0.000000 0.000000 0.000000 0.000000
  35 -0.000001 7.852861 -0.000004 -0.000000 0.163963 -0.000000
  36 0.000000 0.000000 0.000000 0.000000 0.000204 0.000000
  37 -0.000000 -0.000000 0.000001 -0.000000 -0.000000 -0.000000
  38 -0.000000 9.671471 0.000000 -0.000000 -0.049449 -0.000000
  39 0.000000 0.000000 0.000000 0.000000 0.000000 -0.000000
  40 -8.250684 -0.215595 2.184240 2.357700 -0.244436 0.026442
  41 -0.000001 19.310837 0.000001 1.196670 0.000000 0.000000
  42 -0.000001 15.672523 -0.000001 -1.207650 0.036992 -0.047584
  43 0.000011 10.987799 -0.000371 0.892905 3.141170 -0.000000
  44 1.873868 4.392867 10.061481 0.000523 2.511427 1.571105
  45 -0.000000 0.000002 0.000002 -0.000000 0.000000 0.000000
  46 0.000000 0.000000 -0.000001 0.000000 -0.000000 0.000000
  47 -0.000000 0.000003 0.000001 -0.000000 0.000000 0.000000
  48 0.000000 0.000000 0.000000 -0.000000 0.000000 0.000000
  49 -0.000001 7.836264 -0.000001 -0.000000 0.031511 -0.000000
  50 0.000000 0.000000 0.000000 0.000000 -0.000204 -0.000000
  51 0.000000 -0.000005 -0.000000 -0.000000 0.000000 0.000000
  52 -0.000000 9.655419 0.000002 0.000000 -0.128545 -0.000000
  53 -0.000000 0.000000 -0.000000 -0.000000 -0.000000 0.000000
  54 8.250684 -0.215596 2.184242 2.903292 -0.000000 -0.000000
  55 8.250684 -0.215596 2.184242 -1.742379 0.000000 -0.000000
  56 -0.000000 -0.000000 0.000000 -1.637514 0.000000 -0.000000
  57 0.000001 19.896324 -0.000000 0.140363 -0.000000 0.000000
  58 0.000001 16.264105 -0.000002 -0.703810 -0.000322 0.000273
  59 0.000000 -0.000000 0.000000 -0.000000 0.000000 0.000000
  60 -0.000001 10.988298 0.000001 0.880380 -3.141170 0.000000
  61 0.000000 0.000001 0.000000 0.000000 -0.000000 -0.000000
  62 -0.000000 -0.000000 0.000000 -1.298217 -0.099077 -0.013417
  63 0.000000 0.000000 -0.000000 -0.493567 0.069634 -0.000000
  64 0.000001 19.342936 -0.000002 1.116588 -0.000000 -0.000000
  65 8.250684 -0.215596 2.184242 2.749576 0.018902 0.057963
  66 0.000000 0.000000 0.000000 0.000000 -0.000000 -0.000000
  67 8.250684 -0.215596 2.184242 2.749576 0.018902 0.057963
  68 0.000001 9.671471 -0.000001 -0.000000 0.041939 -0.000000
  69 -0.000001 9.671471 0.000001 1.116588 0.049448 0.000000
  70 -0.000000 7.852855 -0.000000 0.000000 0.164168 0.000000
  71 -0.000001 7.852859 -0.000000 -1.480352 0.063846 -0.173304
  72 0.000001 10.987960 -0.000001 0.880334 -3.141171 0.000002
  73 -8.250684 -0.215595 2.184240 2.903292 -0.000000 -0.000000
  74 -8.250684 -0.215595 2.184240 -1.742379 0.000000 -0.000000
  75 -0.000000 -0.000001 0.000000 -1.637514 -0.000000 0.000000
  76 -0.000001 19.896322 0.000001 0.140363 0.000000 0.000000
  77 -0.000000 16.264105 -0.000002 -0.703810 0.000322 -0.000273
  78 0.000000 -0.000000 0.000000 -0.000000 -0.000000 -0.000000
  79 -0.000002 10.988297 0.000001 0.880380 3.141171 0.000000
  80 0.000000 0.000000 0.000000 0.000000 0.000000 -0.000000
  81 -0.000000 -0.000001 0.000000 -1.647933 0.035764 -0.001444
  82 0.000000 -0.000000 0.000000 -0.527554 0.244586 0.000000
  83 -0.000001 19.310831 -0.000001 1.196670 0.000000 0.000000
  84 -8.250684 -0.215595 2.184240 2.384217 -0.075630 -0.138997
  85 0.000000 -0.000000 0.000000 0.000000 -0.000000 -0.000000
  86 -8.250684 -0.215595 2.184240 2.384217 -0.075630 -0.138997
  87 -0.000002 9.655421 0.000000 -0.000000 0.106190 0.000000
  88 -0.000000 9.655418 0.000001 1.196669 0.128545 -0.000000
  89 -0.000000 7.836256 -0.000001 -0.000000 0.031307 -0.000000
  90 -0.000000 7.836264 0.000001 -1.206195 0.005720 -0.047552
  91 0.000000 10.987819 0.000000 0.892871 3.141171 0.000001
  92 0.000000 0.000000 0.000000 -0.048318 -0.000000 -0.000000
  93 0.000000 0.000000 0.000000 -0.000000 -0.000000 -0.000000
  94 -0.000000 -10.999710 0.000001 -0.000000 -0.000000 0.000000
  95 -0.000000 -1.769385 12.121017 0.263350 -0.018158 0.248058
  96 0.000000 -0.000001 0.000000 1.538978 -0.000000 -0.000000
  97 0.000000 -0.000000 -0.000000 0.023309 -0.074094 0.002021
  98 0.000000 0.000000 0.000000 -0.155084 0.000000 0.000000
  99 -0.000000 0.000000 0.000000 -0.000000 -0.000000 -0.000000
  100 -0.000001 8.544825 0.000001 -1.270037 0.247292 0.026775
  101 -0.000000 0.000000 -0.000000 1.542233 0.000000 0.000000
  102 -0.000002 9.518031 0.000001 -0.248212 -0.245334 0.041246
  103 -0.000000 3.039637 -0.000001 0.193776 0.000126 0.000025
  104 0.000002 3.098956 0.000002 -0.460122 -0.229648 0.096172
  105 -0.000002 9.518031 0.000001 -1.812932 -0.245334 0.041245
  106 0.000000 -0.000000 0.000000 1.662547 -0.000000 -0.000000
  107 0.000000 6.109806 0.000005 -1.936665 -0.238581 0.070928
  108 0.000000 0.000000 0.000000 1.575416 -0.002579 0.000005
  109 0.000000 0.000000 0.000000 -0.097827 0.000000 -0.000000
  110 0.000000 0.000000 0.000000 0.000001 -0.000000 -0.000000
  111 -0.000000 3.025103 -0.296886 0.002309 0.000004 0.001290
  112 0.000000 0.000000 0.000000 0.095948 -0.000000 -0.000000
  113 -0.000000 0.000000 -0.000000 0.000000 -0.000000 0.000000
  114 0.000000 -0.000000 -0.000000 -0.000000 -0.000000 0.000000
  115 0.904459 6.782039 3.867490 -0.558290 -1.648707 -0.979396
  116 0.010193 19.450790 -0.828347 0.235960 1.117393 0.408653
  117 -0.000004 19.384550 0.000004 1.734396 0.000000 0.000000
  118 0.000002 24.515591 -0.000007 -0.375682 1.823396 -0.131771
  119 0.000000 0.000000 0.000000 0.000000 0.000001 0.000001
  120 -0.000000 0.000000 -0.000000 -0.000000 -0.000001 -0.000001
  121 -0.000000 0.000001 0.000000 -0.000001 -0.000000 -0.000000
  122 0.000000 -0.000001 -0.000000 0.000000 -0.000000 -0.000000
  123 0.000005 12.257796 -0.000002 -0.000000 0.904770 -0.000002
  124 0.000000 -0.000001 -0.000000 -0.000001 0.001371 -0.000001
  125 0.000007 -0.000002 -0.000001 -0.000000 -0.000000 0.000000
  126 0.000009 9.692270 0.000002 0.000000 0.058116 0.000001
  127 0.000000 0.000000 0.000000 -0.000000 -0.000000 -0.000000
  128 -0.000000 0.000003 -0.000001 0.000000 0.000000 0.000000
  129 0.010185 19.450794 -0.828335 -1.068311 -0.458283 0.722012
  130 0.010185 19.450794 -0.828335 0.041386 -0.124298 1.319061
  131 0.000000 0.000000 -0.000000 -1.332781 0.484537 -2.373637
  132 -0.000000 20.126822 0.000000 0.277335 0.000000 -0.000000
  133 0.000001 25.356457 -0.000003 0.198412 -0.005445 0.027074
  134 0.000000 0.000000 0.000000 0.000000 0.000000 0.000000
  135 0.000000 0.000001 -0.000000 0.477188 0.756895 -1.737981
  136 0.000008 -0.000000 0.000001 -1.004024 0.491839 0.000000
  137 0.000002 19.384544 0.000005 1.734396 0.000000 0.000000
  138 0.010196 19.450790 -0.828354 0.294148 1.209807 0.471950
  139 0.000000 0.000000 0.000000 -0.000000 -0.000000 -0.000000
  140 0.010196 19.450790 -0.828354 0.294146 1.209807 0.471949
  141 -0.000001 9.692268 0.000001 0.000000 -0.037596 0.000001
  142 -0.000001 9.692276 -0.000002 1.734395 -0.058115 -0.000002
  143 0.000001 12.257792 -0.000001 -0.000000 0.906142 0.000001
  144 0.000003 12.257792 -0.000001 -0.205378 0.914454 0.053838
  145 0.838799 0.695164 1.002015 -0.146528 0.831651 0.111056
  146 0.081203 5.754842 -0.027363 0.057775 -0.287169 0.072684
  147 -0.000001 5.184051 -0.000001 1.286148 -0.003807 0.022168
  148 -0.000001 5.576723 0.000000 1.163108 0.000644 -0.036173
  149 0.081203 5.754842 -0.027363 0.057775 -0.287169 0.072684
  150 -0.000001 5.184051 -0.000001 1.286148 -0.003807 0.022168
  151 -0.000001 5.576723 0.000000 1.163108 0.000644 -0.036173
  152 0.081219 5.754842 -0.027366 0.057776 -0.287169 0.072685
  153 -0.000000 0.000001 -0.000000 0.000000 -0.000000 -0.000000
  154 0.081203 5.754842 -0.027363 0.057776 -0.287169 0.072685
  155 0.000000 0.000000 0.000000 0.000000 -0.000000 -0.000000
  156 0.000003 5.184051 -0.000005 1.286147 -0.003806 0.022168
  157 0.000000 0.000000 0.000000 0.000000 -0.000001 -0.000001
  158 -0.000006 5.576723 0.000001 1.163109 0.000644 -0.036172
  159 0.000000 0.000000 0.000000 0.000000 -0.000000 -0.000000
  160 -0.000001 9.158416 -0.000000 3.141593 0.324016 -0.000000
  161 0.000000 0.000000 0.000000 -0.000000 0.000000 -0.000000
  162 0.000000 0.000000 0.000000 0.000000 -0.000000 0.000001
  163 0.081203 5.754842 -0.027363 0.057775 -0.287169 0.072684
  164 0.208219 1.308901 0.886659 -0.521836 0.710749 -0.438947
  165 -0.065969 4.812191 0.057333 0.177554 -0.296553 -0.038425
  166 -0.000000 6.134689 -0.000004 0.546238 -0.004721 0.048259
  167 0.000001 5.142243 0.000001 0.450460 0.000042 -0.073619
  168 -0.065969 4.812191 0.057333 0.177554 -0.296553 -0.038425
  169 -0.000001 6.134690 -0.000004 0.546238 -0.004721 0.048259
  170 0.000001 5.142242 0.000001 0.450460 0.000042 -0.073619
  171 -0.065975 4.812185 0.057334 0.177555 -0.296553 -0.038425
  172 -0.000001 0.000001 -0.000000 -0.000000 -0.000000 0.000000
  173 -0.000001 0.000001 -0.000000 -0.000000 -0.000000 0.000000
  174 -0.065969 4.812191 0.057333 0.177555 -0.296552 -0.038425
  175 0.000000 0.000000 0.000000 -0.000000 -0.000001 -0.000001
  176 -0.000003 6.134690 -0.000002 0.546238 -0.004721 0.048261
  177 0.000000 0.000000 0.000000 -0.000000 -0.000001 -0.000001
  178 0.000002 5.142241 0.000001 0.450461 0.000043 -0.073619
  179 0.000000 0.000000 0.000000 -0.000000 -0.000001 -0.000001
  180 0.000000 9.920087 -0.000002 -3.141593 0.323205 0.000000
  181 -0.000005 0.000000 0.000006 -0.000000 -0.000000 0.000000
  182 -0.000006 -0.000001 0.000005 0.000000 0.000000 -0.000000
  183 -0.065969 4.812191 0.057333 0.177555 -0.296553 -0.038425
  184 -0.000001 0.000001 -0.000000 -0.000000 -0.000000 0.000000
  185 1.229517 0.555885 1.288386 -0.746847 0.623235 -0.695221
  186 -0.993705 5.258291 -0.146969 0.207022 -0.080209 -0.208697
  187 -0.000003 5.046751 0.000003 1.265321 0.005800 -0.038571
  188 0.000001 4.876212 0.000001 1.230459 -0.002098 0.057280
  189 -0.993705 5.258291 -0.146969 0.207022 -0.080209 -0.208697
  190 -0.000003 5.046751 0.000003 1.265321 0.005800 -0.038571
  191 0.000001 4.876212 0.000001 1.230459 -0.002098 0.057280
  192 -0.993706 5.258305 -0.146963 0.207022 -0.080209 -0.208698
  193 0.000000 0.000000 0.000000 -0.000000 -0.000000 -0.000000
  194 0.000000 0.000000 0.000000 -0.000000 -0.000000 -0.000000
  195 -0.993705 5.258291 -0.146969 0.207022 -0.080209 -0.208698
  196 0.000000 0.000000 0.000000 0.000000 0.000000 0.000000
  197 -0.000004 5.046758 0.000003 1.265322 0.005800 -0.038570
  198 0.000000 0.000000 0.000000 -0.000000 0.000000 0.000000
  199 0.000001 4.876212 -0.000003 1.230459 -0.002099 0.057280
  200 0.000000 0.000000 0.000000 0.000000 -0.000001 -0.000000
  201 0.000002 10.336258 -0.000004 3.141593 -0.095607 -0.000001
  202 -0.000004 0.000006 0.000002 -0.000000 0.000000 -0.000000
  203 0.000000 0.000000 0.000000 -0.000001 -0.000000 -0.000000
  204 -0.993705 5.258291 -0.146969 0.207022 -0.080209 -0.208697
  205 0.000000 0.000000 0.000000 -0.000000 -0.000000 -0.000000
  206 2.510256 0.335966 0.022962 -0.704386 0.728958 -0.808876
  207 -0.520311 4.108308 -0.189025 0.204093 -0.003080 -0.542466
  208 -0.000001 4.945988 0.000004 0.559299 0.001324 -0.011933
  209 0.000003 6.128859 -0.000005 0.607671 -0.001326 0.020281
  210 -0.520311 4.108308 -0.189025 0.204093 -0.003080 -0.542466
  211 -0.000001 4.945988 0.000004 0.559299 0.001324 -0.011933
  212 0.000003 6.128859 -0.000005 0.607671 -0.001326 0.020281
  213 -0.520311 4.108308 -0.189025 0.204092 -0.003080 -0.542466
  214 -0.000000 0.000000 -0.000000 0.000000 -0.000000 -0.000000
  215 -0.000000 0.000000 -0.000000 0.000000 -0.000000 -0.000000
  216 -0.520311 4.108308 -0.189025 0.204092 -0.003081 -0.542467
  217 0.000000 0.000000 0.000000 -0.000000 0.000001 0.000001
  218 -0.000001 4.945987 0.000006 0.559301 0.001324 -0.011934
  219 0.000000 0.000000 0.000000 -0.000000 0.000001 0.000001
  220 0.000001 6.128852 -0.000001 0.607670 -0.001326 0.020280
  221 0.000000 0.000000 0.000000 0.000000 0.000000 0.000000
  222 -0.000003 8.781745 0.000009 3.141593 -0.488191 0.000000
  223 0.000001 0.000000 0.000000 0.000001 -0.000000 0.000000
  224 0.000000 0.000000 0.000000 -0.000000 0.000000 -0.000000
  225 -0.520311 4.108308 -0.189025 0.204093 -0.003080 -0.542466
  226 -0.000000 0.000000 -0.000000 0.000000 -0.000000 -0.000000
  227 0.777023 1.281749 1.958802 0.196515 0.598662 0.924076
  228 1.143117 4.028801 -0.156350 0.213321 0.019605 0.282980
  229 -0.000005 4.879322 0.000002 1.238185 0.004530 -0.036922
  230 0.000001 5.043319 -0.000001 1.182689 -0.001208 0.055323
  231 1.143117 4.028801 -0.156350 0.213321 0.019605 0.282980
  232 -0.000005 4.879322 0.000002 1.238185 0.004530 -0.036922
  233 0.000001 5.043319 -0.000001 1.182689 -0.001208 0.055323
  234 1.143117 4.028801 -0.156350 0.213321 0.019605 0.282980
  235 0.000000 0.000000 0.000000 -0.000000 -0.000000 0.000000
  236 1.143117 4.028801 -0.156350 0.213321 0.019605 0.282979
  237 0.000000 0.000000 0.000000 0.000000 0.000001 0.000000
  238 -0.000003 4.879315 -0.000002 1.238184 0.004530 -0.036921
  239 0.000000 0.000000 0.000000 0.000000 0.000000 0.000000
  240 -0.000002 5.043320 0.000000 1.182689 -0.001208 0.055324
  241 0.000000 0.000000 0.000000 0.000000 0.000000 -0.000000
  242 0.000004 10.325294 0.000002 3.141593 -0.093079 -0.000000
  243 0.000000 0.000000 0.000000 0.000000 -0.000000 -0.000000
  244 0.000000 0.000000 0.000000 -0.000000 -0.000000 0.000000
  245 1.143117 4.028801 -0.156350 0.213321 0.019605 0.282980
  246 0.986046 0.947618 1.368051 0.166521 0.766158 0.595879
  247 0.349091 5.254689 -0.041726 0.036912 -0.459751 0.204801
  248 -0.000001 4.968779 0.000001 0.550778 0.003072 -0.030015
  249 -0.000008 5.803463 -0.000000 0.536214 -0.001678 0.049315
  250 0.349091 5.254689 -0.041726 0.036912 -0.459751 0.204801
  251 -0.000001 4.968779 0.000001 0.550778 0.003072 -0.030015
  252 -0.000008 5.803463 -0.000000 0.536214 -0.001678 0.049315
  253 0.349098 5.254683 -0.041727 0.036912 -0.459751 0.204801
  254 0.000000 0.000000 0.000000 -0.000000 -0.000000 0.000000
  255 0.349091 5.254689 -0.041726 0.036911 -0.459751 0.204801
  256 0.000000 0.000000 0.000000 -0.000000 -0.000000 -0.000000
  257 -0.000001 4.968780 0.000004 0.550779 0.003073 -0.030016
  258 0.000000 0.000000 0.000000 0.000000 -0.000000 -0.000000
  259 -0.000005 5.803462 -0.000003 0.536213 -0.001678 0.049315
  260 0.000000 0.000000 0.000000 0.000000 0.000000 0.000000
  261 0.000001 9.111452 0.000004 3.141592 0.806825 -0.000001
  262 -0.000005 0.000005 -0.000001 0.000000 0.000000 -0.000000
  263 0.000000 0.000001 -0.000001 -0.000000 0.000000 0.000001
  264 0.349091 5.254689 -0.041726 0.036912 -0.459751 0.204801
  265 2.510268 0.335970 0.022943 -0.704386 0.728958 -0.808876
  266 2.510268 0.335970 0.022943 -0.704386 0.728958 -0.808876
  267 2.510268 0.335970 0.022943 -0.704386 0.728958 -0.808876
  268 -0.904463 6.782048 3.867485 -0.191393 1.740237 1.351958
  269 -0.010196 19.450802 -0.828335 -2.344181 -0.353427 1.496183
  270 0.000000 19.365778 -0.000003 2.051610 -0.000000 0.000000
  271 0.000003 24.454937 0.000004 0.373798 -0.581325 -0.353285
  272 0.000000 0.000000 0.000000 0.000000 -0.000001 -0.000001
  273 0.000000 0.000000 0.000000 -0.000000 0.000001 0.000001
  274 -0.000001 0.000001 0.000001 -0.000000 0.000001 0.000000
  275 -0.000001 -0.000001 -0.000000 0.000000 -0.000000 -0.000000
  276 0.000002 12.227467 0.000003 -0.000000 -0.316025 0.000000
  277 -0.000001 -0.000001 -0.000000 -0.000000 -0.001371 0.000001
  278 0.000000 0.000000 0.000000 -0.000000 0.000000 0.000000
  279 -0.000001 9.682886 -0.000005 -0.000000 0.340404 0.000000
  280 0.000000 0.000000 0.000000 -0.000000 0.000000 0.000000
  281 0.000000 0.000002 0.000000 0.000000 -0.000000 0.000000
  282 -0.010194 19.450798 -0.828336 -1.068311 0.458283 -0.722012
  283 -0.010194 19.450798 -0.828336 0.041386 0.124298 -1.319061
  284 -0.000001 0.000001 -0.000000 -1.332781 -0.484538 2.373637
  285 -0.000005 20.126827 0.000002 0.277335 -0.000000 0.000000
  286 0.000001 25.356470 0.000000 0.198412 0.005445 -0.027074
  287 0.000000 0.000000 0.000000 -0.000000 -0.000000 -0.000000
  288 0.000000 0.000000 0.000000 -1.097861 -0.136132 2.640093
  289 0.000003 0.000001 0.000000 -1.215021 -0.195097 -0.000001
  290 0.000000 19.365770 0.000001 2.051610 -0.000000 0.000000
  291 -0.010196 19.450802 -0.828335 -2.107185 -0.674517 1.026897
  292 0.000000 0.000000 0.000000 -0.000000 0.000000 0.000000
  293 -0.010196 19.450802 -0.828335 -2.107185 -0.674517 1.026897
  294 -0.000002 9.682880 -0.000000 0.000000 -0.175845 0.000000
  295 0.000000 9.682891 -0.000000 2.051610 -0.340405 0.000000
  296 0.000003 12.227464 -0.000002 -0.000000 -0.317397 0.000000
  297 0.000001 12.227467 0.000003 0.261184 -0.280654 -0.305660
  298 -0.838805 0.695163 1.002012 -0.146528 -0.831651 -0.111056
  299 -0.172286 5.866761 0.005827 0.057776 0.287169 -0.072684
  300 0.000000 5.184055 -0.000001 0.932280 0.003807 -0.022168
  301 0.000004 5.576724 0.000000 0.809241 -0.000643 0.036173
  302 -0.172286 5.866759 0.005828 0.057776 0.287169 -0.072684
  303 -0.000000 5.184053 0.000000 0.932280 0.003807 -0.022168
  304 0.000004 5.576724 0.000000 0.809241 -0.000643 0.036173
  305 -0.172276 5.866767 0.005822 0.057776 0.287169 -0.072685
  306 0.000000 0.000000 0.000000 -0.000000 0.000000 0.000000
  307 -0.172283 5.866766 0.005825 0.057776 0.287169 -0.072685
  308 0.000000 0.000000 0.000000 -0.000000 -0.000000 0.000000
  309 -0.000003 5.184053 -0.000001 0.932280 0.003807 -0.022168
  310 0.000000 0.000000 0.000000 0.000000 0.000000 0.000000
  311 0.000003 5.576724 0.000004 0.809242 -0.000643 0.036172
  312 0.000000 0.000000 0.000000 0.000000 0.000000 0.000000
  313 -0.000004 9.158419 -0.000003 3.141593 -0.324016 0.000001
  314 -0.000002 -0.000001 0.000000 -0.000000 -0.000000 0.000001
  315 -0.000002 0.000000 -0.000000 0.000001 -0.000000 -0.000001
  316 -0.172285 5.866763 0.005827 0.057776 0.287169 -0.072684
  317 -0.208226 1.308904 0.886643 -0.521836 -0.710749 0.438947
  318 0.173752 4.700542 0.093925 0.177555 0.296553 0.038426
  319 -0.000000 6.134691 -0.000001 0.922312 0.004721 -0.048260
  320 -0.000000 5.142236 -0.000001 0.826536 -0.000043 0.073620
  321 0.173752 4.700542 0.093925 0.177555 0.296553 0.038426
  322 -0.000000 6.134691 -0.000001 0.922312 0.004721 -0.048260
  323 -0.000000 5.142236 -0.000001 0.826536 -0.000043 0.073620
  324 0.173752 4.700542 0.093925 0.177555 0.296553 0.038426
  325 0.000000 0.000000 0.000000 -0.000000 0.000000 -0.000000
  326 0.000000 0.000000 0.000000 -0.000000 0.000000 -0.000000
  327 0.173752 4.700542 0.093925 0.177554 0.296552 0.038425
  328 0.000000 0.000000 0.000000 0.000000 0.000001 0.000001
  329 -0.000000 6.134692 -0.000001 0.922312 0.004721 -0.048261
  330 0.000000 0.000000 0.000000 -0.000000 0.000000 0.000001
  331 0.000000 5.142238 -0.000003 0.826535 -0.000043 0.073619
  332 -0.000000 -0.000000 0.000000 -0.000000 0.000001 0.000001
  333 -0.000002 9.920085 0.000004 -3.141593 -0.323204 -0.000000
  334 0.000000 0.000001 -0.000000 0.000001 -0.000000 0.000000
  335 -0.000003 0.000000 -0.000002 -0.000001 0.000000 -0.000000
  336 0.173752 4.700542 0.093925 0.177555 0.296553 0.038426
  337 0.000000 0.000000 0.000000 -0.000000 0.000000 -0.000000
  338 -1.229534 0.555892 1.288364 -0.746847 -0.623235 0.695222
  339 0.560547 5.457041 -0.066170 0.207022 0.080209 0.208698
  340 0.000000 5.046766 0.000000 0.911454 -0.005799 0.038570
  341 0.000000 4.876215 0.000000 0.876591 0.002099 -0.057279
  342 0.560546 5.457039 -0.066169 0.207022 0.080209 0.208698
  343 -0.000001 5.046765 0.000001 0.911454 -0.005799 0.038570
  344 0.000002 4.876215 -0.000001 0.876591 0.002099 -0.057279
  345 0.560553 5.457043 -0.066173 0.207022 0.080209 0.208698
  346 0.000000 0.000000 0.000000 -0.000000 0.000000 -0.000000
  347 0.000000 0.000000 0.000000 -0.000000 0.000000 -0.000000
  348 0.560549 5.457044 -0.066170 0.207022 0.080209 0.208698
  349 0.000000 0.000000 0.000000 0.000000 -0.000000 -0.000000
  350 0.000002 5.046766 0.000000 0.911454 -0.005799 0.038570
  351 0.000000 0.000000 0.000000 0.000000 -0.000000 -0.000000
  352 0.000001 4.876214 -0.000001 0.876591 0.002099 -0.057280
  353 0.000000 0.000000 0.000000 0.000000 0.000001 0.000000
  354 -0.000002 10.336265 -0.000002 -3.141593 0.095607 0.000001
  355 0.000000 0.000000 0.000000 -0.000000 0.000000 0.000000
  356 -0.000001 -0.000000 0.000001 -0.000000 -0.000000 -0.000000
  357 0.560548 5.457042 -0.066170 0.207022 0.080209 0.208698
  358 0.000000 0.000000 0.000000 -0.000000 0.000000 -0.000000
  359 -2.510279 0.335971 0.022937 -0.704386 -0.728958 0.808876
  360 1.004009 4.031201 -0.367057 0.204093 0.003080 0.542466
  361 -0.000001 4.945991 0.000000 0.935374 -0.001324 0.011932
  362 0.000003 6.128848 0.000001 0.983744 0.001326 -0.020280
  363 1.004009 4.031201 -0.367057 0.204093 0.003080 0.542466
  364 -0.000001 4.945991 0.000000 0.935374 -0.001324 0.011932
  365 0.000003 6.128848 0.000001 0.983744 0.001326 -0.020280
  366 1.004012 4.031204 -0.367062 0.204092 0.003080 0.542466
  367 0.000000 0.000000 0.000000 -0.000000 0.000000 0.000000
  368 0.000000 0.000000 0.000000 -0.000000 0.000000 0.000000
  369 1.004012 4.031202 -0.367059 0.204093 0.003081 0.542467
  370 0.000000 0.000000 0.000000 -0.000000 -0.000001 -0.000001
  371 -0.000002 4.945987 0.000002 0.935374 -0.001324 0.011934
  372 0.000000 0.000000 0.000000 -0.000000 -0.000001 -0.000001
  373 0.000002 6.128849 -0.000000 0.983744 0.001326 -0.020280
  374 0.000000 0.000000 0.000000 0.000000 -0.000000 -0.000000
  375 -0.000001 8.781748 0.000001 3.141593 0.488191 -0.000000
  376 0.000000 0.000000 -0.000002 0.000000 -0.000000 0.000000
  377 -0.000002 0.000002 -0.000000 -0.000000 -0.000000 -0.000000
  378 1.004010 4.031202 -0.367058 0.204093 0.003080 0.542466
  379 0.000000 0.000000 0.000000 -0.000000 0.000000 0.000000
  380 -0.777026 1.281749 1.958797 0.196514 -0.598662 -0.924076
  381 -0.851882 4.071666 -0.117645 0.213321 -0.019605 -0.282979
  382 -0.000004 4.879312 0.000001 0.884318 -0.004531 0.036921
  383 0.000001 5.043319 0.000002 0.828820 0.001208 -0.055324
  384 -0.851881 4.071664 -0.117644 0.213321 -0.019605 -0.282979
  385 -0.000004 4.879312 0.000001 0.884318 -0.004531 0.036921
  386 -0.000000 5.043320 0.000000 0.828820 0.001208 -0.055324
  387 -0.851882 4.071679 -0.117647 0.213321 -0.019605 -0.282979
  388 0.000000 0.000000 0.000000 0.000000 0.000000 -0.000000
  389 -0.851885 4.071668 -0.117645 0.213321 -0.019605 -0.282979
  390 0.000000 0.000000 0.000000 -0.000000 -0.000000 -0.000000
  391 -0.000002 4.879313 0.000001 0.884317 -0.004531 0.036922
  392 0.000000 0.000000 0.000000 0.000000 -0.000000 -0.000000
  393 -0.000000 5.043317 0.000005 0.828821 0.001208 -0.055324
  394 0.000000 0.000000 0.000000 -0.000000 -0.000000 -0.000000
  395 0.000001 10.325294 -0.000003 3.141593 0.093078 0.000000
  396 -0.000001 0.000001 0.000001 -0.000000 -0.000000 0.000000
  397 -0.000001 -0.000000 0.000001 0.000001 -0.000000 0.000000
  398 -0.851883 4.071668 -0.117645 0.213321 -0.019605 -0.282979
  399 -0.986051 0.947616 1.368042 0.166521 -0.766158 -0.595878
  400 -0.600528 5.094265 -0.083306 0.036911 0.459751 -0.204802
  401 -0.000004 4.968781 -0.000002 0.926854 -0.003073 0.030017
  402 0.000000 5.803461 0.000000 0.912288 0.001678 -0.049316
  403 -0.600528 5.094263 -0.083306 0.036911 0.459751 -0.204802
  404 -0.000004 4.968779 -0.000001 0.926854 -0.003073 0.030017
  405 0.000000 5.803461 0.000000 0.912288 0.001678 -0.049316
  406 -0.600516 5.094282 -0.083314 0.036912 0.459751 -0.204801
  407 0.000000 0.000000 0.000000 0.000000 0.000000 -0.000000
  408 -0.600524 5.094272 -0.083309 0.036912 0.459751 -0.204801
  409 0.000000 0.000000 0.000000 -0.000000 0.000000 0.000000
  410 0.000003 4.968781 -0.000001 0.926854 -0.003072 0.030016
  411 0.000000 0.000000 0.000000 -0.000000 0.000000 0.000000
  412 -0.000005 5.803462 0.000001 0.912289 0.001678 -0.049316
  413 0.000000 0.000000 0.000000 -0.000000 -0.000000 -0.000000
  414 0.000002 9.111452 0.000000 3.141592 -0.806826 0.000001
  415 -0.000001 -0.000001 0.000002 -0.000000 -0.000000 -0.000000
  416 -0.000002 -0.000001 0.000000 0.000000 0.000000 0.000001
  417 -0.600525 5.094267 -0.083307 0.036911 0.459751 -0.204802
  418 -2.510269 0.335970 0.022943 -0.704386 -0.728958 0.808876
  419 -2.510269 0.335970 0.022943 -0.704386 -0.728958 0.808876
  420 -2.510269 0.335970 0.022943 -0.704386 -0.728958 0.808876
  421 8.463114 -0.489834 -2.120326 1.542233 -0.000000 3.141593
  422 -0.000000 -0.000001 -0.000001 -0.000000 -0.000000 -0.000000
  423 -8.463114 -0.489842 -2.120322 1.542233 -0.000000 -3.141592
  424 0.000000 -0.000001 -0.000001 0.000000 -0.000000 0.000000
  425 8.463114 -0.489834 -2.120326 1.542233 -0.000000 3.141593
  426 -8.463114 -0.489842 -2.120322 1.542233 -0.000000 -3.141593
  427 0.904460 6.782045 3.867486 -0.558290 -1.648707 -0.979396
  428 -0.904463 6.782048 3.867485 -0.191393 1.740237 1.351958
  429 -0.000000 0.000000 -0.000000 0.000000 -0.000000 0.000000
  430 -2.384858 45.420403 15.540361 0.000000 -0.000000 1.570796
  431 2.245543 -7.910602 36.462311 2.932102 -0.537862 0.455339
  432 0.000001 -0.000004 0.000009 0.000000 0.000000 0.000000
  433 -49.205463 -2.337086 34.632515 0.487373 -0.119318 1.818285
  434 36.089813 3.049062 18.955290 0.636716 0.964784 -2.018134
  435 -2.384865 -45.420403 15.540361 0.000000 -0.000000 1.570796
  436 29.558596 -25.831472 4.988522 -0.449172 -0.926307 -2.324784
  437 -0.000005 0.000002 -0.000002 -0.000000 -0.000000 -0.000000
  438 -22.354036 -40.591316 24.758295 0.324664 -0.047339 2.473298
  439 -11.421035 18.893984 -40.211891 0.636717 -0.964784 2.018134
  440 -0.483101 8.250682 -13.900933 0.000000 -0.000000 1.570796
  441 -0.000003 12.728451 0.149798 0.058767 -0.005488 -0.056194
  442 -0.000001 -6.475163 -8.877785 -0.000000 -0.000000 -0.000000
  443 0.000000 6.475164 8.877785 0.000000 -0.000000 -0.000000
  444 -1.878118 12.014873 -0.599888 0.000000 -0.000000 -0.000000
  445 3.953935 0.000000 -0.000003 0.000000 0.000000 -0.000000
  446 -1.976967 0.000002 -0.000004 0.000000 0.000000 -0.000000
  447 -0.098848 -12.014875 0.599885 0.000000 -0.000000 -0.000000
  448 -0.000001 6.475164 8.877787 -2.200961 0.000249 0.000341
  449 0.000001 0.000001 -0.000002 -0.000000 0.000000 -0.000000
  450 -0.000000 10.988307 0.000001 2.200961 0.000422 -0.000000
  451 0.000000 0.000000 0.000000 -0.060252 -0.000000 3.141593
  452 31.022661 18.966160 -5.127510 0.004559 0.001624 1.872907
  453 -1.329393 1.550570 0.238259 -0.003598 0.000000 -0.000000
  454 -0.483102 -8.250682 -13.900933 0.000000 -0.000000 1.570796
  455 -0.016232 -3.002692 -0.268912 0.000000 -0.000000 -0.000000
  456 0.000000 -6.475164 -8.877785 0.000000 -0.000000 -0.000000
  457 -0.000000 6.475165 8.877785 0.012525 0.000000 0.000000
  458 1.878117 12.014875 -0.599895 -0.000000 0.000000 -0.000000
  459 -3.953935 -0.000001 -0.000000 0.000000 0.000000 -0.000000
  460 1.976967 0.000001 0.000000 0.000000 0.000000 -0.000000
  461 0.098849 -12.014874 0.599886 0.012525 -0.000000 0.000000
  462 0.000000 6.475163 8.877785 -2.200961 -0.000249 -0.000341
  463 -0.000000 0.000000 0.000001 -0.000000 0.000000 0.000000
  464 -0.000002 10.988305 0.000001 2.188436 -0.000422 -0.000000
  465 0.000000 0.000000 0.000000 -0.060252 0.000000 -3.141593
  466 35.932404 3.212150 -5.100708 0.004559 0.001624 1.872907
  467 -9.018117 2.734027 -0.796795 -0.003598 0.000000 -0.000000
  time 2
  0 0.000000 0.000000 -23.603888 0.000000 -0.000000 1.570796
  1 -0.981220 6.869748 40.723701 1.752445 -0.000007 0.450769
  2 0.000001 10.999708 0.000002 -0.051408 0.001317 0.026397
  3 0.000002 6.753158 0.000001 0.111933 -0.069149 -0.043988
  4 -0.000000 8.544820 -0.000001 0.268976 0.493201 0.001179
  5 -0.000000 9.518031 -0.000001 -0.263089 -0.373386 0.106890
  6 -0.000000 3.039628 -0.000001 0.193767 0.000264 0.000055
  7 0.000022 3.098963 0.000017 -0.469231 -0.339511 0.191692
  8 23.927166 33.272110 70.332222 -0.235267 1.047961 0.523981
  9 -22.541590 -9.248744 60.646729 0.706384 -2.957855 0.958632
  10 9.817437 0.658243 22.691483 -3.041228 0.193312 0.213610
  11 -7.757673 -5.463531 21.954287 -3.044624 0.023156 0.025518
  12 -1.789155 0.000000 28.175615 0.000000 -0.000000 1.570796
  13 -0.000001 4.310086 -5.646545 0.009642 -0.006749 0.099263
  14 -0.000000 -1.769384 12.121018 0.003336 0.009649 0.351441
  15 0.000000 -1.769386 12.121018 0.519855 -0.079200 0.764953
  16 0.000000 -1.769384 12.121018 0.001243 0.004971 0.175714
  17 -0.000000 -0.000001 0.000000 1.694062 -0.000000 0.000000
  18 -0.000001 -6.753159 0.000000 -1.695594 0.173744 -0.026834
  19 -0.000000 0.000000 -0.000000 1.742380 -0.000000 0.000000
  20 0.000000 -10.999709 0.000003 -0.000000 0.000000 -0.000000
  21 0.000000 0.000000 0.000000 -0.000000 -0.000000 0.000000
  22 0.000000 0.000000 0.000000 -1.341552 -1.993774 0.192913
  23 -0.000000 -0.000002 0.000001 -0.000000 0.000000 -0.000000
  24 0.000000 0.000000 0.000000 -1.341552 1.993774 -0.192913
  25 -0.000000 -0.000002 0.000001 -0.000000 -0.000000 0.000000
  26 8.250681 -0.215598 2.184243 2.499719 -0.247094 0.102001
  27 0.000003 19.292398 -0.000002 1.249605 -0.000000 -0.000000
  28 -0.000001 15.653275 -0.000000 -1.278193 0.219021 -0.172850
  29 0.000008 10.987749 -0.000425 0.880380 -3.141171 0.000000
  30 -1.873868 4.392862 10.061480 -0.000523 0.630166 -1.571105
  31 -0.000000 0.000001 0.000002 -0.000000 -0.000000 -0.000000
  32 0.000000 0.000000 0.000000 0.000000 -0.000000 -0.000000
  33 0.000000 0.000002 -0.000001 0.000000 -0.000000 0.000000
  34 0.000000 0.000000 0.000000 -0.000000 0.000000 -0.000000
  35 -0.000001 7.826640 -0.000002 -0.000000 0.153625 -0.000000
  36 0.000000 0.000000 0.000000 0.000000 0.000205 -0.000000
  37 -0.000001 -0.000004 -0.000001 -0.000000 0.000000 -0.000000
  38 0.000001 9.646201 0.000000 0.000000 -0.150044 0.000000
  39 -0.000000 0.000000 -0.000000 -0.000000 0.000000 -0.000000
  40 -8.250681 -0.215600 2.184240 2.593720 -0.422394 0.055320
  41 0.000005 19.409895 -0.000001 0.996742 0.000000 -0.000000
  42 -0.000001 15.774249 0.000000 -1.263151 0.006200 -0.035308
  43 0.000019 10.987843 -0.000454 0.884294 3.141171 -0.000000
  44 1.873870 4.392865 10.061481 0.000523 2.511427 1.571105
  45 -0.000000 0.000002 0.000002 -0.000000 -0.000000 -0.000000
  46 0.000000 0.000000 -0.000000 0.000000 0.000000 0.000000
  47 0.000000 0.000000 0.000000 0.000000 -0.000000 0.000000
  48 0.000000 0.000000 0.000000 -0.000000 0.000000 0.000000
  49 -0.000000 7.887128 -0.000001 -0.000000 0.014305 -0.000000
  50 -0.000000 -0.000000 -0.000000 -0.000000 -0.000205 0.000000
  51 0.000000 -0.000001 0.000002 -0.000000 0.000000 -0.000000
  52 0.000002 9.704947 0.000000 -0.000000 -0.221434 -0.000000
  53 -0.000000 0.000000 -0.000000 -0.000000 -0.000000 -0.000000
  54 8.250680 -0.215594 2.184242 2.903292 -0.000000 -0.000000
  55 8.250680 -0.215594 2.184242 -1.742379 0.000000 -0.000000
  56 -0.000000 -0.000001 0.000000 -1.637514 0.000000 -0.000000
  57 0.000002 19.896320 -0.000001 0.140362 -0.000000 0.000000
  58 0.000000 16.264105 0.000001 -0.703810 -0.000322 0.000273
  59 0.000000 0.000000 0.000000 -0.000000 0.000000 0.000000
  60 -0.000001 10.988298 0.000002 0.880380 -3.141171 0.000000
  61 0.000000 0.000001 0.000000 0.000000 -0.000000 -0.000000
  62 -0.000001 -0.000002 0.000000 -1.488737 -0.079126 -0.003108
  63 0.000002 0.000004 0.000001 -0.549839 0.258587 -0.000000
  64 0.000003 19.292395 -0.000003 1.249605 -0.000000 -0.000000
  65 8.250681 -0.215598 2.184243 2.521971 -0.027188 -0.059431
  66 0.000000 0.000000 0.000000 0.000000 -0.000000 -0.000000
  67 8.250681 -0.215598 2.184243 2.521971 -0.027188 -0.059431
  68 -0.000000 9.646201 -0.000001 -0.000000 0.121658 0.000000
  69 0.000000 9.646198 -0.000000 1.249605 0.150043 0.000000
  70 -0.000000 7.826632 -0.000000 0.000000 0.153829 0.000000
  71 0.000000 7.826637 -0.000001 -1.251816 0.067425 -0.169068
  72 -0.000001 10.987773 0.000001 0.880341 -3.141171 0.000001
  73 -8.250682 -0.215596 2.184238 2.903292 -0.000000 -0.000000
  74 -8.250682 -0.215600 2.184239 -1.742379 0.000000 -0.000000
  75 -0.000000 -0.000000 0.000000 -1.637514 0.000000 0.000000
  76 -0.000000 19.896324 0.000001 0.140363 0.000000 0.000000
  77 0.000000 16.264107 0.000000 -0.703810 0.000322 -0.000273
  78 0.000000 -0.000000 0.000000 -0.000000 0.000000 0.000000
  79 -0.000001 10.988298 0.000000 0.880380 3.141171 -0.000000
  80 -0.000000 0.000001 0.000000 0.000000 0.000000 0.000000
  81 -0.000000 -0.000000 0.000000 -1.495578 -0.011811 -0.000423
  82 0.000001 0.000000 0.000000 -0.442197 0.426097 0.000000
  83 0.000005 19.409887 -0.000002 0.996742 0.000000 -0.000000
  84 -8.250681 -0.215600 2.184240 2.645532 -0.060519 -0.157071
  85 0.000000 -0.000000 0.000000 0.000000 -0.000000 -0.000000
  86 -8.250681 -0.215600 2.184239 2.645532 -0.060519 -0.157071
  87 0.000002 9.704948 -0.000001 -0.000000 0.194408 -0.000000
  88 -0.000000 9.704951 0.000001 0.996742 0.221434 0.000000
  89 -0.000000 7.887123 0.000001 0.000000 0.014100 0.000000
  90 0.000000 7.887127 -0.000001 -1.262695 -0.007893 -0.035309
  91 0.000001 10.987863 -0.000001 0.884252 3.141171 0.000002
  92 0.000000 0.000000 0.000001 -0.048317 -0.000000 -0.000000
  93 0.000000 0.000000 0.000000 -0.000000 0.000000 0.000000
  94 0.000000 -10.999709 0.000003 -0.000000 -0.000000 0.000000
  95 0.000000 -1.769384 12.121018 0.267524 0.010989 0.387545
  96 0.000000 -0.000001 0.000000 1.538978 0.000000 0.000000
  97 -0.000000 -0.000000 -0.000000 0.022078 -0.104129 0.020840
  98 0.000000 0.000000 0.000000 -0.155084 0.000000 -0.000000
  99 0.000000 0.000000 0.000000 0.000000 -0.000000 -0.000000
  100 -0.000001 8.544821 0.000002 -1.273391 0.387692 0.001121
  101 -0.000000 0.000000 -0.000000 1.542233 -0.000000 -0.000000
  102 -0.000002 9.518031 0.000000 -0.263089 -0.373386 0.106890
  103 0.000000 3.039620 0.000002 0.193768 0.000264 0.000055
  104 0.000022 3.098963 0.000018 -0.469231 -0.339511 0.191692
  105 -0.000001 9.518031 -0.000000 -1.827810 -0.373386 0.106890
  106 -0.000000 -0.000000 0.000000 1.662547 0.000000 0.000000
  107 -0.000000 6.109811 0.000002 -1.955564 -0.357796 0.152618
  108 0.000000 0.000000 0.000000 1.588562 -0.004872 0.000045
  109 -0.000000 0.000000 0.000000 -0.097827 -0.000000 -0.000000
  110 -0.000000 0.000000 0.000000 0.000000 -0.000000 0.000000
  111 0.000000 3.025095 -0.296881 0.008877 0.000027 0.002440
  112 0.000000 0.000000 0.000000 0.095948 -0.000002 -0.000002
  113 0.000000 0.000000 0.000000 0.000000 -0.000000 -0.000000
  114 0.000000 -0.000000 -0.000000 0.000000 -0.000000 0.000000
  115 0.904460 6.782032 3.867491 0.425492 -1.729373 -2.000838
  116 0.010186 19.450804 -0.828328 -0.694945 1.089948 -0.376779
  117 0.000000 20.094366 0.000001 0.317387 0.000000 -0.000000
  118 -0.000003 25.323530 0.000005 -0.599304 -0.341635 0.323209
  119 0.000000 0.000000 0.000000 0.000000 0.000001 0.000001
  120 0.000000 0.000000 0.000000 -0.000000 -0.000001 -0.000001
  121 0.000007 0.000004 -0.000003 -0.000001 -0.000000 -0.000000
  122 0.000000 -0.000003 0.000002 0.000000 -0.000000 0.000000
  123 0.000006 12.661768 0.000004 0.000000 -0.212992 0.000000
  124 0.000000 0.000000 0.000000 -0.000001 0.001371 -0.000001
  125 0.000000 0.000000 0.000000 0.000000 -0.000000 -0.000000
  126 0.000011 10.047185 -0.000002 0.000000 0.047806 -0.000000
  127 0.000000 0.000000 0.000000 -0.000000 -0.000000 -0.000000
  128 -0.000000 0.000003 -0.000000 0.000000 0.000000 0.000000
  129 0.010186 19.450802 -0.828328 -1.068311 -0.458283 0.722012
  130 0.010186 19.450802 -0.828328 0.041386 -0.124298 1.319061
  131 0.000001 0.000001 -0.000000 -1.332781 0.484537 -2.373637
  132 0.000001 20.126818 0.000003 0.277335 0.000000 0.000000
  133 0.000003 25.356457 0.000000 0.198412 -0.005445 0.027073
  134 0.000000 0.000000 0.000000 0.000000 0.000000 0.000000
  135 0.000001 0.000001 -0.000000 -0.837830 1.074188 -2.003444
  136 0.000000 0.000000 0.000000 -0.177121 -0.074921 0.000000
  137 0.000008 20.094366 -0.000002 0.317387 0.000000 -0.000000
  138 0.010186 19.450804 -0.828328 -0.832428 1.158761 -0.529056
  139 0.000000 0.000000 0.000000 -0.000000 -0.000000 -0.000000
  140 0.010186 19.450804 -0.828328 -0.832429 1.158760 -0.529058
  141 0.000000 10.047181 0.000002 0.000000 -0.047205 0.000002
  142 0.000000 10.047181 0.000000 0.317387 -0.047806 -0.000001
  143 0.000001 12.661767 0.000004 -0.000000 -0.211621 0.000001
  144 -0.000001 12.661760 -0.000002 -0.531879 -0.140356 0.307028
  145 0.838801 0.695167 1.002014 -0.146528 0.831651 0.111056
  146 0.067982 5.936272 -0.013100 0.057776 -0.287169 0.072684
  147 0.000008 5.184061 0.000000 0.855304 -0.003807 0.022168
  148 0.000000 5.576723 0.000000 0.732267 0.000643 -0.036172
  149 0.067982 5.936272 -0.013100 0.057776 -0.287169 0.072684
  150 0.000008 5.184061 0.000000 0.855304 -0.003807 0.022168
  151 0.000000 5.576723 0.000000 0.732267 0.000643 -0.036172
  152 0.067982 5.936275 -0.013100 0.057776 -0.287169 0.072685
  153 0.000000 0.000000 0.000000 -0.000000 0.000000 -0.000000
  154 0.067982 5.936272 -0.013100 0.057775 -0.287169 0.072685
  155 0.000000 0.000000 0.000000 0.000000 0.000000 -0.000000
  156 0.000003 5.184055 -0.000002 0.855303 -0.003807 0.022168
  157 0.000000 0.000000 0.000000 0.000000 -0.000000 -0.000000
  158 -0.000001 5.576723 0.000002 0.732266 0.000643 -0.036172
  159 0.000000 0.000000 0.000000 0.000000 -0.000000 -0.000000
  160 -0.000002 9.158419 0.000012 3.141593 0.324016 -0.000000
  161 0.000000 0.000000 0.000000 0.000001 -0.000000 0.000000
  162 0.000009 0.000004 -0.000004 0.000000 -0.000000 0.000000
  163 0.067982 5.936272 -0.013100 0.057776 -0.287169 0.072684
  164 0.208229 1.308907 0.886636 -0.521836 0.710749 -0.438946
  165 -0.055837 4.860460 0.032334 0.177554 -0.296553 -0.038425
  166 -0.000002 6.134703 0.000002 0.376189 -0.004722 0.048261
  167 0.000001 5.142238 0.000000 0.280413 0.000042 -0.073620
  168 -0.055837 4.860460 0.032334 0.177554 -0.296553 -0.038425
  169 -0.000002 6.134703 0.000002 0.376189 -0.004722 0.048261
  170 0.000001 5.142238 0.000000 0.280413 0.000042 -0.073620
  171 -0.055849 4.860452 0.032329 0.177554 -0.296553 -0.038425
  172 0.000000 0.000000 0.000000 0.000000 -0.000000 -0.000000
  173 0.000000 0.000000 0.000000 0.000000 -0.000000 -0.000000
  174 -0.055837 4.860460 0.032334 0.177554 -0.296552 -0.038425
  175 0.000000 0.000000 0.000000 -0.000000 -0.000001 -0.000001
  176 -0.000001 6.134695 0.000001 0.376189 -0.004721 0.048261
  177 0.000000 0.000000 0.000000 -0.000000 -0.000001 -0.000001
  178 -0.000003 5.142237 0.000000 0.280413 0.000043 -0.073619
  179 0.000000 0.000000 0.000000 -0.000000 -0.000001 -0.000001
  180 -0.000002 9.920089 0.000003 -3.141592 0.323205 0.000000
  181 0.000005 0.000008 -0.000005 0.000000 -0.000000 0.000000
  182 -0.000002 0.000007 -0.000002 -0.000000 -0.000000 0.000001
  183 -0.055837 4.860460 0.032334 0.177554 -0.296553 -0.038425
  184 0.000000 0.000000 0.000000 0.000000 -0.000000 -0.000000
  185 1.229538 0.555879 1.288352 -0.746847 0.623235 -0.695222
  186 -0.590685 5.467448 -0.084599 0.207022 -0.080208 -0.208698
  187 0.000000 5.046768 0.000000 0.834478 0.005799 -0.038569
  188 -0.000006 4.876219 -0.000004 0.799617 -0.002099 0.057278
  189 -0.590685 5.467448 -0.084599 0.207022 -0.080208 -0.208698
  190 0.000000 5.046768 0.000000 0.834478 0.005799 -0.038569
  191 -0.000006 4.876219 -0.000004 0.799617 -0.002099 0.057278
  192 -0.590687 5.467439 -0.084603 0.207022 -0.080209 -0.208698
  193 0.000000 0.000000 0.000000 0.000000 -0.000000 -0.000000
  194 0.000000 0.000000 0.000000 0.000000 -0.000000 -0.000000
  195 -0.590685 5.467448 -0.084599 0.207022 -0.080209 -0.208698
  196 0.000000 0.000000 0.000000 0.000000 0.000000 -0.000000
  197 0.000002 5.046767 -0.000001 0.834479 0.005800 -0.038571
  198 0.000000 0.000000 0.000000 -0.000000 0.000000 0.000000
  199 -0.000007 4.876214 -0.000004 0.799616 -0.002099 0.057281
  200 0.000000 0.000000 0.000000 0.000000 -0.000001 -0.000000
  201 0.000003 10.336255 0.000006 -3.141593 -0.095607 -0.000001
  202 -0.000005 0.000001 -0.000006 0.000001 -0.000000 -0.000000
  203 0.000000 0.000000 0.000000 -0.000001 0.000000 0.000001
  204 -0.590685 5.467448 -0.084599 0.207022 -0.080208 -0.208698
  205 0.000000 0.000000 0.000000 0.000000 -0.000000 -0.000000
  206 2.510277 0.335970 0.022939 -0.704386 0.728958 -0.808876
  207 -0.336290 4.132276 -0.122808 0.204093 -0.003080 -0.542466
  208 0.000000 4.945988 0.000000 0.389251 0.001324 -0.011933
  209 -0.000000 6.128852 -0.000004 0.437622 -0.001326 0.020281
  210 -0.336290 4.132276 -0.122808 0.204093 -0.003080 -0.542466
  211 0.000000 4.945988 0.000000 0.389251 0.001324 -0.011933
  212 -0.000000 6.128852 -0.000004 0.437621 -0.001326 0.020281
  213 -0.336294 4.132282 -0.122808 0.204093 -0.003080 -0.542466
  214 0.000000 0.000000 0.000000 -0.000000 -0.000000 0.000000
  215 0.000000 0.000000 0.000000 -0.000000 -0.000000 0.000000
  216 -0.336290 4.132276 -0.122808 0.204093 -0.003081 -0.542467
  217 0.000000 0.000000 0.000000 -0.000000 0.000001 0.000001
  218 0.000000 4.945989 0.000000 0.389252 0.001324 -0.011934
  219 0.000000 0.000000 0.000000 -0.000000 0.000001 0.000001
  220 0.000002 6.128852 -0.000004 0.437621 -0.001326 0.020280
  221 0.000000 0.000000 0.000000 -0.000000 0.000000 0.000000
  222 -0.000004 8.781749 -0.000002 3.141593 -0.488191 0.000000
  223 0.000002 0.000003 -0.000002 -0.000000 -0.000000 0.000000
  224 0.000003 0.000007 -0.000001 -0.000001 -0.000000 -0.000000
  225 -0.336290 4.132276 -0.122808 0.204093 -0.003080 -0.542466
  226 0.000000 0.000000 0.000000 -0.000000 -0.000000 0.000000
  227 0.777027 1.281756 1.958797 0.196515 0.598662 0.924076
  228 0.713577 4.190965 -0.097787 0.213321 0.019605 0.282979
  229 0.000002 4.879314 0.000001 0.807341 0.004531 -0.036921
  230 0.000000 5.043317 0.000000 0.751846 -0.001209 0.055324
  231 0.713577 4.190965 -0.097787 0.213321 0.019605 0.282979
  232 0.000002 4.879314 0.000001 0.807341 0.004531 -0.036921
  233 0.000000 5.043317 0.000000 0.751846 -0.001209 0.055324
  234 0.713572 4.190970 -0.097787 0.213321 0.019605 0.282980
  235 0.000000 0.000000 0.000000 0.000000 -0.000000 0.000000
  236 0.713577 4.190965 -0.097787 0.213321 0.019605 0.282979
  237 0.000000 0.000000 0.000000 0.000000 0.000001 0.000000
  238 0.000001 4.879313 0.000002 0.807342 0.004530 -0.036921
  239 0.000000 0.000000 0.000000 0.000000 0.000000 0.000000
  240 0.000000 5.043317 -0.000001 0.751846 -0.001208 0.055324
  241 0.000000 0.000000 0.000000 0.000000 0.000000 0.000000
  242 -0.000004 10.325288 -0.000002 3.141593 -0.093078 -0.000000
  243 0.000004 0.000001 0.000006 -0.000000 -0.000000 0.000000
  244 0.000004 -0.000003 0.000006 -0.000000 -0.000000 -0.000000
  245 0.713577 4.190965 -0.097787 0.213321 0.019605 0.282979
  246 0.986054 0.947619 1.368035 0.166521 0.766158 0.595878
  247 0.205519 5.351882 -0.027741 0.036912 -0.459751 0.204801
  248 0.000007 4.968777 -0.000001 0.380731 0.003073 -0.030016
  249 0.000004 5.803469 -0.000003 0.366166 -0.001678 0.049316
  250 0.205519 5.351882 -0.027741 0.036912 -0.459751 0.204801
  251 0.000007 4.968777 -0.000001 0.380731 0.003073 -0.030016
  252 0.000004 5.803469 -0.000003 0.366166 -0.001678 0.049316
  253 0.205513 5.351889 -0.027738 0.036912 -0.459751 0.204801
  254 0.000000 0.000000 0.000000 0.000000 -0.000000 0.000000
  255 0.205519 5.351882 -0.027741 0.036912 -0.459751 0.204802
  256 0.000000 0.000000 0.000000 -0.000000 -0.000000 -0.000000
  257 0.000003 4.968782 -0.000001 0.380731 0.003073 -0.030016
  258 0.000000 0.000000 0.000000 -0.000000 -0.000000 -0.000000
  259 0.000000 5.803464 -0.000002 0.366166 -0.001678 0.049316
  260 0.000000 0.000000 0.000000 0.000000 0.000000 0.000000
  261 0.000000 9.111448 0.000004 3.141592 0.806825 -0.000001
  262 0.000011 -0.000000 -0.000002 0.000000 -0.000000 -0.000000
  263 0.000000 0.000000 0.000000 -0.000000 0.000000 -0.000000
  264 0.205519 5.351882 -0.027741 0.036912 -0.459751 0.204801
  265 2.510270 0.335974 0.022942 -0.704386 0.728958 -0.808876
  266 2.510270 0.335974 0.022942 -0.704386 0.728958 -0.808876
  267 2.510270 0.335974 0.022942 -0.704386 0.728958 -0.808876
  268 -0.904463 6.782035 3.867491 -0.211306 1.718872 1.337963
  269 -0.010185 19.450806 -0.828328 -2.398817 -0.223521 1.616727
  270 0.000004 19.365746 0.000000 2.116262 -0.000000 -0.000000
  271 -0.000004 24.444448 0.000001 0.563715 -0.767033 -0.569795
  272 0.000000 0.000000 0.000000 0.000000 -0.000001 -0.000001
  273 -0.000000 0.000001 0.000001 -0.000000 0.000001 0.000001
  274 -0.000003 0.000005 -0.000005 -0.000000 0.000000 0.000000
  275 -0.000002 -0.000001 -0.000000 0.000000 0.000000 -0.000000
  276 -0.000005 12.222228 -0.000002 -0.000000 -0.436058 0.000000
  277 -0.000001 -0.000000 0.000000 -0.000001 -0.001371 0.000001
  278 0.000000 0.000000 0.000000 -0.000000 0.000000 -0.000000
  279 0.000000 9.682875 0.000004 0.000001 0.464976 0.000000
  280 0.000000 0.000000 0.000000 -0.000000 0.000000 0.000000
  281 0.000001 0.000002 -0.000000 0.000000 -0.000000 -0.000000
  282 -0.010187 19.450802 -0.828328 -1.068311 0.458283 -0.722012
  283 -0.010186 19.450804 -0.828328 0.041386 0.124298 -1.319061
  284 -0.000000 0.000000 -0.000000 -1.332781 -0.484537 2.373637
  285 0.000003 20.126829 -0.000001 0.277335 -0.000000 -0.000000
  286 -0.000006 25.356459 0.000001 0.198412 0.005445 -0.027073
  287 0.000000 0.000000 0.000000 -0.000000 -0.000000 -0.000000
  288 -0.000000 0.000000 -0.000000 -1.113956 0.022148 2.699386
  289 0.000002 0.000000 0.000000 -1.261125 -0.263030 -0.000000
  290 0.000005 19.365746 0.000001 2.116262 -0.000000 -0.000000
  291 -0.010185 19.450806 -0.828328 -2.129112 -0.679977 1.028790
  292 0.000000 0.000000 0.000000 -0.000000 0.000000 0.000000
  293 -0.010185 19.450806 -0.828328 -2.129111 -0.679977 1.028790
  294 -0.000001 9.682873 0.000001 0.000000 -0.226507 0.000000
  295 0.000000 9.682874 -0.000000 2.116262 -0.464977 0.000000
  296 0.000000 12.222223 0.000005 -0.000000 -0.437430 -0.000000
  297 -0.000002 12.222219 0.000000 0.314984 -0.381004 -0.431681
  298 -0.838803 0.695164 1.002014 -0.146529 -0.831651 -0.111056
  299 -0.172736 5.865747 0.005840 0.057776 0.287169 -0.072685
  300 0.000001 5.184047 0.000001 0.934351 0.003806 -0.022167
  301 0.000000 5.576727 -0.000000 0.811313 -0.000643 0.036172
  302 -0.172736 5.865747 0.005840 0.057776 0.287169 -0.072685
  303 0.000001 5.184047 0.000001 0.934351 0.003806 -0.022167
  304 0.000000 5.576727 -0.000000 0.811313 -0.000643 0.036172
  305 -0.172737 5.865748 0.005838 0.057776 0.287169 -0.072685
  306 0.000000 0.000000 0.000000 0.000000 -0.000000 0.000000
  307 -0.172736 5.865746 0.005840 0.057776 0.287169 -0.072685
  308 0.000000 0.000000 0.000000 0.000000 0.000000 0.000000
  309 0.000000 5.184049 0.000000 0.934351 0.003807 -0.022168
  310 -0.000000 -0.000000 0.000000 0.000000 0.000000 0.000000
  311 -0.000002 5.576725 0.000002 0.811313 -0.000643 0.036172
  312 0.000000 0.000000 0.000000 0.000000 0.000000 0.000000
  313 -0.000000 9.158420 -0.000001 3.141592 -0.324016 0.000001
  314 -0.000004 0.000000 -0.000000 -0.000000 -0.000000 0.000000
  315 -0.000004 -0.000000 0.000000 0.000000 -0.000000 0.000000
  316 -0.172736 5.865747 0.005840 0.057776 0.287169 -0.072685
  317 -0.208220 1.308911 0.886644 -0.521836 -0.710749 0.438947
  318 0.173588 4.700768 0.093843 0.177554 0.296553 0.038426
  319 -0.000003 6.134694 -0.000001 0.921551 0.004721 -0.048260
  320 -0.000001 5.142235 0.000000 0.825774 -0.000043 0.073620
  321 0.173588 4.700768 0.093843 0.177554 0.296553 0.038426
  322 -0.000003 6.134694 -0.000001 0.921551 0.004721 -0.048260
  323 -0.000001 5.142235 0.000000 0.825774 -0.000043 0.073620
  324 0.173594 4.700766 0.093839 0.177555 0.296553 0.038426
  325 0.000000 0.000000 0.000000 -0.000000 0.000000 0.000000
  326 0.000000 0.000000 0.000000 -0.000000 0.000000 0.000000
  327 0.173588 4.700768 0.093843 0.177554 0.296552 0.038425
  328 -0.000000 -0.000000 -0.000000 -0.000000 0.000001 0.000001
  329 -0.000003 6.134695 -0.000002 0.921551 0.004721 -0.048261
  330 -0.000000 -0.000000 0.000000 -0.000000 0.000001 0.000001
  331 -0.000000 5.142238 0.000003 0.825774 -0.000043 0.073618
  332 -0.000000 -0.000000 0.000000 -0.000000 0.000001 0.000001
  333 -0.000003 9.920088 0.000002 -3.141592 -0.323204 -0.000000
  334 -0.000003 0.000000 -0.000002 0.000000 0.000000 0.000000
  335 0.000000 0.000000 -0.000000 0.000001 0.000000 -0.000000
  336 0.173588 4.700768 0.093843 0.177554 0.296553 0.038426
  337 0.000000 0.000000 0.000000 -0.000000 0.000000 0.000000
  338 -1.229533 0.555892 1.288365 -0.746847 -0.623235 0.695221
  339 0.562089 5.456145 -0.066358 0.207022 0.080209 0.208698
  340 0.000000 5.046767 -0.000000 0.913526 -0.005800 0.038570
  341 -0.000001 4.876215 0.000002 0.878662 0.002099 -0.057280
  342 0.562089 5.456145 -0.066358 0.207022 0.080209 0.208698
  343 0.000000 5.046767 -0.000000 0.913526 -0.005800 0.038570
  344 -0.000001 4.876215 0.000002 0.878662 0.002099 -0.057280
  345 0.562088 5.456143 -0.066358 0.207022 0.080209 0.208698
  346 0.000000 0.000000 0.000000 -0.000000 0.000000 -0.000000
  347 0.000000 0.000000 0.000000 -0.000000 0.000000 -0.000000
  348 0.562089 5.456145 -0.066358 0.207022 0.080209 0.208698
  349 0.000000 0.000000 0.000000 -0.000000 -0.000000 0.000000
  350 0.000001 5.046767 -0.000001 0.913525 -0.005799 0.038570
  351 0.000000 0.000000 0.000000 0.000000 -0.000000 -0.000000
  352 -0.000001 4.876215 0.000002 0.878662 0.002099 -0.057280
  353 -0.000000 -0.000000 0.000000 0.000000 0.000001 0.000000
  354 0.000001 10.336266 0.000002 -3.141593 0.095607 0.000001
  355 -0.000002 -0.000000 -0.000003 0.000000 -0.000000 -0.000000
  356 -0.000002 0.000003 -0.000002 0.000000 -0.000000 0.000000
  357 0.562089 5.456145 -0.066358 0.207022 0.080209 0.208698
  358 0.000000 0.000000 0.000000 -0.000000 0.000000 -0.000000
  359 -2.510273 0.335975 0.022939 -0.704386 -0.728958 0.808876
  360 1.003090 4.031349 -0.366727 0.204092 0.003080 0.542466
  361 -0.000000 4.945987 0.000000 0.934614 -0.001324 0.011933
  362 0.000000 6.128852 -0.000000 0.982982 0.001326 -0.020280
  363 1.003090 4.031349 -0.366727 0.204092 0.003080 0.542466
  364 -0.000000 4.945987 0.000000 0.934614 -0.001324 0.011933
  365 0.000000 6.128852 -0.000000 0.982982 0.001326 -0.020280
  366 1.003093 4.031343 -0.366724 0.204092 0.003080 0.542466
  367 0.000000 0.000000 0.000000 -0.000000 0.000000 0.000000
  368 0.000000 0.000000 0.000000 -0.000000 0.000000 0.000000
  369 1.003090 4.031349 -0.366727 0.204093 0.003081 0.542467
  370 0.000000 0.000000 0.000000 -0.000000 -0.000001 -0.000001
  371 0.000001 4.945987 -0.000001 0.934614 -0.001324 0.011934
  372 0.000000 0.000000 0.000000 0.000000 -0.000001 -0.000001
  373 -0.000001 6.128854 -0.000000 0.982982 0.001326 -0.020280
  374 0.000000 0.000000 0.000000 0.000000 -0.000000 -0.000000
  375 0.000001 8.781749 -0.000002 3.141593 0.488191 -0.000000
  376 -0.000001 -0.000000 -0.000004 -0.000000 -0.000000 -0.000000
  377 0.000000 0.000000 0.000000 -0.000000 -0.000000 0.000000
  378 1.003090 4.031349 -0.366727 0.204092 0.003080 0.542466
  379 0.000000 0.000000 0.000000 -0.000000 0.000000 0.000000
  380 -0.777026 1.281748 1.958800 0.196515 -0.598662 -0.924076
  381 -0.854187 4.070550 -0.117969 0.213321 -0.019605 -0.282980
  382 0.000000 4.879314 0.000001 0.886389 -0.004530 0.036921
  383 -0.000000 5.043319 0.000000 0.830892 0.001208 -0.055324
  384 -0.854187 4.070550 -0.117969 0.213321 -0.019605 -0.282980
  385 0.000000 4.879314 0.000001 0.886389 -0.004530 0.036921
  386 -0.000000 5.043319 0.000000 0.830892 0.001208 -0.055324
  387 -0.854189 4.070547 -0.117968 0.213321 -0.019605 -0.282980
  388 0.000000 0.000000 0.000000 0.000000 0.000000 -0.000000
  389 -0.854187 4.070550 -0.117969 0.213321 -0.019605 -0.282979
  390 0.000000 0.000000 0.000000 -0.000000 -0.000000 -0.000001
  391 0.000000 4.879314 0.000001 0.886388 -0.004531 0.036922
  392 0.000000 0.000000 0.000000 0.000000 -0.000000 -0.000000
  393 0.000000 5.043319 0.000001 0.830893 0.001208 -0.055324
  394 0.000000 0.000000 0.000000 0.000000 -0.000000 -0.000000
  395 0.000000 10.325291 -0.000002 3.141592 0.093079 0.000000
  396 0.000000 0.000000 0.000000 -0.000000 -0.000000 0.000000
  397 -0.000000 0.000000 0.000000 0.000000 -0.000000 -0.000000
  398 -0.854187 4.070550 -0.117969 0.213321 -0.019605 -0.282980
  399 -0.986050 0.947620 1.368042 0.166521 -0.766158 -0.595879
  400 -0.599963 5.094652 -0.083237 0.036912 0.459751 -0.204801
  401 0.000001 4.968777 -0.000000 0.926093 -0.003073 0.030016
  402 0.000000 5.803463 0.000000 0.911527 0.001678 -0.049316
  403 -0.599963 5.094652 -0.083237 0.036912 0.459751 -0.204801
  404 0.000001 4.968777 -0.000000 0.926093 -0.003073 0.030016
  405 -0.000000 5.803463 0.000000 0.911527 0.001678 -0.049316
  406 -0.599962 5.094648 -0.083239 0.036912 0.459751 -0.204801
  407 0.000000 0.000000 0.000000 -0.000000 0.000000 0.000000
  408 -0.599963 5.094652 -0.083237 0.036912 0.459751 -0.204801
  409 -0.000000 0.000000 0.000000 -0.000000 0.000000 0.000000
  410 0.000001 4.968779 0.000001 0.926093 -0.003073 0.030015
  411 -0.000000 0.000000 -0.000000 -0.000000 0.000000 0.000000
  412 -0.000003 5.803463 0.000002 0.911528 0.001678 -0.049316
  413 0.000000 0.000000 0.000000 -0.000000 -0.000000 -0.000000
  414 0.000004 9.111453 -0.000002 3.141592 -0.806826 0.000001
  415 -0.000003 -0.000002 0.000001 -0.000000 0.000000 -0.000000
  416 -0.000000 0.000001 -0.000000 0.000000 -0.000000 0.000000
  417 -0.599963 5.094652 -0.083237 0.036912 0.459751 -0.204801
  418 -2.510273 0.335973 0.022940 -0.704386 -0.728958 0.808876
  419 -2.510273 0.335973 0.022940 -0.704386 -0.728958 0.808876
  420 -2.510273 0.335973 0.022940 -0.704386 -0.728958 0.808876
  421 8.463115 -0.489840 -2.120323 1.542233 0.000000 3.141593
  422 -0.000000 -0.000001 -0.000001 -0.000000 -0.000000 -0.000000
  423 -8.463114 -0.489834 -2.120326 1.542233 -0.000000 -3.141593
  424 -0.000000 -0.000001 -0.000000 -0.000000 -0.000000 0.000000
  425 8.463116 -0.489833 -2.120327 1.542233 0.000000 3.141593
  426 -8.463114 -0.489834 -2.120326 1.542233 -0.000000 -3.141593
  427 0.904461 6.782039 3.867488 0.425492 -1.729373 -2.000838
  428 -0.904462 6.782041 3.867487 -0.211306 1.718872 1.337963
  429 0.000000 0.000000 0.000000 -0.000000 -0.000000 0.000000
  430 -2.384858 45.420403 15.540361 0.000000 -0.000000 1.570796
  431 -6.749073 51.406055 29.645002 -0.050665 1.054536 -0.099692
  432 -0.000000 0.000004 -0.000000 -0.000000 0.000000 0.000000
  433 -46.014545 -19.890793 32.011078 0.404625 -0.142578 2.216124
  434 25.412207 3.666704 5.771563 0.636716 0.964784 -2.018134
  435 -2.384865 -45.420403 15.540361 0.000000 -0.000000 1.570796
  436 38.955795 -23.340599 7.295433 -0.400536 -1.020297 -1.946079
  437 -0.000003 -0.000001 -0.000003 0.000000 -0.000000 0.000000
  438 -13.166854 -45.316715 27.930918 0.352793 -0.048284 2.751961
  439 -9.929213 15.386942 -49.660892 0.636717 -0.964784 2.018134
  440 -0.483101 8.250682 -13.900933 0.000000 -0.000000 1.570796
  441 -0.000002 11.407676 2.200473 0.188711 -0.009782 -0.086260
  442 0.000000 -6.475163 -8.877784 -0.000000 0.000000 -0.000000
  443 -0.000000 6.475164 8.877784 -0.000000 0.000000 -0.000000
  444 -1.878118 12.014873 -0.599891 -0.000000 0.000000 0.000000
  445 3.953935 -0.000001 -0.000005 -0.000000 -0.000000 -0.000000
  446 -1.976965 0.000001 -0.000000 -0.000000 0.000000 -0.000000
  447 -0.098851 -12.014875 0.599887 0.000000 0.000000 -0.000000
  448 0.000000 6.475164 8.877785 -2.200961 0.000249 0.000341
  449 -0.000000 0.000002 0.000001 -0.000000 -0.000000 -0.000000
  450 0.000000 10.988303 0.000000 2.200961 0.000422 -0.000000
  451 0.000000 0.000000 0.000000 -0.060252 -0.000000 -3.141593
  452 24.916859 23.570059 -3.584488 0.010065 -0.000007 2.021565
  453 -7.440285 5.362562 0.202131 -0.003598 -0.000000 0.000000
  454 -0.483102 -8.250682 -13.900933 0.000000 -0.000000 1.570796
  455 -0.057464 3.460686 -0.449173 0.000000 -0.000000 -0.000000
  456 0.000001 -6.475164 -8.877784 0.000000 -0.000000 -0.000000
  457 -0.000001 6.475165 8.877784 0.003914 0.000000 0.000000
  458 1.878117 12.014875 -0.599895 -0.000000 0.000000 -0.000000
  459 -3.953935 -0.000001 -0.000000 0.000000 0.000000 -0.000000
  460 1.976967 0.000000 0.000000 0.000000 0.000000 -0.000000
  461 0.098851 -12.014874 0.599886 0.003914 -0.000000 0.000000
  462 -0.000001 6.475163 8.877783 -2.200961 -0.000249 -0.000341
  463 -0.000000 0.000000 0.000001 -0.000000 0.000000 0.000000
  464 0.000000 10.988302 -0.000002 2.197047 -0.000422 -0.000000
  465 0.000000 0.000000 -0.000002 -0.060252 0.000000 -3.141593
  466 32.105801 8.716980 -3.584612 0.010065 -0.000007 2.021565
  467 -14.764263 5.816528 -0.830766 -0.003598 -0.000000 0.000000
  time 3
  0 0.000000 0.000000 -23.603888 0.000000 -0.000000 1.570796
  1 -1.252824 8.252974 41.570141 1.754458 -0.001850 0.571214
  2 -0.000001 10.999715 -0.000001 -0.053230 0.001780 0.035016
  3 -0.000000 6.753161 -0.000001 0.117574 -0.130219 -0.060540
  4 0.000000 8.544821 0.000001 0.261662 0.551442 -0.017492
  5 -0.000002 9.518027 0.000001 -0.272408 -0.425999 0.141776
  6 -0.000000 3.039647 -0.000000 0.193777 0.000469 0.000092
  7 0.000000 3.098957 -0.000000 -0.461801 -0.382489 0.239929
  8 20.940767 37.389297 74.537254 -0.480705 0.702102 0.701980
  9 -18.783264 -11.506962 57.533981 -2.442325 -0.115190 -2.035125
  10 9.768111 -0.729070 25.934414 -2.888938 0.201656 0.259745
  11 -7.692358 2.172796 21.384817 -3.100164 0.025484 0.026562
  12 -1.789155 0.000000 28.175615 0.000000 -0.000000 1.570796
  13 -0.000001 5.818615 -4.799839 0.013023 -0.009116 0.099324
  14 0.000000 -1.769383 12.121011 0.004622 0.012189 0.471793
  15 0.000000 -1.769386 12.121011 0.527427 -0.062043 0.885265
  16 0.000000 -1.769382 12.121011 0.001589 0.006368 0.235885
  17 -0.000000 -0.000002 0.000000 1.694062 0.000000 -0.000000
  18 0.000001 -6.753158 0.000001 -1.697450 0.233252 -0.036037
  19 -0.000000 0.000000 -0.000000 1.742379 0.000000 0.000000
  20 0.000002 -10.999715 0.000005 -0.000000 0.000000 0.000000
  21 0.000000 0.000000 0.000000 -0.000000 0.000000 0.000000
  22 0.000000 0.000000 0.000000 -1.341552 -1.993774 0.192913
  23 -0.000000 -0.000002 0.000001 -0.000000 0.000000 0.000000
  24 0.000000 0.000000 0.000000 -1.341552 1.993774 -0.192913
  25 0.000000 -0.000002 0.000001 0.000000 -0.000000 0.000000
  26 8.250681 -0.215595 2.184240 2.256390 -0.358836 0.110091
  27 -0.000003 19.262217 0.000002 1.369712 -0.000000 0.000000
  28 0.000001 15.621536 0.000000 -1.036136 0.242662 -0.173928
  29 -0.000011 10.987657 -0.000251 0.880380 -3.141171 0.000000
  30 -1.873870 4.392866 10.061483 -0.000523 0.630165 -1.571104
  31 -0.000000 0.000000 0.000002 -0.000000 0.000000 -0.000000
  32 0.000000 0.000000 0.000000 0.000000 -0.000000 0.000000
  33 0.000000 0.000002 -0.000001 -0.000000 0.000000 -0.000000
  34 0.000000 0.000000 0.000000 -0.000000 0.000000 -0.000000
  35 -0.000001 7.810771 0.000000 0.000000 0.157849 -0.000000
  36 0.000000 0.000000 0.000000 0.000000 0.000204 -0.000000
  37 -0.000000 -0.000004 -0.000002 -0.000000 0.000000 0.000000
  38 -0.000003 9.631109 0.000004 0.000000 -0.214088 -0.000000
  39 -0.000000 0.000000 -0.000000 0.000000 0.000000 0.000000
  40 -8.250680 -0.215604 2.184239 2.955402 -0.541137 0.071308
  41 0.000003 19.570225 0.000003 0.685020 0.000000 -0.000000
  42 -0.000000 15.936500 0.000004 -1.323461 0.000003 -0.042531
  43 0.000263 10.984678 -0.005467 0.880380 3.141171 -0.000000
  44 1.873869 4.392862 10.061479 0.000523 2.511427 1.571104
  45 -0.000000 0.000002 0.000001 -0.000000 -0.000000 -0.000000
  46 0.000000 0.000000 0.000000 0.000000 0.000000 0.000000
  47 0.000000 0.000000 0.000000 0.000000 -0.000000 0.000000
  48 0.000000 0.000000 0.000000 0.000000 -0.000000 0.000000
  49 0.000001 7.968252 0.000000 0.000000 0.014610 0.000000
  50 0.000000 0.000000 0.000000 0.000000 -0.000205 -0.000000
  51 -0.000000 -0.000004 0.000000 -0.000000 -0.000000 -0.000000
  52 0.000001 9.785113 0.000001 0.000000 -0.280104 -0.000000
  53 0.000000 0.000000 0.000000 -0.000000 -0.000000 -0.000000
  54 8.250680 -0.215591 2.184239 2.903292 -0.000000 -0.000000
  55 8.250680 -0.215591 2.184239 -1.742379 -0.000000 0.000000
  56 0.000000 -0.000000 0.000000 -1.637513 0.000000 -0.000000
  57 0.000001 19.896324 -0.000003 0.140362 -0.000000 -0.000000
  58 0.000000 16.264101 -0.000000 -0.703810 -0.000322 0.000273
  59 0.000000 0.000000 0.000000 -0.000000 0.000000 0.000000
  60 -0.000003 10.988297 0.000001 0.880380 -3.141171 0.000000
  61 0.000000 0.000000 0.000000 0.000000 -0.000000 -0.000000
  62 0.000000 -0.000000 0.000000 -1.665966 -0.007155 0.000353
  63 -0.000000 0.000004 0.000000 -0.599820 0.374251 -0.000000
  64 -0.000003 19.262213 0.000001 1.369712 -0.000000 0.000000
  65 8.250681 -0.215595 2.184240 2.324909 -0.106604 -0.182658
  66 0.000000 -0.000001 0.000001 0.000000 -0.000000 -0.000000
  67 8.250681 -0.215595 2.184240 2.324909 -0.106604 -0.182658
  68 -0.000001 9.631115 0.000003 -0.000000 0.165687 -0.000000
  69 -0.000002 9.631107 -0.000001 1.369713 0.214088 0.000000
  70 0.000000 7.810763 0.000000 0.000000 0.158053 -0.000000
  71 0.000000 7.810769 -0.000001 -1.008815 0.086923 -0.169427
  72 -0.000001 10.987679 0.000001 0.880357 -3.141171 -0.000001
  73 -8.250680 -0.215597 2.184238 2.903292 -0.000000 -0.000000
  74 -8.250680 -0.215600 2.184239 -1.742379 -0.000000 0.000000
  75 0.000000 -0.000001 0.000000 -1.637514 -0.000000 0.000000
  76 -0.000000 19.896324 -0.000003 0.140362 0.000000 0.000000
  77 0.000001 16.264101 0.000000 -0.703810 0.000322 -0.000273
  78 0.000000 -0.000000 0.000000 -0.000000 0.000000 0.000000
  79 -0.000001 10.988298 0.000000 0.880380 3.141171 -0.000000
  80 0.000000 0.000001 0.000000 0.000000 0.000000 0.000000
  81 0.000000 -0.000001 0.000000 -1.295683 -0.132616 -0.018141
  82 0.000000 0.000004 0.000001 -0.306028 0.549206 0.000000
  83 0.000003 19.570230 0.000003 0.685020 0.000000 -0.000000
  84 -8.250680 -0.215604 2.184239 2.982249 -0.004962 -0.024624
  85 -0.000000 -0.000000 -0.000000 0.000000 -0.000000 0.000000
  86 -8.250680 -0.215604 2.184239 2.982249 -0.004961 -0.024624
  87 0.000000 9.785115 -0.000000 -0.000000 0.263736 -0.000000
  88 -0.000001 9.785116 -0.000000 0.685020 0.280105 -0.000000
  89 0.000001 7.968247 0.000001 0.000000 0.014406 0.000000
  90 0.000000 7.968253 0.000001 -1.323346 -0.014413 -0.042541
  91 -0.000001 10.984699 -0.000000 0.879882 3.141171 0.000023
  92 -0.000000 0.000000 0.000001 -0.048318 0.000000 -0.000000
  93 0.000000 0.000000 0.000000 -0.000000 0.000000 -0.000000
  94 0.000002 -10.999715 0.000005 -0.000000 0.000000 0.000000
  95 0.000000 -1.769384 12.121011 0.270692 0.028655 0.446741
  96 -0.000000 -0.000002 0.000000 1.538978 0.000000 0.000000
  97 0.000000 -0.000000 -0.000001 0.021276 -0.102212 0.028990
  98 0.000000 0.000000 0.000000 -0.155084 -0.000000 -0.000000
  99 0.000000 0.000000 0.000000 -0.000000 0.000000 -0.000000
  100 0.000000 8.544822 0.000001 -1.278555 0.447312 -0.016525
  101 -0.000000 0.000000 -0.000000 1.542233 0.000000 0.000000
  102 -0.000002 9.518033 0.000001 -0.272408 -0.425999 0.141776
  103 -0.000000 3.039647 -0.000000 0.193777 0.000469 0.000092
  104 0.000000 3.098957 0.000000 -0.461801 -0.382489 0.239929
  105 -0.000002 9.518033 0.000000 -1.837127 -0.425999 0.141776
  106 -0.000000 -0.000000 0.000000 1.662547 0.000000 -0.000000
  107 -0.000000 6.109817 -0.000001 -1.966816 -0.405850 0.194239
  108 0.000000 0.000000 0.000000 1.609169 -0.006898 0.000165
  109 -0.000000 0.000000 0.000000 -0.097827 -0.000000 0.000000
  110 -0.000000 0.000000 0.000000 0.000000 0.000000 -0.000000
  111 -0.000001 3.025114 -0.296887 0.019187 0.000116 0.003448
  112 0.000000 -0.000000 -0.000000 0.095948 -0.000000 0.000000
  113 -0.000000 -0.000000 -0.000000 0.000000 -0.000000 0.000000
  114 0.000000 -0.000000 -0.000000 0.000000 -0.000000 0.000000
  115 0.904458 6.782036 3.867492 0.577849 -1.797322 -2.169307
  116 0.010193 19.450792 -0.828346 -0.119506 0.899798 0.080360
  117 0.000005 19.940853 -0.000000 0.575130 0.000001 -0.000000
  118 -0.000005 25.165674 0.000012 -0.422414 -0.081290 0.115674
  119 0.000000 0.000000 0.000000 0.000000 0.000001 0.000001
  120 0.000000 0.000000 0.000000 -0.000000 -0.000001 -0.000001
  121 -0.000000 0.000005 -0.000006 -0.000000 -0.000000 -0.000000
  122 0.000000 0.000000 0.000000 0.000000 0.000000 0.000000
  123 -0.000003 12.582841 0.000004 0.000000 -0.052394 0.000000
  124 0.000000 0.000000 0.000000 -0.000000 0.001371 -0.000001
  125 0.000000 0.000000 0.000000 -0.000000 0.000000 0.000000
  126 0.000006 9.970433 -0.000003 -0.000001 0.163341 0.000000
  127 0.000000 0.000000 0.000000 -0.000000 -0.000000 -0.000001
  128 0.000000 0.000003 -0.000000 0.000000 0.000000 0.000000
  129 0.010187 19.450800 -0.828333 -1.068311 -0.458283 0.722012
  130 0.010189 19.450800 -0.828340 0.041386 -0.124298 1.319061
  131 0.000000 0.000000 0.000000 -1.332781 0.484537 -2.373637
  132 -0.000006 20.126822 -0.000001 0.277335 0.000000 -0.000000
  133 -0.000003 25.356457 0.000000 0.198412 -0.005445 0.027074
  134 0.000000 0.000000 0.000000 0.000000 0.000000 0.000000
  135 -0.000001 -0.000003 -0.000007 -0.009366 1.097812 -1.407723
  136 -0.000000 -0.000003 0.000002 -0.321817 -0.207480 0.000001
  137 0.000003 19.940845 -0.000004 0.575130 0.000001 -0.000000
  138 0.010193 19.450792 -0.828346 -0.214873 1.215725 -0.027713
  139 0.000000 0.000000 0.000000 -0.000000 -0.000000 -0.000000
  140 0.010193 19.450792 -0.828346 -0.214874 1.215725 -0.027713
  141 0.000001 9.970425 0.000002 0.000000 -0.156620 0.000001
  142 0.000002 9.970424 0.000001 0.575131 -0.163341 -0.000000
  143 0.000001 12.582835 0.000003 -0.000000 -0.051023 -0.000000
  144 -0.000002 12.582825 -0.000001 -0.416525 -0.030607 0.115344
  145 0.838804 0.695162 1.002011 -0.146528 0.831651 0.111056
  146 0.056991 6.117858 0.001836 0.057775 -0.287169 0.072685
  147 0.000007 5.184051 -0.000000 0.424461 -0.003806 0.022166
  148 0.000004 5.576725 0.000001 0.301423 0.000643 -0.036170
  149 0.056991 6.117858 0.001836 0.057775 -0.287169 0.072685
  150 0.000007 5.184051 -0.000000 0.424461 -0.003806 0.022166
  151 0.000004 5.576725 0.000001 0.301423 0.000643 -0.036170
  152 0.056961 6.117873 0.001827 0.057776 -0.287169 0.072685
  153 0.000000 0.000000 0.000000 -0.000000 -0.000000 -0.000000
  154 0.056980 6.117862 0.001833 0.057776 -0.287169 0.072685
  155 0.000000 0.000000 0.000000 -0.000000 -0.000000 -0.000000
  156 -0.000003 5.184053 -0.000003 0.424460 -0.003806 0.022168
  157 0.000000 0.000000 0.000000 0.000000 -0.000001 -0.000001
  158 0.000008 5.576727 0.000002 0.301422 0.000643 -0.036172
  159 0.000000 0.000000 0.000000 0.000000 -0.000000 -0.000000
  160 -0.000008 9.158417 0.000006 3.141593 0.324016 -0.000001
  161 0.000003 0.000004 -0.000006 0.000001 -0.000000 0.000001
  162 -0.000000 0.000007 -0.000005 0.000000 0.000000 -0.000001
  163 0.056984 6.117861 0.001834 0.057775 -0.287169 0.072685
  164 0.208221 1.308914 0.886648 -0.521836 0.710749 -0.438947
  165 -0.053902 4.867325 0.028906 0.177554 -0.296553 -0.038425
  166 0.000001 6.134696 -0.000000 0.351896 -0.004721 0.048258
  167 -0.000000 5.142234 0.000001 0.256121 0.000042 -0.073618
  168 -0.053902 4.867325 0.028906 0.177554 -0.296553 -0.038425
  169 0.000001 6.134696 -0.000000 0.351896 -0.004721 0.048258
  170 -0.000000 5.142234 0.000001 0.256121 0.000042 -0.073618
  171 -0.053917 4.867324 0.028902 0.177554 -0.296553 -0.038425
  172 0.000000 0.000000 0.000000 0.000000 -0.000000 0.000000
  173 0.000000 0.000000 0.000000 0.000000 -0.000000 0.000000
  174 -0.053902 4.867325 0.028906 0.177554 -0.296552 -0.038424
  175 0.000000 0.000000 0.000000 -0.000000 -0.000001 -0.000001
  176 -0.000000 6.134696 0.000002 0.351897 -0.004721 0.048260
  177 0.000000 0.000000 0.000000 -0.000000 -0.000000 -0.000000
  178 0.000008 5.142233 -0.000000 0.256120 0.000043 -0.073619
  179 0.000000 0.000000 0.000000 -0.000000 -0.000001 -0.000001
  180 -0.000002 9.920080 0.000008 -3.141592 0.323205 0.000001
  181 -0.000001 0.000005 -0.000006 0.000001 0.000000 0.000000
  182 0.000000 0.000000 0.000000 -0.000000 0.000000 -0.000002
  183 -0.053902 4.867325 0.028906 0.177554 -0.296553 -0.038425
  184 0.000000 0.000000 0.000000 0.000000 -0.000000 0.000000
  185 1.229536 0.555889 1.288358 -0.746848 0.623235 -0.695221
  186 -0.187661 5.676564 -0.022250 0.207021 -0.080209 -0.208698
  187 -0.000002 5.046774 -0.000001 0.403636 0.005800 -0.038571
  188 -0.000001 4.876220 -0.000002 0.368773 -0.002099 0.057280
  189 -0.187661 5.676564 -0.022250 0.207021 -0.080209 -0.208698
  190 -0.000002 5.046774 -0.000001 0.403636 0.005800 -0.038571
  191 -0.000001 4.876220 -0.000002 0.368773 -0.002099 0.057280
  192 -0.187671 5.676569 -0.022249 0.207022 -0.080209 -0.208698
  193 0.000000 0.000000 0.000000 0.000000 -0.000000 -0.000000
  194 0.000000 0.000000 0.000000 0.000000 -0.000000 -0.000000
  195 -0.187661 5.676564 -0.022250 0.207022 -0.080209 -0.208698
  196 0.000000 0.000000 0.000000 0.000000 0.000000 -0.000000
  197 -0.000003 5.046771 -0.000003 0.403635 0.005800 -0.038570
  198 0.000000 0.000000 0.000000 -0.000000 0.000000 0.000000
  199 0.000003 4.876217 0.000002 0.368773 -0.002099 0.057280
  200 0.000000 0.000000 0.000000 -0.000000 -0.000001 -0.000000
  201 0.000006 10.336260 0.000003 -3.141593 -0.095607 -0.000001
  202 -0.000003 0.000004 -0.000006 0.000000 0.000000 -0.000001
  203 -0.000002 0.000003 -0.000002 0.000000 0.000000 -0.000001
  204 -0.187661 5.676564 -0.022250 0.207021 -0.080209 -0.208698
  205 0.000000 0.000000 0.000000 0.000000 -0.000000 -0.000000
  206 2.510267 0.335981 0.022950 -0.704387 0.728957 -0.808876
  207 -0.309994 4.135703 -0.113355 0.204093 -0.003080 -0.542467
  208 -0.000000 4.945990 0.000000 0.364959 0.001324 -0.011931
  209 -0.000006 6.128852 -0.000003 0.413329 -0.001326 0.020279
  210 -0.309994 4.135703 -0.113355 0.204093 -0.003080 -0.542467
  211 -0.000000 4.945990 0.000000 0.364959 0.001324 -0.011931
  212 -0.000006 6.128852 -0.000003 0.413329 -0.001326 0.020279
  213 -0.309999 4.135706 -0.113354 0.204093 -0.003080 -0.542466
  214 0.000000 0.000000 0.000000 0.000000 -0.000000 -0.000000
  215 0.000000 0.000000 0.000000 0.000000 -0.000000 -0.000000
  216 -0.309990 4.135704 -0.113354 0.204093 -0.003081 -0.542467
  217 0.000000 0.000000 0.000000 -0.000000 0.000001 0.000001
  218 0.000005 4.945989 -0.000000 0.364959 0.001324 -0.011934
  219 0.000000 0.000000 0.000000 -0.000000 0.000001 0.000001
  220 -0.000006 6.128849 0.000000 0.413328 -0.001326 0.020280
  221 0.000000 0.000000 0.000000 0.000000 0.000000 0.000000
  222 0.000005 8.781747 -0.000000 3.141593 -0.488191 0.000000
  223 -0.000003 0.000005 -0.000007 -0.000000 -0.000000 -0.000001
  224 0.000002 0.000003 -0.000000 -0.000000 -0.000000 0.000001
  225 -0.309994 4.135703 -0.113355 0.204093 -0.003080 -0.542467
  226 0.000000 0.000000 0.000000 0.000000 -0.000000 -0.000000
  227 0.777030 1.281754 1.958799 0.196514 0.598662 0.924076
  228 0.284019 4.353130 -0.039227 0.213321 0.019605 0.282980
  229 0.000001 4.879312 0.000001 0.376499 0.004531 -0.036922
  230 -0.000000 5.043318 0.000001 0.321004 -0.001208 0.055325
  231 0.284019 4.353130 -0.039227 0.213321 0.019605 0.282980
  232 0.000001 4.879312 0.000001 0.376499 0.004531 -0.036922
  233 -0.000000 5.043318 0.000001 0.321004 -0.001208 0.055325
  234 0.284024 4.353129 -0.039223 0.213321 0.019605 0.282980
  235 0.000000 0.000000 0.000000 0.000000 -0.000000 0.000000
  236 0.284021 4.353127 -0.039227 0.213321 0.019605 0.282979
  237 0.000000 0.000000 0.000000 0.000000 0.000000 0.000000
  238 -0.000001 4.879315 -0.000001 0.376498 0.004531 -0.036922
  239 0.000000 0.000000 0.000000 0.000000 0.000000 0.000000
  240 0.000003 5.043317 0.000001 0.321003 -0.001208 0.055324
  241 0.000000 0.000000 0.000000 -0.000000 0.000000 0.000000
  242 0.000001 10.325286 0.000012 3.141593 -0.093079 -0.000000
  243 0.000000 0.000000 0.000000 0.000001 0.000000 -0.000000
  244 0.000003 -0.000006 0.000004 0.000000 -0.000000 -0.000001
  245 0.284019 4.353130 -0.039227 0.213321 0.019605 0.282980
  246 0.986053 0.947616 1.368041 0.166521 0.766159 0.595878
  247 0.185004 5.365759 -0.025742 0.036912 -0.459751 0.204800
  248 -0.000003 4.968776 0.000000 0.356438 0.003072 -0.030014
  249 0.000000 5.803470 0.000001 0.341874 -0.001678 0.049314
  250 0.185004 5.365759 -0.025742 0.036912 -0.459751 0.204800
  251 -0.000003 4.968776 0.000000 0.356438 0.003072 -0.030014
  252 0.000000 5.803470 0.000001 0.341874 -0.001678 0.049314
  253 0.184999 5.365774 -0.025733 0.036912 -0.459751 0.204801
  254 0.000000 0.000000 0.000000 0.000000 -0.000000 -0.000000
  255 0.185001 5.365761 -0.025742 0.036912 -0.459751 0.204801
  256 0.000000 0.000000 0.000000 -0.000000 -0.000000 -0.000000
  257 0.000005 4.968773 -0.000001 0.356438 0.003073 -0.030015
  258 0.000000 0.000000 0.000000 -0.000000 -0.000000 -0.000000
  259 -0.000005 5.803471 -0.000004 0.341873 -0.001678 0.049315
  260 0.000000 0.000000 0.000000 -0.000000 -0.000000 0.000000
  261 0.000003 9.111450 0.000007 3.141592 0.806825 -0.000001
  262 0.000005 -0.000005 0.000003 0.000001 0.000000 -0.000000
  263 -0.000001 -0.000002 -0.000003 -0.000001 0.000000 0.000001
  264 0.185004 5.365759 -0.025742 0.036912 -0.459751 0.204800
  265 2.510276 0.335968 0.022941 -0.704387 0.728958 -0.808876
  266 2.510276 0.335968 0.022941 -0.704387 0.728958 -0.808876
  267 2.510276 0.335968 0.022941 -0.704387 0.728958 -0.808876
  268 -0.904462 6.782043 3.867488 -0.229746 1.699408 1.326480
  269 -0.010195 19.450806 -0.828338 -2.153212 -0.107106 1.769934
  270 0.000003 19.365849 -0.000000 2.132608 -0.000000 0.000000
  271 -0.000001 24.441772 0.000004 0.476864 -1.155622 -0.448793
  272 0.000000 0.000000 0.000000 0.000000 -0.000001 -0.000001
  273 0.000000 0.000000 0.000000 -0.000000 0.000001 0.000001
  274 -0.000001 0.000006 -0.000006 -0.000000 0.000000 0.000000
  275 -0.000000 -0.000002 -0.000001 0.000000 0.000000 -0.000000
  276 -0.000000 12.220890 -0.000003 0.000001 -0.597760 -0.000000
  277 0.000000 -0.000001 -0.000000 -0.000001 -0.001371 0.000001
  278 0.000000 0.000000 0.000000 -0.000000 0.000000 -0.000000
  279 0.000001 9.682925 0.000004 0.000001 0.548525 0.000000
  280 0.000000 0.000000 0.000000 -0.000000 0.000000 0.000000
  281 -0.000000 0.000002 0.000000 0.000000 -0.000000 -0.000000
  282 -0.010192 19.450802 -0.828331 -1.068311 0.458283 -0.722012
  283 -0.010192 19.450802 -0.828331 0.041386 0.124298 -1.319061
  284 -0.000000 0.000001 -0.000000 -1.332781 -0.484537 2.373637
  285 -0.000001 20.126820 -0.000002 0.277335 -0.000000 -0.000000
  286 -0.000004 25.356462 0.000006 0.198412 0.005445 -0.027073
  287 0.000000 0.000000 0.000000 0.000000 -0.000000 -0.000000
  288 -0.000000 0.000001 -0.000000 -0.869702 0.205307 2.874687
  289 0.000002 0.000007 -0.000001 -1.273010 -0.283374 -0.000000
  290 0.000003 19.365845 -0.000006 2.132608 -0.000000 0.000000
  291 -0.010195 19.450806 -0.828338 -1.916574 -0.489455 1.013867
  292 0.000000 0.000000 0.000000 -0.000000 0.000000 0.000000
  293 -0.010195 19.450806 -0.828338 -1.916574 -0.489455 1.013867
  294 -0.000003 9.682920 0.000002 -0.000000 -0.262579 -0.000000
  295 -0.000000 9.682926 0.000000 2.132608 -0.548525 0.000001
  296 -0.000001 12.220884 0.000005 0.000001 -0.599132 -0.000000
  297 0.000000 12.220881 -0.000001 0.179358 -0.583244 -0.211233
  298 -0.838801 0.695164 1.002014 -0.146529 -0.831651 -0.111056
  299 -0.178652 5.852501 0.006009 0.057775 0.287169 -0.072684
  300 -0.000000 5.184052 -0.000002 0.961280 0.003806 -0.022167
  301 0.000000 5.576726 0.000001 0.838241 -0.000644 0.036172
  302 -0.178652 5.852501 0.006009 0.057775 0.287169 -0.072684
  303 -0.000000 5.184052 -0.000002 0.961280 0.003806 -0.022167
  304 0.000000 5.576726 0.000001 0.838241 -0.000644 0.036172
  305 -0.178652 5.852500 0.006009 0.057776 0.287169 -0.072685
  306 0.000000 0.000000 0.000000 0.000000 0.000000 0.000000
  307 -0.178652 5.852501 0.006009 0.057776 0.287169 -0.072685
  308 0.000000 0.000000 0.000000 0.000000 0.000000 0.000000
  309 -0.000001 5.184050 -0.000002 0.961279 0.003806 -0.022168
  310 0.000000 0.000000 0.000000 0.000000 0.000000 0.000000
  311 -0.000003 5.576725 0.000001 0.838241 -0.000643 0.036172
  312 0.000000 0.000000 0.000000 0.000000 0.000000 0.000000
  313 -0.000003 9.158423 -0.000001 3.141593 -0.324016 0.000001
  314 -0.000000 -0.000000 0.000002 -0.000000 0.000000 0.000001
  315 -0.000000 -0.000002 -0.000001 0.000000 0.000000 0.000001
  316 -0.178652 5.852501 0.006009 0.057775 0.287169 -0.072684
  317 -0.208216 1.308906 0.886647 -0.521836 -0.710749 0.438947
  318 0.172563 4.702241 0.093252 0.177554 0.296553 0.038426
  319 -0.000001 6.134693 -0.000001 0.916479 0.004721 -0.048261
  320 -0.000001 5.142233 -0.000000 0.820701 -0.000043 0.073620
  321 0.172563 4.702241 0.093252 0.177554 0.296553 0.038426
  322 -0.000001 6.134693 -0.000001 0.916479 0.004721 -0.048261
  323 -0.000001 5.142233 -0.000000 0.820701 -0.000043 0.073620
  324 0.172564 4.702243 0.093253 0.177555 0.296553 0.038426
  325 0.000000 0.000002 -0.000001 -0.000000 0.000000 0.000000
  326 0.000000 0.000002 -0.000001 -0.000000 0.000000 0.000000
  327 0.172563 4.702241 0.093252 0.177554 0.296552 0.038425
  328 0.000000 0.000000 0.000000 -0.000000 0.000001 0.000001
  329 -0.000004 6.134693 -0.000003 0.916478 0.004721 -0.048261
  330 0.000000 0.000000 0.000000 -0.000000 0.000001 0.000000
  331 0.000004 5.142237 0.000002 0.820701 -0.000043 0.073618
  332 0.000000 0.000000 0.000000 -0.000000 0.000001 0.000001
  333 -0.000001 9.920090 0.000002 -3.141592 -0.323204 -0.000000
  334 0.000000 0.000000 0.000000 0.000000 -0.000000 0.000000
  335 0.000000 -0.000002 -0.000003 0.000000 0.000000 -0.000001
  336 0.172563 4.702241 0.093252 0.177554 0.296553 0.038426
  337 0.000000 0.000002 -0.000001 -0.000000 0.000000 0.000000
  338 -1.229530 0.555893 1.288365 -0.746847 -0.623235 0.695221
  339 0.582059 5.444444 -0.068743 0.207022 0.080208 0.208698
  340 -0.000001 5.046765 -0.000000 0.940453 -0.005800 0.038569
  341 0.000001 4.876213 0.000000 0.905591 0.002099 -0.057280
  342 0.582059 5.444444 -0.068743 0.207022 0.080208 0.208698
  343 -0.000001 5.046765 -0.000000 0.940453 -0.005800 0.038569
  344 0.000001 4.876213 0.000000 0.905591 0.002099 -0.057280
  345 0.582059 5.444445 -0.068744 0.207022 0.080209 0.208698
  346 0.000000 0.000000 0.000000 -0.000000 -0.000000 0.000000
  347 0.000000 0.000000 0.000000 -0.000000 -0.000000 0.000000
  348 0.582059 5.444444 -0.068743 0.207022 0.080209 0.208698
  349 0.000000 0.000000 0.000000 0.000000 -0.000000 -0.000000
  350 -0.000002 5.046765 -0.000001 0.940453 -0.005800 0.038571
  351 0.000000 0.000000 0.000000 -0.000000 -0.000000 -0.000000
  352 0.000002 4.876212 -0.000000 0.905591 0.002099 -0.057281
  353 0.000000 0.000000 0.000000 0.000000 0.000001 0.000000
  354 -0.000001 10.336265 -0.000001 -3.141593 0.095607 0.000001
  355 -0.000003 -0.000002 -0.000003 -0.000000 -0.000000 0.000000
  356 0.000000 0.000000 0.000000 -0.000000 -0.000000 -0.000000
  357 0.582059 5.444444 -0.068743 0.207022 0.080208 0.208698
  358 0.000000 0.000000 0.000000 -0.000000 -0.000000 0.000000
  359 -2.510272 0.335972 0.022943 -0.704386 -0.728958 0.808876
  360 0.996948 4.032268 -0.364478 0.204093 0.003080 0.542466
  361 0.000000 4.945991 0.000002 0.929540 -0.001324 0.011932
  362 0.000001 6.128851 0.000001 0.977909 0.001326 -0.020281
  363 0.996948 4.032268 -0.364478 0.204093 0.003080 0.542466
  364 0.000000 4.945991 0.000002 0.929540 -0.001324 0.011932
  365 0.000001 6.128852 0.000002 0.977909 0.001326 -0.020281
  366 0.996952 4.032263 -0.364482 0.204093 0.003080 0.542466
  367 0.000000 0.000000 0.000000 0.000000 0.000000 -0.000000
  368 0.000000 0.000000 0.000000 0.000000 0.000000 -0.000000
  369 0.996948 4.032268 -0.364478 0.204093 0.003081 0.542467
  370 0.000000 0.000000 0.000000 -0.000000 -0.000001 -0.000001
  371 -0.000001 4.945987 0.000001 0.929540 -0.001324 0.011934
  372 0.000000 0.000000 0.000000 -0.000000 -0.000001 -0.000001
  373 0.000003 6.128850 0.000003 0.977910 0.001326 -0.020280
  374 0.000000 0.000000 0.000000 0.000000 -0.000000 -0.000000
  375 0.000000 8.781747 -0.000001 3.141593 0.488191 -0.000000
  376 -0.000001 0.000002 -0.000004 -0.000000 -0.000000 -0.000000
  377 0.000000 0.000000 0.000000 0.000000 0.000000 -0.000000
  378 0.996948 4.032268 -0.364478 0.204093 0.003080 0.542466
  379 0.000000 0.000000 0.000000 0.000000 0.000000 -0.000000
  380 -0.777031 1.281750 1.958795 0.196515 -0.598662 -0.924076
  381 -0.884184 4.055791 -0.122106 0.213321 -0.019605 -0.282980
  382 0.000001 4.879311 0.000002 0.913315 -0.004530 0.036921
  383 -0.000001 5.043319 -0.000001 0.857821 0.001208 -0.055324
  384 -0.884184 4.055791 -0.122106 0.213321 -0.019605 -0.282980
  385 0.000001 4.879311 0.000002 0.913315 -0.004530 0.036921
  386 -0.000001 5.043319 -0.000001 0.857821 0.001208 -0.055324
  387 -0.884185 4.055792 -0.122107 0.213321 -0.019605 -0.282980
  388 -0.000000 0.000000 0.000000 -0.000000 0.000000 0.000000
  389 -0.884184 4.055791 -0.122106 0.213321 -0.019605 -0.282979
  390 0.000000 0.000000 0.000000 0.000000 -0.000000 -0.000000
  391 0.000001 4.879311 0.000002 0.913316 -0.004530 0.036922
  392 0.000000 0.000000 0.000000 0.000000 -0.000000 -0.000000
  393 0.000001 5.043319 -0.000003 0.857821 0.001208 -0.055324
  394 0.000000 0.000000 0.000000 -0.000000 -0.000000 -0.000000
  395 0.000001 10.325294 0.000001 3.141593 0.093079 0.000000
  396 0.000000 0.000000 0.000000 -0.000000 0.000000 0.000000
  397 0.000002 0.000000 0.000001 -0.000001 -0.000000 -0.000000
  398 -0.884184 4.055791 -0.122106 0.213321 -0.019605 -0.282980
  399 -0.986055 0.947621 1.368038 0.166521 -0.766158 -0.595879
  400 -0.596241 5.097078 -0.082728 0.036911 0.459751 -0.204801
  401 0.000000 4.968778 -0.000000 0.921021 -0.003073 0.030016
  402 0.000001 5.803464 0.000001 0.906454 0.001678 -0.049316
  403 -0.596241 5.097078 -0.082728 0.036911 0.459751 -0.204801
  404 0.000000 4.968778 -0.000000 0.921021 -0.003073 0.030016
  405 0.000001 5.803464 0.000001 0.906454 0.001678 -0.049316
  406 -0.596242 5.097080 -0.082729 0.036912 0.459751 -0.204801
  407 0.000000 0.000000 0.000000 0.000000 0.000000 -0.000000
  408 -0.596241 5.097078 -0.082728 0.036912 0.459751 -0.204801
  409 0.000000 0.000000 0.000000 -0.000000 0.000000 0.000000
  410 0.000002 4.968779 -0.000000 0.921020 -0.003073 0.030015
  411 0.000000 0.000000 0.000000 0.000000 0.000001 0.000000
  412 -0.000003 5.803464 0.000002 0.906455 0.001678 -0.049315
  413 0.000000 0.000000 0.000000 -0.000000 -0.000000 -0.000000
  414 0.000001 9.111460 -0.000000 3.141592 -0.806826 0.000001
  415 0.000000 0.000000 0.000000 -0.000000 0.000000 0.000000
  416 -0.000000 -0.000001 -0.000001 0.000000 -0.000000 0.000000
  417 -0.596241 5.097078 -0.082728 0.036911 0.459751 -0.204801
  418 -2.510271 0.335972 0.022941 -0.704386 -0.728958 0.808876
  419 -2.510271 0.335972 0.022941 -0.704386 -0.728958 0.808876
  420 -2.510271 0.335972 0.022941 -0.704386 -0.728958 0.808876
  421 8.463113 -0.489847 -2.120318 1.542233 -0.000000 3.141593
  422 0.000001 -0.000001 -0.000000 -0.000000 -0.000000 -0.000000
  423 -8.463114 -0.489840 -2.120323 1.542233 0.000000 -3.141593
  424 0.000000 -0.000001 -0.000001 0.000000 -0.000000 -0.000000
  425 8.463114 -0.489841 -2.120322 1.542233 0.000000 3.141593
  426 -8.463114 -0.489840 -2.120323 1.542233 0.000000 -3.141593
  427 0.904459 6.782043 3.867488 0.577849 -1.797322 -2.169307
  428 -0.904462 6.782043 3.867488 -0.229746 1.699408 1.326480
  429 -0.000000 -0.000000 -0.000000 0.000000 -0.000000 0.000000
  430 -2.384858 45.420403 15.540361 0.000000 -0.000000 1.570796
  431 -6.749073 51.406055 42.425453 0.418168 1.029468 -0.025107
  432 0.000003 -0.000011 0.000003 -0.000000 0.000000 0.000000
  433 -42.481476 -26.607416 30.562803 0.361506 -0.149210 2.400050
  434 20.336117 3.754938 -0.170201 0.636717 0.964784 -2.018134
  435 -2.384865 -45.420403 15.540361 0.000000 -0.000000 1.570796
  436 48.353001 -20.849728 9.602352 -0.425182 -1.116112 -1.511275
  437 0.000000 0.000001 0.000000 -0.000000 -0.000000 -0.000000
  438 -9.393229 -46.475380 30.191057 0.380301 -0.048925 2.868239
  439 -9.024338 10.823922 -57.039211 0.636717 -0.964784 2.018134
  440 -0.483101 8.250682 -13.900933 0.000000 -0.000000 1.570796
  441 -0.000002 8.696613 4.251146 0.318675 -0.012076 -0.098561
  442 -0.000000 -6.475163 -8.877784 0.000000 0.000000 -0.000000
  443 0.000000 6.475164 8.877784 0.000000 0.000000 -0.000000
  444 -1.878118 12.014871 -0.599895 0.000000 0.000000 -0.000000
  445 3.953933 -0.000001 -0.000005 -0.000000 0.000000 -0.000000
  446 -1.976967 0.000001 -0.000005 -0.000000 -0.000000 -0.000000
  447 -0.098848 -12.014874 0.599890 0.000000 -0.000000 0.000000
  448 0.000001 6.475163 8.877786 -2.200961 0.000249 0.000341
  449 -0.000002 0.000004 -0.000002 -0.000000 -0.000000 -0.000000
  450 -0.000001 10.988307 0.000002 2.200961 0.000422 -0.000000
  451 0.000000 0.000000 0.000000 -0.060252 -0.000000 -3.141593
  452 20.297554 26.949514 -2.801889 0.012078 -0.001850 2.142011
  453 -10.730762 7.707681 0.182678 -0.003598 -0.000000 0.000000
  454 -0.483102 -8.250682 -13.900933 0.000000 -0.000000 1.570796
  455 -0.112486 11.863074 -0.558511 0.000000 -0.000000 -0.000000
  456 0.000000 -6.475164 -8.877785 0.000000 -0.000000 -0.000000
  457 -0.000000 6.475165 8.877785 0.000000 -0.000000 -0.000000
  458 1.878118 12.014875 -0.599894 0.000000 -0.000000 -0.000000
  459 -3.953935 -0.000005 -0.000002 0.000000 -0.000000 -0.000000
  460 1.976967 0.000000 0.000000 0.000000 -0.000000 -0.000000
  461 0.098850 -12.014875 0.599886 0.000000 -0.000000 -0.000000
  462 -0.000000 6.475165 8.877784 -2.200961 -0.000249 -0.000341
  463 -0.000000 0.000003 0.000003 -0.000000 -0.000000 -0.000000
  464 -0.000000 10.988306 -0.000000 2.200961 -0.000422 0.000000
  465 0.000000 0.000000 0.000000 -0.060252 0.000000 -3.141593
  466 29.219065 13.067855 -2.832422 0.012078 -0.001850 2.142011
  467 -17.858341 9.025600 -0.849062 -0.003598 -0.000000 0.000000
  time 4
  0 0.000000 0.000000 -23.603888 0.000000 -0.000000 1.570796
  1 -1.095609 7.078951 36.989876 1.753992 -0.000071 0.292926
  2 0.000001 10.999710 0.000001 -0.053883 0.001926 0.037652
  3 0.000000 6.753159 -0.000000 0.127217 -0.237668 -0.038380
  4 0.000002 8.544817 0.000001 0.268769 0.331199 -0.026817
  5 -0.000000 9.518037 -0.000001 -0.264119 -0.290350 0.111549
  6 -0.000000 3.039642 0.000000 0.193776 0.000751 0.000147
  7 0.000000 3.098958 -0.000001 -0.417260 -0.255999 0.179989
  8 38.175392 13.836540 71.062164 -1.473625 1.178496 -1.207654
  9 -24.434971 -0.114446 52.165867 0.837271 -2.600065 0.101419
  10 9.751990 -7.466064 24.507998 -2.626223 0.131605 0.225166
  11 -9.175742 5.637286 17.167717 -3.088828 -0.084810 -0.089401
  12 -1.789155 0.000000 28.175615 0.000000 -0.000000 1.570796
  13 -0.000001 4.310086 -9.380833 0.011893 -0.006229 -0.230579
  14 -0.000000 -1.769384 12.121018 0.004426 0.011269 0.523427
  15 -0.000000 -1.769386 12.121018 0.549023 -0.015536 0.614930
  16 -0.000000 -1.769384 12.121018 0.001472 0.005926 0.261703
  17 0.000000 -0.000001 0.000000 1.694062 0.000000 -0.000000
  18 0.000000 -6.753160 0.000001 -1.698448 0.258913 -0.039001
  19 -0.000000 0.000000 -0.000000 1.742379 0.000000 0.000000
  20 0.000002 -10.999711 0.000004 0.000000 0.000000 -0.000000
  21 0.000000 0.000000 0.000000 0.000000 0.000000 -0.000000
  22 0.000000 0.000000 0.000000 -1.341552 -1.993774 0.192913
  23 -0.000000 -0.000002 0.000001 -0.000000 0.000000 -0.000000
  24 0.000000 0.000000 0.000000 -1.341552 1.993774 -0.192913
  25 -0.000000 -0.000002 0.000001 -0.000000 -0.000000 -0.000000
  26 8.250678 -0.215600 2.184242 2.049182 -0.147100 0.048610
  27 -0.000001 19.201683 0.000001 1.807526 -0.000000 -0.000000
  28 -0.000001 15.555115 -0.000003 -1.174505 0.153251 -0.185475
  29 -0.000002 10.985566 -0.000799 0.880380 -3.141171 0.000000
  30 -1.873869 4.392865 10.061481 -0.000523 0.630166 -1.571104
  31 -0.000000 0.000001 0.000002 -0.000000 -0.000000 -0.000000
  32 0.000000 0.000000 -0.000000 0.000000 0.000000 0.000000
  33 -0.000001 0.000001 0.000001 0.000000 -0.000000 0.000000
  34 0.000000 0.000000 0.000000 -0.000000 0.000000 -0.000000
  35 -0.000001 7.777560 -0.000003 -0.000000 0.125068 -0.000000
  36 -0.000000 -0.000000 -0.000000 -0.000000 0.000205 -0.000000
  37 -0.000000 -0.000003 0.000002 -0.000000 0.000000 -0.000000
  38 -0.000001 9.600842 0.000002 0.000000 -0.098779 0.000000
  39 -0.000000 0.000000 -0.000000 -0.000000 0.000000 -0.000000
  40 -8.250679 -0.215600 2.184238 3.114499 -0.378385 0.015001
  41 0.000001 19.454300 0.000002 0.937425 0.000000 0.000000
  42 0.000005 15.819227 0.000001 -1.598649 -0.085524 0.047494
  43 -0.000004 10.987967 -0.000712 1.002359 3.141171 -0.000000
  44 1.873868 4.392865 10.061478 0.000523 2.511427 1.571105
  45 -0.000000 0.000001 0.000003 -0.000000 -0.000000 -0.000000
  46 0.000000 0.000000 0.000000 0.000000 -0.000000 -0.000000
  47 -0.000001 0.000001 0.000000 0.000000 0.000000 0.000000
  48 0.000000 0.000000 0.000000 0.000000 -0.000000 0.000000
  49 0.000002 7.909616 -0.000001 -0.000000 -0.055143 -0.000000
  50 0.000000 0.000000 0.000000 -0.000000 -0.000204 -0.000000
  51 0.000000 -0.000000 -0.000000 -0.000000 0.000000 0.000000
  52 -0.000000 9.727152 0.000000 0.000000 -0.200423 -0.000000
  53 0.000000 0.000000 0.000000 -0.000000 -0.000000 0.000000
  54 8.250679 -0.215596 2.184241 2.903292 -0.000000 -0.000000
  55 8.250678 -0.215600 2.184241 -1.742380 -0.000000 0.000000
  56 -0.000000 -0.000000 0.000000 -1.637514 -0.000000 -0.000000
  57 -0.000001 19.896328 0.000001 0.140363 -0.000000 0.000000
  58 -0.000001 16.264109 -0.000000 -0.703810 -0.000322 0.000273
  59 0.000000 0.000000 0.000000 -0.000000 -0.000000 0.000000
  60 -0.000001 10.988298 0.000002 0.880380 -3.141170 0.000000
  61 0.000000 0.000001 0.000000 0.000000 -0.000000 0.000000
  62 -0.000000 -0.000000 0.000000 -1.716750 0.000101 -0.000008
  63 0.000000 0.000000 -0.000000 -0.771284 0.154875 -0.000000
  64 -0.000001 19.201683 0.000001 1.807526 -0.000000 -0.000000
  65 8.250678 -0.215600 2.184242 2.064781 -0.072270 -0.093562
  66 0.000000 -0.000001 0.000001 0.000000 -0.000000 -0.000000
  67 8.250678 -0.215600 2.184241 2.064781 -0.072270 -0.093562
  68 0.000000 9.600842 0.000001 0.000000 0.061096 -0.000000
  69 -0.000000 9.600841 -0.000001 1.807526 0.098779 -0.000000
  70 0.000002 7.777555 -0.000000 0.000001 0.125273 0.000000
  71 -0.000001 7.777558 -0.000001 -1.151524 0.030096 -0.183361
  72 0.000000 10.985584 -0.000002 0.880307 -3.141171 0.000000
  73 -8.250679 -0.215600 2.184239 2.903292 -0.000000 -0.000000
  74 -8.250679 -0.215600 2.184238 -1.742380 -0.000000 0.000000
  75 -0.000000 -0.000000 0.000000 -1.637514 -0.000000 0.000000
  76 -0.000000 19.896328 -0.000000 0.140363 0.000000 0.000000
  77 -0.000002 16.264111 -0.000000 -0.703810 0.000322 -0.000273
  78 0.000000 -0.000000 0.000000 0.000000 -0.000000 0.000000
  79 -0.000000 10.988297 -0.000001 0.880380 3.141171 -0.000000
  80 0.000000 0.000001 0.000000 0.000000 0.000000 0.000000
  81 -0.000000 -0.000000 0.000000 -1.034072 -0.154904 -0.042377
  82 0.000000 0.000000 0.000000 -0.416577 0.389942 0.000000
  83 0.000000 19.454300 0.000002 0.937425 0.000000 0.000000
  84 -8.250679 -0.215600 2.184238 3.116416 0.000659 0.004973
  85 -0.000000 -0.000000 -0.000000 0.000000 0.000000 -0.000000
  86 -8.250679 -0.215600 2.184238 3.116416 0.000659 0.004973
  87 0.000000 9.727155 0.000000 0.000000 0.178746 0.000000
  88 0.000001 9.727151 -0.000002 0.937424 0.200424 -0.000000
  89 0.000001 7.909613 -0.000001 0.000000 -0.055347 -0.000000
  90 0.000000 7.909617 0.000000 -1.596087 -0.030239 0.047342
  91 0.000000 10.987987 0.000001 1.002294 3.141171 -0.000001
  92 0.000000 0.000000 0.000000 -0.048317 -0.000000 0.000000
  93 0.000000 0.000000 0.000000 -0.000000 0.000000 0.000000
  94 0.000002 -10.999711 0.000004 0.000000 0.000000 -0.000000
  95 -0.000000 -1.769385 12.121018 0.275730 0.035036 0.308555
  96 0.000000 -0.000001 0.000000 1.538978 0.000000 0.000000
  97 0.000000 -0.000000 -0.000000 0.018270 -0.020575 0.018456
  98 0.000000 0.000000 0.000000 -0.155084 -0.000000 0.000000
  99 0.000000 0.000000 0.000000 -0.000000 0.000000 0.000000
  100 -0.000001 8.544819 0.000001 -1.272849 0.309368 -0.026624
  101 -0.000000 0.000000 -0.000000 1.542233 -0.000000 -0.000000
  102 -0.000002 9.518038 -0.000003 -0.264119 -0.290350 0.111549
  103 -0.000000 3.039642 0.000000 0.193776 0.000751 0.000147
  104 0.000000 3.098958 -0.000000 -0.417260 -0.255999 0.179989
  105 -0.000002 9.518038 -0.000003 -1.828839 -0.290350 0.111549
  106 -0.000000 -0.000000 0.000000 1.662547 -0.000000 0.000000
  107 0.000001 6.109813 0.000000 -1.953089 -0.274864 0.146240
  108 0.000000 0.000000 0.000000 1.636167 -0.008681 0.000421
  109 0.000000 0.000000 0.000000 -0.097827 0.000000 -0.000000
  110 0.000000 -0.000000 -0.000000 0.000000 0.000000 -0.000000
  111 -0.000000 3.025109 -0.296885 0.032687 0.000281 0.004337
  112 0.000000 0.000000 0.000000 0.095948 -0.000000 0.000000
  113 0.000000 0.000000 0.000000 0.000000 0.000000 0.000000
  114 0.000000 -0.000000 -0.000000 -0.000000 -0.000000 0.000000
  115 0.904460 6.782035 3.867489 0.070332 -1.757050 -1.606891
  116 0.010187 19.450800 -0.828328 0.103640 0.796539 0.268193
  117 -0.000000 20.264036 0.000002 0.154266 0.000001 0.000000
  118 0.000001 25.494751 0.000000 -0.376622 0.030748 0.129047
  119 0.000000 0.000000 0.000000 -0.000000 0.000001 0.000001
  120 0.000000 0.000000 0.000000 -0.000000 -0.000001 -0.000001
  121 0.000001 0.000003 0.000001 -0.000000 -0.000000 -0.000000
  122 -0.000001 -0.000004 -0.000000 0.000000 0.000000 0.000000
  123 0.000007 12.747371 -0.000002 0.000000 0.003031 -0.000000
  124 0.000000 0.000000 0.000000 -0.000000 0.001371 -0.000001
  125 -0.000000 0.000000 -0.000000 0.000000 0.000000 0.000000
  126 0.000007 10.132016 -0.000001 0.000000 0.213239 0.000000
  127 0.000000 0.000000 0.000000 -0.000000 -0.000000 -0.000000
  128 -0.000000 0.000002 -0.000000 0.000000 0.000000 0.000000
  129 0.010187 19.450800 -0.828328 -1.068311 -0.458283 0.722012
  130 0.010187 19.450800 -0.828328 0.041386 -0.124298 1.319061
  131 0.000000 0.000000 -0.000000 -1.332781 0.484537 -2.373637
  132 -0.000002 20.126823 -0.000002 0.277335 0.000000 0.000000
  133 -0.000001 25.356459 0.000005 0.198412 -0.005445 0.027073
  134 0.000000 0.000000 0.000000 -0.000000 0.000000 0.000000
  135 0.000000 0.000000 -0.000000 0.004022 1.207070 -1.186573
  136 0.000000 0.000000 0.000000 -0.085966 -0.393506 0.000000
  137 0.000007 20.264029 0.000003 0.154266 0.000001 0.000000
  138 0.010187 19.450800 -0.828328 0.210831 1.217870 0.392151
  139 0.000000 0.000000 0.000000 -0.000000 -0.000000 -0.000000
  140 0.010187 19.450800 -0.828328 0.210829 1.217869 0.392149
  141 0.000007 10.132009 -0.000001 -0.000000 -0.212602 0.000002
  142 0.000001 10.132017 0.000001 0.154266 -0.213239 -0.000001
  143 -0.000000 12.747369 -0.000000 0.000000 0.004403 0.000001
  144 -0.000001 12.747375 0.000001 -0.377189 0.026382 0.129031
  145 0.838810 0.695161 1.002006 -0.146528 0.831651 0.111056
  146 0.061050 6.114517 0.002608 0.057775 -0.287169 0.072685
  147 0.000001 5.184046 -0.000000 0.431656 -0.003807 0.022167
  148 -0.000001 5.576717 -0.000004 0.308620 0.000643 -0.036172
  149 0.061050 6.114517 0.002608 0.057775 -0.287169 0.072685
  150 0.000001 5.184046 -0.000000 0.431656 -0.003807 0.022167
  151 -0.000001 5.576717 -0.000004 0.308620 0.000643 -0.036172
  152 0.061046 6.114510 0.002613 0.057776 -0.287169 0.072685
  153 0.000000 0.000000 0.000000 -0.000000 -0.000000 0.000000
  154 0.061050 6.114517 0.002608 0.057776 -0.287169 0.072685
  155 0.000000 0.000000 0.000000 -0.000000 -0.000000 0.000000
  156 0.000002 5.184046 -0.000002 0.431656 -0.003806 0.022168
  157 0.000000 0.000000 0.000000 0.000000 -0.000000 -0.000000
  158 0.000003 5.576724 -0.000001 0.308618 0.000643 -0.036172
  159 0.000000 0.000000 0.000000 0.000000 -0.000000 -0.000000
  160 0.000003 9.158416 0.000010 3.141593 0.324016 -0.000001
  161 -0.000002 -0.000007 -0.000002 0.000001 -0.000000 -0.000000
  162 0.000000 0.000000 0.000000 -0.000000 -0.000000 -0.000001
  163 0.061050 6.114517 0.002608 0.057775 -0.287169 0.072685
  164 0.208233 1.308904 0.886633 -0.521836 0.710749 -0.438947
  165 -0.055995 4.864405 0.030056 0.177554 -0.296553 -0.038425
  166 0.000000 6.134690 0.000001 0.361888 -0.004721 0.048259
  167 0.000001 5.142241 0.000001 0.266111 0.000042 -0.073619
  168 -0.055995 4.864405 0.030056 0.177554 -0.296553 -0.038425
  169 0.000000 6.134690 0.000001 0.361888 -0.004721 0.048259
  170 0.000001 5.142241 0.000001 0.266111 0.000042 -0.073619
  171 -0.056002 4.864404 0.030054 0.177554 -0.296553 -0.038425
  172 0.000000 0.000000 0.000000 -0.000000 -0.000000 0.000000
  173 0.000000 0.000000 0.000000 -0.000000 -0.000000 0.000000
  174 -0.055995 4.864405 0.030056 0.177554 -0.296552 -0.038425
  175 0.000000 0.000000 0.000000 -0.000000 -0.000001 -0.000001
  176 -0.000003 6.134690 -0.000002 0.361888 -0.004721 0.048261
  177 0.000000 0.000000 0.000000 -0.000000 -0.000000 -0.000001
  178 0.000003 5.142241 0.000002 0.266111 0.000043 -0.073619
  179 0.000000 0.000000 0.000000 -0.000000 -0.000001 -0.000001
  180 0.000000 9.920081 0.000005 -3.141592 0.323205 0.000000
  181 0.000000 -0.000007 -0.000002 0.000000 -0.000000 -0.000000
  182 0.000007 -0.000006 -0.000005 0.000000 -0.000000 -0.000001
  183 -0.055995 4.864405 0.030056 0.177554 -0.296553 -0.038425
  184 0.000000 0.000000 0.000000 -0.000000 -0.000000 0.000000
  185 1.229542 0.555880 1.288348 -0.746847 0.623235 -0.695222
  186 -0.193000 5.673446 -0.022885 0.207023 -0.080208 -0.208698
  187 0.000007 5.046769 0.000003 0.410830 0.005800 -0.038570
  188 -0.000009 4.876211 -0.000002 0.375970 -0.002099 0.057280
  189 -0.193000 5.673446 -0.022885 0.207023 -0.080208 -0.208698
  190 0.000007 5.046769 0.000003 0.410830 0.005800 -0.038570
  191 -0.000009 4.876211 -0.000002 0.375970 -0.002099 0.057280
  192 -0.192994 5.673450 -0.022883 0.207022 -0.080208 -0.208698
  193 0.000000 0.000000 0.000000 0.000000 -0.000000 0.000000
  194 0.000000 0.000000 0.000000 0.000000 -0.000000 0.000000
  195 -0.193001 5.673448 -0.022885 0.207022 -0.080209 -0.208698
  196 0.000000 0.000000 0.000000 -0.000000 0.000000 0.000000
  197 0.000004 5.046768 0.000004 0.410831 0.005800 -0.038570
  198 0.000000 0.000000 0.000000 -0.000000 0.000000 0.000000
  199 0.000001 4.876214 -0.000003 0.375968 -0.002099 0.057281
  200 0.000000 0.000000 0.000000 0.000000 -0.000000 -0.000000
  201 -0.000004 10.336262 0.000008 -3.141592 -0.095607 -0.000001
  202 0.000000 0.000000 0.000000 0.000001 -0.000000 0.000000
  203 0.000010 -0.000002 -0.000003 -0.000001 -0.000000 -0.000000
  204 -0.193000 5.673446 -0.022885 0.207023 -0.080208 -0.208698
  205 0.000000 0.000000 0.000000 0.000000 -0.000000 0.000000
  206 2.510284 0.335963 0.022926 -0.704386 0.728958 -0.808876
  207 -0.322186 4.133865 -0.117811 0.204092 -0.003080 -0.542467
  208 0.000000 4.945989 -0.000000 0.374951 0.001325 -0.011932
  209 -0.000000 6.128844 0.000001 0.423319 -0.001326 0.020280
  210 -0.322186 4.133865 -0.117811 0.204092 -0.003080 -0.542467
  211 0.000000 4.945989 -0.000000 0.374951 0.001325 -0.011932
  212 -0.000001 6.128845 0.000001 0.423320 -0.001326 0.020280
  213 -0.322197 4.133866 -0.117808 0.204093 -0.003080 -0.542466
  214 0.000000 0.000000 0.000000 -0.000000 -0.000000 0.000000
  215 0.000000 0.000000 0.000000 -0.000000 -0.000000 0.000000
  216 -0.322186 4.133865 -0.117811 0.204093 -0.003081 -0.542467
  217 0.000000 0.000000 0.000000 -0.000000 0.000001 0.000001
  218 0.000005 4.945989 -0.000001 0.374950 0.001324 -0.011934
  219 0.000000 0.000000 0.000000 -0.000000 0.000001 0.000001
  220 -0.000003 6.128844 0.000003 0.423320 -0.001326 0.020280
  221 0.000000 0.000000 0.000000 0.000000 0.000000 0.000000
  222 -0.000002 8.781744 0.000001 3.141593 -0.488191 0.000000
  223 0.000009 0.000000 -0.000005 0.000000 -0.000000 0.000000
  224 0.000000 0.000000 0.000000 0.000000 -0.000000 0.000000
  225 -0.322186 4.133865 -0.117811 0.204092 -0.003080 -0.542467
  226 0.000000 0.000000 0.000000 -0.000000 -0.000000 0.000000
  227 0.777043 1.281746 1.958796 0.196515 0.598662 0.924076
  228 0.292057 4.349183 -0.040322 0.213321 0.019605 0.282980
  229 0.000000 4.879313 -0.000000 0.383695 0.004531 -0.036922
  230 0.000000 5.043312 -0.000000 0.328198 -0.001208 0.055324
  231 0.292057 4.349183 -0.040322 0.213321 0.019605 0.282980
  232 0.000000 4.879313 -0.000000 0.383695 0.004531 -0.036922
  233 0.000000 5.043312 -0.000000 0.328198 -0.001208 0.055324
  234 0.292050 4.349187 -0.040329 0.213321 0.019605 0.282980
  235 0.000000 0.000000 0.000000 -0.000000 -0.000000 -0.000000
  236 0.292057 4.349183 -0.040322 0.213321 0.019605 0.282979
  237 0.000000 0.000000 0.000000 0.000000 0.000001 0.000001
  238 -0.000000 4.879313 -0.000000 0.383694 0.004531 -0.036922
  239 0.000000 0.000000 0.000000 0.000000 0.000000 0.000000
  240 0.000002 5.043313 0.000003 0.328198 -0.001208 0.055324
  241 0.000000 0.000000 0.000000 0.000000 0.000000 0.000000
  242 -0.000001 10.325291 0.000002 3.141593 -0.093079 -0.000000
  243 0.000001 -0.000004 0.000007 0.000000 0.000000 -0.000000
  244 0.000001 -0.000006 0.000005 0.000001 0.000000 -0.000000
  245 0.292057 4.349183 -0.040322 0.213321 0.019605 0.282980
  246 0.986053 0.947621 1.368039 0.166521 0.766158 0.595878
  247 0.192265 5.361022 -0.026746 0.036912 -0.459751 0.204800
  248 -0.000000 4.968777 -0.000000 0.366430 0.003072 -0.030015
  249 -0.000000 5.803464 0.000002 0.351864 -0.001678 0.049315
  250 0.192265 5.361022 -0.026746 0.036912 -0.459751 0.204800
  251 -0.000000 4.968777 -0.000000 0.366430 0.003072 -0.030015
  252 -0.000000 5.803464 0.000002 0.351864 -0.001678 0.049315
  253 0.192252 5.361041 -0.026753 0.036912 -0.459751 0.204801
  254 0.000000 0.000000 0.000000 -0.000000 -0.000000 0.000000
  255 0.192265 5.361022 -0.026746 0.036912 -0.459751 0.204801
  256 0.000000 0.000000 0.000000 -0.000000 -0.000000 -0.000000
  257 0.000002 4.968776 -0.000001 0.366429 0.003072 -0.030015
  258 0.000000 0.000000 0.000000 -0.000000 -0.000000 -0.000000
  259 -0.000002 5.803463 0.000003 0.351864 -0.001678 0.049315
  260 0.000000 0.000000 0.000000 0.000000 0.000000 0.000000
  261 0.000004 9.111443 0.000004 3.141592 0.806825 -0.000001
  262 -0.000001 0.000000 0.000002 0.000000 -0.000000 -0.000000
  263 0.000000 0.000000 0.000000 0.000000 0.000000 0.000001
  264 0.192265 5.361022 -0.026746 0.036912 -0.459751 0.204800
  265 2.510275 0.335970 0.022939 -0.704386 0.728957 -0.808876
  266 2.510275 0.335970 0.022939 -0.704386 0.728957 -0.808876
  267 2.510275 0.335970 0.022939 -0.704386 0.728957 -0.808876
  268 -0.904462 6.782041 3.867486 -0.244113 1.681675 1.319968
  269 -0.010194 19.450796 -0.828340 -1.999676 0.069179 2.098723
  270 0.000002 19.365715 -0.000000 2.110812 -0.000000 0.000000
  271 -0.000005 24.445335 -0.000002 0.388007 -1.335700 -0.419849
  272 0.000000 0.000000 0.000000 0.000000 -0.000001 -0.000001
  273 -0.000000 0.000000 0.000000 -0.000000 0.000001 0.000001
  274 -0.000001 0.000001 -0.000000 -0.000000 0.000000 0.000000
  275 -0.000001 -0.000001 -0.000001 0.000000 0.000000 -0.000000
  276 -0.000003 12.222668 -0.000003 0.000000 -0.676800 -0.000000
  277 -0.000000 -0.000000 0.000000 -0.000001 -0.001371 0.000001
  278 -0.000001 -0.000001 0.000001 -0.000000 0.000000 -0.000000
  279 -0.000002 9.682854 -0.000002 0.000000 0.765931 -0.000000
  280 0.000000 0.000000 0.000000 -0.000000 0.000000 0.000000
  281 0.000001 0.000002 -0.000000 0.000000 -0.000000 -0.000000
  282 -0.010191 19.450796 -0.828333 -1.068311 0.458283 -0.722012
  283 -0.010195 19.450796 -0.828339 0.041386 0.124298 -1.319061
  284 -0.000001 0.000001 -0.000000 -1.332781 -0.484537 2.373637
  285 0.000002 20.126818 -0.000001 0.277335 -0.000000 0.000000
  286 0.000002 25.356459 -0.000000 0.198412 0.005445 -0.027074
  287 0.000000 0.000000 0.000000 0.000000 -0.000000 -0.000000
  288 0.000000 0.000000 0.000000 -0.792348 0.543323 3.084753
  289 0.000001 -0.000001 -0.000001 -1.257184 -0.486261 -0.000001
  290 -0.000000 19.365713 -0.000005 2.110812 -0.000000 0.000000
  291 -0.010195 19.450794 -0.828340 -1.826627 -0.354620 1.023489
  292 0.000000 0.000000 0.000000 -0.000000 0.000000 0.000000
  293 -0.010196 19.450792 -0.828339 -1.826627 -0.354620 1.023489
  294 0.000001 9.682852 0.000001 0.000001 -0.370462 0.000000
  295 0.000003 9.682859 -0.000003 2.110811 -0.765932 0.000001
  296 -0.000001 12.222666 0.000003 0.000000 -0.678172 -0.000000
  297 -0.000001 12.222669 -0.000004 0.054655 -0.673664 -0.121791
  298 -0.838800 0.695164 1.002013 -0.146529 -0.831651 -0.111056
  299 -0.220133 5.761972 0.007424 0.057776 0.287169 -0.072685
  300 -0.000000 5.184050 0.000000 1.144446 0.003806 -0.022167
  301 0.000000 5.576729 -0.000000 1.021407 -0.000643 0.036171
  302 -0.220133 5.761972 0.007424 0.057776 0.287169 -0.072685
  303 -0.000000 5.184050 0.000000 1.144446 0.003806 -0.022167
  304 0.000000 5.576729 -0.000000 1.021407 -0.000643 0.036171
  305 -0.220129 5.761972 0.007423 0.057776 0.287169 -0.072685
  306 0.000000 0.000000 0.000000 0.000000 -0.000000 0.000000
  307 -0.220133 5.761972 0.007424 0.057776 0.287169 -0.072685
  308 0.000000 0.000000 0.000000 -0.000000 0.000000 0.000000
  309 -0.000001 5.184051 0.000001 1.144446 0.003806 -0.022168
  310 0.000000 0.000000 0.000000 0.000000 0.000000 0.000000
  311 -0.000004 5.576727 0.000002 1.021408 -0.000643 0.036172
  312 0.000000 0.000000 0.000000 0.000000 0.000000 0.000000
  313 0.000003 9.158420 -0.000003 3.141593 -0.324016 0.000001
  314 -0.000004 0.000000 0.000000 -0.000000 0.000000 -0.000000
  315 0.000000 -0.000000 0.000000 0.000000 0.000000 0.000001
  316 -0.220133 5.761972 0.007424 0.057776 0.287169 -0.072685
  317 -0.208219 1.308905 0.886644 -0.521836 -0.710749 0.438947
  318 0.263287 4.574320 0.143422 0.177555 0.296553 0.038426
  319 -0.000002 6.134690 -0.000000 1.354249 0.004721 -0.048261
  320 -0.000000 5.142234 -0.000001 1.258473 -0.000043 0.073620
  321 0.263287 4.574320 0.143422 0.177555 0.296553 0.038426
  322 -0.000002 6.134690 -0.000000 1.354249 0.004721 -0.048261
  323 -0.000000 5.142234 -0.000001 1.258473 -0.000043 0.073620
  324 0.263286 4.574319 0.143422 0.177555 0.296553 0.038426
  325 0.000000 0.000001 -0.000000 0.000000 -0.000000 -0.000000
  326 0.000000 0.000001 -0.000000 0.000000 -0.000000 -0.000000
  327 0.263287 4.574320 0.143422 0.177554 0.296552 0.038425
  328 -0.000000 -0.000000 -0.000000 -0.000000 0.000001 0.000001
  329 -0.000005 6.134693 -0.000002 1.354249 0.004721 -0.048261
  330 0.000000 0.000000 0.000000 -0.000000 0.000001 0.000001
  331 0.000001 5.142236 -0.000001 1.258473 -0.000043 0.073619
  332 0.000000 0.000000 0.000000 -0.000000 0.000001 0.000001
  333 -0.000000 9.920080 -0.000003 3.141593 -0.323204 0.000000
  334 -0.000001 0.000002 -0.000000 -0.000000 0.000000 -0.000000
  335 -0.000004 0.000000 -0.000001 -0.000000 0.000000 -0.000000
  336 0.263287 4.574320 0.143422 0.177555 0.296553 0.038426
  337 0.000000 0.000001 -0.000000 0.000000 -0.000000 -0.000000
  338 -1.229534 0.555894 1.288360 -0.746848 -0.623235 0.695222
  339 0.716677 5.365235 -0.084620 0.207022 0.080209 0.208698
  340 0.000002 5.046762 -0.000001 1.123620 -0.005800 0.038570
  341 -0.000002 4.876218 -0.000001 1.088758 0.002099 -0.057280
  342 0.716677 5.365235 -0.084620 0.207022 0.080209 0.208698
  343 0.000002 5.046762 -0.000001 1.123620 -0.005800 0.038570
  344 -0.000002 4.876218 -0.000001 1.088758 0.002099 -0.057280
  345 0.716678 5.365232 -0.084623 0.207022 0.080209 0.208698
  346 0.000000 0.000000 0.000000 0.000000 -0.000000 -0.000000
  347 0.000000 0.000000 0.000000 0.000000 -0.000000 -0.000000
  348 0.716677 5.365235 -0.084620 0.207022 0.080209 0.208698
  349 0.000000 0.000000 0.000000 0.000000 -0.000000 0.000000
  350 0.000002 5.046764 -0.000001 1.123620 -0.005800 0.038570
  351 0.000000 0.000000 0.000000 -0.000000 -0.000000 -0.000000
  352 -0.000004 4.876214 -0.000002 1.088757 0.002099 -0.057281
  353 0.000000 0.000000 0.000000 0.000000 0.000001 0.000000
  354 0.000000 10.336261 0.000003 -3.141593 0.095607 0.000001
  355 -0.000000 -0.000000 0.000000 0.000000 0.000000 -0.000000
  356 0.000000 0.000000 0.000000 -0.000000 -0.000000 0.000001
  357 0.716677 5.365235 -0.084620 0.207022 0.080209 0.208698
  358 0.000000 0.000000 0.000000 0.000000 -0.000000 -0.000000
  359 -2.510274 0.335971 0.022935 -0.704386 -0.728957 0.808876
  360 1.528438 3.952419 -0.558726 0.204093 0.003080 0.542466
  361 0.000000 4.945987 -0.000001 1.367312 -0.001323 0.011933
  362 0.000001 6.128851 0.000000 1.415681 0.001326 -0.020281
  363 1.528438 3.952419 -0.558726 0.204093 0.003080 0.542466
  364 0.000000 4.945987 -0.000001 1.367312 -0.001323 0.011933
  365 0.000001 6.128851 0.000000 1.415681 0.001326 -0.020281
  366 1.528442 3.952418 -0.558729 0.204092 0.003080 0.542466
  367 0.000000 0.000001 -0.000001 0.000000 0.000000 -0.000000
  368 0.000000 0.000001 -0.000001 0.000000 0.000000 -0.000000
  369 1.528438 3.952419 -0.558726 0.204093 0.003081 0.542467
  370 0.000000 0.000000 0.000000 -0.000000 -0.000001 -0.000001
  371 0.000000 4.945988 -0.000000 1.367312 -0.001324 0.011934
  372 0.000000 0.000000 0.000000 -0.000000 -0.000001 -0.000000
  373 0.000001 6.128850 0.000001 1.415681 0.001326 -0.020280
  374 0.000000 0.000000 -0.000000 0.000000 -0.000000 -0.000000
  375 0.000001 8.781749 0.000001 3.141593 0.488191 0.000000
  376 -0.000000 -0.000000 0.000000 0.000000 -0.000000 -0.000000
  377 0.000000 0.000000 0.000000 0.000000 -0.000000 -0.000000
  378 1.528438 3.952419 -0.558726 0.204093 0.003080 0.542466
  379 0.000000 0.000001 -0.000001 0.000000 0.000000 -0.000000
  380 -0.777027 1.281749 1.958797 0.196515 -0.598662 -0.924076
  381 -1.088930 3.954381 -0.150384 0.213321 -0.019605 -0.282980
  382 0.000003 4.879318 -0.000001 1.096483 -0.004531 0.036922
  383 -0.000000 5.043320 -0.000000 1.040987 0.001208 -0.055324
  384 -1.088930 3.954381 -0.150384 0.213321 -0.019605 -0.282980
  385 0.000003 4.879317 -0.000001 1.096483 -0.004531 0.036922
  386 0.000000 5.043319 0.000000 1.040987 0.001208 -0.055324
  387 -1.088931 3.954382 -0.150385 0.213321 -0.019605 -0.282980
  388 0.000000 0.000000 0.000000 0.000000 0.000000 0.000000
  389 -1.088930 3.954381 -0.150384 0.213321 -0.019605 -0.282979
  390 0.000000 0.000000 0.000000 0.000000 -0.000001 -0.000001
  391 0.000003 4.879315 -0.000000 1.096483 -0.004530 0.036922
  392 0.000000 0.000000 0.000000 0.000000 -0.000000 -0.000000
  393 -0.000000 5.043319 0.000001 1.040987 0.001208 -0.055324
  394 0.000000 0.000000 0.000000 0.000000 -0.000000 -0.000000
  395 0.000002 10.325292 -0.000001 3.141593 0.093079 0.000000
  396 -0.000002 0.000002 0.000002 -0.000000 0.000000 -0.000000
  397 -0.000003 -0.000000 0.000003 0.000000 0.000000 0.000000
  398 -1.088930 3.954381 -0.150384 0.213321 -0.019605 -0.282980
  399 -0.986049 0.947619 1.368041 0.166521 -0.766158 -0.595878
  400 -0.916119 4.887909 -0.126760 0.036912 0.459751 -0.204800
  401 -0.000002 4.968775 -0.000001 1.358792 -0.003073 0.030015
  402 0.000000 5.803463 0.000001 1.344226 0.001678 -0.049316
  403 -0.916119 4.887909 -0.126760 0.036912 0.459751 -0.204800
  404 -0.000002 4.968775 -0.000001 1.358792 -0.003073 0.030015
  405 0.000000 5.803463 0.000001 1.344226 0.001678 -0.049316
  406 -0.916116 4.887910 -0.126761 0.036912 0.459751 -0.204801
  407 0.000000 0.000000 0.000000 -0.000000 0.000000 -0.000000
  408 -0.916119 4.887908 -0.126761 0.036912 0.459751 -0.204801
  409 -0.000000 0.000000 0.000000 -0.000000 0.000000 0.000000
  410 -0.000003 4.968777 -0.000002 1.358791 -0.003073 0.030015
  411 0.000000 0.000000 0.000000 0.000000 0.000000 0.000000
  412 -0.000000 5.803464 0.000001 1.344226 0.001678 -0.049315
  413 0.000000 0.000000 0.000000 -0.000000 -0.000000 -0.000000
  414 0.000001 9.111451 -0.000002 3.141592 -0.806826 0.000000
  415 -0.000004 -0.000000 0.000002 -0.000000 -0.000000 -0.000000
  416 -0.000000 0.000000 -0.000000 0.000000 0.000000 0.000000
  417 -0.916119 4.887909 -0.126760 0.036912 0.459751 -0.204800
  418 -2.510272 0.335972 0.022940 -0.704387 -0.728957 0.808876
  419 -2.510272 0.335972 0.022940 -0.704387 -0.728957 0.808876
  420 -2.510272 0.335972 0.022940 -0.704387 -0.728957 0.808876
  421 8.463113 -0.489834 -2.120325 1.542233 -0.000000 3.141593
  422 -0.000000 -0.000001 -0.000001 -0.000000 0.000000 -0.000000
  423 -8.463115 -0.489836 -2.120324 1.542233 -0.000000 -3.141593
  424 0.000001 -0.000001 -0.000001 -0.000000 0.000000 -0.000000
  425 8.463114 -0.489834 -2.120324 1.542233 -0.000000 3.141593
  426 -8.463115 -0.489836 -2.120324 1.542233 -0.000000 -3.141593
  427 0.904460 6.782035 3.867490 0.070332 -1.757050 -1.606891
  428 -0.904462 6.782041 3.867486 -0.244112 1.681675 1.319970
  429 0.000000 0.000000 0.000000 0.000000 0.000000 0.000000
  430 -2.384858 45.420403 15.540361 0.000000 -0.000000 1.570796
  431 15.505640 20.954082 38.444016 0.418167 1.029468 -0.401879
  432 0.000004 -0.000003 -0.000007 -0.000000 0.000000 -0.000000
  433 -50.119354 4.651611 26.776491 0.388480 -0.094405 1.670471
  434 24.980062 -4.058463 6.534511 0.636716 0.964784 -2.018134
  435 -2.384865 -45.420403 15.540361 0.000000 -0.000000 1.570796
  436 40.378418 -16.250368 7.344063 -0.322565 -1.035200 -1.974856
  437 -0.000000 0.000001 0.000001 0.000000 -0.000000 -0.000000
  438 -34.103508 -37.015934 28.629957 0.436338 -0.019643 2.262197
  439 -8.559673 5.404983 -62.330070 0.636717 -0.964784 2.018134
  440 -0.483101 8.250682 -13.900933 0.000000 -0.000000 1.570796
  441 -0.000002 4.178170 5.183271 0.377477 -0.013032 -0.100936
  442 -0.000000 -6.475164 -8.877785 -0.000000 -0.000000 0.000000
  443 0.000000 6.475164 8.877785 -0.000000 -0.000000 0.000000
  444 -1.878117 12.014870 -0.599888 -0.000000 -0.000000 0.000000
  445 3.953932 -0.000004 -0.000005 -0.000000 -0.000000 0.000000
  446 -1.976968 -0.000004 -0.000005 -0.000000 -0.000000 0.000000
  447 -0.098849 -12.014873 0.599890 -0.000000 0.000000 -0.000000
  448 0.000000 6.475164 8.877786 -2.200961 0.000249 0.000341
  449 -0.000001 -0.000001 0.000000 -0.000000 0.000000 0.000000
  450 0.000000 10.988305 0.000001 2.200961 0.000422 -0.000000
  451 0.000000 0.000000 0.000000 -0.060252 -0.000000 -3.141593
  452 28.140581 18.145954 -7.378586 0.011613 -0.000071 1.863721
  453 -4.088450 8.072592 0.186201 -0.003598 -0.000000 0.000000
  454 -0.483102 -8.250682 -13.900933 0.000000 -0.000000 1.570796
  455 -0.170094 20.265461 -0.614657 0.000000 -0.000000 -0.000000
  456 0.000000 -6.475163 -8.877785 0.000000 -0.000000 -0.000000
  457 -0.000000 6.475163 8.877785 0.121979 -0.000000 0.000000
  458 1.878117 12.014874 -0.599890 0.000000 -0.000000 -0.000000
  459 -3.953936 -0.000001 0.000000 0.000000 -0.000000 -0.000000
  460 1.976967 0.000000 -0.000000 -0.000000 0.000000 -0.000000
  461 0.098851 -12.014873 0.599884 0.121979 -0.000000 0.000000
  462 0.000000 6.475163 8.877784 -2.200961 -0.000249 -0.000341
  463 0.000001 -0.000000 0.000000 -0.000000 0.000000 0.000000
  464 -0.000001 10.988300 0.000001 2.078982 -0.000422 -0.000000
  465 0.000000 0.000000 0.000000 -0.060252 0.000000 -3.141593
  466 32.905418 2.347501 -7.379753 0.011613 -0.000071 1.863721
  467 -11.477395 11.059403 -0.835028 -0.003598 -0.000000 0.000000
  time 5
  0 0.000000 0.000000 -23.603888 0.000000 -0.000000 1.570796
  1 -0.337702 4.730341 32.408222 1.750802 0.003653 -0.334510
  2 0.000001 10.999717 0.000000 -0.053781 0.001924 0.037654
  3 0.000000 6.753158 -0.000000 0.123856 -0.393998 0.000781
  4 -0.000000 8.544821 -0.000000 0.282558 -0.096535 -0.049062
  5 -0.000000 9.518030 -0.000002 -0.251770 -0.013719 0.054686
  6 0.000000 3.039626 0.000002 0.193776 0.001152 0.000226
  7 0.000000 3.098966 -0.000000 -0.364010 0.002506 0.065139
  8 -0.464683 -41.726406 56.319267 0.090634 -3.076811 -1.423810
  9 -16.572271 19.837225 46.755657 -1.217139 -0.859751 0.609577
  10 6.104565 -14.630160 19.403967 -2.693889 -0.067115 -0.106623
  11 -11.665751 8.654033 13.037373 -3.068864 -0.248312 -0.266847
  12 -1.789155 0.000000 28.175615 0.000000 -0.000000 1.570796
  13 -0.000001 1.508530 -13.961826 0.007139 -0.001927 -0.878132
  14 0.000000 -1.769384 12.121015 0.003310 0.008995 0.543583
  15 0.000000 -1.769386 12.121015 0.551170 0.090297 0.065843
  16 0.000000 -1.769384 12.121015 0.001040 0.004724 0.271785
  17 -0.000000 -0.000001 0.000000 1.694062 -0.000000 0.000000
  18 -0.000000 -6.753158 0.000000 -1.698962 0.269065 -0.039111
  19 -0.000000 0.000000 -0.000000 1.742379 0.000000 -0.000000
  20 0.000001 -10.999718 0.000003 -0.000000 -0.000000 -0.000000
  21 -0.000000 0.000000 0.000000 -0.000000 -0.000000 0.000000
  22 -0.000000 0.000000 0.000000 -1.341552 -1.993774 0.192913
  23 0.000000 -0.000002 0.000001 -0.000000 0.000000 -0.000000
  24 -0.000000 0.000000 0.000000 -1.341552 1.993774 -0.192913
  25 0.000000 -0.000002 0.000001 0.000000 -0.000000 0.000000
  26 8.250683 -0.215594 2.184238 2.107959 0.232276 0.045451
  27 0.000003 19.192719 0.000003 1.933918 -0.000000 0.000000
  28 -0.000005 15.544904 -0.000003 -1.511253 0.030141 0.089837
  29 -0.000086 10.987331 -0.000602 0.880380 -3.141171 0.000000
  30 -1.873870 4.392865 10.061479 -0.000523 0.630165 -1.571105
  31 -0.000000 0.000001 0.000002 -0.000000 -0.000000 0.000000
  32 0.000000 0.000000 -0.000000 0.000000 -0.000000 -0.000000
  33 -0.000000 0.000002 -0.000001 0.000000 -0.000000 0.000000
  34 0.000000 0.000000 0.000000 0.000000 0.000000 -0.000000
  35 -0.000003 7.772454 -0.000003 0.000000 -0.022971 0.000000
  36 0.000000 0.000000 0.000000 -0.000000 0.000204 0.000000
  37 -0.000000 -0.000003 0.000002 0.000000 -0.000000 -0.000000
  38 0.000002 9.596358 0.000003 0.000000 0.111038 -0.000000
  39 0.000000 0.000000 -0.000000 -0.000000 0.000000 0.000000
  40 -8.250686 -0.215594 2.184246 3.073754 0.063168 -0.196088
  41 0.000008 19.279818 0.000004 1.293401 0.000001 -0.000000
  42 -0.000001 15.640080 -0.000001 -1.747194 -0.213015 0.210199
  43 -0.000030 10.987983 -0.000649 1.228892 3.141171 -0.000000
  44 1.873868 4.392861 10.061477 0.000523 2.511427 1.571105
  45 -0.000000 0.000000 0.000002 -0.000000 0.000000 0.000000
  46 0.000000 0.000000 0.000000 0.000000 -0.000000 -0.000000
  47 -0.000000 0.000001 -0.000001 0.000000 0.000000 0.000000
  48 0.000000 0.000000 0.000000 -0.000000 -0.000000 -0.000000
  49 -0.000001 7.820039 -0.000002 0.000000 -0.179441 -0.000000
  50 0.000000 0.000000 0.000000 0.000000 -0.000205 0.000000
  51 -0.000000 -0.000002 -0.000000 0.000000 0.000000 -0.000000
  52 0.000005 9.639909 0.000003 0.000000 0.051578 -0.000000
  53 0.000000 0.000000 0.000000 -0.000000 -0.000000 0.000000
  54 8.250684 -0.215594 2.184238 2.903292 0.000001 0.000000
  55 8.250684 -0.215594 2.184238 -1.742379 0.000000 -0.000000
  56 0.000000 -0.000001 0.000000 -1.637514 0.000000 0.000000
  57 0.000003 19.896326 -0.000001 0.140363 -0.000000 -0.000000
  58 0.000001 16.264105 -0.000001 -0.703810 -0.000322 0.000273
  59 -0.000000 -0.000000 0.000000 -0.000000 0.000000 0.000000
  60 -0.000000 10.988298 0.000001 0.880380 -3.141171 0.000000
  61 -0.000000 0.000000 0.000000 0.000000 -0.000000 0.000000
  62 0.000000 -0.000001 0.000000 -1.612009 -0.094175 0.002112
  63 -0.000000 -0.000002 0.000000 -0.815873 -0.219144 0.000000
  64 0.000003 19.192717 0.000004 1.933918 -0.000000 0.000000
  65 8.250683 -0.215594 2.184238 2.136028 0.140940 0.196309
  66 -0.000000 -0.000001 0.000000 0.000000 -0.000000 0.000000
  67 8.250683 -0.215595 2.184237 2.136028 0.140940 0.196309
  68 -0.000000 9.596360 0.000001 0.000000 -0.063026 0.000000
  69 0.000000 9.596363 0.000001 1.933918 -0.111039 -0.000000
  70 -0.000001 7.772447 -0.000000 0.000000 -0.022766 -0.000000
  71 -0.000001 7.772452 -0.000001 -1.509263 0.052823 0.089922
  72 0.000001 10.987350 -0.000001 0.880325 -3.141171 -0.000007
  73 -8.250683 -0.215592 2.184244 2.903292 0.000001 0.000000
  74 -8.250683 -0.215594 2.184244 -1.742379 0.000000 -0.000000
  75 0.000000 -0.000001 0.000000 -1.637514 -0.000000 0.000001
  76 0.000001 19.896324 -0.000001 0.140362 0.000000 0.000000
  77 0.000002 16.264103 0.000001 -0.703810 0.000322 -0.000273
  78 0.000000 0.000000 0.000000 -0.000000 -0.000000 0.000000
  79 0.000001 10.988298 0.000000 0.880380 3.141171 -0.000000
  80 -0.000000 0.000001 0.000000 0.000000 0.000000 -0.000000
  81 0.000000 -0.000001 0.000000 -0.888687 0.202283 0.071600
  82 -0.000002 -0.000000 -0.000001 -0.568164 -0.032375 0.000000
  83 0.000009 19.279814 0.000004 1.293401 0.000001 -0.000000
  84 -8.250686 -0.215594 2.184246 3.073860 -0.029358 -0.189807
  85 0.000000 0.000000 0.000000 0.000000 0.000000 -0.000000
  86 -8.250686 -0.215594 2.184246 3.073861 -0.029358 -0.189807
  87 -0.000001 9.639911 -0.000001 -0.000000 -0.041161 0.000000
  88 0.000001 9.639915 0.000000 1.293401 -0.051578 0.000000
  89 -0.000000 7.820035 -0.000000 0.000000 -0.179646 -0.000000
  90 0.000001 7.820047 -0.000000 -1.709936 -0.037213 0.205523
  91 -0.000001 10.988005 -0.000001 1.228832 3.141171 -0.000003
  92 -0.000000 0.000000 0.000001 -0.048317 0.000000 0.000000
  93 0.000000 0.000000 0.000000 -0.000000 -0.000000 -0.000000
  94 0.000001 -10.999718 0.000003 -0.000000 -0.000000 0.000000
  95 0.000000 -1.769385 12.121015 0.274544 0.049706 0.026618
  96 -0.000000 -0.000001 0.000000 1.538978 -0.000000 -0.000000
  97 0.000000 -0.000000 -0.000000 0.015563 0.124879 0.000611
  98 0.000000 0.000000 0.000000 -0.155084 -0.000000 0.000000
  99 0.000000 0.000000 0.000000 0.000000 -0.000000 -0.000000
  100 0.000001 8.544822 0.000001 -1.265785 0.028153 -0.048853
  101 0.000000 0.000000 -0.000000 1.542233 0.000000 -0.000000
  102 -0.000001 9.518031 0.000005 -0.251770 -0.013719 0.054686
  103 0.000000 3.039626 0.000002 0.193776 0.001152 0.000226
  104 -0.000000 3.098966 -0.000000 -0.364010 0.002506 0.065139
  105 -0.000001 9.518031 0.000004 -1.816490 -0.013719 0.054686
  106 0.000000 -0.000000 0.000000 1.662547 -0.000000 -0.000000
  107 0.000001 6.109812 0.000000 -1.936626 -0.007060 0.055936
  108 0.000000 0.000000 0.000000 1.668477 -0.010247 0.000876
  109 0.000000 0.000000 0.000000 -0.097827 0.000000 -0.000000
  110 -0.000000 0.000000 0.000000 0.000000 0.000000 -0.000000
  111 -0.000000 3.025101 -0.296885 0.048844 0.000563 0.005113
  112 0.000000 0.000000 0.000000 0.095948 0.000000 -0.000000
  113 0.000000 0.000000 0.000000 0.000000 0.000000 0.000000
  114 0.000000 -0.000000 -0.000000 -0.000000 0.000000 -0.000000
  115 0.904461 6.782042 3.867489 -0.717910 -1.852939 -0.712011
  116 0.010190 19.450800 -0.828340 0.096915 1.195928 -0.613015
  117 -0.000009 20.596460 0.000006 0.034874 0.000000 -0.000000
  118 -0.000009 25.827709 0.000007 0.256675 -0.444869 -0.365216
  119 0.000000 0.000000 0.000000 -0.000000 0.000001 0.000001
  120 0.000000 0.000000 0.000000 -0.000000 -0.000001 -0.000001
  121 -0.000000 -0.000000 -0.000001 -0.000000 -0.000000 -0.000000
  122 -0.000000 -0.000000 -0.000001 0.000000 -0.000000 0.000000
  123 -0.000002 12.913853 0.000003 -0.000000 -0.241937 0.000001
  124 0.000000 0.000000 0.000000 -0.000000 0.001371 -0.000001
  125 -0.000000 -0.000000 -0.000001 0.000000 -0.000000 0.000000
  126 -0.000005 10.298229 0.000002 -0.000000 -0.203582 0.000000
  127 -0.000000 -0.000000 -0.000000 -0.000000 -0.000000 -0.000000
  128 0.000000 0.000002 0.000000 -0.000000 0.000000 0.000000
  129 0.010188 19.450804 -0.828333 -1.068311 -0.458283 0.722012
  130 0.010191 19.450804 -0.828340 0.041386 -0.124298 1.319061
  131 0.000000 0.000000 -0.000000 -1.332781 0.484537 -2.373637
  132 -0.000002 20.126822 0.000002 0.277335 0.000000 -0.000000
  133 0.000001 25.356459 0.000003 0.198412 -0.005445 0.027073
  134 0.000000 0.000000 0.000000 0.000000 0.000000 0.000000
  135 0.000000 0.000000 -0.000000 -0.067669 0.748819 -2.089391
  136 0.000002 -0.000003 0.000001 -0.019402 0.355072 0.000000
  137 0.000005 20.596462 0.000003 0.034874 0.000000 -0.000000
  138 0.010190 19.450800 -0.828340 0.050347 0.789760 -0.667467
  139 0.000000 0.000000 0.000000 -0.000000 -0.000000 -0.000000
  140 0.010190 19.450800 -0.828340 0.050347 0.789760 -0.667467
  141 -0.000000 10.298225 0.000000 -0.000000 0.203551 -0.000000
  142 0.000001 10.298223 0.000001 0.034875 0.203582 -0.000000
  143 0.000005 12.913851 -0.000001 -0.000000 -0.240565 0.000000
  144 -0.000001 12.913848 0.000002 0.169393 -0.218811 -0.336583
  145 0.838802 0.695165 1.002012 -0.146528 0.831651 0.111056
  146 0.074788 6.089940 0.003726 0.057776 -0.287169 0.072684
  147 0.000004 5.184050 -0.000000 0.482025 -0.003807 0.022168
  148 0.000000 5.576724 0.000001 0.358988 0.000643 -0.036173
  149 0.074788 6.089940 0.003726 0.057776 -0.287169 0.072684
  150 0.000004 5.184050 -0.000000 0.482025 -0.003807 0.022168
  151 0.000000 5.576724 0.000001 0.358988 0.000643 -0.036173
  152 0.074770 6.089942 0.003720 0.057776 -0.287169 0.072685
  153 0.000000 0.000000 0.000000 -0.000000 0.000000 -0.000000
  154 0.074786 6.089940 0.003725 0.057776 -0.287169 0.072685
  155 0.000000 0.000000 0.000000 0.000000 -0.000000 -0.000000
  156 0.000003 5.184049 -0.000001 0.482025 -0.003806 0.022168
  157 0.000000 0.000000 0.000000 0.000000 -0.000000 -0.000001
  158 -0.000004 5.576725 -0.000000 0.358988 0.000643 -0.036172
  159 0.000000 0.000000 0.000000 0.000000 0.000000 -0.000000
  160 0.000001 9.158422 0.000001 3.141593 0.324016 -0.000000
  161 0.000002 -0.000001 -0.000001 0.000000 -0.000000 -0.000000
  162 0.000002 0.000000 -0.000000 -0.000000 -0.000000 0.000001
  163 0.074788 6.089940 0.003726 0.057776 -0.287169 0.072684
  164 0.208228 1.308901 0.886640 -0.521836 0.710749 -0.438947
  165 -0.070610 4.843960 0.038085 0.177555 -0.296553 -0.038425
  166 -0.000001 6.134693 0.000000 0.431826 -0.004722 0.048260
  167 0.000003 5.142245 -0.000001 0.336051 0.000042 -0.073620
  168 -0.070610 4.843960 0.038085 0.177555 -0.296553 -0.038425
  169 -0.000001 6.134693 0.000000 0.431826 -0.004722 0.048260
  170 0.000003 5.142245 -0.000001 0.336051 0.000042 -0.073620
  171 -0.070608 4.843952 0.038086 0.177555 -0.296553 -0.038426
  172 0.000000 0.000000 0.000000 -0.000000 -0.000000 -0.000000
  173 0.000000 0.000000 0.000000 -0.000000 -0.000000 -0.000000
  174 -0.070610 4.843960 0.038085 0.177555 -0.296553 -0.038425
  175 0.000000 0.000000 0.000000 -0.000000 -0.000001 -0.000001
  176 -0.000002 6.134697 0.000002 0.431827 -0.004721 0.048261
  177 0.000000 0.000000 0.000000 -0.000000 -0.000001 -0.000000
  178 -0.000003 5.142244 -0.000003 0.336050 0.000043 -0.073619
  179 0.000000 0.000000 0.000000 -0.000000 -0.000001 -0.000001
  180 0.000002 9.920088 -0.000000 -3.141593 0.323205 0.000000
  181 0.000000 0.000000 0.000000 -0.000000 0.000000 0.000000
  182 0.000000 0.000000 0.000000 -0.000001 0.000000 0.000001
  183 -0.070610 4.843960 0.038085 0.177555 -0.296553 -0.038425
  184 0.000000 0.000000 0.000000 -0.000000 -0.000000 -0.000000
  185 1.229550 0.555881 1.288352 -0.746847 0.623236 -0.695221
  186 -0.230321 5.651617 -0.027324 0.207022 -0.080209 -0.208698
  187 0.000000 5.046765 0.000000 0.461201 0.005800 -0.038570
  188 -0.000007 4.876213 -0.000003 0.426338 -0.002099 0.057280
  189 -0.230321 5.651617 -0.027324 0.207022 -0.080209 -0.208698
  190 0.000000 5.046765 0.000000 0.461201 0.005800 -0.038570
  191 -0.000007 4.876213 -0.000003 0.426338 -0.002099 0.057280
  192 -0.230314 5.651612 -0.027325 0.207022 -0.080209 -0.208698
  193 0.000000 0.000000 0.000000 0.000000 -0.000000 0.000000
  194 0.000000 0.000000 0.000000 0.000000 -0.000000 0.000000
  195 -0.230321 5.651617 -0.027324 0.207022 -0.080209 -0.208698
  196 0.000000 0.000000 0.000000 0.000000 0.000000 0.000000
  197 -0.000001 5.046764 -0.000002 0.461201 0.005799 -0.038570
  198 0.000000 0.000000 0.000000 0.000000 0.000000 0.000000
  199 0.000001 4.876211 0.000001 0.426337 -0.002099 0.057281
  200 0.000000 0.000000 0.000000 0.000000 -0.000001 -0.000000
  201 -0.000001 10.336261 0.000001 -3.141593 -0.095607 -0.000001
  202 0.000002 0.000002 -0.000003 0.000000 -0.000000 0.000000
  203 -0.000000 0.000000 0.000001 0.000000 0.000000 -0.000000
  204 -0.230321 5.651617 -0.027324 0.207022 -0.080209 -0.208698
  205 0.000000 0.000000 0.000000 0.000000 -0.000000 0.000000
  206 2.510285 0.335964 0.022935 -0.704386 0.728958 -0.808876
  207 -0.407549 4.121004 -0.149016 0.204092 -0.003080 -0.542466
  208 0.000000 4.945991 -0.000000 0.444889 0.001324 -0.011933
  209 -0.000000 6.128850 0.000000 0.493259 -0.001326 0.020280
  210 -0.407549 4.121004 -0.149016 0.204092 -0.003080 -0.542466
  211 0.000000 4.945991 -0.000000 0.444889 0.001324 -0.011933
  212 -0.000000 6.128850 0.000000 0.493259 -0.001326 0.020280
  213 -0.407562 4.121002 -0.149018 0.204093 -0.003080 -0.542466
  214 0.000000 0.000000 0.000000 -0.000000 -0.000000 -0.000000
  215 0.000000 0.000000 0.000000 -0.000000 -0.000000 -0.000000
  216 -0.407550 4.121002 -0.149016 0.204093 -0.003081 -0.542467
  217 0.000000 0.000000 0.000000 -0.000000 0.000001 0.000001
  218 -0.000002 4.945987 -0.000001 0.444889 0.001324 -0.011934
  219 0.000000 0.000000 0.000000 -0.000000 0.000001 0.000001
  220 -0.000004 6.128851 0.000000 0.493259 -0.001326 0.020280
  221 0.000000 0.000000 0.000000 0.000000 0.000000 0.000000
  222 0.000003 8.781754 0.000000 3.141593 -0.488191 0.000000
  223 -0.000000 -0.000001 0.000001 0.000000 -0.000000 -0.000000
  224 0.000000 0.000002 -0.000001 -0.000000 -0.000000 0.000001
  225 -0.407549 4.121004 -0.149016 0.204093 -0.003080 -0.542466
  226 0.000000 0.000000 0.000000 -0.000000 -0.000000 -0.000000
  227 0.777031 1.281746 1.958795 0.196514 0.598662 0.924076
  228 0.348210 4.321565 -0.048062 0.213321 0.019605 0.282979
  229 0.000004 4.879321 -0.000002 0.434064 0.004531 -0.036921
  230 0.000002 5.043316 0.000001 0.378567 -0.001208 0.055324
  231 0.348210 4.321565 -0.048062 0.213321 0.019605 0.282979
  232 0.000004 4.879321 -0.000002 0.434064 0.004531 -0.036921
  233 0.000002 5.043316 0.000001 0.378567 -0.001208 0.055324
  234 0.348205 4.321567 -0.048066 0.213321 0.019605 0.282979
  235 0.000000 0.000000 0.000000 0.000000 -0.000000 -0.000000
  236 0.348209 4.321566 -0.048062 0.213321 0.019605 0.282979
  237 0.000000 0.000000 0.000000 -0.000000 0.000001 0.000000
  238 0.000002 4.879316 -0.000001 0.434064 0.004530 -0.036922
  239 0.000000 0.000000 0.000000 0.000000 0.000000 0.000000
  240 0.000000 5.043317 0.000002 0.378568 -0.001208 0.055324
  241 0.000000 0.000000 0.000000 -0.000000 -0.000000 0.000000
  242 0.000001 10.325294 -0.000004 3.141593 -0.093079 -0.000000
  243 0.000003 -0.000001 0.000002 -0.000000 -0.000000 -0.000000
  244 0.000002 -0.000001 0.000001 0.000000 -0.000000 0.000000
  245 0.348210 4.321565 -0.048062 0.213321 0.019605 0.282979
  246 0.986051 0.947623 1.368039 0.166521 0.766158 0.595879
  247 0.242987 5.327971 -0.033830 0.036912 -0.459751 0.204801
  248 -0.000000 4.968779 0.000000 0.436368 0.003073 -0.030017
  249 0.000003 5.803461 -0.000000 0.421805 -0.001678 0.049316
  250 0.242987 5.327971 -0.033830 0.036912 -0.459751 0.204801
  251 -0.000000 4.968779 0.000000 0.436368 0.003073 -0.030017
  252 0.000003 5.803461 -0.000000 0.421805 -0.001678 0.049316
  253 0.242986 5.327968 -0.033838 0.036912 -0.459751 0.204801
  254 0.000000 0.000000 0.000000 0.000000 -0.000000 -0.000000
  255 0.242985 5.327971 -0.033830 0.036912 -0.459751 0.204801
  256 0.000000 0.000000 0.000000 -0.000000 -0.000000 -0.000000
  257 -0.000001 4.968778 0.000000 0.436368 0.003073 -0.030016
  258 0.000000 0.000000 0.000000 0.000000 -0.000000 -0.000000
  259 0.000004 5.803463 -0.000000 0.421803 -0.001678 0.049315
  260 0.000000 0.000000 0.000000 -0.000000 -0.000000 0.000000
  261 -0.000004 9.111454 0.000012 3.141592 0.806825 -0.000000
  262 0.000004 -0.000004 -0.000001 0.000001 0.000000 0.000000
  263 0.000002 -0.000001 -0.000000 -0.000000 -0.000000 -0.000001
  264 0.242987 5.327971 -0.033830 0.036912 -0.459751 0.204801
  265 2.510274 0.335966 0.022942 -0.704386 0.728958 -0.808876
  266 2.510274 0.335966 0.022942 -0.704386 0.728958 -0.808876
  267 2.510274 0.335966 0.022942 -0.704386 0.728958 -0.808876
  268 -0.904460 6.782037 3.867490 -0.250273 1.665507 1.322423
  269 -0.010195 19.450811 -0.828344 -1.712466 -0.079871 1.807864
  270 -0.000005 19.372404 0.000000 1.865414 -0.000001 0.000000
  271 0.000007 24.485250 -0.000004 -0.160272 -0.696255 0.021773
  272 -0.000000 0.000000 0.000000 -0.000000 -0.000001 -0.000001
  273 -0.000000 0.000000 0.000000 -0.000000 0.000001 0.000001
  274 -0.000001 0.000002 0.000001 -0.000000 0.000000 0.000000
  275 -0.000001 -0.000003 -0.000001 0.000000 0.000000 0.000000
  276 0.000003 12.242624 -0.000004 -0.000000 -0.348320 -0.000000
  277 0.000000 -0.000001 -0.000000 -0.000001 -0.001371 0.000001
  278 0.000000 0.000000 0.000000 -0.000000 0.000000 0.000000
  279 -0.000005 9.686200 -0.000003 0.000000 0.457698 0.000001
  280 0.000000 0.000000 0.000000 -0.000001 0.000000 0.000000
  281 0.000000 0.000003 -0.000000 0.000000 -0.000000 0.000000
  282 -0.010194 19.450808 -0.828336 -1.068311 0.458283 -0.722012
  283 -0.010194 19.450808 -0.828336 0.041386 0.124298 -1.319061
  284 -0.000001 0.000001 -0.000001 -1.332781 -0.484537 2.373637
  285 -0.000006 20.126823 -0.000004 0.277335 -0.000000 -0.000000
  286 -0.000001 25.356461 0.000000 0.198412 0.005445 -0.027073
  287 0.000000 0.000000 0.000000 -0.000000 -0.000000 -0.000000
  288 -0.000001 0.000002 -0.000001 -0.599251 0.214911 3.013890
  289 0.000002 0.000007 -0.000003 -1.088573 -0.204518 -0.000001
  290 -0.000005 19.372406 -0.000002 1.865414 -0.000001 0.000000
  291 -0.010195 19.450811 -0.828344 -1.623300 -0.153857 1.077455
  292 0.000000 0.000000 0.000000 0.000000 0.000000 0.000000
  293 -0.010195 19.450811 -0.828344 -1.623300 -0.153857 1.077455
  294 -0.000001 9.686199 0.000000 0.000001 -0.271089 -0.000000
  295 -0.000000 9.686204 0.000001 1.865413 -0.457699 0.000000
  296 -0.000000 12.242622 0.000001 0.000001 -0.349691 0.000000
  297 -0.000000 12.242625 -0.000001 -0.152341 -0.346630 0.017761
  298 -0.838799 0.695164 1.002014 -0.146528 -0.831651 -0.111056
  299 -0.284251 5.622665 0.009670 0.057776 0.287169 -0.072684
  300 -0.000004 5.184050 -0.000001 1.426021 0.003806 -0.022168
  301 -0.000001 5.576729 0.000003 1.302983 -0.000644 0.036172
  302 -0.284251 5.622665 0.009670 0.057776 0.287169 -0.072684
  303 -0.000004 5.184050 -0.000001 1.426021 0.003806 -0.022168
  304 -0.000001 5.576729 0.000003 1.302983 -0.000644 0.036172
  305 -0.284259 5.622665 0.009673 0.057776 0.287169 -0.072685
  306 0.000000 0.000000 0.000000 -0.000000 -0.000000 0.000000
  307 -0.284251 5.622665 0.009670 0.057776 0.287169 -0.072685
  308 0.000000 0.000000 0.000000 -0.000000 0.000000 0.000000
  309 -0.000002 5.184049 0.000001 1.426021 0.003806 -0.022168
  310 0.000000 0.000000 0.000000 0.000000 0.000000 0.000000
  311 0.000002 5.576726 0.000000 1.302983 -0.000644 0.036172
  312 0.000000 0.000000 0.000000 0.000000 0.000000 0.000000
  313 -0.000001 9.158415 -0.000001 3.141593 -0.324016 0.000001
  314 -0.000000 0.000000 0.000001 -0.000000 -0.000000 0.000000
  315 -0.000004 -0.000001 -0.000000 0.000000 -0.000000 -0.000000
  316 -0.284251 5.622665 0.009670 0.057776 0.287169 -0.072684
  317 -0.208226 1.308914 0.886635 -0.521836 -0.710749 0.438946
  318 0.265534 4.571150 0.144667 0.177555 0.296553 0.038426
  319 0.000000 6.134691 -0.000001 1.365104 0.004720 -0.048260
  320 0.000003 5.142236 0.000003 1.269327 -0.000043 0.073619
  321 0.265534 4.571150 0.144667 0.177555 0.296553 0.038426
  322 0.000000 6.134691 -0.000001 1.365104 0.004720 -0.048260
  323 0.000003 5.142235 0.000003 1.269327 -0.000043 0.073619
  324 0.265537 4.571147 0.144666 0.177555 0.296553 0.038426
  325 0.000000 0.000000 0.000000 -0.000000 -0.000000 0.000000
  326 0.000000 0.000000 0.000000 -0.000000 -0.000000 0.000000
  327 0.265534 4.571150 0.144667 0.177554 0.296552 0.038425
  328 -0.000000 -0.000000 -0.000000 -0.000000 0.000001 0.000001
  329 0.000000 6.134691 0.000001 1.365104 0.004721 -0.048261
  330 0.000000 0.000000 0.000000 -0.000000 0.000001 0.000001
  331 0.000000 5.142238 -0.000001 1.269327 -0.000043 0.073618
  332 0.000000 0.000000 0.000000 -0.000000 0.000001 0.000001
  333 -0.000004 9.920085 -0.000003 -3.141593 -0.323204 0.000000
  334 -0.000003 -0.000002 0.000000 -0.000000 0.000000 0.000000
  335 0.000000 0.000000 0.000000 -0.000000 0.000000 0.000000
  336 0.265534 4.571150 0.144667 0.177555 0.296553 0.038426
  337 0.000000 0.000000 0.000000 -0.000000 -0.000000 0.000000
  338 -1.229532 0.555894 1.288361 -0.746847 -0.623235 0.695222
  339 0.923239 5.243565 -0.108926 0.207022 0.080209 0.208698
  340 0.000000 5.046763 0.000000 1.405195 -0.005799 0.038569
  341 -0.000001 4.876218 -0.000000 1.370332 0.002098 -0.057280
  342 0.923239 5.243565 -0.108926 0.207022 0.080209 0.208698
  343 0.000000 5.046763 0.000000 1.405195 -0.005799 0.038569
  344 -0.000001 4.876218 -0.000000 1.370332 0.002098 -0.057280
  345 0.923241 5.243562 -0.108926 0.207022 0.080208 0.208698
  346 -0.000000 -0.000000 -0.000000 0.000000 0.000000 -0.000000
  347 -0.000000 -0.000000 -0.000000 0.000000 0.000000 -0.000000
  348 0.923239 5.243565 -0.108926 0.207022 0.080208 0.208698
  349 0.000000 0.000000 0.000000 -0.000000 -0.000000 -0.000000
  350 -0.000001 5.046766 0.000001 1.405195 -0.005799 0.038570
  351 0.000000 0.000000 0.000000 -0.000000 -0.000000 -0.000000
  352 0.000001 4.876216 0.000000 1.370332 0.002099 -0.057281
  353 0.000000 0.000000 0.000000 0.000000 0.000001 0.000000
  354 0.000000 10.336260 -0.000002 -3.141593 0.095607 0.000001
  355 0.000000 0.000000 0.000000 -0.000000 0.000000 0.000000
  356 0.000000 0.000000 0.000000 0.000000 -0.000000 -0.000000
  357 0.923239 5.243565 -0.108926 0.207022 0.080209 0.208698
  358 -0.000000 -0.000000 -0.000000 0.000000 0.000000 -0.000000
  359 -2.510273 0.335973 0.022938 -0.704386 -0.728958 0.808876
  360 1.541616 3.950442 -0.563543 0.204092 0.003080 0.542466
  361 -0.000000 4.945988 0.000000 1.378166 -0.001324 0.011933
  362 -0.000001 6.128857 -0.000001 1.426535 0.001326 -0.020280
  363 1.541616 3.950442 -0.563543 0.204092 0.003080 0.542466
  364 -0.000000 4.945988 0.000000 1.378166 -0.001324 0.011933
  365 -0.000001 6.128857 -0.000001 1.426535 0.001326 -0.020281
  366 1.541620 3.950435 -0.563545 0.204092 0.003080 0.542466
  367 0.000000 0.000000 0.000000 -0.000000 -0.000000 0.000000
  368 0.000000 0.000000 0.000000 -0.000000 -0.000000 0.000000
  369 1.541616 3.950442 -0.563543 0.204093 0.003081 0.542467
  370 0.000000 0.000000 0.000000 -0.000000 -0.000001 -0.000001
  371 -0.000001 4.945986 -0.000001 1.378166 -0.001324 0.011934
  372 0.000000 0.000000 0.000000 -0.000000 -0.000001 -0.000001
  373 -0.000001 6.128854 0.000000 1.426535 0.001326 -0.020280
  374 0.000000 0.000000 0.000000 0.000000 -0.000000 -0.000000
  375 -0.000001 8.781744 -0.000002 3.141593 0.488191 0.000000
  376 0.000000 0.000000 0.000000 -0.000000 0.000000 0.000000
  377 -0.000000 0.000000 -0.000002 0.000000 -0.000000 0.000000
  378 1.541616 3.950442 -0.563543 0.204092 0.003080 0.542466
  379 0.000000 0.000000 0.000000 -0.000000 -0.000000 0.000000
  380 -0.777026 1.281749 1.958799 0.196515 -0.598662 -0.924076
  381 -1.403907 3.798151 -0.193887 0.213321 -0.019605 -0.282980
  382 -0.000000 4.879313 -0.000000 1.378059 -0.004531 0.036921
  383 -0.000000 5.043320 -0.000000 1.322562 0.001208 -0.055324
  384 -1.403907 3.798151 -0.193887 0.213321 -0.019605 -0.282980
  385 -0.000000 4.879313 -0.000000 1.378059 -0.004531 0.036921
  386 0.000000 5.043319 0.000000 1.322562 0.001208 -0.055324
  387 -1.403903 3.798151 -0.193888 0.213321 -0.019605 -0.282980
  388 -0.000000 0.000000 0.000000 -0.000000 0.000000 0.000000
  389 -1.403907 3.798151 -0.193887 0.213321 -0.019605 -0.282979
  390 0.000000 0.000000 0.000000 -0.000000 -0.000000 -0.000001
  391 0.000001 4.879313 -0.000000 1.378058 -0.004531 0.036922
  392 0.000000 0.000000 0.000000 0.000000 -0.000000 -0.000000
  393 -0.000002 5.043321 0.000004 1.322563 0.001208 -0.055324
  394 0.000000 0.000000 0.000000 -0.000000 -0.000000 -0.000000
  395 0.000002 10.325290 -0.000001 3.141593 0.093079 0.000000
  396 -0.000003 0.000002 0.000002 -0.000000 0.000000 -0.000000
  397 -0.000000 0.000001 -0.000000 0.000001 -0.000000 0.000000
  398 -1.403907 3.798151 -0.193887 0.213321 -0.019605 -0.282980
  399 -0.986052 0.947619 1.368041 0.166521 -0.766158 -0.595879
  400 -0.924045 4.882731 -0.127854 0.036912 0.459751 -0.204801
  401 0.000001 4.968776 -0.000001 1.369645 -0.003073 0.030016
  402 -0.000003 5.803461 0.000001 1.355080 0.001678 -0.049316
  403 -0.924045 4.882731 -0.127854 0.036912 0.459751 -0.204801
  404 0.000001 4.968776 -0.000001 1.369645 -0.003073 0.030016
  405 -0.000003 5.803461 0.000001 1.355080 0.001678 -0.049316
  406 -0.924045 4.882727 -0.127853 0.036912 0.459751 -0.204801
  407 -0.000000 -0.000000 -0.000000 -0.000000 -0.000000 0.000000
  408 -0.924045 4.882731 -0.127854 0.036912 0.459751 -0.204801
  409 0.000000 0.000000 0.000000 -0.000000 0.000000 0.000000
  410 -0.000000 4.968777 0.000001 1.369645 -0.003073 0.030015
  411 0.000000 0.000000 0.000000 0.000000 0.000000 0.000000
  412 -0.000001 5.803463 -0.000002 1.355080 0.001678 -0.049316
  413 0.000000 0.000000 0.000000 -0.000000 -0.000000 -0.000000
  414 0.000002 9.111451 -0.000003 3.141592 -0.806825 0.000001
  415 -0.000004 -0.000001 0.000000 -0.000000 0.000000 -0.000000
  416 -0.000000 0.000000 -0.000000 -0.000000 0.000000 0.000000
  417 -0.924045 4.882731 -0.127854 0.036912 0.459751 -0.204801
  418 -2.510270 0.335972 0.022941 -0.704386 -0.728958 0.808876
  419 -2.510270 0.335972 0.022941 -0.704386 -0.728958 0.808876
  420 -2.510270 0.335972 0.022941 -0.704386 -0.728958 0.808876
  421 8.463117 -0.489841 -2.120323 1.542233 -0.000000 3.141593
  422 -0.000000 -0.000001 -0.000001 0.000000 -0.000000 -0.000000
  423 -8.463117 -0.489838 -2.120322 1.542233 -0.000000 -3.141593
  424 0.000000 -0.000001 -0.000000 0.000000 -0.000000 0.000000
  425 8.463117 -0.489841 -2.120323 1.542233 -0.000000 3.141593
  426 -8.463117 -0.489838 -2.120322 1.542233 -0.000000 -3.141593
  427 0.904461 6.782042 3.867489 -0.717910 -1.852939 -0.712011
  428 -0.904460 6.782037 3.867490 -0.250273 1.665507 1.322423
  429 0.000000 0.000000 0.000000 -0.000000 0.000000 0.000000
  430 -2.384858 45.420403 15.540361 0.000000 -0.000000 1.570796
  431 -51.127411 -68.919624 12.208702 -0.547315 0.753489 2.246374
  432 0.000005 -0.000006 -0.000001 -0.000000 0.000000 -0.000000
  433 -2.306457 45.445663 18.599005 0.333825 -0.001162 0.242164
  434 34.430485 -20.099800 18.986160 0.636717 0.964784 -2.018134
  435 -2.384865 -45.420403 15.540361 0.000000 -0.000000 1.570796
  436 16.454678 -2.452284 0.569191 -0.546956 -0.699356 2.863753
  437 -0.000004 0.000001 0.000004 0.000000 -0.000000 -0.000000
  438 -47.143513 13.377221 27.453009 0.486966 0.079440 1.059976
  439 -8.388469 -0.669732 -65.516838 0.636716 -0.964784 2.018134
  440 -0.483101 8.250682 -13.900933 0.000000 -0.000000 1.570796
  441 -0.000001 -1.661046 2.214013 0.180967 -0.011487 -0.049825
  442 0.000000 -6.475163 -8.877785 -0.000000 0.000000 0.000000
  443 -0.000000 6.475164 8.877784 -0.000000 0.000000 0.000000
  444 -1.878119 12.014873 -0.599894 0.000000 -0.000000 0.000000
  445 3.953933 -0.000002 -0.000008 -0.000000 0.000000 0.000000
  446 -1.976970 -0.000001 -0.000005 -0.000000 0.000000 -0.000000
  447 -0.098847 -12.014872 0.599887 -0.000000 -0.000000 0.000000
  448 -0.000000 6.475163 8.877785 -2.200961 0.000249 0.000341
  449 0.000002 0.000000 -0.000000 -0.000000 0.000000 0.000000
  450 0.000001 10.988304 0.000000 2.200961 0.000422 -0.000000
  451 0.000000 0.000000 0.000000 -0.060252 -0.000000 -3.141593
  452 35.114433 -5.531672 -11.865449 0.008423 0.003653 1.236286
  453 8.247269 8.207038 0.210870 -0.003598 0.000000 0.000000
  454 -0.483102 -8.250682 -13.900933 0.000000 -0.000000 1.570796
  455 -0.219084 26.728842 -0.635344 0.000000 -0.000000 -0.000000
  456 0.000001 -6.475165 -8.877784 0.000000 -0.000000 -0.000000
  457 -0.000001 6.475165 8.877784 0.348512 -0.000000 0.000000
  458 1.878117 12.014877 -0.599892 -0.000000 0.000000 -0.000000
  459 -3.953935 -0.000001 -0.000000 0.000000 0.000000 -0.000000
  460 1.976967 0.000000 0.000000 0.000000 -0.000000 -0.000000
  461 0.098851 -12.014875 0.599886 0.348512 0.000000 0.000000
  462 -0.000000 6.475164 8.877785 -2.200961 -0.000249 -0.000341
  463 -0.000001 0.000003 0.000001 -0.000000 0.000000 -0.000000
  464 -0.000000 10.988302 -0.000002 1.852449 -0.000422 0.000000
  465 0.000000 0.000000 0.000000 -0.060252 0.000000 -3.141593
  466 29.696964 -21.118280 -11.805166 0.008423 0.003653 1.236286
  467 -1.292057 11.720012 -0.820994 -0.003598 0.000000 0.000000
  time 6
  0 0.000000 0.000000 -23.603888 0.000000 -0.000000 1.570796
  1 0.139974 3.214236 37.406815 1.746968 0.003839 -0.661626
  2 -0.000000 10.999717 -0.000000 -0.053367 0.001836 0.036084
  3 -0.000000 6.753160 0.000000 0.109293 -0.488998 0.023313
  4 -0.000000 8.544819 0.000000 0.293505 -0.373262 -0.070383
  5 0.000001 9.518023 0.000002 -0.245360 0.167506 0.021637
  6 0.000000 3.039627 -0.000001 0.193773 0.001703 0.000335
  7 0.000000 3.098973 0.000000 -0.322716 0.173051 -0.005280
  8 -29.534761 -8.546023 56.310410 0.522572 -1.444647 2.730923
  9 -0.373290 25.204571 54.602795 -0.871192 -0.457560 -0.652493
  10 4.424884 -13.952807 20.591812 -2.983463 -0.235623 -0.275698
  11 -11.249453 11.261732 18.278809 -3.061309 -0.351759 -0.380518
  12 -1.789155 0.000000 28.175615 0.000000 -0.000000 1.570796
  13 -0.000000 -0.000000 -8.959705 0.003226 -0.000108 -1.208642
  14 -0.000000 -1.769384 12.121017 0.001889 0.005609 0.547004
  15 -0.000000 -1.769386 12.121017 0.519372 0.159622 -0.295424
  16 -0.000000 -1.769384 12.121017 0.000559 0.002935 0.273499
  17 -0.000000 -0.000001 0.000000 1.694062 -0.000000 0.000000
  18 -0.000001 -6.753162 0.000001 -1.699020 0.270996 -0.037499
  19 -0.000000 0.000000 -0.000000 1.742380 0.000000 -0.000000
  20 0.000001 -10.999714 0.000003 -0.000000 -0.000000 0.000000
  21 -0.000000 0.000000 0.000000 -0.000000 -0.000000 0.000000
  22 -0.000000 0.000000 0.000000 -1.341552 -1.993774 0.192913
  23 -0.000000 -0.000002 0.000001 -0.000000 0.000000 0.000000
  24 -0.000000 0.000000 0.000000 -1.341552 1.993774 -0.192913
  25 -0.000000 -0.000002 0.000001 0.000000 -0.000001 -0.000000
  26 8.250675 -0.215592 2.184240 2.430606 0.418486 0.043385
  27 -0.000000 19.280832 -0.000002 1.289883 -0.000000 0.000000
  28 0.000001 15.641138 -0.000000 -1.372029 -0.120886 0.249381
  29 -0.000093 10.987783 -0.000464 0.880380 -3.141171 0.000000
  30 -1.873870 4.392866 10.061482 -0.000523 0.630165 -1.571104
  31 0.000000 0.000002 0.000002 -0.000000 -0.000000 -0.000000
  32 -0.000000 0.000000 -0.000000 0.000000 -0.000000 -0.000000
  33 0.000000 0.000001 0.000001 -0.000000 -0.000000 0.000000
  34 0.000000 0.000000 0.000000 -0.000000 -0.000000 -0.000000
  35 0.000000 7.820572 -0.000002 -0.000000 -0.140937 -0.000000
  36 0.000000 0.000000 0.000000 0.000000 0.000204 0.000000
  37 -0.000001 -0.000004 -0.000000 -0.000000 -0.000000 -0.000000
  38 -0.000001 9.640417 0.000000 -0.000000 0.202640 0.000000
  39 0.000000 0.000000 0.000000 -0.000000 0.000000 0.000000
  40 -8.250679 -0.215601 2.184243 3.044768 0.266360 -0.318984
  41 0.000005 19.468563 0.000009 0.911780 0.000000 -0.000000
  42 0.000003 15.833690 -0.000002 -1.316829 -0.375819 0.187418
  43 0.000002 10.987679 -0.000692 1.350871 3.141170 -0.000000
  44 1.873868 4.392863 10.061484 0.000523 2.511427 1.571105
  45 -0.000000 0.000001 0.000002 -0.000000 -0.000000 -0.000000
  46 0.000000 0.000000 0.000000 -0.000000 -0.000000 0.000000
  47 -0.000001 0.000002 -0.000002 0.000000 -0.000000 0.000000
  48 0.000000 0.000000 0.000000 0.000000 -0.000000 0.000000
  49 0.000001 7.916846 -0.000004 0.000000 -0.226954 -0.000000
  50 0.000000 0.000000 0.000000 0.000000 -0.000205 0.000000
  51 -0.000000 -0.000008 -0.000000 0.000000 0.000000 -0.000000
  52 0.000003 9.734284 0.000004 0.000001 0.166765 0.000000
  53 0.000000 0.000000 0.000000 -0.000000 -0.000000 0.000000
  54 8.250678 -0.215596 2.184238 2.903292 0.000001 0.000000
  55 8.250677 -0.215596 2.184239 -1.742380 0.000000 0.000000
  56 0.000000 -0.000001 0.000000 -1.637514 -0.000000 -0.000000
  57 -0.000001 19.896328 0.000000 0.140363 -0.000000 -0.000000
  58 -0.000000 16.264105 0.000001 -0.703810 -0.000322 0.000273
  59 0.000000 0.000000 0.000000 -0.000000 0.000000 0.000000
  60 0.000001 10.988297 0.000001 0.880380 -3.141171 0.000000
  61 -0.000000 0.000001 0.000000 0.000000 -0.000000 0.000000
  62 -0.000000 -0.000001 0.000000 -1.531680 -0.101479 -0.001804
  63 -0.000001 -0.000004 0.000000 -0.566696 -0.406713 -0.000001
  64 -0.000001 19.280827 -0.000002 1.289883 -0.000000 0.000000
  65 8.250674 -0.215591 2.184240 2.496086 0.133288 0.280296
  66 -0.000000 -0.000000 0.000000 -0.000000 -0.000000 0.000000
  67 8.250674 -0.215591 2.184240 2.496086 0.133288 0.280296
  68 -0.000001 9.640418 -0.000001 -0.000000 -0.161836 0.000000
  69 -0.000001 9.640416 0.000000 1.289883 -0.202641 0.000000
  70 -0.000001 7.820566 -0.000002 0.000000 -0.140733 -0.000000
  71 -0.000001 7.820573 0.000000 -1.337441 0.015546 0.247556
  72 0.000001 10.987801 0.000001 0.880337 -3.141171 -0.000008
  73 -8.250678 -0.215593 2.184242 2.903292 0.000001 0.000000
  74 -8.250678 -0.215593 2.184242 -1.742380 0.000000 0.000000
  75 0.000000 -0.000001 0.000000 -1.637514 0.000000 0.000000
  76 0.000000 19.896330 0.000000 0.140363 0.000000 -0.000000
  77 -0.000000 16.264103 0.000001 -0.703810 0.000322 -0.000273
  78 0.000000 0.000000 0.000000 -0.000000 0.000000 -0.000000
  79 -0.000000 10.988298 -0.000001 0.880380 3.141171 -0.000000
  80 -0.000000 0.000000 0.000000 0.000000 0.000000 -0.000000
  81 0.000001 -0.000001 0.000000 -1.077906 0.384428 0.097095
  82 -0.000000 0.000004 -0.000001 -0.405443 -0.253266 0.000000
  83 0.000009 19.468561 0.000007 0.911780 0.000000 -0.000000
  84 -8.250679 -0.215601 2.184243 3.048081 -0.048697 -0.288858
  85 0.000000 0.000000 0.000000 0.000000 0.000000 -0.000000
  86 -8.250679 -0.215601 2.184243 3.048081 -0.048697 -0.288858
  87 0.000002 9.734288 0.000001 -0.000000 -0.149700 0.000000
  88 0.000001 9.734284 0.000001 0.911779 -0.166764 -0.000000
  89 -0.000001 7.916838 -0.000001 0.000000 -0.227159 0.000000
  90 0.000001 7.916852 0.000002 -1.274426 -0.152371 0.176262
  91 0.000000 10.987700 -0.000001 1.350808 3.141170 -0.000000
  92 -0.000000 0.000000 0.000000 -0.048318 0.000000 0.000000
  93 -0.000000 0.000000 0.000000 -0.000000 0.000000 -0.000000
  94 0.000001 -10.999714 0.000003 -0.000000 -0.000000 0.000000
  95 0.000000 -1.769385 12.121017 0.264876 0.060561 -0.157750
  96 0.000000 -0.000001 0.000000 1.538978 0.000000 0.000000
  97 0.000000 -0.000000 -0.000001 0.016690 0.217758 -0.008585
  98 0.000000 0.000000 0.000000 -0.155084 -0.000000 -0.000000
  99 0.000000 0.000000 0.000000 -0.000000 -0.000000 0.000000
  100 -0.000000 8.544818 0.000001 -1.264147 -0.155428 -0.066330
  101 0.000000 0.000000 -0.000000 1.542233 -0.000000 -0.000000
  102 0.000001 9.518029 0.000001 -0.245360 0.167506 0.021637
  103 -0.000000 3.039627 -0.000000 0.193773 0.001703 0.000335
  104 0.000000 3.098973 0.000000 -0.322716 0.173051 -0.005280
  105 0.000001 9.518029 0.000001 -1.810081 0.167506 0.021637
  106 0.000000 0.000000 0.000000 1.662547 -0.000000 -0.000000
  107 0.000000 6.109814 0.000001 -1.932111 0.168881 0.001184
  108 0.000000 0.000000 0.000000 1.705016 -0.011633 0.001599
  109 0.000000 0.000000 0.000000 -0.097827 -0.000000 0.000000
  110 0.000000 0.000000 0.000000 0.000000 -0.000000 0.000000
  111 0.000001 3.025095 -0.296881 0.067117 0.000995 0.005790
  112 0.000000 0.000000 0.000000 0.095948 -0.000000 0.000000
  113 0.000000 0.000000 -0.000000 0.000000 -0.000000 0.000000
  114 -0.000000 -0.000000 -0.000000 0.000000 0.000000 -0.000000
  115 0.904461 6.782040 3.867484 -0.862765 -1.948169 -0.507226
  116 0.010193 19.450788 -0.828333 2.158356 1.866912 0.274148
  117 0.000003 20.136984 -0.000003 0.265760 0.000000 -0.000000
  118 -0.000003 25.366743 -0.000012 0.349743 -0.295454 0.492723
  119 0.000000 0.000000 0.000000 -0.000000 0.000001 0.000001
  120 0.000000 0.000000 0.000000 -0.000000 -0.000001 -0.000001
  121 0.000000 0.000000 0.000000 -0.000000 -0.000000 -0.000000
  122 -0.000000 -0.000001 -0.000001 0.000000 -0.000000 -0.000000
  123 -0.000001 12.683371 -0.000007 -0.000001 -0.101649 0.000000
  124 -0.000000 -0.000000 -0.000000 -0.000001 0.001371 -0.000001
  125 0.000000 0.000000 0.000000 -0.000000 -0.000000 0.000000
  126 0.000004 10.068495 -0.000003 -0.000000 -0.829820 0.000000
  127 0.000000 0.000000 0.000000 -0.000000 -0.000000 -0.000000
  128 -0.000001 0.000002 0.000000 0.000000 0.000000 0.000000
  129 0.010190 19.450788 -0.828334 -1.068311 -0.458283 0.722012
  130 0.010191 19.450788 -0.828333 0.041386 -0.124298 1.319061
  131 0.000000 0.000000 0.000000 -1.332781 0.484537 -2.373637
  132 -0.000001 20.126823 -0.000000 0.277335 0.000000 -0.000000
  133 -0.000004 25.356462 -0.000003 0.198412 -0.005445 0.027073
  134 0.000000 0.000000 0.000000 -0.000000 0.000000 0.000000
  135 0.000001 -0.000001 0.000000 -0.153940 -0.280683 2.929375
  136 0.000001 0.000002 0.000001 -0.148236 1.540191 0.000003
  137 0.000002 20.136972 0.000002 0.265760 0.000000 0.000000
  138 0.010193 19.450788 -0.828333 -0.252782 -0.241023 -1.843330
  139 0.000000 0.000000 0.000000 -0.000000 -0.000000 -0.000000
  140 0.010193 19.450788 -0.828333 -0.252783 -0.241023 -1.843330
  141 -0.000001 10.068489 -0.000002 0.000001 0.822060 0.000000
  142 -0.000001 10.068486 -0.000002 0.265760 0.829820 -0.000000
  143 -0.000003 12.683368 0.000001 0.000000 -0.100277 0.000000
  144 0.000000 12.683365 -0.000005 0.398148 -0.206803 0.480680
  145 0.838802 0.695164 1.002008 -0.146529 0.831651 0.111056
  146 0.113715 6.023351 0.007223 0.057775 -0.287169 0.072685
  147 0.000001 5.184053 -0.000003 0.618744 -0.003807 0.022168
  148 -0.000001 5.576725 0.000002 0.495705 0.000643 -0.036172
  149 0.113715 6.023351 0.007223 0.057775 -0.287169 0.072685
  150 0.000001 5.184053 -0.000003 0.618744 -0.003807 0.022168
  151 -0.000001 5.576725 0.000002 0.495705 0.000643 -0.036172
  152 0.113716 6.023352 0.007225 0.057776 -0.287169 0.072685
  153 0.000000 0.000000 0.000000 -0.000000 -0.000000 0.000000
  154 0.113715 6.023351 0.007223 0.057776 -0.287169 0.072685
  155 0.000000 0.000000 0.000000 0.000000 -0.000000 -0.000000
  156 0.000001 5.184051 -0.000001 0.618743 -0.003806 0.022168
  157 0.000000 0.000000 0.000000 -0.000000 -0.000001 -0.000001
  158 -0.000001 5.576726 0.000004 0.495705 0.000643 -0.036172
  159 0.000000 0.000000 0.000000 0.000000 -0.000000 -0.000000
  160 -0.000001 9.158426 -0.000001 3.141592 0.324016 -0.000001
  161 -0.000001 -0.000002 0.000001 -0.000000 -0.000000 0.000000
  162 0.000003 -0.000002 0.000001 0.000000 -0.000000 0.000000
  163 0.113715 6.023351 0.007223 0.057775 -0.287169 0.072685
  164 0.208222 1.308905 0.886643 -0.521837 0.710749 -0.438947
  165 -0.110257 4.788440 0.059888 0.177555 -0.296553 -0.038425
  166 -0.000001 6.134691 -0.000000 0.621661 -0.004721 0.048259
  167 0.000003 5.142234 0.000003 0.525884 0.000042 -0.073619
  168 -0.110257 4.788440 0.059888 0.177555 -0.296553 -0.038425
  169 -0.000001 6.134691 -0.000000 0.621661 -0.004721 0.048259
  170 0.000003 5.142234 0.000003 0.525884 0.000042 -0.073619
  171 -0.110269 4.788432 0.059888 0.177555 -0.296553 -0.038426
  172 -0.000000 0.000001 0.000001 0.000000 -0.000000 -0.000000
  173 -0.000000 0.000001 0.000001 0.000000 -0.000000 -0.000000
  174 -0.110257 4.788440 0.059888 0.177555 -0.296552 -0.038425
  175 0.000000 0.000000 0.000000 -0.000000 -0.000001 -0.000001
  176 -0.000003 6.134692 0.000002 0.621661 -0.004721 0.048261
  177 0.000000 0.000000 0.000000 -0.000000 -0.000000 -0.000000
  178 0.000001 5.142235 0.000003 0.525884 0.000043 -0.073618
  179 0.000000 0.000000 0.000000 -0.000000 -0.000001 -0.000001
  180 0.000000 9.920086 0.000004 -3.141592 0.323204 -0.000000
  181 0.000000 0.000000 0.000004 0.000000 -0.000000 0.000000
  182 0.000000 0.000000 0.000000 0.000001 0.000000 -0.000000
  183 -0.110257 4.788440 0.059888 0.177555 -0.296553 -0.038425
  184 -0.000000 0.000001 0.000001 0.000000 -0.000000 -0.000000
  185 1.229537 0.555890 1.288365 -0.746847 0.623235 -0.695221
  186 -0.331583 5.592357 -0.039377 0.207021 -0.080209 -0.208698
  187 -0.000000 5.046770 0.000000 0.597919 0.005800 -0.038570
  188 0.000001 4.876215 0.000001 0.563055 -0.002099 0.057280
  189 -0.331583 5.592357 -0.039377 0.207021 -0.080209 -0.208698
  190 -0.000000 5.046770 0.000000 0.597919 0.005800 -0.038570
  191 0.000001 4.876215 0.000001 0.563055 -0.002099 0.057280
  192 -0.331591 5.592357 -0.039377 0.207022 -0.080209 -0.208698
  193 0.000000 0.000000 0.000000 -0.000000 -0.000000 -0.000000
  194 0.000000 0.000000 0.000000 -0.000000 -0.000000 -0.000000
  195 -0.331583 5.592357 -0.039377 0.207022 -0.080209 -0.208698
  196 0.000000 0.000000 0.000000 0.000000 -0.000000 0.000000
  197 -0.000002 5.046770 -0.000002 0.597918 0.005799 -0.038570
  198 0.000000 0.000000 0.000000 -0.000000 0.000000 0.000000
  199 0.000002 4.876214 0.000004 0.563055 -0.002099 0.057280
  200 0.000000 0.000000 0.000000 -0.000000 -0.000000 -0.000000
  201 0.000001 10.336268 0.000004 -3.141592 -0.095607 -0.000001
  202 0.000001 -0.000002 0.000001 0.000000 -0.000000 -0.000000
  203 0.000000 0.000000 0.000000 0.000001 0.000000 -0.000000
  204 -0.331583 5.592357 -0.039377 0.207021 -0.080209 -0.208698
  205 0.000000 0.000000 0.000000 -0.000000 -0.000000 -0.000000
  206 2.510277 0.335970 0.022939 -0.704386 0.728957 -0.808876
  207 -0.639274 4.086071 -0.233729 0.204092 -0.003080 -0.542466
  208 -0.000001 4.945984 -0.000000 0.634724 0.001324 -0.011933
  209 0.000001 6.128851 -0.000000 0.683093 -0.001326 0.020280
  210 -0.639274 4.086071 -0.233729 0.204092 -0.003080 -0.542466
  211 -0.000001 4.945984 -0.000000 0.634724 0.001324 -0.011933
  212 0.000001 6.128851 -0.000000 0.683093 -0.001326 0.020280
  213 -0.639269 4.086068 -0.233732 0.204092 -0.003080 -0.542466
  214 -0.000000 0.000001 0.000001 -0.000000 -0.000000 -0.000000
  215 -0.000000 0.000001 0.000001 -0.000000 -0.000000 -0.000000
  216 -0.639274 4.086071 -0.233729 0.204093 -0.003081 -0.542467
  217 0.000000 0.000000 0.000000 -0.000000 0.000001 0.000001
  218 -0.000002 4.945984 -0.000000 0.634724 0.001324 -0.011934
  219 0.000000 0.000000 0.000000 -0.000000 0.000001 0.000001
  220 0.000001 6.128851 0.000001 0.683093 -0.001326 0.020280
  221 0.000000 0.000000 0.000000 -0.000000 0.000000 0.000000
  222 0.000000 8.781752 0.000004 3.141593 -0.488191 0.000000
  223 0.000001 -0.000001 0.000001 0.000000 -0.000000 0.000000
  224 0.000000 0.000000 0.000000 0.000000 -0.000000 -0.000000
  225 -0.639274 4.086071 -0.233729 0.204092 -0.003080 -0.542466
  226 -0.000000 0.000001 0.000001 -0.000000 -0.000000 -0.000000
  227 0.777023 1.281751 1.958795 0.196514 0.598662 0.924076
  228 0.500622 4.246590 -0.069076 0.213321 0.019605 0.282980
  229 -0.000001 4.879311 0.000000 0.570781 0.004531 -0.036921
  230 -0.000002 5.043329 -0.000004 0.515285 -0.001208 0.055324
  231 0.500622 4.246590 -0.069076 0.213321 0.019605 0.282980
  232 -0.000001 4.879311 0.000000 0.570781 0.004531 -0.036921
  233 -0.000002 5.043329 -0.000004 0.515285 -0.001208 0.055324
  234 0.500623 4.246590 -0.069076 0.213321 0.019605 0.282980
  235 0.000000 0.000000 0.000000 0.000000 -0.000000 -0.000000
  236 0.500622 4.246590 -0.069076 0.213321 0.019605 0.282979
  237 0.000000 0.000000 0.000000 -0.000000 0.000001 0.000000
  238 -0.000000 4.879311 0.000001 0.570781 0.004531 -0.036922
  239 0.000000 0.000000 0.000000 0.000000 0.000000 0.000000
  240 0.000001 5.043322 -0.000001 0.515285 -0.001208 0.055324
  241 0.000000 0.000000 0.000000 -0.000000 0.000000 0.000000
  242 0.000003 10.325292 -0.000000 3.141593 -0.093079 -0.000000
  243 0.000000 0.000000 0.000000 -0.000000 -0.000000 -0.000000
  244 0.000000 0.000000 0.000000 -0.000000 -0.000000 -0.000000
  245 0.500622 4.246590 -0.069076 0.213321 0.019605 0.282980
  246 0.986052 0.947619 1.368037 0.166521 0.766158 0.595878
  247 0.380703 5.238173 -0.053071 0.036911 -0.459751 0.204801
  248 0.000001 4.968779 -0.000003 0.626204 0.003072 -0.030015
  249 -0.000002 5.803467 -0.000001 0.611638 -0.001678 0.049315
  250 0.380703 5.238173 -0.053071 0.036911 -0.459751 0.204801
  251 0.000001 4.968779 -0.000003 0.626204 0.003072 -0.030015
  252 -0.000002 5.803467 -0.000001 0.611638 -0.001678 0.049315
  253 0.380704 5.238180 -0.053077 0.036912 -0.459751 0.204801
  254 0.000000 0.000000 0.000000 -0.000000 0.000000 -0.000000
  255 0.380703 5.238173 -0.053071 0.036912 -0.459751 0.204801
  256 0.000000 0.000000 0.000000 -0.000000 -0.000000 -0.000000
  257 0.000001 4.968779 -0.000003 0.626203 0.003073 -0.030015
  258 0.000000 0.000000 0.000000 -0.000000 -0.000000 -0.000000
  259 -0.000004 5.803468 -0.000002 0.611638 -0.001678 0.049316
  260 0.000000 0.000000 0.000000 0.000000 -0.000000 0.000000
  261 0.000004 9.111450 -0.000001 3.141592 0.806825 -0.000001
  262 0.000000 0.000000 0.000000 -0.000000 0.000000 -0.000000
  263 0.000000 0.000000 0.000000 -0.000000 -0.000000 0.000001
  264 0.380703 5.238173 -0.053071 0.036911 -0.459751 0.204801
  265 2.510270 0.335973 0.022935 -0.704386 0.728957 -0.808876
  266 2.510270 0.335973 0.022935 -0.704386 0.728957 -0.808876
  267 2.510270 0.335973 0.022935 -0.704386 0.728957 -0.808876
  268 -0.904459 6.782039 3.867485 -0.241596 1.650766 1.340337
  269 -0.010191 19.450779 -0.828348 -1.804165 -0.122163 1.685694
  270 -0.000000 19.388702 0.000000 1.681106 -0.000000 -0.000000
  271 -0.000001 24.524708 -0.000007 -0.080251 -0.785051 0.122922
  272 0.000000 0.000000 0.000000 0.000000 -0.000001 -0.000001
  273 0.000000 0.000000 0.000000 -0.000000 0.000001 0.000001
  274 -0.000002 0.000001 0.000001 -0.000000 0.000000 0.000000
  275 -0.000000 -0.000002 -0.000001 0.000000 -0.000000 -0.000000
  276 -0.000003 12.262356 -0.000004 -0.000000 -0.394080 -0.000000
  277 -0.000000 -0.000001 -0.000000 -0.000000 -0.001371 0.000001
  278 0.000000 0.000000 0.000000 0.000000 0.000000 -0.000000
  279 -0.000002 9.694350 -0.000001 0.000000 0.378983 0.000000
  280 0.000000 0.000000 0.000000 -0.000000 0.000000 0.000000
  281 0.000000 0.000002 -0.000000 0.000000 -0.000000 0.000000
  282 -0.010188 19.450787 -0.828334 -1.068311 0.458283 -0.722012
  283 -0.010187 19.450785 -0.828334 0.041386 0.124298 -1.319061
  284 0.000000 0.000000 0.000000 -1.332781 -0.484537 2.373637
  285 -0.000006 20.126829 0.000001 0.277335 -0.000000 0.000000
  286 0.000002 25.356453 0.000003 0.198412 0.005445 -0.027074
  287 0.000000 0.000000 0.000000 0.000000 -0.000000 -0.000000
  288 0.000002 0.000000 0.000000 -0.820181 0.140659 2.863663
  289 -0.000003 0.000007 -0.000003 -0.970397 -0.195133 -0.000000
  290 0.000006 19.388702 0.000003 1.681106 -0.000000 -0.000000
  291 -0.010191 19.450779 -0.828348 -1.687753 -0.235984 1.054297
  292 0.000000 0.000000 0.000000 -0.000000 0.000000 0.000000
  293 -0.010191 19.450779 -0.828348 -1.687753 -0.235984 1.054296
  294 -0.000001 9.694348 0.000001 0.000000 -0.251957 -0.000000
  295 0.000001 9.694350 0.000002 1.681106 -0.378984 0.000000
  296 -0.000003 12.262357 -0.000001 0.000000 -0.395452 -0.000000
  297 -0.000001 12.262352 -0.000002 -0.029123 -0.391823 0.093981
  298 -0.838801 0.695164 1.002014 -0.146529 -0.831651 -0.111056
  299 -0.317535 5.550478 0.010848 0.057776 0.287169 -0.072684
  300 0.000000 5.184052 0.000000 1.571902 0.003807 -0.022168
  301 0.000000 5.576725 -0.000000 1.448864 -0.000644 0.036172
  302 -0.317535 5.550478 0.010848 0.057776 0.287169 -0.072684
  303 0.000000 5.184052 0.000000 1.571902 0.003807 -0.022168
  304 0.000000 5.576725 -0.000000 1.448864 -0.000644 0.036172
  305 -0.317535 5.550478 0.010850 0.057776 0.287169 -0.072685
  306 0.000000 0.000000 0.000000 -0.000000 -0.000000 0.000000
  307 -0.317535 5.550478 0.010848 0.057776 0.287169 -0.072685
  308 0.000000 0.000000 0.000000 0.000000 0.000000 0.000000
  309 -0.000003 5.184052 0.000002 1.571902 0.003806 -0.022168
  310 0.000000 0.000000 0.000000 -0.000000 0.000001 0.000000
  311 0.000002 5.576725 0.000001 1.448864 -0.000644 0.036172
  312 0.000000 0.000000 0.000000 0.000000 0.000000 0.000000
  313 0.000000 9.158419 0.000000 3.141593 -0.324016 0.000001
  314 0.000001 -0.000004 -0.000000 -0.000000 -0.000000 0.000000
  315 0.000000 0.000000 0.000000 0.000000 -0.000000 -0.000000
  316 -0.317535 5.550478 0.010848 0.057776 0.287169 -0.072684
  317 -0.208229 1.308913 0.886645 -0.521836 -0.710749 0.438946
  318 0.280537 4.550008 0.152961 0.177555 0.296553 0.038426
  319 0.000000 6.134695 -0.000000 1.437462 0.004721 -0.048260
  320 0.000000 5.142235 -0.000001 1.341686 -0.000044 0.073620
  321 0.280537 4.550008 0.152961 0.177555 0.296553 0.038426
  322 0.000000 6.134695 -0.000000 1.437462 0.004721 -0.048260
  323 0.000000 5.142235 -0.000001 1.341686 -0.000044 0.073619
  324 0.280534 4.550005 0.152959 0.177555 0.296553 0.038426
  325 0.000000 0.000000 0.000000 -0.000000 0.000000 -0.000000
  326 0.000000 0.000000 0.000000 -0.000000 0.000000 -0.000000
  327 0.280537 4.550008 0.152961 0.177554 0.296552 0.038425
  328 0.000000 0.000000 0.000000 -0.000000 0.000001 0.000001
  329 0.000001 6.134695 0.000003 1.437463 0.004721 -0.048261
  330 0.000000 0.000000 0.000000 -0.000000 0.000000 0.000001
  331 0.000002 5.142237 -0.000002 1.341686 -0.000043 0.073619
  332 0.000000 0.000000 0.000000 -0.000000 0.000001 0.000001
  333 -0.000003 9.920084 0.000002 -3.141593 -0.323204 -0.000000
  334 0.000000 0.000000 0.000000 0.000000 -0.000000 0.000000
  335 0.000000 0.000000 0.000000 -0.000000 -0.000000 -0.000000
  336 0.280537 4.550008 0.152961 0.177555 0.296553 0.038426
  337 0.000000 0.000000 0.000000 -0.000000 0.000000 -0.000000
  338 -1.229537 0.555894 1.288369 -0.746847 -0.623235 0.695222
  339 1.030220 5.180543 -0.121501 0.207022 0.080209 0.208698
  340 -0.000001 5.046764 -0.000000 1.551076 -0.005799 0.038570
  341 0.000001 4.876218 0.000000 1.516214 0.002098 -0.057280
  342 1.030220 5.180543 -0.121501 0.207022 0.080209 0.208698
  343 -0.000001 5.046764 -0.000000 1.551076 -0.005799 0.038570
  344 0.000001 4.876218 0.000000 1.516214 0.002098 -0.057280
  345 1.030217 5.180537 -0.121502 0.207022 0.080209 0.208698
  346 0.000000 0.000000 0.000000 -0.000000 0.000000 0.000000
  347 0.000000 0.000000 0.000000 -0.000000 0.000000 0.000000
  348 1.030220 5.180543 -0.121501 0.207022 0.080209 0.208698
  349 0.000000 0.000000 0.000000 -0.000000 -0.000000 -0.000000
  350 0.000000 5.046765 0.000000 1.551077 -0.005799 0.038570
  351 0.000000 0.000000 0.000000 0.000000 -0.000000 -0.000000
  352 0.000002 4.876215 -0.000002 1.516214 0.002099 -0.057281
  353 0.000000 0.000000 0.000000 -0.000000 0.000001 0.000001
  354 0.000000 10.336263 0.000002 -3.141593 0.095607 0.000001
  355 -0.000000 -0.000002 -0.000000 0.000000 0.000000 0.000000
  356 0.000000 0.000000 0.000000 -0.000000 0.000000 -0.000000
  357 1.030220 5.180543 -0.121501 0.207022 0.080209 0.208698
  358 0.000000 0.000000 0.000000 -0.000000 0.000000 0.000000
  359 -2.510275 0.335973 0.022942 -0.704386 -0.728957 0.808876
  360 1.629465 3.937246 -0.595648 0.204092 0.003080 0.542466
  361 0.000001 4.945991 0.000001 1.450525 -0.001323 0.011933
  362 -0.000001 6.128852 0.000003 1.498894 0.001326 -0.020280
  363 1.629465 3.937246 -0.595648 0.204092 0.003080 0.542466
  364 0.000001 4.945991 0.000001 1.450525 -0.001323 0.011933
  365 -0.000001 6.128852 0.000003 1.498894 0.001326 -0.020280
  366 1.629467 3.937242 -0.595650 0.204092 0.003080 0.542466
  367 0.000000 0.000000 0.000000 -0.000000 0.000000 -0.000000
  368 0.000000 0.000000 0.000000 -0.000000 0.000000 -0.000000
  369 1.629465 3.937246 -0.595648 0.204093 0.003081 0.542467
  370 0.000000 0.000000 0.000000 -0.000000 -0.000001 -0.000001
  371 -0.000000 4.945986 -0.000001 1.450525 -0.001324 0.011934
  372 0.000000 0.000000 0.000000 -0.000000 -0.000001 -0.000001
  373 -0.000001 6.128851 -0.000000 1.498894 0.001326 -0.020280
  374 0.000000 0.000000 0.000000 -0.000000 -0.000000 -0.000000
  375 0.000000 8.781746 0.000000 -3.141593 0.488190 -0.000000
  376 -0.000000 -0.000002 0.000001 -0.000000 0.000000 0.000000
  377 0.000001 0.000001 -0.000004 -0.000000 -0.000000 -0.000000
  378 1.629465 3.937246 -0.595648 0.204092 0.003080 0.542466
  379 0.000000 0.000000 0.000000 -0.000000 0.000000 -0.000000
  380 -0.777029 1.281752 1.958799 0.196514 -0.598662 -0.924076
  381 -1.567123 3.717167 -0.216433 0.213321 -0.019605 -0.282980
  382 -0.000000 4.879316 -0.000000 1.523940 -0.004531 0.036922
  383 -0.000004 5.043319 0.000001 1.468444 0.001208 -0.055325
  384 -1.567123 3.717167 -0.216433 0.213321 -0.019605 -0.282980
  385 -0.000000 4.879316 -0.000000 1.523940 -0.004531 0.036922
  386 -0.000004 5.043319 0.000001 1.468444 0.001208 -0.055325
  387 -1.567119 3.717166 -0.216434 0.213321 -0.019605 -0.282979
  388 0.000000 0.000000 0.000000 -0.000000 0.000000 0.000000
  389 -1.567123 3.717167 -0.216433 0.213321 -0.019605 -0.282979
  390 0.000000 0.000000 0.000000 -0.000000 -0.000001 -0.000001
  391 0.000002 4.879317 -0.000001 1.523939 -0.004530 0.036922
  392 0.000000 0.000000 0.000000 0.000000 -0.000000 -0.000000
  393 -0.000003 5.043317 -0.000000 1.468444 0.001208 -0.055324
  394 0.000000 0.000000 0.000000 0.000000 0.000000 -0.000000
  395 0.000002 10.325290 0.000001 3.141593 0.093078 0.000000
  396 -0.000003 0.000001 -0.000001 -0.000000 -0.000000 -0.000000
  397 0.000000 0.000002 -0.000000 -0.000000 -0.000000 0.000001
  398 -1.567123 3.717167 -0.216433 0.213321 -0.019605 -0.282980
  399 -0.986053 0.947619 1.368040 0.166521 -0.766158 -0.595879
  400 -0.976917 4.848147 -0.135128 0.036912 0.459751 -0.204801
  401 0.000000 4.968778 -0.000000 1.442004 -0.003072 0.030015
  402 0.000000 5.803463 0.000001 1.427439 0.001678 -0.049315
  403 -0.976917 4.848147 -0.135128 0.036912 0.459751 -0.204801
  404 0.000000 4.968778 -0.000000 1.442004 -0.003072 0.030015
  405 0.000000 5.803463 0.000001 1.427439 0.001678 -0.049315
  406 -0.976917 4.848151 -0.135130 0.036912 0.459751 -0.204801
  407 0.000000 0.000000 0.000000 0.000000 0.000000 -0.000000
  408 -0.976917 4.848147 -0.135128 0.036912 0.459751 -0.204801
  409 0.000000 0.000000 0.000000 -0.000000 0.000000 0.000000
  410 -0.000002 4.968777 0.000001 1.442004 -0.003073 0.030015
  411 0.000000 0.000000 0.000000 -0.000000 0.000000 0.000000
  412 0.000004 5.803463 0.000001 1.427439 0.001678 -0.049316
  413 0.000000 0.000000 0.000000 -0.000000 -0.000000 -0.000000
  414 0.000000 9.111452 0.000000 3.141592 -0.806826 0.000001
  415 -0.000000 0.000000 -0.000001 0.000000 -0.000000 -0.000000
  416 0.000000 0.000000 0.000000 0.000000 -0.000000 -0.000001
  417 -0.976917 4.848147 -0.135128 0.036912 0.459751 -0.204801
  418 -2.510271 0.335970 0.022941 -0.704386 -0.728957 0.808876
  419 -2.510271 0.335970 0.022941 -0.704386 -0.728957 0.808876
  420 -2.510271 0.335970 0.022941 -0.704386 -0.728957 0.808876
  421 8.463108 -0.489836 -2.120323 1.542233 -0.000000 3.141593
  422 -0.000000 -0.000001 -0.000000 -0.000000 -0.000000 0.000000
  423 -8.463109 -0.489831 -2.120326 1.542233 -0.000000 -3.141593
  424 -0.000000 -0.000001 -0.000001 -0.000000 0.000000 -0.000000
  425 8.463108 -0.489836 -2.120323 1.542233 -0.000000 3.141593
  426 -8.463109 -0.489831 -2.120326 1.542233 -0.000000 -3.141593
  427 0.904461 6.782040 3.867484 -0.862765 -1.948169 -0.507226
  428 -0.904459 6.782039 3.867485 -0.241596 1.650766 1.340337
  429 0.000000 0.000000 -0.000000 0.000000 -0.000000 0.000000
  430 -2.384858 45.420403 15.540361 0.000000 -0.000000 1.570796
  431 -88.700371 8.747349 8.946110 0.532896 0.851634 0.951308
  432 0.000002 0.000003 0.000001 0.000000 0.000000 -0.000000
  433 33.020790 29.907074 18.974630 0.242687 0.017008 -0.567613
  434 41.965199 -33.270733 25.690886 0.636717 0.964784 -2.018134
  435 -2.384865 -45.420403 15.540361 0.000000 -0.000000 1.570796
  436 24.242256 20.544529 2.681606 -0.918223 -0.753195 2.471711
  437 -0.000001 0.000000 0.000002 0.000000 -0.000000 -0.000000
  438 -26.029114 38.698204 33.110931 0.485099 0.149620 0.362353
  439 -8.364002 -7.200155 -66.582764 0.636716 -0.964784 2.018134
  440 -0.483101 8.250682 -13.900933 0.000000 -0.000000 1.570796
  441 0.000001 -4.719681 -0.755246 -0.015825 -0.000000 0.000000
  442 -0.000000 -6.475163 -8.877786 0.000000 0.000000 0.000000
  443 0.000000 6.475164 8.877786 -0.000000 -0.000000 0.000000
  444 -1.878119 12.014874 -0.599893 0.000000 -0.000000 -0.000000
  445 3.953932 -0.000000 -0.000000 0.000000 -0.000000 -0.000000
  446 -1.976967 0.000000 0.000000 0.000000 -0.000000 -0.000000
  447 -0.098848 -12.014874 0.599885 -0.000000 -0.000000 0.000000
  448 0.000000 6.475163 8.877787 -2.200961 0.000249 0.000341
  449 0.000001 0.000001 0.000002 -0.000000 0.000000 0.000000
  450 -0.000002 10.988306 0.000000 2.200961 0.000422 0.000000
  451 0.000000 0.000000 0.000000 -0.060252 -0.000000 -3.141593
  452 32.908997 -17.632256 -6.717344 0.004588 0.003839 0.909170
  453 14.889573 8.226237 0.277827 -0.003598 -0.000000 -0.000000
  454 -0.483102 -8.250682 -13.900933 0.000000 -0.000000 1.570796
  455 -0.248246 29.314190 -0.638298 0.000000 -0.000000 -0.000000
  456 0.000001 -6.475163 -8.877786 0.000000 -0.000000 -0.000000
  457 -0.000001 6.475163 8.877786 0.470491 0.000000 0.000000
  458 1.878117 12.014874 -0.599890 -0.000000 0.000000 -0.000000
  459 -3.953933 -0.000001 -0.000000 -0.000000 0.000000 -0.000000
  460 1.976967 0.000000 0.000000 -0.000000 0.000000 -0.000000
  461 0.098851 -12.014877 0.599886 0.470491 0.000000 0.000000
  462 0.000001 6.475163 8.877784 -2.200961 -0.000249 -0.000341
  463 0.000000 -0.000001 -0.000000 -0.000000 -0.000000 -0.000000
  464 0.000001 10.988304 -0.000001 1.730470 -0.000422 -0.000000
  465 0.000000 0.000000 0.000000 -0.060252 0.000000 -3.141593
  466 22.770628 -30.651630 -6.653999 0.004588 0.003839 0.909170
  467 3.146399 11.358481 -0.883348 -0.003598 -0.000000 -0.000000
  time 7
  0 0.000000 0.000000 -23.603888 0.000000 -0.000000 1.570796
  1 0.067860 3.232260 36.661785 1.814021 0.003363 -0.328746
  2 0.000000 10.999708 -0.000001 -0.049630 0.000873 0.017817
  3 0.000001 6.753167 -0.000001 0.090745 -0.315518 -0.005209
  4 -0.000000 8.544831 -0.000001 0.266117 -0.390012 -0.077043
  5 0.000001 9.518030 0.000004 -0.216539 0.223033 0.018675
  6 -0.000000 3.039644 -0.000000 0.193777 0.002437 0.000479
  7 0.000000 3.098958 -0.000000 -0.255808 0.227072 -0.019549
  8 -11.471989 -26.592468 47.694675 -0.079428 -2.020530 -2.403618
  9 -8.969756 22.759134 57.831909 -1.348046 -0.707463 0.764709
  10 7.339657 -9.593695 18.470034 -3.006554 -0.045128 -0.051672
  11 -10.153059 0.255983 17.136499 -2.975294 -0.145669 -0.172037
  12 -1.789155 0.000000 28.175615 0.000000 -0.000000 1.570796
  13 -0.000000 -0.000000 -9.785427 0.068104 0.020752 -0.603634
  14 0.000000 -1.769384 12.121016 0.000465 0.001901 0.275407
  15 0.000000 -1.769386 12.121016 0.451731 0.175504 -0.410307
  16 0.000000 -1.769384 12.121016 0.000167 0.000967 0.137703
  17 0.000000 -0.000001 0.000000 1.694062 0.000000 0.000000
  18 0.000000 -6.753164 0.000001 -1.695193 0.136532 -0.018005
  19 -0.000000 0.000000 -0.000000 1.742379 -0.000000 -0.000000
  20 0.000000 -10.999708 0.000000 0.000000 -0.000000 0.000000
  21 -0.000000 0.000000 0.000000 0.000000 -0.000000 0.000000
  22 -0.000000 0.000000 0.000000 -1.341552 -1.993774 0.192913
  23 -0.000000 -0.000002 0.000001 -0.000000 0.000000 -0.000000
  24 -0.000000 0.000000 0.000000 -1.341552 1.993774 -0.192913
  25 -0.000000 -0.000002 0.000001 -0.000000 -0.000000 0.000000
  26 8.250680 -0.215596 2.184240 2.458370 0.279008 -0.034379
  27 -0.000001 19.264250 -0.000001 1.354196 -0.000000 0.000000
  28 0.000000 15.623703 -0.000001 -1.560945 -0.005766 0.058769
  29 -0.000029 10.987877 -0.000559 0.880380 -3.141171 0.000000
  30 -1.873868 4.392863 10.061480 -0.000523 0.630166 -1.571105
  31 0.000000 0.000001 0.000002 -0.000000 0.000000 -0.000000
  32 -0.000000 0.000000 -0.000000 0.000000 -0.000000 0.000000
  33 -0.000001 0.000003 -0.000002 -0.000000 -0.000000 0.000000
  34 0.000000 0.000000 0.000000 -0.000000 0.000000 0.000000
  35 -0.000001 7.811855 -0.000002 0.000000 -0.026566 -0.000000
  36 0.000000 0.000000 0.000000 -0.000000 0.000205 0.000000
  37 0.000000 -0.000004 0.000000 -0.000000 -0.000000 -0.000000
  38 -0.000001 9.632129 0.000002 0.000000 0.152741 0.000000
  39 0.000000 0.000000 0.000000 -0.000000 0.000000 0.000000
  40 -8.250682 -0.215594 2.184240 2.679335 0.170683 -0.107345
  41 0.000000 19.253870 0.000004 1.408139 -0.000000 -0.000000
  42 0.000002 15.612556 -0.000001 -1.532976 -0.109029 0.104826
  43 -0.000010 10.987741 -0.000655 1.115626 3.141170 -0.000000
  44 1.873869 4.392864 10.061478 0.000523 2.511427 1.571105
  45 -0.000000 0.000001 0.000001 -0.000000 0.000000 0.000000
  46 0.000000 0.000000 0.000000 0.000000 -0.000000 -0.000000
  47 -0.000000 0.000002 -0.000001 0.000000 -0.000000 -0.000000
  48 0.000000 0.000000 0.000000 0.000000 -0.000000 -0.000000
  49 0.000001 7.806281 -0.000003 0.000000 -0.087697 -0.000000
  50 0.000000 0.000000 0.000000 0.000000 -0.000204 0.000000
  51 -0.000000 -0.000004 0.000000 -0.000000 -0.000000 -0.000000
  52 0.000000 9.626937 0.000003 0.000001 0.112411 -0.000000
  53 0.000000 0.000000 -0.000000 -0.000000 -0.000000 -0.000000
  54 8.250681 -0.215596 2.184240 2.903292 -0.000000 0.000000
  55 8.250681 -0.215596 2.184240 -1.742379 0.000000 -0.000000
  56 0.000000 -0.000001 0.000000 -1.637514 -0.000000 -0.000000
  57 -0.000000 19.896322 0.000001 0.140363 -0.000000 -0.000000
  58 -0.000001 16.264103 0.000002 -0.703810 -0.000322 0.000273
  59 -0.000000 -0.000000 0.000000 -0.000000 0.000000 0.000000
  60 -0.000000 10.988299 -0.000000 0.880380 -3.141171 0.000000
  61 -0.000000 0.000000 0.000000 0.000000 -0.000000 0.000000
  62 0.000000 -0.000001 0.000000 -1.485551 0.009549 0.000390
  63 -0.000002 0.000000 0.000000 -0.593407 -0.281330 -0.000000
  64 -0.000001 19.264248 -0.000001 1.354196 -0.000000 0.000000
  65 8.250680 -0.215596 2.184240 2.487832 0.065230 0.136254
  66 -0.000000 -0.000000 0.000000 0.000000 -0.000000 0.000000
  67 8.250680 -0.215596 2.184240 2.487832 0.065230 0.136253
  68 0.000000 9.632131 0.000001 -0.000000 -0.119000 -0.000000
  69 -0.000001 9.632125 -0.000000 1.354196 -0.152741 -0.000000
  70 -0.000000 7.811847 0.000000 0.000000 -0.026362 -0.000000
  71 0.000000 7.811854 -0.000002 -1.559448 0.020553 0.058781
  72 -0.000001 10.987899 0.000001 0.880329 -3.141171 -0.000002
  73 -8.250681 -0.215593 2.184240 2.903292 -0.000000 0.000000
  74 -8.250682 -0.215593 2.184240 -1.742379 0.000000 -0.000000
  75 0.000000 -0.000001 0.000000 -1.637513 -0.000000 0.000000
  76 -0.000004 19.896324 -0.000002 0.140362 -0.000000 0.000000
  77 0.000002 16.264103 0.000002 -0.703810 0.000322 -0.000273
  78 0.000000 0.000000 0.000000 -0.000000 -0.000000 0.000000
  79 0.000000 10.988297 0.000001 0.880380 3.141170 -0.000000
  80 -0.000000 0.000001 0.000000 0.000000 0.000000 0.000000
  81 0.000000 -0.000001 0.000000 -1.246807 0.132138 0.021382
  82 -0.000000 0.000000 0.000001 -0.615603 -0.174302 0.000000
  83 0.000001 19.253862 0.000004 1.408139 -0.000000 -0.000000
  84 -8.250682 -0.215594 2.184240 2.686550 -0.007034 -0.019472
  85 0.000000 0.000000 0.000000 0.000000 0.000000 0.000000
  86 -8.250682 -0.215594 2.184240 2.686550 -0.007034 -0.019472
  87 0.000001 9.626940 0.000000 0.000000 -0.085663 0.000000
  88 -0.000000 9.626935 0.000000 1.408138 -0.112410 -0.000000
  89 0.000001 7.806273 -0.000001 0.000000 -0.087902 0.000000
  90 -0.000001 7.806282 -0.000000 -1.523848 -0.021606 0.104226
  91 0.000001 10.987764 -0.000001 1.115566 3.141170 -0.000001
  92 -0.000000 0.000000 0.000000 -0.048317 -0.000000 0.000000
  93 0.000000 0.000000 0.000000 -0.000000 0.000000 -0.000000
  94 0.000000 -10.999708 0.000000 0.000000 -0.000000 0.000000
  95 0.000000 -1.769385 12.121016 0.234172 0.064508 -0.214452
  96 -0.000000 -0.000001 0.000000 1.538978 0.000000 -0.000000
  97 0.000000 -0.000000 -0.000001 0.033739 0.179050 0.005521
  98 0.000000 0.000000 0.000000 -0.155084 -0.000000 0.000000
  99 0.000000 0.000000 0.000000 -0.000000 -0.000000 0.000000
  100 -0.000001 8.544828 0.000001 -1.290111 -0.211791 -0.072878
  101 0.000000 0.000000 -0.000000 1.542233 0.000000 0.000000
  102 -0.000000 9.518037 -0.000001 -0.216539 0.223034 0.018675
  103 0.000000 3.039644 0.000000 0.193778 0.002437 0.000479
  104 -0.000000 3.098958 -0.000000 -0.255808 0.227072 -0.019549
  105 -0.000000 9.518037 -0.000001 -1.781259 0.223034 0.018675
  106 0.000000 0.000000 0.000000 1.662547 -0.000000 0.000000
  107 0.000000 6.109815 0.000001 -1.904639 0.223635 -0.008684
  108 0.000000 0.000000 0.000000 1.744695 -0.012879 0.002660
  109 0.000000 0.000000 0.000000 -0.097827 -0.000000 0.000000
  110 0.000000 0.000000 0.000000 0.000000 -0.000000 0.000000
  111 0.000001 3.025110 -0.296887 0.086963 0.001610 0.006382
  112 0.000000 0.000000 0.000000 0.095948 0.000000 0.000000
  113 0.000000 0.000000 0.000000 0.000000 0.000000 -0.000000
  114 -0.000000 -0.000000 -0.000000 0.000000 0.000000 0.000000
  115 0.904460 6.782043 3.867487 -0.189254 -1.804075 -1.371316
  116 0.010189 19.450808 -0.828326 1.519872 2.128990 -0.151662
  117 -0.000002 19.513952 -0.000006 1.235036 0.000001 -0.000000
  118 -0.000003 24.701702 0.000004 -0.806037 0.746674 -0.536156
  119 0.000000 0.000000 0.000000 0.000000 0.000001 0.000001
  120 0.000000 0.000000 0.000000 -0.000000 -0.000001 -0.000001
  121 -0.000001 0.000003 -0.000001 -0.000000 -0.000000 -0.000000
  122 -0.000000 -0.000002 -0.000000 0.000000 -0.000000 0.000000
  123 -0.000001 12.350851 -0.000000 0.000000 0.443538 0.000000
  124 0.000000 0.000000 0.000000 -0.000000 0.001371 -0.000001
  125 0.000000 0.000000 0.000000 -0.000000 -0.000000 -0.000000
  126 0.000002 9.756980 -0.000003 -0.000001 -0.979478 0.000001
  127 0.000000 -0.000000 -0.000000 -0.000000 -0.000000 -0.000000
  128 0.000000 0.000002 0.000000 0.000000 0.000000 -0.000000
  129 0.010192 19.450802 -0.828327 -1.068311 -0.458283 0.722012
  130 0.010192 19.450802 -0.828327 0.041386 -0.124298 1.319061
  131 0.000000 0.000001 -0.000000 -1.332781 0.484537 -2.373637
  132 0.000001 20.126823 -0.000003 0.277335 0.000000 -0.000000
  133 0.000002 25.356464 -0.000004 0.198412 -0.005445 0.027073
  134 0.000000 0.000000 0.000000 0.000000 0.000000 0.000000
  135 0.000000 0.000001 -0.000000 -0.472734 -0.786467 2.826135
  136 -0.000001 -0.000005 -0.000001 -0.700649 1.974011 -0.000001
  137 -0.000001 19.513950 -0.000005 1.235036 0.000001 -0.000000
  138 0.010190 19.450808 -0.828326 -0.563475 -0.139103 -1.575061
  139 0.000000 0.000000 0.000000 -0.000000 -0.000000 -0.000000
  140 0.010190 19.450808 -0.828326 -0.563476 -0.139103 -1.575061
  141 -0.000001 9.756971 0.000001 0.000001 0.787214 0.000001
  142 -0.000001 9.756965 0.000003 1.235034 0.979479 -0.000002
  143 0.000002 12.350851 -0.000002 0.000000 0.444910 0.000000
  144 -0.000001 12.350845 0.000001 -0.569933 0.348543 -0.410334
  145 0.838806 0.695166 1.002013 -0.146529 0.831651 0.111056
  146 0.295125 5.610995 0.011665 0.057776 -0.287169 0.072685
  147 -0.000000 5.184052 0.000000 1.455767 -0.003806 0.022168
  148 -0.000000 5.576727 -0.000001 1.332730 0.000644 -0.036171
  149 0.295125 5.610995 0.011665 0.057776 -0.287169 0.072685
  150 -0.000000 5.184052 0.000000 1.455767 -0.003806 0.022168
  151 -0.000001 5.576727 -0.000001 1.332730 0.000644 -0.036171
  152 0.295124 5.610991 0.011666 0.057776 -0.287169 0.072685
  153 -0.000000 0.000000 0.000000 -0.000000 0.000000 -0.000000
  154 0.295125 5.610995 0.011665 0.057776 -0.287169 0.072685
  155 0.000000 0.000000 0.000000 -0.000000 -0.000000 -0.000000
  156 0.000001 5.184052 0.000002 1.455768 -0.003806 0.022168
  157 0.000000 0.000000 0.000000 0.000000 -0.000000 -0.000000
  158 0.000003 5.576727 -0.000003 1.332730 0.000643 -0.036172
  159 0.000000 0.000000 0.000000 0.000000 -0.000000 -0.000000
  160 0.000002 9.158422 -0.000002 3.141592 0.324016 -0.000000
  161 -0.000000 -0.000000 -0.000001 -0.000000 -0.000000 -0.000000
  162 0.000000 -0.000000 0.000000 -0.000000 -0.000000 -0.000000
  163 0.295125 5.610995 0.011665 0.057776 -0.287169 0.072685
  164 0.208226 1.308911 0.886648 -0.521837 0.710749 -0.438947
  165 -0.284691 4.550901 0.151788 0.177554 -0.296553 -0.038426
  166 -0.000000 6.134693 -0.000000 1.434452 -0.004721 0.048260
  167 0.000000 5.142238 0.000000 1.338675 0.000043 -0.073619
  168 -0.284691 4.550901 0.151788 0.177554 -0.296553 -0.038426
  169 -0.000000 6.134693 -0.000000 1.434452 -0.004721 0.048260
  170 0.000000 5.142238 0.000000 1.338675 0.000043 -0.073619
  171 -0.284694 4.550904 0.151784 0.177555 -0.296553 -0.038426
  172 0.000000 0.000000 0.000000 0.000000 -0.000000 -0.000000
  173 0.000000 0.000000 0.000000 0.000000 -0.000000 -0.000000
  174 -0.284691 4.550901 0.151788 0.177554 -0.296552 -0.038425
  175 0.000000 0.000000 0.000000 -0.000000 -0.000001 -0.000001
  176 -0.000001 6.134694 -0.000001 1.434452 -0.004721 0.048261
  177 0.000000 0.000000 0.000000 -0.000000 -0.000001 -0.000001
  178 0.000000 5.142239 0.000000 1.338675 0.000043 -0.073619
  179 0.000000 -0.000000 0.000000 -0.000000 -0.000001 -0.000001
  180 -0.000001 9.920085 0.000001 -3.141593 0.323204 0.000000
  181 -0.000000 0.000000 -0.000000 0.000000 0.000000 0.000000
  182 -0.000001 0.000001 -0.000000 0.000000 -0.000000 -0.000000
  183 -0.284691 4.550901 0.151788 0.177554 -0.296553 -0.038426
  184 0.000000 0.000000 0.000000 0.000000 -0.000000 -0.000000
  185 1.229535 0.555894 1.288367 -0.746848 0.623235 -0.695221
  186 -0.950664 5.229624 -0.112945 0.207022 -0.080208 -0.208698
  187 -0.000000 5.046766 0.000001 1.434942 0.005799 -0.038570
  188 -0.000000 4.876215 0.000000 1.400080 -0.002099 0.057280
  189 -0.950664 5.229624 -0.112945 0.207022 -0.080208 -0.208698
  190 -0.000000 5.046766 0.000001 1.434942 0.005799 -0.038570
  191 -0.000000 4.876215 0.000000 1.400080 -0.002099 0.057280
  192 -0.950664 5.229625 -0.112946 0.207022 -0.080209 -0.208698
  193 0.000000 0.000000 0.000000 0.000000 -0.000000 0.000000
  194 0.000000 0.000000 0.000000 0.000000 -0.000000 0.000000
  195 -0.950664 5.229624 -0.112945 0.207022 -0.080209 -0.208698
  196 0.000000 0.000000 0.000000 0.000000 -0.000000 -0.000000
  197 0.000001 5.046767 -0.000001 1.434942 0.005800 -0.038570
  198 0.000000 0.000000 0.000000 0.000000 0.000000 0.000000
  199 -0.000001 4.876215 -0.000002 1.400079 -0.002099 0.057281
  200 0.000000 0.000000 0.000000 0.000000 -0.000001 -0.000000
  201 -0.000002 10.336269 -0.000002 -3.141593 -0.095607 -0.000001
  202 0.000000 0.000000 0.000000 -0.000000 -0.000000 0.000000
  203 0.000000 0.000000 0.000000 -0.000000 0.000000 0.000000
  204 -0.950664 5.229624 -0.112945 0.207022 -0.080208 -0.208698
  205 0.000000 0.000000 0.000000 0.000000 -0.000000 0.000000
  206 2.510274 0.335975 0.022942 -0.704387 0.728958 -0.808876
  207 -1.631169 3.936526 -0.596379 0.204092 -0.003080 -0.542466
  208 0.000000 4.945987 -0.000000 1.447515 0.001324 -0.011933
  209 0.000000 6.128853 -0.000000 1.495884 -0.001326 0.020281
  210 -1.631169 3.936526 -0.596379 0.204092 -0.003080 -0.542466
  211 0.000000 4.945987 -0.000000 1.447515 0.001324 -0.011933
  212 0.000000 6.128853 -0.000000 1.495884 -0.001326 0.020281
  213 -1.631170 3.936525 -0.596383 0.204093 -0.003080 -0.542466
  214 0.000000 0.000000 0.000000 -0.000000 -0.000000 0.000000
  215 0.000000 0.000000 0.000000 -0.000000 -0.000000 0.000000
  216 -1.631169 3.936526 -0.596379 0.204093 -0.003081 -0.542467
  217 0.000000 0.000000 0.000000 -0.000000 0.000001 0.000001
  218 -0.000001 4.945987 -0.000001 1.447515 0.001324 -0.011934
  219 0.000000 0.000000 0.000000 -0.000000 0.000001 0.000001
  220 0.000002 6.128853 0.000001 1.495884 -0.001326 0.020280
  221 0.000000 0.000000 0.000000 0.000000 0.000000 0.000000
  222 0.000000 8.781752 0.000002 3.141593 -0.488191 0.000000
  223 -0.000000 -0.000002 -0.000003 0.000000 -0.000000 0.000000
  224 -0.000001 0.000000 0.000001 0.000000 0.000000 -0.000000
  225 -1.631169 3.936526 -0.596379 0.204092 -0.003080 -0.542466
  226 0.000000 0.000000 0.000000 -0.000000 -0.000000 0.000000
  227 0.777025 1.281749 1.958797 0.196515 0.598662 0.924076
  228 1.434201 3.786680 -0.197849 0.213321 0.019605 0.282979
  229 0.000002 4.879317 -0.000000 1.407805 0.004531 -0.036921
  230 0.000000 5.043322 -0.000001 1.352309 -0.001208 0.055324
  231 1.434201 3.786680 -0.197849 0.213321 0.019605 0.282979
  232 0.000002 4.879317 -0.000000 1.407805 0.004531 -0.036921
  233 0.000000 5.043322 -0.000001 1.352309 -0.001208 0.055324
  234 1.434198 3.786683 -0.197851 0.213321 0.019605 0.282979
  235 0.000000 0.000000 0.000000 0.000000 -0.000000 0.000000
  236 1.434201 3.786681 -0.197849 0.213321 0.019605 0.282979
  237 0.000000 0.000000 0.000000 -0.000000 0.000000 0.000000
  238 0.000002 4.879315 0.000002 1.407805 0.004530 -0.036922
  239 0.000000 0.000000 0.000000 0.000000 0.000000 0.000000
  240 0.000002 5.043322 0.000000 1.352309 -0.001208 0.055324
  241 -0.000000 -0.000000 -0.000000 -0.000000 -0.000000 0.000000
  242 -0.000001 10.325296 0.000000 3.141593 -0.093079 -0.000000
  243 0.000002 0.000002 -0.000002 0.000000 -0.000000 -0.000000
  244 -0.000000 0.000000 -0.000000 0.000000 -0.000000 -0.000000
  245 1.434201 3.786681 -0.197849 0.213321 0.019605 0.282979
  246 0.986049 0.947620 1.368040 0.166521 0.766159 0.595879
  247 0.970465 4.853601 -0.135424 0.036912 -0.459751 0.204801
  248 0.000000 4.968780 0.000000 1.438994 0.003073 -0.030016
  249 0.000002 5.803463 -0.000001 1.424429 -0.001679 0.049316
  250 0.970465 4.853601 -0.135424 0.036912 -0.459751 0.204801
  251 0.000000 4.968780 0.000000 1.438994 0.003073 -0.030016
  252 0.000002 5.803463 -0.000001 1.424429 -0.001679 0.049316
  253 0.970464 4.853600 -0.135429 0.036912 -0.459751 0.204801
  254 0.000000 0.000000 0.000000 0.000000 -0.000000 0.000000
  255 0.970465 4.853601 -0.135424 0.036912 -0.459751 0.204802
  256 0.000000 0.000000 0.000000 -0.000000 -0.000000 -0.000000
  257 0.000002 4.968781 0.000000 1.438994 0.003073 -0.030016
  258 -0.000000 0.000000 -0.000000 -0.000000 -0.000000 -0.000000
  259 0.000002 5.803466 0.000000 1.424429 -0.001678 0.049316
  260 0.000000 0.000000 0.000000 -0.000000 -0.000000 0.000000
  261 -0.000003 9.111455 0.000001 3.141592 0.806825 -0.000001
  262 -0.000000 -0.000000 -0.000000 0.000000 0.000000 0.000000
  263 -0.000000 0.000000 -0.000000 -0.000000 0.000000 -0.000000
  264 0.970465 4.853601 -0.135424 0.036912 -0.459751 0.204801
  265 2.510271 0.335973 0.022940 -0.704387 0.728958 -0.808876
  266 2.510271 0.335973 0.022940 -0.704387 0.728958 -0.808876
  267 2.510271 0.335973 0.022940 -0.704387 0.728958 -0.808876
  268 -0.904461 6.782044 3.867486 -0.207176 1.637384 1.384475
  269 -0.010198 19.450800 -0.828337 -1.996144 -0.195740 1.559284
  270 -0.000002 19.393990 -0.000001 1.652956 -0.000000 0.000000
  271 0.000000 24.534130 0.000002 -0.067077 -0.430664 0.174446
  272 0.000000 0.000000 0.000000 -0.000000 -0.000001 -0.000001
  273 0.000000 0.000000 0.000000 -0.000000 0.000001 0.000001
  274 -0.000004 0.000006 -0.000003 -0.000000 0.000000 0.000000
  275 -0.000001 -0.000001 -0.000001 0.000000 0.000000 -0.000000
  276 -0.000004 12.267068 -0.000002 0.000000 -0.217651 0.000000
  277 -0.000001 -0.000001 -0.000001 -0.000001 -0.001371 0.000001
  278 0.000000 0.000000 0.000000 -0.000000 0.000000 0.000000
  279 -0.000002 9.696998 0.000002 0.000000 0.327043 0.000000
  280 0.000000 0.000000 0.000000 -0.000000 0.000000 0.000000
  281 -0.000000 0.000003 -0.000001 -0.000000 -0.000000 0.000000
  282 -0.010193 19.450800 -0.828339 -1.068311 0.458283 -0.722012
  283 -0.010193 19.450800 -0.828339 0.041385 0.124298 -1.319061
  284 -0.000001 0.000001 -0.000000 -1.332781 -0.484537 2.373637
  285 0.000002 20.126825 0.000003 0.277335 -0.000000 -0.000000
  286 -0.000004 25.356464 0.000002 0.198412 0.005445 -0.027073
  287 0.000000 0.000000 0.000000 -0.000000 -0.000000 -0.000000
  288 -0.000001 0.000001 -0.000000 -1.032617 0.025911 2.727441
  289 -0.000001 0.000000 0.000005 -0.952808 -0.177444 -0.000001
  290 0.000002 19.393982 -0.000005 1.652956 -0.000001 0.000000
  291 -0.010198 19.450800 -0.828337 -1.837521 -0.386447 1.021306
  292 0.000000 0.000000 0.000000 -0.000000 0.000000 0.000000
  293 -0.010198 19.450800 -0.828337 -1.837520 -0.386447 1.021305
  294 0.000000 9.696998 0.000002 -0.000000 -0.221026 0.000000
  295 -0.000002 9.696997 0.000000 1.652956 -0.327044 0.000000
  296 0.000001 12.267061 0.000002 0.000000 -0.219022 -0.000000
  297 -0.000002 12.267066 0.000001 -0.028471 -0.214708 0.162131
  298 -0.838803 0.695165 1.002009 -0.146529 -0.831652 -0.111056
  299 -0.240591 5.713538 0.007756 0.057776 0.287169 -0.072685
  300 -0.000003 5.184055 -0.000000 1.244020 0.003806 -0.022167
  301 0.000001 5.576724 -0.000000 1.120981 -0.000644 0.036172
  302 -0.240591 5.713538 0.007756 0.057776 0.287169 -0.072685
  303 -0.000003 5.184055 -0.000000 1.244020 0.003806 -0.022167
  304 0.000001 5.576724 -0.000000 1.120981 -0.000644 0.036172
  305 -0.240583 5.713530 0.007753 0.057776 0.287169 -0.072685
  306 0.000000 0.000000 0.000000 0.000000 0.000000 0.000000
  307 -0.240589 5.713535 0.007755 0.057776 0.287169 -0.072685
  308 0.000000 0.000000 0.000000 -0.000000 0.000000 0.000000
  309 0.000002 5.184052 -0.000001 1.244019 0.003807 -0.022168
  310 0.000000 0.000000 0.000000 0.000000 0.000000 0.000001
  311 -0.000001 5.576723 0.000004 1.120982 -0.000643 0.036172
  312 0.000000 0.000000 0.000000 0.000000 0.000000 0.000000
  313 -0.000001 9.158418 -0.000001 3.141593 -0.324016 0.000000
  314 0.000000 0.000000 0.000000 -0.000000 -0.000000 0.000000
  315 -0.000003 0.000001 -0.000002 0.000001 0.000000 0.000000
  316 -0.240591 5.713538 0.007756 0.057776 0.287169 -0.072685
  317 -0.208220 1.308905 0.886644 -0.521836 -0.710749 0.438946
  318 0.146604 4.741862 0.077188 0.177555 0.296553 0.038426
  319 -0.000000 6.134691 -0.000001 0.780496 0.004721 -0.048260
  320 0.000000 5.142236 0.000000 0.684720 -0.000043 0.073620
  321 0.146604 4.741862 0.077188 0.177555 0.296553 0.038426
  322 -0.000000 6.134691 -0.000001 0.780496 0.004721 -0.048260
  323 0.000000 5.142236 0.000000 0.684720 -0.000043 0.073620
  324 0.146609 4.741853 0.077183 0.177555 0.296553 0.038426
  325 0.000000 0.000000 0.000000 -0.000000 0.000000 0.000000
  326 0.000000 0.000000 0.000000 -0.000000 0.000000 0.000000
  327 0.146605 4.741859 0.077187 0.177554 0.296552 0.038425
  328 0.000000 0.000000 0.000000 -0.000000 0.000001 0.000001
  329 -0.000001 6.134689 0.000000 0.780496 0.004721 -0.048261
  330 0.000000 0.000000 0.000000 -0.000000 0.000001 0.000001
  331 0.000001 5.142239 0.000000 0.684720 -0.000043 0.073619
  332 0.000000 0.000000 0.000000 -0.000000 0.000001 0.000001
  333 -0.000000 9.920085 -0.000002 -3.141593 -0.323204 -0.000000
  334 -0.000001 0.000001 -0.000002 -0.000000 0.000000 0.000000
  335 -0.000001 0.000000 -0.000002 -0.000000 -0.000000 -0.000000
  336 0.146604 4.741862 0.077188 0.177555 0.296553 0.038426
  337 0.000000 0.000000 0.000000 -0.000000 0.000000 0.000000
  338 -1.229536 0.555892 1.288362 -0.746848 -0.623235 0.695222
  339 0.791972 5.321617 -0.093865 0.207022 0.080208 0.208698
  340 0.000000 5.046763 -0.000000 1.223194 -0.005799 0.038570
  341 -0.000000 4.876214 0.000001 1.188331 0.002099 -0.057280
  342 0.791972 5.321617 -0.093865 0.207022 0.080208 0.208698
  343 0.000000 5.046763 -0.000000 1.223194 -0.005799 0.038570
  344 -0.000000 4.876214 0.000001 1.188331 0.002099 -0.057280
  345 0.791973 5.321606 -0.093870 0.207022 0.080209 0.208698
  346 0.000000 0.000000 0.000000 0.000000 0.000000 -0.000000
  347 0.000000 0.000000 0.000000 0.000000 0.000000 -0.000000
  348 0.791973 5.321613 -0.093866 0.207022 0.080209 0.208698
  349 0.000000 0.000000 0.000000 -0.000000 -0.000000 -0.000000
  350 -0.000000 5.046763 0.000000 1.223194 -0.005800 0.038570
  351 0.000000 0.000000 0.000000 0.000000 -0.000000 -0.000000
  352 -0.000000 4.876213 -0.000002 1.188331 0.002099 -0.057280
  353 0.000000 0.000000 0.000000 0.000000 0.000001 0.000000
  354 -0.000000 10.336265 -0.000000 -3.141593 0.095607 0.000001
  355 -0.000003 0.000000 -0.000003 0.000000 -0.000000 -0.000000
  356 0.000000 0.000002 -0.000003 -0.000000 -0.000000 -0.000000
  357 0.791972 5.321617 -0.093865 0.207022 0.080208 0.208698
  358 0.000000 0.000000 0.000000 0.000000 0.000000 -0.000000
  359 -2.510270 0.335967 0.022943 -0.704386 -0.728958 0.808876
  360 0.833885 4.056434 -0.304978 0.204092 0.003080 0.542466
  361 0.000001 4.945989 0.000000 0.793559 -0.001324 0.011933
  362 0.000000 6.128849 0.000001 0.841928 0.001326 -0.020280
  363 0.833885 4.056434 -0.304978 0.204092 0.003080 0.542466
  364 0.000001 4.945989 0.000000 0.793559 -0.001324 0.011933
  365 0.000000 6.128849 0.000001 0.841928 0.001326 -0.020280
  366 0.833886 4.056431 -0.304978 0.204093 0.003080 0.542466
  367 0.000000 0.000000 0.000000 -0.000000 0.000000 0.000000
  368 0.000000 0.000000 0.000000 -0.000000 0.000000 0.000000
  369 0.833885 4.056434 -0.304978 0.204093 0.003080 0.542467
  370 0.000000 0.000000 0.000000 -0.000000 -0.000001 -0.000001
  371 0.000001 4.945986 -0.000001 0.793559 -0.001324 0.011934
  372 0.000000 0.000000 0.000000 -0.000000 -0.000001 -0.000001
  373 0.000001 6.128849 0.000001 0.841928 0.001326 -0.020280
  374 0.000000 0.000000 0.000000 0.000000 -0.000000 -0.000001
  375 0.000000 8.781747 0.000001 3.141593 0.488190 0.000000
  376 -0.000001 -0.000000 -0.000003 -0.000000 0.000000 -0.000000
  377 0.000001 0.000001 -0.000001 0.000000 -0.000000 -0.000000
  378 0.833885 4.056434 -0.304978 0.204092 0.003080 0.542466
  379 0.000000 0.000000 0.000000 -0.000000 0.000000 0.000000
  380 -0.777029 1.281747 1.958796 0.196515 -0.598662 -0.924076
  381 -1.198960 3.901117 -0.165561 0.213321 -0.019605 -0.282979
  382 -0.000004 4.879316 0.000000 1.196057 -0.004531 0.036920
  383 -0.000000 5.043318 -0.000000 1.140561 0.001209 -0.055324
  384 -1.198960 3.901117 -0.165561 0.213321 -0.019605 -0.282979
  385 -0.000004 4.879316 0.000000 1.196057 -0.004531 0.036920
  386 -0.000000 5.043318 -0.000000 1.140561 0.001209 -0.055324
  387 -1.198956 3.901122 -0.165562 0.213321 -0.019605 -0.282979
  388 0.000000 0.000000 0.000000 0.000000 0.000000 0.000000
  389 -1.198960 3.901119 -0.165561 0.213321 -0.019604 -0.282979
  390 0.000000 0.000000 0.000000 -0.000000 -0.000001 -0.000000
  391 -0.000004 4.879316 -0.000000 1.196056 -0.004531 0.036922
  392 0.000000 0.000000 0.000000 0.000000 -0.000000 -0.000000
  393 -0.000000 5.043318 0.000001 1.140561 0.001208 -0.055324
  394 0.000000 0.000000 0.000000 0.000000 -0.000000 -0.000000
  395 0.000004 10.325294 0.000000 3.141593 0.093079 0.000000
  396 -0.000004 0.000001 0.000000 0.000000 0.000000 -0.000000
  397 -0.000004 0.000000 0.000001 0.000000 -0.000000 0.000000
  398 -1.198960 3.901117 -0.165561 0.213321 -0.019605 -0.282979
  399 -0.986053 0.947622 1.368039 0.166521 -0.766159 -0.595879
  400 -0.495127 5.163493 -0.069337 0.036912 0.459751 -0.204801
  401 0.000000 4.968781 -0.000001 0.785038 -0.003073 0.030016
  402 0.000000 5.803464 -0.000000 0.770473 0.001678 -0.049315
  403 -0.495127 5.163493 -0.069337 0.036912 0.459751 -0.204801
  404 0.000000 4.968781 -0.000001 0.785038 -0.003073 0.030016
  405 -0.000000 5.803464 0.000000 0.770473 0.001678 -0.049315
  406 -0.495125 5.163497 -0.069337 0.036912 0.459751 -0.204801
  407 0.000000 0.000000 0.000000 0.000000 0.000000 -0.000000
  408 -0.495127 5.163493 -0.069337 0.036912 0.459751 -0.204801
  409 0.000000 0.000000 0.000000 -0.000000 0.000000 0.000000
  410 -0.000001 4.968781 -0.000001 0.785038 -0.003073 0.030016
  411 0.000000 0.000000 0.000000 -0.000000 0.000000 0.000000
  412 0.000000 5.803465 -0.000001 0.770473 0.001678 -0.049315
  413 0.000000 0.000000 0.000000 -0.000000 -0.000000 -0.000000
  414 -0.000004 9.111453 -0.000000 3.141592 -0.806826 0.000000
  415 0.000000 -0.000002 0.000000 -0.000000 -0.000000 0.000000
  416 0.000000 0.000000 0.000000 -0.000000 -0.000000 -0.000000
  417 -0.495127 5.163493 -0.069337 0.036912 0.459751 -0.204801
  418 -2.510267 0.335968 0.022941 -0.704386 -0.728958 0.808876
  419 -2.510267 0.335968 0.022941 -0.704386 -0.728958 0.808876
  420 -2.510267 0.335968 0.022941 -0.704386 -0.728958 0.808876
  421 8.463118 -0.489841 -2.120322 1.542233 0.000000 3.141593
  422 0.000000 -0.000001 -0.000001 -0.000000 -0.000000 0.000000
  423 -8.463114 -0.489842 -2.120322 1.542233 0.000000 -3.141593
  424 -0.000000 -0.000001 -0.000001 0.000000 0.000000 0.000000
  425 8.463116 -0.489835 -2.120326 1.542233 0.000000 3.141593
  426 -8.463114 -0.489842 -2.120322 1.542233 0.000000 -3.141593
  427 0.904460 6.782043 3.867487 -0.189254 -1.804075 -1.371316
  428 -0.904461 6.782044 3.867486 -0.207176 1.637384 1.384475
  429 0.000000 0.000000 0.000000 0.000000 0.000000 0.000000
  430 -2.384858 45.420403 15.540361 0.000000 -0.000000 1.570796
  431 -71.731445 -9.232647 8.250423 -2.062496 1.173459 -0.990504
  432 0.000003 0.000004 -0.000002 -0.000000 0.000000 -0.000000
  433 -3.217271 41.641773 15.938810 0.211700 0.157331 0.243878
  434 45.618843 -40.042095 25.687822 0.636717 0.964785 -2.018134
  435 -2.384865 -45.420403 15.540361 0.000000 -0.000000 1.570796
  436 18.647377 15.025852 2.681606 -1.026982 -0.529348 2.703026
  437 0.000002 -0.000003 0.000002 0.000000 -0.000000 0.000000
  438 -40.248611 22.649715 33.178703 0.496784 0.203322 0.855740
  439 -13.099844 -13.943384 -62.019714 0.636716 -0.964785 2.018134
  440 -0.483101 8.250682 -13.900933 0.000000 -0.000000 1.570796
  441 -0.000000 2.277103 -0.753086 -0.016241 -0.000000 0.000000
  442 0.000001 -6.475164 -8.877785 0.000000 0.000000 0.000000
  443 -0.000001 6.475165 8.877785 0.000000 0.000000 0.000000
  444 -1.878120 12.014874 -0.599889 -0.000000 0.000000 0.000000
  445 3.953934 0.000001 0.000000 0.000000 -0.000000 0.000000
  446 -1.976966 -0.000000 -0.000000 0.000000 -0.000000 0.000000
  447 -0.098847 -12.014875 0.599885 0.000000 -0.000000 0.000000
  448 -0.000001 6.475165 8.877785 -2.200961 0.000249 0.000341
  449 0.000000 0.000001 0.000001 -0.000000 -0.000000 0.000000
  450 0.000001 10.988304 0.000001 2.200961 0.000423 -0.000000
  451 0.000000 0.000000 0.000000 -0.060252 -0.000000 -3.141593
  452 35.332565 -4.452124 -10.053705 0.071641 0.003363 1.242050
  453 10.481587 2.015770 1.105049 -0.003598 -0.000000 -0.000000
  454 -0.483102 -8.250682 -13.900933 0.000000 -0.000000 1.570796
  455 -0.271932 16.602568 0.771468 0.076965 0.000000 0.000000
  456 0.000001 -6.475162 -8.877785 -0.000000 -0.000000 0.000000
  457 -0.000001 6.475164 8.877785 0.235246 0.000000 -0.000000
  458 1.878117 12.014875 -0.599888 -0.000000 0.000000 -0.000000
  459 -3.953933 0.000003 -0.000000 0.000000 -0.000000 -0.000000
  460 1.976969 0.000004 -0.000000 0.000000 -0.000000 0.000000
  461 0.098850 -12.014873 0.599884 0.235246 0.000000 -0.000000
  462 -0.000001 6.475164 8.877783 -2.200961 -0.000249 -0.000341
  463 0.000001 0.000001 0.000001 -0.000000 0.000000 0.000000
  464 -0.000000 10.988303 -0.000000 1.965715 -0.000422 -0.000000
  465 0.000000 0.000000 0.000000 -0.060252 0.000000 -3.141593
  466 30.005018 -20.069712 -9.998203 0.071641 0.003363 1.242050
  467 3.780464 9.053682 -0.945699 -0.003598 -0.000000 -0.000000
  time 8
  0 0.000000 0.000000 -23.603888 0.000000 -0.000000 1.570796
  1 -0.000000 3.439591 35.921963 1.875580 0.000000 0.000000
  2 -0.000000 10.999716 -0.000000 -0.048317 0.000000 -0.000000
  3 -0.000000 6.753155 0.000001 0.022634 -0.131150 -0.027104
  4 -0.000000 8.544823 0.000001 0.196407 -0.381054 -0.073845
  5 0.000001 9.518013 0.000002 -0.148715 0.260783 0.024114
  6 -0.000001 3.039637 -0.000002 0.193774 0.003389 0.000666
  7 -0.000000 3.098970 -0.000000 -0.147581 0.265156 -0.021636
  8 15.218839 -25.977600 47.032425 0.000347 -2.861466 -1.633101
  9 -16.374468 16.560532 59.896729 1.122881 -2.639073 -0.337106
  10 9.164836 -3.867846 16.557943 -3.002463 0.084253 0.096855
  11 -8.774441 -9.375735 19.178347 -2.709297 -0.025722 -0.040193
  12 -1.789155 0.000000 28.175615 0.000000 -0.000000 1.570796
  13 0.000000 -0.000001 -10.611153 0.133201 0.000000 0.000000
  14 -0.000000 -1.769384 12.121012 0.000000 -0.000000 0.000000
  15 0.000000 -1.769386 12.121013 0.313939 0.160361 -0.498629
  16 -0.000000 -1.769384 12.121012 0.000000 0.000000 -0.000000
  17 -0.000000 -0.000001 0.000000 1.694062 0.000000 0.000000
  18 -0.000000 -6.753160 0.000000 -1.694062 -0.000000 0.000000
  19 0.000000 0.000000 -0.000000 1.742379 -0.000000 -0.000000
  20 -0.000000 -10.999718 0.000003 0.000000 -0.000000 0.000000
  21 0.000000 0.000000 0.000000 0.000000 -0.000000 -0.000000
  22 0.000000 0.000000 0.000000 -1.341552 -1.993774 0.192913
  23 -0.000000 -0.000002 0.000001 -0.000000 0.000000 0.000000
  24 0.000000 0.000000 0.000000 -1.341552 1.993774 -0.192913
  25 0.000000 -0.000002 0.000001 0.000000 -0.000000 0.000000
  26 8.250684 -0.215597 2.184241 2.556736 0.085480 0.000379
  27 -0.000002 19.265562 0.000003 1.344263 -0.000000 -0.000000
  28 -0.000001 15.625099 0.000000 -1.712793 0.062279 -0.058234
  29 0.000006 10.987965 -0.000630 0.880380 -3.141171 0.000000
  30 -1.873870 4.392863 10.061480 -0.000523 0.630166 -1.571104
  31 0.000000 0.000002 0.000002 -0.000000 -0.000000 0.000000
  32 0.000000 0.000000 0.000000 0.000000 0.000000 -0.000000
  33 0.000001 0.000001 -0.000001 0.000000 0.000000 0.000000
  34 0.000000 0.000000 0.000000 -0.000000 -0.000000 -0.000000
  35 -0.000000 7.812551 -0.000003 -0.000000 0.051187 0.000000
  36 0.000000 0.000000 0.000000 -0.000000 0.000205 -0.000000
  37 0.000000 -0.000000 0.000001 -0.000000 0.000000 0.000000
  38 -0.000001 9.632783 0.000002 0.000000 0.044537 0.000000
  39 -0.000000 0.000000 -0.000000 -0.000000 0.000000 -0.000000
  40 -8.250685 -0.215595 2.184243 2.239888 -0.024223 -0.013326
  41 -0.000001 19.211750 0.000001 1.680145 0.000000 0.000000
  42 -0.000002 15.566519 -0.000002 -1.559237 -0.026599 0.007098
  43 0.000030 10.986912 -0.001358 0.880380 3.141171 -0.000000
  44 1.873868 4.392866 10.061481 0.000523 2.511427 1.571105
  45 -0.000000 0.000001 0.000001 -0.000000 0.000000 0.000000
  46 0.000000 0.000000 0.000000 0.000000 -0.000000 -0.000000
  47 0.000000 0.000002 -0.000001 0.000000 -0.000000 0.000000
  48 0.000000 0.000000 0.000000 0.000000 -0.000000 0.000000
  49 -0.000001 7.783262 -0.000003 0.000000 -0.013970 0.000000
  50 0.000000 0.000000 0.000000 -0.000000 -0.000205 -0.000000
  51 -0.000000 -0.000001 0.000002 -0.000000 0.000000 0.000000
  52 0.000001 9.605876 0.000003 0.000000 -0.008375 0.000000
  53 0.000000 0.000000 -0.000000 -0.000000 -0.000000 0.000000
  54 8.250684 -0.215593 2.184239 2.903292 -0.000001 0.000001
  55 8.250684 -0.215597 2.184240 -1.742380 0.000000 -0.000000
  56 0.000000 -0.000001 0.000000 -1.637514 -0.000000 -0.000000
  57 -0.000001 19.896324 0.000001 0.140363 -0.000000 -0.000000
  58 -0.000002 16.264105 0.000001 -0.703810 -0.000322 0.000273
  59 0.000000 0.000000 0.000000 -0.000000 0.000000 0.000000
  60 -0.000002 10.988297 0.000000 0.880380 -3.141170 0.000000
  61 -0.000000 0.000001 0.000000 0.000000 -0.000000 -0.000000
  62 0.000000 -0.000001 0.000000 -1.394795 0.000000 -0.000000
  63 -0.000000 0.000000 0.000000 -0.589292 -0.085481 -0.000000
  64 -0.000002 19.265560 0.000003 1.344263 -0.000000 -0.000000
  65 8.250684 -0.215597 2.184241 2.559029 0.019228 0.044182
  66 0.000000 -0.000000 0.000000 -0.000000 0.000000 -0.000000
  67 8.250684 -0.215597 2.184241 2.559029 0.019228 0.044182
  68 0.000000 9.632782 -0.000000 0.000000 -0.034849 -0.000000
  69 0.000001 9.632780 -0.000000 1.344262 -0.044537 0.000000
  70 -0.000001 7.812545 -0.000001 0.000000 0.051392 0.000000
  71 0.000001 7.812551 -0.000000 -1.709861 0.010973 -0.058125
  72 -0.000001 10.987985 0.000001 0.880322 -3.141171 0.000001
  73 -8.250684 -0.215592 2.184241 2.903292 -0.000001 0.000001
  74 -8.250684 -0.215595 2.184242 -1.742380 0.000000 -0.000000
  75 0.000000 -0.000001 0.000000 -1.637514 -0.000000 0.000000
  76 0.000001 19.896324 0.000003 0.140363 0.000000 -0.000000
  77 -0.000002 16.264105 0.000000 -0.703810 0.000322 -0.000273
  78 0.000000 0.000000 0.000000 -0.000000 0.000000 0.000000
  79 0.000000 10.988296 -0.000001 0.880380 3.141171 -0.000000
  80 -0.000000 0.000001 0.000000 0.000000 0.000000 0.000000
  81 0.000000 -0.000001 0.000000 -1.577256 0.017405 -0.000087
  82 -0.000001 0.000000 0.000000 -0.723637 0.021505 0.000000
  83 -0.000002 19.211744 0.000000 1.680145 0.000000 0.000000
  84 -8.250685 -0.215595 2.184243 2.240106 -0.015560 -0.024281
  85 -0.000000 -0.000000 0.000000 0.000000 -0.000000 -0.000000
  86 -8.250685 -0.215595 2.184242 2.240106 -0.015560 -0.024281
  87 0.000001 9.605878 0.000000 -0.000000 0.005590 0.000000
  88 -0.000002 9.605879 0.000001 1.680145 0.008375 -0.000000
  89 0.000001 7.783254 -0.000001 0.000000 -0.014175 -0.000000
  90 -0.000002 7.783262 -0.000000 -1.559261 -0.012428 0.007096
  91 -0.000001 10.986930 -0.000001 0.880256 3.141171 0.000003
  92 0.000000 0.000000 0.000001 -0.048317 -0.000000 -0.000000
  93 0.000000 0.000000 0.000000 -0.000000 -0.000000 0.000000
  94 -0.000000 -10.999718 0.000003 0.000000 -0.000000 -0.000000
  95 -0.000000 -1.769385 12.121012 0.166603 0.060546 -0.254931
  96 -0.000000 -0.000001 0.000000 1.538978 0.000000 -0.000000
  97 0.000000 -0.000000 -0.000000 0.069448 0.129822 0.018019
  98 -0.000000 0.000000 0.000000 -0.155083 0.000000 -0.000000
  99 -0.000000 0.000000 0.000000 -0.000000 -0.000000 0.000000
  100 -0.000000 8.544823 0.000003 -1.355632 -0.252334 -0.070784
  101 0.000000 0.000000 -0.000000 1.542233 0.000000 -0.000000
  102 0.000002 9.518021 0.000004 -0.148714 0.260783 0.024113
  103 -0.000000 3.039629 -0.000001 0.193774 0.003389 0.000666
  104 -0.000000 3.098970 -0.000000 -0.147581 0.265156 -0.021636
  105 0.000003 9.518021 0.000003 -1.713435 0.260783 0.024114
  106 -0.000000 -0.000000 -0.000000 1.662547 0.000000 -0.000000
  107 -0.000001 6.109815 -0.000001 -1.837977 0.261748 -0.008095
  108 0.000000 0.000000 0.000000 1.786425 -0.014034 0.004132
  109 -0.000000 0.000000 0.000000 -0.097827 0.000000 0.000000
  110 0.000000 0.000000 0.000000 -0.000000 0.000000 0.000000
  111 0.000001 3.025097 -0.296880 0.107836 0.002445 0.006905
  112 0.000000 0.000000 0.000000 0.095948 -0.000000 0.000000
  113 0.000000 -0.000000 -0.000000 0.000000 0.000000 -0.000000
  114 -0.000000 -0.000000 -0.000000 0.000000 0.000000 -0.000000
  115 0.904461 6.782037 3.867486 -2.377196 -1.078341 0.671976
  116 0.010187 19.450800 -0.828329 1.218785 2.176521 -0.303558
  117 -0.000004 19.429586 0.000007 1.469855 0.000001 -0.000000
  118 -0.000004 24.591591 0.000002 1.232648 2.048185 1.143138
  119 0.000000 0.000000 0.000000 -0.000000 0.000001 0.000001
  120 0.000000 0.000000 0.000000 -0.000000 -0.000001 -0.000001
  121 0.000000 0.000003 -0.000005 -0.000000 -0.000000 -0.000000
  122 0.000000 -0.000003 0.000000 0.000000 -0.000000 0.000000
  123 -0.000002 12.295795 -0.000002 0.000000 0.864142 0.000000
  124 0.000000 -0.000001 0.000000 -0.000001 0.001371 -0.000001
  125 0.000000 0.000000 0.000000 0.000000 -0.000000 0.000000
  126 -0.000000 9.714799 0.000004 0.000001 -1.028873 -0.000000
  127 0.000000 0.000000 0.000000 -0.000000 -0.000000 -0.000000
  128 -0.000000 0.000002 0.000000 0.000000 0.000000 -0.000000
  129 0.010189 19.450798 -0.828330 -1.068311 -0.458283 0.722012
  130 0.010188 19.450800 -0.828329 0.041386 -0.124298 1.319061
  131 0.000000 0.000000 0.000000 -1.332781 0.484537 -2.373637
  132 0.000000 20.126823 -0.000000 0.277335 0.000000 0.000000
  133 -0.000002 25.356462 0.000000 0.198412 -0.005445 0.027073
  134 0.000000 0.000000 0.000000 0.000000 0.000000 0.000000
  135 0.000000 0.000000 0.000000 -0.616328 -0.790233 2.941506
  136 0.000000 -0.000000 -0.000001 -0.840511 2.064166 -0.000001
  137 -0.000000 19.429583 0.000007 1.469855 0.000001 -0.000000
  138 0.010187 19.450800 -0.828329 -0.564041 0.024491 -1.469655
  139 0.000000 0.000000 0.000000 -0.000000 -0.000000 -0.000000
  140 0.010187 19.450800 -0.828329 -0.564041 0.024491 -1.469655
  141 -0.000001 9.714796 -0.000003 0.000000 0.747346 0.000000
  142 -0.000001 9.714788 0.000000 1.469854 1.028874 -0.000001
  143 0.000001 12.295798 0.000001 -0.000000 0.865514 -0.000000
  144 0.000000 12.295794 -0.000002 -0.363194 0.805056 -0.647546
  145 0.838802 0.695164 1.002011 -0.146529 0.831651 0.111056
  146 0.174733 5.883584 0.008603 0.057776 -0.287169 0.072685
  147 -0.000000 5.184052 -0.000000 0.902421 -0.003806 0.022167
  148 -0.000000 5.576723 0.000000 0.779383 0.000643 -0.036172
  149 0.174733 5.883584 0.008603 0.057776 -0.287169 0.072685
  150 -0.000000 5.184052 -0.000000 0.902421 -0.003806 0.022167
  151 -0.000000 5.576723 0.000000 0.779383 0.000643 -0.036172
  152 0.174736 5.883584 0.008600 0.057776 -0.287169 0.072685
  153 -0.000000 0.000001 -0.000000 -0.000000 -0.000000 -0.000000
  154 0.174733 5.883584 0.008603 0.057776 -0.287169 0.072685
  155 0.000000 0.000000 0.000000 -0.000000 -0.000000 -0.000000
  156 0.000001 5.184052 0.000000 0.902421 -0.003806 0.022168
  157 0.000000 0.000000 0.000000 -0.000000 -0.000000 -0.000000
  158 0.000001 5.576723 0.000000 0.779383 0.000643 -0.036172
  159 0.000000 0.000000 0.000000 -0.000000 -0.000000 -0.000000
  160 -0.000002 9.158422 -0.000002 3.141593 0.324016 -0.000000
  161 0.000000 0.000000 0.000000 0.000000 -0.000000 0.000000
  162 0.000000 0.000000 0.000000 0.000000 0.000000 -0.000000
  163 0.174733 5.883584 0.008603 0.057776 -0.287169 0.072685
  164 0.208222 1.308906 0.886644 -0.521836 0.710749 -0.438947
  165 -0.168960 4.708627 0.090738 0.177555 -0.296553 -0.038426
  166 0.000000 6.134690 0.000000 0.894761 -0.004721 0.048260
  167 0.000000 5.142238 0.000000 0.798983 0.000043 -0.073620
  168 -0.168960 4.708627 0.090738 0.177555 -0.296553 -0.038426
  169 0.000000 6.134690 0.000000 0.894761 -0.004721 0.048260
  170 0.000000 5.142238 0.000000 0.798983 0.000043 -0.073620
  171 -0.168956 4.708629 0.090739 0.177555 -0.296553 -0.038426
  172 -0.000000 0.000001 -0.000000 -0.000000 -0.000000 -0.000000
  173 -0.000000 0.000001 -0.000000 -0.000000 -0.000000 -0.000000
  174 -0.168960 4.708627 0.090738 0.177555 -0.296552 -0.038425
  175 0.000000 0.000000 0.000000 -0.000000 -0.000001 -0.000001
  176 -0.000000 6.134693 0.000000 0.894760 -0.004721 0.048261
  177 0.000000 0.000000 0.000000 0.000000 -0.000001 -0.000001
  178 -0.000001 5.142239 0.000001 0.798984 0.000043 -0.073619
  179 0.000000 0.000000 0.000000 -0.000000 -0.000001 -0.000001
  180 -0.000001 9.920088 -0.000003 -3.141593 0.323205 0.000000
  181 0.000000 0.000000 0.000000 -0.000000 -0.000000 0.000000
  182 -0.000000 0.000003 0.000002 0.000000 -0.000000 0.000000
  183 -0.168960 4.708627 0.090738 0.177555 -0.296553 -0.038426
  184 -0.000000 0.000001 -0.000000 -0.000000 -0.000000 -0.000000
  185 1.229530 0.555894 1.288370 -0.746848 0.623235 -0.695221
  186 -0.541442 5.469413 -0.064328 0.207022 -0.080208 -0.208699
  187 0.000001 5.046767 0.000000 0.881596 0.005800 -0.038569
  188 0.000002 4.876215 -0.000002 0.846733 -0.002099 0.057280
  189 -0.541443 5.469411 -0.064329 0.207022 -0.080208 -0.208699
  190 0.000002 5.046769 0.000001 0.881596 0.005800 -0.038569
  191 -0.000000 4.876213 -0.000000 0.846733 -0.002099 0.057280
  192 -0.541434 5.469420 -0.064324 0.207022 -0.080209 -0.208698
  193 0.000000 0.000000 0.000000 0.000000 -0.000000 -0.000000
  194 0.000000 0.000000 0.000000 0.000000 -0.000000 -0.000000
  195 -0.541439 5.469415 -0.064327 0.207022 -0.080209 -0.208698
  196 0.000000 0.000000 0.000000 0.000000 0.000000 0.000000
  197 0.000004 5.046766 0.000000 0.881596 0.005799 -0.038570
  198 0.000000 0.000000 0.000000 0.000000 0.000000 0.000000
  199 0.000003 4.876213 -0.000002 0.846733 -0.002098 0.057280
  200 0.000000 0.000000 0.000000 0.000000 -0.000001 -0.000000
  201 -0.000004 10.336266 -0.000004 -3.141592 -0.095607 -0.000001
  202 0.000002 -0.000000 -0.000003 -0.000000 0.000000 0.000000
  203 0.000002 0.000002 -0.000002 -0.000000 0.000000 -0.000000
  204 -0.541441 5.469414 -0.064327 0.207022 -0.080208 -0.208699
  205 0.000000 0.000000 0.000000 0.000000 -0.000000 -0.000000
  206 2.510269 0.335969 0.022932 -0.704386 0.728958 -0.808876
  207 -0.972584 4.035815 -0.355600 0.204092 -0.003080 -0.542466
  208 -0.000000 4.945985 0.000000 0.907823 0.001324 -0.011932
  209 -0.000001 6.128858 0.000003 0.956191 -0.001326 0.020280
  210 -0.972584 4.035815 -0.355600 0.204092 -0.003080 -0.542466
  211 -0.000000 4.945985 0.000000 0.907823 0.001324 -0.011932
  212 -0.000001 6.128858 0.000003 0.956191 -0.001326 0.020280
  213 -0.972584 4.035814 -0.355604 0.204092 -0.003080 -0.542466
  214 -0.000001 0.000001 -0.000000 0.000000 -0.000000 0.000000
  215 -0.000001 0.000001 -0.000000 0.000000 -0.000000 0.000000
  216 -0.972584 4.035815 -0.355600 0.204093 -0.003081 -0.542467
  217 0.000000 0.000000 0.000000 -0.000000 0.000001 0.000001
  218 0.000001 4.945985 -0.000001 0.907823 0.001324 -0.011934
  219 0.000000 0.000000 0.000000 -0.000000 0.000001 0.000000
  220 -0.000001 6.128856 0.000003 0.956192 -0.001326 0.020280
  221 0.000000 0.000000 0.000000 0.000000 0.000000 0.000000
  222 -0.000000 8.781747 -0.000002 3.141593 -0.488191 0.000000
  223 0.000000 0.000000 0.000000 -0.000000 0.000000 0.000000
  224 0.000000 0.000000 0.000000 0.000000 0.000000 0.000000
  225 -0.972584 4.035815 -0.355600 0.204092 -0.003080 -0.542466
  226 -0.000001 0.000001 -0.000000 0.000000 -0.000000 0.000000
  227 0.777025 1.281750 1.958797 0.196515 0.598662 0.924076
  228 0.816999 4.090760 -0.112719 0.213321 0.019605 0.282980
  229 -0.000001 4.879314 0.000000 0.854458 0.004531 -0.036922
  230 0.000001 5.043319 -0.000001 0.798963 -0.001208 0.055325
  231 0.816997 4.090761 -0.112719 0.213321 0.019605 0.282980
  232 0.000000 4.879313 0.000000 0.854458 0.004531 -0.036922
  233 0.000001 5.043319 -0.000001 0.798963 -0.001208 0.055325
  234 0.817007 4.090756 -0.112719 0.213321 0.019605 0.282980
  235 0.000000 0.000000 0.000000 0.000000 -0.000000 -0.000000
  236 0.817004 4.090757 -0.112719 0.213321 0.019605 0.282979
  237 0.000000 0.000000 0.000000 -0.000000 0.000001 0.000001
  238 -0.000000 4.879313 0.000000 0.854458 0.004531 -0.036922
  239 0.000000 0.000000 0.000000 -0.000000 0.000000 0.000000
  240 0.000001 5.043319 0.000000 0.798962 -0.001208 0.055324
  241 0.000000 0.000000 0.000000 0.000000 -0.000000 0.000000
  242 -0.000001 10.325290 0.000000 3.141592 -0.093079 -0.000000
  243 0.000000 0.000000 0.000000 0.000000 0.000000 0.000000
  244 -0.000000 0.000003 0.000002 0.000000 0.000000 -0.000000
  245 0.817000 4.090759 -0.112719 0.213321 0.019605 0.282980
  246 0.986052 0.947620 1.368038 0.166521 0.766158 0.595879
  247 0.578824 5.108992 -0.080750 0.036911 -0.459751 0.204801
  248 -0.000000 4.968779 0.000000 0.899303 0.003073 -0.030016
  249 0.000000 5.803465 -0.000000 0.884737 -0.001678 0.049316
  250 0.578824 5.108992 -0.080750 0.036911 -0.459751 0.204801
  251 -0.000000 4.968779 0.000000 0.899303 0.003073 -0.030016
  252 0.000000 5.803465 -0.000000 0.884737 -0.001678 0.049316
  253 0.578833 5.108991 -0.080752 0.036912 -0.459751 0.204801
  254 0.000000 0.000000 0.000000 -0.000000 -0.000000 0.000000
  255 0.578826 5.108992 -0.080749 0.036912 -0.459751 0.204801
  256 0.000000 0.000000 0.000000 -0.000000 -0.000000 -0.000000
  257 -0.000002 4.968780 -0.000001 0.899302 0.003073 -0.030015
  258 0.000000 0.000000 0.000000 0.000000 -0.000000 -0.000000
  259 0.000001 5.803464 0.000001 0.884737 -0.001678 0.049315
  260 0.000000 0.000000 0.000000 -0.000000 -0.000000 0.000000
  261 0.000001 9.111454 -0.000001 3.141592 0.806826 -0.000001
  262 -0.000001 0.000001 0.000001 -0.000000 -0.000000 -0.000000
  263 0.000000 0.000000 0.000000 0.000000 -0.000000 -0.000000
  264 0.578824 5.108992 -0.080750 0.036911 -0.459751 0.204801
  265 2.510270 0.335969 0.022937 -0.704386 0.728958 -0.808876
  266 2.510270 0.335969 0.022937 -0.704386 0.728958 -0.808876
  267 2.510270 0.335969 0.022937 -0.704386 0.728958 -0.808876
  268 -0.904461 6.782041 3.867485 -0.128741 1.625479 1.472969
  269 -0.010191 19.450792 -0.828339 -2.195258 -0.342033 1.403955
  270 -0.000003 19.422228 -0.000003 1.498388 -0.000001 -0.000000
  271 0.000007 24.580885 0.000000 0.086323 -0.093853 0.354260
  272 0.000000 0.000000 0.000000 -0.000000 -0.000001 -0.000001
  273 0.000000 0.000000 0.000000 -0.000000 0.000001 0.000001
  274 0.000001 -0.000000 -0.000002 -0.000000 0.000000 0.000000
  275 0.000000 0.000000 0.000000 0.000000 0.000000 -0.000000
  276 0.000003 12.290441 -0.000001 0.000000 -0.038883 -0.000000
  277 0.000000 0.000000 0.000000 -0.000001 -0.001371 0.000001
  278 0.000000 0.000000 -0.000000 -0.000000 0.000000 -0.000000
  279 -0.000003 9.711115 0.000002 0.000000 0.237405 -0.000000
  280 0.000000 0.000000 0.000000 -0.000000 0.000000 0.000001
  281 0.000001 0.000003 -0.000001 0.000000 -0.000000 -0.000000
  282 -0.010188 19.450794 -0.828333 -1.068311 0.458283 -0.722012
  283 -0.010191 19.450794 -0.828340 0.041386 0.124298 -1.319061
  284 -0.000000 0.000001 -0.000000 -1.332781 -0.484537 2.373637
  285 0.000003 20.126818 0.000003 0.277335 -0.000000 -0.000000
  286 0.000004 25.356461 0.000002 0.198412 0.005445 -0.027074
  287 0.000000 0.000000 0.000000 -0.000000 -0.000000 -0.000000
  288 -0.000000 0.000001 -0.000000 -1.321083 -0.175989 2.577724
  289 -0.000002 -0.000002 0.000000 -0.857794 -0.152754 -0.000000
  290 -0.000005 19.422224 -0.000002 1.498388 -0.000001 -0.000000
  291 -0.010191 19.450792 -0.828339 -2.022603 -0.555710 1.012445
  292 0.000000 0.000000 0.000000 -0.000000 0.000000 0.000000
  293 -0.010191 19.450792 -0.828339 -2.022602 -0.555711 1.012445
  294 -0.000003 9.711112 0.000000 -0.000000 -0.173647 -0.000000
  295 -0.000001 9.711113 -0.000002 1.498388 -0.237405 0.000001
  296 0.000002 12.290435 0.000001 -0.000000 -0.040254 -0.000000
  297 0.000002 12.290442 0.000000 0.100306 -0.056091 0.353214
  298 -0.838800 0.695162 1.002013 -0.146529 -0.831651 -0.111056
  299 -0.157830 5.891368 0.004660 0.057776 0.287169 -0.072684
  300 -0.000002 5.184055 0.000000 0.885353 0.003806 -0.022168
  301 0.000000 5.576723 0.000002 0.762315 -0.000643 0.036172
  302 -0.157830 5.891368 0.004660 0.057776 0.287169 -0.072684
  303 -0.000002 5.184055 0.000000 0.885353 0.003806 -0.022168
  304 0.000000 5.576723 0.000002 0.762315 -0.000643 0.036172
  305 -0.157831 5.891367 0.004660 0.057776 0.287169 -0.072685
  306 0.000000 0.000000 0.000000 -0.000000 0.000000 -0.000000
  307 -0.157830 5.891368 0.004660 0.057776 0.287169 -0.072685
  308 0.000000 0.000000 0.000000 -0.000000 0.000000 0.000000
  309 -0.000003 5.184052 0.000000 0.885352 0.003807 -0.022168
  310 0.000000 0.000000 0.000000 0.000000 0.000001 0.000000
  311 -0.000002 5.576723 0.000001 0.762315 -0.000644 0.036172
  312 0.000000 0.000000 -0.000000 0.000000 0.000000 0.000000
  313 0.000002 9.158418 0.000000 3.141593 -0.324016 0.000000
  314 -0.000001 -0.000001 -0.000001 -0.000000 -0.000000 -0.000000
  315 0.000000 0.000000 0.000000 0.000000 -0.000000 0.000000
  316 -0.157830 5.891368 0.004660 0.057776 0.287169 -0.072684
  317 -0.208218 1.308911 0.886640 -0.521836 -0.710749 0.438946
  318 0.105612 4.800586 0.053983 0.177555 0.296553 0.038426
  319 -0.000001 6.134689 0.000000 0.579384 0.004722 -0.048260
  320 -0.000001 5.142235 0.000001 0.483608 -0.000043 0.073620
  321 0.105612 4.800586 0.053983 0.177555 0.296553 0.038426
  322 -0.000001 6.134689 0.000000 0.579384 0.004722 -0.048260
  323 -0.000001 5.142235 0.000001 0.483608 -0.000043 0.073620
  324 0.105613 4.800582 0.053985 0.177555 0.296553 0.038426
  325 0.000000 0.000000 0.000000 -0.000000 0.000000 0.000000
  326 0.000000 0.000000 0.000000 -0.000000 0.000000 0.000000
  327 0.105612 4.800586 0.053984 0.177555 0.296553 0.038425
  328 0.000000 0.000000 0.000000 -0.000000 0.000001 0.000001
  329 -0.000003 6.134689 0.000003 0.579385 0.004721 -0.048261
  330 0.000000 0.000000 0.000000 -0.000000 0.000001 0.000001
  331 0.000001 5.142238 -0.000000 0.483608 -0.000043 0.073619
  332 -0.000000 -0.000000 -0.000000 -0.000000 0.000001 0.000001
  333 -0.000002 9.920086 -0.000000 -3.141593 -0.323204 -0.000000
  334 -0.000000 0.000002 -0.000001 -0.000000 0.000000 0.000000
  335 0.000000 0.000000 0.000000 -0.000000 0.000000 -0.000000
  336 0.105612 4.800586 0.053983 0.177555 0.296553 0.038426
  337 0.000000 0.000000 0.000000 -0.000000 0.000000 0.000000
  338 -1.229536 0.555903 1.288358 -0.746848 -0.623235 0.695221
  339 0.529922 5.476321 -0.063228 0.207022 0.080208 0.208698
  340 -0.000000 5.046768 0.000000 0.864527 -0.005800 0.038570
  341 0.000000 4.876215 0.000001 0.829664 0.002099 -0.057280
  342 0.529922 5.476321 -0.063228 0.207022 0.080208 0.208698
  343 -0.000000 5.046768 0.000000 0.864527 -0.005800 0.038570
  344 0.000000 4.876215 0.000001 0.829664 0.002099 -0.057280
  345 0.529924 5.476313 -0.063226 0.207022 0.080209 0.208698
  346 0.000000 0.000000 0.000000 0.000000 0.000000 0.000000
  347 0.000000 0.000000 0.000000 0.000000 0.000000 0.000000
  348 0.529923 5.476321 -0.063227 0.207022 0.080209 0.208698
  349 0.000000 0.000000 0.000000 -0.000000 0.000000 -0.000000
  350 -0.000001 5.046768 0.000001 0.864527 -0.005800 0.038570
  351 0.000000 0.000000 0.000000 -0.000000 -0.000000 -0.000000
  352 0.000001 4.876215 -0.000000 0.829664 0.002099 -0.057281
  353 0.000000 0.000000 0.000000 0.000000 0.000001 0.000000
  354 -0.000000 10.336263 0.000002 -3.141593 0.095607 0.000001
  355 0.000000 -0.000000 -0.000002 0.000000 -0.000000 0.000000
  356 0.000000 0.000001 -0.000001 -0.000000 0.000000 -0.000000
  357 0.529922 5.476321 -0.063228 0.207022 0.080208 0.208698
  358 0.000000 0.000000 0.000000 0.000000 0.000000 0.000000
  359 -2.510273 0.335975 0.022938 -0.704386 -0.728957 0.808876
  360 0.590337 4.092916 -0.215995 0.204093 0.003080 0.542466
  361 -0.000002 4.945987 0.000000 0.592447 -0.001324 0.011932
  362 0.000001 6.128854 -0.000001 0.640816 0.001326 -0.020280
  363 0.590337 4.092916 -0.215995 0.204093 0.003080 0.542466
  364 -0.000002 4.945987 0.000000 0.592447 -0.001324 0.011932
  365 0.000002 6.128854 -0.000001 0.640816 0.001326 -0.020280
  366 0.590338 4.092916 -0.215996 0.204092 0.003080 0.542466
  367 0.000000 0.000000 0.000000 0.000000 0.000000 -0.000000
  368 0.000000 0.000000 0.000000 0.000000 0.000000 -0.000000
  369 0.590337 4.092916 -0.215995 0.204093 0.003080 0.542467
  370 0.000000 0.000000 0.000000 -0.000000 -0.000001 -0.000001
  371 -0.000002 4.945986 0.000000 0.592447 -0.001324 0.011934
  372 0.000000 0.000000 0.000000 0.000000 -0.000001 -0.000001
  373 0.000001 6.128852 -0.000001 0.640816 0.001326 -0.020280
  374 0.000000 0.000000 0.000000 -0.000000 -0.000000 -0.000000
  375 -0.000002 8.781747 0.000002 3.141593 0.488191 -0.000000
  376 0.000002 0.000001 -0.000001 0.000000 -0.000000 0.000000
  377 0.000000 0.000000 0.000000 -0.000000 0.000000 -0.000000
  378 0.590337 4.092916 -0.215995 0.204093 0.003080 0.542466
  379 0.000000 0.000000 0.000000 0.000000 0.000000 -0.000000
  380 -0.777027 1.281757 1.958791 0.196514 -0.598662 -0.924076
  381 -0.797104 4.101079 -0.110047 0.213321 -0.019605 -0.282979
  382 -0.000000 4.879316 -0.000000 0.837390 -0.004530 0.036921
  383 0.000004 5.043316 0.000000 0.781894 0.001208 -0.055323
  384 -0.797104 4.101079 -0.110047 0.213321 -0.019605 -0.282979
  385 -0.000000 4.879316 -0.000000 0.837390 -0.004530 0.036921
  386 0.000004 5.043316 0.000000 0.781894 0.001208 -0.055323
  387 -0.797100 4.101078 -0.110048 0.213321 -0.019605 -0.282979
  388 0.000000 0.000000 0.000000 0.000000 0.000000 -0.000000
  389 -0.797104 4.101079 -0.110047 0.213321 -0.019605 -0.282979
  390 0.000000 0.000000 0.000000 -0.000000 -0.000000 -0.000001
  391 -0.000001 4.879316 -0.000001 0.837389 -0.004530 0.036922
  392 0.000000 0.000000 0.000000 0.000000 -0.000000 -0.000000
  393 0.000003 5.043319 -0.000000 0.781894 0.001208 -0.055324
  394 -0.000000 -0.000000 0.000000 -0.000000 -0.000000 -0.000000
  395 -0.000002 10.325295 0.000004 3.141593 0.093078 0.000000
  396 0.000000 0.000000 0.000000 0.000000 -0.000000 0.000000
  397 -0.000004 0.000001 0.000000 -0.000000 0.000000 -0.000001
  398 -0.797104 4.101079 -0.110047 0.213321 -0.019605 -0.282979
  399 -0.986054 0.947620 1.368040 0.166521 -0.766159 -0.595878
  400 -0.347645 5.260039 -0.049194 0.036912 0.459751 -0.204801
  401 -0.000002 4.968772 0.000002 0.583926 -0.003073 0.030016
  402 -0.000003 5.803462 -0.000003 0.569360 0.001678 -0.049316
  403 -0.347645 5.260039 -0.049194 0.036912 0.459751 -0.204801
  404 -0.000002 4.968772 0.000002 0.583926 -0.003073 0.030016
  405 -0.000003 5.803462 -0.000003 0.569360 0.001678 -0.049316
  406 -0.347643 5.260035 -0.049198 0.036912 0.459751 -0.204801
  407 0.000000 0.000000 0.000000 -0.000000 0.000000 -0.000000
  408 -0.347645 5.260039 -0.049194 0.036912 0.459751 -0.204801
  409 0.000000 0.000000 0.000000 -0.000000 0.000000 0.000000
  410 -0.000001 4.968776 0.000001 0.583926 -0.003073 0.030015
  411 0.000000 0.000000 0.000000 -0.000000 0.000000 0.000000
  412 -0.000004 5.803462 0.000000 0.569361 0.001678 -0.049315
  413 0.000000 0.000000 0.000000 0.000000 -0.000000 -0.000000
  414 0.000002 9.111454 -0.000003 3.141592 -0.806826 0.000001
  415 -0.000003 -0.000003 -0.000002 -0.000000 -0.000000 -0.000000
  416 -0.000000 0.000000 0.000000 0.000000 -0.000000 0.000001
  417 -0.347645 5.260039 -0.049194 0.036912 0.459751 -0.204801
  418 -2.510270 0.335972 0.022941 -0.704386 -0.728957 0.808876
  419 -2.510270 0.335972 0.022941 -0.704386 -0.728957 0.808876
  420 -2.510270 0.335972 0.022941 -0.704386 -0.728957 0.808876
  421 8.463111 -0.489837 -2.120327 1.542233 -0.000000 3.141593
  422 -0.000000 -0.000001 -0.000000 -0.000000 0.000000 -0.000000
  423 -8.463112 -0.489835 -2.120321 1.542233 -0.000000 -3.141593
  424 -0.000000 -0.000001 -0.000000 -0.000000 -0.000000 -0.000000
  425 8.463111 -0.489837 -2.120327 1.542233 -0.000000 3.141593
  426 -8.463112 -0.489835 -2.120321 1.542233 -0.000000 -3.141593
  427 0.904461 6.782037 3.867486 -2.377196 -1.078341 0.671976
  428 -0.904461 6.782041 3.867485 -0.128740 1.625479 1.472970
  429 0.000000 -0.000000 -0.000000 0.000000 0.000000 -0.000000
  430 -2.384858 45.420403 15.540361 0.000000 -0.000000 1.570796
  431 -54.762531 -27.212648 7.554741 -2.756354 0.463407 -1.123496
  432 -0.000005 -0.000002 -0.000001 0.000000 0.000000 0.000000
  433 -34.092613 15.945897 11.623865 0.133455 0.156141 1.220262
  434 48.067986 -44.581108 25.666424 0.636716 0.964784 -2.018134
  435 -2.384865 -45.420403 15.540361 0.000000 -0.000000 1.570796
  436 13.052502 9.507177 2.681606 -1.069960 -0.292055 2.886452
  437 0.000000 0.000000 0.000000 0.000000 0.000000 -0.000000
  438 -45.272621 -0.046319 29.340971 0.433479 0.216063 1.374328
  439 -24.939384 -20.485271 -50.611996 0.636716 -0.964784 2.018134
  440 -0.483101 8.250682 -13.900933 0.000000 -0.000000 1.570796
  441 -0.000002 9.273917 -0.737960 -0.016656 -0.000000 0.000000
  442 -0.000000 -6.475164 -8.877786 -0.000000 0.000000 -0.000000
  443 0.000000 6.475165 8.877786 -0.000000 0.000000 -0.000000
  444 -1.878120 12.014872 -0.599895 -0.000000 -0.000000 -0.000000
  445 3.953934 0.000001 -0.000002 -0.000000 -0.000000 -0.000000
  446 -1.976969 -0.000000 -0.000000 -0.000000 -0.000000 0.000000
  447 -0.098849 -12.014874 0.599884 0.000000 0.000000 -0.000000
  448 0.000000 6.475165 8.877784 -2.200961 0.000249 0.000341
  449 0.000002 0.000003 0.000001 -0.000000 0.000000 0.000000
  450 -0.000002 10.988305 0.000000 2.200961 0.000422 0.000000
  451 0.000000 0.000000 0.000000 -0.060252 -0.000000 -3.141593
  452 33.027279 8.250679 -13.057435 0.133201 0.000000 1.570796
  453 3.776669 -4.194723 1.884701 -0.003598 -0.000000 -0.000000
  454 -0.483102 -8.250682 -13.900933 0.000000 -0.000000 1.570796
  455 -0.406706 3.890893 2.181240 0.154079 0.000000 0.000000
  456 0.000001 -6.475163 -8.877786 0.000000 -0.000000 0.000000
  457 -0.000001 6.475163 8.877786 0.000000 -0.000000 0.000000
  458 1.878119 12.014876 -0.599894 0.000000 -0.000000 -0.000000
  459 -3.953935 -0.000001 0.000000 -0.000000 0.000000 -0.000000
  460 1.976967 0.000001 -0.000000 -0.000000 -0.000000 -0.000000
  461 0.098852 -12.014874 0.599885 0.000000 0.000000 0.000000
  462 -0.000002 6.475164 8.877785 -2.200961 -0.000249 -0.000341
  463 -0.000002 0.000001 0.000001 -0.000000 0.000000 0.000000
  464 0.000001 10.988306 0.000000 2.200961 -0.000422 -0.000000
  465 0.000000 0.000000 0.000000 -0.060252 0.000000 -3.141593
  466 33.027279 -8.250687 -13.057435 0.133201 0.000000 1.570796
  467 -1.071782 4.233157 -0.862101 -0.003598 -0.000000 -0.000000
end
