version 1
nodes
0 "root" -1
1 "DEF-spine" 0
2 "DEF-spine.001" 1
3 "DEF-spine.002" 2
4 "DEF-spine.003" 3
5 "DEF-spine.004" 4
6 "DEF-spine.005" 5
7 "DEF-spine.006" 6
8 "VIS_upper_arm_ik_pole.L" 0
9 "VIS_upper_arm_ik_pole.R" 0
10 "VIS_thigh_ik_pole.L" 0
11 "VIS_thigh_ik_pole.R" 0
12 "MCH-torso.parent" -1
13 "torso" 12
14 "hips" 13
15 "chest" 13
16 "MCH-spine.001" 13
17 "spine_fk.001" 16
18 "MCH-spine" 17
19 "spine_fk" 18
20 "tweak_spine" 19
21 "ORG-spine" 20
22 "ORG-pelvis.L" 21
23 "DEF-pelvis.L" 22
24 "ORG-pelvis.R" 21
25 "DEF-pelvis.R" 24
26 "ORG-thigh.L" 21
27 "ORG-shin.L" 26
28 "ORG-foot.L" 27
29 "ORG-toe.L" 28
30 "ORG-heel.02.L" 28
31 "MCH-foot_tweak.L" 28
32 "foot_tweak.L" 31
33 "MCH-shin_tweak.L" 27
34 "shin_tweak.L" 33
35 "MCH-shin_tweak.L.001" 27
36 "shin_tweak.L.001" 35
37 "MCH-thigh_parent_widget.L" 26
38 "MCH-thigh_tweak.L.001" 26
39 "thigh_tweak.L.001" 38
40 "ORG-thigh.R" 21
41 "ORG-shin.R" 40
42 "ORG-foot.R" 41
43 "ORG-toe.R" 42
44 "ORG-heel.02.R" 42
45 "MCH-foot_tweak.R" 42
46 "foot_tweak.R" 45
47 "MCH-shin_tweak.R" 41
48 "shin_tweak.R" 47
49 "MCH-shin_tweak.R.001" 41
50 "shin_tweak.R.001" 49
51 "MCH-thigh_parent_widget.R" 40
52 "MCH-thigh_tweak.R.001" 40
53 "thigh_tweak.R.001" 52
54 "thigh_parent.L" 21
55 "MCH-thigh_parent.L" 21
56 "thigh_fk.L" 55
57 "shin_fk.L" 56
58 "MCH-foot_fk.L" 57
59 "foot_fk.L" 58
60 "MCH-toe_fk.L" 59
61 "toe_fk.L" 60
62 "MCH-thigh_ik_swing.L" 55
63 "thigh_ik.L" 62
64 "MCH-shin_ik.L" 63
65 "MCH-thigh_tweak.L" 21
66 "thigh_tweak.L" 65
67 "DEF-thigh.L" 21
68 "DEF-thigh.L.001" 67
69 "DEF-shin.L" 68
70 "DEF-shin.L.001" 69
71 "DEF-foot.L" 70
72 "DEF-toe.L" 71
73 "thigh_parent.R" 21
74 "MCH-thigh_parent.R" 21
75 "thigh_fk.R" 74
76 "shin_fk.R" 75
77 "MCH-foot_fk.R" 76
78 "foot_fk.R" 77
79 "MCH-toe_fk.R" 78
80 "toe_fk.R" 79
81 "MCH-thigh_ik_swing.R" 74
82 "thigh_ik.R" 81
83 "MCH-shin_ik.R" 82
84 "MCH-thigh_tweak.R" 21
85 "thigh_tweak.R" 84
86 "DEF-thigh.R" 21
87 "DEF-thigh.R.001" 86
88 "DEF-shin.R" 87
89 "DEF-shin.R.001" 88
90 "DEF-foot.R" 89
91 "DEF-toe.R" 90
92 "tweak_spine.001" 19
93 "ORG-spine.001" 92
94 "MCH-WGT-hips" 19
95 "MCH-spine.002" 13
96 "spine_fk.002" 95
97 "MCH-pivot" 96
98 "tweak_spine.002" 97
99 "ORG-spine.002" 98
100 "MCH-spine.003" 96
101 "spine_fk.003" 100
102 "ORG-spine.004" 101
103 "ORG-spine.005" 102
104 "ORG-spine.006" 103
105 "MCH-ROT-neck" 101
106 "neck" 105
107 "MCH-ROT-head" 106
108 "head" 107
109 "tweak_spine.004" 106
110 "MCH-STR-neck" 106
111 "MCH-spine.005" 110
112 "tweak_spine.005" 111
113 "tweak_spine.003" 101
114 "ORG-spine.003" 113
115 "ORG-shoulder.L" 114
116 "ORG-upper_arm.L" 115
117 "ORG-forearm.L" 116
118 "ORG-hand.L" 117
119 "MCH-hand_tweak.L" 118
120 "hand_tweak.L" 119
121 "MCH-forearm_tweak.L" 117
122 "forearm_tweak.L" 121
123 "MCH-forearm_tweak.L.001" 117
124 "forearm_tweak.L.001" 123
125 "MCH-upper_arm_parent_widget.L" 116
126 "MCH-upper_arm_tweak.L.001" 116
127 "upper_arm_tweak.L.001" 126
128 "DEF-shoulder.L" 115
129 "upper_arm_parent.L" 115
130 "MCH-upper_arm_parent.L" 115
131 "upper_arm_fk.L" 130
132 "forearm_fk.L" 131
133 "MCH-hand_fk.L" 132
134 "hand_fk.L" 133
135 "MCH-upper_arm_ik_swing.L" 130
136 "upper_arm_ik.L" 135
137 "MCH-forearm_ik.L" 136
138 "MCH-upper_arm_tweak.L" 115
139 "upper_arm_tweak.L" 138
140 "DEF-upper_arm.L" 115
141 "DEF-upper_arm.L.001" 140
142 "DEF-forearm.L" 141
143 "DEF-forearm.L.001" 142
144 "DEF-hand.L" 143
145 "ORG-palm.01.L" 144
146 "ORG-f_index.01.L" 145
147 "ORG-f_index.02.L" 146
148 "ORG-f_index.03.L" 147
149 "DEF-f_index.01.L" 145
150 "DEF-f_index.02.L" 149
151 "DEF-f_index.03.L" 150
152 "f_index.01_master.L" 145
153 "DEF-palm.01.L" 145
154 "MCH-f_index.01_drv.L" 145
155 "f_index.01.L" 154
156 "MCH-f_index.02_drv.L" 155
157 "f_index.02.L" 156
158 "MCH-f_index.03_drv.L" 157
159 "f_index.03.L" 158
160 "f_index.01.L.001" 159
161 "MCH-f_index.03.L" 159
162 "MCH-f_index.02.L" 157
163 "MCH-f_index.01.L" 145
164 "ORG-palm.02.L" 144
165 "ORG-f_middle.01.L" 164
166 "ORG-f_middle.02.L" 165
167 "ORG-f_middle.03.L" 166
168 "DEF-f_middle.01.L" 164
169 "DEF-f_middle.02.L" 168
170 "DEF-f_middle.03.L" 169
171 "f_middle.01_master.L" 164
172 "DEF-palm.02.L" 164
173 "DEF-palm.02.L.001" 164
174 "MCH-f_middle.01_drv.L" 164
175 "f_middle.01.L" 174
176 "MCH-f_middle.02_drv.L" 175
177 "f_middle.02.L" 176
178 "MCH-f_middle.03_drv.L" 177
179 "f_middle.03.L" 178
180 "f_middle.01.L.001" 179
181 "MCH-f_middle.03.L" 179
182 "MCH-f_middle.02.L" 177
183 "MCH-f_middle.01.L" 164
184 "DEF-palm.02.L.002" 164
185 "ORG-palm.03.L" 144
186 "ORG-f_ring.01.L" 185
187 "ORG-f_ring.02.L" 186
188 "ORG-f_ring.03.L" 187
189 "DEF-f_ring.01.L" 185
190 "DEF-f_ring.02.L" 189
191 "DEF-f_ring.03.L" 190
192 "f_ring.01_master.L" 185
193 "DEF-palm.03.L" 185
194 "DEF-palm.03.L.001" 185
195 "MCH-f_ring.01_drv.L" 185
196 "f_ring.01.L" 195
197 "MCH-f_ring.02_drv.L" 196
198 "f_ring.02.L" 197
199 "MCH-f_ring.03_drv.L" 198
200 "f_ring.03.L" 199
201 "f_ring.01.L.001" 200
202 "MCH-f_ring.03.L" 200
203 "MCH-f_ring.02.L" 198
204 "MCH-f_ring.01.L" 185
205 "DEF-palm.03.L.002" 185
206 "ORG-palm.04.L" 144
207 "ORG-f_pinky.01.L" 206
208 "ORG-f_pinky.02.L" 207
209 "ORG-f_pinky.03.L" 208
210 "DEF-f_pinky.01.L" 206
211 "DEF-f_pinky.02.L" 210
212 "DEF-f_pinky.03.L" 211
213 "f_pinky.01_master.L" 206
214 "DEF-palm.04.L" 206
215 "DEF-palm.04.L.001" 206
216 "MCH-f_pinky.01_drv.L" 206
217 "f_pinky.01.L" 216
218 "MCH-f_pinky.02_drv.L" 217
219 "f_pinky.02.L" 218
220 "MCH-f_pinky.03_drv.L" 219
221 "f_pinky.03.L" 220
222 "f_pinky.01.L.001" 221
223 "MCH-f_pinky.03.L" 221
224 "MCH-f_pinky.02.L" 219
225 "MCH-f_pinky.01.L" 206
226 "DEF-palm.04.L.003" 206
227 "ORG-palm.04.L.001" 144
228 "ORG-f_pinky.01.L.001" 227
229 "ORG-f_pinky.02.L.001" 228
230 "ORG-f_pinky.03.L.001" 229
231 "DEF-f_pinky.01.L.001" 227
232 "DEF-f_pinky.02.L.001" 231
233 "DEF-f_pinky.03.L.001" 232
234 "f_pinky.01_master.L.001" 227
235 "DEF-palm.04.L.002" 227
236 "MCH-f_pinky.01_drv.L.001" 227
237 "f_pinky.01.L.002" 236
238 "MCH-f_pinky.02_drv.L.001" 237
239 "f_pinky.02.L.001" 238
240 "MCH-f_pinky.03_drv.L.001" 239
241 "f_pinky.03.L.001" 240
242 "f_pinky.01.L.003" 241
243 "MCH-f_pinky.03.L.001" 241
244 "MCH-f_pinky.02.L.001" 239
245 "MCH-f_pinky.01.L.001" 227
246 "ORG-palm.01.L.001" 144
247 "ORG-f_index.01.L.001" 246
248 "ORG-f_index.02.L.001" 247
249 "ORG-f_index.03.L.001" 248
250 "DEF-f_index.01.L.001" 246
251 "DEF-f_index.02.L.001" 250
252 "DEF-f_index.03.L.001" 251
253 "f_index.01_master.L.001" 246
254 "DEF-palm.01.L.001" 246
255 "MCH-f_index.01_drv.L.001" 246
256 "f_index.01.L.002" 255
257 "MCH-f_index.02_drv.L.001" 256
258 "f_index.02.L.001" 257
259 "MCH-f_index.03_drv.L.001" 258
260 "f_index.03.L.001" 259
261 "f_index.01.L.003" 260
262 "MCH-f_index.03.L.001" 260
263 "MCH-f_index.02.L.001" 258
264 "MCH-f_index.01.L.001" 246
265 "palm.L" 144
266 "palm.L.001" 144
267 "palm.L.002" 144
268 "ORG-shoulder.R" 114
269 "ORG-upper_arm.R" 268
270 "ORG-forearm.R" 269
271 "ORG-hand.R" 270
272 "MCH-hand_tweak.R" 271
273 "hand_tweak.R" 272
274 "MCH-forearm_tweak.R" 270
275 "forearm_tweak.R" 274
276 "MCH-forearm_tweak.R.001" 270
277 "forearm_tweak.R.001" 276
278 "MCH-upper_arm_parent_widget.R" 269
279 "MCH-upper_arm_tweak.R.001" 269
280 "upper_arm_tweak.R.001" 279
281 "DEF-shoulder.R" 268
282 "upper_arm_parent.R" 268
283 "MCH-upper_arm_parent.R" 268
284 "upper_arm_fk.R" 283
285 "forearm_fk.R" 284
286 "MCH-hand_fk.R" 285
287 "hand_fk.R" 286
288 "MCH-upper_arm_ik_swing.R" 283
289 "upper_arm_ik.R" 288
290 "MCH-forearm_ik.R" 289
291 "MCH-upper_arm_tweak.R" 268
292 "upper_arm_tweak.R" 291
293 "DEF-upper_arm.R" 268
294 "DEF-upper_arm.R.001" 293
295 "DEF-forearm.R" 294
296 "DEF-forearm.R.001" 295
297 "DEF-hand.R" 296
298 "ORG-palm.01.R" 297
299 "ORG-f_index.01.R" 298
300 "ORG-f_index.02.R" 299
301 "ORG-f_index.03.R" 300
302 "DEF-f_index.01.R" 298
303 "DEF-f_index.02.R" 302
304 "DEF-f_index.03.R" 303
305 "f_index.01_master.R" 298
306 "DEF-palm.01.R" 298
307 "MCH-f_index.01_drv.R" 298
308 "f_index.01.R" 307
309 "MCH-f_index.02_drv.R" 308
310 "f_index.02.R" 309
311 "MCH-f_index.03_drv.R" 310
312 "f_index.03.R" 311
313 "f_index.01.R.001" 312
314 "MCH-f_index.03.R" 312
315 "MCH-f_index.02.R" 310
316 "MCH-f_index.01.R" 298
317 "ORG-palm.02.R" 297
318 "ORG-f_middle.01.R" 317
319 "ORG-f_middle.02.R" 318
320 "ORG-f_middle.03.R" 319
321 "DEF-f_middle.01.R" 317
322 "DEF-f_middle.02.R" 321
323 "DEF-f_middle.03.R" 322
324 "f_middle.01_master.R" 317
325 "DEF-palm.02.R" 317
326 "DEF-palm.02.R.001" 317
327 "MCH-f_middle.01_drv.R" 317
328 "f_middle.01.R" 327
329 "MCH-f_middle.02_drv.R" 328
330 "f_middle.02.R" 329
331 "MCH-f_middle.03_drv.R" 330
332 "f_middle.03.R" 331
333 "f_middle.01.R.001" 332
334 "MCH-f_middle.03.R" 332
335 "MCH-f_middle.02.R" 330
336 "MCH-f_middle.01.R" 317
337 "DEF-palm.02.R.002" 317
338 "ORG-palm.03.R" 297
339 "ORG-f_ring.01.R" 338
340 "ORG-f_ring.02.R" 339
341 "ORG-f_ring.03.R" 340
342 "DEF-f_ring.01.R" 338
343 "DEF-f_ring.02.R" 342
344 "DEF-f_ring.03.R" 343
345 "f_ring.01_master.R" 338
346 "DEF-palm.03.R" 338
347 "DEF-palm.03.R.001" 338
348 "MCH-f_ring.01_drv.R" 338
349 "f_ring.01.R" 348
350 "MCH-f_ring.02_drv.R" 349
351 "f_ring.02.R" 350
352 "MCH-f_ring.03_drv.R" 351
353 "f_ring.03.R" 352
354 "f_ring.01.R.001" 353
355 "MCH-f_ring.03.R" 353
356 "MCH-f_ring.02.R" 351
357 "MCH-f_ring.01.R" 338
358 "DEF-palm.03.R.002" 338
359 "ORG-palm.04.R" 297
360 "ORG-f_pinky.01.R" 359
361 "ORG-f_pinky.02.R" 360
362 "ORG-f_pinky.03.R" 361
363 "DEF-f_pinky.01.R" 359
364 "DEF-f_pinky.02.R" 363
365 "DEF-f_pinky.03.R" 364
366 "f_pinky.01_master.R" 359
367 "DEF-palm.04.R" 359
368 "DEF-palm.04.R.001" 359
369 "MCH-f_pinky.01_drv.R" 359
370 "f_pinky.01.R" 369
371 "MCH-f_pinky.02_drv.R" 370
372 "f_pinky.02.R" 371
373 "MCH-f_pinky.03_drv.R" 372
374 "f_pinky.03.R" 373
375 "f_pinky.01.R.001" 374
376 "MCH-f_pinky.03.R" 374
377 "MCH-f_pinky.02.R" 372
378 "MCH-f_pinky.01.R" 359
379 "DEF-palm.04.R.003" 359
380 "ORG-palm.04.R.001" 297
381 "ORG-f_pinky.01.R.001" 380
382 "ORG-f_pinky.02.R.001" 381
383 "ORG-f_pinky.03.R.001" 382
384 "DEF-f_pinky.01.R.001" 380
385 "DEF-f_pinky.02.R.001" 384
386 "DEF-f_pinky.03.R.001" 385
387 "f_pinky.01_master.R.001" 380
388 "DEF-palm.04.R.002" 380
389 "MCH-f_pinky.01_drv.R.001" 380
390 "f_pinky.01.R.002" 389
391 "MCH-f_pinky.02_drv.R.001" 390
392 "f_pinky.02.R.001" 391
393 "MCH-f_pinky.03_drv.R.001" 392
394 "f_pinky.03.R.001" 393
395 "f_pinky.01.R.003" 394
396 "MCH-f_pinky.03.R.001" 394
397 "MCH-f_pinky.02.R.001" 392
398 "MCH-f_pinky.01.R.001" 380
399 "ORG-palm.01.R.001" 297
400 "ORG-f_index.01.R.001" 399
401 "ORG-f_index.02.R.001" 400
402 "ORG-f_index.03.R.001" 401
403 "DEF-f_index.01.R.001" 399
404 "DEF-f_index.02.R.001" 403
405 "DEF-f_index.03.R.001" 404
406 "f_index.01_master.R.001" 399
407 "DEF-palm.01.R.001" 399
408 "MCH-f_index.01_drv.R.001" 399
409 "f_index.01.R.002" 408
410 "MCH-f_index.02_drv.R.001" 409
411 "f_index.02.R.001" 410
412 "MCH-f_index.03_drv.R.001" 411
413 "f_index.03.R.001" 412
414 "f_index.01.R.003" 413
415 "MCH-f_index.03.R.001" 413
416 "MCH-f_index.02.R.001" 411
417 "MCH-f_index.01.R.001" 399
418 "palm.R" 297
419 "palm.R.001" 297
420 "palm.R.002" 297
421 "ORG-breast.L" 114
422 "DEF-breast.L" 421
423 "ORG-breast.R" 114
424 "DEF-breast.R" 423
425 "breast.L" 114
426 "breast.R" 114
427 "shoulder.L" 114
428 "shoulder.R" 114
429 "MCH-WGT-chest" 101
430 "MCH-hand_ik.parent.L" -1
431 "hand_ik.L" 430
432 "MCH-upper_arm_ik_target.L" 431
433 "MCH-upper_arm_ik_target.parent.L" -1
434 "upper_arm_ik_target.L" 433
435 "MCH-hand_ik.parent.R" -1
436 "hand_ik.R" 435
437 "MCH-upper_arm_ik_target.R" 436
438 "MCH-upper_arm_ik_target.parent.R" -1
439 "upper_arm_ik_target.R" 438
440 "MCH-foot_ik.parent.L" -1
441 "foot_ik.L" 440
442 "foot_spin_ik.L" 441
443 "foot_heel_ik.L" 442
444 "MCH-heel.02_rock2.L" 442
445 "MCH-heel.02_rock1.L" 444
446 "MCH-heel.02_roll2.L" 445
447 "MCH-heel.02_roll1.L" 446
448 "MCH-foot_roll.L" 447
449 "MCH-thigh_ik_target.L" 448
450 "MCH-toe_ik_parent.L" 449
451 "toe_ik.L" 450
452 "MCH-thigh_ik_target.parent.L" -1
453 "thigh_ik_target.L" 452
454 "MCH-foot_ik.parent.R" -1
455 "foot_ik.R" 454
456 "foot_spin_ik.R" 455
457 "foot_heel_ik.R" 456
458 "MCH-heel.02_rock2.R" 456
459 "MCH-heel.02_rock1.R" 458
460 "MCH-heel.02_roll2.R" 459
461 "MCH-heel.02_roll1.R" 460
462 "MCH-foot_roll.R" 461
463 "MCH-thigh_ik_target.R" 462
464 "MCH-toe_ik_parent.R" 463
465 "toe_ik.R" 464
466 "MCH-thigh_ik_target.parent.R" -1
467 "thigh_ik_target.R" 466
end
skeleton
  time 0
  0 0.000000 0.000000 -23.603888 0.000000 -0.000000 1.570796
  1 -0.000000 3.439591 36.702927 1.875580 -0.000000 -0.000000
  2 0.000000 10.999714 -0.000001 -0.048318 0.000000 -0.000000
  3 0.000000 6.753164 -0.000000 0.107586 0.000000 -0.000000
  4 0.000000 8.544814 0.000002 0.265925 -0.000000 0.000000
  5 -0.000000 9.518037 -0.000001 -0.240182 -0.000000 0.000000
  6 0.000000 3.039635 -0.000000 0.193776 0.000000 -0.000000
  7 -0.000000 3.098957 -0.000002 -0.450370 0.000000 -0.000000
  8 27.984640 -21.977547 52.434959 -0.451804 2.314131 -0.816203
  9 -14.372203 12.471941 54.363644 -1.416580 -1.124773 1.108931
  10 9.386312 -13.022982 23.125710 -2.626220 0.035050 0.060124
  11 -10.320655 -10.337055 20.749239 -2.701108 -0.162660 -0.255664
  12 -1.789155 0.000000 28.175615 0.000000 -0.000000 1.570796
  13 0.000000 -0.000001 -9.830189 0.133201 0.000000 0.000000
  14 -0.000000 -1.769384 12.121012 0.000000 -0.000000 0.000000
  15 -0.000000 -1.769386 12.121013 0.525340 0.000000 -0.000000
  16 -0.000000 -1.769385 12.121008 0.000000 0.000000 -0.000000
  17 0.000000 -0.000001 0.000000 1.694062 0.000000 0.000000
  18 -0.000000 -6.753163 0.000001 -1.694062 -0.000000 0.000000
  19 0.000000 0.000000 -0.000000 1.742379 -0.000000 -0.000000
  20 -0.000000 -10.999714 0.000002 0.000000 -0.000000 0.000000
  21 0.000000 0.000000 0.000000 0.000000 -0.000000 -0.000000
  22 0.000000 0.000000 0.000000 -1.341552 -1.993774 0.192913
  23 -0.000000 -0.000002 0.000001 -0.000000 0.000000 0.000000
  24 0.000000 0.000000 0.000000 -1.341552 1.993774 -0.192913
  25 0.000000 -0.000002 0.000001 0.000000 -0.000000 0.000000
  26 8.250683 -0.215604 2.184243 1.991698 0.009045 0.124455
  27 -0.000002 19.277155 0.000001 1.302636 -0.000000 0.000000
  28 -0.000002 15.637279 0.000001 -1.111597 -0.161010 0.225251
  29 -0.000063 10.987666 -0.000317 0.880380 -3.141171 0.000000
  30 -1.873869 4.392864 10.061481 -0.000523 0.630166 -1.571105
  31 0.000000 0.000002 0.000002 -0.000000 -0.000000 -0.000000
  32 0.000000 0.000000 0.000000 0.000000 -0.000000 0.000000
  33 -0.000000 0.000002 -0.000001 -0.000000 -0.000000 0.000000
  34 0.000000 0.000000 0.000000 -0.000000 -0.000000 0.000000
  35 -0.000001 7.818643 -0.000001 0.000000 -0.137354 0.000000
  36 0.000000 0.000000 0.000000 0.000000 0.000204 0.000000
  37 -0.000000 -0.000003 0.000002 -0.000000 0.000000 0.000000
  38 0.000000 9.638578 0.000001 0.000000 -0.045121 0.000000
  39 -0.000000 0.000000 -0.000000 -0.000000 0.000000 0.000000
  40 -8.250685 -0.215595 2.184243 2.161681 -0.172009 0.061617
  41 -0.000003 19.243580 0.000004 1.453197 0.000000 0.000000
  42 -0.000003 15.601477 0.000002 -1.421855 -0.124248 0.133692
  43 -0.000022 10.987540 -0.000681 0.880380 3.141171 -0.000000
  44 1.873870 4.392864 10.061479 0.000523 2.511427 1.571105
  45 -0.000000 0.000001 0.000002 -0.000000 0.000000 -0.000000
  46 0.000000 0.000000 -0.000000 0.000000 0.000000 0.000000
  47 -0.000000 0.000001 -0.000001 0.000000 0.000000 0.000000
  48 0.000000 0.000000 0.000000 0.000000 0.000000 -0.000000
  49 -0.000001 7.800741 -0.000001 0.000000 -0.102842 0.000000
  50 0.000000 0.000000 0.000000 0.000000 -0.000205 0.000000
  51 -0.000000 -0.000005 -0.000000 -0.000000 0.000000 0.000000
  52 -0.000000 9.621792 0.000005 0.000000 -0.108062 0.000000
  53 0.000000 0.000000 -0.000000 -0.000000 -0.000000 0.000000
  54 8.250684 -0.215597 2.184240 2.903292 -0.000001 0.000001
  55 8.250684 -0.215597 2.184240 -1.742380 0.000000 -0.000000
  56 0.000000 -0.000001 0.000000 -1.637514 -0.000000 -0.000000
  57 -0.000001 19.896328 0.000001 0.140363 -0.000000 -0.000000
  58 -0.000002 16.264105 0.000001 -0.703810 -0.000322 0.000273
  59 0.000000 0.000000 0.000000 -0.000000 0.000000 0.000000
  60 -0.000002 10.988298 0.000001 0.880380 -3.141170 0.000000
  61 -0.000000 0.000001 0.000000 0.000000 -0.000000 -0.000000
  62 0.000000 -0.000001 0.000000 -1.980994 -0.109014 0.022904
  63 -0.000001 0.000004 0.000001 -0.572012 0.038179 -0.000000
  64 -0.000001 19.277153 0.000001 1.302636 -0.000000 0.000000
  65 8.250683 -0.215604 2.184243 1.989806 0.042087 0.050469
  66 0.000000 -0.000001 0.000000 0.000000 -0.000000 0.000000
  67 8.250683 -0.215604 2.184242 1.989806 0.042087 0.050469
  68 -0.000001 9.638580 0.000001 0.000000 0.035883 0.000000
  69 0.000001 9.638582 -0.000000 1.302636 0.045120 -0.000000
  70 -0.000000 7.818636 -0.000001 0.000000 -0.137150 0.000000
  71 0.000000 7.818639 0.000000 -1.081073 -0.027265 0.222375
  72 0.000000 10.987686 -0.000002 0.880351 -3.141171 -0.000006
  73 -8.250684 -0.215595 2.184242 2.903292 -0.000001 0.000001
  74 -8.250684 -0.215595 2.184242 -1.742380 0.000000 -0.000000
  75 0.000000 -0.000001 0.000000 -1.637514 -0.000000 0.000000
  76 0.000001 19.896328 0.000002 0.140363 0.000000 -0.000000
  77 -0.000002 16.264105 0.000000 -0.703810 0.000322 -0.000273
  78 0.000000 0.000000 0.000000 -0.000000 0.000000 0.000000
  79 0.000000 10.988297 0.000000 0.880380 3.141171 -0.000000
  80 -0.000000 0.000001 0.000000 0.000000 0.000000 0.000000
  81 0.000000 -0.000001 0.000000 -1.739852 0.000000 0.000000
  82 -0.000001 -0.000000 0.000000 -0.633958 0.182610 0.000000
  83 -0.000001 19.243572 0.000002 1.453197 0.000000 0.000000
  84 -8.250685 -0.215595 2.184243 2.180300 -0.065145 -0.095227
  85 -0.000000 -0.000000 0.000000 -0.000000 0.000000 -0.000000
  86 -8.250685 -0.215595 2.184242 2.180301 -0.065145 -0.095227
  87 0.000001 9.621793 0.000001 -0.000000 0.080752 0.000000
  88 -0.000000 9.621789 -0.000002 1.453197 0.108062 -0.000000
  89 0.000000 7.800734 -0.000001 0.000000 -0.103046 0.000000
  90 -0.000000 7.800741 -0.000000 -1.408202 -0.022110 0.132688
  91 -0.000000 10.987560 0.000000 0.880317 3.141171 -0.000002
  92 0.000000 0.000000 0.000001 -0.048317 -0.000000 -0.000000
  93 0.000000 0.000000 0.000000 -0.000000 -0.000000 0.000000
  94 -0.000000 -10.999714 0.000002 0.000000 -0.000000 -0.000000
  95 -0.000000 -1.769386 12.121008 0.262670 0.000000 -0.000000
  96 -0.000000 -0.000001 0.000001 1.538978 0.000000 0.000000
  97 -0.000000 -0.000000 -0.000000 0.023749 0.000000 -0.000000
  98 0.000000 0.000000 0.000000 -0.155084 0.000000 -0.000000
  99 -0.000000 0.000000 0.000000 -0.000000 0.000000 -0.000000
  100 0.000001 8.544815 0.000004 -1.276309 -0.000000 0.000000
  101 -0.000000 0.000000 -0.000000 1.542233 0.000000 -0.000000
  102 -0.000000 9.518038 0.000000 -0.240182 -0.000000 0.000000
  103 0.000000 3.039628 0.000003 0.193776 0.000000 -0.000000
  104 -0.000000 3.098958 0.000000 -0.450370 0.000000 -0.000000
  105 -0.000000 9.518038 0.000000 -1.804903 -0.000000 0.000000
  106 -0.000000 -0.000000 0.000000 1.662547 0.000000 0.000000
  107 0.000000 6.109807 0.000006 -1.925217 0.000000 -0.000000
  108 0.000000 0.000000 0.000000 1.570796 -0.000000 0.000000
  109 0.000000 0.000000 0.000000 -0.097827 0.000000 0.000000
  110 0.000000 0.000000 0.000000 0.000001 0.000000 0.000000
  111 0.000000 3.025101 -0.296885 0.000000 0.000000 -0.000000
  112 0.000000 -0.000000 -0.000000 0.095948 -0.000000 -0.000000
  113 0.000000 -0.000000 -0.000000 0.000000 -0.000000 0.000000
  114 0.000000 -0.000000 -0.000000 0.000000 0.000000 0.000000
  115 0.904460 6.782037 3.867492 0.266795 -2.034703 -2.007110
  116 0.010186 19.450790 -0.828325 1.562128 1.892520 0.315221
  117 0.000003 19.397217 0.000000 1.636014 0.000001 0.000000
  118 0.000002 24.539831 0.000001 0.076282 2.452376 0.240560
  119 0.000000 0.000000 0.000000 0.000000 0.000001 0.000001
  120 -0.000001 0.000001 -0.000000 -0.000000 -0.000001 -0.000001
  121 -0.000000 0.000003 -0.000001 -0.000000 -0.000000 -0.000000
  122 -0.000001 -0.000002 -0.000001 0.000000 -0.000000 0.000000
  123 0.000003 12.269916 -0.000000 0.000001 1.219103 0.000001
  124 0.000000 -0.000002 -0.000001 -0.000001 0.001371 -0.000001
  125 0.000000 0.000000 0.000000 -0.000000 -0.000000 0.000000
  126 0.000003 9.698607 0.000001 0.000000 -0.756227 -0.000000
  127 0.000000 0.000000 0.000000 -0.000000 -0.000000 -0.000000
  128 -0.000001 0.000002 0.000000 0.000000 0.000000 -0.000000
  129 0.010187 19.450790 -0.828325 -1.068311 -0.458283 0.722012
  130 0.010186 19.450790 -0.828325 0.041385 -0.124298 1.319061
  131 -0.000000 0.000000 -0.000000 -1.332781 0.484537 -2.373637
  132 0.000001 20.126825 -0.000002 0.277335 0.000000 -0.000000
  133 -0.000001 25.356461 0.000000 0.198412 -0.005445 0.027074
  134 0.000000 0.000000 0.000000 -0.000000 0.000000 0.000000
  135 -0.000000 0.000000 -0.000000 -0.112331 -0.416401 2.778501
  136 -0.000000 0.000000 0.000000 -0.942277 1.628400 -0.000007
  137 0.000000 19.397202 -0.000003 1.636014 0.000001 0.000000
  138 0.010186 19.450790 -0.828325 -0.336367 0.290924 -1.346398
  139 0.000000 0.000000 0.000000 -0.000000 -0.000000 -0.000000
  140 0.010186 19.450790 -0.828325 -0.336368 0.290923 -1.346398
  141 0.000001 9.698602 -0.000002 0.000000 0.510302 0.000001
  142 0.000003 9.698606 -0.000001 1.636014 0.756228 -0.000001
  143 0.000000 12.269914 0.000000 0.000001 1.220475 0.000001
  144 -0.000003 12.269908 -0.000003 -0.541023 1.173859 -0.495650
  145 0.838800 0.695163 1.002011 -0.146529 0.831651 0.111056
  146 0.103469 6.015388 0.003330 0.057776 -0.287169 0.072685
  147 -0.000000 5.184053 -0.000000 0.632204 -0.003806 0.022167
  148 0.000001 5.576729 0.000000 0.509167 0.000643 -0.036172
  149 0.103469 6.015388 0.003330 0.057776 -0.287169 0.072685
  150 0.000000 5.184053 0.000000 0.632204 -0.003806 0.022167
  151 0.000001 5.576730 0.000000 0.509167 0.000643 -0.036172
  152 0.103471 6.015390 0.003325 0.057776 -0.287169 0.072685
  153 -0.000000 0.000000 -0.000000 -0.000000 -0.000000 -0.000000
  154 0.103469 6.015388 0.003330 0.057776 -0.287169 0.072685
  155 -0.000000 0.000000 -0.000000 0.000000 -0.000000 -0.000000
  156 0.000001 5.184052 0.000002 0.632205 -0.003806 0.022168
  157 0.000000 0.000000 0.000000 0.000000 -0.000000 -0.000000
  158 0.000000 5.576726 0.000000 0.509167 0.000643 -0.036172
  159 0.000000 0.000000 0.000000 0.000000 -0.000000 -0.000000
  160 0.000002 9.158418 -0.000000 3.141593 0.324016 -0.000001
  161 -0.000003 0.000002 0.000001 -0.000000 -0.000000 -0.000000
  162 0.000000 -0.000000 0.000000 0.000000 -0.000000 -0.000000
  163 0.103469 6.015388 0.003330 0.057776 -0.287169 0.072685
  164 0.208216 1.308904 0.886647 -0.521836 0.710749 -0.438947
  165 -0.097929 4.806562 0.052507 0.177555 -0.296553 -0.038426
  166 0.000000 6.134693 0.000000 0.559641 -0.004721 0.048260
  167 0.000000 5.142240 -0.000000 0.463862 0.000042 -0.073620
  168 -0.097929 4.806562 0.052507 0.177555 -0.296553 -0.038426
  169 0.000000 6.134693 0.000000 0.559641 -0.004721 0.048260
  170 0.000000 5.142240 0.000000 0.463862 0.000042 -0.073620
  171 -0.097928 4.806561 0.052508 0.177555 -0.296553 -0.038426
  172 -0.000001 0.000001 -0.000000 0.000000 -0.000000 0.000000
  173 -0.000001 0.000001 -0.000000 0.000000 -0.000000 0.000000
  174 -0.097929 4.806562 0.052507 0.177555 -0.296552 -0.038425
  175 0.000000 -0.000000 0.000000 -0.000000 -0.000001 -0.000001
  176 0.000000 6.134693 0.000003 0.559640 -0.004721 0.048261
  177 0.000000 0.000000 0.000000 -0.000000 -0.000001 -0.000001
  178 -0.000001 5.142239 0.000006 0.463864 0.000043 -0.073618
  179 0.000000 0.000000 0.000000 -0.000000 -0.000001 -0.000001
  180 0.000001 9.920088 0.000001 -3.141593 0.323205 0.000000
  181 0.000000 0.000000 0.000000 0.000000 -0.000000 0.000000
  182 -0.000000 0.000000 -0.000000 0.000001 -0.000000 0.000000
  183 -0.097929 4.806562 0.052507 0.177555 -0.296553 -0.038426
  184 -0.000001 0.000001 -0.000000 0.000000 -0.000000 0.000000
  185 1.229527 0.555894 1.288366 -0.746848 0.623235 -0.695221
  186 -0.340891 5.586576 -0.040411 0.207021 -0.080209 -0.208698
  187 -0.000003 5.046762 0.000004 0.611380 0.005800 -0.038570
  188 0.000004 4.876222 -0.000006 0.576517 -0.002099 0.057280
  189 -0.340891 5.586576 -0.040411 0.207021 -0.080209 -0.208698
  190 -0.000003 5.046761 0.000001 0.611380 0.005800 -0.038570
  191 0.000004 4.876222 -0.000006 0.576517 -0.002099 0.057280
  192 -0.340883 5.586580 -0.040412 0.207022 -0.080208 -0.208698
  193 0.000000 0.000000 0.000000 0.000000 -0.000000 0.000000
  194 0.000000 0.000000 0.000000 0.000000 -0.000000 0.000000
  195 -0.340891 5.586576 -0.040411 0.207022 -0.080209 -0.208698
  196 0.000000 0.000000 0.000000 -0.000000 0.000000 0.000000
  197 0.000002 5.046768 -0.000002 0.611379 0.005800 -0.038570
  198 0.000000 0.000000 0.000000 -0.000000 0.000000 0.000000
  199 0.000002 4.876219 0.000001 0.576517 -0.002099 0.057281
  200 -0.000000 -0.000000 -0.000000 0.000000 -0.000001 -0.000001
  201 -0.000002 10.336274 0.000002 -3.141593 -0.095607 -0.000001
  202 0.000000 0.000000 0.000000 0.000000 0.000000 0.000000
  203 -0.000003 -0.000003 0.000006 0.000000 -0.000000 -0.000000
  204 -0.340891 5.586576 -0.040411 0.207021 -0.080209 -0.208698
  205 0.000000 0.000000 0.000000 0.000000 -0.000000 0.000000
  206 2.510266 0.335968 0.022950 -0.704386 0.728957 -0.808875
  207 -0.563094 4.097540 -0.205893 0.204092 -0.003080 -0.542466
  208 -0.000000 4.945988 0.000001 0.572703 0.001324 -0.011933
  209 -0.000001 6.128847 -0.000000 0.621072 -0.001326 0.020280
  210 -0.563094 4.097540 -0.205893 0.204092 -0.003080 -0.542466
  211 -0.000000 4.945988 0.000001 0.572703 0.001324 -0.011933
  212 -0.000001 6.128847 -0.000000 0.621072 -0.001326 0.020280
  213 -0.563093 4.097541 -0.205889 0.204092 -0.003080 -0.542466
  214 -0.000001 0.000001 -0.000000 -0.000000 -0.000000 0.000000
  215 -0.000001 0.000001 -0.000000 -0.000000 -0.000000 0.000000
  216 -0.563094 4.097540 -0.205893 0.204092 -0.003081 -0.542467
  217 0.000000 0.000000 0.000000 -0.000000 0.000001 0.000001
  218 -0.000000 4.945987 0.000001 0.572703 0.001324 -0.011934
  219 0.000000 0.000000 0.000000 -0.000000 0.000001 0.000001
  220 0.000001 6.128847 0.000003 0.621072 -0.001326 0.020280
  221 0.000000 0.000000 0.000000 0.000000 0.000000 0.000000
  222 -0.000000 8.781749 -0.000001 3.141593 -0.488191 0.000000
  223 -0.000002 0.000001 0.000007 -0.000000 0.000000 -0.000000
  224 0.000000 0.000000 0.000000 0.000000 0.000000 -0.000000
  225 -0.563094 4.097540 -0.205893 0.204092 -0.003080 -0.542466
  226 -0.000001 0.000001 -0.000000 -0.000000 -0.000000 0.000000
  227 0.777026 1.281749 1.958796 0.196514 0.598662 0.924076
  228 0.515929 4.238586 -0.071239 0.213321 0.019605 0.282979
  229 0.000000 4.879314 0.000000 0.584242 0.004531 -0.036921
  230 -0.000003 5.043321 0.000000 0.528746 -0.001208 0.055323
  231 0.515929 4.238586 -0.071239 0.213321 0.019605 0.282979
  232 0.000000 4.879314 0.000000 0.584242 0.004531 -0.036921
  233 -0.000003 5.043321 0.000000 0.528746 -0.001208 0.055323
  234 0.515930 4.238586 -0.071244 0.213321 0.019605 0.282979
  235 0.000000 0.000000 0.000000 -0.000000 -0.000000 -0.000000
  236 0.515929 4.238586 -0.071239 0.213321 0.019605 0.282979
  237 0.000000 0.000000 0.000000 -0.000000 0.000000 0.000001
  238 0.000002 4.879315 0.000002 0.584242 0.004531 -0.036922
  239 0.000000 0.000000 0.000000 0.000000 0.000000 0.000000
  240 -0.000002 5.043320 -0.000001 0.528746 -0.001208 0.055324
  241 0.000000 0.000000 0.000000 0.000000 0.000000 -0.000000
  242 -0.000002 10.325296 0.000001 3.141593 -0.093079 -0.000000
  243 -0.000003 0.000002 -0.000001 -0.000000 -0.000000 0.000000
  244 0.000000 0.000000 -0.000000 -0.000000 0.000000 0.000000
  245 0.515929 4.238586 -0.071239 0.213321 0.019605 0.282979
  246 0.986049 0.947619 1.368042 0.166521 0.766158 0.595878
  247 0.336032 5.267139 -0.046752 0.036912 -0.459751 0.204801
  248 -0.000000 4.968779 0.000001 0.564182 0.003073 -0.030016
  249 -0.000000 5.803462 0.000000 0.549617 -0.001678 0.049315
  250 0.336032 5.267139 -0.046752 0.036912 -0.459751 0.204801
  251 -0.000000 4.968779 0.000001 0.564182 0.003073 -0.030016
  252 -0.000000 5.803462 0.000000 0.549617 -0.001678 0.049315
  253 0.336039 5.267138 -0.046755 0.036912 -0.459751 0.204801
  254 0.000000 0.000000 0.000000 0.000000 -0.000000 0.000000
  255 0.336032 5.267139 -0.046752 0.036912 -0.459751 0.204801
  256 0.000000 0.000000 -0.000000 -0.000000 -0.000000 -0.000000
  257 -0.000001 4.968780 0.000002 0.564182 0.003073 -0.030015
  258 0.000000 0.000000 0.000000 0.000000 -0.000000 -0.000000
  259 -0.000001 5.803461 -0.000001 0.549617 -0.001678 0.049316
  260 0.000000 0.000000 0.000000 -0.000000 -0.000000 0.000000
  261 0.000004 9.111457 0.000001 3.141592 0.806826 -0.000001
  262 0.000000 0.000000 0.000000 0.000000 0.000000 -0.000001
  263 0.000000 0.000000 -0.000000 -0.000000 -0.000000 0.000000
  264 0.336032 5.267139 -0.046752 0.036912 -0.459751 0.204801
  265 2.510268 0.335971 0.022943 -0.704386 0.728957 -0.808875
  266 2.510268 0.335971 0.022943 -0.704386 0.728957 -0.808875
  267 2.510268 0.335971 0.022943 -0.704386 0.728957 -0.808875
  268 -0.904461 6.782037 3.867493 -2.591935 1.019431 -0.810722
  269 -0.010183 19.450794 -0.828328 -2.209488 -0.713585 1.023915
  270 0.000001 19.387041 -0.000004 1.702271 -0.000000 -0.000000
  271 0.000009 24.521095 -0.000002 -0.016207 -0.793244 0.304231
  272 0.000000 0.000000 0.000000 0.000000 -0.000001 -0.000001
  273 0.000000 0.000000 0.000000 -0.000000 0.000001 0.000001
  274 -0.000001 0.000004 -0.000002 -0.000000 0.000001 0.000000
  275 -0.000001 -0.000001 -0.000000 0.000000 -0.000000 -0.000000
  276 -0.000001 12.260550 -0.000003 0.000000 -0.395325 0.000000
  277 0.000000 0.000000 0.000000 -0.000001 -0.001371 0.000001
  278 0.000000 0.000000 0.000000 -0.000000 0.000000 -0.000000
  279 -0.000002 9.693521 0.000003 -0.000000 -0.008567 0.000000
  280 0.000000 0.000000 0.000000 -0.000000 0.000000 0.000000
  281 0.000000 0.000002 0.000000 0.000000 -0.000000 0.000000
  282 -0.010185 19.450796 -0.828328 -1.068311 0.458283 -0.722012
  283 -0.010185 19.450796 -0.828328 0.041386 0.124298 -1.319061
  284 -0.000000 0.000000 -0.000000 -1.332781 -0.484537 2.373637
  285 0.000000 20.126823 0.000000 0.277335 -0.000000 -0.000000
  286 -0.000003 25.356461 -0.000002 0.198412 0.005445 -0.027073
  287 0.000000 0.000000 0.000000 -0.000000 -0.000000 -0.000000
  288 -0.000000 0.000000 -0.000000 -1.323539 -0.605669 2.434573
  289 -0.000001 -0.000001 -0.000002 -0.983705 0.038278 -0.000000
  290 0.000008 19.387032 -0.000004 1.702271 -0.000000 -0.000000
  291 -0.010183 19.450794 -0.828328 -2.219248 -0.705056 1.038899
  292 0.000000 0.000000 0.000000 -0.000000 0.000000 0.000000
  293 -0.010183 19.450794 -0.828328 -2.219247 -0.705056 1.038899
  294 0.000000 9.693519 0.000003 -0.000001 0.005646 -0.000000
  295 0.000000 9.693520 0.000001 1.702271 0.008566 0.000000
  296 -0.000001 12.260546 0.000000 0.000000 -0.396697 -0.000001
  297 0.000003 12.260542 -0.000001 0.110336 -0.410081 0.231207
  298 -0.838802 0.695162 1.002014 -0.146528 -0.831651 -0.111056
  299 -0.166362 5.880016 0.005655 0.057776 0.287169 -0.072684
  300 0.000001 5.184058 -0.000002 0.905352 0.003807 -0.022168
  301 0.000001 5.576725 -0.000000 0.782313 -0.000643 0.036172
  302 -0.166362 5.880016 0.005655 0.057776 0.287169 -0.072684
  303 0.000001 5.184058 -0.000002 0.905352 0.003807 -0.022168
  304 0.000001 5.576725 -0.000000 0.782313 -0.000643 0.036172
  305 -0.166359 5.880014 0.005653 0.057776 0.287169 -0.072685
  306 0.000001 0.000000 0.000000 -0.000000 -0.000000 0.000000
  307 -0.166362 5.880016 0.005655 0.057776 0.287169 -0.072685
  308 0.000000 0.000000 0.000000 0.000000 0.000000 0.000000
  309 -0.000002 5.184055 -0.000001 0.905351 0.003806 -0.022168
  310 0.000000 0.000000 0.000000 0.000000 0.000000 0.000001
  311 0.000001 5.576725 0.000001 0.782314 -0.000643 0.036172
  312 0.000000 0.000000 -0.000000 0.000000 0.000000 0.000000
  313 0.000000 9.158420 -0.000001 3.141593 -0.324016 0.000000
  314 -0.000002 0.000001 -0.000001 -0.000000 0.000000 0.000000
  315 -0.000001 -0.000001 -0.000000 0.000000 0.000000 -0.000000
  316 -0.166362 5.880016 0.005655 0.057776 0.287169 -0.072684
  317 -0.208219 1.308903 0.886647 -0.521836 -0.710749 0.438947
  318 0.179999 4.691582 0.097476 0.177555 0.296553 0.038426
  319 0.000000 6.134694 -0.000000 0.953003 0.004721 -0.048260
  320 -0.000001 5.142237 -0.000000 0.857226 -0.000043 0.073620
  321 0.179999 4.691582 0.097476 0.177555 0.296553 0.038426
  322 0.000000 6.134694 -0.000000 0.953003 0.004721 -0.048260
  323 -0.000001 5.142237 -0.000000 0.857226 -0.000043 0.073620
  324 0.179998 4.691583 0.097470 0.177555 0.296553 0.038426
  325 0.000000 0.000000 0.000000 -0.000000 0.000000 0.000000
  326 0.000000 0.000000 0.000000 -0.000000 0.000000 0.000000
  327 0.179999 4.691582 0.097476 0.177554 0.296552 0.038425
  328 0.000000 0.000000 0.000000 -0.000000 0.000001 0.000001
  329 -0.000000 6.134693 0.000002 0.953003 0.004721 -0.048261
  330 0.000000 0.000000 0.000000 0.000000 0.000001 0.000001
  331 0.000000 5.142239 -0.000001 0.857226 -0.000043 0.073619
  332 -0.000000 -0.000000 0.000000 -0.000000 0.000001 0.000001
  333 -0.000002 9.920086 0.000002 -3.141593 -0.323204 -0.000000
  334 0.000000 0.000001 -0.000002 0.000000 -0.000000 0.000000
  335 -0.000001 0.000004 -0.000001 -0.000000 -0.000000 0.000000
  336 0.179999 4.691582 0.097476 0.177555 0.296553 0.038426
  337 0.000000 0.000000 0.000000 -0.000000 0.000000 0.000000
  338 -1.229534 0.555894 1.288365 -0.746847 -0.623235 0.695222
  339 0.540585 5.468730 -0.063788 0.207022 0.080208 0.208698
  340 0.000001 5.046758 -0.000002 0.884526 -0.005800 0.038570
  341 -0.000000 4.876215 0.000000 0.849662 0.002099 -0.057280
  342 0.540585 5.468730 -0.063788 0.207022 0.080208 0.208698
  343 0.000001 5.046758 -0.000002 0.884526 -0.005800 0.038570
  344 -0.000000 4.876215 0.000000 0.849662 0.002099 -0.057280
  345 0.540585 5.468727 -0.063791 0.207022 0.080209 0.208698
  346 0.000000 0.000000 0.000000 0.000000 -0.000000 -0.000000
  347 0.000000 0.000000 0.000000 0.000000 -0.000000 -0.000000
  348 0.540585 5.468730 -0.063788 0.207022 0.080209 0.208698
  349 0.000000 0.000000 0.000000 0.000000 -0.000000 0.000000
  350 -0.000001 5.046762 -0.000002 0.884526 -0.005800 0.038571
  351 0.000000 0.000000 0.000000 0.000000 -0.000000 -0.000000
  352 -0.000001 4.876213 0.000002 0.849662 0.002099 -0.057281
  353 0.000000 0.000000 0.000000 0.000000 0.000001 0.000000
  354 -0.000001 10.336260 -0.000001 -3.141593 0.095607 0.000001
  355 0.000000 0.000000 0.000000 -0.000000 -0.000000 0.000000
  356 0.000000 0.000000 0.000000 0.000000 0.000000 0.000000
  357 0.540585 5.468730 -0.063788 0.207022 0.080208 0.208698
  358 0.000000 0.000000 0.000000 0.000000 -0.000000 -0.000000
  359 -2.510271 0.335970 0.022940 -0.704386 -0.728957 0.808876
  360 1.041174 4.025640 -0.380636 0.204093 0.003080 0.542466
  361 0.000000 4.945992 0.000002 0.966066 -0.001324 0.011933
  362 -0.000001 6.128850 -0.000001 1.014434 0.001326 -0.020281
  363 1.041174 4.025640 -0.380636 0.204093 0.003080 0.542466
  364 0.000000 4.945992 0.000002 0.966066 -0.001324 0.011933
  365 -0.000001 6.128850 -0.000001 1.014434 0.001326 -0.020281
  366 1.041173 4.025640 -0.380636 0.204093 0.003080 0.542466
  367 0.000000 0.000000 0.000000 0.000000 0.000000 -0.000000
  368 0.000000 0.000000 0.000000 0.000000 0.000000 -0.000000
  369 1.041174 4.025640 -0.380636 0.204093 0.003081 0.542467
  370 0.000000 0.000000 0.000000 0.000000 -0.000001 -0.000001
  371 -0.000001 4.945988 -0.000000 0.966065 -0.001324 0.011934
  372 0.000000 0.000000 0.000000 -0.000000 -0.000001 -0.000001
  373 -0.000001 6.128852 0.000001 1.014434 0.001326 -0.020280
  374 0.000000 0.000000 0.000000 0.000000 -0.000000 -0.000000
  375 0.000003 8.781745 0.000001 3.141593 0.488191 -0.000000
  376 0.000001 0.000000 -0.000002 0.000000 0.000000 -0.000000
  377 0.000001 0.000003 -0.000002 0.000000 -0.000000 0.000000
  378 1.041174 4.025640 -0.380636 0.204093 0.003080 0.542466
  379 0.000000 0.000000 0.000000 0.000000 0.000000 -0.000000
  380 -0.777032 1.281754 1.958798 0.196514 -0.598662 -0.924076
  381 -0.821896 4.086432 -0.113502 0.213321 -0.019605 -0.282980
  382 0.000000 4.879314 -0.000000 0.857389 -0.004530 0.036922
  383 -0.000000 5.043319 -0.000001 0.801893 0.001208 -0.055324
  384 -0.821896 4.086432 -0.113502 0.213321 -0.019605 -0.282980
  385 0.000000 4.879314 -0.000000 0.857389 -0.004530 0.036922
  386 0.000000 5.043319 -0.000001 0.801893 0.001208 -0.055324
  387 -0.821893 4.086431 -0.113505 0.213321 -0.019605 -0.282980
  388 0.000000 0.000000 0.000000 0.000000 0.000000 0.000000
  389 -0.821896 4.086432 -0.113502 0.213321 -0.019605 -0.282979
  390 0.000000 0.000000 0.000000 -0.000000 -0.000000 -0.000001
  391 0.000003 4.879312 -0.000000 0.857389 -0.004531 0.036922
  392 0.000000 0.000000 -0.000000 0.000000 -0.000000 -0.000000
  393 0.000001 5.043318 -0.000000 0.801893 0.001208 -0.055324
  394 0.000000 0.000000 0.000000 0.000000 0.000000 -0.000000
  395 0.000005 10.325292 0.000002 3.141593 0.093079 0.000000
  396 0.000000 0.000000 0.000000 0.000000 -0.000000 -0.000000
  397 0.000000 0.000000 -0.000000 0.000000 0.000000 0.000000
  398 -0.821896 4.086432 -0.113502 0.213321 -0.019605 -0.282980
  399 -0.986050 0.947618 1.368042 0.166521 -0.766158 -0.595879
  400 -0.623034 5.079544 -0.086383 0.036912 0.459751 -0.204801
  401 -0.000000 4.968772 0.000002 0.957544 -0.003073 0.030016
  402 0.000000 5.803461 0.000001 0.942980 0.001678 -0.049316
  403 -0.623034 5.079544 -0.086383 0.036912 0.459751 -0.204801
  404 -0.000000 4.968772 0.000002 0.957544 -0.003073 0.030016
  405 0.000000 5.803461 0.000001 0.942980 0.001678 -0.049316
  406 -0.623035 5.079542 -0.086384 0.036912 0.459751 -0.204801
  407 0.000000 0.000000 0.000000 0.000000 0.000000 0.000000
  408 -0.623034 5.079544 -0.086383 0.036912 0.459751 -0.204801
  409 0.000000 0.000000 0.000000 -0.000000 0.000000 0.000000
  410 0.000001 4.968775 0.000002 0.957544 -0.003073 0.030016
  411 0.000000 0.000000 -0.000000 0.000000 0.000000 0.000000
  412 0.000001 5.803463 -0.000002 0.942979 0.001678 -0.049316
  413 0.000000 0.000000 0.000000 -0.000000 -0.000000 -0.000000
  414 -0.000001 9.111453 0.000000 3.141592 -0.806826 0.000001
  415 -0.000000 -0.000000 0.000001 -0.000000 0.000000 0.000000
  416 0.000000 0.000000 -0.000000 -0.000000 -0.000000 -0.000000
  417 -0.623034 5.079544 -0.086383 0.036912 0.459751 -0.204801
  418 -2.510270 0.335970 0.022941 -0.704386 -0.728957 0.808876
  419 -2.510270 0.335970 0.022941 -0.704386 -0.728957 0.808876
  420 -2.510270 0.335970 0.022941 -0.704386 -0.728957 0.808876
  421 8.463112 -0.489840 -2.120322 1.542233 -0.000000 3.141593
  422 0.000000 -0.000001 -0.000001 0.000000 0.000000 -0.000000
  423 -8.463112 -0.489843 -2.120320 1.542233 -0.000000 -3.141593
  424 0.000000 -0.000001 -0.000001 0.000000 0.000000 -0.000000
  425 8.463112 -0.489834 -2.120327 1.542233 -0.000000 3.141593
  426 -8.463112 -0.489837 -2.120324 1.542233 -0.000000 -3.141593
  427 0.904460 6.782043 3.867488 0.266795 -2.034703 -2.007110
  428 -0.904461 6.782043 3.867489 -2.591935 1.019431 -0.810722
  429 0.000000 -0.000000 -0.000000 -0.000000 -0.000000 0.000000
  430 -2.384858 45.420403 15.540361 0.000000 -0.000000 1.570796
  431 -39.261154 -35.506195 14.523048 2.948642 -0.313072 -0.887324
  432 0.000002 0.000004 0.000001 -0.000000 0.000000 -0.000000
  433 -37.651909 8.787296 15.279322 0.213419 0.012050 1.512512
  434 45.543007 1.372598 32.418606 0.636717 0.964784 -2.018134
  435 -2.384865 -45.420403 15.540361 0.000000 -0.000000 1.570796
  436 10.541054 5.256420 2.681606 1.568652 -2.336134 0.466223
  437 -0.000000 -0.000000 -0.000000 0.000000 -0.000000 -0.000000
  438 -38.492455 -0.900348 15.697474 0.218053 0.022388 1.453371
  439 -5.672536 -0.141587 2.193323 0.636716 -0.964785 2.018134
  440 -0.483101 8.250682 -13.900933 0.000000 -0.000000 1.570796
  441 3.032706 -6.633686 -0.494026 -0.018237 0.008961 0.214605
  442 0.000001 -6.475162 -8.877784 -0.000000 -0.000000 0.000000
  443 -0.000000 6.475163 8.877784 -0.000000 -0.000000 0.000000
  444 -1.878118 12.014874 -0.599894 0.000000 -0.000000 0.000000
  445 3.953937 -0.000001 -0.000001 -0.000000 0.000000 0.000000
  446 -1.976967 0.000000 -0.000004 -0.000000 0.000000 0.000000
  447 -0.098849 -12.014872 0.599884 0.000000 0.000000 -0.000000
  448 0.000000 6.475163 8.877783 -2.200961 0.000249 0.000341
  449 -0.000000 0.000000 -0.000000 -0.000000 -0.000000 -0.000000
  450 -0.000002 10.988304 0.000002 2.200961 0.000422 -0.000000
  451 0.000000 0.000000 0.000000 -0.060252 -0.000000 3.141593
  452 33.027279 8.250679 -12.276476 0.133201 0.000000 1.570796
  453 1.961087 -0.448856 0.257716 -0.003598 -0.000000 -0.000000
  454 -0.483102 -8.250682 -13.900933 0.000000 -0.000000 1.570796
  455 0.000000 0.000000 0.000000 0.000000 -0.000000 -0.000000
  456 0.000001 -6.475164 -8.877784 0.000000 -0.000000 -0.000000
  457 -0.000001 6.475165 8.877784 0.000000 -0.000000 -0.000000
  458 1.878117 12.014875 -0.599895 0.000000 -0.000000 -0.000000
  459 -3.953935 -0.000000 0.000000 0.000000 -0.000000 -0.000000
  460 1.976965 -0.000000 0.000000 0.000000 -0.000000 -0.000000
  461 0.098851 -12.014875 0.599886 0.000000 -0.000000 -0.000000
  462 -0.000001 6.475165 8.877784 -2.200961 -0.000249 -0.000341
  463 -0.000001 0.000002 0.000001 -0.000000 -0.000000 -0.000000
  464 0.000001 10.988303 -0.000000 2.200961 -0.000422 0.000000
  465 0.000000 0.000000 0.000000 -0.060252 0.000000 -3.141593
  466 33.027279 -8.250687 -12.276476 0.133201 0.000000 1.570796
  467 -5.924032 1.355902 -0.778502 -0.003598 -0.000000 -0.000000
  time 1
  0 0.000000 0.000000 -23.603888 0.000000 -0.000000 1.570796
  1 0.251929 3.084832 37.442989 1.810015 -0.003977 -0.060499
  2 0.000000 10.999713 -0.000000 -0.048429 -0.000372 -0.007680
  3 0.000000 6.753159 0.000000 0.061188 -0.050234 0.054957
  4 -0.000000 8.544828 -0.000001 0.217371 -0.279311 0.028146
  5 0.000000 9.518026 0.000003 -0.203339 0.186322 -0.070922
  6 -0.000000 3.039631 -0.000001 0.196385 -0.162217 -0.032120
  7 -0.000000 3.098965 -0.000000 -0.466496 0.034001 0.039162
  8 21.156416 -30.933071 58.110909 -0.333655 2.609244 -0.969533
  9 -12.309721 21.722767 55.377136 -1.103671 -0.967986 0.502932
  10 8.873880 -13.865270 23.857378 -2.752112 -0.027914 -0.041628
  11 -10.394707 -6.360122 19.251873 -2.935963 -0.206489 -0.253541
  12 -1.789155 0.000000 28.175615 0.000000 -0.000000 1.570796
  13 0.000000 -0.000001 -8.993565 0.067515 0.000000 -0.000000
  14 0.000000 -1.769384 12.121011 0.000242 -0.008047 -0.060094
  15 0.000000 -1.769387 12.121011 0.447195 -0.022033 -0.395430
  16 0.000000 -1.769384 12.121011 0.000061 -0.004025 -0.030046
  17 -0.000000 -0.000001 0.000000 1.694062 0.000000 -0.000000
  18 0.000000 -6.753158 0.000000 -1.694175 -0.029323 0.007692
  19 -0.000000 0.000000 -0.000000 1.742379 -0.000000 0.000000
  20 -0.000000 -10.999713 0.000001 -0.000000 0.000000 -0.000000
  21 -0.000000 0.000000 0.000000 -0.000000 -0.000000 0.000000
  22 0.000000 0.000000 0.000000 -1.341552 -1.993774 0.192913
  23 -0.000000 -0.000002 0.000001 0.000000 0.000000 -0.000000
  24 0.000000 0.000000 0.000000 -1.341552 1.993774 -0.192913
  25 0.000000 -0.000002 0.000001 -0.000000 -0.000000 -0.000000
  26 8.250686 -0.215601 2.184243 2.068819 0.006705 0.131844
  27 -0.000001 19.322124 -0.000001 1.173343 -0.000000 -0.000000
  28 0.000001 15.684223 0.000004 -0.998633 -0.235294 0.236127
  29 -0.000041 10.987771 -0.000217 0.880380 -3.141171 0.000000
  30 -1.873868 4.392863 10.061480 -0.000523 0.630166 -1.571105
  31 0.000000 0.000002 0.000002 -0.000000 0.000000 0.000000
  32 0.000000 0.000000 0.000000 0.000000 -0.000000 -0.000000
  33 -0.000000 0.000002 -0.000001 -0.000000 -0.000000 -0.000000
  34 0.000000 0.000000 0.000000 0.000000 -0.000000 0.000000
  35 -0.000001 7.842115 0.000000 0.000000 -0.168729 0.000000
  36 0.000000 0.000000 0.000000 0.000000 0.000205 -0.000000
  37 -0.000000 -0.000002 0.000002 -0.000000 0.000000 0.000000
  38 -0.000001 9.661063 0.000001 -0.000000 -0.044844 -0.000000
  39 0.000000 0.000000 -0.000000 -0.000000 0.000000 0.000000
  40 -8.250687 -0.215596 2.184243 2.466932 -0.148379 -0.006565
  41 -0.000002 19.264673 0.000003 1.350988 -0.000000 0.000000
  42 0.000004 15.624153 -0.000000 -1.557276 -0.152985 0.138870
  43 -0.000013 10.987866 -0.000557 0.880380 3.141171 -0.000000
  44 1.873869 4.392864 10.061480 0.000523 2.511427 1.571105
  45 -0.000000 0.000002 0.000002 -0.000000 0.000000 0.000000
  46 0.000000 0.000000 0.000000 0.000000 -0.000000 -0.000000
  47 -0.000000 0.000002 -0.000001 -0.000000 -0.000000 -0.000000
  48 0.000000 0.000000 0.000000 -0.000000 -0.000000 -0.000000
  49 0.000002 7.812080 -0.000003 0.000000 -0.120024 -0.000000
  50 0.000000 -0.000000 -0.000000 0.000000 -0.000205 0.000000
  51 0.000001 -0.000001 0.000002 -0.000000 -0.000000 0.000000
  52 -0.000001 9.632339 0.000003 0.000000 -0.074996 -0.000000
  53 0.000000 0.000000 -0.000000 0.000000 -0.000000 0.000000
  54 8.250686 -0.215597 2.184241 2.903292 -0.000001 0.000000
  55 8.250686 -0.215597 2.184241 -1.742379 0.000000 -0.000000
  56 0.000000 -0.000001 0.000000 -1.637513 -0.000000 -0.000000
  57 -0.000004 19.896326 -0.000001 0.140363 -0.000001 0.000000
  58 0.000002 16.264101 -0.000000 -0.703810 -0.000322 0.000273
  59 -0.000000 -0.000000 0.000000 -0.000000 0.000000 -0.000000
  60 0.000001 10.988297 -0.000000 0.880380 -3.141171 0.000000
  61 -0.000000 0.000001 0.000000 0.000000 -0.000000 -0.000000
  62 0.000000 -0.000001 0.000000 -1.958462 -0.115403 0.022893
  63 -0.000000 0.000004 0.000000 -0.517698 0.041628 -0.000000
  64 -0.000003 19.322117 -0.000004 1.173343 -0.000000 -0.000000
  65 8.250686 -0.215601 2.184243 2.066916 0.045913 0.059582
  66 -0.000000 -0.000001 0.000000 0.000000 -0.000000 0.000000
  67 8.250686 -0.215601 2.184242 2.066916 0.045913 0.059583
  68 -0.000000 9.661064 -0.000000 -0.000000 0.037344 0.000000
  69 0.000001 9.661063 0.000001 1.173343 0.044843 0.000000
  70 0.000001 7.842109 -0.000001 0.000000 -0.168524 -0.000000
  71 -0.000001 7.842112 -0.000000 -0.959306 -0.071304 0.230100
  72 0.000002 10.987789 0.000000 0.880360 -3.141171 -0.000003
  73 -8.250687 -0.215596 2.184244 2.903292 -0.000001 0.000000
  74 -8.250687 -0.215596 2.184244 -1.742379 0.000000 -0.000000
  75 0.000000 -0.000001 0.000000 -1.637514 -0.000000 0.000000
  76 -0.000002 19.896326 0.000000 0.140363 -0.000000 0.000000
  77 0.000003 16.264103 -0.000000 -0.703810 0.000322 -0.000273
  78 -0.000000 -0.000000 0.000000 -0.000000 -0.000000 -0.000000
  79 0.000001 10.988300 0.000002 0.880380 3.141170 -0.000000
  80 -0.000000 0.000001 0.000000 0.000000 0.000000 0.000000
  81 0.000000 -0.000001 0.000000 -1.480900 0.018741 0.000810
  82 -0.000000 0.000000 0.000001 -0.592079 0.146469 -0.000000
  83 -0.000002 19.264673 0.000003 1.350988 -0.000000 0.000000
  84 -8.250687 -0.215596 2.184243 2.474939 -0.043720 -0.089892
  85 -0.000000 -0.000000 0.000000 0.000000 -0.000000 0.000000
  86 -8.250687 -0.215596 2.184243 2.474939 -0.043720 -0.089892
  87 0.000001 9.632339 0.000000 -0.000000 0.058521 -0.000000
  88 -0.000001 9.632336 -0.000001 1.350988 0.074996 0.000000
  89 0.000001 7.812075 -0.000000 0.000000 -0.120228 -0.000000
  90 -0.000001 7.812080 -0.000001 -1.540714 -0.033898 0.137317
  91 -0.000000 10.987887 -0.000000 0.880329 3.141171 -0.000001
  92 0.000000 0.000000 0.000001 -0.048317 0.000000 -0.000000
  93 0.000000 0.000000 0.000000 -0.000000 -0.000000 0.000000
  94 -0.000000 -10.999713 0.000001 -0.000000 -0.000000 0.000000
  95 0.000000 -1.769385 12.121011 0.222477 -0.033280 -0.196453
  96 0.000000 -0.000001 0.000000 1.538978 -0.000000 -0.000000
  97 0.000000 -0.000000 -0.000000 0.044591 0.080604 -0.025686
  98 -0.000000 0.000000 0.000000 -0.155083 0.000000 -0.000000
  99 -0.000000 0.000000 0.000000 -0.000000 -0.000000 0.000000
  100 0.000000 8.544824 0.000001 -1.322512 -0.197322 0.027590
  101 0.000000 0.000000 -0.000000 1.542233 0.000000 -0.000000
  102 -0.000000 9.518035 0.000001 -0.203339 0.186322 -0.070922
  103 0.000000 3.039631 -0.000001 0.196385 -0.162217 -0.032120
  104 -0.000000 3.098965 -0.000000 -0.466496 0.034001 0.039162
  105 -0.000000 9.518035 0.000001 -1.768059 0.186322 -0.070922
  106 0.000000 0.000000 0.000000 1.662547 0.000000 0.000000
  107 -0.000000 6.109810 0.000002 -1.889972 0.176463 -0.092942
  108 0.000000 0.000000 0.000000 1.513973 -0.016683 -0.332477
  109 0.000000 0.000000 0.000000 -0.097827 0.000000 -0.000000
  110 0.000000 0.000000 0.000000 0.000000 -0.000000 0.000000
  111 0.000000 3.025098 -0.296882 -0.030108 -0.166349 0.006058
  112 0.000000 0.000000 0.000000 0.095948 0.000000 -0.000000
  113 0.000000 0.000000 0.000000 0.000000 0.000000 -0.000000
  114 0.000000 -0.000000 -0.000000 0.000000 0.000000 -0.000000
  115 0.904461 6.782039 3.867490 0.266795 -2.034703 -2.007110
  116 0.010191 19.450800 -0.828334 0.743364 1.881091 -0.375381
  117 -0.000003 19.385685 0.000000 1.719745 0.000000 0.000000
  118 -0.000002 24.518087 0.000004 0.370250 2.426413 0.187124
  119 0.000000 0.000000 0.000000 0.000000 0.000001 0.000001
  120 -0.000000 0.000001 -0.000000 -0.000000 -0.000001 -0.000001
  121 -0.000001 0.000002 -0.000002 -0.000000 -0.000000 -0.000000
  122 0.000000 -0.000002 -0.000000 0.000000 -0.000000 0.000000
  123 -0.000001 12.259045 0.000004 -0.000000 1.193198 -0.000000
  124 0.000000 -0.000001 0.000000 -0.000001 0.001371 -0.000001
  125 0.000000 0.000000 0.000000 -0.000000 -0.000000 0.000000
  126 0.000002 9.692843 0.000001 0.000000 -0.813843 0.000000
  127 0.000000 0.000000 0.000000 -0.000000 -0.000000 -0.000000
  128 0.000000 0.000002 0.000000 0.000000 0.000000 0.000000
  129 0.010187 19.450798 -0.828334 -1.068311 -0.458283 0.722012
  130 0.010187 19.450798 -0.828334 0.041386 -0.124298 1.319061
  131 0.000000 0.000000 0.000000 -1.332781 0.484537 -2.373637
  132 -0.000002 20.126820 0.000001 0.277335 0.000000 0.000000
  133 -0.000001 25.356468 0.000003 0.198412 -0.005445 0.027073
  134 0.000000 0.000000 0.000000 -0.000000 0.000000 0.000000
  135 0.000000 0.000000 0.000000 -0.247461 -0.396065 2.908150
  136 -0.000002 0.000003 0.000002 -0.994739 1.815433 -0.000001
  137 -0.000009 19.385675 -0.000002 1.719745 0.000000 0.000000
  138 0.010191 19.450800 -0.828334 -0.232185 0.455491 -1.198066
  139 0.000000 0.000000 0.000000 -0.000000 -0.000000 -0.000000
  140 0.010191 19.450800 -0.828334 -0.232185 0.455491 -1.198066
  141 -0.000000 9.692839 -0.000002 0.000001 0.522446 0.000001
  142 0.000000 9.692839 -0.000002 1.719744 0.813844 -0.000002
  143 -0.000000 12.259048 0.000000 -0.000001 1.194570 -0.000001
  144 0.000001 12.259042 0.000000 -0.123010 1.196721 -0.394519
  145 0.838801 0.695164 1.002009 -0.146529 0.831651 0.111056
  146 0.072044 6.084641 0.002315 0.057776 -0.287169 0.072685
  147 0.000000 5.184053 -0.000000 0.491818 -0.003807 0.022167
  148 -0.000000 5.576726 0.000000 0.368781 0.000643 -0.036172
  149 0.072044 6.084641 0.002315 0.057776 -0.287169 0.072685
  150 0.000000 5.184053 -0.000000 0.491818 -0.003807 0.022167
  151 -0.000000 5.576726 0.000000 0.368781 0.000643 -0.036172
  152 0.072048 6.084642 0.002313 0.057776 -0.287169 0.072685
  153 0.000000 0.000000 -0.000000 -0.000000 0.000000 -0.000000
  154 0.072044 6.084641 0.002315 0.057776 -0.287169 0.072685
  155 0.000000 0.000000 0.000000 0.000000 -0.000000 -0.000000
  156 -0.000000 5.184052 0.000004 0.491818 -0.003807 0.022168
  157 0.000000 0.000000 0.000000 0.000000 -0.000000 -0.000000
  158 0.000000 5.576726 0.000002 0.368781 0.000643 -0.036172
  159 0.000000 0.000000 0.000000 0.000000 -0.000000 -0.000000
  160 -0.000001 9.158424 -0.000001 -3.141592 0.324016 -0.000000
  161 -0.000003 0.000002 0.000000 0.000000 0.000000 0.000000
  162 0.000000 0.000000 0.000000 0.000000 0.000000 -0.000000
  163 0.072044 6.084641 0.002315 0.057776 -0.287169 0.072685
  164 0.208208 1.308912 0.886649 -0.521836 0.710749 -0.438947
  165 -0.068179 4.847631 0.036553 0.177555 -0.296553 -0.038426
  166 0.000001 6.134700 0.000003 0.419254 -0.004721 0.048260
  167 -0.000000 5.142246 -0.000001 0.323478 0.000042 -0.073619
  168 -0.068179 4.847631 0.036553 0.177555 -0.296553 -0.038426
  169 0.000001 6.134700 0.000003 0.419254 -0.004721 0.048260
  170 -0.000000 5.142246 -0.000001 0.323478 0.000042 -0.073619
  171 -0.068178 4.847629 0.036553 0.177555 -0.296553 -0.038426
  172 -0.000000 0.000001 -0.000000 -0.000000 0.000000 -0.000000
  173 -0.000000 0.000001 -0.000000 -0.000000 0.000000 -0.000000
  174 -0.068179 4.847631 0.036553 0.177555 -0.296552 -0.038425
  175 0.000000 0.000000 0.000000 -0.000000 -0.000001 -0.000001
  176 -0.000001 6.134699 -0.000000 0.419254 -0.004721 0.048261
  177 0.000000 0.000000 0.000000 -0.000000 -0.000000 -0.000001
  178 0.000002 5.142245 -0.000001 0.323478 0.000043 -0.073619
  179 0.000000 0.000000 0.000000 -0.000000 -0.000001 -0.000001
  180 -0.000005 9.920091 -0.000004 3.141593 0.323204 0.000001
  181 0.000000 0.000000 0.000000 -0.000000 0.000000 0.000000
  182 0.000000 0.000000 0.000000 -0.000000 -0.000000 -0.000000
  183 -0.068179 4.847631 0.036553 0.177555 -0.296553 -0.038426
  184 -0.000000 0.000001 -0.000000 -0.000000 0.000000 -0.000000
  185 1.229524 0.555899 1.288370 -0.746848 0.623235 -0.695222
  186 -0.237349 5.647399 -0.028133 0.207022 -0.080209 -0.208698
  187 0.000001 5.046767 -0.000000 0.470994 0.005800 -0.038570
  188 0.000001 4.876218 0.000002 0.436130 -0.002099 0.057280
  189 -0.237349 5.647399 -0.028133 0.207022 -0.080209 -0.208698
  190 0.000001 5.046768 -0.000001 0.470993 0.005800 -0.038570
  191 0.000001 4.876218 0.000002 0.436130 -0.002099 0.057280
  192 -0.237346 5.647389 -0.028136 0.207022 -0.080209 -0.208698
  193 0.000000 0.000000 0.000000 0.000000 -0.000000 0.000000
  194 0.000000 0.000000 0.000000 0.000000 -0.000000 0.000000
  195 -0.237349 5.647399 -0.028133 0.207022 -0.080209 -0.208698
  196 0.000000 0.000000 0.000000 0.000000 0.000000 0.000000
  197 0.000000 5.046767 -0.000000 0.470993 0.005800 -0.038570
  198 0.000000 0.000000 0.000000 0.000000 0.000000 0.000000
  199 0.000001 4.876215 0.000000 0.436131 -0.002099 0.057281
  200 0.000000 0.000000 0.000000 0.000000 -0.000000 -0.000001
  201 0.000002 10.336262 -0.000004 -3.141592 -0.095607 -0.000001
  202 0.000000 0.000000 0.000000 -0.000000 0.000000 -0.000000
  203 0.000000 0.000000 0.000000 0.000000 -0.000000 -0.000000
  204 -0.237349 5.647399 -0.028133 0.207022 -0.080209 -0.208698
  205 0.000000 0.000000 0.000000 0.000000 -0.000000 0.000000
  206 2.510258 0.335979 0.022946 -0.704387 0.728957 -0.808876
  207 -0.392057 4.123334 -0.143350 0.204093 -0.003080 -0.542466
  208 0.000000 4.945987 0.000000 0.432317 0.001324 -0.011933
  209 -0.000000 6.128857 -0.000000 0.480687 -0.001326 0.020281
  210 -0.392057 4.123334 -0.143350 0.204093 -0.003080 -0.542466
  211 0.000000 4.945987 0.000000 0.432317 0.001324 -0.011933
  212 -0.000000 6.128857 -0.000000 0.480687 -0.001326 0.020281
  213 -0.392056 4.123333 -0.143350 0.204093 -0.003080 -0.542466
  214 -0.000000 0.000001 -0.000000 0.000000 -0.000000 0.000000
  215 -0.000000 0.000001 -0.000000 0.000000 -0.000000 0.000000
  216 -0.392057 4.123334 -0.143350 0.204093 -0.003081 -0.542467
  217 0.000000 0.000000 0.000000 -0.000000 0.000001 0.000001
  218 -0.000000 4.945987 -0.000000 0.432317 0.001324 -0.011934
  219 0.000000 0.000000 0.000000 -0.000000 0.000001 0.000001
  220 0.000001 6.128856 -0.000002 0.480686 -0.001326 0.020280
  221 0.000000 0.000000 0.000000 0.000000 0.000000 0.000000
  222 -0.000001 8.781750 0.000005 -3.141593 -0.488191 0.000000
  223 0.000000 0.000000 0.000000 0.000000 -0.000000 0.000000
  224 0.000000 0.000000 0.000000 -0.000000 -0.000000 0.000000
  225 -0.392057 4.123334 -0.143350 0.204093 -0.003080 -0.542466
  226 -0.000000 0.000001 -0.000000 0.000000 -0.000000 0.000000
  227 0.777026 1.281749 1.958794 0.196514 0.598662 0.924076
  228 0.359214 4.315995 -0.049606 0.213321 0.019605 0.282979
  229 0.000001 4.879314 -0.000000 0.443857 0.004531 -0.036921
  230 0.000000 5.043322 -0.000000 0.388361 -0.001208 0.055324
  231 0.359214 4.315995 -0.049606 0.213321 0.019605 0.282979
  232 0.000001 4.879314 -0.000000 0.443857 0.004531 -0.036921
  233 0.000000 5.043322 -0.000000 0.388361 -0.001208 0.055324
  234 0.359219 4.315993 -0.049604 0.213321 0.019605 0.282979
  235 0.000000 0.000000 0.000000 -0.000000 -0.000000 -0.000000
  236 0.359214 4.315995 -0.049606 0.213321 0.019605 0.282979
  237 0.000000 0.000000 0.000000 -0.000000 0.000000 0.000000
  238 0.000001 4.879313 0.000001 0.443856 0.004531 -0.036922
  239 0.000000 0.000000 0.000000 0.000000 0.000000 0.000000
  240 -0.000000 5.043323 0.000001 0.388361 -0.001208 0.055324
  241 0.000000 0.000000 0.000000 -0.000000 0.000000 0.000000
  242 -0.000002 10.325294 0.000002 3.141593 -0.093079 -0.000000
  243 0.000001 0.000000 -0.000000 0.000000 -0.000000 0.000000
  244 0.000000 0.000000 0.000000 0.000000 -0.000000 -0.000000
  245 0.359214 4.315995 -0.049606 0.213321 0.019605 0.282979
  246 0.986053 0.947620 1.368039 0.166521 0.766158 0.595878
  247 0.233967 5.333795 -0.032553 0.036912 -0.459751 0.204801
  248 0.000000 4.968781 -0.000000 0.423796 0.003073 -0.030016
  249 0.000003 5.803467 0.000002 0.409230 -0.001678 0.049315
  250 0.233967 5.333795 -0.032553 0.036912 -0.459751 0.204801
  251 0.000000 4.968781 -0.000000 0.423796 0.003073 -0.030016
  252 0.000003 5.803467 0.000002 0.409230 -0.001678 0.049315
  253 0.233972 5.333794 -0.032551 0.036912 -0.459751 0.204801
  254 0.000000 0.000000 0.000000 0.000000 -0.000000 0.000000
  255 0.233967 5.333795 -0.032553 0.036912 -0.459751 0.204801
  256 0.000000 0.000000 0.000000 -0.000000 -0.000000 -0.000000
  257 -0.000000 4.968781 0.000000 0.423796 0.003073 -0.030015
  258 0.000000 0.000000 0.000000 0.000000 -0.000000 -0.000000
  259 0.000000 5.803466 0.000001 0.409231 -0.001678 0.049316
  260 0.000000 0.000000 0.000000 -0.000000 0.000000 0.000000
  261 0.000001 9.111455 0.000001 3.141592 0.806825 -0.000001
  262 -0.000002 0.000003 -0.000001 0.000000 -0.000000 -0.000000
  263 -0.000002 0.000003 0.000001 0.000000 0.000000 -0.000000
  264 0.233967 5.333795 -0.032553 0.036912 -0.459751 0.204801
  265 2.510270 0.335970 0.022938 -0.704387 0.728957 -0.808876
  266 2.510270 0.335970 0.022938 -0.704387 0.728957 -0.808876
  267 2.510270 0.335970 0.022938 -0.704387 0.728957 -0.808876
  268 -0.904460 6.782043 3.867489 -2.549382 0.997791 -0.760062
  269 -0.010188 19.450796 -0.828329 -0.918423 -0.949625 -0.181143
  270 -0.000005 19.366440 -0.000001 2.028343 -0.000000 0.000000
  271 -0.000006 24.458818 -0.000005 0.489745 -0.267289 0.301986
  272 0.000000 0.000000 0.000000 -0.000000 -0.000001 -0.000001
  273 0.000000 0.000000 0.000000 -0.000000 0.000001 0.000001
  274 -0.000003 -0.000001 -0.000003 -0.000000 0.000000 0.000000
  275 0.000000 -0.000001 0.000000 0.000000 0.000000 -0.000000
  276 -0.000008 12.229406 -0.000006 -0.000000 -0.094147 0.000000
  277 0.000000 0.000000 0.000000 -0.000001 -0.001371 0.000001
  278 0.000000 0.000000 0.000000 -0.000000 0.000000 0.000000
  279 -0.000008 9.683224 -0.000001 0.000000 -0.423597 0.000000
  280 0.000000 0.000000 0.000000 -0.000000 0.000000 0.000000
  281 -0.000000 0.000002 0.000000 0.000000 -0.000000 0.000000
  282 -0.010189 19.450798 -0.828329 -1.068311 0.458283 -0.722012
  283 -0.010189 19.450798 -0.828329 0.041386 0.124298 -1.319061
  284 -0.000000 0.000000 -0.000000 -1.332781 -0.484537 2.373637
  285 -0.000002 20.126825 -0.000002 0.277335 -0.000000 0.000000
  286 -0.000001 25.356464 0.000004 0.198412 0.005445 -0.027074
  287 0.000000 0.000000 0.000000 -0.000000 -0.000000 -0.000000
  288 -0.000000 0.000000 -0.000000 0.071158 -1.110652 1.305066
  289 0.000001 -0.000001 -0.000001 -1.198594 0.158891 -0.000001
  290 -0.000011 19.366438 0.000001 2.028343 -0.000000 0.000000
  291 -0.010188 19.450796 -0.828329 -1.992696 -1.039183 1.053128
  292 0.000000 0.000000 0.000000 -0.000000 0.000000 0.000000
  293 -0.010188 19.450796 -0.828329 -1.992695 -1.039182 1.053127
  294 -0.000001 9.683220 0.000001 -0.000000 0.222586 -0.000001
  295 0.000003 9.683216 -0.000001 2.028343 0.423596 0.000000
  296 -0.000003 12.229410 -0.000002 0.000000 -0.095519 -0.000001
  297 0.000001 12.229412 0.000001 0.518559 -0.175997 0.295645
  298 -0.838807 0.695169 1.002008 -0.146529 -0.831651 -0.111056
  299 -0.230520 5.745164 0.008338 0.057776 0.287169 -0.072684
  300 -0.000006 5.184046 0.000004 1.175779 0.003806 -0.022168
  301 0.000000 5.576726 0.000000 1.052741 -0.000643 0.036171
  302 -0.230520 5.745164 0.008338 0.057776 0.287169 -0.072684
  303 -0.000006 5.184046 0.000004 1.175779 0.003806 -0.022168
  304 0.000000 5.576726 0.000000 1.052741 -0.000643 0.036171
  305 -0.230520 5.745164 0.008338 0.057776 0.287169 -0.072685
  306 0.000000 0.000000 0.000000 -0.000000 0.000000 0.000000
  307 -0.230520 5.745164 0.008338 0.057776 0.287169 -0.072685
  308 0.000000 0.000000 0.000000 0.000000 0.000000 0.000000
  309 -0.000003 5.184049 0.000003 1.175779 0.003807 -0.022168
  310 0.000000 0.000000 0.000000 0.000000 0.000000 0.000001
  311 -0.000002 5.576724 0.000003 1.052741 -0.000644 0.036172
  312 0.000000 0.000000 0.000000 0.000000 0.000000 0.000000
  313 0.000000 9.158414 -0.000002 3.141592 -0.324016 0.000001
  314 0.000000 0.000000 -0.000001 -0.000000 -0.000000 -0.000000
  315 -0.000006 0.000002 0.000004 0.000000 -0.000000 0.000000
  316 -0.230520 5.745164 0.008338 0.057776 0.287169 -0.072684
  317 -0.208226 1.308911 0.886640 -0.521836 -0.710749 0.438947
  318 0.180042 4.683176 0.102247 0.177554 0.296553 0.038425
  319 0.000000 6.134692 -0.000000 0.982999 0.004720 -0.048259
  320 -0.000001 5.142235 -0.000001 0.887221 -0.000043 0.073619
  321 0.180042 4.683176 0.102247 0.177554 0.296553 0.038425
  322 0.000000 6.134692 -0.000000 0.982999 0.004720 -0.048259
  323 -0.000001 5.142235 -0.000001 0.887221 -0.000043 0.073619
  324 0.180049 4.683180 0.102244 0.177555 0.296553 0.038426
  325 0.000000 0.000000 0.000000 -0.000000 0.000000 -0.000000
  326 0.000000 0.000000 0.000000 -0.000000 0.000000 -0.000000
  327 0.180042 4.683176 0.102247 0.177554 0.296552 0.038425
  328 0.000000 0.000000 0.000000 -0.000000 0.000001 0.000001
  329 0.000006 6.134692 -0.000005 0.982998 0.004721 -0.048261
  330 0.000000 0.000000 0.000000 -0.000000 0.000001 0.000000
  331 -0.000004 5.142237 0.000003 0.887221 -0.000043 0.073619
  332 0.000000 0.000000 0.000000 -0.000000 0.000001 0.000001
  333 0.000004 9.920084 0.000003 3.141593 -0.323204 -0.000000
  334 0.000001 0.000001 -0.000001 0.000000 -0.000000 -0.000000
  335 0.000000 0.000000 0.000000 0.000001 0.000000 0.000001
  336 0.180042 4.683176 0.102247 0.177554 0.296553 0.038425
  337 0.000000 0.000000 0.000000 -0.000000 0.000000 -0.000000
  338 -1.229535 0.555895 1.288360 -0.746848 -0.623235 0.695222
  339 0.734450 5.353118 -0.086024 0.207022 0.080208 0.208698
  340 -0.000001 5.046760 0.000001 1.154953 -0.005800 0.038570
  341 0.000001 4.876215 -0.000001 1.120089 0.002098 -0.057280
  342 0.734450 5.353118 -0.086024 0.207022 0.080208 0.208698
  343 -0.000001 5.046760 0.000001 1.154953 -0.005800 0.038570
  344 0.000001 4.876215 -0.000001 1.120089 0.002098 -0.057280
  345 0.734447 5.353115 -0.086026 0.207022 0.080209 0.208698
  346 0.000000 0.000000 0.000000 0.000000 0.000000 -0.000000
  347 0.000000 0.000000 0.000000 0.000000 0.000000 -0.000000
  348 0.734450 5.353118 -0.086024 0.207022 0.080209 0.208698
  349 0.000000 0.000000 0.000000 0.000000 -0.000000 -0.000000
  350 -0.000001 5.046762 0.000001 1.154953 -0.005800 0.038570
  351 0.000000 0.000000 0.000000 0.000000 -0.000000 -0.000000
  352 0.000000 4.876214 0.000001 1.120090 0.002099 -0.057281
  353 0.000000 0.000000 0.000000 0.000000 0.000001 0.000001
  354 0.000000 10.336263 -0.000001 -3.141593 0.095607 0.000001
  355 0.000000 0.000000 0.000000 -0.000000 0.000000 0.000000
  356 0.000000 0.000000 0.000000 0.000000 0.000000 0.000000
  357 0.734450 5.353118 -0.086024 0.207022 0.080208 0.208698
  358 0.000000 0.000000 0.000000 0.000000 0.000000 -0.000000
  359 -2.510275 0.335977 0.022937 -0.704387 -0.728958 0.808876
  360 1.071975 4.021942 -0.391654 0.204093 0.003080 0.542466
  361 0.000002 4.945993 -0.000001 0.996059 -0.001323 0.011932
  362 -0.000003 6.128856 0.000000 1.044429 0.001326 -0.020280
  363 1.071975 4.021942 -0.391654 0.204093 0.003080 0.542466
  364 0.000002 4.945993 -0.000001 0.996059 -0.001324 0.011932
  365 -0.000003 6.128856 0.000000 1.044429 0.001326 -0.020280
  366 1.071978 4.021935 -0.391650 0.204093 0.003080 0.542466
  367 0.000000 0.000000 0.000000 -0.000000 0.000000 -0.000000
  368 0.000000 0.000000 0.000000 -0.000000 0.000000 -0.000000
  369 1.071978 4.021942 -0.391651 0.204093 0.003081 0.542467
  370 0.000000 0.000000 0.000000 -0.000000 -0.000001 -0.000001
  371 -0.000002 4.945990 0.000002 0.996060 -0.001324 0.011934
  372 0.000000 0.000000 0.000000 0.000000 -0.000001 -0.000001
  373 0.000002 6.128849 0.000000 1.044429 0.001326 -0.020280
  374 0.000000 0.000000 0.000000 0.000000 -0.000000 -0.000000
  375 -0.000001 8.781749 -0.000001 3.141593 0.488190 0.000000
  376 0.000000 0.000000 0.000000 -0.000000 0.000000 0.000000
  377 -0.000001 -0.000001 -0.000001 -0.000000 -0.000000 -0.000000
  378 1.071977 4.021942 -0.391652 0.204093 0.003080 0.542466
  379 0.000000 0.000000 0.000000 -0.000000 0.000000 -0.000000
  380 -0.777031 1.281752 1.958793 0.196515 -0.598662 -0.924076
  381 -1.126240 3.933984 -0.155568 0.213321 -0.019605 -0.282980
  382 0.000000 4.879314 0.000000 1.127817 -0.004531 0.036922
  383 -0.000004 5.043317 -0.000000 1.072320 0.001208 -0.055325
  384 -1.126240 3.933984 -0.155568 0.213321 -0.019605 -0.282980
  385 0.000000 4.879314 0.000000 1.127817 -0.004531 0.036922
  386 -0.000004 5.043317 -0.000000 1.072320 0.001208 -0.055325
  387 -1.126224 3.933994 -0.155569 0.213321 -0.019605 -0.282979
  388 0.000000 0.000000 0.000000 -0.000000 0.000000 0.000000
  389 -1.126237 3.933990 -0.155571 0.213321 -0.019605 -0.282979
  390 0.000000 0.000000 0.000000 -0.000000 -0.000001 -0.000000
  391 0.000004 4.879314 -0.000001 1.127816 -0.004531 0.036922
  392 0.000000 0.000000 0.000000 0.000000 -0.000000 -0.000000
  393 -0.000002 5.043317 0.000000 1.072321 0.001208 -0.055324
  394 0.000000 0.000000 0.000000 0.000000 -0.000000 -0.000000
  395 0.000002 10.325285 -0.000000 3.141593 0.093079 0.000000
  396 -0.000001 0.000007 0.000002 -0.000000 0.000000 -0.000000
  397 0.000000 0.000000 0.000000 -0.000000 0.000000 0.000000
  398 -1.126240 3.933984 -0.155568 0.213321 -0.019605 -0.282980
  399 -0.986050 0.947626 1.368037 0.166521 -0.766159 -0.595878
  400 -0.649785 5.061229 -0.088632 0.036913 0.459751 -0.204799
  401 0.000001 4.968775 0.000000 0.987538 -0.003073 0.030014
  402 -0.000001 5.803462 0.000000 0.972974 0.001678 -0.049315
  403 -0.649786 5.061227 -0.088634 0.036913 0.459751 -0.204800
  404 0.000000 4.968775 0.000000 0.987538 -0.003073 0.030014
  405 -0.000001 5.803461 0.000000 0.972974 0.001678 -0.049315
  406 -0.649785 5.061229 -0.088632 0.036912 0.459751 -0.204801
  407 0.000000 0.000000 0.000000 0.000000 0.000000 0.000000
  408 -0.649784 5.061231 -0.088630 0.036912 0.459751 -0.204801
  409 0.000000 0.000000 0.000000 -0.000000 0.000000 0.000001
  410 -0.000006 4.968776 0.000004 0.987539 -0.003072 0.030015
  411 0.000000 0.000000 0.000000 -0.000000 0.000000 0.000000
  412 0.000001 5.803462 -0.000004 0.972974 0.001678 -0.049315
  413 0.000000 0.000000 0.000000 -0.000000 -0.000000 -0.000000
  414 0.000001 9.111452 -0.000001 3.141592 -0.806826 0.000001
  415 -0.000005 0.000004 0.000004 -0.000000 -0.000000 -0.000000
  416 -0.000000 0.000001 -0.000000 -0.000001 -0.000000 -0.000000
  417 -0.649785 5.061230 -0.088631 0.036913 0.459751 -0.204799
  418 -2.510274 0.335974 0.022939 -0.704387 -0.728958 0.808876
  419 -2.510274 0.335974 0.022939 -0.704387 -0.728958 0.808876
  420 -2.510274 0.335974 0.022939 -0.704387 -0.728958 0.808876
  421 8.463113 -0.489837 -2.120326 1.542233 -0.000000 3.141593
  422 0.000000 -0.000001 -0.000000 -0.000000 0.000000 0.000000
  423 -8.463113 -0.489834 -2.120326 1.542233 -0.000000 -3.141593
  424 -0.000000 -0.000001 -0.000000 -0.000000 0.000000 -0.000000
  425 8.463113 -0.489837 -2.120326 1.542233 -0.000000 3.141593
  426 -8.463113 -0.489834 -2.120326 1.542233 -0.000000 -3.141593
  427 0.904461 6.782039 3.867490 0.266795 -2.034703 -2.007110
  428 -0.904460 6.782043 3.867489 -2.549382 0.997791 -0.760062
  429 0.000000 0.000000 0.000000 0.000000 0.000000 -0.000000
  430 -2.384858 45.420403 15.540361 0.000000 -0.000000 1.570796
  431 -48.626259 -34.895390 16.751783 0.270400 -2.619365 1.746236
  432 -0.000004 0.000002 -0.000003 0.000000 0.000000 0.000000
  433 -29.202917 22.226515 10.530756 0.064389 0.007259 1.115377
  434 43.772175 0.666420 40.722908 0.636717 0.964784 -2.018134
  435 -2.384865 -45.420403 15.540361 0.000000 -0.000000 1.570796
  436 10.962193 18.957552 26.587873 1.721774 -1.409607 0.463890
  437 -0.000008 -0.000001 0.000000 -0.000000 -0.000000 -0.000000
  438 -33.168655 15.050528 10.884871 0.069953 0.010293 1.020805
  439 -18.152109 -0.214292 7.018635 0.636717 -0.964784 2.018134
  440 -0.483101 8.250682 -13.900933 0.000000 -0.000000 1.570796
  441 3.032706 -9.289124 -0.494026 -0.018237 0.008961 0.214605
  442 0.000002 -6.475162 -8.877784 -0.000000 -0.000000 0.000000
  443 -0.000001 6.475163 8.877784 -0.000000 -0.000000 0.000000
  444 -1.878116 12.014873 -0.599894 0.000000 -0.000000 0.000000
  445 3.953934 -0.000000 -0.000001 -0.000000 0.000000 0.000000
  446 -1.976967 0.000002 -0.000004 -0.000000 0.000000 0.000000
  447 -0.098849 -12.014871 0.599884 0.000000 0.000000 -0.000000
  448 -0.000000 6.475163 8.877783 -2.200961 0.000249 0.000341
  449 -0.000001 0.000003 0.000002 -0.000000 -0.000000 -0.000000
  450 -0.000000 10.988304 0.000002 2.200961 0.000422 -0.000000
  451 0.000000 0.000000 0.000000 -0.060252 -0.000000 3.141593
  452 35.401009 6.277834 -9.059653 0.067635 -0.003977 1.510297
  453 1.961089 -0.448856 0.257714 -0.003598 -0.000000 -0.000000
  454 -0.483102 -8.250682 -13.900933 0.000000 -0.000000 1.570796
  455 -0.000001 5.335340 0.000000 0.000000 -0.000000 -0.000000
  456 0.000001 -6.475164 -8.877784 0.000000 -0.000000 -0.000000
  457 -0.000001 6.475164 8.877784 0.000000 -0.000000 -0.000000
  458 1.878117 12.014879 -0.599895 0.000000 -0.000000 -0.000000
  459 -3.953934 -0.000002 0.000000 0.000000 -0.000000 -0.000000
  460 1.976968 0.000000 0.000000 0.000000 -0.000000 -0.000000
  461 0.098850 -12.014875 0.599886 0.000000 -0.000000 -0.000000
  462 -0.000001 6.475165 8.877784 -2.200961 -0.000249 -0.000341
  463 -0.000001 0.000002 0.000001 -0.000000 -0.000000 -0.000000
  464 0.000000 10.988303 0.000000 2.200961 -0.000422 0.000000
  465 0.000000 0.000000 0.000000 -0.060252 0.000000 -3.141593
  466 34.403305 -10.193219 -9.125279 0.067635 -0.003977 1.510297
  467 -5.924036 1.355900 -0.778503 -0.003598 -0.000000 -0.000000
  time 2
  0 0.000000 0.000000 -23.603888 0.000000 -0.000000 1.570796
  1 0.717918 2.375489 38.887783 1.690419 -0.032240 -0.170425
  2 0.000001 10.999715 0.000000 -0.049228 -0.001071 -0.021943
  3 -0.000000 6.753153 0.000000 0.010443 -0.061196 0.079818
  4 -0.000000 8.544824 0.000002 0.158426 -0.540280 0.045250
  5 0.000001 9.518028 -0.000001 -0.169690 0.376626 -0.112128
  6 -0.000000 3.039631 -0.000000 0.204699 -0.326026 -0.066396
  7 0.000000 3.098966 -0.000000 -0.457364 0.080668 0.126575
  8 21.141764 -26.913914 55.865273 2.652015 0.159232 1.884423
  9 -18.236040 32.234070 70.671722 -0.966497 -0.492703 -0.431025
  10 8.380970 -14.400783 24.465086 -3.016853 -0.154164 -0.174604
  11 -10.146452 2.957445 18.869541 3.128176 -0.242690 -0.239486
  12 -1.789155 0.000000 28.175615 0.000000 -0.000000 1.570796
  13 0.000000 -0.000001 -7.439842 -0.054715 0.000000 0.000000
  14 0.000000 -1.769384 12.121019 0.001975 -0.022918 -0.171913
  15 0.000000 -1.769387 12.121019 0.367447 -0.028949 -0.780959
  16 0.000000 -1.769384 12.121019 0.000495 -0.011501 -0.085945
  17 -0.000000 -0.000001 -0.000000 1.694062 0.000000 0.000000
  18 -0.000000 -6.753152 -0.000000 -1.694987 -0.083867 0.022047
  19 -0.000000 0.000000 0.000000 1.742379 -0.000000 -0.000001
  20 0.000000 -10.999715 0.000004 -0.000000 0.000000 -0.000000
  21 0.000000 0.000000 0.000000 -0.000000 0.000000 0.000000
  22 0.000000 0.000000 0.000000 -1.341552 -1.993774 0.192913
  23 -0.000000 -0.000002 0.000001 0.000000 0.000000 0.000000
  24 0.000000 0.000000 0.000000 -1.341552 1.993774 -0.192913
  25 0.000000 -0.000002 0.000001 -0.000000 -0.000000 -0.000000
  26 8.250680 -0.215595 2.184237 2.284113 0.010423 0.120102
  27 -0.000001 19.441433 -0.000001 0.954799 0.000000 0.000000
  28 -0.000003 15.806200 -0.000002 -0.879598 -0.345312 0.244687
  29 -0.000037 10.987597 -0.000260 0.880380 -3.141171 0.000000
  30 -1.873869 4.392864 10.061481 -0.000523 0.630166 -1.571105
  31 0.000000 0.000002 0.000002 -0.000000 0.000000 0.000000
  32 0.000000 0.000000 0.000000 0.000000 -0.000000 -0.000000
  33 0.000000 0.000000 0.000000 -0.000000 -0.000000 -0.000000
  34 0.000000 0.000000 0.000000 0.000000 -0.000000 0.000000
  35 -0.000002 7.903103 -0.000000 -0.000000 -0.216170 0.000000
  36 0.000000 0.000000 0.000000 0.000000 0.000205 -0.000000
  37 -0.000001 -0.000002 0.000002 -0.000000 0.000000 0.000000
  38 -0.000002 9.720718 0.000001 -0.000000 -0.029875 -0.000000
  39 0.000000 0.000000 -0.000000 -0.000000 0.000000 0.000000
  40 -8.250680 -0.215597 2.184242 3.068175 -0.092862 -0.158464
  41 0.000001 19.468592 0.000002 0.911733 0.000001 -0.000000
  42 -0.000001 15.833714 0.000002 -1.609095 -0.250598 0.123471
  43 0.000001 10.987926 -0.000839 0.880380 3.141171 -0.000000
  44 1.873868 4.392867 10.061477 0.000523 2.511427 1.571105
  45 -0.000000 0.000002 0.000002 -0.000000 0.000000 0.000000
  46 0.000000 0.000000 0.000000 0.000000 -0.000000 -0.000000
  47 0.000000 0.000003 -0.000003 -0.000000 -0.000000 0.000000
  48 0.000000 0.000000 0.000000 -0.000000 -0.000000 0.000000
  49 0.000000 7.916861 -0.000002 0.000000 -0.154045 0.000000
  50 0.000000 0.000000 0.000000 -0.000000 -0.000204 -0.000000
  51 0.000000 -0.000004 -0.000000 -0.000000 0.000000 -0.000000
  52 0.000001 9.734299 0.000001 -0.000000 -0.035480 0.000000
  53 0.000000 0.000000 0.000000 -0.000000 -0.000000 0.000000
  54 8.250681 -0.215596 2.184237 2.903292 0.000001 -0.000000
  55 8.250681 -0.215596 2.184237 -1.742379 0.000000 -0.000000
  56 0.000000 -0.000001 -0.000000 -1.637513 0.000000 -0.000000
  57 -0.000000 19.896322 0.000000 0.140363 -0.000000 -0.000000
  58 -0.000001 16.264103 -0.000000 -0.703810 -0.000322 0.000273
  59 -0.000000 -0.000000 0.000000 -0.000000 -0.000000 0.000000
  60 -0.000000 10.988301 -0.000001 0.880380 -3.141171 0.000000
  61 0.000000 0.000000 0.000000 0.000000 -0.000000 0.000000
  62 0.000000 -0.000001 -0.000000 -1.835583 -0.113270 0.015308
  63 -0.000001 -0.000000 0.000000 -0.424096 0.026301 -0.000000
  64 0.000001 19.441431 -0.000001 0.954799 0.000000 0.000000
  65 8.250680 -0.215595 2.184237 2.282880 0.047314 0.077407
  66 -0.000000 -0.000000 0.000000 0.000000 -0.000000 -0.000000
  67 8.250680 -0.215596 2.184236 2.282881 0.047314 0.077406
  68 -0.000000 9.720722 0.000000 -0.000000 0.026535 -0.000000
  69 0.000000 9.720716 0.000000 0.954799 0.029875 0.000000
  70 -0.000001 7.903097 -0.000001 -0.000000 -0.215965 0.000000
  71 0.000000 7.903100 -0.000000 -0.827206 -0.135404 0.232139
  72 -0.000002 10.987617 0.000003 0.880356 -3.141171 -0.000003
  73 -8.250680 -0.215593 2.184241 2.903292 0.000001 -0.000000
  74 -8.250680 -0.215593 2.184241 -1.742379 0.000000 -0.000000
  75 0.000000 -0.000001 -0.000000 -1.637514 0.000000 0.000000
  76 0.000001 19.896326 0.000001 0.140363 0.000000 -0.000000
  77 -0.000001 16.264105 -0.000001 -0.703810 0.000322 -0.000273
  78 0.000000 -0.000002 -0.000001 -0.000000 0.000000 0.000000
  79 0.000000 10.988298 0.000002 0.880380 3.141171 -0.000000
  80 -0.000000 0.000001 0.000000 0.000000 0.000000 0.000000
  81 0.000000 -0.000001 -0.000000 -1.066246 0.119734 0.030669
  82 0.000001 0.000004 -0.000001 -0.405423 0.108345 0.000000
  83 0.000000 19.468588 0.000003 0.911733 0.000001 -0.000000
  84 -8.250680 -0.215597 2.184242 3.068468 -0.025707 -0.163401
  85 0.000000 -0.000000 -0.000000 0.000000 -0.000000 0.000000
  86 -8.250680 -0.215597 2.184242 3.068468 -0.025707 -0.163401
  87 0.000000 9.734302 -0.000001 -0.000000 0.031856 0.000000
  88 0.000000 9.734300 0.000000 0.911733 0.035480 -0.000000
  89 0.000000 7.916852 0.000000 0.000000 -0.154250 -0.000000
  90 -0.000002 7.916859 0.000000 -1.590158 -0.097487 0.120169
  91 0.000002 10.987945 0.000000 0.880303 3.141171 -0.000000
  92 -0.000000 0.000000 0.000001 -0.048318 0.000000 -0.000000
  93 -0.000000 0.000000 0.000000 -0.000000 -0.000000 0.000000
  94 0.000000 -10.999715 0.000004 -0.000000 0.000000 0.000000
  95 0.000000 -1.769386 12.121019 0.180815 -0.050890 -0.389052
  96 0.000000 -0.000001 0.000000 1.538978 0.000000 -0.000000
  97 -0.000000 -0.000000 -0.000001 0.067574 0.148841 -0.035051
  98 -0.000000 0.000000 0.000000 -0.155084 0.000000 -0.000000
  99 0.000000 -0.000000 0.000000 0.000000 0.000000 -0.000000
  100 -0.000000 8.544825 0.000002 -1.376481 -0.390063 0.041955
  101 0.000000 0.000000 -0.000000 1.542233 -0.000000 -0.000000
  102 0.000001 9.518029 0.000001 -0.169689 0.376626 -0.112128
  103 0.000000 3.039631 -0.000000 0.204699 -0.326026 -0.066396
  104 -0.000000 3.098966 -0.000000 -0.457364 0.080668 0.126575
  105 0.000001 9.518029 0.000000 -1.734410 0.376626 -0.112128
  106 0.000000 -0.000000 0.000000 1.662547 0.000000 -0.000000
  107 -0.000001 6.109810 0.000001 -1.862215 0.360388 -0.158223
  108 0.000000 0.000000 0.000000 1.473810 -0.077483 -0.668848
  109 0.000000 0.000000 0.000000 -0.097827 -0.000000 0.000000
  110 0.000000 0.000000 0.000000 0.000000 0.000000 0.000000
  111 -0.000001 3.025098 -0.296884 -0.065646 -0.334975 0.032361
  112 0.000000 0.000000 0.000000 0.095948 -0.000000 -0.000000
  113 -0.000000 -0.000000 -0.000000 0.000000 0.000000 -0.000000
  114 0.000000 -0.000000 -0.000000 -0.000000 0.000000 0.000000
  115 0.904462 6.782039 3.867488 0.266795 -2.034703 -2.007110
  116 0.010187 19.450802 -0.828334 0.805509 2.503536 0.408766
  117 0.000001 19.366110 -0.000001 2.161711 0.000000 0.000000
  118 -0.000001 24.436945 0.000000 0.073761 2.872133 0.473593
  119 0.000000 0.000000 0.000000 -0.000000 0.000001 0.000001
  120 -0.000000 0.000000 0.000000 -0.000000 -0.000001 -0.000001
  121 -0.000000 0.000002 -0.000000 -0.000000 -0.000001 -0.000000
  122 0.000000 -0.000002 0.000000 0.000000 -0.000000 0.000000
  123 0.000001 12.218472 -0.000003 -0.000000 1.404487 -0.000000
  124 0.000000 0.000000 0.000000 -0.000001 0.001371 -0.000001
  125 0.000000 0.000000 0.000000 -0.000000 -0.000000 0.000000
  126 -0.000000 9.683055 0.000001 -0.000000 -0.890517 0.000000
  127 0.000000 0.000000 0.000000 -0.000000 -0.000000 -0.000000
  128 0.000000 0.000002 0.000000 0.000000 0.000000 -0.000000
  129 0.010191 19.450802 -0.828334 -1.068311 -0.458283 0.722012
  130 0.010189 19.450800 -0.828334 0.041386 -0.124298 1.319061
  131 0.000001 0.000001 0.000000 -1.332781 0.484537 -2.373637
  132 0.000005 20.126827 0.000001 0.277335 0.000000 -0.000000
  133 -0.000002 25.356462 0.000001 0.198412 -0.005445 0.027074
  134 0.000000 0.000000 0.000000 0.000000 0.000000 0.000000
  135 0.000001 0.000001 0.000000 -0.772847 -0.383153 -3.014947
  136 -0.000001 -0.000001 -0.000000 -1.294420 1.330056 0.000002
  137 0.000002 19.366098 -0.000004 2.161711 0.000000 0.000000
  138 0.010187 19.450802 -0.828334 -0.938776 0.769896 -0.906384
  139 0.000000 0.000000 0.000000 -0.000000 -0.000000 -0.000000
  140 0.010187 19.450802 -0.828334 -0.938776 0.769896 -0.906384
  141 0.000003 9.683050 -0.000002 -0.000000 0.408172 0.000000
  142 0.000003 9.683053 0.000002 2.161711 0.890518 -0.000000
  143 0.000000 12.218470 0.000000 0.000003 1.405859 0.000004
  144 0.000001 12.218467 -0.000001 -1.330921 1.097103 -1.300626
  145 0.838803 0.695166 1.002008 -0.146529 0.831651 0.111056
  146 0.060471 6.110157 0.001947 0.057775 -0.287169 0.072686
  147 -0.000001 5.184052 -0.000002 0.440097 -0.003806 0.022166
  148 0.000001 5.576725 0.000001 0.317060 0.000643 -0.036171
  149 0.060471 6.110157 0.001947 0.057775 -0.287169 0.072686
  150 -0.000001 5.184052 -0.000002 0.440097 -0.003806 0.022166
  151 0.000001 5.576725 0.000001 0.317060 0.000643 -0.036171
  152 0.060462 6.110157 0.001944 0.057776 -0.287169 0.072685
  153 -0.000000 0.000000 0.000000 -0.000000 0.000000 -0.000000
  154 0.060471 6.110157 0.001947 0.057776 -0.287169 0.072685
  155 0.000000 0.000000 0.000000 -0.000000 -0.000000 -0.000000
  156 -0.000004 5.184051 -0.000001 0.440097 -0.003806 0.022168
  157 0.000000 0.000000 0.000000 0.000000 -0.000000 -0.000000
  158 0.000005 5.576725 -0.000002 0.317059 0.000643 -0.036172
  159 0.000000 0.000000 0.000000 0.000000 -0.000000 -0.000000
  160 -0.000004 9.158419 -0.000001 3.141592 0.324016 -0.000000
  161 0.000000 0.000000 0.000000 -0.000000 -0.000000 0.000000
  162 -0.000001 -0.000001 -0.000001 -0.000000 -0.000000 -0.000001
  163 0.060471 6.110157 0.001947 0.057775 -0.287169 0.072686
  164 0.208223 1.308908 0.886645 -0.521836 0.710749 -0.438947
  165 -0.057232 4.862754 0.030675 0.177554 -0.296553 -0.038426
  166 -0.000000 6.134695 -0.000000 0.367534 -0.004721 0.048261
  167 -0.000001 5.142239 -0.000000 0.271756 0.000042 -0.073620
  168 -0.057232 4.862754 0.030675 0.177554 -0.296553 -0.038426
  169 -0.000001 6.134697 -0.000000 0.367534 -0.004721 0.048261
  170 -0.000001 5.142239 -0.000000 0.271756 0.000042 -0.073620
  171 -0.057229 4.862752 0.030679 0.177554 -0.296553 -0.038426
  172 -0.000001 0.000001 -0.000000 -0.000000 0.000000 0.000000
  173 -0.000001 0.000001 -0.000000 -0.000000 0.000000 0.000000
  174 -0.057232 4.862754 0.030675 0.177554 -0.296552 -0.038425
  175 0.000000 0.000000 0.000000 -0.000000 -0.000001 -0.000001
  176 -0.000001 6.134697 -0.000004 0.367533 -0.004721 0.048261
  177 0.000000 0.000000 0.000000 -0.000000 -0.000000 -0.000001
  178 -0.000003 5.142240 0.000001 0.271757 0.000043 -0.073619
  179 0.000000 0.000000 0.000000 -0.000000 -0.000001 -0.000000
  180 -0.000001 9.920088 -0.000001 -3.141593 0.323204 0.000000
  181 0.000000 0.000000 0.000000 -0.000000 0.000000 0.000000
  182 -0.000001 -0.000003 -0.000002 0.000000 0.000000 0.000000
  183 -0.057232 4.862754 0.030675 0.177554 -0.296553 -0.038426
  184 -0.000001 0.000001 -0.000000 -0.000000 0.000000 0.000000
  185 1.229532 0.555889 1.288362 -0.746847 0.623235 -0.695221
  186 -0.199195 5.669796 -0.023613 0.207022 -0.080209 -0.208698
  187 0.000001 5.046765 -0.000001 0.419271 0.005800 -0.038570
  188 -0.000001 4.876217 -0.000001 0.384411 -0.002099 0.057280
  189 -0.199195 5.669796 -0.023613 0.207022 -0.080209 -0.208698
  190 0.000001 5.046765 -0.000001 0.419271 0.005800 -0.038570
  191 -0.000001 4.876217 -0.000001 0.384411 -0.002099 0.057280
  192 -0.199196 5.669796 -0.023614 0.207022 -0.080208 -0.208698
  193 0.000000 0.000000 0.000000 -0.000000 -0.000000 -0.000000
  194 0.000000 0.000000 0.000000 -0.000000 -0.000000 -0.000000
  195 -0.199195 5.669796 -0.023613 0.207022 -0.080208 -0.208698
  196 0.000000 0.000000 0.000000 -0.000000 0.000000 -0.000000
  197 0.000000 5.046763 0.000002 0.419273 0.005799 -0.038570
  198 0.000000 0.000000 0.000000 0.000000 0.000000 0.000000
  199 0.000002 4.876216 -0.000005 0.384410 -0.002099 0.057281
  200 0.000000 0.000000 0.000000 0.000000 -0.000001 -0.000000
  201 0.000002 10.336267 0.000003 -3.141593 -0.095607 -0.000001
  202 -0.000001 0.000000 -0.000000 0.000000 0.000000 -0.000000
  203 0.000000 0.000000 0.000000 -0.000001 -0.000000 -0.000000
  204 -0.199195 5.669796 -0.023613 0.207022 -0.080209 -0.208698
  205 0.000000 0.000000 0.000000 -0.000000 -0.000000 -0.000000
  206 2.510273 0.335971 0.022935 -0.704386 0.728957 -0.808876
  207 -0.329049 4.132831 -0.120313 0.204093 -0.003080 -0.542466
  208 -0.000001 4.945986 -0.000000 0.380595 0.001325 -0.011933
  209 -0.000000 6.128854 0.000000 0.428966 -0.001326 0.020281
  210 -0.329049 4.132831 -0.120313 0.204093 -0.003080 -0.542466
  211 -0.000001 4.945986 -0.000000 0.380595 0.001325 -0.011933
  212 -0.000000 6.128854 0.000000 0.428966 -0.001326 0.020281
  213 -0.329050 4.132833 -0.120311 0.204092 -0.003080 -0.542466
  214 -0.000000 0.000000 -0.000000 0.000000 -0.000000 0.000000
  215 -0.000000 0.000000 -0.000000 0.000000 -0.000000 0.000000
  216 -0.329049 4.132831 -0.120313 0.204093 -0.003081 -0.542467
  217 0.000000 0.000000 0.000000 -0.000000 0.000001 0.000001
  218 -0.000001 4.945987 0.000000 0.380596 0.001324 -0.011934
  219 0.000000 0.000000 0.000000 -0.000000 0.000001 0.000001
  220 0.000000 6.128854 -0.000003 0.428965 -0.001326 0.020280
  221 0.000000 0.000000 0.000000 0.000000 0.000000 0.000000
  222 -0.000001 8.781746 0.000007 -3.141593 -0.488191 0.000000
  223 0.000000 0.000000 0.000000 0.000001 -0.000000 0.000000
  224 -0.000001 -0.000005 0.000005 -0.000000 0.000000 -0.000000
  225 -0.329049 4.132831 -0.120313 0.204093 -0.003080 -0.542466
  226 -0.000000 0.000000 -0.000000 0.000000 -0.000000 0.000000
  227 0.777028 1.281750 1.958794 0.196515 0.598662 0.924076
  228 0.301493 4.344508 -0.041636 0.213321 0.019605 0.282979
  229 0.000000 4.879315 -0.000000 0.392135 0.004531 -0.036921
  230 0.000001 5.043319 -0.000001 0.336640 -0.001208 0.055324
  231 0.301493 4.344508 -0.041636 0.213321 0.019605 0.282979
  232 0.000000 4.879315 -0.000000 0.392135 0.004531 -0.036921
  233 0.000001 5.043319 -0.000001 0.336640 -0.001208 0.055324
  234 0.301486 4.344509 -0.041633 0.213321 0.019605 0.282979
  235 0.000000 0.000000 0.000000 -0.000000 -0.000000 -0.000000
  236 0.301493 4.344508 -0.041636 0.213321 0.019605 0.282979
  237 0.000000 0.000000 0.000000 0.000000 0.000001 0.000001
  238 0.000001 4.879314 0.000001 0.392135 0.004531 -0.036922
  239 0.000000 0.000000 0.000000 0.000000 0.000000 0.000000
  240 0.000000 5.043319 -0.000001 0.336640 -0.001208 0.055324
  241 0.000000 0.000000 0.000000 0.000000 0.000000 0.000000
  242 -0.000001 10.325292 -0.000001 3.141592 -0.093079 -0.000000
  243 0.000000 0.000000 0.000000 0.000000 -0.000000 0.000000
  244 -0.000003 0.000002 0.000000 -0.000000 0.000000 -0.000000
  245 0.301493 4.344508 -0.041636 0.213321 0.019605 0.282979
  246 0.986054 0.947621 1.368038 0.166521 0.766158 0.595878
  247 0.196374 5.358352 -0.027318 0.036912 -0.459751 0.204801
  248 0.000000 4.968779 0.000000 0.372075 0.003073 -0.030015
  249 -0.000001 5.803463 -0.000002 0.357509 -0.001678 0.049315
  250 0.196374 5.358352 -0.027318 0.036912 -0.459751 0.204801
  251 0.000000 4.968779 0.000000 0.372075 0.003073 -0.030015
  252 -0.000001 5.803463 -0.000002 0.357509 -0.001678 0.049315
  253 0.196365 5.358350 -0.027319 0.036912 -0.459751 0.204801
  254 0.000000 0.000000 0.000000 0.000000 -0.000000 0.000000
  255 0.196374 5.358352 -0.027318 0.036912 -0.459751 0.204801
  256 0.000000 0.000000 0.000000 -0.000000 -0.000000 -0.000000
  257 -0.000000 4.968779 -0.000000 0.372075 0.003073 -0.030015
  258 0.000000 0.000000 0.000000 -0.000000 -0.000000 -0.000000
  259 -0.000002 5.803463 0.000001 0.357510 -0.001678 0.049316
  260 0.000000 0.000000 0.000000 0.000000 -0.000000 0.000000
  261 0.000000 9.111457 -0.000001 3.141592 0.806825 -0.000001
  262 0.000000 0.000000 0.000000 -0.000000 -0.000000 0.000000
  263 -0.000003 -0.000001 -0.000003 0.000000 0.000000 0.000000
  264 0.196374 5.358352 -0.027318 0.036912 -0.459751 0.204801
  265 2.510272 0.335973 0.022935 -0.704386 0.728957 -0.808876
  266 2.510272 0.335973 0.022935 -0.704386 0.728957 -0.808876
  267 2.510272 0.335973 0.022935 -0.704386 0.728957 -0.808876
  268 -0.904460 6.782036 3.867490 -2.533084 0.990992 -0.740450
  269 -0.010191 19.450806 -0.828329 0.718452 -0.658085 -0.551393
  270 -0.000001 19.640293 0.000007 1.043847 -0.000000 -0.000000
  271 -0.000006 24.846094 0.000003 0.618540 0.513339 -0.059134
  272 0.000000 0.000000 0.000000 -0.000000 -0.000001 -0.000001
  273 0.000000 0.000000 0.000000 0.000000 0.000001 0.000001
  274 -0.000003 0.000002 0.000000 -0.000000 0.000000 0.000000
  275 0.000000 0.000000 0.000000 0.000000 0.000000 -0.000000
  276 -0.000010 12.423043 0.000001 0.000000 0.241702 -0.000000
  277 0.000000 0.000000 0.000000 -0.000001 -0.001371 0.000001
  278 0.000000 0.000000 0.000000 -0.000000 0.000000 0.000000
  279 -0.000007 9.820144 -0.000000 0.000000 -0.193744 -0.000000
  280 0.000000 0.000000 0.000000 -0.000000 0.000000 0.000000
  281 0.000000 0.000002 0.000000 0.000000 -0.000000 -0.000000
  282 -0.010190 19.450800 -0.828331 -1.068311 0.458283 -0.722012
  283 -0.010190 19.450800 -0.828331 0.041386 0.124298 -1.319062
  284 -0.000001 0.000001 0.000000 -1.332781 -0.484537 2.373637
  285 0.000000 20.126827 0.000001 0.277335 -0.000000 0.000000
  286 0.000000 25.356464 0.000002 0.198412 0.005445 -0.027073
  287 0.000000 0.000000 0.000000 -0.000000 -0.000000 -0.000000
  288 -0.000001 0.000001 0.000000 1.045918 -0.644909 1.039258
  289 -0.000003 0.000004 -0.000002 -0.589123 -0.149768 -0.000000
  290 0.000002 19.640284 0.000008 1.043847 -0.000000 0.000000
  291 -0.010191 19.450806 -0.828329 0.991446 -0.899106 -0.934942
  292 0.000000 0.000000 0.000000 -0.000000 0.000000 0.000000
  293 -0.010191 19.450806 -0.828329 0.991445 -0.899106 -0.934941
  294 -0.000000 9.820141 -0.000000 0.000000 0.167884 -0.000001
  295 -0.000001 9.820147 0.000004 1.043846 0.193744 0.000001
  296 -0.000004 12.423038 -0.000007 0.000000 0.240330 -0.000001
  297 0.000002 12.423052 0.000005 0.633150 0.273385 -0.053493
  298 -0.838793 0.695169 1.002013 -0.146528 -0.831651 -0.111056
  299 -0.141681 5.941278 0.005523 0.057776 0.287169 -0.072685
  300 -0.000000 5.184041 0.000001 0.778219 0.003807 -0.022168
  301 0.000004 5.576731 -0.000007 0.655183 -0.000643 0.036172
  302 -0.141681 5.941278 0.005523 0.057776 0.287169 -0.072685
  303 -0.000000 5.184041 0.000001 0.778219 0.003807 -0.022168
  304 0.000004 5.576731 -0.000007 0.655183 -0.000643 0.036172
  305 -0.141679 5.941286 0.005525 0.057776 0.287169 -0.072685
  306 0.000000 0.000000 0.000000 0.000000 0.000000 0.000000
  307 -0.141681 5.941278 0.005523 0.057776 0.287169 -0.072685
  308 0.000000 0.000000 0.000000 0.000000 0.000000 0.000000
  309 -0.000001 5.184039 0.000003 0.778220 0.003806 -0.022168
  310 0.000000 0.000000 0.000000 0.000000 0.000000 0.000000
  311 0.000002 5.576727 -0.000005 0.655182 -0.000643 0.036172
  312 0.000000 0.000000 0.000000 0.000000 0.000000 0.000000
  313 -0.000000 9.158424 0.000003 3.141593 -0.324016 0.000000
  314 0.000000 -0.000002 0.000000 0.000000 -0.000000 0.000000
  315 -0.000001 -0.000004 0.000007 -0.000001 0.000000 -0.000000
  316 -0.141681 5.941278 0.005523 0.057776 0.287169 -0.072685
  317 -0.208214 1.308902 0.886644 -0.521836 -0.710749 0.438946
  318 0.099223 4.796336 0.058015 0.177554 0.296553 0.038425
  319 -0.000000 6.134696 -0.000002 0.595868 0.004721 -0.048259
  320 0.000000 5.142238 -0.000001 0.500089 -0.000043 0.073620
  321 0.099223 4.796336 0.058015 0.177554 0.296553 0.038425
  322 -0.000000 6.134696 -0.000002 0.595868 0.004721 -0.048259
  323 0.000000 5.142236 -0.000002 0.500089 -0.000043 0.073620
  324 0.099220 4.796339 0.058016 0.177555 0.296553 0.038426
  325 0.000000 0.000000 0.000000 -0.000000 0.000000 0.000000
  326 0.000000 0.000000 0.000000 -0.000000 0.000000 0.000000
  327 0.099223 4.796336 0.058015 0.177554 0.296552 0.038425
  328 0.000000 0.000000 0.000000 -0.000000 0.000001 0.000001
  329 0.000005 6.134696 -0.000002 0.595867 0.004721 -0.048261
  330 0.000000 0.000000 0.000000 0.000000 0.000000 0.000001
  331 -0.000001 5.142238 0.000003 0.500090 -0.000043 0.073618
  332 0.000000 0.000000 0.000000 -0.000000 0.000001 0.000001
  333 -0.000003 9.920089 -0.000004 -3.141593 -0.323204 -0.000000
  334 -0.000001 -0.000003 0.000008 -0.000000 0.000000 0.000000
  335 -0.000004 -0.000006 0.000004 0.000001 0.000000 0.000000
  336 0.099223 4.796336 0.058015 0.177554 0.296553 0.038425
  337 0.000000 0.000000 0.000000 -0.000000 0.000000 0.000000
  338 -1.229525 0.555892 1.288360 -0.746848 -0.623235 0.695222
  339 0.442030 5.525079 -0.051391 0.207021 0.080209 0.208698
  340 0.000002 5.046763 -0.000000 0.757393 -0.005799 0.038569
  341 -0.000000 4.876215 -0.000001 0.722532 0.002098 -0.057278
  342 0.442030 5.525079 -0.051391 0.207021 0.080209 0.208698
  343 0.000002 5.046763 -0.000000 0.757393 -0.005799 0.038569
  344 -0.000000 4.876215 -0.000001 0.722532 0.002098 -0.057278
  345 0.442032 5.525076 -0.051392 0.207022 0.080209 0.208698
  346 0.000000 0.000000 0.000000 0.000000 -0.000000 0.000000
  347 0.000000 0.000000 0.000000 0.000000 -0.000000 0.000000
  348 0.442030 5.525079 -0.051391 0.207022 0.080209 0.208698
  349 0.000000 0.000000 0.000000 0.000000 -0.000000 0.000000
  350 -0.000001 5.046766 -0.000002 0.757394 -0.005800 0.038570
  351 0.000000 0.000000 0.000000 -0.000000 -0.000000 -0.000000
  352 0.000005 4.876216 -0.000004 0.722530 0.002099 -0.057281
  353 0.000000 0.000000 0.000000 0.000000 0.000001 0.000001
  354 -0.000007 10.336268 0.000004 -3.141593 0.095607 0.000001
  355 0.000002 -0.000002 0.000003 0.000000 -0.000000 0.000001
  356 -0.000006 -0.000001 0.000004 -0.000001 -0.000000 -0.000001
  357 0.442030 5.525079 -0.051391 0.207021 0.080209 0.208698
  358 0.000000 0.000000 0.000000 0.000000 -0.000000 0.000000
  359 -2.510269 0.335971 0.022940 -0.704386 -0.728957 0.808875
  360 0.601407 4.092696 -0.219640 0.204093 0.003080 0.542466
  361 0.000000 4.945987 0.000000 0.608928 -0.001325 0.011933
  362 -0.000001 6.128852 -0.000002 0.657297 0.001326 -0.020281
  363 0.601407 4.092696 -0.219640 0.204093 0.003080 0.542466
  364 0.000000 4.945987 0.000000 0.608928 -0.001325 0.011933
  365 -0.000001 6.128852 -0.000002 0.657297 0.001326 -0.020281
  366 0.601422 4.092708 -0.219636 0.204093 0.003080 0.542466
  367 0.000000 0.000000 0.000000 0.000000 0.000000 -0.000000
  368 0.000000 0.000000 0.000000 0.000000 0.000000 -0.000000
  369 0.601407 4.092696 -0.219640 0.204093 0.003080 0.542467
  370 0.000000 0.000000 0.000000 -0.000000 -0.000001 -0.000001
  371 0.000000 4.945987 0.000000 0.608929 -0.001324 0.011934
  372 0.000000 0.000000 0.000000 -0.000000 -0.000001 -0.000001
  373 -0.000003 6.128852 -0.000000 0.657298 0.001326 -0.020280
  374 0.000000 0.000000 0.000000 0.000000 -0.000000 -0.000000
  375 -0.000000 8.781749 -0.000005 3.141592 0.488190 -0.000000
  376 0.000001 -0.000001 0.000003 -0.000001 0.000000 -0.000000
  377 -0.000007 0.000001 0.000004 -0.000000 -0.000000 0.000001
  378 0.601407 4.092696 -0.219640 0.204093 0.003080 0.542466
  379 0.000000 0.000000 0.000000 0.000000 0.000000 -0.000000
  380 -0.777024 1.281748 1.958794 0.196515 -0.598662 -0.924076
  381 -0.682421 4.153102 -0.094289 0.213321 -0.019605 -0.282979
  382 0.000000 4.879317 0.000002 0.730258 -0.004530 0.036920
  383 0.000001 5.043318 -0.000001 0.674761 0.001208 -0.055323
  384 -0.682421 4.153102 -0.094289 0.213321 -0.019605 -0.282979
  385 0.000000 4.879317 0.000002 0.730258 -0.004530 0.036920
  386 0.000001 5.043318 -0.000001 0.674761 0.001208 -0.055323
  387 -0.682418 4.153104 -0.094285 0.213321 -0.019605 -0.282979
  388 0.000000 0.000000 0.000000 0.000000 0.000000 0.000000
  389 -0.682421 4.153102 -0.094289 0.213321 -0.019605 -0.282979
  390 0.000000 0.000000 0.000000 -0.000000 -0.000000 -0.000001
  391 -0.000002 4.879316 0.000000 0.730257 -0.004531 0.036922
  392 0.000000 0.000000 0.000000 0.000000 -0.000000 -0.000000
  393 0.000005 5.043318 0.000003 0.674762 0.001208 -0.055324
  394 0.000000 0.000000 0.000000 -0.000000 -0.000000 -0.000000
  395 -0.000002 10.325291 -0.000006 3.141593 0.093079 0.000000
  396 0.000000 0.000000 0.000000 -0.000000 -0.000000 0.000000
  397 0.000000 0.000000 0.000000 0.000001 -0.000000 -0.000001
  398 -0.682421 4.153102 -0.094289 0.213321 -0.019605 -0.282979
  399 -0.986049 0.947618 1.368042 0.166521 -0.766158 -0.595879
  400 -0.367381 5.245804 -0.049616 0.036912 0.459751 -0.204801
  401 0.000002 4.968770 0.000003 0.600408 -0.003073 0.030016
  402 -0.000001 5.803464 0.000000 0.585842 0.001678 -0.049315
  403 -0.367381 5.245804 -0.049616 0.036912 0.459751 -0.204801
  404 0.000002 4.968770 0.000003 0.600408 -0.003073 0.030016
  405 -0.000001 5.803464 0.000000 0.585842 0.001678 -0.049315
  406 -0.367382 5.245811 -0.049617 0.036912 0.459751 -0.204801
  407 0.000000 0.000000 0.000000 0.000000 0.000000 0.000000
  408 -0.367381 5.245804 -0.049616 0.036912 0.459751 -0.204801
  409 0.000000 0.000000 0.000000 -0.000000 0.000000 0.000000
  410 0.000001 4.968776 0.000001 0.600408 -0.003073 0.030015
  411 0.000000 0.000000 0.000000 -0.000000 0.000000 0.000000
  412 0.000002 5.803464 0.000004 0.585843 0.001678 -0.049316
  413 0.000000 0.000000 0.000000 0.000000 -0.000000 -0.000000
  414 -0.000001 9.111453 -0.000006 3.141592 -0.806826 0.000001
  415 0.000000 0.000000 0.000000 -0.000001 -0.000000 0.000000
  416 0.000002 -0.000004 0.000006 0.000001 0.000000 -0.000000
  417 -0.367381 5.245804 -0.049616 0.036912 0.459751 -0.204801
  418 -2.510269 0.335971 0.022940 -0.704386 -0.728957 0.808876
  419 -2.510269 0.335971 0.022940 -0.704386 -0.728957 0.808876
  420 -2.510269 0.335971 0.022940 -0.704386 -0.728957 0.808876
  421 8.463114 -0.489839 -2.120325 1.542233 -0.000000 3.141592
  422 0.000000 -0.000001 -0.000000 -0.000000 0.000000 -0.000000
  423 -8.463116 -0.489834 -2.120323 1.542233 -0.000000 3.141593
  424 -0.000000 -0.000001 -0.000000 -0.000000 0.000000 -0.000000
  425 8.463114 -0.489839 -2.120325 1.542233 -0.000000 3.141592
  426 -8.463115 -0.489834 -2.120324 1.542233 -0.000000 3.141593
  427 0.904462 6.782039 3.867489 0.266795 -2.034703 -2.007110
  428 -0.904460 6.782043 3.867488 -2.533084 0.990992 -0.740450
  429 -0.000000 -0.000000 -0.000000 0.000000 0.000000 -0.000000
  430 -2.384858 45.420403 15.540361 0.000000 -0.000000 1.570796
  431 -48.626259 -27.268600 16.751783 2.884074 -0.375448 -1.161252
  432 -0.000002 -0.000001 -0.000001 -0.000000 0.000000 0.000000
  433 -15.495470 29.949900 6.793896 -0.112055 -0.074794 0.732505
  434 41.192432 -4.276848 41.909229 0.636717 0.964785 -2.018134
  435 -2.384865 -45.420403 15.540361 0.000000 -0.000000 1.570796
  436 11.383333 32.658688 50.494148 1.747339 -0.484767 0.601736
  437 -0.000005 0.000003 0.000001 0.000000 -0.000000 -0.000000
  438 -21.516441 25.257137 6.516600 -0.094962 -0.089988 0.626092
  439 -30.631687 -0.241080 11.843948 0.636716 -0.964784 2.018134
  440 -0.483101 8.250682 -13.900933 0.000000 -0.000000 1.570796
  441 3.032706 -11.944560 -0.494026 -0.018237 0.008961 0.214605
  442 0.000002 -6.475162 -8.877784 -0.000000 -0.000000 0.000000
  443 -0.000002 6.475162 8.877784 -0.000000 -0.000000 0.000000
  444 -1.878120 12.014874 -0.599894 0.000000 -0.000000 0.000000
  445 3.953936 0.000001 -0.000001 -0.000000 0.000000 0.000000
  446 -1.976967 -0.000000 -0.000004 -0.000000 0.000000 0.000000
  447 -0.098849 -12.014870 0.599884 0.000000 0.000000 -0.000000
  448 -0.000001 6.475162 8.877783 -2.200961 0.000249 0.000341
  449 -0.000001 0.000003 0.000000 -0.000000 -0.000000 -0.000000
  450 -0.000000 10.988303 0.000001 2.200961 0.000422 -0.000000
  451 0.000000 0.000000 0.000000 -0.060252 -0.000000 3.141593
  452 39.051071 2.552445 -2.668692 -0.051961 -0.032240 1.400371
  453 1.961086 -0.448855 0.257713 -0.003598 0.000000 -0.000000
  454 -0.483102 -8.250682 -13.900933 0.000000 -0.000000 1.570796
  455 -0.000002 15.243830 0.000000 0.000000 -0.000000 -0.000000
  456 0.000001 -6.475164 -8.877784 0.000000 -0.000000 -0.000000
  457 -0.000001 6.475164 8.877784 0.000000 -0.000000 -0.000000
  458 1.878116 12.014875 -0.599895 0.000000 -0.000000 -0.000000
  459 -3.953931 -0.000001 0.000000 0.000000 -0.000000 -0.000000
  460 1.976967 0.000000 0.000000 0.000000 -0.000000 -0.000000
  461 0.098851 -12.014874 0.599886 0.000000 -0.000000 -0.000000
  462 -0.000001 6.475165 8.877784 -2.200961 -0.000249 -0.000341
  463 0.000001 0.000001 -0.000000 -0.000000 -0.000000 -0.000000
  464 0.000000 10.988303 0.000000 2.200961 -0.000422 0.000000
  465 0.000000 0.000000 0.000000 -0.060252 0.000000 -3.141593
  466 36.253868 -13.701405 -3.200605 -0.051961 -0.032240 1.400371
  467 -5.924029 1.355898 -0.778501 -0.003598 0.000000 -0.000000
  time 3
  0 0.000000 0.000000 -23.603888 0.000000 -0.000000 1.570796
  1 0.965540 1.972072 39.709152 1.628612 -0.058219 -0.226821
  2 0.000000 10.999711 -0.000000 -0.049975 -0.001455 -0.029586
  3 0.000001 6.753160 0.000000 0.064969 0.139831 -0.018972
  4 0.000000 8.544816 0.000000 0.226131 -0.032977 0.003459
  5 -0.000001 9.518043 -0.000001 -0.200891 0.058106 -0.016938
  6 -0.000000 3.039633 -0.000000 0.198451 -0.216118 -0.043097
  7 -0.000000 3.098971 -0.000000 -0.462959 -0.087843 0.274308
  8 19.672075 -16.397711 52.854275 -2.804509 -0.036276 1.737566
  9 -28.866308 21.200609 70.259888 -1.783653 -0.716242 1.908987
  10 8.330276 -14.332120 24.724142 3.133415 -0.217914 -0.216153
  11 -9.092596 9.586126 20.903147 3.109927 -0.263434 -0.255311
  12 -1.789155 0.000000 28.175615 0.000000 -0.000000 1.570796
  13 -0.000000 0.000001 -6.603218 -0.120400 -0.000000 0.000000
  14 0.000000 -1.769384 12.121016 0.003591 -0.030805 -0.232049
  15 0.000001 -1.769386 12.121015 0.446014 0.002717 -0.120261
  16 0.000000 -1.769384 12.121016 0.000901 -0.015507 -0.115997
  17 -0.000000 -0.000001 -0.000000 1.694062 0.000000 0.000000
  18 0.000001 -6.753159 0.000001 -1.695751 -0.113180 0.029812
  19 -0.000000 0.000000 0.000000 1.742380 -0.000000 -0.000000
  20 -0.000001 -10.999710 0.000003 -0.000000 0.000000 -0.000000
  21 -0.000000 0.000000 0.000000 -0.000000 0.000000 -0.000000
  22 0.000000 0.000000 0.000000 -1.341552 -1.993774 0.192913
  23 -0.000000 -0.000002 0.000001 -0.000000 0.000000 -0.000000
  24 0.000000 0.000000 0.000000 -1.341552 1.993774 -0.192913
  25 0.000000 -0.000002 0.000001 -0.000000 -0.000000 -0.000000
  26 8.250677 -0.215595 2.184239 2.417807 0.016005 0.102464
  27 -0.000002 19.517370 0.000002 0.810618 -0.000001 -0.000000
  28 -0.000001 15.883080 0.000000 -0.805562 -0.402766 0.233636
  29 -0.000093 10.986341 -0.000710 0.880380 -3.141171 0.000000
  30 -1.873869 4.392864 10.061481 -0.000523 0.630166 -1.571105
  31 0.000000 0.000002 0.000002 -0.000000 0.000000 0.000000
  32 0.000000 0.000000 0.000000 0.000000 -0.000000 -0.000000
  33 0.000000 0.000000 0.000000 -0.000000 0.000000 0.000000
  34 0.000000 0.000000 0.000000 -0.000000 -0.000000 -0.000000
  35 -0.000001 7.941543 -0.000000 -0.000000 -0.237823 0.000000
  36 0.000000 0.000000 0.000000 -0.000000 0.000205 -0.000000
  37 -0.000000 -0.000005 -0.000000 0.000000 -0.000000 -0.000000
  38 -0.000000 9.758684 0.000000 0.000000 -0.017858 -0.000000
  39 0.000000 0.000001 -0.000001 -0.000000 0.000000 -0.000000
  40 -8.250679 -0.215602 2.184242 -2.816207 -0.056619 -0.253556
  41 0.000000 19.697334 0.000001 0.406288 0.000000 -0.000000
  42 -0.000002 16.064596 -0.000001 -1.445401 -0.328571 0.054951
  43 0.000095 10.986052 -0.006480 0.880380 3.141171 -0.000000
  44 1.873868 4.392864 10.061478 0.000523 2.511427 1.571105
  45 -0.000000 0.000000 0.000005 -0.000000 0.000000 -0.000000
  46 0.000000 0.000000 0.000000 0.000000 -0.000000 0.000000
  47 0.000000 0.000002 -0.000001 -0.000000 -0.000000 0.000000
  48 0.000000 0.000000 0.000000 -0.000000 0.000000 0.000000
  49 -0.000001 8.032302 -0.000001 0.000000 -0.160953 -0.000000
  50 0.000000 0.000000 0.000000 -0.000000 -0.000204 0.000000
  51 0.000001 -0.000001 -0.000002 -0.000000 0.000000 0.000000
  52 -0.000000 9.848668 -0.000001 -0.000000 -0.035542 0.000000
  53 0.000000 0.000000 0.000000 -0.000000 -0.000000 -0.000000
  54 8.250679 -0.215595 2.184238 2.903292 0.000001 0.000000
  55 8.250679 -0.215595 2.184238 -1.742380 0.000000 -0.000000
  56 0.000000 -0.000000 -0.000000 -1.637514 0.000000 -0.000000
  57 0.000000 19.896324 0.000001 0.140363 -0.000000 -0.000000
  58 -0.000000 16.264103 -0.000001 -0.703810 -0.000322 0.000273
  59 0.000000 0.000000 0.000000 -0.000000 0.000000 0.000000
  60 0.000002 10.988299 -0.000000 0.880380 -3.141170 0.000000
  61 0.000000 0.000000 0.000000 0.000000 -0.000000 0.000000
  62 0.000000 -0.000000 -0.000000 -1.763644 -0.101422 0.010002
  63 -0.000002 -0.000000 -0.000000 -0.361286 0.011862 -0.000000
  64 -0.000001 19.517368 0.000003 0.810618 -0.000001 -0.000000
  65 8.250677 -0.215595 2.184239 2.417152 0.041676 0.079754
  66 -0.000000 -0.000000 0.000000 -0.000000 -0.000000 -0.000000
  67 8.250677 -0.215595 2.184238 2.417152 0.041676 0.079754
  68 -0.000002 9.758683 -0.000001 0.000000 0.016411 0.000000
  69 0.000001 9.758681 0.000000 0.810618 0.017857 0.000000
  70 -0.000002 7.941538 -0.000002 -0.000000 -0.237619 0.000000
  71 -0.000001 7.941544 -0.000000 -0.750296 -0.171109 0.217873
  72 -0.000000 10.986361 0.000000 0.880315 -3.141171 -0.000008
  73 -8.250679 -0.215595 2.184242 2.903292 0.000001 0.000000
  74 -8.250679 -0.215598 2.184242 -1.742380 0.000000 -0.000000
  75 0.000000 -0.000000 -0.000000 -1.637514 0.000000 0.000000
  76 0.000003 19.896322 0.000000 0.140363 0.000000 -0.000000
  77 0.000002 16.264105 -0.000000 -0.703810 0.000322 -0.000273
  78 -0.000000 -0.000000 0.000000 -0.000000 -0.000000 0.000000
  79 0.000000 10.988298 -0.000001 0.880380 3.141170 -0.000000
  80 0.000000 0.000000 0.000000 0.000000 0.000000 -0.000000
  81 -0.000000 -0.000000 -0.000004 -0.881939 0.194053 0.069409
  82 0.000001 -0.000000 0.000000 -0.182219 0.103807 0.000000
  83 0.000001 19.697330 -0.000000 0.406288 0.000000 -0.000000
  84 -8.250679 -0.215602 2.184242 -2.816730 0.010053 -0.231081
  85 0.000000 -0.000000 -0.000001 0.000000 -0.000000 0.000000
  86 -8.250678 -0.215602 2.184243 -2.816731 0.010053 -0.231081
  87 0.000003 9.848669 -0.000000 0.000000 0.034812 -0.000000
  88 -0.000000 9.848667 0.000002 0.406288 0.035543 0.000000
  89 0.000001 8.032293 -0.000000 0.000000 -0.161158 -0.000000
  90 0.000001 8.032302 0.000001 -1.437052 -0.167654 0.052747
  91 -0.000000 10.986073 0.000001 0.879789 3.141171 0.000008
  92 -0.000000 0.000000 0.000000 -0.048317 0.000000 -0.000000
  93 -0.000000 0.000000 0.000000 -0.000000 -0.000000 0.000000
  94 -0.000001 -10.999710 0.000003 -0.000000 0.000000 -0.000000
  95 0.000000 -1.769385 12.121016 0.223048 -0.005376 -0.060283
  96 0.000000 -0.000002 0.000000 1.538978 -0.000000 -0.000000
  97 -0.000000 -0.000000 -0.000000 0.043623 -0.026955 0.008805
  98 -0.000000 0.000000 0.000000 -0.155083 0.000001 0.000000
  99 0.000000 -0.000000 0.000000 0.000000 0.000000 0.000000
  100 0.000001 8.544818 0.000002 -1.316197 -0.060422 0.003463
  101 -0.000000 0.000000 -0.000000 1.542233 0.000000 -0.000000
  102 -0.000000 9.518043 -0.000002 -0.200891 0.058106 -0.016938
  103 -0.000000 3.039633 -0.000000 0.198451 -0.216118 -0.043097
  104 -0.000000 3.098971 -0.000000 -0.462959 -0.087843 0.274308
  105 -0.000000 9.518043 -0.000003 -1.765611 0.058106 -0.016938
  106 0.000000 -0.000000 0.000000 1.662547 0.000000 -0.000000
  107 -0.000000 6.109817 -0.000001 -1.886095 0.055653 -0.023796
  108 0.000000 -0.000001 -0.000000 1.527958 -0.134871 -0.452047
  109 0.000000 0.000000 0.000000 -0.097827 -0.000000 0.000000
  110 0.000000 0.000000 0.000000 0.000000 0.000000 0.000000
  111 -0.000000 3.025100 -0.296885 -0.043997 -0.225754 0.066706
  112 0.000000 0.000000 0.000000 0.095948 -0.000000 0.000000
  113 -0.000000 -0.000000 -0.000000 -0.000000 -0.000000 0.000000
  114 0.000000 -0.000000 -0.000000 -0.000000 -0.000000 0.000000
  115 0.904461 6.782037 3.867490 0.266796 -2.034703 -2.007110
  116 0.010183 19.450796 -0.828340 1.614519 2.565100 0.265871
  117 -0.000000 19.429447 -0.000001 1.470367 0.000000 0.000000
  118 -0.000009 24.591381 0.000007 -0.120910 2.861762 0.004977
  119 0.000000 0.000000 0.000000 -0.000000 0.000001 0.000001
  120 -0.000000 0.000000 0.000000 -0.000000 -0.000001 -0.000001
  121 -0.000001 0.000002 -0.000001 -0.000000 -0.000000 -0.000000
  122 -0.000001 -0.000002 -0.000000 0.000000 -0.000000 0.000000
  123 -0.000005 12.295691 0.000002 0.000001 1.429397 0.000001
  124 0.000000 0.000000 0.000000 -0.000001 0.001371 -0.000001
  125 0.000000 -0.000000 -0.000000 -0.000000 -0.000000 0.000000
  126 -0.000003 9.714725 -0.000002 0.000000 -0.911289 -0.000000
  127 0.000000 0.000000 0.000000 -0.000000 -0.000000 -0.000000
  128 -0.000000 0.000002 0.000000 0.000000 0.000000 -0.000000
  129 0.010189 19.450798 -0.828332 -1.068311 -0.458283 0.722012
  130 0.010188 19.450798 -0.828340 0.041386 -0.124298 1.319061
  131 -0.000000 0.000001 0.000000 -1.332781 0.484537 -2.373637
  132 -0.000003 20.126820 0.000003 0.277335 0.000000 -0.000000
  133 0.000001 25.356466 -0.000000 0.198412 -0.005445 0.027074
  134 0.000000 0.000000 0.000000 -0.000000 0.000000 0.000000
  135 -0.000000 0.000001 0.000000 -0.673623 -0.796193 2.983432
  136 0.000004 0.000000 -0.000004 -0.840811 1.532891 0.000008
  137 0.000002 19.429436 0.000003 1.470367 0.000001 0.000000
  138 0.010183 19.450796 -0.828340 -0.994040 -0.039618 -1.324207
  139 0.000000 0.000000 0.000000 -0.000000 -0.000000 -0.000000
  140 0.010183 19.450796 -0.828340 -0.994040 -0.039618 -1.324206
  141 -0.000001 9.714715 0.000002 -0.000001 0.664946 -0.000000
  142 0.000003 9.714722 -0.000002 1.470367 0.911289 -0.000000
  143 -0.000000 12.295691 -0.000000 0.000001 1.430769 0.000001
  144 -0.000002 12.295684 0.000001 -0.156263 1.430909 -0.034314
  145 0.838800 0.695164 1.002015 -0.146529 0.831651 0.111056
  146 0.058816 6.113802 0.001891 0.057776 -0.287169 0.072685
  147 0.000000 5.184051 -0.000000 0.432709 -0.003806 0.022166
  148 -0.000001 5.576722 -0.000000 0.309671 0.000643 -0.036171
  149 0.058816 6.113802 0.001891 0.057776 -0.287169 0.072685
  150 0.000000 5.184051 -0.000000 0.432709 -0.003806 0.022166
  151 -0.000001 5.576722 -0.000000 0.309671 0.000643 -0.036171
  152 0.058815 6.113803 0.001888 0.057776 -0.287169 0.072685
  153 -0.000000 0.000000 0.000000 -0.000000 -0.000000 -0.000000
  154 0.058816 6.113802 0.001891 0.057776 -0.287169 0.072685
  155 0.000000 0.000000 0.000000 0.000000 -0.000000 -0.000000
  156 -0.000003 5.184051 0.000001 0.432709 -0.003807 0.022168
  157 0.000000 0.000000 0.000000 0.000000 -0.000001 -0.000000
  158 0.000002 5.576723 -0.000002 0.309671 0.000643 -0.036172
  159 0.000000 0.000000 0.000000 0.000000 -0.000000 -0.000000
  160 -0.000005 9.158421 0.000002 3.141593 0.324016 -0.000000
  161 0.000000 0.000000 0.000000 0.000000 -0.000000 0.000001
  162 -0.000008 -0.000001 0.000001 -0.000000 0.000000 -0.000000
  163 0.058816 6.113802 0.001891 0.057776 -0.287169 0.072685
  164 0.208220 1.308909 0.886648 -0.521836 0.710749 -0.438946
  165 -0.055654 4.864913 0.029838 0.177555 -0.296553 -0.038425
  166 0.000000 6.134690 0.000000 0.360144 -0.004721 0.048259
  167 0.000000 5.142241 0.000001 0.264369 0.000042 -0.073618
  168 -0.055654 4.864913 0.029838 0.177555 -0.296553 -0.038425
  169 0.000000 6.134690 0.000000 0.360144 -0.004721 0.048259
  170 0.000000 5.142241 0.000001 0.264369 0.000042 -0.073618
  171 -0.055656 4.864917 0.029838 0.177555 -0.296553 -0.038426
  172 -0.000001 0.000001 -0.000000 -0.000000 0.000000 -0.000000
  173 -0.000001 0.000001 -0.000000 -0.000000 0.000000 -0.000000
  174 -0.055654 4.864913 0.029838 0.177554 -0.296552 -0.038425
  175 0.000000 0.000000 0.000000 -0.000000 -0.000001 -0.000001
  176 -0.000003 6.134691 0.000000 0.360145 -0.004721 0.048261
  177 0.000000 0.000000 0.000000 -0.000000 -0.000001 -0.000001
  178 0.000004 5.142240 -0.000004 0.264368 0.000043 -0.073619
  179 0.000000 0.000000 0.000000 -0.000000 -0.000001 -0.000001
  180 -0.000005 9.920083 0.000002 -3.141593 0.323205 0.000000
  181 0.000001 0.000001 0.000001 0.000000 0.000000 0.000001
  182 -0.000001 -0.000003 -0.000002 -0.000001 -0.000000 -0.000001
  183 -0.055654 4.864913 0.029838 0.177555 -0.296553 -0.038425
  184 -0.000001 0.000001 -0.000000 -0.000000 0.000000 -0.000000
  185 1.229525 0.555885 1.288370 -0.746848 0.623235 -0.695221
  186 -0.193748 5.672988 -0.022961 0.207022 -0.080209 -0.208698
  187 0.000001 5.046765 0.000000 0.411884 0.005800 -0.038570
  188 -0.000004 4.876210 0.000005 0.377020 -0.002099 0.057279
  189 -0.193748 5.672988 -0.022961 0.207022 -0.080209 -0.208698
  190 0.000001 5.046765 0.000000 0.411883 0.005800 -0.038570
  191 -0.000004 4.876210 0.000006 0.377020 -0.002099 0.057279
  192 -0.193746 5.672995 -0.022968 0.207022 -0.080209 -0.208698
  193 0.000000 0.000000 0.000000 0.000000 -0.000000 -0.000000
  194 0.000000 0.000000 0.000000 0.000000 -0.000000 -0.000000
  195 -0.193748 5.672988 -0.022961 0.207022 -0.080209 -0.208698
  196 0.000000 0.000000 0.000000 -0.000000 0.000000 0.000000
  197 0.000000 5.046764 0.000002 0.411884 0.005799 -0.038570
  198 0.000000 0.000000 0.000000 -0.000000 0.000000 0.000000
  199 -0.000000 4.876214 0.000002 0.377020 -0.002099 0.057280
  200 0.000000 0.000000 0.000000 0.000000 -0.000001 -0.000000
  201 0.000004 10.336266 -0.000006 -3.141593 -0.095607 -0.000001
  202 0.000000 0.000000 0.000000 -0.000001 0.000000 -0.000001
  203 0.000000 0.000000 0.000000 0.000000 0.000000 -0.000000
  204 -0.193748 5.672988 -0.022961 0.207022 -0.080209 -0.208698
  205 0.000000 0.000000 0.000000 0.000000 -0.000000 -0.000000
  206 2.510273 0.335972 0.022944 -0.704387 0.728958 -0.808876
  207 -0.320049 4.134190 -0.117016 0.204093 -0.003080 -0.542466
  208 -0.000001 4.945986 -0.000001 0.373207 0.001324 -0.011933
  209 -0.000002 6.128845 0.000006 0.421576 -0.001326 0.020280
  210 -0.320049 4.134190 -0.117016 0.204093 -0.003080 -0.542466
  211 -0.000001 4.945986 -0.000001 0.373207 0.001324 -0.011933
  212 -0.000002 6.128845 0.000006 0.421576 -0.001326 0.020280
  213 -0.320049 4.134189 -0.117020 0.204092 -0.003080 -0.542466
  214 -0.000001 0.000000 -0.000000 0.000000 -0.000000 0.000000
  215 -0.000001 0.000000 -0.000000 0.000000 -0.000000 0.000000
  216 -0.320050 4.134190 -0.117016 0.204093 -0.003081 -0.542467
  217 0.000000 0.000000 0.000000 -0.000000 0.000001 0.000001
  218 -0.000001 4.945986 -0.000000 0.373207 0.001324 -0.011934
  219 0.000000 0.000000 0.000000 -0.000000 0.000001 0.000001
  220 0.000001 6.128850 0.000002 0.421577 -0.001326 0.020280
  221 0.000000 0.000000 0.000000 0.000000 0.000000 0.000000
  222 0.000001 8.781748 -0.000001 -3.141593 -0.488191 -0.000000
  223 -0.000001 -0.000003 0.000007 -0.000000 -0.000000 -0.000000
  224 0.000000 0.000000 0.000000 0.000000 -0.000000 -0.000000
  225 -0.320049 4.134190 -0.117016 0.204093 -0.003080 -0.542466
  226 -0.000001 0.000000 -0.000000 0.000000 -0.000000 0.000000
  227 0.777027 1.281750 1.958798 0.196515 0.598662 0.924076
  228 0.293240 4.348580 -0.040493 0.213321 0.019605 0.282979
  229 0.000001 4.879316 -0.000000 0.384746 0.004531 -0.036921
  230 0.000000 5.043318 -0.000002 0.329252 -0.001208 0.055325
  231 0.293240 4.348580 -0.040493 0.213321 0.019605 0.282979
  232 0.000001 4.879316 -0.000000 0.384746 0.004531 -0.036921
  233 0.000000 5.043318 -0.000002 0.329252 -0.001208 0.055325
  234 0.293237 4.348584 -0.040492 0.213321 0.019605 0.282980
  235 0.000000 0.000000 0.000000 0.000000 -0.000000 -0.000000
  236 0.293240 4.348580 -0.040493 0.213321 0.019605 0.282979
  237 0.000000 0.000000 0.000000 -0.000000 0.000000 0.000001
  238 0.000001 4.879315 0.000001 0.384747 0.004531 -0.036922
  239 0.000000 0.000000 0.000000 0.000000 0.000000 0.000000
  240 -0.000000 5.043318 -0.000004 0.329251 -0.001208 0.055324
  241 0.000000 0.000000 0.000000 -0.000000 0.000000 0.000000
  242 -0.000004 10.325293 -0.000000 3.141593 -0.093079 -0.000000
  243 0.000000 0.000000 0.000000 0.000000 0.000000 0.000000
  244 -0.000003 0.000002 0.000000 -0.000001 -0.000000 0.000000
  245 0.293240 4.348580 -0.040493 0.213321 0.019605 0.282979
  246 0.986052 0.947620 1.368042 0.166521 0.766159 0.595878
  247 0.190991 5.361860 -0.026571 0.036911 -0.459751 0.204801
  248 -0.000001 4.968778 0.000000 0.364686 0.003073 -0.030016
  249 -0.000001 5.803462 -0.000001 0.350121 -0.001678 0.049316
  250 0.190991 5.361860 -0.026571 0.036911 -0.459751 0.204801
  251 -0.000001 4.968778 0.000000 0.364686 0.003073 -0.030016
  252 -0.000001 5.803462 -0.000001 0.350121 -0.001678 0.049316
  253 0.190995 5.361859 -0.026573 0.036912 -0.459751 0.204801
  254 0.000000 0.000000 0.000000 -0.000000 -0.000000 0.000000
  255 0.190991 5.361860 -0.026571 0.036912 -0.459751 0.204801
  256 0.000000 0.000000 0.000000 -0.000000 -0.000000 -0.000000
  257 -0.000001 4.968779 -0.000001 0.364686 0.003073 -0.030015
  258 0.000000 0.000000 0.000000 -0.000000 -0.000000 -0.000000
  259 0.000001 5.803463 -0.000003 0.350121 -0.001678 0.049316
  260 0.000000 0.000000 0.000000 0.000000 0.000000 0.000000
  261 -0.000000 9.111455 -0.000001 3.141592 0.806825 -0.000001
  262 -0.000001 -0.000001 0.000001 -0.000000 -0.000000 0.000000
  263 -0.000003 0.000002 0.000002 -0.000000 0.000000 -0.000000
  264 0.190991 5.361860 -0.026571 0.036911 -0.459751 0.204801
  265 2.510271 0.335972 0.022943 -0.704386 0.728958 -0.808876
  266 2.510271 0.335972 0.022943 -0.704386 0.728958 -0.808876
  267 2.510271 0.335972 0.022943 -0.704386 0.728958 -0.808876
  268 -0.904461 6.782044 3.867489 -2.527742 0.992850 -0.734036
  269 -0.010185 19.450802 -0.828341 0.421914 -0.376058 -0.629822
  270 -0.000004 19.911451 0.000002 0.636337 -0.000000 0.000000
  271 -0.000002 25.134903 0.000004 0.140671 -0.449315 0.157966
  272 0.000000 0.000000 0.000000 0.000000 -0.000001 -0.000001
  273 0.000000 0.000000 0.000000 -0.000000 0.000001 0.000001
  274 -0.000001 0.000002 -0.000002 -0.000000 0.000000 0.000000
  275 0.000000 0.000000 0.000000 0.000000 0.000000 -0.000000
  276 0.000000 12.567455 0.000004 0.000000 -0.218739 -0.000000
  277 0.000000 0.000000 0.000000 -0.000001 -0.001371 0.000001
  278 0.000000 0.000000 -0.000000 -0.000000 0.000000 0.000000
  279 -0.000003 9.955725 -0.000003 -0.000000 -0.453689 0.000000
  280 0.000000 0.000000 0.000000 -0.000000 0.000000 0.000000
  281 -0.000000 0.000002 0.000000 0.000000 -0.000000 -0.000000
  282 -0.010187 19.450798 -0.828333 -1.068311 0.458283 -0.722012
  283 -0.010187 19.450800 -0.828341 0.041386 0.124298 -1.319061
  284 -0.000000 0.000000 0.000000 -1.332781 -0.484537 2.373637
  285 -0.000000 20.126818 -0.000001 0.277335 -0.000000 0.000000
  286 -0.000001 25.356462 -0.000002 0.198412 0.005445 -0.027073
  287 0.000000 0.000000 0.000000 0.000000 -0.000000 -0.000000
  288 -0.000000 0.000000 0.000000 1.020366 -0.868306 0.165493
  289 0.000000 0.000001 -0.000001 -0.356345 0.614790 -0.000000
  290 -0.000010 19.911442 0.000006 0.636337 -0.000000 0.000000
  291 -0.010185 19.450802 -0.828341 0.982967 -1.095366 -1.394027
  292 0.000000 0.000000 0.000000 -0.000000 0.000000 0.000000
  293 -0.010185 19.450802 -0.828341 0.982966 -1.095366 -1.394026
  294 0.000001 9.955718 -0.000003 0.000001 0.430550 -0.000000
  295 -0.000001 9.955728 0.000001 0.636336 0.453688 0.000000
  296 0.000003 12.567451 0.000003 -0.000000 -0.220111 0.000000
  297 -0.000004 12.567442 -0.000006 0.175968 -0.231719 0.146107
  298 -0.838800 0.695159 1.002011 -0.146529 -0.831651 -0.111056
  299 -0.052844 6.137396 0.002718 0.057776 0.287169 -0.072685
  300 -0.000003 5.184057 0.000002 0.380660 0.003807 -0.022168
  301 0.000004 5.576725 0.000003 0.257623 -0.000643 0.036173
  302 -0.052844 6.137396 0.002718 0.057776 0.287169 -0.072685
  303 -0.000002 5.184057 0.000002 0.380660 0.003807 -0.022168
  304 0.000004 5.576725 0.000003 0.257623 -0.000643 0.036173
  305 -0.052842 6.137393 0.002715 0.057776 0.287169 -0.072685
  306 0.000000 0.000000 0.000000 -0.000000 -0.000000 0.000000
  307 -0.052844 6.137396 0.002718 0.057776 0.287169 -0.072685
  308 0.000000 0.000000 0.000000 -0.000000 -0.000000 -0.000000
  309 0.000002 5.184054 0.000004 0.380661 0.003806 -0.022168
  310 0.000000 0.000000 0.000000 0.000000 0.000000 0.000000
  311 0.000005 5.576726 -0.000001 0.257623 -0.000643 0.036172
  312 0.000000 0.000000 0.000000 0.000000 -0.000000 0.000000
  313 -0.000002 9.158422 -0.000003 3.141593 -0.324016 0.000000
  314 -0.000005 -0.000005 0.000004 -0.000000 0.000000 0.000000
  315 -0.000007 -0.000003 0.000004 -0.000000 0.000000 -0.000001
  316 -0.052844 6.137396 0.002718 0.057776 0.287169 -0.072685
  317 -0.208229 1.308908 0.886644 -0.521836 -0.710749 0.438947
  318 0.074475 4.830993 0.044482 0.177554 0.296553 0.038425
  319 -0.000001 6.134694 0.000000 0.477357 0.004722 -0.048260
  320 0.000002 5.142230 -0.000000 0.381581 -0.000043 0.073620
  321 0.074475 4.830993 0.044482 0.177554 0.296553 0.038425
  322 -0.000001 6.134694 0.000000 0.477357 0.004722 -0.048260
  323 0.000002 5.142230 -0.000000 0.381581 -0.000043 0.073620
  324 0.074477 4.830986 0.044473 0.177555 0.296553 0.038426
  325 0.000000 0.000000 0.000000 -0.000000 -0.000000 -0.000000
  326 0.000000 0.000000 0.000000 -0.000000 -0.000000 -0.000000
  327 0.074475 4.830993 0.044482 0.177554 0.296552 0.038425
  328 0.000000 0.000000 0.000000 -0.000000 0.000001 0.000001
  329 0.000004 6.134694 0.000002 0.477357 0.004722 -0.048261
  330 0.000000 0.000000 0.000000 -0.000000 0.000001 0.000001
  331 0.000003 5.142233 0.000000 0.381580 -0.000043 0.073619
  332 0.000000 0.000000 0.000000 -0.000000 0.000001 0.000001
  333 -0.000004 9.920087 0.000005 -3.141593 -0.323204 -0.000000
  334 -0.000007 -0.000002 0.000003 0.000001 -0.000000 0.000000
  335 -0.000002 0.000003 0.000000 0.000000 -0.000000 -0.000001
  336 0.074475 4.830993 0.044482 0.177554 0.296553 0.038425
  337 0.000000 0.000000 0.000000 -0.000000 -0.000000 -0.000000
  338 -1.229530 0.555886 1.288363 -0.746848 -0.623235 0.695221
  339 0.149623 5.697060 -0.016744 0.207022 0.080209 0.208697
  340 0.000001 5.046760 0.000002 0.359835 -0.005800 0.038570
  341 -0.000000 4.876212 0.000000 0.324971 0.002099 -0.057279
  342 0.149623 5.697060 -0.016744 0.207022 0.080209 0.208697
  343 0.000001 5.046760 0.000002 0.359835 -0.005800 0.038570
  344 -0.000000 4.876212 0.000000 0.324971 0.002099 -0.057279
  345 0.149623 5.697054 -0.016750 0.207022 0.080209 0.208698
  346 0.000000 0.000000 0.000000 -0.000000 0.000000 0.000000
  347 0.000000 0.000000 0.000000 -0.000000 0.000000 0.000000
  348 0.149623 5.697060 -0.016744 0.207022 0.080209 0.208698
  349 0.000000 0.000000 0.000000 -0.000000 -0.000000 0.000000
  350 0.000003 5.046762 0.000000 0.359835 -0.005800 0.038570
  351 0.000000 0.000000 0.000000 -0.000000 -0.000001 -0.000000
  352 0.000002 4.876212 0.000004 0.324971 0.002099 -0.057281
  353 0.000000 0.000000 0.000000 0.000000 0.000000 0.000000
  354 -0.000007 10.336266 0.000003 -3.141593 0.095607 0.000001
  355 -0.000008 0.000000 0.000001 0.000000 -0.000000 0.000001
  356 -0.000008 0.000000 0.000001 0.000001 -0.000000 -0.000000
  357 0.149623 5.697060 -0.016744 0.207022 0.080209 0.208697
  358 0.000000 0.000000 0.000000 -0.000000 0.000000 0.000000
  359 -2.510275 0.335968 0.022937 -0.704386 -0.728958 0.808876
  360 0.457373 4.114378 -0.166975 0.204093 0.003080 0.542466
  361 0.000000 4.945983 -0.000000 0.490418 -0.001324 0.011933
  362 0.000001 6.128847 0.000000 0.538788 0.001326 -0.020280
  363 0.457373 4.114378 -0.166975 0.204093 0.003080 0.542466
  364 0.000000 4.945983 -0.000000 0.490418 -0.001324 0.011933
  365 0.000001 6.128847 0.000000 0.538788 0.001326 -0.020280
  366 0.457373 4.114376 -0.166978 0.204092 0.003080 0.542466
  367 0.000000 0.000000 0.000000 0.000000 0.000000 -0.000000
  368 0.000000 0.000000 0.000000 0.000000 0.000000 -0.000000
  369 0.457373 4.114378 -0.166975 0.204093 0.003080 0.542467
  370 0.000000 0.000000 0.000000 -0.000000 -0.000001 -0.000001
  371 -0.000002 4.945983 0.000003 0.490419 -0.001324 0.011934
  372 0.000000 0.000000 0.000000 -0.000000 -0.000001 -0.000001
  373 -0.000000 6.128848 -0.000000 0.538788 0.001326 -0.020280
  374 0.000000 0.000000 0.000000 0.000000 -0.000000 -0.000000
  375 -0.000002 8.781748 0.000001 3.141593 0.488190 0.000000
  376 0.000000 0.000000 0.000000 0.000000 -0.000000 0.000000
  377 -0.000007 0.000003 0.000001 -0.000000 0.000000 0.000000
  378 0.457373 4.114378 -0.166975 0.204093 0.003080 0.542466
  379 0.000000 0.000000 0.000000 0.000000 0.000000 -0.000000
  380 -0.777025 1.281749 1.958797 0.196515 -0.598662 -0.924076
  381 -0.238613 4.372192 -0.033002 0.213321 -0.019605 -0.282979
  382 0.000001 4.879314 -0.000000 0.332698 -0.004531 0.036921
  383 0.000000 5.043313 0.000001 0.277202 0.001208 -0.055324
  384 -0.238613 4.372192 -0.033002 0.213321 -0.019605 -0.282979
  385 0.000001 4.879314 -0.000000 0.332698 -0.004531 0.036921
  386 0.000000 5.043313 0.000001 0.277202 0.001208 -0.055323
  387 -0.238609 4.372207 -0.032998 0.213321 -0.019605 -0.282979
  388 0.000000 0.000000 0.000000 0.000000 0.000000 0.000000
  389 -0.238611 4.372191 -0.033001 0.213321 -0.019605 -0.282979
  390 0.000000 0.000000 0.000000 0.000000 -0.000001 -0.000000
  391 -0.000001 4.879314 -0.000000 0.332698 -0.004531 0.036922
  392 0.000000 0.000000 0.000000 0.000000 -0.000000 -0.000000
  393 0.000003 5.043313 0.000001 0.277202 0.001208 -0.055324
  394 0.000000 0.000000 0.000000 0.000000 0.000000 -0.000000
  395 0.000001 10.325289 0.000003 3.141593 0.093078 0.000000
  396 0.000004 -0.000007 0.000003 0.000000 -0.000000 0.000000
  397 -0.000001 -0.000001 -0.000001 0.000000 -0.000000 -0.000001
  398 -0.238613 4.372192 -0.033002 0.213321 -0.019605 -0.282979
  399 -0.986051 0.947618 1.368042 0.166521 -0.766158 -0.595879
  400 -0.280943 5.302315 -0.037669 0.036912 0.459751 -0.204801
  401 0.000000 4.968778 0.000000 0.481900 -0.003073 0.030017
  402 -0.000005 5.803453 0.000004 0.467332 0.001678 -0.049317
  403 -0.280943 5.302315 -0.037669 0.036912 0.459751 -0.204801
  404 0.000000 4.968778 0.000000 0.481900 -0.003073 0.030017
  405 -0.000005 5.803453 0.000004 0.467332 0.001678 -0.049317
  406 -0.280938 5.302314 -0.037669 0.036912 0.459751 -0.204801
  407 0.000000 0.000000 0.000000 0.000000 -0.000000 -0.000000
  408 -0.280943 5.302315 -0.037669 0.036912 0.459751 -0.204801
  409 0.000000 0.000000 0.000000 -0.000000 0.000000 0.000000
  410 0.000001 4.968779 0.000001 0.481898 -0.003073 0.030015
  411 0.000000 0.000000 0.000000 0.000000 0.000000 0.000000
  412 -0.000004 5.803458 0.000007 0.467333 0.001678 -0.049316
  413 0.000000 0.000000 0.000000 -0.000000 -0.000000 0.000000
  414 0.000003 9.111453 -0.000001 3.141592 -0.806826 0.000001
  415 -0.000003 -0.000007 0.000004 0.000000 -0.000000 -0.000000
  416 0.000000 0.000000 0.000000 0.000001 -0.000000 0.000001
  417 -0.280943 5.302315 -0.037669 0.036912 0.459751 -0.204801
  418 -2.510270 0.335972 0.022942 -0.704386 -0.728958 0.808876
  419 -2.510270 0.335972 0.022942 -0.704386 -0.728958 0.808876
  420 -2.510270 0.335972 0.022942 -0.704386 -0.728958 0.808876
  421 8.463114 -0.489844 -2.120325 1.542233 -0.000000 3.141593
  422 0.000000 -0.000001 -0.000000 -0.000000 0.000000 -0.000000
  423 -8.463115 -0.489835 -2.120324 1.542233 -0.000000 -3.141593
  424 0.000000 -0.000001 -0.000000 -0.000000 0.000000 0.000000
  425 8.463114 -0.489837 -2.120327 1.542233 -0.000000 3.141593
  426 -8.463114 -0.489835 -2.120324 1.542233 -0.000000 -3.141593
  427 0.904461 6.782037 3.867490 0.266796 -2.034703 -2.007110
  428 -0.904461 6.782044 3.867489 -2.527742 0.992849 -0.734036
  429 -0.000000 -0.000000 -0.000000 -0.000000 -0.000000 0.000000
  430 -2.384858 45.420403 15.540361 0.000000 -0.000000 1.570796
  431 -48.626259 -27.268600 16.751783 2.884074 -0.375448 -1.161252
  432 0.000001 0.000001 0.000001 -0.000000 0.000000 0.000000
  433 -32.075058 12.875905 7.084394 -0.117376 -0.019289 1.392036
  434 36.266026 -40.088230 9.101175 0.636717 0.964785 -2.018134
  435 -2.384865 -45.420403 15.540361 0.000000 -0.000000 1.570796
  436 2.129152 30.349888 48.155289 1.190066 -0.792842 0.173256
  437 0.000005 -0.000005 -0.000001 -0.000000 0.000000 -0.000000
  438 -34.081200 5.601003 7.366026 -0.102493 -0.036454 1.284849
  439 -36.304218 -0.244898 14.037279 0.636716 -0.964785 2.018134
  440 -0.483101 8.250682 -13.900933 0.000000 -0.000000 1.570796
  441 3.032707 -13.151580 -0.494026 -0.018237 0.008961 0.214605
  442 -0.000000 -6.475161 -8.877784 -0.000000 -0.000000 0.000000
  443 -0.000000 6.475163 8.877784 -0.000000 -0.000000 0.000000
  444 -1.878119 12.014874 -0.599894 0.000000 -0.000000 0.000000
  445 3.953934 0.000001 -0.000001 -0.000000 0.000000 0.000000
  446 -1.976967 -0.000003 -0.000004 -0.000000 0.000000 0.000000
  447 -0.098848 -12.014867 0.599884 0.000000 0.000000 -0.000000
  448 0.000000 6.475161 8.877783 -2.200961 0.000249 0.000341
  449 0.000001 0.000002 0.000001 -0.000000 -0.000000 -0.000000
  450 -0.000001 10.988302 0.000003 2.200961 0.000422 -0.000000
  451 0.000000 0.000000 0.000000 -0.060252 -0.000000 3.141593
  452 40.584721 0.533956 0.921227 -0.113767 -0.058219 1.343976
  453 1.961086 -0.448854 0.257715 -0.003598 -0.000000 -0.000000
  454 -0.483102 -8.250682 -13.900933 0.000000 -0.000000 1.570796
  455 -0.000004 20.579166 0.000000 0.000000 -0.000000 -0.000000
  456 0.000000 -6.475164 -8.877784 0.000000 -0.000000 -0.000000
  457 -0.000000 6.475164 8.877784 0.000000 -0.000000 -0.000000
  458 1.878118 12.014876 -0.599895 0.000000 -0.000000 -0.000000
  459 -3.953934 -0.000001 0.000000 0.000000 -0.000000 -0.000000
  460 1.976967 0.000000 0.000000 0.000000 -0.000000 -0.000000
  461 0.098851 -12.014874 0.599886 0.000000 -0.000000 -0.000000
  462 -0.000000 6.475164 8.877784 -2.200961 -0.000249 -0.000341
  463 0.000001 -0.000000 0.000002 -0.000000 -0.000000 -0.000000
  464 -0.000001 10.988304 0.000001 2.200961 -0.000422 0.000000
  465 0.000000 0.000000 0.000000 -0.060252 0.000000 -3.141593
  466 36.880173 -15.517501 -0.038925 -0.113767 -0.058219 1.343976
  467 -5.924030 1.355901 -0.778500 -0.003598 -0.000000 -0.000000
  time 4
  0 0.000000 0.000000 -23.603888 0.000000 -0.000000 1.570796
  1 0.221048 2.571912 39.167809 1.714429 0.009841 -0.028111
  2 -0.000000 10.999705 0.000001 -0.047746 -0.000597 -0.012420
  3 -0.000001 6.753170 -0.000001 0.085089 0.235964 -0.099048
  4 -0.000000 8.544815 0.000000 0.260806 0.479776 -0.020824
  5 -0.000002 9.518027 -0.000003 -0.256280 -0.284769 0.100390
  6 -0.000000 3.039643 -0.000000 0.194168 0.063060 0.012392
  7 -0.000000 3.098956 -0.000001 -0.471800 -0.120178 0.318787
  8 25.881857 17.495256 50.074875 0.556701 2.119633 0.227158
  9 -31.831842 -16.530420 60.232498 0.192615 -2.196439 0.242096
  10 9.457147 -13.433527 24.804071 -2.955575 -0.014030 -0.016917
  11 -9.831600 1.662552 19.508940 -3.135919 -0.143412 -0.144225
  12 -1.789155 0.000000 28.175615 0.000000 -0.000000 1.570796
  13 -0.000000 0.000001 -7.162201 -0.024064 0.022885 0.094057
  14 -0.000000 -1.769384 12.121017 -0.001276 -0.009937 -0.122446
  15 0.000001 -1.769386 12.121017 0.533392 -0.024910 0.597103
  16 -0.000000 -1.769384 12.121017 -0.000790 -0.004949 -0.061224
  17 0.000000 -0.000001 -0.000000 1.694062 0.000000 0.000000
  18 0.000002 -6.753171 0.000002 -1.695378 -0.060148 0.012457
  19 -0.000000 0.000000 0.000000 1.742379 0.000000 -0.000000
  20 -0.000001 -10.999706 0.000000 -0.000000 0.000000 0.000000
  21 0.000000 0.000000 0.000000 -0.000000 0.000000 -0.000000
  22 0.000000 0.000000 0.000000 -1.341552 -1.993774 0.192913
  23 -0.000000 -0.000002 0.000001 -0.000000 0.000000 0.000000
  24 0.000000 0.000000 0.000000 -1.341552 1.993774 -0.192913
  25 0.000000 -0.000002 0.000001 0.000000 -0.000000 0.000000
  26 8.250683 -0.215595 2.184241 2.221705 0.010229 0.120715
  27 -0.000006 19.403673 0.000001 1.008455 -0.000000 0.000000
  28 -0.000000 15.767886 0.000000 -0.833681 -0.216241 0.162998
  29 -0.000027 10.987704 -0.000201 0.930601 3.139862 -0.001570
  30 -1.873867 4.392863 10.061482 -0.000523 0.630166 -1.571104
  31 -0.000000 0.000002 0.000002 -0.000000 0.000000 0.000000
  32 0.000000 0.000000 0.000000 0.000000 -0.000000 -0.000000
  33 -0.000000 0.000002 -0.000000 0.000000 -0.000000 -0.000000
  34 0.000000 0.000000 0.000000 0.000000 -0.000000 -0.000000
  35 -0.000001 7.883947 -0.000000 0.000000 -0.137103 -0.000000
  36 0.000000 0.000000 0.000000 -0.000000 0.000204 0.000000
  37 -0.000000 -0.000002 0.000002 -0.000000 -0.000000 0.000000
  38 -0.000003 9.701838 0.000003 -0.000000 -0.032569 0.000000
  39 0.000000 0.000000 -0.000000 -0.000000 0.000000 -0.000000
  40 -8.250681 -0.215604 2.184239 3.046333 -0.125553 -0.070204
  41 -0.000002 19.318045 0.000003 1.181786 0.000000 0.000000
  42 0.000002 15.680000 0.000001 -1.493726 -0.139119 0.101559
  43 -0.000004 10.987940 -0.000476 1.088142 3.141170 -0.000000
  44 1.873868 4.392866 10.061480 0.000523 2.511427 1.571105
  45 -0.000000 0.000001 0.000002 -0.000000 -0.000000 -0.000000
  46 0.000000 0.000000 0.000000 0.000000 0.000000 0.000000
  47 -0.000000 0.000001 0.000000 0.000000 -0.000000 -0.000000
  48 0.000000 0.000000 0.000000 0.000000 -0.000000 -0.000000
  49 0.000001 7.840003 -0.000001 -0.000000 -0.098376 -0.000000
  50 0.000000 0.000000 0.000000 0.000000 -0.000204 -0.000000
  51 0.000000 -0.000008 0.000000 -0.000000 0.000000 -0.000000
  52 -0.000001 9.659023 0.000002 0.000000 -0.061443 -0.000000
  53 0.000000 0.000000 0.000000 -0.000000 -0.000000 0.000000
  54 8.250682 -0.215595 2.184240 2.903293 0.000001 0.000000
  55 8.250682 -0.215595 2.184240 -1.742379 -0.000000 0.000000
  56 0.000000 -0.000001 -0.000000 -1.637513 0.000000 -0.000001
  57 -0.000002 19.896330 0.000001 0.140363 -0.000000 0.000000
  58 0.000001 16.264105 0.000001 -0.703810 -0.000322 0.000273
  59 -0.000000 -0.000000 0.000000 -0.000000 -0.000000 0.000000
  60 0.000001 10.988297 -0.000001 0.880380 -3.141171 0.000000
  61 -0.000000 0.000001 0.000000 0.000000 -0.000000 -0.000000
  62 0.000000 -0.000001 -0.000000 -1.875081 -0.112015 0.017399
  63 0.000001 0.000000 -0.000000 -0.447246 0.029091 -0.000000
  64 -0.000006 19.403673 0.000001 1.008455 -0.000000 0.000000
  65 8.250683 -0.215595 2.184241 2.220308 0.047213 0.072078
  66 0.000000 -0.000000 0.000000 0.000000 0.000000 0.000000
  67 8.250683 -0.215595 2.184240 2.220308 0.047213 0.072078
  68 -0.000001 9.701838 0.000002 0.000000 0.028515 -0.000000
  69 -0.000001 9.701837 0.000001 1.008454 0.032568 -0.000000
  70 -0.000000 7.883939 0.000000 0.000000 -0.136899 0.000000
  71 -0.000001 7.883947 -0.000001 -0.811478 -0.081112 0.159701
  72 0.000001 10.987722 0.000000 0.930583 3.139862 -0.001572
  73 -8.250680 -0.215596 2.184240 2.903293 0.000001 0.000000
  74 -8.250680 -0.215596 2.184240 -1.742379 -0.000000 0.000000
  75 0.000000 -0.000001 -0.000000 -1.637514 0.000000 0.000000
  76 -0.000000 19.896326 0.000002 0.140363 0.000000 0.000000
  77 0.000001 16.264105 0.000001 -0.703810 0.000322 -0.000273
  78 -0.000000 -0.000000 0.000000 -0.000000 0.000000 0.000000
  79 -0.000001 10.988297 -0.000000 0.880380 3.141171 -0.000000
  80 -0.000000 0.000001 0.000000 0.000000 0.000000 0.000000
  81 0.000000 -0.000001 -0.000000 -0.976740 0.012271 0.003732
  82 -0.000001 0.000005 0.000000 -0.521269 0.139462 0.000000
  83 -0.000001 19.318039 0.000002 1.181786 0.000000 0.000000
  84 -8.250681 -0.215604 2.184239 3.047076 -0.013592 -0.080881
  85 0.000000 -0.000000 -0.000000 -0.000000 -0.000000 -0.000000
  86 -8.250681 -0.215604 2.184239 3.047076 -0.013592 -0.080881
  87 0.000000 9.659024 -0.000001 -0.000000 0.051022 -0.000000
  88 -0.000000 9.659025 0.000000 1.181785 0.061443 0.000000
  89 0.000001 7.839995 0.000002 0.000000 -0.098580 -0.000000
  90 -0.000001 7.840002 -0.000002 -1.483783 -0.041041 0.100660
  91 0.000000 10.987959 0.000002 1.088099 3.141171 -0.000001
  92 0.000000 0.000000 0.000001 -0.048317 -0.000000 0.000000
  93 0.000000 0.000000 0.000000 -0.000000 0.000000 -0.000000
  94 -0.000001 -10.999706 0.000000 -0.000000 0.000000 -0.000000
  95 0.000000 -1.769385 12.121017 0.268583 0.027894 0.300238
  96 -0.000000 -0.000001 0.000000 1.538978 0.000000 0.000000
  97 -0.000000 -0.000000 -0.000001 0.019469 -0.175795 0.046786
  98 -0.000000 0.000000 0.000000 -0.155084 0.000000 0.000000
  99 -0.000000 0.000000 0.000000 0.000000 -0.000000 -0.000000
  100 0.000001 8.544815 0.000003 -1.277547 0.300889 -0.019342
  101 0.000000 0.000000 -0.000000 1.542233 -0.000000 -0.000000
  102 -0.000001 9.518027 0.000004 -0.256279 -0.284769 0.100389
  103 0.000000 3.039643 0.000000 0.194168 0.063060 0.012392
  104 -0.000001 3.098956 -0.000001 -0.471800 -0.120178 0.318787
  105 -0.000001 9.518026 0.000003 -1.820999 -0.284769 0.100389
  106 -0.000000 -0.000000 0.000000 1.662547 0.000000 -0.000000
  107 0.000000 6.109811 0.000002 -1.945250 -0.270652 0.134494
  108 -0.000000 -0.000002 -0.000000 1.604822 -0.228719 0.103741
  109 0.000000 0.000000 0.000000 -0.097827 0.000000 0.000000
  110 0.000000 0.000000 0.000000 0.000001 -0.000000 0.000000
  111 -0.000000 3.025110 -0.296887 0.025866 0.052169 0.114078
  112 0.000000 0.000000 0.000000 0.095948 0.000000 0.000000
  113 0.000000 0.000000 0.000000 0.000000 -0.000000 0.000000
  114 0.000000 -0.000000 -0.000000 0.000000 -0.000000 0.000000
  115 0.904461 6.782034 3.867493 0.266795 -2.034703 -2.007110
  116 0.010178 19.450802 -0.828334 0.995365 2.660195 0.499891
  117 -0.000001 19.386513 -0.000001 1.708989 0.000000 -0.000000
  118 0.000001 24.519936 0.000000 0.092239 2.154042 0.128211
  119 0.000000 0.000000 0.000000 -0.000000 0.000001 0.000001
  120 -0.000000 0.000001 -0.000000 -0.000000 -0.000001 -0.000001
  121 -0.000000 0.000002 0.000001 -0.000000 -0.000000 -0.000000
  122 0.000000 -0.000002 -0.000001 0.000000 0.000000 0.000000
  123 0.000001 12.259969 -0.000001 0.000000 1.075006 -0.000000
  124 0.000000 -0.000001 -0.000000 -0.000001 0.001371 -0.000000
  125 0.000002 -0.000000 -0.000001 -0.000000 -0.000000 0.000000
  126 0.000000 9.693260 0.000002 -0.000000 -0.817800 0.000000
  127 0.000000 0.000000 0.000000 -0.000000 -0.000000 -0.000000
  128 -0.000000 0.000002 0.000000 0.000000 0.000000 0.000000
  129 0.010186 19.450802 -0.828333 -1.068310 -0.458283 0.722012
  130 0.010184 19.450802 -0.828333 0.041386 -0.124298 1.319061
  131 0.000001 0.000001 -0.000000 -1.332781 0.484537 -2.373637
  132 0.000001 20.126825 -0.000001 0.277335 0.000000 -0.000000
  133 0.000000 25.356464 -0.000001 0.198412 -0.005445 0.027074
  134 0.000000 0.000000 0.000000 0.000000 0.000000 0.000000
  135 0.000001 0.000001 -0.000000 -0.965248 -0.319836 -2.882269
  136 -0.000001 -0.000002 -0.000003 -0.987940 1.244114 0.000001
  137 -0.000003 19.386509 0.000001 1.708989 0.000000 -0.000000
  138 0.010177 19.450800 -0.828334 -1.137643 0.610657 -1.012155
  139 0.000000 0.000000 0.000000 -0.000000 -0.000000 -0.000000
  140 0.010177 19.450800 -0.828334 -1.137642 0.610656 -1.012155
  141 0.000003 9.693259 0.000001 -0.000000 0.528249 0.000000
  142 0.000000 9.693248 -0.000002 1.708988 0.817801 -0.000001
  143 0.000002 12.259969 0.000002 0.000001 1.076378 0.000001
  144 0.000001 12.259964 -0.000002 -0.144080 1.069324 -0.147014
  145 0.838804 0.695167 1.002016 -0.146529 0.831651 0.111056
  146 0.163875 5.882295 0.005265 0.057777 -0.287169 0.072685
  147 0.000001 5.184053 0.000003 0.901999 -0.003806 0.022167
  148 0.000000 5.576726 0.000000 0.778962 0.000643 -0.036172
  149 0.163875 5.882295 0.005265 0.057777 -0.287169 0.072685
  150 0.000001 5.184053 0.000003 0.901999 -0.003806 0.022167
  151 0.000000 5.576726 0.000000 0.778962 0.000643 -0.036172
  152 0.163874 5.882297 0.005261 0.057776 -0.287169 0.072685
  153 0.000000 0.000000 -0.000000 -0.000000 -0.000000 -0.000000
  154 0.163875 5.882295 0.005265 0.057776 -0.287169 0.072685
  155 0.000000 0.000000 0.000000 -0.000000 -0.000000 -0.000000
  156 -0.000000 5.184052 0.000003 0.902000 -0.003806 0.022168
  157 0.000000 0.000000 0.000000 0.000000 -0.000001 -0.000001
  158 -0.000000 5.576725 -0.000001 0.778962 0.000644 -0.036172
  159 0.000000 0.000000 0.000000 0.000000 -0.000000 -0.000000
  160 -0.000001 9.158422 -0.000001 3.141592 0.324016 -0.000001
  161 0.000000 0.000004 -0.000001 -0.000000 -0.000000 0.000000
  162 0.000000 0.000000 0.000000 -0.000000 -0.000000 -0.000000
  163 0.163875 5.882295 0.005265 0.057777 -0.287169 0.072685
  164 0.208223 1.308906 0.886642 -0.521837 0.710749 -0.438947
  165 -0.155092 4.727644 0.083149 0.177554 -0.296553 -0.038426
  166 -0.000001 6.134692 0.000001 0.829436 -0.004721 0.048260
  167 -0.000000 5.142241 0.000001 0.733659 0.000043 -0.073619
  168 -0.155092 4.727644 0.083149 0.177554 -0.296553 -0.038426
  169 -0.000001 6.134692 0.000001 0.829436 -0.004721 0.048260
  170 -0.000000 5.142241 0.000001 0.733659 0.000043 -0.073619
  171 -0.155091 4.727646 0.083149 0.177555 -0.296553 -0.038426
  172 -0.000000 0.000001 -0.000000 -0.000000 -0.000000 0.000000
  173 -0.000000 0.000001 -0.000000 -0.000000 -0.000000 0.000000
  174 -0.155092 4.727644 0.083149 0.177554 -0.296552 -0.038425
  175 0.000000 0.000000 0.000000 -0.000000 -0.000001 -0.000001
  176 -0.000001 6.134692 0.000000 0.829436 -0.004721 0.048261
  177 0.000000 0.000000 0.000000 -0.000000 -0.000001 -0.000001
  178 -0.000000 5.142238 -0.000000 0.733659 0.000043 -0.073618
  179 0.000000 0.000000 0.000000 -0.000000 -0.000001 -0.000001
  180 -0.000000 9.920083 0.000002 -3.141593 0.323205 0.000000
  181 0.000000 0.000000 0.000000 0.000000 -0.000000 0.000000
  182 0.000000 0.000003 0.000002 -0.000000 -0.000000 -0.000000
  183 -0.155092 4.727644 0.083149 0.177554 -0.296553 -0.038426
  184 -0.000000 0.000001 -0.000000 -0.000000 -0.000000 0.000000
  185 1.229529 0.555893 1.288366 -0.746848 0.623235 -0.695222
  186 -0.539866 5.469724 -0.064001 0.207022 -0.080209 -0.208698
  187 -0.000000 5.046765 0.000000 0.881174 0.005800 -0.038570
  188 -0.000001 4.876216 -0.000002 0.846312 -0.002099 0.057280
  189 -0.539866 5.469724 -0.064001 0.207022 -0.080209 -0.208698
  190 -0.000000 5.046765 0.000000 0.881174 0.005800 -0.038570
  191 -0.000001 4.876216 -0.000002 0.846312 -0.002099 0.057280
  192 -0.539867 5.469723 -0.064001 0.207022 -0.080209 -0.208698
  193 0.000000 0.000000 0.000000 0.000000 -0.000000 -0.000000
  194 0.000000 0.000000 0.000000 0.000000 -0.000000 -0.000000
  195 -0.539866 5.469724 -0.064001 0.207022 -0.080209 -0.208698
  196 0.000000 0.000000 0.000000 0.000000 0.000000 -0.000000
  197 -0.000001 5.046768 -0.000001 0.881175 0.005800 -0.038570
  198 0.000000 0.000000 0.000000 -0.000000 0.000000 0.000000
  199 0.000001 4.876215 -0.000002 0.846312 -0.002099 0.057281
  200 0.000000 0.000000 0.000000 -0.000000 -0.000001 -0.000000
  201 0.000003 10.336266 0.000000 -3.141593 -0.095607 -0.000001
  202 -0.000001 -0.000000 -0.000001 0.000000 -0.000000 -0.000000
  203 -0.000001 -0.000001 0.000001 -0.000001 -0.000000 -0.000000
  204 -0.539866 5.469724 -0.064001 0.207022 -0.080209 -0.208698
  205 0.000000 0.000000 0.000000 0.000000 -0.000000 -0.000000
  206 2.510271 0.335970 0.022940 -0.704387 0.728957 -0.808876
  207 -0.891788 4.047976 -0.326063 0.204093 -0.003080 -0.542466
  208 -0.000000 4.945990 0.000000 0.842498 0.001324 -0.011933
  209 -0.000001 6.128858 0.000002 0.890868 -0.001326 0.020280
  210 -0.891788 4.047976 -0.326063 0.204093 -0.003080 -0.542466
  211 -0.000000 4.945990 0.000000 0.842498 0.001324 -0.011933
  212 -0.000001 6.128858 0.000002 0.890868 -0.001326 0.020280
  213 -0.891789 4.047975 -0.326064 0.204093 -0.003080 -0.542466
  214 -0.000000 0.000000 -0.000000 0.000000 -0.000000 0.000000
  215 -0.000000 0.000000 -0.000000 0.000000 -0.000000 0.000000
  216 -0.891788 4.047976 -0.326063 0.204093 -0.003081 -0.542467
  217 0.000000 0.000000 0.000000 -0.000000 0.000001 0.000001
  218 -0.000002 4.945990 0.000003 0.842498 0.001324 -0.011934
  219 0.000000 0.000000 0.000000 0.000000 0.000001 0.000001
  220 -0.000001 6.128855 0.000001 0.890868 -0.001326 0.020280
  221 0.000000 0.000000 0.000000 0.000000 0.000000 0.000000
  222 -0.000000 8.781750 0.000001 3.141593 -0.488191 0.000000
  223 -0.000001 0.000003 -0.000001 0.000000 -0.000000 0.000000
  224 0.000000 0.000000 0.000000 0.000000 0.000000 0.000000
  225 -0.891788 4.047976 -0.326063 0.204093 -0.003080 -0.542466
  226 -0.000000 0.000000 -0.000000 0.000000 -0.000000 0.000000
  227 0.777028 1.281751 1.958796 0.196514 0.598662 0.924076
  228 0.817087 4.089831 -0.112823 0.213321 0.019605 0.282979
  229 -0.000000 4.879313 0.000000 0.854038 0.004530 -0.036921
  230 -0.000001 5.043322 0.000000 0.798542 -0.001208 0.055324
  231 0.817087 4.089831 -0.112823 0.213321 0.019605 0.282979
  232 -0.000000 4.879313 0.000000 0.854038 0.004530 -0.036921
  233 -0.000001 5.043322 0.000000 0.798542 -0.001208 0.055324
  234 0.817085 4.089828 -0.112826 0.213321 0.019605 0.282979
  235 0.000000 0.000000 0.000000 0.000000 -0.000000 -0.000000
  236 0.817087 4.089831 -0.112823 0.213321 0.019605 0.282979
  237 0.000000 0.000000 0.000000 -0.000000 0.000000 0.000000
  238 0.000000 4.879313 -0.000002 0.854037 0.004531 -0.036921
  239 0.000000 0.000000 0.000000 0.000000 0.000000 0.000000
  240 -0.000003 5.043322 -0.000001 0.798542 -0.001208 0.055324
  241 0.000000 0.000000 0.000000 0.000000 0.000000 -0.000000
  242 0.000000 10.325294 0.000000 3.141592 -0.093078 -0.000000
  243 -0.000001 0.000000 0.000000 0.000000 0.000000 0.000000
  244 0.000001 -0.000001 0.000001 -0.000000 -0.000000 0.000000
  245 0.817087 4.089831 -0.112823 0.213321 0.019605 0.282979
  246 0.986048 0.947619 1.368036 0.166521 0.766159 0.595878
  247 0.532196 5.139038 -0.074046 0.036912 -0.459751 0.204801
  248 -0.000001 4.968779 0.000000 0.833977 0.003073 -0.030016
  249 -0.000001 5.803465 0.000001 0.819412 -0.001678 0.049316
  250 0.532196 5.139038 -0.074046 0.036912 -0.459751 0.204801
  251 -0.000001 4.968779 0.000000 0.833977 0.003073 -0.030016
  252 -0.000001 5.803465 0.000001 0.819412 -0.001678 0.049316
  253 0.532195 5.139039 -0.074046 0.036912 -0.459751 0.204801
  254 0.000000 0.000000 0.000000 0.000000 -0.000000 -0.000000
  255 0.532196 5.139038 -0.074046 0.036912 -0.459751 0.204801
  256 0.000000 0.000000 0.000000 -0.000000 -0.000000 -0.000000
  257 -0.000001 4.968780 0.000001 0.833977 0.003073 -0.030015
  258 0.000000 0.000000 0.000000 0.000000 -0.000000 -0.000000
  259 0.000002 5.803465 -0.000001 0.819412 -0.001677 0.049316
  260 0.000000 0.000000 0.000000 0.000000 -0.000000 0.000000
  261 -0.000002 9.111453 -0.000001 3.141592 0.806825 -0.000001
  262 0.000000 0.000000 0.000000 0.000000 -0.000000 -0.000000
  263 -0.000002 0.000001 -0.000001 -0.000000 0.000000 -0.000000
  264 0.532196 5.139038 -0.074046 0.036912 -0.459751 0.204801
  265 2.510270 0.335972 0.022939 -0.704387 0.728957 -0.808876
  266 2.510270 0.335972 0.022939 -0.704387 0.728957 -0.808876
  267 2.510270 0.335972 0.022939 -0.704387 0.728957 -0.808876
  268 -0.904462 6.782043 3.867488 -2.613352 1.098940 -0.882086
  269 -0.010192 19.450804 -0.828330 -1.148060 -1.221667 0.902140
  270 0.000002 20.389210 0.000000 0.089092 -0.000001 -0.000000
  271 -0.000003 25.620253 -0.000001 0.824678 0.175062 0.194177
  272 0.000000 0.000000 0.000000 0.000000 -0.000001 -0.000001
  273 0.000000 0.000000 0.000000 -0.000000 0.000001 0.000001
  274 0.000001 0.000004 -0.000001 -0.000000 0.000000 0.000000
  275 -0.000001 -0.000004 0.000001 0.000000 -0.000000 -0.000000
  276 -0.000004 12.810127 -0.000001 -0.000000 0.123721 0.000000
  277 0.000000 0.000000 0.000000 -0.000001 -0.001371 0.000001
  278 -0.000000 -0.000000 -0.000001 -0.000000 -0.000000 -0.000000
  279 -0.000002 10.194609 -0.000002 -0.000000 0.079686 -0.000000
  280 0.000000 0.000000 0.000000 -0.000000 0.000000 0.000000
  281 0.000000 0.000002 0.000000 0.000000 -0.000000 -0.000000
  282 -0.010191 19.450806 -0.828330 -1.068311 0.458283 -0.722012
  283 -0.010191 19.450806 -0.828330 0.041386 0.124298 -1.319061
  284 -0.000001 0.000001 -0.000000 -1.332781 -0.484537 2.373637
  285 -0.000003 20.126831 -0.000002 0.277335 -0.000000 0.000000
  286 0.000005 25.356464 -0.000002 0.198412 0.005445 -0.027073
  287 0.000000 0.000000 0.000000 -0.000000 -0.000000 -0.000000
  288 -0.000001 0.000001 -0.000000 -1.034244 -1.052502 2.116139
  289 -0.000001 -0.000004 0.000000 -0.049613 -0.133934 0.000000
  290 0.000002 20.389210 0.000001 0.089092 -0.000001 -0.000000
  291 -0.010192 19.450804 -0.828330 -0.825990 -1.132588 0.554248
  292 0.000000 0.000000 0.000000 -0.000000 0.000000 0.000000
  293 -0.010192 19.450804 -0.828330 -0.825990 -1.132588 0.554248
  294 -0.000001 10.194603 -0.000000 0.000001 -0.079607 -0.000001
  295 -0.000001 10.194595 0.000001 0.089092 -0.079687 0.000001
  296 -0.000000 12.810128 0.000000 0.000000 0.122349 -0.000000
  297 -0.000002 12.810123 0.000000 0.801090 0.054974 0.191466
  298 -0.838804 0.695161 1.002015 -0.146529 -0.831651 -0.111056
  299 -0.053948 6.135959 0.002821 0.057776 0.287169 -0.072685
  300 0.000000 5.184050 -0.000000 0.383224 0.003807 -0.022168
  301 0.000000 5.576725 -0.000000 0.260189 -0.000643 0.036172
  302 -0.053950 6.135964 0.002815 0.057776 0.287169 -0.072685
  303 0.000000 5.184050 -0.000000 0.383224 0.003807 -0.022168
  304 0.000000 5.576726 -0.000004 0.260189 -0.000643 0.036172
  305 -0.053944 6.135944 0.002838 0.057776 0.287169 -0.072685
  306 0.000000 0.000000 0.000000 0.000000 -0.000000 -0.000000
  307 -0.053947 6.135954 0.002826 0.057776 0.287169 -0.072685
  308 0.000000 0.000000 0.000000 -0.000000 0.000000 0.000000
  309 -0.000000 5.184050 0.000003 0.383226 0.003807 -0.022168
  310 0.000000 0.000000 0.000000 0.000000 0.000000 0.000000
  311 0.000000 5.576725 -0.000004 0.260188 -0.000643 0.036172
  312 0.000000 0.000000 0.000000 0.000000 0.000000 0.000000
  313 -0.000000 9.158420 0.000007 -3.141593 -0.324016 0.000000
  314 0.000000 0.000000 0.000000 0.000001 -0.000000 -0.000000
  315 0.000000 0.000001 0.000004 -0.000001 -0.000000 0.000000
  316 -0.053948 6.135956 0.002824 0.057776 0.287169 -0.072685
  317 -0.208231 1.308914 0.886643 -0.521836 -0.710749 0.438947
  318 0.090025 4.806015 0.054800 0.177555 0.296553 0.038426
  319 -0.000000 6.134691 -0.000002 0.563313 0.004721 -0.048260
  320 -0.000001 5.142236 0.000003 0.467537 -0.000043 0.073620
  321 0.090025 4.806015 0.054800 0.177555 0.296553 0.038426
  322 -0.000000 6.134691 -0.000002 0.563313 0.004721 -0.048260
  323 -0.000001 5.142236 0.000003 0.467537 -0.000043 0.073620
  324 0.090029 4.806004 0.054811 0.177555 0.296553 0.038426
  325 0.000000 0.000000 0.000000 0.000000 0.000000 0.000000
  326 0.000000 0.000000 0.000000 0.000000 0.000000 0.000000
  327 0.090025 4.806009 0.054805 0.177554 0.296552 0.038425
  328 0.000000 0.000000 0.000000 0.000000 0.000001 0.000001
  329 0.000001 6.134691 -0.000000 0.563313 0.004721 -0.048261
  330 0.000000 0.000000 0.000000 0.000000 0.000001 0.000001
  331 0.000001 5.142237 -0.000001 0.467536 -0.000043 0.073618
  332 0.000000 0.000000 0.000000 -0.000000 0.000001 0.000001
  333 -0.000001 9.920085 0.000003 -3.141593 -0.323204 -0.000000
  334 0.000000 0.000000 0.000000 0.000000 -0.000000 0.000000
  335 0.000000 0.000000 0.000000 -0.000000 -0.000000 -0.000000
  336 0.090025 4.806012 0.054802 0.177555 0.296553 0.038426
  337 0.000000 0.000000 0.000000 0.000000 0.000000 0.000000
  338 -1.229536 0.555893 1.288363 -0.746848 -0.623235 0.695222
  339 0.150980 5.696084 -0.016833 0.207021 0.080209 0.208697
  340 -0.000001 5.046763 0.000000 0.362400 -0.005800 0.038570
  341 -0.000002 4.876218 -0.000001 0.327537 0.002099 -0.057280
  342 0.150980 5.696084 -0.016833 0.207021 0.080209 0.208697
  343 -0.000000 5.046763 0.000000 0.362399 -0.005800 0.038570
  344 -0.000002 4.876218 -0.000001 0.327537 0.002099 -0.057280
  345 0.150981 5.696084 -0.016832 0.207022 0.080209 0.208698
  346 0.000000 0.000000 0.000000 0.000000 -0.000000 0.000000
  347 0.000000 0.000000 0.000000 0.000000 -0.000000 0.000000
  348 0.150980 5.696084 -0.016833 0.207022 0.080209 0.208698
  349 0.000000 0.000000 0.000000 0.000000 -0.000000 0.000000
  350 0.000002 5.046763 -0.000003 0.362399 -0.005799 0.038570
  351 0.000000 0.000000 0.000000 -0.000000 -0.000000 -0.000000
  352 0.000001 4.876215 -0.000003 0.327536 0.002099 -0.057281
  353 0.000000 0.000000 0.000000 0.000000 0.000001 0.000001
  354 0.000001 10.336257 -0.000003 -3.141593 0.095607 0.000001
  355 -0.000001 0.000002 -0.000005 -0.000000 -0.000000 -0.000000
  356 0.000002 0.000001 -0.000003 -0.000001 -0.000000 -0.000000
  357 0.150980 5.696084 -0.016833 0.207021 0.080209 0.208697
  358 0.000000 0.000000 0.000000 0.000000 -0.000000 0.000000
  359 -2.510281 0.335973 0.022938 -0.704387 -0.728958 0.808876
  360 0.559682 4.099336 -0.204271 0.204092 0.003080 0.542465
  361 0.000002 4.945988 -0.000003 0.576376 -0.001324 0.011934
  362 -0.000001 6.128853 0.000001 0.624745 0.001326 -0.020280
  363 0.559682 4.099336 -0.204271 0.204092 0.003080 0.542465
  364 0.000002 4.945988 -0.000003 0.576376 -0.001324 0.011934
  365 -0.000001 6.128853 0.000001 0.624745 0.001326 -0.020280
  366 0.559672 4.099342 -0.204278 0.204093 0.003080 0.542466
  367 0.000000 0.000000 0.000000 0.000000 0.000000 -0.000000
  368 0.000000 0.000000 0.000000 0.000000 0.000000 -0.000000
  369 0.559682 4.099336 -0.204271 0.204093 0.003081 0.542467
  370 0.000000 0.000000 0.000000 -0.000000 -0.000001 -0.000001
  371 0.000004 4.945986 -0.000006 0.576375 -0.001324 0.011934
  372 0.000000 0.000000 0.000000 -0.000000 -0.000001 -0.000001
  373 -0.000002 6.128854 0.000000 0.624744 0.001326 -0.020280
  374 0.000000 0.000000 0.000000 0.000000 -0.000000 -0.000000
  375 0.000000 8.781749 0.000006 3.141593 0.488191 0.000000
  376 0.000001 -0.000001 -0.000005 0.000001 0.000000 0.000000
  377 0.000001 -0.000001 -0.000003 -0.000000 -0.000000 0.000000
  378 0.559682 4.099336 -0.204271 0.204092 0.003080 0.542465
  379 0.000000 0.000000 0.000000 0.000000 0.000000 -0.000000
  380 -0.777031 1.281751 1.958791 0.196515 -0.598662 -0.924076
  381 -0.241810 4.370335 -0.033449 0.213321 -0.019605 -0.282980
  382 0.000000 4.879316 -0.000000 0.335263 -0.004530 0.036921
  383 0.000000 5.043319 0.000001 0.279768 0.001208 -0.055323
  384 -0.241810 4.370335 -0.033449 0.213321 -0.019605 -0.282980
  385 0.000000 4.879316 -0.000000 0.335263 -0.004530 0.036921
  386 0.000000 5.043319 0.000001 0.279768 0.001208 -0.055323
  387 -0.241801 4.370321 -0.033445 0.213321 -0.019605 -0.282979
  388 0.000000 0.000000 0.000000 -0.000000 0.000000 0.000000
  389 -0.241806 4.370330 -0.033444 0.213321 -0.019605 -0.282979
  390 0.000000 0.000000 0.000000 -0.000000 -0.000000 -0.000001
  391 0.000001 4.879316 -0.000001 0.335263 -0.004531 0.036922
  392 0.000000 0.000000 0.000000 0.000000 -0.000000 -0.000000
  393 0.000003 5.043320 0.000000 0.279767 0.001208 -0.055324
  394 0.000000 0.000000 0.000000 -0.000000 -0.000000 -0.000000
  395 -0.000003 10.325290 0.000008 3.141593 0.093079 0.000000
  396 0.000000 0.000000 0.000000 0.000001 0.000000 0.000000
  397 -0.000002 0.000000 -0.000003 -0.000000 0.000000 -0.000000
  398 -0.241808 4.370333 -0.033447 0.213321 -0.019605 -0.282980
  399 -0.986054 0.947621 1.368044 0.166521 -0.766158 -0.595879
  400 -0.345503 5.259783 -0.046047 0.036911 0.459751 -0.204802
  401 0.000000 4.968781 -0.000000 0.567855 -0.003072 0.030016
  402 -0.000000 5.803464 0.000000 0.553289 0.001678 -0.049315
  403 -0.345503 5.259783 -0.046047 0.036911 0.459751 -0.204802
  404 0.000000 4.968781 -0.000000 0.567855 -0.003072 0.030016
  405 -0.000000 5.803464 0.000000 0.553289 0.001678 -0.049315
  406 -0.345506 5.259782 -0.046042 0.036912 0.459751 -0.204801
  407 0.000000 0.000000 0.000000 -0.000000 -0.000000 -0.000000
  408 -0.345503 5.259783 -0.046047 0.036912 0.459751 -0.204801
  409 0.000000 0.000000 0.000000 -0.000000 0.000000 0.000000
  410 0.000004 4.968780 -0.000001 0.567854 -0.003073 0.030015
  411 0.000000 0.000000 0.000000 -0.000000 0.000000 0.000000
  412 0.000002 5.803464 0.000003 0.553289 0.001678 -0.049315
  413 0.000000 0.000000 0.000000 -0.000000 -0.000000 -0.000000
  414 -0.000003 9.111457 0.000001 3.141592 -0.806826 0.000001
  415 0.000000 0.000000 0.000000 0.000000 -0.000000 0.000000
  416 0.000000 0.000000 0.000000 0.000000 0.000000 -0.000000
  417 -0.345503 5.259783 -0.046047 0.036911 0.459751 -0.204802
  418 -2.510271 0.335969 0.022943 -0.704387 -0.728958 0.808876
  419 -2.510271 0.335969 0.022943 -0.704387 -0.728958 0.808876
  420 -2.510271 0.335969 0.022943 -0.704387 -0.728958 0.808876
  421 8.463117 -0.489832 -2.120327 1.542233 0.000000 3.141593
  422 0.000000 -0.000001 -0.000000 0.000000 -0.000000 -0.000000
  423 -8.463117 -0.489845 -2.120319 1.542233 -0.000000 -3.141593
  424 0.000000 -0.000001 -0.000000 0.000000 0.000000 -0.000000
  425 8.463117 -0.489832 -2.120327 1.542233 0.000000 3.141593
  426 -8.463117 -0.489838 -2.120323 1.542233 -0.000000 -3.141593
  427 0.904461 6.782041 3.867489 0.266795 -2.034703 -2.007110
  428 -0.904462 6.782043 3.867488 -2.613353 1.098940 -0.882086
  429 0.000000 0.000000 0.000000 0.000000 -0.000000 0.000000
  430 -2.384858 45.420403 15.540361 0.000000 -0.000000 1.570796
  431 -20.048700 -8.025381 2.838116 -2.712956 0.542999 0.280810
  432 0.000001 0.000004 0.000002 -0.000000 0.000000 -0.000000
  433 -34.225895 -16.625252 13.228170 0.081021 0.011799 2.202928
  434 31.464228 -31.836218 13.591549 0.636716 0.964785 -2.018134
  435 -2.384865 -45.420403 15.540361 0.000000 -0.000000 1.570796
  436 -9.935184 -24.191839 12.388905 -0.388231 -0.989456 2.951981
  437 0.000000 -0.000002 -0.000001 0.000000 -0.000000 -0.000000
  438 -27.168396 -28.822073 16.154932 0.137530 0.035771 2.222194
  439 -17.595762 14.763563 12.610124 0.636716 -0.964785 2.018134
  440 -0.483101 8.250682 -13.900933 0.000000 -0.000000 1.570796
  441 3.032707 -9.896348 -0.494026 -0.018237 0.008961 0.214605
  442 0.000000 -6.475163 -8.877784 -0.000000 -0.000000 0.000000
  443 -0.000001 6.475163 8.877784 0.050254 -0.011714 -0.002661
  444 -1.878116 12.014874 -0.599894 0.000000 -0.011848 0.000000
  445 3.953937 -0.000001 -0.000000 -0.000000 0.000000 0.000000
  446 -1.976964 -0.000000 -0.000004 0.000000 -0.000000 0.000000
  447 -0.098850 -12.014875 0.599885 0.050222 0.000134 -0.002661
  448 0.000001 6.475165 8.877785 -2.200961 0.000249 0.000341
  449 -0.000001 0.000003 0.000003 -0.000000 -0.000000 -0.000000
  450 -0.000000 10.988306 -0.000000 2.150739 -0.001730 -0.001570
  451 0.000000 0.000000 0.000000 -0.060252 -0.000000 3.141593
  452 37.704830 7.153059 -3.711800 -0.027950 0.009841 1.542684
  453 1.961087 -0.448855 0.257714 -0.003598 -0.000000 0.000000
  454 -0.483102 -8.250682 -13.900933 0.000000 -0.000000 1.570796
  455 -0.000005 17.955801 3.626416 0.162276 0.000000 0.000000
  456 0.000000 -6.475164 -8.877784 -0.000000 -0.000000 0.000000
  457 -0.000000 6.475163 8.877785 0.207763 -0.000000 -0.000000
  458 1.878119 12.014874 -0.599895 -0.000000 0.000000 -0.000000
  459 -3.953934 -0.000001 -0.000006 -0.000000 -0.000000 -0.000000
  460 1.976967 -0.000003 -0.000005 -0.000000 -0.000000 -0.000000
  461 0.098849 -12.014874 0.599887 0.207763 -0.000000 -0.000000
  462 -0.000001 6.475165 8.877785 -2.200961 -0.000249 -0.000341
  463 -0.000000 0.000003 0.000001 -0.000000 0.000000 0.000000
  464 0.000000 10.988306 0.000000 1.993198 -0.000423 -0.000000
  465 0.000000 0.000000 0.000000 -0.060252 0.000000 3.141593
  466 37.241032 -9.340986 -3.549410 -0.027950 0.009841 1.542684
  467 -5.924033 1.355898 -0.778503 -0.003598 -0.000000 0.000000
  time 5
  0 0.000000 0.000000 -23.603888 0.000000 -0.000000 1.570796
  1 -0.998210 2.704636 38.089352 1.787211 0.062782 0.275686
  2 -0.000003 10.999716 -0.000003 -0.046006 0.000937 0.019855
  3 -0.000002 6.753165 -0.000001 0.130809 0.159961 -0.054052
  4 -0.000001 8.544817 0.000000 0.312568 0.636931 0.027017
  5 0.000000 9.518027 -0.000001 -0.300429 -0.423553 0.115429
  6 0.000000 3.039633 0.000002 0.205520 0.337477 0.068914
  7 0.000001 3.098972 -0.000005 -0.424122 -0.000791 0.185699
  8 10.567927 28.214399 56.485100 1.084096 0.902632 1.549202
  9 -3.313006 -42.258240 55.162674 -2.851548 0.094811 -1.661548
  10 11.494689 -11.227143 24.442785 -2.731420 0.223980 0.339763
  11 -9.442297 -6.622464 19.425392 -3.003139 -0.087449 -0.100459
  12 -1.789155 0.000000 28.175615 0.000000 -0.000000 1.570796
  13 -0.000000 0.000001 -8.337418 0.046049 0.036765 0.192039
  14 0.000000 -1.769384 12.121016 -0.004150 0.029957 0.082222
  15 0.000002 -1.769385 12.121016 0.562819 -0.139582 0.857399
  16 0.000000 -1.769384 12.121016 -0.002383 0.014936 0.041122
  17 0.000000 -0.000001 0.000000 1.694062 0.000000 -0.000000
  18 0.000002 -6.753166 0.000002 -1.697139 0.038968 -0.019892
  19 0.000000 0.000000 -0.000000 1.742380 0.000000 -0.000000
  20 0.000003 -10.999712 0.000004 0.000000 -0.000000 0.000000
  21 0.000000 0.000000 0.000000 -0.000000 -0.000000 -0.000000
  22 0.000000 0.000000 0.000000 -1.341552 -1.993774 0.192913
  23 -0.000000 -0.000002 0.000001 -0.000000 0.000000 0.000000
  24 0.000000 0.000000 0.000000 -1.341551 1.993774 -0.192912
  25 0.000000 -0.000002 0.000001 -0.000000 -0.000000 -0.000000
  26 8.250683 -0.215595 2.184240 2.056019 -0.034050 0.155398
  27 -0.000004 19.279005 -0.000001 1.296239 -0.000000 -0.000000
  28 -0.000000 15.639220 -0.000002 -0.908097 0.023667 0.046412
  29 -0.000038 10.987619 -0.000203 1.050347 3.134729 -0.005314
  30 -1.873869 4.392864 10.061480 -0.000523 0.630166 -1.571105
  31 0.000000 0.000001 0.000002 -0.000000 -0.000000 -0.000000
  32 -0.000000 0.000000 -0.000000 0.000000 0.000000 -0.000000
  33 0.000000 0.000000 0.000000 0.000000 -0.000000 -0.000000
  34 0.000000 0.000000 0.000000 0.000000 -0.000000 -0.000000
  35 0.000001 7.819612 -0.000002 -0.000000 0.000479 0.000000
  36 0.000000 0.000000 0.000000 0.000000 0.000205 0.000000
  37 -0.000000 -0.000002 0.000002 -0.000000 0.000000 0.000000
  38 -0.000001 9.639503 0.000000 -0.000000 -0.074658 0.000000
  39 0.000000 0.000000 0.000000 0.000000 0.000000 0.000000
  40 -8.250684 -0.215598 2.184242 2.653512 -0.344602 0.106563
  41 -0.000003 19.212881 0.000001 1.668609 0.000000 -0.000000
  42 -0.000002 15.567797 0.000002 -1.148477 -0.047125 0.076322
  43 -0.000041 10.986594 -0.000664 1.295905 3.141170 -0.000000
  44 1.873866 4.392862 10.061481 0.000523 2.511427 1.571105
  45 -0.000000 0.000001 0.000003 -0.000000 0.000000 -0.000000
  46 0.000000 0.000000 0.000000 0.000000 -0.000000 0.000000
  47 -0.000000 0.000002 -0.000002 -0.000000 0.000000 -0.000000
  48 0.000000 0.000000 0.000000 -0.000000 0.000000 -0.000000
  49 -0.000001 7.783901 -0.000001 0.000000 -0.044016 0.000000
  50 0.000000 -0.000000 -0.000000 -0.000000 -0.000205 0.000000
  51 -0.000000 -0.000004 0.000000 -0.000000 -0.000000 0.000000
  52 -0.000001 9.606441 0.000002 0.000000 -0.216445 -0.000000
  53 -0.000000 0.000000 -0.000000 -0.000000 -0.000000 -0.000000
  54 8.250684 -0.215596 2.184238 2.903292 -0.000000 0.000000
  55 8.250684 -0.215596 2.184238 -1.742380 -0.000000 0.000000
  56 -0.000000 -0.000000 0.000000 -1.637514 -0.000000 -0.000000
  57 -0.000001 19.896324 -0.000000 0.140363 -0.000000 0.000000
  58 -0.000001 16.264103 0.000001 -0.703810 -0.000322 0.000273
  59 0.000000 -0.000000 0.000000 -0.000000 -0.000000 0.000000
  60 0.000003 10.988298 -0.000002 0.880380 -3.141171 -0.000000
  61 0.000000 0.000000 0.000000 0.000000 -0.000000 -0.000000
  62 -0.000000 -0.000000 0.000000 -1.919130 -0.118204 0.021041
  63 -0.000000 0.000000 -0.000002 -0.569347 0.085977 0.000000
  64 -0.000004 19.279005 -0.000001 1.296239 -0.000000 -0.000000
  65 8.250683 -0.215595 2.184240 2.056341 0.028621 0.036742
  66 0.000000 -0.000001 0.000001 -0.000000 0.000000 0.000000
  67 8.250684 -0.215595 2.184238 2.056341 0.028621 0.036742
  68 -0.000001 9.639504 0.000003 0.000000 0.059514 -0.000000
  69 -0.000001 9.639501 0.000001 1.296239 0.074658 -0.000000
  70 -0.000000 7.819608 -0.000001 0.000000 0.000683 0.000000
  71 -0.000000 7.819613 0.000001 -0.908147 0.022986 0.046414
  72 -0.000000 10.987638 0.000000 1.050328 3.134729 -0.005318
  73 -8.250685 -0.215594 2.184244 2.903292 -0.000000 0.000000
  74 -8.250685 -0.215594 2.184244 -1.742380 -0.000000 0.000000
  75 -0.000000 -0.000001 0.000000 -1.637514 -0.000000 0.000000
  76 -0.000003 19.896324 0.000001 0.140363 0.000000 0.000000
  77 -0.000000 16.264105 0.000001 -0.703810 0.000322 -0.000273
  78 0.000000 -0.000000 0.000000 -0.000000 -0.000000 -0.000000
  79 -0.000001 10.988299 -0.000000 0.880380 3.141171 -0.000000
  80 0.000000 0.000001 0.000000 0.000000 0.000000 0.000000
  81 -0.000000 -0.000001 0.000000 -1.178264 -0.181607 -0.035863
  82 0.000001 0.000005 0.000001 -0.719213 0.349256 0.000000
  83 -0.000003 19.212879 0.000000 1.668609 0.000000 -0.000000
  84 -8.250684 -0.215598 2.184242 2.684358 -0.021819 -0.060174
  85 0.000000 -0.000000 0.000000 -0.000000 0.000000 0.000000
  86 -8.250684 -0.215598 2.184242 2.684358 -0.021819 -0.060174
  87 -0.000005 9.606443 0.000004 0.000000 0.145228 0.000000
  88 -0.000003 9.606447 0.000003 1.668609 0.216445 -0.000000
  89 0.000000 7.783893 0.000001 0.000001 -0.044221 0.000000
  90 0.000001 7.783902 0.000000 -1.145168 -0.003029 0.076239
  91 0.000002 10.986616 0.000001 1.295844 3.141171 -0.000004
  92 -0.000000 0.000000 0.000001 -0.048317 -0.000000 -0.000000
  93 0.000000 0.000000 0.000000 -0.000000 -0.000000 0.000000
  94 0.000003 -10.999712 0.000004 -0.000000 -0.000000 -0.000000
  95 0.000001 -1.769384 12.121016 0.296241 -0.008228 0.438007
  96 -0.000000 -0.000001 0.000000 1.538978 0.000000 0.000000
  97 -0.000000 -0.000000 -0.000000 0.005309 -0.197587 0.026412
  98 -0.000000 0.000000 0.000000 -0.155084 -0.000000 -0.000000
  99 0.000000 0.000000 0.000000 0.000000 0.000000 -0.000000
  100 0.000000 8.544818 0.000001 -1.235577 0.437465 0.023976
  101 -0.000000 0.000000 -0.000000 1.542233 -0.000000 0.000000
  102 -0.000002 9.518028 0.000003 -0.300429 -0.423553 0.115429
  103 0.000000 3.039633 0.000002 0.205520 0.337477 0.068914
  104 0.000001 3.098972 -0.000005 -0.424122 -0.000791 0.185699
  105 -0.000002 9.518028 0.000003 -1.865148 -0.423553 0.115428
  106 0.000000 0.000000 0.000000 1.662547 0.000000 0.000000
  107 -0.000001 6.109818 -0.000002 -1.995321 -0.406535 0.167982
  108 -0.000001 -0.000004 0.000000 1.625168 -0.330994 0.658650
  109 0.000000 0.000000 0.000000 -0.097827 -0.000000 0.000000
  110 0.000000 0.000000 0.000000 0.000000 -0.000000 0.000001
  111 -0.000000 3.025107 -0.296885 0.109082 0.322685 0.169854
  112 0.000000 0.000000 0.000000 0.095948 0.000000 -0.000000
  113 -0.000000 0.000000 0.000000 0.000000 -0.000000 0.000000
  114 0.000000 -0.000000 -0.000000 -0.000000 0.000000 0.000000
  115 0.904459 6.782032 3.867492 0.266795 -2.034703 -2.007109
  116 0.010187 19.450792 -0.828348 0.744175 2.855396 0.774560
  117 -0.000002 19.379272 -0.000001 1.801488 0.000000 -0.000000
  118 -0.000007 24.503317 0.000003 0.500568 1.864369 0.682858
  119 0.000000 0.000000 0.000000 0.000000 0.000001 0.000001
  120 0.000000 0.000000 0.000000 -0.000000 -0.000001 -0.000001
  121 0.000001 0.000001 0.000001 -0.000000 -0.000000 -0.000000
  122 0.000001 -0.000000 -0.000000 0.000000 -0.000000 0.000000
  123 -0.000003 12.251657 0.000004 -0.000000 0.904376 0.000000
  124 0.000000 0.000000 0.000000 -0.000001 0.001371 -0.000001
  125 0.000000 0.000000 0.000000 -0.000000 -0.000000 -0.000000
  126 0.000001 9.689634 0.000001 -0.000000 -0.779818 -0.000000
  127 0.000000 0.000000 0.000000 -0.000000 -0.000000 -0.000000
  128 0.000000 0.000003 -0.000000 0.000000 0.000000 0.000000
  129 0.010186 19.450794 -0.828333 -1.068311 -0.458283 0.722012
  130 0.010185 19.450794 -0.828333 0.041386 -0.124298 1.319062
  131 0.000001 0.000001 -0.000000 -1.332781 0.484537 -2.373637
  132 0.000002 20.126825 0.000001 0.277335 0.000000 -0.000000
  133 -0.000004 25.356461 -0.000003 0.198412 -0.005445 0.027074
  134 0.000000 0.000000 0.000000 -0.000000 0.000000 0.000000
  135 0.000001 0.000001 -0.000000 -1.227412 -0.159680 -2.708425
  136 0.000000 0.000008 -0.000001 -1.046956 1.016066 0.000001
  137 -0.000004 19.379265 -0.000004 1.801488 0.000000 -0.000000
  138 0.010187 19.450792 -0.828348 -1.493623 0.860903 -0.948943
  139 0.000000 0.000000 0.000000 -0.000000 -0.000000 -0.000000
  140 0.010187 19.450792 -0.828348 -1.493623 0.860903 -0.948943
  141 0.000002 9.689631 0.000001 0.000000 0.476608 0.000000
  142 -0.000004 9.689632 -0.000002 1.801488 0.779818 -0.000001
  143 -0.000001 12.251657 -0.000002 -0.000001 0.905747 -0.000001
  144 -0.000002 12.251651 0.000002 -0.385104 0.874687 -0.288757
  145 0.838801 0.695166 1.002010 -0.146528 0.831651 0.111056
  146 0.281100 5.623983 0.009033 0.057775 -0.287169 0.072685
  147 -0.000001 5.184047 -0.000000 1.425646 -0.003806 0.022167
  148 0.000002 5.576727 -0.000003 1.302607 0.000644 -0.036172
  149 0.281100 5.623983 0.009033 0.057775 -0.287169 0.072685
  150 -0.000001 5.184047 -0.000000 1.425646 -0.003806 0.022167
  151 0.000002 5.576727 -0.000003 1.302607 0.000644 -0.036172
  152 0.281103 5.623976 0.009021 0.057776 -0.287169 0.072685
  153 0.000000 0.000000 0.000000 -0.000000 -0.000000 -0.000000
  154 0.281100 5.623982 0.009031 0.057776 -0.287169 0.072685
  155 0.000000 0.000000 0.000000 0.000000 -0.000000 -0.000000
  156 -0.000002 5.184047 -0.000001 1.425645 -0.003806 0.022168
  157 0.000000 0.000000 0.000000 0.000000 -0.000001 -0.000000
  158 0.000001 5.576722 -0.000000 1.302607 0.000643 -0.036172
  159 0.000000 0.000000 0.000000 0.000000 -0.000000 -0.000000
  160 0.000001 9.158419 -0.000001 3.141592 0.324016 -0.000000
  161 -0.000001 -0.000001 -0.000000 -0.000000 -0.000000 -0.000000
  162 0.000000 0.000000 0.000000 -0.000000 -0.000000 -0.000000
  163 0.281100 5.623983 0.009033 0.057775 -0.287169 0.072685
  164 0.208224 1.308910 0.886648 -0.521836 0.710749 -0.438946
  165 -0.266036 4.574485 0.142632 0.177555 -0.296553 -0.038426
  166 0.000001 6.134692 0.000000 1.353081 -0.004721 0.048260
  167 0.000000 5.142238 -0.000001 1.257305 0.000043 -0.073620
  168 -0.266036 4.574485 0.142632 0.177555 -0.296553 -0.038426
  169 0.000001 6.134692 0.000000 1.353081 -0.004721 0.048260
  170 0.000000 5.142238 -0.000001 1.257305 0.000043 -0.073620
  171 -0.266037 4.574483 0.142632 0.177555 -0.296553 -0.038426
  172 0.000000 0.000000 0.000000 0.000000 -0.000000 -0.000000
  173 0.000000 0.000000 0.000000 0.000000 -0.000000 -0.000000
  174 -0.266036 4.574485 0.142632 0.177555 -0.296552 -0.038425
  175 0.000000 0.000000 0.000000 -0.000000 -0.000001 -0.000001
  176 0.000000 6.134692 -0.000001 1.353081 -0.004721 0.048261
  177 0.000000 0.000000 0.000000 -0.000000 -0.000001 -0.000001
  178 -0.000000 5.142237 -0.000001 1.257305 0.000043 -0.073619
  179 0.000000 0.000000 0.000000 -0.000000 -0.000001 -0.000001
  180 0.000002 9.920077 0.000002 -3.141593 0.323205 0.000000
  181 0.000000 -0.000000 -0.000002 0.000000 0.000000 -0.000000
  182 0.000000 0.000000 0.000000 -0.000000 0.000000 0.000000
  183 -0.266036 4.574485 0.142632 0.177555 -0.296553 -0.038426
  184 0.000000 0.000000 0.000000 0.000000 -0.000000 -0.000000
  185 1.229529 0.555898 1.288363 -0.746847 0.623235 -0.695221
  186 -0.926068 5.242898 -0.109790 0.207022 -0.080209 -0.208698
  187 -0.000000 5.046766 -0.000000 1.404821 0.005799 -0.038570
  188 -0.000001 4.876216 0.000000 1.369957 -0.002098 0.057279
  189 -0.926068 5.242898 -0.109790 0.207022 -0.080209 -0.208698
  190 -0.000000 5.046766 -0.000000 1.404821 0.005799 -0.038570
  191 -0.000001 4.876216 0.000000 1.369957 -0.002098 0.057279
  192 -0.926069 5.242900 -0.109786 0.207022 -0.080209 -0.208698
  193 0.000000 0.000000 0.000000 0.000000 -0.000000 0.000000
  194 0.000000 0.000000 0.000000 0.000000 -0.000000 0.000000
  195 -0.926068 5.242898 -0.109790 0.207022 -0.080209 -0.208698
  196 0.000000 0.000000 0.000000 0.000000 0.000000 -0.000000
  197 0.000001 5.046766 -0.000002 1.404820 0.005800 -0.038570
  198 0.000000 0.000000 0.000000 -0.000000 0.000000 0.000000
  199 -0.000002 4.876215 0.000002 1.369957 -0.002099 0.057281
  200 0.000000 0.000000 0.000000 0.000000 -0.000001 -0.000000
  201 0.000001 10.336263 0.000001 -3.141593 -0.095607 -0.000001
  202 -0.000001 -0.000002 -0.000001 0.000000 -0.000000 -0.000000
  203 -0.000000 -0.000001 -0.000002 0.000001 0.000000 0.000000
  204 -0.926068 5.242898 -0.109790 0.207022 -0.080209 -0.208698
  205 0.000000 0.000000 0.000000 0.000000 -0.000000 0.000000
  206 2.510276 0.335978 0.022940 -0.704386 0.728958 -0.808876
  207 -1.529753 3.951780 -0.559321 0.204092 -0.003080 -0.542466
  208 0.000001 4.945990 -0.000000 1.366144 0.001323 -0.011933
  209 0.000000 6.128851 0.000000 1.414514 -0.001326 0.020280
  210 -1.529753 3.951780 -0.559321 0.204092 -0.003080 -0.542466
  211 0.000001 4.945990 -0.000000 1.366144 0.001323 -0.011933
  212 0.000000 6.128851 0.000000 1.414514 -0.001326 0.020280
  213 -1.529748 3.951773 -0.559326 0.204093 -0.003080 -0.542466
  214 0.000000 0.000000 0.000000 -0.000000 -0.000000 -0.000000
  215 0.000000 0.000000 0.000000 -0.000000 -0.000000 -0.000000
  216 -1.529752 3.951779 -0.559322 0.204093 -0.003081 -0.542467
  217 0.000000 0.000000 0.000000 -0.000000 0.000001 0.000001
  218 0.000000 4.945987 -0.000001 1.366144 0.001324 -0.011934
  219 0.000000 0.000000 0.000000 0.000000 0.000001 0.000001
  220 0.000000 6.128851 -0.000001 1.414513 -0.001326 0.020280
  221 0.000000 0.000000 0.000000 0.000000 0.000001 0.000000
  222 0.000003 8.781747 -0.000000 3.141593 -0.488191 0.000000
  223 -0.000001 -0.000000 -0.000002 -0.000000 0.000000 -0.000000
  224 -0.000001 0.000001 -0.000000 -0.000000 -0.000000 0.000000
  225 -1.529753 3.951780 -0.559321 0.204092 -0.003080 -0.542466
  226 0.000000 0.000000 0.000000 -0.000000 -0.000000 -0.000000
  227 0.777027 1.281753 1.958796 0.196514 0.598662 0.924076
  228 1.401606 3.801101 -0.193542 0.213321 0.019605 0.282979
  229 -0.000000 4.879315 0.000000 1.377683 0.004531 -0.036921
  230 0.000001 5.043318 0.000001 1.322187 -0.001208 0.055324
  231 1.401606 3.801101 -0.193542 0.213321 0.019605 0.282979
  232 -0.000000 4.879315 0.000000 1.377683 0.004531 -0.036921
  233 0.000001 5.043318 0.000001 1.322187 -0.001208 0.055324
  234 1.401605 3.801100 -0.193545 0.213321 0.019605 0.282979
  235 0.000000 0.000000 0.000000 0.000000 -0.000000 -0.000000
  236 1.401606 3.801101 -0.193542 0.213321 0.019605 0.282979
  237 0.000000 0.000000 0.000000 -0.000000 0.000000 0.000001
  238 0.000001 4.879314 0.000000 1.377683 0.004531 -0.036922
  239 0.000000 0.000000 0.000000 0.000000 0.000000 0.000000
  240 -0.000000 5.043315 0.000001 1.322187 -0.001208 0.055324
  241 0.000000 0.000000 0.000000 0.000000 -0.000000 0.000000
  242 0.000002 10.325292 0.000001 3.141593 -0.093078 -0.000000
  243 0.000000 0.000000 0.000000 0.000000 -0.000000 -0.000000
  244 0.000002 0.000003 -0.000000 -0.000000 0.000000 -0.000000
  245 1.401606 3.801101 -0.193542 0.213321 0.019605 0.282979
  246 0.986053 0.947624 1.368040 0.166521 0.766158 0.595879
  247 0.912912 4.890408 -0.127014 0.036912 -0.459751 0.204801
  248 0.000001 4.968778 -0.000000 1.357622 0.003073 -0.030016
  249 -0.000002 5.803459 0.000001 1.343058 -0.001678 0.049316
  250 0.912912 4.890408 -0.127014 0.036912 -0.459751 0.204801
  251 0.000001 4.968778 -0.000000 1.357622 0.003073 -0.030016
  252 -0.000002 5.803459 0.000001 1.343058 -0.001678 0.049316
  253 0.912912 4.890406 -0.127019 0.036912 -0.459751 0.204801
  254 0.000000 0.000000 0.000000 0.000000 -0.000000 0.000000
  255 0.912911 4.890407 -0.127015 0.036912 -0.459751 0.204802
  256 0.000000 0.000000 0.000000 -0.000000 -0.000000 -0.000000
  257 0.000002 4.968780 0.000001 1.357623 0.003073 -0.030016
  258 0.000000 0.000000 0.000000 -0.000000 -0.000000 -0.000000
  259 -0.000001 5.803460 0.000001 1.343058 -0.001678 0.049316
  260 0.000000 0.000000 0.000000 -0.000000 -0.000000 0.000000
  261 0.000000 9.111451 0.000001 3.141592 0.806825 -0.000001
  262 -0.000000 -0.000001 -0.000000 0.000000 0.000000 -0.000000
  263 0.000001 0.000001 -0.000001 0.000000 0.000000 0.000000
  264 0.912912 4.890408 -0.127014 0.036912 -0.459751 0.204801
  265 2.510272 0.335974 0.022941 -0.704386 0.728957 -0.808876
  266 2.510272 0.335974 0.022941 -0.704386 0.728957 -0.808876
  267 2.510272 0.335974 0.022941 -0.704386 0.728957 -0.808876
  268 -0.904460 6.782041 3.867486 0.185731 1.896462 1.791781
  269 -0.010196 19.450792 -0.828342 -0.222635 -1.100691 0.815221
  270 0.000001 20.916904 -0.000002 0.007472 -0.000001 -0.000000
  271 0.000001 26.148273 0.000002 0.206912 -0.060334 0.285445
  272 0.000000 0.000000 0.000000 -0.000000 -0.000001 -0.000001
  273 -0.000000 0.000000 0.000000 -0.000000 0.000001 0.000001
  274 -0.000003 0.000001 -0.000002 -0.000000 0.000000 0.000000
  275 0.000000 -0.000000 -0.000000 0.000000 -0.000000 -0.000000
  276 -0.000004 13.074138 -0.000001 0.000001 -0.015137 0.000000
  277 -0.000000 0.000000 0.000000 -0.000001 -0.001371 0.000001
  278 0.000000 0.000000 -0.000000 -0.000000 0.000000 -0.000000
  279 -0.000002 10.458454 -0.000003 -0.000001 0.154489 -0.000000
  280 0.000000 0.000000 -0.000000 0.000000 0.000000 0.000001
  281 -0.000000 0.000002 0.000000 0.000000 -0.000000 0.000000
  282 -0.010189 19.450790 -0.828328 -1.068311 0.458283 -0.722012
  283 -0.010191 19.450792 -0.828336 0.041386 0.124298 -1.319061
  284 -0.000000 0.000001 -0.000000 -1.332781 -0.484537 2.373637
  285 -0.000000 20.126825 -0.000001 0.277335 -0.000001 0.000000
  286 0.000005 25.356464 -0.000007 0.198412 0.005445 -0.027074
  287 0.000000 0.000000 0.000000 0.000000 -0.000000 -0.000000
  288 -0.000000 0.000001 -0.000000 -0.275680 -0.758702 2.146256
  289 -0.000008 0.000003 -0.000001 -0.004152 -0.247454 0.000000
  290 0.000014 20.916895 0.000001 0.007472 -0.000001 -0.000000
  291 -0.010196 19.450792 -0.828342 -0.143546 -0.796564 0.719041
  292 0.000000 0.000000 0.000000 -0.000000 0.000000 0.000000
  293 -0.010196 19.450792 -0.828342 -0.143546 -0.796564 0.719041
  294 -0.000001 10.458449 -0.000002 0.000000 -0.154488 -0.000000
  295 -0.000002 10.458447 -0.000001 0.007473 -0.154489 -0.000000
  296 0.000001 13.074134 0.000005 0.000000 -0.016508 -0.000000
  297 -0.000004 13.074141 -0.000002 0.211565 -0.044493 0.285201
  298 -0.838802 0.695155 1.002015 -0.146529 -0.831651 -0.111056
  299 -0.061719 6.125699 0.003762 0.057776 0.287169 -0.072685
  300 -0.000001 5.184052 0.000000 0.401180 0.003807 -0.022167
  301 0.000000 5.576721 0.000001 0.278142 -0.000644 0.036172
  302 -0.061719 6.125699 0.003762 0.057776 0.287169 -0.072685
  303 -0.000001 5.184052 0.000000 0.401180 0.003807 -0.022167
  304 0.000000 5.576721 0.000001 0.278142 -0.000644 0.036172
  305 -0.061714 6.125696 0.003755 0.057776 0.287169 -0.072685
  306 0.000000 0.000000 0.000000 0.000000 0.000000 0.000000
  307 -0.061719 6.125699 0.003762 0.057776 0.287169 -0.072685
  308 0.000000 0.000000 0.000000 -0.000000 0.000000 0.000000
  309 0.000000 5.184052 -0.000001 0.401179 0.003806 -0.022168
  310 -0.000000 -0.000000 -0.000000 0.000000 0.000000 0.000000
  311 -0.000003 5.576720 0.000004 0.278142 -0.000643 0.036172
  312 0.000000 0.000000 0.000000 0.000000 0.000000 0.000000
  313 -0.000003 9.158414 0.000006 3.141592 -0.324016 0.000000
  314 -0.000000 -0.000001 -0.000001 0.000001 -0.000000 0.000000
  315 -0.000000 -0.000000 -0.000000 0.000001 0.000000 0.000000
  316 -0.061719 6.125699 0.003762 0.057776 0.287169 -0.072685
  317 -0.208224 1.308910 0.886642 -0.521836 -0.710749 0.438946
  318 0.094790 4.798353 0.057981 0.177554 0.296553 0.038426
  319 -0.000000 6.134694 0.000000 0.589627 0.004721 -0.048259
  320 0.000000 5.142237 -0.000002 0.493849 -0.000043 0.073619
  321 0.094790 4.798353 0.057981 0.177554 0.296553 0.038426
  322 -0.000000 6.134694 0.000000 0.589627 0.004721 -0.048259
  323 0.000000 5.142237 -0.000002 0.493849 -0.000043 0.073619
  324 0.094792 4.798350 0.057978 0.177554 0.296553 0.038426
  325 0.000000 0.000000 0.000000 -0.000000 0.000000 0.000000
  326 0.000000 0.000000 0.000000 -0.000000 0.000000 0.000000
  327 0.094790 4.798353 0.057981 0.177554 0.296552 0.038425
  328 0.000000 0.000000 0.000000 -0.000000 0.000001 0.000001
  329 0.000002 6.134695 -0.000002 0.589626 0.004721 -0.048261
  330 -0.000000 -0.000000 -0.000000 -0.000000 0.000001 0.000001
  331 -0.000003 5.142238 0.000002 0.493850 -0.000043 0.073619
  332 -0.000000 -0.000001 -0.000000 -0.000000 0.000001 0.000001
  333 0.000000 9.920086 0.000001 -3.141593 -0.323204 -0.000000
  334 0.000000 0.000001 0.000000 -0.000000 -0.000000 -0.000000
  335 0.000000 0.000000 0.000000 0.000000 0.000000 0.000001
  336 0.094790 4.798353 0.057981 0.177554 0.296553 0.038426
  337 0.000000 0.000000 0.000000 -0.000000 0.000000 0.000000
  338 -1.229530 0.555894 1.288362 -0.746847 -0.623235 0.695221
  339 0.160426 5.689308 -0.017304 0.207022 0.080209 0.208699
  340 -0.000000 5.046764 0.000000 0.380353 -0.005800 0.038569
  341 -0.000007 4.876210 0.000004 0.345491 0.002099 -0.057280
  342 0.160426 5.689308 -0.017304 0.207022 0.080209 0.208699
  343 -0.000000 5.046764 0.000000 0.380353 -0.005800 0.038569
  344 -0.000007 4.876210 0.000004 0.345491 0.002099 -0.057280
  345 0.160424 5.689300 -0.017300 0.207022 0.080209 0.208698
  346 -0.000000 0.000000 -0.000000 0.000000 0.000000 -0.000000
  347 -0.000000 0.000000 -0.000000 0.000000 0.000000 -0.000000
  348 0.160426 5.689308 -0.017304 0.207022 0.080209 0.208698
  349 0.000000 0.000000 0.000000 -0.000000 -0.000000 -0.000000
  350 -0.000004 5.046764 0.000001 0.380354 -0.005800 0.038571
  351 0.000000 0.000000 0.000000 -0.000000 -0.000000 -0.000000
  352 0.000003 4.876211 -0.000001 0.345490 0.002099 -0.057281
  353 0.000000 0.000000 0.000000 -0.000000 0.000001 0.000000
  354 0.000004 10.336259 0.000001 -3.141593 0.095607 0.000001
  355 -0.000000 0.000002 -0.000001 0.000000 0.000000 -0.000000
  356 0.000000 0.000000 0.000000 -0.000000 -0.000000 -0.000001
  357 0.160426 5.689308 -0.017304 0.207022 0.080209 0.208699
  358 -0.000000 0.000000 -0.000000 0.000000 0.000000 -0.000000
  359 -2.510280 0.335972 0.022937 -0.704387 -0.728958 0.808876
  360 0.590989 4.094735 -0.215696 0.204092 0.003080 0.542466
  361 0.000000 4.945987 -0.000000 0.602689 -0.001324 0.011933
  362 0.000000 6.128850 -0.000001 0.651057 0.001326 -0.020280
  363 0.590989 4.094735 -0.215696 0.204092 0.003080 0.542466
  364 0.000000 4.945987 -0.000001 0.602689 -0.001324 0.011933
  365 0.000000 6.128850 -0.000001 0.651057 0.001326 -0.020280
  366 0.590986 4.094739 -0.215696 0.204093 0.003080 0.542466
  367 -0.000000 0.000000 -0.000000 0.000000 0.000000 -0.000000
  368 -0.000000 0.000000 -0.000000 0.000000 0.000000 -0.000000
  369 0.590989 4.094735 -0.215696 0.204093 0.003081 0.542467
  370 0.000000 0.000000 0.000000 -0.000000 -0.000001 -0.000001
  371 0.000001 4.945988 -0.000001 0.602688 -0.001324 0.011934
  372 0.000000 0.000000 0.000000 0.000000 -0.000001 -0.000001
  373 0.000000 6.128850 -0.000000 0.651057 0.001326 -0.020280
  374 0.000000 0.000000 0.000000 0.000000 -0.000000 -0.000000
  375 0.000001 8.781744 0.000001 3.141593 0.488190 -0.000000
  376 0.000000 0.000001 -0.000001 0.000000 0.000000 -0.000000
  377 0.000000 0.000000 0.000000 0.000000 0.000000 0.000000
  378 0.590989 4.094735 -0.215696 0.204092 0.003080 0.542466
  379 -0.000000 0.000000 -0.000000 0.000000 0.000000 -0.000000
  380 -0.777033 1.281751 1.958794 0.196514 -0.598662 -0.924076
  381 -0.264118 4.357065 -0.036560 0.213321 -0.019605 -0.282980
  382 0.000000 4.879313 0.000001 0.353216 -0.004531 0.036922
  383 0.000000 5.043324 0.000001 0.297722 0.001208 -0.055325
  384 -0.264118 4.357065 -0.036560 0.213321 -0.019605 -0.282980
  385 0.000000 4.879313 0.000001 0.353216 -0.004531 0.036922
  386 0.000000 5.043324 0.000001 0.297722 0.001208 -0.055325
  387 -0.264118 4.357065 -0.036561 0.213321 -0.019605 -0.282980
  388 0.000000 0.000000 0.000000 0.000000 0.000000 -0.000000
  389 -0.264118 4.357065 -0.036560 0.213321 -0.019605 -0.282979
  390 0.000000 0.000000 0.000000 -0.000000 -0.000001 -0.000001
  391 0.000002 4.879313 0.000001 0.353217 -0.004530 0.036922
  392 0.000000 0.000000 0.000000 0.000000 -0.000000 -0.000000
  393 -0.000002 5.043324 -0.000003 0.297721 0.001208 -0.055324
  394 0.000000 0.000000 0.000000 -0.000000 0.000000 -0.000000
  395 0.000003 10.325291 0.000002 3.141593 0.093079 0.000000
  396 0.000000 0.000000 0.000000 0.000000 -0.000000 -0.000000
  397 0.000000 0.000000 0.000000 -0.000001 0.000000 0.000001
  398 -0.264118 4.357065 -0.036560 0.213321 -0.019605 -0.282980
  399 -0.986050 0.947621 1.368040 0.166521 -0.766158 -0.595879
  400 -0.365275 5.246757 -0.048597 0.036912 0.459751 -0.204801
  401 0.000000 4.968781 -0.000001 0.594168 -0.003073 0.030016
  402 0.000000 5.803463 -0.000001 0.579602 0.001678 -0.049315
  403 -0.365275 5.246757 -0.048597 0.036912 0.459751 -0.204801
  404 0.000000 4.968781 -0.000001 0.594168 -0.003073 0.030016
  405 0.000000 5.803463 -0.000001 0.579602 0.001678 -0.049315
  406 -0.365272 5.246757 -0.048598 0.036912 0.459751 -0.204801
  407 -0.000000 -0.000000 -0.000000 -0.000000 0.000000 -0.000000
  408 -0.365275 5.246757 -0.048597 0.036912 0.459751 -0.204801
  409 -0.000000 0.000000 0.000000 -0.000000 0.000000 0.000000
  410 0.000001 4.968781 -0.000002 0.594168 -0.003073 0.030015
  411 -0.000000 0.000000 0.000000 -0.000000 0.000000 0.000000
  412 0.000001 5.803464 -0.000000 0.579602 0.001678 -0.049316
  413 0.000000 0.000000 0.000000 -0.000000 -0.000000 -0.000000
  414 -0.000003 9.111457 -0.000005 3.141592 -0.806826 0.000001
  415 0.000000 -0.000002 -0.000000 -0.000001 -0.000000 0.000000
  416 -0.000000 0.000000 0.000000 -0.000000 -0.000000 -0.000000
  417 -0.365275 5.246757 -0.048597 0.036912 0.459751 -0.204801
  418 -2.510272 0.335966 0.022942 -0.704387 -0.728958 0.808876
  419 -2.510272 0.335966 0.022942 -0.704387 -0.728958 0.808876
  420 -2.510272 0.335966 0.022942 -0.704387 -0.728958 0.808876
  421 8.463111 -0.489842 -2.120319 1.542233 -0.000000 3.141593
  422 0.000000 -0.000001 -0.000001 0.000000 -0.000000 -0.000000
  423 -8.463112 -0.489840 -2.120322 1.542233 0.000000 -3.141593
  424 -0.000000 -0.000001 -0.000001 -0.000000 0.000000 -0.000000
  425 8.463112 -0.489836 -2.120323 1.542233 -0.000000 3.141593
  426 -8.463112 -0.489840 -2.120322 1.542233 0.000000 -3.141593
  427 0.904460 6.782038 3.867487 0.266795 -2.034703 -2.007109
  428 -0.904460 6.782041 3.867486 0.185731 1.896462 1.791781
  429 -0.000000 0.000000 0.000000 0.000000 0.000000 -0.000000
  430 -2.384858 45.420403 15.540361 0.000000 -0.000000 1.570796
  431 -24.063528 10.656938 1.419056 -2.198894 0.554803 1.567028
  432 0.000004 0.000005 0.000001 -0.000000 0.000000 0.000000
  433 -29.019398 -26.953098 17.167986 0.185204 -0.139937 2.551662
  434 28.070335 -16.511015 23.349865 0.636717 0.964785 -2.018134
  435 -2.384865 -45.420403 15.540361 0.000000 -0.000000 1.570796
  436 42.192074 -69.017731 6.101170 -0.988837 -0.856193 -1.938160
  437 -0.043934 -0.146238 0.033941 0.000000 -0.000000 0.000000
  438 -6.354210 -41.694382 20.017973 0.275653 -0.098438 2.812895
  439 -39.701382 -18.985815 11.814175 0.636716 -0.964784 2.018134
  440 -0.483101 8.250682 -13.900933 0.000000 -0.000000 1.570796
  441 3.032706 -3.471873 -0.494026 -0.018237 0.008961 0.214605
  442 -0.000000 -6.475163 -8.877784 -0.000000 -0.000000 0.000000
  443 -0.000000 6.475163 8.877784 0.170334 -0.038573 -0.008895
  444 -1.878118 12.014874 -0.599894 0.000000 -0.040101 0.000000
  445 3.953933 -0.000000 -0.000005 0.000000 -0.000000 0.000000
  446 -1.976966 0.000001 -0.000006 0.000000 -0.000000 0.000000
  447 -0.098849 -12.014873 0.599885 0.169977 0.001526 -0.008888
  448 0.000001 6.475163 8.877784 -2.200961 0.000249 0.000341
  449 0.000000 0.000001 0.000002 -0.000000 -0.000000 0.000000
  450 -0.000000 10.988303 0.000001 2.030994 -0.006864 -0.005315
  451 0.000000 0.000000 0.000000 -0.060252 -0.000000 3.141593
  452 32.538460 16.090979 -8.046858 0.044831 0.062782 1.846482
  453 0.697991 0.540537 -0.052554 -0.003598 0.000000 -0.000000
  454 -0.483102 -8.250682 -13.900933 0.000000 -0.000000 1.570796
  455 -0.000003 12.711825 7.252833 0.467379 0.000000 0.000000
  456 0.000001 -6.475164 -8.877786 -0.000000 0.000000 0.000000
  457 -0.000001 6.475164 8.877786 0.415526 0.000000 -0.000000
  458 1.878118 12.014879 -0.599892 -0.000000 0.000000 -0.000000
  459 -3.953931 -0.000002 -0.000002 -0.000000 -0.000000 -0.000000
  460 1.976970 -0.000007 -0.000002 -0.000000 -0.000000 -0.000000
  461 0.098850 -12.014874 0.599885 0.415526 -0.000000 0.000000
  462 0.000000 6.475166 8.877785 -2.200961 -0.000249 -0.000341
  463 -0.000001 -0.000000 -0.000001 -0.000000 -0.000000 0.000000
  464 -0.000002 10.988306 -0.000002 1.785435 -0.000422 0.000000
  465 0.000000 0.000000 0.000000 -0.060252 0.000000 -3.141593
  466 37.021397 0.244009 -7.011557 0.044831 0.062782 1.846482
  467 -11.029914 5.355375 -2.032723 -0.003598 0.000000 -0.000000
  time 6
  0 0.000000 0.000000 -23.603888 0.000000 -0.000000 1.570796
  1 -2.160060 3.020949 34.922981 2.001839 0.036440 0.686559
  2 -0.000001 10.999713 -0.000000 -0.046377 0.001759 0.037128
  3 0.000000 6.753160 -0.000000 0.135863 0.080447 -0.032677
  4 -0.000000 8.544813 0.000002 0.311686 0.610199 0.026502
  5 0.000000 9.518036 -0.000003 -0.300430 -0.423553 0.115429
  6 -0.000001 3.039642 -0.000000 0.215337 0.448214 0.094504
  7 -0.000003 3.098954 0.000003 -0.373569 0.098148 0.126385
  8 4.809563 28.508467 60.053192 0.926935 0.221344 1.714619
  9 22.029696 -27.017868 40.754730 -1.517506 0.979046 1.452844
  10 15.213751 -7.080398 24.485960 -2.044062 0.334746 1.222275
  11 -7.759171 -7.582104 15.320818 -2.736803 0.020802 0.031542
  12 -1.789155 0.000000 28.175615 0.000000 -0.000000 1.570796
  13 0.000000 0.000000 -11.863056 0.259459 0.036440 0.487978
  14 -0.000001 -1.769383 12.121019 -0.002324 0.051294 0.191790
  15 0.000000 -1.769385 12.121019 0.562819 -0.139582 0.857399
  16 -0.000001 -1.769383 12.121019 -0.002393 0.025591 0.095878
  17 0.000000 -0.000001 0.000000 1.694062 -0.000000 -0.000000
  18 -0.000000 -6.753160 0.000000 -1.699400 0.091957 -0.037327
  19 0.000000 0.000000 -0.000000 1.742380 0.000000 0.000000
  20 0.000000 -10.999711 0.000002 -0.000000 0.000000 0.000000
  21 0.000000 0.000000 0.000000 -0.000000 0.000000 0.000000
  22 0.000000 0.000000 0.000000 -1.341552 -1.993774 0.192913
  23 0.000000 -0.000002 0.000001 -0.000000 0.000000 -0.000000
  24 0.000000 0.000000 0.000000 -1.341552 1.993774 -0.192913
  25 0.000000 -0.000002 0.000001 -0.000000 -0.000000 -0.000000
  26 8.250685 -0.215590 2.184239 1.626602 -0.049644 0.099983
  27 0.000002 19.223776 0.000003 1.598299 0.000000 -0.000000
  28 -0.000003 15.579970 0.000000 -0.908697 0.328968 -0.231166
  29 -0.000076 10.987058 -0.000168 1.193244 3.128602 -0.009784
  30 -1.873868 4.392860 10.061476 -0.000523 0.630165 -1.571105
  31 0.000000 0.000001 0.000002 -0.000000 0.000000 -0.000000
  32 -0.000000 0.000000 -0.000000 0.000000 -0.000000 -0.000000
  33 -0.000001 0.000000 0.000001 0.000000 -0.000000 0.000000
  34 0.000000 0.000000 0.000000 0.000000 -0.000000 0.000000
  35 -0.000002 7.789988 0.000000 -0.000000 0.206883 0.000000
  36 0.000000 0.000000 0.000000 0.000000 0.000205 0.000000
  37 -0.000000 -0.000004 0.000002 0.000000 0.000000 -0.000000
  38 0.000001 9.611887 0.000003 0.000000 -0.079538 -0.000000
  39 -0.000000 0.000000 -0.000000 -0.000000 0.000000 -0.000000
  40 -8.250686 -0.215592 2.184240 2.435749 -0.583085 0.309576
  41 0.000003 19.196482 -0.000001 1.874574 0.000000 -0.000000
  42 0.000002 15.549293 0.000002 -1.671104 -0.031336 -0.032060
  43 0.000139 10.985978 -0.002106 0.880380 3.141171 -0.000000
  44 1.873868 4.392862 10.061479 0.000523 2.511427 1.571105
  45 -0.000000 -0.000000 0.000002 -0.000000 -0.000000 0.000000
  46 0.000000 0.000000 0.000000 0.000000 -0.000000 -0.000000
  47 0.000001 0.000001 -0.000001 0.000000 0.000000 0.000000
  48 0.000000 0.000000 0.000000 0.000000 -0.000000 0.000000
  49 0.000002 7.774648 -0.000001 0.000000 0.001651 0.000000
  50 -0.000000 -0.000000 0.000000 0.000000 -0.000205 -0.000000
  51 -0.000001 -0.000004 0.000000 -0.000000 -0.000000 -0.000000
  52 0.000002 9.598243 0.000001 0.000000 -0.416800 -0.000000
  53 0.000000 0.000000 0.000000 -0.000000 -0.000000 -0.000000
  54 8.250685 -0.215594 2.184241 2.903292 0.000000 -0.000000
  55 8.250685 -0.215594 2.184241 -1.742380 -0.000000 0.000000
  56 0.000000 -0.000001 0.000000 -1.637514 0.000000 -0.000000
  57 0.000001 19.896324 -0.000002 0.140362 -0.000000 -0.000000
  58 0.000000 16.264103 0.000001 -0.703810 -0.000322 0.000273
  59 -0.000000 -0.000000 0.000000 -0.000000 -0.000000 -0.000000
  60 0.000001 10.988297 -0.000002 0.880380 -3.141171 0.000000
  61 -0.000000 0.000000 0.000000 0.000000 -0.000000 0.000000
  62 0.000000 -0.000001 0.000000 -2.221480 -0.031637 0.010736
  63 -0.000000 -0.000004 -0.000001 -0.691938 0.096399 0.000000
  64 0.000002 19.223772 0.000003 1.598299 0.000000 -0.000000
  65 8.250685 -0.215590 2.184239 1.632769 -0.041687 -0.034917
  66 -0.000000 -0.000001 0.000000 0.000000 0.000000 -0.000000
  67 8.250685 -0.215591 2.184238 1.632770 -0.041687 -0.034917
  68 -0.000001 9.611889 0.000002 -0.000000 0.055456 -0.000000
  69 -0.000001 9.611889 0.000001 1.598298 0.079538 0.000000
  70 0.000001 7.789979 -0.000000 0.000000 0.207088 -0.000000
  71 -0.000000 7.789986 0.000000 -0.861202 0.127101 -0.220365
  72 0.000001 10.987082 0.000000 1.193228 3.128602 -0.009791
  73 -8.250685 -0.215592 2.184239 2.903292 0.000000 -0.000000
  74 -8.250685 -0.215592 2.184239 -1.742380 -0.000000 0.000000
  75 -0.000000 -0.000001 0.000000 -1.637514 0.000000 0.000000
  76 0.000001 19.896324 -0.000000 0.140363 0.000000 -0.000000
  77 -0.000001 16.264101 0.000000 -0.703810 0.000322 -0.000273
  78 0.000000 0.000000 0.000000 -0.000000 0.000000 0.000000
  79 0.000002 10.988297 0.000000 0.880380 3.141171 -0.000000
  80 0.000000 0.000000 0.000000 0.000000 0.000000 0.000000
  81 -0.000001 -0.000001 0.000000 -1.319733 -0.358051 -0.045004
  82 0.000001 0.000000 0.000000 -0.795317 0.603301 0.000000
  83 0.000004 19.196478 -0.000000 1.874574 0.000000 -0.000000
  84 -8.250687 -0.215592 2.184239 2.568770 -0.043475 -0.101183
  85 0.000000 0.000000 0.000000 0.000000 -0.000000 0.000000
  86 -8.250687 -0.215592 2.184239 2.568770 -0.043475 -0.101184
  87 0.000001 9.598247 -0.000000 -0.000000 0.245570 -0.000000
  88 -0.000001 9.598245 0.000002 1.874574 0.416800 0.000000
  89 0.000002 7.774643 0.000001 0.000000 0.001446 -0.000000
  90 -0.000000 7.774649 0.000000 -1.671250 -0.032794 -0.032060
  91 0.000001 10.986004 -0.000000 0.880188 3.141171 0.000012
  92 -0.000000 0.000000 0.000001 -0.048317 -0.000000 0.000000
  93 -0.000000 0.000000 0.000000 -0.000000 -0.000000 0.000000
  94 0.000000 -10.999711 0.000002 -0.000000 -0.000000 -0.000000
  95 -0.000000 -1.769384 12.121019 0.296241 -0.008228 0.438007
  96 0.000000 -0.000001 0.000001 1.538979 -0.000000 -0.000000
  97 -0.000001 0.000000 -0.000000 0.007007 -0.171633 0.015800
  98 0.000000 0.000000 0.000000 -0.155084 0.000000 -0.000000
  99 0.000000 0.000000 0.000000 0.000000 0.000000 0.000000
  100 -0.000000 8.544817 0.000003 -1.235577 0.437465 0.023976
  101 0.000000 0.000000 0.000000 1.542233 -0.000000 -0.000000
  102 0.000000 9.518038 -0.000001 -0.300430 -0.423553 0.115429
  103 0.000000 3.039642 0.000000 0.215337 0.448214 0.094504
  104 -0.000003 3.098954 0.000003 -0.373569 0.098148 0.126385
  105 0.000000 9.518038 -0.000001 -1.865148 -0.423553 0.115428
  106 0.000000 0.000000 0.000000 1.662547 -0.000000 -0.000000
  107 -0.000000 6.109810 0.000005 -1.995321 -0.406535 0.167981
  108 -0.000003 -0.000005 0.000001 1.617264 -0.370111 0.887850
  109 0.000000 0.000000 0.000000 -0.097827 -0.000000 0.000000
  110 0.000000 0.000000 0.000000 0.000001 0.000000 0.000001
  111 -0.000002 3.025108 -0.296891 0.149057 0.430848 0.198096
  112 0.000000 0.000000 0.000000 0.095948 -0.000000 0.000000
  113 0.000000 0.000001 0.000001 0.000000 -0.000000 0.000000
  114 -0.000000 -0.000001 -0.000001 0.000000 -0.000000 0.000000
  115 0.904463 6.782046 3.867488 0.266795 -2.034703 -2.007109
  116 0.010191 19.450800 -0.828343 0.682146 2.609197 0.849582
  117 -0.000004 19.428402 -0.000001 1.474417 0.000000 -0.000000
  118 0.000001 24.589880 -0.000004 0.058025 1.317877 0.026985
  119 0.000000 0.000000 0.000000 -0.000000 0.000001 0.000001
  120 0.000000 0.000000 0.000000 -0.000000 -0.000001 -0.000001
  121 -0.000001 0.000000 -0.000002 -0.000000 -0.000000 -0.000000
  122 0.000001 -0.000001 -0.000001 0.000000 -0.000000 0.000000
  123 0.000001 12.294941 -0.000004 -0.000000 0.658991 -0.000000
  124 0.000002 -0.000001 0.000000 -0.000001 0.001371 -0.000001
  125 0.000000 0.000000 0.000000 -0.000000 -0.000000 0.000000
  126 0.000001 9.714200 0.000002 -0.000000 -0.605571 0.000000
  127 0.000000 0.000000 0.000000 -0.000000 -0.000000 -0.000001
  128 0.000000 0.000002 -0.000001 0.000000 0.000000 0.000000
  129 0.010184 19.450809 -0.828330 -1.068311 -0.458283 0.722012
  130 0.010184 19.450809 -0.828330 0.041386 -0.124298 1.319061
  131 0.000000 0.000000 0.000000 -1.332781 0.484537 -2.373637
  132 0.000001 20.126822 -0.000002 0.277335 0.000000 -0.000000
  133 -0.000002 25.356459 -0.000000 0.198412 -0.005445 0.027073
  134 0.000000 0.000000 0.000000 -0.000000 0.000000 0.000000
  135 0.000000 0.000000 0.000000 -1.178712 0.208629 -2.593892
  136 0.000009 0.000003 0.000001 -0.843268 0.942927 0.000000
  137 0.000000 19.428402 -0.000003 1.474417 0.000000 -0.000000
  138 0.010191 19.450800 -0.828343 -1.374251 0.983799 -0.877524
  139 0.000000 0.000000 0.000000 -0.000000 -0.000000 -0.000000
  140 0.010191 19.450800 -0.828343 -1.374251 0.983798 -0.877523
  141 0.000001 9.714195 -0.000000 0.000000 0.445181 0.000001
  142 0.000001 9.714198 -0.000000 1.474416 0.605571 -0.000001
  143 0.000001 12.294942 -0.000002 0.000000 0.660362 0.000000
  144 0.000001 12.294938 0.000001 0.037112 0.657585 0.008530
  145 0.838799 0.695163 1.002012 -0.146529 0.831651 0.111056
  146 0.325595 5.525952 0.010455 0.057776 -0.287169 0.072685
  147 0.000001 5.184052 0.000002 1.624351 -0.003806 0.022168
  148 -0.000000 5.576725 0.000002 1.501314 0.000643 -0.036172
  149 0.325595 5.525952 0.010455 0.057776 -0.287169 0.072685
  150 0.000001 5.184052 0.000002 1.624351 -0.003806 0.022168
  151 -0.000000 5.576725 0.000002 1.501314 0.000643 -0.036172
  152 0.325591 5.525955 0.010452 0.057776 -0.287169 0.072685
  153 0.000000 0.000000 0.000000 0.000000 -0.000000 -0.000000
  154 0.325595 5.525952 0.010455 0.057776 -0.287169 0.072685
  155 0.000000 0.000000 0.000000 -0.000000 -0.000000 -0.000000
  156 0.000000 5.184050 0.000002 1.624352 -0.003806 0.022168
  157 0.000000 0.000000 0.000000 0.000000 -0.000000 -0.000001
  158 0.000001 5.576726 -0.000000 1.501314 0.000643 -0.036172
  159 0.000000 0.000000 0.000000 -0.000000 -0.000000 -0.000000
  160 -0.000001 9.158415 0.000000 3.141593 0.324016 -0.000000
  161 0.000002 -0.000003 0.000001 -0.000000 0.000000 0.000000
  162 0.000000 0.000002 0.000001 -0.000000 0.000000 -0.000000
  163 0.325595 5.525952 0.010455 0.057776 -0.287169 0.072685
  164 0.208224 1.308915 0.886646 -0.521836 0.710749 -0.438946
  165 -0.308134 4.516371 0.165207 0.177555 -0.296553 -0.038426
  166 0.000000 6.134700 0.000002 1.551787 -0.004721 0.048261
  167 0.000001 5.142241 0.000001 1.456011 0.000043 -0.073620
  168 -0.308134 4.516371 0.165207 0.177555 -0.296553 -0.038427
  169 -0.000000 6.134700 0.000002 1.551787 -0.004721 0.048261
  170 0.000000 5.142241 0.000001 1.456011 0.000043 -0.073620
  171 -0.308137 4.516369 0.165209 0.177555 -0.296553 -0.038426
  172 -0.000000 0.000001 -0.000001 0.000000 -0.000000 -0.000000
  173 -0.000000 0.000001 -0.000001 0.000000 -0.000000 -0.000000
  174 -0.308134 4.516371 0.165207 0.177554 -0.296552 -0.038425
  175 0.000000 0.000000 0.000000 -0.000000 -0.000001 -0.000001
  176 0.000005 6.134699 0.000002 1.551788 -0.004721 0.048261
  177 0.000000 0.000000 0.000000 -0.000000 -0.000001 -0.000001
  178 -0.000003 5.142239 0.000000 1.456011 0.000043 -0.073619
  179 0.000000 0.000000 0.000000 -0.000000 -0.000001 -0.000001
  180 -0.000005 9.920087 0.000001 -3.141592 0.323205 0.000000
  181 -0.000000 -0.000001 -0.000001 0.000000 0.000000 0.000000
  182 0.000004 0.000002 -0.000002 0.000000 0.000000 0.000000
  183 -0.308134 4.516371 0.165207 0.177555 -0.296553 -0.038426
  184 -0.000000 0.000001 -0.000001 0.000000 -0.000000 -0.000000
  185 1.229532 0.555900 1.288368 -0.746847 0.623235 -0.695221
  186 -1.072621 5.156837 -0.127161 0.207022 -0.080208 -0.208699
  187 0.000001 5.046766 0.000001 1.603527 0.005799 -0.038569
  188 0.000001 4.876214 0.000000 1.568663 -0.002099 0.057280
  189 -1.072621 5.156837 -0.127161 0.207022 -0.080208 -0.208699
  190 0.000001 5.046766 0.000001 1.603527 0.005799 -0.038569
  191 0.000001 4.876214 0.000000 1.568663 -0.002099 0.057280
  192 -1.072618 5.156833 -0.127167 0.207022 -0.080209 -0.208698
  193 0.000000 0.000000 0.000000 -0.000000 -0.000000 0.000000
  194 0.000000 0.000000 0.000000 -0.000000 -0.000000 0.000000
  195 -1.072621 5.156837 -0.127161 0.207022 -0.080209 -0.208698
  196 0.000000 0.000000 0.000000 0.000000 0.000000 0.000000
  197 0.000004 5.046767 -0.000001 1.603526 0.005800 -0.038570
  198 0.000000 0.000000 0.000000 -0.000000 0.000000 0.000000
  199 0.000001 4.876213 0.000000 1.568664 -0.002099 0.057281
  200 0.000000 0.000000 0.000000 0.000000 -0.000001 -0.000001
  201 -0.000004 10.336267 -0.000004 -3.141593 -0.095607 -0.000001
  202 0.000001 -0.000004 -0.000001 -0.000000 -0.000000 0.000000
  203 0.000001 0.000001 -0.000004 0.000000 -0.000000 -0.000000
  204 -1.072621 5.156837 -0.127161 0.207022 -0.080208 -0.208699
  205 0.000000 0.000000 0.000000 -0.000000 -0.000000 0.000000
  206 2.510279 0.335977 0.022936 -0.704386 0.728957 -0.808876
  207 -1.771828 3.915277 -0.647837 0.204092 -0.003080 -0.542466
  208 0.000001 4.945990 -0.000002 1.564850 0.001323 -0.011933
  209 -0.000002 6.128856 -0.000001 1.613220 -0.001326 0.020280
  210 -1.771828 3.915277 -0.647837 0.204092 -0.003080 -0.542466
  211 0.000001 4.945990 -0.000002 1.564850 0.001323 -0.011933
  212 -0.000002 6.128856 -0.000001 1.613220 -0.001326 0.020280
  213 -1.771835 3.915267 -0.647842 0.204092 -0.003080 -0.542466
  214 0.000000 0.000000 0.000000 -0.000000 -0.000000 0.000000
  215 0.000000 0.000000 0.000000 -0.000000 -0.000000 0.000000
  216 -1.771831 3.915274 -0.647838 0.204093 -0.003080 -0.542467
  217 0.000000 0.000000 0.000000 -0.000000 0.000001 0.000001
  218 0.000000 4.945986 -0.000002 1.564850 0.001324 -0.011934
  219 0.000000 0.000000 0.000000 -0.000000 0.000001 0.000001
  220 -0.000001 6.128854 -0.000003 1.613220 -0.001326 0.020280
  221 0.000000 0.000000 0.000000 0.000000 0.000000 0.000000
  222 -0.000001 8.781751 -0.000001 3.141593 -0.488190 0.000000
  223 -0.000001 -0.000000 -0.000002 -0.000000 0.000000 0.000000
  224 0.000000 -0.000002 -0.000004 -0.000001 0.000000 0.000000
  225 -1.771828 3.915277 -0.647837 0.204092 -0.003080 -0.542466
  226 0.000000 0.000000 0.000000 -0.000000 -0.000000 0.000000
  227 0.777028 1.281753 1.958797 0.196514 0.598662 0.924076
  228 1.623410 3.691533 -0.224167 0.213321 0.019605 0.282979
  229 0.000002 4.879315 0.000002 1.576389 0.004530 -0.036922
  230 -0.000001 5.043322 0.000001 1.520894 -0.001208 0.055324
  231 1.623410 3.691533 -0.224167 0.213321 0.019605 0.282979
  232 0.000002 4.879315 0.000002 1.576389 0.004530 -0.036922
  233 -0.000001 5.043322 0.000001 1.520894 -0.001208 0.055324
  234 1.623410 3.691537 -0.224174 0.213321 0.019605 0.282979
  235 0.000000 0.000000 0.000000 0.000000 -0.000000 -0.000000
  236 1.623410 3.691533 -0.224167 0.213321 0.019605 0.282979
  237 0.000000 0.000000 0.000000 -0.000000 0.000001 0.000000
  238 -0.000001 4.879314 0.000000 1.576389 0.004530 -0.036922
  239 0.000000 0.000000 0.000000 -0.000000 0.000000 0.000000
  240 -0.000002 5.043321 -0.000001 1.520894 -0.001208 0.055324
  241 0.000000 0.000000 0.000000 -0.000000 0.000000 0.000000
  242 0.000002 10.325296 -0.000000 3.141593 -0.093079 -0.000000
  243 0.000001 -0.000001 -0.000001 0.000000 0.000000 -0.000000
  244 0.000000 0.000000 0.000000 -0.000000 -0.000000 0.000000
  245 1.623410 3.691533 -0.224167 0.213321 0.019605 0.282979
  246 0.986051 0.947617 1.368037 0.166521 0.766158 0.595878
  247 1.057389 4.796068 -0.147111 0.036911 -0.459751 0.204801
  248 0.000002 4.968776 -0.000000 1.556329 0.003073 -0.030016
  249 -0.000001 5.803466 0.000003 1.541764 -0.001678 0.049315
  250 1.057389 4.796068 -0.147111 0.036911 -0.459751 0.204801
  251 0.000002 4.968776 0.000000 1.556329 0.003073 -0.030016
  252 -0.000001 5.803466 0.000002 1.541764 -0.001678 0.049315
  253 1.057385 4.796061 -0.147119 0.036912 -0.459751 0.204801
  254 0.000000 0.000000 0.000000 -0.000000 -0.000000 0.000000
  255 1.057388 4.796065 -0.147114 0.036912 -0.459751 0.204801
  256 0.000000 0.000000 0.000000 -0.000000 -0.000000 -0.000000
  257 -0.000000 4.968776 -0.000002 1.556329 0.003073 -0.030015
  258 0.000000 0.000000 0.000000 0.000000 -0.000000 -0.000000
  259 -0.000001 5.803465 -0.000000 1.541764 -0.001678 0.049316
  260 0.000000 0.000000 0.000000 0.000000 -0.000000 0.000000
  261 0.000004 9.111456 0.000001 3.141592 0.806825 -0.000000
  262 0.000001 -0.000002 0.000001 -0.000000 0.000000 -0.000000
  263 0.000001 0.000001 -0.000001 -0.000000 0.000000 0.000000
  264 1.057389 4.796068 -0.147111 0.036911 -0.459751 0.204801
  265 2.510271 0.335970 0.022938 -0.704386 0.728957 -0.808876
  266 2.510271 0.335970 0.022938 -0.704386 0.728957 -0.808876
  267 2.510271 0.335970 0.022938 -0.704386 0.728957 -0.808876
  268 -0.904462 6.782043 3.867490 -0.121515 1.847894 1.411410
  269 -0.010188 19.450808 -0.828330 2.033013 -1.939391 -0.557222
  270 0.000005 19.463160 0.000003 1.359387 -0.000000 -0.000000
  271 -0.000001 24.638155 0.000001 -0.067531 -0.349260 -0.177689
  272 0.000000 0.000000 0.000000 -0.000000 -0.000001 -0.000001
  273 -0.000001 0.000001 0.000000 0.000000 0.000001 0.000001
  274 -0.000003 0.000005 0.000001 -0.000000 0.000000 0.000001
  275 0.000001 -0.000002 -0.000000 0.000000 0.000000 -0.000000
  276 -0.000001 12.319081 0.000000 0.000000 -0.171322 0.000000
  277 0.000000 0.000000 0.000000 -0.000000 -0.001371 0.000001
  278 0.000000 0.000000 0.000000 0.000000 0.000000 -0.000000
  279 0.000004 9.731581 0.000002 0.000000 0.739325 -0.000000
  280 0.000000 0.000000 0.000000 -0.000000 0.000000 0.000000
  281 0.000001 0.000002 0.000000 0.000000 -0.000000 0.000000
  282 -0.010191 19.450808 -0.828329 -1.068311 0.458283 -0.722012
  283 -0.010191 19.450808 -0.828329 0.041386 0.124298 -1.319061
  284 0.000000 0.000000 -0.000000 -1.332781 -0.484537 2.373637
  285 -0.000000 20.126827 0.000001 0.277335 -0.000000 -0.000000
  286 -0.000002 25.356461 -0.000002 0.198412 0.005445 -0.027074
  287 0.000000 0.000000 0.000000 -0.000000 -0.000000 -0.000000
  288 0.000000 0.000000 -0.000000 -0.029485 0.424310 -2.695863
  289 -0.000005 -0.000002 0.000000 -0.774231 -1.551563 -0.000006
  290 0.000007 19.463154 -0.000001 1.359387 -0.000000 -0.000000
  291 -0.010188 19.450808 -0.828330 -0.329640 -0.086332 1.533607
  292 0.000000 0.000000 0.000000 -0.000000 0.000000 0.000000
  293 -0.010188 19.450808 -0.828330 -0.329639 -0.086331 1.533607
  294 0.000002 9.731579 -0.000003 -0.000001 -0.569687 0.000001
  295 -0.000002 9.731579 0.000001 1.359387 -0.739325 0.000000
  296 -0.000002 12.319077 0.000001 0.000000 -0.172693 0.000000
  297 0.000001 12.319071 -0.000001 -0.098403 -0.179150 -0.169597
  298 -0.838798 0.695169 1.002013 -0.146528 -0.831651 -0.111056
  299 -0.334002 5.507416 0.010722 0.057776 0.287169 -0.072685
  300 -0.000003 5.184048 0.000000 1.661931 0.003806 -0.022168
  301 -0.000000 5.576725 -0.000001 1.538893 -0.000643 0.036172
  302 -0.334002 5.507416 0.010722 0.057776 0.287169 -0.072685
  303 -0.000003 5.184048 0.000000 1.661931 0.003806 -0.022168
  304 -0.000000 5.576725 -0.000001 1.538893 -0.000643 0.036172
  305 -0.334006 5.507413 0.010721 0.057776 0.287169 -0.072685
  306 0.000000 0.000000 0.000000 -0.000000 0.000000 0.000000
  307 -0.334002 5.507416 0.010722 0.057775 0.287169 -0.072685
  308 0.000000 0.000000 0.000000 0.000000 0.000000 0.000000
  309 0.000000 5.184050 0.000001 1.661931 0.003806 -0.022168
  310 0.000000 -0.000000 0.000000 0.000000 0.000000 0.000000
  311 0.000002 5.576725 -0.000001 1.538893 -0.000643 0.036172
  312 0.000000 0.000000 0.000000 0.000000 0.000000 0.000000
  313 0.000000 9.158421 -0.000002 3.141592 -0.324016 0.000001
  314 -0.000003 0.000002 -0.000000 -0.000000 0.000000 -0.000000
  315 -0.000003 -0.000000 0.000002 -0.000000 -0.000000 -0.000000
  316 -0.334002 5.507416 0.010722 0.057776 0.287169 -0.072685
  317 -0.208218 1.308910 0.886643 -0.521836 -0.710749 0.438947
  318 0.316093 4.505377 0.169481 0.177555 0.296553 0.038426
  319 0.000000 6.134695 -0.000001 1.589366 0.004721 -0.048260
  320 0.000001 5.142241 0.000000 1.493590 -0.000043 0.073620
  321 0.316093 4.505377 0.169481 0.177555 0.296553 0.038426
  322 0.000000 6.134695 -0.000001 1.589366 0.004721 -0.048260
  323 0.000001 5.142241 0.000000 1.493590 -0.000043 0.073620
  324 0.316100 4.505376 0.169478 0.177555 0.296553 0.038426
  325 0.000000 0.000000 0.000000 0.000000 0.000000 -0.000000
  326 0.000000 0.000000 0.000000 0.000000 0.000000 -0.000000
  327 0.316093 4.505377 0.169481 0.177555 0.296552 0.038425
  328 0.000000 -0.000000 -0.000000 -0.000000 0.000001 0.000001
  329 0.000001 6.134695 0.000000 1.589367 0.004721 -0.048261
  330 0.000000 -0.000000 0.000000 -0.000000 0.000000 0.000001
  331 0.000002 5.142241 0.000000 1.493590 -0.000043 0.073618
  332 -0.000000 -0.000000 -0.000000 -0.000000 0.000001 0.000001
  333 -0.000000 9.920089 -0.000000 -3.141592 -0.323204 -0.000000
  334 -0.000004 0.000000 0.000001 0.000000 0.000000 0.000000
  335 0.000000 0.000000 0.000000 -0.000000 -0.000000 -0.000000
  336 0.316093 4.505377 0.169481 0.177555 0.296553 0.038426
  337 0.000000 0.000000 0.000000 0.000000 0.000000 -0.000000
  338 -1.229537 0.555889 1.288360 -0.746848 -0.623235 0.695221
  339 1.100332 5.140555 -0.130451 0.207022 0.080208 0.208698
  340 -0.000000 5.046767 -0.000000 1.641106 -0.005800 0.038570
  341 -0.000001 4.876220 0.000002 1.606242 0.002098 -0.057281
  342 1.100332 5.140555 -0.130451 0.207022 0.080208 0.208698
  343 -0.000000 5.046767 -0.000000 1.641106 -0.005800 0.038570
  344 -0.000001 4.876220 0.000002 1.606242 0.002098 -0.057281
  345 1.100340 5.140554 -0.130451 0.207022 0.080209 0.208698
  346 0.000000 0.000000 0.000000 0.000000 -0.000000 0.000000
  347 0.000000 0.000000 0.000000 0.000000 -0.000000 0.000000
  348 1.100332 5.140555 -0.130451 0.207022 0.080209 0.208698
  349 0.000000 0.000000 0.000000 -0.000000 -0.000000 -0.000000
  350 0.000001 5.046767 -0.000001 1.641105 -0.005799 0.038570
  351 0.000000 0.000000 -0.000000 -0.000000 -0.000000 -0.000000
  352 -0.000002 4.876216 0.000002 1.606242 0.002099 -0.057281
  353 0.000000 -0.000000 -0.000000 0.000000 0.000001 0.000000
  354 0.000002 10.336261 -0.000000 -3.141593 0.095607 0.000001
  355 -0.000000 0.000000 0.000000 0.000000 -0.000000 -0.000000
  356 0.000000 0.000000 -0.000000 0.000000 -0.000000 0.000000
  357 1.100332 5.140555 -0.130451 0.207022 0.080209 0.208698
  358 0.000000 0.000000 0.000000 0.000000 -0.000000 0.000000
  359 -2.510272 0.335973 0.022940 -0.704386 -0.728957 0.808876
  360 1.817612 3.908356 -0.664587 0.204093 0.003080 0.542466
  361 0.000000 4.945985 0.000002 1.602429 -0.001323 0.011933
  362 0.000000 6.128850 0.000000 1.650799 0.001326 -0.020280
  363 1.817612 3.908356 -0.664587 0.204093 0.003080 0.542466
  364 0.000000 4.945985 0.000002 1.602429 -0.001323 0.011933
  365 0.000000 6.128850 0.000000 1.650799 0.001326 -0.020280
  366 1.817614 3.908361 -0.664585 0.204093 0.003080 0.542466
  367 0.000000 0.000000 0.000000 0.000000 0.000000 -0.000000
  368 0.000000 0.000000 0.000000 0.000000 0.000000 -0.000000
  369 1.817612 3.908356 -0.664587 0.204093 0.003081 0.542467
  370 0.000000 0.000000 0.000000 -0.000000 -0.000001 -0.000001
  371 0.000000 4.945985 0.000002 1.602429 -0.001324 0.011934
  372 0.000000 0.000000 -0.000000 0.000000 -0.000001 -0.000001
  373 0.000001 6.128848 -0.000003 1.650798 0.001326 -0.020280
  374 0.000000 0.000000 0.000000 0.000000 -0.000000 -0.000000
  375 -0.000004 8.781748 -0.000001 3.141593 0.488191 -0.000000
  376 -0.000000 0.000000 0.000000 -0.000000 -0.000000 0.000000
  377 -0.000000 -0.000000 0.000000 -0.000000 -0.000000 -0.000000
  378 1.817612 3.908356 -0.664587 0.204093 0.003080 0.542466
  379 0.000000 0.000000 0.000000 0.000000 0.000000 -0.000000
  380 -0.777027 1.281752 1.958797 0.196514 -0.598662 -0.924076
  381 -1.665369 3.670820 -0.229968 0.213321 -0.019605 -0.282980
  382 0.000000 4.879313 -0.000000 1.613969 -0.004530 0.036921
  383 -0.000001 5.043317 0.000000 1.558473 0.001208 -0.055324
  384 -1.665369 3.670820 -0.229968 0.213321 -0.019605 -0.282979
  385 -0.000000 4.879313 0.000000 1.613969 -0.004530 0.036921
  386 -0.000001 5.043317 0.000000 1.558473 0.001208 -0.055324
  387 -1.665365 3.670821 -0.229966 0.213321 -0.019605 -0.282980
  388 0.000000 0.000000 0.000000 0.000000 -0.000000 -0.000000
  389 -1.665369 3.670820 -0.229968 0.213321 -0.019605 -0.282979
  390 0.000000 0.000000 0.000000 0.000000 -0.000000 -0.000001
  391 -0.000001 4.879312 0.000000 1.613969 -0.004530 0.036922
  392 0.000000 0.000000 0.000000 0.000000 -0.000000 -0.000000
  393 -0.000001 5.043319 0.000000 1.558473 0.001208 -0.055324
  394 0.000000 0.000000 0.000000 0.000000 -0.000000 0.000000
  395 0.000002 10.325289 -0.000000 3.141593 0.093079 0.000000
  396 0.000000 0.000000 0.000000 -0.000000 0.000000 0.000000
  397 -0.000000 0.000000 -0.000000 0.000000 0.000000 0.000000
  398 -1.665369 3.670820 -0.229968 0.213321 -0.019605 -0.282980
  399 -0.986050 0.947623 1.368041 0.166521 -0.766158 -0.595878
  400 -1.084707 4.778214 -0.150926 0.036912 0.459751 -0.204801
  401 0.000001 4.968781 -0.000000 1.593909 -0.003073 0.030016
  402 0.000001 5.803467 0.000000 1.579342 0.001678 -0.049315
  403 -1.084707 4.778214 -0.150926 0.036912 0.459751 -0.204801
  404 0.000001 4.968781 -0.000000 1.593909 -0.003073 0.030016
  405 0.000001 5.803467 0.000000 1.579342 0.001678 -0.049315
  406 -1.084705 4.778218 -0.150925 0.036912 0.459751 -0.204801
  407 0.000000 0.000000 0.000000 -0.000000 0.000000 -0.000000
  408 -1.084707 4.778214 -0.150926 0.036912 0.459751 -0.204801
  409 0.000000 0.000000 0.000000 -0.000000 0.000000 0.000000
  410 0.000001 4.968781 0.000001 1.593908 -0.003073 0.030016
  411 -0.000000 0.000000 -0.000000 -0.000000 0.000000 0.000000
  412 -0.000001 5.803467 0.000004 1.579343 0.001678 -0.049315
  413 0.000000 0.000000 0.000000 -0.000000 -0.000000 -0.000000
  414 -0.000001 9.111457 0.000000 3.141592 -0.806826 0.000001
  415 -0.000003 0.000003 0.000000 0.000000 -0.000000 -0.000000
  416 -0.000000 0.000000 -0.000000 0.000001 -0.000000 0.000000
  417 -1.084707 4.778214 -0.150926 0.036912 0.459751 -0.204801
  418 -2.510272 0.335973 0.022941 -0.704386 -0.728957 0.808876
  419 -2.510272 0.335973 0.022941 -0.704386 -0.728957 0.808876
  420 -2.510272 0.335973 0.022941 -0.704386 -0.728957 0.808876
  421 8.463118 -0.489835 -2.120326 1.542233 0.000000 3.141593
  422 0.000000 -0.000000 -0.000000 0.000000 -0.000000 0.000000
  423 -8.463119 -0.489837 -2.120324 1.542233 0.000000 -3.141593
  424 0.000000 -0.000001 -0.000000 0.000000 -0.000000 0.000000
  425 8.463118 -0.489835 -2.120326 1.542233 0.000000 3.141593
  426 -8.463119 -0.489837 -2.120324 1.542233 0.000000 -3.141593
  427 0.904462 6.782047 3.867488 0.266795 -2.034703 -2.007109
  428 -0.904462 6.782043 3.867490 -0.121515 1.847894 1.411410
  429 0.000000 0.000001 0.000001 0.000000 -0.000000 0.000000
  430 -2.384858 45.420403 15.540361 0.000000 -0.000000 1.570796
  431 -28.078356 29.339258 -0.000004 -2.017604 0.298277 2.326593
  432 0.000004 0.000002 -0.000007 0.000000 0.000000 0.000000
  433 -20.098892 -33.505833 20.459883 0.341804 -0.288664 2.806301
  434 26.783676 -8.259007 32.806866 0.636717 0.964785 -2.018134
  435 -2.384865 -45.420403 15.540361 0.000000 -0.000000 1.570796
  436 80.180244 -9.039379 7.112511 0.504664 -0.916880 -1.176246
  437 -0.000004 -0.000003 0.000001 0.000000 -0.000000 -0.000000
  438 13.155609 -41.124680 19.409658 0.391192 -0.282021 -3.070282
  439 -61.807053 -52.735226 9.096778 0.636717 -0.964784 2.018134
  440 -0.483101 8.250682 -13.900933 0.000000 -0.000000 1.570796
  441 3.032704 2.143745 -0.494026 -0.018237 0.008961 0.214605
  442 0.000001 -6.475163 -8.877784 -0.000000 -0.000000 0.000000
  443 -0.000001 6.475164 8.877784 0.314053 -0.068702 -0.015833
  444 -1.878116 12.014875 -0.599893 -0.000000 -0.073822 0.000000
  445 3.953934 -0.000000 -0.000005 0.000000 0.000000 -0.000000
  446 -1.976970 -0.000000 -0.000006 -0.000000 0.000000 -0.000000
  447 -0.098847 -12.014872 0.599886 0.312885 0.005111 -0.015796
  448 -0.000001 6.475163 8.877782 -2.200961 0.000249 0.000341
  449 -0.000002 0.000000 0.000001 0.000000 0.000000 0.000000
  450 0.000002 10.988300 -0.000002 1.888097 -0.012991 -0.009784
  451 0.000000 0.000000 0.000000 -0.060252 -0.000000 3.141593
  452 17.948713 24.284443 -18.727282 0.259459 0.036440 2.257355
  453 -0.565104 1.529933 -0.362825 -0.003598 0.000000 -0.000000
  454 -0.483102 -8.250682 -13.900933 0.000000 -0.000000 1.570796
  455 -0.000001 7.395319 7.184167 0.629655 -0.000000 0.000000
  456 -0.000000 -6.475163 -8.877783 -0.000000 -0.000000 0.000000
  457 0.000000 6.475163 8.877783 -0.000000 -0.000000 0.000000
  458 1.878121 12.014875 -0.599894 -0.000000 -0.000000 0.000000
  459 -3.953935 -0.000001 -0.000002 -0.000000 -0.000000 0.000000
  460 1.976967 -0.000002 -0.000003 -0.000000 -0.000000 0.000000
  461 0.098848 -12.014876 0.599885 -0.000000 -0.000000 0.000000
  462 -0.000000 6.475163 8.877784 -2.200961 -0.000249 -0.000341
  463 0.000001 0.000002 0.000000 -0.000000 0.000000 0.000000
  464 0.000001 10.988304 -0.000001 2.200961 -0.000422 -0.000000
  465 0.000000 0.000000 0.000000 -0.060252 0.000000 3.141593
  466 28.401648 11.530231 -18.126101 0.259459 0.036440 2.257355
  467 -16.135803 9.354865 -3.286940 -0.003598 0.000000 -0.000000
  time 7
  0 0.000000 0.000000 -23.603888 0.000000 -0.000000 1.570796
  1 -1.375475 3.382087 31.772270 1.936084 0.027635 0.364983
  2 -0.000000 10.999718 0.000000 -0.046778 0.001418 0.029808
  3 0.000000 6.753161 0.000001 0.102097 -0.018906 -0.010159
  4 0.000001 8.544828 0.000001 0.259582 0.285682 0.000470
  5 -0.000001 9.518033 -0.000001 -0.239793 -0.212069 0.056714
  6 0.000000 3.039626 -0.000001 0.208633 0.377207 0.077822
  7 -0.000000 3.098968 -0.000000 -0.350240 0.172451 -0.071048
  8 29.314180 20.099657 61.405891 2.078007 0.625238 1.955871
  9 -6.512314 -35.401081 41.271267 0.154928 -3.105661 1.310902
  10 11.930266 -10.304744 19.364098 -2.351653 0.264239 0.624672
  11 -8.921859 -13.430193 16.082878 -2.534104 -0.035521 -0.067935
  12 -1.789155 0.000000 28.175615 0.000000 -0.000000 1.570796
  13 0.000000 0.000000 -14.870014 0.194622 0.024095 0.184980
  14 0.000000 -1.769384 12.121011 -0.002193 0.038475 0.175860
  15 0.000002 -1.769385 12.121012 0.509310 -0.042723 0.433199
  16 0.000000 -1.769384 12.121011 -0.001943 0.019189 0.087924
  17 0.000000 -0.000001 0.000000 1.694062 -0.000000 0.000000
  18 -0.000000 -6.753161 0.000001 -1.698120 0.084871 -0.029950
  19 0.000000 0.000000 -0.000000 1.742379 -0.000000 0.000000
  20 0.000001 -10.999719 0.000003 -0.000000 -0.000000 0.000000
  21 0.000000 0.000000 0.000000 -0.000000 -0.000000 0.000000
  22 0.000000 0.000000 0.000000 -1.341552 -1.993774 0.192913
  23 -0.000000 -0.000002 0.000000 -0.000000 0.000000 -0.000000
  24 0.000000 0.000000 0.000000 -1.341553 1.993774 -0.192914
  25 0.000000 -0.000003 0.000001 -0.000000 -0.000000 -0.000000
  26 8.250679 -0.215599 2.184243 1.813967 -0.091525 0.278458
  27 0.000007 19.192268 -0.000001 1.941496 -0.000000 -0.000000
  28 -0.000002 15.544379 0.000000 -1.193053 0.083935 0.072840
  29 -0.000132 10.987144 -0.000278 1.312947 3.123468 -0.013529
  30 -1.873868 4.392863 10.061480 -0.000523 0.630166 -1.571105
  31 0.000000 0.000001 0.000002 -0.000000 0.000000 -0.000000
  32 -0.000000 0.000000 -0.000000 0.000000 -0.000000 -0.000000
  33 -0.000000 0.000003 -0.000001 0.000000 -0.000000 -0.000000
  34 0.000000 0.000000 0.000000 0.000000 0.000000 0.000000
  35 -0.000001 7.772192 -0.000001 -0.000000 0.015614 0.000000
  36 0.000000 0.000000 0.000000 0.000000 0.000204 -0.000000
  37 -0.000000 -0.000003 0.000002 -0.000000 -0.000000 -0.000000
  38 0.000003 9.596135 0.000004 0.000000 -0.194049 -0.000000
  39 -0.000000 0.000000 -0.000000 -0.000000 0.000000 -0.000000
  40 -8.250678 -0.215600 2.184241 2.070032 -0.370247 0.179037
  41 0.000000 19.182167 0.000001 2.113863 0.000000 0.000000
  42 -0.000001 15.532928 0.000001 -1.925458 -0.005575 0.042829
  43 -0.000021 10.986675 -0.001411 0.892905 3.141171 -0.000000
  44 1.873868 4.392864 10.061481 0.000523 2.511427 1.571105
  45 -0.000000 0.000001 0.000002 -0.000000 0.000000 0.000000
  46 0.000000 0.000000 -0.000000 0.000000 -0.000000 -0.000000
  47 -0.000000 0.000001 0.000000 -0.000000 -0.000000 0.000000
  48 0.000000 0.000000 0.000000 -0.000000 -0.000000 0.000000
  49 -0.000001 7.766466 -0.000003 0.000000 -0.024397 -0.000000
  50 0.000000 0.000000 0.000000 0.000000 -0.000205 0.000000
  51 -0.000000 -0.000003 0.000001 -0.000000 0.000000 0.000000
  52 -0.000001 9.591084 0.000002 0.000000 -0.291343 0.000000
  53 -0.000000 0.000001 -0.000001 -0.000000 -0.000000 -0.000000
  54 8.250679 -0.215595 2.184242 2.903292 -0.000000 -0.000000
  55 8.250679 -0.215597 2.184243 -1.742379 -0.000000 0.000000
  56 -0.000000 -0.000001 0.000000 -1.637513 0.000000 -0.000000
  57 0.000001 19.896324 -0.000001 0.140363 -0.000000 -0.000000
  58 0.000000 16.264103 0.000001 -0.703810 -0.000322 0.000273
  59 0.000000 0.000000 0.000000 -0.000000 -0.000000 -0.000000
  60 -0.000001 10.988298 -0.000000 0.880380 -3.141170 0.000000
  61 0.000000 0.000000 0.000000 0.000000 -0.000000 0.000000
  62 -0.000000 -0.000001 -0.000002 -1.917283 -0.198342 0.035189
  63 0.000002 -0.000002 0.000001 -0.818442 0.182163 -0.000000
  64 0.000006 19.192263 0.000000 1.941496 -0.000000 -0.000000
  65 8.250679 -0.215601 2.184244 1.829846 -0.015559 -0.015885
  66 -0.000000 -0.000001 0.000001 -0.000000 -0.000000 0.000000
  67 8.250679 -0.215601 2.184243 1.829846 -0.015560 -0.015885
  68 0.000000 9.596137 0.000000 -0.000001 0.109459 -0.000000
  69 -0.000001 9.596135 -0.000000 1.941496 0.194048 0.000000
  70 -0.000000 7.772185 0.000000 0.000000 0.015818 0.000000
  71 0.000000 7.772192 -0.000000 -1.194233 0.068170 0.072756
  72 -0.000002 10.987167 0.000001 1.312922 3.123469 -0.013541
  73 -8.250678 -0.215597 2.184239 2.903292 -0.000000 -0.000000
  74 -8.250678 -0.215598 2.184240 -1.742379 -0.000000 0.000000
  75 -0.000000 -0.000001 0.000000 -1.637513 0.000000 0.000000
  76 -0.000000 19.896324 -0.000001 0.140363 0.000000 0.000000
  77 0.000001 16.264105 -0.000001 -0.703810 0.000322 -0.000273
  78 0.000000 0.000000 0.000000 -0.000000 0.000000 0.000000
  79 -0.000000 10.988298 -0.000000 0.880380 3.141170 -0.000000
  80 0.000000 0.000000 0.000000 0.000000 0.000000 -0.000000
  81 -0.000000 -0.000001 -0.000002 -1.585388 -0.104458 0.000951
  82 0.000000 0.000000 0.000001 -0.872801 0.396065 0.000000
  83 -0.000000 19.182161 0.000002 2.113863 0.000000 0.000000
  84 -8.250678 -0.215600 2.184241 2.168446 -0.140996 -0.203219
  85 0.000000 -0.000000 0.000000 -0.000000 0.000000 0.000000
  86 -8.250678 -0.215600 2.184240 2.168446 -0.140996 -0.203219
  87 -0.000001 9.591084 -0.000002 -0.000000 0.142824 -0.000000
  88 0.000001 9.591083 -0.000001 2.113863 0.291344 0.000000
  89 0.000001 7.766459 -0.000001 0.000001 -0.024601 -0.000000
  90 -0.000002 7.766468 0.000000 -1.924533 0.019006 0.042836
  91 0.000001 10.986696 0.000001 0.892776 3.141170 -0.000002
  92 -0.000000 0.000000 0.000001 -0.048318 -0.000000 -0.000000
  93 0.000000 0.000000 0.000000 -0.000000 0.000000 0.000000
  94 0.000001 -10.999719 0.000003 -0.000000 -0.000000 -0.000000
  95 0.000001 -1.769385 12.121012 0.256958 0.006473 0.219317
  96 0.000000 -0.000001 0.000001 1.538978 0.000000 0.000000
  97 -0.000000 -0.000000 -0.000000 0.026479 -0.066001 0.004208
  98 0.000000 0.000000 0.000000 -0.155084 -0.000000 0.000000
  99 0.000000 0.000000 0.000000 -0.000000 0.000000 -0.000000
  100 0.000001 8.544829 -0.000003 -1.282683 0.219411 0.000462
  101 -0.000000 0.000000 -0.000000 1.542233 0.000000 0.000000
  102 -0.000001 9.518033 -0.000003 -0.239793 -0.212069 0.056714
  103 -0.000000 3.039619 0.000003 0.208633 0.377207 0.077822
  104 -0.000000 3.098968 -0.000000 -0.350240 0.172451 -0.071048
  105 -0.000001 9.518033 -0.000003 -1.804516 -0.212069 0.056714
  106 0.000000 0.000000 0.000000 1.662547 -0.000000 -0.000000
  107 -0.000000 6.109807 0.000005 -1.927184 -0.203717 0.082063
  108 -0.000003 -0.000003 0.000001 1.615128 -0.159129 0.758147
  109 0.000000 0.000000 0.000000 -0.097827 -0.000000 -0.000000
  110 0.000000 0.000000 0.000000 0.000001 -0.000000 0.000001
  111 0.000000 3.025094 -0.296879 0.067356 0.377645 0.081045
  112 0.000000 0.000000 0.000000 0.095948 -0.000000 0.000000
  113 -0.000001 0.000001 0.000001 0.000000 0.000000 0.000000
  114 0.000001 -0.000001 -0.000001 0.000000 0.000000 0.000000
  115 0.904457 6.782044 3.867485 0.266795 -2.034703 -2.007109
  116 0.010188 19.450794 -0.828338 -0.061396 2.791538 0.249693
  117 -0.000001 19.365696 0.000006 2.107554 0.000000 0.000000
  118 0.000002 24.445866 0.000001 0.052520 0.542146 -0.091036
  119 0.000000 0.000000 0.000000 0.000000 0.000001 0.000001
  120 0.000000 0.000000 0.000000 -0.000000 -0.000001 -0.000001
  121 0.000001 -0.000001 -0.000001 -0.000000 -0.000001 -0.000000
  122 0.000000 0.000000 0.000000 0.000000 -0.000000 0.000000
  123 -0.000002 12.222929 -0.000000 0.000000 0.269776 -0.000000
  124 0.000000 0.000000 0.000000 -0.000001 0.001371 -0.000001
  125 0.000000 0.000000 0.000000 -0.000000 -0.000000 -0.000000
  126 0.000003 9.682847 0.000007 0.000001 -1.035055 -0.000001
  127 0.000000 0.000000 0.000000 -0.000000 -0.000000 -0.000000
  128 0.000000 0.000003 -0.000000 0.000000 0.000000 -0.000000
  129 0.010186 19.450792 -0.828331 -1.068310 -0.458283 0.722012
  130 0.010186 19.450792 -0.828331 0.041386 -0.124298 1.319062
  131 0.000000 0.000001 -0.000000 -1.332781 0.484537 -2.373637
  132 0.000001 20.126827 -0.000002 0.277335 0.000000 -0.000000
  133 -0.000005 25.356459 -0.000001 0.198412 -0.005445 0.027074
  134 0.000000 0.000000 0.000000 -0.000000 0.000000 0.000000
  135 0.000000 0.000001 -0.000000 -1.249449 0.244678 -2.568258
  136 0.000001 0.000008 -0.000000 -1.254822 1.520803 0.000012
  137 -0.000003 19.365690 0.000006 2.107554 0.000000 0.000000
  138 0.010188 19.450794 -0.828338 0.187601 1.256614 0.449389
  139 0.000000 0.000000 0.000000 -0.000000 -0.000001 -0.000000
  140 0.010188 19.450794 -0.828338 0.187599 1.256614 0.449387
  141 0.000000 9.682844 0.000001 0.000001 0.494096 0.000001
  142 -0.000000 9.682849 0.000001 2.107553 1.035056 -0.000001
  143 0.000000 12.222932 -0.000000 0.000000 0.271148 -0.000001
  144 0.000000 12.222937 -0.000002 0.077801 0.271985 -0.080935
  145 0.838805 0.695166 1.002012 -0.146529 0.831651 0.111056
  146 0.300565 5.569642 0.008314 0.057776 -0.287169 0.072685
  147 0.000002 5.184052 -0.000000 1.535068 -0.003806 0.022167
  148 -0.000000 5.576726 0.000000 1.412030 0.000643 -0.036172
  149 0.300565 5.569642 0.008314 0.057776 -0.287169 0.072685
  150 0.000002 5.184052 -0.000000 1.535068 -0.003806 0.022167
  151 -0.000000 5.576726 0.000000 1.412030 0.000643 -0.036172
  152 0.300556 5.569634 0.008311 0.057776 -0.287169 0.072685
  153 0.000000 0.000000 0.000000 0.000000 0.000000 0.000000
  154 0.300563 5.569639 0.008314 0.057776 -0.287169 0.072685
  155 0.000000 0.000000 0.000000 -0.000000 -0.000000 -0.000000
  156 -0.000000 5.184049 0.000000 1.535068 -0.003806 0.022168
  157 0.000000 0.000000 0.000000 0.000000 -0.000000 -0.000000
  158 -0.000000 5.576726 0.000000 1.412030 0.000643 -0.036172
  159 0.000000 0.000000 0.000000 0.000000 -0.000000 -0.000000
  160 0.000001 9.158415 -0.000001 3.141592 0.324016 -0.000001
  161 0.000001 -0.000002 -0.000000 -0.000000 0.000000 0.000000
  162 0.000002 -0.000000 -0.000001 -0.000000 -0.000000 -0.000000
  163 0.300565 5.569642 0.008314 0.057776 -0.287169 0.072685
  164 0.208220 1.308909 0.886644 -0.521836 0.710749 -0.438946
  165 -0.281383 4.597222 0.124810 0.177555 -0.296553 -0.038426
  166 -0.000000 6.134696 -0.000001 1.279454 -0.004720 0.048260
  167 -0.000000 5.142239 0.000002 1.183679 0.000043 -0.073619
  168 -0.281383 4.597222 0.124810 0.177555 -0.296553 -0.038426
  169 -0.000000 6.134696 -0.000001 1.279454 -0.004720 0.048260
  170 -0.000000 5.142239 0.000002 1.183679 0.000043 -0.073619
  171 -0.281385 4.597210 0.124808 0.177555 -0.296553 -0.038426
  172 -0.000001 0.000000 -0.000000 -0.000000 -0.000000 -0.000000
  173 -0.000001 0.000000 -0.000000 -0.000000 -0.000000 -0.000000
  174 -0.281384 4.597218 0.124809 0.177555 -0.296552 -0.038425
  175 0.000000 0.000000 0.000000 -0.000000 -0.000001 -0.000001
  176 -0.000000 6.134694 0.000002 1.279455 -0.004721 0.048261
  177 0.000000 0.000000 0.000000 -0.000000 -0.000001 -0.000001
  178 0.000001 5.142240 -0.000002 1.183679 0.000043 -0.073619
  179 0.000000 0.000000 0.000000 -0.000000 -0.000001 -0.000001
  180 0.000001 9.920084 -0.000000 -3.141593 0.323205 0.000000
  181 0.000001 -0.000001 -0.000001 -0.000000 0.000000 0.000000
  182 -0.000000 0.000000 -0.000002 -0.000000 0.000000 -0.000000
  183 -0.281383 4.597222 0.124810 0.177555 -0.296553 -0.038426
  184 -0.000001 0.000000 -0.000000 -0.000000 -0.000000 -0.000000
  185 1.229534 0.555899 1.288363 -0.746848 0.623235 -0.695221
  186 -1.006772 5.195510 -0.119358 0.207022 -0.080209 -0.208698
  187 -0.000000 5.046769 -0.000001 1.514243 0.005799 -0.038570
  188 -0.000001 4.876214 0.000000 1.479379 -0.002098 0.057280
  189 -1.006772 5.195510 -0.119358 0.207022 -0.080209 -0.208698
  190 -0.000000 5.046769 -0.000001 1.514243 0.005799 -0.038570
  191 -0.000001 4.876214 0.000000 1.479379 -0.002098 0.057280
  192 -1.006771 5.195510 -0.119358 0.207022 -0.080209 -0.208698
  193 0.000000 0.000000 0.000000 -0.000000 -0.000000 0.000000
  194 0.000000 0.000000 0.000000 -0.000000 -0.000000 0.000000
  195 -1.006772 5.195510 -0.119358 0.207022 -0.080208 -0.208698
  196 0.000000 0.000000 0.000000 -0.000000 0.000000 -0.000000
  197 -0.000002 5.046770 0.000002 1.514243 0.005800 -0.038570
  198 0.000000 0.000000 0.000000 -0.000000 0.000000 0.000000
  199 -0.000001 4.876213 0.000001 1.479380 -0.002099 0.057280
  200 0.000000 0.000000 0.000000 0.000000 -0.000001 -0.000000
  201 0.000001 10.336267 0.000000 -3.141592 -0.095607 -0.000001
  202 -0.000001 0.000000 0.000000 0.000000 0.000000 -0.000000
  203 -0.000001 0.000000 -0.000002 0.000000 0.000000 0.000000
  204 -1.006772 5.195510 -0.119358 0.207022 -0.080209 -0.208698
  205 0.000000 0.000000 0.000000 -0.000000 -0.000000 0.000000
  206 2.510271 0.335970 0.022941 -0.704386 0.728957 -0.808876
  207 -1.440050 3.965301 -0.526531 0.204093 -0.003080 -0.542466
  208 -0.000001 4.945989 0.000001 1.292518 0.001323 -0.011933
  209 -0.000001 6.128856 0.000001 1.340887 -0.001326 0.020280
  210 -1.440050 3.965301 -0.526531 0.204093 -0.003080 -0.542466
  211 -0.000001 4.945989 0.000001 1.292518 0.001323 -0.011933
  212 -0.000001 6.128856 0.000001 1.340887 -0.001326 0.020280
  213 -1.440048 3.965301 -0.526532 0.204093 -0.003080 -0.542466
  214 0.000000 0.000000 0.000000 -0.000000 -0.000000 -0.000000
  215 0.000000 0.000000 0.000000 -0.000000 -0.000000 -0.000000
  216 -1.440050 3.965301 -0.526531 0.204093 -0.003080 -0.542467
  217 0.000000 0.000000 0.000000 -0.000000 0.000001 0.000001
  218 0.000000 4.945988 0.000001 1.292518 0.001324 -0.011934
  219 0.000000 0.000000 0.000000 -0.000000 0.000001 0.000001
  220 -0.000001 6.128852 0.000001 1.340887 -0.001326 0.020280
  221 0.000000 0.000000 0.000000 -0.000000 0.000000 0.000000
  222 0.000002 8.781745 0.000001 3.141593 -0.488191 0.000000
  223 0.000000 0.000000 0.000000 -0.000000 0.000000 -0.000000
  224 -0.000001 0.000000 -0.000001 0.000000 -0.000000 0.000000
  225 -1.440050 3.965301 -0.526531 0.204093 -0.003080 -0.542466
  226 0.000000 0.000000 0.000000 -0.000000 -0.000000 -0.000000
  227 0.777027 1.281748 1.958797 0.196515 0.598662 0.924076
  228 1.523751 3.740769 -0.210409 0.213321 0.019605 0.282979
  229 -0.000000 4.879315 -0.000001 1.487105 0.004530 -0.036921
  230 0.000004 5.043320 -0.000001 1.431610 -0.001208 0.055324
  231 1.523751 3.740769 -0.210409 0.213321 0.019605 0.282979
  232 -0.000000 4.879315 -0.000001 1.487105 0.004530 -0.036921
  233 0.000004 5.043320 -0.000001 1.431610 -0.001208 0.055324
  234 1.523744 3.740765 -0.210412 0.213321 0.019605 0.282980
  235 -0.000000 0.000001 0.000000 -0.000000 -0.000000 -0.000000
  236 1.523751 3.740769 -0.210409 0.213321 0.019605 0.282979
  237 0.000000 0.000000 0.000000 -0.000000 0.000001 0.000001
  238 0.000000 4.879316 0.000001 1.487105 0.004530 -0.036922
  239 0.000000 0.000000 0.000000 0.000000 0.000000 0.000000
  240 0.000000 5.043319 0.000000 1.431610 -0.001208 0.055324
  241 -0.000000 -0.000000 -0.000000 -0.000000 -0.000000 -0.000000
  242 0.000001 10.325292 0.000002 3.141593 -0.093078 -0.000000
  243 0.000000 0.000000 0.000000 0.000000 -0.000000 -0.000000
  244 0.000000 0.000000 0.000000 -0.000000 0.000000 -0.000000
  245 1.523751 3.740769 -0.210409 0.213321 0.019605 0.282979
  246 0.986050 0.947620 1.368038 0.166521 0.766158 0.595878
  247 0.859383 4.925360 -0.119573 0.036912 -0.459751 0.204801
  248 0.000001 4.968777 -0.000000 1.283997 0.003073 -0.030015
  249 -0.000000 5.803462 0.000000 1.269431 -0.001678 0.049315
  250 0.859383 4.925360 -0.119573 0.036912 -0.459751 0.204801
  251 0.000000 4.968777 -0.000000 1.283997 0.003073 -0.030015
  252 -0.000000 5.803462 0.000000 1.269431 -0.001678 0.049315
  253 0.859383 4.925365 -0.119569 0.036912 -0.459751 0.204801
  254 0.000000 0.000000 0.000000 0.000000 -0.000000 0.000000
  255 0.859383 4.925360 -0.119573 0.036912 -0.459751 0.204802
  256 0.000000 0.000000 0.000000 -0.000000 -0.000000 -0.000000
  257 0.000001 4.968779 -0.000001 1.283996 0.003073 -0.030015
  258 0.000000 0.000000 0.000000 -0.000000 -0.000000 -0.000000
  259 -0.000002 5.803464 0.000002 1.269431 -0.001678 0.049316
  260 0.000000 0.000000 0.000000 0.000000 0.000000 0.000000
  261 0.000002 9.111452 -0.000002 3.141592 0.806825 -0.000001
  262 -0.000000 -0.000001 -0.000000 -0.000000 0.000000 -0.000000
  263 0.000003 -0.000000 -0.000002 0.000000 -0.000000 0.000000
  264 0.859383 4.925360 -0.119573 0.036912 -0.459751 0.204801
  265 2.510271 0.335970 0.022941 -0.704387 0.728957 -0.808876
  266 2.510271 0.335970 0.022941 -0.704387 0.728957 -0.808876
  267 2.510271 0.335970 0.022941 -0.704387 0.728957 -0.808876
  268 -0.904463 6.782036 3.867491 -0.136269 1.817350 1.396978
  269 -0.010193 19.450787 -0.828325 -0.721461 -0.822369 1.812951
  270 0.000002 19.697548 -0.000000 0.976816 -0.000001 -0.000000
  271 0.000004 24.908155 0.000000 -0.101038 -0.343360 0.123492
  272 0.000000 0.000000 0.000000 0.000000 -0.000001 -0.000001
  273 0.000000 0.000000 0.000000 -0.000000 0.000001 0.000001
  274 -0.000001 0.000002 0.000001 -0.000000 0.000000 0.000000
  275 0.000000 -0.000001 -0.000000 0.000000 0.000000 -0.000000
  276 -0.000001 12.454079 -0.000001 0.000000 -0.174434 0.000000
  277 0.000000 -0.000000 -0.000000 -0.000001 -0.001371 0.000001
  278 0.000000 0.000000 0.000000 -0.000000 0.000000 -0.000000
  279 -0.000001 9.848774 -0.000000 -0.000000 0.376546 -0.000000
  280 0.000000 0.000000 0.000000 -0.000000 0.000000 0.000000
  281 0.000000 0.000002 0.000000 0.000000 -0.000000 0.000000
  282 -0.010193 19.450787 -0.828325 -1.068311 0.458283 -0.722012
  283 -0.010193 19.450787 -0.828325 0.041386 0.124298 -1.319061
  284 -0.000001 0.000001 -0.000000 -1.332781 -0.484537 2.373637
  285 -0.000002 20.126822 0.000002 0.277335 -0.000000 0.000000
  286 0.000002 25.356459 0.000001 0.198412 0.005445 -0.027074
  287 0.000000 0.000000 0.000000 -0.000000 -0.000000 -0.000000
  288 0.000000 0.000000 0.000000 -0.091220 -0.087009 3.029989
  289 0.000000 0.000000 0.000000 -0.550397 -0.613109 -0.000000
  290 0.000004 19.697546 -0.000003 0.976815 -0.000001 -0.000000
  291 -0.010193 19.450787 -0.828325 -0.479292 -0.225748 1.356207
  292 0.000000 0.000000 0.000000 -0.000000 0.000000 0.000000
  293 -0.010193 19.450787 -0.828325 -0.479292 -0.225748 1.356207
  294 -0.000004 9.848771 0.000001 0.000000 -0.332084 -0.000000
  295 -0.000001 9.848768 0.000001 0.976815 -0.376547 0.000001
  296 0.000001 12.454081 0.000000 0.000000 -0.175805 -0.000001
  297 0.000001 12.454078 -0.000001 -0.079182 -0.168826 0.117935
  298 -0.838802 0.695164 1.002011 -0.146529 -0.831651 -0.111056
  299 -0.229188 5.738392 0.007361 0.057776 0.287169 -0.072684
  300 0.000000 5.184054 -0.000003 1.193716 0.003806 -0.022168
  301 0.000000 5.576725 -0.000000 1.070677 -0.000643 0.036172
  302 -0.229188 5.738392 0.007361 0.057776 0.287169 -0.072684
  303 0.000000 5.184054 -0.000003 1.193716 0.003806 -0.022168
  304 0.000000 5.576725 -0.000000 1.070677 -0.000643 0.036172
  305 -0.229181 5.738389 0.007358 0.057776 0.287169 -0.072685
  306 0.000000 0.000000 0.000000 0.000000 -0.000000 -0.000000
  307 -0.229188 5.738392 0.007361 0.057776 0.287169 -0.072685
  308 0.000000 0.000000 0.000000 -0.000000 0.000000 0.000000
  309 -0.000002 5.184052 -0.000002 1.193715 0.003806 -0.022168
  310 0.000000 0.000000 0.000000 0.000000 0.000000 0.000000
  311 -0.000000 5.576725 0.000002 1.070677 -0.000643 0.036171
  312 0.000000 0.000000 0.000000 0.000000 0.000000 0.000000
  313 -0.000002 9.158417 -0.000003 3.141592 -0.324015 0.000001
  314 0.000000 -0.000004 0.000000 -0.000000 0.000000 -0.000000
  315 0.000000 -0.000002 -0.000003 0.000000 0.000000 0.000000
  316 -0.229188 5.738392 0.007361 0.057776 0.287169 -0.072684
  317 -0.208222 1.308906 0.886645 -0.521836 -0.710749 0.438947
  318 0.164194 4.715078 0.088034 0.177554 0.296553 0.038426
  319 -0.000002 6.134692 -0.000002 0.872410 0.004721 -0.048261
  320 0.000003 5.142235 -0.000002 0.776635 -0.000043 0.073620
  321 0.164194 4.715078 0.088034 0.177554 0.296553 0.038426
  322 -0.000002 6.134692 -0.000002 0.872410 0.004721 -0.048261
  323 0.000003 5.142235 -0.000002 0.776635 -0.000043 0.073620
  324 0.164195 4.715080 0.088035 0.177555 0.296553 0.038426
  325 0.000001 0.000001 0.000001 -0.000000 0.000000 0.000000
  326 0.000001 0.000001 0.000001 -0.000000 0.000000 0.000000
  327 0.164194 4.715078 0.088034 0.177554 0.296552 0.038425
  328 0.000000 0.000000 0.000000 -0.000000 0.000001 0.000001
  329 -0.000002 6.134692 -0.000001 0.872411 0.004721 -0.048261
  330 0.000000 0.000000 0.000000 -0.000000 0.000001 0.000001
  331 0.000002 5.142237 -0.000003 0.776634 -0.000043 0.073619
  332 0.000000 0.000000 0.000000 0.000000 0.000001 0.000001
  333 0.000000 9.920080 0.000001 -3.141593 -0.323204 -0.000000
  334 0.000001 -0.000003 -0.000001 0.000000 0.000000 0.000000
  335 -0.000002 0.000000 -0.000001 -0.000001 -0.000000 -0.000000
  336 0.164194 4.715078 0.088034 0.177554 0.296553 0.038426
  337 0.000001 0.000001 0.000001 -0.000000 0.000000 0.000000
  338 -1.229541 0.555891 1.288364 -0.746848 -0.623235 0.695222
  339 0.755016 5.343366 -0.089521 0.207022 0.080208 0.208698
  340 0.000001 5.046767 0.000000 1.172890 -0.005799 0.038569
  341 -0.000001 4.876215 0.000003 1.138026 0.002099 -0.057280
  342 0.755016 5.343366 -0.089521 0.207022 0.080208 0.208698
  343 0.000001 5.046767 0.000000 1.172890 -0.005799 0.038569
  344 -0.000001 4.876215 0.000003 1.138026 0.002099 -0.057280
  345 0.755017 5.343363 -0.089513 0.207022 0.080209 0.208698
  346 0.000000 0.000000 0.000000 0.000000 -0.000000 -0.000000
  347 0.000000 0.000000 0.000000 0.000000 -0.000000 -0.000000
  348 0.755016 5.343366 -0.089521 0.207022 0.080209 0.208698
  349 0.000000 0.000000 0.000000 -0.000000 0.000000 -0.000000
  350 -0.000003 5.046767 0.000002 1.172890 -0.005800 0.038571
  351 0.000000 0.000000 0.000000 -0.000000 -0.000000 -0.000000
  352 0.000000 4.876212 0.000002 1.138027 0.002099 -0.057281
  353 0.000000 0.000000 0.000000 0.000000 0.000001 0.000001
  354 0.000002 10.336261 0.000003 -3.141592 0.095607 0.000001
  355 0.000001 0.000000 -0.000001 0.000000 0.000000 -0.000000
  356 -0.000001 0.000001 -0.000001 0.000000 0.000000 0.000000
  357 0.755016 5.343366 -0.089521 0.207022 0.080208 0.208698
  358 0.000000 0.000000 0.000000 0.000000 -0.000000 -0.000000
  359 -2.510270 0.335973 0.022938 -0.704386 -0.728957 0.808876
  360 0.944142 4.040082 -0.345211 0.204092 0.003080 0.542466
  361 0.000001 4.945988 0.000001 0.885474 -0.001324 0.011933
  362 -0.000002 6.128854 -0.000001 0.933843 0.001326 -0.020281
  363 0.944142 4.040082 -0.345211 0.204092 0.003080 0.542466
  364 0.000001 4.945988 0.000001 0.885474 -0.001324 0.011933
  365 -0.000002 6.128854 -0.000001 0.933843 0.001326 -0.020281
  366 0.944142 4.040083 -0.345214 0.204092 0.003080 0.542466
  367 0.000000 0.000000 0.000000 -0.000000 0.000000 -0.000000
  368 0.000000 0.000000 0.000000 -0.000000 0.000000 -0.000000
  369 0.944142 4.040082 -0.345211 0.204093 0.003081 0.542467
  370 0.000000 0.000000 0.000000 -0.000000 -0.000001 -0.000001
  371 0.000001 4.945988 -0.000001 0.885474 -0.001324 0.011934
  372 0.000000 0.000000 0.000000 -0.000000 -0.000001 -0.000001
  373 -0.000004 6.128854 -0.000002 0.933843 0.001326 -0.020280
  374 0.000000 0.000000 0.000000 0.000000 -0.000000 -0.000000
  375 0.000003 8.781745 0.000001 3.141593 0.488191 -0.000000
  376 -0.000002 -0.000001 -0.000001 0.000000 0.000000 -0.000000
  377 0.000000 0.000000 0.000000 -0.000000 -0.000000 0.000001
  378 0.944142 4.040082 -0.345211 0.204092 0.003080 0.542466
  379 0.000000 0.000000 0.000000 -0.000000 0.000000 -0.000000
  380 -0.777027 1.281751 1.958795 0.196514 -0.598662 -0.924076
  381 -1.142707 3.928976 -0.157790 0.213321 -0.019605 -0.282979
  382 -0.000003 4.879315 -0.000002 1.145753 -0.004531 0.036921
  383 -0.000001 5.043313 -0.000002 1.090257 0.001208 -0.055325
  384 -1.142707 3.928976 -0.157790 0.213321 -0.019605 -0.282979
  385 -0.000003 4.879315 -0.000002 1.145753 -0.004531 0.036921
  386 -0.000002 5.043313 -0.000002 1.090257 0.001208 -0.055324
  387 -1.142713 3.928981 -0.157794 0.213321 -0.019605 -0.282979
  388 0.000000 0.000000 0.000000 0.000000 0.000000 0.000000
  389 -1.142707 3.928976 -0.157790 0.213321 -0.019605 -0.282979
  390 0.000000 0.000000 0.000000 -0.000000 -0.000000 -0.000000
  391 -0.000001 4.879313 -0.000000 1.145753 -0.004530 0.036922
  392 0.000000 0.000000 0.000000 0.000000 -0.000000 -0.000000
  393 -0.000003 5.043316 0.000001 1.090257 0.001208 -0.055324
  394 0.000000 0.000000 0.000000 0.000000 -0.000000 -0.000000
  395 -0.000001 10.325292 0.000000 3.141592 0.093079 0.000000
  396 0.000000 0.000000 0.000000 -0.000000 -0.000000 0.000000
  397 -0.000001 0.000002 -0.000001 0.000000 -0.000000 0.000001
  398 -1.142707 3.928976 -0.157790 0.213321 -0.019605 -0.282979
  399 -0.986051 0.947619 1.368041 0.166521 -0.766158 -0.595878
  400 -0.563440 5.118628 -0.078393 0.036912 0.459751 -0.204801
  401 -0.000000 4.968779 0.000003 0.876952 -0.003073 0.030016
  402 0.000001 5.803459 -0.000003 0.862387 0.001678 -0.049316
  403 -0.563440 5.118628 -0.078393 0.036912 0.459751 -0.204801
  404 -0.000000 4.968779 0.000003 0.876952 -0.003073 0.030016
  405 0.000001 5.803459 -0.000003 0.862387 0.001678 -0.049316
  406 -0.563437 5.118629 -0.078394 0.036912 0.459751 -0.204801
  407 0.000000 0.000000 0.000000 -0.000000 0.000000 0.000000
  408 -0.563440 5.118627 -0.078394 0.036912 0.459751 -0.204801
  409 0.000000 0.000000 0.000000 -0.000000 0.000000 0.000000
  410 0.000002 4.968781 0.000001 0.876953 -0.003073 0.030015
  411 0.000000 0.000000 0.000000 -0.000000 0.000000 0.000000
  412 -0.000000 5.803462 0.000001 0.862388 0.001678 -0.049316
  413 0.000000 0.000000 0.000000 -0.000000 -0.000000 0.000000
  414 0.000005 9.111450 -0.000001 3.141592 -0.806826 0.000000
  415 0.000000 0.000000 0.000000 -0.000000 0.000000 -0.000000
  416 -0.000001 0.000002 -0.000001 0.000000 0.000000 0.000000
  417 -0.563440 5.118628 -0.078393 0.036912 0.459751 -0.204801
  418 -2.510270 0.335973 0.022938 -0.704386 -0.728957 0.808876
  419 -2.510270 0.335973 0.022938 -0.704386 -0.728957 0.808876
  420 -2.510270 0.335973 0.022938 -0.704386 -0.728957 0.808876
  421 8.463111 -0.489831 -2.120326 1.542233 0.000000 3.141593
  422 0.000000 -0.000001 -0.000001 0.000000 -0.000000 0.000000
  423 -8.463110 -0.489831 -2.120327 1.542233 0.000000 -3.141593
  424 -0.000000 -0.000001 -0.000001 -0.000000 -0.000000 0.000000
  425 8.463111 -0.489831 -2.120326 1.542233 0.000000 3.141593
  426 -8.463110 -0.489832 -2.120328 1.542233 0.000000 -3.141593
  427 0.904457 6.782044 3.867485 0.266795 -2.034703 -2.007109
  428 -0.904463 6.782042 3.867486 -0.136269 1.817350 1.396978
  429 -0.000001 0.000001 0.000001 0.000000 0.000000 0.000000
  430 -2.384858 45.420403 15.540361 0.000000 -0.000000 1.570796
  431 -18.067247 7.814425 -0.000004 -1.202128 0.253732 2.072180
  432 0.000001 0.000003 -0.000001 0.000000 0.000000 0.000000
  433 -36.277763 -13.156791 12.460756 0.257638 -0.086855 2.115085
  434 37.681019 -21.678015 37.679073 0.636717 0.964785 -2.018134
  435 -2.384865 -45.420403 15.540361 0.000000 -0.000000 1.570796
  436 60.828632 -48.825630 -2.115547 -0.474632 -0.868542 -1.640477
  437 -0.000003 0.000003 -0.000001 0.000000 -0.000000 0.000000
  438 -16.680401 -40.578667 20.052095 0.422535 -0.073124 2.505742
  439 -40.178490 -15.397745 -0.714942 0.636716 -0.964785 2.018134
  440 -0.483101 8.250682 -13.900933 0.000000 -0.000000 1.570796
  441 3.032704 6.888778 -0.494026 0.005167 0.004324 0.214757
  442 -0.000002 -6.475163 -8.877785 0.000000 0.000000 0.000000
  443 0.000002 6.475163 8.877785 0.434719 -0.092427 -0.020930
  444 -1.878114 12.014874 -0.599889 -0.000000 -0.102074 -0.000000
  445 3.953935 -0.000001 -0.000003 -0.000000 0.000000 0.000000
  446 -1.976971 -0.000002 -0.000001 0.000000 0.000000 -0.000000
  447 -0.098851 -12.014874 0.599889 0.432587 0.009625 -0.020841
  448 -0.000000 6.475163 8.877784 -2.200961 0.000249 0.000341
  449 -0.000002 -0.000000 -0.000001 -0.000000 -0.000000 0.000000
  450 0.000001 10.988304 -0.000001 1.768394 -0.018124 -0.013529
  451 0.000000 0.000000 0.000000 -0.060252 -0.000000 3.141593
  452 26.514797 18.062847 -19.583202 0.193704 0.027635 1.935779
  453 0.089835 1.016912 -0.201944 -0.003598 -0.000000 0.000000
  454 -0.483102 -8.250682 -13.900933 0.000000 -0.000000 1.570796
  455 -0.000000 1.583757 4.222505 0.127860 0.000000 0.000000
  456 0.000001 -6.475163 -8.877785 0.000000 -0.000000 0.000000
  457 -0.000001 6.475164 8.877785 0.012525 0.000000 0.000000
  458 1.878117 12.014875 -0.599890 0.000000 0.000000 -0.000000
  459 -3.953933 -0.000000 -0.000000 0.000000 -0.000000 0.000000
  460 1.976967 0.000000 0.000000 0.000000 -0.000000 0.000000
  461 0.098850 -12.014874 0.599884 0.012525 -0.000000 0.000000
  462 -0.000000 6.475164 8.877786 -2.200961 -0.000249 -0.000341
  463 0.000002 0.000001 0.000001 -0.000000 0.000000 0.000000
  464 0.000001 10.988308 0.000002 2.188436 -0.000422 -0.000000
  465 0.000000 0.000000 0.000000 -0.060252 0.000000 -3.141593
  466 32.402431 2.654326 -19.127243 0.193704 0.027635 1.935779
  467 -11.029908 5.355378 -2.032724 -0.003598 -0.000000 0.000000
  time 8
  0 0.000000 0.000000 -23.603888 0.000000 -0.000000 1.570796
  1 -0.539490 3.373080 35.911522 1.872989 -0.004805 0.147160
  2 -0.000001 10.999716 -0.000001 -0.047779 0.000782 0.016259
  3 0.000000 6.753164 0.000001 0.054372 -0.107294 0.018363
  4 -0.000001 8.544821 0.000002 0.213605 -0.036363 0.000000
  5 0.000001 9.518025 -0.000002 -0.187862 -0.000000 -0.000000
  6 0.000000 3.039633 0.000000 0.197121 0.183422 0.036411
  7 0.000000 3.098972 -0.000001 -0.393973 0.145458 -0.192964
  8 33.430752 -16.869810 52.554508 2.546259 0.190000 1.889723
  9 -27.713030 -1.168546 50.007900 0.286921 -2.154309 0.105129
  10 11.171354 -7.260963 18.906918 -2.815564 0.125914 0.175269
  11 -8.711796 -12.802168 20.832077 -2.656109 -0.024961 -0.041388
  12 -1.789155 0.000000 28.175615 0.000000 -0.000000 1.570796
  13 0.000000 -0.000001 -10.611153 0.133201 0.000000 0.000000
  14 -0.000000 -1.769384 12.121012 -0.001158 0.014712 0.146507
  15 -0.000000 -1.769386 12.121012 0.420698 0.000000 -0.000000
  16 -0.000000 -1.769384 12.121012 -0.000848 0.007335 0.073253
  17 0.000000 -0.000001 0.000000 1.694062 0.000000 0.000000
  18 0.000002 -6.753165 0.000001 -1.695765 0.071790 -0.016320
  19 -0.000000 0.000000 -0.000000 1.742379 -0.000000 0.000000
  20 0.000002 -10.999717 0.000004 -0.000000 0.000000 0.000000
  21 0.000000 0.000000 0.000000 -0.000000 -0.000000 -0.000000
  22 0.000000 0.000000 0.000000 -1.341552 -1.993774 0.192913
  23 -0.000000 -0.000002 0.000001 -0.000000 0.000000 -0.000000
  24 0.000000 0.000000 0.000000 -1.341552 1.993774 -0.192913
  25 0.000000 -0.000002 0.000001 -0.000000 -0.000000 -0.000000
  26 8.250680 -0.215605 2.184245 2.281066 -0.018221 0.156594
  27 -0.000004 19.223591 -0.000002 1.600074 -0.000000 0.000000
  28 -0.000001 15.579767 -0.000001 -1.151711 -0.013646 0.114880
  29 -0.000092 10.987138 -0.000483 1.363140 3.121316 -0.015100
  30 -1.873867 4.392859 10.061475 -0.000523 0.630165 -1.571105
  31 0.000000 0.000001 0.000002 -0.000000 0.000000 -0.000000
  32 0.000000 0.000000 0.000000 0.000000 -0.000000 0.000000
  33 -0.000001 0.000001 -0.000001 -0.000000 -0.000000 0.000000
  34 0.000000 0.000000 0.000000 -0.000000 -0.000000 0.000000
  35 -0.000001 7.789885 -0.000002 0.000000 -0.040238 0.000000
  36 -0.000000 -0.000000 -0.000000 -0.000000 0.000204 -0.000000
  37 0.000001 -0.000008 -0.000002 -0.000000 -0.000000 0.000000
  38 -0.000002 9.611795 -0.000000 -0.000000 -0.060285 0.000000
  39 -0.000000 0.000000 -0.000000 -0.000000 0.000000 0.000000
  40 -8.250680 -0.215593 2.184239 2.092760 -0.170275 0.056522
  41 -0.000000 19.220272 -0.000003 1.626708 0.000000 -0.000000
  42 -0.000000 15.576099 0.000003 -1.363339 -0.014480 0.029199
  43 -0.000015 10.987186 -0.000760 0.905430 3.141171 -0.000000
  44 1.873870 4.392863 10.061477 0.000523 2.511427 1.571105
  45 -0.000000 0.000002 0.000002 -0.000000 0.000000 0.000000
  46 0.000000 0.000000 -0.000000 0.000000 0.000000 0.000000
  47 -0.000000 0.000002 -0.000001 0.000000 0.000000 -0.000000
  48 0.000000 0.000000 0.000000 -0.000000 -0.000000 0.000000
  49 -0.000001 7.788053 -0.000001 0.000000 -0.016684 0.000000
  50 0.000000 0.000000 0.000000 -0.000000 -0.000204 -0.000000
  51 -0.000000 -0.000002 0.000002 -0.000000 0.000000 0.000000
  52 -0.000001 9.610137 0.000001 -0.000000 -0.109536 0.000000
  53 -0.000000 0.000000 -0.000000 -0.000000 -0.000000 -0.000000
  54 8.250678 -0.215598 2.184242 2.903292 -0.000000 -0.000000
  55 8.250678 -0.215598 2.184243 -1.742380 -0.000000 0.000000
  56 -0.000000 -0.000000 0.000000 -1.637514 -0.000000 -0.000000
  57 0.000000 19.896326 0.000001 0.140363 -0.000000 0.000000
  58 0.000000 16.264103 0.000002 -0.703810 -0.000322 0.000273
  59 0.000000 0.000000 0.000000 -0.000000 0.000000 -0.000000
  60 -0.000001 10.988297 -0.000001 0.880380 -3.141170 0.000000
  61 0.000000 0.000001 0.000000 0.000000 -0.000000 0.000000
  62 -0.000000 -0.000000 0.000000 -1.569077 -0.151331 0.000142
  63 0.000001 0.000004 -0.000000 -0.692635 0.044731 -0.000001
  64 -0.000004 19.223593 -0.000003 1.600074 -0.000000 0.000000
  65 8.250680 -0.215605 2.184245 2.279892 0.048458 0.079012
  66 0.000000 -0.000000 0.000000 0.000000 0.000000 0.000000
  67 8.250680 -0.215605 2.184245 2.279892 0.048458 0.079012
  68 0.000002 9.611795 -0.000000 0.000000 0.041996 -0.000000
  69 0.000000 9.611794 0.000000 1.600074 0.060284 -0.000000
  70 0.000001 7.789880 -0.000001 0.000000 -0.040033 -0.000000
  71 -0.000000 7.789885 0.000000 -1.147166 0.026132 0.114912
  72 0.000002 10.987159 -0.000001 1.363096 3.121317 -0.015109
  73 -8.250680 -0.215597 2.184239 2.903292 -0.000000 -0.000000
  74 -8.250680 -0.215597 2.184239 -1.742380 -0.000000 0.000000
  75 -0.000000 -0.000001 0.000000 -1.637514 -0.000000 0.000000
  76 -0.000002 19.896326 0.000000 0.140363 0.000000 0.000000
  77 0.000000 16.264103 -0.000001 -0.703810 0.000322 -0.000273
  78 0.000000 0.000000 0.000000 -0.000000 -0.000000 0.000000
  79 0.000003 10.988297 -0.000001 0.880380 3.141171 -0.000000
  80 0.000000 0.000001 0.000000 0.000000 0.000000 0.000000
  81 -0.000000 -0.000001 0.000000 -1.739803 0.004194 -0.000363
  82 0.000000 -0.000004 0.000000 -0.703040 0.179624 0.000000
  83 -0.000001 19.220270 -0.000001 1.626708 0.000000 -0.000000
  84 -8.250680 -0.215593 2.184239 2.112556 -0.076366 -0.103892
  85 0.000000 -0.000000 0.000000 -0.000000 -0.000000 -0.000000
  86 -8.250679 -0.215593 2.184238 2.112556 -0.076366 -0.103892
  87 -0.000003 9.610140 -0.000000 -0.000000 0.075239 -0.000000
  88 0.000002 9.610138 -0.000001 1.626708 0.109537 0.000000
  89 -0.000001 7.788047 -0.000001 0.000000 -0.016888 0.000000
  90 0.000000 7.788052 0.000001 -1.362916 0.002403 0.029196
  91 0.000001 10.987208 -0.000001 0.905361 3.141171 -0.000002
  92 0.000000 0.000000 0.000001 -0.048317 -0.000000 -0.000000
  93 0.000000 0.000000 0.000000 -0.000000 -0.000000 0.000000
  94 0.000002 -10.999717 0.000004 -0.000000 -0.000000 -0.000000
  95 -0.000000 -1.769385 12.121012 0.210349 0.000000 0.000000
  96 -0.000000 -0.000001 0.000000 1.538978 0.000000 -0.000000
  97 0.000000 -0.000000 -0.000000 0.049238 0.035927 -0.008247
  98 0.000000 0.000000 0.000000 -0.155084 0.000000 -0.000000
  99 -0.000000 0.000000 0.000000 -0.000000 -0.000000 0.000000
  100 -0.000001 8.544823 0.000000 -1.328630 0.000000 -0.000000
  101 0.000000 0.000000 -0.000000 1.542233 -0.000000 0.000000
  102 -0.000001 9.518027 0.000005 -0.187861 -0.000000 -0.000000
  103 0.000000 3.039633 0.000000 0.197121 0.183422 0.036411
  104 0.000000 3.098972 -0.000001 -0.393973 0.145458 -0.192964
  105 -0.000001 9.518027 0.000005 -1.752582 -0.000000 -0.000000
  106 0.000000 -0.000000 0.000000 1.662547 -0.000000 -0.000000
  107 -0.000000 6.109820 -0.000002 -1.872896 -0.000000 0.000000
  108 0.000000 0.000000 0.000000 1.580390 0.049762 0.380818
  109 0.000000 0.000000 0.000000 -0.097827 -0.000000 -0.000000
  110 0.000000 0.000000 0.000000 -0.000000 -0.000000 -0.000000
  111 -0.000001 3.025101 -0.296880 -0.002461 0.190228 -0.025804
  112 -0.000000 -0.000000 -0.000000 0.095948 0.000000 -0.000000
  113 -0.000000 -0.000000 -0.000000 0.000000 0.000000 0.000000
  114 0.000000 0.000000 0.000000 -0.000000 -0.000000 0.000000
  115 0.904461 6.782034 3.867493 0.266795 -2.034703 -2.007110
  116 0.010184 19.450806 -0.828337 0.510156 2.398426 -0.452831
  117 0.000004 19.366657 0.000005 2.021186 0.000000 -0.000000
  118 0.000000 24.460009 -0.000002 -0.053900 2.341498 0.097433
  119 0.000000 0.000000 0.000000 0.000000 0.000001 0.000001
  120 0.000000 0.000000 0.000000 -0.000000 -0.000001 -0.000001
  121 0.000002 0.000001 -0.000003 -0.000000 -0.000000 -0.000000
  122 0.000000 0.000000 0.000000 0.000000 0.000000 0.000000
  123 0.000001 12.230005 -0.000006 0.000000 1.170011 0.000000
  124 0.000000 0.000000 0.000000 -0.000001 0.001371 -0.000001
  125 0.000000 0.000000 0.000000 -0.000000 -0.000000 -0.000000
  126 0.000005 9.683331 0.000005 0.000001 -1.141549 -0.000001
  127 0.000000 0.000000 0.000000 -0.000000 -0.000000 -0.000000
  128 -0.000001 0.000002 0.000000 0.000000 0.000000 -0.000000
  129 0.010190 19.450802 -0.828337 -1.068311 -0.458283 0.722012
  130 0.010189 19.450802 -0.828337 0.041386 -0.124298 1.319061
  131 -0.000000 0.000000 -0.000000 -1.332781 0.484537 -2.373637
  132 -0.000002 20.126827 0.000004 0.277335 0.000000 0.000000
  133 -0.000002 25.356462 0.000003 0.198412 -0.005445 0.027074
  134 0.000000 0.000000 0.000000 0.000000 0.000000 0.000000
  135 -0.000000 0.000000 -0.000000 -0.911884 -0.572004 -3.022647
  136 -0.000004 -0.000004 -0.000003 -1.193621 2.106028 -0.000001
  137 0.000003 19.366650 -0.000002 2.021186 0.000000 -0.000000
  138 0.010184 19.450806 -0.828337 -0.438512 0.560791 -1.059199
  139 0.000000 0.000000 0.000000 -0.000000 -0.000000 -0.000000
  140 0.010184 19.450806 -0.828337 -0.438512 0.560790 -1.059199
  141 0.000003 9.683329 -0.000001 0.000001 0.582365 0.000000
  142 0.000000 9.683328 -0.000003 2.021184 1.141550 -0.000001
  143 -0.000002 12.230009 0.000001 0.000002 1.171382 0.000001
  144 0.000000 12.229998 0.000003 -0.281521 1.162382 -0.171474
  145 0.838802 0.695163 1.002007 -0.146529 0.831651 0.111056
  146 0.203656 5.794644 0.006531 0.057776 -0.287169 0.072685
  147 0.000000 5.184050 0.000000 1.079687 -0.003806 0.022167
  148 0.000000 5.576722 0.000000 0.956650 0.000644 -0.036172
  149 0.203656 5.794644 0.006531 0.057776 -0.287169 0.072685
  150 0.000000 5.184050 0.000000 1.079687 -0.003806 0.022167
  151 0.000000 5.576722 0.000000 0.956650 0.000644 -0.036172
  152 0.203657 5.794644 0.006532 0.057776 -0.287169 0.072685
  153 0.000000 0.000000 0.000000 -0.000000 -0.000000 -0.000000
  154 0.203656 5.794644 0.006531 0.057776 -0.287169 0.072685
  155 0.000000 0.000000 0.000000 -0.000000 -0.000000 -0.000000
  156 -0.000001 5.184051 0.000002 1.079687 -0.003806 0.022168
  157 -0.000000 -0.000000 0.000000 0.000000 -0.000000 -0.000000
  158 0.000002 5.576723 -0.000001 0.956649 0.000643 -0.036172
  159 -0.000000 0.000000 0.000000 -0.000000 -0.000000 -0.000000
  160 0.000000 9.158418 -0.000000 3.141593 0.324016 -0.000001
  161 0.000000 -0.000000 -0.000001 0.000000 0.000000 -0.000000
  162 -0.000002 0.000003 0.000001 -0.000000 0.000000 -0.000000
  163 0.203656 5.794644 0.006531 0.057776 -0.287169 0.072685
  164 0.208216 1.308911 0.886646 -0.521837 0.710749 -0.438947
  165 -0.192735 4.675676 0.103331 0.177555 -0.296553 -0.038426
  166 0.000000 6.134692 0.000004 1.007123 -0.004720 0.048260
  167 0.000001 5.142233 -0.000002 0.911346 0.000043 -0.073619
  168 -0.192735 4.675676 0.103331 0.177555 -0.296553 -0.038426
  169 0.000001 6.134691 0.000005 1.007123 -0.004720 0.048260
  170 0.000002 5.142233 -0.000002 0.911346 0.000043 -0.073619
  171 -0.192735 4.675676 0.103331 0.177555 -0.296553 -0.038426
  172 -0.000000 0.000001 -0.000000 0.000000 -0.000000 -0.000000
  173 -0.000000 0.000001 -0.000000 0.000000 -0.000000 -0.000000
  174 -0.192735 4.675676 0.103331 0.177554 -0.296553 -0.038425
  175 0.000000 0.000000 0.000000 -0.000000 -0.000001 -0.000001
  176 0.000002 6.134691 0.000002 1.007123 -0.004721 0.048261
  177 0.000000 -0.000000 0.000000 -0.000000 -0.000001 -0.000001
  178 0.000002 5.142237 0.000000 0.911346 0.000043 -0.073619
  179 0.000000 0.000000 0.000000 -0.000000 -0.000001 -0.000001
  180 -0.000001 9.920083 -0.000001 -3.141593 0.323205 0.000000
  181 0.000000 0.000000 0.000000 0.000000 -0.000000 0.000000
  182 -0.000000 0.000000 -0.000000 -0.000000 -0.000000 -0.000001
  183 -0.192735 4.675676 0.103331 0.177555 -0.296553 -0.038426
  184 -0.000000 0.000001 -0.000000 0.000000 -0.000000 -0.000000
  185 1.229524 0.555895 1.288365 -0.746848 0.623235 -0.695222
  186 -0.670918 5.392759 -0.079538 0.207022 -0.080208 -0.208699
  187 0.000000 5.046768 0.000000 1.058862 0.005799 -0.038569
  188 -0.000000 4.876217 -0.000000 1.023999 -0.002099 0.057280
  189 -0.670918 5.392759 -0.079538 0.207022 -0.080208 -0.208699
  190 0.000000 5.046768 0.000000 1.058862 0.005799 -0.038569
  191 -0.000000 4.876217 -0.000000 1.023999 -0.002099 0.057280
  192 -0.670917 5.392757 -0.079538 0.207022 -0.080209 -0.208698
  193 0.000000 0.000000 0.000000 0.000000 -0.000000 0.000000
  194 0.000000 0.000000 0.000000 0.000000 -0.000000 0.000000
  195 -0.670918 5.392759 -0.079538 0.207022 -0.080209 -0.208698
  196 0.000000 0.000000 0.000000 0.000000 -0.000000 0.000000
  197 0.000003 5.046770 -0.000001 1.058862 0.005800 -0.038570
  198 0.000000 0.000000 0.000000 -0.000000 0.000000 0.000000
  199 0.000001 4.876217 0.000001 1.023999 -0.002098 0.057280
  200 -0.000000 -0.000000 -0.000000 -0.000000 -0.000001 -0.000000
  201 0.000000 10.336265 0.000000 -3.141592 -0.095607 -0.000001
  202 0.000000 0.000000 0.000000 0.000000 -0.000000 0.000000
  203 0.000000 0.000000 0.000000 0.000000 0.000000 0.000000
  204 -0.670918 5.392759 -0.079538 0.207022 -0.080208 -0.208699
  205 0.000000 0.000000 0.000000 0.000000 -0.000000 0.000000
  206 2.510263 0.335976 0.022943 -0.704386 0.728957 -0.808876
  207 -1.108266 4.015333 -0.405222 0.204092 -0.003080 -0.542466
  208 0.000002 4.945992 -0.000001 1.020187 0.001324 -0.011932
  209 -0.000002 6.128854 0.000003 1.068555 -0.001326 0.020280
  210 -1.108266 4.015333 -0.405222 0.204092 -0.003080 -0.542466
  211 0.000002 4.945992 -0.000001 1.020187 0.001324 -0.011932
  212 -0.000002 6.128854 0.000003 1.068555 -0.001326 0.020280
  213 -1.108265 4.015332 -0.405221 0.204093 -0.003080 -0.542466
  214 -0.000000 0.000001 -0.000000 0.000000 -0.000000 0.000000
  215 -0.000000 0.000001 -0.000000 0.000000 -0.000000 0.000000
  216 -1.108266 4.015333 -0.405222 0.204093 -0.003081 -0.542467
  217 0.000000 0.000000 0.000000 -0.000000 0.000001 0.000001
  218 0.000001 4.945988 -0.000003 1.020186 0.001324 -0.011934
  219 0.000000 0.000000 0.000000 -0.000000 0.000001 0.000001
  220 -0.000002 6.128852 0.000003 1.068555 -0.001326 0.020280
  221 0.000000 0.000000 0.000000 0.000000 0.000001 0.000000
  222 0.000000 8.781746 0.000002 3.141593 -0.488191 -0.000000
  223 0.000000 0.000000 0.000000 0.000000 -0.000000 -0.000000
  224 0.000000 0.000000 0.000000 0.000001 0.000000 0.000000
  225 -1.108266 4.015333 -0.405222 0.204092 -0.003080 -0.542466
  226 -0.000000 0.000001 -0.000000 0.000000 -0.000000 0.000000
  227 0.777027 1.281751 1.958794 0.196514 0.598662 0.924076
  228 1.015426 3.991855 -0.140226 0.213322 0.019605 0.282980
  229 -0.000001 4.879317 0.000003 1.031724 0.004531 -0.036921
  230 -0.000002 5.043316 0.000001 0.976229 -0.001208 0.055324
  231 1.015426 3.991855 -0.140226 0.213322 0.019605 0.282980
  232 -0.000001 4.879317 0.000003 1.031724 0.004531 -0.036921
  233 -0.000002 5.043316 0.000001 0.976229 -0.001208 0.055324
  234 1.015430 3.991852 -0.140224 0.213321 0.019605 0.282979
  235 0.000000 0.000000 0.000000 0.000000 -0.000000 -0.000000
  236 1.015427 3.991856 -0.140226 0.213321 0.019605 0.282979
  237 0.000000 0.000000 0.000000 -0.000000 0.000000 0.000001
  238 -0.000000 4.879314 0.000003 1.031724 0.004531 -0.036922
  239 0.000000 0.000000 0.000000 -0.000000 0.000000 0.000000
  240 -0.000002 5.043316 0.000001 0.976229 -0.001209 0.055324
  241 0.000000 -0.000000 -0.000000 0.000000 0.000000 0.000000
  242 -0.000001 10.325294 -0.000001 3.141593 -0.093079 -0.000000
  243 0.000000 0.000000 0.000000 -0.000000 0.000000 -0.000000
  244 -0.000001 0.000004 -0.000000 -0.000000 -0.000000 0.000000
  245 1.015426 3.991855 -0.140226 0.213322 0.019605 0.282980
  246 0.986050 0.947619 1.368036 0.166521 0.766159 0.595879
  247 0.661386 5.054672 -0.092020 0.036912 -0.459751 0.204801
  248 -0.000000 4.968781 0.000000 1.011664 0.003073 -0.030016
  249 -0.000000 5.803464 0.000000 0.997099 -0.001678 0.049316
  250 0.661386 5.054672 -0.092020 0.036912 -0.459751 0.204801
  251 -0.000000 4.968781 0.000000 1.011664 0.003073 -0.030016
  252 -0.000000 5.803464 0.000000 0.997099 -0.001678 0.049316
  253 0.661387 5.054673 -0.092020 0.036912 -0.459751 0.204801
  254 0.000000 0.000000 0.000000 0.000000 -0.000000 0.000000
  255 0.661386 5.054672 -0.092020 0.036912 -0.459751 0.204801
  256 0.000000 0.000000 0.000000 -0.000000 -0.000000 -0.000000
  257 0.000000 4.968781 0.000001 1.011664 0.003073 -0.030016
  258 0.000000 0.000000 0.000000 -0.000000 -0.000000 -0.000000
  259 -0.000001 5.803463 -0.000001 0.997099 -0.001678 0.049316
  260 -0.000000 0.000000 0.000000 0.000000 0.000000 0.000000
  261 -0.000001 9.111453 0.000001 3.141592 0.806825 -0.000001
  262 0.000000 -0.000001 -0.000000 0.000000 -0.000000 0.000000
  263 0.000000 0.000000 -0.000000 -0.000000 -0.000000 0.000000
  264 0.661386 5.054672 -0.092020 0.036912 -0.459751 0.204801
  265 2.510272 0.335971 0.022940 -0.704386 0.728958 -0.808876
  266 2.510272 0.335971 0.022940 -0.704386 0.728958 -0.808876
  267 2.510272 0.335971 0.022940 -0.704386 0.728958 -0.808876
  268 -0.904461 6.782034 3.867492 -0.153083 1.789322 1.382110
  269 -0.010184 19.450809 -0.828328 -1.931607 -0.309771 1.738871
  270 0.000003 19.372751 -0.000001 1.857313 -0.000000 -0.000000
  271 -0.000002 24.486542 -0.000003 0.198753 -0.810252 -0.328100
  272 0.000000 0.000000 0.000000 0.000000 -0.000001 -0.000001
  273 0.000000 0.000000 0.000000 -0.000000 0.000001 0.000001
  274 -0.000001 0.000002 0.000001 -0.000000 0.000000 0.000000
  275 -0.000001 -0.000002 -0.000001 0.000000 -0.000000 0.000000
  276 -0.000002 12.243272 -0.000002 0.000000 -0.414992 -0.000001
  277 -0.000000 -0.000001 -0.000000 -0.000000 -0.001371 0.000001
  278 -0.000000 0.000001 -0.000001 -0.000000 0.000000 -0.000000
  279 0.000001 9.686376 -0.000002 -0.000000 0.418281 -0.000000
  280 0.000000 0.000000 0.000000 -0.000000 0.000000 0.000000
  281 0.000000 0.000002 -0.000000 0.000000 -0.000000 0.000000
  282 -0.010188 19.450806 -0.828327 -1.068311 0.458283 -0.722012
  283 -0.010188 19.450806 -0.828327 0.041386 0.124298 -1.319061
  284 0.000000 0.000000 0.000000 -1.332781 -0.484537 2.373637
  285 -0.000004 20.126820 -0.000001 0.277335 -0.000001 0.000000
  286 0.000003 25.356461 0.000001 0.198412 0.005445 -0.027074
  287 0.000000 0.000000 0.000000 0.000000 -0.000000 -0.000000
  288 0.000000 0.000000 0.000000 -0.800367 0.042423 2.818328
  289 0.000004 -0.000001 -0.000003 -1.083258 -0.324084 -0.000000
  290 0.000002 19.372757 -0.000001 1.857313 -0.000000 -0.000000
  291 -0.010183 19.450809 -0.828328 -1.655110 -0.464031 1.034247
  292 0.000000 0.000000 0.000000 -0.000000 0.000001 0.000000
  293 -0.010183 19.450809 -0.828328 -1.655110 -0.464031 1.034247
  294 -0.000000 9.686375 0.000001 0.000000 -0.249336 0.000000
  295 0.000002 9.686373 -0.000001 1.857313 -0.418282 0.000000
  296 -0.000001 12.243272 -0.000003 0.000000 -0.416363 -0.000000
  297 0.000003 12.243267 0.000001 0.056161 -0.410048 -0.244640
  298 -0.838806 0.695164 1.002010 -0.146528 -0.831651 -0.111056
  299 -0.124354 5.969366 0.003993 0.057776 0.287169 -0.072685
  300 0.000000 5.184054 -0.000000 0.725500 0.003806 -0.022167
  301 0.000001 5.576719 0.000003 0.602461 -0.000643 0.036172
  302 -0.124354 5.969366 0.003993 0.057776 0.287169 -0.072685
  303 0.000000 5.184054 -0.000000 0.725500 0.003806 -0.022167
  304 0.000001 5.576719 0.000003 0.602461 -0.000643 0.036172
  305 -0.124356 5.969363 0.003987 0.057776 0.287169 -0.072685
  306 0.000000 0.000000 0.000000 -0.000000 0.000000 0.000000
  307 -0.124354 5.969366 0.003993 0.057776 0.287169 -0.072685
  308 0.000000 0.000000 0.000000 0.000000 0.000000 0.000000
  309 -0.000000 5.184050 -0.000000 0.725499 0.003807 -0.022168
  310 0.000000 0.000000 0.000000 0.000000 0.000001 0.000001
  311 -0.000001 5.576721 0.000003 0.602462 -0.000644 0.036172
  312 0.000000 0.000000 0.000000 0.000000 -0.000000 0.000000
  313 0.000001 9.158421 -0.000001 3.141593 -0.324015 0.000001
  314 -0.000004 -0.000001 -0.000000 -0.000000 0.000000 -0.000000
  315 -0.000000 0.000003 -0.000002 0.000001 -0.000000 0.000000
  316 -0.124354 5.969366 0.003993 0.057776 0.287169 -0.072685
  317 -0.208223 1.308915 0.886645 -0.521837 -0.710749 0.438947
  318 0.117702 4.779273 0.063095 0.177555 0.296553 0.038426
  319 0.000000 6.134696 0.000000 0.652934 0.004721 -0.048261
  320 -0.000003 5.142237 -0.000004 0.557159 -0.000043 0.073620
  321 0.117702 4.779273 0.063095 0.177555 0.296553 0.038426
  322 0.000000 6.134696 0.000000 0.652934 0.004721 -0.048261
  323 -0.000003 5.142237 -0.000004 0.557159 -0.000043 0.073620
  324 0.117697 4.779275 0.063100 0.177555 0.296553 0.038426
  325 0.000000 0.000000 0.000000 -0.000000 0.000000 -0.000000
  326 0.000000 0.000000 0.000000 -0.000000 0.000000 -0.000000
  327 0.117702 4.779273 0.063095 0.177555 0.296552 0.038425
  328 0.000000 0.000000 0.000000 -0.000000 0.000001 0.000001
  329 -0.000002 6.134694 -0.000001 0.652935 0.004721 -0.048261
  330 0.000000 0.000000 0.000000 -0.000000 0.000001 0.000001
  331 0.000001 5.142238 -0.000003 0.557158 -0.000043 0.073619
  332 0.000000 0.000000 0.000000 -0.000000 0.000001 0.000001
  333 -0.000002 9.920088 0.000004 -3.141593 -0.323204 -0.000000
  334 -0.000002 0.000001 -0.000005 0.000000 0.000000 0.000000
  335 0.000002 0.000003 -0.000002 -0.000001 0.000000 -0.000000
  336 0.117702 4.779273 0.063095 0.177555 0.296553 0.038426
  337 0.000000 0.000000 0.000000 -0.000000 0.000000 -0.000000
  338 -1.229533 0.555894 1.288365 -0.746848 -0.623235 0.695222
  339 0.409698 5.546167 -0.048573 0.207022 0.080209 0.208698
  340 -0.000000 5.046766 -0.000000 0.704674 -0.005799 0.038570
  341 0.000002 4.876219 -0.000002 0.669811 0.002099 -0.057279
  342 0.409698 5.546167 -0.048573 0.207022 0.080209 0.208698
  343 -0.000000 5.046766 -0.000000 0.704674 -0.005799 0.038570
  344 0.000002 4.876219 -0.000002 0.669811 0.002099 -0.057279
  345 0.409694 5.546170 -0.048573 0.207022 0.080209 0.208698
  346 0.000000 0.000000 0.000000 0.000000 0.000000 0.000000
  347 0.000000 0.000000 0.000000 0.000000 0.000000 0.000000
  348 0.409698 5.546167 -0.048573 0.207022 0.080209 0.208698
  349 0.000000 0.000000 0.000000 0.000000 -0.000000 -0.000000
  350 -0.000001 5.046767 0.000000 0.704674 -0.005799 0.038571
  351 0.000000 0.000000 0.000000 0.000000 -0.000000 -0.000000
  352 0.000004 4.876216 -0.000001 0.669811 0.002098 -0.057281
  353 0.000000 0.000000 0.000000 0.000000 0.000001 0.000000
  354 0.000000 10.336264 -0.000001 -3.141593 0.095607 0.000001
  355 0.000002 0.000002 -0.000004 -0.000000 -0.000000 -0.000000
  356 0.000000 0.000000 0.000000 -0.000000 -0.000000 -0.000001
  357 0.409698 5.546167 -0.048573 0.207022 0.080209 0.208698
  358 0.000000 0.000000 0.000000 0.000000 0.000000 0.000000
  359 -2.510271 0.335976 0.022942 -0.704386 -0.728958 0.808876
  360 0.676754 4.080401 -0.247443 0.204093 0.003080 0.542466
  361 -0.000000 4.945986 -0.000000 0.665998 -0.001324 0.011933
  362 0.000000 6.128857 0.000001 0.714367 0.001326 -0.020280
  363 0.676754 4.080401 -0.247443 0.204093 0.003080 0.542466
  364 -0.000000 4.945986 -0.000000 0.665998 -0.001324 0.011933
  365 0.000000 6.128857 0.000001 0.714367 0.001326 -0.020280
  366 0.676754 4.080401 -0.247443 0.204093 0.003080 0.542466
  367 0.000000 0.000000 0.000000 0.000000 0.000000 0.000000
  368 0.000000 0.000000 0.000000 0.000000 0.000000 0.000000
  369 0.676754 4.080401 -0.247443 0.204093 0.003081 0.542467
  370 0.000000 0.000000 0.000000 -0.000000 -0.000001 -0.000001
  371 -0.000001 4.945986 -0.000000 0.665998 -0.001324 0.011934
  372 0.000000 0.000000 0.000000 -0.000000 -0.000001 -0.000001
  373 0.000000 6.128854 0.000002 0.714367 0.001326 -0.020280
  374 0.000000 0.000000 0.000000 0.000000 -0.000000 -0.000000
  375 -0.000002 8.781747 0.000001 3.141593 0.488191 -0.000000
  376 0.000002 0.000002 -0.000001 0.000000 -0.000000 0.000000
  377 0.000000 0.000000 0.000000 0.000000 0.000000 0.000000
  378 0.676754 4.080401 -0.247443 0.204093 0.003080 0.542466
  379 0.000000 0.000000 0.000000 0.000000 0.000000 0.000000
  380 -0.777029 1.281750 1.958799 0.196514 -0.598662 -0.924076
  381 -0.620077 4.187137 -0.085620 0.213321 -0.019605 -0.282980
  382 -0.000002 4.879315 0.000000 0.677537 -0.004531 0.036921
  383 -0.000001 5.043323 -0.000000 0.622042 0.001208 -0.055324
  384 -0.620077 4.187137 -0.085620 0.213321 -0.019605 -0.282980
  385 -0.000002 4.879315 0.000000 0.677537 -0.004531 0.036921
  386 -0.000001 5.043323 -0.000000 0.622042 0.001208 -0.055324
  387 -0.620069 4.187138 -0.085622 0.213321 -0.019605 -0.282979
  388 0.000000 0.000000 0.000000 0.000000 0.000000 0.000000
  389 -0.620077 4.187137 -0.085620 0.213321 -0.019605 -0.282979
  390 0.000000 0.000000 0.000000 0.000000 -0.000001 -0.000000
  391 0.000001 4.879314 -0.000001 0.677537 -0.004531 0.036922
  392 0.000000 0.000000 0.000000 0.000000 -0.000000 -0.000000
  393 0.000000 5.043321 -0.000000 0.622041 0.001208 -0.055324
  394 0.000000 0.000000 0.000000 -0.000000 -0.000000 -0.000000
  395 -0.000000 10.325294 0.000002 3.141593 0.093079 0.000000
  396 -0.000003 0.000001 -0.000002 0.000000 0.000000 0.000000
  397 0.000000 0.000000 0.000000 -0.000000 0.000000 -0.000000
  398 -0.620077 4.187137 -0.085620 0.213321 -0.019605 -0.282980
  399 -0.986055 0.947624 1.368041 0.166521 -0.766158 -0.595878
  400 -0.403870 5.222840 -0.056195 0.036912 0.459751 -0.204801
  401 -0.000000 4.968777 0.000000 0.657477 -0.003073 0.030016
  402 0.000000 5.803464 -0.000000 0.642912 0.001678 -0.049316
  403 -0.403870 5.222840 -0.056195 0.036912 0.459751 -0.204801
  404 -0.000000 4.968777 0.000000 0.657477 -0.003073 0.030016
  405 0.000000 5.803464 -0.000000 0.642912 0.001678 -0.049316
  406 -0.403869 5.222839 -0.056193 0.036912 0.459751 -0.204801
  407 0.000000 0.000000 0.000000 -0.000000 0.000000 -0.000000
  408 -0.403870 5.222840 -0.056195 0.036912 0.459751 -0.204802
  409 0.000000 0.000000 0.000000 -0.000000 0.000000 0.000001
  410 -0.000001 4.968777 -0.000000 0.657477 -0.003073 0.030015
  411 0.000000 0.000000 0.000000 -0.000000 0.000000 0.000000
  412 -0.000002 5.803464 0.000003 0.642912 0.001678 -0.049315
  413 0.000000 0.000000 0.000000 -0.000000 -0.000000 -0.000000
  414 0.000001 9.111452 0.000003 3.141592 -0.806826 0.000001
  415 -0.000003 -0.000003 0.000001 0.000000 0.000000 -0.000000
  416 -0.000003 -0.000001 0.000001 0.000000 -0.000000 0.000000
  417 -0.403870 5.222840 -0.056195 0.036912 0.459751 -0.204801
  418 -2.510273 0.335971 0.022942 -0.704386 -0.728958 0.808876
  419 -2.510273 0.335971 0.022942 -0.704386 -0.728958 0.808876
  420 -2.510273 0.335971 0.022942 -0.704386 -0.728958 0.808876
  421 8.463114 -0.489838 -2.120325 1.542233 -0.000000 3.141592
  422 -0.000000 -0.000001 -0.000000 0.000000 -0.000000 0.000000
  423 -8.463114 -0.489836 -2.120326 1.542233 -0.000000 3.141593
  424 -0.000000 -0.000001 -0.000000 0.000000 0.000000 0.000000
  425 8.463114 -0.489838 -2.120325 1.542233 -0.000000 3.141592
  426 -8.463114 -0.489836 -2.120325 1.542233 -0.000000 3.141593
  427 0.904461 6.782034 3.867493 0.266795 -2.034703 -2.007110
  428 -0.904461 6.782034 3.867492 -0.153083 1.789322 1.382110
  429 -0.000000 -0.000000 -0.000000 0.000000 0.000000 0.000000
  430 -2.384858 45.420403 15.540361 0.000000 -0.000000 1.570796
  431 -34.921707 -22.668112 5.634567 -2.938242 0.036952 -1.338994
  432 -0.000000 0.000003 0.000003 -0.000000 0.000000 0.000000
  433 -35.457886 8.787284 10.356424 0.108954 0.005899 1.511574
  434 48.578419 -35.097046 38.826340 0.636716 0.964784 -2.018134
  435 -2.384865 -45.420403 15.540361 0.000000 -0.000000 1.570796
  436 22.169878 -25.846121 1.776390 -0.453289 -1.112819 -2.670771
  437 -0.000004 -0.000001 -0.000002 -0.000000 -0.000000 -0.000000
  438 -37.004471 -23.871557 22.623957 0.346665 0.059226 1.896295
  439 -16.752468 21.939734 -15.168402 0.636717 -0.964784 2.018134
  440 -0.483101 8.250682 -13.900933 0.000000 -0.000000 1.570796
  441 3.032704 10.861094 -0.494026 0.028472 -0.001226 0.214786
  442 -0.000001 -6.475163 -8.877785 0.000000 -0.000000 0.000000
  443 0.000001 6.475163 8.877785 0.485368 -0.101996 -0.022809
  444 -1.878118 12.014881 -0.599892 0.000000 -0.113922 -0.000000
  445 3.953934 -0.000001 -0.000004 0.000000 0.000000 -0.000000
  446 -1.976971 0.000002 -0.000006 0.000000 0.000000 -0.000000
  447 -0.098847 -12.014873 0.599884 0.482775 0.011896 -0.022692
  448 -0.000000 6.475163 8.877780 -2.200961 0.000249 0.000341
  449 -0.000000 0.000001 -0.000000 -0.000000 -0.000000 0.000000
  450 0.000003 10.988299 -0.000002 1.718201 -0.020277 -0.015100
  451 0.000000 0.000000 0.000000 -0.060252 -0.000000 -3.141593
  452 31.536963 13.098812 -12.933373 0.130609 -0.004805 1.717956
  453 1.306148 0.064165 0.096833 -0.003598 -0.000000 0.000000
  454 -0.483102 -8.250682 -13.900933 0.000000 -0.000000 1.570796
  455 0.000000 -0.986743 1.149082 0.127860 0.000000 0.000000
  456 0.000001 -6.475164 -8.877784 0.000000 -0.000000 0.000000
  457 -0.000001 6.475164 8.877784 0.025050 0.000000 0.000000
  458 1.878117 12.014874 -0.599894 0.000000 0.000000 -0.000000
  459 -3.953934 0.000001 -0.000000 0.000000 -0.000000 0.000000
  460 1.976964 -0.000000 0.000000 -0.000000 -0.000000 -0.000000
  461 0.098852 -12.014874 0.599884 0.025050 0.000000 0.000000
  462 0.000001 6.475163 8.877783 -2.200961 -0.000249 -0.000341
  463 -0.000000 0.000002 0.000001 -0.000000 -0.000000 -0.000000
  464 0.000000 10.988302 -0.000001 2.175910 -0.000422 0.000000
  465 0.000000 0.000000 0.000000 -0.060252 0.000000 -3.141593
  466 33.956520 -3.224001 -13.012657 0.130609 -0.004805 1.717956
  467 -5.924030 1.355897 -0.778502 -0.003598 -0.000000 0.000000
end
