version 1
nodes
0 "root" -1
1 "DEF-spine" 0
2 "DEF-spine.001" 1
3 "DEF-spine.002" 2
4 "DEF-spine.003" 3
5 "DEF-spine.004" 4
6 "DEF-spine.005" 5
7 "DEF-spine.006" 6
8 "VIS_upper_arm_ik_pole.L" 0
9 "VIS_upper_arm_ik_pole.R" 0
10 "VIS_thigh_ik_pole.L" 0
11 "VIS_thigh_ik_pole.R" 0
12 "MCH-torso.parent" -1
13 "torso" 12
14 "hips" 13
15 "chest" 13
16 "MCH-spine.001" 13
17 "spine_fk.001" 16
18 "MCH-spine" 17
19 "spine_fk" 18
20 "tweak_spine" 19
21 "ORG-spine" 20
22 "ORG-pelvis.L" 21
23 "DEF-pelvis.L" 22
24 "ORG-pelvis.R" 21
25 "DEF-pelvis.R" 24
26 "ORG-thigh.L" 21
27 "ORG-shin.L" 26
28 "ORG-foot.L" 27
29 "ORG-toe.L" 28
30 "ORG-heel.02.L" 28
31 "MCH-foot_tweak.L" 28
32 "foot_tweak.L" 31
33 "MCH-shin_tweak.L" 27
34 "shin_tweak.L" 33
35 "MCH-shin_tweak.L.001" 27
36 "shin_tweak.L.001" 35
37 "MCH-thigh_parent_widget.L" 26
38 "MCH-thigh_tweak.L.001" 26
39 "thigh_tweak.L.001" 38
40 "ORG-thigh.R" 21
41 "ORG-shin.R" 40
42 "ORG-foot.R" 41
43 "ORG-toe.R" 42
44 "ORG-heel.02.R" 42
45 "MCH-foot_tweak.R" 42
46 "foot_tweak.R" 45
47 "MCH-shin_tweak.R" 41
48 "shin_tweak.R" 47
49 "MCH-shin_tweak.R.001" 41
50 "shin_tweak.R.001" 49
51 "MCH-thigh_parent_widget.R" 40
52 "MCH-thigh_tweak.R.001" 40
53 "thigh_tweak.R.001" 52
54 "thigh_parent.L" 21
55 "MCH-thigh_parent.L" 21
56 "thigh_fk.L" 55
57 "shin_fk.L" 56
58 "MCH-foot_fk.L" 57
59 "foot_fk.L" 58
60 "MCH-toe_fk.L" 59
61 "toe_fk.L" 60
62 "MCH-thigh_ik_swing.L" 55
63 "thigh_ik.L" 62
64 "MCH-shin_ik.L" 63
65 "MCH-thigh_tweak.L" 21
66 "thigh_tweak.L" 65
67 "DEF-thigh.L" 21
68 "DEF-thigh.L.001" 67
69 "DEF-shin.L" 68
70 "DEF-shin.L.001" 69
71 "DEF-foot.L" 70
72 "DEF-toe.L" 71
73 "thigh_parent.R" 21
74 "MCH-thigh_parent.R" 21
75 "thigh_fk.R" 74
76 "shin_fk.R" 75
77 "MCH-foot_fk.R" 76
78 "foot_fk.R" 77
79 "MCH-toe_fk.R" 78
80 "toe_fk.R" 79
81 "MCH-thigh_ik_swing.R" 74
82 "thigh_ik.R" 81
83 "MCH-shin_ik.R" 82
84 "MCH-thigh_tweak.R" 21
85 "thigh_tweak.R" 84
86 "DEF-thigh.R" 21
87 "DEF-thigh.R.001" 86
88 "DEF-shin.R" 87
89 "DEF-shin.R.001" 88
90 "DEF-foot.R" 89
91 "DEF-toe.R" 90
92 "tweak_spine.001" 19
93 "ORG-spine.001" 92
94 "MCH-WGT-hips" 19
95 "MCH-spine.002" 13
96 "spine_fk.002" 95
97 "MCH-pivot" 96
98 "tweak_spine.002" 97
99 "ORG-spine.002" 98
100 "MCH-spine.003" 96
101 "spine_fk.003" 100
102 "ORG-spine.004" 101
103 "ORG-spine.005" 102
104 "ORG-spine.006" 103
105 "MCH-ROT-neck" 101
106 "neck" 105
107 "MCH-ROT-head" 106
108 "head" 107
109 "tweak_spine.004" 106
110 "MCH-STR-neck" 106
111 "MCH-spine.005" 110
112 "tweak_spine.005" 111
113 "tweak_spine.003" 101
114 "ORG-spine.003" 113
115 "ORG-shoulder.L" 114
116 "ORG-upper_arm.L" 115
117 "ORG-forearm.L" 116
118 "ORG-hand.L" 117
119 "MCH-hand_tweak.L" 118
120 "hand_tweak.L" 119
121 "MCH-forearm_tweak.L" 117
122 "forearm_tweak.L" 121
123 "MCH-forearm_tweak.L.001" 117
124 "forearm_tweak.L.001" 123
125 "MCH-upper_arm_parent_widget.L" 116
126 "MCH-upper_arm_tweak.L.001" 116
127 "upper_arm_tweak.L.001" 126
128 "DEF-shoulder.L" 115
129 "upper_arm_parent.L" 115
130 "MCH-upper_arm_parent.L" 115
131 "upper_arm_fk.L" 130
132 "forearm_fk.L" 131
133 "MCH-hand_fk.L" 132
134 "hand_fk.L" 133
135 "MCH-upper_arm_ik_swing.L" 130
136 "upper_arm_ik.L" 135
137 "MCH-forearm_ik.L" 136
138 "MCH-upper_arm_tweak.L" 115
139 "upper_arm_tweak.L" 138
140 "DEF-upper_arm.L" 115
141 "DEF-upper_arm.L.001" 140
142 "DEF-forearm.L" 141
143 "DEF-forearm.L.001" 142
144 "DEF-hand.L" 143
145 "ORG-palm.01.L" 144
146 "ORG-f_index.01.L" 145
147 "ORG-f_index.02.L" 146
148 "ORG-f_index.03.L" 147
149 "DEF-f_index.01.L" 145
150 "DEF-f_index.02.L" 149
151 "DEF-f_index.03.L" 150
152 "f_index.01_master.L" 145
153 "DEF-palm.01.L" 145
154 "MCH-f_index.01_drv.L" 145
155 "f_index.01.L" 154
156 "MCH-f_index.02_drv.L" 155
157 "f_index.02.L" 156
158 "MCH-f_index.03_drv.L" 157
159 "f_index.03.L" 158
160 "f_index.01.L.001" 159
161 "MCH-f_index.03.L" 159
162 "MCH-f_index.02.L" 157
163 "MCH-f_index.01.L" 145
164 "ORG-palm.02.L" 144
165 "ORG-f_middle.01.L" 164
166 "ORG-f_middle.02.L" 165
167 "ORG-f_middle.03.L" 166
168 "DEF-f_middle.01.L" 164
169 "DEF-f_middle.02.L" 168
170 "DEF-f_middle.03.L" 169
171 "f_middle.01_master.L" 164
172 "DEF-palm.02.L" 164
173 "DEF-palm.02.L.001" 164
174 "MCH-f_middle.01_drv.L" 164
175 "f_middle.01.L" 174
176 "MCH-f_middle.02_drv.L" 175
177 "f_middle.02.L" 176
178 "MCH-f_middle.03_drv.L" 177
179 "f_middle.03.L" 178
180 "f_middle.01.L.001" 179
181 "MCH-f_middle.03.L" 179
182 "MCH-f_middle.02.L" 177
183 "MCH-f_middle.01.L" 164
184 "DEF-palm.02.L.002" 164
185 "ORG-palm.03.L" 144
186 "ORG-f_ring.01.L" 185
187 "ORG-f_ring.02.L" 186
188 "ORG-f_ring.03.L" 187
189 "DEF-f_ring.01.L" 185
190 "DEF-f_ring.02.L" 189
191 "DEF-f_ring.03.L" 190
192 "f_ring.01_master.L" 185
193 "DEF-palm.03.L" 185
194 "DEF-palm.03.L.001" 185
195 "MCH-f_ring.01_drv.L" 185
196 "f_ring.01.L" 195
197 "MCH-f_ring.02_drv.L" 196
198 "f_ring.02.L" 197
199 "MCH-f_ring.03_drv.L" 198
200 "f_ring.03.L" 199
201 "f_ring.01.L.001" 200
202 "MCH-f_ring.03.L" 200
203 "MCH-f_ring.02.L" 198
204 "MCH-f_ring.01.L" 185
205 "DEF-palm.03.L.002" 185
206 "ORG-palm.04.L" 144
207 "ORG-f_pinky.01.L" 206
208 "ORG-f_pinky.02.L" 207
209 "ORG-f_pinky.03.L" 208
210 "DEF-f_pinky.01.L" 206
211 "DEF-f_pinky.02.L" 210
212 "DEF-f_pinky.03.L" 211
213 "f_pinky.01_master.L" 206
214 "DEF-palm.04.L" 206
215 "DEF-palm.04.L.001" 206
216 "MCH-f_pinky.01_drv.L" 206
217 "f_pinky.01.L" 216
218 "MCH-f_pinky.02_drv.L" 217
219 "f_pinky.02.L" 218
220 "MCH-f_pinky.03_drv.L" 219
221 "f_pinky.03.L" 220
222 "f_pinky.01.L.001" 221
223 "MCH-f_pinky.03.L" 221
224 "MCH-f_pinky.02.L" 219
225 "MCH-f_pinky.01.L" 206
226 "DEF-palm.04.L.003" 206
227 "ORG-palm.04.L.001" 144
228 "ORG-f_pinky.01.L.001" 227
229 "ORG-f_pinky.02.L.001" 228
230 "ORG-f_pinky.03.L.001" 229
231 "DEF-f_pinky.01.L.001" 227
232 "DEF-f_pinky.02.L.001" 231
233 "DEF-f_pinky.03.L.001" 232
234 "f_pinky.01_master.L.001" 227
235 "DEF-palm.04.L.002" 227
236 "MCH-f_pinky.01_drv.L.001" 227
237 "f_pinky.01.L.002" 236
238 "MCH-f_pinky.02_drv.L.001" 237
239 "f_pinky.02.L.001" 238
240 "MCH-f_pinky.03_drv.L.001" 239
241 "f_pinky.03.L.001" 240
242 "f_pinky.01.L.003" 241
243 "MCH-f_pinky.03.L.001" 241
244 "MCH-f_pinky.02.L.001" 239
245 "MCH-f_pinky.01.L.001" 227
246 "ORG-palm.01.L.001" 144
247 "ORG-f_index.01.L.001" 246
248 "ORG-f_index.02.L.001" 247
249 "ORG-f_index.03.L.001" 248
250 "DEF-f_index.01.L.001" 246
251 "DEF-f_index.02.L.001" 250
252 "DEF-f_index.03.L.001" 251
253 "f_index.01_master.L.001" 246
254 "DEF-palm.01.L.001" 246
255 "MCH-f_index.01_drv.L.001" 246
256 "f_index.01.L.002" 255
257 "MCH-f_index.02_drv.L.001" 256
258 "f_index.02.L.001" 257
259 "MCH-f_index.03_drv.L.001" 258
260 "f_index.03.L.001" 259
261 "f_index.01.L.003" 260
262 "MCH-f_index.03.L.001" 260
263 "MCH-f_index.02.L.001" 258
264 "MCH-f_index.01.L.001" 246
265 "palm.L" 144
266 "palm.L.001" 144
267 "palm.L.002" 144
268 "ORG-shoulder.R" 114
269 "ORG-upper_arm.R" 268
270 "ORG-forearm.R" 269
271 "ORG-hand.R" 270
272 "MCH-hand_tweak.R" 271
273 "hand_tweak.R" 272
274 "MCH-forearm_tweak.R" 270
275 "forearm_tweak.R" 274
276 "MCH-forearm_tweak.R.001" 270
277 "forearm_tweak.R.001" 276
278 "MCH-upper_arm_parent_widget.R" 269
279 "MCH-upper_arm_tweak.R.001" 269
280 "upper_arm_tweak.R.001" 279
281 "DEF-shoulder.R" 268
282 "upper_arm_parent.R" 268
283 "MCH-upper_arm_parent.R" 268
284 "upper_arm_fk.R" 283
285 "forearm_fk.R" 284
286 "MCH-hand_fk.R" 285
287 "hand_fk.R" 286
288 "MCH-upper_arm_ik_swing.R" 283
289 "upper_arm_ik.R" 288
290 "MCH-forearm_ik.R" 289
291 "MCH-upper_arm_tweak.R" 268
292 "upper_arm_tweak.R" 291
293 "DEF-upper_arm.R" 268
294 "DEF-upper_arm.R.001" 293
295 "DEF-forearm.R" 294
296 "DEF-forearm.R.001" 295
297 "DEF-hand.R" 296
298 "ORG-palm.01.R" 297
299 "ORG-f_index.01.R" 298
300 "ORG-f_index.02.R" 299
301 "ORG-f_index.03.R" 300
302 "DEF-f_index.01.R" 298
303 "DEF-f_index.02.R" 302
304 "DEF-f_index.03.R" 303
305 "f_index.01_master.R" 298
306 "DEF-palm.01.R" 298
307 "MCH-f_index.01_drv.R" 298
308 "f_index.01.R" 307
309 "MCH-f_index.02_drv.R" 308
310 "f_index.02.R" 309
311 "MCH-f_index.03_drv.R" 310
312 "f_index.03.R" 311
313 "f_index.01.R.001" 312
314 "MCH-f_index.03.R" 312
315 "MCH-f_index.02.R" 310
316 "MCH-f_index.01.R" 298
317 "ORG-palm.02.R" 297
318 "ORG-f_middle.01.R" 317
319 "ORG-f_middle.02.R" 318
320 "ORG-f_middle.03.R" 319
321 "DEF-f_middle.01.R" 317
322 "DEF-f_middle.02.R" 321
323 "DEF-f_middle.03.R" 322
324 "f_middle.01_master.R" 317
325 "DEF-palm.02.R" 317
326 "DEF-palm.02.R.001" 317
327 "MCH-f_middle.01_drv.R" 317
328 "f_middle.01.R" 327
329 "MCH-f_middle.02_drv.R" 328
330 "f_middle.02.R" 329
331 "MCH-f_middle.03_drv.R" 330
332 "f_middle.03.R" 331
333 "f_middle.01.R.001" 332
334 "MCH-f_middle.03.R" 332
335 "MCH-f_middle.02.R" 330
336 "MCH-f_middle.01.R" 317
337 "DEF-palm.02.R.002" 317
338 "ORG-palm.03.R" 297
339 "ORG-f_ring.01.R" 338
340 "ORG-f_ring.02.R" 339
341 "ORG-f_ring.03.R" 340
342 "DEF-f_ring.01.R" 338
343 "DEF-f_ring.02.R" 342
344 "DEF-f_ring.03.R" 343
345 "f_ring.01_master.R" 338
346 "DEF-palm.03.R" 338
347 "DEF-palm.03.R.001" 338
348 "MCH-f_ring.01_drv.R" 338
349 "f_ring.01.R" 348
350 "MCH-f_ring.02_drv.R" 349
351 "f_ring.02.R" 350
352 "MCH-f_ring.03_drv.R" 351
353 "f_ring.03.R" 352
354 "f_ring.01.R.001" 353
355 "MCH-f_ring.03.R" 353
356 "MCH-f_ring.02.R" 351
357 "MCH-f_ring.01.R" 338
358 "DEF-palm.03.R.002" 338
359 "ORG-palm.04.R" 297
360 "ORG-f_pinky.01.R" 359
361 "ORG-f_pinky.02.R" 360
362 "ORG-f_pinky.03.R" 361
363 "DEF-f_pinky.01.R" 359
364 "DEF-f_pinky.02.R" 363
365 "DEF-f_pinky.03.R" 364
366 "f_pinky.01_master.R" 359
367 "DEF-palm.04.R" 359
368 "DEF-palm.04.R.001" 359
369 "MCH-f_pinky.01_drv.R" 359
370 "f_pinky.01.R" 369
371 "MCH-f_pinky.02_drv.R" 370
372 "f_pinky.02.R" 371
373 "MCH-f_pinky.03_drv.R" 372
374 "f_pinky.03.R" 373
375 "f_pinky.01.R.001" 374
376 "MCH-f_pinky.03.R" 374
377 "MCH-f_pinky.02.R" 372
378 "MCH-f_pinky.01.R" 359
379 "DEF-palm.04.R.003" 359
380 "ORG-palm.04.R.001" 297
381 "ORG-f_pinky.01.R.001" 380
382 "ORG-f_pinky.02.R.001" 381
383 "ORG-f_pinky.03.R.001" 382
384 "DEF-f_pinky.01.R.001" 380
385 "DEF-f_pinky.02.R.001" 384
386 "DEF-f_pinky.03.R.001" 385
387 "f_pinky.01_master.R.001" 380
388 "DEF-palm.04.R.002" 380
389 "MCH-f_pinky.01_drv.R.001" 380
390 "f_pinky.01.R.002" 389
391 "MCH-f_pinky.02_drv.R.001" 390
392 "f_pinky.02.R.001" 391
393 "MCH-f_pinky.03_drv.R.001" 392
394 "f_pinky.03.R.001" 393
395 "f_pinky.01.R.003" 394
396 "MCH-f_pinky.03.R.001" 394
397 "MCH-f_pinky.02.R.001" 392
398 "MCH-f_pinky.01.R.001" 380
399 "ORG-palm.01.R.001" 297
400 "ORG-f_index.01.R.001" 399
401 "ORG-f_index.02.R.001" 400
402 "ORG-f_index.03.R.001" 401
403 "DEF-f_index.01.R.001" 399
404 "DEF-f_index.02.R.001" 403
405 "DEF-f_index.03.R.001" 404
406 "f_index.01_master.R.001" 399
407 "DEF-palm.01.R.001" 399
408 "MCH-f_index.01_drv.R.001" 399
409 "f_index.01.R.002" 408
410 "MCH-f_index.02_drv.R.001" 409
411 "f_index.02.R.001" 410
412 "MCH-f_index.03_drv.R.001" 411
413 "f_index.03.R.001" 412
414 "f_index.01.R.003" 413
415 "MCH-f_index.03.R.001" 413
416 "MCH-f_index.02.R.001" 411
417 "MCH-f_index.01.R.001" 399
418 "palm.R" 297
419 "palm.R.001" 297
420 "palm.R.002" 297
421 "ORG-breast.L" 114
422 "DEF-breast.L" 421
423 "ORG-breast.R" 114
424 "DEF-breast.R" 423
425 "breast.L" 114
426 "breast.R" 114
427 "shoulder.L" 114
428 "shoulder.R" 114
429 "MCH-WGT-chest" 101
430 "MCH-hand_ik.parent.L" -1
431 "hand_ik.L" 430
432 "MCH-upper_arm_ik_target.L" 431
433 "MCH-upper_arm_ik_target.parent.L" -1
434 "upper_arm_ik_target.L" 433
435 "MCH-hand_ik.parent.R" -1
436 "hand_ik.R" 435
437 "MCH-upper_arm_ik_target.R" 436
438 "MCH-upper_arm_ik_target.parent.R" -1
439 "upper_arm_ik_target.R" 438
440 "MCH-foot_ik.parent.L" -1
441 "foot_ik.L" 440
442 "foot_spin_ik.L" 441
443 "foot_heel_ik.L" 442
444 "MCH-heel.02_rock2.L" 442
445 "MCH-heel.02_rock1.L" 444
446 "MCH-heel.02_roll2.L" 445
447 "MCH-heel.02_roll1.L" 446
448 "MCH-foot_roll.L" 447
449 "MCH-thigh_ik_target.L" 448
450 "MCH-toe_ik_parent.L" 449
451 "toe_ik.L" 450
452 "MCH-thigh_ik_target.parent.L" -1
453 "thigh_ik_target.L" 452
454 "MCH-foot_ik.parent.R" -1
455 "foot_ik.R" 454
456 "foot_spin_ik.R" 455
457 "foot_heel_ik.R" 456
458 "MCH-heel.02_rock2.R" 456
459 "MCH-heel.02_rock1.R" 458
460 "MCH-heel.02_roll2.R" 459
461 "MCH-heel.02_roll1.R" 460
462 "MCH-foot_roll.R" 461
463 "MCH-thigh_ik_target.R" 462
464 "MCH-toe_ik_parent.R" 463
465 "toe_ik.R" 464
466 "MCH-thigh_ik_target.parent.R" -1
467 "thigh_ik_target.R" 466
end
skeleton
  time 0
  0 0.000000 0.000000 -23.603888 0.000000 -0.000000 1.570796
  1 -0.265237 3.291257 36.314869 1.860051 0.011250 -0.049212
  2 -0.000001 10.999713 -0.000000 -0.043530 0.000733 0.015937
  3 -0.000001 6.753161 0.000000 -0.058590 -0.134138 -0.010560
  4 -0.000000 8.544827 -0.000001 0.108789 -0.417163 -0.064962
  5 0.000001 9.518010 0.000002 -0.059977 0.283355 0.035567
  6 0.000000 3.039631 -0.000000 0.193777 0.004589 0.000901
  7 0.000000 3.098969 0.000003 -0.016922 0.289528 -0.014277
  8 21.915405 -27.857174 59.583015 0.059751 -2.891501 -1.618203
  9 -10.321892 13.641202 55.431854 0.788581 -2.801249 0.563210
  10 8.935040 -12.144959 21.220324 -2.734905 -0.045784 -0.069554
  11 -11.430122 -6.541514 18.422844 -2.853185 -0.191428 -0.255849
  12 -1.789155 0.000000 28.175615 0.000000 -0.000000 1.570796
  13 0.000000 -0.000001 -10.168133 0.127110 -0.022793 -0.044763
  14 0.000000 -1.769384 12.121012 -0.009609 0.033203 -0.008733
  15 0.000000 -1.769386 12.121013 0.143903 0.121362 -0.558822
  16 0.000000 -1.769384 12.121012 -0.004767 0.016612 -0.004326
  17 0.000000 -0.000001 0.000000 1.694062 0.000000 0.000000
  18 -0.000001 -6.753161 -0.000000 -1.698743 -0.006335 -0.015954
  19 0.000000 0.000000 -0.000000 1.742379 -0.000000 -0.000000
  20 -0.000000 -10.999712 0.000002 -0.000000 0.000000 -0.000000
  21 0.000000 0.000000 0.000000 -0.000000 0.000000 -0.000000
  22 0.000000 0.000000 0.000000 -1.341552 -1.993774 0.192913
  23 -0.000000 -0.000002 0.000001 -0.000000 0.000000 0.000000
  24 0.000000 0.000000 0.000000 -1.341552 1.993774 -0.192913
  25 0.000000 -0.000002 0.000001 -0.000000 -0.000000 0.000000
  26 8.250685 -0.215601 2.184242 2.119299 -0.022207 0.223177
  27 -0.000002 19.262026 -0.000004 1.371128 -0.000000 0.000000
  28 0.000001 15.621334 0.000002 -1.289370 -0.129926 0.340758
  29 -0.000133 10.987732 -0.000383 0.880380 -3.141171 0.000000
  30 -1.873870 4.392866 10.061485 -0.000523 0.630166 -1.571104
  31 0.000000 0.000001 0.000002 -0.000000 -0.000000 0.000000
  32 -0.000000 0.000000 -0.000001 0.000000 0.000000 -0.000000
  33 -0.000000 0.000002 -0.000000 0.000000 0.000000 0.000000
  34 0.000000 0.000000 0.000000 0.000000 0.000000 0.000000
  35 -0.000001 7.810670 -0.000001 0.000000 -0.170078 -0.000000
  36 0.000000 0.000000 0.000000 0.000000 0.000205 -0.000000
  37 -0.000000 -0.000002 0.000002 -0.000000 -0.000000 0.000000
  38 -0.000001 9.631016 0.000001 -0.000000 -0.091266 0.000000
  39 0.000000 0.000000 -0.000000 -0.000000 0.000000 -0.000000
  40 -8.250683 -0.215595 2.184243 2.397490 -0.141041 -0.027237
  41 0.000000 19.225628 0.000002 1.580182 0.000000 0.000000
  42 -0.000000 15.581996 -0.000001 -1.587421 -0.113825 0.072391
  43 0.000025 10.987486 -0.000925 0.917165 -3.140941 0.000783
  44 1.873866 4.392869 10.061482 0.000523 2.511427 1.571105
  45 -0.000000 0.000002 0.000002 -0.000000 0.000000 0.000000
  46 0.000000 0.000000 0.000000 0.000000 0.000000 0.000000
  47 -0.000001 0.000002 -0.000001 0.000000 -0.000000 0.000000
  48 0.000000 0.000000 0.000000 0.000000 -0.000000 0.000000
  49 -0.000001 7.791000 -0.000003 -0.000000 -0.077111 0.000000
  50 0.000000 -0.000000 -0.000000 -0.000000 -0.000205 0.000000
  51 0.000000 -0.000004 0.000000 0.000000 -0.000000 0.000000
  52 0.000000 9.612814 0.000002 0.000000 -0.067673 0.000000
  53 0.000000 0.000000 -0.000000 -0.000000 -0.000000 0.000000
  54 8.250685 -0.215594 2.184239 2.903292 -0.000001 0.000001
  55 8.250685 -0.215594 2.184239 -1.742379 0.000000 0.000000
  56 0.000000 -0.000001 0.000000 -1.637513 -0.000000 -0.000000
  57 -0.000003 19.896326 -0.000002 0.140363 -0.000000 0.000000
  58 -0.000002 16.264105 -0.000002 -0.703810 -0.000322 0.000273
  59 0.000000 0.000000 0.000000 -0.000000 0.000000 0.000000
  60 -0.000000 10.988298 0.000001 0.880380 -3.141171 0.000000
  61 -0.000000 0.000001 0.000000 0.000000 -0.000000 -0.000000
  62 0.000000 -0.000001 0.000000 -1.829679 -0.194183 0.025711
  63 -0.000001 0.000004 0.000000 -0.600405 0.087737 -0.000000
  64 -0.000003 19.262024 -0.000004 1.371128 -0.000000 0.000000
  65 8.250685 -0.215605 2.184243 2.116531 0.062154 0.084921
  66 -0.000000 -0.000000 0.000000 0.000000 0.000000 0.000000
  67 8.250685 -0.215605 2.184242 2.116531 0.062154 0.084921
  68 -0.000002 9.631017 0.000000 0.000000 0.070636 0.000000
  69 0.000001 9.631011 -0.000002 1.371128 0.091266 -0.000000
  70 0.000001 7.810664 -0.000001 0.000000 -0.169874 -0.000001
  71 0.000000 7.810669 0.000000 -1.232849 0.030315 0.337937
  72 0.000001 10.987755 0.000001 0.880345 -3.141171 -0.000012
  73 -8.250684 -0.215595 2.184243 2.903292 -0.000001 0.000001
  74 -8.250684 -0.215595 2.184243 -1.742379 0.000000 0.000000
  75 0.000000 -0.000001 0.000000 -1.637514 0.000000 0.000000
  76 0.000002 19.896324 -0.000001 0.140363 0.000000 -0.000000
  77 -0.000003 16.264105 -0.000001 -0.703810 0.000322 -0.000273
  78 0.000000 0.000000 0.000000 -0.000000 0.000000 -0.000000
  79 0.000000 10.988297 0.000000 0.880380 3.141170 -0.000000
  80 -0.000000 0.000001 0.000000 0.000000 0.000000 0.000000
  81 0.000000 -0.000001 0.000000 -1.457958 0.035527 0.001943
  82 0.000001 -0.000000 0.000000 -0.684807 0.137127 0.000000
  83 0.000000 19.225628 0.000002 1.580182 0.000000 0.000000
  84 -8.250683 -0.215595 2.184243 2.405180 -0.055875 -0.105356
  85 -0.000000 -0.000000 0.000000 0.000000 0.000000 0.000000
  86 -8.250683 -0.215595 2.184243 2.405180 -0.055875 -0.105356
  87 0.000000 9.612816 0.000001 0.000000 0.047622 0.000000
  88 -0.000001 9.612819 0.000000 1.580182 0.067674 -0.000000
  89 0.000001 7.790994 0.000001 0.000000 -0.077315 -0.000000
  90 0.000000 7.791003 0.000001 -1.581915 -0.036713 0.071971
  91 0.000000 10.987505 -0.000001 0.917080 -3.140940 0.000786
  92 -0.000000 0.000000 0.000001 -0.048318 0.000000 -0.000000
  93 0.000000 0.000000 0.000000 -0.000000 -0.000000 0.000000
  94 -0.000000 -10.999712 0.000002 -0.000000 0.000000 -0.000000
  95 0.000000 -1.769385 12.121012 0.080379 0.050582 -0.281124
  96 -0.000000 -0.000001 0.000000 1.538978 -0.000000 -0.000000
  97 0.000000 -0.000000 -0.000001 0.108956 0.138800 0.012875
  98 0.000000 0.000000 0.000000 -0.155084 -0.000000 0.000000
  99 -0.000000 0.000000 0.000000 0.000000 -0.000000 0.000000
  100 0.000000 8.544825 -0.000000 -1.442767 -0.278935 -0.061774
  101 -0.000000 0.000000 -0.000000 1.542233 -0.000000 -0.000000
  102 0.000003 9.518020 0.000002 -0.059976 0.283356 0.035566
  103 0.000001 3.039623 0.000001 0.193777 0.004589 0.000901
  104 -0.000000 3.098976 -0.000000 -0.016922 0.289528 -0.014277
  105 0.000003 9.518020 0.000002 -1.624696 0.283356 0.035567
  106 -0.000000 -0.000000 0.000000 1.662547 0.000000 -0.000000
  107 -0.000001 6.109820 -0.000002 -1.750033 0.285520 0.000352
  108 0.000000 0.000000 0.000000 1.829125 -0.015153 0.006085
  109 -0.000000 0.000000 0.000000 -0.097827 0.000000 0.000000
  110 -0.000000 0.000000 0.000000 -0.000000 0.000000 0.000000
  111 0.000001 3.025098 -0.296883 0.129198 0.003533 0.007379
  112 0.000000 0.000000 0.000000 0.095948 -0.000000 0.000000
  113 0.000000 0.000000 -0.000000 0.000000 0.000000 -0.000000
  114 -0.000000 -0.000000 -0.000000 0.000000 0.000000 -0.000000
  115 0.904461 6.782041 3.867483 -2.184041 -0.917890 0.605186
  116 0.010190 19.450796 -0.828327 1.034262 1.861127 -0.233936
  117 0.000003 19.367073 -0.000002 2.007795 0.000000 -0.000000
  118 -0.000002 24.462212 -0.000006 -0.401060 0.972211 -0.446973
  119 0.000000 0.000000 0.000000 -0.000000 0.000001 0.000001
  120 -0.000000 0.000000 -0.000000 -0.000000 -0.000001 -0.000001
  121 -0.000000 0.000002 -0.000002 -0.000000 -0.000001 -0.000000
  122 -0.000000 -0.000002 0.000000 0.000000 -0.000000 0.000000
  123 0.000003 12.231106 -0.000004 -0.000001 0.509174 -0.000001
  124 -0.000000 -0.000002 0.000000 -0.000001 0.001371 -0.000001
  125 0.000000 0.000000 0.000000 -0.000000 -0.000000 -0.000000
  126 0.000009 9.683540 0.000000 -0.000000 -0.909630 0.000000
  127 0.000000 0.000000 0.000000 -0.000000 -0.000000 -0.000000
  128 -0.000000 0.000002 0.000000 0.000000 0.000000 -0.000000
  129 0.010193 19.450792 -0.828328 -1.068311 -0.458283 0.722012
  130 0.010193 19.450794 -0.828327 0.041386 -0.124298 1.319061
  131 -0.000000 0.000001 0.000000 -1.332781 0.484537 -2.373637
  132 -0.000000 20.126823 0.000001 0.277335 0.000000 -0.000000
  133 0.000000 25.356461 0.000002 0.198412 -0.005445 0.027074
  134 0.000000 0.000000 0.000000 -0.000000 0.000000 0.000000
  135 0.000002 0.000001 0.000000 -0.163592 -0.731370 2.585121
  136 0.000001 -0.000001 -0.000001 -1.184353 2.056364 -0.000001
  137 0.000003 19.367073 -0.000002 2.007795 0.000000 -0.000000
  138 0.010190 19.450796 -0.828327 -0.262706 0.325676 -1.335057
  139 0.000000 0.000000 0.000000 -0.000000 -0.000000 -0.000000
  140 0.010190 19.450796 -0.828327 -0.262707 0.325675 -1.335057
  141 0.000000 9.683538 0.000001 0.000002 0.476310 0.000001
  142 0.000001 9.683536 -0.000000 2.007793 0.909631 -0.000002
  143 0.000000 12.231106 0.000002 -0.000000 0.510545 0.000001
  144 0.000000 12.231104 -0.000001 -0.159052 0.492114 -0.279992
  145 0.838804 0.695165 1.002017 -0.146529 0.831651 0.111056
  146 0.133239 5.964885 0.006088 0.057776 -0.287169 0.072685
  147 -0.000003 5.184052 -0.000003 0.736487 -0.003806 0.022167
  148 0.000000 5.576726 -0.000001 0.613449 0.000643 -0.036172
  149 0.133239 5.964885 0.006088 0.057776 -0.287169 0.072685
  150 -0.000003 5.184052 -0.000003 0.736487 -0.003806 0.022167
  151 0.000000 5.576726 -0.000001 0.613449 0.000643 -0.036172
  152 0.133240 5.964885 0.006073 0.057776 -0.287169 0.072685
  153 0.000000 0.000001 0.000000 -0.000000 -0.000000 -0.000000
  154 0.133239 5.964885 0.006084 0.057776 -0.287169 0.072685
  155 0.000000 0.000000 0.000000 0.000000 -0.000000 -0.000000
  156 -0.000003 5.184052 -0.000000 0.736486 -0.003806 0.022168
  157 0.000000 0.000000 0.000000 -0.000000 -0.000000 -0.000000
  158 -0.000000 5.576724 0.000001 0.613449 0.000643 -0.036172
  159 0.000000 0.000000 0.000000 -0.000000 -0.000000 -0.000000
  160 0.000001 9.158422 -0.000001 3.141592 0.324016 -0.000000
  161 0.000000 0.000001 -0.000002 0.000000 -0.000000 -0.000000
  162 -0.000002 0.000001 -0.000001 0.000000 0.000000 -0.000000
  163 0.133239 5.964885 0.006088 0.057776 -0.287169 0.072685
  164 0.208221 1.308908 0.886646 -0.521836 0.710749 -0.438947
  165 -0.128395 4.764689 0.068877 0.177555 -0.296553 -0.038426
  166 -0.000002 6.134692 0.000000 0.703007 -0.004721 0.048260
  167 0.000000 5.142241 0.000000 0.607228 0.000042 -0.073619
  168 -0.128395 4.764689 0.068877 0.177555 -0.296553 -0.038426
  169 -0.000002 6.134692 0.000000 0.703007 -0.004721 0.048260
  170 0.000000 5.142242 -0.000000 0.607228 0.000042 -0.073619
  171 -0.128397 4.764690 0.068877 0.177555 -0.296553 -0.038426
  172 -0.000000 0.000001 0.000000 -0.000000 -0.000000 -0.000000
  173 -0.000000 0.000001 0.000000 -0.000000 -0.000000 -0.000000
  174 -0.128395 4.764689 0.068877 0.177554 -0.296552 -0.038425
  175 0.000000 0.000000 0.000000 -0.000000 -0.000001 -0.000001
  176 -0.000001 6.134692 0.000002 0.703006 -0.004721 0.048261
  177 0.000000 0.000000 0.000000 0.000000 -0.000001 -0.000001
  178 0.000002 5.142242 0.000004 0.607230 0.000043 -0.073619
  179 0.000000 0.000000 0.000000 -0.000000 -0.000001 -0.000001
  180 0.000001 9.920079 -0.000001 -3.141593 0.323205 0.000000
  181 0.000000 0.000000 0.000000 -0.000000 0.000000 -0.000000
  182 -0.000002 -0.000000 0.000001 0.000001 0.000000 -0.000000
  183 -0.128395 4.764689 0.068877 0.177555 -0.296553 -0.038426
  184 -0.000000 0.000001 0.000000 -0.000000 -0.000000 -0.000000
  185 1.229536 0.555894 1.288371 -0.746847 0.623235 -0.695221
  186 -0.418637 5.541331 -0.049706 0.207022 -0.080208 -0.208698
  187 0.000001 5.046764 -0.000000 0.715663 0.005800 -0.038570
  188 -0.000003 4.876213 -0.000000 0.680798 -0.002099 0.057280
  189 -0.418637 5.541331 -0.049706 0.207022 -0.080208 -0.208698
  190 0.000001 5.046764 -0.000000 0.715663 0.005800 -0.038570
  191 -0.000003 4.876213 -0.000000 0.680798 -0.002099 0.057280
  192 -0.418637 5.541333 -0.049714 0.207022 -0.080209 -0.208698
  193 0.000000 0.000000 0.000000 0.000000 -0.000000 0.000000
  194 0.000000 0.000000 0.000000 0.000000 -0.000000 0.000000
  195 -0.418637 5.541331 -0.049706 0.207022 -0.080209 -0.208698
  196 0.000000 0.000000 0.000000 0.000000 0.000000 -0.000000
  197 0.000001 5.046766 -0.000002 0.715662 0.005800 -0.038570
  198 0.000000 0.000000 0.000000 0.000000 0.000000 0.000000
  199 -0.000001 4.876214 0.000002 0.680798 -0.002099 0.057281
  200 0.000000 0.000000 0.000000 0.000000 -0.000001 -0.000001
  201 0.000001 10.336256 -0.000000 -3.141592 -0.095607 -0.000001
  202 -0.000001 -0.000000 0.000001 -0.000000 0.000000 -0.000000
  203 0.000001 -0.000001 0.000000 0.000000 -0.000000 0.000000
  204 -0.418637 5.541331 -0.049706 0.207022 -0.080208 -0.208698
  205 0.000000 0.000000 0.000000 0.000000 -0.000000 0.000000
  206 2.510273 0.335973 0.022945 -0.704386 0.728957 -0.808876
  207 -0.738562 4.071094 -0.270021 0.204093 -0.003080 -0.542466
  208 0.000001 4.945989 -0.000004 0.716068 0.001324 -0.011933
  209 -0.000000 6.128851 0.000001 0.764438 -0.001326 0.020280
  210 -0.738562 4.071094 -0.270021 0.204093 -0.003080 -0.542466
  211 0.000001 4.945989 -0.000004 0.716068 0.001324 -0.011933
  212 -0.000000 6.128850 0.000001 0.764438 -0.001326 0.020280
  213 -0.738559 4.071096 -0.270032 0.204093 -0.003080 -0.542466
  214 -0.000000 0.000001 0.000000 0.000000 -0.000000 -0.000000
  215 -0.000000 0.000001 0.000000 0.000000 -0.000000 -0.000000
  216 -0.738562 4.071095 -0.270025 0.204093 -0.003081 -0.542467
  217 0.000000 0.000000 0.000000 -0.000000 0.000001 0.000001
  218 -0.000000 4.945988 0.000002 0.716069 0.001324 -0.011934
  219 0.000000 0.000000 0.000000 -0.000000 0.000001 0.000001
  220 -0.000000 6.128853 -0.000002 0.764438 -0.001326 0.020280
  221 0.000000 0.000000 0.000000 -0.000000 0.000001 0.000000
  222 0.000001 8.781748 0.000000 3.141593 -0.488190 0.000000
  223 0.000000 0.000000 0.000000 0.000000 -0.000000 -0.000000
  224 0.000001 -0.000000 0.000000 -0.000000 0.000000 0.000000
  225 -0.738562 4.071094 -0.270021 0.204093 -0.003080 -0.542466
  226 -0.000000 0.000001 0.000000 0.000000 -0.000000 -0.000000
  227 0.777028 1.281751 1.958798 0.196514 0.598662 0.924076
  228 0.631960 4.181859 -0.087187 0.213321 0.019605 0.282980
  229 0.000001 4.879314 0.000000 0.688524 0.004531 -0.036921
  230 -0.000001 5.043321 -0.000001 0.633028 -0.001208 0.055324
  231 0.631960 4.181859 -0.087187 0.213321 0.019605 0.282980
  232 0.000001 4.879314 0.000000 0.688524 0.004531 -0.036921
  233 -0.000001 5.043321 -0.000001 0.633028 -0.001208 0.055324
  234 0.631966 4.181862 -0.087198 0.213321 0.019605 0.282979
  235 0.000000 0.000000 0.000000 0.000000 -0.000000 0.000000
  236 0.631960 4.181859 -0.087187 0.213321 0.019605 0.282979
  237 0.000000 0.000000 0.000000 -0.000000 0.000000 0.000001
  238 -0.000001 4.879314 0.000000 0.688524 0.004531 -0.036922
  239 0.000000 0.000000 0.000000 0.000000 0.000000 0.000000
  240 0.000001 5.043320 0.000000 0.633028 -0.001208 0.055324
  241 0.000000 0.000000 0.000000 0.000000 0.000000 0.000000
  242 -0.000001 10.325295 0.000001 3.141593 -0.093079 -0.000000
  243 0.000000 0.000000 0.000000 -0.000000 -0.000000 0.000000
  244 0.000001 0.000001 -0.000000 0.000000 0.000000 0.000000
  245 0.631960 4.181859 -0.087187 0.213321 0.019605 0.282980
  246 0.986053 0.947620 1.368042 0.166521 0.766158 0.595878
  247 0.439706 5.199702 -0.061303 0.036911 -0.459751 0.204801
  248 0.000002 4.968776 0.000003 0.707548 0.003073 -0.030016
  249 -0.000001 5.803464 -0.000000 0.692984 -0.001678 0.049315
  250 0.439706 5.199702 -0.061303 0.036911 -0.459751 0.204801
  251 0.000002 4.968776 0.000003 0.707548 0.003073 -0.030016
  252 -0.000001 5.803464 -0.000000 0.692984 -0.001678 0.049315
  253 0.439709 5.199706 -0.061322 0.036912 -0.459751 0.204801
  254 0.000000 0.000000 0.000000 0.000000 -0.000000 0.000000
  255 0.439706 5.199702 -0.061303 0.036912 -0.459751 0.204802
  256 0.000000 0.000000 0.000000 -0.000000 -0.000000 -0.000000
  257 -0.000001 4.968779 -0.000003 0.707548 0.003073 -0.030015
  258 0.000000 0.000000 0.000000 0.000000 -0.000000 -0.000000
  259 -0.000001 5.803464 -0.000003 0.692983 -0.001678 0.049316
  260 0.000000 0.000000 0.000000 -0.000000 -0.000000 0.000000
  261 0.000003 9.111455 0.000001 3.141593 0.806825 -0.000000
  262 -0.000002 -0.000003 -0.000000 0.000000 0.000000 -0.000000
  263 0.000002 0.000000 0.000004 -0.000000 0.000000 0.000000
  264 0.439706 5.199702 -0.061303 0.036911 -0.459751 0.204801
  265 2.510270 0.335972 0.022942 -0.704386 0.728957 -0.808876
  266 2.510270 0.335972 0.022942 -0.704386 0.728957 -0.808876
  267 2.510270 0.335972 0.022942 -0.704386 0.728957 -0.808876
  268 -0.904460 6.782037 3.867484 0.022928 1.615575 1.634898
  269 -0.010190 19.450794 -0.828330 -2.056844 -0.397199 0.628736
  270 -0.000001 19.368053 -0.000004 2.267824 -0.000000 0.000000
  271 0.000001 24.418615 0.000003 0.062070 -0.024912 0.807195
  272 0.000000 0.000000 0.000000 -0.000000 -0.000001 -0.000001
  273 0.000000 0.000000 0.000000 -0.000000 0.000001 0.000001
  274 -0.000002 0.000002 -0.000004 -0.000000 0.000000 0.000000
  275 -0.000000 -0.000001 0.000000 0.000000 0.000000 -0.000000
  276 -0.000003 12.209306 -0.000004 0.000000 0.000768 -0.000000
  277 0.000000 0.000000 0.000000 -0.000001 -0.001371 0.000001
  278 0.000000 0.000000 0.000000 -0.000000 0.000000 0.000000
  279 -0.000006 9.684034 0.000003 0.000000 -0.256420 -0.000000
  280 0.000000 0.000000 0.000000 -0.000000 0.000000 0.000000
  281 0.000000 0.000002 -0.000000 0.000000 -0.000000 -0.000000
  282 -0.010189 19.450794 -0.828330 -1.068311 0.458283 -0.722012
  283 -0.010189 19.450794 -0.828330 0.041386 0.124298 -1.319061
  284 -0.000000 0.000001 -0.000000 -1.332781 -0.484537 2.373637
  285 -0.000003 20.126823 0.000002 0.277335 -0.000000 0.000000
  286 0.000001 25.356457 0.000003 0.198412 0.005445 -0.027073
  287 0.000000 0.000000 0.000000 0.000000 -0.000000 -0.000000
  288 -0.000000 0.000001 -0.000000 -0.977724 -0.622583 2.402808
  289 -0.000001 -0.000001 0.000002 -1.375940 0.482336 -0.000001
  290 0.000004 19.368042 -0.000002 2.267824 -0.000000 0.000000
  291 -0.010190 19.450794 -0.828330 -2.156107 -0.209293 0.956972
  292 0.000000 0.000000 0.000000 -0.000000 0.000000 0.000000
  293 -0.010190 19.450794 -0.828330 -2.156107 -0.209293 0.956972
  294 -0.000002 9.684032 0.000002 -0.000001 0.108252 -0.000001
  295 0.000001 9.684017 0.000001 2.267824 0.256419 0.000001
  296 -0.000001 12.209304 -0.000004 0.000001 -0.000604 -0.000000
  297 0.000002 12.209309 0.000003 0.062506 -0.024494 0.807185
  298 -0.838801 0.695164 1.002012 -0.146529 -0.831651 -0.111056
  299 -0.151066 5.908609 0.004669 0.057775 0.287169 -0.072685
  300 -0.000000 5.184053 0.000000 0.849440 0.003806 -0.022167
  301 -0.000002 5.576724 0.000004 0.726401 -0.000643 0.036172
  302 -0.151066 5.908609 0.004669 0.057775 0.287169 -0.072685
  303 -0.000000 5.184053 0.000000 0.849440 0.003806 -0.022167
  304 -0.000002 5.576724 0.000004 0.726401 -0.000643 0.036172
  305 -0.151062 5.908611 0.004667 0.057776 0.287169 -0.072685
  306 0.000000 0.000001 0.000001 0.000000 0.000000 0.000000
  307 -0.151063 5.908608 0.004670 0.057776 0.287169 -0.072685
  308 0.000000 0.000000 0.000000 0.000000 0.000000 0.000000
  309 0.000002 5.184053 -0.000002 0.849439 0.003806 -0.022168
  310 0.000000 0.000000 0.000000 0.000000 0.000000 0.000000
  311 -0.000000 5.576722 0.000004 0.726402 -0.000643 0.036172
  312 -0.000000 0.000000 -0.000000 0.000000 0.000000 0.000000
  313 0.000002 9.158419 0.000001 3.141592 -0.324016 0.000000
  314 -0.000003 -0.000002 0.000000 0.000000 -0.000000 -0.000000
  315 -0.000003 -0.000002 -0.000001 0.000001 0.000000 0.000000
  316 -0.151066 5.908609 0.004669 0.057775 0.287169 -0.072685
  317 -0.208230 1.308911 0.886642 -0.521837 -0.710749 0.438947
  318 0.110201 4.791770 0.057857 0.177555 0.296553 0.038426
  319 -0.000003 6.134690 -0.000000 0.609886 0.004721 -0.048260
  320 -0.000002 5.142234 0.000002 0.514111 -0.000043 0.073619
  321 0.110201 4.791770 0.057857 0.177555 0.296553 0.038426
  322 -0.000003 6.134690 -0.000000 0.609886 0.004721 -0.048260
  323 -0.000002 5.142234 0.000002 0.514111 -0.000043 0.073619
  324 0.110195 4.791774 0.057857 0.177555 0.296553 0.038426
  325 0.000000 0.000000 0.000000 0.000000 0.000000 -0.000000
  326 0.000000 0.000000 0.000000 0.000000 0.000000 -0.000000
  327 0.110201 4.791770 0.057857 0.177555 0.296552 0.038425
  328 0.000000 0.000000 0.000000 -0.000000 0.000001 0.000001
  329 -0.000005 6.134694 0.000000 0.609887 0.004721 -0.048261
  330 0.000000 0.000000 0.000000 -0.000000 0.000001 0.000001
  331 -0.000002 5.142238 -0.000001 0.514110 -0.000043 0.073619
  332 -0.000000 -0.000001 0.000000 -0.000000 0.000001 0.000000
  333 -0.000000 9.920087 0.000004 3.141593 -0.323204 0.000000
  334 0.000000 0.000001 -0.000000 0.000001 -0.000000 0.000000
  335 0.000000 0.000000 0.000000 -0.000000 0.000000 0.000001
  336 0.110201 4.791770 0.057857 0.177555 0.296553 0.038426
  337 0.000000 0.000000 0.000000 0.000000 0.000000 -0.000000
  338 -1.229546 0.555895 1.288351 -0.746848 -0.623235 0.695222
  339 0.502162 5.492199 -0.059715 0.207022 0.080209 0.208698
  340 -0.000001 5.046764 0.000000 0.828613 -0.005800 0.038570
  341 -0.000001 4.876215 0.000001 0.793751 0.002099 -0.057280
  342 0.502162 5.492199 -0.059715 0.207022 0.080209 0.208698
  343 -0.000001 5.046764 0.000000 0.828613 -0.005800 0.038570
  344 -0.000001 4.876215 0.000001 0.793751 0.002099 -0.057280
  345 0.502157 5.492205 -0.059715 0.207022 0.080209 0.208698
  346 0.000000 0.000000 0.000000 -0.000000 0.000000 0.000000
  347 0.000000 0.000000 0.000000 -0.000000 0.000000 0.000000
  348 0.502162 5.492199 -0.059715 0.207022 0.080209 0.208698
  349 0.000000 0.000000 0.000000 0.000000 -0.000000 0.000000
  350 0.000000 5.046765 0.000001 0.828614 -0.005800 0.038570
  351 0.000000 0.000000 0.000000 0.000000 -0.000000 -0.000000
  352 0.000001 4.876216 -0.000003 0.793751 0.002099 -0.057281
  353 -0.000000 -0.000000 0.000000 0.000000 0.000001 0.000000
  354 -0.000000 10.336267 0.000002 -3.141593 0.095607 0.000001
  355 -0.000002 -0.000001 -0.000003 0.000000 -0.000000 -0.000000
  356 0.000000 0.000000 0.000000 -0.000001 -0.000000 -0.000000
  357 0.502162 5.492199 -0.059715 0.207022 0.080209 0.208698
  358 0.000000 0.000000 0.000000 -0.000000 0.000000 0.000000
  359 -2.510284 0.335970 0.022930 -0.704387 -0.728957 0.808876
  360 0.625787 4.087845 -0.228876 0.204092 0.003080 0.542466
  361 -0.000001 4.945991 -0.000000 0.622950 -0.001324 0.011933
  362 -0.000001 6.128850 0.000000 0.671318 0.001326 -0.020280
  363 0.625787 4.087845 -0.228876 0.204092 0.003080 0.542466
  364 -0.000001 4.945991 -0.000000 0.622950 -0.001324 0.011933
  365 -0.000001 6.128850 0.000000 0.671318 0.001326 -0.020280
  366 0.625790 4.087845 -0.228880 0.204092 0.003080 0.542466
  367 0.000000 0.000000 0.000001 0.000000 0.000000 0.000000
  368 0.000000 0.000000 0.000001 0.000000 0.000000 0.000000
  369 0.625786 4.087847 -0.228876 0.204093 0.003081 0.542467
  370 0.000000 0.000000 0.000000 -0.000000 -0.000001 -0.000001
  371 0.000001 4.945986 -0.000001 0.622949 -0.001324 0.011934
  372 0.000000 0.000000 0.000000 -0.000000 -0.000001 -0.000001
  373 -0.000001 6.128850 0.000004 0.671318 0.001326 -0.020280
  374 0.000000 0.000000 0.000000 0.000000 -0.000000 -0.000000
  375 -0.000000 8.781749 0.000003 3.141593 0.488191 -0.000000
  376 -0.000000 0.000000 -0.000002 0.000000 0.000000 0.000000
  377 -0.000000 0.000001 -0.000001 0.000001 0.000000 0.000000
  378 0.625787 4.087845 -0.228876 0.204092 0.003080 0.542466
  379 0.000000 0.000000 0.000001 0.000000 0.000000 0.000000
  380 -0.777028 1.281750 1.958796 0.196514 -0.598662 -0.924076
  381 -0.757790 4.119737 -0.104633 0.213321 -0.019605 -0.282980
  382 -0.000000 4.879314 -0.000000 0.801476 -0.004530 0.036922
  383 -0.000003 5.043315 0.000002 0.745981 0.001208 -0.055324
  384 -0.757790 4.119737 -0.104633 0.213321 -0.019605 -0.282980
  385 -0.000001 4.879315 -0.000001 0.801476 -0.004531 0.036922
  386 -0.000003 5.043315 0.000002 0.745981 0.001208 -0.055324
  387 -0.757784 4.119743 -0.104632 0.213321 -0.019605 -0.282979
  388 0.000000 0.000000 0.000000 -0.000000 0.000000 0.000000
  389 -0.757790 4.119737 -0.104633 0.213321 -0.019605 -0.282979
  390 0.000000 0.000000 0.000000 -0.000000 -0.000001 -0.000000
  391 0.000002 4.879314 0.000001 0.801476 -0.004531 0.036922
  392 0.000000 0.000000 0.000000 0.000000 -0.000000 -0.000000
  393 0.000001 5.043318 0.000001 0.745981 0.001208 -0.055324
  394 0.000000 -0.000000 0.000000 -0.000000 0.000000 0.000000
  395 -0.000001 10.325289 0.000001 3.141593 0.093079 0.000000
  396 -0.000003 -0.000001 0.000002 0.000000 -0.000000 -0.000000
  397 0.000000 0.000000 0.000000 0.000000 -0.000000 -0.000000
  398 -0.757790 4.119737 -0.104633 0.213321 -0.019605 -0.282980
  399 -0.986053 0.947620 1.368037 0.166521 -0.766159 -0.595878
  400 -0.371307 5.244322 -0.052049 0.036912 0.459751 -0.204800
  401 0.000001 4.968775 -0.000001 0.614428 -0.003073 0.030015
  402 0.000000 5.803463 -0.000000 0.599863 0.001678 -0.049315
  403 -0.371307 5.244322 -0.052049 0.036912 0.459751 -0.204800
  404 0.000001 4.968775 -0.000001 0.614428 -0.003073 0.030015
  405 0.000000 5.803463 -0.000000 0.599863 0.001678 -0.049315
  406 -0.371290 5.244331 -0.052042 0.036912 0.459751 -0.204801
  407 0.000000 0.000000 0.000000 -0.000000 0.000000 -0.000000
  408 -0.371303 5.244323 -0.052049 0.036912 0.459751 -0.204801
  409 0.000000 0.000000 0.000000 -0.000000 0.000000 0.000000
  410 -0.000003 4.968775 -0.000001 0.614428 -0.003073 0.030015
  411 0.000000 0.000000 0.000000 -0.000000 0.000000 0.000000
  412 0.000001 5.803463 -0.000000 0.599863 0.001678 -0.049316
  413 0.000000 0.000000 0.000000 0.000000 -0.000000 0.000000
  414 -0.000000 9.111453 0.000001 3.141592 -0.806826 0.000001
  415 -0.000002 -0.000003 0.000001 0.000000 0.000000 0.000000
  416 -0.000003 -0.000002 -0.000001 0.000000 0.000000 -0.000000
  417 -0.371307 5.244322 -0.052049 0.036912 0.459751 -0.204800
  418 -2.510273 0.335972 0.022937 -0.704387 -0.728958 0.808876
  419 -2.510273 0.335972 0.022937 -0.704387 -0.728958 0.808876
  420 -2.510273 0.335972 0.022937 -0.704387 -0.728958 0.808876
  421 8.463110 -0.489836 -2.120323 1.542233 -0.000000 3.141593
  422 -0.000000 -0.000001 -0.000000 -0.000000 -0.000000 0.000000
  423 -8.463112 -0.489835 -2.120323 1.542233 -0.000000 -3.141593
  424 -0.000000 -0.000001 -0.000000 -0.000000 0.000000 -0.000000
  425 8.463110 -0.489836 -2.120323 1.542233 -0.000000 3.141593
  426 -8.463112 -0.489835 -2.120323 1.542233 -0.000000 -3.141593
  427 0.904461 6.782041 3.867483 -2.184041 -0.917890 0.605186
  428 -0.904460 6.782037 3.867484 0.022932 1.615575 1.634901
  429 0.000000 0.000000 -0.000000 0.000000 -0.000000 -0.000000
  430 -2.384858 45.420403 15.540361 0.000000 -0.000000 1.570796
  431 -47.447266 -25.773365 22.655584 0.084928 2.384452 1.639470
  432 0.000005 0.000001 0.000006 -0.000000 0.000000 0.000000
  433 -29.250793 15.548667 5.594694 -0.052568 -0.014590 1.282173
  434 49.553532 -47.334297 25.608334 0.636717 0.964785 -2.018134
  435 -2.384865 -45.420403 15.540361 0.000000 -0.000000 1.570796
  436 11.262221 7.773123 20.267035 -0.317019 -0.573774 2.586485
  437 -0.000003 0.000003 -0.000002 0.000000 -0.000000 0.000000
  438 -43.880348 3.410023 21.908171 0.261306 0.198812 1.250454
  439 -40.330811 -26.368837 -35.781986 0.636717 -0.964785 2.018134
  440 -0.483101 8.250682 -13.900933 0.000000 -0.000000 1.570796
  441 4.360191 -3.605510 -0.692878 -0.018761 0.000000 0.172585
  442 -0.000001 -6.475163 -8.877786 -0.000000 0.000000 0.000000
  443 0.000001 6.475163 8.877786 -0.000000 0.000000 0.000000
  444 -1.878121 12.014875 -0.599893 -0.000000 0.000000 0.000000
  445 3.953934 0.000001 -0.000002 0.000000 -0.000000 -0.000000
  446 -1.976972 0.000000 0.000000 -0.000000 0.000000 0.000000
  447 -0.098849 -12.014876 0.599888 -0.000000 -0.000000 -0.000000
  448 0.000001 6.475165 8.877787 -2.200961 0.000249 0.000341
  449 0.000001 0.000004 0.000003 -0.000000 0.000000 -0.000000
  450 -0.000003 10.988307 0.000000 2.200961 0.000422 0.000000
  451 0.000000 0.000000 0.000000 -0.060252 -0.000000 3.141593
  452 33.912750 5.883150 -12.186445 0.117672 0.011249 1.521584
  453 1.961088 -0.448857 0.257716 -0.003598 -0.000000 -0.000000
  454 -0.483102 -8.250682 -13.900933 0.000000 -0.000000 1.570796
  455 -1.289540 7.224258 1.717191 0.132596 -0.003059 -0.064589
  456 0.000000 -6.475162 -8.877784 -0.000000 -0.000000 -0.000000
  457 0.000002 6.475163 8.877784 0.036798 0.009418 0.001329
  458 1.878119 12.014875 -0.599895 0.000000 0.009466 0.000000
  459 -3.953933 -0.000003 -0.000003 -0.000000 0.000000 0.000000
  460 1.976967 0.000002 -0.000004 0.000000 -0.000000 0.000000
  461 0.098846 -12.014873 0.599883 0.036785 -0.000049 0.001329
  462 0.000002 6.475164 8.877787 -2.200961 -0.000249 -0.000341
  463 -0.000001 0.000000 -0.000000 0.000000 0.000000 0.000000
  464 -0.000001 10.988309 0.000002 2.164176 0.000652 0.000783
  465 0.000000 0.000000 0.000000 -0.060252 0.000000 3.141593
  466 33.101059 -10.597198 -12.000818 0.117672 0.011249 1.521584
  467 -5.924033 1.355902 -0.778503 -0.003598 -0.000000 -0.000000
  time 1
  0 0.000000 0.000000 -23.603888 0.000000 -0.000000 1.570796
  1 -0.916636 3.016544 37.161507 1.816686 0.032367 -0.146228
  2 -0.000000 10.999715 0.000001 -0.033058 0.002114 0.051911
  3 0.000000 6.753162 -0.000000 -0.133969 -0.128899 0.024893
  4 -0.000001 8.544820 0.000001 0.018853 -0.436959 -0.052628
  5 0.000001 9.518027 -0.000000 0.029326 0.293333 0.048717
  6 -0.000000 3.039641 -0.000001 0.193780 0.006071 0.001191
  7 0.000000 3.098963 -0.000001 0.114867 0.302050 -0.002185
  8 22.857857 -23.352715 79.788025 -2.878736 -0.529122 1.109233
  9 -29.443727 17.743990 55.394512 0.797189 -2.788148 0.526488
  10 7.509104 -11.952670 20.864708 -2.862464 -0.181575 -0.240427
  11 -13.186939 -0.185656 17.927568 -3.007129 -0.247301 -0.282564
  12 -1.789155 0.000000 28.175615 0.000000 -0.000000 1.570796
  13 0.000000 -0.000001 -9.193493 0.103989 -0.074873 -0.142773
  14 -0.000000 -1.769384 12.121013 -0.030534 0.106297 -0.014628
  15 -0.000000 -1.769386 12.121013 -0.021684 0.073688 -0.590435
  16 -0.000000 -1.769384 12.121013 -0.015051 0.053204 -0.006897
  17 0.000000 -0.000001 0.000000 1.694062 0.000000 0.000000
  18 -0.000000 -6.753162 0.000001 -1.708582 -0.013374 -0.051957
  19 0.000000 0.000000 -0.000000 1.742379 0.000000 -0.000000
  20 0.000002 -10.999717 0.000003 -0.000000 -0.000000 0.000000
  21 0.000000 0.000000 0.000000 -0.000000 -0.000000 0.000000
  22 0.000000 0.000000 0.000000 -1.341552 -1.993774 0.192913
  23 -0.000000 -0.000002 0.000001 -0.000000 0.000000 0.000000
  24 0.000000 0.000000 0.000000 -1.341552 1.993774 -0.192913
  25 0.000000 -0.000002 0.000001 -0.000000 -0.000000 -0.000000
  26 8.250682 -0.215605 2.184241 2.259630 -0.039055 0.276665
  27 0.000000 19.278000 -0.000001 1.299709 -0.000000 -0.000000
  28 0.000003 15.638171 0.000001 -1.323158 -0.194624 0.440940
  29 -0.000167 10.987736 -0.000399 0.880380 -3.141171 0.000000
  30 -1.873869 4.392865 10.061483 -0.000523 0.630166 -1.571104
  31 0.000000 0.000001 0.000002 -0.000000 -0.000000 -0.000000
  32 -0.000000 0.000000 -0.000001 0.000000 0.000000 0.000000
  33 0.000001 0.000002 -0.000001 -0.000000 0.000000 -0.000000
  34 0.000000 0.000000 0.000000 -0.000000 0.000000 -0.000000
  35 -0.000000 7.819088 -0.000002 0.000000 -0.233319 -0.000000
  36 0.000000 0.000000 0.000000 0.000000 0.000205 -0.000000
  37 0.000000 -0.000005 -0.000000 -0.000000 0.000000 0.000000
  38 0.000000 9.639003 0.000002 -0.000000 -0.105831 -0.000000
  39 0.000000 0.000000 -0.000000 -0.000000 0.000000 -0.000000
  40 -8.250681 -0.215597 2.184244 2.745551 -0.110407 -0.111459
  41 0.000001 19.284317 -0.000003 1.277779 0.000001 0.000000
  42 -0.000000 15.644793 -0.000002 -1.528897 -0.146187 -0.041999
  43 0.000085 10.987874 -0.000559 1.009123 -3.138254 0.002743
  44 1.873870 4.392862 10.061474 0.000523 2.511427 1.571105
  45 -0.000000 0.000001 0.000002 -0.000000 0.000000 0.000000
  46 0.000000 0.000000 0.000000 0.000000 -0.000000 -0.000000
  47 0.000000 0.000002 -0.000001 -0.000000 0.000000 0.000000
  48 0.000000 0.000000 0.000000 -0.000000 0.000000 0.000000
  49 0.000002 7.822398 -0.000003 -0.000000 -0.044450 -0.000000
  50 0.000000 0.000000 0.000000 -0.000000 -0.000205 0.000000
  51 0.000000 -0.000004 0.000000 -0.000000 0.000000 0.000000
  52 0.000001 9.642160 -0.000001 -0.000000 -0.039060 0.000000
  53 0.000000 0.000000 -0.000000 0.000000 -0.000000 0.000000
  54 8.250680 -0.215597 2.184238 2.903292 -0.000000 0.000001
  55 8.250680 -0.215601 2.184239 -1.742380 -0.000000 0.000000
  56 0.000000 -0.000001 0.000000 -1.637513 -0.000000 -0.000000
  57 -0.000001 19.896320 -0.000002 0.140362 -0.000000 -0.000000
  58 -0.000001 16.264103 0.000001 -0.703810 -0.000322 0.000273
  59 -0.000000 -0.000002 -0.000001 -0.000000 0.000000 0.000000
  60 -0.000000 10.988298 0.000000 0.880380 -3.141171 0.000000
  61 -0.000000 0.000000 0.000000 0.000000 -0.000000 -0.000000
  62 0.000000 -0.000001 0.000000 -1.720680 -0.251096 0.019408
  63 0.000001 0.000004 0.000000 -0.570793 0.105082 0.000000
  64 0.000002 19.277996 -0.000001 1.299709 -0.000000 -0.000000
  65 8.250682 -0.215605 2.184241 2.256484 0.081752 0.129794
  66 -0.000000 -0.000000 0.000000 -0.000000 0.000000 -0.000000
  67 8.250682 -0.215605 2.184240 2.256484 0.081752 0.129794
  68 0.000001 9.639002 -0.000002 -0.000000 0.084246 0.000000
  69 0.000000 9.639002 -0.000000 1.299709 0.105831 0.000000
  70 0.000000 7.819080 -0.000001 0.000000 -0.233115 -0.000000
  71 0.000003 7.819085 -0.000000 -1.224428 0.016817 0.432119
  72 0.000001 10.987755 -0.000000 0.880343 -3.141171 -0.000015
  73 -8.250680 -0.215597 2.184245 2.903292 -0.000000 0.000001
  74 -8.250680 -0.215597 2.184245 -1.742380 -0.000000 0.000000
  75 0.000000 -0.000001 0.000000 -1.637514 0.000000 0.000000
  76 0.000002 19.896322 -0.000000 0.140363 0.000000 -0.000000
  77 -0.000003 16.264103 0.000000 -0.703810 0.000322 -0.000273
  78 -0.000000 -0.000000 0.000000 -0.000000 0.000000 0.000000
  79 0.000001 10.988298 0.000000 0.880380 3.141170 -0.000000
  80 -0.000000 0.000001 0.000000 0.000000 0.000000 0.000000
  81 0.000000 -0.000001 0.000000 -1.233944 0.091842 0.015458
  82 -0.000001 0.000001 0.000001 -0.561641 0.111425 0.000000
  83 0.000002 19.284317 -0.000003 1.277779 0.000001 0.000000
  84 -8.250681 -0.215597 2.184244 2.747667 -0.045409 -0.138633
  85 0.000000 0.000000 0.000000 -0.000000 -0.000000 -0.000000
  86 -8.250681 -0.215597 2.184244 2.747667 -0.045409 -0.138633
  87 -0.000000 9.642161 -0.000000 -0.000000 0.031356 0.000000
  88 0.000001 9.642165 0.000000 1.277779 0.039061 -0.000000
  89 -0.000001 7.822392 0.000001 0.000000 -0.044655 0.000001
  90 -0.000001 7.822399 0.000000 -1.530832 -0.101579 -0.041767
  91 -0.000001 10.987896 0.000001 1.009072 -3.138254 0.002751
  92 -0.000000 0.000000 0.000001 -0.048318 0.000000 -0.000000
  93 0.000000 0.000000 0.000000 -0.000000 0.000000 -0.000000
  94 0.000002 -10.999717 0.000003 -0.000000 -0.000000 0.000000
  95 -0.000000 -1.769385 12.121013 -0.005351 0.038454 -0.294811
  96 0.000000 -0.000001 0.000000 1.538978 -0.000000 0.000000
  97 0.000000 -0.000000 -0.000001 0.143500 0.143979 -0.002114
  98 0.000000 0.000000 0.000000 -0.155084 0.000000 -0.000000
  99 0.000000 0.000000 0.000000 -0.000000 0.000000 0.000000
  100 0.000001 8.544821 0.000001 -1.531265 -0.293155 -0.049806
  101 -0.000000 0.000000 -0.000000 1.542233 -0.000000 -0.000000
  102 0.000001 9.518034 -0.000001 0.029326 0.293333 0.048717
  103 0.000000 3.039641 -0.000001 0.193780 0.006071 0.001191
  104 0.000000 3.098963 -0.000000 0.114868 0.302050 -0.002185
  105 0.000001 9.518034 -0.000001 -1.535394 0.293333 0.048716
  106 -0.000000 -0.000000 0.000000 1.662547 -0.000000 -0.000000
  107 -0.000000 6.109817 -0.000001 -1.661095 0.296997 0.012106
  108 0.000000 0.000000 0.000000 1.871727 -0.016292 0.008589
  109 0.000000 0.000000 0.000000 -0.097827 -0.000000 0.000000
  110 -0.000000 -0.000000 -0.000000 -0.000000 0.000000 0.000000
  111 0.000000 3.025108 -0.296886 0.150517 0.004909 0.007822
  112 0.000000 0.000000 0.000000 0.095948 -0.000000 0.000000
  113 0.000000 -0.000000 -0.000000 0.000000 0.000000 -0.000000
  114 0.000000 0.000000 0.000000 0.000000 0.000000 -0.000000
  115 0.904461 6.782036 3.867488 -2.013988 -0.887855 0.629556
  116 0.010188 19.450794 -0.828326 0.512425 0.950352 -0.613694
  117 0.000005 19.381920 -0.000004 1.769105 0.000000 0.000000
  118 0.000002 24.509619 -0.000001 0.145781 -0.319300 0.026606
  119 0.000000 0.000000 -0.000000 0.000000 0.000001 0.000001
  120 0.000000 0.000001 -0.000000 -0.000000 -0.000001 -0.000001
  121 0.000002 0.000002 -0.000001 -0.000000 -0.000001 -0.000000
  122 -0.000001 -0.000002 -0.000000 0.000000 0.000000 0.000000
  123 0.000005 12.254809 0.000001 0.000000 -0.158485 0.000000
  124 -0.000001 -0.000002 -0.000000 -0.000001 0.001371 -0.000001
  125 0.000000 0.000000 0.000000 -0.000000 -0.000000 -0.000000
  126 0.000005 9.690958 -0.000004 -0.000000 -0.179203 -0.000000
  127 0.000000 0.000000 0.000000 -0.000000 -0.000000 -0.000000
  128 -0.000000 0.000002 -0.000000 0.000000 0.000000 0.000000
  129 0.010190 19.450792 -0.828326 -1.068311 -0.458284 0.722012
  130 0.010190 19.450792 -0.828326 0.041385 -0.124298 1.319061
  131 -0.000000 0.000001 0.000000 -1.332781 0.484537 -2.373637
  132 0.000001 20.126820 0.000000 0.277335 0.000000 -0.000000
  133 -0.000002 25.356457 0.000003 0.198412 -0.005445 0.027074
  134 0.000000 0.000000 0.000000 -0.000000 0.000000 0.000000
  135 -0.000000 0.000001 0.000000 0.766752 0.396428 -3.027013
  136 -0.000002 -0.000002 0.000000 -1.026152 0.885002 0.000001
  137 0.000004 19.381908 -0.000007 1.769105 0.000000 0.000000
  138 0.010188 19.450794 -0.828326 0.377019 0.685209 -0.797410
  139 0.000000 0.000000 0.000000 -0.000000 -0.000000 -0.000000
  140 0.010188 19.450794 -0.828326 0.377018 0.685209 -0.797411
  141 0.000003 9.690951 -0.000002 0.000001 0.113459 0.000000
  142 -0.000002 9.690960 0.000002 1.769105 0.179204 -0.000000
  143 -0.000001 12.254807 0.000003 -0.000000 -0.157113 0.000000
  144 -0.000001 12.254803 -0.000003 0.149999 -0.162240 0.025597
  145 0.838800 0.695165 1.002012 -0.146529 0.831651 0.111056
  146 0.121279 5.985930 0.005062 0.057777 -0.287169 0.072684
  147 -0.000000 5.184045 0.000000 0.693259 -0.003807 0.022168
  148 0.000000 5.576726 0.000000 0.570223 0.000643 -0.036173
  149 0.121279 5.985930 0.005062 0.057777 -0.287169 0.072684
  150 -0.000000 5.184043 0.000000 0.693259 -0.003807 0.022168
  151 0.000000 5.576726 0.000000 0.570223 0.000643 -0.036173
  152 0.121278 5.985931 0.005063 0.057776 -0.287169 0.072685
  153 0.000000 0.000000 0.000000 -0.000000 -0.000000 -0.000000
  154 0.121279 5.985930 0.005062 0.057776 -0.287169 0.072685
  155 0.000000 0.000000 0.000000 -0.000000 -0.000000 -0.000000
  156 0.000003 5.184045 0.000005 0.693260 -0.003806 0.022168
  157 0.000000 0.000000 0.000000 0.000000 -0.000000 -0.000000
  158 -0.000001 5.576725 -0.000001 0.570222 0.000643 -0.036172
  159 0.000000 0.000000 0.000000 0.000000 -0.000000 -0.000000
  160 0.000002 9.158419 0.000003 3.141592 0.324016 -0.000000
  161 -0.000001 -0.000000 0.000001 0.000000 -0.000000 -0.000000
  162 0.000001 -0.000001 -0.000000 -0.000000 0.000000 0.000000
  163 0.121279 5.985930 0.005062 0.057777 -0.287169 0.072684
  164 0.208214 1.308911 0.886639 -0.521837 0.710749 -0.438947
  165 -0.116455 4.781254 0.062388 0.177556 -0.296553 -0.038426
  166 -0.000000 6.134688 -0.000000 0.646348 -0.004721 0.048261
  167 -0.000001 5.142237 0.000001 0.550572 0.000042 -0.073620
  168 -0.116455 4.781254 0.062388 0.177556 -0.296553 -0.038426
  169 -0.000000 6.134688 -0.000000 0.646348 -0.004721 0.048261
  170 -0.000001 5.142237 0.000001 0.550572 0.000042 -0.073620
  171 -0.116455 4.781253 0.062387 0.177555 -0.296553 -0.038426
  172 0.000000 0.000001 0.000000 0.000000 -0.000000 -0.000000
  173 0.000000 0.000001 0.000000 0.000000 -0.000000 -0.000000
  174 -0.116455 4.781255 0.062388 0.177554 -0.296552 -0.038425
  175 -0.000000 -0.000000 -0.000000 -0.000000 -0.000001 -0.000001
  176 0.000004 6.134689 0.000005 0.646349 -0.004721 0.048261
  177 0.000000 0.000000 0.000000 -0.000000 -0.000000 -0.000001
  178 -0.000002 5.142236 0.000000 0.550572 0.000043 -0.073618
  179 0.000000 0.000000 0.000000 -0.000000 -0.000001 -0.000001
  180 -0.000003 9.920078 -0.000004 -3.141593 0.323205 0.000000
  181 -0.000001 0.000001 0.000001 -0.000000 -0.000000 0.000000
  182 0.000005 0.000002 0.000006 0.000000 -0.000000 0.000000
  183 -0.116455 4.781254 0.062388 0.177556 -0.296553 -0.038426
  184 0.000000 0.000001 0.000000 0.000000 -0.000000 -0.000000
  185 1.229535 0.555893 1.288364 -0.746848 0.623235 -0.695221
  186 -0.386563 5.560069 -0.045893 0.207022 -0.080208 -0.208698
  187 0.000000 5.046764 -0.000001 0.672436 0.005800 -0.038570
  188 -0.000001 4.876217 -0.000000 0.637571 -0.002099 0.057281
  189 -0.386563 5.560069 -0.045893 0.207022 -0.080208 -0.208698
  190 0.000000 5.046764 -0.000001 0.672436 0.005800 -0.038570
  191 -0.000001 4.876217 -0.000000 0.637571 -0.002099 0.057281
  192 -0.386563 5.560072 -0.045891 0.207022 -0.080209 -0.208698
  193 0.000000 -0.000000 -0.000000 0.000000 -0.000000 0.000000
  194 0.000000 -0.000000 -0.000000 0.000000 -0.000000 0.000000
  195 -0.386563 5.560070 -0.045893 0.207022 -0.080209 -0.208698
  196 0.000000 0.000000 0.000000 0.000000 0.000000 -0.000000
  197 0.000001 5.046766 -0.000000 0.672435 0.005800 -0.038570
  198 0.000000 0.000000 0.000000 -0.000000 0.000000 0.000000
  199 0.000004 4.876215 0.000005 0.637572 -0.002099 0.057281
  200 0.000000 0.000000 0.000000 -0.000000 -0.000001 -0.000000
  201 -0.000004 10.336256 -0.000000 -3.141592 -0.095607 -0.000001
  202 0.000005 0.000005 0.000003 0.000000 0.000000 0.000000
  203 0.000004 0.000003 0.000005 0.000001 -0.000000 -0.000001
  204 -0.386563 5.560069 -0.045893 0.207022 -0.080208 -0.208698
  205 0.000000 -0.000000 -0.000000 0.000000 -0.000000 0.000000
  206 2.510279 0.335970 0.022940 -0.704386 0.728957 -0.808876
  207 -0.669336 4.081529 -0.244717 0.204092 -0.003080 -0.542466
  208 0.000001 4.945987 -0.000000 0.659411 0.001324 -0.011933
  209 -0.000000 6.128846 0.000000 0.707781 -0.001326 0.020280
  210 -0.669336 4.081529 -0.244717 0.204092 -0.003080 -0.542466
  211 0.000001 4.945987 -0.000000 0.659411 0.001324 -0.011933
  212 -0.000000 6.128846 0.000000 0.707781 -0.001326 0.020280
  213 -0.669337 4.081531 -0.244725 0.204093 -0.003080 -0.542466
  214 -0.000000 0.000001 0.000000 0.000000 -0.000000 -0.000000
  215 -0.000000 0.000001 0.000000 0.000000 -0.000000 -0.000000
  216 -0.669336 4.081529 -0.244717 0.204093 -0.003081 -0.542467
  217 0.000000 0.000000 0.000000 -0.000000 0.000001 0.000001
  218 0.000000 4.945986 -0.000001 0.659411 0.001324 -0.011934
  219 0.000000 0.000000 0.000000 -0.000000 0.000001 0.000001
  220 -0.000003 6.128846 -0.000005 0.707780 -0.001326 0.020280
  221 0.000000 0.000000 0.000000 0.000000 0.000000 0.000000
  222 -0.000001 8.781745 0.000001 3.141592 -0.488190 0.000000
  223 0.000000 0.000000 0.000000 0.000000 -0.000000 0.000000
  224 0.000000 0.000000 0.000000 -0.000001 0.000000 0.000001
  225 -0.669336 4.081529 -0.244717 0.204092 -0.003080 -0.542466
  226 -0.000000 0.000001 0.000000 0.000000 -0.000000 -0.000000
  227 0.777031 1.281749 1.958797 0.196514 0.598662 0.924076
  228 0.583793 4.205517 -0.080554 0.213321 0.019605 0.282979
  229 -0.000001 4.879314 -0.000000 0.645297 0.004531 -0.036921
  230 0.000000 5.043317 -0.000000 0.589803 -0.001208 0.055325
  231 0.583793 4.205517 -0.080554 0.213321 0.019605 0.282979
  232 -0.000001 4.879314 -0.000000 0.645297 0.004531 -0.036921
  233 0.000000 5.043317 -0.000000 0.589803 -0.001208 0.055325
  234 0.583797 4.205519 -0.080562 0.213321 0.019605 0.282979
  235 -0.000000 -0.000000 -0.000000 -0.000000 -0.000000 -0.000000
  236 0.583793 4.205517 -0.080554 0.213321 0.019605 0.282979
  237 0.000000 0.000000 0.000000 -0.000000 0.000001 0.000000
  238 -0.000001 4.879313 0.000001 0.645297 0.004531 -0.036921
  239 0.000000 0.000000 0.000000 0.000000 0.000000 -0.000000
  240 0.000000 5.043318 -0.000003 0.589802 -0.001208 0.055324
  241 0.000000 0.000000 0.000000 -0.000000 0.000000 -0.000000
  242 -0.000003 10.325294 0.000004 3.141593 -0.093079 -0.000000
  243 -0.000002 0.000004 0.000006 0.000000 0.000000 0.000000
  244 0.000001 0.000000 0.000000 -0.000001 -0.000000 -0.000000
  245 0.583793 4.205517 -0.080554 0.213321 0.019605 0.282979
  246 0.986063 0.947614 1.368047 0.166521 0.766158 0.595878
  247 0.398659 5.226443 -0.055579 0.036911 -0.459751 0.204801
  248 -0.000000 4.968780 -0.000001 0.650890 0.003073 -0.030016
  249 -0.000002 5.803466 -0.000008 0.636326 -0.001678 0.049315
  250 0.398659 5.226443 -0.055579 0.036911 -0.459751 0.204801
  251 -0.000000 4.968780 -0.000001 0.650890 0.003073 -0.030016
  252 -0.000002 5.803466 -0.000008 0.636326 -0.001678 0.049315
  253 0.398655 5.226450 -0.055572 0.036912 -0.459751 0.204801
  254 0.000000 0.000000 0.000000 -0.000000 -0.000000 -0.000000
  255 0.398659 5.226443 -0.055579 0.036912 -0.459751 0.204801
  256 0.000000 0.000000 0.000000 -0.000000 -0.000000 -0.000000
  257 -0.000001 4.968781 -0.000002 0.650891 0.003073 -0.030016
  258 0.000000 0.000000 0.000000 -0.000000 -0.000000 -0.000000
  259 -0.000002 5.803465 -0.000005 0.636325 -0.001678 0.049316
  260 0.000000 0.000000 0.000000 -0.000000 0.000000 0.000000
  261 0.000001 9.111453 0.000003 3.141592 0.806825 -0.000001
  262 0.000000 0.000000 0.000000 0.000000 -0.000000 -0.000000
  263 0.000000 0.000000 0.000000 -0.000001 -0.000000 0.000000
  264 0.398659 5.226443 -0.055579 0.036911 -0.459751 0.204801
  265 2.510277 0.335970 0.022943 -0.704386 0.728957 -0.808876
  266 2.510277 0.335970 0.022943 -0.704386 0.728957 -0.808876
  267 2.510277 0.335970 0.022943 -0.704386 0.728957 -0.808876
  268 -0.904460 6.782038 3.867489 0.280444 1.608988 1.902730
  269 -0.010193 19.450802 -0.828351 -0.891719 -0.412015 0.490592
  270 -0.000000 19.369106 -0.000005 2.298857 -0.000001 0.000000
  271 -0.000001 24.413008 0.000008 -0.252227 0.564924 0.319060
  272 0.000000 0.000000 0.000000 -0.000000 -0.000001 -0.000001
  273 -0.000001 0.000001 0.000000 -0.000000 0.000001 0.000001
  274 -0.000002 0.000001 -0.000001 -0.000000 0.000000 0.000000
  275 0.000000 0.000000 0.000000 0.000000 0.000000 -0.000000
  276 -0.000004 12.206497 0.000002 0.000000 0.260835 0.000000
  277 0.000000 0.000000 0.000000 -0.000000 -0.001371 0.000001
  278 0.000000 0.000001 0.000001 -0.000000 0.000000 -0.000000
  279 -0.000003 9.684555 -0.000003 -0.000000 -0.350123 0.000000
  280 0.000000 0.000000 0.000000 -0.000000 0.000000 0.000000
  281 0.000000 0.000003 -0.000000 0.000000 -0.000000 -0.000000
  282 -0.010187 19.450792 -0.828336 -1.068311 0.458283 -0.722012
  283 -0.010187 19.450794 -0.828343 0.041386 0.124298 -1.319061
  284 -0.000000 0.000001 -0.000000 -1.332781 -0.484537 2.373637
  285 0.000001 20.126818 0.000000 0.277335 -0.000000 0.000000
  286 -0.000001 25.356462 0.000000 0.198412 0.005445 -0.027073
  287 0.000000 0.000000 0.000000 0.000000 -0.000000 -0.000000
  288 0.000000 0.000001 -0.000008 0.532323 -0.782770 1.598506
  289 -0.000004 0.000007 -0.000000 -1.400847 0.491648 -0.000001
  290 0.000003 19.369099 -0.000004 2.298857 -0.000001 0.000000
  291 -0.010194 19.450804 -0.828351 -1.151717 -0.675200 0.981639
  292 0.000000 0.000000 0.000000 -0.000000 0.000000 0.000000
  293 -0.010194 19.450804 -0.828351 -1.151717 -0.675199 0.981639
  294 -0.000003 9.684553 -0.000003 0.000000 0.142593 -0.000001
  295 -0.000000 9.684556 0.000001 2.298857 0.350122 0.000000
  296 -0.000001 12.206499 -0.000003 0.000000 0.259463 -0.000000
  297 -0.000001 12.206514 0.000000 -0.337024 0.316950 0.282572
  298 -0.838799 0.695166 1.002018 -0.146529 -0.831651 -0.111056
  299 -0.150097 5.911072 0.004673 0.057776 0.287169 -0.072684
  300 0.000000 5.184046 0.000000 0.844309 0.003806 -0.022168
  301 -0.000003 5.576723 0.000001 0.721271 -0.000643 0.036172
  302 -0.150097 5.911072 0.004673 0.057776 0.287169 -0.072684
  303 0.000000 5.184046 0.000000 0.844309 0.003806 -0.022168
  304 -0.000003 5.576723 0.000001 0.721271 -0.000643 0.036172
  305 -0.150094 5.911076 0.004669 0.057776 0.287169 -0.072685
  306 0.000000 0.000000 0.000000 -0.000000 0.000000 0.000000
  307 -0.150100 5.911069 0.004672 0.057776 0.287169 -0.072685
  308 0.000000 0.000000 0.000000 -0.000000 0.000000 0.000000
  309 -0.000003 5.184046 -0.000000 0.844309 0.003806 -0.022168
  310 0.000000 -0.000000 -0.000000 0.000000 0.000000 0.000001
  311 0.000002 5.576726 0.000000 0.721271 -0.000643 0.036172
  312 -0.000000 0.000000 -0.000000 0.000000 0.000000 0.000000
  313 0.000001 9.158417 -0.000002 3.141593 -0.324016 0.000000
  314 -0.000004 -0.000003 0.000006 -0.000000 -0.000000 -0.000000
  315 -0.000002 -0.000003 0.000001 0.000000 -0.000000 -0.000000
  316 -0.150097 5.911072 0.004673 0.057776 0.287169 -0.072684
  317 -0.208224 1.308906 0.886643 -0.521836 -0.710749 0.438947
  318 0.113040 4.786304 0.060260 0.177555 0.296553 0.038427
  319 -0.000007 6.134688 -0.000004 0.628793 0.004722 -0.048262
  320 0.000007 5.142243 0.000002 0.533016 -0.000043 0.073621
  321 0.113040 4.786304 0.060260 0.177555 0.296553 0.038427
  322 -0.000007 6.134688 -0.000004 0.628793 0.004722 -0.048262
  323 0.000007 5.142243 0.000002 0.533016 -0.000043 0.073621
  324 0.113040 4.786306 0.060258 0.177555 0.296553 0.038426
  325 -0.000000 0.000000 0.000000 -0.000000 0.000000 0.000000
  326 -0.000000 0.000000 0.000000 -0.000000 0.000000 0.000000
  327 0.113040 4.786304 0.060261 0.177554 0.296552 0.038425
  328 0.000000 -0.000000 -0.000000 -0.000000 0.000001 0.000001
  329 -0.000005 6.134690 -0.000002 0.628793 0.004721 -0.048261
  330 0.000000 -0.000000 0.000000 -0.000000 0.000001 0.000001
  331 0.000007 5.142241 0.000002 0.533016 -0.000043 0.073618
  332 0.000000 -0.000000 0.000000 -0.000000 0.000001 0.000001
  333 -0.000005 9.920086 0.000002 -3.141593 -0.323204 -0.000000
  334 -0.000000 0.000001 -0.000000 0.000000 0.000000 0.000001
  335 -0.000006 -0.000004 -0.000001 0.000000 0.000000 -0.000001
  336 0.113040 4.786304 0.060260 0.177555 0.296553 0.038427
  337 -0.000000 0.000000 0.000000 -0.000000 0.000000 0.000000
  338 -1.229543 0.555884 1.288350 -0.746848 -0.623235 0.695222
  339 0.498176 5.494480 -0.059216 0.207022 0.080209 0.208697
  340 0.000000 5.046763 -0.000001 0.823483 -0.005800 0.038571
  341 -0.000000 4.876214 0.000000 0.788621 0.002099 -0.057281
  342 0.498176 5.494480 -0.059216 0.207022 0.080209 0.208697
  343 0.000000 5.046763 -0.000001 0.823483 -0.005800 0.038571
  344 -0.000000 4.876214 0.000000 0.788621 0.002099 -0.057281
  345 0.498191 5.494480 -0.059214 0.207022 0.080209 0.208698
  346 0.000000 0.000000 0.000000 -0.000000 0.000000 0.000000
  347 0.000000 0.000000 0.000000 -0.000000 0.000000 0.000000
  348 0.498176 5.494480 -0.059216 0.207022 0.080208 0.208698
  349 0.000000 0.000000 0.000000 -0.000000 -0.000000 -0.000000
  350 0.000005 5.046765 0.000002 0.823483 -0.005799 0.038570
  351 -0.000000 0.000000 -0.000000 -0.000000 -0.000000 -0.000000
  352 -0.000005 4.876213 0.000000 0.788620 0.002099 -0.057280
  353 0.000000 0.000000 0.000000 0.000000 0.000001 0.000001
  354 0.000000 10.336261 0.000002 -3.141593 0.095607 0.000001
  355 0.000000 -0.000000 0.000000 0.000000 0.000000 0.000000
  356 -0.000000 0.000000 -0.000000 0.000000 0.000000 0.000001
  357 0.498176 5.494480 -0.059216 0.207022 0.080209 0.208697
  358 0.000000 0.000000 0.000000 -0.000000 0.000000 0.000000
  359 -2.510277 0.335964 0.022935 -0.704386 -0.728957 0.808876
  360 0.647736 4.084696 -0.236858 0.204093 0.003080 0.542466
  361 0.000000 4.945988 -0.000001 0.641854 -0.001324 0.011933
  362 0.000000 6.128855 -0.000000 0.690225 0.001326 -0.020280
  363 0.647736 4.084696 -0.236858 0.204093 0.003080 0.542466
  364 0.000000 4.945988 -0.000001 0.641854 -0.001324 0.011933
  365 0.000000 6.128855 -0.000000 0.690225 0.001326 -0.020280
  366 0.647763 4.084704 -0.236866 0.204092 0.003080 0.542466
  367 -0.000000 0.000000 0.000000 0.000000 0.000000 -0.000000
  368 -0.000000 0.000000 0.000000 0.000000 0.000000 -0.000000
  369 0.647748 4.084696 -0.236857 0.204093 0.003081 0.542467
  370 0.000000 0.000000 0.000000 -0.000000 -0.000001 -0.000001
  371 -0.000001 4.945985 0.000003 0.641855 -0.001324 0.011934
  372 0.000000 0.000000 0.000000 0.000000 -0.000001 -0.000000
  373 0.000000 6.128854 -0.000003 0.690224 0.001326 -0.020280
  374 0.000000 0.000000 0.000000 0.000000 -0.000000 -0.000000
  375 -0.000002 8.781752 0.000002 3.141593 0.488191 -0.000000
  376 -0.000003 0.000000 -0.000002 0.000000 0.000000 0.000000
  377 -0.000003 0.000001 -0.000001 -0.000000 -0.000000 0.000000
  378 0.647744 4.084696 -0.236857 0.204093 0.003080 0.542466
  379 -0.000000 0.000000 0.000000 0.000000 0.000000 -0.000000
  380 -0.777024 1.281754 1.958798 0.196514 -0.598662 -0.924076
  381 -0.752174 4.122396 -0.103863 0.213321 -0.019605 -0.282980
  382 -0.000001 4.879319 -0.000000 0.796346 -0.004531 0.036921
  383 0.000001 5.043317 -0.000001 0.740850 0.001208 -0.055324
  384 -0.752174 4.122396 -0.103863 0.213321 -0.019605 -0.282980
  385 -0.000001 4.879319 -0.000000 0.796346 -0.004531 0.036921
  386 0.000001 5.043317 -0.000001 0.740850 0.001208 -0.055324
  387 -0.752169 4.122406 -0.103860 0.213321 -0.019605 -0.282979
  388 0.000000 0.000000 0.000000 0.000000 0.000000 0.000000
  389 -0.752173 4.122399 -0.103862 0.213321 -0.019605 -0.282979
  390 0.000000 0.000000 0.000000 0.000000 -0.000001 -0.000000
  391 -0.000000 4.879319 0.000001 0.796346 -0.004531 0.036922
  392 0.000000 0.000000 0.000000 0.000000 -0.000000 -0.000000
  393 0.000000 5.043314 0.000003 0.740850 0.001208 -0.055324
  394 0.000000 0.000000 0.000000 -0.000000 -0.000000 0.000000
  395 0.000000 10.325289 0.000003 3.141593 0.093079 0.000000
  396 0.000000 0.000000 0.000000 0.000000 -0.000000 0.000000
  397 -0.000000 0.000003 -0.000002 0.000001 0.000000 -0.000000
  398 -0.752174 4.122396 -0.103863 0.213321 -0.019605 -0.282980
  399 -0.986049 0.947621 1.368044 0.166521 -0.766158 -0.595878
  400 -0.385963 5.234578 -0.053813 0.036911 0.459751 -0.204801
  401 0.000000 4.968776 -0.000000 0.633335 -0.003073 0.030016
  402 -0.000001 5.803449 0.000001 0.618769 0.001678 -0.049316
  403 -0.385963 5.234578 -0.053813 0.036911 0.459751 -0.204801
  404 0.000000 4.968776 -0.000000 0.633335 -0.003073 0.030016
  405 -0.000001 5.803449 0.000001 0.618769 0.001678 -0.049316
  406 -0.385951 5.234601 -0.053808 0.036912 0.459751 -0.204801
  407 0.000000 0.000000 0.000000 0.000000 -0.000000 0.000000
  408 -0.385957 5.234587 -0.053810 0.036912 0.459751 -0.204801
  409 0.000000 0.000000 0.000000 -0.000000 0.000000 0.000000
  410 -0.000001 4.968776 -0.000004 0.633334 -0.003073 0.030015
  411 0.000000 0.000000 0.000000 0.000000 0.000000 0.000000
  412 -0.000003 5.803453 0.000004 0.618769 0.001678 -0.049316
  413 0.000000 0.000000 0.000000 -0.000000 -0.000000 -0.000000
  414 -0.000001 9.111451 0.000003 3.141592 -0.806826 0.000001
  415 0.000000 -0.000000 -0.000000 0.000000 0.000000 0.000000
  416 -0.000001 -0.000004 0.000001 0.000001 0.000000 0.000000
  417 -0.385959 5.234584 -0.053811 0.036911 0.459751 -0.204801
  418 -2.510273 0.335968 0.022940 -0.704386 -0.728957 0.808876
  419 -2.510273 0.335968 0.022940 -0.704386 -0.728957 0.808876
  420 -2.510273 0.335968 0.022940 -0.704386 -0.728957 0.808876
  421 8.463112 -0.489843 -2.120325 1.542233 -0.000000 3.141592
  422 -0.000000 -0.000001 -0.000000 -0.000000 -0.000000 -0.000000
  423 -8.463112 -0.489837 -2.120324 1.542233 -0.000000 -3.141593
  424 -0.000000 -0.000001 -0.000000 -0.000000 0.000000 -0.000000
  425 8.463112 -0.489843 -2.120325 1.542233 -0.000000 3.141592
  426 -8.463112 -0.489837 -2.120324 1.542233 -0.000000 -3.141593
  427 0.904461 6.782044 3.867488 -2.013988 -0.887855 0.629556
  428 -0.904460 6.782038 3.867489 0.280444 1.608988 1.902730
  429 0.000000 -0.000000 -0.000000 0.000000 0.000000 -0.000000
  430 -2.384858 45.420403 15.540361 0.000000 -0.000000 1.570796
  431 -44.752171 -23.100412 50.700020 -0.696379 2.181894 0.690040
  432 0.000012 -0.000005 0.000008 -0.000000 0.000000 0.000000
  433 -21.291672 22.546791 3.755472 -0.221353 -0.240918 1.238672
  434 50.316387 -48.748123 25.495207 0.636716 0.964785 -2.018134
  435 -2.384865 -45.420403 15.540361 0.000000 -0.000000 1.570796
  436 9.471943 6.039071 37.852470 0.700458 -0.532739 2.054190
  437 -0.000004 -0.000008 -0.000008 0.000000 -0.000000 -0.000000
  438 -40.548473 7.902428 14.725851 0.085904 0.131281 1.093093
  439 -55.722233 -31.137169 -20.951977 0.636717 -0.964784 2.018134
  440 -0.483101 8.250682 -13.900933 0.000000 -0.000000 1.570796
  441 4.360191 -3.605510 -0.692878 -0.018761 0.000000 0.172585
  442 -0.000001 -6.475163 -8.877786 -0.000000 0.000000 0.000000
  443 0.000001 6.475163 8.877786 -0.000000 0.000000 0.000000
  444 -1.878121 12.014875 -0.599893 -0.000000 0.000000 0.000000
  445 3.953934 0.000001 -0.000002 0.000000 -0.000000 -0.000000
  446 -1.976972 0.000000 0.000000 -0.000000 0.000000 0.000000
  447 -0.098849 -12.014876 0.599888 -0.000000 -0.000000 -0.000000
  448 0.000001 6.475165 8.877787 -2.200961 0.000249 0.000341
  449 0.000001 0.000002 0.000001 -0.000000 0.000000 0.000000
  450 -0.000002 10.988307 0.000001 2.200961 0.000422 0.000000
  451 0.000000 0.000000 0.000000 -0.060252 -0.000000 3.141593
  452 35.568478 0.977492 -9.882335 0.074307 0.032367 1.424568
  453 1.961086 -0.448853 0.257715 -0.003598 -0.000000 -0.000000
  454 -0.483102 -8.250682 -13.900933 0.000000 -0.000000 1.570796
  455 -2.922776 14.557677 0.696281 0.085230 -0.014796 -0.207313
  456 0.000001 -6.475164 -8.877786 0.000000 -0.000000 -0.000000
  457 -0.000001 6.475164 8.877786 0.128899 0.032535 0.004619
  458 1.878115 12.014878 -0.599889 0.000000 0.033133 -0.000000
  459 -3.953932 -0.000000 -0.000003 0.000000 -0.000000 -0.000000
  460 1.976971 0.000006 -0.000004 -0.000000 0.000000 0.000000
  461 0.098848 -12.014869 0.599884 0.128746 -0.000598 0.004616
  462 -0.000001 6.475161 8.877779 -2.200961 -0.000249 -0.000341
  463 0.000000 0.000001 0.000000 -0.000000 -0.000000 -0.000000
  464 -0.000000 10.988299 -0.000001 2.072218 0.003338 0.002743
  465 0.000000 0.000000 0.000000 -0.060252 0.000000 3.141593
  466 33.165363 -15.339211 -9.348335 0.074307 0.032367 1.424568
  467 -5.924029 1.355902 -0.778503 -0.003598 -0.000000 -0.000000
  time 2
  0 0.000000 0.000000 -23.603888 0.000000 -0.000000 1.570796
  1 -1.619493 2.725770 37.975555 1.745542 0.047147 -0.247551
  2 0.000000 10.999708 -0.000001 -0.022417 0.003116 0.088016
  3 -0.000000 6.753158 -0.000000 -0.188735 -0.120785 0.059817
  4 0.000001 8.544814 -0.000001 -0.050824 -0.445314 -0.042083
  5 -0.000001 9.518037 0.000002 0.097769 0.295081 0.059047
  6 0.000000 3.039637 -0.000000 0.193783 0.007868 0.001545
  7 0.000000 3.098952 0.000000 0.225149 0.306371 0.009152
  8 19.604784 -18.796547 88.707420 -0.000447 -2.418234 -2.075941
  9 -37.332893 17.143932 72.315079 0.944696 -2.743225 0.237674
  10 6.424047 -11.588874 20.648979 -3.018007 -0.318597 -0.359771
  11 -14.451751 6.517912 19.142529 -3.096171 -0.293529 -0.306966
  12 -1.789155 0.000000 28.175615 0.000000 -0.000000 1.570796
  13 0.000000 -0.000001 -8.218849 0.052764 -0.132950 -0.237972
  14 0.000001 -1.769384 12.121019 -0.051751 0.179324 -0.019313
  15 0.000001 -1.769386 12.121019 -0.146960 0.034986 -0.600286
  16 0.000000 -1.769384 12.121019 -0.025336 0.089786 -0.008452
  17 0.000000 -0.000001 0.000000 1.694062 -0.000000 -0.000000
  18 -0.000001 -6.753158 0.000001 -1.718164 -0.019379 -0.088081
  19 -0.000000 0.000000 -0.000000 1.742380 -0.000000 -0.000000
  20 0.000000 -10.999707 0.000002 0.000000 -0.000000 -0.000000
  21 0.000000 0.000000 0.000000 -0.000000 0.000000 -0.000000
  22 0.000000 0.000000 0.000000 -1.341552 -1.993774 0.192913
  23 -0.000000 -0.000003 0.000001 -0.000000 0.000000 0.000000
  24 0.000000 0.000000 0.000000 -1.341552 1.993774 -0.192913
  25 0.000000 -0.000002 0.000001 -0.000000 -0.000000 -0.000000
  26 8.250682 -0.215594 2.184242 2.439158 -0.048059 0.305416
  27 -0.000001 19.305023 0.000001 1.208622 -0.000000 0.000000
  28 0.000001 15.666494 0.000001 -1.348761 -0.250151 0.520938
  29 -0.000176 10.987805 -0.000366 0.880380 -3.141171 0.000000
  30 -1.873869 4.392866 10.061484 -0.000523 0.630166 -1.571104
  31 0.000000 0.000002 0.000002 -0.000000 -0.000000 -0.000000
  32 -0.000000 0.000000 -0.000000 0.000000 0.000000 0.000000
  33 -0.000000 0.000002 -0.000001 0.000000 0.000000 0.000000
  34 0.000000 0.000000 0.000000 0.000000 0.000000 0.000000
  35 -0.000001 7.833250 -0.000001 0.000000 -0.284907 -0.000000
  36 0.000000 0.000000 0.000000 -0.000000 0.000204 -0.000000
  37 0.000000 -0.000004 -0.000000 -0.000000 0.000000 0.000000
  38 -0.000000 9.652513 0.000002 0.000000 -0.102408 0.000000
  39 0.000000 0.000000 -0.000000 0.000000 0.000000 -0.000000
  40 -8.250683 -0.215589 2.184242 3.107041 -0.071150 -0.215700
  41 0.000002 19.496496 -0.000001 0.860116 0.000000 -0.000000
  42 -0.000002 15.861961 0.000000 -1.304581 -0.170564 -0.183479
  43 0.000311 10.987511 -0.001024 1.128661 -3.134762 0.005290
  44 1.873872 4.392859 10.061481 0.000522 2.511427 1.571104
  45 -0.000001 0.000001 0.000004 -0.000000 0.000000 0.000000
  46 0.000000 0.000000 0.000000 0.000000 -0.000000 -0.000000
  47 0.000001 0.000002 -0.000001 -0.000000 0.000000 0.000000
  48 0.000000 0.000000 0.000000 -0.000000 0.000000 0.000000
  49 -0.000001 7.930984 -0.000001 0.000001 -0.013454 0.000000
  50 0.000000 0.000000 0.000000 0.000000 -0.000205 -0.000000
  51 0.000000 -0.000004 -0.000000 -0.000000 -0.000000 0.000000
  52 0.000002 9.748251 -0.000001 -0.000000 -0.021614 -0.000000
  53 0.000000 0.000000 0.000000 -0.000000 -0.000000 0.000000
  54 8.250682 -0.215594 2.184241 2.903292 0.000001 0.000000
  55 8.250682 -0.215594 2.184241 -1.742380 0.000000 0.000000
  56 0.000000 -0.000001 0.000000 -1.637514 0.000000 -0.000000
  57 0.000002 19.896322 -0.000002 0.140362 -0.000000 0.000000
  58 0.000001 16.264103 -0.000000 -0.703810 -0.000322 0.000273
  59 -0.000000 -0.000000 0.000000 -0.000000 -0.000000 -0.000000
  60 -0.000000 10.988297 0.000000 0.880380 -3.141171 0.000000
  61 0.000000 0.000001 0.000000 0.000000 -0.000000 -0.000000
  62 0.000000 -0.000001 0.000000 -1.576636 -0.292781 0.001391
  63 -0.000000 -0.000000 0.000000 -0.532592 0.100110 -0.000000
  64 0.000000 19.305019 -0.000000 1.208622 -0.000000 0.000000
  65 8.250682 -0.215594 2.184242 2.436348 0.094423 0.184684
  66 -0.000000 -0.000000 0.000000 -0.000000 -0.000000 0.000000
  67 8.250682 -0.215594 2.184241 2.436348 0.094423 0.184684
  68 -0.000001 9.652514 0.000001 0.000000 0.084260 0.000000
  69 -0.000000 9.652514 -0.000000 1.208622 0.102408 0.000000
  70 -0.000001 7.833243 -0.000001 0.000000 -0.284702 -0.000000
  71 0.000003 7.833250 -0.000000 -1.208547 -0.001538 0.503175
  72 -0.000001 10.987824 0.000000 0.880346 -3.141171 -0.000016
  73 -8.250682 -0.215593 2.184240 2.903292 0.000001 0.000000
  74 -8.250682 -0.215593 2.184241 -1.742380 0.000000 0.000000
  75 0.000000 -0.000000 0.000000 -1.637514 0.000000 0.000000
  76 0.000002 19.896326 0.000001 0.140363 0.000000 -0.000000
  77 0.000001 16.264103 0.000000 -0.703810 0.000322 -0.000273
  78 -0.000000 -0.000000 0.000000 0.000000 -0.000000 -0.000000
  79 -0.000001 10.988297 0.000001 0.880380 3.141170 -0.000000
  80 -0.000000 0.000000 0.000000 0.000000 0.000000 0.000000
  81 0.000000 -0.000000 0.000000 -1.045949 0.178584 0.047745
  82 -0.000002 -0.000004 0.000001 -0.382942 0.092644 0.000000
  83 0.000001 19.496490 -0.000002 0.860116 0.000000 -0.000000
  84 -8.250683 -0.215589 2.184242 3.107113 -0.029914 -0.217125
  85 0.000000 -0.000000 -0.000001 0.000000 -0.000000 0.000000
  86 -8.250683 -0.215589 2.184242 3.107113 -0.029914 -0.217125
  87 0.000000 9.748251 0.000001 0.000000 0.019646 0.000000
  88 0.000001 9.748251 -0.000000 0.860116 0.021615 0.000000
  89 -0.000001 7.930976 0.000001 0.000000 -0.013659 -0.000000
  90 -0.000001 7.930986 0.000000 -1.307196 -0.157161 -0.183075
  91 -0.000001 10.987535 -0.000001 1.128567 -3.134763 0.005319
  92 0.000000 0.000000 0.000001 -0.048318 0.000000 -0.000000
  93 0.000000 0.000000 0.000000 -0.000000 -0.000000 0.000000
  94 0.000000 -10.999707 0.000002 -0.000000 0.000000 -0.000000
  95 0.000000 -1.769385 12.121019 -0.070819 0.028605 -0.299439
  96 0.000000 -0.000001 0.000000 1.538979 0.000000 0.000000
  97 -0.000000 0.000000 -0.000001 0.167762 0.147343 -0.017783
  98 0.000000 0.000000 0.000000 -0.155084 0.000000 0.000000
  99 0.000000 -0.000000 0.000000 -0.000000 0.000000 0.000000
  100 -0.000001 8.544824 0.000000 -1.599514 -0.298205 -0.039730
  101 0.000000 0.000000 0.000000 1.542233 0.000000 0.000000
  102 0.000000 9.518037 -0.000001 0.097769 0.295081 0.059047
  103 0.000000 3.039637 -0.000000 0.193783 0.007869 0.001545
  104 0.000000 3.098952 0.000000 0.225149 0.306371 0.009152
  105 0.000000 9.518037 -0.000001 -1.466951 0.295081 0.059047
  106 -0.000000 -0.000000 0.000000 1.662547 -0.000000 -0.000000
  107 -0.000002 6.109802 0.000001 -1.592697 0.299970 0.022139
  108 0.000000 0.000000 0.000000 1.913189 -0.017513 0.011713
  109 0.000000 0.000000 0.000000 -0.097827 -0.000000 -0.000000
  110 0.000000 0.000000 0.000000 0.000000 0.000000 0.000000
  111 0.000001 3.025104 -0.296887 0.171270 0.006608 0.008254
  112 0.000000 0.000000 0.000000 0.095948 0.000000 -0.000000
  113 -0.000000 0.000000 -0.000000 0.000000 0.000000 -0.000000
  114 0.000000 -0.000000 0.000000 0.000000 0.000000 0.000000
  115 0.904460 6.782041 3.867486 -1.875523 -0.924463 0.661064
  116 0.010187 19.450794 -0.828336 0.434676 0.844631 -0.608289
  117 0.000002 19.479738 0.000002 1.308807 0.000000 -0.000000
  118 0.000001 24.659533 0.000002 0.355073 -0.749870 -0.022497
  119 0.000000 0.000000 -0.000000 -0.000000 0.000001 0.000001
  120 0.000000 0.000000 -0.000000 -0.000000 -0.000001 -0.000001
  121 0.000007 -0.000002 0.000005 -0.000000 -0.000000 -0.000000
  122 0.000000 0.000000 0.000000 0.000000 -0.000000 0.000000
  123 -0.000000 12.329767 0.000003 -0.000000 -0.373643 0.000000
  124 0.000000 0.000000 0.000000 -0.000000 0.001371 -0.000001
  125 0.000001 -0.000001 0.000002 0.000000 -0.000000 0.000000
  126 0.000007 9.739864 -0.000002 -0.000000 -0.071112 -0.000000
  127 0.000000 0.000000 0.000000 -0.000000 -0.000000 -0.000000
  128 -0.000000 0.000002 -0.000001 0.000000 0.000000 0.000000
  129 0.010192 19.450796 -0.828331 -1.068311 -0.458283 0.722012
  130 0.010189 19.450792 -0.828337 0.041385 -0.124298 1.319062
  131 0.000001 0.000001 -0.000000 -1.332781 0.484537 -2.373637
  132 -0.000002 20.126820 0.000003 0.277335 0.000000 0.000000
  133 0.000000 25.356461 0.000005 0.198412 -0.005445 0.027073
  134 0.000000 0.000000 0.000000 -0.000000 0.000000 0.000000
  135 -0.000000 0.000000 0.000000 0.810620 0.527377 -2.406029
  136 -0.000003 -0.000002 -0.000000 -0.744188 0.376311 0.000000
  137 0.000001 19.479744 0.000006 1.308807 0.000000 -0.000000
  138 0.010187 19.450792 -0.828336 0.383786 0.727570 -0.680069
  139 0.000000 0.000000 0.000000 -0.000000 -0.000000 -0.000000
  140 0.010187 19.450792 -0.828336 0.383785 0.727570 -0.680070
  141 -0.000002 9.739864 -0.000000 0.000001 0.056417 0.000000
  142 0.000001 9.739868 0.000001 1.308806 0.071112 0.000000
  143 0.000000 12.329767 -0.000002 -0.000000 -0.372271 -0.000001
  144 0.000002 12.329758 0.000002 0.346270 -0.377671 -0.017711
  145 0.838809 0.695159 1.002014 -0.146528 0.831651 0.111056
  146 0.114596 5.998705 0.004622 0.057776 -0.287169 0.072685
  147 -0.000000 5.184051 0.000002 0.667114 -0.003806 0.022167
  148 -0.000001 5.576724 0.000000 0.544078 0.000643 -0.036172
  149 0.114596 5.998705 0.004622 0.057776 -0.287169 0.072685
  150 -0.000000 5.184051 0.000002 0.667114 -0.003806 0.022167
  151 -0.000001 5.576724 0.000000 0.544078 0.000643 -0.036172
  152 0.114596 5.998724 0.004621 0.057776 -0.287169 0.072685
  153 0.000000 0.000000 0.000000 -0.000000 -0.000000 -0.000000
  154 0.114596 5.998705 0.004622 0.057776 -0.287169 0.072685
  155 0.000000 0.000000 0.000000 -0.000000 -0.000000 -0.000000
  156 -0.000001 5.184050 0.000002 0.667115 -0.003806 0.022168
  157 0.000000 0.000000 0.000000 0.000000 -0.000001 -0.000000
  158 0.000000 5.576724 -0.000002 0.544077 0.000643 -0.036172
  159 0.000000 0.000000 0.000000 0.000000 -0.000000 -0.000000
  160 0.000002 9.158422 0.000006 3.141592 0.324016 -0.000001
  161 -0.000000 -0.000001 0.000000 0.000001 0.000000 -0.000000
  162 -0.000002 -0.000000 0.000001 -0.000000 0.000000 -0.000000
  163 0.114596 5.998705 0.004622 0.057776 -0.287169 0.072685
  164 0.208231 1.308907 0.886646 -0.521837 0.710749 -0.438947
  165 -0.109899 4.790332 0.058850 0.177555 -0.296553 -0.038426
  166 -0.000000 6.134692 -0.000000 0.615297 -0.004721 0.048260
  167 0.000000 5.142239 -0.000000 0.519520 0.000042 -0.073619
  168 -0.109899 4.790332 0.058850 0.177555 -0.296553 -0.038426
  169 -0.000000 6.134692 -0.000000 0.615297 -0.004721 0.048260
  170 0.000000 5.142239 -0.000000 0.519520 0.000042 -0.073619
  171 -0.109892 4.790333 0.058846 0.177555 -0.296553 -0.038426
  172 0.000000 0.000001 0.000000 0.000000 -0.000000 -0.000000
  173 0.000000 0.000001 0.000000 0.000000 -0.000000 -0.000000
  174 -0.109898 4.790332 0.058850 0.177555 -0.296552 -0.038425
  175 -0.000000 -0.000000 -0.000000 -0.000000 -0.000001 -0.000001
  176 0.000002 6.134692 0.000001 0.615297 -0.004721 0.048261
  177 0.000000 0.000000 0.000000 -0.000000 -0.000001 -0.000001
  178 0.000002 5.142238 0.000003 0.519520 0.000043 -0.073619
  179 0.000000 0.000000 0.000000 -0.000000 -0.000001 -0.000001
  180 0.000000 9.920081 0.000001 3.141593 0.323205 0.000000
  181 0.000000 0.000000 0.000000 0.000000 -0.000000 -0.000000
  182 0.000001 -0.000001 -0.000001 0.000001 -0.000000 -0.000001
  183 -0.109899 4.790332 0.058850 0.177555 -0.296553 -0.038426
  184 0.000000 0.000001 0.000000 0.000000 -0.000000 -0.000000
  185 1.229549 0.555891 1.288367 -0.746848 0.623236 -0.695221
  186 -0.367208 5.571412 -0.043594 0.207023 -0.080208 -0.208699
  187 0.000006 5.046765 0.000005 0.646288 0.005799 -0.038568
  188 -0.000001 4.876214 0.000002 0.611427 -0.002099 0.057278
  189 -0.367208 5.571412 -0.043594 0.207023 -0.080209 -0.208699
  190 0.000006 5.046765 0.000005 0.646288 0.005799 -0.038568
  191 -0.000001 4.876214 0.000002 0.611427 -0.002099 0.057278
  192 -0.367207 5.571411 -0.043596 0.207022 -0.080209 -0.208698
  193 -0.000000 -0.000000 -0.000000 0.000000 -0.000000 0.000000
  194 -0.000000 -0.000000 -0.000000 0.000000 -0.000000 0.000000
  195 -0.367208 5.571412 -0.043594 0.207022 -0.080209 -0.208698
  196 0.000000 0.000000 0.000000 0.000000 0.000000 0.000000
  197 0.000004 5.046767 0.000006 0.646290 0.005800 -0.038570
  198 0.000000 0.000000 0.000000 0.000000 0.000000 0.000000
  199 -0.000007 4.876213 -0.000003 0.611427 -0.002099 0.057281
  200 0.000000 0.000000 0.000000 -0.000000 -0.000001 -0.000001
  201 -0.000002 10.336264 -0.000001 -3.141593 -0.095607 -0.000001
  202 -0.000001 0.000002 0.000000 -0.000000 -0.000000 0.000000
  203 0.000006 0.000001 0.000005 -0.000001 -0.000000 0.000001
  204 -0.367208 5.571412 -0.043594 0.207023 -0.080208 -0.208699
  205 -0.000000 -0.000000 -0.000000 0.000000 -0.000000 0.000000
  206 2.510282 0.335974 0.022943 -0.704386 0.728958 -0.808876
  207 -0.631430 4.087239 -0.230853 0.204092 -0.003080 -0.542466
  208 0.000001 4.945989 -0.000001 0.628360 0.001324 -0.011932
  209 -0.000001 6.128848 0.000002 0.676729 -0.001326 0.020279
  210 -0.631430 4.087239 -0.230853 0.204092 -0.003080 -0.542466
  211 0.000001 4.945988 -0.000002 0.628360 0.001324 -0.011932
  212 -0.000002 6.128849 0.000001 0.676729 -0.001326 0.020279
  213 -0.631428 4.087242 -0.230864 0.204092 -0.003080 -0.542466
  214 0.000000 0.000001 0.000000 -0.000000 -0.000000 0.000000
  215 0.000000 0.000001 0.000000 -0.000000 -0.000000 0.000000
  216 -0.631430 4.087239 -0.230853 0.204093 -0.003081 -0.542467
  217 0.000000 0.000000 0.000000 -0.000000 0.000001 0.000001
  218 0.000001 4.945987 -0.000002 0.628360 0.001324 -0.011934
  219 0.000000 0.000000 0.000000 -0.000000 0.000001 0.000001
  220 -0.000007 6.128849 -0.000002 0.676729 -0.001326 0.020280
  221 0.000000 0.000000 0.000000 -0.000000 0.000000 0.000000
  222 0.000002 8.781749 -0.000002 3.141592 -0.488191 0.000000
  223 -0.000001 0.000001 0.000001 -0.000000 -0.000000 -0.000000
  224 0.000000 0.000000 0.000000 -0.000000 -0.000000 0.000001
  225 -0.631430 4.087239 -0.230853 0.204092 -0.003080 -0.542466
  226 0.000000 0.000001 0.000000 -0.000000 -0.000000 0.000000
  227 0.777031 1.281748 1.958799 0.196515 0.598662 0.924076
  228 0.554637 4.219865 -0.076535 0.213321 0.019605 0.282980
  229 0.000000 4.879311 0.000000 0.619153 0.004531 -0.036922
  230 -0.000000 5.043319 0.000000 0.563656 -0.001208 0.055324
  231 0.554637 4.219865 -0.076535 0.213321 0.019605 0.282980
  232 0.000000 4.879311 0.000000 0.619153 0.004531 -0.036922
  233 -0.000000 5.043319 0.000000 0.563656 -0.001208 0.055324
  234 0.554646 4.219868 -0.076544 0.213321 0.019605 0.282980
  235 -0.000000 -0.000000 -0.000000 0.000000 -0.000000 -0.000000
  236 0.554637 4.219865 -0.076535 0.213321 0.019605 0.282979
  237 0.000000 0.000000 0.000000 -0.000000 0.000001 0.000000
  238 -0.000001 4.879312 0.000001 0.619152 0.004531 -0.036922
  239 -0.000000 -0.000000 -0.000000 0.000000 0.000000 0.000000
  240 -0.000001 5.043318 0.000003 0.563657 -0.001208 0.055324
  241 -0.000000 -0.000000 -0.000000 0.000000 0.000000 -0.000000
  242 0.000000 10.325294 0.000003 3.141593 -0.093079 -0.000000
  243 0.000000 0.000000 0.000000 0.000000 0.000000 0.000000
  244 0.000000 0.000000 0.000000 0.000001 0.000000 0.000000
  245 0.554637 4.219865 -0.076535 0.213321 0.019605 0.282980
  246 0.986056 0.947616 1.368043 0.166521 0.766158 0.595878
  247 0.376133 5.241134 -0.052428 0.036911 -0.459751 0.204801
  248 0.000001 4.968782 0.000000 0.619839 0.003073 -0.030016
  249 -0.000000 5.803463 0.000001 0.605274 -0.001678 0.049315
  250 0.376133 5.241134 -0.052428 0.036911 -0.459751 0.204801
  251 0.000001 4.968782 0.000000 0.619839 0.003073 -0.030016
  252 -0.000000 5.803463 0.000001 0.605274 -0.001678 0.049315
  253 0.376131 5.241135 -0.052426 0.036912 -0.459751 0.204801
  254 0.000000 0.000000 0.000000 -0.000000 -0.000000 -0.000000
  255 0.376133 5.241134 -0.052428 0.036912 -0.459751 0.204801
  256 0.000000 0.000000 0.000000 -0.000000 -0.000001 -0.000000
  257 -0.000001 4.968781 -0.000002 0.619839 0.003073 -0.030016
  258 0.000000 0.000000 0.000000 -0.000000 -0.000000 -0.000000
  259 -0.000001 5.803463 0.000000 0.605274 -0.001678 0.049315
  260 0.000000 0.000000 0.000000 0.000000 -0.000000 0.000000
  261 0.000001 9.111456 0.000005 3.141592 0.806826 -0.000000
  262 0.000000 -0.000001 0.000000 0.000000 0.000000 0.000000
  263 0.000000 0.000000 -0.000000 -0.000000 0.000000 0.000000
  264 0.376133 5.241134 -0.052428 0.036911 -0.459751 0.204801
  265 2.510277 0.335967 0.022942 -0.704386 0.728958 -0.808876
  266 2.510277 0.335967 0.022942 -0.704386 0.728958 -0.808876
  267 2.510277 0.335967 0.022942 -0.704386 0.728958 -0.808876
  268 -0.904461 6.782033 3.867485 0.627819 1.607807 2.260324
  269 -0.010185 19.450800 -0.828337 0.302504 -0.553715 0.524743
  270 -0.000003 19.437910 -0.000000 1.437520 -0.000000 -0.000000
  271 0.000008 24.603634 0.000006 -0.161679 0.513203 -0.234473
  272 0.000000 0.000000 0.000000 0.000000 -0.000001 -0.000001
  273 0.000000 0.000000 0.000000 -0.000000 0.000001 0.000001
  274 -0.000004 0.000001 -0.000007 -0.000000 0.000000 0.000000
  275 0.000000 0.000000 0.000000 0.000000 0.000000 -0.000000
  276 0.000001 12.301813 -0.000002 0.000000 0.264149 -0.000001
  277 0.000000 0.000000 0.000000 -0.000000 -0.001371 0.000001
  278 0.000000 0.000000 0.000000 -0.000000 0.000000 0.000000
  279 -0.000007 9.718954 -0.000006 -0.000000 -0.166725 0.000000
  280 0.000000 0.000000 0.000000 -0.000000 0.000000 0.000000
  281 -0.000000 0.000002 0.000000 0.000000 -0.000000 -0.000000
  282 -0.010188 19.450796 -0.828330 -1.068311 0.458283 -0.722012
  283 -0.010188 19.450796 -0.828337 0.041386 0.124298 -1.319061
  284 -0.000001 0.000001 0.000000 -1.332781 -0.484537 2.373637
  285 0.000001 20.126823 0.000001 0.277335 -0.000000 0.000000
  286 0.000005 25.356466 0.000005 0.198412 0.005445 -0.027074
  287 0.000000 0.000000 0.000000 -0.000000 -0.000000 -0.000000
  288 0.000000 0.000000 0.000000 1.084515 -0.561588 1.739769
  289 0.000004 -0.000001 -0.000003 -0.821012 0.167667 -0.000001
  290 -0.000006 19.437901 0.000004 1.437520 -0.000000 -0.000000
  291 -0.010185 19.450800 -0.828337 0.384568 -0.829238 0.397370
  292 0.000000 0.000000 0.000000 -0.000000 0.000000 0.000000
  293 -0.010185 19.450800 -0.828337 0.384567 -0.829238 0.397371
  294 0.000001 9.718949 0.000001 0.000001 0.125418 -0.000001
  295 -0.000001 9.718964 0.000000 1.437520 0.166724 0.000000
  296 0.000002 12.301812 0.000000 0.000000 0.262778 -0.000000
  297 0.000001 12.301820 0.000000 -0.099242 0.256822 -0.210822
  298 -0.838803 0.695163 1.002014 -0.146529 -0.831651 -0.111056
  299 -0.149130 5.913527 0.004668 0.057776 0.287169 -0.072685
  300 -0.000000 5.184051 0.000000 0.839178 0.003806 -0.022167
  301 0.000001 5.576724 -0.000001 0.716141 -0.000643 0.036172
  302 -0.149130 5.913527 0.004668 0.057776 0.287169 -0.072685
  303 -0.000000 5.184051 0.000000 0.839178 0.003806 -0.022167
  304 0.000001 5.576724 -0.000001 0.716141 -0.000643 0.036172
  305 -0.149128 5.913534 0.004669 0.057776 0.287169 -0.072685
  306 0.000000 0.000000 0.000000 0.000000 0.000000 0.000000
  307 -0.149128 5.913534 0.004669 0.057776 0.287169 -0.072685
  308 0.000000 0.000000 0.000000 0.000000 0.000000 0.000000
  309 0.000000 5.184052 0.000000 0.839178 0.003806 -0.022168
  310 0.000000 0.000000 0.000000 0.000000 0.000001 0.000000
  311 0.000001 5.576725 -0.000000 0.716140 -0.000643 0.036172
  312 0.000000 0.000000 0.000000 0.000000 0.000000 0.000000
  313 -0.000001 9.158419 0.000007 3.141593 -0.324016 0.000001
  314 0.000000 -0.000000 0.000000 0.000001 0.000000 0.000000
  315 0.000000 0.000000 0.000000 0.000000 0.000000 -0.000000
  316 -0.149130 5.913527 0.004668 0.057776 0.287169 -0.072685
  317 -0.208218 1.308903 0.886648 -0.521836 -0.710749 0.438947
  318 0.115040 4.782433 0.061950 0.177555 0.296553 0.038426
  319 0.000001 6.134687 -0.000000 0.642153 0.004721 -0.048261
  320 0.000001 5.142238 0.000000 0.546376 -0.000043 0.073619
  321 0.115040 4.782433 0.061950 0.177555 0.296553 0.038426
  322 0.000001 6.134687 -0.000000 0.642153 0.004721 -0.048261
  323 0.000001 5.142238 0.000000 0.546376 -0.000043 0.073619
  324 0.115048 4.782445 0.061953 0.177555 0.296553 0.038426
  325 -0.000000 0.000000 0.000000 0.000000 -0.000000 0.000000
  326 -0.000000 0.000000 0.000000 0.000000 -0.000000 0.000000
  327 0.115040 4.782433 0.061950 0.177554 0.296552 0.038425
  328 0.000000 0.000000 0.000000 -0.000000 0.000001 0.000001
  329 -0.000002 6.134688 0.000000 0.642153 0.004721 -0.048261
  330 0.000000 -0.000000 0.000000 -0.000000 0.000001 0.000001
  331 0.000000 5.142238 -0.000001 0.546376 -0.000043 0.073618
  332 0.000000 -0.000000 0.000000 -0.000000 0.000001 0.000001
  333 0.000000 9.920088 -0.000001 -3.141593 -0.323204 -0.000000
  334 -0.000004 -0.000003 0.000005 -0.000000 0.000000 0.000000
  335 -0.000003 -0.000006 0.000003 -0.000000 0.000000 -0.000000
  336 0.115040 4.782433 0.061950 0.177555 0.296553 0.038426
  337 -0.000000 0.000000 0.000000 0.000000 -0.000000 0.000000
  338 -1.229532 0.555881 1.288362 -0.746848 -0.623235 0.695221
  339 0.494214 5.496737 -0.058708 0.207021 0.080208 0.208699
  340 -0.000001 5.046761 -0.000001 0.818353 -0.005799 0.038568
  341 0.000000 4.876218 0.000005 0.783490 0.002099 -0.057278
  342 0.494214 5.496737 -0.058708 0.207021 0.080208 0.208699
  343 -0.000001 5.046761 -0.000001 0.818353 -0.005799 0.038568
  344 0.000000 4.876218 0.000005 0.783490 0.002099 -0.057278
  345 0.494220 5.496742 -0.058707 0.207022 0.080209 0.208698
  346 0.000000 0.000000 0.000000 0.000000 -0.000000 0.000000
  347 0.000000 0.000000 0.000000 0.000000 -0.000000 0.000000
  348 0.494214 5.496737 -0.058708 0.207022 0.080209 0.208698
  349 0.000000 0.000000 0.000000 0.000000 -0.000000 0.000000
  350 -0.000007 5.046761 -0.000002 0.818353 -0.005799 0.038571
  351 -0.000000 0.000000 -0.000000 -0.000000 -0.000000 -0.000000
  352 0.000008 4.876215 0.000003 0.783490 0.002099 -0.057280
  353 0.000000 -0.000000 0.000000 -0.000000 0.000000 0.000000
  354 0.000001 10.336258 0.000001 -3.141592 0.095607 0.000001
  355 0.000000 -0.000000 0.000000 0.000000 0.000000 -0.000000
  356 -0.000000 0.000000 -0.000000 0.000000 -0.000000 -0.000001
  357 0.494214 5.496737 -0.058708 0.207021 0.080208 0.208699
  358 0.000000 0.000000 0.000000 0.000000 -0.000000 0.000000
  359 -2.510269 0.335964 0.022942 -0.704386 -0.728957 0.808876
  360 0.663265 4.082462 -0.242510 0.204092 0.003080 0.542467
  361 0.000008 4.945988 0.000001 0.655216 -0.001324 0.011931
  362 -0.000008 6.128852 0.000001 0.703586 0.001325 -0.020279
  363 0.663265 4.082462 -0.242510 0.204092 0.003080 0.542467
  364 0.000008 4.945988 0.000001 0.655216 -0.001324 0.011931
  365 -0.000008 6.128852 0.000001 0.703586 0.001325 -0.020279
  366 0.663288 4.082483 -0.242511 0.204093 0.003080 0.542466
  367 -0.000000 0.000000 0.000000 -0.000000 0.000000 -0.000000
  368 -0.000000 0.000000 0.000000 -0.000000 0.000000 -0.000000
  369 0.663265 4.082462 -0.242510 0.204093 0.003081 0.542467
  370 0.000000 0.000000 0.000000 -0.000000 -0.000001 -0.000001
  371 -0.000005 4.945986 -0.000003 0.655216 -0.001324 0.011934
  372 -0.000000 0.000000 -0.000000 -0.000000 -0.000001 -0.000001
  373 0.000003 6.128851 -0.000004 0.703585 0.001326 -0.020280
  374 0.000000 0.000000 0.000000 0.000000 -0.000000 -0.000000
  375 -0.000007 8.781747 0.000003 3.141593 0.488190 -0.000000
  376 0.000000 0.000000 0.000000 0.000000 -0.000000 0.000001
  377 -0.000007 -0.000001 0.000001 -0.000001 0.000000 -0.000001
  378 0.663265 4.082462 -0.242510 0.204092 0.003080 0.542467
  379 -0.000000 0.000000 0.000000 -0.000000 0.000000 -0.000000
  380 -0.777029 1.281745 1.958798 0.196514 -0.598662 -0.924076
  381 -0.746554 4.125074 -0.103082 0.213320 -0.019605 -0.282981
  382 -0.000000 4.879304 -0.000000 0.791216 -0.004531 0.036923
  383 0.000001 5.043324 0.000001 0.735721 0.001208 -0.055325
  384 -0.746554 4.125074 -0.103082 0.213320 -0.019605 -0.282981
  385 -0.000000 4.879304 -0.000000 0.791216 -0.004531 0.036923
  386 0.000001 5.043324 0.000001 0.735721 0.001208 -0.055325
  387 -0.746555 4.125082 -0.103081 0.213321 -0.019605 -0.282980
  388 0.000000 0.000000 0.000000 0.000000 0.000000 -0.000000
  389 -0.746557 4.125081 -0.103079 0.213321 -0.019605 -0.282979
  390 0.000000 0.000000 0.000000 0.000000 -0.000000 -0.000001
  391 0.000005 4.879305 -0.000003 0.791215 -0.004530 0.036922
  392 0.000000 0.000000 0.000000 0.000000 -0.000000 -0.000000
  393 -0.000003 5.043323 -0.000002 0.735720 0.001208 -0.055324
  394 0.000000 0.000000 0.000000 0.000000 -0.000000 -0.000000
  395 0.000003 10.325290 0.000003 3.141593 0.093079 0.000000
  396 0.000005 -0.000002 0.000006 0.000000 0.000000 -0.000000
  397 0.000005 -0.000005 0.000003 -0.000000 -0.000000 0.000001
  398 -0.746554 4.125074 -0.103082 0.213320 -0.019605 -0.282981
  399 -0.986052 0.947621 1.368043 0.166521 -0.766158 -0.595878
  400 -0.396305 5.227704 -0.055056 0.036912 0.459751 -0.204800
  401 -0.000001 4.968786 -0.000001 0.646696 -0.003072 0.030014
  402 0.000000 5.803453 0.000000 0.632128 0.001678 -0.049314
  403 -0.396305 5.227704 -0.055056 0.036912 0.459751 -0.204800
  404 -0.000001 4.968786 -0.000001 0.646696 -0.003072 0.030014
  405 0.000000 5.803453 0.000000 0.632127 0.001678 -0.049314
  406 -0.396308 5.227719 -0.055057 0.036912 0.459751 -0.204801
  407 0.000000 0.000000 0.000000 0.000000 0.000000 0.000000
  408 -0.396305 5.227704 -0.055056 0.036912 0.459751 -0.204802
  409 0.000000 0.000000 0.000000 -0.000000 0.000000 0.000000
  410 -0.000005 4.968786 -0.000000 0.646695 -0.003073 0.030016
  411 0.000000 0.000000 0.000000 -0.000000 0.000000 0.000000
  412 0.000006 5.803453 0.000007 0.632129 0.001678 -0.049316
  413 0.000000 0.000000 0.000000 -0.000000 -0.000000 -0.000000
  414 -0.000003 9.111456 -0.000008 3.141592 -0.806826 0.000001
  415 0.000000 0.000000 0.000000 -0.000001 0.000000 0.000000
  416 0.000000 0.000000 0.000000 0.000001 -0.000000 -0.000001
  417 -0.396305 5.227704 -0.055056 0.036912 0.459751 -0.204800
  418 -2.510269 0.335979 0.022944 -0.704386 -0.728957 0.808876
  419 -2.510269 0.335979 0.022944 -0.704386 -0.728957 0.808876
  420 -2.510269 0.335979 0.022944 -0.704386 -0.728957 0.808876
  421 8.463112 -0.489839 -2.120323 1.542233 -0.000000 3.141593
  422 0.000000 -0.000001 0.000000 -0.000000 -0.000000 -0.000000
  423 -8.463112 -0.489834 -2.120325 1.542233 -0.000000 -3.141593
  424 0.000000 -0.000001 0.000000 -0.000000 -0.000000 -0.000000
  425 8.463112 -0.489839 -2.120323 1.542233 -0.000000 3.141593
  426 -8.463112 -0.489834 -2.120325 1.542233 -0.000000 -3.141593
  427 0.904460 6.782041 3.867486 -1.875523 -0.924463 0.661064
  428 -0.904461 6.782041 3.867485 0.627819 1.607807 2.260324
  429 -0.000000 0.000000 -0.000000 0.000000 0.000000 -0.000000
  430 -2.384858 45.420403 15.540361 0.000000 -0.000000 1.570796
  431 -44.367157 -21.661131 65.800858 -1.123993 2.278122 0.168324
  432 -0.000003 -0.000006 -0.000003 0.000000 0.000000 0.000000
  433 -12.989802 29.549532 5.490808 -0.375858 -0.454757 1.197940
  434 50.597435 -49.268970 25.308697 0.636717 0.964785 -2.018133
  435 -2.384865 -45.420403 15.540361 0.000000 -0.000000 1.570796
  436 7.681660 4.305017 55.437904 1.404556 -0.218591 1.814342
  437 -0.000003 -0.000007 -0.000002 0.000000 -0.000000 0.000000
  438 -35.967426 11.799142 8.810106 -0.067585 0.039751 0.955355
  439 -67.561768 -34.333252 -9.544271 0.636716 -0.964784 2.018134
  440 -0.483101 8.250682 -13.900933 0.000000 -0.000000 1.570796
  441 4.360191 -3.605510 -0.692878 -0.018761 0.000000 0.172585
  442 -0.000001 -6.475163 -8.877786 -0.000000 0.000000 0.000000
  443 0.000001 6.475163 8.877786 -0.000000 0.000000 0.000000
  444 -1.878121 12.014875 -0.599893 -0.000000 0.000000 0.000000
  445 3.953934 0.000001 -0.000002 0.000000 -0.000000 -0.000000
  446 -1.976972 0.000000 0.000000 -0.000000 0.000000 0.000000
  447 -0.098849 -12.014876 0.599888 -0.000000 -0.000000 -0.000000
  448 0.000001 6.475165 8.877787 -2.200961 0.000249 0.000341
  449 -0.000000 0.000002 0.000001 -0.000000 0.000000 0.000000
  450 -0.000002 10.988307 0.000002 2.200961 0.000422 0.000000
  451 0.000000 0.000000 0.000000 -0.060252 -0.000000 3.141593
  452 37.304562 -4.229155 -6.427013 0.003163 0.047147 1.323246
  453 1.961087 -0.448855 0.257715 -0.003598 -0.000000 -0.000000
  454 -0.483102 -8.250682 -13.900933 0.000000 -0.000000 1.570796
  455 -4.496591 21.891088 -0.324626 0.039960 -0.033109 -0.349017
  456 -0.000001 -6.475164 -8.877785 -0.000000 0.000000 0.000000
  457 0.000001 6.475164 8.877785 0.248846 0.061690 0.008718
  458 1.878124 12.014878 -0.599892 -0.000000 0.063899 -0.000000
  459 -3.953936 0.000011 -0.000000 0.000000 0.000000 -0.000000
  460 1.976969 -0.000004 0.000000 -0.000000 0.000000 -0.000000
  461 0.098849 -12.014885 0.599889 0.248289 -0.002206 0.008701
  462 -0.000000 6.475170 8.877785 -2.200961 -0.000249 -0.000341
  463 0.000001 0.000001 0.000003 -0.000000 -0.000000 -0.000000
  464 -0.000001 10.988308 -0.000004 1.952680 0.006831 0.005290
  465 0.000000 0.000000 0.000000 -0.060252 0.000000 3.141593
  466 33.265724 -20.209705 -5.649311 0.003163 0.047147 1.323246
  467 -5.924031 1.355904 -0.778503 -0.003598 -0.000000 -0.000000
  time 3
  0 0.000000 0.000000 -23.603888 0.000000 -0.000000 1.570796
  1 -2.004169 2.222106 38.318737 1.637935 0.039722 -0.304681
  2 0.000000 10.999724 0.000000 -0.017538 0.003443 0.104419
  3 -0.000000 6.753161 -0.000000 -0.209745 -0.116582 0.075387
  4 0.000000 8.544806 -0.000002 -0.078604 -0.447100 -0.037901
  5 0.000003 9.518033 -0.000002 0.124964 0.294370 0.063205
  6 0.000001 3.039641 0.000001 0.193787 0.010016 0.001965
  7 -0.000001 3.098949 0.000000 0.292129 0.307858 0.014806
  8 20.536156 -15.150794 90.443832 -0.373966 -2.423728 -1.853749
  9 -36.318977 18.133329 72.743744 0.932493 -2.736958 0.241813
  10 6.227607 -11.500889 20.648779 3.089934 -0.380706 -0.361957
  11 -14.869474 9.281140 20.368742 3.104131 -0.314886 -0.303485
  12 -1.789155 0.000000 28.175615 0.000000 -0.000000 1.570796
  13 0.000000 -0.000001 -7.775826 -0.047267 -0.171548 -0.273729
  14 -0.000001 -1.769384 12.121009 -0.061516 0.212442 -0.021468
  15 0.000000 -1.769383 12.121008 -0.196710 0.019786 -0.600814
  16 -0.000001 -1.769384 12.121008 -0.030010 0.106384 -0.009028
  17 -0.000000 -0.000002 -0.000000 1.694062 -0.000000 0.000000
  18 0.000000 -6.753157 -0.000000 -1.722442 -0.021967 -0.104489
  19 0.000000 0.000000 0.000000 1.742379 -0.000000 -0.000000
  20 -0.000001 -10.999722 0.000002 -0.000000 -0.000000 0.000000
  21 0.000000 0.000000 0.000000 -0.000000 -0.000000 0.000000
  22 0.000000 0.000000 0.000000 -1.341552 -1.993774 0.192913
  23 -0.000000 -0.000002 0.000001 -0.000000 0.000000 0.000000
  24 0.000000 0.000000 0.000000 -1.341552 1.993774 -0.192913
  25 0.000000 -0.000002 0.000001 -0.000000 -0.000000 0.000000
  26 8.250685 -0.215599 2.184241 2.623519 -0.043333 0.290309
  27 -0.000002 19.335249 0.000001 1.138240 -0.000000 0.000000
  28 0.000002 15.697790 0.000003 -1.352848 -0.262443 0.535266
  29 -0.000172 10.987852 -0.000350 0.880380 -3.141171 0.000000
  30 -1.873869 4.392865 10.061483 -0.000523 0.630166 -1.571104
  31 0.000000 0.000001 0.000002 -0.000000 -0.000000 -0.000000
  32 -0.000000 0.000000 -0.000000 0.000000 0.000000 0.000000
  33 -0.000000 0.000001 0.000001 0.000000 -0.000000 -0.000000
  34 0.000000 0.000000 0.000000 0.000000 -0.000000 0.000000
  35 -0.000000 7.848897 -0.000000 0.000000 -0.294945 -0.000000
  36 0.000000 0.000000 0.000000 -0.000000 0.000205 0.000000
  37 0.000000 -0.000004 0.000000 -0.000000 -0.000000 0.000000
  38 -0.000002 9.667624 0.000002 0.000000 -0.081065 0.000000
  39 0.000000 0.000000 0.000000 -0.000000 0.000000 0.000000
  40 -8.250685 -0.215593 2.184243 -2.945716 -0.041073 -0.293757
  41 0.000000 19.595604 -0.000002 0.625670 0.000000 0.000000
  42 0.000001 15.962120 -0.000002 -1.084611 -0.174456 -0.242318
  43 0.001729 10.984179 -0.004324 1.248191 -3.131270 0.007837
  44 1.873873 4.392860 10.061483 0.000523 2.511427 1.571105
  45 0.000000 -0.000000 0.000004 -0.000000 -0.000000 -0.000000
  46 0.000000 0.000000 0.000000 0.000000 0.000000 0.000000
  47 -0.000000 0.000001 0.000000 0.000000 -0.000000 0.000000
  48 0.000000 0.000000 0.000000 0.000000 -0.000000 0.000000
  49 0.000002 7.981063 -0.000001 0.000000 -0.012955 -0.000000
  50 0.000000 0.000000 0.000000 0.000000 -0.000204 -0.000000
  51 0.000000 -0.000004 -0.000000 -0.000000 0.000000 0.000000
  52 0.000000 9.797803 -0.000002 0.000000 -0.018244 -0.000000
  53 0.000000 0.000000 0.000000 -0.000000 -0.000000 0.000000
  54 8.250685 -0.215595 2.184241 2.903292 0.000000 0.000000
  55 8.250685 -0.215595 2.184241 -1.742379 0.000000 -0.000000
  56 0.000000 -0.000000 -0.000000 -1.637513 -0.000000 -0.000000
  57 -0.000002 19.896324 0.000000 0.140363 -0.000000 0.000000
  58 0.000000 16.264105 0.000000 -0.703810 -0.000322 0.000273
  59 0.000000 0.000000 0.000000 -0.000000 -0.000000 0.000000
  60 -0.000001 10.988299 0.000002 0.880380 -3.141170 0.000000
  61 0.000000 0.000000 -0.000000 0.000000 -0.000000 -0.000000
  62 0.000000 -0.000000 -0.000000 -1.415298 -0.289693 -0.022200
  63 -0.000001 0.000004 0.000000 -0.502793 0.071158 -0.000001
  64 -0.000002 19.335245 -0.000001 1.138241 -0.000001 0.000000
  65 8.250685 -0.215599 2.184241 2.621921 0.086416 0.216282
  66 -0.000000 -0.000000 0.000000 -0.000000 -0.000000 -0.000000
  67 8.250685 -0.215599 2.184240 2.621921 0.086415 0.216282
  68 0.000000 9.667624 -0.000001 -0.000000 0.068281 -0.000000
  69 -0.000000 9.667623 -0.000001 1.138240 0.081064 0.000000
  70 -0.000000 7.848891 0.000000 0.000000 -0.294741 -0.000000
  71 -0.000001 7.848896 -0.000000 -1.204158 -0.006932 0.515100
  72 0.000001 10.987872 -0.000002 0.880348 -3.141171 -0.000015
  73 -8.250685 -0.215593 2.184242 2.903292 0.000000 0.000000
  74 -8.250685 -0.215593 2.184242 -1.742379 0.000000 -0.000000
  75 0.000000 -0.000001 -0.000000 -1.637513 0.000000 0.000000
  76 0.000002 19.896326 0.000001 0.140363 0.000000 -0.000000
  77 -0.000000 16.264105 0.000000 -0.703810 0.000322 -0.000273
  78 -0.000000 -0.000000 0.000000 -0.000000 -0.000000 0.000000
  79 -0.000001 10.988298 0.000001 0.880380 3.141171 -0.000000
  80 -0.000000 0.000001 -0.000000 0.000000 0.000000 -0.000000
  81 0.000000 -0.000001 -0.000000 -0.908603 0.242058 0.083080
  82 -0.000001 0.000000 -0.000000 -0.279788 0.089456 -0.000000
  83 0.000002 19.595600 -0.000002 0.625670 0.000000 0.000000
  84 -8.250685 -0.215593 2.184244 -2.945879 -0.006150 -0.286830
  85 0.000000 -0.000000 -0.000001 -0.000000 -0.000000 -0.000000
  86 -8.250684 -0.215593 2.184245 -2.945879 -0.006150 -0.286830
  87 0.000000 9.797803 0.000001 0.000000 0.017358 -0.000000
  88 -0.000000 9.797808 -0.000002 0.625670 0.018244 -0.000000
  89 -0.000000 7.981057 0.000001 0.000001 -0.013160 0.000000
  90 -0.000001 7.981063 0.000001 -1.088192 -0.161819 -0.241857
  91 -0.000000 10.984203 0.000001 1.247796 -3.131274 0.007998
  92 0.000000 0.000000 0.000001 -0.048317 -0.000000 0.000000
  93 0.000000 0.000000 0.000000 -0.000000 0.000000 -0.000000
  94 -0.000001 -10.999722 0.000002 -0.000000 -0.000000 0.000000
  95 -0.000000 -1.769384 12.121008 -0.096849 0.024788 -0.299894
  96 0.000000 -0.000001 -0.000000 1.538978 -0.000000 -0.000000
  97 -0.000001 0.000000 0.000000 0.176903 0.148652 -0.024949
  98 0.000000 -0.000000 0.000000 -0.155084 0.000000 0.000000
  99 0.000000 -0.000000 0.000000 0.000000 0.000000 -0.000000
  100 0.000000 8.544816 -0.000001 -1.626699 -0.298817 -0.035760
  101 -0.000000 0.000000 0.000000 1.542233 -0.000000 -0.000000
  102 0.000003 9.518033 -0.000001 0.124964 0.294370 0.063205
  103 -0.000000 3.039634 0.000000 0.193787 0.010016 0.001965
  104 -0.000000 3.098957 -0.000000 0.292129 0.307858 0.014806
  105 0.000003 9.518033 -0.000001 -1.439755 0.294370 0.063204
  106 -0.000000 -0.000000 0.000000 1.662547 0.000000 -0.000000
  107 -0.000003 6.109803 -0.000000 -1.565461 0.299764 0.026364
  108 0.000000 0.000000 0.000000 1.952494 -0.018872 0.015524
  109 0.000000 0.000000 0.000000 -0.097827 0.000000 0.000000
  110 0.000000 -0.000000 0.000000 -0.000000 0.000000 0.000000
  111 -0.000002 3.025100 -0.296887 0.190953 0.008664 0.008694
  112 0.000000 0.000000 0.000000 0.095948 0.000000 -0.000000
  113 -0.000000 0.000000 -0.000000 -0.000000 -0.000000 0.000000
  114 0.000000 0.000000 0.000000 -0.000000 -0.000000 0.000000
  115 0.904459 6.782041 3.867487 -1.817097 -0.952293 0.674568
  116 0.010180 19.450809 -0.828336 0.155170 1.090521 -0.683554
  117 0.000002 19.461494 -0.000001 1.364389 0.000000 0.000000
  118 0.000005 24.636009 0.000003 0.399657 -0.798875 0.111234
  119 0.000000 0.000000 -0.000000 0.000000 0.000001 0.000001
  120 0.000000 0.000000 -0.000000 -0.000000 -0.000001 -0.000001
  121 0.000004 0.000004 -0.000000 -0.000000 -0.000001 -0.000000
  122 -0.000001 -0.000002 -0.000001 0.000000 0.000000 0.000000
  123 0.000008 12.318001 0.000006 0.000000 -0.385614 0.000000
  124 0.000000 0.000000 0.000000 -0.000001 0.001371 -0.000001
  125 0.000000 0.000000 0.000000 -0.000000 -0.000000 0.000000
  126 0.000004 9.730746 -0.000002 0.000000 -0.200460 -0.000000
  127 -0.000001 -0.000001 0.000000 -0.000000 -0.000000 -0.000000
  128 -0.000000 0.000002 -0.000001 0.000000 0.000000 -0.000000
  129 0.010189 19.450804 -0.828330 -1.068311 -0.458283 0.722012
  130 0.010185 19.450802 -0.828336 0.041386 -0.124298 1.319061
  131 0.000001 0.000001 -0.000000 -1.332781 0.484537 -2.373637
  132 -0.000001 20.126825 0.000000 0.277335 0.000000 0.000000
  133 -0.000002 25.356464 0.000005 0.198412 -0.005445 0.027074
  134 0.000000 0.000000 0.000000 0.000000 0.000000 0.000000
  135 0.000001 0.000001 -0.000000 0.430957 0.457334 -2.626257
  136 -0.000007 -0.000004 -0.000002 -0.777222 0.632262 0.000000
  137 0.000004 19.461489 -0.000005 1.364389 0.000000 0.000000
  138 0.010180 19.450809 -0.828336 0.096595 0.737180 -0.756362
  139 0.000000 0.000000 0.000000 -0.000000 -0.000000 -0.000000
  140 0.010180 19.450809 -0.828336 0.096595 0.737179 -0.756362
  141 0.000002 9.730737 -0.000003 0.000000 0.155492 0.000000
  142 0.000001 9.730748 0.000004 1.364389 0.200461 -0.000000
  143 0.000005 12.317991 0.000004 -0.000001 -0.384242 0.000001
  144 -0.000002 12.318005 -0.000002 0.445171 -0.416398 0.084762
  145 0.838797 0.695168 1.002010 -0.146529 0.831651 0.111056
  146 0.088928 6.055272 0.003784 0.057776 -0.287169 0.072685
  147 0.000000 5.184051 0.000002 0.552425 -0.003806 0.022167
  148 -0.000000 5.576723 0.000001 0.429387 0.000643 -0.036172
  149 0.088928 6.055272 0.003784 0.057776 -0.287169 0.072685
  150 -0.000000 5.184050 0.000001 0.552425 -0.003806 0.022167
  151 0.000000 5.576724 0.000001 0.429387 0.000643 -0.036172
  152 0.088929 6.055264 0.003785 0.057776 -0.287169 0.072685
  153 0.000000 0.000000 0.000000 -0.000000 -0.000000 0.000000
  154 0.088928 6.055272 0.003784 0.057775 -0.287169 0.072685
  155 0.000000 0.000000 0.000000 0.000000 -0.000000 -0.000000
  156 -0.000000 5.184050 0.000001 0.552425 -0.003807 0.022168
  157 0.000000 0.000000 0.000000 0.000000 -0.000000 -0.000001
  158 0.000001 5.576723 0.000003 0.429387 0.000644 -0.036172
  159 0.000000 0.000000 0.000000 0.000000 -0.000000 -0.000000
  160 0.000002 9.158420 0.000003 3.141593 0.324016 -0.000000
  161 -0.000000 -0.000001 0.000000 0.000000 0.000000 -0.000000
  162 -0.000001 0.000000 0.000000 0.000000 0.000000 -0.000000
  163 0.088928 6.055272 0.003784 0.057776 -0.287169 0.072685
  164 0.208220 1.308907 0.886647 -0.521836 0.710749 -0.438947
  165 -0.085474 4.823939 0.045809 0.177555 -0.296553 -0.038426
  166 0.000000 6.134694 0.000000 0.500361 -0.004721 0.048261
  167 -0.000001 5.142241 0.000001 0.404585 0.000043 -0.073620
  168 -0.085474 4.823939 0.045809 0.177555 -0.296553 -0.038426
  169 0.000000 6.134694 0.000000 0.500361 -0.004721 0.048261
  170 -0.000001 5.142241 0.000001 0.404585 0.000043 -0.073620
  171 -0.085474 4.823938 0.045808 0.177555 -0.296553 -0.038426
  172 0.000000 0.000001 0.000000 0.000000 -0.000000 -0.000000
  173 0.000000 0.000001 0.000000 0.000000 -0.000000 -0.000000
  174 -0.085474 4.823940 0.045809 0.177554 -0.296552 -0.038425
  175 -0.000000 -0.000000 -0.000000 -0.000000 -0.000001 -0.000001
  176 0.000002 6.134693 0.000002 0.500361 -0.004721 0.048261
  177 0.000000 0.000000 0.000000 -0.000000 -0.000000 -0.000001
  178 -0.000002 5.142239 -0.000000 0.404585 0.000043 -0.073619
  179 0.000000 0.000000 0.000000 -0.000000 -0.000001 -0.000001
  180 0.000004 9.920088 0.000005 -3.141593 0.323205 0.000000
  181 0.000000 0.000000 0.000000 0.000000 -0.000000 -0.000001
  182 0.000006 -0.000002 0.000004 -0.000000 -0.000000 0.000000
  183 -0.085474 4.823939 0.045809 0.177555 -0.296553 -0.038426
  184 0.000000 0.000001 0.000000 0.000000 -0.000000 -0.000000
  185 1.229534 0.555885 1.288368 -0.746848 0.623236 -0.695222
  186 -0.282543 5.621096 -0.033548 0.207023 -0.080209 -0.208699
  187 0.000006 5.046763 0.000004 0.531598 0.005799 -0.038568
  188 -0.000000 4.876215 0.000000 0.496738 -0.002099 0.057278
  189 -0.282543 5.621096 -0.033548 0.207023 -0.080209 -0.208699
  190 0.000006 5.046763 0.000004 0.531598 0.005799 -0.038568
  191 -0.000000 4.876215 0.000000 0.496738 -0.002099 0.057278
  192 -0.282542 5.621095 -0.033549 0.207022 -0.080209 -0.208698
  193 -0.000000 -0.000000 -0.000000 -0.000000 -0.000000 -0.000000
  194 -0.000000 -0.000000 -0.000000 -0.000000 -0.000000 -0.000000
  195 -0.282543 5.621096 -0.033548 0.207022 -0.080209 -0.208698
  196 0.000000 0.000000 0.000000 0.000000 -0.000000 -0.000000
  197 0.000005 5.046766 0.000004 0.531600 0.005800 -0.038570
  198 0.000000 0.000000 0.000000 -0.000000 0.000001 0.000000
  199 -0.000006 4.876215 -0.000004 0.496737 -0.002099 0.057281
  200 0.000000 0.000000 0.000000 0.000000 -0.000001 -0.000000
  201 0.000001 10.336266 0.000002 -3.141593 -0.095607 -0.000001
  202 -0.000001 0.000002 0.000001 0.000000 -0.000000 -0.000000
  203 0.000006 0.000001 0.000005 -0.000001 -0.000000 0.000001
  204 -0.282543 5.621096 -0.033548 0.207023 -0.080209 -0.208699
  205 -0.000000 -0.000000 -0.000000 -0.000000 -0.000000 -0.000000
  206 2.510271 0.335972 0.022941 -0.704386 0.728958 -0.808876
  207 -0.491338 4.108357 -0.179643 0.204092 -0.003080 -0.542466
  208 0.000001 4.945989 -0.000001 0.513425 0.001324 -0.011933
  209 -0.000001 6.128851 0.000001 0.561792 -0.001326 0.020281
  210 -0.491338 4.108357 -0.179643 0.204092 -0.003080 -0.542466
  211 0.000001 4.945989 -0.000001 0.513425 0.001324 -0.011933
  212 -0.000001 6.128850 0.000002 0.561792 -0.001326 0.020280
  213 -0.491345 4.108364 -0.179644 0.204092 -0.003080 -0.542466
  214 0.000000 0.000001 0.000000 0.000000 -0.000000 0.000000
  215 0.000000 0.000001 0.000000 0.000000 -0.000000 0.000000
  216 -0.491338 4.108357 -0.179643 0.204093 -0.003081 -0.542467
  217 0.000000 0.000000 0.000000 -0.000000 0.000001 0.000001
  218 -0.000000 4.945987 -0.000002 0.513424 0.001324 -0.011934
  219 0.000000 0.000000 0.000000 -0.000000 0.000001 0.000001
  220 -0.000000 6.128852 0.000005 0.561793 -0.001326 0.020280
  221 0.000000 0.000000 0.000000 0.000000 0.000000 0.000000
  222 -0.000001 8.781750 0.000000 3.141593 -0.488191 0.000000
  223 0.000004 0.000005 0.000004 0.000000 -0.000000 0.000000
  224 0.000000 0.000000 0.000000 0.000001 -0.000000 -0.000000
  225 -0.491338 4.108357 -0.179643 0.204092 -0.003080 -0.542466
  226 0.000000 0.000001 0.000000 0.000000 -0.000000 0.000000
  227 0.777037 1.281743 1.958801 0.196515 0.598662 0.924076
  228 0.426653 4.283017 -0.058874 0.213321 0.019605 0.282980
  229 -0.000001 4.879312 0.000000 0.504463 0.004531 -0.036921
  230 -0.000000 5.043320 0.000000 0.448967 -0.001208 0.055324
  231 0.426653 4.283017 -0.058874 0.213321 0.019605 0.282980
  232 -0.000001 4.879312 0.000000 0.504463 0.004531 -0.036921
  233 -0.000000 5.043320 0.000000 0.448967 -0.001208 0.055324
  234 0.426656 4.283033 -0.058875 0.213321 0.019605 0.282980
  235 -0.000000 -0.000000 -0.000000 -0.000000 -0.000000 -0.000000
  236 0.426653 4.283017 -0.058874 0.213321 0.019605 0.282979
  237 -0.000000 0.000000 -0.000000 -0.000000 0.000001 0.000000
  238 -0.000000 4.879312 0.000001 0.504463 0.004531 -0.036922
  239 -0.000000 -0.000000 -0.000000 0.000000 0.000000 0.000000
  240 0.000000 5.043319 0.000001 0.448967 -0.001208 0.055324
  241 -0.000000 -0.000000 -0.000000 -0.000000 0.000000 0.000000
  242 0.000001 10.325294 -0.000001 3.141593 -0.093079 -0.000000
  243 0.000000 0.000000 0.000000 -0.000000 0.000000 -0.000000
  244 0.000000 0.000000 0.000000 0.000000 0.000000 -0.000000
  245 0.426653 4.283017 -0.058874 0.213321 0.019605 0.282980
  246 0.986044 0.947625 1.368039 0.166521 0.766159 0.595878
  247 0.292599 5.295672 -0.040787 0.036911 -0.459751 0.204801
  248 -0.000000 4.968782 0.000000 0.504903 0.003073 -0.030016
  249 0.000000 5.803465 0.000000 0.490338 -0.001678 0.049315
  250 0.292599 5.295672 -0.040787 0.036911 -0.459751 0.204801
  251 -0.000000 4.968782 0.000000 0.504903 0.003073 -0.030016
  252 0.000000 5.803465 0.000000 0.490338 -0.001678 0.049315
  253 0.292605 5.295666 -0.040797 0.036912 -0.459751 0.204801
  254 0.000000 0.000000 0.000000 -0.000000 -0.000000 -0.000000
  255 0.292599 5.295672 -0.040787 0.036912 -0.459751 0.204801
  256 0.000000 0.000000 0.000000 -0.000000 -0.000000 -0.000000
  257 -0.000000 4.968781 -0.000002 0.504903 0.003072 -0.030015
  258 0.000000 0.000000 0.000000 -0.000000 -0.000000 -0.000000
  259 0.000001 5.803465 -0.000000 0.490338 -0.001678 0.049315
  260 0.000000 0.000000 0.000000 -0.000000 0.000000 0.000000
  261 0.000001 9.111458 0.000004 3.141592 0.806825 -0.000001
  262 -0.000000 -0.000001 0.000000 0.000000 0.000000 0.000000
  263 0.000000 0.000000 -0.000000 -0.000000 0.000000 0.000000
  264 0.292599 5.295672 -0.040787 0.036911 -0.459751 0.204801
  265 2.510271 0.335972 0.022941 -0.704386 0.728957 -0.808876
  266 2.510271 0.335972 0.022941 -0.704386 0.728957 -0.808876
  267 2.510271 0.335972 0.022941 -0.704386 0.728957 -0.808876
  268 -0.904460 6.782041 3.867487 -2.185179 1.528383 -0.542691
  269 -0.010193 19.450804 -0.828350 0.454444 -0.767362 0.651611
  270 -0.000000 19.509705 -0.000001 1.242772 -0.000000 0.000000
  271 -0.000000 24.696545 0.000008 -0.108859 0.448118 -0.262296
  272 0.000000 0.000000 0.000000 0.000000 -0.000001 -0.000001
  273 0.000000 0.000000 0.000000 -0.000000 0.000001 0.000001
  274 -0.000004 0.000002 -0.000003 -0.000000 0.000000 0.000000
  275 0.000000 0.000000 0.000000 0.000000 0.000000 -0.000000
  276 -0.000002 12.348273 0.000002 0.000000 0.229708 -0.000000
  277 0.000000 0.000000 0.000000 -0.000000 -0.001371 0.000001
  278 0.000000 0.000000 0.000000 -0.000000 0.000000 0.000000
  279 -0.000003 9.754854 -0.000004 -0.000000 0.029560 0.000000
  280 0.000000 0.000000 0.000000 -0.000000 0.000000 0.000000
  281 -0.000000 0.000002 0.000000 0.000000 -0.000000 0.000000
  282 -0.010192 19.450800 -0.828336 -1.068311 0.458283 -0.722012
  283 -0.010190 19.450804 -0.828342 0.041386 0.124298 -1.319062
  284 0.000000 0.000000 0.000000 -1.332781 -0.484537 2.373637
  285 0.000002 20.126816 0.000004 0.277335 -0.000000 -0.000000
  286 0.000001 25.356462 -0.000003 0.198412 0.005445 -0.027073
  287 0.000000 0.000000 0.000000 0.000000 -0.000000 -0.000000
  288 -0.000000 0.000001 -0.000007 0.896969 -0.540896 2.294354
  289 -0.000001 0.000009 0.000001 -0.705199 -0.237138 -0.000000
  290 -0.000007 19.509684 -0.000016 1.242772 -0.000000 0.000000
  291 -0.010193 19.450804 -0.828350 0.433290 -0.718957 0.682865
  292 0.000000 0.000000 0.000000 -0.000000 0.000000 0.000000
  293 -0.010193 19.450804 -0.828350 0.433289 -0.718956 0.682866
  294 -0.000002 9.754846 -0.000006 0.000001 -0.024034 -0.000000
  295 -0.000002 9.754856 0.000000 1.242772 -0.029560 0.000000
  296 0.000006 12.348279 0.000002 -0.000000 0.228337 -0.000000
  297 -0.000003 12.348264 -0.000001 -0.048584 0.226936 -0.242207
  298 -0.838803 0.695156 1.002010 -0.146529 -0.831651 -0.111056
  299 -0.142357 5.930785 0.004677 0.057776 0.287169 -0.072685
  300 0.000000 5.184052 -0.000000 0.803265 0.003806 -0.022167
  301 -0.000000 5.576724 0.000000 0.680226 -0.000643 0.036172
  302 -0.142357 5.930785 0.004677 0.057776 0.287169 -0.072685
  303 0.000000 5.184052 -0.000000 0.803265 0.003806 -0.022167
  304 -0.000000 5.576724 -0.000000 0.680226 -0.000643 0.036172
  305 -0.142357 5.930785 0.004677 0.057776 0.287169 -0.072685
  306 0.000000 0.000000 0.000000 0.000000 0.000000 0.000000
  307 -0.142357 5.930785 0.004677 0.057776 0.287169 -0.072685
  308 0.000000 0.000000 0.000000 0.000000 0.000000 0.000000
  309 0.000000 5.184052 0.000001 0.803265 0.003806 -0.022168
  310 0.000000 0.000000 0.000000 0.000000 0.000000 0.000000
  311 0.000000 5.576724 0.000001 0.680227 -0.000643 0.036172
  312 0.000000 0.000000 0.000000 0.000000 0.000000 0.000000
  313 0.000000 9.158419 -0.000009 3.141593 -0.324016 0.000000
  314 0.000000 -0.000002 0.000007 -0.000001 -0.000000 0.000000
  315 0.000000 0.000000 0.000000 0.000000 -0.000000 -0.000000
  316 -0.142357 5.930785 0.004677 0.057776 0.287169 -0.072685
  317 -0.208220 1.308896 0.886646 -0.521837 -0.710749 0.438947
  318 0.115318 4.781943 0.062185 0.177555 0.296553 0.038426
  319 0.000001 6.134688 -0.000001 0.643917 0.004722 -0.048261
  320 0.000001 5.142242 -0.000000 0.548142 -0.000043 0.073620
  321 0.115318 4.781943 0.062185 0.177555 0.296553 0.038426
  322 0.000001 6.134687 -0.000001 0.643917 0.004722 -0.048261
  323 0.000001 5.142242 -0.000000 0.548142 -0.000043 0.073620
  324 0.115322 4.781941 0.062182 0.177555 0.296553 0.038426
  325 -0.000000 0.000000 0.000000 -0.000000 0.000000 0.000000
  326 -0.000000 0.000000 0.000000 -0.000000 0.000000 0.000000
  327 0.115318 4.781943 0.062185 0.177554 0.296552 0.038425
  328 0.000000 0.000000 0.000000 -0.000000 0.000001 0.000001
  329 -0.000002 6.134689 -0.000001 0.643918 0.004721 -0.048261
  330 0.000000 -0.000000 0.000000 -0.000000 0.000001 0.000001
  331 0.000004 5.142242 -0.000003 0.548141 -0.000043 0.073618
  332 0.000000 -0.000000 0.000000 -0.000000 0.000001 0.000001
  333 -0.000002 9.920081 0.000002 -3.141593 -0.323204 -0.000000
  334 -0.000000 0.000000 -0.000000 0.000000 0.000000 0.000000
  335 -0.000003 -0.000006 0.000003 -0.000000 0.000000 -0.000001
  336 0.115318 4.781943 0.062185 0.177555 0.296553 0.038426
  337 -0.000000 0.000000 0.000000 -0.000000 0.000000 0.000000
  338 -1.229529 0.555887 1.288363 -0.746848 -0.623235 0.695221
  339 0.466431 5.512626 -0.055203 0.207022 0.080209 0.208697
  340 0.000000 5.046766 0.000002 0.782438 -0.005799 0.038571
  341 -0.000007 4.876213 0.000006 0.747578 0.002098 -0.057279
  342 0.466431 5.512626 -0.055203 0.207022 0.080209 0.208697
  343 0.000000 5.046766 0.000002 0.782438 -0.005799 0.038571
  344 -0.000007 4.876213 0.000006 0.747578 0.002098 -0.057279
  345 0.466452 5.512647 -0.055197 0.207022 0.080209 0.208698
  346 0.000000 0.000000 0.000000 0.000000 -0.000000 0.000000
  347 0.000000 0.000000 0.000000 0.000000 -0.000000 0.000000
  348 0.466436 5.512631 -0.055202 0.207022 0.080209 0.208698
  349 0.000000 0.000000 0.000000 0.000000 -0.000000 -0.000000
  350 0.000006 5.046766 0.000003 0.782439 -0.005799 0.038571
  351 -0.000000 0.000000 -0.000000 -0.000000 -0.000000 -0.000000
  352 0.000003 4.876214 -0.000001 0.747576 0.002099 -0.057280
  353 0.000000 0.000000 0.000000 0.000000 0.000000 0.000000
  354 -0.000006 10.336260 0.000008 -3.141592 0.095607 0.000001
  355 0.000000 -0.000000 0.000000 0.000001 -0.000000 0.000001
  356 -0.000000 0.000000 -0.000000 -0.000000 -0.000000 -0.000001
  357 0.466431 5.512626 -0.055203 0.207022 0.080209 0.208697
  358 0.000000 0.000000 0.000000 0.000000 -0.000000 0.000000
  359 -2.510269 0.335971 0.022943 -0.704387 -0.728957 0.808876
  360 0.665337 4.082185 -0.243252 0.204093 0.003080 0.542467
  361 0.000000 4.945989 0.000001 0.656980 -0.001324 0.011931
  362 -0.000000 6.128853 -0.000000 0.705350 0.001326 -0.020280
  363 0.665337 4.082185 -0.243252 0.204093 0.003080 0.542467
  364 0.000000 4.945989 0.000001 0.656980 -0.001324 0.011931
  365 -0.000000 6.128853 -0.000000 0.705350 0.001326 -0.020280
  366 0.665335 4.082186 -0.243255 0.204093 0.003080 0.542466
  367 -0.000000 0.000000 0.000000 0.000000 0.000000 0.000000
  368 -0.000000 0.000000 0.000000 0.000000 0.000000 0.000000
  369 0.665337 4.082185 -0.243252 0.204093 0.003081 0.542467
  370 0.000000 0.000000 0.000000 -0.000000 -0.000001 -0.000001
  371 -0.000006 4.945986 -0.000002 0.656980 -0.001324 0.011934
  372 -0.000000 0.000000 -0.000000 -0.000000 -0.000001 -0.000001
  373 0.000004 6.128852 -0.000004 0.705349 0.001326 -0.020280
  374 0.000000 0.000000 0.000000 0.000000 -0.000000 -0.000000
  375 0.000000 8.781746 -0.000001 3.141593 0.488190 -0.000000
  376 0.000000 0.000000 0.000000 -0.000000 -0.000000 -0.000000
  377 -0.000000 0.000000 -0.000000 -0.000001 0.000000 -0.000001
  378 0.665337 4.082185 -0.243252 0.204093 0.003080 0.542467
  379 -0.000000 0.000000 0.000000 0.000000 0.000000 0.000000
  380 -0.777030 1.281738 1.958793 0.196514 -0.598662 -0.924076
  381 -0.707225 4.143721 -0.097668 0.213321 -0.019605 -0.282980
  382 0.000000 4.879313 -0.000001 0.755302 -0.004531 0.036922
  383 0.000000 5.043319 0.000001 0.699807 0.001208 -0.055324
  384 -0.707225 4.143721 -0.097668 0.213321 -0.019605 -0.282980
  385 0.000000 4.879313 -0.000001 0.755302 -0.004531 0.036922
  386 0.000000 5.043319 0.000001 0.699807 0.001208 -0.055324
  387 -0.707232 4.143735 -0.097667 0.213321 -0.019605 -0.282979
  388 0.000000 0.000000 0.000000 0.000000 0.000000 -0.000000
  389 -0.707225 4.143721 -0.097668 0.213321 -0.019605 -0.282979
  390 0.000000 0.000000 0.000000 0.000000 -0.000000 -0.000000
  391 0.000003 4.879312 0.000001 0.755302 -0.004530 0.036922
  392 0.000000 0.000000 0.000000 0.000000 -0.000000 -0.000000
  393 -0.000000 5.043318 -0.000001 0.699807 0.001208 -0.055324
  394 0.000000 0.000000 0.000000 -0.000000 -0.000000 0.000000
  395 0.000001 10.325290 0.000003 3.141593 0.093078 0.000000
  396 0.000000 0.000000 0.000000 0.000000 -0.000000 -0.000000
  397 0.000000 0.000000 0.000000 -0.000000 0.000000 -0.000000
  398 -0.707225 4.143721 -0.097668 0.213321 -0.019605 -0.282980
  399 -0.986052 0.947614 1.368038 0.166521 -0.766158 -0.595878
  400 -0.397678 5.226804 -0.055227 0.036912 0.459751 -0.204801
  401 -0.000000 4.968779 0.000000 0.648460 -0.003073 0.030016
  402 0.000000 5.803461 -0.000000 0.633894 0.001678 -0.049315
  403 -0.397678 5.226804 -0.055227 0.036912 0.459751 -0.204801
  404 -0.000000 4.968779 0.000000 0.648460 -0.003073 0.030016
  405 0.000000 5.803461 -0.000000 0.633894 0.001678 -0.049315
  406 -0.397677 5.226811 -0.055222 0.036912 0.459751 -0.204801
  407 0.000000 0.000000 0.000000 0.000000 0.000000 -0.000000
  408 -0.397678 5.226804 -0.055227 0.036912 0.459751 -0.204802
  409 0.000000 0.000000 0.000000 -0.000000 0.000000 0.000000
  410 -0.000001 4.968779 -0.000001 0.648459 -0.003073 0.030016
  411 0.000000 0.000000 0.000000 0.000000 0.000000 0.000000
  412 0.000002 5.803461 0.000002 0.633894 0.001678 -0.049316
  413 0.000000 0.000000 0.000000 -0.000000 -0.000000 -0.000000
  414 0.000000 9.111451 -0.000001 3.141592 -0.806826 0.000001
  415 -0.000000 -0.000004 -0.000001 0.000000 -0.000000 -0.000000
  416 0.000000 0.000000 0.000000 0.000000 -0.000000 -0.000000
  417 -0.397678 5.226804 -0.055227 0.036912 0.459751 -0.204801
  418 -2.510271 0.335972 0.022943 -0.704387 -0.728957 0.808876
  419 -2.510271 0.335972 0.022943 -0.704387 -0.728957 0.808876
  420 -2.510271 0.335972 0.022943 -0.704387 -0.728957 0.808876
  421 8.463115 -0.489827 -2.120325 1.542233 -0.000000 3.141593
  422 -0.000000 -0.000001 0.000000 0.000000 0.000000 0.000000
  423 -8.463111 -0.489826 -2.120323 1.542233 -0.000000 -3.141593
  424 -0.000000 -0.000002 0.000000 0.000000 0.000000 -0.000000
  425 8.463114 -0.489827 -2.120324 1.542233 -0.000000 3.141593
  426 -8.463110 -0.489826 -2.120322 1.542233 -0.000000 -3.141593
  427 0.904459 6.782041 3.867487 -1.817097 -0.952293 0.674568
  428 -0.904460 6.782042 3.867487 -2.185179 1.528383 -0.542691
  429 -0.000000 0.000000 -0.000000 -0.000000 -0.000000 0.000000
  430 -2.384858 45.420403 15.540361 0.000000 -0.000000 1.570796
  431 -44.367157 -21.661131 65.800858 -1.123993 2.278122 0.168324
  432 -0.000000 -0.000001 0.000000 -0.000000 0.000000 0.000000
  433 -8.030656 32.283573 6.462059 -0.531369 -0.566842 1.227166
  434 50.637577 -49.343361 25.030422 0.636716 0.964784 -2.018134
  435 -2.384865 -45.420403 15.540361 0.000000 -0.000000 1.570796
  436 7.681660 4.305017 55.437904 1.404556 -0.218591 1.814342
  437 -0.000000 -0.000008 -0.000001 0.000000 -0.000000 -0.000000
  438 -32.114548 13.878171 4.250788 -0.190652 -0.051181 0.887766
  439 -72.297623 -35.500191 -4.981199 0.636716 -0.964784 2.018134
  440 -0.483101 8.250682 -13.900933 0.000000 -0.000000 1.570796
  441 4.360191 -3.605510 -0.692878 -0.018761 0.000000 0.172585
  442 -0.000001 -6.475163 -8.877786 -0.000000 0.000000 0.000000
  443 0.000001 6.475163 8.877786 -0.000000 0.000000 0.000000
  444 -1.878121 12.014875 -0.599893 -0.000000 0.000000 0.000000
  445 3.953934 0.000001 -0.000002 0.000000 -0.000000 -0.000000
  446 -1.976972 0.000000 0.000000 -0.000000 0.000000 0.000000
  447 -0.098849 -12.014876 0.599888 -0.000000 -0.000000 -0.000000
  448 0.000001 6.475165 8.877787 -2.200961 0.000249 0.000341
  449 0.000001 0.000000 0.000001 -0.000000 0.000000 0.000000
  450 -0.000002 10.988307 -0.000000 2.200961 0.000422 0.000000
  451 0.000000 0.000000 0.000000 -0.060252 -0.000000 3.141593
  452 39.567764 -7.173007 -1.677637 -0.104444 0.039722 1.266116
  453 1.961087 -0.448855 0.257714 -0.003598 0.000000 0.000000
  454 -0.483102 -8.250682 -13.900933 0.000000 -0.000000 1.570796
  455 -5.201157 25.224455 -0.788673 0.020479 -0.043411 -0.412560
  456 0.000002 -6.475163 -8.877785 -0.000000 -0.000000 0.000000
  457 -0.000002 6.475163 8.877785 0.368998 0.089875 0.012460
  458 1.878115 12.014871 -0.599889 0.000000 0.094665 0.000000
  459 -3.953941 0.000007 -0.000001 -0.000000 -0.000000 -0.000000
  460 1.976969 -0.000001 0.000000 0.000000 0.000000 -0.000000
  461 0.098852 -12.014881 0.599885 0.367820 -0.004782 0.012409
  462 0.000001 6.475171 8.877786 -2.200961 -0.000249 -0.000341
  463 -0.000002 0.000002 0.000001 -0.000000 0.000000 0.000000
  464 -0.000001 10.988307 -0.000003 1.833150 0.010322 0.007837
  465 0.000000 0.000000 0.000000 -0.060252 0.000000 -3.141593
  466 34.621452 -22.901951 -1.022339 -0.104444 0.039722 1.266116
  467 -5.924034 1.355903 -0.778501 -0.003598 0.000000 0.000000
  time 4
  0 0.000000 0.000000 -23.603888 0.000000 -0.000000 1.570796
  1 -0.974538 11.020761 37.857292 1.506994 -0.003155 -0.130044
  2 -0.000000 10.999711 -0.000001 -0.033240 0.002133 0.052275
  3 0.000001 6.753163 -0.000001 0.096919 -0.080716 -0.015138
  4 0.000000 8.544820 0.000000 0.253833 -0.268209 -0.104875
  5 -0.000000 9.518042 -0.000000 -0.203551 0.197193 0.058036
  6 -0.000000 3.039642 -0.000001 0.193792 0.012547 0.002462
  7 -0.000000 3.098963 0.000001 0.002020 0.218848 0.024528
  8 18.136412 -6.259868 89.906944 0.121727 -2.994347 -1.519152
  9 -40.080730 19.383232 72.857788 0.769539 -2.753116 0.483237
  10 8.442594 -5.831935 24.010069 3.008456 -0.174098 -0.152426
  11 -14.772464 7.691882 19.311327 2.954901 -0.151454 -0.125599
  12 -1.789155 0.000000 28.175615 0.000000 -0.000000 1.570796
  13 -0.000001 9.738426 -8.391525 -0.207523 -0.105439 -0.099377
  14 0.000000 -1.769385 12.121014 -0.030010 0.106384 -0.009028
  15 0.000002 -1.769385 12.121014 0.429076 0.227396 -0.341873
  16 0.000000 -1.769385 12.121014 -0.014863 0.053226 -0.004108
  17 0.000000 -0.000002 -0.000000 1.694062 -0.000000 -0.000000
  18 -0.000002 -6.753163 -0.000000 -1.708538 -0.010613 -0.052320
  19 0.000000 0.000000 0.000000 1.742380 -0.000000 0.000000
  20 -0.000002 -10.999709 0.000003 0.000000 0.000000 -0.000000
  21 0.000000 0.000000 0.000000 -0.000000 -0.000000 -0.000000
  22 0.000000 0.000000 0.000000 -1.341552 -1.993774 0.192913
  23 -0.000001 -0.000002 0.000001 0.000000 0.000000 0.000000
  24 0.000000 0.000000 0.000000 -1.341552 1.993774 -0.192913
  25 0.000001 -0.000002 0.000001 -0.000000 -0.000000 -0.000000
  26 8.250680 -0.215595 2.184242 2.450276 -0.027520 0.240009
  27 0.000000 19.438337 0.000002 0.958954 -0.000001 -0.000000
  28 0.000002 15.803053 0.000002 -0.858517 -0.258868 0.304232
  29 -0.000104 10.987629 -0.000224 0.880380 -3.141171 0.000000
  30 -1.873869 4.392865 10.061484 -0.000523 0.630166 -1.571104
  31 0.000000 0.000002 0.000002 -0.000000 -0.000000 -0.000000
  32 -0.000000 0.000000 -0.000000 0.000000 0.000000 0.000000
  33 0.000001 0.000002 -0.000000 0.000000 0.000000 0.000000
  34 0.000000 0.000000 0.000000 0.000000 0.000000 0.000000
  35 0.000001 7.901531 0.000000 0.000000 -0.187452 -0.000000
  36 0.000000 0.000000 0.000000 0.000000 0.000204 -0.000000
  37 -0.000001 -0.000003 0.000003 -0.000000 -0.000000 -0.000000
  38 0.000001 9.719170 0.000002 -0.000000 -0.072024 -0.000000
  39 0.000000 0.000000 -0.000000 -0.000000 0.000000 0.000000
  40 -8.250680 -0.215599 2.184238 3.052581 -0.053736 -0.261033
  41 -0.000001 19.327847 0.000001 1.158967 0.000000 -0.000000
  42 -0.000000 15.690152 0.000002 -1.101670 -0.045764 -0.262600
  43 0.000139 10.987835 -0.000283 1.340130 -3.128584 0.009796
  44 1.873872 4.392862 10.061483 0.000523 2.511427 1.571104
  45 0.000000 0.000001 0.000002 -0.000000 -0.000000 -0.000000
  46 0.000000 0.000000 0.000000 0.000000 0.000000 0.000000
  47 0.000002 0.000003 -0.000002 -0.000000 -0.000000 -0.000000
  48 0.000000 0.000000 0.000000 -0.000000 -0.000000 -0.000000
  49 0.000001 7.845079 -0.000001 0.000000 0.053357 0.000000
  50 0.000000 0.000000 0.000000 -0.000000 -0.000205 0.000000
  51 0.000001 -0.000004 -0.000000 -0.000000 -0.000000 0.000000
  52 0.000000 9.663927 0.000002 0.000000 -0.005599 -0.000000
  53 0.000000 0.000000 0.000000 -0.000000 -0.000000 -0.000000
  54 8.250680 -0.215595 2.184241 2.903292 0.000001 0.000000
  55 8.250680 -0.215595 2.184241 -1.742379 -0.000000 -0.000000
  56 0.000000 -0.000000 -0.000000 -1.637514 -0.000000 -0.000000
  57 -0.000001 19.896322 0.000001 0.140363 -0.000000 0.000000
  58 -0.000000 16.264105 0.000000 -0.703810 -0.000322 0.000273
  59 -0.000000 -0.000001 -0.000001 -0.000000 0.000000 -0.000000
  60 -0.000000 10.988299 0.000001 0.880380 -3.141170 0.000000
  61 0.000000 0.000000 0.000000 0.000000 -0.000000 0.000000
  62 0.000000 -0.000000 -0.000000 -1.671611 -0.224210 0.011765
  63 0.000000 0.000000 -0.000001 -0.425893 0.079591 0.000000
  64 -0.000000 19.438334 -0.000000 0.958954 -0.000001 -0.000000
  65 8.250680 -0.215595 2.184242 2.448119 0.077168 0.153252
  66 -0.000000 -0.000001 0.000001 0.000000 -0.000000 -0.000000
  67 8.250680 -0.215595 2.184242 2.448119 0.077168 0.153252
  68 -0.000002 9.719172 0.000001 -0.000000 0.063899 0.000000
  69 0.000000 9.719169 0.000001 0.958954 0.072023 -0.000000
  70 -0.000000 7.901525 0.000000 0.000000 -0.187248 -0.000000
  71 -0.000000 7.901528 -0.000000 -0.802566 -0.079901 0.294763
  72 -0.000001 10.987648 0.000001 0.880359 -3.141171 -0.000009
  73 -8.250681 -0.215595 2.184239 2.903292 0.000001 0.000000
  74 -8.250680 -0.215595 2.184239 -1.742379 -0.000000 -0.000000
  75 0.000000 0.000000 0.000000 -1.637513 0.000000 0.000000
  76 -0.000000 19.896326 0.000001 0.140363 0.000000 -0.000000
  77 0.000000 16.264103 0.000001 -0.703810 0.000322 -0.000273
  78 -0.000000 -0.000002 -0.000001 -0.000000 -0.000000 -0.000000
  79 -0.000001 10.988299 0.000002 0.880380 3.141170 -0.000000
  80 -0.000000 0.000001 -0.000000 0.000000 0.000000 -0.000000
  81 0.000000 0.000000 0.000000 -0.966666 0.216006 0.067118
  82 0.000001 0.000004 -0.000000 -0.511603 0.089551 0.000000
  83 -0.000003 19.327841 0.000004 1.158967 0.000000 0.000000
  84 -8.250680 -0.215599 2.184238 3.052625 -0.043492 -0.261948
  85 0.000001 -0.000000 0.000000 0.000000 0.000000 -0.000000
  86 -8.250678 -0.215598 2.184238 3.052625 -0.043492 -0.261948
  87 -0.000001 9.663930 0.000001 0.000000 0.004685 -0.000000
  88 -0.000000 9.663925 -0.000000 1.158967 0.005600 0.000000
  89 -0.000002 7.845072 -0.000001 0.000000 0.053152 0.000000
  90 0.000000 7.845079 0.000000 -1.087838 -0.097099 -0.263595
  91 0.000002 10.987855 0.000002 1.340104 -3.128585 0.009809
  92 -0.000000 -0.000000 0.000000 -0.048317 -0.000000 0.000000
  93 0.000000 0.000000 0.000000 -0.000000 -0.000000 -0.000000
  94 -0.000002 -10.999709 0.000003 -0.000000 -0.000000 -0.000000
  95 0.000001 -1.769385 12.121014 0.223058 0.095394 -0.182238
  96 0.000000 -0.000002 0.000000 1.538978 0.000000 -0.000000
  97 -0.000000 0.000000 0.000000 0.030161 0.091024 0.008929
  98 0.000000 0.000000 0.000000 -0.155084 0.000000 0.000000
  99 0.000000 0.000000 0.000000 0.000000 0.000000 0.000000
  100 -0.000000 8.544817 -0.000001 -1.298010 -0.178227 -0.102746
  101 0.000000 0.000000 -0.000000 1.542233 0.000000 -0.000000
  102 -0.000001 9.518042 -0.000002 -0.203551 0.197193 0.058036
  103 -0.000000 3.039642 -0.000001 0.193792 0.012547 0.002462
  104 0.000000 3.098963 0.000000 0.002020 0.218848 0.024528
  105 -0.000000 9.518042 -0.000002 -1.768271 0.197193 0.058037
  106 -0.000000 -0.000000 0.000000 1.662547 0.000000 -0.000000
  107 -0.000000 6.109817 -0.000001 -1.890905 0.202714 0.033649
  108 0.000000 0.000000 0.000000 1.988656 -0.020422 0.020091
  109 0.000000 0.000000 0.000000 -0.097827 0.000000 0.000000
  110 0.000000 0.000000 0.000000 -0.000000 0.000000 0.000000
  111 0.000000 3.025108 -0.296886 0.209073 0.011115 0.009158
  112 0.000000 0.000000 0.000000 0.095948 -0.000000 0.000000
  113 0.000000 -0.000000 -0.000000 -0.000000 -0.000000 0.000000
  114 0.000000 0.000000 0.000000 -0.000000 -0.000000 0.000000
  115 0.904458 6.782036 3.867488 -1.829534 -0.969645 0.677746
  116 0.010185 19.450796 -0.828329 0.797304 0.805841 -0.502933
  117 0.000000 19.792337 0.000001 0.882446 0.000001 0.000000
  118 0.000008 25.008698 0.000006 0.698014 -0.856574 0.122219
  119 0.000000 0.000000 -0.000000 -0.000000 0.000001 0.000001
  120 0.000000 0.000000 -0.000000 -0.000000 -0.000002 -0.000001
  121 0.000001 0.000001 -0.000001 -0.000000 -0.000000 -0.000000
  122 -0.000000 -0.000002 -0.000001 0.000000 0.000000 0.000000
  123 0.000010 12.504345 0.000006 0.000000 -0.396496 -0.000000
  124 -0.000000 -0.000001 -0.000001 -0.000000 0.001371 -0.000001
  125 0.000000 0.000000 0.000000 0.000000 -0.000000 -0.000000
  126 0.000001 9.896170 -0.000000 -0.000000 -0.084330 -0.000000
  127 -0.000000 -0.000000 -0.000000 -0.000000 -0.000000 -0.000000
  128 -0.000000 0.000002 -0.000001 0.000000 0.000000 -0.000000
  129 0.010188 19.450796 -0.828329 -1.068311 -0.458284 0.722012
  130 0.010188 19.450796 -0.828329 0.041385 -0.124298 1.319061
  131 -0.000000 0.000000 0.000000 -1.332781 0.484537 -2.373637
  132 0.000009 20.126822 -0.000006 0.277335 0.000000 -0.000000
  133 -0.000006 25.356457 0.000004 0.198412 -0.005445 0.027074
  134 0.000000 0.000000 0.000000 -0.000000 0.000000 0.000000
  135 -0.000000 0.000000 0.000000 0.911746 0.536568 -2.317982
  136 -0.000001 -0.000002 0.000000 -0.496157 0.367529 -0.000000
  137 -0.000010 19.792336 0.000002 0.882446 0.000001 0.000000
  138 0.010185 19.450796 -0.828329 0.696089 0.687717 -0.651530
  139 0.000000 0.000000 0.000000 -0.000000 -0.000000 -0.000000
  140 0.010185 19.450796 -0.828329 0.696088 0.687716 -0.651530
  141 0.000001 9.896168 0.000003 0.000000 0.076250 -0.000000
  142 -0.000001 9.896170 0.000001 0.882447 0.084332 -0.000001
  143 -0.000001 12.504343 -0.000002 -0.000001 -0.395124 0.000001
  144 -0.000002 12.504350 -0.000001 0.750502 -0.463551 0.089398
  145 0.838798 0.695168 1.002012 -0.146529 0.831651 0.111056
  146 0.034800 6.174923 0.002080 0.057776 -0.287169 0.072685
  147 -0.000000 5.184050 0.000000 0.309711 -0.003807 0.022167
  148 0.000000 5.576725 0.000001 0.186673 0.000643 -0.036172
  149 0.034800 6.174923 0.002080 0.057776 -0.287169 0.072685
  150 -0.000000 5.184050 0.000000 0.309711 -0.003807 0.022167
  151 0.000000 5.576725 0.000001 0.186673 0.000643 -0.036172
  152 0.034796 6.174928 0.002089 0.057776 -0.287169 0.072685
  153 0.000000 0.000000 0.000000 -0.000000 0.000000 -0.000000
  154 0.034800 6.174923 0.002080 0.057776 -0.287169 0.072685
  155 0.000000 0.000000 0.000000 0.000000 -0.000000 -0.000000
  156 -0.000000 5.184049 0.000002 0.309711 -0.003807 0.022168
  157 0.000000 0.000000 0.000000 0.000000 -0.000001 -0.000000
  158 -0.000000 5.576723 0.000001 0.186673 0.000643 -0.036172
  159 0.000000 0.000000 0.000000 0.000000 -0.000000 -0.000000
  160 0.000001 9.158421 0.000002 3.141593 0.324016 -0.000000
  161 -0.000001 -0.000001 0.000000 0.000000 0.000000 -0.000000
  162 -0.000001 -0.000000 0.000001 0.000000 0.000000 -0.000000
  163 0.034800 6.174923 0.002080 0.057776 -0.287169 0.072685
  164 0.208221 1.308907 0.886653 -0.521836 0.710749 -0.438947
  165 -0.034024 4.894755 0.018323 0.177555 -0.296553 -0.038426
  166 0.000001 6.134693 -0.000002 0.258195 -0.004721 0.048259
  167 -0.000001 5.142237 0.000002 0.162416 0.000042 -0.073619
  168 -0.034024 4.894755 0.018323 0.177555 -0.296553 -0.038426
  169 0.000001 6.134693 -0.000002 0.258195 -0.004721 0.048259
  170 -0.000001 5.142237 0.000002 0.162416 0.000042 -0.073619
  171 -0.034025 4.894758 0.018327 0.177555 -0.296553 -0.038426
  172 0.000000 0.000001 0.000000 -0.000000 -0.000000 -0.000000
  173 0.000000 0.000001 0.000000 -0.000000 -0.000000 -0.000000
  174 -0.034024 4.894755 0.018323 0.177554 -0.296552 -0.038425
  175 -0.000000 -0.000000 -0.000000 -0.000000 -0.000001 -0.000001
  176 0.000001 6.134693 0.000000 0.258194 -0.004721 0.048261
  177 0.000000 0.000000 0.000000 -0.000000 -0.000001 -0.000001
  178 0.000004 5.142236 0.000005 0.162417 0.000043 -0.073619
  179 0.000000 0.000000 0.000000 -0.000000 -0.000001 -0.000001
  180 0.000001 9.920090 -0.000002 -3.141593 0.323205 0.000000
  181 0.000006 -0.000002 0.000005 -0.000000 -0.000000 -0.000000
  182 0.000001 -0.000000 -0.000002 0.000001 0.000000 -0.000001
  183 -0.034024 4.894755 0.018323 0.177555 -0.296553 -0.038426
  184 0.000000 0.000001 0.000000 -0.000000 -0.000000 -0.000000
  185 1.229532 0.555888 1.288366 -0.746848 0.623235 -0.695222
  186 -0.103377 5.726233 -0.012285 0.207021 -0.080209 -0.208697
  187 0.000000 5.046768 -0.000000 0.288887 0.005800 -0.038571
  188 -0.000001 4.876216 0.000002 0.254022 -0.002099 0.057280
  189 -0.103377 5.726233 -0.012285 0.207021 -0.080209 -0.208697
  190 0.000000 5.046768 -0.000000 0.288887 0.005800 -0.038571
  191 -0.000001 4.876216 0.000002 0.254022 -0.002099 0.057280
  192 -0.103378 5.726240 -0.012290 0.207022 -0.080209 -0.208698
  193 -0.000000 -0.000000 -0.000000 0.000000 -0.000000 -0.000000
  194 -0.000000 -0.000000 -0.000000 0.000000 -0.000000 -0.000000
  195 -0.103377 5.726233 -0.012285 0.207022 -0.080209 -0.208698
  196 0.000000 0.000000 0.000000 0.000000 0.000000 -0.000000
  197 -0.000005 5.046770 -0.000005 0.288886 0.005800 -0.038570
  198 0.000000 0.000000 0.000000 -0.000000 0.000000 0.000000
  199 0.000001 4.876215 0.000003 0.254023 -0.002099 0.057281
  200 0.000000 0.000000 0.000000 0.000000 -0.000001 -0.000000
  201 0.000001 10.336267 0.000000 -3.141593 -0.095607 -0.000001
  202 -0.000001 0.000001 0.000001 -0.000000 -0.000000 -0.000000
  203 0.000000 0.000000 0.000000 0.000001 0.000000 -0.000000
  204 -0.103377 5.726233 -0.012285 0.207021 -0.080209 -0.208697
  205 -0.000000 -0.000000 -0.000000 0.000000 -0.000000 -0.000000
  206 2.510268 0.335975 0.022944 -0.704386 0.728958 -0.808876
  207 -0.196209 4.152873 -0.071739 0.204092 -0.003080 -0.542466
  208 0.000001 4.945990 -0.000001 0.271257 0.001325 -0.011934
  209 0.000005 6.128857 0.000005 0.319624 -0.001326 0.020281
  210 -0.196209 4.152873 -0.071739 0.204092 -0.003080 -0.542466
  211 0.000000 4.945990 -0.000001 0.271257 0.001325 -0.011934
  212 0.000005 6.128857 0.000005 0.319624 -0.001326 0.020281
  213 -0.196210 4.152871 -0.071739 0.204092 -0.003080 -0.542466
  214 0.000000 0.000001 0.000000 -0.000000 -0.000000 0.000000
  215 0.000000 0.000001 0.000000 -0.000000 -0.000000 0.000000
  216 -0.196209 4.152873 -0.071739 0.204093 -0.003081 -0.542467
  217 0.000000 0.000000 0.000000 -0.000000 0.000001 0.000001
  218 -0.000000 4.945988 -0.000002 0.271256 0.001324 -0.011934
  219 0.000000 0.000000 0.000000 -0.000000 0.000001 0.000001
  220 0.000004 6.128854 0.000006 0.319625 -0.001326 0.020280
  221 0.000000 0.000000 0.000000 0.000000 0.000000 0.000000
  222 0.000000 8.781750 -0.000002 3.141593 -0.488190 0.000000
  223 0.000005 0.000002 0.000006 -0.000000 0.000000 -0.000000
  224 0.000000 0.000000 0.000000 0.000001 0.000000 -0.000001
  225 -0.196209 4.152873 -0.071739 0.204092 -0.003080 -0.542466
  226 0.000000 0.000001 0.000000 -0.000000 -0.000000 0.000000
  227 0.777029 1.281749 1.958797 0.196515 0.598662 0.924076
  228 0.155779 4.416718 -0.021472 0.213321 0.019605 0.282979
  229 -0.000000 4.879316 0.000001 0.261748 0.004531 -0.036922
  230 -0.000000 5.043323 0.000000 0.206254 -0.001208 0.055325
  231 0.155779 4.416718 -0.021472 0.213321 0.019605 0.282979
  232 -0.000000 4.879316 0.000001 0.261748 0.004531 -0.036922
  233 -0.000000 5.043323 0.000000 0.206254 -0.001208 0.055325
  234 0.155788 4.416721 -0.021482 0.213321 0.019605 0.282979
  235 -0.000000 -0.000000 -0.000000 0.000000 -0.000000 -0.000000
  236 0.155779 4.416718 -0.021472 0.213321 0.019605 0.282979
  237 -0.000000 0.000000 -0.000000 -0.000000 0.000001 0.000000
  238 -0.000000 4.879316 -0.000000 0.261749 0.004531 -0.036922
  239 -0.000000 -0.000000 -0.000000 0.000000 0.000000 0.000000
  240 0.000002 5.043322 -0.000003 0.206253 -0.001208 0.055324
  241 -0.000000 -0.000000 -0.000000 0.000000 0.000000 0.000000
  242 0.000002 10.325294 -0.000001 3.141593 -0.093079 -0.000000
  243 0.000000 0.000000 0.000000 -0.000000 -0.000000 -0.000000
  244 0.000000 0.000000 0.000000 -0.000001 0.000000 -0.000000
  245 0.155779 4.416718 -0.021472 0.213321 0.019605 0.282979
  246 0.986049 0.947621 1.368041 0.166521 0.766159 0.595878
  247 0.116607 5.410558 -0.016283 0.036912 -0.459751 0.204801
  248 -0.000001 4.968778 -0.000001 0.262737 0.003073 -0.030016
  249 0.000000 5.803453 0.000006 0.248169 -0.001678 0.049316
  250 0.116607 5.410558 -0.016283 0.036912 -0.459751 0.204801
  251 -0.000001 4.968778 -0.000001 0.262737 0.003073 -0.030016
  252 0.000000 5.803453 0.000006 0.248169 -0.001678 0.049316
  253 0.116608 5.410563 -0.016289 0.036912 -0.459751 0.204801
  254 0.000000 0.000000 0.000000 -0.000000 -0.000000 0.000000
  255 0.116607 5.410558 -0.016283 0.036912 -0.459751 0.204801
  256 0.000000 0.000000 0.000000 0.000000 -0.000000 -0.000000
  257 0.000000 4.968779 -0.000000 0.262735 0.003073 -0.030015
  258 0.000000 0.000000 0.000000 0.000000 -0.000000 -0.000000
  259 0.000001 5.803459 0.000008 0.248170 -0.001678 0.049316
  260 0.000000 0.000000 0.000000 0.000000 0.000000 0.000000
  261 -0.000000 9.111457 0.000001 3.141592 0.806825 -0.000001
  262 0.000001 -0.000005 0.000006 0.000000 0.000000 -0.000000
  263 0.000000 0.000000 0.000000 0.000001 0.000000 -0.000000
  264 0.116607 5.410558 -0.016283 0.036912 -0.459751 0.204801
  265 2.510268 0.335974 0.022940 -0.704387 0.728958 -0.808876
  266 2.510268 0.335974 0.022940 -0.704387 0.728958 -0.808876
  267 2.510268 0.335974 0.022940 -0.704387 0.728958 -0.808876
  268 -0.904461 6.782041 3.867486 -1.956992 1.517416 -0.304910
  269 -0.010186 19.450792 -0.828339 0.341172 -0.339630 0.304048
  270 -0.000001 19.410521 -0.000002 1.561965 -0.000000 -0.000000
  271 -0.000003 24.563013 0.000002 -0.321813 0.351754 -0.368991
  272 0.000000 0.000000 0.000000 0.000000 -0.000001 -0.000001
  273 0.000000 0.000000 0.000000 -0.000000 0.000001 0.000001
  274 -0.000002 0.000001 0.000000 -0.000000 0.000000 0.000000
  275 0.000002 -0.000001 -0.000000 0.000000 -0.000000 -0.000000
  276 -0.000001 12.281507 0.000001 0.000000 0.202032 0.000000
  277 0.000000 0.000000 0.000000 -0.000001 -0.001371 0.000001
  278 0.000000 0.000000 0.000000 -0.000000 0.000000 0.000000
  279 -0.000003 9.705260 -0.000004 -0.000000 -0.369589 -0.000000
  280 0.000000 0.000000 0.000000 -0.000000 0.000000 0.000000
  281 -0.000000 0.000003 0.000000 0.000000 -0.000000 -0.000000
  282 -0.010191 19.450790 -0.828338 -1.068311 0.458283 -0.722012
  283 -0.010189 19.450792 -0.828338 0.041386 0.124298 -1.319061
  284 0.000000 0.000000 0.000000 -1.332781 -0.484537 2.373637
  285 0.000003 20.126818 0.000001 0.277335 -0.000000 0.000000
  286 -0.000000 25.356462 -0.000002 0.198412 0.005445 -0.027073
  287 0.000000 0.000000 0.000000 0.000000 -0.000000 -0.000000
  288 0.000000 0.000000 0.000000 1.295370 -0.468183 1.175927
  289 0.000002 -0.000002 -0.000000 -0.896592 0.487016 -0.000000
  290 -0.000002 19.410517 -0.000000 1.561965 -0.000000 -0.000000
  291 -0.010186 19.450792 -0.828339 0.544784 -0.916301 -0.026333
  292 0.000000 0.000000 0.000000 -0.000000 0.000000 0.000000
  293 -0.010186 19.450792 -0.828339 0.544783 -0.916301 -0.026332
  294 0.000001 9.705256 0.000000 0.000000 0.261746 -0.000001
  295 0.000001 9.705261 -0.000001 1.561965 0.369588 0.000001
  296 -0.000003 12.281508 -0.000001 -0.000000 0.200660 0.000000
  297 -0.000002 12.281499 0.000002 -0.248884 0.163846 -0.350307
  298 -0.838803 0.695158 1.002010 -0.146529 -0.831651 -0.111056
  299 -0.091318 6.041799 0.002902 0.057776 0.287169 -0.072685
  300 -0.000000 5.184055 0.000001 0.578793 0.003807 -0.022167
  301 -0.000000 5.576732 0.000000 0.455756 -0.000643 0.036172
  302 -0.091318 6.041799 0.002902 0.057776 0.287169 -0.072685
  303 -0.000000 5.184055 0.000001 0.578793 0.003807 -0.022167
  304 -0.000000 5.576732 0.000000 0.455756 -0.000643 0.036172
  305 -0.091316 6.041814 0.002900 0.057776 0.287169 -0.072685
  306 0.000000 0.000000 0.000000 0.000000 0.000000 -0.000000
  307 -0.091318 6.041799 0.002902 0.057776 0.287169 -0.072685
  308 0.000000 0.000000 0.000000 -0.000000 0.000000 0.000000
  309 0.000000 5.184054 0.000002 0.578793 0.003806 -0.022168
  310 0.000000 0.000000 0.000000 0.000000 0.000000 0.000000
  311 0.000001 5.576731 -0.000002 0.455755 -0.000643 0.036172
  312 0.000000 0.000000 0.000000 -0.000000 0.000000 0.000000
  313 0.000001 9.158420 0.000004 3.141592 -0.324016 0.000001
  314 0.000001 -0.000000 -0.000000 0.000000 0.000000 -0.000000
  315 -0.000001 -0.000007 0.000003 -0.000000 -0.000000 -0.000000
  316 -0.091318 6.041799 0.002902 0.057776 0.287169 -0.072685
  317 -0.208230 1.308892 0.886643 -0.521836 -0.710749 0.438947
  318 0.025923 4.907903 0.012789 0.177554 0.296553 0.038426
  319 0.000000 6.134686 -0.000000 0.212866 0.004722 -0.048261
  320 0.000001 5.142238 0.000001 0.117090 -0.000043 0.073620
  321 0.025923 4.907903 0.012789 0.177554 0.296553 0.038426
  322 0.000000 6.134686 -0.000000 0.212866 0.004722 -0.048261
  323 0.000001 5.142238 0.000001 0.117090 -0.000043 0.073620
  324 0.025916 4.907907 0.012792 0.177555 0.296553 0.038426
  325 -0.000000 0.000000 0.000000 0.000000 0.000000 -0.000000
  326 -0.000000 0.000000 0.000000 0.000000 0.000000 -0.000000
  327 0.025923 4.907903 0.012789 0.177554 0.296552 0.038425
  328 0.000000 0.000000 0.000000 -0.000000 0.000001 0.000001
  329 -0.000004 6.134686 -0.000002 0.212866 0.004721 -0.048261
  330 0.000000 -0.000000 -0.000000 0.000000 0.000000 0.000001
  331 0.000001 5.142239 -0.000002 0.117090 -0.000043 0.073619
  332 0.000000 -0.000000 -0.000000 -0.000000 0.000001 0.000001
  333 -0.000003 9.920077 0.000001 -3.141593 -0.323204 -0.000000
  334 -0.000000 0.000000 0.000000 0.000000 0.000000 0.000000
  335 -0.000004 -0.000007 -0.000000 -0.000001 0.000000 -0.000000
  336 0.025923 4.907903 0.012789 0.177554 0.296553 0.038426
  337 -0.000000 0.000000 0.000000 0.000000 0.000000 -0.000000
  338 -1.229535 0.555870 1.288363 -0.746847 -0.623235 0.695221
  339 0.301697 5.609661 -0.035805 0.207022 0.080208 0.208698
  340 -0.000006 5.046762 -0.000003 0.557967 -0.005800 0.038570
  341 -0.000000 4.876215 0.000001 0.523105 0.002099 -0.057279
  342 0.301697 5.609661 -0.035805 0.207022 0.080208 0.208698
  343 -0.000006 5.046762 -0.000003 0.557967 -0.005800 0.038570
  344 -0.000000 4.876215 0.000001 0.523105 0.002099 -0.057279
  345 0.301691 5.609667 -0.035802 0.207022 0.080208 0.208698
  346 0.000000 0.000000 0.000000 0.000000 0.000000 -0.000000
  347 0.000000 0.000000 0.000000 0.000000 0.000000 -0.000000
  348 0.301697 5.609661 -0.035805 0.207022 0.080208 0.208698
  349 0.000000 0.000000 0.000000 0.000000 0.000000 -0.000000
  350 -0.000002 5.046766 0.000000 0.557967 -0.005800 0.038571
  351 -0.000000 0.000000 0.000000 -0.000000 -0.000000 -0.000000
  352 0.000002 4.876215 -0.000000 0.523104 0.002099 -0.057281
  353 0.000000 0.000000 0.000000 0.000000 0.000001 0.000001
  354 -0.000001 10.336265 0.000002 -3.141593 0.095607 0.000001
  355 -0.000006 -0.000003 0.000003 0.000000 0.000000 0.000000
  356 -0.000007 -0.000003 0.000001 -0.000000 -0.000000 -0.000000
  357 0.301697 5.609661 -0.035805 0.207022 0.080208 0.208698
  358 0.000000 0.000000 0.000000 0.000000 0.000000 -0.000000
  359 -2.510276 0.335959 0.022942 -0.704386 -0.728958 0.808876
  360 0.141941 4.160833 -0.051962 0.204093 0.003080 0.542466
  361 -0.000001 4.945988 0.000001 0.225929 -0.001325 0.011933
  362 -0.000001 6.128855 0.000001 0.274298 0.001325 -0.020280
  363 0.141941 4.160833 -0.051962 0.204093 0.003080 0.542466
  364 -0.000001 4.945988 0.000001 0.225929 -0.001325 0.011933
  365 -0.000001 6.128855 0.000001 0.274298 0.001325 -0.020280
  366 0.141943 4.160830 -0.051964 0.204093 0.003080 0.542466
  367 -0.000000 0.000000 0.000000 0.000000 0.000000 -0.000000
  368 -0.000000 0.000000 0.000000 0.000000 0.000000 -0.000000
  369 0.141941 4.160832 -0.051962 0.204093 0.003081 0.542467
  370 -0.000000 0.000000 0.000000 -0.000000 -0.000001 -0.000001
  371 -0.000004 4.945987 0.000001 0.225929 -0.001324 0.011934
  372 0.000000 0.000000 0.000000 -0.000000 -0.000001 -0.000000
  373 -0.000002 6.128853 0.000001 0.274298 0.001326 -0.020280
  374 0.000000 0.000000 0.000000 0.000000 -0.000000 -0.000000
  375 -0.000001 8.781749 -0.000002 3.141592 0.488191 -0.000000
  376 -0.000008 0.000000 0.000001 -0.000000 -0.000000 0.000000
  377 -0.000008 -0.000001 0.000001 0.000000 -0.000000 0.000000
  378 0.141941 4.160833 -0.051962 0.204093 0.003080 0.542467
  379 -0.000000 0.000000 0.000000 0.000000 0.000000 -0.000000
  380 -0.777025 1.281758 1.958795 0.196515 -0.598662 -0.924076
  381 -0.456195 4.268224 -0.062993 0.213320 -0.019605 -0.282981
  382 0.000004 4.879300 -0.000001 0.530832 -0.004531 0.036923
  383 -0.000000 5.043324 0.000001 0.475335 0.001208 -0.055324
  384 -0.456195 4.268224 -0.062993 0.213320 -0.019605 -0.282981
  385 0.000004 4.879300 -0.000001 0.530832 -0.004531 0.036923
  386 -0.000000 5.043324 0.000001 0.475335 0.001208 -0.055324
  387 -0.456183 4.268211 -0.062993 0.213321 -0.019605 -0.282979
  388 0.000000 0.000000 0.000000 0.000000 0.000000 0.000000
  389 -0.456195 4.268224 -0.062993 0.213321 -0.019605 -0.282979
  390 0.000000 0.000000 0.000000 -0.000000 -0.000000 -0.000000
  391 0.000007 4.879306 -0.000003 0.530831 -0.004531 0.036922
  392 0.000000 0.000000 0.000000 0.000000 -0.000000 -0.000000
  393 -0.000002 5.043324 0.000000 0.475335 0.001208 -0.055324
  394 0.000000 0.000000 0.000000 0.000000 -0.000000 -0.000000
  395 -0.000001 10.325296 -0.000002 3.141593 0.093079 0.000000
  396 0.000005 -0.000004 0.000004 -0.000000 0.000000 0.000000
  397 0.000005 -0.000006 0.000001 0.000000 -0.000000 0.000000
  398 -0.456195 4.268224 -0.062993 0.213320 -0.019605 -0.282981
  399 -0.986051 0.947618 1.368040 0.166521 -0.766158 -0.595878
  400 -0.082768 5.432742 -0.011860 0.036912 0.459751 -0.204801
  401 0.000000 4.968781 -0.000000 0.217408 -0.003073 0.030015
  402 -0.000001 5.803459 -0.000000 0.202843 0.001678 -0.049316
  403 -0.082768 5.432742 -0.011860 0.036912 0.459751 -0.204801
  404 0.000000 4.968781 -0.000000 0.217408 -0.003073 0.030015
  405 -0.000001 5.803459 -0.000000 0.202843 0.001678 -0.049316
  406 -0.082768 5.432741 -0.011859 0.036912 0.459751 -0.204801
  407 0.000000 0.000000 0.000000 0.000000 0.000000 -0.000000
  408 -0.082768 5.432742 -0.011860 0.036912 0.459751 -0.204801
  409 0.000000 0.000000 0.000000 -0.000000 0.000000 0.000000
  410 -0.000002 4.968782 -0.000001 0.217408 -0.003073 0.030016
  411 0.000000 0.000000 0.000000 -0.000000 0.000000 0.000000
  412 0.000002 5.803459 0.000001 0.202843 0.001678 -0.049315
  413 0.000000 0.000000 0.000000 -0.000000 -0.000000 -0.000000
  414 0.000001 9.111449 0.000006 3.141592 -0.806826 0.000000
  415 0.000000 0.000000 0.000000 0.000001 0.000000 -0.000000
  416 0.000000 0.000000 0.000000 0.000000 0.000000 -0.000000
  417 -0.082768 5.432742 -0.011860 0.036912 0.459751 -0.204801
  418 -2.510271 0.335974 0.022942 -0.704386 -0.728958 0.808876
  419 -2.510271 0.335974 0.022942 -0.704386 -0.728958 0.808876
  420 -2.510271 0.335974 0.022942 -0.704386 -0.728958 0.808876
  421 8.463111 -0.489835 -2.120323 1.542233 -0.000000 3.141593
  422 0.000000 -0.000001 -0.000000 0.000000 -0.000000 -0.000000
  423 -8.463109 -0.489835 -2.120321 1.542233 -0.000000 -3.141592
  424 0.000000 0.000000 0.000000 -0.000000 -0.000000 0.000000
  425 8.463111 -0.489835 -2.120324 1.542233 -0.000000 3.141593
  426 -8.463109 -0.489835 -2.120321 1.542233 -0.000000 -3.141592
  427 0.904458 6.782036 3.867488 -1.829534 -0.969645 0.677746
  428 -0.904461 6.782041 3.867486 -1.956991 1.517416 -0.304909
  429 0.000000 -0.000000 -0.000000 -0.000000 -0.000000 0.000000
  430 -2.384858 45.420403 15.540361 0.000000 -0.000000 1.570796
  431 -44.123840 -21.404566 64.141701 -1.172182 2.274259 0.180897
  432 -0.000008 0.000001 -0.000005 0.000000 0.000000 0.000000
  433 -44.644096 28.673632 18.332491 0.013689 -0.532424 1.346091
  434 48.606480 -42.787544 23.333752 0.636716 0.964784 -2.018134
  435 -2.384865 -45.420403 15.540361 0.000000 -0.000000 1.570796
  436 8.671005 3.685143 54.082924 1.381495 -0.247453 1.815837
  437 0.000002 -0.000001 0.000000 -0.000000 -0.000000 0.000000
  438 -58.656574 2.581678 22.570414 0.253862 0.055251 1.300615
  439 -68.945290 -32.179905 -5.967719 0.636716 -0.964785 2.018134
  440 -0.483101 8.250682 -13.900933 0.000000 -0.000000 1.570796
  441 4.360191 -3.605510 -0.692878 -0.018761 0.000000 0.172585
  442 -0.000001 -6.475163 -8.877786 -0.000000 0.000000 0.000000
  443 0.000001 6.475163 8.877786 -0.000000 0.000000 0.000000
  444 -1.878121 12.014875 -0.599893 -0.000000 0.000000 0.000000
  445 3.953934 0.000001 -0.000002 0.000000 -0.000000 -0.000000
  446 -1.976972 0.000000 0.000000 -0.000000 0.000000 0.000000
  447 -0.098849 -12.014876 0.599888 -0.000000 -0.000000 -0.000000
  448 0.000001 6.475165 8.877787 -2.200961 0.000249 0.000341
  449 0.000001 0.000005 0.000001 -0.000000 0.000000 0.000000
  450 -0.000001 10.988306 0.000000 2.200961 0.000422 0.000000
  451 0.000000 0.000000 0.000000 -0.060252 -0.000000 3.141593
  452 32.849415 1.642442 3.747160 -0.235385 -0.003155 1.440752
  453 1.961087 -0.448857 0.257714 -0.003598 -0.000000 -0.000000
  454 -0.483102 -8.250682 -13.900933 0.000000 -0.000000 1.570796
  455 -5.201157 25.224455 -0.788673 0.020479 -0.043411 -0.412560
  456 0.000002 -6.475163 -8.877785 -0.000000 -0.000000 0.000000
  457 -0.000002 6.475163 8.877785 0.461527 0.110941 0.014989
  458 1.878115 12.014871 -0.599889 0.000000 0.118331 0.000000
  459 -3.953932 0.000011 -0.000000 -0.000000 -0.000000 -0.000000
  460 1.976970 -0.000003 -0.000000 -0.000000 0.000000 -0.000000
  461 0.098852 -12.014884 0.599887 0.459757 -0.007377 0.014897
  462 -0.000001 6.475168 8.877786 -2.200961 -0.000249 -0.000341
  463 -0.000002 0.000000 0.000005 -0.000000 0.000000 0.000000
  464 -0.000000 10.988309 -0.000001 1.741211 0.013008 0.009796
  465 0.000000 0.000000 0.000000 -0.060252 0.000000 3.141593
  466 30.709566 -14.719506 3.695095 -0.235385 -0.003155 1.440752
  467 -5.924031 1.355898 -0.778501 -0.003598 -0.000000 -0.000000
  time 5
  0 0.000000 0.000000 -23.603888 0.000000 -0.000000 1.570796
  1 0.126392 20.637878 36.089592 1.455143 -0.016096 0.060904
  2 0.000000 10.999706 0.000001 -0.048317 -0.000000 0.000000
  3 0.000000 6.753156 0.000002 0.399389 -0.018856 -0.100634
  4 -0.000001 8.544823 0.000001 0.560871 -0.060168 -0.118776
  5 0.000002 9.518026 0.000005 -0.525972 0.087493 0.085409
  6 -0.000000 3.039635 -0.000001 0.193799 0.015499 0.003042
  7 -0.000000 3.098962 0.000001 -0.287438 0.121802 0.063835
  8 27.791206 1.849153 60.912392 -0.508509 2.655499 -1.063596
  9 -24.010788 3.712447 53.216621 -0.012804 -2.669052 0.886133
  10 10.858170 4.423661 23.115528 2.950726 0.081945 0.067640
  11 -12.261711 8.023281 20.079697 2.937158 0.031336 0.025506
  12 -1.789155 0.000000 28.175615 0.000000 -0.000000 1.570796
  13 -0.000004 19.476849 -10.227501 -0.287236 -0.016096 0.060904
  14 0.000000 -1.769382 12.121010 0.000000 0.000000 -0.000000
  15 0.000001 -1.769382 12.121010 1.108406 0.235085 0.000568
  16 0.000000 -1.769382 12.121010 0.000000 0.000000 0.000000
  17 -0.000000 -0.000004 -0.000001 1.694062 -0.000000 0.000000
  18 0.000000 -6.753157 -0.000001 -1.694062 -0.000000 -0.000000
  19 -0.000000 0.000000 0.000000 1.742380 0.000000 -0.000000
  20 -0.000000 -10.999709 -0.000000 -0.000000 0.000000 0.000000
  21 0.000000 0.000000 0.000000 -0.000000 0.000000 0.000000
  22 0.000000 -0.000000 0.000000 -1.341552 -1.993774 0.192913
  23 0.000001 -0.000002 0.000001 -0.000000 0.000000 -0.000000
  24 0.000000 -0.000000 0.000000 -1.341552 1.993774 -0.192913
  25 -0.000001 -0.000002 0.000001 -0.000000 -0.000000 0.000000
  26 8.250685 -0.215606 2.184243 2.420245 0.029618 0.059356
  27 -0.000004 19.732594 0.000004 0.341853 -0.000000 -0.000000
  28 -0.000005 16.100031 0.000005 -0.149962 -0.100759 0.026963
  29 -0.000068 10.981007 0.000162 0.880380 -3.141171 0.000000
  30 -1.873868 4.392865 10.061483 -0.000523 0.630166 -1.571104
  31 0.000000 0.000001 0.000002 -0.000000 -0.000000 -0.000000
  32 -0.000000 0.000000 -0.000000 0.000000 0.000000 0.000000
  33 -0.000000 0.000002 0.000000 0.000000 -0.000000 0.000000
  34 0.000000 0.000000 0.000000 0.000000 -0.000000 0.000000
  35 -0.000003 8.050018 0.000003 0.000000 -0.051315 0.000000
  36 0.000000 -0.000000 0.000000 -0.000000 0.000204 0.000000
  37 0.000001 -0.000004 0.000004 0.000000 0.000000 -0.000000
  38 -0.000002 9.866299 0.000004 0.000000 -0.000588 0.000000
  39 0.000000 0.000000 0.000000 -0.000000 0.000000 -0.000000
  40 -8.250679 -0.215595 2.184241 2.726395 -0.048418 -0.274795
  41 0.000002 19.238213 0.000000 1.476609 0.000000 -0.000000
  42 0.000002 15.595697 -0.000004 -0.998113 0.091808 -0.397798
  43 0.000255 10.987275 -0.000260 1.376904 -3.127510 0.010580
  44 1.873871 4.392863 10.061478 0.000523 2.511427 1.571105
  45 0.000000 0.000002 0.000002 -0.000000 0.000000 0.000000
  46 0.000000 0.000000 0.000000 0.000000 -0.000000 -0.000000
  47 -0.000000 0.000001 0.000001 -0.000000 0.000000 -0.000000
  48 0.000000 0.000000 0.000000 -0.000000 0.000000 -0.000000
  49 0.000001 7.797850 -0.000003 -0.000000 0.143479 -0.000000
  50 0.000000 0.000000 0.000000 0.000000 -0.000205 -0.000000
  51 0.000002 -0.000000 -0.000000 -0.000000 0.000000 -0.000000
  52 0.000001 9.619107 0.000002 0.000000 0.024757 -0.000000
  53 0.000000 0.000000 0.000000 -0.000000 -0.000000 0.000000
  54 8.250683 -0.215594 2.184239 2.903292 -0.000000 -0.000000
  55 8.250684 -0.215598 2.184238 -1.742379 0.000000 0.000000
  56 0.000000 0.000000 0.000000 -1.637513 0.000000 -0.000000
  57 0.000002 19.896322 -0.000002 0.140363 -0.000000 0.000000
  58 0.000004 16.264103 -0.000002 -0.703810 -0.000322 0.000273
  59 0.000000 0.000000 0.000000 -0.000000 -0.000000 -0.000000
  60 -0.000002 10.988296 0.000000 0.880380 -3.141170 0.000000
  61 0.000000 0.000001 -0.000000 0.000000 -0.000000 0.000000
  62 0.000001 -0.000000 -0.000000 -1.968252 -0.065909 0.013401
  63 -0.000001 0.000007 -0.000002 -0.153426 -0.006162 -0.000000
  64 -0.000004 19.732588 0.000007 0.341853 -0.000000 -0.000000
  65 8.250685 -0.215606 2.184243 2.420223 0.030494 0.058585
  66 0.000000 -0.000001 0.000001 0.000000 0.000000 -0.000000
  67 8.250686 -0.215606 2.184239 2.420223 0.030494 0.058585
  68 -0.000000 9.866301 0.000000 -0.000000 0.000579 0.000000
  69 -0.000000 9.866296 0.000000 0.341853 0.000587 -0.000000
  70 -0.000000 8.050009 -0.000001 -0.000000 -0.051110 0.000000
  71 0.000001 8.050014 -0.000001 -0.148569 -0.049666 0.026865
  72 0.000000 10.981027 0.000001 0.880394 -3.141171 -0.000006
  73 -8.250682 -0.215595 2.184241 2.903292 -0.000000 -0.000000
  74 -8.250682 -0.215595 2.184241 -1.742379 0.000000 0.000000
  75 0.000000 0.000000 0.000000 -1.637513 -0.000000 0.000000
  76 -0.000002 19.896326 0.000000 0.140363 0.000000 0.000000
  77 0.000004 16.264101 -0.000002 -0.703810 0.000322 -0.000273
  78 0.000000 0.000000 0.000000 -0.000000 -0.000000 -0.000000
  79 0.000001 10.988297 0.000001 0.880380 3.141171 -0.000000
  80 0.000000 0.000001 -0.000000 -0.000000 0.000000 -0.000000
  81 0.000000 0.000000 0.000000 -1.163512 0.256771 0.052822
  82 0.000002 -0.000000 -0.000000 -0.643429 0.056845 0.000000
  83 0.000002 19.238211 0.000003 1.476609 0.000000 -0.000000
  84 -8.250679 -0.215595 2.184241 2.725208 -0.087818 -0.257360
  85 0.000000 0.000000 0.000000 -0.000000 0.000000 0.000000
  86 -8.250679 -0.215595 2.184241 2.725209 -0.087818 -0.257360
  87 0.000000 9.619107 0.000001 -0.000000 -0.018311 0.000000
  88 0.000001 9.619105 -0.000001 1.476608 -0.024757 -0.000000
  89 -0.000001 7.797846 -0.000000 -0.000000 0.143274 -0.000000
  90 -0.000000 7.797851 0.000001 -0.942749 -0.040371 -0.396383
  91 0.000001 10.987293 -0.000003 1.376881 -3.127510 0.010604
  92 0.000000 -0.000000 0.000000 -0.048317 0.000000 -0.000000
  93 -0.000000 0.000000 -0.000000 -0.000000 0.000000 0.000000
  94 -0.000000 -10.999709 -0.000000 -0.000000 0.000000 0.000000
  95 0.000000 -1.769382 12.121010 0.550233 0.117556 -0.033417
  96 -0.000000 -0.000004 0.000001 1.538978 0.000000 -0.000000
  97 -0.000000 -0.000000 0.000000 -0.119836 0.037702 0.048831
  98 0.000000 0.000000 0.000000 -0.155084 -0.000000 0.000000
  99 0.000000 0.000000 0.000000 -0.000000 0.000000 -0.000000
  100 -0.000001 8.544824 0.000000 -0.985031 -0.029437 -0.118611
  101 0.000000 0.000000 0.000000 1.542233 0.000000 0.000000
  102 0.000000 9.518033 0.000003 -0.525971 0.087493 0.085409
  103 -0.000000 3.039635 0.000000 0.193799 0.015499 0.003042
  104 -0.000000 3.098962 -0.000000 -0.287438 0.121802 0.063835
  105 0.000000 9.518033 0.000003 -2.090692 0.087493 0.085409
  106 0.000000 0.000000 0.000000 1.662547 0.000000 0.000000
  107 0.000001 6.109809 0.000003 -2.211135 0.097102 0.074295
  108 0.000000 0.000000 0.000000 2.020715 -0.022205 0.025490
  109 0.000000 0.000000 0.000000 -0.097827 0.000000 -0.000000
  110 0.000000 0.000000 0.000000 0.000001 -0.000000 -0.000000
  111 0.000001 3.025102 -0.296884 0.225153 0.013998 0.009664
  112 0.000000 0.000000 0.000000 0.095948 0.000000 0.000000
  113 0.000000 0.000000 -0.000000 0.000000 -0.000000 -0.000000
  114 -0.000000 -0.000000 0.000000 0.000000 0.000000 0.000000
  115 0.904460 6.782035 3.867493 -1.864174 -1.016617 0.688764
  116 0.010196 19.450792 -0.828326 -0.481769 1.329898 -1.956841
  117 -0.000007 19.480000 0.000002 1.308031 0.000000 -0.000000
  118 -0.000002 24.659861 0.000001 -1.298186 0.151966 0.743278
  119 0.000000 0.000000 0.000000 -0.000000 0.000001 0.000001
  120 0.000000 0.000000 0.000000 -0.000000 -0.000001 -0.000001
  121 -0.000001 0.000004 0.000001 -0.000001 -0.000000 -0.000000
  122 0.000001 -0.000003 -0.000002 0.000000 0.000000 0.000000
  123 0.000001 12.329931 -0.000001 0.000000 -0.188054 -0.000000
  124 0.000000 -0.000002 -0.000001 -0.000001 0.001371 -0.000001
  125 0.000000 0.000000 0.000000 0.000000 -0.000000 0.000000
  126 -0.000004 9.740001 0.000000 0.000000 -0.636034 0.000000
  127 0.000000 0.000000 0.000000 -0.000000 -0.000000 -0.000000
  128 0.000001 0.000002 -0.000001 0.000000 0.000000 -0.000000
  129 0.010191 19.450796 -0.828331 -1.068311 -0.458283 0.722012
  130 0.010193 19.450796 -0.828330 0.041386 -0.124298 1.319061
  131 0.000000 0.000000 0.000000 -1.332781 0.484537 -2.373637
  132 -0.000001 20.126823 -0.000002 0.277335 0.000000 -0.000000
  133 0.000002 25.356462 0.000002 0.198412 -0.005445 0.027074
  134 0.000000 0.000000 0.000000 -0.000000 0.000000 0.000000
  135 0.000000 0.000000 0.000000 0.150199 -0.209658 2.728950
  136 0.000002 0.000004 0.000002 -0.743726 1.449624 0.000002
  137 -0.000003 19.479994 0.000004 1.308031 0.000000 -0.000000
  138 0.010196 19.450792 -0.828326 -0.113453 0.217477 -1.511582
  139 0.000000 0.000000 0.000000 -0.000000 -0.000000 -0.000000
  140 0.010196 19.450792 -0.828326 -0.113453 0.217476 -1.511582
  141 0.000002 9.739994 -0.000002 0.000000 0.501561 -0.000000
  142 0.000000 9.739997 -0.000003 1.308029 0.636034 -0.000001
  143 0.000001 12.329929 0.000001 0.000000 -0.186683 0.000000
  144 -0.000004 12.329926 0.000003 -1.166825 0.287782 0.772035
  145 0.838804 0.695165 1.002011 -0.146529 0.831651 0.111056
  146 0.001832 6.246691 0.000918 0.057776 -0.287169 0.072684
  147 0.000003 5.184052 0.000002 0.164082 -0.003807 0.022169
  148 -0.000004 5.576721 0.000000 0.041045 0.000643 -0.036173
  149 0.001832 6.246691 0.000918 0.057776 -0.287169 0.072684
  150 0.000003 5.184052 0.000002 0.164082 -0.003807 0.022169
  151 -0.000004 5.576721 0.000000 0.041045 0.000643 -0.036173
  152 0.001826 6.246691 0.000920 0.057776 -0.287169 0.072685
  153 0.000000 0.000001 -0.000001 0.000000 -0.000000 -0.000000
  154 0.001831 6.246693 0.000919 0.057776 -0.287169 0.072685
  155 0.000000 0.000000 0.000000 -0.000000 -0.000000 -0.000000
  156 0.000003 5.184050 0.000003 0.164083 -0.003807 0.022168
  157 0.000000 0.000000 0.000000 0.000000 -0.000001 -0.000000
  158 -0.000004 5.576720 -0.000000 0.041045 0.000643 -0.036172
  159 0.000000 0.000000 0.000000 0.000000 -0.000000 -0.000000
  160 0.000004 9.158411 -0.000001 3.141593 0.324016 -0.000000
  161 0.000000 0.000000 0.000000 -0.000000 -0.000000 -0.000000
  162 0.000004 0.000002 0.000002 -0.000000 0.000000 0.000001
  163 0.001832 6.246691 0.000918 0.057776 -0.287169 0.072684
  164 0.208225 1.308911 0.886644 -0.521837 0.710749 -0.438947
  165 -0.002573 4.938090 0.001490 0.177555 -0.296553 -0.038425
  166 -0.000002 6.134689 0.000001 0.110019 -0.004722 0.048260
  167 -0.000000 5.142239 -0.000002 0.014242 0.000042 -0.073620
  168 -0.002573 4.938090 0.001490 0.177555 -0.296553 -0.038425
  169 -0.000002 6.134689 0.000001 0.110019 -0.004722 0.048260
  170 -0.000000 5.142239 -0.000002 0.014242 0.000042 -0.073620
  171 -0.002573 4.938090 0.001491 0.177555 -0.296553 -0.038426
  172 -0.000001 0.000001 -0.000000 0.000000 -0.000000 0.000000
  173 -0.000001 0.000001 -0.000000 0.000000 -0.000000 0.000000
  174 -0.002573 4.938090 0.001490 0.177554 -0.296552 -0.038425
  175 0.000000 0.000000 0.000000 -0.000000 -0.000001 -0.000001
  176 -0.000003 6.134692 0.000001 0.110019 -0.004721 0.048261
  177 0.000000 0.000000 0.000000 -0.000000 -0.000001 -0.000001
  178 -0.000002 5.142238 0.000001 0.014243 0.000043 -0.073619
  179 0.000000 0.000000 0.000000 -0.000000 -0.000001 -0.000001
  180 0.000005 9.920086 0.000000 -3.141593 0.323205 0.000000
  181 0.000000 0.000000 0.000000 -0.000000 0.000000 -0.000000
  182 -0.000000 0.000000 0.000003 0.000000 -0.000000 0.000000
  183 -0.002573 4.938090 0.001490 0.177555 -0.296553 -0.038425
  184 -0.000001 0.000001 -0.000000 0.000000 -0.000000 0.000000
  185 1.229544 0.555899 1.288359 -0.746848 0.623235 -0.695222
  186 0.004110 5.789326 0.000458 0.207022 -0.080208 -0.208699
  187 0.000001 5.046767 0.000000 0.143257 0.005800 -0.038570
  188 0.000001 4.876211 0.000001 0.108395 -0.002099 0.057280
  189 0.004110 5.789326 0.000458 0.207022 -0.080208 -0.208699
  190 0.000001 5.046766 0.000001 0.143257 0.005800 -0.038570
  191 0.000000 4.876212 0.000001 0.108395 -0.002099 0.057280
  192 0.004114 5.789328 0.000459 0.207022 -0.080209 -0.208698
  193 0.000000 0.000000 0.000000 0.000000 -0.000000 0.000000
  194 0.000000 0.000000 0.000000 0.000000 -0.000000 0.000000
  195 0.004110 5.789326 0.000458 0.207022 -0.080209 -0.208698
  196 0.000000 0.000000 0.000000 -0.000000 0.000000 -0.000000
  197 0.000004 5.046767 0.000001 0.143258 0.005799 -0.038570
  198 0.000000 0.000000 0.000000 0.000000 0.000000 0.000000
  199 0.000001 4.876211 0.000000 0.108394 -0.002099 0.057281
  200 0.000000 0.000000 0.000000 -0.000000 -0.000001 -0.000000
  201 0.000001 10.336256 0.000003 -3.141592 -0.095607 -0.000001
  202 0.000002 0.000003 0.000001 0.000000 0.000000 -0.000000
  203 0.000000 0.000000 0.000000 -0.000000 0.000000 -0.000000
  204 0.004110 5.789326 0.000458 0.207022 -0.080208 -0.208699
  205 0.000000 0.000000 0.000000 0.000000 -0.000000 0.000000
  206 2.510281 0.335976 0.022938 -0.704387 0.728958 -0.808876
  207 -0.015576 4.180106 -0.005696 0.204093 -0.003080 -0.542466
  208 0.000000 4.945988 0.000000 0.123081 0.001325 -0.011933
  209 0.000001 6.128855 0.000000 0.171451 -0.001326 0.020281
  210 -0.015576 4.180106 -0.005696 0.204093 -0.003080 -0.542466
  211 0.000000 4.945988 0.000000 0.123081 0.001325 -0.011933
  212 0.000001 6.128855 0.000000 0.171451 -0.001326 0.020281
  213 -0.015572 4.180108 -0.005696 0.204093 -0.003080 -0.542466
  214 0.000000 0.000000 -0.000000 0.000000 -0.000000 0.000000
  215 0.000000 0.000000 -0.000000 0.000000 -0.000000 0.000000
  216 -0.015576 4.180106 -0.005696 0.204093 -0.003081 -0.542467
  217 0.000000 0.000000 0.000000 -0.000000 0.000001 0.000001
  218 0.000001 4.945988 0.000002 0.123081 0.001324 -0.011934
  219 0.000000 0.000000 0.000000 0.000000 0.000001 0.000001
  220 0.000002 6.128854 0.000000 0.171451 -0.001326 0.020280
  221 0.000000 0.000000 0.000000 0.000000 0.000000 0.000000
  222 0.000001 8.781745 0.000001 -3.141592 -0.488190 -0.000000
  223 0.000002 0.000004 0.000000 0.000000 0.000000 -0.000000
  224 0.000000 0.000000 0.000000 -0.000000 0.000000 -0.000000
  225 -0.015576 4.180106 -0.005696 0.204093 -0.003080 -0.542466
  226 0.000000 0.000000 -0.000000 0.000000 -0.000000 0.000000
  227 0.777029 1.281750 1.958796 0.196515 0.598662 0.924076
  228 -0.006727 4.496939 0.000947 0.213321 0.019605 0.282979
  229 -0.000001 4.879311 0.000001 0.116120 0.004531 -0.036921
  230 0.000001 5.043324 0.000001 0.060625 -0.001208 0.055323
  231 -0.006727 4.496939 0.000947 0.213321 0.019605 0.282979
  232 -0.000001 4.879311 0.000001 0.116120 0.004531 -0.036921
  233 0.000001 5.043324 0.000001 0.060625 -0.001208 0.055323
  234 -0.006729 4.496938 0.000949 0.213321 0.019605 0.282979
  235 0.000000 0.000000 0.000000 -0.000000 -0.000000 0.000000
  236 -0.006727 4.496939 0.000947 0.213321 0.019605 0.282979
  237 0.000000 0.000000 0.000000 -0.000000 0.000000 0.000000
  238 -0.000001 4.879312 0.000001 0.116120 0.004530 -0.036921
  239 0.000000 0.000000 0.000000 0.000000 0.000000 0.000000
  240 -0.000003 5.043323 -0.000002 0.060625 -0.001208 0.055324
  241 0.000000 0.000000 0.000000 -0.000000 0.000000 -0.000000
  242 0.000002 10.325285 0.000004 3.141593 -0.093078 -0.000000
  243 0.000000 0.000000 0.000000 0.000000 0.000000 -0.000000
  244 -0.000001 -0.000002 -0.000000 -0.000000 -0.000000 0.000001
  245 -0.006727 4.496939 0.000947 0.213321 0.019605 0.282979
  246 0.986052 0.947620 1.368040 0.166521 0.766159 0.595878
  247 0.008972 5.480816 -0.001286 0.036912 -0.459751 0.204801
  248 0.000000 4.968778 0.000002 0.114561 0.003072 -0.030015
  249 -0.000001 5.803461 -0.000000 0.099996 -0.001678 0.049316
  250 0.008972 5.480816 -0.001286 0.036912 -0.459751 0.204801
  251 0.000000 4.968778 0.000002 0.114561 0.003072 -0.030015
  252 -0.000001 5.803461 -0.000000 0.099996 -0.001678 0.049316
  253 0.008965 5.480816 -0.001290 0.036912 -0.459751 0.204801
  254 0.000000 0.000000 0.000000 0.000000 0.000000 -0.000000
  255 0.008972 5.480816 -0.001286 0.036911 -0.459751 0.204801
  256 0.000000 0.000000 0.000000 -0.000000 -0.000000 -0.000000
  257 0.000002 4.968778 0.000002 0.114561 0.003073 -0.030015
  258 0.000000 0.000000 0.000000 -0.000000 -0.000000 -0.000000
  259 0.000001 5.803463 0.000001 0.099996 -0.001678 0.049315
  260 0.000000 0.000000 0.000000 0.000000 0.000000 -0.000000
  261 -0.000003 9.111452 -0.000001 3.141592 0.806825 -0.000001
  262 0.000001 0.000002 0.000001 -0.000000 -0.000000 0.000001
  263 0.000000 0.000001 0.000002 0.000000 -0.000000 -0.000000
  264 0.008972 5.480816 -0.001286 0.036912 -0.459751 0.204801
  265 2.510273 0.335973 0.022939 -0.704387 0.728958 -0.808876
  266 2.510273 0.335973 0.022939 -0.704387 0.728958 -0.808876
  267 2.510273 0.335973 0.022939 -0.704387 0.728958 -0.808876
  268 -0.904458 6.782032 3.867499 -1.819675 1.502452 -0.158537
  269 -0.010191 19.450798 -0.828338 -0.161049 -1.029050 1.675609
  270 -0.000000 19.506828 -0.000004 1.248020 -0.000001 0.000000
  271 0.000005 24.693060 0.000007 -0.930529 -0.474494 -0.684781
  272 0.000000 0.000000 0.000000 -0.000000 -0.000001 -0.000001
  273 0.000000 0.000000 0.000000 0.000000 0.000001 0.000001
  274 0.000000 0.000003 0.000000 -0.000000 0.000000 0.000000
  275 -0.000001 -0.000001 0.000001 0.000000 0.000000 -0.000000
  276 -0.000000 12.346531 0.000002 0.000000 -0.057689 -0.000000
  277 -0.000001 -0.000001 0.000000 -0.000001 -0.001371 0.000000
  278 0.000000 0.000000 0.000000 -0.000000 0.000000 0.000000
  279 -0.000005 9.753420 -0.000004 -0.000000 0.464851 -0.000000
  280 0.000000 0.000000 0.000000 -0.000000 0.000000 0.000000
  281 0.000000 0.000002 -0.000001 -0.000000 -0.000000 0.000000
  282 -0.010186 19.450800 -0.828332 -1.068311 0.458283 -0.722012
  283 -0.010186 19.450800 -0.828332 0.041385 0.124298 -1.319061
  284 0.000000 0.000000 0.000000 -1.332781 -0.484537 2.373637
  285 0.000005 20.126820 0.000004 0.277335 -0.000000 -0.000000
  286 -0.000003 25.356462 0.000004 0.198412 0.005445 -0.027073
  287 0.000000 0.000000 0.000000 0.000000 -0.000000 -0.000000
  288 0.000000 0.000000 0.000000 0.350258 -0.044696 -2.854914
  289 0.000001 0.000003 -0.000007 -0.708287 -0.938153 -0.000001
  290 0.000003 19.506815 -0.000004 1.248020 -0.000001 0.000000
  291 -0.010191 19.450798 -0.828338 -0.084351 -0.193194 1.553536
  292 0.000000 0.000000 0.000000 -0.000000 0.000000 0.000000
  293 -0.010191 19.450798 -0.828338 -0.084351 -0.193193 1.553536
  294 -0.000001 9.753418 -0.000005 0.000001 -0.376071 -0.000001
  295 -0.000001 9.753402 0.000004 1.248019 -0.464851 0.000001
  296 -0.000001 12.346531 0.000002 0.000000 -0.059060 -0.000000
  297 0.000004 12.346527 0.000001 -0.971584 -0.428409 -0.666863
  298 -0.838803 0.695165 1.002011 -0.146528 -0.831651 -0.111056
  299 -0.037968 6.156641 0.000920 0.057775 0.287169 -0.072685
  300 0.000002 5.184051 0.000001 0.347147 0.003807 -0.022167
  301 0.000001 5.576721 -0.000002 0.224109 -0.000643 0.036172
  302 -0.037969 6.156642 0.000919 0.057775 0.287169 -0.072685
  303 0.000002 5.184051 0.000002 0.347147 0.003807 -0.022167
  304 0.000001 5.576721 -0.000002 0.224109 -0.000643 0.036172
  305 -0.037951 6.156641 0.000917 0.057776 0.287169 -0.072685
  306 -0.000000 0.000000 -0.000000 0.000000 0.000000 0.000000
  307 -0.037966 6.156639 0.000920 0.057776 0.287169 -0.072685
  308 0.000000 0.000000 0.000000 0.000000 0.000000 0.000000
  309 0.000003 5.184049 0.000001 0.347146 0.003807 -0.022168
  310 0.000000 0.000000 0.000000 0.000000 0.000000 0.000001
  311 -0.000000 5.576722 0.000001 0.224109 -0.000644 0.036172
  312 0.000000 0.000000 0.000000 0.000000 0.000000 0.000000
  313 -0.000001 9.158422 -0.000001 3.141592 -0.324015 0.000000
  314 0.000000 -0.000004 0.000001 0.000000 0.000000 -0.000000
  315 -0.000004 -0.000000 -0.000001 0.000000 -0.000000 0.000000
  316 -0.037968 6.156641 0.000921 0.057775 0.287169 -0.072685
  317 -0.208220 1.308908 0.886642 -0.521836 -0.710749 0.438947
  318 -0.001451 4.946468 -0.002326 0.177554 0.296553 0.038426
  319 0.000003 6.134689 -0.000002 0.080913 0.004722 -0.048260
  320 -0.000000 5.142239 0.000001 -0.014865 -0.000042 0.073619
  321 -0.001451 4.946468 -0.002326 0.177554 0.296553 0.038426
  322 0.000003 6.134689 -0.000002 0.080913 0.004722 -0.048260
  323 -0.000000 5.142239 0.000001 -0.014865 -0.000042 0.073619
  324 -0.001451 4.946468 -0.002326 0.177555 0.296553 0.038426
  325 0.000000 0.000001 0.000000 -0.000000 -0.000000 0.000000
  326 0.000000 0.000001 0.000000 -0.000000 -0.000000 0.000000
  327 -0.001451 4.946468 -0.002326 0.177555 0.296552 0.038425
  328 0.000000 0.000000 0.000000 -0.000000 0.000001 0.000001
  329 0.000001 6.134691 -0.000003 0.080912 0.004721 -0.048261
  330 0.000000 0.000000 0.000000 -0.000000 0.000000 0.000001
  331 0.000001 5.142238 0.000002 -0.014865 -0.000043 0.073619
  332 0.000000 0.000000 0.000000 -0.000000 0.000001 0.000001
  333 0.000003 9.920086 0.000001 -3.141593 -0.323204 -0.000000
  334 -0.000003 0.000002 -0.000000 0.000000 0.000000 -0.000000
  335 -0.000000 -0.000001 -0.000002 0.000000 0.000000 -0.000000
  336 -0.001451 4.946468 -0.002326 0.177554 0.296553 0.038425
  337 0.000000 0.000001 0.000000 -0.000000 -0.000000 0.000000
  338 -1.229541 0.555889 1.288356 -0.746848 -0.623235 0.695222
  339 0.132372 5.709599 -0.015992 0.207022 0.080209 0.208698
  340 -0.000001 5.046766 0.000001 0.326320 -0.005800 0.038570
  341 0.000000 4.876213 -0.000000 0.291458 0.002099 -0.057280
  342 0.132372 5.709599 -0.015992 0.207022 0.080209 0.208698
  343 -0.000001 5.046766 0.000001 0.326320 -0.005800 0.038570
  344 0.000000 4.876213 -0.000000 0.291458 0.002099 -0.057280
  345 0.132371 5.709598 -0.015993 0.207022 0.080209 0.208698
  346 0.000000 0.000000 0.000000 0.000000 0.000000 -0.000000
  347 0.000000 0.000000 0.000000 0.000000 0.000000 -0.000000
  348 0.132372 5.709599 -0.015992 0.207022 0.080209 0.208698
  349 0.000000 0.000000 0.000000 0.000000 -0.000000 -0.000000
  350 0.000001 5.046766 -0.000000 0.326321 -0.005800 0.038570
  351 0.000000 0.000000 0.000000 -0.000000 -0.000000 -0.000000
  352 -0.000000 4.876213 -0.000002 0.291457 0.002099 -0.057281
  353 0.000000 0.000000 0.000000 0.000000 0.000001 0.000001
  354 -0.000000 10.336268 -0.000003 -3.141593 0.095607 0.000001
  355 -0.000001 -0.000001 -0.000001 -0.000000 0.000000 0.000000
  356 0.000000 0.000000 0.000000 -0.000000 0.000000 0.000000
  357 0.132372 5.709599 -0.015992 0.207022 0.080209 0.208698
  358 0.000000 0.000000 0.000000 0.000000 0.000000 -0.000000
  359 -2.510269 0.335974 0.022941 -0.704387 -0.728958 0.808876
  360 -0.018285 4.184909 0.006598 0.204093 0.003080 0.542466
  361 -0.000001 4.945987 -0.000000 0.093975 -0.001325 0.011933
  362 0.000000 6.128853 0.000001 0.142344 0.001326 -0.020280
  363 -0.018285 4.184909 0.006598 0.204093 0.003080 0.542466
  364 -0.000001 4.945987 -0.000000 0.093975 -0.001325 0.011933
  365 0.000000 6.128853 0.000001 0.142344 0.001326 -0.020280
  366 -0.018278 4.184906 0.006595 0.204093 0.003080 0.542466
  367 0.000000 0.000000 -0.000000 0.000000 0.000000 0.000000
  368 0.000000 0.000000 -0.000000 0.000000 0.000000 0.000000
  369 -0.018285 4.184909 0.006598 0.204093 0.003081 0.542467
  370 0.000000 0.000000 0.000000 -0.000000 -0.000001 -0.000001
  371 -0.000000 4.945985 0.000000 0.093975 -0.001324 0.011934
  372 0.000000 0.000000 0.000000 -0.000000 -0.000001 -0.000001
  373 -0.000001 6.128853 0.000001 0.142344 0.001326 -0.020280
  374 0.000000 0.000000 0.000000 0.000000 -0.000001 -0.000000
  375 -0.000002 8.781751 -0.000001 3.141593 0.488190 0.000000
  376 0.000001 0.000002 0.000002 -0.000000 -0.000000 0.000000
  377 0.000001 0.000002 0.000001 0.000000 -0.000000 0.000000
  378 -0.018285 4.184909 0.006598 0.204093 0.003080 0.542466
  379 0.000000 0.000000 -0.000000 0.000000 0.000000 0.000000
  380 -0.777030 1.281750 1.958795 0.196515 -0.598662 -0.924076
  381 -0.196696 4.397290 -0.027146 0.213321 -0.019605 -0.282979
  382 -0.000003 4.879311 0.000001 0.299183 -0.004531 0.036921
  383 0.000003 5.043324 -0.000002 0.243688 0.001208 -0.055324
  384 -0.196696 4.397290 -0.027146 0.213321 -0.019605 -0.282979
  385 -0.000003 4.879311 0.000001 0.299183 -0.004531 0.036921
  386 0.000003 5.043324 -0.000002 0.243688 0.001208 -0.055324
  387 -0.196689 4.397292 -0.027146 0.213321 -0.019605 -0.282980
  388 0.000000 0.000000 0.000000 -0.000000 0.000000 -0.000000
  389 -0.196694 4.397292 -0.027146 0.213321 -0.019604 -0.282979
  390 0.000000 0.000000 0.000000 0.000000 -0.000001 -0.000001
  391 -0.000003 4.879312 -0.000000 0.299184 -0.004530 0.036922
  392 0.000000 0.000000 0.000000 0.000000 -0.000000 -0.000000
  393 0.000002 5.043320 -0.000000 0.243688 0.001208 -0.055324
  394 0.000000 0.000000 0.000000 -0.000000 0.000000 -0.000000
  395 0.000004 10.325290 -0.000001 3.141593 0.093078 0.000000
  396 0.000000 0.000000 0.000000 -0.000000 -0.000000 -0.000000
  397 -0.000002 -0.000003 0.000002 -0.000000 0.000000 -0.000000
  398 -0.196696 4.397290 -0.027146 0.213321 -0.019605 -0.282979
  399 -0.986054 0.947619 1.368038 0.166521 -0.766158 -0.595879
  400 0.013617 5.495765 0.001419 0.036912 0.459751 -0.204800
  401 -0.000002 4.968779 0.000000 0.085453 -0.003073 0.030015
  402 0.000005 5.803463 -0.000002 0.070888 0.001678 -0.049315
  403 0.013617 5.495765 0.001419 0.036912 0.459751 -0.204800
  404 -0.000002 4.968779 0.000000 0.085453 -0.003073 0.030015
  405 0.000005 5.803464 -0.000002 0.070888 0.001678 -0.049315
  406 0.013630 5.495768 0.001415 0.036912 0.459751 -0.204801
  407 0.000000 0.000000 0.000000 0.000000 -0.000000 0.000000
  408 0.013619 5.495765 0.001418 0.036912 0.459751 -0.204801
  409 0.000000 0.000000 0.000000 -0.000000 0.000000 0.000000
  410 -0.000002 4.968781 0.000001 0.085453 -0.003073 0.030015
  411 0.000000 0.000000 0.000000 -0.000000 0.000000 0.000000
  412 0.000001 5.803464 0.000000 0.070888 0.001678 -0.049316
  413 0.000000 0.000000 0.000000 -0.000000 -0.000000 -0.000000
  414 0.000001 9.111458 0.000001 -3.141593 -0.806825 0.000000
  415 0.000003 -0.000004 -0.000002 0.000000 -0.000000 -0.000000
  416 -0.000003 -0.000002 -0.000001 0.000000 0.000000 -0.000000
  417 0.013617 5.495765 0.001419 0.036912 0.459751 -0.204800
  418 -2.510270 0.335972 0.022942 -0.704387 -0.728958 0.808876
  419 -2.510270 0.335972 0.022942 -0.704387 -0.728958 0.808876
  420 -2.510270 0.335972 0.022942 -0.704387 -0.728958 0.808876
  421 8.463112 -0.489837 -2.120322 1.542233 -0.000000 3.141593
  422 0.000000 0.000000 0.000000 0.000000 0.000000 0.000000
  423 -8.463111 -0.489839 -2.120322 1.542233 -0.000000 -3.141593
  424 0.000000 0.000000 0.000000 -0.000000 -0.000000 0.000000
  425 8.463112 -0.489837 -2.120322 1.542233 -0.000000 3.141593
  426 -8.463111 -0.489839 -2.120322 1.542233 -0.000000 -3.141593
  427 0.904460 6.782035 3.867493 -1.864174 -1.016617 0.688764
  428 -0.904459 6.782037 3.867494 -1.819675 1.502452 -0.158537
  429 0.000000 0.000000 -0.000000 -0.000000 -0.000000 -0.000000
  430 -2.384858 45.420403 15.540361 0.000000 -0.000000 1.570796
  431 -36.581078 -13.451036 12.707924 -0.488043 1.154348 -3.028101
  432 0.000000 0.000000 0.000000 -0.000000 0.000000 -0.000000
  433 -68.045197 15.880395 39.070396 0.636710 -0.367796 1.424856
  434 44.834442 -30.612484 20.528717 0.636716 0.964785 -2.018134
  435 -2.384865 -45.420403 15.540361 0.000000 -0.000000 1.570796
  436 39.340706 -15.530993 12.078545 -0.174683 -1.008617 2.762377
  437 -0.000011 0.000004 -0.000000 -0.000000 -0.000000 0.000000
  438 -67.903801 -12.970749 47.868797 0.815578 0.106285 1.721740
  439 -62.719574 -26.013700 -7.799838 0.636716 -0.964785 2.018134
  440 -0.483101 8.250682 -13.900933 0.000000 -0.000000 1.570796
  441 4.360191 -3.605510 -0.692878 -0.018761 0.000000 0.172585
  442 -0.000001 -6.475163 -8.877786 -0.000000 0.000000 0.000000
  443 0.000001 6.475163 8.877786 -0.000000 0.000000 0.000000
  444 -1.878121 12.014875 -0.599893 -0.000000 0.000000 0.000000
  445 3.953934 0.000001 -0.000002 0.000000 -0.000000 -0.000000
  446 -1.976972 0.000000 0.000000 -0.000000 0.000000 0.000000
  447 -0.098849 -12.014876 0.599888 -0.000000 -0.000000 -0.000000
  448 0.000001 6.475165 8.877787 -2.200961 0.000249 0.000341
  449 0.000001 0.000004 0.000002 -0.000000 0.000000 0.000000
  450 -0.000002 10.988307 -0.000000 2.200961 0.000422 0.000000
  451 0.000000 0.000000 0.000000 -0.060252 -0.000000 3.141593
  452 22.419199 11.150473 4.338291 -0.287236 -0.016096 1.631700
  453 1.961087 -0.448859 0.257714 -0.003597 -0.000000 0.000000
  454 -0.483102 -8.250682 -13.900933 0.000000 -0.000000 1.570796
  455 -5.201157 25.224455 -0.788673 0.020479 -0.043411 -0.412560
  456 0.000002 -6.475163 -8.877785 -0.000000 -0.000000 0.000000
  457 -0.000002 6.475163 8.877785 0.498556 0.119228 0.015898
  458 1.878115 12.014871 -0.599889 0.000000 0.127797 0.000000
  459 -3.953936 0.000008 -0.000006 0.000000 0.000000 -0.000000
  460 1.976968 -0.000001 -0.000003 -0.000000 0.000000 -0.000000
  461 0.098849 -12.014876 0.599888 0.496530 -0.008553 0.015785
  462 0.000001 6.475165 8.877785 -2.200961 -0.000249 -0.000341
  463 -0.000000 0.000005 0.000002 -0.000000 0.000000 -0.000000
  464 -0.000001 10.988306 -0.000001 1.704436 0.014083 0.010580
  465 0.000000 0.000000 0.000000 -0.060252 0.000000 3.141593
  466 23.423449 -5.318165 4.072699 -0.287236 -0.016096 1.631700
  467 -5.924033 1.355899 -0.778503 -0.003597 -0.000000 0.000000
  time 6
  0 0.000000 0.000000 -23.603888 0.000000 -0.000000 1.570796
  1 0.126391 21.052582 34.230076 1.530682 -0.020651 0.059516
  2 0.000001 10.999713 0.000000 -0.048318 -0.000000 -0.000000
  3 0.000000 6.753164 -0.000001 0.256383 -0.031899 -0.098178
  4 -0.000000 8.544812 0.000001 0.418774 -0.086641 -0.116909
  5 0.000004 9.518020 0.000002 -0.381783 0.092519 0.086948
  6 -0.000001 3.039646 -0.000002 0.193810 0.018913 0.003712
  7 0.000001 3.098960 0.000002 -0.116131 0.129699 0.067271
  8 28.428738 2.968155 58.449249 -0.437423 2.513153 -0.945046
  9 -22.507437 5.225742 51.748745 0.063848 -2.638685 0.818304
  10 10.850669 3.048474 23.637444 -3.125343 0.092182 0.093690
  11 -12.104850 7.253395 18.813362 3.053674 0.028699 0.026281
  12 -1.789155 0.000000 28.175615 0.000000 -0.000000 1.570796
  13 -0.000004 19.476849 -12.055153 -0.211698 -0.020651 0.059516
  14 0.000000 -1.769383 12.121016 0.000000 -0.000000 0.000000
  15 0.000001 -1.769383 12.121016 0.812708 0.241611 -0.058510
  16 0.000000 -1.769382 12.121012 -0.000000 0.000000 0.000000
  17 -0.000000 -0.000004 -0.000001 1.694062 -0.000000 -0.000000
  18 0.000000 -6.753165 -0.000001 -1.694062 0.000000 -0.000000
  19 -0.000000 0.000000 0.000000 1.742380 0.000000 -0.000000
  20 -0.000001 -10.999713 -0.000002 0.000000 0.000000 -0.000000
  21 0.000000 0.000000 0.000000 -0.000000 -0.000000 -0.000000
  22 0.000000 -0.000000 0.000000 -1.341552 -1.993774 0.192913
  23 0.000001 -0.000002 0.000001 -0.000000 0.000000 0.000000
  24 0.000000 -0.000000 0.000000 -1.341552 1.993774 -0.192913
  25 -0.000001 -0.000002 0.000001 -0.000000 -0.000000 -0.000000
  26 8.250684 -0.215597 2.184238 2.188720 0.028795 0.061966
  27 -0.000003 19.611298 0.000001 0.589605 -0.000000 -0.000000
  28 0.000001 15.977955 0.000002 -0.242011 -0.107589 0.042565
  29 -0.000054 10.983189 0.000272 0.880380 -3.141171 0.000000
  30 -1.873869 4.392866 10.061484 -0.000523 0.630166 -1.571104
  31 0.000000 0.000002 0.000002 -0.000000 0.000000 0.000000
  32 -0.000000 0.000000 -0.000000 0.000000 -0.000000 -0.000000
  33 -0.000000 0.000002 -0.000000 0.000000 0.000000 -0.000000
  34 0.000000 0.000000 0.000000 -0.000000 -0.000000 0.000000
  35 0.000000 7.988981 0.000002 0.000000 -0.056162 -0.000001
  36 0.000000 -0.000000 0.000000 0.000000 0.000205 0.000000
  37 0.000000 -0.000002 0.000001 -0.000000 -0.000000 0.000000
  38 0.000000 9.805650 0.000001 0.000000 -0.005966 0.000000
  39 0.000000 0.000000 0.000000 -0.000000 0.000000 -0.000000
  40 -8.250680 -0.215592 2.184242 2.578770 -0.041536 -0.292563
  41 0.000002 19.217516 0.000003 1.642369 0.000000 -0.000000
  42 0.000000 15.573000 0.000000 -1.080261 0.053454 -0.434864
  43 0.000415 10.986843 -0.000372 1.376904 -3.127510 0.010580
  44 1.873871 4.392862 10.061478 0.000523 2.511427 1.571105
  45 0.000000 0.000001 0.000002 -0.000000 0.000000 -0.000000
  46 0.000000 0.000000 0.000000 0.000000 -0.000000 -0.000000
  47 0.000001 0.000001 0.000001 0.000000 0.000000 -0.000000
  48 0.000000 0.000000 0.000000 -0.000000 0.000000 -0.000000
  49 0.000001 7.786502 0.000000 0.000000 0.144603 -0.000000
  50 0.000000 0.000000 0.000000 -0.000000 -0.000204 0.000000
  51 0.000001 -0.000003 -0.000002 -0.000000 -0.000000 -0.000000
  52 0.000002 9.608757 0.000002 0.000000 0.046194 -0.000000
  53 0.000000 0.000000 0.000000 -0.000000 -0.000000 0.000000
  54 8.250683 -0.215593 2.184240 2.903292 -0.000000 -0.000000
  55 8.250683 -0.215593 2.184238 -1.742379 0.000000 0.000000
  56 0.000000 0.000000 0.000000 -1.637514 -0.000000 -0.000000
  57 -0.000000 19.896322 -0.000002 0.140363 -0.000000 0.000000
  58 0.000002 16.264103 -0.000001 -0.703810 -0.000322 0.000273
  59 0.000000 0.000000 0.000000 -0.000000 -0.000000 -0.000000
  60 -0.000002 10.988298 -0.000000 0.880380 -3.141171 0.000000
  61 0.000000 0.000000 -0.000000 0.000000 -0.000000 0.000000
  62 0.000000 0.000002 0.000000 -2.089749 -0.066053 0.017667
  63 0.000000 0.000005 -0.000000 -0.263807 -0.000197 -0.000000
  64 -0.000001 19.611292 -0.000002 0.589605 -0.000000 -0.000000
  65 8.250684 -0.215597 2.184236 2.188413 0.035557 0.052445
  66 0.000000 0.000000 0.000000 -0.000000 -0.000000 0.000000
  67 8.250684 -0.215597 2.184236 2.188413 0.035557 0.052445
  68 -0.000000 9.805653 -0.000001 -0.000000 0.005708 0.000000
  69 0.000001 9.805651 -0.000000 0.589606 0.005965 -0.000000
  70 -0.000002 7.988975 0.000001 -0.000000 -0.055957 -0.000000
  71 -0.000001 7.988978 0.000001 -0.239604 -0.051681 0.042380
  72 0.000000 10.983207 0.000000 0.880404 -3.141171 -0.000005
  73 -8.250681 -0.215592 2.184242 2.903292 -0.000000 -0.000000
  74 -8.250680 -0.215592 2.184242 -1.742379 0.000000 0.000000
  75 0.000000 0.000000 0.000000 -1.637514 -0.000000 0.000000
  76 -0.000001 19.896324 0.000001 0.140363 0.000000 0.000000
  77 0.000002 16.264103 -0.000001 -0.703810 0.000322 -0.000273
  78 0.000000 0.000000 0.000000 -0.000000 -0.000000 -0.000000
  79 -0.000001 10.988298 0.000000 0.880380 3.141171 -0.000000
  80 0.000000 0.000000 -0.000000 0.000000 0.000000 -0.000000
  81 0.000000 -0.000000 -0.000000 -1.247083 0.283473 0.046065
  82 0.000000 0.000000 0.000000 -0.709110 0.037745 0.000000
  83 0.000003 19.217512 0.000006 1.642369 0.000000 -0.000000
  84 -8.250680 -0.215592 2.184242 2.575674 -0.107169 -0.250912
  85 0.000000 0.000000 0.000000 0.000000 -0.000000 0.000000
  86 -8.250680 -0.215592 2.184242 2.575674 -0.107169 -0.250912
  87 0.000000 9.608756 -0.000000 0.000000 -0.031473 -0.000000
  88 -0.000000 9.608760 -0.000001 1.642368 -0.046194 0.000000
  89 0.000000 7.786495 -0.000000 0.000000 0.144399 0.000000
  90 0.000001 7.786508 0.000001 -1.019452 -0.077555 -0.435618
  91 -0.000000 10.986862 -0.000001 1.376870 -3.127510 0.010618
  92 0.000000 -0.000000 0.000000 -0.048317 0.000000 -0.000000
  93 -0.000000 0.000000 -0.000000 -0.000000 0.000000 -0.000000
  94 -0.000001 -10.999713 -0.000002 -0.000000 -0.000000 -0.000000
  95 0.000001 -1.769382 12.121012 0.405187 0.114805 -0.054137
  96 0.000000 -0.000004 0.000001 1.538978 0.000000 0.000000
  97 -0.000000 -0.000000 0.000000 -0.047853 0.041699 0.048262
  98 0.000000 0.000000 0.000000 -0.155084 -0.000000 -0.000000
  99 0.000000 0.000000 0.000000 -0.000000 -0.000000 -0.000000
  100 0.000000 8.544817 0.000000 -1.127755 -0.050104 -0.116615
  101 0.000000 0.000000 0.000000 1.542233 0.000000 0.000000
  102 0.000002 9.518028 0.000001 -0.381783 0.092519 0.086948
  103 -0.000000 3.039638 -0.000000 0.193810 0.018913 0.003712
  104 0.000000 3.098967 -0.000001 -0.116131 0.129699 0.067271
  105 0.000002 9.518028 0.000001 -1.946503 0.092519 0.086948
  106 0.000000 0.000000 0.000000 1.662547 0.000000 0.000000
  107 -0.000001 6.109818 -0.000000 -2.066993 0.102276 0.075217
  108 0.000000 0.000000 0.000000 2.047728 -0.024253 0.031805
  109 0.000000 0.000000 0.000000 -0.097827 0.000000 0.000000
  110 0.000000 0.000000 0.000000 0.000000 0.000000 0.000000
  111 0.000001 3.025105 -0.296884 0.238724 0.017354 0.010223
  112 0.000000 0.000000 0.000000 0.095948 -0.000000 -0.000000
  113 0.000000 0.000000 -0.000000 0.000000 0.000000 0.000000
  114 -0.000000 -0.000000 0.000000 -0.000000 -0.000000 0.000000
  115 0.904457 6.782044 3.867484 -1.919312 -1.085634 0.712745
  116 0.010188 19.450798 -0.828337 -0.907342 1.150459 -2.304026
  117 -0.000001 19.454803 0.000003 1.382538 0.000000 0.000000
  118 0.000003 24.627249 0.000002 -1.298207 0.250279 0.584087
  119 0.000000 0.000000 0.000000 -0.000000 0.000001 0.000001
  120 0.000000 0.000000 0.000000 -0.000000 -0.000001 -0.000001
  121 -0.000001 0.000002 0.000000 -0.000000 -0.000000 -0.000000
  122 0.000000 -0.000002 -0.000001 0.000000 -0.000000 0.000000
  123 0.000002 12.313624 0.000000 -0.000000 -0.089214 -0.000000
  124 0.000000 -0.000002 -0.000001 -0.000000 0.001371 -0.000001
  125 0.000000 0.000000 0.000000 0.000000 -0.000000 0.000000
  126 0.000003 9.727402 0.000003 0.000000 -0.655227 -0.000000
  127 0.000000 0.000000 0.000000 -0.000000 -0.000000 -0.000000
  128 0.000001 0.000002 -0.000001 0.000000 0.000000 -0.000000
  129 0.010192 19.450798 -0.828335 -1.068311 -0.458283 0.722012
  130 0.010192 19.450798 -0.828335 0.041386 -0.124298 1.319061
  131 0.000000 0.000000 0.000000 -1.332781 0.484538 -2.373637
  132 0.000001 20.126827 0.000001 0.277335 0.000000 -0.000000
  133 -0.000004 25.356459 0.000001 0.198412 -0.005445 0.027074
  134 0.000000 0.000000 0.000000 0.000000 0.000000 0.000000
  135 0.000000 0.000000 0.000000 0.036935 -0.290960 2.755246
  136 -0.000001 -0.000004 -0.000002 -0.788054 1.343707 0.000001
  137 -0.000001 19.454802 0.000002 1.382538 0.000000 0.000000
  138 0.010188 19.450798 -0.828337 -0.330584 0.138103 -1.488512
  139 0.000000 0.000000 0.000000 -0.000000 -0.000000 -0.000000
  140 0.010188 19.450798 -0.828337 -0.330584 0.138102 -1.488512
  141 -0.000000 9.727395 0.000004 0.000001 0.501055 0.000001
  142 0.000001 9.727400 -0.000002 1.382537 0.655228 -0.000001
  143 0.000000 12.313618 -0.000001 0.000000 -0.087842 0.000000
  144 0.000001 12.313620 0.000001 -1.247166 0.323223 0.598537
  145 0.838804 0.695167 1.002011 -0.146529 0.831652 0.111056
  146 0.001036 6.246627 0.000685 0.057776 -0.287169 0.072685
  147 -0.000000 5.184051 0.000001 0.164100 -0.003807 0.022168
  148 -0.000000 5.576720 0.000001 0.041062 0.000643 -0.036172
  149 0.001036 6.246627 0.000685 0.057776 -0.287169 0.072685
  150 -0.000000 5.184051 0.000001 0.164100 -0.003807 0.022168
  151 -0.000000 5.576720 0.000001 0.041062 0.000643 -0.036172
  152 0.001032 6.246626 0.000684 0.057776 -0.287169 0.072685
  153 0.000000 0.000001 -0.000001 -0.000000 -0.000000 -0.000000
  154 0.001036 6.246627 0.000685 0.057776 -0.287169 0.072685
  155 0.000000 0.000000 0.000000 -0.000000 -0.000000 -0.000000
  156 0.000000 5.184049 0.000002 0.164100 -0.003807 0.022168
  157 0.000000 0.000000 0.000000 -0.000000 -0.000000 -0.000000
  158 0.000001 5.576720 0.000001 0.041062 0.000643 -0.036172
  159 0.000000 0.000000 0.000000 -0.000000 -0.000000 -0.000000
  160 -0.000002 9.158414 -0.000001 3.141592 0.324016 -0.000000
  161 0.000000 0.000000 0.000000 -0.000000 -0.000000 0.000000
  162 -0.000000 0.000001 0.000002 -0.000000 0.000000 -0.000000
  163 0.001036 6.246627 0.000685 0.057776 -0.287169 0.072685
  164 0.208221 1.308907 0.886643 -0.521837 0.710749 -0.438947
  165 -0.001614 4.939447 0.000940 0.177555 -0.296553 -0.038426
  166 0.000000 6.134690 0.000000 0.105364 -0.004722 0.048260
  167 -0.000000 5.142236 -0.000000 0.009587 0.000042 -0.073620
  168 -0.001614 4.939447 0.000940 0.177555 -0.296553 -0.038426
  169 0.000000 6.134690 0.000000 0.105364 -0.004722 0.048260
  170 -0.000000 5.142236 -0.000000 0.009587 0.000042 -0.073620
  171 -0.001618 4.939445 0.000940 0.177555 -0.296553 -0.038426
  172 -0.000001 0.000001 -0.000000 0.000000 -0.000000 -0.000000
  173 -0.000001 0.000001 -0.000000 0.000000 -0.000000 -0.000000
  174 -0.001614 4.939447 0.000940 0.177555 -0.296552 -0.038425
  175 0.000000 0.000000 0.000000 -0.000000 -0.000001 -0.000001
  176 0.000001 6.134690 0.000001 0.105364 -0.004721 0.048261
  177 0.000000 0.000000 0.000000 -0.000000 -0.000000 -0.000001
  178 -0.000001 5.142236 0.000000 0.009587 0.000043 -0.073619
  179 0.000000 0.000000 0.000000 0.000000 -0.000001 -0.000001
  180 0.000004 9.920081 -0.000005 3.141593 0.323205 0.000000
  181 0.000000 0.000000 0.000000 -0.000000 0.000000 -0.000000
  182 0.000003 0.000002 0.000000 -0.000000 -0.000000 0.000000
  183 -0.001614 4.939447 0.000940 0.177555 -0.296553 -0.038426
  184 -0.000001 0.000001 -0.000000 0.000000 -0.000000 -0.000000
  185 1.229545 0.555896 1.288361 -0.746848 0.623236 -0.695222
  186 0.004107 5.789321 0.000459 0.207022 -0.080209 -0.208698
  187 0.000000 5.046765 0.000000 0.143275 0.005800 -0.038570
  188 -0.000000 4.876211 0.000002 0.108412 -0.002099 0.057280
  189 0.004107 5.789321 0.000459 0.207022 -0.080209 -0.208698
  190 0.000001 5.046764 0.000000 0.143275 0.005800 -0.038570
  191 -0.000001 4.876212 0.000001 0.108412 -0.002099 0.057280
  192 0.004100 5.789323 0.000458 0.207022 -0.080209 -0.208698
  193 0.000000 0.000000 0.000000 -0.000000 -0.000000 0.000000
  194 0.000000 0.000000 0.000000 -0.000000 -0.000000 0.000000
  195 0.004107 5.789321 0.000459 0.207022 -0.080209 -0.208698
  196 0.000000 0.000000 0.000000 -0.000000 0.000000 0.000000
  197 -0.000001 5.046766 0.000001 0.143275 0.005800 -0.038571
  198 0.000000 0.000000 0.000000 -0.000000 0.000000 0.000000
  199 -0.000001 4.876212 0.000002 0.108412 -0.002099 0.057281
  200 0.000000 0.000000 0.000000 0.000000 -0.000001 -0.000000
  201 -0.000002 10.336263 0.000000 -3.141593 -0.095607 -0.000001
  202 -0.000001 0.000001 0.000001 -0.000000 -0.000000 0.000000
  203 0.000000 0.000000 0.000000 0.000000 -0.000000 0.000000
  204 0.004107 5.789321 0.000459 0.207022 -0.080209 -0.208698
  205 0.000000 0.000000 0.000000 -0.000000 -0.000000 0.000000
  206 2.510281 0.335970 0.022936 -0.704387 0.728957 -0.808876
  207 -0.009803 4.180977 -0.003584 0.204093 -0.003080 -0.542466
  208 -0.000000 4.945990 -0.000001 0.118426 0.001325 -0.011933
  209 0.000001 6.128853 -0.000000 0.166796 -0.001326 0.020280
  210 -0.009803 4.180977 -0.003584 0.204093 -0.003080 -0.542466
  211 -0.000000 4.945990 -0.000001 0.118426 0.001325 -0.011933
  212 0.000001 6.128853 -0.000000 0.166796 -0.001326 0.020280
  213 -0.009805 4.180975 -0.003587 0.204093 -0.003080 -0.542466
  214 0.000000 0.000000 -0.000000 -0.000000 -0.000000 -0.000000
  215 0.000000 0.000000 -0.000000 -0.000000 -0.000000 -0.000000
  216 -0.009803 4.180977 -0.003584 0.204093 -0.003081 -0.542467
  217 0.000000 0.000000 0.000000 -0.000000 0.000001 0.000001
  218 0.000000 4.945989 0.000000 0.118426 0.001324 -0.011934
  219 0.000000 0.000000 0.000000 -0.000000 0.000001 0.000001
  220 0.000002 6.128853 0.000000 0.166796 -0.001326 0.020280
  221 0.000000 0.000000 0.000000 0.000000 0.000000 0.000000
  222 0.000002 8.781748 0.000001 3.141593 -0.488190 0.000000
  223 0.000000 0.000000 0.000000 0.000000 0.000000 -0.000000
  224 0.000000 0.000000 0.000000 0.000000 0.000000 -0.000000
  225 -0.009803 4.180977 -0.003584 0.204093 -0.003080 -0.542466
  226 0.000000 0.000000 -0.000000 -0.000000 -0.000000 -0.000000
  227 0.777029 1.281750 1.958795 0.196515 0.598662 0.924076
  228 -0.006710 4.496926 0.000945 0.213321 0.019605 0.282980
  229 -0.000000 4.879312 0.000000 0.116138 0.004531 -0.036921
  230 0.000000 5.043317 0.000000 0.060642 -0.001208 0.055324
  231 -0.006710 4.496926 0.000945 0.213321 0.019605 0.282980
  232 -0.000000 4.879312 0.000000 0.116138 0.004531 -0.036921
  233 0.000000 5.043317 0.000000 0.060642 -0.001208 0.055324
  234 -0.006709 4.496928 0.000946 0.213321 0.019605 0.282979
  235 0.000000 0.000000 0.000000 -0.000000 -0.000000 0.000000
  236 -0.006710 4.496926 0.000945 0.213321 0.019605 0.282979
  237 0.000000 0.000000 0.000000 -0.000000 0.000000 0.000001
  238 -0.000001 4.879313 0.000001 0.116138 0.004531 -0.036921
  239 0.000000 0.000000 0.000000 0.000000 0.000000 0.000000
  240 -0.000000 5.043316 -0.000000 0.060642 -0.001208 0.055324
  241 0.000000 0.000000 0.000000 0.000000 0.000000 -0.000000
  242 0.000000 10.325288 0.000001 3.141592 -0.093079 -0.000000
  243 0.000000 0.000000 0.000000 0.000000 0.000000 -0.000000
  244 -0.000001 -0.000001 -0.000001 -0.000000 -0.000000 0.000000
  245 -0.006710 4.496926 0.000945 0.213321 0.019605 0.282980
  246 0.986052 0.947619 1.368039 0.166521 0.766159 0.595878
  247 0.005638 5.482955 -0.000818 0.036912 -0.459751 0.204801
  248 0.000000 4.968778 0.000002 0.109906 0.003073 -0.030016
  249 0.000000 5.803463 0.000000 0.095340 -0.001678 0.049316
  250 0.005638 5.482955 -0.000818 0.036912 -0.459751 0.204801
  251 0.000000 4.968778 0.000002 0.109906 0.003073 -0.030016
  252 0.000000 5.803463 0.000000 0.095340 -0.001678 0.049316
  253 0.005641 5.482955 -0.000816 0.036911 -0.459751 0.204801
  254 0.000000 0.000000 0.000000 -0.000000 -0.000000 -0.000000
  255 0.005638 5.482955 -0.000818 0.036911 -0.459751 0.204801
  256 0.000000 0.000000 0.000000 0.000000 -0.000000 -0.000000
  257 0.000000 4.968778 0.000001 0.109905 0.003073 -0.030015
  258 0.000000 0.000000 0.000000 0.000000 -0.000000 -0.000000
  259 0.000003 5.803463 0.000001 0.095341 -0.001678 0.049315
  260 0.000000 0.000000 0.000000 0.000000 -0.000000 -0.000000
  261 -0.000001 9.111448 -0.000001 3.141592 0.806825 -0.000001
  262 0.000001 0.000002 -0.000000 -0.000000 0.000000 0.000000
  263 0.000001 0.000002 0.000001 0.000000 0.000000 -0.000001
  264 0.005638 5.482955 -0.000818 0.036912 -0.459751 0.204801
  265 2.510274 0.335972 0.022940 -0.704387 0.728958 -0.808876
  266 2.510274 0.335972 0.022940 -0.704387 0.728958 -0.808876
  267 2.510274 0.335972 0.022940 -0.704387 0.728958 -0.808876
  268 -0.904459 6.782032 3.867490 -1.739826 1.484415 -0.070326
  269 -0.010185 19.450794 -0.828341 -0.544943 -0.910151 2.082730
  270 0.000009 19.573244 -0.000003 1.129779 -0.000000 -0.000000
  271 0.000007 24.771086 -0.000001 -0.796743 -0.506531 -0.694535
  272 0.000000 0.000000 0.000000 -0.000000 -0.000001 -0.000001
  273 0.000000 0.000000 0.000000 -0.000000 0.000001 0.000001
  274 0.000000 0.000003 0.000000 -0.000000 0.000000 0.000000
  275 -0.000001 -0.000001 0.000001 0.000000 -0.000000 -0.000000
  276 0.000002 12.385544 -0.000002 -0.000000 -0.098872 -0.000000
  277 -0.000001 -0.000001 0.000000 -0.000001 -0.001371 0.000000
  278 0.000000 0.000000 0.000000 -0.000000 0.000000 -0.000000
  279 -0.000000 9.786626 -0.000003 -0.000000 0.548449 -0.000000
  280 0.000000 0.000000 0.000000 -0.000000 0.000000 0.000001
  281 -0.000001 0.000002 -0.000000 0.000000 -0.000000 0.000000
  282 -0.010188 19.450796 -0.828331 -1.068311 0.458283 -0.722012
  283 -0.010190 19.450792 -0.828338 0.041386 0.124298 -1.319061
  284 0.000000 0.000000 0.000000 -1.332781 -0.484537 2.373637
  285 0.000005 20.126818 -0.000001 0.277335 -0.000000 -0.000000
  286 0.000002 25.356459 -0.000001 0.198412 0.005445 -0.027073
  287 0.000000 0.000000 0.000000 0.000000 -0.000000 -0.000000
  288 0.000000 0.000000 0.000000 0.139072 0.163038 -2.791913
  289 -0.000002 -0.000005 -0.000003 -0.639042 -0.972308 -0.000000
  290 0.000008 19.573236 -0.000003 1.129779 -0.000000 -0.000000
  291 -0.010185 19.450794 -0.828341 -0.323809 0.024415 1.628131
  292 0.000000 0.000000 0.000000 -0.000000 0.000000 0.000000
  293 -0.010185 19.450794 -0.828341 -0.323809 0.024415 1.628131
  294 -0.000000 9.786625 -0.000003 0.000001 -0.461547 -0.000001
  295 -0.000002 9.786612 0.000003 1.129778 -0.548449 0.000001
  296 -0.000003 12.385542 0.000003 0.000000 -0.100243 -0.000000
  297 0.000001 12.385540 0.000004 -0.867217 -0.428463 -0.662740
  298 -0.838806 0.695165 1.002009 -0.146528 -0.831651 -0.111056
  299 -0.023905 6.188762 0.000575 0.057776 0.287169 -0.072685
  300 0.000000 5.184051 0.000002 0.281560 0.003807 -0.022167
  301 -0.000000 5.576716 -0.000000 0.158522 -0.000643 0.036172
  302 -0.023905 6.188763 0.000574 0.057776 0.287169 -0.072685
  303 -0.000000 5.184052 0.000001 0.281560 0.003807 -0.022167
  304 -0.000000 5.576716 -0.000000 0.158522 -0.000643 0.036172
  305 -0.023901 6.188761 0.000575 0.057776 0.287169 -0.072685
  306 -0.000000 0.000000 -0.000000 -0.000000 0.000000 0.000000
  307 -0.023905 6.188761 0.000576 0.057776 0.287169 -0.072685
  308 0.000000 0.000000 0.000000 0.000000 0.000000 0.000000
  309 0.000002 5.184051 0.000000 0.281560 0.003807 -0.022168
  310 0.000000 0.000000 0.000000 0.000000 0.000001 0.000000
  311 -0.000002 5.576717 0.000001 0.158522 -0.000643 0.036172
  312 0.000000 0.000000 0.000000 0.000000 0.000000 0.000000
  313 0.000001 9.158417 0.000005 -3.141593 -0.324016 0.000001
  314 0.000000 -0.000002 0.000001 0.000001 -0.000000 0.000000
  315 -0.000004 -0.000000 0.000000 0.000000 -0.000000 0.000000
  316 -0.023905 6.188762 0.000576 0.057776 0.287169 -0.072685
  317 -0.208220 1.308910 0.886646 -0.521837 -0.710749 0.438947
  318 -0.001228 4.945742 -0.001962 0.177555 0.296553 0.038426
  319 0.000004 6.134686 -0.000002 0.083464 0.004722 -0.048260
  320 -0.000001 5.142233 -0.000001 -0.012312 -0.000042 0.073619
  321 -0.001228 4.945742 -0.001962 0.177555 0.296553 0.038426
  322 0.000004 6.134686 -0.000002 0.083464 0.004722 -0.048260
  323 -0.000001 5.142233 -0.000001 -0.012312 -0.000042 0.073619
  324 -0.001226 4.945739 -0.001967 0.177555 0.296553 0.038426
  325 0.000000 0.000001 0.000000 0.000000 0.000000 0.000000
  326 0.000000 0.000001 0.000000 0.000000 0.000000 0.000000
  327 -0.001229 4.945741 -0.001963 0.177555 0.296552 0.038425
  328 0.000000 0.000000 0.000000 -0.000000 0.000001 0.000001
  329 0.000000 6.134689 -0.000003 0.083464 0.004721 -0.048261
  330 0.000000 0.000000 0.000000 -0.000000 0.000001 0.000001
  331 -0.000000 5.142235 -0.000000 -0.012313 -0.000043 0.073619
  332 0.000000 0.000000 0.000000 -0.000000 0.000001 0.000001
  333 -0.000002 9.920083 0.000002 3.141593 -0.323204 -0.000000
  334 0.000000 0.000000 0.000000 0.000000 -0.000000 0.000000
  335 -0.000000 -0.000001 -0.000002 0.000000 -0.000000 0.000000
  336 -0.001228 4.945742 -0.001962 0.177555 0.296553 0.038426
  337 0.000000 0.000001 0.000000 0.000000 0.000000 0.000000
  338 -1.229535 0.555891 1.288359 -0.746847 -0.623235 0.695221
  339 0.083357 5.738179 -0.010069 0.207022 0.080209 0.208697
  340 0.000002 5.046761 -0.000000 0.260734 -0.005800 0.038571
  341 -0.000003 4.876212 -0.000002 0.225871 0.002099 -0.057280
  342 0.083357 5.738179 -0.010069 0.207022 0.080209 0.208697
  343 0.000002 5.046761 -0.000000 0.260734 -0.005800 0.038571
  344 -0.000003 4.876212 -0.000002 0.225871 0.002099 -0.057280
  345 0.083357 5.738179 -0.010069 0.207022 0.080209 0.208698
  346 0.000000 0.000000 0.000000 -0.000000 -0.000000 -0.000000
  347 0.000000 0.000000 0.000000 -0.000000 -0.000000 -0.000000
  348 0.083357 5.738179 -0.010069 0.207022 0.080209 0.208698
  349 0.000000 0.000000 0.000000 0.000000 -0.000000 0.000000
  350 0.000004 5.046764 0.000001 0.260735 -0.005800 0.038571
  351 0.000000 0.000000 0.000000 -0.000000 -0.000000 -0.000000
  352 -0.000001 4.876214 -0.000001 0.225871 0.002099 -0.057281
  353 0.000000 0.000000 0.000000 0.000000 0.000001 0.000000
  354 -0.000003 10.336267 0.000001 -3.141592 0.095607 0.000001
  355 0.000000 0.000000 -0.000001 0.000000 0.000000 0.000000
  356 0.000000 0.000000 0.000000 -0.000000 0.000000 0.000000
  357 0.083357 5.738179 -0.010069 0.207022 0.080209 0.208697
  358 0.000000 0.000000 0.000000 -0.000000 -0.000000 -0.000000
  359 -2.510274 0.335972 0.022940 -0.704386 -0.728958 0.808876
  360 -0.015455 4.184525 0.005576 0.204093 0.003080 0.542466
  361 0.000000 4.945986 0.000000 0.096526 -0.001324 0.011934
  362 0.000000 6.128850 0.000000 0.144896 0.001326 -0.020281
  363 -0.015455 4.184525 0.005576 0.204093 0.003080 0.542466
  364 0.000000 4.945986 0.000000 0.096526 -0.001324 0.011934
  365 0.000000 6.128850 0.000000 0.144896 0.001326 -0.020281
  366 -0.015454 4.184526 0.005577 0.204093 0.003080 0.542466
  367 0.000000 0.000000 -0.000000 0.000000 0.000000 -0.000000
  368 0.000000 0.000000 -0.000000 0.000000 0.000000 -0.000000
  369 -0.015455 4.184525 0.005576 0.204093 0.003081 0.542467
  370 0.000000 0.000000 0.000000 -0.000000 -0.000001 -0.000001
  371 0.000001 4.945986 0.000001 0.096527 -0.001324 0.011934
  372 0.000000 0.000000 0.000000 0.000000 -0.000001 -0.000001
  373 -0.000001 6.128851 -0.000001 0.144896 0.001326 -0.020280
  374 0.000000 0.000000 0.000000 -0.000000 -0.000000 -0.000000
  375 0.000001 8.781750 -0.000001 3.141593 0.488191 -0.000000
  376 0.000002 0.000001 0.000001 0.000000 -0.000000 -0.000000
  377 0.000000 0.000000 0.000000 -0.000000 0.000000 0.000000
  378 -0.015455 4.184525 0.005576 0.204093 0.003080 0.542466
  379 0.000000 0.000000 -0.000000 0.000000 0.000000 -0.000000
  380 -0.777033 1.281751 1.958794 0.196514 -0.598662 -0.924076
  381 -0.123866 4.432886 -0.017097 0.213321 -0.019605 -0.282979
  382 0.000001 4.879310 -0.000001 0.233598 -0.004531 0.036922
  383 0.000000 5.043315 0.000000 0.178101 0.001208 -0.055324
  384 -0.123866 4.432886 -0.017097 0.213321 -0.019605 -0.282979
  385 0.000001 4.879310 -0.000001 0.233598 -0.004531 0.036922
  386 0.000000 5.043315 0.000000 0.178101 0.001208 -0.055325
  387 -0.123862 4.432886 -0.017096 0.213321 -0.019605 -0.282979
  388 0.000000 0.000000 0.000000 0.000000 0.000000 0.000000
  389 -0.123866 4.432885 -0.017097 0.213321 -0.019605 -0.282979
  390 0.000000 0.000000 0.000000 -0.000000 -0.000001 -0.000001
  391 -0.000000 4.879311 -0.000000 0.233597 -0.004530 0.036922
  392 0.000000 0.000000 0.000000 0.000000 -0.000000 -0.000000
  393 -0.000002 5.043316 0.000002 0.178102 0.001208 -0.055324
  394 0.000000 0.000000 0.000000 0.000000 -0.000000 -0.000000
  395 0.000003 10.325292 0.000001 3.141592 0.093079 0.000000
  396 0.000000 0.000000 0.000000 -0.000000 0.000000 -0.000000
  397 0.000000 0.000000 0.000000 0.000000 0.000000 0.000000
  398 -0.123866 4.432886 -0.017097 0.213321 -0.019605 -0.282979
  399 -0.986057 0.947620 1.368036 0.166521 -0.766159 -0.595878
  400 0.011532 5.494356 0.001195 0.036912 0.459751 -0.204801
  401 -0.000000 4.968778 0.000000 0.088005 -0.003073 0.030015
  402 0.000002 5.803460 -0.000002 0.073440 0.001678 -0.049315
  403 0.011532 5.494356 0.001195 0.036912 0.459751 -0.204801
  404 -0.000000 4.968778 0.000000 0.088005 -0.003073 0.030015
  405 0.000002 5.803460 -0.000002 0.073440 0.001678 -0.049315
  406 0.011532 5.494356 0.001195 0.036912 0.459751 -0.204801
  407 0.000000 0.000000 0.000000 -0.000000 0.000000 -0.000000
  408 0.011532 5.494356 0.001195 0.036912 0.459751 -0.204801
  409 0.000000 0.000000 0.000000 -0.000000 0.000000 0.000000
  410 -0.000001 4.968779 -0.000000 0.088005 -0.003073 0.030015
  411 0.000000 0.000000 0.000000 -0.000000 0.000000 0.000000
  412 0.000002 5.803462 0.000001 0.073440 0.001678 -0.049316
  413 0.000000 0.000000 0.000000 -0.000000 -0.000000 -0.000000
  414 0.000002 9.111459 0.000001 3.141592 -0.806825 0.000001
  415 0.000002 -0.000003 -0.000001 0.000000 -0.000000 -0.000000
  416 0.000000 0.000000 0.000000 0.000000 -0.000000 -0.000000
  417 0.011532 5.494356 0.001195 0.036912 0.459751 -0.204801
  418 -2.510270 0.335972 0.022942 -0.704386 -0.728958 0.808876
  419 -2.510270 0.335972 0.022942 -0.704386 -0.728958 0.808876
  420 -2.510270 0.335972 0.022942 -0.704386 -0.728958 0.808876
  421 8.463114 -0.489837 -2.120325 1.542233 0.000000 3.141593
  422 0.000000 0.000000 0.000000 -0.000000 -0.000000 -0.000000
  423 -8.463114 -0.489833 -2.120327 1.542233 0.000000 -3.141593
  424 0.000000 0.000000 0.000000 0.000000 0.000000 0.000000
  425 8.463114 -0.489837 -2.120325 1.542233 0.000000 3.141593
  426 -8.463114 -0.489833 -2.120327 1.542233 0.000000 -3.141593
  427 0.904457 6.782044 3.867484 -1.919312 -1.085634 0.712745
  428 -0.904461 6.782039 3.867486 -1.739826 1.484415 -0.070326
  429 0.000000 0.000000 -0.000000 0.000000 0.000000 -0.000000
  430 -2.384858 45.420403 15.540361 0.000000 -0.000000 1.570796
  431 -36.581078 -13.451036 14.230804 -0.488043 1.154348 -3.028101
  432 0.000003 -0.000002 -0.000003 0.000000 0.000000 -0.000000
  433 -66.265793 17.664141 27.561827 0.422054 -0.331321 1.456434
  434 42.803333 -24.056679 19.052208 0.636716 0.964785 -2.018134
  435 -2.384865 -45.420403 15.540361 0.000000 -0.000000 1.570796
  436 39.340706 -15.530993 10.118614 -0.174683 -1.008617 2.762377
  437 -0.000007 0.000002 -0.000004 0.000000 -0.000000 -0.000000
  438 -68.730499 -12.000488 36.219589 0.604502 0.138322 1.677349
  439 -59.367275 -22.693441 -8.786385 0.636717 -0.964785 2.018134
  440 -0.483101 8.250682 -13.900933 0.000000 -0.000000 1.570796
  441 4.360191 -3.605510 -0.692878 -0.018761 0.000000 0.172585
  442 -0.000001 -6.475163 -8.877786 -0.000000 0.000000 0.000000
  443 0.000001 6.475163 8.877786 -0.000000 0.000000 0.000000
  444 -1.878121 12.014875 -0.599893 -0.000000 0.000000 0.000000
  445 3.953934 0.000001 -0.000002 0.000000 -0.000000 -0.000000
  446 -1.976972 0.000000 0.000000 -0.000000 0.000000 0.000000
  447 -0.098849 -12.014876 0.599888 -0.000000 -0.000000 -0.000000
  448 0.000001 6.475165 8.877787 -2.200961 0.000249 0.000341
  449 -0.000002 0.000001 0.000000 -0.000000 0.000000 -0.000000
  450 -0.000002 10.988307 -0.000000 2.200961 0.000422 0.000000
  451 0.000000 0.000000 0.000000 -0.060252 -0.000000 3.141593
  452 21.265440 11.150466 -0.752630 -0.211698 -0.020651 1.630312
  453 1.961087 -0.448860 0.257715 -0.003598 -0.000000 -0.000000
  454 -0.483102 -8.250682 -13.900933 0.000000 -0.000000 1.570796
  455 -5.201157 25.224455 -0.788673 0.020479 -0.043411 -0.412560
  456 0.000002 -6.475163 -8.877785 -0.000000 -0.000000 0.000000
  457 -0.000002 6.475163 8.877785 0.498556 0.119228 0.015898
  458 1.878115 12.014871 -0.599889 0.000000 0.127797 0.000000
  459 -3.953936 0.000008 -0.000006 0.000000 0.000000 -0.000000
  460 1.976968 -0.000001 -0.000003 -0.000000 0.000000 -0.000000
  461 0.098849 -12.014876 0.599888 0.496530 -0.008553 0.015785
  462 0.000001 6.475165 8.877785 -2.200961 -0.000249 -0.000341
  463 -0.000001 -0.000000 0.000004 -0.000000 0.000000 -0.000000
  464 0.000000 10.988305 -0.000001 1.704436 0.014083 0.010580
  465 0.000000 0.000000 0.000000 -0.060252 0.000000 3.141593
  466 22.246742 -5.318170 -1.093376 -0.211698 -0.020651 1.630312
  467 -5.924032 1.355899 -0.778502 -0.003598 -0.000000 -0.000000
  time 7
  0 0.000000 0.000000 -23.603888 0.000000 -0.000000 1.570796
  1 0.126392 20.637878 36.089592 1.455143 -0.016096 0.060904
  2 0.000000 10.999706 0.000001 -0.048317 -0.000000 0.000000
  3 0.000000 6.753156 0.000002 0.399389 -0.018856 -0.100634
  4 -0.000001 8.544823 0.000001 0.560871 -0.060168 -0.118776
  5 0.000002 9.518026 0.000005 -0.525972 0.087493 0.085409
  6 -0.000000 3.039635 -0.000001 0.193827 0.022831 0.004481
  7 -0.000000 3.098962 -0.000001 -0.240267 0.127380 0.057791
  8 29.440125 1.068015 57.594513 -0.467567 2.587301 -1.006309
  9 -23.131113 4.660563 53.101261 -0.059580 -2.574793 0.817292
  10 10.858170 4.423661 23.115528 2.950726 0.081945 0.067640
  11 -12.261711 8.023281 20.079697 2.937158 0.031336 0.025506
  12 -1.789155 0.000000 28.175615 0.000000 -0.000000 1.570796
  13 -0.000004 19.476849 -10.227501 -0.287236 -0.016096 0.060904
  14 0.000000 -1.769382 12.121010 0.000000 0.000000 -0.000000
  15 0.000001 -1.769382 12.121010 1.108406 0.235085 0.000568
  16 0.000000 -1.769382 12.121010 0.000000 0.000000 0.000000
  17 -0.000000 -0.000004 -0.000001 1.694062 -0.000000 0.000000
  18 0.000000 -6.753157 -0.000001 -1.694062 -0.000000 -0.000000
  19 -0.000000 0.000000 0.000000 1.742380 0.000000 -0.000000
  20 -0.000000 -10.999709 -0.000000 -0.000000 0.000000 0.000000
  21 0.000000 0.000000 0.000000 -0.000000 0.000000 0.000000
  22 0.000000 -0.000000 0.000000 -1.341552 -1.993774 0.192913
  23 0.000001 -0.000002 0.000001 -0.000000 0.000000 -0.000000
  24 0.000000 -0.000000 0.000000 -1.341552 1.993774 -0.192913
  25 -0.000001 -0.000002 0.000001 -0.000000 -0.000000 0.000000
  26 8.250685 -0.215606 2.184243 2.420245 0.029618 0.059356
  27 -0.000004 19.732594 0.000004 0.341853 -0.000000 -0.000000
  28 -0.000005 16.100031 0.000005 -0.149962 -0.100759 0.026963
  29 -0.000068 10.981007 0.000162 0.880380 -3.141171 0.000000
  30 -1.873868 4.392865 10.061483 -0.000523 0.630166 -1.571104
  31 0.000000 0.000001 0.000002 -0.000000 -0.000000 -0.000000
  32 -0.000000 0.000000 -0.000000 0.000000 0.000000 0.000000
  33 -0.000000 0.000002 0.000000 0.000000 -0.000000 0.000000
  34 0.000000 0.000000 0.000000 0.000000 -0.000000 0.000000
  35 -0.000003 8.050018 0.000003 0.000000 -0.051315 0.000000
  36 0.000000 -0.000000 0.000000 -0.000000 0.000204 0.000000
  37 0.000001 -0.000004 0.000004 0.000000 0.000000 -0.000000
  38 -0.000002 9.866299 0.000004 0.000000 -0.000588 0.000000
  39 0.000000 0.000000 0.000000 -0.000000 0.000000 -0.000000
  40 -8.250679 -0.215595 2.184241 2.726395 -0.048418 -0.274795
  41 0.000002 19.238213 0.000000 1.476609 0.000000 -0.000000
  42 0.000002 15.595697 -0.000004 -0.998113 0.091808 -0.397798
  43 0.000255 10.987275 -0.000260 1.376904 -3.127510 0.010580
  44 1.873871 4.392863 10.061478 0.000523 2.511427 1.571105
  45 0.000000 0.000002 0.000002 -0.000000 0.000000 0.000000
  46 0.000000 0.000000 0.000000 0.000000 -0.000000 -0.000000
  47 -0.000000 0.000001 0.000001 -0.000000 0.000000 -0.000000
  48 0.000000 0.000000 0.000000 -0.000000 0.000000 -0.000000
  49 0.000001 7.797850 -0.000003 -0.000000 0.143479 -0.000000
  50 0.000000 0.000000 0.000000 0.000000 -0.000205 -0.000000
  51 0.000002 -0.000000 -0.000000 -0.000000 0.000000 -0.000000
  52 0.000001 9.619107 0.000002 0.000000 0.024757 -0.000000
  53 0.000000 0.000000 0.000000 -0.000000 -0.000000 0.000000
  54 8.250683 -0.215594 2.184239 2.903292 -0.000000 -0.000000
  55 8.250684 -0.215598 2.184238 -1.742379 0.000000 0.000000
  56 0.000000 0.000000 0.000000 -1.637513 0.000000 -0.000000
  57 0.000002 19.896322 -0.000002 0.140363 -0.000000 0.000000
  58 0.000004 16.264103 -0.000002 -0.703810 -0.000322 0.000273
  59 0.000000 0.000000 0.000000 -0.000000 -0.000000 -0.000000
  60 -0.000002 10.988296 0.000000 0.880380 -3.141170 0.000000
  61 0.000000 0.000001 -0.000000 0.000000 -0.000000 0.000000
  62 0.000001 -0.000000 -0.000000 -1.968252 -0.065909 0.013401
  63 -0.000001 0.000007 -0.000002 -0.153426 -0.006162 -0.000000
  64 -0.000004 19.732588 0.000007 0.341853 -0.000000 -0.000000
  65 8.250685 -0.215606 2.184243 2.420223 0.030494 0.058585
  66 0.000000 -0.000001 0.000001 0.000000 0.000000 -0.000000
  67 8.250686 -0.215606 2.184239 2.420223 0.030494 0.058585
  68 -0.000000 9.866301 0.000000 -0.000000 0.000579 0.000000
  69 -0.000000 9.866296 0.000000 0.341853 0.000587 -0.000000
  70 -0.000000 8.050009 -0.000001 -0.000000 -0.051110 0.000000
  71 0.000001 8.050014 -0.000001 -0.148569 -0.049666 0.026865
  72 0.000000 10.981027 0.000001 0.880394 -3.141171 -0.000006
  73 -8.250682 -0.215595 2.184241 2.903292 -0.000000 -0.000000
  74 -8.250682 -0.215595 2.184241 -1.742379 0.000000 0.000000
  75 0.000000 0.000000 0.000000 -1.637513 -0.000000 0.000000
  76 -0.000002 19.896326 0.000000 0.140363 0.000000 0.000000
  77 0.000004 16.264101 -0.000002 -0.703810 0.000322 -0.000273
  78 0.000000 0.000000 0.000000 -0.000000 -0.000000 -0.000000
  79 0.000001 10.988297 0.000001 0.880380 3.141171 -0.000000
  80 0.000000 0.000001 -0.000000 -0.000000 0.000000 -0.000000
  81 0.000000 0.000000 0.000000 -1.163512 0.256771 0.052822
  82 0.000002 -0.000000 -0.000000 -0.643429 0.056845 0.000000
  83 0.000002 19.238211 0.000003 1.476609 0.000000 -0.000000
  84 -8.250679 -0.215595 2.184241 2.725208 -0.087818 -0.257360
  85 0.000000 0.000000 0.000000 -0.000000 0.000000 0.000000
  86 -8.250679 -0.215595 2.184241 2.725209 -0.087818 -0.257360
  87 0.000000 9.619107 0.000001 -0.000000 -0.018311 0.000000
  88 0.000001 9.619105 -0.000001 1.476608 -0.024757 -0.000000
  89 -0.000001 7.797846 -0.000000 -0.000000 0.143274 -0.000000
  90 -0.000000 7.797851 0.000001 -0.942749 -0.040371 -0.396383
  91 0.000001 10.987293 -0.000003 1.376881 -3.127510 0.010604
  92 0.000000 -0.000000 0.000000 -0.048317 0.000000 -0.000000
  93 -0.000000 0.000000 -0.000000 -0.000000 0.000000 0.000000
  94 -0.000000 -10.999709 -0.000000 -0.000000 0.000000 0.000000
  95 0.000000 -1.769382 12.121010 0.550233 0.117556 -0.033417
  96 -0.000000 -0.000004 0.000001 1.538978 0.000000 -0.000000
  97 -0.000000 -0.000000 0.000000 -0.119836 0.037702 0.048831
  98 0.000000 0.000000 0.000000 -0.155084 -0.000000 0.000000
  99 0.000000 0.000000 0.000000 -0.000000 0.000000 -0.000000
  100 -0.000001 8.544824 0.000000 -0.985031 -0.029437 -0.118611
  101 0.000000 0.000000 0.000000 1.542233 0.000000 0.000000
  102 0.000000 9.518033 0.000003 -0.525971 0.087493 0.085409
  103 -0.000000 3.039635 0.000000 0.193827 0.022831 0.004481
  104 -0.000000 3.098962 -0.000001 -0.240267 0.127380 0.057791
  105 0.000000 9.518033 0.000003 -2.090692 0.087493 0.085409
  106 0.000000 0.000000 0.000000 1.662547 0.000000 0.000000
  107 0.000001 6.109809 0.000003 -2.211135 0.097102 0.074295
  108 0.000000 0.000000 0.000000 2.068756 -0.026577 0.039136
  109 0.000000 0.000000 0.000000 -0.097827 0.000000 -0.000000
  110 0.000000 0.000000 0.000000 0.000001 -0.000000 -0.000000
  111 0.000001 3.025102 -0.296884 0.249320 0.021228 0.010843
  112 0.000000 0.000000 0.000000 0.095948 0.000000 0.000000
  113 0.000000 0.000000 -0.000000 0.000000 -0.000000 -0.000000
  114 -0.000000 -0.000000 0.000000 0.000000 0.000000 0.000000
  115 0.904460 6.782035 3.867493 -1.997936 -1.168432 0.759040
  116 0.010193 19.450800 -0.828336 -0.527588 1.284818 -1.807496
  117 -0.000002 19.428633 0.000000 1.473519 0.000000 -0.000000
  118 0.000000 24.590216 0.000002 -1.345290 0.289897 0.640836
  119 0.000000 0.000000 0.000000 -0.000000 0.000001 0.000001
  120 0.000000 0.000000 0.000000 -0.000000 -0.000001 -0.000001
  121 -0.000001 0.000002 -0.000000 -0.000000 -0.000000 -0.000000
  122 0.000000 -0.000002 -0.000000 0.000000 -0.000000 0.000000
  123 0.000000 12.295109 0.000000 -0.000000 -0.101837 0.000000
  124 0.000001 -0.000000 0.000001 -0.000001 0.001371 -0.000001
  125 -0.000001 0.000001 0.000000 -0.000000 -0.000000 0.000000
  126 -0.000002 9.714317 0.000002 -0.000000 -0.560618 0.000000
  127 0.000000 0.000000 0.000000 -0.000000 -0.000000 -0.000000
  128 0.000000 0.000002 -0.000000 0.000000 0.000000 -0.000000
  129 0.010193 19.450796 -0.828334 -1.068311 -0.458283 0.722012
  130 0.010193 19.450798 -0.828335 0.041386 -0.124298 1.319061
  131 0.000000 0.000000 0.000000 -1.332781 0.484537 -2.373637
  132 0.000001 20.126818 -0.000000 0.277335 0.000000 0.000000
  133 0.000005 25.356462 0.000004 0.198412 -0.005445 0.027073
  134 0.000000 0.000000 0.000000 -0.000000 0.000000 0.000000
  135 0.000002 0.000000 -0.000001 0.162713 -0.095253 2.848859
  136 0.000001 -0.000002 -0.000001 -0.842724 1.286072 0.000001
  137 0.000000 19.428629 -0.000004 1.473518 0.000000 -0.000000
  138 0.010194 19.450800 -0.828335 -0.151491 0.344976 -1.349336
  139 0.000000 0.000000 0.000000 -0.000000 -0.000000 -0.000000
  140 0.010194 19.450800 -0.828335 -0.151491 0.344976 -1.349336
  141 0.000004 9.714313 -0.000002 -0.000000 0.412728 -0.000000
  142 0.000001 9.714314 -0.000001 1.473518 0.560618 -0.000001
  143 0.000000 12.295107 0.000000 0.000000 -0.100465 0.000000
  144 -0.000002 12.295099 0.000001 -1.280933 0.369828 0.661706
  145 0.838800 0.695165 1.002011 -0.146529 0.831652 0.111055
  146 0.000486 6.246516 0.000517 0.057776 -0.287169 0.072685
  147 -0.000000 5.184052 0.000001 0.164220 -0.003807 0.022167
  148 0.000000 5.576723 -0.000001 0.041183 0.000643 -0.036171
  149 0.000486 6.246516 0.000517 0.057776 -0.287169 0.072685
  150 -0.000000 5.184052 0.000001 0.164220 -0.003807 0.022167
  151 0.000000 5.576723 -0.000001 0.041183 0.000643 -0.036171
  152 0.000471 6.246518 0.000512 0.057776 -0.287169 0.072685
  153 0.000000 0.000001 -0.000001 0.000000 -0.000000 0.000000
  154 0.000486 6.246516 0.000517 0.057776 -0.287169 0.072685
  155 0.000000 0.000000 0.000000 -0.000000 -0.000000 0.000000
  156 -0.000000 5.184051 0.000003 0.164221 -0.003806 0.022168
  157 0.000000 0.000000 0.000000 0.000000 -0.000001 -0.000000
  158 0.000003 5.576722 0.000000 0.041183 0.000643 -0.036172
  159 0.000000 0.000000 0.000000 0.000000 -0.000000 -0.000000
  160 -0.000001 9.158411 0.000000 3.141592 0.324016 -0.000001
  161 0.000004 0.000000 0.000001 -0.000000 0.000000 0.000000
  162 -0.000000 0.000001 0.000002 -0.000000 -0.000000 -0.000001
  163 0.000486 6.246516 0.000517 0.057776 -0.287169 0.072685
  164 0.208227 1.308913 0.886640 -0.521837 0.710749 -0.438947
  165 -0.000939 4.940418 0.000545 0.177555 -0.296553 -0.038426
  166 0.000000 6.134691 0.000001 0.102028 -0.004721 0.048261
  167 -0.000001 5.142238 0.000000 0.006252 0.000042 -0.073620
  168 -0.000939 4.940418 0.000545 0.177555 -0.296553 -0.038426
  169 0.000000 6.134691 0.000001 0.102028 -0.004721 0.048261
  170 -0.000001 5.142238 0.000000 0.006252 0.000042 -0.073620
  171 -0.000937 4.940417 0.000543 0.177555 -0.296553 -0.038426
  172 -0.000001 0.000002 0.000000 0.000000 -0.000000 0.000000
  173 -0.000001 0.000002 0.000000 0.000000 -0.000000 0.000000
  174 -0.000939 4.940418 0.000545 0.177555 -0.296552 -0.038425
  175 0.000000 0.000000 0.000000 -0.000000 -0.000001 -0.000001
  176 0.000001 6.134693 0.000003 0.102029 -0.004721 0.048261
  177 0.000000 0.000000 0.000000 -0.000000 -0.000001 -0.000000
  178 -0.000001 5.142236 -0.000000 0.006252 0.000043 -0.073619
  179 0.000000 0.000000 0.000000 -0.000000 -0.000001 -0.000001
  180 0.000004 9.920082 0.000000 -3.141593 0.323205 0.000000
  181 0.000000 0.000000 0.000000 -0.000000 0.000000 -0.000000
  182 0.000000 0.000000 0.000000 -0.000000 0.000000 0.000000
  183 -0.000939 4.940418 0.000545 0.177555 -0.296553 -0.038426
  184 -0.000001 0.000002 0.000000 0.000000 -0.000000 0.000000
  185 1.229547 0.555899 1.288357 -0.746848 0.623236 -0.695222
  186 0.004017 5.789271 0.000450 0.207022 -0.080209 -0.208698
  187 -0.000000 5.046766 -0.000000 0.143396 0.005800 -0.038571
  188 0.000000 4.876213 0.000000 0.108532 -0.002099 0.057281
  189 0.004017 5.789271 0.000450 0.207022 -0.080209 -0.208698
  190 0.000000 5.046765 -0.000000 0.143396 0.005800 -0.038571
  191 0.000000 4.876213 0.000001 0.108532 -0.002099 0.057281
  192 0.004016 5.789271 0.000451 0.207022 -0.080209 -0.208698
  193 0.000000 0.000000 0.000000 0.000000 -0.000000 0.000000
  194 0.000000 0.000000 0.000000 0.000000 -0.000000 0.000000
  195 0.004017 5.789271 0.000450 0.207022 -0.080209 -0.208698
  196 0.000000 0.000000 0.000000 0.000000 0.000000 -0.000000
  197 -0.000002 5.046766 0.000001 0.143396 0.005800 -0.038570
  198 0.000000 0.000000 0.000000 0.000000 0.000000 0.000000
  199 0.000003 4.876213 0.000002 0.108533 -0.002099 0.057281
  200 0.000000 0.000000 0.000000 0.000000 -0.000001 -0.000000
  201 -0.000002 10.336264 0.000002 -3.141592 -0.095607 -0.000001
  202 0.000000 0.000000 0.000000 0.000000 -0.000000 0.000000
  203 0.000002 0.000003 0.000001 0.000000 -0.000000 -0.000001
  204 0.004017 5.789271 0.000450 0.207022 -0.080209 -0.208698
  205 0.000000 0.000000 0.000000 0.000000 -0.000000 0.000000
  206 2.510283 0.335979 0.022936 -0.704387 0.728958 -0.808876
  207 -0.005675 4.181603 -0.002072 0.204092 -0.003080 -0.542466
  208 -0.000000 4.945986 -0.000001 0.115091 0.001325 -0.011933
  209 0.000000 6.128847 0.000000 0.163460 -0.001326 0.020280
  210 -0.005675 4.181603 -0.002072 0.204092 -0.003080 -0.542466
  211 -0.000000 4.945986 -0.000001 0.115091 0.001324 -0.011933
  212 0.000000 6.128848 0.000001 0.163460 -0.001326 0.020280
  213 -0.005675 4.181599 -0.002076 0.204092 -0.003080 -0.542466
  214 0.000000 0.000000 -0.000000 -0.000000 -0.000000 0.000000
  215 0.000000 0.000000 -0.000000 -0.000000 -0.000000 0.000000
  216 -0.005675 4.181603 -0.002072 0.204093 -0.003081 -0.542467
  217 0.000000 0.000000 0.000000 -0.000000 0.000001 0.000001
  218 0.000001 4.945985 -0.000001 0.115091 0.001324 -0.011934
  219 0.000000 0.000000 0.000000 0.000000 0.000001 0.000001
  220 0.000001 6.128848 -0.000001 0.163460 -0.001326 0.020280
  221 0.000000 0.000000 0.000000 -0.000000 0.000000 0.000000
  222 0.000001 8.781748 0.000003 -3.141593 -0.488191 0.000000
  223 0.000000 0.000000 0.000000 0.000000 -0.000000 -0.000000
  224 0.000000 0.000000 0.000000 -0.000000 0.000000 -0.000000
  225 -0.005675 4.181603 -0.002072 0.204092 -0.003080 -0.542466
  226 0.000000 0.000000 -0.000000 -0.000000 -0.000000 0.000000
  227 0.777029 1.281750 1.958796 0.196515 0.598662 0.924076
  228 -0.006575 4.496858 0.000921 0.213322 0.019605 0.282979
  229 0.000000 4.879310 -0.000000 0.116258 0.004531 -0.036921
  230 0.000001 5.043321 -0.000000 0.060764 -0.001208 0.055323
  231 -0.006575 4.496858 0.000921 0.213322 0.019605 0.282979
  232 0.000000 4.879310 -0.000000 0.116258 0.004531 -0.036921
  233 0.000001 5.043321 -0.000000 0.060764 -0.001208 0.055323
  234 -0.006575 4.496860 0.000924 0.213321 0.019605 0.282980
  235 0.000000 0.000000 0.000000 -0.000000 -0.000000 -0.000000
  236 -0.006575 4.496858 0.000921 0.213321 0.019605 0.282979
  237 0.000000 0.000000 0.000000 0.000000 0.000001 0.000001
  238 0.000002 4.879310 0.000003 0.116259 0.004531 -0.036922
  239 0.000000 0.000000 0.000000 0.000000 0.000000 0.000000
  240 -0.000003 5.043322 -0.000002 0.060763 -0.001208 0.055324
  241 0.000000 0.000000 0.000000 -0.000000 -0.000000 0.000000
  242 0.000005 10.325287 0.000003 3.141593 -0.093079 -0.000000
  243 0.000004 -0.000005 0.000004 0.000000 -0.000000 -0.000000
  244 -0.000001 -0.000002 -0.000000 -0.000000 -0.000000 0.000001
  245 -0.006575 4.496858 0.000921 0.213322 0.019605 0.282979
  246 0.986055 0.947621 1.368039 0.166521 0.766159 0.595878
  247 0.003273 5.484480 -0.000469 0.036912 -0.459751 0.204801
  248 -0.000000 4.968778 0.000002 0.106570 0.003073 -0.030016
  249 -0.000000 5.803463 0.000000 0.092005 -0.001678 0.049317
  250 0.003273 5.484480 -0.000469 0.036912 -0.459751 0.204801
  251 -0.000000 4.968778 0.000002 0.106570 0.003073 -0.030016
  252 -0.000000 5.803463 0.000000 0.092005 -0.001678 0.049317
  253 0.003267 5.484482 -0.000472 0.036912 -0.459751 0.204801
  254 0.000000 0.000000 0.000000 -0.000000 -0.000000 0.000000
  255 0.003273 5.484480 -0.000469 0.036911 -0.459751 0.204801
  256 0.000000 0.000000 0.000000 -0.000000 -0.000000 -0.000000
  257 0.000001 4.968779 0.000001 0.106570 0.003073 -0.030015
  258 0.000000 0.000000 0.000000 -0.000000 -0.000000 0.000000
  259 0.000005 5.803463 -0.000000 0.092005 -0.001678 0.049315
  260 0.000000 0.000000 0.000000 -0.000000 0.000000 0.000000
  261 -0.000002 9.111450 -0.000000 3.141592 0.806825 -0.000001
  262 0.000001 0.000002 -0.000000 0.000000 -0.000000 0.000000
  263 0.000000 0.000001 0.000002 -0.000000 -0.000000 -0.000001
  264 0.003273 5.484480 -0.000469 0.036912 -0.459751 0.204801
  265 2.510274 0.335972 0.022939 -0.704387 0.728958 -0.808876
  266 2.510274 0.335972 0.022939 -0.704387 0.728958 -0.808876
  267 2.510274 0.335972 0.022939 -0.704387 0.728958 -0.808876
  268 -0.904458 6.782032 3.867499 -1.693219 1.463688 -0.016202
  269 -0.010197 19.450790 -0.828343 -0.177050 -0.980806 1.761624
  270 0.000003 19.534258 -0.000002 1.195951 -0.000000 0.000000
  271 0.000004 24.726233 0.000004 -0.864140 -0.497955 -0.673337
  272 0.000000 0.000000 0.000000 0.000000 -0.000001 -0.000001
  273 0.000000 0.000000 0.000000 -0.000000 0.000001 0.000001
  274 -0.000000 0.000002 0.000000 -0.000000 0.000000 0.000000
  275 -0.000001 -0.000001 0.000001 0.000000 -0.000000 -0.000000
  276 -0.000001 12.363118 0.000001 0.000000 -0.085819 -0.000000
  277 -0.000000 -0.000000 0.000000 -0.000001 -0.001371 0.000001
  278 0.000000 0.000000 0.000000 -0.000000 0.000000 -0.000000
  279 0.000002 9.767124 0.000003 -0.000000 0.475845 -0.000000
  280 0.000000 0.000000 0.000000 -0.000000 0.000000 0.000000
  281 0.000000 0.000002 -0.000001 0.000000 -0.000000 -0.000000
  282 -0.010187 19.450794 -0.828332 -1.068311 0.458283 -0.722012
  283 -0.010192 19.450792 -0.828338 0.041386 0.124298 -1.319061
  284 0.000000 0.000000 0.000000 -1.332781 -0.484537 2.373637
  285 0.000006 20.126825 0.000002 0.277335 -0.000000 -0.000000
  286 0.000004 25.356459 0.000003 0.198412 0.005445 -0.027073
  287 0.000000 0.000000 0.000000 -0.000000 -0.000000 -0.000000
  288 0.000001 -0.000006 -0.000005 0.351986 -0.019349 -2.813324
  289 0.000001 0.000002 0.000001 -0.677710 -0.911437 -0.000001
  290 0.000010 19.534254 -0.000004 1.195951 -0.000000 0.000000
  291 -0.010197 19.450790 -0.828343 -0.098854 -0.119561 1.625858
  292 0.000000 0.000000 0.000000 -0.000000 0.000000 0.000000
  293 -0.010197 19.450790 -0.828343 -0.098853 -0.119561 1.625859
  294 -0.000000 9.767124 -0.000004 -0.000001 -0.392081 -0.000000
  295 -0.000004 9.767131 0.000002 1.195951 -0.475845 0.000001
  296 0.000001 12.363116 0.000004 0.000000 -0.087191 -0.000001
  297 -0.000000 12.363112 -0.000000 -0.923891 -0.429051 -0.646601
  298 -0.838800 0.695165 1.002014 -0.146528 -0.831651 -0.111056
  299 -0.013848 6.211778 0.000336 0.057776 0.287169 -0.072684
  300 -0.000002 5.184050 0.000000 0.234565 0.003807 -0.022168
  301 -0.000002 5.576723 0.000001 0.111527 -0.000643 0.036172
  302 -0.013848 6.211778 0.000336 0.057776 0.287169 -0.072684
  303 -0.000002 5.184051 -0.000000 0.234565 0.003807 -0.022168
  304 -0.000002 5.576723 0.000001 0.111527 -0.000643 0.036172
  305 -0.013834 6.211777 0.000334 0.057776 0.287169 -0.072685
  306 -0.000000 0.000000 -0.000000 -0.000000 0.000000 -0.000000
  307 -0.013845 6.211777 0.000336 0.057776 0.287169 -0.072685
  308 0.000000 0.000000 0.000000 0.000000 0.000000 0.000000
  309 -0.000002 5.184049 0.000001 0.234564 0.003807 -0.022168
  310 0.000000 0.000000 0.000000 0.000000 0.000000 0.000001
  311 -0.000001 5.576723 0.000001 0.111527 -0.000643 0.036172
  312 0.000000 0.000000 0.000000 0.000000 0.000000 0.000000
  313 0.000000 9.158422 0.000003 3.141592 -0.324016 0.000000
  314 -0.000002 -0.000002 0.000000 0.000000 -0.000000 0.000000
  315 -0.000004 -0.000001 0.000000 0.000000 -0.000000 0.000000
  316 -0.013847 6.211777 0.000336 0.057776 0.287169 -0.072684
  317 -0.208216 1.308908 0.886649 -0.521837 -0.710749 0.438947
  318 -0.000561 4.943556 -0.000886 0.177555 0.296553 0.038426
  319 -0.000001 6.134691 -0.000003 0.091120 0.004721 -0.048260
  320 0.000001 5.142237 -0.000001 -0.004657 -0.000042 0.073619
  321 -0.000561 4.943556 -0.000886 0.177555 0.296553 0.038426
  322 -0.000001 6.134691 -0.000003 0.091120 0.004721 -0.048260
  323 0.000001 5.142237 -0.000001 -0.004657 -0.000042 0.073619
  324 -0.000557 4.943556 -0.000888 0.177555 0.296553 0.038426
  325 0.000000 0.000001 0.000000 -0.000000 0.000000 0.000000
  326 0.000000 0.000001 0.000000 -0.000000 0.000000 0.000000
  327 -0.000561 4.943556 -0.000886 0.177554 0.296552 0.038425
  328 0.000000 0.000000 0.000000 -0.000000 0.000001 0.000001
  329 -0.000002 6.134690 -0.000002 0.091119 0.004721 -0.048261
  330 0.000000 0.000000 0.000000 0.000000 0.000001 0.000001
  331 -0.000001 5.142236 0.000000 -0.004657 -0.000043 0.073619
  332 0.000000 0.000000 0.000000 -0.000000 0.000001 0.000001
  333 -0.000000 9.920086 0.000004 -3.141592 -0.323204 -0.000000
  334 -0.000003 0.000002 -0.000001 0.000001 0.000000 0.000000
  335 -0.000004 -0.000000 -0.000001 0.000000 -0.000000 0.000000
  336 -0.000561 4.943556 -0.000886 0.177555 0.296553 0.038426
  337 0.000000 0.000001 0.000000 -0.000000 0.000000 0.000000
  338 -1.229534 0.555894 1.288361 -0.746847 -0.623235 0.695221
  339 0.048242 5.758656 -0.005827 0.207022 0.080209 0.208698
  340 -0.000001 5.046767 -0.000000 0.213739 -0.005800 0.038571
  341 0.000001 4.876215 -0.000000 0.178877 0.002099 -0.057281
  342 0.048242 5.758656 -0.005827 0.207022 0.080209 0.208698
  343 -0.000001 5.046767 -0.000000 0.213739 -0.005800 0.038571
  344 0.000001 4.876215 -0.000000 0.178877 0.002099 -0.057281
  345 0.048241 5.758655 -0.005828 0.207022 0.080209 0.208698
  346 0.000000 0.000000 0.000000 0.000000 0.000000 -0.000000
  347 0.000000 0.000000 0.000000 0.000000 0.000000 -0.000000
  348 0.048242 5.758656 -0.005827 0.207022 0.080209 0.208698
  349 0.000000 0.000000 0.000000 0.000000 -0.000000 0.000000
  350 -0.000001 5.046766 -0.000000 0.213739 -0.005800 0.038570
  351 0.000000 0.000000 0.000000 -0.000000 -0.000000 -0.000000
  352 -0.000002 4.876215 -0.000002 0.178876 0.002098 -0.057281
  353 0.000000 0.000000 0.000000 -0.000000 0.000001 0.000000
  354 -0.000001 10.336261 0.000002 -3.141592 0.095607 0.000001
  355 -0.000001 -0.000001 -0.000002 0.000000 0.000000 0.000000
  356 0.000000 0.000000 -0.000001 -0.000000 0.000000 0.000000
  357 0.048242 5.758656 -0.005827 0.207022 0.080209 0.208698
  358 0.000000 0.000000 0.000000 0.000000 0.000000 -0.000000
  359 -2.510277 0.335976 0.022939 -0.704386 -0.728958 0.808876
  360 -0.007000 4.183397 0.002526 0.204093 0.003080 0.542466
  361 0.000003 4.945985 0.000000 0.104182 -0.001325 0.011933
  362 -0.000001 6.128855 -0.000000 0.152551 0.001326 -0.020280
  363 -0.007000 4.183397 0.002526 0.204093 0.003080 0.542466
  364 0.000003 4.945985 0.000000 0.104182 -0.001325 0.011933
  365 -0.000001 6.128855 -0.000000 0.152551 0.001326 -0.020280
  366 -0.006993 4.183393 0.002522 0.204093 0.003080 0.542466
  367 0.000000 0.000000 -0.000000 -0.000000 0.000000 -0.000000
  368 0.000000 0.000000 -0.000000 -0.000000 0.000000 -0.000000
  369 -0.006999 4.183396 0.002525 0.204093 0.003081 0.542467
  370 0.000000 0.000000 0.000000 -0.000000 -0.000001 -0.000001
  371 0.000001 4.945986 -0.000000 0.104182 -0.001324 0.011934
  372 0.000000 0.000000 0.000000 -0.000000 -0.000001 -0.000001
  373 -0.000000 6.128851 -0.000001 0.152551 0.001326 -0.020280
  374 0.000000 0.000000 0.000000 -0.000000 -0.000000 -0.000000
  375 -0.000001 8.781748 0.000001 -3.141593 0.488191 0.000000
  376 -0.000001 0.000004 -0.000000 0.000000 -0.000000 0.000000
  377 0.000002 0.000000 0.000001 -0.000000 -0.000000 0.000000
  378 -0.007000 4.183397 0.002526 0.204093 0.003080 0.542466
  379 0.000000 0.000000 -0.000000 -0.000000 0.000000 -0.000000
  380 -0.777034 1.281750 1.958794 0.196515 -0.598662 -0.924076
  381 -0.071680 4.458395 -0.009890 0.213321 -0.019605 -0.282979
  382 -0.000003 4.879304 0.000001 0.186602 -0.004531 0.036921
  383 0.000005 5.043328 -0.000000 0.131106 0.001208 -0.055324
  384 -0.071680 4.458395 -0.009890 0.213321 -0.019605 -0.282979
  385 -0.000004 4.879305 0.000001 0.186602 -0.004531 0.036921
  386 0.000005 5.043328 -0.000000 0.131106 0.001208 -0.055324
  387 -0.071678 4.458395 -0.009892 0.213321 -0.019605 -0.282980
  388 0.000000 0.000000 0.000000 0.000000 0.000000 0.000000
  389 -0.071682 4.458394 -0.009890 0.213321 -0.019605 -0.282979
  390 0.000000 0.000000 0.000000 -0.000000 -0.000000 -0.000001
  391 -0.000003 4.879309 -0.000000 0.186602 -0.004530 0.036922
  392 0.000000 0.000000 0.000000 -0.000000 -0.000000 -0.000000
  393 0.000000 5.043321 0.000002 0.131107 0.001208 -0.055324
  394 0.000000 0.000000 0.000000 -0.000000 -0.000000 -0.000000
  395 0.000002 10.325289 0.000001 3.141593 0.093078 0.000000
  396 0.000002 0.000003 -0.000002 0.000000 0.000000 -0.000000
  397 -0.000002 -0.000003 0.000001 0.000000 0.000000 0.000000
  398 -0.071680 4.458395 -0.009890 0.213321 -0.019605 -0.282979
  399 -0.986052 0.947620 1.368041 0.166521 -0.766159 -0.595878
  400 0.005206 5.490102 0.000546 0.036912 0.459751 -0.204801
  401 0.000001 4.968780 0.000000 0.095661 -0.003073 0.030015
  402 -0.000003 5.803463 -0.000001 0.081096 0.001678 -0.049315
  403 0.005206 5.490102 0.000546 0.036912 0.459751 -0.204801
  404 0.000001 4.968780 0.000000 0.095661 -0.003073 0.030015
  405 -0.000002 5.803463 -0.000001 0.081096 0.001678 -0.049315
  406 0.005215 5.490102 0.000541 0.036911 0.459751 -0.204801
  407 0.000000 0.000000 0.000000 -0.000000 0.000000 -0.000000
  408 0.005208 5.490101 0.000544 0.036911 0.459751 -0.204801
  409 0.000000 0.000000 0.000000 -0.000000 0.000000 0.000000
  410 -0.000002 4.968779 -0.000000 0.095661 -0.003073 0.030016
  411 0.000000 0.000000 0.000000 -0.000000 0.000000 0.000000
  412 0.000004 5.803465 0.000001 0.081096 0.001678 -0.049315
  413 0.000000 0.000000 0.000000 -0.000000 -0.000000 -0.000000
  414 -0.000002 9.111454 0.000002 3.141593 -0.806826 0.000000
  415 0.000000 -0.000007 -0.000002 0.000000 -0.000000 0.000000
  416 0.000000 0.000000 0.000000 0.000000 -0.000000 -0.000001
  417 0.005206 5.490102 0.000546 0.036912 0.459751 -0.204801
  418 -2.510267 0.335971 0.022944 -0.704387 -0.728958 0.808876
  419 -2.510267 0.335971 0.022944 -0.704387 -0.728958 0.808876
  420 -2.510267 0.335971 0.022944 -0.704387 -0.728958 0.808876
  421 8.463112 -0.489837 -2.120322 1.542233 -0.000000 3.141593
  422 0.000000 0.000000 0.000000 0.000000 0.000000 0.000000
  423 -8.463111 -0.489839 -2.120322 1.542233 -0.000000 -3.141593
  424 0.000000 0.000000 0.000000 -0.000000 -0.000000 0.000000
  425 8.463112 -0.489837 -2.120322 1.542233 -0.000000 3.141593
  426 -8.463111 -0.489839 -2.120322 1.542233 -0.000000 -3.141593
  427 0.904460 6.782035 3.867493 -1.997936 -1.168432 0.759040
  428 -0.904459 6.782037 3.867494 -1.693219 1.463688 -0.016202
  429 0.000000 0.000000 -0.000000 -0.000000 -0.000000 -0.000000
  430 -2.384858 45.420403 15.540361 0.000000 -0.000000 1.570796
  431 -36.581078 -13.451036 12.707924 -0.488043 1.154348 -3.028101
  432 0.000005 -0.000003 -0.000001 0.000000 0.000000 -0.000000
  433 -66.710724 20.248371 38.789330 0.647833 -0.219769 1.337279
  434 42.803329 -24.056688 19.052210 0.636716 0.964784 -2.018134
  435 -2.384865 -45.420403 15.540361 0.000000 -0.000000 1.570796
  436 39.340706 -15.530993 12.078545 -0.174683 -1.008617 2.762377
  437 0.000002 -0.000002 0.000000 0.000000 -0.000000 -0.000000
  438 -68.379829 -10.652182 48.027412 0.817117 0.122634 1.681708
  439 -59.367249 -22.693434 -8.786375 0.636716 -0.964785 2.018134
  440 -0.483101 8.250682 -13.900933 0.000000 -0.000000 1.570796
  441 4.360191 -3.605510 -0.692878 -0.018761 0.000000 0.172585
  442 -0.000001 -6.475163 -8.877786 -0.000000 0.000000 0.000000
  443 0.000001 6.475163 8.877786 -0.000000 0.000000 0.000000
  444 -1.878121 12.014875 -0.599893 -0.000000 0.000000 0.000000
  445 3.953934 0.000001 -0.000002 0.000000 -0.000000 -0.000000
  446 -1.976972 0.000000 0.000000 -0.000000 0.000000 0.000000
  447 -0.098849 -12.014876 0.599888 -0.000000 -0.000000 -0.000000
  448 0.000001 6.475165 8.877787 -2.200961 0.000249 0.000341
  449 0.000001 0.000004 0.000002 -0.000000 0.000000 0.000000
  450 -0.000002 10.988307 -0.000000 2.200961 0.000422 0.000000
  451 0.000000 0.000000 0.000000 -0.060252 -0.000000 3.141593
  452 22.419199 11.150473 4.338291 -0.287236 -0.016096 1.631700
  453 1.961087 -0.448859 0.257714 -0.003597 -0.000000 0.000000
  454 -0.483102 -8.250682 -13.900933 0.000000 -0.000000 1.570796
  455 -5.201157 25.224455 -0.788673 0.020479 -0.043411 -0.412560
  456 0.000002 -6.475163 -8.877785 -0.000000 -0.000000 0.000000
  457 -0.000002 6.475163 8.877785 0.498556 0.119228 0.015898
  458 1.878115 12.014871 -0.599889 0.000000 0.127797 0.000000
  459 -3.953936 0.000008 -0.000006 0.000000 0.000000 -0.000000
  460 1.976968 -0.000001 -0.000003 -0.000000 0.000000 -0.000000
  461 0.098849 -12.014876 0.599888 0.496530 -0.008553 0.015785
  462 0.000001 6.475165 8.877785 -2.200961 -0.000249 -0.000341
  463 -0.000000 0.000005 0.000002 -0.000000 0.000000 -0.000000
  464 -0.000001 10.988306 -0.000001 1.704436 0.014083 0.010580
  465 0.000000 0.000000 0.000000 -0.060252 0.000000 3.141593
  466 23.423449 -5.318165 4.072699 -0.287236 -0.016096 1.631700
  467 -5.924033 1.355899 -0.778503 -0.003597 -0.000000 0.000000
  time 8
  0 0.000000 0.000000 -23.603888 0.000000 -0.000000 1.570796
  1 0.126391 21.052582 34.230076 1.530682 -0.020651 0.059516
  2 0.000001 10.999713 0.000000 -0.048318 -0.000000 -0.000000
  3 0.000000 6.753164 -0.000001 0.399389 -0.018856 -0.100634
  4 -0.000001 8.544814 0.000001 0.560872 -0.060168 -0.118776
  5 0.000002 9.518028 -0.000000 -0.525972 0.087493 0.085409
  6 -0.000000 3.039640 -0.000001 0.193850 0.027301 0.005359
  7 0.000001 3.098957 -0.000000 -0.226691 0.130832 0.053944
  8 31.538635 -2.287916 56.230927 -0.363663 2.580191 -0.960474
  9 -23.754354 3.998171 50.692436 -0.128107 -2.553910 0.832691
  10 10.850669 3.048474 23.637444 -3.125343 0.092182 0.093690
  11 -12.104850 7.253395 18.813362 3.053674 0.028699 0.026281
  12 -1.789155 0.000000 28.175615 0.000000 -0.000000 1.570796
  13 -0.000004 19.476849 -12.055153 -0.211698 -0.020651 0.059516
  14 0.000000 -1.769383 12.121016 0.000000 -0.000000 0.000000
  15 0.000001 -1.769383 12.121016 1.108406 0.235085 0.000567
  16 0.000000 -1.769382 12.121012 -0.000000 0.000000 0.000000
  17 -0.000000 -0.000004 -0.000001 1.694062 -0.000000 -0.000000
  18 0.000000 -6.753165 -0.000001 -1.694062 0.000000 -0.000000
  19 -0.000000 0.000000 0.000000 1.742380 0.000000 -0.000000
  20 -0.000001 -10.999713 -0.000002 0.000000 0.000000 -0.000000
  21 0.000000 0.000000 0.000000 -0.000000 -0.000000 -0.000000
  22 0.000000 -0.000000 0.000000 -1.341552 -1.993774 0.192913
  23 0.000001 -0.000002 0.000001 -0.000000 0.000000 0.000000
  24 0.000000 -0.000000 0.000000 -1.341552 1.993774 -0.192913
  25 -0.000001 -0.000002 0.000001 -0.000000 -0.000000 -0.000000
  26 8.250684 -0.215597 2.184238 2.188720 0.028795 0.061966
  27 -0.000003 19.611298 0.000001 0.589605 -0.000000 -0.000000
  28 0.000001 15.977955 0.000002 -0.242011 -0.107589 0.042565
  29 -0.000054 10.983189 0.000272 0.880380 -3.141171 0.000000
  30 -1.873869 4.392866 10.061484 -0.000523 0.630166 -1.571104
  31 0.000000 0.000002 0.000002 -0.000000 0.000000 0.000000
  32 -0.000000 0.000000 -0.000000 0.000000 -0.000000 -0.000000
  33 -0.000000 0.000002 -0.000000 0.000000 0.000000 -0.000000
  34 0.000000 0.000000 0.000000 -0.000000 -0.000000 0.000000
  35 0.000000 7.988981 0.000002 0.000000 -0.056162 -0.000001
  36 0.000000 -0.000000 0.000000 0.000000 0.000205 0.000000
  37 0.000000 -0.000002 0.000001 -0.000000 -0.000000 0.000000
  38 0.000000 9.805650 0.000001 0.000000 -0.005966 0.000000
  39 0.000000 0.000000 0.000000 -0.000000 0.000000 -0.000000
  40 -8.250680 -0.215592 2.184242 2.578770 -0.041536 -0.292563
  41 0.000002 19.217516 0.000003 1.642369 0.000000 -0.000000
  42 0.000000 15.573000 0.000000 -1.080261 0.053454 -0.434864
  43 0.000415 10.986843 -0.000372 1.376904 -3.127510 0.010580
  44 1.873871 4.392862 10.061478 0.000523 2.511427 1.571105
  45 0.000000 0.000001 0.000002 -0.000000 0.000000 -0.000000
  46 0.000000 0.000000 0.000000 0.000000 -0.000000 -0.000000
  47 0.000001 0.000001 0.000001 0.000000 0.000000 -0.000000
  48 0.000000 0.000000 0.000000 -0.000000 0.000000 -0.000000
  49 0.000001 7.786502 0.000000 0.000000 0.144603 -0.000000
  50 0.000000 0.000000 0.000000 -0.000000 -0.000204 0.000000
  51 0.000001 -0.000003 -0.000002 -0.000000 -0.000000 -0.000000
  52 0.000002 9.608757 0.000002 0.000000 0.046194 -0.000000
  53 0.000000 0.000000 0.000000 -0.000000 -0.000000 0.000000
  54 8.250683 -0.215593 2.184240 2.903292 -0.000000 -0.000000
  55 8.250683 -0.215593 2.184238 -1.742379 0.000000 0.000000
  56 0.000000 0.000000 0.000000 -1.637514 -0.000000 -0.000000
  57 -0.000000 19.896322 -0.000002 0.140363 -0.000000 0.000000
  58 0.000002 16.264103 -0.000001 -0.703810 -0.000322 0.000273
  59 0.000000 0.000000 0.000000 -0.000000 -0.000000 -0.000000
  60 -0.000002 10.988298 -0.000000 0.880380 -3.141171 0.000000
  61 0.000000 0.000000 -0.000000 0.000000 -0.000000 0.000000
  62 0.000000 0.000002 0.000000 -2.089749 -0.066053 0.017667
  63 0.000000 0.000005 -0.000000 -0.263807 -0.000197 -0.000000
  64 -0.000001 19.611292 -0.000002 0.589605 -0.000000 -0.000000
  65 8.250684 -0.215597 2.184236 2.188413 0.035557 0.052445
  66 0.000000 0.000000 0.000000 -0.000000 -0.000000 0.000000
  67 8.250684 -0.215597 2.184236 2.188413 0.035557 0.052445
  68 -0.000000 9.805653 -0.000001 -0.000000 0.005708 0.000000
  69 0.000001 9.805651 -0.000000 0.589606 0.005965 -0.000000
  70 -0.000002 7.988975 0.000001 -0.000000 -0.055957 -0.000000
  71 -0.000001 7.988978 0.000001 -0.239604 -0.051681 0.042380
  72 0.000000 10.983207 0.000000 0.880404 -3.141171 -0.000005
  73 -8.250681 -0.215592 2.184242 2.903292 -0.000000 -0.000000
  74 -8.250680 -0.215592 2.184242 -1.742379 0.000000 0.000000
  75 0.000000 0.000000 0.000000 -1.637514 -0.000000 0.000000
  76 -0.000001 19.896324 0.000001 0.140363 0.000000 0.000000
  77 0.000002 16.264103 -0.000001 -0.703810 0.000322 -0.000273
  78 0.000000 0.000000 0.000000 -0.000000 -0.000000 -0.000000
  79 -0.000001 10.988298 0.000000 0.880380 3.141171 -0.000000
  80 0.000000 0.000000 -0.000000 0.000000 0.000000 -0.000000
  81 0.000000 -0.000000 -0.000000 -1.247083 0.283473 0.046065
  82 0.000000 0.000000 0.000000 -0.709110 0.037745 0.000000
  83 0.000003 19.217512 0.000006 1.642369 0.000000 -0.000000
  84 -8.250680 -0.215592 2.184242 2.575674 -0.107169 -0.250912
  85 0.000000 0.000000 0.000000 0.000000 -0.000000 0.000000
  86 -8.250680 -0.215592 2.184242 2.575674 -0.107169 -0.250912
  87 0.000000 9.608756 -0.000000 0.000000 -0.031473 -0.000000
  88 -0.000000 9.608760 -0.000001 1.642368 -0.046194 0.000000
  89 0.000000 7.786495 -0.000000 0.000000 0.144399 0.000000
  90 0.000001 7.786508 0.000001 -1.019452 -0.077555 -0.435618
  91 -0.000000 10.986862 -0.000001 1.376870 -3.127510 0.010618
  92 0.000000 -0.000000 0.000000 -0.048317 0.000000 -0.000000
  93 -0.000000 0.000000 -0.000000 -0.000000 0.000000 -0.000000
  94 -0.000001 -10.999713 -0.000002 -0.000000 -0.000000 -0.000000
  95 0.000001 -1.769382 12.121012 0.550233 0.117557 -0.033418
  96 -0.000000 -0.000004 0.000001 1.538978 0.000000 0.000000
  97 -0.000000 -0.000000 0.000000 -0.119836 0.037702 0.048831
  98 0.000000 0.000000 0.000000 -0.155084 0.000000 -0.000000
  99 0.000000 0.000000 0.000000 0.000000 0.000000 0.000000
  100 -0.000002 8.544818 -0.000001 -0.985030 -0.029437 -0.118611
  101 0.000000 0.000000 0.000000 1.542233 -0.000000 0.000000
  102 0.000002 9.518031 0.000005 -0.525972 0.087493 0.085409
  103 -0.000000 3.039640 0.000000 0.193850 0.027301 0.005359
  104 0.000001 3.098957 -0.000000 -0.226691 0.130832 0.053944
  105 0.000002 9.518031 0.000005 -2.090692 0.087493 0.085409
  106 0.000000 0.000000 0.000000 1.662547 0.000000 0.000000
  107 0.000000 6.109810 0.000003 -2.211135 0.097102 0.074295
  108 0.000000 0.000000 0.000000 2.082843 -0.029166 0.047602
  109 0.000000 0.000000 0.000000 -0.097827 -0.000000 0.000000
  110 0.000000 0.000000 -0.000000 0.000000 -0.000000 -0.000000
  111 -0.000000 3.025107 -0.296885 0.256469 0.025674 0.011524
  112 0.000000 0.000000 0.000000 0.095948 -0.000000 0.000000
  113 0.000000 0.000000 -0.000000 0.000000 -0.000000 0.000000
  114 -0.000000 -0.000000 0.000000 -0.000000 0.000000 0.000000
  115 0.904461 6.782035 3.867495 -2.111057 -1.255394 0.843462
  116 0.010191 19.450796 -0.828328 0.174092 1.279944 -0.900683
  117 -0.000003 19.382015 -0.000003 1.767909 0.000000 0.000000
  118 0.000000 24.509827 -0.000000 -1.594519 0.290210 0.543266
  119 0.000000 0.000000 0.000000 0.000000 0.000001 0.000001
  120 0.000000 0.000000 0.000000 -0.000000 -0.000001 -0.000001
  121 -0.000001 0.000004 0.000000 -0.000000 -0.000000 -0.000000
  122 -0.000000 -0.000004 -0.000001 0.000000 0.000000 0.000000
  123 0.000003 12.254913 -0.000002 0.000000 -0.112953 0.000000
  124 0.000001 -0.000000 0.000001 -0.000001 0.001371 -0.000001
  125 0.000000 0.000000 0.000000 -0.000000 -0.000000 0.000000
  126 -0.000002 9.691010 -0.000002 -0.000000 -0.424075 0.000000
  127 0.000000 -0.000000 -0.000000 -0.000000 -0.000000 -0.000000
  128 0.000000 0.000002 -0.000000 0.000000 0.000000 0.000000
  129 0.010189 19.450796 -0.828329 -1.068311 -0.458283 0.722012
  130 0.010190 19.450796 -0.828329 0.041385 -0.124298 1.319061
  131 0.000000 0.000000 0.000000 -1.332781 0.484537 -2.373637
  132 -0.000002 20.126820 -0.000002 0.277335 0.000000 0.000000
  133 0.000001 25.356457 0.000002 0.198412 -0.005445 0.027074
  134 0.000000 0.000000 0.000000 0.000000 0.000000 0.000000
  135 0.000000 -0.000001 0.000001 0.342641 0.095125 2.944901
  136 0.000000 0.000000 0.000000 -1.025385 1.245874 0.000001
  137 -0.000001 19.382011 -0.000000 1.767909 0.000000 -0.000000
  138 0.010191 19.450796 -0.828328 0.059875 0.591503 -1.034187
  139 0.000000 0.000000 0.000000 -0.000000 -0.000000 -0.000000
  140 0.010191 19.450796 -0.828328 0.059875 0.591502 -1.034187
  141 0.000002 9.691006 -0.000001 0.000000 0.267694 -0.000000
  142 0.000000 9.691006 -0.000001 1.767909 0.424076 -0.000000
  143 -0.000000 12.254915 -0.000000 0.000000 -0.111581 0.000000
  144 0.000000 12.254910 -0.000000 -1.532368 0.385159 0.563886
  145 0.838804 0.695164 1.002010 -0.146528 0.831651 0.111056
  146 0.000116 6.246311 0.000380 0.057776 -0.287169 0.072685
  147 -0.000000 5.184051 0.000001 0.164549 -0.003807 0.022167
  148 0.000004 5.576720 0.000000 0.041511 0.000643 -0.036171
  149 0.000116 6.246311 0.000380 0.057776 -0.287169 0.072685
  150 -0.000000 5.184051 0.000001 0.164549 -0.003807 0.022167
  151 0.000005 5.576718 -0.000001 0.041511 0.000643 -0.036171
  152 0.000110 6.246319 0.000383 0.057776 -0.287169 0.072685
  153 0.000000 0.000001 -0.000001 -0.000000 -0.000000 -0.000000
  154 0.000115 6.246314 0.000382 0.057776 -0.287169 0.072685
  155 0.000000 0.000000 0.000000 -0.000000 -0.000000 -0.000000
  156 0.000000 5.184049 0.000002 0.164549 -0.003807 0.022168
  157 0.000000 0.000000 0.000000 0.000000 -0.000000 -0.000000
  158 0.000005 5.576721 0.000001 0.041512 0.000643 -0.036172
  159 0.000000 0.000000 0.000000 -0.000000 -0.000000 -0.000000
  160 -0.000002 9.158411 0.000000 3.141593 0.324016 -0.000000
  161 0.000000 0.000000 0.000000 -0.000000 -0.000000 0.000000
  162 -0.000000 0.000002 0.000001 0.000000 -0.000000 -0.000001
  163 0.000115 6.246312 0.000381 0.057776 -0.287169 0.072685
  164 0.208215 1.308905 0.886647 -0.521836 0.710749 -0.438947
  165 -0.000482 4.941065 0.000277 0.177555 -0.296553 -0.038426
  166 0.000000 6.134689 -0.000000 0.099792 -0.004722 0.048260
  167 -0.000000 5.142232 -0.000000 0.004016 0.000042 -0.073619
  168 -0.000482 4.941065 0.000277 0.177555 -0.296553 -0.038426
  169 0.000000 6.134689 -0.000000 0.099792 -0.004722 0.048260
  170 -0.000000 5.142232 -0.000000 0.004016 0.000042 -0.073619
  171 -0.000482 4.941065 0.000277 0.177555 -0.296553 -0.038426
  172 -0.000001 0.000002 0.000000 0.000000 0.000000 -0.000000
  173 -0.000001 0.000002 0.000000 0.000000 0.000000 -0.000000
  174 -0.000482 4.941065 0.000277 0.177554 -0.296552 -0.038425
  175 0.000000 0.000000 0.000000 -0.000000 -0.000001 -0.000001
  176 -0.000001 6.134689 0.000000 0.099792 -0.004721 0.048261
  177 0.000000 0.000000 0.000000 0.000000 -0.000001 -0.000001
  178 -0.000001 5.142233 -0.000001 0.004016 0.000043 -0.073618
  179 0.000000 0.000000 0.000000 -0.000000 -0.000001 -0.000001
  180 0.000001 9.920079 -0.000000 -3.141593 0.323205 0.000000
  181 0.000000 0.000000 0.000000 -0.000000 0.000000 -0.000000
  182 0.000004 0.000001 0.000002 -0.000000 -0.000000 0.000000
  183 -0.000482 4.941065 0.000277 0.177555 -0.296553 -0.038426
  184 -0.000001 0.000002 0.000000 0.000000 0.000000 -0.000000
  185 1.229539 0.555894 1.288365 -0.746848 0.623235 -0.695222
  186 0.003787 5.789137 0.000425 0.207022 -0.080209 -0.208698
  187 0.000000 5.046766 -0.000000 0.143724 0.005800 -0.038571
  188 -0.000000 4.876213 0.000000 0.108861 -0.002099 0.057281
  189 0.003787 5.789137 0.000425 0.207022 -0.080209 -0.208698
  190 0.000000 5.046766 -0.000000 0.143724 0.005800 -0.038571
  191 -0.000000 4.876213 0.000000 0.108861 -0.002099 0.057280
  192 0.003789 5.789129 0.000424 0.207022 -0.080209 -0.208698
  193 0.000000 0.000000 0.000000 0.000000 -0.000000 0.000000
  194 0.000000 0.000000 0.000000 0.000000 -0.000000 0.000000
  195 0.003787 5.789137 0.000425 0.207022 -0.080208 -0.208698
  196 0.000000 0.000000 0.000000 0.000000 -0.000000 0.000000
  197 -0.000002 5.046766 -0.000000 0.143724 0.005800 -0.038570
  198 0.000000 0.000000 0.000000 -0.000000 0.000000 0.000000
  199 0.000000 4.876214 -0.000000 0.108861 -0.002099 0.057281
  200 0.000000 0.000000 0.000000 -0.000000 -0.000000 -0.000000
  201 -0.000003 10.336262 0.000001 -3.141592 -0.095607 -0.000001
  202 0.000000 0.000000 0.000000 0.000000 -0.000000 0.000000
  203 -0.000001 0.000001 0.000001 -0.000000 -0.000000 -0.000000
  204 0.003787 5.789137 0.000425 0.207022 -0.080209 -0.208698
  205 0.000000 0.000000 0.000000 0.000000 -0.000000 0.000000
  206 2.510275 0.335973 0.022943 -0.704387 0.728958 -0.808876
  207 -0.002901 4.182016 -0.001061 0.204092 -0.003080 -0.542466
  208 -0.000000 4.945986 -0.000001 0.112855 0.001324 -0.011933
  209 -0.000001 6.128850 -0.000001 0.161224 -0.001325 0.020280
  210 -0.002901 4.182016 -0.001061 0.204092 -0.003080 -0.542466
  211 -0.000000 4.945986 -0.000001 0.112855 0.001324 -0.011933
  212 -0.000001 6.128850 -0.000001 0.161224 -0.001325 0.020280
  213 -0.002905 4.182015 -0.001062 0.204093 -0.003080 -0.542466
  214 0.000000 0.000000 -0.000000 -0.000000 -0.000000 0.000000
  215 0.000000 0.000000 -0.000000 -0.000000 -0.000000 0.000000
  216 -0.002901 4.182016 -0.001061 0.204093 -0.003081 -0.542467
  217 0.000000 0.000000 0.000000 -0.000000 0.000001 0.000001
  218 0.000001 4.945985 -0.000001 0.112855 0.001324 -0.011934
  219 0.000000 0.000000 0.000000 -0.000000 0.000001 0.000001
  220 0.000000 6.128850 0.000000 0.161225 -0.001326 0.020280
  221 0.000000 0.000000 0.000000 -0.000000 0.000000 0.000000
  222 0.000001 8.781745 0.000003 -3.141593 -0.488191 -0.000000
  223 0.000001 -0.000000 -0.000000 -0.000000 0.000000 -0.000000
  224 0.000002 0.000003 0.000001 -0.000000 0.000000 -0.000000
  225 -0.002901 4.182016 -0.001061 0.204092 -0.003080 -0.542466
  226 0.000000 0.000000 -0.000000 -0.000000 -0.000000 0.000000
  227 0.777029 1.281749 1.958795 0.196515 0.598662 0.924076
  228 -0.006196 4.496659 0.000872 0.213321 0.019605 0.282980
  229 0.000000 4.879313 -0.000000 0.116588 0.004531 -0.036922
  230 0.000000 5.043317 -0.000000 0.061091 -0.001208 0.055325
  231 -0.006196 4.496659 0.000872 0.213321 0.019605 0.282980
  232 0.000000 4.879313 -0.000000 0.116588 0.004531 -0.036922
  233 0.000001 5.043317 -0.000000 0.061091 -0.001208 0.055324
  234 -0.006202 4.496664 0.000873 0.213321 0.019605 0.282980
  235 0.000000 0.000000 0.000000 -0.000000 -0.000000 0.000000
  236 -0.006196 4.496659 0.000872 0.213321 0.019605 0.282979
  237 0.000000 0.000000 0.000000 -0.000000 0.000001 0.000000
  238 -0.000001 4.879313 -0.000000 0.116587 0.004531 -0.036922
  239 0.000000 0.000000 0.000000 0.000000 0.000000 0.000000
  240 0.000002 5.043317 0.000001 0.061092 -0.001208 0.055324
  241 0.000000 0.000000 0.000000 -0.000000 -0.000000 0.000000
  242 0.000002 10.325289 0.000001 3.141593 -0.093078 -0.000000
  243 -0.000001 -0.000000 0.000001 0.000000 0.000000 -0.000000
  244 -0.000001 -0.000001 -0.000001 0.000000 0.000000 -0.000000
  245 -0.006196 4.496659 0.000872 0.213321 0.019605 0.282980
  246 0.986052 0.947619 1.368040 0.166521 0.766159 0.595878
  247 0.001669 5.485505 -0.000247 0.036912 -0.459751 0.204800
  248 0.000000 4.968777 0.000001 0.104334 0.003073 -0.030015
  249 0.000001 5.803462 -0.000000 0.089769 -0.001678 0.049316
  250 0.001669 5.485505 -0.000247 0.036912 -0.459751 0.204800
  251 0.000000 4.968777 0.000001 0.104334 0.003073 -0.030015
  252 0.000000 5.803462 -0.000000 0.089769 -0.001678 0.049316
  253 0.001669 5.485511 -0.000243 0.036912 -0.459751 0.204801
  254 0.000000 0.000000 0.000000 0.000000 -0.000000 0.000000
  255 0.001669 5.485507 -0.000246 0.036912 -0.459751 0.204801
  256 0.000000 0.000000 0.000000 0.000000 -0.000000 -0.000000
  257 0.000004 4.968777 0.000001 0.104334 0.003073 -0.030015
  258 0.000000 0.000000 0.000000 -0.000000 -0.000000 -0.000000
  259 0.000002 5.803462 0.000001 0.089769 -0.001678 0.049316
  260 0.000000 0.000000 0.000000 -0.000000 -0.000000 0.000000
  261 -0.000001 9.111453 0.000001 3.141592 0.806825 -0.000001
  262 0.000001 0.000002 0.000001 0.000000 0.000000 0.000000
  263 0.000001 0.000003 0.000002 0.000000 -0.000000 -0.000000
  264 0.001669 5.485505 -0.000247 0.036912 -0.459751 0.204800
  265 2.510274 0.335971 0.022939 -0.704387 0.728958 -0.808876
  266 2.510274 0.335971 0.022939 -0.704387 0.728958 -0.808876
  267 2.510274 0.335971 0.022939 -0.704387 0.728958 -0.808876
  268 -0.904460 6.782043 3.867485 -1.665578 1.440380 0.017961
  269 -0.010192 19.450796 -0.828332 -0.134718 -0.986824 1.709163
  270 0.000002 19.484678 -0.000004 1.293754 -0.000000 -0.000000
  271 0.000002 24.665863 0.000002 -0.885746 -0.534101 -0.679722
  272 0.000000 0.000000 0.000000 -0.000000 -0.000001 -0.000001
  273 0.000000 0.000000 0.000000 0.000000 0.000001 0.000001
  274 -0.000001 0.000004 0.000001 -0.000000 0.000000 0.000000
  275 -0.000001 -0.000001 0.000000 0.000000 -0.000000 -0.000000
  276 -0.000001 12.332934 -0.000001 -0.000000 -0.097458 -0.000000
  277 -0.000001 -0.000001 0.000000 -0.000001 -0.001371 0.000001
  278 0.000000 0.000000 0.000000 -0.000000 0.000000 -0.000000
  279 -0.000000 9.742339 -0.000001 -0.000000 0.468666 -0.000000
  280 0.000000 0.000000 0.000000 -0.000000 0.000000 0.000000
  281 -0.000000 0.000002 -0.000001 0.000000 -0.000000 0.000000
  282 -0.010190 19.450796 -0.828333 -1.068311 0.458283 -0.722012
  283 -0.010190 19.450796 -0.828333 0.041385 0.124298 -1.319061
  284 0.000000 0.000000 0.000000 -1.332781 -0.484538 2.373637
  285 0.000001 20.126822 0.000002 0.277335 -0.000000 -0.000000
  286 -0.000001 25.356464 -0.000000 0.198412 0.005445 -0.027074
  287 0.000000 0.000000 0.000000 -0.000000 -0.000000 -0.000000
  288 0.000000 0.000000 0.000000 0.402569 -0.039084 -2.787268
  289 0.000001 0.000002 0.000001 -0.735279 -0.923018 -0.000000
  290 0.000001 19.484676 -0.000005 1.293754 -0.000000 -0.000000
  291 -0.010192 19.450796 -0.828332 -0.074953 -0.149201 1.607727
  292 0.000000 0.000000 0.000000 -0.000000 0.000000 0.000000
  293 -0.010192 19.450796 -0.828332 -0.074953 -0.149201 1.607727
  294 0.000001 9.742332 0.000001 -0.000000 -0.372722 -0.000000
  295 -0.000006 9.742336 0.000000 1.293754 -0.468667 0.000000
  296 -0.000000 12.332932 -0.000000 0.000000 -0.098829 -0.000001
  297 0.000000 12.332931 -0.000001 -0.954886 -0.456191 -0.646834
  298 -0.838803 0.695165 1.002011 -0.146529 -0.831651 -0.111056
  299 -0.007082 6.227210 0.000168 0.057776 0.287169 -0.072684
  300 -0.000004 5.184051 -0.000000 0.203063 0.003807 -0.022168
  301 -0.000000 5.576725 -0.000002 0.080025 -0.000643 0.036172
  302 -0.007082 6.227211 0.000167 0.057776 0.287169 -0.072684
  303 -0.000004 5.184050 0.000001 0.203063 0.003807 -0.022168
  304 -0.000000 5.576725 -0.000002 0.080025 -0.000643 0.036172
  305 -0.007081 6.227206 0.000170 0.057776 0.287169 -0.072685
  306 -0.000000 0.000000 -0.000000 -0.000000 -0.000000 0.000000
  307 -0.007081 6.227209 0.000169 0.057776 0.287169 -0.072685
  308 0.000000 0.000000 0.000000 0.000000 0.000000 0.000000
  309 -0.000002 5.184051 0.000000 0.203063 0.003807 -0.022168
  310 0.000000 0.000000 0.000000 0.000000 0.000001 0.000000
  311 0.000002 5.576723 0.000001 0.080025 -0.000643 0.036172
  312 0.000000 0.000000 0.000000 0.000000 0.000000 0.000000
  313 -0.000002 9.158420 0.000001 3.141593 -0.324016 0.000001
  314 -0.000004 -0.000002 0.000000 0.000000 -0.000000 0.000000
  315 -0.000004 -0.000000 -0.000001 0.000000 -0.000000 -0.000000
  316 -0.007081 6.227210 0.000168 0.057776 0.287169 -0.072684
  317 -0.208215 1.308907 0.886651 -0.521836 -0.710749 0.438947
  318 -0.000212 4.942445 -0.000341 0.177554 0.296553 0.038425
  319 0.000003 6.134689 -0.000001 0.095022 0.004722 -0.048260
  320 0.000003 5.142236 0.000000 -0.000756 -0.000042 0.073619
  321 -0.000212 4.942445 -0.000341 0.177554 0.296553 0.038425
  322 0.000003 6.134689 -0.000001 0.095022 0.004722 -0.048260
  323 0.000003 5.142236 0.000000 -0.000756 -0.000042 0.073619
  324 -0.000213 4.942443 -0.000341 0.177555 0.296553 0.038426
  325 0.000000 0.000001 0.000000 0.000000 0.000000 -0.000000
  326 0.000000 0.000001 0.000000 0.000000 0.000000 -0.000000
  327 -0.000212 4.942445 -0.000341 0.177555 0.296552 0.038425
  328 0.000000 0.000000 0.000000 -0.000000 0.000001 0.000001
  329 0.000001 6.134693 -0.000002 0.095021 0.004721 -0.048261
  330 0.000000 0.000000 0.000000 -0.000000 0.000001 0.000001
  331 -0.000001 5.142239 -0.000001 -0.000756 -0.000043 0.073619
  332 0.000000 0.000000 0.000000 -0.000000 0.000001 0.000001
  333 0.000001 9.920089 -0.000000 -3.141593 -0.323204 -0.000000
  334 -0.000003 0.000002 -0.000001 -0.000000 -0.000000 -0.000000
  335 -0.000000 -0.000001 -0.000002 0.000000 -0.000000 0.000000
  336 -0.000212 4.942445 -0.000341 0.177554 0.296553 0.038425
  337 0.000000 0.000001 0.000000 0.000000 0.000000 -0.000000
  338 -1.229531 0.555892 1.288366 -0.746847 -0.623235 0.695221
  339 0.024701 5.772381 -0.002982 0.207022 0.080209 0.208698
  340 -0.000001 5.046767 -0.000001 0.182237 -0.005800 0.038570
  341 -0.000000 4.876211 0.000000 0.147374 0.002099 -0.057280
  342 0.024701 5.772381 -0.002982 0.207022 0.080209 0.208698
  343 -0.000001 5.046767 -0.000001 0.182237 -0.005800 0.038570
  344 -0.000001 4.876210 -0.000001 0.147374 0.002099 -0.057280
  345 0.024700 5.772381 -0.002983 0.207022 0.080209 0.208698
  346 0.000000 0.000000 0.000000 0.000000 0.000000 -0.000000
  347 0.000000 0.000000 0.000000 0.000000 0.000000 -0.000000
  348 0.024701 5.772381 -0.002982 0.207022 0.080209 0.208698
  349 0.000000 0.000000 0.000000 0.000000 -0.000000 0.000000
  350 0.000000 5.046767 -0.000001 0.182237 -0.005800 0.038570
  351 0.000000 0.000000 0.000000 -0.000000 -0.000000 -0.000000
  352 -0.000000 4.876212 0.000000 0.147374 0.002098 -0.057280
  353 0.000000 0.000000 0.000000 0.000000 0.000001 0.000001
  354 0.000001 10.336260 -0.000003 -3.141593 0.095607 0.000001
  355 -0.000004 0.000001 -0.000001 -0.000000 0.000000 0.000000
  356 0.000000 0.000000 -0.000001 0.000000 -0.000000 -0.000000
  357 0.024701 5.772381 -0.002982 0.207022 0.080209 0.208698
  358 0.000000 0.000000 0.000000 0.000000 0.000000 -0.000000
  359 -2.510272 0.335973 0.022945 -0.704386 -0.728957 0.808876
  360 -0.002679 4.182816 0.000967 0.204093 0.003080 0.542466
  361 -0.000001 4.945992 0.000001 0.108083 -0.001324 0.011933
  362 0.000000 6.128850 -0.000000 0.156453 0.001326 -0.020280
  363 -0.002679 4.182816 0.000967 0.204093 0.003080 0.542467
  364 -0.000001 4.945992 0.000001 0.108083 -0.001324 0.011933
  365 0.000000 6.128850 -0.000000 0.156453 0.001326 -0.020280
  366 -0.002680 4.182814 0.000966 0.204093 0.003080 0.542466
  367 0.000000 0.000000 -0.000000 0.000000 0.000000 0.000000
  368 0.000000 0.000000 -0.000000 0.000000 0.000000 0.000000
  369 -0.002679 4.182816 0.000967 0.204093 0.003080 0.542467
  370 0.000000 0.000000 0.000000 -0.000000 -0.000001 -0.000001
  371 -0.000001 4.945989 0.000000 0.108084 -0.001324 0.011934
  372 0.000000 0.000000 0.000000 0.000000 -0.000001 -0.000001
  373 0.000000 6.128850 -0.000002 0.156453 0.001326 -0.020280
  374 0.000000 0.000000 0.000000 -0.000000 -0.000000 -0.000000
  375 -0.000001 8.781747 0.000000 -3.141593 0.488190 0.000000
  376 -0.000001 0.000004 -0.000000 0.000000 -0.000000 0.000000
  377 0.000000 0.000004 0.000001 -0.000000 -0.000000 -0.000000
  378 -0.002679 4.182816 0.000967 0.204093 0.003080 0.542466
  379 0.000000 0.000000 -0.000000 0.000000 0.000000 0.000000
  380 -0.777030 1.281750 1.958795 0.196515 -0.598662 -0.924076
  381 -0.036706 4.475490 -0.005065 0.213321 -0.019605 -0.282979
  382 0.000000 4.879316 0.000000 0.155100 -0.004531 0.036922
  383 0.000001 5.043314 0.000001 0.099604 0.001208 -0.055325
  384 -0.036706 4.475490 -0.005065 0.213321 -0.019605 -0.282979
  385 0.000000 4.879316 0.000000 0.155100 -0.004531 0.036922
  386 0.000001 5.043314 0.000001 0.099604 0.001208 -0.055325
  387 -0.036701 4.475490 -0.005065 0.213321 -0.019605 -0.282979
  388 0.000000 0.000000 0.000000 0.000000 -0.000000 0.000000
  389 -0.036705 4.475490 -0.005065 0.213321 -0.019605 -0.282979
  390 0.000000 0.000000 0.000000 -0.000000 -0.000001 -0.000001
  391 0.000001 4.879316 0.000002 0.155100 -0.004531 0.036922
  392 0.000000 0.000000 0.000000 0.000000 -0.000000 -0.000000
  393 -0.000003 5.043314 0.000003 0.099604 0.001208 -0.055324
  394 0.000000 0.000000 0.000000 0.000000 -0.000000 0.000000
  395 0.000004 10.325295 0.000001 3.141593 0.093078 0.000000
  396 0.000000 0.000000 0.000000 0.000000 0.000000 -0.000000
  397 0.000000 0.000000 0.000000 0.000000 0.000000 0.000001
  398 -0.036706 4.475490 -0.005065 0.213321 -0.019605 -0.282979
  399 -0.986054 0.947621 1.368039 0.166521 -0.766158 -0.595878
  400 0.002002 5.487943 0.000210 0.036912 0.459751 -0.204801
  401 -0.000003 4.968776 0.000000 0.099563 -0.003073 0.030015
  402 -0.000003 5.803461 -0.000001 0.084998 0.001678 -0.049315
  403 0.002002 5.487943 0.000210 0.036912 0.459751 -0.204801
  404 -0.000003 4.968776 0.000000 0.099563 -0.003073 0.030015
  405 -0.000003 5.803461 -0.000001 0.084998 0.001678 -0.049315
  406 0.002004 5.487937 0.000207 0.036912 0.459751 -0.204801
  407 0.000000 0.000000 0.000000 0.000000 -0.000000 0.000000
  408 0.002002 5.487943 0.000210 0.036912 0.459751 -0.204801
  409 0.000000 0.000000 0.000000 -0.000000 0.000000 0.000000
  410 -0.000002 4.968779 -0.000000 0.099563 -0.003073 0.030015
  411 0.000000 0.000000 0.000000 -0.000000 0.000000 0.000001
  412 0.000001 5.803464 0.000001 0.084998 0.001678 -0.049316
  413 0.000000 0.000000 0.000000 -0.000000 -0.000000 -0.000000
  414 -0.000000 9.111455 0.000002 -3.141593 -0.806825 0.000000
  415 0.000002 -0.000003 -0.000001 0.000000 -0.000000 0.000000
  416 -0.000003 -0.000002 -0.000000 0.000000 0.000000 -0.000000
  417 0.002002 5.487943 0.000210 0.036912 0.459751 -0.204801
  418 -2.510270 0.335972 0.022942 -0.704387 -0.728957 0.808876
  419 -2.510270 0.335972 0.022942 -0.704387 -0.728957 0.808876
  420 -2.510270 0.335972 0.022942 -0.704387 -0.728957 0.808876
  421 8.463109 -0.489833 -2.120326 1.542233 -0.000000 3.141593
  422 0.000000 0.000000 0.000000 -0.000000 -0.000000 -0.000000
  423 -8.463111 -0.489836 -2.120327 1.542233 -0.000000 -3.141593
  424 0.000000 0.000000 0.000000 -0.000000 0.000000 0.000000
  425 8.463109 -0.489833 -2.120326 1.542233 -0.000000 3.141593
  426 -8.463111 -0.489836 -2.120327 1.542233 -0.000000 -3.141593
  427 0.904459 6.782040 3.867489 -2.111057 -1.255394 0.843462
  428 -0.904460 6.782043 3.867485 -1.665578 1.440380 0.017961
  429 0.000000 0.000000 -0.000000 0.000000 0.000000 0.000000
  430 -2.384858 45.420403 15.540361 0.000000 -0.000000 1.570796
  431 -36.581078 -13.451036 14.230804 -0.488043 1.154348 -3.028101
  432 0.000005 0.000000 0.000001 0.000000 0.000000 -0.000000
  433 -63.993443 22.964958 39.998276 0.724524 -0.116210 1.273574
  434 42.803329 -24.056690 19.052216 0.636717 0.964785 -2.018134
  435 -2.384865 -45.420403 15.540361 0.000000 -0.000000 1.570796
  436 39.340706 -15.530993 10.118614 -0.174683 -1.008617 2.762377
  437 -0.000004 0.000004 -0.000001 0.000000 -0.000000 -0.000000
  438 -66.187805 -9.385037 49.746979 0.893158 0.127299 1.670195
  439 -59.367260 -22.693430 -8.786359 0.636717 -0.964785 2.018134
  440 -0.483101 8.250682 -13.900933 0.000000 -0.000000 1.570796
  441 4.360191 -3.605510 -0.692878 -0.018761 0.000000 0.172585
  442 -0.000001 -6.475163 -8.877786 -0.000000 0.000000 0.000000
  443 0.000001 6.475163 8.877786 -0.000000 0.000000 0.000000
  444 -1.878121 12.014875 -0.599893 -0.000000 0.000000 0.000000
  445 3.953934 0.000001 -0.000002 0.000000 -0.000000 -0.000000
  446 -1.976972 0.000000 0.000000 -0.000000 0.000000 0.000000
  447 -0.098849 -12.014876 0.599888 -0.000000 -0.000000 -0.000000
  448 0.000001 6.475165 8.877787 -2.200961 0.000249 0.000341
  449 -0.000002 0.000001 0.000000 -0.000000 0.000000 -0.000000
  450 -0.000002 10.988307 -0.000000 2.200961 0.000422 0.000000
  451 0.000000 0.000000 0.000000 -0.060252 -0.000000 3.141593
  452 21.265440 11.150466 -0.752630 -0.211698 -0.020651 1.630312
  453 1.961087 -0.448860 0.257715 -0.003598 -0.000000 -0.000000
  454 -0.483102 -8.250682 -13.900933 0.000000 -0.000000 1.570796
  455 -5.201157 25.224455 -0.788673 0.020479 -0.043411 -0.412560
  456 0.000002 -6.475163 -8.877785 -0.000000 -0.000000 0.000000
  457 -0.000002 6.475163 8.877785 0.498556 0.119228 0.015898
  458 1.878115 12.014871 -0.599889 0.000000 0.127797 0.000000
  459 -3.953936 0.000008 -0.000006 0.000000 0.000000 -0.000000
  460 1.976968 -0.000001 -0.000003 -0.000000 0.000000 -0.000000
  461 0.098849 -12.014876 0.599888 0.496530 -0.008553 0.015785
  462 0.000001 6.475165 8.877785 -2.200961 -0.000249 -0.000341
  463 -0.000001 -0.000000 0.000004 -0.000000 0.000000 -0.000000
  464 0.000000 10.988305 -0.000001 1.704436 0.014083 0.010580
  465 0.000000 0.000000 0.000000 -0.060252 0.000000 3.141593
  466 22.246742 -5.318170 -1.093376 -0.211698 -0.020651 1.630312
  467 -5.924032 1.355899 -0.778502 -0.003598 -0.000000 -0.000000
  time 9
  0 0.000000 0.000000 -23.603888 0.000000 -0.000000 1.570796
  1 0.126399 -5.910112 34.241096 1.643608 -0.027232 0.056809
  2 -0.000001 10.999717 -0.000001 -0.048318 -0.000000 0.000000
  3 -0.000001 6.753152 0.000000 -0.365991 -0.066951 -0.073811
  4 0.000001 8.544829 -0.000000 -0.205193 -0.144903 -0.074056
  5 0.000001 9.518025 -0.000003 0.241788 0.081663 0.092915
  6 0.000000 3.039638 0.000000 0.193880 0.032374 0.006355
  7 -0.000000 3.098961 0.000000 0.551366 0.123102 0.106925
  8 30.494940 4.123337 52.405941 0.747519 1.875749 0.715064
  9 -20.474234 10.921144 48.604980 -2.514596 0.361350 -1.101289
  10 11.830668 -16.322863 17.274050 3.101187 0.042103 0.040436
  11 -11.505491 -5.738320 14.911283 3.099366 0.005552 0.005322
  12 -1.789155 0.000000 28.175615 0.000000 -0.000000 1.570796
  13 0.000002 -8.107205 -12.055153 -0.098771 -0.027232 0.056810
  14 -0.000000 -1.769384 12.121010 0.000000 -0.000000 -0.000000
  15 0.000001 -1.769383 12.121010 -0.445307 0.115918 -0.217247
  16 0.000000 -1.769383 12.121010 0.000000 -0.000000 -0.000000
  17 -0.000000 -0.000001 -0.000000 1.694062 0.000000 0.000000
  18 0.000001 -6.753156 0.000001 -1.694062 -0.000000 0.000000
  19 -0.000000 0.000000 0.000000 1.742379 0.000000 0.000000
  20 0.000003 -10.999714 0.000002 -0.000000 -0.000000 -0.000000
  21 0.000000 0.000000 0.000000 -0.000000 -0.000000 -0.000000
  22 0.000000 0.000000 0.000000 -1.341552 -1.993774 0.192913
  23 -0.000001 -0.000002 0.000001 0.000000 0.000000 0.000000
  24 0.000000 0.000000 0.000000 -1.341552 1.993774 -0.192913
  25 0.000000 -0.000002 0.000001 -0.000000 -0.000000 -0.000000
  26 8.250682 -0.215591 2.184239 2.588665 0.002863 0.143973
  27 -0.000004 19.236870 0.000002 1.482468 -0.000000 0.000000
  28 -0.000002 15.594253 -0.000004 -1.633688 0.076251 0.196922
  29 -0.000223 10.987669 -0.000876 0.880380 -3.141171 0.000000
  30 -1.873869 4.392866 10.061484 -0.000523 0.630165 -1.571105
  31 0.000000 0.000002 0.000002 -0.000000 -0.000000 -0.000000
  32 -0.000000 0.000000 -0.000000 0.000000 0.000000 0.000000
  33 -0.000001 0.000002 -0.000003 -0.000000 0.000000 0.000000
  34 0.000000 0.000000 0.000000 0.000000 -0.000000 0.000000
  35 -0.000002 7.797129 -0.000006 -0.000000 -0.054390 0.000000
  36 0.000000 0.000000 0.000000 -0.000000 0.000204 -0.000000
  37 -0.000001 -0.000005 0.000000 -0.000000 0.000000 0.000000
  38 -0.000002 9.618437 0.000002 0.000000 -0.030840 0.000000
  39 0.000000 0.000000 0.000000 -0.000000 0.000000 0.000000
  40 -8.250684 -0.215594 2.184238 -3.056587 -0.073518 -0.209501
  41 0.000002 19.265577 0.000000 1.344138 0.000000 0.000000
  42 -0.000000 15.625119 0.000003 -1.410227 -0.038075 -0.203313
  43 0.000130 10.987804 -0.000487 1.376904 -3.127510 0.010580
  44 1.873868 4.392864 10.061480 0.000523 2.511427 1.571105
  45 -0.000000 0.000001 0.000001 -0.000000 0.000000 0.000000
  46 0.000000 0.000000 0.000000 0.000000 0.000000 -0.000000
  47 0.000000 0.000002 -0.000002 0.000000 -0.000000 0.000000
  48 0.000000 0.000000 0.000000 0.000000 -0.000000 0.000000
  49 0.000001 7.812561 -0.000000 -0.000000 0.058448 0.000000
  50 0.000000 0.000000 0.000000 0.000000 -0.000205 -0.000000
  51 0.000000 -0.000000 0.000000 -0.000000 0.000000 -0.000000
  52 0.000001 9.632791 0.000001 -0.000000 -0.032503 -0.000000
  53 0.000000 0.000000 0.000000 -0.000000 -0.000000 -0.000000
  54 8.250683 -0.215591 2.184241 2.903292 -0.000000 -0.000000
  55 8.250683 -0.215591 2.184241 -1.742380 -0.000000 0.000000
  56 -0.000000 -0.000000 -0.000000 -1.637514 0.000000 -0.000000
  57 0.000000 19.896328 -0.000000 0.140363 -0.000000 0.000000
  58 0.000002 16.264103 0.000001 -0.703810 -0.000322 0.000273
  59 0.000000 0.000000 0.000000 -0.000000 0.000000 -0.000000
  60 -0.000001 10.988297 -0.000000 0.880380 -3.141170 0.000000
  61 0.000000 0.000000 0.000000 0.000000 -0.000000 0.000000
  62 -0.000000 -0.000000 -0.000000 -1.305425 -0.143151 -0.018876
  63 -0.000001 0.000000 0.000001 -0.645791 0.003101 -0.000000
  64 -0.000003 19.236864 0.000001 1.482468 -0.000000 0.000000
  65 8.250682 -0.215591 2.184239 2.587942 0.048458 0.115807
  66 0.000000 -0.000000 0.000000 0.000000 0.000000 0.000000
  67 8.250682 -0.215591 2.184238 2.587942 0.048458 0.115807
  68 -0.000001 9.618438 0.000000 0.000000 0.022748 0.000000
  69 -0.000000 9.618441 0.000001 1.482468 0.030839 0.000000
  70 -0.000000 7.797119 -0.000001 0.000000 -0.054185 -0.000000
  71 0.000001 7.797126 -0.000000 -1.623083 0.129404 0.198018
  72 -0.000001 10.987688 0.000000 0.880300 -3.141171 -0.000020
  73 -8.250684 -0.215594 2.184240 2.903292 -0.000000 -0.000000
  74 -8.250684 -0.215594 2.184240 -1.742380 -0.000000 0.000000
  75 0.000000 0.000000 0.000000 -1.637514 0.000000 0.000000
  76 -0.000000 19.896324 0.000001 0.140363 0.000000 0.000000
  77 0.000002 16.264101 -0.000000 -0.703810 0.000322 -0.000273
  78 0.000000 0.000000 0.000000 -0.000000 0.000000 -0.000000
  79 -0.000003 10.988299 0.000001 0.880380 3.141171 -0.000000
  80 0.000000 0.000000 0.000000 0.000000 0.000000 -0.000000
  81 0.000000 0.000000 0.000000 -0.721571 0.118073 0.053177
  82 -0.000000 0.000001 0.000001 -0.589241 0.134772 0.000000
  83 0.000000 19.265570 0.000000 1.344138 0.000000 0.000000
  84 -8.250684 -0.215594 2.184238 -3.056807 -0.015789 -0.204584
  85 0.000000 0.000000 0.000000 -0.000000 -0.000000 -0.000000
  86 -8.250684 -0.215594 2.184238 -3.056806 -0.015789 -0.204584
  87 0.000000 9.632793 -0.000001 -0.000000 0.025434 -0.000000
  88 0.000001 9.632792 -0.000002 1.344138 0.032504 -0.000000
  89 -0.000001 7.812554 -0.000000 0.000000 0.058243 0.000000
  90 -0.000000 7.812563 0.000000 -1.398464 -0.095127 -0.204101
  91 -0.000002 10.987825 -0.000002 1.376860 -3.127511 0.010593
  92 -0.000000 0.000000 0.000001 -0.048317 -0.000000 -0.000000
  93 -0.000000 0.000000 -0.000000 -0.000000 0.000000 -0.000000
  94 0.000003 -10.999714 0.000002 -0.000000 -0.000000 -0.000000
  95 0.000000 -1.769383 12.121010 -0.219079 0.070077 -0.101927
  96 0.000000 -0.000001 -0.000000 1.538978 0.000000 -0.000000
  97 -0.000000 -0.000000 0.000000 0.263690 0.043234 0.044316
  98 0.000000 0.000000 0.000000 -0.155084 -0.000000 -0.000000
  99 0.000000 0.000000 0.000000 0.000000 -0.000000 0.000000
  100 -0.000000 8.544827 -0.000000 -1.750818 -0.099386 -0.073643
  101 -0.000000 0.000000 0.000000 1.542233 0.000000 0.000000
  102 0.000001 9.518034 -0.000001 0.241788 0.081663 0.092915
  103 -0.000000 3.039638 0.000000 0.193880 0.032374 0.006355
  104 -0.000000 3.098961 0.000000 0.551366 0.123102 0.106925
  105 0.000001 9.518034 -0.000002 -1.322930 0.081663 0.092915
  106 0.000000 -0.000000 -0.000000 1.662547 0.000000 -0.000000
  107 0.000000 6.109811 -0.000001 -1.443237 0.092212 0.082457
  108 0.000000 0.000000 0.000000 2.088992 -0.031975 0.057347
  109 0.000000 -0.000000 0.000000 -0.097827 -0.000000 -0.000000
  110 0.000000 0.000000 -0.000000 -0.000000 -0.000000 -0.000000
  111 -0.000000 3.025104 -0.296887 0.259675 0.030751 0.012258
  112 0.000000 0.000000 0.000000 0.095948 0.000000 0.000000
  113 0.000000 0.000000 -0.000000 0.000000 0.000000 0.000000
  114 -0.000000 -0.000000 0.000000 0.000000 -0.000000 0.000000
  115 0.904460 6.782037 3.867485 -2.281071 -1.335193 0.991192
  116 0.010181 19.450802 -0.828343 0.501921 2.770075 1.208809
  117 -0.000003 19.531483 0.000002 1.202826 0.000000 0.000000
  118 -0.000008 24.722935 -0.000004 0.504517 0.365743 0.707648
  119 0.000000 0.000000 0.000000 0.000000 0.000001 0.000001
  120 0.000000 0.000000 0.000000 -0.000000 -0.000001 -0.000001
  121 0.000000 0.000000 0.000000 -0.000000 -0.000000 -0.000000
  122 -0.000000 -0.000001 -0.000001 0.000000 0.000000 -0.000000
  123 -0.000005 12.361465 -0.000000 -0.000000 0.260677 0.000000
  124 0.000000 -0.000000 -0.000000 -0.000001 0.001371 -0.000001
  125 0.000004 0.000006 0.000001 0.000000 -0.000000 0.000000
  126 0.000001 9.765747 0.000002 0.000000 -0.499747 0.000000
  127 -0.000000 0.000000 -0.000000 -0.000000 -0.000000 -0.000000
  128 0.000000 0.000002 -0.000001 0.000000 0.000000 -0.000000
  129 0.010189 19.450802 -0.828330 -1.068311 -0.458283 0.722012
  130 0.010189 19.450802 -0.828330 0.041385 -0.124298 1.319061
  131 0.000000 0.000000 0.000000 -1.332781 0.484538 -2.373637
  132 0.000003 20.126823 0.000001 0.277335 0.000000 -0.000000
  133 -0.000001 25.356459 0.000002 0.198412 -0.005445 0.027074
  134 0.000000 0.000000 0.000000 0.000000 0.000000 0.000000
  135 0.000000 0.000000 0.000000 -1.646242 0.406343 -2.483750
  136 0.000002 0.000008 -0.000002 -0.681739 0.726561 0.000000
  137 -0.000005 19.531479 0.000004 1.202826 0.000001 0.000000
  138 0.010176 19.450802 -0.828349 -2.016848 1.050766 -1.062284
  139 0.000000 0.000000 0.000000 -0.000000 -0.000000 -0.000000
  140 0.010176 19.450802 -0.828349 -2.016847 1.050766 -1.062284
  141 0.000000 9.765740 0.000002 0.000000 0.410665 0.000000
  142 0.000002 9.765730 -0.000002 1.202826 0.499747 -0.000001
  143 -0.000002 12.361464 0.000000 -0.000000 0.262049 -0.000000
  144 0.000005 12.361465 -0.000002 0.333034 0.162308 0.662560
  145 0.838797 0.695167 1.002013 -0.146528 0.831651 0.111056
  146 -0.000085 6.245966 0.000285 0.057776 -0.287169 0.072685
  147 -0.000000 5.184049 -0.000001 0.165189 -0.003807 0.022168
  148 0.000001 5.576721 0.000000 0.042151 0.000643 -0.036172
  149 -0.000085 6.245966 0.000285 0.057775 -0.287169 0.072685
  150 -0.000001 5.184049 0.000000 0.165190 -0.003807 0.022168
  151 0.000001 5.576720 0.000000 0.042151 0.000643 -0.036172
  152 -0.000084 6.245964 0.000283 0.057776 -0.287169 0.072685
  153 0.000000 0.000000 0.000000 -0.000000 0.000000 0.000000
  154 -0.000085 6.245966 0.000285 0.057776 -0.287169 0.072685
  155 0.000000 0.000000 0.000000 0.000000 -0.000000 -0.000000
  156 0.000000 5.184049 -0.000001 0.165189 -0.003806 0.022168
  157 0.000000 0.000000 0.000000 0.000000 -0.000000 -0.000000
  158 0.000000 5.576720 0.000002 0.042151 0.000643 -0.036172
  159 0.000000 0.000000 0.000000 0.000000 -0.000000 -0.000000
  160 0.000000 9.158412 0.000002 3.141592 0.324016 -0.000000
  161 -0.000003 -0.000005 0.000006 0.000000 0.000000 0.000000
  162 -0.000000 -0.000002 -0.000001 0.000000 -0.000000 0.000000
  163 -0.000085 6.245966 0.000285 0.057776 -0.287169 0.072685
  164 0.208231 1.308904 0.886642 -0.521836 0.710749 -0.438947
  165 -0.000205 4.941463 0.000114 0.177555 -0.296553 -0.038426
  166 0.000004 6.134688 -0.000001 0.098436 -0.004722 0.048260
  167 0.000000 5.142238 0.000001 0.002659 0.000042 -0.073619
  168 -0.000205 4.941463 0.000114 0.177555 -0.296553 -0.038426
  169 0.000004 6.134688 -0.000001 0.098436 -0.004722 0.048260
  170 0.000000 5.142238 0.000001 0.002659 0.000042 -0.073619
  171 -0.000205 4.941463 0.000114 0.177555 -0.296553 -0.038426
  172 -0.000001 0.000001 0.000001 -0.000000 -0.000000 -0.000000
  173 -0.000001 0.000001 0.000001 -0.000000 -0.000000 -0.000000
  174 -0.000205 4.941463 0.000114 0.177555 -0.296552 -0.038425
  175 0.000000 0.000000 0.000000 -0.000000 -0.000001 -0.000001
  176 0.000002 6.134689 0.000001 0.098437 -0.004721 0.048261
  177 0.000000 0.000000 0.000000 -0.000000 -0.000001 -0.000001
  178 0.000002 5.142235 0.000000 0.002660 0.000043 -0.073618
  179 0.000000 0.000000 0.000000 -0.000000 -0.000001 -0.000001
  180 0.000002 9.920078 0.000001 3.141593 0.323205 0.000000
  181 0.000000 -0.000006 0.000005 0.000000 -0.000000 0.000000
  182 0.000000 -0.000002 -0.000001 0.000000 0.000000 -0.000000
  183 -0.000205 4.941463 0.000114 0.177555 -0.296553 -0.038426
  184 -0.000001 0.000001 0.000001 -0.000000 -0.000000 -0.000000
  185 1.229540 0.555890 1.288360 -0.746848 0.623235 -0.695221
  186 0.003342 5.788851 0.000373 0.207022 -0.080208 -0.208698
  187 0.000001 5.046766 -0.000001 0.144364 0.005800 -0.038569
  188 -0.000002 4.876220 -0.000002 0.109501 -0.002099 0.057280
  189 0.003342 5.788851 0.000373 0.207022 -0.080208 -0.208698
  190 0.000001 5.046766 -0.000001 0.144364 0.005800 -0.038569
  191 -0.000002 4.876220 -0.000002 0.109501 -0.002099 0.057280
  192 0.003342 5.788851 0.000373 0.207022 -0.080209 -0.208698
  193 0.000000 0.000000 0.000000 0.000000 -0.000000 0.000000
  194 0.000000 0.000000 0.000000 0.000000 -0.000000 0.000000
  195 0.003342 5.788851 0.000373 0.207022 -0.080209 -0.208698
  196 0.000000 0.000000 0.000000 0.000000 0.000000 -0.000000
  197 0.000003 5.046767 -0.000002 0.144364 0.005799 -0.038570
  198 0.000000 0.000000 0.000000 0.000000 0.000000 0.000000
  199 -0.000000 4.876216 -0.000003 0.109501 -0.002099 0.057281
  200 0.000000 0.000000 0.000000 -0.000000 -0.000001 -0.000000
  201 0.000002 10.336261 0.000003 -3.141592 -0.095607 -0.000001
  202 0.000003 0.000002 0.000001 0.000000 0.000000 -0.000000
  203 0.000004 0.000001 -0.000000 -0.000001 0.000000 0.000000
  204 0.003342 5.788851 0.000373 0.207022 -0.080208 -0.208698
  205 0.000000 0.000000 0.000000 0.000000 -0.000000 0.000000
  206 2.510274 0.335968 0.022937 -0.704386 0.728958 -0.808876
  207 -0.001227 4.182269 -0.000450 0.204093 -0.003080 -0.542467
  208 0.000002 4.945990 0.000002 0.111498 0.001324 -0.011932
  209 0.000001 6.128852 0.000001 0.159869 -0.001326 0.020280
  210 -0.001227 4.182269 -0.000450 0.204093 -0.003080 -0.542467
  211 0.000002 4.945990 0.000002 0.111498 0.001325 -0.011932
  212 -0.000000 6.128852 0.000001 0.159868 -0.001326 0.020280
  213 -0.001227 4.182269 -0.000450 0.204093 -0.003080 -0.542466
  214 0.000000 0.000000 0.000000 0.000000 -0.000000 0.000000
  215 0.000000 0.000000 0.000000 0.000000 -0.000000 0.000000
  216 -0.001227 4.182269 -0.000450 0.204093 -0.003081 -0.542467
  217 0.000000 0.000000 0.000000 -0.000000 0.000001 0.000001
  218 0.000004 4.945986 0.000003 0.111499 0.001324 -0.011934
  219 0.000000 0.000000 0.000000 -0.000000 0.000001 0.000001
  220 -0.000001 6.128850 -0.000003 0.159868 -0.001326 0.020280
  221 0.000000 0.000000 0.000000 0.000000 0.000000 0.000000
  222 0.000003 8.781745 0.000002 -3.141593 -0.488190 0.000000
  223 0.000000 0.000000 0.000000 0.000000 0.000000 -0.000000
  224 0.000000 0.000000 0.000000 -0.000000 0.000000 0.000000
  225 -0.001227 4.182269 -0.000450 0.204093 -0.003080 -0.542467
  226 0.000000 0.000000 0.000000 0.000000 -0.000000 0.000000
  227 0.777031 1.281749 1.958798 0.196515 0.598662 0.924076
  228 -0.005470 4.496275 0.000770 0.213320 0.019605 0.282979
  229 -0.000001 4.879317 -0.000001 0.117228 0.004531 -0.036922
  230 0.000001 5.043314 0.000003 0.061731 -0.001208 0.055325
  231 -0.005470 4.496275 0.000770 0.213320 0.019605 0.282979
  232 -0.000001 4.879317 -0.000001 0.117228 0.004531 -0.036922
  233 0.000001 5.043314 0.000003 0.061731 -0.001208 0.055325
  234 -0.005473 4.496282 0.000771 0.213321 0.019605 0.282979
  235 0.000000 0.000000 0.000000 0.000000 -0.000000 0.000000
  236 -0.005470 4.496275 0.000770 0.213321 0.019605 0.282979
  237 0.000000 0.000000 0.000000 -0.000000 0.000001 0.000000
  238 0.000001 4.879313 -0.000002 0.117227 0.004531 -0.036922
  239 0.000000 0.000000 0.000000 -0.000000 0.000000 -0.000000
  240 0.000001 5.043315 0.000001 0.061731 -0.001208 0.055324
  241 0.000000 0.000000 0.000000 -0.000000 0.000000 0.000000
  242 -0.000009 10.325294 0.000006 3.141593 -0.093079 -0.000000
  243 0.000002 -0.000002 0.000003 0.000001 0.000000 0.000001
  244 0.000000 0.000000 0.000000 0.000000 -0.000000 -0.000000
  245 -0.005470 4.496275 0.000770 0.213320 0.019605 0.282979
  246 0.986057 0.947621 1.368035 0.166522 0.766159 0.595879
  247 0.000712 5.486132 -0.000100 0.036912 -0.459751 0.204801
  248 0.000001 4.968770 0.000004 0.102978 0.003073 -0.030016
  249 -0.000001 5.803462 0.000000 0.088413 -0.001678 0.049316
  250 0.000712 5.486132 -0.000100 0.036912 -0.459751 0.204801
  251 0.000001 4.968770 0.000004 0.102978 0.003073 -0.030016
  252 -0.000001 5.803462 0.000000 0.088413 -0.001678 0.049316
  253 0.000706 5.486135 -0.000104 0.036911 -0.459751 0.204801
  254 0.000000 0.000000 0.000000 -0.000000 -0.000000 0.000000
  255 0.000712 5.486132 -0.000100 0.036911 -0.459751 0.204801
  256 0.000000 0.000000 0.000000 -0.000000 -0.000000 -0.000000
  257 -0.000001 4.968775 0.000003 0.102978 0.003073 -0.030015
  258 0.000000 0.000000 0.000000 -0.000000 -0.000000 -0.000001
  259 -0.000002 5.803463 0.000001 0.088413 -0.001678 0.049316
  260 0.000000 0.000000 0.000000 -0.000000 -0.000000 0.000000
  261 -0.000001 9.111454 -0.000002 3.141592 0.806825 -0.000001
  262 -0.000000 0.000001 0.000004 -0.000000 -0.000000 0.000000
  263 0.000001 0.000001 0.000001 0.000000 0.000000 0.000000
  264 0.000712 5.486132 -0.000100 0.036912 -0.459751 0.204801
  265 2.510272 0.335972 0.022940 -0.704386 0.728958 -0.808876
  266 2.510272 0.335972 0.022940 -0.704386 0.728958 -0.808876
  267 2.510272 0.335972 0.022940 -0.704386 0.728958 -0.808876
  268 -0.904460 6.782037 3.867484 -1.648657 1.414472 0.040259
  269 -0.010191 19.450798 -0.828330 -2.398028 -0.910772 1.274675
  270 0.000001 19.385763 0.000000 1.718660 -0.000000 -0.000000
  271 0.000005 24.518278 0.000005 -0.298926 -0.419868 0.446750
  272 -0.000000 0.000000 0.000000 0.000000 -0.000001 -0.000001
  273 -0.000000 0.000000 0.000000 -0.000000 0.000001 0.000001
  274 0.000001 0.000002 -0.000000 -0.000000 0.000001 0.000000
  275 -0.000000 -0.000002 -0.000000 0.000000 -0.000000 0.000000
  276 0.000004 12.259138 0.000004 0.000000 -0.238064 -0.000000
  277 0.000000 0.000000 0.000000 -0.000001 -0.001371 0.000001
  278 0.000000 0.000000 -0.000000 0.000000 0.000000 -0.000000
  279 -0.000000 9.692883 -0.000001 0.000000 0.070839 -0.000000
  280 0.000000 0.000000 0.000000 -0.000000 0.000000 0.000000
  281 -0.000001 0.000002 -0.000000 0.000000 -0.000000 0.000000
  282 -0.010190 19.450800 -0.828329 -1.068311 0.458283 -0.722012
  283 -0.010190 19.450800 -0.828329 0.041385 0.124298 -1.319061
  284 -0.000000 0.000000 0.000000 -1.332781 -0.484537 2.373637
  285 -0.000001 20.126818 0.000002 0.277335 -0.000000 0.000000
  286 -0.000001 25.356457 0.000000 0.198412 0.005445 -0.027073
  287 0.000000 0.000000 0.000000 -0.000000 -0.000000 -0.000000
  288 -0.000000 0.000000 0.000000 -1.268975 -0.742529 2.372942
  289 -0.000003 -0.000001 0.000000 -0.994052 -0.187918 -0.000000
  290 -0.000001 19.385761 0.000000 1.718660 -0.000000 0.000000
  291 -0.010191 19.450798 -0.828330 -2.279674 -0.992307 1.129538
  292 0.000000 0.000000 0.000000 -0.000000 0.000000 0.000000
  293 -0.010191 19.450798 -0.828330 -2.279674 -0.992307 1.129538
  294 0.000001 9.692875 0.000001 0.000000 -0.046248 -0.000000
  295 -0.000004 9.692883 -0.000001 1.718660 -0.070839 0.000001
  296 -0.000001 12.259138 0.000000 -0.000000 -0.239436 0.000000
  297 0.000002 12.259138 0.000004 -0.194147 -0.202081 0.414472
  298 -0.838803 0.695164 1.002012 -0.146529 -0.831651 -0.111056
  299 -0.002991 6.236559 0.000076 0.057776 0.287169 -0.072684
  300 -0.000000 5.184051 -0.000001 0.183955 0.003807 -0.022168
  301 0.000001 5.576724 0.000002 0.060917 -0.000643 0.036172
  302 -0.002991 6.236559 0.000076 0.057776 0.287169 -0.072685
  303 -0.000001 5.184050 -0.000001 0.183955 0.003807 -0.022168
  304 0.000001 5.576724 0.000002 0.060917 -0.000643 0.036172
  305 -0.002990 6.236566 0.000072 0.057776 0.287169 -0.072685
  306 0.000000 0.000000 0.000000 -0.000000 0.000000 0.000000
  307 -0.002991 6.236559 0.000076 0.057776 0.287169 -0.072685
  308 0.000000 0.000000 0.000000 0.000000 0.000000 0.000000
  309 -0.000003 5.184052 -0.000001 0.183955 0.003806 -0.022168
  310 0.000000 0.000000 0.000000 0.000000 0.000000 0.000001
  311 0.000002 5.576722 0.000001 0.060917 -0.000643 0.036172
  312 0.000000 0.000000 0.000000 0.000000 0.000000 0.000000
  313 -0.000000 9.158412 0.000004 3.141593 -0.324015 0.000000
  314 0.000000 0.000000 0.000000 0.000001 0.000000 0.000000
  315 -0.000000 -0.000001 -0.000001 0.000000 -0.000000 -0.000000
  316 -0.002991 6.236559 0.000076 0.057776 0.287169 -0.072684
  317 -0.208228 1.308909 0.886641 -0.521836 -0.710748 0.438946
  318 -0.000357 4.942897 -0.000568 0.177556 0.296553 0.038426
  319 -0.000001 6.134690 -0.000003 0.093397 0.004722 -0.048261
  320 0.000000 5.142237 -0.000002 -0.002379 -0.000042 0.073619
  321 -0.000357 4.942897 -0.000568 0.177556 0.296553 0.038426
  322 -0.000001 6.134691 -0.000003 0.093397 0.004722 -0.048261
  323 0.000000 5.142237 -0.000002 -0.002379 -0.000042 0.073619
  324 -0.000356 4.942903 -0.000568 0.177555 0.296553 0.038426
  325 0.000000 0.000000 0.000000 -0.000000 -0.000000 0.000000
  326 0.000000 0.000000 0.000000 -0.000000 -0.000000 0.000000
  327 -0.000357 4.942897 -0.000568 0.177555 0.296552 0.038425
  328 0.000000 0.000000 0.000000 -0.000000 0.000001 0.000001
  329 -0.000001 6.134690 -0.000001 0.093397 0.004721 -0.048261
  330 0.000000 0.000000 0.000000 -0.000000 0.000001 0.000001
  331 0.000001 5.142235 -0.000001 -0.002379 -0.000043 0.073618
  332 0.000000 0.000000 0.000000 0.000000 0.000001 0.000001
  333 0.000002 9.920082 -0.000002 3.141593 -0.323204 -0.000000
  334 -0.000002 0.000004 0.000001 -0.000000 0.000000 -0.000000
  335 -0.000000 -0.000000 -0.000000 0.000000 -0.000000 -0.000000
  336 -0.000357 4.942897 -0.000568 0.177555 0.296553 0.038426
  337 0.000000 0.000000 0.000000 -0.000000 -0.000000 0.000000
  338 -1.229535 0.555888 1.288364 -0.746847 -0.623235 0.695221
  339 0.010415 5.780714 -0.001257 0.207022 0.080208 0.208698
  340 0.000002 5.046763 -0.000001 0.163129 -0.005800 0.038569
  341 0.000004 4.876217 -0.000002 0.128267 0.002099 -0.057280
  342 0.010415 5.780714 -0.001257 0.207022 0.080208 0.208698
  343 0.000002 5.046763 -0.000001 0.163129 -0.005800 0.038569
  344 0.000004 4.876217 -0.000002 0.128267 0.002099 -0.057280
  345 0.010417 5.780711 -0.001258 0.207022 0.080209 0.208698
  346 0.000000 0.000000 0.000000 -0.000000 0.000000 0.000000
  347 0.000000 0.000000 0.000000 -0.000000 0.000000 0.000000
  348 0.010415 5.780714 -0.001257 0.207022 0.080209 0.208698
  349 0.000000 0.000000 0.000000 0.000000 0.000000 0.000000
  350 -0.000002 5.046765 0.000001 0.163129 -0.005800 0.038570
  351 0.000000 0.000000 0.000000 -0.000000 -0.000001 -0.000000
  352 0.000002 4.876216 -0.000001 0.128266 0.002099 -0.057281
  353 0.000000 0.000000 0.000000 0.000000 0.000001 0.000000
  354 -0.000005 10.336265 0.000002 -3.141593 0.095607 0.000001
  355 0.000000 0.000000 0.000000 0.000000 0.000000 0.000000
  356 0.000000 0.000000 0.000000 -0.000000 -0.000000 -0.000000
  357 0.010415 5.780714 -0.001257 0.207022 0.080208 0.208698
  358 0.000000 0.000000 0.000000 -0.000000 0.000000 0.000000
  359 -2.510272 0.335970 0.022938 -0.704386 -0.728957 0.808876
  360 -0.004472 4.183050 0.001608 0.204093 0.003080 0.542466
  361 -0.000000 4.945984 -0.000000 0.106460 -0.001325 0.011933
  362 -0.000000 6.128852 0.000000 0.154829 0.001325 -0.020280
  363 -0.004472 4.183050 0.001608 0.204093 0.003080 0.542466
  364 -0.000000 4.945984 -0.000000 0.106460 -0.001325 0.011933
  365 -0.000000 6.128852 0.000000 0.154829 0.001325 -0.020280
  366 -0.004472 4.183054 0.001611 0.204093 0.003080 0.542466
  367 0.000000 0.000000 0.000000 0.000000 0.000000 -0.000000
  368 0.000000 0.000000 0.000000 0.000000 0.000000 -0.000000
  369 -0.004472 4.183050 0.001608 0.204093 0.003081 0.542467
  370 0.000000 0.000000 0.000000 -0.000000 -0.000001 -0.000001
  371 0.000000 4.945985 -0.000000 0.106460 -0.001324 0.011934
  372 0.000000 0.000000 0.000000 -0.000000 -0.000001 -0.000001
  373 -0.000000 6.128852 0.000001 0.154829 0.001326 -0.020280
  374 -0.000000 -0.000000 -0.000000 0.000000 -0.000000 -0.000000
  375 -0.000001 8.781748 0.000002 3.141593 0.488190 -0.000000
  376 0.000000 0.000000 0.000000 0.000000 -0.000000 0.000000
  377 0.000000 0.000000 0.000000 0.000000 0.000000 0.000000
  378 -0.004472 4.183050 0.001608 0.204093 0.003080 0.542466
  379 0.000000 0.000000 0.000000 0.000000 0.000000 -0.000000
  380 -0.777027 1.281752 1.958797 0.196514 -0.598662 -0.924076
  381 -0.015488 4.485858 -0.002136 0.213321 -0.019605 -0.282980
  382 0.000003 4.879314 -0.000001 0.135992 -0.004531 0.036922
  383 0.000000 5.043320 0.000001 0.080496 0.001208 -0.055324
  384 -0.015488 4.485858 -0.002136 0.213321 -0.019605 -0.282980
  385 0.000003 4.879314 -0.000001 0.135992 -0.004531 0.036922
  386 0.000000 5.043320 0.000001 0.080496 0.001208 -0.055324
  387 -0.015488 4.485857 -0.002137 0.213321 -0.019605 -0.282980
  388 0.000000 0.000000 0.000000 -0.000000 0.000000 0.000000
  389 -0.015488 4.485858 -0.002136 0.213321 -0.019605 -0.282979
  390 0.000000 0.000000 0.000000 -0.000000 -0.000000 -0.000001
  391 0.000001 4.879313 -0.000000 0.135992 -0.004531 0.036922
  392 0.000000 0.000000 0.000000 0.000000 -0.000000 -0.000000
  393 -0.000001 5.043317 0.000000 0.080496 0.001208 -0.055324
  394 0.000000 0.000000 0.000000 -0.000000 -0.000000 -0.000000
  395 -0.000004 10.325290 0.000003 3.141593 0.093079 0.000000
  396 0.000000 -0.000001 -0.000001 0.000000 0.000000 0.000000
  397 0.000000 0.000000 0.000000 0.000000 -0.000000 0.000000
  398 -0.015488 4.485858 -0.002136 0.213321 -0.019605 -0.282980
  399 -0.986059 0.947621 1.368038 0.166521 -0.766158 -0.595878
  400 0.003336 5.488837 0.000344 0.036912 0.459751 -0.204801
  401 0.000001 4.968773 0.000002 0.097939 -0.003072 0.030016
  402 0.000000 5.803464 -0.000000 0.083374 0.001678 -0.049316
  403 0.003336 5.488837 0.000344 0.036912 0.459751 -0.204801
  404 0.000001 4.968773 0.000002 0.097939 -0.003072 0.030016
  405 0.000000 5.803464 -0.000000 0.083374 0.001678 -0.049316
  406 0.003340 5.488838 0.000346 0.036912 0.459751 -0.204801
  407 0.000000 0.000000 0.000000 0.000000 0.000000 -0.000000
  408 0.003336 5.488837 0.000344 0.036912 0.459751 -0.204802
  409 0.000000 0.000000 0.000000 -0.000000 0.000000 0.000000
  410 0.000002 4.968776 0.000001 0.097939 -0.003073 0.030015
  411 0.000000 0.000000 0.000000 -0.000000 0.000000 0.000000
  412 -0.000001 5.803465 -0.000001 0.083374 0.001678 -0.049315
  413 0.000000 0.000000 0.000000 0.000000 -0.000000 -0.000000
  414 -0.000000 9.111450 0.000001 3.141592 -0.806826 0.000001
  415 0.000000 -0.000001 -0.000001 0.000000 0.000000 0.000000
  416 -0.000004 -0.000001 -0.000001 -0.000000 -0.000000 0.000000
  417 0.003336 5.488837 0.000344 0.036912 0.459751 -0.204801
  418 -2.510273 0.335973 0.022941 -0.704386 -0.728957 0.808876
  419 -2.510273 0.335973 0.022941 -0.704386 -0.728957 0.808876
  420 -2.510273 0.335973 0.022941 -0.704386 -0.728957 0.808876
  421 8.463117 -0.489841 -2.120327 1.542233 0.000000 3.141593
  422 0.000000 -0.000001 0.000000 -0.000000 -0.000000 0.000000
  423 -8.463113 -0.489832 -2.120324 1.542233 0.000000 -3.141593
  424 0.000000 -0.000001 0.000001 -0.000000 -0.000000 0.000000
  425 8.463116 -0.489841 -2.120327 1.542233 0.000000 3.141593
  426 -8.463113 -0.489832 -2.120324 1.542233 0.000000 -3.141593
  427 0.904460 6.782037 3.867485 -2.281071 -1.335193 0.991192
  428 -0.904460 6.782037 3.867484 -1.648657 1.414472 0.040259
  429 0.000000 0.000000 -0.000000 -0.000000 0.000000 -0.000000
  430 -2.384858 45.420403 15.540361 0.000000 -0.000000 1.570796
  431 -4.629933 -17.175293 1.118179 0.449159 1.185742 -2.160568
  432 0.000005 0.000003 0.000001 -0.000000 0.000000 0.000000
  433 -6.533720 23.868401 -6.622952 -0.697246 -0.321480 1.590177
  434 16.090847 8.789689 39.198326 0.636717 0.964784 -2.018134
  435 -2.384865 -45.420403 15.540361 0.000000 -0.000000 1.570796
  436 4.221677 -4.390067 7.380074 -0.740301 -0.817131 2.861881
  437 0.000003 -0.000003 0.000000 0.000000 0.000000 -0.000000
  438 -15.997515 -10.245139 -7.677732 -0.539576 0.124879 1.475617
  439 -46.961269 -16.166168 -7.929671 0.636716 -0.964785 2.018134
  440 -0.483101 8.250682 -13.900933 0.000000 -0.000000 1.570796
  441 4.360191 -3.605510 -0.692878 -0.018761 0.000000 0.172585
  442 -0.000001 -6.475163 -8.877786 -0.000000 0.000000 0.000000
  443 0.000001 6.475163 8.877786 -0.000000 0.000000 0.000000
  444 -1.878121 12.014875 -0.599893 -0.000000 0.000000 0.000000
  445 3.953934 0.000001 -0.000002 0.000000 -0.000000 -0.000000
  446 -1.976972 0.000000 0.000000 -0.000000 0.000000 0.000000
  447 -0.098849 -12.014876 0.599888 -0.000000 -0.000000 -0.000000
  448 0.000001 6.475165 8.877787 -2.200961 0.000249 0.000341
  449 -0.000002 0.000001 0.000001 -0.000000 0.000000 0.000000
  450 -0.000001 10.988307 0.000000 2.200961 0.000422 -0.000000
  451 -0.000000 0.000000 -0.000002 -0.060252 -0.000000 3.141593
  452 46.673782 11.150456 -5.444290 -0.098771 -0.027232 1.627605
  453 1.961088 -0.448856 0.257714 -0.003598 0.000000 -0.000000
  454 -0.483102 -8.250682 -13.900933 0.000000 -0.000000 1.570796
  455 -3.535180 14.841063 2.707210 0.173715 0.013890 -0.239419
  456 -0.000001 -6.475163 -8.877787 0.000000 0.000000 -0.000000
  457 0.000000 6.475165 8.877786 0.498556 0.119228 0.015898
  458 1.878121 12.014868 -0.599890 0.000000 0.127797 -0.000000
  459 -3.953927 -0.000001 -0.000005 -0.000000 0.000000 0.000000
  460 1.976969 0.000002 -0.000005 0.000000 -0.000000 0.000000
  461 0.098850 -12.014869 0.599889 0.496529 -0.008553 0.015785
  462 0.000000 6.475162 8.877784 -2.200961 -0.000249 -0.000341
  463 0.000000 0.000002 0.000001 0.000000 0.000000 -0.000000
  464 -0.000001 10.988303 0.000000 1.704436 0.014083 0.010580
  465 0.000000 0.000000 0.000000 -0.060252 0.000000 -3.141593
  466 47.610359 -5.318181 -5.893597 -0.098771 -0.027232 1.627605
  467 -5.924034 1.355897 -0.778503 -0.003598 0.000000 -0.000000
  time 10
  0 0.000000 0.000000 -23.603888 0.000000 -0.000000 1.570796
  1 0.066108 -1.674181 34.718769 1.851030 -0.021621 0.031625
  2 0.000002 10.999707 0.000001 -0.048318 -0.000000 0.000000
  3 0.000001 6.753159 0.000000 -0.085753 -0.053692 -0.062825
  4 0.000000 8.544829 -0.000001 0.076022 -0.134580 -0.073904
  5 0.000000 9.518033 -0.000002 -0.040461 0.093850 0.067181
  6 0.000000 3.039630 -0.000000 0.193883 0.033455 0.006567
  7 -0.000000 3.098969 -0.000001 -0.928680 0.095923 -0.050359
  8 33.638618 -8.329237 54.613792 -0.544097 2.324971 -0.874423
  9 -24.297647 10.719997 58.575294 0.793296 -2.657759 0.268481
  10 10.829403 -15.023538 18.919273 -2.808909 0.045659 0.064074
  11 -10.095256 -11.794471 16.281900 -2.879331 -0.086665 -0.112949
  12 -1.789155 0.000000 28.175615 0.000000 -0.000000 1.570796
  13 0.000001 -4.987339 -11.776653 0.108650 -0.021621 0.031625
  14 -0.000000 -1.769384 12.121011 0.000000 0.000000 -0.000000
  15 0.000000 -1.769384 12.121011 0.119514 0.146063 -0.179076
  16 -0.000001 -1.769384 12.121011 0.000000 0.000000 -0.000000
  17 0.000000 -0.000001 0.000000 1.694062 -0.000000 -0.000000
  18 -0.000001 -6.753159 -0.000000 -1.694062 0.000000 -0.000000
  19 -0.000000 0.000000 -0.000000 1.742379 -0.000000 0.000000
  20 0.000000 -10.999711 0.000001 0.000000 0.000000 -0.000000
  21 -0.000000 0.000000 0.000000 0.000000 0.000000 -0.000000
  22 -0.000000 0.000000 0.000000 -1.341552 -1.993774 0.192913
  23 -0.000000 -0.000002 0.000001 -0.000000 0.000000 -0.000000
  24 -0.000000 0.000000 0.000000 -1.341552 1.993774 -0.192913
  25 0.000000 -0.000002 0.000001 -0.000000 -0.000000 0.000000
  26 8.250685 -0.215594 2.184242 2.213460 0.000755 0.150626
  27 -0.000000 19.232441 0.000003 1.514323 -0.000000 0.000000
  28 -0.000002 15.589442 -0.000003 -1.502970 0.007710 0.246598
  29 -0.000226 10.987486 -0.000809 0.880380 -3.141171 0.000000
  30 -1.873868 4.392865 10.061483 -0.000523 0.630166 -1.571104
  31 0.000000 0.000001 0.000002 -0.000000 -0.000000 -0.000000
  32 -0.000000 0.000000 -0.000000 0.000000 0.000000 0.000000
  33 -0.000001 0.000003 -0.000002 0.000000 0.000000 -0.000000
  34 0.000000 0.000000 0.000000 0.000000 0.000000 -0.000000
  35 -0.000001 7.794724 -0.000005 0.000000 -0.094052 -0.000000
  36 0.000000 0.000000 0.000000 0.000000 0.000205 0.000000
  37 -0.000001 -0.000002 0.000002 0.000000 0.000000 0.000000
  38 -0.000002 9.616223 0.000005 0.000000 -0.050722 -0.000000
  39 -0.000000 0.000001 -0.000001 -0.000000 0.000000 0.000000
  40 -8.250685 -0.215603 2.184239 2.443424 -0.123931 -0.074655
  41 -0.000001 19.224562 -0.000002 1.590557 0.000000 0.000000
  42 0.000002 15.580835 0.000000 -1.545101 -0.031868 -0.001134
  43 0.000027 10.987426 -0.000900 1.128661 -3.134762 0.005290
  44 1.873868 4.392863 10.061481 0.000523 2.511427 1.571105
  45 0.000000 0.000002 0.000002 -0.000000 -0.000000 -0.000000
  46 0.000000 0.000000 -0.000000 0.000000 0.000000 0.000000
  47 0.000000 0.000002 -0.000001 0.000000 -0.000000 0.000000
  48 0.000000 0.000000 0.000000 -0.000000 0.000000 0.000000
  49 0.000001 7.790421 -0.000004 0.000000 -0.012837 -0.000000
  50 0.000000 0.000000 0.000000 -0.000000 -0.000205 -0.000000
  51 0.000001 -0.000004 -0.000000 -0.000000 0.000000 0.000000
  52 0.000000 9.612283 -0.000000 -0.000000 -0.046533 0.000000
  53 0.000000 0.000000 0.000000 0.000000 -0.000000 0.000000
  54 8.250687 -0.215594 2.184242 2.903292 -0.000000 -0.000000
  55 8.250687 -0.215594 2.184242 -1.742379 -0.000000 0.000000
  56 -0.000000 -0.000000 0.000000 -1.637514 0.000000 -0.000000
  57 0.000001 19.896326 0.000001 0.140363 -0.000000 0.000000
  58 -0.000000 16.264105 -0.000000 -0.703810 -0.000322 0.000273
  59 0.000000 -0.000000 0.000000 -0.000000 0.000000 0.000000
  60 -0.000000 10.988299 0.000001 0.880380 -3.141170 0.000000
  61 0.000000 0.000001 0.000000 0.000000 -0.000000 -0.000000
  62 -0.000000 -0.000000 0.000000 -1.671726 -0.145324 0.007615
  63 -0.000002 -0.000000 0.000000 -0.658604 0.032577 0.000000
  64 -0.000004 19.232435 0.000002 1.514323 -0.000000 0.000000
  65 8.250685 -0.215594 2.184242 2.211565 0.053202 0.080447
  66 0.000000 -0.000000 0.000000 -0.000000 -0.000000 -0.000000
  67 8.250685 -0.215594 2.184242 2.211565 0.053202 0.080447
  68 0.000000 9.616224 0.000000 -0.000000 0.036863 -0.000000
  69 -0.000001 9.616221 -0.000001 1.514323 0.050722 0.000000
  70 -0.000001 7.794715 0.000001 0.000000 -0.093847 0.000000
  71 0.000001 7.794720 -0.000002 -1.480054 0.098729 0.247824
  72 -0.000002 10.987510 0.000001 0.880306 -3.141171 -0.000020
  73 -8.250687 -0.215595 2.184239 2.903292 -0.000000 -0.000000
  74 -8.250687 -0.215595 2.184239 -1.742379 -0.000000 0.000000
  75 -0.000000 -0.000000 0.000000 -1.637514 0.000000 0.000000
  76 0.000000 19.896326 0.000000 0.140363 0.000000 0.000000
  77 0.000000 16.264107 -0.000001 -0.703810 0.000322 -0.000273
  78 0.000000 -0.000002 -0.000001 -0.000000 0.000000 0.000000
  79 0.000001 10.988299 0.000000 0.880380 3.141171 -0.000000
  80 0.000000 0.000001 0.000000 0.000000 0.000000 0.000000
  81 -0.000000 -0.000000 0.000000 -1.408451 0.075821 0.006034
  82 0.000001 0.000008 -0.000000 -0.688896 0.116931 -0.000000
  83 0.000001 19.224556 -0.000003 1.590557 0.000000 0.000000
  84 -8.250684 -0.215603 2.184239 2.448185 -0.063198 -0.125578
  85 0.000000 -0.000000 0.000000 0.000000 -0.000000 0.000000
  86 -8.250684 -0.215603 2.184239 2.448185 -0.063198 -0.125579
  87 0.000000 9.612288 0.000001 0.000000 0.032575 -0.000000
  88 0.000001 9.612286 0.000000 1.590557 0.046534 -0.000000
  89 0.000002 7.790412 0.000000 0.000000 -0.013042 0.000000
  90 0.000000 7.790421 0.000000 -1.545199 -0.018829 -0.001133
  91 0.000001 10.987444 -0.000001 1.128579 -3.134763 0.005293
  92 -0.000000 0.000000 0.000001 -0.048317 0.000000 0.000000
  93 -0.000000 0.000000 -0.000000 -0.000000 -0.000000 0.000000
  94 0.000000 -10.999711 0.000001 0.000000 0.000000 -0.000000
  95 -0.000000 -1.769384 12.121011 0.062882 0.070363 -0.091492
  96 -0.000000 -0.000001 0.000000 1.538978 -0.000000 -0.000000
  97 -0.000000 -0.000000 0.000000 0.122856 0.046286 0.034444
  98 0.000000 0.000000 0.000000 -0.155084 -0.000000 -0.000000
  99 0.000000 0.000000 0.000000 -0.000000 -0.000000 0.000000
  100 -0.000001 8.544827 -0.000001 -1.469600 -0.088973 -0.073526
  101 0.000000 0.000000 0.000000 1.542233 0.000000 -0.000000
  102 0.000000 9.518036 -0.000001 -0.040461 0.093851 0.067181
  103 0.000000 3.039630 -0.000000 0.193883 0.033455 0.006567
  104 -0.000000 3.098969 0.000000 -0.928680 0.095923 -0.050359
  105 0.000000 9.518036 -0.000001 -1.605181 0.093851 0.067181
  106 0.000000 0.000000 0.000000 1.662547 -0.000000 -0.000000
  107 0.000001 6.109814 -0.000000 -1.725843 0.101231 0.055416
  108 0.000000 0.000000 0.000000 0.905132 0.086093 0.047451
  109 0.000000 0.000000 0.000000 -0.097827 0.000000 -0.000000
  110 0.000000 0.000000 0.000000 -0.000000 0.000000 -0.000000
  111 0.000001 3.025097 -0.296883 -0.334255 0.030919 -0.039084
  112 0.000000 0.000000 0.000000 0.095948 -0.000000 -0.000000
  113 0.000000 -0.000000 -0.000000 0.000000 -0.000000 0.000000
  114 -0.000000 -0.000000 0.000000 -0.000000 0.000000 -0.000000
  115 0.904461 6.782032 3.867488 0.611232 -1.746253 -1.916158
  116 0.010191 19.450785 -0.828328 -2.169168 0.382244 -2.094992
  117 0.000001 19.399782 0.000005 1.622440 0.000000 0.000000
  118 0.000001 24.544357 -0.000005 0.795342 0.418290 1.432051
  119 0.000000 0.000000 0.000000 -0.000000 0.000001 0.000001
  120 0.000000 0.000000 0.000000 0.000000 -0.000001 -0.000001
  121 0.000002 0.000002 0.000003 -0.000001 -0.000000 -0.000000
  122 0.000001 -0.000002 -0.000001 0.000000 0.000000 0.000000
  123 -0.000000 12.272180 -0.000003 -0.000000 0.446045 -0.000000
  124 0.000001 -0.000002 -0.000000 -0.000001 0.001371 -0.000001
  125 0.000001 -0.000002 0.000001 -0.000000 -0.000000 0.000000
  126 0.000003 9.699889 0.000004 0.000000 -0.577619 -0.000000
  127 0.000000 0.000000 0.000000 -0.000000 -0.000000 -0.000000
  128 -0.000000 0.000002 -0.000000 0.000000 0.000000 -0.000000
  129 0.010190 19.450794 -0.828329 -1.068311 -0.458283 0.722012
  130 0.010191 19.450794 -0.828329 0.041386 -0.124298 1.319061
  131 0.000000 0.000000 0.000000 -1.332781 0.484537 -2.373637
  132 -0.000001 20.126825 -0.000000 0.277335 0.000000 -0.000000
  133 -0.000001 25.356459 0.000001 0.198412 -0.005445 0.027074
  134 0.000000 0.000000 0.000000 -0.000000 0.000000 0.000000
  135 -0.000003 -0.000002 0.000001 -1.084880 -0.060912 -2.724294
  136 0.000003 -0.000002 -0.000002 -0.933851 0.740204 0.000000
  137 -0.000003 19.399775 0.000003 1.622440 0.000000 0.000000
  138 0.010192 19.450783 -0.828328 -1.552806 0.697037 -0.996811
  139 0.000000 0.000000 0.000000 -0.000000 -0.000000 -0.000000
  140 0.010193 19.450783 -0.828328 -1.552806 0.697037 -0.996810
  141 0.000001 9.699889 0.000000 0.000000 0.394809 0.000000
  142 -0.000003 9.699883 0.000000 1.622439 0.577619 -0.000001
  143 0.000003 12.272182 -0.000001 0.000000 0.447416 -0.000000
  144 0.000003 12.272176 -0.000003 0.327545 0.316813 1.261020
  145 0.838801 0.695165 1.002013 -0.146528 0.831651 0.111056
  146 -0.000143 6.245393 0.000198 0.057776 -0.287169 0.072684
  147 0.000000 5.184049 -0.000000 0.166243 -0.003807 0.022168
  148 -0.000003 5.576715 0.000001 0.043205 0.000643 -0.036172
  149 -0.000143 6.245393 0.000198 0.057776 -0.287169 0.072684
  150 0.000000 5.184049 -0.000000 0.166243 -0.003807 0.022168
  151 -0.000003 5.576715 0.000001 0.043205 0.000643 -0.036172
  152 -0.000147 6.245396 0.000198 0.057776 -0.287169 0.072685
  153 0.000000 0.000000 0.000000 -0.000000 -0.000000 -0.000000
  154 -0.000143 6.245393 0.000198 0.057776 -0.287169 0.072685
  155 0.000000 0.000000 0.000000 0.000000 -0.000000 -0.000000
  156 0.000000 5.184049 0.000001 0.166243 -0.003806 0.022168
  157 0.000000 0.000000 0.000000 0.000000 -0.000000 -0.000001
  158 -0.000002 5.576718 0.000000 0.043205 0.000643 -0.036172
  159 0.000000 0.000000 0.000000 0.000000 -0.000000 -0.000000
  160 0.000002 9.158419 -0.000000 3.141593 0.324016 -0.000001
  161 0.000001 -0.000002 0.000004 0.000000 -0.000000 -0.000000
  162 0.000000 0.000000 0.000000 0.000000 -0.000000 0.000000
  163 -0.000143 6.245393 0.000198 0.057776 -0.287169 0.072684
  164 0.208220 1.308906 0.886642 -0.521836 0.710749 -0.438946
  165 -0.000058 4.941673 0.000034 0.177555 -0.296553 -0.038426
  166 -0.000000 6.134694 0.000000 0.097740 -0.004722 0.048261
  167 -0.000000 5.142240 -0.000000 0.001962 0.000042 -0.073620
  168 -0.000058 4.941673 0.000034 0.177555 -0.296553 -0.038426
  169 -0.000000 6.134694 -0.000000 0.097740 -0.004722 0.048261
  170 -0.000000 5.142240 -0.000000 0.001962 0.000042 -0.073620
  171 -0.000059 4.941669 0.000034 0.177555 -0.296553 -0.038426
  172 0.000000 0.000000 0.000000 -0.000000 -0.000000 -0.000000
  173 0.000000 0.000000 0.000000 -0.000000 -0.000000 -0.000000
  174 -0.000058 4.941673 0.000034 0.177554 -0.296552 -0.038425
  175 0.000000 0.000000 0.000000 -0.000000 -0.000001 -0.000001
  176 0.000001 6.134695 0.000001 0.097740 -0.004721 0.048261
  177 0.000000 0.000000 0.000000 -0.000000 -0.000001 -0.000001
  178 -0.000001 5.142240 0.000001 0.001963 0.000043 -0.073618
  179 0.000000 0.000000 0.000000 -0.000000 -0.000001 -0.000001
  180 0.000002 9.920086 0.000002 3.141593 0.323205 0.000000
  181 0.000000 0.000003 0.000003 0.000000 -0.000000 -0.000000
  182 0.000003 -0.000001 0.000001 0.000000 0.000000 0.000000
  183 -0.000058 4.941673 0.000034 0.177555 -0.296553 -0.038426
  184 0.000000 0.000000 0.000000 -0.000000 -0.000000 -0.000000
  185 1.229528 0.555895 1.288365 -0.746848 0.623235 -0.695222
  186 0.002625 5.788411 0.000300 0.207022 -0.080208 -0.208698
  187 -0.000001 5.046764 0.000001 0.145418 0.005800 -0.038570
  188 -0.000001 4.876214 0.000001 0.110556 -0.002099 0.057280
  189 0.002625 5.788411 0.000300 0.207022 -0.080208 -0.208698
  190 -0.000001 5.046764 0.000001 0.145418 0.005800 -0.038570
  191 -0.000001 4.876213 0.000000 0.110556 -0.002099 0.057280
  192 0.002617 5.788405 0.000294 0.207022 -0.080209 -0.208698
  193 0.000000 0.000000 0.000000 0.000000 -0.000000 0.000000
  194 0.000000 0.000000 0.000000 0.000000 -0.000000 0.000000
  195 0.002625 5.788411 0.000300 0.207022 -0.080208 -0.208698
  196 0.000000 0.000000 0.000000 -0.000000 0.000000 0.000000
  197 0.000000 5.046764 0.000001 0.145418 0.005800 -0.038571
  198 0.000000 0.000000 0.000000 -0.000000 0.000000 0.000000
  199 -0.000002 4.876213 -0.000002 0.110555 -0.002099 0.057281
  200 0.000000 0.000000 0.000000 0.000000 -0.000001 -0.000000
  201 -0.000001 10.336262 0.000002 -3.141592 -0.095607 -0.000001
  202 0.000000 0.000000 0.000000 0.000000 0.000000 0.000000
  203 0.000003 -0.000000 0.000003 -0.000001 -0.000000 0.000000
  204 0.002625 5.788411 0.000300 0.207022 -0.080208 -0.208698
  205 0.000000 0.000000 0.000000 0.000000 -0.000000 0.000000
  206 2.510269 0.335974 0.022940 -0.704386 0.728958 -0.808876
  207 -0.000356 4.182401 -0.000131 0.204092 -0.003080 -0.542465
  208 -0.000000 4.945988 0.000000 0.110803 0.001325 -0.011934
  209 0.000001 6.128848 0.000001 0.159171 -0.001326 0.020280
  210 -0.000356 4.182401 -0.000131 0.204092 -0.003080 -0.542465
  211 -0.000000 4.945988 0.000000 0.110803 0.001325 -0.011934
  212 0.000001 6.128848 0.000001 0.159171 -0.001326 0.020280
  213 -0.000359 4.182399 -0.000129 0.204092 -0.003080 -0.542466
  214 0.000000 0.000000 0.000000 -0.000000 -0.000000 -0.000000
  215 0.000000 0.000000 0.000000 -0.000000 -0.000000 -0.000000
  216 -0.000356 4.182401 -0.000131 0.204093 -0.003081 -0.542467
  217 0.000000 0.000000 0.000000 -0.000000 0.000001 0.000001
  218 -0.000004 4.945988 -0.000001 0.110802 0.001324 -0.011934
  219 0.000000 0.000000 0.000000 0.000000 0.000001 0.000001
  220 -0.000001 6.128848 0.000001 0.159171 -0.001326 0.020280
  221 0.000000 0.000000 0.000000 0.000000 0.000000 0.000000
  222 -0.000001 8.781749 -0.000000 3.141593 -0.488190 0.000000
  223 0.000000 0.000000 0.000000 -0.000000 0.000000 0.000000
  224 0.000000 0.000000 0.000000 0.000000 0.000000 0.000000
  225 -0.000356 4.182401 -0.000131 0.204092 -0.003080 -0.542465
  226 0.000000 0.000000 0.000000 -0.000000 -0.000000 -0.000000
  227 0.777027 1.281754 1.958796 0.196515 0.598662 0.924076
  228 -0.004278 4.495657 0.000607 0.213321 0.019605 0.282979
  229 -0.000000 4.879316 0.000001 0.118281 0.004531 -0.036921
  230 -0.000000 5.043320 0.000001 0.062785 -0.001208 0.055324
  231 -0.004278 4.495657 0.000607 0.213321 0.019605 0.282979
  232 -0.000000 4.879316 0.000000 0.118281 0.004531 -0.036921
  233 -0.000000 5.043320 0.000001 0.062785 -0.001208 0.055324
  234 -0.004279 4.495660 0.000604 0.213321 0.019605 0.282979
  235 0.000000 0.000000 0.000000 0.000000 -0.000000 -0.000000
  236 -0.004278 4.495657 0.000607 0.213321 0.019605 0.282979
  237 0.000000 0.000000 0.000000 0.000000 0.000000 0.000000
  238 0.000001 4.879316 -0.000000 0.118281 0.004531 -0.036922
  239 0.000000 0.000000 0.000000 0.000000 0.000000 0.000000
  240 -0.000002 5.043320 0.000002 0.062786 -0.001208 0.055324
  241 0.000000 0.000000 0.000000 -0.000000 0.000000 0.000000
  242 -0.000001 10.325295 0.000000 3.141593 -0.093079 -0.000000
  243 0.000000 0.000000 0.000000 0.000000 0.000000 0.000000
  244 0.000001 -0.000001 -0.000001 0.000000 0.000000 0.000000
  245 -0.004278 4.495657 0.000607 0.213321 0.019605 0.282979
  246 0.986048 0.947620 1.368039 0.166521 0.766158 0.595878
  247 0.000212 5.486449 -0.000032 0.036912 -0.459751 0.204801
  248 0.000001 4.968774 0.000000 0.102282 0.003073 -0.030016
  249 -0.000000 5.803463 -0.000001 0.087716 -0.001678 0.049315
  250 0.000212 5.486449 -0.000032 0.036912 -0.459751 0.204801
  251 0.000001 4.968774 0.000000 0.102282 0.003073 -0.030016
  252 -0.000000 5.803463 -0.000001 0.087716 -0.001678 0.049315
  253 0.000211 5.486454 -0.000031 0.036912 -0.459751 0.204801
  254 0.000000 0.000000 0.000000 -0.000000 -0.000000 -0.000000
  255 0.000212 5.486449 -0.000032 0.036912 -0.459751 0.204801
  256 0.000000 0.000000 0.000000 -0.000000 -0.000000 -0.000000
  257 0.000000 4.968779 0.000001 0.102282 0.003073 -0.030015
  258 0.000000 0.000000 0.000000 -0.000000 -0.000000 -0.000000
  259 -0.000001 5.803464 0.000001 0.087717 -0.001678 0.049316
  260 0.000000 0.000000 0.000000 0.000000 0.000000 0.000000
  261 0.000000 9.111455 0.000001 3.141592 0.806825 -0.000001
  262 0.000000 0.000000 0.000000 0.000000 -0.000000 -0.000000
  263 0.000001 -0.000003 0.000002 0.000000 -0.000000 0.000000
  264 0.000212 5.486449 -0.000032 0.036912 -0.459751 0.204801
  265 2.510269 0.335974 0.022942 -0.704386 0.728958 -0.808876
  266 2.510269 0.335974 0.022942 -0.704386 0.728958 -0.808876
  267 2.510269 0.335974 0.022942 -0.704386 0.728958 -0.808876
  268 -0.904460 6.782045 3.867486 -1.637579 1.385896 0.055418
  269 -0.010184 19.450800 -0.828335 -2.310336 -0.696717 1.654542
  270 0.000003 19.383127 -0.000001 1.753136 -0.000001 -0.000000
  271 0.000001 24.512362 0.000003 -0.177371 0.059518 -0.131131
  272 0.000000 0.000000 0.000000 -0.000000 -0.000001 -0.000001
  273 -0.000000 0.000000 0.000000 -0.000000 0.000001 0.000001
  274 -0.000000 0.000001 0.000001 -0.000000 0.000000 0.000000
  275 -0.000001 -0.000002 0.000000 0.000000 -0.000000 -0.000000
  276 -0.000001 12.256183 0.000000 0.000000 0.035484 0.000000
  277 0.000000 -0.000000 -0.000000 -0.000001 -0.001371 0.000001
  278 0.000000 0.000000 0.000000 -0.000000 -0.000000 -0.000000
  279 0.000002 9.691562 -0.000004 0.000000 0.305648 -0.000000
  280 0.000000 0.000000 0.000000 -0.000000 0.000000 0.000000
  281 0.000001 0.000003 -0.000000 0.000000 -0.000000 0.000000
  282 -0.010188 19.450798 -0.828334 -1.068311 0.458283 -0.722012
  283 -0.010188 19.450798 -0.828334 0.041386 0.124298 -1.319061
  284 -0.000000 0.000001 -0.000000 -1.332781 -0.484537 2.373637
  285 0.000003 20.126820 0.000001 0.277335 -0.000000 -0.000000
  286 0.000002 25.356459 0.000001 0.198412 0.005445 -0.027074
  287 0.000000 0.000000 0.000000 -0.000000 -0.000000 -0.000000
  288 -0.000000 0.000001 -0.000000 -1.064660 -0.399631 2.526075
  289 0.000001 0.000000 -0.000003 -1.015948 -0.419457 -0.000000
  290 -0.000001 19.383118 0.000001 1.753136 -0.000001 -0.000000
  291 -0.010184 19.450800 -0.828335 -1.821916 -0.945971 1.003109
  292 0.000000 0.000000 0.000000 -0.000000 0.000000 0.000000
  293 -0.010184 19.450800 -0.828335 -1.821916 -0.945971 1.003108
  294 0.000001 9.691561 0.000002 0.000001 -0.195100 0.000000
  295 -0.000001 9.691566 -0.000000 1.753136 -0.305649 0.000000
  296 0.000001 12.256186 -0.000003 0.000000 0.034112 -0.000000
  297 0.000003 12.256178 0.000002 -0.172911 0.025699 -0.130940
  298 -0.838804 0.695167 1.002010 -0.146529 -0.831651 -0.111056
  299 -0.000884 6.241370 0.000024 0.057776 0.287169 -0.072685
  300 -0.000000 5.184050 -0.000000 0.174143 0.003807 -0.022168
  301 -0.000000 5.576721 0.000001 0.051104 -0.000643 0.036172
  302 -0.000884 6.241370 0.000024 0.057776 0.287169 -0.072685
  303 -0.000000 5.184050 -0.000001 0.174143 0.003807 -0.022168
  304 0.000000 5.576722 0.000001 0.051104 -0.000643 0.036172
  305 -0.000885 6.241370 0.000022 0.057776 0.287169 -0.072685
  306 0.000000 0.000000 0.000000 -0.000000 -0.000000 0.000000
  307 -0.000884 6.241370 0.000024 0.057776 0.287169 -0.072685
  308 0.000000 0.000000 0.000000 -0.000000 0.000000 0.000000
  309 -0.000001 5.184050 -0.000001 0.174142 0.003806 -0.022168
  310 0.000000 0.000000 0.000000 0.000000 0.000000 0.000001
  311 -0.000001 5.576723 0.000002 0.051104 -0.000643 0.036172
  312 0.000000 0.000000 0.000000 0.000000 0.000000 0.000000
  313 -0.000001 9.158422 -0.000000 3.141592 -0.324016 0.000001
  314 -0.000000 -0.000001 -0.000001 -0.000000 0.000000 0.000000
  315 -0.000000 -0.000001 -0.000001 0.000000 -0.000000 0.000000
  316 -0.000884 6.241370 0.000024 0.057776 0.287169 -0.072685
  317 -0.208222 1.308909 0.886641 -0.521837 -0.710749 0.438947
  318 -0.000056 4.941910 -0.000078 0.177555 0.296553 0.038426
  319 0.000003 6.134698 -0.000003 0.096878 0.004722 -0.048260
  320 0.000002 5.142235 -0.000002 0.001100 -0.000042 0.073619
  321 -0.000056 4.941910 -0.000078 0.177555 0.296553 0.038426
  322 0.000003 6.134698 -0.000003 0.096878 0.004722 -0.048260
  323 0.000002 5.142235 -0.000002 0.001100 -0.000042 0.073619
  324 -0.000050 4.941916 -0.000080 0.177555 0.296553 0.038426
  325 0.000000 0.000000 0.000000 -0.000000 0.000000 0.000000
  326 0.000000 0.000000 0.000000 -0.000000 0.000000 0.000000
  327 -0.000056 4.941910 -0.000078 0.177554 0.296552 0.038425
  328 0.000000 0.000000 0.000000 -0.000000 0.000001 0.000001
  329 -0.000001 6.134695 -0.000001 0.096877 0.004721 -0.048261
  330 0.000000 0.000000 0.000000 -0.000000 0.000001 0.000001
  331 -0.000003 5.142237 0.000000 0.001101 -0.000043 0.073619
  332 0.000000 0.000000 0.000000 -0.000000 0.000001 0.000001
  333 0.000000 9.920084 -0.000000 3.141593 -0.323204 0.000000
  334 -0.000000 -0.000000 -0.000001 0.000000 -0.000000 -0.000000
  335 -0.000000 -0.000000 -0.000001 0.000000 0.000000 0.000000
  336 -0.000056 4.941910 -0.000078 0.177554 0.296553 0.038426
  337 0.000000 0.000000 0.000000 -0.000000 0.000000 0.000000
  338 -1.229537 0.555897 1.288357 -0.746848 -0.623235 0.695221
  339 0.003083 5.784983 -0.000369 0.207022 0.080208 0.208698
  340 -0.000000 5.046766 -0.000000 0.153317 -0.005800 0.038570
  341 0.000001 4.876209 -0.000000 0.118454 0.002099 -0.057280
  342 0.003083 5.784983 -0.000369 0.207022 0.080208 0.208698
  343 -0.000000 5.046766 -0.000000 0.153317 -0.005800 0.038570
  344 0.000001 4.876209 -0.000000 0.118454 0.002099 -0.057280
  345 0.003086 5.784986 -0.000371 0.207022 0.080209 0.208698
  346 0.000000 0.000000 0.000000 -0.000000 -0.000000 -0.000000
  347 0.000000 0.000000 0.000000 -0.000000 -0.000000 -0.000000
  348 0.003083 5.784983 -0.000369 0.207022 0.080209 0.208698
  349 0.000000 0.000000 0.000000 0.000000 -0.000000 -0.000000
  350 -0.000003 5.046766 0.000001 0.153317 -0.005800 0.038570
  351 0.000000 0.000000 0.000000 -0.000000 -0.000000 -0.000000
  352 -0.000000 4.876212 -0.000000 0.118454 0.002099 -0.057281
  353 0.000000 0.000000 0.000000 0.000000 0.000001 0.000001
  354 0.000006 10.336267 -0.000005 3.141593 0.095607 0.000001
  355 -0.000001 0.000004 -0.000000 -0.000000 -0.000000 -0.000000
  356 -0.000001 0.000004 -0.000000 0.000000 -0.000000 0.000000
  357 0.003083 5.784983 -0.000369 0.207022 0.080208 0.208698
  358 0.000000 0.000000 0.000000 -0.000000 -0.000000 -0.000000
  359 -2.510273 0.335973 0.022938 -0.704387 -0.728957 0.808876
  360 -0.000632 4.182535 0.000232 0.204092 0.003080 0.542466
  361 0.000000 4.945986 0.000000 0.109940 -0.001324 0.011934
  362 0.000000 6.128850 -0.000000 0.158309 0.001325 -0.020281
  363 -0.000632 4.182535 0.000232 0.204092 0.003080 0.542466
  364 0.000000 4.945986 0.000000 0.109940 -0.001324 0.011934
  365 0.000000 6.128850 -0.000000 0.158309 0.001325 -0.020281
  366 -0.000631 4.182537 0.000229 0.204093 0.003080 0.542466
  367 0.000000 0.000000 0.000000 -0.000000 -0.000000 0.000000
  368 0.000000 0.000000 0.000000 -0.000000 -0.000000 0.000000
  369 -0.000632 4.182535 0.000232 0.204093 0.003081 0.542467
  370 0.000000 0.000000 0.000000 -0.000000 -0.000001 -0.000001
  371 0.000002 4.945985 -0.000002 0.109940 -0.001324 0.011934
  372 0.000000 0.000000 0.000000 0.000000 -0.000001 -0.000001
  373 -0.000001 6.128851 -0.000000 0.158309 0.001326 -0.020280
  374 0.000000 0.000000 0.000000 0.000000 -0.000001 -0.000000
  375 0.000000 8.781748 -0.000002 3.141593 0.488191 -0.000000
  376 0.000000 0.000002 -0.000000 -0.000000 0.000000 0.000000
  377 0.000000 0.000004 0.000000 -0.000000 -0.000000 0.000000
  378 -0.000632 4.182535 0.000232 0.204092 0.003080 0.542466
  379 0.000000 0.000000 0.000000 -0.000000 -0.000000 0.000000
  380 -0.777032 1.281750 1.958796 0.196514 -0.598662 -0.924076
  381 -0.004584 4.491185 -0.000629 0.213321 -0.019605 -0.282979
  382 -0.000000 4.879316 -0.000000 0.126180 -0.004531 0.036922
  383 -0.000000 5.043321 0.000000 0.070684 0.001208 -0.055324
  384 -0.004584 4.491185 -0.000629 0.213321 -0.019605 -0.282979
  385 -0.000000 4.879316 -0.000000 0.126180 -0.004531 0.036922
  386 -0.000000 5.043321 0.000000 0.070684 0.001208 -0.055324
  387 -0.004585 4.491187 -0.000633 0.213321 -0.019605 -0.282979
  388 0.000000 0.000000 0.000000 -0.000000 0.000000 0.000000
  389 -0.004584 4.491185 -0.000629 0.213321 -0.019605 -0.282979
  390 0.000000 0.000000 0.000000 0.000000 -0.000001 -0.000000
  391 -0.000000 4.879317 -0.000002 0.126179 -0.004531 0.036922
  392 0.000000 0.000000 0.000000 0.000000 -0.000000 -0.000000
  393 -0.000001 5.043322 -0.000000 0.070684 0.001208 -0.055324
  394 0.000000 0.000000 0.000000 -0.000000 -0.000000 0.000000
  395 -0.000002 10.325297 -0.000002 3.141592 0.093078 0.000000
  396 0.000000 0.000000 0.000000 -0.000000 0.000000 -0.000000
  397 0.000000 0.000000 0.000000 -0.000000 0.000000 -0.000000
  398 -0.004584 4.491185 -0.000629 0.213321 -0.019605 -0.282979
  399 -0.986051 0.947619 1.368040 0.166521 -0.766159 -0.595878
  400 0.000468 5.486907 0.000048 0.036912 0.459751 -0.204802
  401 -0.000000 4.968774 0.000001 0.101418 -0.003073 0.030017
  402 -0.000004 5.803464 -0.000001 0.086854 0.001678 -0.049316
  403 0.000468 5.486907 0.000048 0.036912 0.459751 -0.204802
  404 0.000000 4.968773 0.000001 0.101418 -0.003073 0.030017
  405 -0.000004 5.803464 -0.000001 0.086854 0.001678 -0.049316
  406 0.000468 5.486908 0.000049 0.036912 0.459751 -0.204801
  407 0.000000 0.000000 0.000000 -0.000000 0.000000 -0.000000
  408 0.000468 5.486907 0.000048 0.036912 0.459751 -0.204802
  409 0.000000 0.000000 0.000000 -0.000000 0.000000 0.000000
  410 0.000004 4.968777 0.000002 0.101419 -0.003073 0.030016
  411 0.000000 0.000000 0.000000 -0.000000 0.000000 0.000000
  412 -0.000003 5.803465 -0.000002 0.086854 0.001678 -0.049316
  413 0.000000 0.000000 0.000000 0.000000 -0.000000 -0.000000
  414 0.000000 9.111455 0.000002 3.141592 -0.806826 0.000001
  415 0.000000 -0.000001 -0.000001 0.000000 0.000000 -0.000000
  416 0.000000 0.000000 0.000000 -0.000000 0.000000 0.000001
  417 0.000468 5.486907 0.000048 0.036912 0.459751 -0.204802
  418 -2.510270 0.335972 0.022941 -0.704386 -0.728957 0.808876
  419 -2.510270 0.335972 0.022941 -0.704386 -0.728957 0.808876
  420 -2.510270 0.335972 0.022941 -0.704386 -0.728957 0.808876
  421 8.463114 -0.489847 -2.120326 1.542233 -0.000000 3.141593
  422 0.000000 -0.000001 -0.000000 -0.000000 0.000000 0.000000
  423 -8.463114 -0.489830 -2.120321 1.542233 -0.000000 -3.141593
  424 0.000000 -0.000001 -0.000000 -0.000000 -0.000000 -0.000000
  425 8.463113 -0.489839 -2.120327 1.542233 -0.000000 3.141593
  426 -8.463114 -0.489830 -2.120321 1.542233 -0.000000 -3.141593
  427 0.904460 6.782040 3.867486 0.611232 -1.746253 -1.916158
  428 -0.904460 6.782045 3.867486 -1.637579 1.385896 0.055418
  429 0.000000 -0.000000 -0.000000 0.000000 -0.000000 0.000000
  430 -2.384858 45.420403 15.540361 0.000000 -0.000000 1.570796
  431 -18.086067 -30.225531 1.984550 1.550085 0.996947 -1.672422
  432 0.000006 -0.000004 -0.000004 0.000000 0.000000 -0.000000
  433 -27.307695 28.912687 13.988737 0.120018 -0.238145 1.224984
  434 24.869623 -5.462722 21.673151 0.636716 0.964785 -2.018134
  435 -2.384865 -45.420403 15.540361 0.000000 -0.000000 1.570796
  436 7.841551 -7.454130 6.205456 -0.851809 -0.769954 2.859848
  437 -0.000003 0.000003 -0.000001 -0.000000 -0.000000 -0.000000
  438 -38.101826 -5.779198 18.567739 0.232858 0.133991 1.505970
  439 -33.387447 -12.303783 -5.810016 0.636717 -0.964785 2.018134
  440 -0.483101 8.250682 -13.900933 0.000000 -0.000000 1.570796
  441 4.360191 -3.605510 -0.692878 -0.018761 0.000000 0.172585
  442 -0.000001 -6.475163 -8.877786 -0.000000 0.000000 0.000000
  443 0.000001 6.475163 8.877786 -0.000000 0.000000 0.000000
  444 -1.878121 12.014875 -0.599893 -0.000000 0.000000 0.000000
  445 3.953934 0.000001 -0.000002 0.000000 -0.000000 -0.000000
  446 -1.976972 0.000000 0.000000 -0.000000 0.000000 0.000000
  447 -0.098849 -12.014876 0.599888 -0.000000 -0.000000 -0.000000
  448 0.000001 6.475165 8.877787 -2.200961 0.000249 0.000341
  449 0.000002 0.000002 0.000002 -0.000000 0.000000 0.000000
  450 -0.000003 10.988306 0.000001 2.200961 0.000422 0.000000
  451 0.000000 0.000000 0.000000 -0.060252 -0.000000 3.141593
  452 38.456890 10.011962 -13.173697 0.108650 -0.021621 1.602421
  453 1.961089 -0.448858 0.257715 -0.003598 0.000000 0.000000
  454 -0.483102 -8.250682 -13.900933 0.000000 -0.000000 1.570796
  455 -1.869202 4.457671 -0.970604 0.001980 -0.007251 -0.064092
  456 -0.000000 -6.475163 -8.877784 -0.000000 0.000000 -0.000000
  457 0.000000 6.475163 8.877784 0.248846 0.061690 0.008718
  458 1.878119 12.014875 -0.599895 0.000000 0.063899 -0.000000
  459 -3.953934 -0.000004 -0.000006 0.000000 -0.000000 0.000000
  460 1.976965 -0.000002 -0.000007 -0.000000 0.000000 0.000000
  461 0.098848 -12.014874 0.599884 0.248289 -0.002206 0.008702
  462 -0.000000 6.475165 8.877786 -2.200961 -0.000249 -0.000341
  463 0.000000 0.000001 0.000000 -0.000000 0.000000 0.000000
  464 -0.000000 10.988304 0.000000 1.952680 0.006830 0.005290
  465 0.000000 0.000000 0.000000 -0.060252 0.000000 3.141593
  466 38.978531 -6.477305 -13.530439 0.108650 -0.021621 1.602421
  467 -5.924037 1.355902 -0.778502 -0.003598 0.000000 0.000000
  time 11
  0 0.000000 0.000000 -23.603888 0.000000 -0.000000 1.570796
  1 0.031427 3.137779 35.420963 1.981928 -0.011120 0.011205
  2 0.000001 10.999709 -0.000000 -0.048318 0.000000 -0.000000
  3 -0.000000 6.753162 0.000001 0.197330 -0.030861 -0.053367
  4 -0.000001 8.544824 -0.000002 0.358094 -0.084151 -0.068681
  5 0.000002 9.518024 0.000006 -0.326681 0.072769 0.046168
  6 0.000000 3.039634 0.000000 0.193894 0.034710 0.006815
  7 -0.000001 3.098968 -0.000000 -0.603119 0.081053 -0.056589
  8 28.042549 -26.580513 44.010239 0.247509 3.024297 -1.202369
  9 -25.001144 7.756987 60.487244 -0.851868 -1.898120 0.826822
  10 9.688472 -12.508440 21.124258 -2.469903 0.053727 0.111262
  11 -10.503636 -7.971601 17.468737 -2.633993 -0.121535 -0.206190
  12 -1.789155 0.000000 28.175615 0.000000 -0.000000 1.570796
  13 0.000000 -0.849869 -11.317299 0.239549 -0.011120 0.011205
  14 0.000000 -1.769383 12.121017 -0.000000 -0.000000 -0.000000
  15 0.000001 -1.769382 12.121017 0.696809 0.148064 -0.083145
  16 0.000000 -1.769382 12.121017 -0.000000 0.000000 0.000000
  17 0.000000 -0.000001 0.000000 1.694062 -0.000000 0.000000
  18 -0.000000 -6.753165 0.000003 -1.694062 -0.000000 -0.000000
  19 -0.000000 0.000000 -0.000000 1.742379 -0.000000 0.000000
  20 0.000001 -10.999710 0.000002 -0.000000 -0.000000 -0.000000
  21 -0.000000 0.000000 0.000000 -0.000000 -0.000000 -0.000000
  22 0.000000 0.000000 0.000000 -1.341552 -1.993774 0.192913
  23 -0.000000 -0.000002 0.000000 -0.000000 0.000000 0.000000
  24 0.000000 0.000000 0.000000 -1.341552 1.993774 -0.192913
  25 0.000000 -0.000002 0.000000 0.000000 -0.000000 0.000000
  26 8.250683 -0.215597 2.184242 1.930388 -0.011484 0.189268
  27 0.000002 19.243885 0.000000 1.451864 -0.000000 -0.000000
  28 0.000000 15.601806 0.000000 -1.300656 -0.088014 0.293557
  29 -0.000174 10.987466 -0.000552 0.880380 -3.141171 0.000000
  30 -1.873868 4.392865 10.061483 -0.000523 0.630166 -1.571104
  31 0.000000 0.000002 0.000002 -0.000000 -0.000000 0.000000
  32 -0.000000 0.000000 -0.000001 0.000000 0.000000 -0.000000
  33 -0.000000 0.000002 -0.000000 -0.000000 -0.000000 -0.000000
  34 0.000000 0.000000 0.000000 -0.000000 -0.000000 -0.000000
  35 -0.000001 7.800907 -0.000002 0.000000 -0.137289 -0.000000
  36 0.000000 0.000000 0.000000 0.000000 0.000205 -0.000000
  37 -0.000000 -0.000002 0.000002 -0.000000 -0.000000 -0.000000
  38 0.000001 9.621943 0.000002 0.000000 -0.086828 0.000000
  39 0.000000 0.000000 -0.000000 -0.000000 0.000000 -0.000000
  40 -8.250682 -0.215599 2.184242 2.234889 -0.132306 -0.051574
  41 0.000001 19.238272 -0.000002 1.476360 0.000000 -0.000000
  42 -0.000003 15.595757 0.000002 -1.601106 -0.093808 -0.033113
  43 0.000095 10.987640 -0.000856 0.880380 3.141171 -0.000000
  44 1.873869 4.392863 10.061481 0.000523 2.511427 1.571105
  45 -0.000000 0.000002 0.000002 -0.000000 -0.000000 -0.000000
  46 0.000000 0.000000 0.000000 0.000000 0.000000 0.000000
  47 0.000000 0.000002 -0.000001 0.000000 -0.000000 0.000000
  48 0.000000 0.000000 0.000000 0.000000 -0.000000 -0.000000
  49 -0.000001 7.797882 -0.000002 -0.000000 -0.024512 0.000000
  50 0.000000 -0.000000 -0.000000 -0.000000 -0.000204 -0.000000
  51 -0.000000 -0.000001 0.000002 -0.000000 0.000000 0.000000
  52 -0.000000 9.619137 0.000001 0.000000 -0.050761 0.000000
  53 0.000000 0.000000 -0.000000 -0.000000 -0.000000 -0.000000
  54 8.250684 -0.215593 2.184240 2.903292 -0.000000 -0.000000
  55 8.250684 -0.215597 2.184242 -1.742379 -0.000000 0.000000
  56 -0.000000 -0.000001 0.000000 -1.637514 -0.000000 -0.000000
  57 -0.000002 19.896322 0.000001 0.140363 -0.000000 0.000000
  58 0.000001 16.264105 -0.000002 -0.703810 -0.000322 0.000273
  59 0.000000 0.000000 0.000000 -0.000000 -0.000000 -0.000000
  60 -0.000002 10.988298 0.000001 0.880380 -3.141171 0.000000
  61 0.000000 0.000000 0.000000 0.000000 -0.000000 -0.000000
  62 -0.000000 -0.000001 0.000000 -1.984623 -0.151910 0.032233
  63 -0.000001 -0.000000 0.000001 -0.633417 0.082076 -0.000000
  64 0.000002 19.243879 -0.000001 1.451864 -0.000000 -0.000000
  65 8.250683 -0.215597 2.184242 1.928226 0.041854 0.047161
  66 0.000000 -0.000001 0.000000 0.000000 0.000000 0.000000
  67 8.250683 -0.215597 2.184241 1.928226 0.041854 0.047161
  68 -0.000000 9.621944 0.000000 -0.000000 0.064928 0.000000
  69 -0.000003 9.621947 -0.000002 1.451863 0.086827 0.000000
  70 -0.000001 7.800901 -0.000000 0.000000 -0.137085 0.000000
  71 0.000000 7.800904 0.000001 -1.261117 0.043256 0.292673
  72 0.000001 10.987487 0.000001 0.880329 -3.141171 -0.000016
  73 -8.250683 -0.215596 2.184240 2.903292 -0.000000 -0.000000
  74 -8.250683 -0.215599 2.184241 -1.742379 -0.000000 0.000000
  75 -0.000000 -0.000001 0.000000 -1.637514 -0.000000 0.000000
  76 0.000000 19.896320 -0.000000 0.140363 0.000000 0.000000
  77 0.000001 16.264107 -0.000001 -0.703810 0.000322 -0.000273
  78 0.000000 -0.000002 -0.000001 -0.000000 -0.000000 0.000000
  79 -0.000001 10.988299 0.000000 0.880380 3.141170 -0.000000
  80 0.000000 0.000001 0.000000 0.000000 0.000000 0.000000
  81 -0.000000 -0.000001 0.000000 -1.661195 0.084157 -0.003960
  82 0.000001 -0.000000 -0.000000 -0.643328 0.118092 0.000000
  83 0.000001 19.238264 -0.000004 1.476360 0.000000 -0.000000
  84 -8.250682 -0.215599 2.184242 2.242198 -0.077602 -0.121290
  85 -0.000000 -0.000000 0.000000 0.000000 0.000000 -0.000000
  86 -8.250682 -0.215599 2.184242 2.242198 -0.077602 -0.121290
  87 0.000000 9.619139 0.000000 -0.000000 0.037546 -0.000000
  88 0.000000 9.619139 -0.000001 1.476360 0.050762 0.000000
  89 -0.000000 7.797876 -0.000001 0.000000 -0.024716 0.000000
  90 0.000001 7.797879 0.000000 -1.602004 -0.069114 -0.033046
  91 0.000001 10.987660 -0.000000 0.880302 3.141171 0.000008
  92 0.000000 0.000000 0.000001 -0.048317 0.000000 -0.000000
  93 -0.000000 0.000000 0.000000 -0.000000 -0.000000 0.000000
  94 0.000001 -10.999710 0.000002 -0.000000 -0.000000 -0.000000
  95 0.000001 -1.769382 12.121017 0.349029 0.066737 -0.054530
  96 -0.000000 -0.000001 0.000001 1.538978 0.000000 0.000000
  97 -0.000000 0.000000 0.000000 -0.019808 0.034280 0.026367
  98 0.000000 0.000000 0.000000 -0.155084 -0.000000 0.000000
  99 0.000000 0.000000 0.000000 -0.000000 0.000000 0.000000
  100 -0.000000 8.544821 -0.000001 -1.186337 -0.052257 -0.068531
  101 0.000000 0.000000 0.000000 1.542233 -0.000000 -0.000000
  102 0.000001 9.518032 0.000006 -0.326681 0.072769 0.046168
  103 0.000000 3.039634 0.000000 0.193894 0.034710 0.006815
  104 -0.000001 3.098968 -0.000000 -0.603119 0.081053 -0.056589
  105 0.000001 9.518032 0.000006 -1.891401 0.072769 0.046168
  106 0.000000 0.000000 0.000000 1.662547 -0.000000 -0.000000
  107 -0.000000 6.109814 0.000004 -2.011953 0.077782 0.037091
  108 0.000000 0.000000 0.000000 1.513586 0.055259 0.074630
  109 0.000000 0.000000 0.000000 -0.097827 -0.000000 0.000000
  110 0.000000 0.000000 0.000000 0.000001 0.000000 -0.000000
  111 0.000001 3.025101 -0.296885 -0.030132 0.037682 -0.027115
  112 0.000000 0.000000 0.000000 0.095948 -0.000000 0.000000
  113 0.000000 0.000001 0.000001 0.000000 -0.000000 0.000000
  114 -0.000000 -0.000001 -0.000001 0.000000 -0.000000 -0.000000
  115 0.904459 6.782038 3.867493 0.331290 -1.714287 -1.644617
  116 0.010193 19.450804 -0.828331 -0.818600 0.948947 -1.785686
  117 0.000001 19.370897 -0.000004 1.902062 0.000001 -0.000000
  118 -0.000006 24.479378 0.000004 -1.034255 1.872410 -0.664197
  119 0.000000 0.000000 0.000000 0.000000 0.000001 0.000001
  120 -0.000000 0.000001 0.000001 -0.000000 -0.000001 -0.000001
  121 0.000000 0.000000 0.000000 -0.000000 -0.000000 -0.000000
  122 -0.000001 -0.000002 -0.000000 0.000000 0.000000 0.000000
  123 -0.000004 12.239690 0.000002 0.000000 0.876029 0.000000
  124 -0.000000 -0.000002 -0.000001 -0.000001 0.001371 -0.000001
  125 0.000000 0.000000 0.000000 -0.000000 -0.000000 0.000000
  126 0.000000 9.685448 -0.000006 -0.000000 -0.454908 -0.000000
  127 0.000000 0.000000 0.000000 -0.000000 -0.000000 -0.000000
  128 -0.000001 0.000002 -0.000001 0.000000 0.000000 0.000000
  129 0.010193 19.450802 -0.828331 -1.068311 -0.458283 0.722012
  130 0.010193 19.450802 -0.828331 0.041386 -0.124298 1.319061
  131 0.000000 0.000000 0.000000 -1.332781 0.484537 -2.373637
  132 0.000010 20.126827 0.000005 0.277335 0.000000 -0.000000
  133 0.000000 25.356462 -0.000001 0.198412 -0.005445 0.027074
  134 0.000000 0.000000 0.000000 -0.000000 0.000000 0.000000
  135 0.000000 0.000000 0.000000 0.234583 0.044805 2.968485
  136 -0.000000 -0.000002 -0.000001 -1.112787 0.807206 0.000001
  137 -0.000001 19.370893 -0.000004 1.902062 0.000001 -0.000000
  138 0.010193 19.450804 -0.828331 -0.471469 0.358223 -1.247343
  139 0.000000 0.000000 0.000000 -0.000000 -0.000000 -0.000000
  140 0.010193 19.450804 -0.828331 -0.471469 0.358223 -1.247342
  141 0.000003 9.685448 -0.000003 0.000000 0.262713 -0.000001
  142 0.000000 9.685443 0.000000 1.902062 0.454908 -0.000001
  143 -0.000001 12.239689 -0.000000 0.000000 0.877401 -0.000000
  144 -0.000000 12.239688 0.000001 -0.149812 0.911128 0.303427
  145 0.838800 0.695164 1.002013 -0.146529 0.831651 0.111056
  146 -0.000109 6.244560 0.000106 0.057776 -0.287169 0.072684
  147 0.000000 5.184043 0.000003 0.167815 -0.003807 0.022167
  148 0.000003 5.576727 -0.000003 0.044778 0.000643 -0.036171
  149 -0.000109 6.244560 0.000106 0.057776 -0.287169 0.072684
  150 0.000000 5.184043 0.000002 0.167815 -0.003807 0.022168
  151 0.000003 5.576727 -0.000003 0.044778 0.000643 -0.036171
  152 -0.000109 6.244555 0.000111 0.057776 -0.287169 0.072685
  153 -0.000000 0.000000 0.000000 -0.000000 0.000000 -0.000000
  154 -0.000109 6.244560 0.000106 0.057776 -0.287169 0.072685
  155 -0.000000 0.000000 0.000000 0.000000 -0.000000 -0.000000
  156 0.000001 5.184047 0.000003 0.167816 -0.003806 0.022168
  157 0.000000 0.000000 0.000000 0.000000 -0.000000 -0.000000
  158 0.000002 5.576724 0.000001 0.044778 0.000643 -0.036172
  159 0.000000 0.000000 0.000000 0.000000 -0.000000 -0.000000
  160 -0.000002 9.158415 0.000000 3.141593 0.324016 -0.000000
  161 0.000000 -0.000001 -0.000001 0.000000 -0.000000 0.000000
  162 0.000001 -0.000002 0.000003 0.000000 0.000000 -0.000000
  163 -0.000109 6.244560 0.000106 0.057776 -0.287169 0.072684
  164 0.208227 1.308907 0.886649 -0.521837 0.710749 -0.438947
  165 -0.000003 4.941740 0.000006 0.177555 -0.296553 -0.038426
  166 0.000000 6.134691 0.000001 0.097483 -0.004722 0.048261
  167 0.000000 5.142235 0.000000 0.001707 0.000042 -0.073621
  168 -0.000003 4.941740 0.000006 0.177555 -0.296553 -0.038426
  169 0.000000 6.134691 0.000001 0.097483 -0.004722 0.048261
  170 0.000000 5.142235 0.000000 0.001707 0.000042 -0.073621
  171 -0.000004 4.941740 0.000007 0.177555 -0.296553 -0.038426
  172 -0.000000 0.000000 0.000000 0.000000 -0.000000 -0.000000
  173 -0.000000 0.000000 0.000000 0.000000 -0.000000 -0.000000
  174 -0.000004 4.941740 0.000007 0.177554 -0.296552 -0.038425
  175 0.000000 -0.000000 -0.000000 -0.000000 -0.000001 -0.000001
  176 0.000002 6.134691 0.000001 0.097483 -0.004721 0.048261
  177 0.000000 -0.000000 -0.000000 -0.000000 -0.000001 -0.000001
  178 -0.000004 5.142235 -0.000002 0.001706 0.000043 -0.073619
  179 0.000000 -0.000000 -0.000000 0.000000 -0.000001 -0.000001
  180 0.000006 9.920078 0.000007 -3.141593 0.323205 0.000000
  181 0.000000 0.000000 0.000000 0.000000 0.000000 -0.000001
  182 -0.000000 0.000000 0.000000 -0.000001 0.000000 0.000001
  183 -0.000003 4.941740 0.000006 0.177555 -0.296553 -0.038426
  184 -0.000000 0.000000 0.000000 0.000000 -0.000000 -0.000000
  185 1.229530 0.555892 1.288366 -0.746848 0.623235 -0.695222
  186 0.001522 5.787724 0.000171 0.207021 -0.080209 -0.208698
  187 0.000000 5.046769 -0.000000 0.146991 0.005800 -0.038570
  188 -0.000000 4.876212 -0.000000 0.112127 -0.002099 0.057280
  189 0.001522 5.787724 0.000171 0.207022 -0.080209 -0.208698
  190 0.000000 5.046770 -0.000000 0.146991 0.005800 -0.038570
  191 -0.000000 4.876212 -0.000000 0.112127 -0.002099 0.057280
  192 0.001522 5.787724 0.000170 0.207022 -0.080209 -0.208698
  193 0.000000 0.000000 0.000000 -0.000000 -0.000000 -0.000000
  194 0.000000 0.000000 0.000000 -0.000000 -0.000000 -0.000000
  195 0.001522 5.787724 0.000171 0.207022 -0.080209 -0.208698
  196 0.000000 0.000000 0.000000 0.000000 0.000000 -0.000000
  197 -0.000001 5.046769 -0.000002 0.146991 0.005800 -0.038570
  198 0.000000 0.000000 0.000000 -0.000000 0.000000 0.000000
  199 0.000001 4.876211 0.000001 0.112128 -0.002099 0.057281
  200 0.000000 0.000000 0.000000 0.000000 -0.000001 -0.000000
  201 -0.000000 10.336268 -0.000005 -3.141593 -0.095607 -0.000001
  202 0.000000 0.000000 0.000000 -0.000000 0.000000 0.000000
  203 0.000002 -0.000001 0.000003 0.000000 0.000000 -0.000000
  204 0.001522 5.787724 0.000171 0.207021 -0.080209 -0.208698
  205 0.000000 0.000000 0.000000 -0.000000 -0.000000 -0.000000
  206 2.510278 0.335972 0.022945 -0.704386 0.728957 -0.808876
  207 -0.000047 4.182446 -0.000021 0.204093 -0.003080 -0.542467
  208 -0.000001 4.945984 0.000000 0.110546 0.001324 -0.011933
  209 0.000000 6.128854 -0.000000 0.158914 -0.001326 0.020281
  210 -0.000047 4.182446 -0.000021 0.204093 -0.003080 -0.542467
  211 -0.000000 4.945984 0.000000 0.110546 0.001324 -0.011933
  212 0.000000 6.128854 -0.000000 0.158914 -0.001326 0.020281
  213 -0.000047 4.182444 -0.000017 0.204092 -0.003080 -0.542466
  214 0.000000 0.000000 0.000000 0.000000 -0.000000 -0.000000
  215 0.000000 0.000000 0.000000 0.000000 -0.000000 -0.000000
  216 -0.000047 4.182446 -0.000021 0.204093 -0.003081 -0.542467
  217 0.000000 0.000000 0.000000 -0.000000 0.000001 0.000001
  218 0.000002 4.945985 0.000003 0.110546 0.001324 -0.011934
  219 0.000000 0.000000 0.000000 -0.000000 0.000001 0.000001
  220 0.000002 6.128853 0.000001 0.158915 -0.001326 0.020280
  221 0.000000 0.000000 0.000000 0.000000 0.000000 0.000000
  222 -0.000001 8.781749 -0.000002 3.141593 -0.488191 0.000000
  223 0.000002 0.000000 0.000003 -0.000000 -0.000000 0.000000
  224 0.000002 -0.000000 0.000003 0.000000 0.000000 -0.000000
  225 -0.000047 4.182446 -0.000021 0.204093 -0.003080 -0.542466
  226 0.000000 0.000000 0.000000 0.000000 -0.000000 -0.000000
  227 0.777025 1.281750 1.958797 0.196514 0.598662 0.924076
  228 -0.002488 4.494720 0.000352 0.213321 0.019605 0.282980
  229 0.000002 4.879314 -0.000003 0.119854 0.004531 -0.036921
  230 -0.000000 5.043318 0.000001 0.064358 -0.001208 0.055325
  231 -0.002488 4.494720 0.000352 0.213321 0.019605 0.282980
  232 0.000002 4.879314 -0.000003 0.119853 0.004531 -0.036921
  233 -0.000000 5.043317 0.000001 0.064358 -0.001208 0.055325
  234 -0.002492 4.494723 0.000355 0.213321 0.019605 0.282980
  235 0.000000 0.000000 0.000000 -0.000000 -0.000000 -0.000000
  236 -0.002488 4.494720 0.000352 0.213321 0.019605 0.282979
  237 0.000000 0.000000 0.000000 -0.000000 0.000000 0.000000
  238 0.000000 4.879312 -0.000000 0.119853 0.004531 -0.036922
  239 0.000000 0.000000 0.000000 0.000000 0.000000 0.000000
  240 -0.000000 5.043317 0.000000 0.064358 -0.001208 0.055324
  241 0.000000 0.000000 0.000000 0.000000 -0.000000 -0.000000
  242 -0.000005 10.325288 0.000002 3.141593 -0.093078 -0.000000
  243 0.000000 0.000000 0.000000 0.000000 -0.000000 0.000001
  244 0.000000 0.000000 0.000000 -0.000000 -0.000000 0.000000
  245 -0.002488 4.494720 0.000352 0.213321 0.019605 0.282980
  246 0.986050 0.947620 1.368041 0.166521 0.766159 0.595878
  247 0.000024 5.486564 0.000007 0.036912 -0.459751 0.204801
  248 -0.000000 4.968778 -0.000001 0.102026 0.003073 -0.030016
  249 0.000004 5.803461 -0.000001 0.087460 -0.001678 0.049316
  250 0.000024 5.486564 0.000007 0.036912 -0.459751 0.204801
  251 -0.000000 4.968778 -0.000001 0.102026 0.003073 -0.030016
  252 0.000004 5.803461 -0.000001 0.087460 -0.001678 0.049316
  253 0.000027 5.486570 -0.000003 0.036912 -0.459751 0.204801
  254 0.000000 0.000000 0.000000 0.000000 -0.000000 0.000000
  255 0.000024 5.486564 0.000006 0.036912 -0.459751 0.204801
  256 0.000000 0.000000 0.000000 -0.000000 -0.000000 -0.000000
  257 0.000000 4.968778 -0.000001 0.102026 0.003073 -0.030015
  258 0.000000 0.000000 0.000000 0.000000 -0.000000 -0.000000
  259 0.000002 5.803462 0.000000 0.087460 -0.001678 0.049316
  260 0.000000 0.000000 0.000000 0.000000 0.000000 0.000000
  261 0.000000 9.111452 -0.000004 3.141592 0.806825 -0.000001
  262 -0.000000 -0.000001 -0.000000 -0.000000 0.000000 -0.000000
  263 0.000000 0.000000 0.000000 0.000000 0.000000 -0.000000
  264 0.000024 5.486564 0.000007 0.036912 -0.459751 0.204801
  265 2.510273 0.335970 0.022943 -0.704386 0.728957 -0.808876
  266 2.510273 0.335970 0.022943 -0.704386 0.728957 -0.808876
  267 2.510273 0.335970 0.022943 -0.704386 0.728957 -0.808876
  268 -0.904460 6.782040 3.867492 -1.629369 1.354552 0.066270
  269 -0.010190 19.450802 -0.828333 -1.807034 -0.551424 1.493644
  270 -0.000002 19.369864 0.000003 1.928362 -0.000000 0.000000
  271 0.000003 24.475138 -0.000000 -0.323442 0.193512 -0.330713
  272 0.000000 0.000000 0.000000 -0.000000 -0.000001 -0.000001
  273 0.000000 0.000000 0.000000 -0.000000 0.000001 0.000001
  274 -0.000000 -0.000000 -0.000000 -0.000000 0.000000 0.000000
  275 -0.000000 -0.000001 -0.000001 0.000000 -0.000000 -0.000000
  276 0.000000 12.237568 -0.000001 0.000000 0.122014 0.000000
  277 -0.000000 -0.000000 -0.000000 -0.000001 -0.001371 0.000001
  278 0.000000 0.000000 0.000000 -0.000000 0.000000 0.000000
  279 -0.000000 9.684935 0.000001 0.000000 0.255526 0.000000
  280 0.000000 -0.000000 0.000000 -0.000000 0.000000 0.000000
  281 0.000001 0.000003 -0.000002 0.000000 -0.000000 0.000000
  282 -0.010190 19.450802 -0.828333 -1.068311 0.458283 -0.722012
  283 -0.010190 19.450802 -0.828333 0.041385 0.124298 -1.319061
  284 0.000000 0.000000 0.000000 -1.332781 -0.484537 2.373637
  285 -0.000002 20.126822 0.000004 0.277335 -0.000000 -0.000000
  286 0.000001 25.356459 -0.000000 0.198412 0.005445 -0.027074
  287 0.000000 0.000000 0.000000 -0.000000 -0.000001 -0.000000
  288 0.000000 0.000000 0.000000 -0.632331 -0.252112 2.679118
  289 0.000002 0.000001 0.000000 -1.130339 -0.211921 -0.000000
  290 -0.000008 19.369862 0.000002 1.928362 -0.000000 0.000000
  291 -0.010190 19.450802 -0.828333 -1.545541 -0.594577 1.017852
  292 0.000000 0.000000 0.000000 -0.000000 0.000000 0.000000
  293 -0.010190 19.450802 -0.828333 -1.545541 -0.594577 1.017852
  294 -0.000001 9.684928 0.000003 -0.000000 -0.145405 0.000000
  295 -0.000002 9.684930 -0.000001 1.928361 -0.255527 0.000000
  296 -0.000000 12.237567 0.000001 0.000000 0.120642 -0.000000
  297 -0.000001 12.237566 -0.000002 -0.284229 0.079288 -0.325371
  298 -0.838804 0.695167 1.002011 -0.146529 -0.831651 -0.111056
  299 -0.000109 6.243142 0.000006 0.057776 0.287169 -0.072685
  300 0.000000 5.184051 -0.000000 0.170527 0.003807 -0.022168
  301 0.000000 5.576725 0.000000 0.047490 -0.000643 0.036173
  302 -0.000109 6.243142 0.000006 0.057776 0.287169 -0.072685
  303 0.000001 5.184051 -0.000001 0.170527 0.003807 -0.022168
  304 0.000000 5.576725 0.000000 0.047490 -0.000643 0.036173
  305 -0.000111 6.243141 0.000003 0.057776 0.287169 -0.072685
  306 0.000000 0.000000 0.000000 -0.000000 0.000000 0.000000
  307 -0.000110 6.243142 0.000006 0.057776 0.287169 -0.072685
  308 0.000000 0.000000 0.000000 -0.000000 0.000000 0.000000
  309 0.000000 5.184051 0.000001 0.170528 0.003806 -0.022168
  310 0.000000 0.000000 0.000000 0.000000 0.000000 0.000001
  311 0.000002 5.576725 -0.000002 0.047490 -0.000643 0.036172
  312 0.000000 0.000000 0.000000 0.000000 0.000000 0.000000
  313 -0.000004 9.158418 0.000000 3.141592 -0.324016 0.000001
  314 0.000000 0.000000 0.000000 0.000000 -0.000000 0.000001
  315 -0.000003 0.000002 0.000001 -0.000000 -0.000000 -0.000000
  316 -0.000109 6.243142 0.000006 0.057776 0.287169 -0.072685
  317 -0.208221 1.308912 0.886644 -0.521836 -0.710749 0.438946
  318 -0.000077 4.941993 -0.000117 0.177555 0.296553 0.038426
  319 0.000000 6.134697 -0.000000 0.096602 0.004722 -0.048261
  320 0.000000 5.142239 0.000001 0.000826 -0.000042 0.073620
  321 -0.000077 4.941993 -0.000117 0.177555 0.296553 0.038426
  322 0.000000 6.134697 -0.000000 0.096602 0.004722 -0.048261
  323 0.000000 5.142239 0.000001 0.000826 -0.000042 0.073620
  324 -0.000075 4.941996 -0.000119 0.177555 0.296553 0.038426
  325 0.000000 0.000000 0.000000 0.000000 0.000000 0.000000
  326 0.000000 0.000000 0.000000 0.000000 0.000000 0.000000
  327 -0.000077 4.941993 -0.000117 0.177555 0.296552 0.038425
  328 0.000000 0.000000 0.000000 -0.000000 0.000001 0.000001
  329 0.000000 6.134697 0.000000 0.096603 0.004721 -0.048261
  330 0.000000 0.000000 0.000000 -0.000000 0.000001 0.000001
  331 0.000002 5.142241 -0.000001 0.000826 -0.000043 0.073619
  332 0.000000 0.000000 0.000000 -0.000000 0.000001 0.000001
  333 -0.000003 9.920088 -0.000000 -3.141593 -0.323204 -0.000000
  334 0.000000 0.000000 0.000000 -0.000000 -0.000000 0.000000
  335 0.000000 0.000000 0.000000 -0.000001 0.000000 -0.000000
  336 -0.000077 4.941993 -0.000117 0.177555 0.296553 0.038426
  337 0.000000 0.000000 0.000000 0.000000 0.000000 0.000000
  338 -1.229534 0.555897 1.288358 -0.746848 -0.623235 0.695221
  339 0.000383 5.786557 -0.000044 0.207022 0.080208 0.208698
  340 -0.000000 5.046767 -0.000000 0.149702 -0.005800 0.038570
  341 -0.000001 4.876214 0.000000 0.114839 0.002099 -0.057280
  342 0.000383 5.786557 -0.000044 0.207022 0.080208 0.208698
  343 -0.000000 5.046766 -0.000000 0.149702 -0.005800 0.038570
  344 -0.000001 4.876214 0.000000 0.114839 0.002099 -0.057280
  345 0.000383 5.786557 -0.000044 0.207022 0.080209 0.208698
  346 0.000000 0.000000 0.000000 0.000000 0.000000 0.000000
  347 0.000000 0.000000 0.000000 0.000000 0.000000 0.000000
  348 0.000383 5.786557 -0.000044 0.207022 0.080208 0.208698
  349 0.000000 0.000000 0.000000 0.000000 0.000000 0.000000
  350 -0.000001 5.046766 -0.000000 0.149702 -0.005800 0.038570
  351 0.000000 0.000000 0.000000 -0.000000 -0.000000 -0.000000
  352 0.000001 4.876212 0.000000 0.114839 0.002099 -0.057281
  353 0.000000 0.000000 0.000000 0.000001 0.000000 0.000001
  354 0.000006 10.336262 -0.000005 3.141593 0.095607 0.000001
  355 -0.000000 0.000002 -0.000000 -0.000000 0.000000 -0.000000
  356 0.000000 0.000000 0.000000 0.000000 -0.000000 -0.000000
  357 0.000383 5.786557 -0.000044 0.207022 0.080208 0.208698
  358 0.000000 0.000000 0.000000 0.000000 0.000000 0.000000
  359 -2.510272 0.335972 0.022941 -0.704387 -0.728957 0.808876
  360 -0.000937 4.182584 0.000332 0.204093 0.003080 0.542466
  361 0.000001 4.945991 0.000000 0.109665 -0.001324 0.011934
  362 0.000000 6.128851 -0.000001 0.158035 0.001325 -0.020280
  363 -0.000937 4.182584 0.000332 0.204093 0.003080 0.542466
  364 0.000001 4.945991 0.000000 0.109665 -0.001324 0.011934
  365 0.000000 6.128851 -0.000001 0.158035 0.001325 -0.020280
  366 -0.000932 4.182580 0.000335 0.204093 0.003080 0.542466
  367 0.000000 0.000000 0.000000 0.000000 0.000000 0.000000
  368 0.000000 0.000000 0.000000 0.000000 0.000000 0.000000
  369 -0.000937 4.182584 0.000332 0.204093 0.003081 0.542467
  370 0.000000 0.000000 0.000000 -0.000000 -0.000001 -0.000001
  371 0.000002 4.945987 0.000000 0.109666 -0.001324 0.011934
  372 0.000000 0.000000 0.000000 0.000000 -0.000001 -0.000001
  373 0.000000 6.128850 -0.000002 0.158035 0.001325 -0.020280
  374 0.000000 0.000000 0.000000 -0.000000 -0.000000 -0.000000
  375 -0.000001 8.781750 -0.000000 -3.141592 0.488190 0.000000
  376 0.000000 0.000000 0.000000 -0.000000 0.000000 0.000000
  377 0.000000 0.000000 0.000000 -0.000000 -0.000000 -0.000000
  378 -0.000937 4.182584 0.000332 0.204093 0.003080 0.542466
  379 0.000000 0.000000 0.000000 0.000000 0.000000 0.000000
  380 -0.777025 1.281751 1.958797 0.196515 -0.598662 -0.924076
  381 -0.000588 4.493143 -0.000078 0.213321 -0.019605 -0.282979
  382 0.000000 4.879311 -0.000000 0.122564 -0.004531 0.036921
  383 -0.000001 5.043319 -0.000000 0.067069 0.001208 -0.055324
  384 -0.000588 4.493143 -0.000078 0.213321 -0.019605 -0.282979
  385 0.000000 4.879311 -0.000000 0.122564 -0.004531 0.036921
  386 -0.000001 5.043319 -0.000000 0.067069 0.001208 -0.055324
  387 -0.000573 4.493146 -0.000079 0.213321 -0.019605 -0.282979
  388 0.000000 0.000000 0.000000 0.000000 0.000000 0.000000
  389 -0.000588 4.493143 -0.000078 0.213321 -0.019605 -0.282979
  390 0.000000 0.000000 0.000000 -0.000000 -0.000000 -0.000001
  391 -0.000000 4.879311 0.000001 0.122565 -0.004531 0.036922
  392 0.000000 0.000000 0.000000 0.000000 -0.000000 -0.000000
  393 0.000001 5.043319 -0.000001 0.067069 0.001208 -0.055324
  394 0.000000 0.000000 0.000000 0.000000 -0.000000 0.000000
  395 -0.000001 10.325294 0.000000 3.141593 0.093079 0.000000
  396 0.000000 0.000000 0.000000 0.000000 0.000000 0.000000
  397 -0.000003 -0.000001 0.000001 -0.000000 0.000000 -0.000000
  398 -0.000588 4.493143 -0.000078 0.213321 -0.019605 -0.282979
  399 -0.986051 0.947620 1.368040 0.166521 -0.766159 -0.595878
  400 0.000691 5.487065 0.000076 0.036912 0.459751 -0.204801
  401 -0.000000 4.968777 0.000002 0.101144 -0.003073 0.030016
  402 -0.000001 5.803461 0.000002 0.086579 0.001678 -0.049316
  403 0.000691 5.487065 0.000076 0.036912 0.459751 -0.204801
  404 -0.000000 4.968777 0.000002 0.101144 -0.003073 0.030016
  405 -0.000001 5.803461 0.000002 0.086579 0.001678 -0.049316
  406 0.000693 5.487060 0.000074 0.036912 0.459751 -0.204801
  407 0.000000 0.000000 0.000000 0.000000 0.000000 -0.000000
  408 0.000691 5.487065 0.000076 0.036912 0.459751 -0.204801
  409 0.000000 0.000000 0.000000 -0.000000 0.000000 0.000000
  410 0.000000 4.968781 0.000001 0.101145 -0.003073 0.030015
  411 0.000000 0.000000 0.000000 -0.000000 0.000000 0.000000
  412 -0.000003 5.803464 -0.000002 0.086579 0.001678 -0.049316
  413 0.000000 0.000000 0.000000 0.000000 -0.000000 -0.000000
  414 -0.000000 9.111457 0.000001 3.141592 -0.806826 0.000001
  415 -0.000004 -0.000000 -0.000001 -0.000000 -0.000000 -0.000000
  416 -0.000004 0.000000 0.000000 -0.000000 0.000000 0.000000
  417 0.000691 5.487065 0.000076 0.036912 0.459751 -0.204801
  418 -2.510272 0.335972 0.022941 -0.704387 -0.728957 0.808876
  419 -2.510272 0.335972 0.022941 -0.704387 -0.728957 0.808876
  420 -2.510272 0.335972 0.022941 -0.704387 -0.728957 0.808876
  421 8.463114 -0.489842 -2.120319 1.542233 -0.000000 3.141593
  422 0.000000 -0.000000 -0.000000 0.000000 0.000000 0.000000
  423 -8.463112 -0.489838 -2.120320 1.542233 0.000000 -3.141593
  424 0.000000 -0.000000 -0.000000 0.000000 0.000000 0.000000
  425 8.463114 -0.489842 -2.120319 1.542233 -0.000000 3.141593
  426 -8.463112 -0.489838 -2.120320 1.542233 0.000000 -3.141593
  427 0.904459 6.782038 3.867493 0.331290 -1.714287 -1.644617
  428 -0.904460 6.782040 3.867492 -1.629369 1.354552 0.066270
  429 0.000000 0.000001 0.000001 0.000000 0.000000 -0.000000
  430 -2.384858 45.420403 15.540361 0.000000 -0.000000 1.570796
  431 -39.598808 -38.720474 8.049133 2.406281 0.713717 -1.523111
  432 -0.000000 0.000003 0.000003 0.000000 0.000000 0.000000
  433 -31.302002 31.461094 41.284920 0.785383 0.040023 1.097674
  434 44.210190 -41.406132 4.148004 0.636717 0.964784 -2.018134
  435 -2.384865 -45.420403 15.540361 0.000000 -0.000000 1.570796
  436 11.461425 -10.518193 5.030838 -0.954305 -0.725153 2.851413
  437 -0.000007 0.000001 -0.000005 -0.000000 -0.000000 -0.000000
  438 -38.621918 -3.597563 50.792419 0.938311 0.126331 1.558746
  439 -20.371801 -9.744375 -2.990042 0.636716 -0.964784 2.018134
  440 -0.483101 8.250682 -13.900933 0.000000 -0.000000 1.570796
  441 4.360191 -3.605510 -0.692878 -0.018761 0.000000 0.172585
  442 -0.000001 -6.475163 -8.877786 -0.000000 0.000000 0.000000
  443 0.000001 6.475163 8.877786 -0.000000 0.000000 0.000000
  444 -1.878121 12.014875 -0.599893 -0.000000 0.000000 0.000000
  445 3.953934 0.000001 -0.000002 0.000000 -0.000000 -0.000000
  446 -1.976972 0.000000 0.000000 -0.000000 0.000000 0.000000
  447 -0.098849 -12.014876 0.599888 -0.000000 -0.000000 -0.000000
  448 0.000001 6.475165 8.877787 -2.200961 0.000249 0.000341
  449 0.000001 0.000001 0.000002 -0.000000 0.000000 0.000000
  450 -0.000002 10.988307 0.000002 2.200961 0.000422 0.000000
  451 0.000000 0.000000 0.000000 -0.060252 -0.000000 3.141593
  452 30.331322 8.980781 -17.192400 0.239549 -0.011120 1.582001
  453 1.961087 -0.448856 0.257715 -0.003597 -0.000000 0.000000
  454 -0.483102 -8.250682 -13.900933 0.000000 -0.000000 1.570796
  455 -1.869202 4.457671 -0.970604 0.001980 -0.007251 -0.064092
  456 -0.000000 -6.475163 -8.877784 -0.000000 0.000000 -0.000000
  457 0.000000 6.475163 8.877784 -0.000000 0.000000 -0.000000
  458 1.878119 12.014875 -0.599895 -0.000000 0.000000 -0.000000
  459 -3.953936 -0.000001 -0.000006 -0.000000 -0.000000 -0.000000
  460 1.976967 -0.000000 0.000000 0.000000 0.000000 -0.000000
  461 0.098848 -12.014872 0.599887 0.000000 -0.000000 -0.000000
  462 0.000000 6.475164 8.877784 -2.200961 -0.000249 -0.000341
  463 -0.000002 0.000003 0.000004 -0.000000 0.000000 0.000000
  464 0.000001 10.988304 -0.000000 2.200961 -0.000422 0.000000
  465 0.000000 0.000000 0.000000 -0.060252 0.000000 3.141593
  466 30.516205 -7.518528 -17.375885 0.239549 -0.011120 1.582001
  467 -5.924033 1.355900 -0.778502 -0.003597 -0.000000 0.000000
end
