version 1
nodes
0 "root" -1
1 "DEF-spine" 0
2 "DEF-spine.001" 1
3 "DEF-spine.002" 2
4 "DEF-spine.003" 3
5 "DEF-spine.004" 4
6 "DEF-spine.005" 5
7 "DEF-spine.006" 6
8 "VIS_upper_arm_ik_pole.L" 0
9 "VIS_upper_arm_ik_pole.R" 0
10 "VIS_thigh_ik_pole.L" 0
11 "VIS_thigh_ik_pole.R" 0
12 "MCH-torso.parent" -1
13 "torso" 12
14 "hips" 13
15 "chest" 13
16 "MCH-spine.001" 13
17 "spine_fk.001" 16
18 "MCH-spine" 17
19 "spine_fk" 18
20 "tweak_spine" 19
21 "ORG-spine" 20
22 "ORG-pelvis.L" 21
23 "DEF-pelvis.L" 22
24 "ORG-pelvis.R" 21
25 "DEF-pelvis.R" 24
26 "ORG-thigh.L" 21
27 "ORG-shin.L" 26
28 "ORG-foot.L" 27
29 "ORG-toe.L" 28
30 "ORG-heel.02.L" 28
31 "MCH-foot_tweak.L" 28
32 "foot_tweak.L" 31
33 "MCH-shin_tweak.L" 27
34 "shin_tweak.L" 33
35 "MCH-shin_tweak.L.001" 27
36 "shin_tweak.L.001" 35
37 "MCH-thigh_parent_widget.L" 26
38 "MCH-thigh_tweak.L.001" 26
39 "thigh_tweak.L.001" 38
40 "ORG-thigh.R" 21
41 "ORG-shin.R" 40
42 "ORG-foot.R" 41
43 "ORG-toe.R" 42
44 "ORG-heel.02.R" 42
45 "MCH-foot_tweak.R" 42
46 "foot_tweak.R" 45
47 "MCH-shin_tweak.R" 41
48 "shin_tweak.R" 47
49 "MCH-shin_tweak.R.001" 41
50 "shin_tweak.R.001" 49
51 "MCH-thigh_parent_widget.R" 40
52 "MCH-thigh_tweak.R.001" 40
53 "thigh_tweak.R.001" 52
54 "thigh_parent.L" 21
55 "MCH-thigh_parent.L" 21
56 "thigh_fk.L" 55
57 "shin_fk.L" 56
58 "MCH-foot_fk.L" 57
59 "foot_fk.L" 58
60 "MCH-toe_fk.L" 59
61 "toe_fk.L" 60
62 "MCH-thigh_ik_swing.L" 55
63 "thigh_ik.L" 62
64 "MCH-shin_ik.L" 63
65 "MCH-thigh_tweak.L" 21
66 "thigh_tweak.L" 65
67 "DEF-thigh.L" 21
68 "DEF-thigh.L.001" 67
69 "DEF-shin.L" 68
70 "DEF-shin.L.001" 69
71 "DEF-foot.L" 70
72 "DEF-toe.L" 71
73 "thigh_parent.R" 21
74 "MCH-thigh_parent.R" 21
75 "thigh_fk.R" 74
76 "shin_fk.R" 75
77 "MCH-foot_fk.R" 76
78 "foot_fk.R" 77
79 "MCH-toe_fk.R" 78
80 "toe_fk.R" 79
81 "MCH-thigh_ik_swing.R" 74
82 "thigh_ik.R" 81
83 "MCH-shin_ik.R" 82
84 "MCH-thigh_tweak.R" 21
85 "thigh_tweak.R" 84
86 "DEF-thigh.R" 21
87 "DEF-thigh.R.001" 86
88 "DEF-shin.R" 87
89 "DEF-shin.R.001" 88
90 "DEF-foot.R" 89
91 "DEF-toe.R" 90
92 "tweak_spine.001" 19
93 "ORG-spine.001" 92
94 "MCH-WGT-hips" 19
95 "MCH-spine.002" 13
96 "spine_fk.002" 95
97 "MCH-pivot" 96
98 "tweak_spine.002" 97
99 "ORG-spine.002" 98
100 "MCH-spine.003" 96
101 "spine_fk.003" 100
102 "ORG-spine.004" 101
103 "ORG-spine.005" 102
104 "ORG-spine.006" 103
105 "MCH-ROT-neck" 101
106 "neck" 105
107 "MCH-ROT-head" 106
108 "head" 107
109 "tweak_spine.004" 106
110 "MCH-STR-neck" 106
111 "MCH-spine.005" 110
112 "tweak_spine.005" 111
113 "tweak_spine.003" 101
114 "ORG-spine.003" 113
115 "ORG-shoulder.L" 114
116 "ORG-upper_arm.L" 115
117 "ORG-forearm.L" 116
118 "ORG-hand.L" 117
119 "MCH-hand_tweak.L" 118
120 "hand_tweak.L" 119
121 "MCH-forearm_tweak.L" 117
122 "forearm_tweak.L" 121
123 "MCH-forearm_tweak.L.001" 117
124 "forearm_tweak.L.001" 123
125 "MCH-upper_arm_parent_widget.L" 116
126 "MCH-upper_arm_tweak.L.001" 116
127 "upper_arm_tweak.L.001" 126
128 "DEF-shoulder.L" 115
129 "upper_arm_parent.L" 115
130 "MCH-upper_arm_parent.L" 115
131 "upper_arm_fk.L" 130
132 "forearm_fk.L" 131
133 "MCH-hand_fk.L" 132
134 "hand_fk.L" 133
135 "MCH-upper_arm_ik_swing.L" 130
136 "upper_arm_ik.L" 135
137 "MCH-forearm_ik.L" 136
138 "MCH-upper_arm_tweak.L" 115
139 "upper_arm_tweak.L" 138
140 "DEF-upper_arm.L" 115
141 "DEF-upper_arm.L.001" 140
142 "DEF-forearm.L" 141
143 "DEF-forearm.L.001" 142
144 "DEF-hand.L" 143
145 "ORG-palm.01.L" 144
146 "ORG-f_index.01.L" 145
147 "ORG-f_index.02.L" 146
148 "ORG-f_index.03.L" 147
149 "DEF-f_index.01.L" 145
150 "DEF-f_index.02.L" 149
151 "DEF-f_index.03.L" 150
152 "f_index.01_master.L" 145
153 "DEF-palm.01.L" 145
154 "MCH-f_index.01_drv.L" 145
155 "f_index.01.L" 154
156 "MCH-f_index.02_drv.L" 155
157 "f_index.02.L" 156
158 "MCH-f_index.03_drv.L" 157
159 "f_index.03.L" 158
160 "f_index.01.L.001" 159
161 "MCH-f_index.03.L" 159
162 "MCH-f_index.02.L" 157
163 "MCH-f_index.01.L" 145
164 "ORG-palm.02.L" 144
165 "ORG-f_middle.01.L" 164
166 "ORG-f_middle.02.L" 165
167 "ORG-f_middle.03.L" 166
168 "DEF-f_middle.01.L" 164
169 "DEF-f_middle.02.L" 168
170 "DEF-f_middle.03.L" 169
171 "f_middle.01_master.L" 164
172 "DEF-palm.02.L" 164
173 "DEF-palm.02.L.001" 164
174 "MCH-f_middle.01_drv.L" 164
175 "f_middle.01.L" 174
176 "MCH-f_middle.02_drv.L" 175
177 "f_middle.02.L" 176
178 "MCH-f_middle.03_drv.L" 177
179 "f_middle.03.L" 178
180 "f_middle.01.L.001" 179
181 "MCH-f_middle.03.L" 179
182 "MCH-f_middle.02.L" 177
183 "MCH-f_middle.01.L" 164
184 "DEF-palm.02.L.002" 164
185 "ORG-palm.03.L" 144
186 "ORG-f_ring.01.L" 185
187 "ORG-f_ring.02.L" 186
188 "ORG-f_ring.03.L" 187
189 "DEF-f_ring.01.L" 185
190 "DEF-f_ring.02.L" 189
191 "DEF-f_ring.03.L" 190
192 "f_ring.01_master.L" 185
193 "DEF-palm.03.L" 185
194 "DEF-palm.03.L.001" 185
195 "MCH-f_ring.01_drv.L" 185
196 "f_ring.01.L" 195
197 "MCH-f_ring.02_drv.L" 196
198 "f_ring.02.L" 197
199 "MCH-f_ring.03_drv.L" 198
200 "f_ring.03.L" 199
201 "f_ring.01.L.001" 200
202 "MCH-f_ring.03.L" 200
203 "MCH-f_ring.02.L" 198
204 "MCH-f_ring.01.L" 185
205 "DEF-palm.03.L.002" 185
206 "ORG-palm.04.L" 144
207 "ORG-f_pinky.01.L" 206
208 "ORG-f_pinky.02.L" 207
209 "ORG-f_pinky.03.L" 208
210 "DEF-f_pinky.01.L" 206
211 "DEF-f_pinky.02.L" 210
212 "DEF-f_pinky.03.L" 211
213 "f_pinky.01_master.L" 206
214 "DEF-palm.04.L" 206
215 "DEF-palm.04.L.001" 206
216 "MCH-f_pinky.01_drv.L" 206
217 "f_pinky.01.L" 216
218 "MCH-f_pinky.02_drv.L" 217
219 "f_pinky.02.L" 218
220 "MCH-f_pinky.03_drv.L" 219
221 "f_pinky.03.L" 220
222 "f_pinky.01.L.001" 221
223 "MCH-f_pinky.03.L" 221
224 "MCH-f_pinky.02.L" 219
225 "MCH-f_pinky.01.L" 206
226 "DEF-palm.04.L.003" 206
227 "ORG-palm.04.L.001" 144
228 "ORG-f_pinky.01.L.001" 227
229 "ORG-f_pinky.02.L.001" 228
230 "ORG-f_pinky.03.L.001" 229
231 "DEF-f_pinky.01.L.001" 227
232 "DEF-f_pinky.02.L.001" 231
233 "DEF-f_pinky.03.L.001" 232
234 "f_pinky.01_master.L.001" 227
235 "DEF-palm.04.L.002" 227
236 "MCH-f_pinky.01_drv.L.001" 227
237 "f_pinky.01.L.002" 236
238 "MCH-f_pinky.02_drv.L.001" 237
239 "f_pinky.02.L.001" 238
240 "MCH-f_pinky.03_drv.L.001" 239
241 "f_pinky.03.L.001" 240
242 "f_pinky.01.L.003" 241
243 "MCH-f_pinky.03.L.001" 241
244 "MCH-f_pinky.02.L.001" 239
245 "MCH-f_pinky.01.L.001" 227
246 "ORG-palm.01.L.001" 144
247 "ORG-f_index.01.L.001" 246
248 "ORG-f_index.02.L.001" 247
249 "ORG-f_index.03.L.001" 248
250 "DEF-f_index.01.L.001" 246
251 "DEF-f_index.02.L.001" 250
252 "DEF-f_index.03.L.001" 251
253 "f_index.01_master.L.001" 246
254 "DEF-palm.01.L.001" 246
255 "MCH-f_index.01_drv.L.001" 246
256 "f_index.01.L.002" 255
257 "MCH-f_index.02_drv.L.001" 256
258 "f_index.02.L.001" 257
259 "MCH-f_index.03_drv.L.001" 258
260 "f_index.03.L.001" 259
261 "f_index.01.L.003" 260
262 "MCH-f_index.03.L.001" 260
263 "MCH-f_index.02.L.001" 258
264 "MCH-f_index.01.L.001" 246
265 "palm.L" 144
266 "palm.L.001" 144
267 "palm.L.002" 144
268 "ORG-shoulder.R" 114
269 "ORG-upper_arm.R" 268
270 "ORG-forearm.R" 269
271 "ORG-hand.R" 270
272 "MCH-hand_tweak.R" 271
273 "hand_tweak.R" 272
274 "MCH-forearm_tweak.R" 270
275 "forearm_tweak.R" 274
276 "MCH-forearm_tweak.R.001" 270
277 "forearm_tweak.R.001" 276
278 "MCH-upper_arm_parent_widget.R" 269
279 "MCH-upper_arm_tweak.R.001" 269
280 "upper_arm_tweak.R.001" 279
281 "DEF-shoulder.R" 268
282 "upper_arm_parent.R" 268
283 "MCH-upper_arm_parent.R" 268
284 "upper_arm_fk.R" 283
285 "forearm_fk.R" 284
286 "MCH-hand_fk.R" 285
287 "hand_fk.R" 286
288 "MCH-upper_arm_ik_swing.R" 283
289 "upper_arm_ik.R" 288
290 "MCH-forearm_ik.R" 289
291 "MCH-upper_arm_tweak.R" 268
292 "upper_arm_tweak.R" 291
293 "DEF-upper_arm.R" 268
294 "DEF-upper_arm.R.001" 293
295 "DEF-forearm.R" 294
296 "DEF-forearm.R.001" 295
297 "DEF-hand.R" 296
298 "ORG-palm.01.R" 297
299 "ORG-f_index.01.R" 298
300 "ORG-f_index.02.R" 299
301 "ORG-f_index.03.R" 300
302 "DEF-f_index.01.R" 298
303 "DEF-f_index.02.R" 302
304 "DEF-f_index.03.R" 303
305 "f_index.01_master.R" 298
306 "DEF-palm.01.R" 298
307 "MCH-f_index.01_drv.R" 298
308 "f_index.01.R" 307
309 "MCH-f_index.02_drv.R" 308
310 "f_index.02.R" 309
311 "MCH-f_index.03_drv.R" 310
312 "f_index.03.R" 311
313 "f_index.01.R.001" 312
314 "MCH-f_index.03.R" 312
315 "MCH-f_index.02.R" 310
316 "MCH-f_index.01.R" 298
317 "ORG-palm.02.R" 297
318 "ORG-f_middle.01.R" 317
319 "ORG-f_middle.02.R" 318
320 "ORG-f_middle.03.R" 319
321 "DEF-f_middle.01.R" 317
322 "DEF-f_middle.02.R" 321
323 "DEF-f_middle.03.R" 322
324 "f_middle.01_master.R" 317
325 "DEF-palm.02.R" 317
326 "DEF-palm.02.R.001" 317
327 "MCH-f_middle.01_drv.R" 317
328 "f_middle.01.R" 327
329 "MCH-f_middle.02_drv.R" 328
330 "f_middle.02.R" 329
331 "MCH-f_middle.03_drv.R" 330
332 "f_middle.03.R" 331
333 "f_middle.01.R.001" 332
334 "MCH-f_middle.03.R" 332
335 "MCH-f_middle.02.R" 330
336 "MCH-f_middle.01.R" 317
337 "DEF-palm.02.R.002" 317
338 "ORG-palm.03.R" 297
339 "ORG-f_ring.01.R" 338
340 "ORG-f_ring.02.R" 339
341 "ORG-f_ring.03.R" 340
342 "DEF-f_ring.01.R" 338
343 "DEF-f_ring.02.R" 342
344 "DEF-f_ring.03.R" 343
345 "f_ring.01_master.R" 338
346 "DEF-palm.03.R" 338
347 "DEF-palm.03.R.001" 338
348 "MCH-f_ring.01_drv.R" 338
349 "f_ring.01.R" 348
350 "MCH-f_ring.02_drv.R" 349
351 "f_ring.02.R" 350
352 "MCH-f_ring.03_drv.R" 351
353 "f_ring.03.R" 352
354 "f_ring.01.R.001" 353
355 "MCH-f_ring.03.R" 353
356 "MCH-f_ring.02.R" 351
357 "MCH-f_ring.01.R" 338
358 "DEF-palm.03.R.002" 338
359 "ORG-palm.04.R" 297
360 "ORG-f_pinky.01.R" 359
361 "ORG-f_pinky.02.R" 360
362 "ORG-f_pinky.03.R" 361
363 "DEF-f_pinky.01.R" 359
364 "DEF-f_pinky.02.R" 363
365 "DEF-f_pinky.03.R" 364
366 "f_pinky.01_master.R" 359
367 "DEF-palm.04.R" 359
368 "DEF-palm.04.R.001" 359
369 "MCH-f_pinky.01_drv.R" 359
370 "f_pinky.01.R" 369
371 "MCH-f_pinky.02_drv.R" 370
372 "f_pinky.02.R" 371
373 "MCH-f_pinky.03_drv.R" 372
374 "f_pinky.03.R" 373
375 "f_pinky.01.R.001" 374
376 "MCH-f_pinky.03.R" 374
377 "MCH-f_pinky.02.R" 372
378 "MCH-f_pinky.01.R" 359
379 "DEF-palm.04.R.003" 359
380 "ORG-palm.04.R.001" 297
381 "ORG-f_pinky.01.R.001" 380
382 "ORG-f_pinky.02.R.001" 381
383 "ORG-f_pinky.03.R.001" 382
384 "DEF-f_pinky.01.R.001" 380
385 "DEF-f_pinky.02.R.001" 384
386 "DEF-f_pinky.03.R.001" 385
387 "f_pinky.01_master.R.001" 380
388 "DEF-palm.04.R.002" 380
389 "MCH-f_pinky.01_drv.R.001" 380
390 "f_pinky.01.R.002" 389
391 "MCH-f_pinky.02_drv.R.001" 390
392 "f_pinky.02.R.001" 391
393 "MCH-f_pinky.03_drv.R.001" 392
394 "f_pinky.03.R.001" 393
395 "f_pinky.01.R.003" 394
396 "MCH-f_pinky.03.R.001" 394
397 "MCH-f_pinky.02.R.001" 392
398 "MCH-f_pinky.01.R.001" 380
399 "ORG-palm.01.R.001" 297
400 "ORG-f_index.01.R.001" 399
401 "ORG-f_index.02.R.001" 400
402 "ORG-f_index.03.R.001" 401
403 "DEF-f_index.01.R.001" 399
404 "DEF-f_index.02.R.001" 403
405 "DEF-f_index.03.R.001" 404
406 "f_index.01_master.R.001" 399
407 "DEF-palm.01.R.001" 399
408 "MCH-f_index.01_drv.R.001" 399
409 "f_index.01.R.002" 408
410 "MCH-f_index.02_drv.R.001" 409
411 "f_index.02.R.001" 410
412 "MCH-f_index.03_drv.R.001" 411
413 "f_index.03.R.001" 412
414 "f_index.01.R.003" 413
415 "MCH-f_index.03.R.001" 413
416 "MCH-f_index.02.R.001" 411
417 "MCH-f_index.01.R.001" 399
418 "palm.R" 297
419 "palm.R.001" 297
420 "palm.R.002" 297
421 "ORG-breast.L" 114
422 "DEF-breast.L" 421
423 "ORG-breast.R" 114
424 "DEF-breast.R" 423
425 "breast.L" 114
426 "breast.R" 114
427 "shoulder.L" 114
428 "shoulder.R" 114
429 "MCH-WGT-chest" 101
430 "MCH-hand_ik.parent.L" -1
431 "hand_ik.L" 430
432 "MCH-upper_arm_ik_target.L" 431
433 "MCH-upper_arm_ik_target.parent.L" -1
434 "upper_arm_ik_target.L" 433
435 "MCH-hand_ik.parent.R" -1
436 "hand_ik.R" 435
437 "MCH-upper_arm_ik_target.R" 436
438 "MCH-upper_arm_ik_target.parent.R" -1
439 "upper_arm_ik_target.R" 438
440 "MCH-foot_ik.parent.L" -1
441 "foot_ik.L" 440
442 "foot_spin_ik.L" 441
443 "foot_heel_ik.L" 442
444 "MCH-heel.02_rock2.L" 442
445 "MCH-heel.02_rock1.L" 444
446 "MCH-heel.02_roll2.L" 445
447 "MCH-heel.02_roll1.L" 446
448 "MCH-foot_roll.L" 447
449 "MCH-thigh_ik_target.L" 448
450 "MCH-toe_ik_parent.L" 449
451 "toe_ik.L" 450
452 "MCH-thigh_ik_target.parent.L" -1
453 "thigh_ik_target.L" 452
454 "MCH-foot_ik.parent.R" -1
455 "foot_ik.R" 454
456 "foot_spin_ik.R" 455
457 "foot_heel_ik.R" 456
458 "MCH-heel.02_rock2.R" 456
459 "MCH-heel.02_rock1.R" 458
460 "MCH-heel.02_roll2.R" 459
461 "MCH-heel.02_roll1.R" 460
462 "MCH-foot_roll.R" 461
463 "MCH-thigh_ik_target.R" 462
464 "MCH-toe_ik_parent.R" 463
465 "toe_ik.R" 464
466 "MCH-thigh_ik_target.parent.R" -1
467 "thigh_ik_target.R" 466
end
skeleton
  time 0
  0 0.000000 0.000000 -23.603888 0.000000 -0.000000 1.570796
  1 -1.517848 3.633696 36.910297 1.948214 -0.077684 0.248065
  2 -0.000002 10.999714 -0.000000 -0.047712 0.003749 0.077978
  3 0.000000 6.753170 -0.000002 -0.016751 -0.131109 0.029397
  4 0.000001 8.544825 -0.000001 0.140425 0.020067 -0.041044
  5 0.000002 9.518025 0.000003 -0.115527 -0.044467 0.047770
  6 0.000000 3.039629 0.000000 0.193894 0.035014 0.006873
  7 -0.000000 3.098962 -0.000000 0.227615 0.000314 0.076866
  8 22.392426 -29.579645 66.828598 -2.929736 -0.632876 1.018483
  9 -19.161144 9.957895 59.644608 1.252715 -1.741678 -1.412331
  10 11.515059 -7.872752 21.872831 -2.592409 0.319351 0.559656
  11 -7.728773 -10.493392 19.006111 -2.635352 0.115524 0.195733
  12 -1.789155 0.000000 28.175615 0.000000 -0.000000 1.570796
  13 -0.000001 -0.000000 -9.564899 0.243741 -0.154563 0.000000
  14 0.000001 -1.769383 12.121017 0.005569 0.129410 0.223873
  15 -0.000001 -1.769386 12.121018 0.278274 0.077993 0.104356
  16 -0.000000 -1.769382 12.121017 -0.000855 0.064860 0.111611
  17 -0.000000 -0.000001 0.000000 1.694062 0.000000 0.000000
  18 -0.000001 -6.753167 0.000003 -1.702570 0.102512 -0.078481
  19 -0.000000 0.000000 -0.000000 1.742380 0.000000 -0.000000
  20 0.000003 -10.999714 0.000004 -0.000000 0.000000 -0.000000
  21 -0.000000 0.000000 0.000000 -0.000000 0.000000 -0.000000
  22 0.000000 0.000000 0.000000 -1.341552 -1.993774 0.192913
  23 -0.000000 -0.000002 0.000001 -0.000000 0.000000 0.000000
  24 0.000000 0.000000 0.000000 -1.341552 1.993774 -0.192913
  25 0.000000 -0.000003 0.000000 -0.000000 -0.000000 0.000000
  26 8.250685 -0.215596 2.184243 2.058503 0.084910 -0.119002
  27 -0.000000 19.273575 0.000001 1.315016 0.000000 0.000000
  28 0.000000 15.633523 0.000002 -1.297872 0.300559 -0.219967
  29 -0.000005 10.987726 -0.000435 0.880380 -3.141171 0.000000
  30 -1.873869 4.392864 10.061482 -0.000523 0.630166 -1.571104
  31 0.000000 0.000001 0.000002 -0.000000 -0.000000 -0.000000
  32 -0.000000 0.000000 -0.000000 0.000000 0.000000 0.000000
  33 0.000000 0.000002 -0.000001 -0.000000 -0.000000 0.000000
  34 0.000000 0.000000 0.000000 0.000000 -0.000000 -0.000000
  35 -0.000000 7.816765 -0.000001 0.000000 0.204698 -0.000000
  36 0.000000 0.000000 0.000000 0.000000 0.000204 0.000000
  37 0.000000 -0.000005 -0.000000 -0.000000 0.000000 -0.000000
  38 0.000000 9.636789 0.000003 -0.000000 0.085535 -0.000000
  39 -0.000000 0.000000 -0.000000 -0.000000 0.000000 -0.000000
  40 -8.250683 -0.215597 2.184244 2.199026 -0.134596 -0.045221
  41 -0.000005 19.252487 0.000001 1.414200 0.000000 0.000000
  42 0.000001 15.611073 -0.000002 -1.483352 0.081614 -0.114694
  43 0.000035 10.987695 -0.000640 0.880380 3.141171 -0.000000
  44 1.873869 4.392864 10.061480 0.000523 2.511427 1.571105
  45 -0.000000 0.000001 0.000002 -0.000000 -0.000000 -0.000000
  46 0.000000 0.000000 -0.000000 0.000000 0.000000 0.000000
  47 -0.000000 0.000001 -0.000001 -0.000000 -0.000000 -0.000000
  48 0.000000 0.000000 0.000000 -0.000000 0.000000 -0.000000
  49 0.000001 7.805539 -0.000004 -0.000000 0.079076 -0.000000
  50 0.000000 0.000000 0.000000 0.000000 -0.000205 0.000000
  51 0.000000 -0.000005 0.000000 -0.000000 0.000000 0.000000
  52 -0.000001 9.626246 0.000002 0.000000 -0.052527 0.000000
  53 -0.000000 0.000001 -0.000001 -0.000000 -0.000000 -0.000000
  54 8.250684 -0.215593 2.184241 2.903292 0.000000 -0.000000
  55 8.250685 -0.215593 2.184241 -1.742380 -0.000000 0.000000
  56 -0.000000 -0.000001 0.000000 -1.637514 -0.000000 -0.000000
  57 -0.000001 19.896326 0.000002 0.140363 -0.000000 0.000000
  58 0.000001 16.264105 -0.000000 -0.703810 -0.000322 0.000273
  59 0.000000 0.000000 0.000000 -0.000000 -0.000000 0.000000
  60 0.000000 10.988297 0.000000 0.880380 -3.141170 0.000000
  61 0.000000 0.000001 0.000000 0.000000 -0.000000 -0.000000
  62 0.000001 -0.000001 0.000000 -1.904251 0.063043 -0.010730
  63 0.000000 0.000004 0.000001 -0.577163 -0.121335 -0.000000
  64 -0.000001 19.273571 0.000001 1.315016 0.000000 0.000000
  65 8.250685 -0.215596 2.184243 2.065106 0.012549 0.016257
  66 0.000000 -0.000000 0.000000 0.000000 -0.000000 0.000000
  67 8.250687 -0.215597 2.184243 2.065107 0.012549 0.016257
  68 -0.000002 9.636791 0.000000 -0.000000 -0.067695 0.000000
  69 -0.000003 9.636789 0.000001 1.315016 -0.085536 -0.000000
  70 0.000001 7.816757 0.000000 0.000000 0.204902 0.000000
  71 -0.000000 7.816761 0.000001 -1.253276 0.100363 -0.211033
  72 0.000003 10.987745 -0.000001 0.880340 -3.141171 -0.000000
  73 -8.250684 -0.215597 2.184243 2.903292 0.000000 -0.000000
  74 -8.250684 -0.215597 2.184243 -1.742380 -0.000000 0.000000
  75 -0.000000 -0.000001 0.000000 -1.637514 0.000000 0.000000
  76 -0.000001 19.896326 -0.000000 0.140363 0.000000 0.000000
  77 0.000001 16.264105 0.000000 -0.703810 0.000322 -0.000273
  78 0.000000 0.000000 0.000000 -0.000000 0.000000 0.000000
  79 0.000000 10.988297 0.000000 0.880380 3.141170 -0.000000
  80 0.000000 0.000000 0.000000 0.000000 0.000000 -0.000000
  81 -0.000000 -0.000001 0.000000 -1.721898 0.085667 -0.006643
  82 0.000001 -0.000000 0.000000 -0.618081 0.119637 -0.000000
  83 -0.000005 19.252483 0.000002 1.414200 0.000000 0.000000
  84 -8.250683 -0.215597 2.184244 2.207063 -0.079931 -0.120229
  85 0.000000 -0.000000 0.000000 0.000000 -0.000000 0.000000
  86 -8.250683 -0.215597 2.184244 2.207063 -0.079931 -0.120229
  87 -0.000002 9.626247 0.000001 0.000000 0.039931 0.000000
  88 -0.000000 9.626244 0.000002 1.414200 0.052528 -0.000000
  89 0.000001 7.805533 -0.000001 0.000000 0.078871 0.000000
  90 -0.000000 7.805539 0.000001 -1.474393 0.003256 -0.114312
  91 0.000001 10.987716 0.000001 0.880321 3.141171 0.000003
  92 -0.000000 0.000000 0.000000 -0.048318 0.000000 0.000000
  93 -0.000000 0.000000 0.000000 -0.000000 0.000000 -0.000000
  94 0.000003 -10.999714 0.000004 -0.000000 -0.000000 0.000000
  95 -0.000001 -1.769385 12.121018 0.138008 0.042629 0.049417
  96 0.000000 -0.000001 0.000001 1.538978 -0.000000 -0.000000
  97 0.000000 -0.000001 -0.000001 0.083799 0.030187 -0.013339
  98 0.000000 0.000000 0.000000 -0.155084 -0.000000 0.000000
  99 0.000000 0.000000 0.000000 -0.000000 0.000000 0.000000
  100 -0.000002 8.544822 0.000001 -1.403067 0.050704 -0.041089
  101 0.000000 0.000000 0.000000 1.542233 -0.000000 0.000000
  102 0.000000 9.518033 -0.000001 -0.115527 -0.044467 0.047771
  103 0.000000 3.039629 0.000000 0.193894 0.035014 0.006873
  104 -0.000000 3.098962 -0.000000 0.227615 0.000314 0.076866
  105 0.000000 9.518033 -0.000001 -1.680249 -0.044467 0.047770
  106 0.000000 0.000000 0.000000 1.662547 0.000000 0.000000
  107 -0.000002 6.109803 0.000007 -1.800514 -0.038414 0.052758
  108 0.000000 -0.000002 0.000000 2.125483 -0.041708 0.058851
  109 0.000000 0.000000 0.000000 -0.097827 -0.000000 0.000000
  110 0.000000 0.000000 0.000000 0.000001 0.000000 0.000000
  111 -0.000001 3.025096 -0.296881 0.278138 0.032326 0.016757
  112 0.000000 0.000000 0.000000 0.095948 -0.000000 -0.000000
  113 0.000000 0.000000 0.000000 0.000000 -0.000000 0.000000
  114 0.000000 0.000000 0.000000 -0.000000 0.000000 0.000000
  115 0.904461 6.782024 3.867493 0.197281 -1.705923 -1.513325
  116 0.010185 19.450800 -0.828330 0.106263 1.152604 -1.324406
  117 -0.000001 19.397596 -0.000002 1.634009 0.000001 -0.000000
  118 -0.000000 24.540499 0.000001 0.250655 2.286236 0.445723
  119 0.000000 0.000000 0.000000 -0.000000 0.000001 0.000001
  120 -0.000000 0.000000 0.000000 -0.000000 -0.000001 -0.000001
  121 -0.000000 0.000004 -0.000001 -0.000000 -0.000000 -0.000000
  122 -0.000000 -0.000004 -0.000001 0.000000 0.000000 0.000000
  123 -0.000000 12.270251 0.000000 0.000000 1.117585 0.000000
  124 0.000000 -0.000001 -0.000000 -0.000001 0.001371 -0.000001
  125 0.000000 0.000000 0.000000 -0.000000 -0.000000 0.000000
  126 0.000007 9.698798 -0.000003 -0.000000 -0.474267 0.000000
  127 0.000000 0.000000 0.000000 -0.000000 -0.000000 -0.000001
  128 0.000000 0.000002 -0.000001 0.000000 0.000000 0.000000
  129 0.010189 19.450798 -0.828328 -1.068311 -0.458283 0.722012
  130 0.010190 19.450800 -0.828328 0.041386 -0.124298 1.319061
  131 0.000000 0.000000 0.000000 -1.332781 0.484537 -2.373637
  132 -0.000003 20.126820 0.000002 0.277335 0.000000 0.000000
  133 -0.000002 25.356459 0.000001 0.198412 -0.005445 0.027074
  134 0.000000 0.000000 0.000000 -0.000000 0.000000 0.000000
  135 0.000000 0.000000 0.000000 0.454567 0.008525 2.672782
  136 0.000002 -0.000003 -0.000000 -0.941023 1.244611 0.000002
  137 0.000000 19.397589 -0.000008 1.634009 0.000001 -0.000000
  138 0.010185 19.450800 -0.828330 0.045990 0.357126 -1.405485
  139 0.000000 0.000000 0.000000 -0.000000 -0.000000 -0.000000
  140 0.010185 19.450800 -0.828330 0.045989 0.357126 -1.405485
  141 -0.000001 9.698794 -0.000001 0.000002 0.322960 0.000001
  142 -0.000000 9.698795 -0.000001 1.634009 0.474268 -0.000001
  143 0.000001 12.270249 0.000004 0.000000 1.118956 0.000000
  144 0.000008 12.270245 0.000002 -0.620697 1.039262 -0.591881
  145 0.838796 0.695162 1.002014 -0.146529 0.831651 0.111056
  146 -0.000005 6.243394 -0.000001 0.057775 -0.287169 0.072684
  147 -0.000000 5.184055 -0.000000 0.170012 -0.003807 0.022168
  148 0.000000 5.576727 0.000000 0.046973 0.000643 -0.036171
  149 -0.000005 6.243394 -0.000001 0.057775 -0.287169 0.072684
  150 -0.000000 5.184055 -0.000000 0.170012 -0.003807 0.022168
  151 0.000000 5.576727 0.000000 0.046973 0.000643 -0.036171
  152 0.000002 6.243396 -0.000003 0.057776 -0.287169 0.072685
  153 -0.000000 0.000001 -0.000000 -0.000000 -0.000000 -0.000000
  154 -0.000005 6.243394 -0.000001 0.057776 -0.287169 0.072685
  155 0.000000 0.000000 0.000000 -0.000000 0.000000 -0.000000
  156 0.000003 5.184053 -0.000004 0.170011 -0.003806 0.022168
  157 0.000000 0.000000 0.000000 0.000000 -0.000001 -0.000000
  158 -0.000002 5.576727 0.000000 0.046973 0.000644 -0.036172
  159 0.000000 0.000000 0.000000 0.000000 -0.000000 -0.000000
  160 -0.000008 9.158417 0.000001 3.141593 0.324015 -0.000000
  161 0.000000 -0.000002 0.000001 0.000000 -0.000000 0.000001
  162 0.000000 0.000000 0.000000 0.000000 -0.000000 0.000000
  163 -0.000005 6.243394 -0.000001 0.057775 -0.287169 0.072684
  164 0.208216 1.308906 0.886658 -0.521836 0.710749 -0.438946
  165 -0.000013 4.941746 -0.000004 0.177555 -0.296553 -0.038426
  166 0.000001 6.134694 0.000000 0.097447 -0.004722 0.048260
  167 -0.000000 5.142242 -0.000000 0.001670 0.000042 -0.073618
  168 -0.000013 4.941746 -0.000004 0.177555 -0.296553 -0.038426
  169 0.000001 6.134694 0.000000 0.097447 -0.004722 0.048260
  170 -0.000000 5.142242 -0.000000 0.001670 0.000042 -0.073618
  171 0.000002 4.941754 -0.000000 0.177555 -0.296553 -0.038426
  172 -0.000001 0.000001 -0.000000 -0.000000 0.000000 -0.000000
  173 -0.000001 0.000001 -0.000000 -0.000000 0.000000 -0.000000
  174 -0.000013 4.941746 -0.000004 0.177554 -0.296552 -0.038425
  175 0.000000 0.000000 0.000000 -0.000000 -0.000001 -0.000001
  176 0.000000 6.134695 -0.000000 0.097447 -0.004721 0.048261
  177 0.000000 0.000000 0.000000 -0.000000 -0.000001 -0.000001
  178 0.000003 5.142242 -0.000000 0.001670 0.000043 -0.073618
  179 0.000000 0.000000 0.000000 -0.000000 -0.000001 -0.000001
  180 -0.000006 9.920084 0.000004 -3.141593 0.323204 0.000000
  181 -0.000004 -0.000004 0.000005 0.000000 -0.000000 0.000001
  182 0.000001 -0.000001 0.000000 0.000000 -0.000000 -0.000001
  183 -0.000013 4.941746 -0.000004 0.177555 -0.296553 -0.038426
  184 -0.000001 0.000001 -0.000000 -0.000000 0.000000 -0.000000
  185 1.229522 0.555890 1.288372 -0.746848 0.623235 -0.695222
  186 0.000005 5.786782 -0.000001 0.207022 -0.080209 -0.208698
  187 -0.000003 5.046761 0.000003 0.149185 0.005800 -0.038570
  188 0.000003 4.876223 -0.000004 0.114323 -0.002099 0.057281
  189 0.000005 5.786782 -0.000001 0.207022 -0.080209 -0.208698
  190 -0.000003 5.046761 0.000003 0.149185 0.005800 -0.038570
  191 0.000003 4.876223 -0.000004 0.114323 -0.002099 0.057281
  192 0.000000 5.786786 0.000002 0.207022 -0.080209 -0.208698
  193 0.000000 -0.000000 0.000000 0.000000 -0.000000 0.000000
  194 0.000000 -0.000000 0.000000 0.000000 -0.000000 0.000000
  195 0.000005 5.786782 -0.000001 0.207022 -0.080209 -0.208698
  196 0.000000 0.000000 0.000000 0.000000 -0.000000 0.000000
  197 0.000000 5.046767 0.000003 0.149186 0.005799 -0.038570
  198 0.000000 0.000000 0.000000 0.000000 0.000000 0.000000
  199 0.000002 4.876216 -0.000001 0.114323 -0.002099 0.057281
  200 0.000000 0.000000 0.000000 0.000000 -0.000001 -0.000000
  201 -0.000002 10.336264 0.000005 -3.141593 -0.095607 -0.000001
  202 0.000000 0.000000 0.000000 0.000001 -0.000000 0.000000
  203 -0.000003 -0.000006 0.000004 -0.000000 0.000000 -0.000000
  204 0.000005 5.786782 -0.000001 0.207022 -0.080209 -0.208698
  205 0.000000 -0.000000 0.000000 0.000000 -0.000000 0.000000
  206 2.510271 0.335973 0.022953 -0.704386 0.728957 -0.808876
  207 -0.000012 4.182437 -0.000002 0.204092 -0.003080 -0.542466
  208 -0.000000 4.945988 -0.000000 0.110509 0.001325 -0.011933
  209 0.000001 6.128858 -0.000000 0.158878 -0.001326 0.020280
  210 -0.000012 4.182437 -0.000002 0.204092 -0.003080 -0.542466
  211 -0.000000 4.945988 -0.000000 0.110509 0.001325 -0.011933
  212 0.000001 6.128858 -0.000000 0.158878 -0.001326 0.020280
  213 -0.000002 4.182450 -0.000001 0.204092 -0.003080 -0.542466
  214 -0.000000 0.000000 -0.000000 -0.000000 0.000000 -0.000000
  215 -0.000000 0.000000 -0.000000 -0.000000 0.000000 -0.000000
  216 -0.000012 4.182437 -0.000002 0.204093 -0.003081 -0.542467
  217 0.000000 0.000000 0.000000 -0.000000 0.000001 0.000001
  218 0.000001 4.945988 -0.000001 0.110509 0.001324 -0.011934
  219 0.000000 0.000000 0.000000 0.000000 0.000001 0.000001
  220 0.000001 6.128858 -0.000001 0.158879 -0.001326 0.020280
  221 0.000000 0.000000 0.000000 -0.000000 0.000000 0.000000
  222 0.000001 8.781747 -0.000001 3.141593 -0.488191 0.000000
  223 -0.000000 -0.000000 -0.000000 -0.000000 -0.000000 -0.000000
  224 -0.000002 -0.000007 0.000003 -0.000000 -0.000000 -0.000000
  225 -0.000012 4.182437 -0.000002 0.204092 -0.003080 -0.542466
  226 -0.000000 0.000000 -0.000000 -0.000000 0.000000 -0.000000
  227 0.777024 1.281748 1.958807 0.196514 0.598662 0.924076
  228 -0.000003 4.493428 -0.000000 0.213320 0.019605 0.282980
  229 0.000000 4.879315 0.000000 0.122049 0.004531 -0.036921
  230 0.000000 5.043321 -0.000000 0.066553 -0.001208 0.055325
  231 -0.000003 4.493428 -0.000000 0.213320 0.019605 0.282980
  232 0.000000 4.879315 0.000000 0.122049 0.004531 -0.036921
  233 0.000001 5.043321 -0.000000 0.066553 -0.001208 0.055325
  234 -0.000002 4.493431 -0.000000 0.213321 0.019605 0.282979
  235 0.000000 0.000000 0.000000 0.000000 0.000000 -0.000000
  236 -0.000003 4.493428 -0.000000 0.213321 0.019605 0.282979
  237 0.000000 0.000000 0.000000 0.000000 0.000001 0.000001
  238 0.000000 4.879316 -0.000003 0.122048 0.004531 -0.036922
  239 0.000000 0.000000 0.000000 0.000000 0.000000 0.000000
  240 0.000000 5.043320 0.000001 0.066553 -0.001208 0.055324
  241 0.000000 0.000000 0.000000 -0.000000 -0.000000 0.000000
  242 -0.000004 10.325299 0.000003 3.141593 -0.093078 -0.000000
  243 0.000000 0.000000 0.000000 0.000000 -0.000000 0.000000
  244 -0.000006 0.000004 0.000002 0.000000 0.000000 0.000000
  245 -0.000003 4.493428 -0.000000 0.213320 0.019605 0.282980
  246 0.986048 0.947618 1.368043 0.166521 0.766159 0.595878
  247 0.000002 5.486589 0.000005 0.036912 -0.459751 0.204801
  248 -0.000000 4.968780 0.000000 0.101988 0.003073 -0.030016
  249 -0.000000 5.803463 0.000000 0.087423 -0.001678 0.049316
  250 0.000002 5.486589 0.000005 0.036912 -0.459751 0.204801
  251 -0.000000 4.968780 0.000000 0.101988 0.003073 -0.030016
  252 -0.000000 5.803463 0.000000 0.087423 -0.001678 0.049316
  253 0.000001 5.486590 0.000001 0.036912 -0.459751 0.204801
  254 0.000000 0.000000 0.000000 0.000000 -0.000000 0.000000
  255 0.000002 5.486589 0.000005 0.036912 -0.459751 0.204801
  256 0.000000 0.000000 0.000000 -0.000000 -0.000000 -0.000000
  257 -0.000001 4.968781 0.000002 0.101988 0.003073 -0.030015
  258 0.000000 0.000000 0.000000 -0.000000 -0.000000 -0.000000
  259 -0.000002 5.803462 0.000001 0.087423 -0.001678 0.049316
  260 0.000000 0.000000 0.000000 -0.000000 -0.000000 0.000000
  261 -0.000004 9.111456 -0.000001 3.141592 0.806825 -0.000001
  262 -0.000003 0.000002 0.000008 -0.000000 0.000000 0.000000
  263 -0.000005 0.000003 0.000005 0.000000 -0.000000 0.000000
  264 0.000002 5.486589 0.000005 0.036912 -0.459751 0.204801
  265 2.510269 0.335970 0.022943 -0.704386 0.728958 -0.808876
  266 2.510269 0.335970 0.022943 -0.704386 0.728958 -0.808876
  267 2.510269 0.335970 0.022943 -0.704386 0.728958 -0.808876
  268 -0.904463 6.782031 3.867490 -1.622151 1.320334 0.074553
  269 -0.010183 19.450792 -0.828321 -2.258917 -0.626822 0.980332
  270 0.000002 19.407347 0.000004 1.582855 -0.000000 -0.000000
  271 0.000002 24.557545 0.000009 0.185275 0.027555 0.077131
  272 0.000000 0.000000 0.000000 -0.000000 -0.000001 -0.000001
  273 0.000000 0.000000 0.000000 -0.000000 0.000001 0.000001
  274 0.000003 0.000003 -0.000000 -0.000000 0.000000 0.000000
  275 -0.000001 -0.000001 -0.000000 0.000000 0.000000 -0.000000
  276 -0.000000 12.278775 0.000005 0.000000 0.017318 -0.000000
  277 0.000000 0.000000 0.000000 -0.000001 -0.001371 0.000001
  278 0.000000 0.000000 0.000000 -0.000000 0.000000 0.000000
  279 0.000004 9.703672 -0.000000 0.000000 -0.022679 0.000000
  280 -0.000000 -0.000000 0.000000 -0.000000 0.000000 0.000000
  281 -0.000000 0.000002 0.000000 0.000000 -0.000000 0.000000
  282 -0.010182 19.450792 -0.828322 -1.068311 0.458283 -0.722012
  283 -0.010182 19.450792 -0.828322 0.041386 0.124298 -1.319061
  284 0.000000 0.000001 -0.000000 -1.332781 -0.484537 2.373637
  285 -0.000004 20.126829 0.000004 0.277335 -0.000000 -0.000000
  286 0.000002 25.356464 0.000002 0.198412 0.005445 -0.027073
  287 0.000000 0.000000 0.000000 0.000000 -0.000000 -0.000000
  288 0.000000 0.000001 -0.000000 -1.484790 -0.524287 2.464899
  289 -0.000000 -0.000001 0.000002 -0.909424 0.107313 -0.000000
  290 0.000006 19.407343 -0.000002 1.582855 -0.000000 -0.000000
  291 -0.010183 19.450792 -0.828321 -2.279783 -0.601983 1.016524
  292 0.000000 0.000000 0.000000 -0.000000 0.000000 0.000000
  293 -0.010183 19.450792 -0.828321 -2.279784 -0.601983 1.016523
  294 0.000000 9.703666 0.000002 0.000001 0.015939 0.000000
  295 -0.000004 9.703676 0.000007 1.582855 0.022678 0.000000
  296 0.000003 12.278775 0.000001 -0.000000 0.015946 -0.000000
  297 0.000001 12.278772 -0.000001 0.184046 0.011656 0.077107
  298 -0.838800 0.695164 1.002012 -0.146529 -0.831651 -0.111056
  299 -0.000004 6.243399 0.000001 0.057776 0.287169 -0.072684
  300 0.000000 5.184049 0.000000 0.170011 0.003807 -0.022168
  301 -0.000003 5.576723 0.000000 0.046973 -0.000643 0.036172
  302 -0.000004 6.243399 0.000001 0.057776 0.287169 -0.072684
  303 0.000000 5.184049 0.000000 0.170011 0.003807 -0.022168
  304 -0.000003 5.576723 0.000000 0.046973 -0.000643 0.036172
  305 -0.000001 6.243397 0.000001 0.057776 0.287169 -0.072685
  306 0.000000 0.000000 0.000000 0.000000 0.000000 0.000000
  307 -0.000004 6.243399 0.000001 0.057776 0.287169 -0.072685
  308 0.000000 0.000000 0.000000 0.000000 0.000000 -0.000000
  309 -0.000004 5.184048 0.000001 0.170011 0.003806 -0.022168
  310 0.000000 0.000000 0.000000 0.000000 0.000000 0.000000
  311 -0.000000 5.576722 0.000001 0.046973 -0.000643 0.036172
  312 0.000000 0.000000 0.000000 0.000000 0.000000 0.000000
  313 0.000001 9.158415 0.000001 3.141592 -0.324016 0.000000
  314 0.000000 0.000000 0.000000 0.000000 -0.000000 -0.000000
  315 0.000000 0.000000 0.000000 0.000000 -0.000000 0.000000
  316 -0.000004 6.243399 0.000001 0.057776 0.287169 -0.072684
  317 -0.208226 1.308907 0.886640 -0.521836 -0.710749 0.438946
  318 0.000005 4.941752 0.000002 0.177555 0.296553 0.038425
  319 0.000001 6.134696 0.000001 0.097446 0.004722 -0.048260
  320 0.000002 5.142241 -0.000002 0.001670 -0.000043 0.073620
  321 0.000005 4.941752 0.000002 0.177555 0.296553 0.038425
  322 0.000001 6.134696 0.000001 0.097446 0.004722 -0.048260
  323 0.000002 5.142241 -0.000002 0.001670 -0.000043 0.073620
  324 0.000000 4.941751 0.000001 0.177555 0.296553 0.038426
  325 0.000000 0.000000 0.000000 0.000000 0.000000 0.000000
  326 0.000000 0.000000 0.000000 0.000000 0.000000 0.000000
  327 0.000005 4.941752 0.000002 0.177554 0.296552 0.038425
  328 0.000000 0.000000 0.000000 -0.000000 0.000001 0.000001
  329 0.000002 6.134696 0.000002 0.097447 0.004721 -0.048261
  330 0.000000 0.000000 0.000000 -0.000000 0.000001 0.000000
  331 0.000001 5.142240 0.000000 0.001670 -0.000043 0.073619
  332 0.000000 0.000000 0.000000 -0.000000 0.000001 0.000001
  333 -0.000001 9.920085 0.000002 -3.141593 -0.323204 -0.000000
  334 -0.000001 0.000002 0.000000 0.000000 0.000000 0.000000
  335 0.000000 0.000000 0.000000 -0.000000 0.000000 -0.000000
  336 0.000005 4.941752 0.000002 0.177555 0.296553 0.038425
  337 0.000000 0.000000 0.000000 0.000000 0.000000 0.000000
  338 -1.229536 0.555901 1.288357 -0.746847 -0.623235 0.695221
  339 -0.000002 5.786786 -0.000001 0.207022 0.080209 0.208698
  340 -0.000000 5.046770 0.000000 0.149186 -0.005800 0.038570
  341 0.000004 4.876215 -0.000001 0.114323 0.002099 -0.057280
  342 -0.000002 5.786786 -0.000001 0.207022 0.080209 0.208698
  343 -0.000000 5.046770 0.000000 0.149186 -0.005800 0.038570
  344 0.000004 4.876215 -0.000001 0.114323 0.002099 -0.057280
  345 -0.000001 5.786785 0.000002 0.207022 0.080209 0.208698
  346 0.000000 0.000000 0.000000 0.000000 0.000000 -0.000000
  347 0.000000 0.000000 0.000000 0.000000 0.000000 -0.000000
  348 -0.000002 5.786786 -0.000001 0.207022 0.080209 0.208698
  349 0.000000 0.000000 0.000000 -0.000000 -0.000000 0.000000
  350 0.000001 5.046769 0.000000 0.149186 -0.005800 0.038570
  351 0.000000 0.000000 0.000000 -0.000000 -0.000000 -0.000000
  352 0.000000 4.876215 -0.000000 0.114323 0.002099 -0.057280
  353 0.000000 0.000000 0.000000 -0.000000 0.000001 0.000000
  354 -0.000003 10.336264 0.000001 -3.141593 0.095607 0.000001
  355 -0.000000 -0.000000 -0.000001 0.000000 0.000000 0.000000
  356 -0.000000 0.000000 -0.000001 -0.000000 -0.000000 0.000000
  357 -0.000002 5.786786 -0.000001 0.207022 0.080209 0.208698
  358 0.000000 0.000000 0.000000 0.000000 0.000000 -0.000000
  359 -2.510274 0.335972 0.022937 -0.704386 -0.728957 0.808876
  360 -0.000003 4.182466 0.000003 0.204093 0.003080 0.542466
  361 0.000001 4.945989 0.000000 0.110509 -0.001325 0.011933
  362 0.000000 6.128850 0.000000 0.158879 0.001326 -0.020281
  363 -0.000003 4.182466 0.000003 0.204093 0.003080 0.542466
  364 0.000001 4.945989 0.000000 0.110509 -0.001325 0.011933
  365 0.000000 6.128850 0.000000 0.158879 0.001326 -0.020281
  366 -0.000000 4.182455 0.000000 0.204092 0.003080 0.542466
  367 0.000000 0.000000 0.000000 0.000000 0.000000 -0.000000
  368 0.000000 0.000000 0.000000 0.000000 0.000000 -0.000000
  369 -0.000003 4.182466 0.000003 0.204093 0.003081 0.542467
  370 0.000000 0.000000 0.000000 -0.000000 -0.000001 -0.000001
  371 0.000000 4.945987 0.000001 0.110509 -0.001324 0.011934
  372 0.000000 0.000000 0.000000 0.000000 -0.000001 -0.000001
  373 -0.000002 6.128850 -0.000000 0.158878 0.001326 -0.020280
  374 0.000000 0.000000 0.000000 0.000000 -0.000000 -0.000000
  375 -0.000000 8.781746 0.000002 -3.141593 0.488191 0.000000
  376 -0.000000 0.000000 -0.000001 0.000000 -0.000000 -0.000000
  377 0.000001 0.000002 0.000000 0.000000 -0.000000 0.000000
  378 -0.000003 4.182466 0.000003 0.204093 0.003080 0.542466
  379 0.000000 0.000000 0.000000 0.000000 0.000000 -0.000000
  380 -0.777028 1.281750 1.958797 0.196514 -0.598662 -0.924076
  381 -0.000004 4.493431 0.000002 0.213321 -0.019605 -0.282980
  382 -0.000001 4.879318 -0.000001 0.122049 -0.004531 0.036921
  383 0.000000 5.043318 0.000000 0.066553 0.001208 -0.055324
  384 -0.000004 4.493431 0.000002 0.213321 -0.019605 -0.282980
  385 -0.000001 4.879318 -0.000001 0.122049 -0.004531 0.036921
  386 0.000000 5.043318 0.000000 0.066553 0.001208 -0.055324
  387 -0.000001 4.493431 0.000000 0.213321 -0.019605 -0.282980
  388 0.000000 0.000000 0.000000 0.000000 0.000000 0.000000
  389 -0.000004 4.493431 0.000002 0.213321 -0.019605 -0.282979
  390 0.000000 0.000000 0.000000 -0.000000 -0.000001 -0.000000
  391 0.000001 4.879315 0.000000 0.122048 -0.004531 0.036922
  392 0.000000 0.000000 0.000000 0.000000 -0.000000 -0.000000
  393 0.000002 5.043318 -0.000000 0.066553 0.001208 -0.055324
  394 -0.000000 -0.000000 -0.000000 -0.000000 -0.000000 -0.000000
  395 0.000003 10.325287 0.000002 3.141593 0.093078 0.000000
  396 0.000000 0.000000 0.000000 0.000000 -0.000000 -0.000000
  397 0.000000 0.000000 0.000000 -0.000000 -0.000000 -0.000000
  398 -0.000004 4.493431 0.000002 0.213321 -0.019605 -0.282980
  399 -0.986051 0.947620 1.368040 0.166521 -0.766158 -0.595878
  400 0.000001 5.486587 0.000000 0.036912 0.459751 -0.204801
  401 -0.000000 4.968774 0.000000 0.101988 -0.003073 0.030016
  402 0.000001 5.803462 -0.000001 0.087423 0.001678 -0.049316
  403 0.000001 5.486587 0.000000 0.036912 0.459751 -0.204801
  404 -0.000000 4.968774 0.000000 0.101988 -0.003073 0.030016
  405 0.000000 5.803458 0.000001 0.087423 0.001678 -0.049316
  406 0.000001 5.486587 0.000000 0.036912 0.459751 -0.204801
  407 0.000000 0.000000 0.000000 -0.000000 0.000000 -0.000000
  408 0.000001 5.486587 0.000000 0.036912 0.459751 -0.204801
  409 0.000000 0.000000 0.000000 -0.000000 0.000000 0.000000
  410 -0.000001 4.968779 -0.000000 0.101988 -0.003073 0.030015
  411 0.000000 0.000000 0.000000 -0.000000 0.000000 0.000000
  412 0.000001 5.803461 0.000001 0.087423 0.001678 -0.049316
  413 -0.000000 0.000000 0.000000 0.000000 -0.000000 -0.000000
  414 0.000001 9.111452 0.000001 3.141592 -0.806826 0.000001
  415 -0.000004 -0.000000 -0.000001 0.000000 -0.000000 -0.000000
  416 0.000000 0.000000 0.000000 0.000000 0.000000 -0.000000
  417 0.000001 5.486587 0.000000 0.036912 0.459751 -0.204801
  418 -2.510270 0.335973 0.022941 -0.704386 -0.728958 0.808875
  419 -2.510270 0.335973 0.022941 -0.704386 -0.728958 0.808875
  420 -2.510270 0.335973 0.022941 -0.704386 -0.728958 0.808875
  421 8.463111 -0.489832 -2.120324 1.542233 0.000000 3.141592
  422 -0.000000 -0.000001 -0.000000 -0.000000 -0.000000 0.000000
  423 -8.463110 -0.489833 -2.120328 1.542233 0.000000 3.141593
  424 -0.000000 -0.000001 -0.000000 -0.000000 0.000000 -0.000000
  425 8.463111 -0.489832 -2.120324 1.542233 0.000000 3.141592
  426 -8.463110 -0.489833 -2.120328 1.542233 0.000000 3.141593
  427 0.904462 6.782031 3.867490 0.197281 -1.705923 -1.513325
  428 -0.904462 6.782038 3.867486 -1.622151 1.320334 0.074553
  429 0.000000 0.000000 0.000000 0.000000 -0.000000 -0.000000
  430 -2.384858 45.420403 15.540361 0.000000 -0.000000 1.570796
  431 -46.969765 -37.286358 28.428343 2.887945 -0.396040 -1.026994
  432 -0.000002 0.000003 0.000000 0.000000 0.000000 0.000000
  433 -38.263222 22.156643 33.137169 0.486805 -0.354768 1.297376
  434 58.303902 -72.239037 17.014469 0.636717 0.964784 -2.018134
  435 -2.384865 -45.420403 15.540361 0.000000 -0.000000 1.570796
  436 9.383606 6.750869 2.681606 -1.136327 -0.644577 2.821565
  437 -0.000002 0.000002 -0.000003 -0.000000 -0.000000 0.000000
  438 -41.788242 -13.893620 30.760176 0.502447 -0.102881 1.691308
  439 0.000000 0.000000 0.000000 0.636716 -0.964784 2.018134
  440 -0.483101 8.250682 -13.900933 0.000000 -0.000000 1.570796
  441 0.000000 -0.019654 -0.645735 -0.024900 -0.000000 -0.000000
  442 0.000002 -6.475163 -8.877783 0.000000 -0.000000 -0.000000
  443 -0.000002 6.475164 8.877783 0.000000 -0.000000 -0.000000
  444 -1.878122 12.014874 -0.599894 0.000000 0.000000 0.000000
  445 3.953934 0.000001 0.000000 -0.000000 -0.000000 0.000000
  446 -1.976969 -0.000000 0.000000 0.000000 0.000000 -0.000000
  447 -0.098844 -12.014876 0.599885 0.000000 0.000000 -0.000000
  448 -0.000002 6.475165 8.877786 -2.200961 0.000249 0.000342
  449 0.000001 0.000002 0.000002 0.000000 -0.000000 0.000000
  450 -0.000000 10.988306 0.000000 2.200961 0.000423 0.000000
  451 0.000000 0.000000 0.000000 -0.060252 -0.000000 -3.141593
  452 27.286230 17.037136 -13.923992 0.205835 -0.077684 1.818861
  453 1.961088 -0.448856 0.257715 -0.003598 -0.000000 -0.000000
  454 -0.483102 -8.250682 -13.900933 0.000000 -0.000000 1.570796
  455 -1.252175 0.611978 -1.004295 0.000000 -0.000000 -0.000000
  456 0.000001 -6.475164 -8.877784 0.000000 -0.000000 -0.000000
  457 -0.000001 6.475165 8.877784 0.000000 -0.000000 -0.000000
  458 1.878118 12.014875 -0.599892 0.000000 -0.000000 -0.000000
  459 -3.953930 -0.000000 0.000000 0.000000 -0.000000 -0.000000
  460 1.976967 0.000000 0.000000 0.000000 -0.000000 -0.000000
  461 0.098852 -12.014875 0.599886 0.000000 -0.000000 -0.000000
  462 -0.000001 6.475165 8.877784 -2.200961 -0.000249 -0.000341
  463 -0.000001 0.000002 0.000002 -0.000000 -0.000000 -0.000000
  464 0.000000 10.988304 0.000000 2.200961 -0.000422 0.000000
  465 0.000000 0.000000 0.000000 -0.060252 0.000000 -3.141593
  466 31.325567 1.089130 -15.204603 0.205835 -0.077684 1.818861
  467 -5.924032 1.355900 -0.778502 -0.003598 -0.000000 -0.000000
  time 1
  0 0.000000 0.000000 -23.603888 0.000000 -0.000000 1.570796
  1 -0.581142 5.250786 41.462215 1.587347 -0.113221 -0.234649
  2 -0.000001 10.999712 -0.000000 -0.058626 -0.002692 -0.050288
  3 -0.000000 6.753172 0.000000 -0.223408 0.148396 -0.115043
  4 0.000001 8.544813 -0.000000 -0.037067 0.020813 -0.078164
  5 -0.000000 9.518017 -0.000000 0.061081 0.025932 0.079111
  6 -0.000000 3.039629 0.000000 0.193799 0.014713 0.002889
  7 0.000000 3.098967 -0.000000 -0.213413 0.072081 0.241659
  8 23.851954 -10.402473 65.746155 2.608614 -0.699840 1.377755
  9 -20.382647 27.661695 57.762863 -0.852476 -0.718232 -0.218052
  10 6.633330 -5.412245 23.755463 2.984267 -0.168010 -0.143549
  11 -11.962930 0.746819 21.586048 3.036300 -0.302896 -0.272967
  12 -1.789155 0.000000 28.175615 0.000000 -0.000000 1.570796
  13 -2.177854 3.480322 -4.896149 -0.183172 -0.000000 0.000000
  14 0.000000 -1.769384 12.121013 0.023495 -0.069065 -0.250945
  15 -0.000001 -1.769387 12.121012 -0.080304 0.153074 -0.065659
  16 0.000000 -1.769384 12.121013 0.009570 -0.035270 -0.125194
  17 -0.000000 -0.000001 -0.000000 1.694062 -0.000000 0.000000
  18 -0.000001 -6.753164 0.000001 -1.689746 -0.119793 0.050723
  19 0.000000 0.000000 0.000000 1.742380 -0.000000 -0.000000
  20 -0.000003 -10.999714 0.000002 0.000000 0.000000 0.000000
  21 -0.000000 0.000000 0.000000 -0.000000 -0.000000 0.000000
  22 -0.000000 0.000000 0.000000 -1.341552 -1.993774 0.192913
  23 -0.000000 -0.000002 0.000001 -0.000000 0.000000 -0.000000
  24 -0.000000 0.000000 0.000000 -1.341552 1.993774 -0.192913
  25 0.000000 -0.000002 0.000001 -0.000000 -0.000000 0.000000
  26 8.250682 -0.215596 2.184241 2.784488 0.070168 -0.070705
  27 -0.000001 19.549435 0.000001 0.734325 -0.000001 -0.000000
  28 0.000004 15.915494 0.000002 -1.049122 -0.134530 0.103108
  29 -0.000200 10.985041 -0.002619 0.880380 -3.141171 0.000000
  30 -1.873869 4.392865 10.061482 -0.000523 0.630166 -1.571105
  31 0.000000 0.000002 0.000002 -0.000000 -0.000000 -0.000000
  32 -0.000000 0.000000 -0.000000 0.000000 -0.000000 -0.000000
  33 -0.000000 0.000000 0.000000 0.000000 0.000000 -0.000000
  34 0.000000 0.000000 0.000000 0.000000 -0.000000 -0.000000
  35 0.000002 7.957750 0.000000 0.000000 -0.089898 -0.000000
  36 0.000000 0.000000 0.000000 0.000000 0.000205 0.000000
  37 -0.000000 -0.000001 0.000001 -0.000000 -0.000000 -0.000000
  38 -0.000001 9.774721 0.000002 0.000000 0.045491 -0.000000
  39 0.000000 0.000000 -0.000000 -0.000000 0.000000 -0.000000
  40 -8.250683 -0.215595 2.184240 2.872034 -0.080674 -0.190706
  41 -0.000003 19.400646 -0.000000 1.013614 -0.000000 -0.000000
  42 0.000001 15.764793 0.000000 -1.144229 -0.278540 0.162634
  43 -0.000003 10.987782 -0.000376 1.155738 3.141171 -0.000000
  44 1.873869 4.392865 10.061479 0.000523 2.511427 1.571105
  45 -0.000000 0.000002 0.000002 -0.000000 0.000000 0.000000
  46 0.000000 0.000000 0.000000 0.000000 0.000000 0.000000
  47 -0.000000 0.000002 -0.000001 0.000000 0.000000 -0.000000
  48 0.000000 0.000000 0.000000 0.000000 -0.000000 0.000000
  49 -0.000000 7.882400 -0.000001 0.000000 -0.173726 -0.000000
  50 0.000000 0.000000 0.000000 0.000000 -0.000205 -0.000000
  51 -0.000000 -0.000000 0.000001 -0.000000 -0.000000 -0.000000
  52 -0.000001 9.700326 0.000001 -0.000000 -0.016048 0.000000
  53 0.000000 0.000000 0.000000 -0.000000 -0.000000 -0.000000
  54 8.250682 -0.215596 2.184241 2.903292 0.000000 -0.000000
  55 8.250682 -0.215596 2.184241 -1.742379 0.000000 -0.000000
  56 0.000000 -0.000000 -0.000000 -1.637513 0.000000 -0.000000
  57 0.000001 19.896324 -0.000000 0.140363 -0.000000 0.000000
  58 0.000000 16.264105 -0.000000 -0.703810 -0.000322 0.000273
  59 0.000000 0.000000 0.000000 -0.000000 0.000000 0.000000
  60 0.000000 10.988299 0.000001 0.880380 -3.141171 0.000000
  61 0.000000 0.000000 0.000000 0.000000 -0.000000 0.000000
  62 0.000000 -0.000000 -0.000000 -1.428553 0.068636 0.004767
  63 -0.000000 -0.000000 0.000000 -0.327769 -0.077225 -0.000000
  64 -0.000001 19.549425 0.000001 0.734325 -0.000001 -0.000000
  65 8.250682 -0.215596 2.184241 2.785379 -0.012253 -0.039994
  66 -0.000000 -0.000000 0.000000 0.000000 -0.000000 0.000000
  67 8.250682 -0.215596 2.184241 2.785379 -0.012253 -0.039994
  68 0.000000 9.774722 0.000001 -0.000000 -0.042459 -0.000000
  69 -0.000000 9.774717 0.000002 0.734325 -0.045491 0.000000
  70 0.000001 7.957745 0.000001 0.000000 -0.089694 -0.000000
  71 -0.000003 7.957752 -0.000001 -1.040133 -0.045293 0.102288
  72 0.000001 10.985063 -0.000000 0.880141 -3.141171 -0.000018
  73 -8.250683 -0.215595 2.184239 2.903292 0.000000 -0.000000
  74 -8.250683 -0.215595 2.184239 -1.742379 0.000000 -0.000000
  75 0.000000 -0.000000 -0.000000 -1.637513 -0.000000 0.000000
  76 0.000001 19.896324 -0.000001 0.140363 0.000000 0.000000
  77 -0.000000 16.264107 0.000001 -0.703810 0.000322 -0.000273
  78 -0.000000 -0.000000 0.000000 -0.000000 0.000000 0.000000
  79 0.000001 10.988297 -0.000000 0.880380 3.141171 -0.000000
  80 -0.000000 0.000001 -0.000000 0.000000 0.000000 0.000000
  81 0.000000 -0.000000 -0.000000 -1.217195 0.173310 0.030718
  82 0.000000 0.000000 0.000000 -0.449468 0.082363 -0.000000
  83 -0.000004 19.400646 0.000000 1.013614 -0.000000 -0.000000
  84 -8.250683 -0.215595 2.184240 2.872564 -0.051678 -0.198726
  85 0.000000 0.000000 0.000000 0.000000 0.000000 0.000000
  86 -8.250683 -0.215595 2.184240 2.872564 -0.051678 -0.198726
  87 -0.000000 9.700327 0.000000 0.000000 0.014031 -0.000000
  88 0.000000 9.700320 -0.000001 1.013614 0.016049 -0.000000
  89 -0.000001 7.882393 -0.000001 0.000000 -0.173930 -0.000000
  90 -0.000000 7.882401 -0.000000 -1.116079 -0.106818 0.157217
  91 0.000000 10.987803 -0.000000 1.155704 3.141171 -0.000000
  92 -0.000000 0.000000 0.000001 -0.048317 0.000000 -0.000000
  93 0.000000 0.000000 0.000000 -0.000000 0.000000 0.000000
  94 -0.000003 -10.999714 0.000002 -0.000000 -0.000000 0.000000
  95 -0.000001 -1.769385 12.121012 -0.038773 0.077193 -0.031191
  96 0.000000 -0.000001 -0.000000 1.538978 -0.000000 0.000000
  97 0.000000 0.000000 -0.000000 0.178868 -0.050226 0.053371
  98 0.000000 0.000000 0.000000 -0.155084 -0.000000 -0.000000
  99 0.000000 0.000000 0.000000 -0.000000 0.000000 0.000000
  100 0.000000 8.544813 0.000000 -1.575427 -0.028627 -0.078178
  101 0.000000 0.000000 0.000000 1.542233 0.000000 -0.000000
  102 -0.000000 9.518025 -0.000002 0.061080 0.025932 0.079111
  103 0.000000 3.039629 -0.000000 0.193799 0.014713 0.002889
  104 -0.000001 3.098974 0.000000 -0.213413 0.072081 0.241659
  105 -0.000000 9.518025 -0.000002 -1.503638 0.025932 0.079112
  106 -0.000000 -0.000000 -0.000000 1.662547 0.000000 -0.000000
  107 -0.000001 6.109816 0.000000 -1.623649 0.035231 0.075438
  108 0.000000 -0.000002 -0.000000 1.496876 -0.174442 0.019760
  109 -0.000000 -0.000000 0.000000 -0.097827 0.000000 -0.000000
  110 -0.000000 -0.000000 0.000000 0.000000 0.000000 -0.000000
  111 0.000002 3.025095 -0.296889 -0.035668 0.008192 0.087406
  112 0.000000 0.000000 0.000000 0.095948 0.000000 0.000000
  113 0.000000 0.000000 -0.000001 0.000000 -0.000000 0.000000
  114 -0.000000 -0.000000 0.000000 -0.000000 -0.000000 0.000000
  115 0.904464 6.782032 3.867486 0.197282 -1.705923 -1.513326
  116 0.010188 19.450804 -0.828333 1.109789 2.766798 -0.647996
  117 -0.000003 19.488434 -0.000001 1.282261 0.000000 0.000000
  118 -0.000002 24.670673 0.000002 0.727584 2.087646 0.688880
  119 0.000000 0.000000 0.000000 0.000000 0.000001 0.000001
  120 0.000000 0.000000 0.000000 -0.000000 -0.000001 -0.000001
  121 0.000009 0.000011 -0.000005 -0.000001 -0.000000 -0.000000
  122 0.000001 -0.000001 -0.000001 0.000000 -0.000000 0.000000
  123 0.000005 12.335341 -0.000001 0.000001 0.975964 0.000001
  124 0.000001 -0.000001 0.000000 -0.000001 0.001371 -0.000001
  125 0.000000 0.000000 0.000000 -0.000000 -0.000000 0.000000
  126 0.000003 9.744221 0.000004 0.000001 -1.345593 -0.000001
  127 0.000000 -0.000000 -0.000000 -0.000000 -0.000000 -0.000001
  128 0.000000 0.000002 -0.000000 0.000000 0.000000 -0.000000
  129 0.010190 19.450798 -0.828333 -1.068311 -0.458283 0.722012
  130 0.010190 19.450798 -0.828333 0.041386 -0.124298 1.319061
  131 -0.000000 0.000000 0.000000 -1.332781 0.484537 -2.373637
  132 -0.000004 20.126827 0.000001 0.277335 0.000000 0.000000
  133 0.000001 25.356464 -0.000003 0.198412 -0.005445 0.027073
  134 0.000000 0.000000 0.000000 -0.000000 0.000000 0.000000
  135 -0.000000 0.000000 0.000000 1.567272 -2.556158 0.492982
  136 -0.000005 -0.000003 -0.000000 -0.728488 2.506128 -0.000000
  137 -0.000011 19.488428 -0.000001 1.282261 0.000000 0.000000
  138 0.010188 19.450804 -0.828333 -0.985450 0.014391 -1.304846
  139 0.000000 0.000000 0.000000 -0.000000 -0.000000 -0.000000
  140 0.010188 19.450804 -0.828333 -0.985451 0.014391 -1.304846
  141 -0.000001 9.744217 -0.000002 -0.000000 1.045872 0.000000
  142 0.000001 9.744221 -0.000001 1.282262 1.345594 0.000001
  143 -0.000001 12.335331 0.000001 -0.000000 0.977336 0.000000
  144 -0.000002 12.335324 -0.000002 -0.354775 0.931338 -0.554321
  145 0.838801 0.695165 1.002013 -0.146529 0.831651 0.111056
  146 0.315831 5.547443 0.010139 0.057776 -0.287169 0.072685
  147 -0.000000 5.184053 0.000000 1.580791 -0.003806 0.022168
  148 0.000001 5.576720 0.000002 1.457752 0.000644 -0.036172
  149 0.315831 5.547443 0.010139 0.057776 -0.287169 0.072685
  150 -0.000000 5.184053 0.000000 1.580791 -0.003806 0.022168
  151 0.000001 5.576720 0.000001 1.457752 0.000644 -0.036172
  152 0.315833 5.547445 0.010138 0.057776 -0.287169 0.072685
  153 0.000000 0.000000 0.000000 0.000000 -0.000000 -0.000000
  154 0.315831 5.547443 0.010139 0.057776 -0.287169 0.072685
  155 0.000000 0.000000 0.000000 0.000000 -0.000000 -0.000000
  156 0.000000 5.184052 0.000000 1.580790 -0.003806 0.022168
  157 0.000000 -0.000000 -0.000000 0.000000 -0.000000 -0.000000
  158 0.000001 5.576721 0.000003 1.457752 0.000643 -0.036172
  159 0.000000 0.000000 0.000000 0.000000 -0.000000 -0.000000
  160 0.000002 9.158419 0.000002 3.141593 0.324016 -0.000001
  161 0.000000 -0.000000 0.000000 0.000000 0.000000 -0.000000
  162 -0.000000 0.000001 -0.000002 0.000001 0.000000 -0.000000
  163 0.315831 5.547443 0.010139 0.057776 -0.287169 0.072685
  164 0.208213 1.308919 0.886654 -0.521837 0.710749 -0.438947
  165 -0.298916 4.529105 0.160259 0.177554 -0.296553 -0.038426
  166 0.000002 6.134692 0.000001 1.508226 -0.004721 0.048260
  167 -0.000002 5.142242 -0.000001 1.412450 0.000043 -0.073620
  168 -0.298916 4.529105 0.160259 0.177554 -0.296553 -0.038426
  169 0.000001 6.134692 0.000001 1.508226 -0.004721 0.048260
  170 -0.000002 5.142241 -0.000002 1.412450 0.000043 -0.073620
  171 -0.298912 4.529104 0.160259 0.177555 -0.296553 -0.038426
  172 0.000000 0.000000 -0.000000 0.000000 -0.000000 -0.000000
  173 0.000000 0.000000 -0.000000 0.000000 -0.000000 -0.000000
  174 -0.298916 4.529105 0.160259 0.177555 -0.296552 -0.038425
  175 0.000000 0.000000 0.000000 -0.000000 -0.000001 -0.000001
  176 0.000001 6.134691 -0.000000 1.508226 -0.004721 0.048261
  177 -0.000000 -0.000000 -0.000000 -0.000000 -0.000001 -0.000001
  178 -0.000002 5.142239 -0.000002 1.412449 0.000043 -0.073619
  179 0.000000 0.000000 0.000000 -0.000000 -0.000001 -0.000001
  180 0.000001 9.920082 -0.000000 -3.141593 0.323205 0.000000
  181 0.000000 0.000000 0.000000 0.000000 0.000000 -0.000000
  182 0.000000 0.000000 0.000000 -0.000001 0.000000 0.000001
  183 -0.298916 4.529105 0.160259 0.177554 -0.296553 -0.038426
  184 0.000000 0.000000 -0.000000 0.000000 -0.000000 -0.000000
  185 1.229524 0.555906 1.288373 -0.746847 0.623235 -0.695221
  186 -1.040494 5.175703 -0.123351 0.207022 -0.080209 -0.208698
  187 -0.000000 5.046767 0.000000 1.559965 0.005799 -0.038570
  188 0.000000 4.876215 0.000001 1.525103 -0.002098 0.057280
  189 -1.040494 5.175703 -0.123351 0.207022 -0.080209 -0.208698
  190 -0.000000 5.046767 0.000000 1.559965 0.005799 -0.038570
  191 0.000000 4.876215 0.000001 1.525103 -0.002098 0.057280
  192 -1.040491 5.175701 -0.123354 0.207022 -0.080209 -0.208698
  193 0.000000 0.000000 0.000000 0.000000 -0.000000 -0.000000
  194 0.000000 0.000000 0.000000 0.000000 -0.000000 -0.000000
  195 -1.040494 5.175703 -0.123351 0.207022 -0.080209 -0.208698
  196 0.000000 0.000000 0.000000 0.000000 -0.000000 0.000000
  197 -0.000001 5.046767 0.000000 1.559966 0.005799 -0.038570
  198 0.000000 0.000000 0.000000 -0.000000 0.000001 0.000000
  199 0.000001 4.876214 -0.000001 1.525102 -0.002099 0.057280
  200 -0.000000 -0.000000 0.000000 0.000000 -0.000001 -0.000000
  201 0.000003 10.336266 -0.000001 -3.141593 -0.095607 -0.000001
  202 -0.000000 -0.000000 0.000000 -0.000000 0.000000 -0.000000
  203 0.000000 0.000000 0.000000 -0.000000 -0.000000 -0.000000
  204 -1.040494 5.175703 -0.123351 0.207022 -0.080209 -0.208698
  205 0.000000 0.000000 0.000000 0.000000 -0.000000 -0.000000
  206 2.510267 0.335980 0.022949 -0.704386 0.728957 -0.808876
  207 -1.718770 3.923270 -0.628438 0.204092 -0.003080 -0.542466
  208 -0.000004 4.945989 0.000001 1.521289 0.001324 -0.011934
  209 0.000004 6.128850 -0.000000 1.569659 -0.001327 0.020281
  210 -1.718770 3.923270 -0.628438 0.204092 -0.003080 -0.542466
  211 -0.000004 4.945989 0.000001 1.521289 0.001324 -0.011934
  212 0.000004 6.128850 -0.000000 1.569659 -0.001327 0.020281
  213 -1.718760 3.923268 -0.628439 0.204092 -0.003080 -0.542466
  214 0.000000 0.000000 0.000000 0.000000 0.000000 -0.000000
  215 0.000000 0.000000 0.000000 0.000000 0.000000 -0.000000
  216 -1.718768 3.923270 -0.628439 0.204093 -0.003081 -0.542467
  217 0.000000 0.000000 0.000000 -0.000000 0.000001 0.000001
  218 -0.000003 4.945986 0.000002 1.521289 0.001323 -0.011934
  219 0.000000 0.000000 0.000000 -0.000000 0.000001 0.000001
  220 0.000006 6.128850 -0.000001 1.569659 -0.001326 0.020280
  221 0.000000 0.000000 0.000000 0.000000 0.000000 0.000000
  222 -0.000001 8.781747 -0.000003 3.141593 -0.488190 -0.000000
  223 -0.000002 0.000000 -0.000001 -0.000000 0.000000 0.000000
  224 -0.000002 0.000001 0.000000 -0.000000 0.000000 -0.000001
  225 -1.718770 3.923270 -0.628438 0.204092 -0.003080 -0.542466
  226 0.000000 0.000000 0.000000 0.000000 0.000000 -0.000000
  227 0.777028 1.281750 1.958796 0.196514 0.598662 0.924076
  228 1.574785 3.715570 -0.217450 0.213321 0.019605 0.282980
  229 -0.000000 4.879313 -0.000000 1.532828 0.004530 -0.036922
  230 0.000001 5.043319 0.000000 1.477333 -0.001208 0.055324
  231 1.574785 3.715570 -0.217450 0.213321 0.019605 0.282980
  232 -0.000000 4.879313 -0.000000 1.532828 0.004530 -0.036922
  233 0.000001 5.043319 0.000000 1.477333 -0.001208 0.055324
  234 1.574786 3.715562 -0.217456 0.213321 0.019605 0.282980
  235 0.000000 0.000000 0.000000 0.000000 -0.000000 0.000000
  236 1.574785 3.715569 -0.217452 0.213321 0.019605 0.282979
  237 0.000000 0.000000 0.000000 -0.000000 0.000000 0.000001
  238 -0.000000 4.879313 -0.000001 1.532828 0.004530 -0.036922
  239 0.000000 0.000000 0.000000 0.000000 0.000000 0.000000
  240 0.000002 5.043320 -0.000002 1.477333 -0.001208 0.055324
  241 0.000000 0.000000 0.000000 0.000000 0.000000 0.000000
  242 -0.000001 10.325294 -0.000001 3.141593 -0.093079 -0.000000
  243 0.000001 -0.000001 -0.000001 -0.000000 -0.000000 0.000000
  244 0.000000 0.000001 -0.000001 -0.000001 0.000000 -0.000000
  245 1.574785 3.715570 -0.217450 0.213321 0.019605 0.282980
  246 0.986051 0.947620 1.368041 0.166521 0.766159 0.595878
  247 1.025710 4.816755 -0.142709 0.036911 -0.459751 0.204801
  248 -0.000000 4.968777 0.000000 1.512768 0.003073 -0.030016
  249 0.000001 5.803463 0.000002 1.498203 -0.001678 0.049316
  250 1.025710 4.816755 -0.142709 0.036911 -0.459751 0.204801
  251 -0.000000 4.968777 0.000000 1.512768 0.003073 -0.030016
  252 0.000001 5.803463 0.000002 1.498203 -0.001678 0.049316
  253 1.025711 4.816746 -0.142712 0.036912 -0.459751 0.204801
  254 0.000000 0.000000 0.000000 0.000000 -0.000000 -0.000000
  255 1.025711 4.816753 -0.142710 0.036912 -0.459751 0.204801
  256 0.000000 0.000000 0.000000 -0.000000 -0.000000 -0.000000
  257 -0.000001 4.968778 -0.000001 1.512768 0.003073 -0.030015
  258 0.000000 0.000000 0.000000 -0.000000 -0.000000 -0.000000
  259 0.000001 5.803465 0.000000 1.498203 -0.001678 0.049316
  260 0.000000 0.000000 0.000000 0.000000 0.000000 0.000000
  261 0.000000 9.111456 0.000000 3.141592 0.806825 -0.000001
  262 0.000000 -0.000000 0.000001 0.000000 0.000000 0.000000
  263 0.000000 0.000002 -0.000001 -0.000000 -0.000000 -0.000000
  264 1.025710 4.816755 -0.142709 0.036911 -0.459751 0.204801
  265 2.510269 0.335975 0.022945 -0.704386 0.728957 -0.808876
  266 2.510269 0.335975 0.022945 -0.704386 0.728957 -0.808876
  267 2.510269 0.335975 0.022945 -0.704386 0.728957 -0.808876
  268 -0.904462 6.782039 3.867488 -1.655395 1.123215 -0.035043
  269 -0.010192 19.450798 -0.828344 -1.833626 -0.969739 0.832468
  270 0.000006 20.000925 0.000001 0.460969 -0.000000 -0.000000
  271 0.000003 25.227947 0.000000 0.265909 -0.547833 -0.224637
  272 0.000000 0.000000 0.000000 0.000000 -0.000001 -0.000001
  273 0.000000 0.000000 0.000000 -0.000000 0.000001 0.000001
  274 -0.000005 0.000003 -0.000006 -0.000000 0.000000 0.000001
  275 0.000000 0.000000 0.000000 0.000000 0.000000 -0.000000
  276 0.000000 12.613977 -0.000003 0.000001 -0.285642 -0.000001
  277 0.000000 0.000000 0.000000 -0.000001 -0.001371 0.000001
  278 0.000000 0.000000 0.000000 -0.000000 0.000000 -0.000000
  279 -0.000006 10.000469 -0.000000 -0.000000 -0.066911 -0.000000
  280 0.000000 0.000000 0.000000 -0.000000 0.000000 0.000000
  281 -0.000000 0.000002 0.000000 0.000000 -0.000000 0.000000
  282 -0.010190 19.450802 -0.828327 -1.068311 0.458283 -0.722012
  283 -0.010190 19.450802 -0.828327 0.041386 0.124298 -1.319061
  284 -0.000000 0.000001 0.000000 -1.332781 -0.484537 2.373637
  285 -0.000001 20.126823 0.000000 0.277335 -0.000000 0.000000
  286 0.000002 25.356466 0.000001 0.198412 0.005445 -0.027073
  287 0.000000 0.000000 0.000000 -0.000000 -0.000000 -0.000000
  288 -0.000000 0.000001 0.000000 1.290587 -2.306338 -0.688464
  289 -0.000011 0.000001 0.000002 -0.257601 0.134796 -0.000000
  290 0.000003 20.000933 0.000000 0.460969 -0.000000 -0.000000
  291 -0.010192 19.450798 -0.828344 -2.006517 -0.924321 1.045143
  292 0.000000 0.000000 0.000000 -0.000000 0.000000 0.000000
  293 -0.010192 19.450798 -0.828344 -2.006516 -0.924320 1.045141
  294 -0.000002 10.000466 -0.000000 -0.000000 0.065141 -0.000001
  295 0.000005 10.000454 0.000000 0.460969 0.066911 0.000000
  296 0.000002 12.613976 0.000004 0.000000 -0.287014 0.000000
  297 -0.000003 12.613967 0.000002 0.200484 -0.267109 -0.198444
  298 -0.838799 0.695162 1.002008 -0.146529 -0.831652 -0.111056
  299 -0.175700 5.856244 0.005641 0.057776 0.287169 -0.072684
  300 0.000000 5.184050 -0.000000 0.954811 0.003807 -0.022168
  301 0.000002 5.576728 -0.000002 0.831774 -0.000643 0.036172
  302 -0.175700 5.856244 0.005641 0.057776 0.287169 -0.072684
  303 0.000000 5.184050 -0.000000 0.954811 0.003807 -0.022168
  304 0.000002 5.576728 -0.000002 0.831774 -0.000643 0.036172
  305 -0.175698 5.856247 0.005641 0.057776 0.287169 -0.072685
  306 0.000000 0.000000 0.000000 0.000000 0.000000 0.000000
  307 -0.175700 5.856244 0.005641 0.057776 0.287169 -0.072685
  308 0.000000 0.000000 0.000000 0.000000 0.000000 0.000000
  309 -0.000004 5.184050 -0.000001 0.954811 0.003807 -0.022168
  310 0.000000 0.000000 0.000000 0.000000 0.000001 0.000001
  311 0.000002 5.576725 -0.000002 0.831773 -0.000644 0.036172
  312 0.000000 0.000000 0.000000 0.000000 0.000000 0.000000
  313 0.000001 9.158422 0.000000 3.141592 -0.324016 0.000000
  314 0.000002 0.000001 -0.000003 0.000000 0.000000 -0.000000
  315 0.000000 0.000000 0.000000 -0.000000 -0.000000 -0.000000
  316 -0.175700 5.856244 0.005641 0.057776 0.287169 -0.072684
  317 -0.208219 1.308902 0.886643 -0.521836 -0.710749 0.438947
  318 0.254619 4.590256 0.136513 0.177555 0.296553 0.038426
  319 -0.000003 6.134694 -0.000001 1.299172 0.004721 -0.048261
  320 0.000000 5.142235 0.000000 1.203394 -0.000043 0.073620
  321 0.254619 4.590256 0.136513 0.177555 0.296553 0.038426
  322 -0.000003 6.134694 -0.000001 1.299172 0.004721 -0.048261
  323 0.000000 5.142235 0.000000 1.203394 -0.000043 0.073620
  324 0.254619 4.590256 0.136513 0.177554 0.296553 0.038426
  325 0.000000 0.000000 0.000000 -0.000000 0.000000 -0.000000
  326 0.000000 0.000000 0.000000 -0.000000 0.000000 -0.000000
  327 0.254619 4.590256 0.136513 0.177554 0.296552 0.038425
  328 0.000000 0.000000 0.000000 -0.000000 0.000001 0.000001
  329 -0.000003 6.134696 -0.000001 1.299172 0.004721 -0.048261
  330 0.000000 0.000000 0.000000 -0.000000 0.000001 0.000001
  331 0.000002 5.142235 -0.000001 1.203395 -0.000043 0.073619
  332 0.000000 0.000000 0.000000 -0.000000 0.000001 0.000001
  333 0.000001 9.920086 -0.000003 -3.141593 -0.323204 -0.000000
  334 -0.000001 -0.000000 -0.000001 -0.000000 -0.000000 -0.000000
  335 0.000000 0.000000 0.000000 -0.000000 -0.000000 -0.000000
  336 0.254619 4.590256 0.136513 0.177555 0.296553 0.038426
  337 0.000000 0.000000 0.000000 -0.000000 0.000000 -0.000000
  338 -1.229538 0.555891 1.288359 -0.746847 -0.623235 0.695221
  339 0.578810 5.446852 -0.068628 0.207022 0.080208 0.208698
  340 0.000001 5.046767 -0.000001 0.933986 -0.005800 0.038570
  341 0.000001 4.876212 0.000000 0.899122 0.002099 -0.057280
  342 0.578810 5.446852 -0.068628 0.207022 0.080208 0.208698
  343 0.000001 5.046767 -0.000001 0.933986 -0.005800 0.038570
  344 0.000001 4.876212 0.000000 0.899122 0.002099 -0.057280
  345 0.578814 5.446847 -0.068622 0.207022 0.080209 0.208698
  346 0.000000 0.000000 0.000000 0.000000 0.000000 -0.000000
  347 0.000000 0.000000 0.000000 0.000000 0.000000 -0.000000
  348 0.578810 5.446852 -0.068628 0.207022 0.080208 0.208698
  349 0.000000 0.000000 0.000000 0.000000 -0.000000 -0.000000
  350 0.000000 5.046767 -0.000000 0.933986 -0.005799 0.038570
  351 0.000000 0.000000 0.000000 -0.000000 -0.000000 -0.000000
  352 -0.000000 4.876213 0.000002 0.899123 0.002099 -0.057280
  353 0.000000 0.000000 0.000000 0.000000 0.000001 0.000000
  354 -0.000002 10.336258 0.000002 -3.141593 0.095607 0.000001
  355 0.000000 0.000000 0.000000 0.000000 0.000000 0.000000
  356 0.000000 0.000000 0.000000 0.000000 0.000000 0.000000
  357 0.578810 5.446852 -0.068628 0.207022 0.080208 0.208698
  358 0.000000 0.000000 0.000000 0.000000 0.000000 -0.000000
  359 -2.510275 0.335973 0.022939 -0.704386 -0.728957 0.808876
  360 1.464064 3.961670 -0.535312 0.204093 0.003080 0.542466
  361 0.000001 4.945988 0.000001 1.312234 -0.001323 0.011933
  362 -0.000001 6.128859 0.000002 1.360603 0.001326 -0.020280
  363 1.464064 3.961670 -0.535312 0.204093 0.003080 0.542466
  364 0.000001 4.945988 0.000001 1.312234 -0.001323 0.011933
  365 -0.000001 6.128859 0.000002 1.360603 0.001326 -0.020280
  366 1.464067 3.961677 -0.535317 0.204092 0.003080 0.542466
  367 0.000000 0.000000 0.000000 -0.000000 -0.000000 -0.000000
  368 0.000000 0.000000 0.000000 -0.000000 -0.000000 -0.000000
  369 1.464064 3.961670 -0.535312 0.204093 0.003081 0.542467
  370 0.000000 0.000000 0.000000 -0.000000 -0.000001 -0.000001
  371 -0.000000 4.945986 0.000002 1.312234 -0.001324 0.011934
  372 0.000000 0.000000 0.000000 -0.000000 -0.000001 -0.000001
  373 -0.000000 6.128854 0.000002 1.360603 0.001326 -0.020280
  374 0.000000 0.000000 0.000000 0.000000 -0.000000 -0.000000
  375 -0.000002 8.781745 -0.000000 3.141593 0.488191 -0.000000
  376 -0.000001 0.000003 -0.000002 -0.000000 -0.000000 0.000000
  377 0.000000 0.000000 0.000000 0.000000 -0.000000 -0.000000
  378 1.464064 3.961670 -0.535312 0.204093 0.003080 0.542466
  379 0.000000 0.000000 0.000000 -0.000000 -0.000000 -0.000000
  380 -0.777026 1.281748 1.958793 0.196514 -0.598662 -0.924076
  381 -0.876038 4.060694 -0.120970 0.213321 -0.019605 -0.282980
  382 0.000000 4.879311 0.000000 0.906849 -0.004531 0.036922
  383 -0.000000 5.043318 0.000000 0.851352 0.001208 -0.055325
  384 -0.876038 4.060694 -0.120970 0.213321 -0.019605 -0.282980
  385 -0.000000 4.879311 0.000000 0.906849 -0.004531 0.036922
  386 -0.000000 5.043318 0.000000 0.851352 0.001208 -0.055325
  387 -0.876034 4.060702 -0.120969 0.213321 -0.019605 -0.282979
  388 0.000000 0.000000 0.000000 0.000000 0.000000 0.000000
  389 -0.876038 4.060694 -0.120970 0.213321 -0.019605 -0.282979
  390 0.000000 0.000000 0.000000 -0.000000 -0.000000 -0.000001
  391 0.000001 4.879311 0.000001 0.906848 -0.004531 0.036922
  392 0.000000 0.000000 0.000000 0.000000 -0.000000 -0.000000
  393 -0.000003 5.043316 0.000003 0.851353 0.001208 -0.055324
  394 0.000000 0.000000 0.000000 0.000000 0.000000 -0.000000
  395 -0.000001 10.325295 -0.000001 3.141592 0.093078 0.000000
  396 0.000000 0.000000 0.000000 -0.000000 0.000000 -0.000000
  397 0.000000 0.000000 0.000000 0.000001 -0.000000 0.000001
  398 -0.876038 4.060694 -0.120970 0.213321 -0.019605 -0.282980
  399 -0.986051 0.947616 1.368039 0.166521 -0.766158 -0.595879
  400 -0.873716 4.916005 -0.121556 0.036911 0.459752 -0.204801
  401 0.000000 4.968782 0.000000 1.303714 -0.003074 0.030016
  402 0.000001 5.803465 0.000000 1.289148 0.001678 -0.049316
  403 -0.873716 4.916005 -0.121556 0.036911 0.459752 -0.204801
  404 -0.000000 4.968782 0.000000 1.303714 -0.003074 0.030016
  405 0.000001 5.803465 0.000000 1.289148 0.001678 -0.049316
  406 -0.873718 4.915999 -0.121563 0.036912 0.459751 -0.204801
  407 0.000000 0.000000 0.000000 0.000000 0.000000 -0.000000
  408 -0.873716 4.916005 -0.121556 0.036912 0.459751 -0.204801
  409 0.000000 0.000000 0.000000 -0.000000 0.000001 0.000000
  410 -0.000001 4.968781 -0.000002 1.303713 -0.003073 0.030015
  411 0.000000 0.000000 0.000000 -0.000000 0.000000 0.000000
  412 -0.000000 5.803465 0.000000 1.289148 0.001678 -0.049316
  413 0.000000 0.000000 0.000000 0.000000 -0.000000 -0.000000
  414 0.000002 9.111455 0.000001 3.141592 -0.806826 0.000001
  415 0.000000 0.000000 0.000000 0.000000 -0.000000 -0.000000
  416 0.000000 0.000000 0.000000 0.000000 -0.000000 0.000000
  417 -0.873716 4.916005 -0.121556 0.036911 0.459751 -0.204801
  418 -2.510269 0.335969 0.022939 -0.704386 -0.728957 0.808876
  419 -2.510269 0.335969 0.022939 -0.704386 -0.728957 0.808876
  420 -2.510269 0.335969 0.022939 -0.704386 -0.728957 0.808876
  421 8.463114 -0.489840 -2.120324 1.542233 -0.000000 3.141593
  422 0.000000 -0.000001 0.000000 -0.000000 -0.000000 -0.000000
  423 -8.463114 -0.489840 -2.120326 1.542233 -0.000000 -3.141593
  424 0.000000 -0.000001 0.000000 -0.000000 0.000000 -0.000000
  425 8.463114 -0.489840 -2.120324 1.542233 -0.000000 3.141593
  426 -8.463114 -0.489840 -2.120326 1.542233 -0.000000 -3.141593
  427 0.904463 6.782040 3.867488 0.197282 -1.705923 -1.513326
  428 -0.904462 6.782039 3.867488 -1.655395 1.123215 -0.035043
  429 0.000000 0.000000 -0.000001 0.000000 -0.000000 0.000000
  430 -2.384858 45.420403 15.540361 0.000000 -0.000000 1.570796
  431 -37.985668 -13.906160 8.221863 -2.205167 -0.177019 -1.220411
  432 -0.000002 0.000008 0.000005 -0.000000 0.000000 0.000000
  433 -29.481867 24.869759 6.236315 -0.364150 -0.311518 1.393125
  434 50.495712 -61.235580 15.409178 0.636717 0.964784 -2.018134
  435 -2.384865 -45.420403 15.540361 0.000000 -0.000000 1.570796
  436 11.941705 37.967918 1.198223 1.657918 -2.143368 -0.687820
  437 -0.000003 0.000002 -0.000000 -0.000000 -0.000000 -0.000000
  438 -38.859421 -4.137794 5.610931 -0.303492 0.152067 1.264242
  439 20.336990 35.091618 1.872169 0.636716 -0.964784 2.018134
  440 -0.483101 8.250682 -13.900933 0.000000 -0.000000 1.570796
  441 0.000000 -0.019654 -0.645735 -0.024900 -0.000000 -0.000000
  442 0.000002 -6.475163 -8.877783 0.000000 -0.000000 -0.000000
  443 -0.000002 6.475164 8.877783 0.000000 -0.000000 -0.000000
  444 -1.878122 12.014874 -0.599894 0.000000 0.000000 0.000000
  445 3.953934 0.000001 0.000000 -0.000000 -0.000000 0.000000
  446 -1.976969 -0.000000 0.000000 0.000000 0.000000 -0.000000
  447 -0.098844 -12.014876 0.599885 0.000000 0.000000 -0.000000
  448 -0.000002 6.475165 8.877786 -2.200961 0.000249 0.000342
  449 0.000000 0.000004 0.000003 -0.000000 0.000000 0.000000
  450 0.000001 10.988305 0.000000 2.200961 0.000423 0.000000
  451 0.000000 0.000000 0.000000 -0.060252 -0.000000 -3.141593
  452 38.041954 -0.879602 4.917221 -0.155033 -0.113221 1.336148
  453 1.961087 -0.448856 0.257715 -0.003598 0.000000 0.000000
  454 -0.483102 -8.250682 -13.900933 0.000000 -0.000000 1.570796
  455 -1.252176 13.470514 -0.996210 0.000000 -0.000000 -0.000000
  456 0.000001 -6.475164 -8.877784 0.000000 -0.000000 -0.000000
  457 -0.000001 6.475164 8.877784 0.275359 0.000000 0.000000
  458 1.878117 12.014875 -0.599892 -0.000000 0.000000 -0.000000
  459 -3.953931 -0.000003 -0.000000 0.000000 -0.000000 -0.000000
  460 1.976967 0.000000 0.000000 -0.000000 0.000000 -0.000000
  461 0.098851 -12.014875 0.599886 0.275359 0.000000 0.000000
  462 -0.000001 6.475164 8.877785 -2.200961 -0.000249 -0.000341
  463 -0.000000 0.000005 0.000002 -0.000000 -0.000000 -0.000000
  464 -0.000000 10.988303 0.000000 1.925602 -0.000422 0.000000
  465 0.000000 0.000000 0.000000 -0.060252 0.000000 -3.141593
  466 34.229927 -16.826006 3.052910 -0.155033 -0.113221 1.336148
  467 -5.924033 1.355905 -0.778499 -0.003598 0.000000 0.000000
  time 2
  0 0.000000 0.000000 -23.603888 0.000000 -0.000000 1.570796
  1 -1.394095 7.129864 39.370335 1.619896 -0.063261 -0.275771
  2 0.000000 10.999715 -0.000001 -0.055719 -0.001590 -0.030531
  3 0.000001 6.753160 -0.000000 -0.256270 0.053191 -0.121830
  4 -0.000001 8.544819 0.000001 -0.071626 -0.112577 -0.108226
  5 0.000000 9.518037 0.000000 0.109486 0.097450 0.116081
  6 0.000001 3.039641 -0.000000 0.193782 -0.007367 -0.001445
  7 0.000000 3.098960 -0.000000 -0.765151 0.197516 0.338741
  8 28.023106 -15.064568 69.527779 -0.056990 -2.117970 -2.328539
  9 -14.851792 29.728945 55.495628 -0.943038 -0.587568 -0.288275
  10 5.225008 -6.780585 22.719759 3.063860 -0.242844 -0.224823
  11 -12.658653 8.297291 19.339115 3.062300 -0.325707 -0.301242
  12 -1.789155 0.000000 28.175615 0.000000 -0.000000 1.570796
  13 -2.403325 5.172224 -6.944618 -0.140142 -0.000000 -0.105922
  14 0.000000 -1.769384 12.121014 0.015735 -0.039045 -0.176929
  15 -0.000001 -1.769387 12.121014 -0.186567 0.197491 -0.230774
  16 -0.000000 -1.769384 12.121014 0.007002 -0.019871 -0.088371
  17 -0.000000 -0.000001 -0.000000 1.694062 0.000000 0.000000
  18 0.000001 -6.753161 0.000001 -1.689247 -0.085229 0.030684
  19 0.000000 0.000000 0.000000 1.742379 -0.000000 -0.000000
  20 -0.000001 -10.999715 0.000002 -0.000000 0.000000 -0.000000
  21 0.000000 0.000000 0.000000 -0.000000 -0.000000 0.000000
  22 0.000000 0.000000 0.000000 -1.341552 -1.993774 0.192913
  23 -0.000000 -0.000002 0.000001 -0.000000 0.000000 -0.000000
  24 0.000000 0.000000 0.000000 -1.341552 1.993774 -0.192913
  25 0.000001 -0.000002 0.000001 -0.000000 -0.000000 0.000000
  26 8.250680 -0.215599 2.184240 2.585368 0.040240 0.025578
  27 0.000001 19.393986 0.000000 1.024932 -0.000000 -0.000000
  28 -0.000002 15.757985 -0.000000 -1.174517 -0.161685 0.196188
  29 -0.000060 10.987788 -0.000392 0.880380 -3.141171 0.000000
  30 -1.873868 4.392867 10.061483 -0.000523 0.630166 -1.571105
  31 0.000000 0.000001 0.000002 -0.000000 -0.000000 -0.000000
  32 -0.000000 0.000000 -0.000000 0.000000 0.000000 0.000000
  33 -0.000000 0.000000 0.000000 0.000000 -0.000000 0.000000
  34 0.000000 0.000000 0.000000 -0.000000 -0.000000 -0.000000
  35 -0.000002 7.878994 -0.000001 -0.000000 -0.132027 0.000000
  36 0.000000 0.000000 0.000000 -0.000000 0.000205 0.000000
  37 -0.000001 -0.000001 0.000002 -0.000000 -0.000000 -0.000000
  38 0.000000 9.696993 0.000001 -0.000000 0.014727 0.000000
  39 0.000000 0.000000 -0.000000 0.000000 0.000000 -0.000000
  40 -8.250677 -0.215600 2.184238 3.105234 -0.072197 -0.212961
  41 0.000000 19.413439 -0.000003 0.992077 0.000000 0.000000
  42 0.000003 15.777835 -0.000001 -1.132417 -0.305683 0.210920
  43 -0.000028 10.987761 -0.000373 1.431097 3.141170 -0.000000
  44 1.873868 4.392868 10.061481 0.000523 2.511427 1.571105
  45 -0.000000 0.000001 0.000002 -0.000000 -0.000000 -0.000000
  46 0.000000 0.000000 0.000000 0.000000 0.000000 0.000000
  47 -0.000000 0.000003 -0.000001 -0.000000 0.000000 0.000000
  48 0.000000 0.000000 0.000000 -0.000000 -0.000000 0.000000
  49 -0.000000 7.888920 -0.000002 -0.000000 -0.199097 -0.000000
  50 0.000000 0.000000 0.000000 -0.000000 -0.000204 -0.000000
  51 0.000001 -0.000004 0.000001 -0.000000 -0.000000 0.000000
  52 0.000001 9.706722 0.000000 -0.000000 -0.022601 0.000000
  53 0.000000 0.000000 0.000000 -0.000000 -0.000000 -0.000000
  54 8.250682 -0.215599 2.184239 2.903292 0.000001 0.000000
  55 8.250682 -0.215599 2.184239 -1.742380 0.000000 -0.000000
  56 0.000000 -0.000000 -0.000000 -1.637514 0.000000 -0.000000
  57 0.000002 19.896322 -0.000000 0.140363 -0.000000 -0.000000
  58 -0.000002 16.264105 0.000001 -0.703810 -0.000322 0.000273
  59 -0.000000 -0.000000 0.000000 -0.000000 -0.000000 0.000000
  60 0.000000 10.988297 0.000001 0.880380 -3.141171 0.000000
  61 0.000000 0.000000 0.000000 0.000000 -0.000000 -0.000000
  62 0.000000 -0.000000 -0.000000 -1.501065 -0.029541 -0.000977
  63 -0.000001 -0.000000 -0.000000 -0.454337 -0.036347 -0.000000
  64 0.000000 19.393984 0.000001 1.024932 -0.000000 -0.000000
  65 8.250680 -0.215599 2.184240 2.585783 0.016830 0.040131
  66 -0.000000 -0.000000 0.000000 0.000000 0.000000 0.000000
  67 8.250680 -0.215599 2.184239 2.585783 0.016829 0.040131
  68 0.000001 9.696991 -0.000001 -0.000000 -0.012835 -0.000000
  69 -0.000001 9.696992 0.000000 1.024932 -0.014727 0.000000
  70 0.000000 7.878990 -0.000000 0.000000 -0.131823 -0.000000
  71 0.000000 7.878994 0.000000 -1.148915 -0.032348 0.193702
  72 -0.000001 10.987808 0.000001 0.880344 -3.141171 -0.000005
  73 -8.250681 -0.215596 2.184241 2.903292 0.000001 0.000000
  74 -8.250680 -0.215596 2.184241 -1.742380 0.000000 -0.000000
  75 0.000000 -0.000000 -0.000000 -1.637514 0.000000 0.000000
  76 0.000001 19.896324 -0.000001 0.140363 0.000000 -0.000000
  77 -0.000001 16.264105 0.000001 -0.703810 0.000322 -0.000273
  78 -0.000000 -0.000000 0.000000 -0.000000 0.000000 -0.000000
  79 0.000000 10.988296 0.000000 0.880380 3.141170 -0.000000
  80 -0.000000 0.000001 -0.000000 0.000000 0.000000 -0.000000
  81 0.000001 0.000000 -0.000000 -0.990495 0.167612 0.049823
  82 0.000001 0.000004 -0.000001 -0.440187 0.100118 0.000000
  83 -0.000003 19.413435 -0.000004 0.992077 -0.000000 0.000000
  84 -8.250676 -0.215600 2.184237 3.105313 -0.029748 -0.214506
  85 0.000000 0.000000 0.000000 0.000000 -0.000000 0.000000
  86 -8.250675 -0.215600 2.184237 3.105312 -0.029748 -0.214506
  87 0.000001 9.706722 0.000000 -0.000000 0.019876 -0.000000
  88 -0.000001 9.706720 0.000000 0.992077 0.022601 0.000000
  89 -0.000002 7.888912 -0.000001 0.000000 -0.199301 -0.000000
  90 0.000001 7.888920 0.000000 -1.090734 -0.110589 0.202259
  91 0.000001 10.987783 0.000000 1.431063 3.141171 -0.000003
  92 0.000000 0.000000 0.000000 -0.048317 -0.000000 -0.000000
  93 0.000000 0.000000 0.000000 -0.000000 0.000000 -0.000000
  94 -0.000001 -10.999715 0.000002 -0.000000 -0.000000 0.000000
  95 -0.000001 -1.769386 12.121014 -0.087077 0.104093 -0.110169
  96 -0.000000 -0.000001 -0.000000 1.538978 0.000000 0.000000
  97 0.000000 0.000000 -0.000001 0.201772 0.004959 0.062752
  98 0.000000 0.000000 0.000000 -0.155084 0.000000 -0.000000
  99 0.000000 0.000000 0.000000 -0.000000 -0.000000 0.000000
  100 0.000000 8.544817 -0.000000 -1.614557 -0.106190 -0.108150
  101 0.000000 0.000000 0.000000 1.542233 -0.000000 -0.000000
  102 -0.000001 9.518039 -0.000002 0.109486 0.097450 0.116082
  103 0.000001 3.039641 -0.000000 0.193782 -0.007367 -0.001445
  104 0.000001 3.098960 -0.000000 -0.765151 0.197516 0.338741
  105 -0.000001 9.518039 -0.000002 -1.455234 0.097450 0.116081
  106 0.000000 0.000000 0.000000 1.662547 -0.000000 0.000000
  107 0.000001 6.109813 -0.000002 -1.575474 0.110654 0.103578
  108 0.000000 -0.000003 -0.000000 0.859350 -0.247625 0.051019
  109 0.000000 0.000000 0.000000 -0.097827 -0.000000 -0.000000
  110 0.000000 0.000000 0.000000 0.000000 -0.000000 -0.000000
  111 0.000000 3.025107 -0.296887 -0.350941 0.002823 0.128313
  112 0.000000 0.000000 0.000000 0.095948 0.000000 0.000000
  113 -0.000000 0.000000 -0.000001 -0.000000 0.000000 -0.000000
  114 -0.000000 -0.000000 0.000000 -0.000000 0.000000 -0.000000
  115 0.904462 6.782043 3.867486 0.197282 -1.705924 -1.513327
  116 0.010182 19.450787 -0.828341 0.660513 2.672643 -0.351200
  117 0.000008 19.376167 0.000002 1.827267 0.000000 0.000000
  118 -0.000012 24.495462 -0.000005 0.124141 1.733968 -0.337179
  119 0.000000 0.000000 0.000000 0.000000 0.000001 0.000001
  120 -0.000000 0.000000 -0.000000 -0.000000 -0.000001 -0.000001
  121 -0.000003 0.000005 0.000001 -0.000000 -0.000000 -0.000000
  122 0.000001 -0.000002 -0.000000 0.000000 0.000000 0.000000
  123 -0.000005 12.247737 -0.000003 -0.000000 0.856336 -0.000000
  124 0.000001 -0.000002 0.000000 -0.000001 0.001371 -0.000001
  125 0.000000 -0.000000 -0.000000 -0.000000 -0.000000 -0.000000
  126 0.000005 9.688085 0.000005 0.000000 -1.215852 -0.000001
  127 0.000000 0.000000 0.000000 -0.000000 -0.000000 -0.000000
  128 0.000000 0.000002 -0.000000 0.000000 0.000000 0.000000
  129 0.010189 19.450787 -0.828328 -1.068311 -0.458283 0.722012
  130 0.010185 19.450787 -0.828334 0.041385 -0.124298 1.319061
  131 -0.000000 0.000000 0.000000 -1.332781 0.484537 -2.373637
  132 -0.000004 20.126820 0.000000 0.277335 0.000000 -0.000000
  133 -0.000002 25.356453 0.000006 0.198412 -0.005445 0.027074
  134 0.000000 0.000000 0.000000 -0.000000 0.000000 0.000000
  135 -0.000002 0.000003 -0.000006 -1.223514 -0.484846 -2.811307
  136 -0.000000 0.000000 0.000000 -1.063691 2.102215 -0.000001
  137 0.000002 19.376165 -0.000003 1.827267 0.000000 0.000000
  138 0.010182 19.450787 -0.828341 -0.684884 0.525317 -1.077638
  139 0.000000 0.000000 0.000000 -0.000000 -0.000000 -0.000000
  140 0.010182 19.450787 -0.828341 -0.684884 0.525317 -1.077637
  141 0.000001 9.688080 -0.000000 0.000001 0.712817 0.000001
  142 0.000001 9.688079 0.000001 1.827266 1.215853 -0.000001
  143 -0.000000 12.247732 0.000001 0.000000 0.857707 0.000001
  144 0.000005 12.247722 0.000000 0.520428 0.865520 0.083000
  145 0.838800 0.695165 1.002014 -0.146529 0.831651 0.111056
  146 0.284275 5.616991 0.009126 0.057776 -0.287169 0.072685
  147 0.000000 5.184055 0.000003 1.439807 -0.003806 0.022168
  148 0.000001 5.576725 -0.000000 1.316769 0.000644 -0.036172
  149 0.284275 5.616991 0.009126 0.057776 -0.287169 0.072685
  150 0.000000 5.184055 0.000003 1.439807 -0.003806 0.022168
  151 0.000001 5.576725 -0.000000 1.316769 0.000643 -0.036172
  152 0.284274 5.616992 0.009125 0.057776 -0.287169 0.072685
  153 0.000000 0.000000 0.000000 0.000000 -0.000000 -0.000000
  154 0.284275 5.616991 0.009126 0.057776 -0.287169 0.072685
  155 0.000000 0.000000 0.000000 0.000000 -0.000000 -0.000000
  156 0.000000 5.184052 0.000001 1.439807 -0.003806 0.022168
  157 0.000000 0.000000 0.000000 0.000000 -0.000000 -0.000000
  158 -0.000000 5.576725 0.000001 1.316769 0.000643 -0.036172
  159 0.000000 0.000000 0.000000 0.000000 -0.000000 -0.000000
  160 -0.000001 9.158415 -0.000002 3.141593 0.324016 -0.000000
  161 -0.000000 -0.000003 -0.000003 -0.000000 0.000000 0.000000
  162 0.000000 -0.000000 -0.000000 0.000000 0.000000 0.000000
  163 0.284275 5.616991 0.009126 0.057776 -0.287169 0.072685
  164 0.208224 1.308906 0.886642 -0.521836 0.710749 -0.438946
  165 -0.269038 4.570343 0.144244 0.177555 -0.296553 -0.038426
  166 0.000000 6.134695 0.000000 1.367243 -0.004720 0.048260
  167 -0.000000 5.142236 -0.000000 1.271466 0.000043 -0.073619
  168 -0.269038 4.570343 0.144244 0.177555 -0.296553 -0.038426
  169 0.000000 6.134695 0.000000 1.367243 -0.004720 0.048260
  170 -0.000000 5.142236 -0.000000 1.271466 0.000043 -0.073619
  171 -0.269041 4.570342 0.144243 0.177555 -0.296553 -0.038426
  172 0.000000 0.000001 -0.000001 0.000000 -0.000000 -0.000000
  173 0.000000 0.000001 -0.000001 0.000000 -0.000000 -0.000000
  174 -0.269038 4.570343 0.144244 0.177555 -0.296552 -0.038425
  175 -0.000000 -0.000000 0.000000 -0.000000 -0.000001 -0.000001
  176 -0.000000 6.134695 0.000002 1.367243 -0.004721 0.048261
  177 0.000000 -0.000000 -0.000000 -0.000000 -0.000001 -0.000001
  178 0.000001 5.142236 0.000002 1.271466 0.000043 -0.073618
  179 0.000000 -0.000000 0.000000 -0.000000 -0.000001 -0.000001
  180 -0.000002 9.920086 -0.000000 -3.141593 0.323205 0.000000
  181 0.000000 0.000000 0.000000 0.000000 0.000000 0.000000
  182 -0.000000 0.000000 0.000000 0.000000 0.000000 -0.000000
  183 -0.269038 4.570343 0.144244 0.177555 -0.296553 -0.038426
  184 0.000000 0.000001 -0.000001 0.000000 -0.000000 -0.000000
  185 1.229532 0.555895 1.288365 -0.746847 0.623235 -0.695221
  186 -0.936529 5.236776 -0.111020 0.207021 -0.080208 -0.208699
  187 0.000003 5.046762 -0.000001 1.418983 0.005799 -0.038569
  188 -0.000000 4.876213 0.000001 1.384119 -0.002099 0.057280
  189 -0.936529 5.236776 -0.111020 0.207021 -0.080208 -0.208699
  190 0.000003 5.046762 -0.000001 1.418983 0.005799 -0.038569
  191 -0.000000 4.876213 0.000001 1.384119 -0.002099 0.057280
  192 -0.936514 5.236769 -0.111026 0.207022 -0.080209 -0.208698
  193 0.000000 0.000000 0.000000 0.000000 -0.000000 0.000000
  194 0.000000 0.000000 0.000000 0.000000 -0.000000 0.000000
  195 -0.936529 5.236776 -0.111020 0.207022 -0.080209 -0.208698
  196 0.000000 0.000000 0.000000 -0.000000 0.000000 -0.000000
  197 0.000003 5.046765 -0.000002 1.418983 0.005800 -0.038570
  198 0.000000 0.000000 0.000000 -0.000000 0.000000 0.000000
  199 -0.000001 4.876213 0.000001 1.384119 -0.002099 0.057281
  200 -0.000000 -0.000000 0.000000 0.000000 -0.000001 -0.000000
  201 -0.000004 10.336263 0.000000 -3.141593 -0.095607 -0.000001
  202 0.000000 0.000000 0.000000 0.000000 -0.000000 0.000000
  203 0.000000 0.000000 0.000000 0.000000 -0.000000 -0.000000
  204 -0.936529 5.236776 -0.111020 0.207021 -0.080208 -0.208699
  205 0.000000 0.000000 0.000000 0.000000 -0.000000 0.000000
  206 2.510273 0.335970 0.022938 -0.704386 0.728958 -0.808876
  207 -1.546998 3.949169 -0.565635 0.204092 -0.003080 -0.542466
  208 0.000000 4.945987 -0.000000 1.380306 0.001323 -0.011933
  209 0.000001 6.128851 0.000000 1.428675 -0.001326 0.020280
  210 -1.546998 3.949169 -0.565635 0.204092 -0.003080 -0.542466
  211 0.000000 4.945987 -0.000000 1.380306 0.001323 -0.011933
  212 0.000001 6.128851 0.000000 1.428675 -0.001326 0.020280
  213 -1.546999 3.949169 -0.565637 0.204092 -0.003080 -0.542466
  214 0.000000 0.000000 -0.000000 0.000000 -0.000000 0.000000
  215 0.000000 0.000000 -0.000000 0.000000 -0.000000 0.000000
  216 -1.546998 3.949169 -0.565635 0.204093 -0.003080 -0.542467
  217 0.000000 0.000000 0.000000 -0.000000 0.000001 0.000001
  218 0.000001 4.945987 -0.000001 1.380306 0.001324 -0.011934
  219 0.000000 0.000000 0.000000 0.000000 0.000001 0.000001
  220 0.000000 6.128851 -0.000001 1.428675 -0.001326 0.020280
  221 0.000000 0.000000 0.000000 0.000000 0.000000 0.000000
  222 -0.000000 8.781747 -0.000000 3.141593 -0.488190 -0.000000
  223 0.000000 0.000000 0.000000 -0.000000 0.000000 0.000000
  224 0.000000 0.000000 0.000000 -0.000000 -0.000000 0.000000
  225 -1.546998 3.949169 -0.565635 0.204092 -0.003080 -0.542466
  226 0.000000 0.000000 -0.000000 0.000000 -0.000000 0.000000
  227 0.777026 1.281747 1.958796 0.196515 0.598662 0.924076
  228 1.417414 3.793293 -0.195727 0.213322 0.019605 0.282979
  229 0.000002 4.879318 0.000002 1.391845 0.004531 -0.036921
  230 0.000002 5.043321 -0.000000 1.336349 -0.001208 0.055324
  231 1.417414 3.793293 -0.195727 0.213322 0.019605 0.282979
  232 0.000002 4.879318 0.000002 1.391845 0.004531 -0.036921
  233 0.000002 5.043321 -0.000000 1.336349 -0.001208 0.055324
  234 1.417413 3.793294 -0.195727 0.213321 0.019605 0.282979
  235 0.000000 0.000000 0.000000 0.000000 -0.000000 -0.000000
  236 1.417414 3.793293 -0.195727 0.213321 0.019605 0.282979
  237 0.000000 0.000000 0.000000 0.000000 0.000000 0.000000
  238 0.000002 4.879315 0.000003 1.391845 0.004531 -0.036922
  239 0.000000 0.000000 0.000000 0.000000 0.000000 0.000000
  240 0.000001 5.043318 0.000002 1.336350 -0.001208 0.055324
  241 0.000000 0.000000 0.000000 0.000000 0.000000 -0.000000
  242 0.000001 10.325289 -0.000004 3.141593 -0.093079 -0.000000
  243 0.000000 0.000000 0.000000 -0.000000 -0.000000 -0.000000
  244 0.000000 0.000000 0.000000 0.000000 0.000000 -0.000000
  245 1.417414 3.793293 -0.195727 0.213322 0.019605 0.282979
  246 0.986051 0.947622 1.368042 0.166521 0.766158 0.595879
  247 0.923215 4.883687 -0.128442 0.036912 -0.459751 0.204800
  248 -0.000001 4.968781 0.000000 1.371784 0.003073 -0.030015
  249 0.000000 5.803463 -0.000000 1.357219 -0.001678 0.049316
  250 0.923215 4.883687 -0.128442 0.036912 -0.459751 0.204800
  251 -0.000001 4.968781 0.000000 1.371784 0.003073 -0.030015
  252 0.000000 5.803463 -0.000000 1.357219 -0.001678 0.049316
  253 0.923210 4.883687 -0.128446 0.036912 -0.459751 0.204801
  254 0.000000 0.000000 0.000000 0.000000 -0.000000 -0.000000
  255 0.923215 4.883687 -0.128442 0.036912 -0.459751 0.204801
  256 0.000000 0.000000 0.000000 -0.000000 -0.000000 -0.000000
  257 0.000001 4.968781 0.000001 1.371784 0.003073 -0.030015
  258 0.000000 0.000000 0.000000 0.000000 -0.000000 -0.000000
  259 0.000002 5.803463 0.000001 1.357219 -0.001678 0.049316
  260 0.000000 0.000000 0.000000 0.000000 0.000000 0.000000
  261 -0.000002 9.111456 0.000002 3.141592 0.806825 -0.000001
  262 -0.000000 -0.000001 0.000001 0.000000 0.000000 0.000000
  263 0.000002 0.000003 -0.000002 0.000000 -0.000000 -0.000000
  264 0.923215 4.883687 -0.128442 0.036912 -0.459751 0.204800
  265 2.510271 0.335973 0.022942 -0.704386 0.728957 -0.808876
  266 2.510271 0.335973 0.022942 -0.704386 0.728957 -0.808876
  267 2.510271 0.335973 0.022942 -0.704386 0.728957 -0.808876
  268 -0.904462 6.782043 3.867487 -1.658392 1.173945 -0.100482
  269 -0.010179 19.450788 -0.828337 -2.134071 -0.711778 1.107141
  270 -0.000004 19.712008 -0.000004 0.964883 -0.000001 0.000000
  271 0.000002 24.923498 -0.000000 -0.169537 -0.726943 -0.119156
  272 0.000000 0.000000 0.000000 0.000000 -0.000001 -0.000001
  273 0.000000 0.000000 0.000000 -0.000000 0.000001 0.000001
  274 0.000002 0.000001 -0.000000 -0.000000 0.000000 0.000000
  275 -0.000000 -0.000001 -0.000001 0.000000 0.000000 -0.000000
  276 0.000001 12.461749 -0.000000 -0.000000 -0.358082 -0.000000
  277 0.000000 0.000000 0.000000 -0.000001 -0.001371 0.000001
  278 0.000000 0.000000 0.000000 -0.000000 0.000000 0.000000
  279 -0.000003 9.856009 -0.000001 -0.000000 0.033069 -0.000000
  280 0.000000 0.000000 0.000000 -0.000000 0.000000 0.000001
  281 0.000000 0.000003 0.000000 0.000000 -0.000000 -0.000000
  282 -0.010184 19.450788 -0.828331 -1.068311 0.458283 -0.722012
  283 -0.010181 19.450788 -0.828338 0.041386 0.124298 -1.319062
  284 0.000000 0.000000 0.000000 -1.332781 -0.484537 2.373637
  285 -0.000001 20.126818 0.000003 0.277335 -0.000000 0.000000
  286 0.000001 25.356457 0.000002 0.198412 0.005445 -0.027074
  287 0.000000 0.000000 0.000000 -0.000000 -0.000000 -0.000000
  288 0.000000 0.000000 0.000000 -1.644979 -0.590520 2.454911
  289 0.000002 0.000001 -0.000001 -0.543513 -0.008691 -0.000000
  290 0.000001 19.711998 -0.000001 0.964883 -0.000000 0.000000
  291 -0.010179 19.450788 -0.828337 -2.086378 -0.743827 1.035472
  292 0.000000 0.000000 0.000000 0.000000 0.000000 0.000000
  293 -0.010179 19.450788 -0.828337 -2.086377 -0.743827 1.035472
  294 -0.000004 9.856006 -0.000002 -0.000000 -0.029294 -0.000000
  295 0.000002 9.855993 -0.000003 0.964883 -0.033069 0.000001
  296 -0.000001 12.461748 -0.000001 -0.000000 -0.359454 -0.000000
  297 -0.000001 12.461745 -0.000001 -0.214394 -0.369487 -0.095397
  298 -0.838796 0.695167 1.002007 -0.146529 -0.831651 -0.111056
  299 -0.351398 5.469086 0.011285 0.057775 0.287169 -0.072685
  300 -0.000003 5.184053 0.000002 1.739612 0.003806 -0.022167
  301 0.000000 5.576723 -0.000001 1.616572 -0.000643 0.036172
  302 -0.351398 5.469086 0.011285 0.057775 0.287169 -0.072685
  303 -0.000003 5.184053 0.000002 1.739612 0.003806 -0.022167
  304 0.000000 5.576723 -0.000001 1.616572 -0.000643 0.036172
  305 -0.351392 5.469092 0.011282 0.057776 0.287169 -0.072685
  306 0.000000 0.000000 0.000000 0.000000 0.000000 0.000000
  307 -0.351398 5.469086 0.011285 0.057776 0.287169 -0.072685
  308 0.000000 0.000000 0.000000 0.000000 0.000000 0.000000
  309 0.000002 5.184051 -0.000001 1.739610 0.003807 -0.022168
  310 0.000000 0.000000 0.000000 0.000000 0.000001 0.000001
  311 -0.000001 5.576723 0.000002 1.616573 -0.000643 0.036172
  312 0.000000 0.000000 0.000000 0.000000 0.000000 0.000000
  313 0.000003 9.158421 -0.000002 3.141592 -0.324016 0.000000
  314 0.000000 0.000000 0.000000 -0.000000 -0.000000 -0.000000
  315 0.000001 0.000003 0.000001 0.000000 0.000000 0.000000
  316 -0.351398 5.469086 0.011285 0.057775 0.287169 -0.072685
  317 -0.208219 1.308902 0.886643 -0.521836 -0.710749 0.438946
  318 0.332563 4.482655 0.178299 0.177555 0.296553 0.038427
  319 -0.000003 6.134693 -0.000002 1.667047 0.004720 -0.048261
  320 0.000001 5.142240 -0.000000 1.571269 -0.000043 0.073619
  321 0.332563 4.482655 0.178299 0.177555 0.296553 0.038427
  322 -0.000003 6.134693 -0.000002 1.667047 0.004720 -0.048261
  323 0.000001 5.142240 -0.000000 1.571269 -0.000043 0.073619
  324 0.332563 4.482655 0.178299 0.177555 0.296553 0.038426
  325 0.000000 0.000000 0.000000 -0.000000 -0.000000 -0.000000
  326 0.000000 0.000000 0.000000 -0.000000 -0.000000 -0.000000
  327 0.332563 4.482655 0.178299 0.177554 0.296552 0.038425
  328 0.000000 0.000000 0.000000 -0.000000 0.000001 0.000001
  329 -0.000003 6.134696 -0.000001 1.667046 0.004721 -0.048261
  330 0.000000 0.000000 0.000000 -0.000000 0.000001 0.000001
  331 -0.000001 5.142241 0.000002 1.571270 -0.000043 0.073619
  332 0.000000 0.000000 0.000000 -0.000000 0.000001 0.000001
  333 0.000001 9.920082 0.000001 -3.141593 -0.323204 -0.000000
  334 -0.000001 -0.000003 0.000003 0.000000 -0.000000 -0.000000
  335 0.000000 0.000000 0.000000 0.000000 -0.000000 0.000000
  336 0.332563 4.482655 0.178299 0.177555 0.296553 0.038427
  337 0.000000 0.000000 0.000000 -0.000000 -0.000000 -0.000000
  338 -1.229524 0.555891 1.288361 -0.746847 -0.623235 0.695221
  339 1.157626 5.106905 -0.137242 0.207022 0.080209 0.208698
  340 0.000001 5.046767 0.000001 1.718786 -0.005800 0.038570
  341 -0.000000 4.876213 0.000000 1.683922 0.002098 -0.057280
  342 1.157626 5.106905 -0.137242 0.207022 0.080209 0.208698
  343 0.000001 5.046767 0.000001 1.718786 -0.005800 0.038570
  344 -0.000000 4.876213 0.000000 1.683922 0.002098 -0.057280
  345 1.157630 5.106906 -0.137241 0.207022 0.080209 0.208698
  346 0.000000 0.000000 0.000000 0.000000 0.000000 -0.000000
  347 0.000000 0.000000 0.000000 0.000000 0.000000 -0.000000
  348 1.157626 5.106905 -0.137242 0.207022 0.080209 0.208698
  349 0.000000 0.000000 0.000000 0.000000 -0.000000 -0.000000
  350 0.000001 5.046767 0.000001 1.718786 -0.005800 0.038571
  351 0.000000 0.000000 0.000000 0.000000 -0.000000 -0.000000
  352 -0.000003 4.876213 0.000000 1.683922 0.002099 -0.057281
  353 0.000000 0.000000 0.000000 0.000000 0.000001 0.000000
  354 0.000002 10.336261 0.000001 -3.141593 0.095607 0.000001
  355 0.000000 0.000000 0.000000 0.000000 0.000000 -0.000000
  356 -0.000001 0.000002 -0.000003 0.000000 -0.000000 0.000001
  357 1.157626 5.106905 -0.137242 0.207022 0.080209 0.208698
  358 0.000000 0.000000 0.000000 0.000000 0.000000 -0.000000
  359 -2.510267 0.335971 0.022941 -0.704386 -0.728958 0.808876
  360 1.912251 3.894097 -0.699188 0.204092 0.003080 0.542466
  361 0.000001 4.945993 0.000003 1.680109 -0.001323 0.011933
  362 -0.000000 6.128851 -0.000000 1.728478 0.001326 -0.020280
  363 1.912251 3.894097 -0.699188 0.204092 0.003080 0.542466
  364 0.000002 4.945995 -0.000000 1.680109 -0.001323 0.011933
  365 -0.000000 6.128851 -0.000000 1.728478 0.001326 -0.020280
  366 1.912251 3.894097 -0.699188 0.204092 0.003080 0.542466
  367 0.000000 0.000000 0.000000 0.000000 0.000000 -0.000000
  368 0.000000 0.000000 0.000000 0.000000 0.000000 -0.000000
  369 1.912251 3.894097 -0.699188 0.204093 0.003081 0.542467
  370 0.000000 0.000000 0.000000 -0.000000 -0.000001 -0.000001
  371 0.000001 4.945990 -0.000001 1.680109 -0.001324 0.011934
  372 0.000000 0.000000 0.000000 -0.000000 -0.000001 -0.000001
  373 -0.000001 6.128851 -0.000001 1.728478 0.001326 -0.020280
  374 0.000000 0.000000 0.000000 0.000000 -0.000000 -0.000000
  375 0.000001 8.781748 -0.000001 -3.141593 0.488191 0.000000
  376 0.000000 -0.000002 -0.000001 -0.000000 0.000000 -0.000000
  377 0.000000 0.000000 0.000000 -0.000000 0.000000 0.000000
  378 1.912251 3.894097 -0.699188 0.204092 0.003080 0.542466
  379 0.000000 0.000000 0.000000 0.000000 0.000000 -0.000000
  380 -0.777026 1.281747 1.958793 0.196515 -0.598662 -0.924076
  381 -1.752074 3.627988 -0.241941 0.213320 -0.019605 -0.282980
  382 0.000001 4.879309 -0.000001 1.691649 -0.004531 0.036922
  383 -0.000002 5.043323 0.000005 1.636153 0.001208 -0.055324
  384 -1.752074 3.627988 -0.241941 0.213320 -0.019605 -0.282980
  385 0.000001 4.879309 -0.000001 1.691649 -0.004531 0.036922
  386 -0.000002 5.043323 0.000005 1.636153 0.001208 -0.055324
  387 -1.752071 3.627989 -0.241943 0.213321 -0.019605 -0.282979
  388 0.000000 0.000000 0.000000 0.000000 0.000000 0.000000
  389 -1.752074 3.627988 -0.241941 0.213321 -0.019605 -0.282979
  390 0.000000 0.000000 0.000000 -0.000000 -0.000001 -0.000000
  391 0.000001 4.879313 -0.000004 1.691648 -0.004531 0.036922
  392 0.000000 0.000000 0.000000 0.000000 -0.000000 -0.000000
  393 -0.000001 5.043322 0.000000 1.636153 0.001208 -0.055324
  394 0.000000 0.000000 0.000000 0.000000 -0.000000 -0.000000
  395 0.000001 10.325294 0.000002 3.141593 0.093079 0.000000
  396 -0.000003 0.000001 -0.000002 0.000000 0.000000 -0.000000
  397 0.000000 0.000000 0.000000 0.000000 0.000000 0.000000
  398 -1.752074 3.627988 -0.241941 0.213320 -0.019605 -0.282980
  399 -0.986050 0.947618 1.368041 0.166521 -0.766158 -0.595878
  400 -1.141189 4.741328 -0.158785 0.036912 0.459751 -0.204801
  401 -0.000000 4.968773 -0.000001 1.671588 -0.003074 0.030015
  402 0.000000 5.803465 -0.000000 1.657023 0.001678 -0.049316
  403 -1.141189 4.741328 -0.158785 0.036912 0.459751 -0.204801
  404 -0.000000 4.968773 -0.000001 1.671588 -0.003074 0.030015
  405 0.000000 5.803465 -0.000000 1.657023 0.001678 -0.049316
  406 -1.141186 4.741334 -0.158783 0.036912 0.459751 -0.204801
  407 0.000000 0.000000 0.000000 -0.000000 0.000000 -0.000000
  408 -1.141189 4.741328 -0.158785 0.036912 0.459751 -0.204801
  409 0.000000 0.000000 0.000000 -0.000000 0.000000 0.000000
  410 -0.000000 4.968778 0.000001 1.671588 -0.003072 0.030016
  411 0.000000 0.000000 0.000000 -0.000000 0.000000 0.000000
  412 -0.000002 5.803464 -0.000001 1.657023 0.001678 -0.049315
  413 0.000000 0.000000 0.000000 -0.000000 -0.000000 -0.000000
  414 0.000000 9.111454 -0.000001 3.141592 -0.806825 0.000001
  415 0.000000 0.000000 0.000000 -0.000000 -0.000000 -0.000000
  416 0.000000 0.000000 0.000000 -0.000000 -0.000000 0.000001
  417 -1.141189 4.741328 -0.158785 0.036912 0.459751 -0.204801
  418 -2.510267 0.335971 0.022941 -0.704386 -0.728958 0.808876
  419 -2.510267 0.335971 0.022941 -0.704386 -0.728958 0.808876
  420 -2.510267 0.335971 0.022941 -0.704386 -0.728958 0.808876
  421 8.463108 -0.489833 -2.120322 1.542233 0.000000 3.141593
  422 -0.000000 -0.000001 0.000000 0.000000 -0.000000 -0.000000
  423 -8.463108 -0.489841 -2.120325 1.542233 -0.000000 -3.141593
  424 0.000000 -0.000001 0.000000 0.000000 0.000000 -0.000000
  425 8.463108 -0.489833 -2.120322 1.542233 0.000000 3.141593
  426 -8.463110 -0.489834 -2.120323 1.542233 -0.000000 -3.141593
  427 0.904462 6.782043 3.867486 0.197282 -1.705924 -1.513327
  428 -0.904462 6.782043 3.867487 -1.658392 1.173945 -0.100482
  429 -0.000000 0.000000 -0.000001 -0.000000 0.000000 -0.000000
  430 -2.384858 45.420403 15.540361 0.000000 -0.000000 1.570796
  431 -37.985664 -18.241117 17.139097 -2.107593 0.252458 -1.432325
  432 0.000003 0.000006 0.000004 0.000000 0.000000 -0.000000
  433 -21.183561 28.132023 2.220339 -0.427938 -0.290668 1.152061
  434 42.687454 -50.232090 13.803902 0.636717 0.964785 -2.018134
  435 -2.384865 -45.420403 15.540361 0.000000 -0.000000 1.570796
  436 11.078753 32.762875 1.793545 1.657918 -2.143368 -0.687820
  437 -0.000006 -0.000002 0.000001 -0.000000 -0.000000 -0.000000
  438 -39.280628 -1.544660 2.854801 -0.376910 0.240076 1.017471
  439 13.878888 29.304564 0.877874 0.636716 -0.964784 2.018134
  440 -0.483101 8.250682 -13.900933 0.000000 -0.000000 1.570796
  441 0.000000 -0.019654 -0.645735 -0.024900 -0.000000 -0.000000
  442 0.000002 -6.475163 -8.877783 0.000000 -0.000000 -0.000000
  443 -0.000002 6.475164 8.877783 0.000000 -0.000000 -0.000000
  444 -1.878122 12.014874 -0.599894 0.000000 0.000000 0.000000
  445 3.953934 0.000001 0.000000 -0.000000 -0.000000 0.000000
  446 -1.976969 -0.000000 0.000000 0.000000 0.000000 -0.000000
  447 -0.098844 -12.014876 0.599885 0.000000 0.000000 -0.000000
  448 -0.000002 6.475165 8.877786 -2.200961 0.000249 0.000342
  449 -0.000001 0.000002 0.000002 -0.000000 -0.000000 0.000000
  450 -0.000000 10.988306 0.000001 2.200961 0.000423 0.000000
  451 0.000000 0.000000 0.000000 -0.060252 -0.000000 -3.141593
  452 35.499485 -3.892837 0.990904 -0.122484 -0.063261 1.295025
  453 1.961087 -0.448855 0.257716 -0.003598 -0.000000 -0.000000
  454 -0.483102 -8.250682 -13.900933 0.000000 -0.000000 1.570796
  455 -1.252180 26.329048 -0.939618 0.000000 -0.000000 -0.000000
  456 0.000001 -6.475163 -8.877785 0.000000 -0.000000 -0.000000
  457 -0.000001 6.475163 8.877785 0.550717 0.000000 0.000000
  458 1.878119 12.014874 -0.599890 -0.000000 0.000000 -0.000000
  459 -3.953932 -0.000001 -0.000000 -0.000000 -0.000000 -0.000000
  460 1.976968 0.000000 0.000000 -0.000000 -0.000000 -0.000000
  461 0.098851 -12.014874 0.599886 0.550717 0.000000 0.000000
  462 0.000000 6.475163 8.877785 -2.200961 -0.000249 -0.000341
  463 -0.000000 -0.000000 0.000002 -0.000000 -0.000000 0.000000
  464 -0.000001 10.988305 -0.000001 1.650244 -0.000422 -0.000000
  465 0.000000 0.000000 0.000000 -0.060252 0.000000 -3.141593
  466 31.015327 -19.738939 -0.052298 -0.122484 -0.063261 1.295025
  467 -5.924031 1.355898 -0.778503 -0.003598 -0.000000 -0.000000
  time 3
  0 0.000000 0.000000 -23.603888 0.000000 -0.000000 1.570796
  1 -2.119077 6.503906 38.269260 1.702476 0.032194 -0.093227
  2 0.000000 10.999713 0.000001 -0.051309 0.000678 0.013601
  3 0.000000 6.753159 0.000000 -0.226846 -0.051306 -0.073370
  4 -0.000000 8.544812 -0.000000 -0.060531 -0.142861 -0.094137
  5 0.000001 9.518032 -0.000001 0.099703 0.091611 0.100208
  6 0.000001 3.039627 -0.000002 0.193780 -0.006546 -0.001284
  7 -0.000001 3.098970 -0.000000 -0.705183 0.174689 0.299429
  8 29.333460 -17.413204 67.416115 0.075149 -2.167208 -2.390788
  9 -16.528149 24.330332 56.846985 -1.379005 -0.800349 0.905679
  10 6.158554 -7.985336 22.076942 -3.046677 -0.091985 -0.101143
  11 -11.695051 8.591900 18.885132 3.133914 -0.218759 -0.217098
  12 -1.789155 0.000000 28.175615 0.000000 -0.000000 1.570796
  13 -1.780241 3.905776 -8.070354 -0.045748 0.003710 -0.078511
  14 0.000000 -1.769384 12.121013 0.005913 0.029128 -0.013396
  15 -0.000001 -1.769387 12.121013 -0.164117 0.171359 -0.211190
  16 0.000000 -1.769384 12.121013 0.003005 0.014554 -0.006719
  17 0.000000 -0.000001 -0.000000 1.694062 -0.000000 0.000000
  18 0.000000 -6.753160 0.000001 -1.690951 -0.008457 -0.013618
  19 0.000000 0.000000 0.000000 1.742379 0.000000 0.000000
  20 0.000000 -10.999717 0.000002 0.000000 -0.000000 -0.000000
  21 0.000000 0.000000 0.000000 0.000000 -0.000000 -0.000000
  22 0.000000 0.000000 0.000000 -1.341552 -1.993774 0.192913
  23 -0.000000 -0.000002 0.000001 -0.000000 0.000000 0.000000
  24 0.000000 0.000000 0.000000 -1.341552 1.993774 -0.192913
  25 0.000001 -0.000002 0.000001 -0.000000 -0.000000 0.000000
  26 8.250686 -0.215592 2.184239 2.371416 0.008520 0.126112
  27 0.000000 19.300457 0.000002 1.221388 -0.000000 -0.000000
  28 0.000000 15.661730 0.000003 -1.235138 -0.033267 0.134460
  29 -0.000063 10.987780 -0.000396 0.880380 -3.141171 0.000000
  30 -1.873868 4.392865 10.061482 -0.000523 0.630166 -1.571105
  31 0.000000 0.000002 0.000002 -0.000000 -0.000000 -0.000000
  32 -0.000000 0.000000 -0.000000 0.000000 -0.000000 -0.000000
  33 -0.000000 0.000002 -0.000001 0.000000 -0.000000 -0.000000
  34 0.000000 0.000000 0.000000 0.000000 -0.000000 -0.000000
  35 -0.000001 7.830869 -0.000001 -0.000000 -0.057785 0.000000
  36 0.000000 0.000000 0.000000 -0.000000 0.000205 0.000000
  37 0.000001 -0.000005 0.000000 -0.000000 -0.000000 -0.000000
  38 0.000000 9.650230 0.000003 0.000000 -0.030503 -0.000000
  39 0.000000 0.000000 -0.000000 -0.000000 0.000000 0.000000
  40 -8.250681 -0.215592 2.184240 -3.101386 -0.133250 -0.048956
  41 -0.000000 19.491121 -0.000001 0.872195 0.000000 -0.000000
  42 -0.000002 15.856523 -0.000002 -1.264635 -0.194293 0.140970
  43 -0.000054 10.987470 -0.000881 1.288318 3.141171 -0.000000
  44 1.873868 4.392862 10.061477 0.000523 2.511427 1.571105
  45 -0.000000 0.000000 0.000004 -0.000000 0.000000 0.000000
  46 0.000000 0.000000 0.000000 0.000000 -0.000000 0.000000
  47 -0.000000 0.000002 -0.000001 -0.000000 0.000000 0.000000
  48 0.000000 0.000000 0.000000 0.000000 -0.000000 0.000000
  49 -0.000001 7.928265 -0.000003 0.000000 -0.132195 0.000000
  50 0.000000 0.000000 0.000000 -0.000000 -0.000205 -0.000000
  51 -0.000000 -0.000004 0.000001 -0.000000 -0.000000 -0.000000
  52 0.000001 9.745563 -0.000000 0.000000 -0.067664 -0.000000
  53 0.000000 0.000000 0.000000 -0.000000 -0.000000 -0.000000
  54 8.250683 -0.215592 2.184239 2.903292 0.000001 0.000000
  55 8.250683 -0.215592 2.184239 -1.742380 -0.000000 0.000000
  56 0.000000 -0.000001 -0.000000 -1.637514 0.000000 0.000000
  57 0.000001 19.896322 0.000001 0.140363 -0.000000 -0.000000
  58 -0.000000 16.264105 -0.000001 -0.703810 -0.000322 0.000273
  59 -0.000000 -0.000000 0.000000 -0.000000 -0.000000 -0.000000
  60 0.000000 10.988299 0.000001 0.880380 -3.141171 0.000000
  61 -0.000000 0.000000 0.000000 0.000000 -0.000000 -0.000000
  62 0.000001 -0.000001 0.000000 -1.633288 -0.124657 0.004126
  63 0.000001 0.000000 0.000001 -0.537972 0.017208 0.000000
  64 0.000000 19.300455 0.000002 1.221388 -0.000000 -0.000000
  65 8.250686 -0.215592 2.184238 2.370316 0.048335 0.087440
  66 -0.000000 -0.000000 0.000000 -0.000000 -0.000000 -0.000000
  67 8.250686 -0.215592 2.184238 2.370316 0.048335 0.087440
  68 0.000000 9.650230 0.000000 -0.000000 0.024990 0.000000
  69 0.000001 9.650228 0.000000 1.221388 0.030502 -0.000000
  70 -0.000000 7.830862 0.000001 0.000000 -0.057581 -0.000000
  71 0.000001 7.830865 0.000000 -1.227458 0.023799 0.134425
  72 -0.000000 10.987800 -0.000000 0.880343 -3.141171 -0.000005
  73 -8.250681 -0.215592 2.184241 2.903292 0.000001 0.000000
  74 -8.250681 -0.215592 2.184240 -1.742380 -0.000000 0.000000
  75 0.000000 -0.000000 -0.000000 -1.637514 0.000000 0.000000
  76 -0.000001 19.896328 0.000001 0.140363 0.000000 -0.000000
  77 -0.000001 16.264105 -0.000002 -0.703810 0.000322 -0.000273
  78 -0.000000 -0.000000 0.000000 -0.000000 -0.000000 0.000000
  79 0.000001 10.988297 0.000001 0.880380 3.141171 -0.000000
  80 -0.000000 0.000000 0.000000 0.000000 0.000000 0.000000
  81 0.000000 0.000000 0.000000 -0.974812 -0.010625 -0.003242
  82 0.000000 0.000000 0.000000 -0.388214 0.144795 -0.000000
  83 -0.000000 19.491114 0.000000 0.872195 0.000000 -0.000000
  84 -8.250681 -0.215592 2.184240 -3.101742 -0.004359 -0.043785
  85 0.000000 0.000000 0.000000 0.000000 0.000000 0.000000
  86 -8.250681 -0.215592 2.184240 -3.101742 -0.004359 -0.043785
  87 0.000002 9.745564 -0.000001 0.000000 0.061330 0.000000
  88 -0.000002 9.745564 -0.000001 0.872195 0.067665 -0.000000
  89 -0.000001 7.928257 0.000001 0.000000 -0.132400 -0.000000
  90 -0.000001 7.928263 -0.000001 -1.246129 -0.063176 0.138580
  91 0.000001 10.987492 0.000001 1.288238 3.141170 -0.000005
  92 0.000000 0.000000 0.000001 -0.048317 -0.000000 0.000000
  93 0.000000 0.000000 0.000000 -0.000000 -0.000000 0.000000
  94 0.000000 -10.999717 0.000002 0.000000 -0.000000 -0.000000
  95 -0.000000 -1.769385 12.121013 -0.077200 0.089992 -0.101663
  96 0.000000 -0.000001 -0.000000 1.538979 -0.000000 0.000000
  97 0.000000 0.000000 -0.000001 0.193585 0.043930 0.041734
  98 0.000000 0.000000 0.000000 -0.155084 -0.000000 -0.000000
  99 0.000000 0.000000 0.000000 -0.000000 0.000000 0.000000
  100 0.000001 8.544811 -0.000001 -1.606987 -0.098325 -0.093629
  101 0.000000 0.000000 0.000000 1.542233 -0.000000 0.000000
  102 0.000004 9.518032 -0.000004 0.099703 0.091611 0.100208
  103 0.000001 3.039634 -0.000000 0.193780 -0.006546 -0.001284
  104 -0.000000 3.098962 0.000000 -0.705183 0.174689 0.299429
  105 0.000004 9.518032 -0.000004 -1.465017 0.091610 0.100208
  106 0.000000 0.000000 0.000000 1.662547 -0.000000 0.000000
  107 0.000001 6.109809 -0.000000 -1.585365 0.102960 0.088504
  108 0.000000 -0.000002 -0.000000 0.939368 -0.223123 0.036663
  109 0.000000 0.000000 0.000000 -0.097827 0.000000 -0.000000
  110 0.000000 0.000000 0.000000 0.000000 -0.000000 -0.000000
  111 0.000000 3.025102 -0.296886 -0.312629 0.000322 0.114434
  112 0.000000 0.000000 0.000000 0.095948 0.000000 -0.000000
  113 0.000000 0.000000 -0.000001 0.000000 -0.000000 -0.000000
  114 -0.000000 -0.000000 0.000000 0.000000 -0.000000 -0.000000
  115 0.904463 6.782040 3.867485 0.197280 -1.705924 -1.513326
  116 0.010189 19.450796 -0.828323 0.676494 2.585072 -0.295941
  117 0.000006 19.367571 0.000000 1.992575 0.000000 0.000000
  118 -0.000004 24.464701 -0.000002 0.173618 2.511753 0.281782
  119 0.000000 0.000000 0.000000 -0.000000 0.000001 0.000001
  120 0.000000 0.000001 -0.000000 0.000000 -0.000001 -0.000001
  121 -0.000001 0.000002 0.000000 -0.000000 -0.000000 -0.000000
  122 0.000001 -0.000002 -0.000000 0.000000 -0.000000 0.000000
  123 -0.000003 12.232351 -0.000001 -0.000002 1.241349 -0.000002
  124 0.000000 0.000000 0.000000 -0.000000 0.001371 -0.000001
  125 0.000000 -0.000000 -0.000000 -0.000000 -0.000000 0.000000
  126 0.000006 9.683786 0.000003 0.000001 -1.202489 -0.000001
  127 0.000000 0.000000 0.000000 -0.000000 -0.000000 -0.000000
  128 0.000000 0.000002 -0.000000 0.000000 0.000000 -0.000000
  129 0.010189 19.450792 -0.828323 -1.068311 -0.458283 0.722012
  130 0.010189 19.450792 -0.828323 0.041385 -0.124298 1.319061
  131 -0.000000 0.000000 0.000000 -1.332781 0.484537 -2.373637
  132 0.000000 20.126825 -0.000000 0.277335 0.000000 -0.000000
  133 -0.000002 25.356461 -0.000003 0.198412 -0.005445 0.027074
  134 0.000000 0.000000 0.000000 0.000000 0.000000 0.000000
  135 -0.000000 0.000000 0.000000 -1.145983 -0.600478 -2.891889
  136 -0.000004 -0.000001 0.000001 -1.173879 2.053443 -0.000000
  137 0.000006 19.367577 -0.000002 1.992575 0.000000 0.000000
  138 0.010189 19.450796 -0.828323 -0.664240 0.530956 -1.074489
  139 0.000000 0.000000 0.000000 -0.000000 -0.000000 -0.000000
  140 0.010189 19.450796 -0.828323 -0.664240 0.530955 -1.074489
  141 -0.000000 9.683781 -0.000001 0.000001 0.624914 0.000001
  142 0.000002 9.683781 0.000001 1.992574 1.202490 -0.000001
  143 0.000000 12.232351 -0.000001 0.000000 1.242720 -0.000000
  144 0.000002 12.232347 0.000001 -0.589540 1.180096 -0.631121
  145 0.838801 0.695164 1.002010 -0.146529 0.831651 0.111056
  146 0.252710 5.686537 0.008108 0.057776 -0.287169 0.072685
  147 -0.000002 5.184055 0.000002 1.298824 -0.003805 0.022167
  148 0.000004 5.576723 0.000002 1.175786 0.000643 -0.036171
  149 0.252710 5.686537 0.008108 0.057776 -0.287169 0.072685
  150 -0.000002 5.184055 0.000002 1.298824 -0.003805 0.022167
  151 0.000004 5.576724 0.000001 1.175786 0.000643 -0.036171
  152 0.252713 5.686541 0.008111 0.057776 -0.287169 0.072685
  153 0.000000 0.000001 -0.000000 -0.000000 -0.000000 -0.000000
  154 0.252710 5.686537 0.008108 0.057776 -0.287169 0.072685
  155 0.000000 0.000000 -0.000000 0.000000 -0.000000 -0.000000
  156 -0.000002 5.184052 0.000001 1.298824 -0.003806 0.022168
  157 0.000000 0.000000 0.000000 0.000000 -0.000000 -0.000000
  158 0.000004 5.576725 0.000001 1.175786 0.000644 -0.036172
  159 -0.000000 0.000000 0.000000 0.000000 -0.000000 -0.000000
  160 -0.000002 9.158418 -0.000002 3.141593 0.324016 -0.000000
  161 0.000000 -0.000001 -0.000000 -0.000000 0.000000 0.000000
  162 0.000000 0.000000 0.000000 0.000000 0.000000 -0.000001
  163 0.252710 5.686537 0.008108 0.057776 -0.287169 0.072685
  164 0.208212 1.308910 0.886651 -0.521837 0.710749 -0.438947
  165 -0.239170 4.611580 0.128232 0.177555 -0.296553 -0.038426
  166 0.000000 6.134698 0.000000 1.226260 -0.004721 0.048260
  167 -0.000000 5.142238 0.000000 1.130483 0.000043 -0.073620
  168 -0.239170 4.611580 0.128232 0.177555 -0.296553 -0.038426
  169 0.000000 6.134698 0.000000 1.226260 -0.004721 0.048260
  170 -0.000000 5.142238 0.000000 1.130483 0.000043 -0.073620
  171 -0.239167 4.611581 0.128229 0.177555 -0.296553 -0.038426
  172 -0.000000 0.000001 -0.000000 -0.000000 -0.000000 -0.000000
  173 -0.000000 0.000001 -0.000000 -0.000000 -0.000000 -0.000000
  174 -0.239170 4.611581 0.128232 0.177554 -0.296552 -0.038425
  175 0.000000 -0.000000 0.000000 -0.000000 -0.000001 -0.000001
  176 0.000000 6.134698 0.000000 1.226260 -0.004721 0.048261
  177 0.000000 0.000000 0.000000 -0.000000 -0.000001 -0.000001
  178 -0.000001 5.142238 0.000001 1.130483 0.000042 -0.073619
  179 0.000000 0.000000 0.000000 -0.000000 -0.000001 -0.000001
  180 -0.000002 9.920089 0.000000 -3.141593 0.323205 0.000000
  181 0.000000 0.000000 0.000000 0.000000 0.000000 0.000000
  182 -0.000003 0.000002 0.000000 -0.000000 -0.000000 0.000000
  183 -0.239170 4.611580 0.128232 0.177555 -0.296553 -0.038426
  184 -0.000000 0.000001 -0.000000 -0.000000 -0.000000 -0.000000
  185 1.229519 0.555900 1.288372 -0.746848 0.623235 -0.695221
  186 -0.832530 5.297839 -0.098704 0.207022 -0.080209 -0.208697
  187 0.000001 5.046764 0.000000 1.277999 0.005800 -0.038571
  188 -0.000000 4.876213 -0.000000 1.243137 -0.002099 0.057280
  189 -0.832530 5.297839 -0.098704 0.207022 -0.080209 -0.208697
  190 0.000001 5.046764 0.000000 1.277999 0.005800 -0.038571
  191 -0.000000 4.876213 -0.000000 1.243137 -0.002099 0.057280
  192 -0.832530 5.297839 -0.098702 0.207022 -0.080209 -0.208698
  193 0.000000 0.000000 0.000000 0.000000 -0.000000 -0.000000
  194 0.000000 0.000000 0.000000 0.000000 -0.000000 -0.000000
  195 -0.832530 5.297839 -0.098704 0.207022 -0.080208 -0.208698
  196 0.000000 0.000000 0.000000 0.000000 -0.000000 0.000000
  197 -0.000005 5.046764 0.000001 1.277999 0.005800 -0.038570
  198 0.000000 0.000000 0.000000 0.000000 0.000000 0.000000
  199 0.000002 4.876212 -0.000002 1.243136 -0.002099 0.057281
  200 -0.000000 -0.000000 -0.000000 0.000000 -0.000001 -0.000001
  201 -0.000004 10.336267 -0.000001 -3.141593 -0.095607 -0.000001
  202 0.000000 0.000000 0.000000 -0.000000 -0.000000 0.000000
  203 0.000000 0.000000 0.000000 -0.000000 -0.000000 -0.000000
  204 -0.832530 5.297839 -0.098704 0.207022 -0.080209 -0.208697
  205 0.000000 0.000000 0.000000 0.000000 -0.000000 -0.000000
  206 2.510265 0.335978 0.022950 -0.704387 0.728957 -0.808876
  207 -1.375236 3.975071 -0.502837 0.204093 -0.003080 -0.542465
  208 -0.000001 4.945989 0.000001 1.239322 0.001323 -0.011934
  209 0.000000 6.128850 -0.000000 1.287693 -0.001326 0.020281
  210 -1.375236 3.975071 -0.502837 0.204093 -0.003080 -0.542465
  211 -0.000001 4.945989 0.000001 1.239322 0.001324 -0.011934
  212 0.000000 6.128850 -0.000000 1.287693 -0.001326 0.020281
  213 -1.375236 3.975072 -0.502835 0.204093 -0.003080 -0.542466
  214 -0.000000 0.000000 -0.000000 0.000000 -0.000000 0.000000
  215 -0.000000 0.000000 -0.000000 0.000000 -0.000000 0.000000
  216 -1.375236 3.975071 -0.502837 0.204093 -0.003081 -0.542467
  217 0.000000 0.000000 0.000000 -0.000000 0.000001 0.000001
  218 -0.000005 4.945988 0.000001 1.239323 0.001324 -0.011934
  219 0.000000 0.000000 0.000000 0.000000 0.000001 0.000001
  220 0.000002 6.128851 -0.000003 1.287692 -0.001325 0.020280
  221 0.000000 0.000000 0.000000 0.000000 0.000001 0.000000
  222 -0.000005 8.781754 0.000006 3.141593 -0.488191 0.000000
  223 0.000000 0.000000 0.000000 0.000001 -0.000000 0.000000
  224 0.000000 0.000000 0.000000 -0.000001 0.000000 -0.000000
  225 -1.375236 3.975071 -0.502837 0.204093 -0.003080 -0.542465
  226 -0.000000 0.000000 -0.000000 0.000000 -0.000000 0.000000
  227 0.777028 1.281750 1.958793 0.196514 0.598662 0.924076
  228 1.260042 3.871032 -0.173994 0.213321 0.019605 0.282980
  229 -0.000000 4.879315 -0.000000 1.250862 0.004530 -0.036922
  230 -0.000000 5.043322 -0.000000 1.195367 -0.001208 0.055324
  231 1.260042 3.871032 -0.173994 0.213321 0.019605 0.282980
  232 -0.000000 4.879315 -0.000000 1.250862 0.004530 -0.036922
  233 -0.000000 5.043322 -0.000000 1.195367 -0.001208 0.055324
  234 1.260042 3.871031 -0.173994 0.213321 0.019605 0.282979
  235 0.000000 0.000000 0.000000 0.000000 -0.000000 -0.000000
  236 1.260042 3.871032 -0.173994 0.213321 0.019605 0.282979
  237 0.000000 0.000000 0.000000 -0.000000 0.000000 0.000000
  238 -0.000000 4.879315 0.000000 1.250862 0.004531 -0.036922
  239 0.000000 0.000000 0.000000 0.000000 0.000000 0.000000
  240 -0.000001 5.043321 0.000000 1.195367 -0.001208 0.055324
  241 0.000000 0.000000 0.000000 0.000000 0.000000 0.000000
  242 0.000000 10.325295 0.000002 3.141593 -0.093079 -0.000000
  243 0.000000 0.000000 0.000000 0.000000 -0.000000 0.000000
  244 0.000000 0.000000 -0.000000 -0.000000 -0.000000 0.000000
  245 1.260042 3.871032 -0.173994 0.213321 0.019605 0.282980
  246 0.986047 0.947623 1.368044 0.166520 0.766158 0.595878
  247 0.820712 4.950624 -0.114189 0.036912 -0.459751 0.204801
  248 0.000000 4.968781 0.000000 1.230801 0.003073 -0.030016
  249 -0.000001 5.803462 -0.000001 1.216236 -0.001678 0.049316
  250 0.820712 4.950624 -0.114189 0.036912 -0.459751 0.204801
  251 0.000000 4.968781 0.000000 1.230802 0.003073 -0.030016
  252 -0.000001 5.803462 -0.000001 1.216236 -0.001678 0.049316
  253 0.820711 4.950623 -0.114189 0.036912 -0.459751 0.204801
  254 0.000000 0.000000 0.000000 0.000000 0.000000 0.000000
  255 0.820712 4.950624 -0.114189 0.036912 -0.459751 0.204802
  256 0.000000 0.000000 0.000000 -0.000000 -0.000000 -0.000000
  257 0.000001 4.968781 0.000001 1.230802 0.003073 -0.030016
  258 -0.000000 0.000000 0.000000 0.000000 -0.000000 -0.000000
  259 0.000000 5.803463 -0.000000 1.216236 -0.001678 0.049316
  260 0.000000 0.000000 0.000000 -0.000000 0.000000 0.000000
  261 -0.000003 9.111453 -0.000000 3.141592 0.806825 -0.000001
  262 -0.000001 -0.000002 0.000001 -0.000000 -0.000000 0.000000
  263 -0.000001 0.000003 -0.000002 0.000000 -0.000000 -0.000000
  264 0.820712 4.950624 -0.114189 0.036912 -0.459751 0.204801
  265 2.510272 0.335971 0.022938 -0.704387 0.728957 -0.808876
  266 2.510272 0.335971 0.022938 -0.704387 0.728957 -0.808876
  267 2.510272 0.335971 0.022938 -0.704387 0.728957 -0.808876
  268 -0.904462 6.782049 3.867487 -1.735058 1.279523 -0.200407
  269 -0.010181 19.450785 -0.828351 -2.360660 -0.316186 1.475224
  270 0.000004 19.539452 0.000004 1.183063 -0.000001 -0.000000
  271 0.000004 24.732426 0.000008 -0.338780 -0.380591 -0.277173
  272 0.000000 0.000000 0.000000 0.000000 -0.000001 -0.000001
  273 0.000000 0.000000 0.000000 -0.000000 0.000001 0.000001
  274 0.000001 0.000001 0.000001 -0.000000 0.000001 0.000000
  275 0.000000 0.000000 0.000000 0.000000 -0.000000 0.000000
  276 0.000003 12.366215 0.000004 0.000000 -0.165200 -0.000000
  277 0.000000 0.000000 0.000000 -0.000001 -0.001371 0.000001
  278 0.000000 0.000000 0.000000 0.000000 0.000000 -0.000000
  279 0.000001 9.769730 0.000003 -0.000000 0.282266 -0.000000
  280 0.000000 0.000000 0.000000 -0.000000 0.000000 0.000000
  281 -0.000000 0.000002 -0.000000 0.000000 -0.000000 -0.000000
  282 -0.010190 19.450788 -0.828331 -1.068311 0.458283 -0.722012
  283 -0.010186 19.450787 -0.828337 0.041386 0.124298 -1.319062
  284 -0.000000 0.000001 0.000000 -1.332781 -0.484537 2.373637
  285 0.000002 20.126820 0.000003 0.277335 -0.000000 0.000000
  286 0.000004 25.356455 0.000001 0.198412 0.005445 -0.027074
  287 0.000000 0.000000 0.000000 0.000000 -0.000000 -0.000000
  288 -0.000000 0.000001 0.000000 -1.637244 -0.211962 2.512883
  289 -0.000003 0.000007 -0.000002 -0.670166 -0.280432 -0.000000
  290 0.000005 19.539461 0.000000 1.183063 -0.000001 -0.000000
  291 -0.010181 19.450785 -0.828351 -2.145761 -0.648101 1.024164
  292 0.000000 0.000000 0.000000 -0.000001 0.000000 0.000000
  293 -0.010181 19.450785 -0.828351 -2.145760 -0.648101 1.024164
  294 0.000003 9.769722 -0.000001 0.000000 -0.234062 -0.000000
  295 -0.000000 9.769722 -0.000000 1.183063 -0.282266 0.000001
  296 0.000002 12.366211 0.000003 0.000000 -0.166572 -0.000000
  297 0.000000 12.366210 -0.000000 -0.385287 -0.220036 -0.263368
  298 -0.838801 0.695166 1.002013 -0.146529 -0.831651 -0.111056
  299 -0.309127 5.562249 0.009919 0.057776 0.287169 -0.072685
  300 -0.000000 5.184049 0.000000 1.550802 0.003805 -0.022168
  301 0.000000 5.576730 0.000001 1.427765 -0.000644 0.036171
  302 -0.309128 5.562250 0.009917 0.057776 0.287169 -0.072685
  303 -0.000000 5.184049 0.000000 1.550802 0.003805 -0.022168
  304 0.000000 5.576729 0.000001 1.427765 -0.000644 0.036171
  305 -0.309126 5.562238 0.009923 0.057776 0.287169 -0.072685
  306 0.000000 0.000000 0.000000 -0.000000 0.000000 -0.000000
  307 -0.309126 5.562248 0.009922 0.057776 0.287169 -0.072685
  308 0.000000 0.000000 0.000000 0.000000 0.000000 0.000000
  309 0.000000 5.184049 0.000002 1.550802 0.003806 -0.022168
  310 0.000000 0.000000 0.000000 0.000000 0.000000 0.000001
  311 -0.000004 5.576728 0.000001 1.427765 -0.000643 0.036171
  312 0.000000 0.000000 0.000000 0.000000 0.000000 0.000000
  313 -0.000002 9.158417 -0.000000 3.141593 -0.324016 0.000000
  314 0.000000 0.000000 -0.000001 -0.000000 0.000000 0.000000
  315 0.000000 0.000000 0.000000 0.000000 -0.000000 0.000001
  316 -0.309126 5.562248 0.009921 0.057776 0.287169 -0.072685
  317 -0.208223 1.308908 0.886646 -0.521837 -0.710749 0.438946
  318 0.200433 4.665062 0.107457 0.177555 0.296554 0.038426
  319 0.000000 6.134697 -0.000002 1.043417 0.004720 -0.048260
  320 -0.000000 5.142239 -0.000002 0.947639 -0.000043 0.073619
  321 0.200433 4.665062 0.107457 0.177555 0.296554 0.038426
  322 0.000000 6.134697 -0.000002 1.043417 0.004720 -0.048260
  323 -0.000000 5.142238 -0.000002 0.947639 -0.000043 0.073619
  324 0.200432 4.665063 0.107456 0.177555 0.296553 0.038426
  325 0.000000 0.000000 0.000000 0.000000 0.000000 0.000000
  326 0.000000 0.000000 0.000000 0.000000 0.000000 0.000000
  327 0.200433 4.665062 0.107457 0.177554 0.296552 0.038425
  328 0.000000 0.000000 0.000000 -0.000000 0.000001 0.000001
  329 0.000001 6.134698 -0.000002 1.043416 0.004721 -0.048261
  330 0.000000 0.000000 0.000000 -0.000000 0.000001 0.000001
  331 -0.000002 5.142240 0.000002 0.947639 -0.000043 0.073618
  332 0.000000 0.000000 0.000000 -0.000000 0.000001 0.000001
  333 -0.000004 9.920088 -0.000002 -3.141593 -0.323204 -0.000000
  334 0.000000 0.000000 0.000000 -0.000000 0.000000 0.000000
  335 -0.000001 -0.000000 -0.000002 0.000000 0.000000 0.000000
  336 0.200433 4.665062 0.107457 0.177555 0.296554 0.038426
  337 0.000000 0.000000 0.000000 0.000000 0.000000 0.000000
  338 -1.229533 0.555898 1.288363 -0.746848 -0.623235 0.695222
  339 1.018387 5.188695 -0.120733 0.207022 0.080209 0.208698
  340 0.000000 5.046769 -0.000000 1.529977 -0.005799 0.038570
  341 -0.000000 4.876219 0.000001 1.495114 0.002098 -0.057280
  342 1.018387 5.188695 -0.120733 0.207022 0.080209 0.208698
  343 0.000000 5.046769 -0.000000 1.529977 -0.005799 0.038570
  344 -0.000000 4.876219 0.000001 1.495114 0.002098 -0.057280
  345 1.018380 5.188694 -0.120734 0.207022 0.080209 0.208698
  346 0.000000 0.000000 0.000000 -0.000000 0.000000 -0.000000
  347 0.000000 0.000000 0.000000 -0.000000 0.000000 -0.000000
  348 1.018387 5.188695 -0.120733 0.207022 0.080209 0.208698
  349 0.000000 0.000000 0.000000 0.000000 -0.000000 -0.000000
  350 0.000000 5.046769 0.000001 1.529977 -0.005800 0.038570
  351 0.000000 0.000000 0.000000 -0.000000 -0.000000 -0.000000
  352 0.000001 4.876217 0.000000 1.495114 0.002099 -0.057280
  353 0.000000 0.000000 0.000000 -0.000000 0.000001 0.000000
  354 -0.000003 10.336267 0.000002 -3.141592 0.095607 0.000001
  355 0.000000 0.000000 0.000000 0.000000 -0.000000 0.000000
  356 0.000004 0.000001 -0.000002 0.000000 0.000000 -0.000000
  357 1.018387 5.188695 -0.120733 0.207022 0.080209 0.208698
  358 0.000000 0.000000 0.000000 -0.000000 0.000000 -0.000000
  359 -2.510271 0.335971 0.022944 -0.704386 -0.728958 0.808876
  360 1.152479 4.008667 -0.421390 0.204093 0.003080 0.542466
  361 0.000000 4.945989 0.000001 1.056479 -0.001325 0.011934
  362 -0.000000 6.128857 -0.000002 1.104847 0.001326 -0.020281
  363 1.152479 4.008667 -0.421390 0.204093 0.003080 0.542466
  364 0.000000 4.945989 0.000001 1.056479 -0.001325 0.011934
  365 -0.000000 6.128857 -0.000002 1.104847 0.001326 -0.020281
  366 1.152479 4.008667 -0.421390 0.204093 0.003080 0.542466
  367 0.000000 0.000000 0.000000 0.000000 0.000000 0.000000
  368 0.000000 0.000000 0.000000 0.000000 0.000000 0.000000
  369 1.152479 4.008667 -0.421390 0.204093 0.003081 0.542467
  370 0.000000 0.000000 0.000000 -0.000000 -0.000001 -0.000001
  371 0.000004 4.945988 0.000001 1.056478 -0.001324 0.011934
  372 0.000000 0.000000 0.000000 0.000000 -0.000001 -0.000001
  373 -0.000006 6.128854 0.000001 1.104848 0.001326 -0.020280
  374 0.000000 0.000000 0.000000 0.000000 -0.000000 -0.000000
  375 0.000001 8.781746 -0.000001 3.141593 0.488190 -0.000000
  376 0.000000 0.000000 0.000000 -0.000000 -0.000000 -0.000000
  377 0.000000 0.000000 0.000000 0.000000 -0.000000 0.000001
  378 1.152479 4.008667 -0.421390 0.204093 0.003080 0.542466
  379 0.000000 0.000000 0.000000 0.000000 0.000000 0.000000
  380 -0.777033 1.281753 1.958796 0.196514 -0.598662 -0.924076
  381 -1.541317 3.732101 -0.212846 0.213321 -0.019605 -0.282980
  382 0.000000 4.879318 0.000002 1.502841 -0.004530 0.036922
  383 -0.000003 5.043326 -0.000002 1.447344 0.001208 -0.055324
  384 -1.541317 3.732101 -0.212846 0.213321 -0.019605 -0.282980
  385 -0.000001 4.879318 0.000000 1.502841 -0.004530 0.036922
  386 -0.000003 5.043326 -0.000002 1.447344 0.001208 -0.055324
  387 -1.541314 3.732092 -0.212841 0.213321 -0.019605 -0.282980
  388 0.000000 0.000000 0.000000 0.000000 0.000000 0.000000
  389 -1.541315 3.732100 -0.212842 0.213321 -0.019605 -0.282979
  390 0.000000 0.000000 0.000000 -0.000000 -0.000001 -0.000001
  391 0.000001 4.879314 -0.000000 1.502840 -0.004531 0.036922
  392 0.000000 0.000000 0.000000 0.000000 -0.000000 -0.000000
  393 -0.000000 5.043323 0.000002 1.447345 0.001208 -0.055324
  394 0.000000 0.000000 0.000000 -0.000000 0.000000 -0.000000
  395 -0.000001 10.325294 0.000001 3.141593 0.093079 0.000000
  396 -0.000003 0.000001 -0.000002 -0.000000 -0.000000 0.000000
  397 0.000000 0.000000 0.000000 0.000000 0.000000 0.000000
  398 -1.541316 3.732101 -0.212844 0.213321 -0.019605 -0.282980
  399 -0.986056 0.947620 1.368039 0.166521 -0.766158 -0.595878
  400 -0.687772 5.037451 -0.095693 0.036912 0.459751 -0.204801
  401 -0.000000 4.968780 0.000000 1.047959 -0.003073 0.030016
  402 -0.000000 5.803460 0.000003 1.033391 0.001678 -0.049316
  403 -0.687772 5.037451 -0.095693 0.036912 0.459751 -0.204801
  404 -0.000000 4.968780 0.000000 1.047959 -0.003073 0.030016
  405 -0.000000 5.803460 0.000003 1.033391 0.001678 -0.049316
  406 -0.687772 5.037439 -0.095695 0.036912 0.459751 -0.204801
  407 0.000000 0.000000 0.000000 0.000000 0.000000 0.000000
  408 -0.687772 5.037451 -0.095693 0.036912 0.459751 -0.204801
  409 0.000000 0.000000 0.000000 -0.000000 0.000000 0.000000
  410 -0.000000 4.968779 -0.000000 1.047957 -0.003073 0.030016
  411 0.000000 0.000000 0.000000 -0.000000 0.000000 0.000000
  412 0.000001 5.803462 0.000007 1.033392 0.001678 -0.049316
  413 0.000000 0.000000 0.000000 -0.000000 -0.000000 -0.000000
  414 -0.000001 9.111453 0.000001 3.141593 -0.806825 0.000001
  415 -0.000004 -0.000001 0.000000 0.000000 0.000000 0.000000
  416 0.000000 0.000000 0.000000 0.000001 -0.000000 -0.000000
  417 -0.687772 5.037451 -0.095693 0.036912 0.459751 -0.204801
  418 -2.510273 0.335968 0.022941 -0.704386 -0.728957 0.808876
  419 -2.510273 0.335968 0.022941 -0.704386 -0.728957 0.808876
  420 -2.510273 0.335968 0.022941 -0.704386 -0.728957 0.808876
  421 8.463110 -0.489837 -2.120323 1.542233 0.000000 3.141592
  422 -0.000000 -0.000001 0.000000 0.000000 -0.000000 0.000000
  423 -8.463109 -0.489831 -2.120326 1.542233 0.000000 -3.141593
  424 -0.000001 -0.000001 0.000000 -0.000000 0.000000 0.000000
  425 8.463110 -0.489837 -2.120323 1.542233 0.000000 3.141592
  426 -8.463109 -0.489831 -2.120326 1.542233 0.000000 -3.141593
  427 0.904462 6.782047 3.867486 0.197280 -1.705924 -1.513326
  428 -0.904462 6.782049 3.867487 -1.735058 1.279523 -0.200407
  429 0.000000 0.000000 -0.000001 0.000000 -0.000000 -0.000000
  430 -2.384858 45.420403 15.540361 0.000000 -0.000000 1.570796
  431 -37.985664 -17.891603 17.544958 0.404740 -2.712140 1.535527
  432 0.000002 -0.000002 0.000002 -0.000000 0.000000 0.000000
  433 -23.412592 29.146172 3.876438 -0.310686 -0.279749 1.164483
  434 42.687458 -50.232090 13.803880 0.636717 0.964784 -2.018134
  435 -2.384865 -45.420403 15.540361 0.000000 -0.000000 1.570796
  436 12.059859 14.659009 1.112400 -1.283464 -0.836759 2.492749
  437 -0.000001 0.000005 0.000001 0.000000 -0.000000 -0.000000
  438 -40.648991 -7.051914 6.266417 -0.262966 0.315429 1.190147
  439 -0.328939 16.573044 -1.309555 0.636717 -0.964784 2.018134
  440 -0.483101 8.250682 -13.900933 0.000000 -0.000000 1.570796
  441 0.000000 -0.019654 -0.645735 -0.024900 -0.000000 -0.000000
  442 0.000002 -6.475163 -8.877783 0.000000 -0.000000 -0.000000
  443 -0.000002 6.475164 8.877783 0.000000 -0.000000 -0.000000
  444 -1.878122 12.014874 -0.599894 0.000000 0.000000 0.000000
  445 3.953934 0.000001 0.000000 -0.000000 -0.000000 0.000000
  446 -1.976969 -0.000000 0.000000 0.000000 0.000000 -0.000000
  447 -0.098844 -12.014876 0.599885 0.000000 0.000000 -0.000000
  448 -0.000002 6.475165 8.877786 -2.200961 0.000249 0.000342
  449 0.000000 -0.000000 0.000000 -0.000000 -0.000000 0.000000
  450 -0.000000 10.988305 0.000001 2.200961 0.000423 0.000000
  451 0.000000 0.000000 0.000000 -0.060252 -0.000000 -3.141593
  452 34.325291 1.740807 -4.305687 -0.039904 0.032194 1.477569
  453 1.961088 -0.448855 0.257715 -0.003598 -0.000000 0.000000
  454 -0.483102 -8.250682 -13.900933 0.000000 -0.000000 1.570796
  455 -1.252180 25.648748 -0.686419 0.014691 0.000000 0.000000
  456 0.000001 -6.475167 -8.877785 -0.000000 -0.000000 0.000000
  457 -0.000001 6.475167 8.877785 0.407939 0.000000 0.000000
  458 1.878116 12.014874 -0.599891 0.000000 0.000000 -0.000000
  459 -3.953934 -0.000001 -0.000000 0.000000 -0.000000 -0.000000
  460 1.976967 0.000001 0.000000 0.000000 -0.000000 -0.000000
  461 0.098853 -12.014875 0.599885 0.407939 0.000000 0.000000
  462 -0.000000 6.475167 8.877783 -2.200961 -0.000249 -0.000341
  463 0.000001 -0.000001 -0.000000 -0.000000 -0.000000 -0.000000
  464 -0.000001 10.988301 -0.000002 1.793022 -0.000422 0.000000
  465 0.000000 0.000000 0.000000 -0.060252 0.000000 -3.141593
  466 32.789944 -14.680387 -3.774530 -0.039904 0.032194 1.477569
  467 -5.924032 1.355899 -0.778503 -0.003598 -0.000000 0.000000
  time 4
  0 0.000000 0.000000 -23.603888 0.000000 -0.000000 1.570796
  1 -2.336987 4.450291 38.213451 1.796902 0.093272 0.127345
  2 0.000001 10.999712 -0.000000 -0.049386 0.002833 0.057923
  3 0.000001 6.753163 0.000000 -0.158590 -0.147504 -0.010072
  4 0.000002 8.544808 0.000001 0.000468 -0.153728 -0.068758
  5 0.000001 9.518036 -0.000001 0.035824 0.076692 0.068721
  6 -0.000000 3.039635 0.000000 0.193778 -0.004064 -0.000798
  7 -0.000000 3.098964 -0.000000 -0.550001 0.123381 0.190997
  8 31.222416 -21.096340 66.242020 -2.860880 -0.791269 0.775225
  9 -23.900711 11.937496 56.358109 1.052171 -2.122123 -0.902531
  10 8.094496 -8.587083 21.810394 -2.875848 0.099666 0.130342
  11 -10.405140 6.212157 19.381475 -3.070529 -0.082970 -0.089078
  12 -1.789155 0.000000 28.175615 0.000000 -0.000000 1.570796
  13 -0.623084 1.553802 -8.268745 0.048751 0.002592 -0.027364
  14 -0.000000 -1.769383 12.121019 0.005720 0.098113 0.150108
  15 -0.000002 -1.769387 12.121019 -0.031887 0.129630 -0.160373
  16 -0.000000 -1.769383 12.121016 0.001012 0.049163 0.074893
  17 -0.000000 -0.000001 0.000000 1.694062 -0.000000 -0.000000
  18 0.000000 -6.753164 0.000001 -1.696875 0.068176 -0.058127
  19 0.000000 0.000000 0.000000 1.742380 -0.000000 0.000000
  20 -0.000001 -10.999712 0.000001 -0.000000 0.000000 -0.000000
  21 0.000000 0.000000 0.000000 -0.000000 0.000000 -0.000000
  22 0.000000 0.000000 0.000000 -1.341552 -1.993774 0.192913
  23 -0.000000 -0.000002 0.000000 -0.000000 0.000000 -0.000000
  24 0.000000 0.000000 0.000000 -1.341552 1.993774 -0.192913
  25 0.000000 -0.000002 0.000001 -0.000000 -0.000000 0.000000
  26 8.250684 -0.215596 2.184241 2.234258 -0.005490 0.170340
  27 -0.000002 19.279408 0.000003 1.294842 -0.000000 0.000000
  28 0.000001 15.639643 0.000002 -1.271079 0.109591 0.010456
  29 -0.000049 10.987745 -0.000437 0.880380 -3.141171 0.000000
  30 -1.873868 4.392866 10.061483 -0.000523 0.630166 -1.571105
  31 0.000000 0.000002 0.000002 -0.000000 -0.000000 -0.000000
  32 -0.000000 0.000000 -0.000000 0.000000 0.000000 -0.000000
  33 -0.000000 0.000002 -0.000001 -0.000000 0.000000 -0.000000
  34 0.000000 0.000000 0.000000 -0.000000 0.000000 -0.000000
  35 0.000001 7.819825 -0.000002 -0.000000 0.045435 -0.000000
  36 0.000000 0.000000 0.000000 0.000000 0.000204 -0.000000
  37 0.000000 -0.000002 0.000002 -0.000000 -0.000000 0.000000
  38 -0.000001 9.639706 0.000003 0.000000 -0.057167 0.000000
  39 -0.000000 0.000000 -0.000000 -0.000000 0.000000 -0.000000
  40 -8.250682 -0.215591 2.184239 -3.114473 -0.188507 0.110947
  41 0.000007 19.522997 0.000003 0.797233 0.000001 -0.000000
  42 0.000001 15.888766 0.000001 -1.420634 -0.063993 0.056521
  43 -0.000067 10.987078 -0.002009 1.023158 3.141171 -0.000000
  44 1.873869 4.392862 10.061477 0.000523 2.511427 1.571104
  45 -0.000000 0.000001 0.000002 -0.000000 0.000000 -0.000000
  46 0.000000 0.000000 0.000000 0.000000 -0.000000 0.000000
  47 -0.000000 0.000002 -0.000001 0.000000 -0.000000 0.000000
  48 0.000000 0.000000 0.000000 0.000000 -0.000000 0.000000
  49 0.000001 7.944386 -0.000001 0.000000 -0.048522 0.000000
  50 0.000000 0.000000 0.000000 0.000000 -0.000205 -0.000000
  51 -0.000000 -0.000004 -0.000000 -0.000000 0.000000 -0.000000
  52 0.000003 9.761500 0.000001 0.000000 -0.104580 -0.000000
  53 0.000000 0.000000 0.000000 -0.000000 -0.000000 -0.000000
  54 8.250683 -0.215593 2.184240 2.903292 -0.000000 -0.000000
  55 8.250684 -0.215596 2.184241 -1.742380 -0.000000 -0.000000
  56 -0.000000 -0.000001 0.000000 -1.637514 0.000000 -0.000000
  57 0.000007 19.896318 -0.000004 0.140362 -0.000000 -0.000000
  58 0.000001 16.264103 -0.000001 -0.703810 -0.000322 0.000273
  59 0.000000 -0.000000 0.000000 0.000000 -0.000000 -0.000000
  60 -0.000001 10.988298 -0.000000 0.880380 -3.141171 0.000000
  61 0.000000 0.000001 0.000000 0.000000 -0.000000 -0.000000
  62 0.000000 -0.000001 0.000000 -1.742312 -0.158714 0.013961
  63 -0.000001 -0.000000 0.000001 -0.568765 0.048843 -0.000000
  64 -0.000002 19.279409 0.000002 1.294842 -0.000000 0.000000
  65 8.250686 -0.215596 2.184241 2.232139 0.057746 0.089294
  66 0.000000 -0.000000 0.000000 -0.000000 -0.000000 0.000000
  67 8.250686 -0.215596 2.184240 2.232139 0.057746 0.089294
  68 0.000001 9.639708 0.000000 -0.000000 0.045597 -0.000000
  69 0.000001 9.639704 -0.000001 1.294842 0.057167 -0.000000
  70 0.000001 7.819820 -0.000000 0.000001 0.045640 0.000000
  71 0.000000 7.819825 -0.000001 -1.271598 0.063958 0.010416
  72 0.000000 10.987765 0.000001 0.880340 -3.141171 -0.000004
  73 -8.250684 -0.215591 2.184239 2.903292 -0.000000 -0.000000
  74 -8.250684 -0.215591 2.184239 -1.742380 -0.000000 -0.000000
  75 -0.000000 -0.000001 0.000000 -1.637514 0.000000 0.000000
  76 0.000004 19.896326 -0.000001 0.140363 0.000000 -0.000000
  77 0.000000 16.264103 -0.000001 -0.703810 0.000322 -0.000273
  78 0.000000 -0.000000 0.000000 -0.000000 -0.000000 0.000000
  79 0.000000 10.988298 0.000001 0.880380 3.141171 -0.000000
  80 0.000000 0.000000 0.000000 0.000000 0.000000 0.000000
  81 -0.000000 -0.000001 0.000000 -1.017858 -0.173277 -0.048941
  82 0.000002 0.000001 0.000001 -0.355417 0.183414 0.000000
  83 0.000007 19.522995 0.000003 0.797233 0.000001 -0.000000
  84 -8.250682 -0.215591 2.184239 -3.114951 0.012375 0.116360
  85 -0.000000 -0.000000 -0.000000 -0.000000 -0.000000 -0.000000
  86 -8.250682 -0.215591 2.184240 -3.114951 0.012375 0.116360
  87 -0.000000 9.761506 -0.000001 0.000000 0.096374 -0.000000
  88 -0.000000 9.761502 0.000001 0.797233 0.104581 0.000000
  89 -0.000000 7.944377 0.000001 0.000000 -0.048726 0.000000
  90 -0.000001 7.944388 -0.000000 -1.418066 -0.015338 0.056412
  91 -0.000001 10.987101 -0.000000 1.022975 3.141171 -0.000006
  92 -0.000000 0.000000 0.000001 -0.048317 -0.000000 -0.000000
  93 0.000000 0.000000 0.000000 -0.000000 0.000000 0.000000
  94 -0.000001 -10.999712 0.000001 -0.000000 0.000000 -0.000000
  95 -0.000001 -1.769385 12.121016 -0.013304 0.065452 -0.079499
  96 0.000000 -0.000001 0.000000 1.538978 -0.000000 -0.000000
  97 0.000000 0.000000 -0.000001 0.158236 0.076689 0.011174
  98 0.000000 0.000000 0.000000 -0.155084 0.000000 0.000000
  99 0.000000 0.000000 0.000000 -0.000000 -0.000000 -0.000000
  100 0.000000 8.544809 0.000002 -1.547045 -0.077201 -0.068149
  101 0.000000 0.000000 -0.000000 1.542233 -0.000000 0.000000
  102 0.000004 9.518036 -0.000002 0.035824 0.076692 0.068721
  103 -0.000000 3.039635 0.000000 0.193778 -0.004064 -0.000798
  104 -0.000000 3.098964 -0.000000 -0.550001 0.123381 0.190997
  105 0.000004 9.518036 -0.000002 -1.528896 0.076692 0.068721
  106 0.000000 -0.000000 0.000000 1.662547 0.000000 -0.000000
  107 0.000000 6.109813 0.000000 -1.649355 0.084381 0.059019
  108 0.000000 -0.000001 0.000000 1.179650 -0.142470 0.006008
  109 0.000000 0.000000 0.000000 -0.097827 -0.000000 0.000000
  110 0.000000 0.000000 0.000000 0.000000 -0.000000 -0.000000
  111 0.000000 3.025102 -0.296886 -0.195252 -0.004002 0.071527
  112 0.000000 0.000000 0.000000 0.095948 0.000000 0.000000
  113 0.000000 0.000000 -0.000000 0.000000 -0.000000 -0.000000
  114 -0.000000 -0.000000 0.000000 -0.000000 0.000000 -0.000000
  115 0.904464 6.782039 3.867487 0.197281 -1.705924 -1.513326
  116 0.010180 19.450796 -0.828359 1.061367 2.139125 0.221203
  117 -0.000008 19.369396 -0.000002 1.940735 0.000000 -0.000000
  118 0.000001 24.473145 -0.000002 -0.096576 2.391585 -0.063441
  119 0.000000 0.000000 0.000000 0.000000 0.000001 0.000001
  120 -0.000000 0.000000 -0.000000 -0.000000 -0.000001 -0.000001
  121 -0.000001 0.000002 -0.000001 -0.000000 -0.000000 -0.000000
  122 0.000000 -0.000002 -0.000000 0.000000 -0.000000 0.000000
  123 0.000003 12.236573 -0.000004 0.000000 1.194247 0.000000
  124 0.000000 -0.000002 -0.000000 -0.000001 0.001371 -0.000001
  125 0.000000 0.000000 0.000000 -0.000000 -0.000000 -0.000000
  126 0.000003 9.684700 0.000002 0.000000 -0.812783 0.000000
  127 0.000000 0.000000 0.000000 -0.000000 -0.000000 -0.000000
  128 -0.000000 0.000002 -0.000000 0.000000 0.000000 -0.000000
  129 0.010187 19.450800 -0.828337 -1.068311 -0.458283 0.722012
  130 0.010185 19.450798 -0.828344 0.041386 -0.124298 1.319061
  131 -0.000000 0.000000 0.000000 -1.332781 0.484537 -2.373637
  132 -0.000003 20.126823 0.000003 0.277335 0.000000 -0.000000
  133 0.000001 25.356462 -0.000001 0.198412 -0.005445 0.027073
  134 0.000000 0.000000 0.000000 -0.000000 0.000000 0.000000
  135 -0.000000 0.000000 0.000000 -0.413464 -0.408150 3.023962
  136 0.000000 0.000001 -0.000008 -1.138645 1.533289 0.000007
  137 -0.000000 19.369396 0.000001 1.940735 0.000000 -0.000000
  138 0.010180 19.450796 -0.828359 -0.575799 0.529715 -1.081236
  139 0.000000 0.000000 0.000000 -0.000000 -0.000000 -0.000000
  140 0.010180 19.450796 -0.828359 -0.575800 0.529715 -1.081236
  141 0.000004 9.684693 -0.000002 0.000001 0.450482 0.000002
  142 0.000001 9.684698 -0.000002 1.940733 0.812784 -0.000003
  143 -0.000006 12.236571 0.000001 0.000001 1.195619 0.000002
  144 -0.000000 12.236569 0.000001 0.063722 1.192244 0.125848
  145 0.838802 0.695164 1.002007 -0.146529 0.831651 0.111056
  146 0.360995 5.447922 0.011589 0.057776 -0.287169 0.072686
  147 0.000000 5.184050 -0.000000 1.782532 -0.003805 0.022167
  148 0.000000 5.576725 -0.000001 1.659495 0.000643 -0.036172
  149 0.360995 5.447922 0.011589 0.057776 -0.287169 0.072686
  150 0.000000 5.184050 -0.000000 1.782532 -0.003805 0.022167
  151 0.000000 5.576725 -0.000001 1.659495 0.000643 -0.036172
  152 0.361002 5.447921 0.011587 0.057776 -0.287169 0.072685
  153 0.000000 0.000000 0.000000 -0.000000 -0.000000 -0.000000
  154 0.360995 5.447922 0.011589 0.057776 -0.287169 0.072685
  155 0.000000 0.000000 -0.000000 0.000000 -0.000000 -0.000000
  156 -0.000005 5.184051 0.000005 1.782533 -0.003806 0.022168
  157 0.000000 0.000000 0.000000 -0.000000 -0.000001 -0.000001
  158 0.000004 5.576725 0.000001 1.659495 0.000643 -0.036172
  159 -0.000000 0.000000 -0.000000 0.000000 -0.000000 -0.000000
  160 0.000000 9.158416 0.000002 3.141593 0.324016 -0.000001
  161 0.000000 -0.000001 0.000000 0.000000 -0.000000 -0.000000
  162 0.000000 0.000000 0.000000 0.000000 0.000000 -0.000000
  163 0.360995 5.447922 0.011589 0.057776 -0.287169 0.072686
  164 0.208219 1.308902 0.886643 -0.521837 0.710749 -0.438947
  165 -0.341650 4.470099 0.183171 0.177555 -0.296553 -0.038425
  166 0.000000 6.134692 0.000000 1.709968 -0.004720 0.048260
  167 0.000001 5.142241 -0.000001 1.614192 0.000044 -0.073620
  168 -0.341650 4.470099 0.183171 0.177555 -0.296553 -0.038425
  169 0.000000 6.134692 0.000000 1.709968 -0.004720 0.048260
  170 0.000001 5.142241 -0.000001 1.614192 0.000043 -0.073620
  171 -0.341657 4.470099 0.183175 0.177555 -0.296553 -0.038426
  172 -0.000000 0.000001 0.000000 -0.000000 0.000000 -0.000000
  173 -0.000000 0.000001 0.000000 -0.000000 0.000000 -0.000000
  174 -0.341650 4.470099 0.183171 0.177554 -0.296552 -0.038425
  175 0.000000 -0.000000 0.000000 -0.000000 -0.000001 -0.000001
  176 -0.000004 6.134692 0.000005 1.709969 -0.004721 0.048261
  177 0.000000 0.000000 0.000000 -0.000000 -0.000001 -0.000001
  178 0.000000 5.142239 -0.000000 1.614192 0.000043 -0.073619
  179 -0.000000 -0.000000 0.000000 -0.000000 -0.000001 -0.000001
  180 0.000002 9.920081 0.000004 -3.141593 0.323205 0.000000
  181 0.000000 0.000000 0.000000 0.000000 -0.000000 -0.000000
  182 0.000000 0.000000 0.000000 -0.000000 -0.000000 0.000000
  183 -0.341650 4.470099 0.183171 0.177555 -0.296553 -0.038425
  184 -0.000000 0.000001 0.000000 -0.000000 0.000000 -0.000000
  185 1.229525 0.555891 1.288365 -0.746848 0.623235 -0.695222
  186 -1.189297 5.088315 -0.140990 0.207023 -0.080209 -0.208697
  187 -0.000004 5.046757 0.000003 1.761707 0.005799 -0.038571
  188 -0.000000 4.876212 -0.000000 1.726845 -0.002098 0.057280
  189 -1.189297 5.088315 -0.140990 0.207023 -0.080209 -0.208697
  190 -0.000004 5.046757 0.000003 1.761707 0.005799 -0.038571
  191 -0.000000 4.876212 -0.000000 1.726845 -0.002098 0.057280
  192 -1.189288 5.088314 -0.140989 0.207022 -0.080209 -0.208698
  193 0.000000 0.000000 0.000000 0.000000 0.000000 0.000000
  194 0.000000 0.000000 0.000000 0.000000 0.000000 0.000000
  195 -1.189297 5.088315 -0.140990 0.207022 -0.080208 -0.208698
  196 0.000000 0.000000 0.000000 0.000000 -0.000000 -0.000000
  197 -0.000003 5.046763 0.000003 1.761708 0.005799 -0.038570
  198 0.000000 0.000000 0.000000 0.000000 0.000000 0.000000
  199 -0.000000 4.876212 -0.000000 1.726845 -0.002099 0.057281
  200 -0.000000 -0.000000 0.000000 0.000000 -0.000001 -0.000001
  201 0.000001 10.336260 0.000004 -3.141593 -0.095607 -0.000001
  202 -0.000005 0.000003 -0.000005 0.000000 -0.000000 -0.000000
  203 -0.000005 0.000004 0.000004 0.000000 0.000000 0.000000
  204 -1.189297 5.088315 -0.140990 0.207023 -0.080209 -0.208697
  205 0.000000 0.000000 0.000000 0.000000 0.000000 0.000000
  206 2.510267 0.335968 0.022950 -0.704386 0.728957 -0.808876
  207 -1.964559 3.886198 -0.718305 0.204093 -0.003080 -0.542466
  208 0.000000 4.945991 0.000002 1.723031 0.001323 -0.011933
  209 -0.000003 6.128860 0.000005 1.771400 -0.001327 0.020280
  210 -1.964559 3.886198 -0.718305 0.204093 -0.003080 -0.542466
  211 0.000000 4.945991 0.000002 1.723031 0.001323 -0.011933
  212 -0.000003 6.128860 0.000005 1.771400 -0.001327 0.020280
  213 -1.964546 3.886205 -0.718308 0.204093 -0.003080 -0.542466
  214 -0.000000 0.000000 -0.000000 -0.000000 0.000000 0.000000
  215 -0.000000 0.000000 -0.000000 -0.000000 0.000000 0.000000
  216 -1.964559 3.886198 -0.718305 0.204093 -0.003081 -0.542467
  217 0.000000 0.000000 0.000000 -0.000000 0.000001 0.000001
  218 0.000001 4.945989 0.000002 1.723031 0.001324 -0.011934
  219 0.000000 0.000000 0.000000 -0.000000 0.000001 0.000001
  220 -0.000001 6.128854 0.000002 1.771401 -0.001326 0.020280
  221 0.000000 0.000000 0.000000 -0.000000 0.000001 0.000000
  222 -0.000003 8.781750 -0.000001 3.141593 -0.488191 0.000000
  223 -0.000004 0.000005 -0.000005 -0.000000 -0.000000 0.000000
  224 0.000000 0.000000 0.000000 0.000000 0.000000 0.000000
  225 -1.964559 3.886198 -0.718305 0.204093 -0.003080 -0.542466
  226 -0.000000 0.000000 -0.000000 -0.000000 0.000000 0.000000
  227 0.777027 1.281749 1.958796 0.196514 0.598662 0.924076
  228 1.799975 3.604323 -0.248552 0.213321 0.019605 0.282980
  229 0.000001 4.879313 -0.000000 1.734571 0.004530 -0.036922
  230 0.000001 5.043317 -0.000001 1.679075 -0.001209 0.055324
  231 1.799975 3.604323 -0.248552 0.213321 0.019605 0.282980
  232 0.000001 4.879313 -0.000000 1.734571 0.004530 -0.036922
  233 0.000001 5.043317 -0.000001 1.679075 -0.001209 0.055324
  234 1.799977 3.604326 -0.248553 0.213321 0.019605 0.282980
  235 0.000000 0.000000 0.000000 0.000000 -0.000000 -0.000000
  236 1.799975 3.604323 -0.248552 0.213321 0.019605 0.282979
  237 0.000000 0.000000 0.000000 -0.000000 0.000000 0.000000
  238 0.000000 4.879314 0.000001 1.734571 0.004531 -0.036922
  239 0.000000 0.000000 0.000000 0.000000 0.000000 0.000000
  240 0.000002 5.043318 0.000002 1.679076 -0.001208 0.055324
  241 0.000000 -0.000000 0.000000 0.000000 0.000000 0.000000
  242 -0.000004 10.325288 -0.000003 3.141593 -0.093078 -0.000000
  243 0.000000 -0.000000 0.000000 -0.000000 0.000000 0.000000
  244 0.000000 -0.000000 -0.000000 0.000001 0.000000 -0.000000
  245 1.799975 3.604323 -0.248552 0.213321 0.019605 0.282980
  246 0.986049 0.947619 1.368041 0.166521 0.766159 0.595878
  247 1.172382 4.720954 -0.163122 0.036911 -0.459751 0.204801
  248 -0.000000 4.968777 0.000000 1.714510 0.003073 -0.030016
  249 -0.000002 5.803468 -0.000003 1.699946 -0.001678 0.049316
  250 1.172382 4.720954 -0.163122 0.036911 -0.459751 0.204801
  251 -0.000000 4.968777 0.000000 1.714510 0.003073 -0.030016
  252 -0.000002 5.803468 -0.000003 1.699946 -0.001678 0.049316
  253 1.172390 4.720953 -0.163121 0.036912 -0.459751 0.204801
  254 0.000000 0.000000 0.000000 0.000000 0.000000 -0.000000
  255 1.172382 4.720954 -0.163122 0.036912 -0.459751 0.204801
  256 0.000000 0.000000 0.000000 -0.000000 -0.000000 -0.000000
  257 0.000001 4.968778 -0.000001 1.714510 0.003073 -0.030015
  258 0.000000 0.000000 0.000000 0.000000 -0.000000 -0.000000
  259 -0.000000 5.803467 -0.000001 1.699945 -0.001678 0.049316
  260 0.000000 -0.000000 0.000000 -0.000000 0.000000 0.000000
  261 0.000001 9.111456 0.000003 3.141592 0.806825 -0.000001
  262 0.000000 -0.000001 0.000000 0.000000 -0.000000 -0.000000
  263 -0.000000 0.000000 0.000000 -0.000000 0.000000 0.000000
  264 1.172382 4.720954 -0.163122 0.036911 -0.459751 0.204801
  265 2.510269 0.335971 0.022942 -0.704386 0.728957 -0.808876
  266 2.510269 0.335971 0.022942 -0.704386 0.728957 -0.808876
  267 2.510269 0.335971 0.022942 -0.704386 0.728957 -0.808876
  268 -0.904459 6.782033 3.867487 -1.921547 1.378837 -0.394622
  269 -0.010190 19.450800 -0.828337 -2.023174 -0.137701 1.840765
  270 0.000001 19.576733 0.000001 1.124565 -0.000001 -0.000000
  271 0.000003 24.775051 0.000002 -0.287959 0.079626 -0.400782
  272 0.000000 0.000000 0.000000 0.000000 -0.000001 -0.000001
  273 -0.000000 0.000000 0.000000 -0.000000 0.000001 0.000001
  274 -0.000000 0.000001 0.000001 -0.000000 0.000000 0.000000
  275 0.000000 -0.000001 -0.000001 0.000000 0.000000 -0.000000
  276 0.000001 12.387527 0.000000 0.000000 0.068129 0.000000
  277 0.000000 -0.000000 -0.000000 -0.000001 -0.001371 0.000001
  278 0.000000 0.000000 -0.000000 -0.000000 -0.000000 -0.000000
  279 -0.000001 9.788366 0.000000 0.000000 0.449419 -0.000000
  280 0.000000 0.000000 0.000000 -0.000000 0.000000 0.000000
  281 0.000000 0.000002 -0.000000 0.000000 -0.000000 -0.000000
  282 -0.010189 19.450800 -0.828329 -1.068311 0.458283 -0.722012
  283 -0.010189 19.450800 -0.828329 0.041386 0.124298 -1.319061
  284 -0.000000 0.000001 -0.000000 -1.332781 -0.484537 2.373637
  285 0.000001 20.126822 0.000002 0.277335 -0.000000 0.000000
  286 -0.000004 25.356457 -0.000005 0.198412 0.005445 -0.027073
  287 0.000000 0.000000 0.000000 0.000000 -0.000000 -0.000000
  288 -0.000000 0.000001 -0.000000 -1.366650 0.101573 2.642505
  289 -0.000001 0.000008 0.000000 -0.636004 -0.528609 -0.000000
  290 0.000003 19.576717 -0.000001 1.124565 -0.000001 -0.000000
  291 -0.010190 19.450800 -0.828337 -1.782453 -0.424531 1.026083
  292 0.000000 0.000000 0.000000 -0.000000 0.000000 0.000000
  293 -0.010190 19.450800 -0.828337 -1.782453 -0.424531 1.026082
  294 0.000001 9.788365 0.000000 0.000001 -0.379305 -0.000001
  295 -0.000001 9.788359 -0.000004 1.124564 -0.449420 0.000001
  296 -0.000001 12.387527 0.000002 0.000000 0.066758 -0.000000
  297 -0.000002 12.387520 0.000000 -0.261926 0.018138 -0.399509
  298 -0.838803 0.695167 1.002011 -0.146528 -0.831651 -0.111056
  299 -0.229934 5.736740 0.007383 0.057776 0.287169 -0.072685
  300 -0.000002 5.184060 -0.000001 1.197067 0.003806 -0.022167
  301 -0.000000 5.576727 -0.000000 1.074029 -0.000643 0.036172
  302 -0.229934 5.736740 0.007383 0.057776 0.287169 -0.072685
  303 -0.000002 5.184060 -0.000001 1.197067 0.003806 -0.022167
  304 -0.000000 5.576727 -0.000000 1.074029 -0.000643 0.036172
  305 -0.229931 5.736737 0.007382 0.057776 0.287169 -0.072685
  306 0.000000 0.000000 0.000000 -0.000000 0.000000 0.000000
  307 -0.229934 5.736740 0.007383 0.057776 0.287169 -0.072685
  308 0.000000 0.000000 0.000000 0.000000 0.000000 0.000000
  309 0.000001 5.184053 -0.000001 1.197067 0.003806 -0.022168
  310 0.000000 0.000000 0.000000 0.000000 0.000001 0.000000
  311 0.000000 5.576725 -0.000001 1.074029 -0.000643 0.036172
  312 0.000000 0.000000 0.000000 0.000000 0.000000 0.000000
  313 0.000000 9.158421 -0.000001 3.141593 -0.324016 0.000000
  314 -0.000002 -0.000001 -0.000001 -0.000000 0.000000 -0.000000
  315 -0.000002 -0.000000 -0.000001 -0.000000 0.000000 -0.000000
  316 -0.229934 5.736740 0.007383 0.057776 0.287169 -0.072685
  317 -0.208223 1.308913 0.886641 -0.521836 -0.710748 0.438946
  318 0.197156 4.669591 0.105700 0.177555 0.296553 0.038426
  319 0.000001 6.134696 -0.000000 1.027954 0.004721 -0.048261
  320 0.000001 5.142234 0.000001 0.932178 -0.000043 0.073620
  321 0.197156 4.669591 0.105700 0.177555 0.296553 0.038426
  322 0.000001 6.134696 -0.000000 1.027954 0.004721 -0.048261
  323 0.000001 5.142234 0.000001 0.932178 -0.000043 0.073620
  324 0.197158 4.669588 0.105699 0.177555 0.296553 0.038426
  325 0.000000 0.000000 0.000000 -0.000000 0.000000 0.000000
  326 0.000000 0.000000 0.000000 -0.000000 0.000000 0.000000
  327 0.197156 4.669591 0.105700 0.177555 0.296552 0.038425
  328 0.000000 0.000000 0.000000 -0.000000 0.000001 0.000001
  329 -0.000001 6.134696 0.000000 1.027954 0.004721 -0.048261
  330 0.000000 0.000000 0.000000 -0.000000 0.000001 0.000001
  331 0.000003 5.142239 -0.000002 0.932177 -0.000043 0.073619
  332 0.000000 0.000000 0.000000 -0.000000 0.000000 0.000000
  333 0.000001 9.920086 0.000002 -3.141593 -0.323204 -0.000000
  334 -0.000001 -0.000001 -0.000001 0.000000 -0.000000 -0.000000
  335 -0.000001 0.000001 -0.000001 -0.000000 -0.000000 -0.000001
  336 0.197156 4.669591 0.105700 0.177555 0.296553 0.038426
  337 0.000000 0.000000 0.000000 -0.000000 0.000000 0.000000
  338 -1.229539 0.555897 1.288354 -0.746847 -0.623235 0.695222
  339 0.757489 5.341914 -0.089806 0.207022 0.080209 0.208698
  340 -0.000000 5.046768 0.000000 1.176242 -0.005799 0.038569
  341 -0.000001 4.876213 0.000000 1.141379 0.002098 -0.057279
  342 0.757489 5.341914 -0.089806 0.207022 0.080209 0.208698
  343 -0.000000 5.046768 0.000000 1.176242 -0.005799 0.038569
  344 -0.000001 4.876213 0.000000 1.141379 0.002098 -0.057279
  345 0.757490 5.341914 -0.089806 0.207022 0.080209 0.208698
  346 0.000000 0.000000 0.000000 -0.000000 0.000000 -0.000000
  347 0.000000 0.000000 0.000000 -0.000000 0.000000 -0.000000
  348 0.757489 5.341914 -0.089806 0.207022 0.080209 0.208698
  349 0.000000 0.000000 0.000000 0.000000 -0.000000 0.000000
  350 -0.000002 5.046767 0.000001 1.176242 -0.005800 0.038570
  351 0.000000 0.000000 0.000000 0.000000 -0.000000 -0.000000
  352 0.000002 4.876212 -0.000001 1.141379 0.002099 -0.057280
  353 0.000000 0.000000 0.000000 -0.000000 0.000001 0.000000
  354 0.000001 10.336265 0.000002 -3.141592 0.095607 0.000001
  355 0.000000 0.000000 0.000000 0.000000 -0.000000 -0.000000
  356 -0.000000 0.000001 -0.000002 -0.000000 0.000000 -0.000001
  357 0.757489 5.341914 -0.089806 0.207022 0.080209 0.208698
  358 0.000000 0.000000 0.000000 -0.000000 0.000000 -0.000000
  359 -2.510272 0.335972 0.022938 -0.704386 -0.728958 0.808876
  360 1.133637 4.011510 -0.414501 0.204093 0.003080 0.542466
  361 -0.000001 4.945990 0.000001 1.041017 -0.001324 0.011933
  362 0.000002 6.128854 -0.000001 1.089387 0.001326 -0.020281
  363 1.133637 4.011510 -0.414501 0.204093 0.003080 0.542466
  364 -0.000001 4.945990 0.000000 1.041017 -0.001324 0.011933
  365 0.000002 6.128854 -0.000001 1.089387 0.001326 -0.020281
  366 1.133644 4.011505 -0.414501 0.204093 0.003080 0.542466
  367 0.000000 0.000000 0.000000 0.000000 0.000000 -0.000000
  368 0.000000 0.000000 0.000000 0.000000 0.000000 -0.000000
  369 1.133638 4.011508 -0.414501 0.204093 0.003081 0.542467
  370 0.000000 0.000000 0.000000 -0.000000 -0.000001 -0.000001
  371 -0.000001 4.945990 0.000001 1.041017 -0.001324 0.011934
  372 0.000000 0.000000 0.000000 -0.000000 -0.000001 -0.000001
  373 0.000001 6.128853 -0.000002 1.089386 0.001326 -0.020280
  374 0.000000 0.000000 0.000000 0.000000 -0.000000 -0.000000
  375 -0.000000 8.781748 0.000001 3.141593 0.488190 0.000000
  376 0.000001 -0.000000 -0.000002 0.000000 -0.000000 0.000000
  377 0.000001 0.000001 -0.000002 -0.000000 0.000000 0.000000
  378 1.133637 4.011510 -0.414501 0.204093 0.003080 0.542466
  379 0.000000 0.000000 0.000000 0.000000 0.000000 -0.000000
  380 -0.777028 1.281751 1.958796 0.196515 -0.598662 -0.924076
  381 -1.146466 3.927121 -0.158317 0.213321 -0.019606 -0.282979
  382 0.000000 4.879313 0.000000 1.149104 -0.004530 0.036921
  383 -0.000000 5.043319 0.000000 1.093610 0.001208 -0.055323
  384 -1.146466 3.927121 -0.158317 0.213321 -0.019606 -0.282979
  385 0.000000 4.879313 0.000000 1.149104 -0.004530 0.036921
  386 -0.000000 5.043319 0.000000 1.093610 0.001208 -0.055323
  387 -1.146457 3.927129 -0.158317 0.213321 -0.019605 -0.282979
  388 0.000000 0.000000 0.000000 0.000000 0.000000 0.000000
  389 -1.146464 3.927121 -0.158317 0.213321 -0.019605 -0.282979
  390 0.000000 0.000000 0.000000 -0.000000 -0.000000 -0.000000
  391 -0.000001 4.879312 0.000001 1.149105 -0.004531 0.036922
  392 0.000000 0.000000 0.000000 0.000000 -0.000000 -0.000000
  393 0.000003 5.043319 -0.000003 1.093609 0.001208 -0.055324
  394 0.000000 0.000000 0.000000 -0.000000 -0.000000 -0.000000
  395 -0.000001 10.325292 0.000002 3.141593 0.093079 0.000000
  396 -0.000002 0.000001 -0.000001 0.000000 0.000000 0.000000
  397 -0.000002 0.000001 0.000001 -0.000001 0.000000 -0.000001
  398 -1.146466 3.927121 -0.158317 0.213321 -0.019606 -0.282979
  399 -0.986052 0.947619 1.368040 0.166521 -0.766158 -0.595878
  400 -0.676534 5.044774 -0.094130 0.036912 0.459751 -0.204800
  401 -0.000000 4.968779 0.000000 1.032496 -0.003073 0.030015
  402 -0.000000 5.803464 -0.000000 1.017930 0.001678 -0.049315
  403 -0.676534 5.044774 -0.094130 0.036912 0.459751 -0.204800
  404 -0.000000 4.968779 0.000000 1.032496 -0.003073 0.030015
  405 -0.000000 5.803464 -0.000000 1.017930 0.001678 -0.049315
  406 -0.676527 5.044776 -0.094130 0.036912 0.459751 -0.204801
  407 0.000000 0.000000 0.000000 0.000000 0.000000 -0.000000
  408 -0.676532 5.044774 -0.094131 0.036912 0.459751 -0.204801
  409 0.000000 0.000000 0.000000 -0.000000 0.000000 0.000000
  410 -0.000003 4.968780 -0.000000 1.032495 -0.003073 0.030015
  411 0.000000 0.000000 0.000000 -0.000000 0.000000 0.000000
  412 0.000001 5.803464 0.000001 1.017931 0.001678 -0.049315
  413 0.000000 0.000000 0.000000 -0.000000 -0.000000 -0.000000
  414 0.000001 9.111455 0.000002 3.141592 -0.806826 0.000001
  415 -0.000002 -0.000001 0.000000 0.000000 0.000000 -0.000000
  416 -0.000002 0.000001 -0.000000 0.000000 -0.000000 -0.000000
  417 -0.676534 5.044774 -0.094130 0.036912 0.459751 -0.204800
  418 -2.510269 0.335972 0.022942 -0.704386 -0.728957 0.808876
  419 -2.510269 0.335972 0.022942 -0.704386 -0.728957 0.808876
  420 -2.510269 0.335972 0.022942 -0.704386 -0.728957 0.808876
  421 8.463111 -0.489833 -2.120323 1.542233 0.000000 3.141593
  422 0.000000 -0.000001 -0.000000 -0.000000 0.000000 -0.000000
  423 -8.463110 -0.489845 -2.120326 1.542233 0.000000 -3.141593
  424 0.000000 -0.000001 -0.000000 -0.000000 0.000000 0.000000
  425 8.463111 -0.489833 -2.120323 1.542233 0.000000 3.141593
  426 -8.463111 -0.489838 -2.120326 1.542233 0.000000 -3.141593
  427 0.904464 6.782039 3.867487 0.197281 -1.705924 -1.513326
  428 -0.904460 6.782041 3.867487 -1.921547 1.378837 -0.394622
  429 0.000000 0.000000 -0.000000 0.000000 -0.000000 -0.000000
  430 -2.384858 45.420403 15.540361 0.000000 -0.000000 1.570796
  431 -37.985661 -28.236395 23.895216 0.112007 -2.719009 1.657220
  432 0.000000 -0.000000 0.000000 0.000000 0.000000 -0.000000
  433 -28.207090 30.705448 10.786512 -0.076784 -0.269421 1.182242
  434 42.687477 -50.232117 13.803878 0.636717 0.964785 -2.018134
  435 -2.384865 -45.420403 15.540361 0.000000 -0.000000 1.570796
  436 13.881919 -6.379868 -0.152573 -0.940606 -0.549732 2.657287
  437 -0.000005 -0.000006 -0.000000 -0.000000 -0.000000 -0.000000
  438 -41.051910 -12.218554 13.880663 -0.024892 0.318721 1.452833
  439 -14.536770 3.841516 -3.496995 0.636717 -0.964784 2.018134
  440 -0.483101 8.250682 -13.900933 0.000000 -0.000000 1.570796
  441 0.000000 -0.019654 -0.645735 -0.024900 -0.000000 -0.000000
  442 0.000002 -6.475163 -8.877783 0.000000 -0.000000 -0.000000
  443 -0.000002 6.475164 8.877783 0.000000 -0.000000 -0.000000
  444 -1.878122 12.014874 -0.599894 0.000000 0.000000 0.000000
  445 3.953934 0.000001 0.000000 -0.000000 -0.000000 0.000000
  446 -1.976969 -0.000000 0.000000 0.000000 0.000000 -0.000000
  447 -0.098844 -12.014876 0.599885 0.000000 0.000000 -0.000000
  448 -0.000002 6.475165 8.877786 -2.200961 0.000249 0.000342
  449 0.000000 0.000001 0.000000 -0.000000 -0.000000 0.000000
  450 0.000001 10.988306 0.000000 2.200961 0.000423 0.000000
  451 0.000000 0.000000 0.000000 -0.060252 -0.000000 -3.141593
  452 32.809711 8.609365 -8.492217 0.054523 0.093272 1.698141
  453 1.961088 -0.448856 0.257714 -0.003598 0.000000 0.000000
  454 -0.483102 -8.250682 -13.900933 0.000000 -0.000000 1.570796
  455 -1.252178 20.886648 1.085980 0.118002 0.000000 -0.000000
  456 0.000001 -6.475163 -8.877785 -0.000000 -0.000000 0.000000
  457 -0.000001 6.475163 8.877785 0.142778 0.000000 0.000000
  458 1.878117 12.014873 -0.599895 0.000000 0.000000 -0.000000
  459 -3.953936 -0.000001 -0.000002 0.000000 -0.000000 -0.000000
  460 1.976967 0.000000 0.000000 0.000000 -0.000000 -0.000000
  461 0.098850 -12.014874 0.599888 0.142778 0.000000 0.000000
  462 0.000001 6.475163 8.877783 -2.200961 -0.000249 -0.000341
  463 0.000000 0.000002 -0.000001 -0.000000 -0.000000 -0.000000
  464 0.000000 10.988302 0.000001 2.058182 -0.000422 0.000000
  465 0.000000 0.000000 0.000000 -0.060252 0.000000 -3.141593
  466 34.896282 -7.687238 -6.955330 0.054523 0.093272 1.698141
  467 -5.924033 1.355899 -0.778503 -0.003598 0.000000 0.000000
  time 5
  0 0.000000 0.000000 -23.603888 0.000000 -0.000000 1.570796
  1 -2.316339 3.140474 36.865173 1.837718 0.108600 0.234539
  2 0.000001 10.999709 0.000000 -0.047712 0.003749 0.077978
  3 -0.000000 6.753160 -0.000001 0.005483 -0.180553 0.030566
  4 -0.000003 8.544815 -0.000000 0.166071 -0.126329 -0.056271
  5 -0.000000 9.518033 0.000002 -0.133226 0.055026 0.047717
  6 -0.000000 3.039637 -0.000000 0.193775 0.000000 0.000000
  7 -0.000000 3.098961 0.000000 -0.343612 0.063981 0.034793
  8 29.024075 -27.477524 61.750969 -2.687863 -0.313969 1.292556
  9 -27.414425 3.527485 55.292988 0.196352 -2.049228 0.077851
  10 9.253894 -9.550667 20.982899 -2.765172 0.188828 0.276729
  11 -9.803834 -6.798232 18.736193 -2.976859 -0.015425 -0.018201
  12 -1.789155 0.000000 28.175615 0.000000 -0.000000 1.570796
  13 -0.000000 0.287353 -9.685143 0.091529 0.000000 -0.000000
  14 0.000001 -1.769384 12.121015 0.005569 0.129410 0.223873
  15 -0.000000 -1.769385 12.121015 0.309366 0.115438 -0.088248
  16 0.000000 -1.769385 12.121011 -0.000855 0.064860 0.111611
  17 -0.000000 -0.000001 0.000000 1.694062 -0.000000 -0.000000
  18 0.000000 -6.753162 0.000002 -1.702570 0.102512 -0.078481
  19 0.000000 0.000000 -0.000000 1.742380 0.000000 0.000000
  20 0.000000 -10.999709 0.000003 -0.000000 0.000000 0.000000
  21 0.000000 0.000000 0.000000 -0.000000 -0.000000 -0.000000
  22 0.000000 0.000000 0.000000 -1.341552 -1.993774 0.192913
  23 -0.000000 -0.000003 0.000000 -0.000000 0.000000 -0.000000
  24 0.000000 0.000000 0.000000 -1.341552 1.993774 -0.192913
  25 0.000001 -0.000002 0.000001 -0.000000 -0.000000 0.000000
  26 8.250681 -0.215604 2.184243 2.136998 -0.009421 0.182754
  27 -0.000002 19.247412 0.000003 1.436432 -0.000000 0.000000
  28 0.000001 15.605604 0.000002 -1.364986 0.177245 -0.064932
  29 -0.000059 10.987550 -0.000622 0.880380 -3.141171 0.000000
  30 -1.873868 4.392866 10.061482 -0.000523 0.630166 -1.571104
  31 0.000000 0.000001 0.000002 -0.000000 -0.000000 -0.000000
  32 -0.000000 0.000000 -0.000000 0.000000 0.000000 0.000000
  33 -0.000000 0.000001 -0.000001 0.000000 -0.000000 -0.000000
  34 0.000000 0.000000 0.000000 0.000000 -0.000000 -0.000000
  35 0.000000 7.802804 -0.000001 -0.000000 0.100277 0.000000
  36 0.000000 0.000000 0.000000 -0.000000 0.000205 -0.000000
  37 0.000000 -0.000002 0.000002 -0.000000 -0.000000 -0.000000
  38 -0.000002 9.623708 0.000003 0.000000 -0.070238 -0.000000
  39 -0.000000 0.000000 -0.000000 -0.000000 0.000000 0.000000
  40 -8.250680 -0.215600 2.184239 2.549079 -0.211502 0.182653
  41 0.000000 19.211256 0.000000 1.686315 0.000000 -0.000000
  42 0.000001 15.565952 0.000000 -1.598771 0.007277 0.018917
  43 -0.000040 10.986917 -0.001450 0.880380 3.141170 -0.000000
  44 1.873868 4.392863 10.061480 0.000523 2.511427 1.571105
  45 -0.000000 0.000000 0.000002 -0.000000 0.000000 0.000000
  46 0.000000 0.000000 0.000000 0.000000 -0.000000 -0.000000
  47 -0.000001 0.000002 -0.000001 -0.000000 0.000000 -0.000000
  48 0.000000 0.000000 0.000000 -0.000000 -0.000000 0.000000
  49 0.000000 7.782979 -0.000001 -0.000000 -0.005002 -0.000000
  50 0.000000 -0.000000 -0.000000 -0.000000 -0.000205 0.000000
  51 0.000000 -0.000004 0.000000 -0.000000 0.000000 0.000000
  52 0.000000 9.605630 0.000002 -0.000000 -0.162363 0.000000
  53 -0.000000 0.000000 -0.000000 -0.000000 -0.000000 0.000000
  54 8.250680 -0.215594 2.184240 2.903292 -0.000000 -0.000000
  55 8.250680 -0.215594 2.184240 -1.742380 -0.000000 0.000000
  56 -0.000000 -0.000000 0.000000 -1.637514 0.000000 -0.000000
  57 0.000001 19.896324 -0.000000 0.140363 -0.000000 -0.000000
  58 0.000000 16.264105 0.000000 -0.703810 -0.000322 0.000273
  59 -0.000000 -0.000002 -0.000001 0.000000 0.000000 0.000000
  60 0.000001 10.988298 0.000000 0.880380 -3.141171 0.000000
  61 0.000000 0.000001 0.000000 0.000000 -0.000000 -0.000000
  62 -0.000000 -0.000000 0.000000 -1.782243 -0.166232 0.017984
  63 0.000000 0.000008 0.000001 -0.627148 0.059343 -0.000000
  64 -0.000001 19.247408 0.000001 1.436432 -0.000000 0.000000
  65 8.250681 -0.215604 2.184243 2.134544 0.056556 0.078755
  66 0.000000 -0.000000 0.000000 -0.000000 -0.000000 0.000000
  67 8.250681 -0.215605 2.184243 2.134544 0.056557 0.078755
  68 -0.000001 9.623710 0.000001 -0.000000 0.052883 -0.000000
  69 -0.000000 9.623709 0.000000 1.436432 0.070238 -0.000000
  70 0.000001 7.802798 0.000000 0.000000 0.100482 -0.000000
  71 -0.000001 7.802804 0.000000 -1.358514 0.076977 -0.064102
  72 -0.000000 10.987571 0.000001 0.880323 -3.141171 -0.000005
  73 -8.250681 -0.215596 2.184239 2.903292 -0.000000 -0.000000
  74 -8.250681 -0.215596 2.184239 -1.742380 -0.000000 0.000000
  75 -0.000000 -0.000001 0.000000 -1.637513 0.000000 0.000000
  76 0.000002 19.896326 -0.000002 0.140362 0.000000 -0.000000
  77 -0.000000 16.264105 0.000000 -0.703810 0.000322 -0.000273
  78 0.000000 -0.000000 0.000000 -0.000000 0.000000 0.000000
  79 0.000001 10.988297 -0.000000 0.880380 3.141170 -0.000000
  80 0.000000 0.000000 0.000000 0.000000 0.000000 0.000000
  81 -0.000000 -0.000001 0.000000 -1.265879 -0.209132 -0.031862
  82 -0.000000 0.000004 0.000000 -0.725997 0.218127 0.000000
  83 0.000000 19.211256 -0.000001 1.686315 0.000000 -0.000000
  84 -8.250680 -0.215600 2.184239 2.563939 0.014252 0.032970
  85 0.000000 -0.000000 0.000000 -0.000000 -0.000000 -0.000000
  86 -8.250680 -0.215600 2.184239 2.563939 0.014252 0.032970
  87 0.000000 9.605630 -0.000000 -0.000000 0.107923 0.000000
  88 -0.000001 9.605632 0.000002 1.686315 0.162364 -0.000000
  89 0.000000 7.782971 -0.000001 0.000000 -0.005207 -0.000000
  90 0.000001 7.782981 0.000000 -1.598805 0.012486 0.018918
  91 -0.000001 10.986938 -0.000001 0.880247 3.141171 -0.000004
  92 -0.000000 0.000000 0.000001 -0.048317 -0.000000 -0.000000
  93 0.000000 0.000000 0.000000 -0.000000 -0.000000 -0.000000
  94 0.000000 -10.999709 0.000003 -0.000000 -0.000000 -0.000000
  95 0.000000 -1.769385 12.121011 0.155708 0.054306 -0.048534
  96 -0.000000 -0.000001 0.000000 1.538978 0.000000 -0.000000
  97 0.000000 -0.000000 -0.000000 0.071672 0.079236 -0.012233
  98 -0.000000 0.000000 0.000000 -0.155084 -0.000000 -0.000000
  99 -0.000000 -0.000000 -0.000000 0.000000 0.000000 0.000000
  100 -0.000002 8.544815 0.000002 -1.380646 -0.046709 -0.055883
  101 0.000000 0.000000 -0.000000 1.542233 0.000000 -0.000000
  102 -0.000004 9.518041 -0.000003 -0.133226 0.055025 0.047717
  103 -0.000000 3.039637 -0.000000 0.193775 0.000000 0.000000
  104 -0.000000 3.098961 0.000000 -0.343612 0.063981 0.034793
  105 -0.000004 9.518041 -0.000003 -1.697946 0.055026 0.047717
  106 0.000000 0.000000 0.000000 1.662547 0.000000 -0.000000
  107 0.000000 6.109812 0.000001 -1.818343 0.060354 0.040766
  108 0.000000 0.000000 0.000000 1.570797 -0.000000 0.000000
  109 0.000000 0.000000 0.000000 -0.097827 0.000000 -0.000000
  110 0.000000 0.000000 0.000000 0.000000 0.000000 -0.000000
  111 0.000000 3.025104 -0.296884 0.000001 -0.000000 0.000000
  112 0.000000 0.000000 0.000000 0.095948 0.000000 0.000000
  113 0.000000 0.000000 -0.000000 0.000000 -0.000000 0.000000
  114 -0.000000 -0.000000 -0.000000 0.000000 -0.000000 0.000000
  115 0.904460 6.782043 3.867487 0.197282 -1.705923 -1.513325
  116 0.010197 19.450796 -0.828340 -0.453980 1.014911 -1.425839
  117 0.000000 19.381968 -0.000004 1.768511 0.000000 0.000000
  118 -0.000002 24.509729 -0.000004 -0.294459 2.265887 -0.449266
  119 0.000000 0.000000 0.000000 -0.000000 0.000001 0.000001
  120 -0.000000 0.000000 0.000000 -0.000000 -0.000001 -0.000001
  121 0.000000 0.000002 -0.000001 -0.000000 -0.000000 -0.000000
  122 -0.000001 -0.000002 -0.000001 0.000000 -0.000000 0.000000
  123 -0.000001 12.254865 -0.000001 -0.000000 1.105329 -0.000000
  124 0.000000 -0.000002 -0.000001 -0.000001 0.001371 -0.000001
  125 -0.000000 0.000001 0.000001 -0.000000 -0.000000 0.000000
  126 0.000002 9.690989 -0.000003 -0.000000 -0.344439 0.000000
  127 0.000000 0.000000 0.000000 -0.000000 -0.000000 -0.000000
  128 -0.000000 0.000002 -0.000000 0.000000 0.000000 -0.000000
  129 0.010190 19.450796 -0.828333 -1.068311 -0.458283 0.722012
  130 0.010191 19.450796 -0.828333 0.041386 -0.124298 1.319061
  131 0.000000 0.000000 0.000000 -1.332781 0.484537 -2.373637
  132 0.000003 20.126820 0.000000 0.277335 0.000000 -0.000000
  133 0.000001 25.356461 -0.000001 0.198412 -0.005445 0.027073
  134 0.000000 0.000000 0.000000 0.000000 0.000000 0.000000
  135 0.000000 -0.000001 0.000000 0.349786 0.214825 -3.130775
  136 0.000002 0.000002 -0.000008 -1.025771 0.734613 0.000000
  137 -0.000006 19.381960 -0.000005 1.768511 0.000000 0.000000
  138 0.010198 19.450796 -0.828339 -0.264627 0.484727 -1.158498
  139 0.000000 0.000000 0.000000 -0.000000 -0.000000 -0.000000
  140 0.010198 19.450796 -0.828339 -0.264627 0.484727 -1.158498
  141 0.000001 9.690985 -0.000001 0.000001 0.217680 0.000000
  142 0.000003 9.690978 -0.000001 1.768510 0.344439 -0.000001
  143 -0.000000 12.254863 -0.000001 -0.000000 1.106701 -0.000001
  144 -0.000002 12.254868 0.000000 0.569124 1.034576 0.575729
  145 0.838799 0.695165 1.002012 -0.146529 0.831651 0.111056
  146 0.173989 5.859964 0.005588 0.057776 -0.287169 0.072684
  147 0.000000 5.184052 -0.000000 0.947265 -0.003807 0.022168
  148 -0.000006 5.576728 0.000003 0.824227 0.000644 -0.036173
  149 0.173989 5.859964 0.005588 0.057776 -0.287169 0.072684
  150 0.000000 5.184052 -0.000000 0.947265 -0.003807 0.022168
  151 -0.000006 5.576728 0.000003 0.824227 0.000644 -0.036173
  152 0.174012 5.859968 0.005585 0.057776 -0.287169 0.072685
  153 -0.000000 0.000000 0.000000 -0.000000 0.000000 -0.000000
  154 0.173989 5.859964 0.005588 0.057776 -0.287169 0.072685
  155 -0.000000 0.000000 0.000000 0.000000 -0.000000 -0.000000
  156 0.000002 5.184052 -0.000001 0.947264 -0.003807 0.022168
  157 0.000000 0.000000 0.000000 0.000000 -0.000000 -0.000000
  158 -0.000002 5.576724 -0.000001 0.824227 0.000643 -0.036172
  159 0.000000 0.000000 0.000000 0.000000 -0.000000 -0.000000
  160 0.000006 9.158418 0.000002 3.141593 0.324016 -0.000000
  161 0.000000 0.000000 0.000000 0.000000 0.000000 -0.000001
  162 -0.000000 -0.000000 0.000000 -0.000000 0.000000 0.000000
  163 0.173989 5.859964 0.005588 0.057776 -0.287169 0.072684
  164 0.208213 1.308910 0.886664 -0.521836 0.710749 -0.438946
  165 -0.164675 4.714416 0.088298 0.177555 -0.296553 -0.038425
  166 -0.000001 6.134696 0.000000 0.874700 -0.004721 0.048259
  167 -0.000001 5.142239 -0.000001 0.778925 0.000043 -0.073619
  168 -0.164675 4.714416 0.088298 0.177555 -0.296553 -0.038425
  169 -0.000001 6.134696 0.000000 0.874700 -0.004721 0.048259
  170 -0.000001 5.142239 -0.000001 0.778925 0.000043 -0.073619
  171 -0.164677 4.714416 0.088290 0.177555 -0.296553 -0.038426
  172 -0.000001 0.000001 0.000000 0.000000 0.000000 0.000000
  173 -0.000001 0.000001 0.000000 0.000000 0.000000 0.000000
  174 -0.164675 4.714416 0.088298 0.177554 -0.296552 -0.038425
  175 0.000000 -0.000000 -0.000000 -0.000000 -0.000001 -0.000001
  176 -0.000004 6.134696 0.000003 0.874701 -0.004721 0.048261
  177 0.000000 0.000000 0.000000 -0.000000 -0.000001 -0.000001
  178 0.000002 5.142238 -0.000002 0.778924 0.000043 -0.073619
  179 0.000000 0.000000 0.000000 -0.000000 -0.000001 -0.000001
  180 -0.000004 9.920084 0.000001 -3.141592 0.323205 0.000000
  181 0.000000 0.000000 0.000000 0.000000 -0.000000 0.000000
  182 -0.000000 0.000000 -0.000000 -0.000000 0.000000 -0.000000
  183 -0.164675 4.714416 0.088298 0.177555 -0.296553 -0.038425
  184 -0.000001 0.000001 0.000000 0.000000 0.000000 0.000000
  185 1.229519 0.555896 1.288378 -0.746848 0.623235 -0.695221
  186 -0.573250 5.450106 -0.067950 0.207022 -0.080208 -0.208698
  187 -0.000003 5.046760 0.000003 0.926440 0.005800 -0.038571
  188 0.000005 4.876221 -0.000006 0.891579 -0.002099 0.057281
  189 -0.573250 5.450106 -0.067950 0.207022 -0.080208 -0.208698
  190 -0.000003 5.046760 0.000003 0.926440 0.005800 -0.038571
  191 0.000005 4.876221 -0.000006 0.891579 -0.002099 0.057281
  192 -0.573248 5.450114 -0.067951 0.207022 -0.080209 -0.208698
  193 0.000000 0.000000 0.000000 0.000000 0.000000 -0.000000
  194 0.000000 0.000000 0.000000 0.000000 0.000000 -0.000000
  195 -0.573250 5.450106 -0.067950 0.207022 -0.080209 -0.208698
  196 0.000000 0.000000 0.000000 0.000000 0.000000 -0.000000
  197 -0.000003 5.046767 -0.000000 0.926441 0.005800 -0.038571
  198 -0.000000 0.000000 -0.000000 0.000000 0.000000 0.000000
  199 0.000003 4.876217 -0.000006 0.891577 -0.002098 0.057280
  200 0.000000 0.000000 0.000000 0.000000 -0.000000 -0.000000
  201 -0.000002 10.336268 0.000002 -3.141593 -0.095607 -0.000001
  202 0.000000 0.000000 0.000000 0.000000 -0.000000 0.000000
  203 -0.000004 -0.000001 0.000007 -0.000001 0.000000 -0.000001
  204 -0.573250 5.450106 -0.067950 0.207022 -0.080208 -0.208698
  205 0.000000 0.000000 0.000000 0.000000 0.000000 -0.000000
  206 2.510268 0.335977 0.022947 -0.704386 0.728958 -0.808876
  207 -0.946948 4.039638 -0.346234 0.204092 -0.003080 -0.542466
  208 -0.000001 4.945985 0.000000 0.887763 0.001324 -0.011933
  209 0.000000 6.128850 -0.000001 0.936134 -0.001326 0.020281
  210 -0.946948 4.039638 -0.346234 0.204092 -0.003080 -0.542466
  211 -0.000001 4.945985 0.000000 0.887763 0.001324 -0.011933
  212 0.000000 6.128850 -0.000001 0.936134 -0.001326 0.020281
  213 -0.946939 4.039651 -0.346233 0.204093 -0.003080 -0.542466
  214 -0.000000 0.000000 -0.000000 0.000000 -0.000000 -0.000000
  215 -0.000000 0.000000 -0.000000 0.000000 -0.000000 -0.000000
  216 -0.946948 4.039638 -0.346234 0.204093 -0.003081 -0.542467
  217 0.000000 0.000000 0.000000 -0.000000 0.000001 0.000001
  218 -0.000001 4.945986 -0.000002 0.887764 0.001324 -0.011934
  219 0.000000 0.000000 0.000000 -0.000000 0.000001 0.000001
  220 0.000000 6.128849 -0.000008 0.936132 -0.001326 0.020280
  221 0.000000 0.000000 0.000000 0.000000 0.000000 0.000000
  222 -0.000001 8.781750 0.000006 3.141593 -0.488191 0.000000
  223 0.000000 0.000000 0.000000 0.000001 0.000000 0.000000
  224 0.000000 0.000000 0.000000 -0.000001 0.000000 0.000000
  225 -0.946948 4.039638 -0.346234 0.204092 -0.003080 -0.542466
  226 -0.000000 0.000000 -0.000000 0.000000 -0.000000 -0.000000
  227 0.777027 1.281751 1.958793 0.196514 0.598662 0.924076
  228 0.867611 4.064877 -0.119807 0.213322 0.019605 0.282980
  229 0.000001 4.879317 0.000000 0.899303 0.004531 -0.036922
  230 0.000000 5.043318 0.000000 0.843808 -0.001208 0.055324
  231 0.867611 4.064877 -0.119807 0.213322 0.019605 0.282980
  232 0.000001 4.879317 -0.000000 0.899303 0.004531 -0.036922
  233 0.000000 5.043318 -0.000000 0.843808 -0.001208 0.055324
  234 0.867612 4.064873 -0.119804 0.213321 0.019605 0.282980
  235 0.000000 0.000000 0.000000 -0.000000 -0.000000 0.000000
  236 0.867611 4.064877 -0.119807 0.213321 0.019605 0.282979
  237 0.000000 0.000000 0.000000 0.000000 0.000000 0.000000
  238 -0.000003 4.879318 0.000002 0.899304 0.004531 -0.036922
  239 0.000000 0.000000 0.000000 0.000000 0.000000 0.000000
  240 0.000001 5.043319 -0.000001 0.843808 -0.001208 0.055324
  241 0.000000 0.000000 0.000000 0.000000 0.000000 0.000000
  242 0.000002 10.325293 0.000003 3.141592 -0.093078 -0.000000
  243 0.000000 0.000000 -0.000000 0.000000 -0.000000 -0.000000
  244 0.000000 0.000000 -0.000000 -0.000000 -0.000000 -0.000000
  245 0.867611 4.064877 -0.119807 0.213322 0.019605 0.282980
  246 0.986048 0.947619 1.368044 0.166521 0.766159 0.595879
  247 0.565091 5.117548 -0.078625 0.036911 -0.459751 0.204801
  248 -0.000001 4.968780 0.000000 0.879243 0.003073 -0.030016
  249 0.000001 5.803464 0.000000 0.864678 -0.001678 0.049315
  250 0.565091 5.117548 -0.078625 0.036911 -0.459751 0.204801
  251 -0.000001 4.968780 0.000000 0.879243 0.003073 -0.030016
  252 0.000001 5.803465 0.000000 0.864678 -0.001678 0.049315
  253 0.565099 5.117548 -0.078624 0.036912 -0.459751 0.204801
  254 0.000000 0.000000 0.000000 -0.000000 -0.000000 0.000000
  255 0.565091 5.117548 -0.078625 0.036912 -0.459751 0.204801
  256 0.000000 0.000000 -0.000000 -0.000000 -0.000000 -0.000000
  257 -0.000001 4.968781 -0.000000 0.879243 0.003073 -0.030015
  258 0.000000 0.000000 0.000000 -0.000000 -0.000000 -0.000000
  259 -0.000000 5.803464 -0.000000 0.864678 -0.001678 0.049315
  260 0.000000 0.000000 0.000000 -0.000000 -0.000000 0.000000
  261 0.000001 9.111448 0.000004 3.141592 0.806825 -0.000001
  262 0.000000 0.000000 0.000000 0.000001 0.000000 0.000000
  263 0.000000 0.000000 -0.000000 -0.000000 -0.000000 0.000000
  264 0.565091 5.117548 -0.078625 0.036911 -0.459751 0.204801
  265 2.510273 0.335972 0.022939 -0.704386 0.728958 -0.808876
  266 2.510273 0.335972 0.022939 -0.704386 0.728958 -0.808876
  267 2.510273 0.335972 0.022939 -0.704386 0.728958 -0.808876
  268 -0.904466 6.782047 3.867486 -2.130508 1.415485 -0.618170
  269 -0.010187 19.450792 -0.828338 -1.769401 -0.271853 1.887575
  270 0.000002 19.490341 -0.000000 1.277877 -0.000000 0.000000
  271 -0.000002 24.673031 0.000004 -0.233857 0.314813 -0.444137
  272 0.000000 0.000000 0.000000 -0.000000 -0.000001 -0.000001
  273 0.000000 0.000000 0.000000 -0.000000 0.000001 0.000001
  274 -0.000001 0.000003 -0.000002 -0.000000 0.000001 0.000000
  275 -0.000000 -0.000001 -0.000001 0.000000 -0.000000 0.000000
  276 -0.000002 12.336516 0.000001 0.000000 0.180291 -0.000000
  277 -0.000000 -0.000000 -0.000000 -0.000000 -0.001371 0.000001
  278 -0.000000 0.000000 -0.000000 -0.000000 0.000000 0.000000
  279 -0.000002 9.745170 -0.000000 0.000000 0.432637 -0.000000
  280 0.000000 0.000000 -0.000000 -0.000000 0.000000 0.000000
  281 -0.000001 0.000002 -0.000000 0.000000 -0.000000 0.000000
  282 -0.010191 19.450788 -0.828336 -1.068311 0.458283 -0.722012
  283 -0.010191 19.450788 -0.828336 0.041386 0.124298 -1.319061
  284 0.000000 0.000000 -0.000000 -1.332781 -0.484537 2.373637
  285 0.000002 20.126822 0.000001 0.277335 -0.000000 0.000000
  286 -0.000001 25.356455 -0.000002 0.198412 0.005445 -0.027074
  287 0.000000 0.000000 0.000000 0.000000 0.000000 -0.000000
  288 0.000000 0.000000 -0.000000 -0.988121 0.124426 2.786575
  289 0.000003 -0.000001 -0.000005 -0.725899 -0.494213 -0.000000
  290 0.000000 19.490335 -0.000001 1.277877 -0.000000 0.000000
  291 -0.010187 19.450792 -0.828338 -1.514320 -0.330600 1.071946
  292 0.000000 0.000000 0.000000 -0.000000 0.000000 0.000000
  293 -0.010187 19.450792 -0.828338 -1.514320 -0.330600 1.071946
  294 -0.000002 9.745167 -0.000000 0.000001 -0.346316 -0.000000
  295 0.000002 9.745167 -0.000002 1.277877 -0.432638 0.000001
  296 -0.000002 12.336518 -0.000002 0.000000 0.178920 -0.000000
  297 0.000004 12.336514 0.000000 -0.156414 0.152483 -0.426139
  298 -0.838803 0.695163 1.002013 -0.146529 -0.831651 -0.111056
  299 -0.185245 5.835210 0.005956 0.057776 0.287169 -0.072684
  300 -0.000002 5.184051 -0.000000 0.997439 0.003807 -0.022168
  301 0.000000 5.576723 0.000000 0.874401 -0.000643 0.036172
  302 -0.185245 5.835210 0.005956 0.057776 0.287169 -0.072684
  303 -0.000002 5.184051 -0.000000 0.997439 0.003807 -0.022168
  304 0.000000 5.576723 0.000000 0.874401 -0.000643 0.036172
  305 -0.185244 5.835212 0.005952 0.057776 0.287169 -0.072685
  306 0.000000 0.000000 0.000000 -0.000000 0.000000 0.000000
  307 -0.185245 5.835210 0.005956 0.057776 0.287169 -0.072685
  308 0.000000 0.000000 0.000000 -0.000000 0.000000 0.000000
  309 -0.000003 5.184050 0.000001 0.997439 0.003806 -0.022168
  310 0.000000 0.000000 0.000000 0.000000 0.000000 0.000001
  311 0.000003 5.576723 -0.000001 0.874401 -0.000643 0.036172
  312 0.000000 0.000000 0.000000 0.000000 0.000000 0.000000
  313 0.000004 9.158417 -0.000003 3.141593 -0.324016 0.000000
  314 -0.000002 -0.000001 -0.000001 -0.000000 -0.000000 -0.000000
  315 -0.000002 0.000000 -0.000001 -0.000000 0.000000 -0.000001
  316 -0.185245 5.835210 0.005956 0.057776 0.287169 -0.072684
  317 -0.208225 1.308912 0.886640 -0.521836 -0.710749 0.438946
  318 0.175314 4.699736 0.093996 0.177555 0.296553 0.038426
  319 -0.000000 6.134697 -0.000000 0.924875 0.004721 -0.048260
  320 -0.000002 5.142239 0.000004 0.829098 -0.000043 0.073620
  321 0.175314 4.699736 0.093996 0.177555 0.296553 0.038426
  322 -0.000000 6.134697 -0.000000 0.924875 0.004721 -0.048260
  323 -0.000002 5.142239 0.000004 0.829098 -0.000043 0.073620
  324 0.175315 4.699732 0.093994 0.177555 0.296552 0.038426
  325 0.000000 0.000000 0.000000 -0.000000 0.000000 0.000000
  326 0.000000 0.000000 0.000000 -0.000000 0.000000 0.000000
  327 0.175314 4.699736 0.093996 0.177555 0.296552 0.038425
  328 0.000000 0.000000 0.000000 -0.000000 0.000001 0.000001
  329 0.000001 6.134696 0.000002 0.924875 0.004721 -0.048261
  330 0.000000 0.000000 0.000000 -0.000000 0.000001 0.000000
  331 0.000001 5.142238 0.000001 0.829098 -0.000043 0.073618
  332 0.000000 0.000000 0.000000 -0.000000 0.000001 0.000001
  333 -0.000003 9.920080 0.000003 -3.141593 -0.323204 -0.000000
  334 -0.000003 0.000002 0.000001 0.000000 0.000000 0.000000
  335 -0.000001 0.000000 -0.000002 0.000000 -0.000000 -0.000000
  336 0.175314 4.699736 0.093996 0.177555 0.296553 0.038426
  337 0.000000 0.000000 0.000000 -0.000000 0.000000 0.000000
  338 -1.229537 0.555895 1.288357 -0.746848 -0.623235 0.695222
  339 0.610258 5.428386 -0.072351 0.207023 0.080208 0.208698
  340 -0.000003 5.046766 0.000001 0.976613 -0.005799 0.038569
  341 0.000003 4.876213 0.000000 0.941751 0.002099 -0.057279
  342 0.610258 5.428386 -0.072351 0.207023 0.080208 0.208698
  343 -0.000004 5.046766 0.000002 0.976613 -0.005799 0.038569
  344 0.000003 4.876213 0.000000 0.941751 0.002099 -0.057279
  345 0.610257 5.428382 -0.072352 0.207022 0.080209 0.208698
  346 0.000000 0.000000 0.000000 -0.000000 0.000000 -0.000000
  347 0.000000 0.000000 0.000000 -0.000000 0.000000 -0.000000
  348 0.610258 5.428386 -0.072351 0.207022 0.080208 0.208698
  349 0.000000 0.000000 0.000000 -0.000000 -0.000000 -0.000000
  350 -0.000002 5.046767 0.000003 0.976614 -0.005800 0.038570
  351 0.000000 0.000000 0.000000 -0.000000 -0.000000 -0.000001
  352 0.000003 4.876212 -0.000002 0.941751 0.002099 -0.057280
  353 0.000000 0.000000 0.000000 0.000000 0.000001 0.000000
  354 -0.000000 10.336260 0.000001 -3.141593 0.095607 0.000001
  355 0.000001 0.000001 -0.000001 0.000000 -0.000000 0.000000
  356 0.000000 0.000000 0.000000 -0.000000 0.000000 -0.000000
  357 0.610258 5.428386 -0.072351 0.207023 0.080208 0.208698
  358 0.000000 0.000000 0.000000 -0.000000 0.000000 -0.000000
  359 -2.510276 0.335978 0.022937 -0.704387 -0.728958 0.808876
  360 1.008057 4.030445 -0.368581 0.204093 0.003080 0.542466
  361 0.000001 4.945988 -0.000001 0.937937 -0.001324 0.011933
  362 -0.000001 6.128848 -0.000001 0.986307 0.001326 -0.020281
  363 1.008057 4.030445 -0.368581 0.204093 0.003080 0.542466
  364 0.000001 4.945988 -0.000001 0.937937 -0.001324 0.011933
  365 -0.000001 6.128848 -0.000001 0.986307 0.001326 -0.020281
  366 1.008065 4.030443 -0.368585 0.204093 0.003080 0.542466
  367 0.000000 0.000000 0.000000 0.000000 0.000000 -0.000000
  368 0.000000 0.000000 0.000000 0.000000 0.000000 -0.000000
  369 1.008057 4.030445 -0.368581 0.204093 0.003081 0.542467
  370 0.000000 0.000000 0.000000 -0.000000 -0.000001 -0.000001
  371 0.000000 4.945988 -0.000000 0.937937 -0.001324 0.011934
  372 0.000000 0.000000 0.000000 -0.000000 -0.000001 -0.000001
  373 -0.000002 6.128849 -0.000001 0.986306 0.001326 -0.020280
  374 0.000000 0.000000 0.000000 0.000000 -0.000000 -0.000000
  375 -0.000002 8.781747 0.000002 3.141593 0.488191 -0.000000
  376 0.000000 -0.000001 -0.000002 0.000000 -0.000000 0.000000
  377 0.000000 0.000000 0.000000 -0.000000 0.000000 0.000000
  378 1.008057 4.030445 -0.368581 0.204093 0.003080 0.542466
  379 0.000000 0.000000 0.000000 0.000000 0.000000 -0.000000
  380 -0.777030 1.281753 1.958795 0.196514 -0.598662 -0.924076
  381 -0.923624 4.037193 -0.127542 0.213321 -0.019605 -0.282979
  382 -0.000000 4.879313 0.000000 0.949477 -0.004531 0.036921
  383 -0.000001 5.043320 -0.000002 0.893980 0.001208 -0.055324
  384 -0.923624 4.037193 -0.127542 0.213321 -0.019605 -0.282979
  385 -0.000000 4.879313 0.000000 0.949477 -0.004531 0.036921
  386 -0.000001 5.043320 -0.000002 0.893980 0.001208 -0.055324
  387 -0.923624 4.037200 -0.127544 0.213321 -0.019605 -0.282979
  388 0.000000 0.000000 0.000000 0.000000 0.000000 0.000000
  389 -0.923624 4.037193 -0.127542 0.213321 -0.019605 -0.282979
  390 0.000000 0.000000 0.000000 -0.000000 -0.000000 -0.000001
  391 -0.000001 4.879313 -0.000001 0.949477 -0.004531 0.036922
  392 0.000000 0.000000 0.000000 0.000000 -0.000000 -0.000000
  393 -0.000002 5.043319 0.000000 0.893981 0.001208 -0.055324
  394 0.000000 0.000000 0.000000 0.000000 -0.000000 0.000000
  395 -0.000001 10.325289 -0.000005 3.141593 0.093078 0.000000
  396 0.000000 0.000000 0.000000 -0.000000 -0.000000 0.000000
  397 0.000001 -0.000002 0.000003 0.000000 0.000000 0.000000
  398 -0.923624 4.037193 -0.127542 0.213321 -0.019605 -0.282979
  399 -0.986052 0.947621 1.368042 0.166521 -0.766159 -0.595879
  400 -0.601591 5.093722 -0.083699 0.036912 0.459751 -0.204800
  401 -0.000000 4.968771 0.000000 0.929416 -0.003073 0.030015
  402 0.000001 5.803465 -0.000004 0.914852 0.001678 -0.049315
  403 -0.601591 5.093722 -0.083699 0.036912 0.459751 -0.204800
  404 -0.000000 4.968771 0.000000 0.929416 -0.003073 0.030015
  405 0.000001 5.803465 -0.000004 0.914852 0.001678 -0.049315
  406 -0.601588 5.093720 -0.083700 0.036912 0.459751 -0.204801
  407 0.000000 0.000000 0.000000 0.000000 0.000000 -0.000000
  408 -0.601591 5.093722 -0.083699 0.036912 0.459751 -0.204801
  409 0.000000 0.000000 0.000000 -0.000000 0.000000 0.000000
  410 -0.000002 4.968775 0.000001 0.929416 -0.003073 0.030015
  411 0.000000 0.000000 0.000000 0.000000 0.000000 0.000000
  412 0.000003 5.803464 -0.000004 0.914851 0.001678 -0.049315
  413 0.000000 0.000000 0.000000 0.000000 0.000000 -0.000000
  414 0.000001 9.111458 -0.000001 3.141592 -0.806826 0.000001
  415 0.000002 -0.000003 -0.000002 0.000000 -0.000000 -0.000000
  416 -0.000001 -0.000001 0.000004 -0.000001 0.000000 -0.000001
  417 -0.601591 5.093722 -0.083699 0.036912 0.459751 -0.204800
  418 -2.510273 0.335972 0.022941 -0.704386 -0.728957 0.808876
  419 -2.510273 0.335972 0.022941 -0.704386 -0.728957 0.808876
  420 -2.510273 0.335972 0.022941 -0.704386 -0.728957 0.808876
  421 8.463112 -0.489826 -2.120328 1.542233 0.000000 -3.141593
  422 0.000000 -0.000001 -0.000000 -0.000000 0.000000 -0.000000
  423 -8.463113 -0.489831 -2.120327 1.542233 0.000000 -3.141592
  424 0.000000 -0.000001 -0.000000 -0.000000 -0.000000 -0.000000
  425 8.463112 -0.489826 -2.120328 1.542233 0.000000 -3.141593
  426 -8.463113 -0.489831 -2.120327 1.542233 0.000000 -3.141592
  427 0.904460 6.782043 3.867487 0.197282 -1.705923 -1.513325
  428 -0.904466 6.782047 3.867486 -2.130508 1.415485 -0.618170
  429 0.000000 0.000000 -0.000000 0.000000 -0.000000 0.000000
  430 -2.384858 45.420403 15.540361 0.000000 -0.000000 1.570796
  431 -37.985661 -38.581181 30.245466 -0.174923 -2.757294 1.770543
  432 0.000000 0.000000 0.000000 0.000000 0.000000 -0.000000
  433 -34.859509 30.941530 23.454561 0.304493 -0.180370 1.149086
  434 42.687473 -50.232086 13.803871 0.636717 0.964785 -2.018135
  435 -2.384865 -45.420403 15.540361 0.000000 -0.000000 1.570796
  436 14.863029 -16.476629 -0.833714 -0.763503 -0.422428 2.772888
  437 0.000004 -0.000002 0.000002 -0.000000 -0.000000 0.000000
  438 -43.118851 -15.603222 27.452036 0.362540 0.264738 1.672603
  439 -20.994860 -1.945533 -4.491283 0.636716 -0.964785 2.018134
  440 -0.483101 8.250682 -13.900933 0.000000 -0.000000 1.570796
  441 0.000000 -0.019654 -0.645735 -0.024900 -0.000000 -0.000000
  442 0.000002 -6.475163 -8.877783 0.000000 -0.000000 -0.000000
  443 -0.000002 6.475164 8.877783 0.000000 -0.000000 -0.000000
  444 -1.878122 12.014874 -0.599894 0.000000 0.000000 0.000000
  445 3.953934 0.000001 0.000000 -0.000000 -0.000000 0.000000
  446 -1.976969 -0.000000 0.000000 0.000000 0.000000 -0.000000
  447 -0.098844 -12.014876 0.599885 0.000000 0.000000 -0.000000
  448 -0.000002 6.475165 8.877786 -2.200961 0.000249 0.000342
  449 0.000000 0.000001 0.000001 0.000000 -0.000000 0.000000
  450 -0.000000 10.988306 0.000000 2.200961 0.000423 0.000000
  451 -0.000000 0.000000 -0.000002 -0.060252 -0.000000 -3.141593
  452 31.934633 11.825369 -11.468652 0.095338 0.108600 1.805335
  453 1.961086 -0.448858 0.257715 -0.003598 0.000000 -0.000000
  454 -0.483102 -8.250682 -13.900933 0.000000 -0.000000 1.570796
  455 -1.252175 7.960950 5.896780 0.399018 0.000000 0.000000
  456 -0.000001 -6.475163 -8.877784 0.000000 0.000000 -0.000000
  457 0.000001 6.475163 8.877784 0.000000 0.000000 -0.000000
  458 1.878122 12.014869 -0.599893 0.000000 -0.000000 0.000000
  459 -3.953937 -0.000008 -0.000003 -0.000000 0.000000 -0.000000
  460 1.976965 -0.000005 -0.000003 -0.000000 0.000000 -0.000000
  461 0.098848 -12.014870 0.599884 -0.000000 0.000000 -0.000000
  462 0.000001 6.475163 8.877784 -2.200961 -0.000249 -0.000341
  463 -0.000002 0.000002 0.000000 -0.000000 0.000000 -0.000000
  464 -0.000001 10.988305 0.000001 2.200961 -0.000422 0.000000
  465 0.000000 0.000000 0.000000 -0.060252 0.000000 -3.141593
  466 35.746857 -4.129660 -9.680119 0.095338 0.108600 1.805335
  467 -5.924030 1.355899 -0.778502 -0.003598 0.000000 -0.000000
end
