version 1
nodes
0 "root" -1
1 "DEF-spine" 0
2 "DEF-spine.001" 1
3 "DEF-spine.002" 2
4 "DEF-spine.003" 3
5 "DEF-spine.004" 4
6 "DEF-spine.005" 5
7 "DEF-spine.006" 6
8 "VIS_upper_arm_ik_pole.L" 0
9 "VIS_upper_arm_ik_pole.R" 0
10 "VIS_thigh_ik_pole.L" 0
11 "VIS_thigh_ik_pole.R" 0
12 "MCH-torso.parent" -1
13 "torso" 12
14 "hips" 13
15 "chest" 13
16 "MCH-spine.001" 13
17 "spine_fk.001" 16
18 "MCH-spine" 17
19 "spine_fk" 18
20 "tweak_spine" 19
21 "ORG-spine" 20
22 "ORG-pelvis.L" 21
23 "DEF-pelvis.L" 22
24 "ORG-pelvis.R" 21
25 "DEF-pelvis.R" 24
26 "ORG-thigh.L" 21
27 "ORG-shin.L" 26
28 "ORG-foot.L" 27
29 "ORG-toe.L" 28
30 "ORG-heel.02.L" 28
31 "MCH-foot_tweak.L" 28
32 "foot_tweak.L" 31
33 "MCH-shin_tweak.L" 27
34 "shin_tweak.L" 33
35 "MCH-shin_tweak.L.001" 27
36 "shin_tweak.L.001" 35
37 "MCH-thigh_parent_widget.L" 26
38 "MCH-thigh_tweak.L.001" 26
39 "thigh_tweak.L.001" 38
40 "ORG-thigh.R" 21
41 "ORG-shin.R" 40
42 "ORG-foot.R" 41
43 "ORG-toe.R" 42
44 "ORG-heel.02.R" 42
45 "MCH-foot_tweak.R" 42
46 "foot_tweak.R" 45
47 "MCH-shin_tweak.R" 41
48 "shin_tweak.R" 47
49 "MCH-shin_tweak.R.001" 41
50 "shin_tweak.R.001" 49
51 "MCH-thigh_parent_widget.R" 40
52 "MCH-thigh_tweak.R.001" 40
53 "thigh_tweak.R.001" 52
54 "thigh_parent.L" 21
55 "MCH-thigh_parent.L" 21
56 "thigh_fk.L" 55
57 "shin_fk.L" 56
58 "MCH-foot_fk.L" 57
59 "foot_fk.L" 58
60 "MCH-toe_fk.L" 59
61 "toe_fk.L" 60
62 "MCH-thigh_ik_swing.L" 55
63 "thigh_ik.L" 62
64 "MCH-shin_ik.L" 63
65 "MCH-thigh_tweak.L" 21
66 "thigh_tweak.L" 65
67 "DEF-thigh.L" 21
68 "DEF-thigh.L.001" 67
69 "DEF-shin.L" 68
70 "DEF-shin.L.001" 69
71 "DEF-foot.L" 70
72 "DEF-toe.L" 71
73 "thigh_parent.R" 21
74 "MCH-thigh_parent.R" 21
75 "thigh_fk.R" 74
76 "shin_fk.R" 75
77 "MCH-foot_fk.R" 76
78 "foot_fk.R" 77
79 "MCH-toe_fk.R" 78
80 "toe_fk.R" 79
81 "MCH-thigh_ik_swing.R" 74
82 "thigh_ik.R" 81
83 "MCH-shin_ik.R" 82
84 "MCH-thigh_tweak.R" 21
85 "thigh_tweak.R" 84
86 "DEF-thigh.R" 21
87 "DEF-thigh.R.001" 86
88 "DEF-shin.R" 87
89 "DEF-shin.R.001" 88
90 "DEF-foot.R" 89
91 "DEF-toe.R" 90
92 "tweak_spine.001" 19
93 "ORG-spine.001" 92
94 "MCH-WGT-hips" 19
95 "MCH-spine.002" 13
96 "spine_fk.002" 95
97 "MCH-pivot" 96
98 "tweak_spine.002" 97
99 "ORG-spine.002" 98
100 "MCH-spine.003" 96
101 "spine_fk.003" 100
102 "ORG-spine.004" 101
103 "ORG-spine.005" 102
104 "ORG-spine.006" 103
105 "MCH-ROT-neck" 101
106 "neck" 105
107 "MCH-ROT-head" 106
108 "head" 107
109 "tweak_spine.004" 106
110 "MCH-STR-neck" 106
111 "MCH-spine.005" 110
112 "tweak_spine.005" 111
113 "tweak_spine.003" 101
114 "ORG-spine.003" 113
115 "ORG-shoulder.L" 114
116 "ORG-upper_arm.L" 115
117 "ORG-forearm.L" 116
118 "ORG-hand.L" 117
119 "MCH-hand_tweak.L" 118
120 "hand_tweak.L" 119
121 "MCH-forearm_tweak.L" 117
122 "forearm_tweak.L" 121
123 "MCH-forearm_tweak.L.001" 117
124 "forearm_tweak.L.001" 123
125 "MCH-upper_arm_parent_widget.L" 116
126 "MCH-upper_arm_tweak.L.001" 116
127 "upper_arm_tweak.L.001" 126
128 "DEF-shoulder.L" 115
129 "upper_arm_parent.L" 115
130 "MCH-upper_arm_parent.L" 115
131 "upper_arm_fk.L" 130
132 "forearm_fk.L" 131
133 "MCH-hand_fk.L" 132
134 "hand_fk.L" 133
135 "MCH-upper_arm_ik_swing.L" 130
136 "upper_arm_ik.L" 135
137 "MCH-forearm_ik.L" 136
138 "MCH-upper_arm_tweak.L" 115
139 "upper_arm_tweak.L" 138
140 "DEF-upper_arm.L" 115
141 "DEF-upper_arm.L.001" 140
142 "DEF-forearm.L" 141
143 "DEF-forearm.L.001" 142
144 "DEF-hand.L" 143
145 "ORG-palm.01.L" 144
146 "ORG-f_index.01.L" 145
147 "ORG-f_index.02.L" 146
148 "ORG-f_index.03.L" 147
149 "DEF-f_index.01.L" 145
150 "DEF-f_index.02.L" 149
151 "DEF-f_index.03.L" 150
152 "f_index.01_master.L" 145
153 "DEF-palm.01.L" 145
154 "MCH-f_index.01_drv.L" 145
155 "f_index.01.L" 154
156 "MCH-f_index.02_drv.L" 155
157 "f_index.02.L" 156
158 "MCH-f_index.03_drv.L" 157
159 "f_index.03.L" 158
160 "f_index.01.L.001" 159
161 "MCH-f_index.03.L" 159
162 "MCH-f_index.02.L" 157
163 "MCH-f_index.01.L" 145
164 "ORG-palm.02.L" 144
165 "ORG-f_middle.01.L" 164
166 "ORG-f_middle.02.L" 165
167 "ORG-f_middle.03.L" 166
168 "DEF-f_middle.01.L" 164
169 "DEF-f_middle.02.L" 168
170 "DEF-f_middle.03.L" 169
171 "f_middle.01_master.L" 164
172 "DEF-palm.02.L" 164
173 "DEF-palm.02.L.001" 164
174 "MCH-f_middle.01_drv.L" 164
175 "f_middle.01.L" 174
176 "MCH-f_middle.02_drv.L" 175
177 "f_middle.02.L" 176
178 "MCH-f_middle.03_drv.L" 177
179 "f_middle.03.L" 178
180 "f_middle.01.L.001" 179
181 "MCH-f_middle.03.L" 179
182 "MCH-f_middle.02.L" 177
183 "MCH-f_middle.01.L" 164
184 "DEF-palm.02.L.002" 164
185 "ORG-palm.03.L" 144
186 "ORG-f_ring.01.L" 185
187 "ORG-f_ring.02.L" 186
188 "ORG-f_ring.03.L" 187
189 "DEF-f_ring.01.L" 185
190 "DEF-f_ring.02.L" 189
191 "DEF-f_ring.03.L" 190
192 "f_ring.01_master.L" 185
193 "DEF-palm.03.L" 185
194 "DEF-palm.03.L.001" 185
195 "MCH-f_ring.01_drv.L" 185
196 "f_ring.01.L" 195
197 "MCH-f_ring.02_drv.L" 196
198 "f_ring.02.L" 197
199 "MCH-f_ring.03_drv.L" 198
200 "f_ring.03.L" 199
201 "f_ring.01.L.001" 200
202 "MCH-f_ring.03.L" 200
203 "MCH-f_ring.02.L" 198
204 "MCH-f_ring.01.L" 185
205 "DEF-palm.03.L.002" 185
206 "ORG-palm.04.L" 144
207 "ORG-f_pinky.01.L" 206
208 "ORG-f_pinky.02.L" 207
209 "ORG-f_pinky.03.L" 208
210 "DEF-f_pinky.01.L" 206
211 "DEF-f_pinky.02.L" 210
212 "DEF-f_pinky.03.L" 211
213 "f_pinky.01_master.L" 206
214 "DEF-palm.04.L" 206
215 "DEF-palm.04.L.001" 206
216 "MCH-f_pinky.01_drv.L" 206
217 "f_pinky.01.L" 216
218 "MCH-f_pinky.02_drv.L" 217
219 "f_pinky.02.L" 218
220 "MCH-f_pinky.03_drv.L" 219
221 "f_pinky.03.L" 220
222 "f_pinky.01.L.001" 221
223 "MCH-f_pinky.03.L" 221
224 "MCH-f_pinky.02.L" 219
225 "MCH-f_pinky.01.L" 206
226 "DEF-palm.04.L.003" 206
227 "ORG-palm.04.L.001" 144
228 "ORG-f_pinky.01.L.001" 227
229 "ORG-f_pinky.02.L.001" 228
230 "ORG-f_pinky.03.L.001" 229
231 "DEF-f_pinky.01.L.001" 227
232 "DEF-f_pinky.02.L.001" 231
233 "DEF-f_pinky.03.L.001" 232
234 "f_pinky.01_master.L.001" 227
235 "DEF-palm.04.L.002" 227
236 "MCH-f_pinky.01_drv.L.001" 227
237 "f_pinky.01.L.002" 236
238 "MCH-f_pinky.02_drv.L.001" 237
239 "f_pinky.02.L.001" 238
240 "MCH-f_pinky.03_drv.L.001" 239
241 "f_pinky.03.L.001" 240
242 "f_pinky.01.L.003" 241
243 "MCH-f_pinky.03.L.001" 241
244 "MCH-f_pinky.02.L.001" 239
245 "MCH-f_pinky.01.L.001" 227
246 "ORG-palm.01.L.001" 144
247 "ORG-f_index.01.L.001" 246
248 "ORG-f_index.02.L.001" 247
249 "ORG-f_index.03.L.001" 248
250 "DEF-f_index.01.L.001" 246
251 "DEF-f_index.02.L.001" 250
252 "DEF-f_index.03.L.001" 251
253 "f_index.01_master.L.001" 246
254 "DEF-palm.01.L.001" 246
255 "MCH-f_index.01_drv.L.001" 246
256 "f_index.01.L.002" 255
257 "MCH-f_index.02_drv.L.001" 256
258 "f_index.02.L.001" 257
259 "MCH-f_index.03_drv.L.001" 258
260 "f_index.03.L.001" 259
261 "f_index.01.L.003" 260
262 "MCH-f_index.03.L.001" 260
263 "MCH-f_index.02.L.001" 258
264 "MCH-f_index.01.L.001" 246
265 "palm.L" 144
266 "palm.L.001" 144
267 "palm.L.002" 144
268 "ORG-shoulder.R" 114
269 "ORG-upper_arm.R" 268
270 "ORG-forearm.R" 269
271 "ORG-hand.R" 270
272 "MCH-hand_tweak.R" 271
273 "hand_tweak.R" 272
274 "MCH-forearm_tweak.R" 270
275 "forearm_tweak.R" 274
276 "MCH-forearm_tweak.R.001" 270
277 "forearm_tweak.R.001" 276
278 "MCH-upper_arm_parent_widget.R" 269
279 "MCH-upper_arm_tweak.R.001" 269
280 "upper_arm_tweak.R.001" 279
281 "DEF-shoulder.R" 268
282 "upper_arm_parent.R" 268
283 "MCH-upper_arm_parent.R" 268
284 "upper_arm_fk.R" 283
285 "forearm_fk.R" 284
286 "MCH-hand_fk.R" 285
287 "hand_fk.R" 286
288 "MCH-upper_arm_ik_swing.R" 283
289 "upper_arm_ik.R" 288
290 "MCH-forearm_ik.R" 289
291 "MCH-upper_arm_tweak.R" 268
292 "upper_arm_tweak.R" 291
293 "DEF-upper_arm.R" 268
294 "DEF-upper_arm.R.001" 293
295 "DEF-forearm.R" 294
296 "DEF-forearm.R.001" 295
297 "DEF-hand.R" 296
298 "ORG-palm.01.R" 297
299 "ORG-f_index.01.R" 298
300 "ORG-f_index.02.R" 299
301 "ORG-f_index.03.R" 300
302 "DEF-f_index.01.R" 298
303 "DEF-f_index.02.R" 302
304 "DEF-f_index.03.R" 303
305 "f_index.01_master.R" 298
306 "DEF-palm.01.R" 298
307 "MCH-f_index.01_drv.R" 298
308 "f_index.01.R" 307
309 "MCH-f_index.02_drv.R" 308
310 "f_index.02.R" 309
311 "MCH-f_index.03_drv.R" 310
312 "f_index.03.R" 311
313 "f_index.01.R.001" 312
314 "MCH-f_index.03.R" 312
315 "MCH-f_index.02.R" 310
316 "MCH-f_index.01.R" 298
317 "ORG-palm.02.R" 297
318 "ORG-f_middle.01.R" 317
319 "ORG-f_middle.02.R" 318
320 "ORG-f_middle.03.R" 319
321 "DEF-f_middle.01.R" 317
322 "DEF-f_middle.02.R" 321
323 "DEF-f_middle.03.R" 322
324 "f_middle.01_master.R" 317
325 "DEF-palm.02.R" 317
326 "DEF-palm.02.R.001" 317
327 "MCH-f_middle.01_drv.R" 317
328 "f_middle.01.R" 327
329 "MCH-f_middle.02_drv.R" 328
330 "f_middle.02.R" 329
331 "MCH-f_middle.03_drv.R" 330
332 "f_middle.03.R" 331
333 "f_middle.01.R.001" 332
334 "MCH-f_middle.03.R" 332
335 "MCH-f_middle.02.R" 330
336 "MCH-f_middle.01.R" 317
337 "DEF-palm.02.R.002" 317
338 "ORG-palm.03.R" 297
339 "ORG-f_ring.01.R" 338
340 "ORG-f_ring.02.R" 339
341 "ORG-f_ring.03.R" 340
342 "DEF-f_ring.01.R" 338
343 "DEF-f_ring.02.R" 342
344 "DEF-f_ring.03.R" 343
345 "f_ring.01_master.R" 338
346 "DEF-palm.03.R" 338
347 "DEF-palm.03.R.001" 338
348 "MCH-f_ring.01_drv.R" 338
349 "f_ring.01.R" 348
350 "MCH-f_ring.02_drv.R" 349
351 "f_ring.02.R" 350
352 "MCH-f_ring.03_drv.R" 351
353 "f_ring.03.R" 352
354 "f_ring.01.R.001" 353
355 "MCH-f_ring.03.R" 353
356 "MCH-f_ring.02.R" 351
357 "MCH-f_ring.01.R" 338
358 "DEF-palm.03.R.002" 338
359 "ORG-palm.04.R" 297
360 "ORG-f_pinky.01.R" 359
361 "ORG-f_pinky.02.R" 360
362 "ORG-f_pinky.03.R" 361
363 "DEF-f_pinky.01.R" 359
364 "DEF-f_pinky.02.R" 363
365 "DEF-f_pinky.03.R" 364
366 "f_pinky.01_master.R" 359
367 "DEF-palm.04.R" 359
368 "DEF-palm.04.R.001" 359
369 "MCH-f_pinky.01_drv.R" 359
370 "f_pinky.01.R" 369
371 "MCH-f_pinky.02_drv.R" 370
372 "f_pinky.02.R" 371
373 "MCH-f_pinky.03_drv.R" 372
374 "f_pinky.03.R" 373
375 "f_pinky.01.R.001" 374
376 "MCH-f_pinky.03.R" 374
377 "MCH-f_pinky.02.R" 372
378 "MCH-f_pinky.01.R" 359
379 "DEF-palm.04.R.003" 359
380 "ORG-palm.04.R.001" 297
381 "ORG-f_pinky.01.R.001" 380
382 "ORG-f_pinky.02.R.001" 381
383 "ORG-f_pinky.03.R.001" 382
384 "DEF-f_pinky.01.R.001" 380
385 "DEF-f_pinky.02.R.001" 384
386 "DEF-f_pinky.03.R.001" 385
387 "f_pinky.01_master.R.001" 380
388 "DEF-palm.04.R.002" 380
389 "MCH-f_pinky.01_drv.R.001" 380
390 "f_pinky.01.R.002" 389
391 "MCH-f_pinky.02_drv.R.001" 390
392 "f_pinky.02.R.001" 391
393 "MCH-f_pinky.03_drv.R.001" 392
394 "f_pinky.03.R.001" 393
395 "f_pinky.01.R.003" 394
396 "MCH-f_pinky.03.R.001" 394
397 "MCH-f_pinky.02.R.001" 392
398 "MCH-f_pinky.01.R.001" 380
399 "ORG-palm.01.R.001" 297
400 "ORG-f_index.01.R.001" 399
401 "ORG-f_index.02.R.001" 400
402 "ORG-f_index.03.R.001" 401
403 "DEF-f_index.01.R.001" 399
404 "DEF-f_index.02.R.001" 403
405 "DEF-f_index.03.R.001" 404
406 "f_index.01_master.R.001" 399
407 "DEF-palm.01.R.001" 399
408 "MCH-f_index.01_drv.R.001" 399
409 "f_index.01.R.002" 408
410 "MCH-f_index.02_drv.R.001" 409
411 "f_index.02.R.001" 410
412 "MCH-f_index.03_drv.R.001" 411
413 "f_index.03.R.001" 412
414 "f_index.01.R.003" 413
415 "MCH-f_index.03.R.001" 413
416 "MCH-f_index.02.R.001" 411
417 "MCH-f_index.01.R.001" 399
418 "palm.R" 297
419 "palm.R.001" 297
420 "palm.R.002" 297
421 "ORG-breast.L" 114
422 "DEF-breast.L" 421
423 "ORG-breast.R" 114
424 "DEF-breast.R" 423
425 "breast.L" 114
426 "breast.R" 114
427 "shoulder.L" 114
428 "shoulder.R" 114
429 "MCH-WGT-chest" 101
430 "MCH-hand_ik.parent.L" -1
431 "hand_ik.L" 430
432 "MCH-upper_arm_ik_target.L" 431
433 "MCH-upper_arm_ik_target.parent.L" -1
434 "upper_arm_ik_target.L" 433
435 "MCH-hand_ik.parent.R" -1
436 "hand_ik.R" 435
437 "MCH-upper_arm_ik_target.R" 436
438 "MCH-upper_arm_ik_target.parent.R" -1
439 "upper_arm_ik_target.R" 438
440 "MCH-foot_ik.parent.L" -1
441 "foot_ik.L" 440
442 "foot_spin_ik.L" 441
443 "foot_heel_ik.L" 442
444 "MCH-heel.02_rock2.L" 442
445 "MCH-heel.02_rock1.L" 444
446 "MCH-heel.02_roll2.L" 445
447 "MCH-heel.02_roll1.L" 446
448 "MCH-foot_roll.L" 447
449 "MCH-thigh_ik_target.L" 448
450 "MCH-toe_ik_parent.L" 449
451 "toe_ik.L" 450
452 "MCH-thigh_ik_target.parent.L" -1
453 "thigh_ik_target.L" 452
454 "MCH-foot_ik.parent.R" -1
455 "foot_ik.R" 454
456 "foot_spin_ik.R" 455
457 "foot_heel_ik.R" 456
458 "MCH-heel.02_rock2.R" 456
459 "MCH-heel.02_rock1.R" 458
460 "MCH-heel.02_roll2.R" 459
461 "MCH-heel.02_roll1.R" 460
462 "MCH-foot_roll.R" 461
463 "MCH-thigh_ik_target.R" 462
464 "MCH-toe_ik_parent.R" 463
465 "toe_ik.R" 464
466 "MCH-thigh_ik_target.parent.R" -1
467 "thigh_ik_target.R" 466
end
skeleton
  time 0
  0 0.000000 0.000000 -23.603888 0.000000 -0.000000 1.570796
  1 -2.018438 3.379009 34.274773 1.829586 0.093591 0.211756
  2 0.000001 10.999716 0.000001 -0.044288 0.003155 0.068059
  3 -0.000001 6.753164 -0.000001 0.329009 -0.156369 0.017700
  4 0.000001 8.544816 0.000001 0.484432 -0.076947 -0.073154
  5 0.000000 9.518036 -0.000000 -0.452273 0.047934 0.057319
  6 0.000001 3.039634 -0.000001 0.193832 0.023995 0.004710
  7 0.000000 3.098964 -0.000000 -0.703002 0.108362 0.068132
  8 34.524986 -21.046610 50.428986 -2.787009 -0.009986 1.774368
  9 -26.056545 6.906631 64.443527 -1.051116 -2.204803 1.085471
  10 9.524408 -10.757187 19.780191 -2.711745 0.178777 0.277574
  11 -9.748777 3.727337 15.421134 -3.038675 -0.017437 -0.019331
  12 -1.789155 0.000000 28.175615 0.000000 -0.000000 1.570796
  13 -0.000000 0.548160 -12.228992 0.091529 0.000000 -0.000000
  14 0.000001 -1.769384 12.121011 -0.002843 0.112426 0.202491
  15 -0.000000 -1.769388 12.121011 0.953436 0.145177 -0.001584
  16 0.000000 -1.769384 12.121011 -0.004272 0.056141 0.101125
  17 -0.000000 -0.000001 0.000000 1.694062 0.000000 -0.000000
  18 0.000002 -6.753164 0.000002 -1.704371 0.093265 -0.068429
  19 0.000000 0.000000 -0.000000 1.742379 0.000000 0.000000
  20 0.000003 -10.999718 0.000004 -0.000000 -0.000000 0.000000
  21 0.000000 0.000000 0.000000 -0.000000 0.000000 -0.000000
  22 0.000000 0.000000 0.000000 -1.341552 -1.993774 0.192913
  23 -0.000000 -0.000002 0.000000 -0.000000 0.000000 0.000000
  24 0.000000 0.000000 0.000000 -1.341552 1.993774 -0.192913
  25 0.000000 -0.000002 0.000001 -0.000000 -0.000000 -0.000000
  26 8.250681 -0.215597 2.184242 2.054267 -0.001792 0.158667
  27 0.000000 19.218168 0.000001 1.638645 -0.000000 -0.000000
  28 -0.000000 15.573736 0.000001 -1.476194 0.159346 -0.082501
  29 -0.000077 10.987157 -0.000977 0.880380 -3.141171 0.000000
  30 -1.873868 4.392865 10.061483 -0.000523 0.630166 -1.571105
  31 0.000000 0.000002 0.000002 -0.000000 -0.000000 -0.000000
  32 -0.000000 0.000000 -0.000000 0.000000 0.000000 0.000000
  33 0.000000 0.000002 -0.000001 0.000000 0.000000 0.000000
  34 0.000000 0.000000 0.000000 0.000000 -0.000000 -0.000000
  35 0.000001 7.786871 -0.000003 -0.000000 0.099386 0.000000
  36 0.000000 0.000000 0.000000 0.000000 0.000204 -0.000000
  37 0.000000 -0.000002 0.000002 -0.000000 -0.000000 -0.000000
  38 -0.000000 9.609084 0.000002 -0.000000 -0.064665 -0.000000
  39 -0.000000 0.000000 -0.000000 0.000000 0.000000 0.000000
  40 -8.250679 -0.215603 2.184241 3.094081 -0.198810 0.142610
  41 0.000003 19.301321 0.000005 1.218313 0.000001 -0.000000
  42 -0.000002 15.662644 -0.000002 -1.552468 -0.009154 0.015280
  43 -0.000008 10.987925 -0.000547 1.195861 3.141171 -0.000000
  44 1.873869 4.392863 10.061478 0.000523 2.511427 1.571105
  45 -0.000000 0.000002 0.000002 -0.000000 -0.000000 -0.000000
  46 0.000000 0.000000 0.000000 0.000000 0.000000 0.000000
  47 -0.000000 0.000001 -0.000001 0.000000 -0.000000 0.000000
  48 0.000000 0.000000 0.000000 -0.000000 0.000000 0.000000
  49 -0.000001 7.831324 -0.000004 -0.000000 -0.010059 0.000000
  50 0.000000 0.000000 0.000000 -0.000000 -0.000205 0.000000
  51 -0.000000 -0.000008 0.000001 -0.000000 0.000000 -0.000000
  52 0.000002 9.650663 0.000002 0.000000 -0.119812 0.000000
  53 0.000000 0.000000 0.000000 0.000000 -0.000000 -0.000000
  54 8.250680 -0.215593 2.184241 2.903292 -0.000000 -0.000000
  55 8.250681 -0.215597 2.184242 -1.742380 -0.000000 0.000000
  56 -0.000000 -0.000001 0.000000 -1.637514 -0.000000 -0.000000
  57 0.000001 19.896324 0.000001 0.140363 -0.000000 0.000000
  58 0.000002 16.264103 0.000000 -0.703810 -0.000322 0.000273
  59 0.000000 0.000000 0.000000 -0.000000 0.000000 0.000000
  60 0.000000 10.988297 0.000001 0.880380 -3.141171 0.000000
  61 0.000000 0.000001 0.000000 0.000000 -0.000000 -0.000000
  62 -0.000000 -0.000001 0.000000 -1.783239 -0.146563 0.015922
  63 0.000000 -0.000000 0.000000 -0.707669 0.045499 0.000000
  64 -0.000000 19.218164 0.000002 1.638645 -0.000000 -0.000000
  65 8.250681 -0.215597 2.184242 2.052002 0.048718 0.062256
  66 0.000000 -0.000001 0.000000 -0.000000 0.000000 0.000000
  67 8.250681 -0.215597 2.184241 2.052003 0.048718 0.062256
  68 -0.000001 9.609085 -0.000001 -0.000000 0.044143 -0.000000
  69 0.000000 9.609087 0.000001 1.638644 0.064664 -0.000000
  70 0.000001 7.786865 -0.000001 0.000000 0.099590 0.000000
  71 -0.000000 7.786868 0.000000 -1.468075 0.060097 -0.081600
  72 -0.000001 10.987179 0.000000 0.880290 -3.141171 -0.000006
  73 -8.250681 -0.215596 2.184241 2.903292 -0.000000 -0.000000
  74 -8.250681 -0.215596 2.184241 -1.742380 -0.000000 0.000000
  75 -0.000000 -0.000001 0.000000 -1.637514 0.000000 0.000000
  76 0.000001 19.896326 -0.000000 0.140363 0.000000 -0.000000
  77 -0.000001 16.264103 0.000000 -0.703810 0.000322 -0.000273
  78 0.000000 -0.000000 0.000000 -0.000000 0.000000 0.000000
  79 -0.000001 10.988299 -0.000000 0.880380 3.141170 -0.000000
  80 0.000000 0.000000 0.000000 0.000000 0.000000 0.000000
  81 -0.000000 -0.000001 0.000000 -0.907834 -0.219342 -0.075319
  82 0.000001 0.000004 -0.000001 -0.536676 0.184709 0.000000
  83 0.000003 19.301321 0.000004 1.218313 0.000001 -0.000000
  84 -8.250679 -0.215607 2.184242 3.095009 0.019006 0.132333
  85 -0.000000 -0.000000 -0.000000 0.000000 0.000000 0.000000
  86 -8.250679 -0.215607 2.184242 3.095009 0.019006 0.132333
  87 -0.000000 9.650663 -0.000000 0.000000 0.098243 0.000000
  88 -0.000000 9.650659 0.000000 1.218312 0.119814 -0.000000
  89 -0.000002 7.831316 0.000000 0.000000 -0.010264 0.000000
  90 0.000002 7.831324 0.000001 -1.552361 0.001109 0.015279
  91 -0.000001 10.987947 0.000001 1.195811 3.141170 -0.000001
  92 0.000000 0.000000 0.000001 -0.048318 0.000000 0.000000
  93 0.000000 0.000000 0.000000 -0.000000 -0.000000 -0.000000
  94 0.000003 -10.999718 0.000004 -0.000000 0.000000 -0.000000
  95 0.000000 -1.769386 12.121011 0.475466 0.072386 -0.018481
  96 -0.000000 -0.000001 0.000001 1.538978 0.000000 0.000000
  97 0.000000 -0.000000 -0.000001 -0.088751 0.059581 -0.011498
  98 -0.000000 0.000000 0.000000 -0.155084 -0.000000 0.000000
  99 -0.000000 0.000000 0.000000 -0.000000 0.000000 0.000000
  100 -0.000000 8.544817 0.000007 -1.062255 -0.016122 -0.072947
  101 0.000000 0.000000 0.000000 1.542233 -0.000000 -0.000000
  102 -0.000000 9.518038 -0.000001 -0.452273 0.047934 0.057319
  103 0.000001 3.039634 -0.000001 0.193832 0.023995 0.004710
  104 0.000000 3.098965 0.000001 -0.703002 0.108362 0.068132
  105 -0.000000 9.518038 -0.000001 -2.016993 0.047935 0.057319
  106 0.000000 0.000000 0.000000 1.662547 -0.000000 -0.000000
  107 -0.000000 6.109812 0.000004 -2.137288 0.054464 0.051155
  108 0.000000 0.000000 0.000000 1.528391 -0.062993 0.044333
  109 0.000000 0.000000 0.000000 -0.097827 -0.000000 0.000000
  110 0.000000 0.000000 0.000000 0.000001 -0.000000 -0.000000
  111 0.000001 3.025102 -0.296884 -0.020150 0.021810 0.031739
  112 0.000000 0.000000 0.000000 0.095948 -0.000000 0.000000
  113 0.000000 0.000000 0.000000 0.000000 0.000000 -0.000000
  114 -0.000000 -0.000000 -0.000000 0.000000 -0.000000 0.000000
  115 0.904462 6.782044 3.867486 -1.982249 -1.333136 0.706414
  116 0.010195 19.450794 -0.828333 -0.400998 0.887307 -1.190501
  117 -0.000001 19.369139 -0.000008 1.947621 0.000001 0.000000
  118 0.000000 24.472034 0.000001 -0.840855 2.297990 -0.188166
  119 0.000000 0.000000 0.000000 -0.000000 0.000001 0.000001
  120 0.000000 0.000000 0.000000 0.000000 -0.000001 -0.000001
  121 0.000000 0.000000 0.000000 -0.000001 -0.000000 -0.000000
  122 0.000001 -0.000001 0.000001 0.000000 0.000000 0.000000
  123 -0.000001 12.236016 0.000000 0.000000 1.081535 0.000000
  124 0.000000 0.000000 0.000000 -0.000001 0.001371 -0.000001
  125 0.000001 -0.000001 0.000001 -0.000000 -0.000000 0.000000
  126 0.000001 9.684570 -0.000005 -0.000000 -0.208046 0.000000
  127 0.000000 0.000000 0.000000 -0.000000 -0.000000 -0.000000
  128 -0.000000 0.000002 -0.000001 0.000000 0.000000 -0.000000
  129 0.010195 19.450794 -0.828333 -1.068311 -0.458283 0.722012
  130 0.010194 19.450792 -0.828333 0.041385 -0.124298 1.319061
  131 0.000000 0.000000 0.000000 -1.332781 0.484537 -2.373637
  132 0.000002 20.126827 0.000001 0.277335 0.000000 -0.000000
  133 -0.000003 25.356464 0.000001 0.198412 -0.005445 0.027073
  134 0.000000 0.000000 0.000000 -0.000000 0.000000 0.000000
  135 -0.000002 -0.000000 0.000001 0.518395 0.385661 -2.856649
  136 -0.000004 -0.000001 -0.000004 -1.143293 0.452487 0.000001
  137 0.000001 19.369139 -0.000009 1.947621 0.000001 0.000000
  138 0.010194 19.450792 -0.828333 -0.299431 0.581467 -1.040857
  139 0.000000 0.000000 0.000000 -0.000000 -0.000000 -0.000000
  140 0.010194 19.450790 -0.828333 -0.299431 0.581467 -1.040857
  141 0.000002 9.684570 -0.000001 0.000000 0.116809 0.000000
  142 -0.000002 9.684566 -0.000003 1.947621 0.208047 -0.000001
  143 0.000002 12.236019 0.000002 0.000001 1.082906 0.000000
  144 0.000003 12.236011 0.000001 -0.384539 1.186423 0.338022
  145 0.838801 0.695168 1.002010 -0.146528 0.831651 0.111056
  146 0.174018 5.859970 0.005587 0.057776 -0.287169 0.072684
  147 -0.000000 5.184054 0.000000 0.947266 -0.003807 0.022168
  148 -0.000000 5.576724 -0.000000 0.824226 0.000643 -0.036173
  149 0.174018 5.859970 0.005587 0.057776 -0.287169 0.072684
  150 -0.000000 5.184054 0.000000 0.947266 -0.003807 0.022168
  151 -0.000000 5.576724 -0.000000 0.824226 0.000643 -0.036173
  152 0.174013 5.859963 0.005586 0.057776 -0.287169 0.072685
  153 -0.000001 0.000001 0.000000 0.000000 0.000000 -0.000000
  154 0.174018 5.859970 0.005587 0.057776 -0.287169 0.072685
  155 0.000000 0.000000 0.000000 -0.000000 -0.000000 -0.000000
  156 0.000002 5.184053 -0.000001 0.947264 -0.003807 0.022168
  157 0.000000 0.000000 0.000000 -0.000000 -0.000001 -0.000000
  158 -0.000003 5.576724 0.000005 0.824227 0.000643 -0.036172
  159 0.000000 0.000000 0.000000 0.000000 -0.000000 -0.000000
  160 -0.000000 9.158419 -0.000002 3.141592 0.324016 -0.000000
  161 -0.000000 0.000000 -0.000000 -0.000000 0.000000 -0.000000
  162 0.000000 -0.000000 0.000000 0.000001 -0.000000 0.000001
  163 0.174018 5.859970 0.005587 0.057776 -0.287169 0.072684
  164 0.208215 1.308915 0.886639 -0.521836 0.710749 -0.438947
  165 -0.164676 4.714413 0.088290 0.177554 -0.296553 -0.038426
  166 0.000000 6.134694 -0.000000 0.874702 -0.004721 0.048260
  167 0.000001 5.142242 0.000000 0.778924 0.000043 -0.073619
  168 -0.164676 4.714413 0.088290 0.177554 -0.296553 -0.038426
  169 0.000000 6.134693 -0.000000 0.874702 -0.004720 0.048260
  170 0.000001 5.142242 0.000000 0.778924 0.000043 -0.073619
  171 -0.164679 4.714416 0.088294 0.177555 -0.296553 -0.038426
  172 0.000000 0.000000 0.000000 0.000000 -0.000000 0.000000
  173 0.000000 0.000000 0.000000 0.000000 -0.000000 0.000000
  174 -0.164676 4.714413 0.088290 0.177555 -0.296552 -0.038425
  175 0.000000 0.000000 0.000000 -0.000000 -0.000001 -0.000001
  176 -0.000001 6.134695 -0.000002 0.874701 -0.004721 0.048261
  177 0.000000 0.000000 0.000000 -0.000000 -0.000001 -0.000001
  178 0.000001 5.142240 0.000002 0.778924 0.000043 -0.073619
  179 0.000000 0.000000 0.000000 -0.000000 -0.000001 -0.000001
  180 -0.000003 9.920086 0.000003 -3.141593 0.323205 0.000000
  181 0.000000 0.000000 0.000000 0.000000 -0.000000 0.000000
  182 -0.000002 -0.000000 0.000007 0.000000 -0.000000 -0.000000
  183 -0.164676 4.714413 0.088290 0.177554 -0.296553 -0.038426
  184 0.000000 0.000000 0.000000 0.000000 -0.000000 0.000000
  185 1.229527 0.555897 1.288362 -0.746848 0.623235 -0.695221
  186 -0.573241 5.450110 -0.067952 0.207022 -0.080209 -0.208698
  187 -0.000000 5.046767 -0.000000 0.926441 0.005799 -0.038570
  188 -0.000001 4.876209 0.000000 0.891577 -0.002099 0.057280
  189 -0.573241 5.450110 -0.067952 0.207022 -0.080209 -0.208698
  190 -0.000000 5.046767 -0.000000 0.926441 0.005799 -0.038570
  191 -0.000001 4.876209 0.000000 0.891577 -0.002099 0.057280
  192 -0.573246 5.450111 -0.067951 0.207022 -0.080209 -0.208698
  193 0.000000 0.000000 0.000000 -0.000000 -0.000000 0.000000
  194 0.000000 0.000000 0.000000 -0.000000 -0.000000 0.000000
  195 -0.573243 5.450111 -0.067951 0.207022 -0.080209 -0.208698
  196 0.000000 0.000000 0.000000 0.000000 0.000000 -0.000000
  197 -0.000001 5.046767 -0.000002 0.926440 0.005800 -0.038571
  198 0.000000 0.000000 0.000000 -0.000000 0.000000 0.000000
  199 -0.000001 4.876210 0.000001 0.891577 -0.002099 0.057281
  200 0.000000 0.000000 0.000000 0.000000 -0.000001 -0.000001
  201 -0.000000 10.336262 -0.000000 -3.141593 -0.095607 -0.000001
  202 -0.000001 0.000000 -0.000000 -0.000000 -0.000000 0.000000
  203 0.000001 -0.000000 -0.000000 0.000000 0.000000 0.000000
  204 -0.573242 5.450111 -0.067952 0.207022 -0.080209 -0.208698
  205 0.000000 0.000000 0.000000 -0.000000 -0.000000 0.000000
  206 2.510265 0.335983 0.022936 -0.704386 0.728958 -0.808876
  207 -0.946933 4.039653 -0.346231 0.204092 -0.003080 -0.542466
  208 0.000000 4.945987 0.000000 0.887764 0.001324 -0.011933
  209 0.000000 6.128854 0.000001 0.936132 -0.001326 0.020281
  210 -0.946933 4.039653 -0.346231 0.204092 -0.003080 -0.542466
  211 0.000000 4.945987 0.000000 0.887764 0.001324 -0.011933
  212 0.000000 6.128854 0.000001 0.936132 -0.001326 0.020281
  213 -0.946932 4.039657 -0.346232 0.204092 -0.003080 -0.542466
  214 0.000000 0.000000 0.000000 0.000000 -0.000000 -0.000000
  215 0.000000 0.000000 0.000000 0.000000 -0.000000 -0.000000
  216 -0.946933 4.039653 -0.346231 0.204093 -0.003081 -0.542467
  217 0.000000 0.000000 0.000000 -0.000000 0.000001 0.000001
  218 -0.000000 4.945987 -0.000001 0.887764 0.001324 -0.011934
  219 0.000000 0.000000 0.000000 -0.000000 0.000001 0.000001
  220 0.000002 6.128854 0.000004 0.936133 -0.001326 0.020280
  221 0.000000 0.000000 0.000000 0.000000 0.000000 0.000000
  222 -0.000003 8.781750 -0.000003 -3.141593 -0.488191 0.000000
  223 0.000000 0.000000 0.000000 -0.000000 -0.000000 0.000000
  224 0.000000 0.000000 0.000000 0.000001 0.000000 -0.000000
  225 -0.946933 4.039653 -0.346231 0.204092 -0.003080 -0.542466
  226 0.000000 0.000000 0.000000 0.000000 -0.000000 -0.000000
  227 0.777029 1.281753 1.958795 0.196515 0.598662 0.924076
  228 0.867612 4.064867 -0.119804 0.213321 0.019605 0.282979
  229 0.000004 4.879314 -0.000001 0.899304 0.004530 -0.036920
  230 0.000000 5.043322 -0.000001 0.843807 -0.001208 0.055324
  231 0.867612 4.064867 -0.119804 0.213321 0.019605 0.282979
  232 0.000004 4.879314 -0.000001 0.899304 0.004530 -0.036920
  233 0.000000 5.043322 -0.000001 0.843807 -0.001208 0.055324
  234 0.867612 4.064868 -0.119804 0.213321 0.019605 0.282979
  235 0.000000 0.000000 0.000000 -0.000000 -0.000000 -0.000000
  236 0.867612 4.064867 -0.119804 0.213321 0.019605 0.282979
  237 0.000000 0.000000 0.000000 -0.000000 0.000000 0.000001
  238 0.000004 4.879313 0.000001 0.899303 0.004531 -0.036922
  239 0.000000 0.000000 0.000000 0.000000 0.000000 0.000000
  240 -0.000003 5.043322 0.000002 0.843808 -0.001208 0.055324
  241 0.000000 0.000000 0.000000 -0.000000 -0.000000 0.000000
  242 -0.000002 10.325294 -0.000001 3.141593 -0.093078 -0.000000
  243 -0.000000 -0.000000 0.000000 -0.000000 0.000000 0.000000
  244 0.000000 0.000000 -0.000000 0.000000 -0.000000 0.000000
  245 0.867612 4.064867 -0.119804 0.213321 0.019605 0.282979
  246 0.986055 0.947624 1.368040 0.166521 0.766158 0.595879
  247 0.565093 5.117546 -0.078623 0.036911 -0.459751 0.204801
  248 0.000000 4.968778 -0.000000 0.879243 0.003073 -0.030016
  249 -0.000000 5.803464 -0.000000 0.864677 -0.001678 0.049315
  250 0.565093 5.117546 -0.078623 0.036911 -0.459751 0.204801
  251 0.000000 4.968778 -0.000000 0.879243 0.003073 -0.030016
  252 -0.000000 5.803464 -0.000000 0.864677 -0.001678 0.049315
  253 0.565102 5.117548 -0.078623 0.036912 -0.459751 0.204801
  254 0.000000 0.000000 0.000000 0.000000 -0.000000 0.000000
  255 0.565093 5.117546 -0.078623 0.036912 -0.459751 0.204801
  256 0.000000 0.000000 0.000000 -0.000000 -0.000000 -0.000000
  257 0.000001 4.968781 -0.000001 0.879243 0.003073 -0.030016
  258 0.000000 0.000000 0.000000 0.000000 -0.000000 -0.000000
  259 -0.000002 5.803466 0.000002 0.864678 -0.001678 0.049316
  260 0.000000 -0.000000 0.000000 -0.000000 -0.000000 0.000000
  261 0.000004 9.111456 0.000000 3.141592 0.806826 -0.000001
  262 -0.000002 0.000003 0.000001 0.000000 0.000000 -0.000000
  263 -0.000000 0.000000 -0.000000 0.000000 0.000000 0.000000
  264 0.565093 5.117546 -0.078623 0.036911 -0.459751 0.204801
  265 2.510271 0.335973 0.022942 -0.704386 0.728958 -0.808876
  266 2.510271 0.335973 0.022942 -0.704386 0.728958 -0.808876
  267 2.510271 0.335973 0.022942 -0.704386 0.728958 -0.808876
  268 -0.904461 6.782040 3.867494 -1.783768 1.270892 -0.311444
  269 -0.010186 19.450788 -0.828333 -1.948557 -0.316284 1.848359
  270 0.000000 19.534706 0.000001 1.194827 -0.000000 -0.000000
  271 -0.000006 24.726768 -0.000001 0.746756 0.683427 0.023118
  272 0.000000 0.000000 0.000000 -0.000000 -0.000001 -0.000001
  273 -0.000000 0.000001 0.000001 0.000000 0.000001 0.000001
  274 -0.000004 0.000007 -0.000001 -0.000000 0.000000 0.000000
  275 -0.000000 0.000000 -0.000001 0.000000 -0.000000 -0.000000
  276 -0.000005 12.363385 -0.000001 0.000000 0.333261 0.000000
  277 0.000000 0.000000 0.000000 -0.000001 -0.001371 0.000001
  278 0.000000 0.000000 0.000000 -0.000000 0.000000 -0.000000
  279 -0.000003 9.767356 0.000007 0.000000 0.418526 0.000000
  280 0.000000 -0.000000 0.000000 -0.000000 0.000000 0.000000
  281 -0.000000 0.000002 -0.000001 -0.000000 -0.000000 0.000000
  282 -0.010184 19.450798 -0.828328 -1.068311 0.458283 -0.722012
  283 -0.010189 19.450792 -0.828331 0.041385 0.124298 -1.319061
  284 0.000000 0.000000 0.000000 -1.332781 -0.484537 2.373637
  285 0.000004 20.126820 -0.000002 0.277335 -0.000000 -0.000000
  286 -0.000002 25.356459 -0.000001 0.198412 0.005445 -0.027073
  287 0.000000 0.000000 0.000000 0.000000 -0.000000 -0.000000
  288 0.000002 0.000000 0.000001 -1.177680 -0.001171 2.670944
  289 0.000000 0.000002 -0.000002 -0.677051 -0.521037 -0.000001
  290 0.000002 19.534706 0.000002 1.194827 -0.000000 -0.000000
  291 -0.010186 19.450788 -0.828333 -1.613848 -0.486002 1.034330
  292 0.000000 0.000000 0.000000 -0.000000 0.000000 0.000000
  293 -0.010186 19.450788 -0.828333 -1.613848 -0.486002 1.034330
  294 -0.000000 9.767350 0.000001 -0.000000 -0.345226 -0.000001
  295 0.000001 9.767354 -0.000000 1.194826 -0.418527 0.000000
  296 0.000001 12.363377 -0.000000 0.000000 0.331889 0.000000
  297 -0.000000 12.363381 -0.000001 0.738733 0.351609 0.019094
  298 -0.838804 0.695170 1.002008 -0.146529 -0.831651 -0.111056
  299 -0.183116 5.839884 0.005881 0.057775 0.287169 -0.072685
  300 -0.000000 5.184050 0.000000 0.987972 0.003806 -0.022167
  301 -0.000000 5.576725 0.000000 0.864933 -0.000643 0.036172
  302 -0.183116 5.839884 0.005881 0.057775 0.287169 -0.072685
  303 -0.000000 5.184050 0.000000 0.987972 0.003806 -0.022167
  304 -0.000000 5.576725 0.000000 0.864933 -0.000643 0.036172
  305 -0.183122 5.839883 0.005882 0.057776 0.287169 -0.072685
  306 0.000000 0.000000 0.000000 -0.000000 0.000000 0.000000
  307 -0.183116 5.839884 0.005881 0.057776 0.287169 -0.072685
  308 0.000000 0.000000 0.000000 -0.000000 0.000000 0.000000
  309 0.000001 5.184051 -0.000001 0.987971 0.003806 -0.022168
  310 0.000000 -0.000000 -0.000000 0.000000 0.000000 0.000000
  311 -0.000002 5.576723 0.000002 0.864934 -0.000643 0.036171
  312 0.000000 0.000000 -0.000000 0.000000 0.000000 0.000000
  313 -0.000000 9.158416 -0.000003 3.141593 -0.324016 0.000000
  314 -0.000003 -0.000002 -0.000001 -0.000000 0.000000 0.000000
  315 0.000000 -0.000000 -0.000000 0.000000 0.000000 0.000000
  316 -0.183116 5.839884 0.005881 0.057775 0.287169 -0.072685
  317 -0.208223 1.308909 0.886641 -0.521837 -0.710749 0.438946
  318 0.173144 4.702731 0.092829 0.177555 0.296553 0.038426
  319 0.000000 6.134696 -0.000001 0.914646 0.004721 -0.048261
  320 0.000000 5.142236 -0.000000 0.818870 -0.000043 0.073620
  321 0.173144 4.702731 0.092829 0.177555 0.296553 0.038426
  322 0.000000 6.134696 -0.000001 0.914646 0.004721 -0.048261
  323 0.000000 5.142236 -0.000000 0.818870 -0.000043 0.073620
  324 0.173150 4.702729 0.092828 0.177555 0.296553 0.038426
  325 0.000000 0.000000 0.000000 -0.000000 0.000000 -0.000000
  326 0.000000 0.000000 0.000000 -0.000000 0.000000 -0.000000
  327 0.173144 4.702731 0.092829 0.177555 0.296552 0.038425
  328 0.000000 0.000000 0.000000 -0.000000 0.000001 0.000001
  329 -0.000002 6.134696 0.000000 0.914647 0.004721 -0.048261
  330 0.000000 0.000000 0.000000 -0.000000 0.000001 0.000000
  331 0.000001 5.142237 -0.000001 0.818870 -0.000043 0.073619
  332 -0.000000 -0.000000 0.000000 -0.000000 0.000001 0.000001
  333 -0.000003 9.920086 -0.000001 -3.141593 -0.323204 -0.000000
  334 0.000000 0.000001 -0.000001 -0.000000 0.000000 0.000000
  335 0.000000 0.000000 0.000000 -0.000000 0.000000 -0.000000
  336 0.173144 4.702731 0.092829 0.177555 0.296553 0.038426
  337 0.000000 0.000000 0.000000 -0.000000 0.000000 -0.000000
  338 -1.229535 0.555897 1.288358 -0.746848 -0.623235 0.695222
  339 0.603272 5.432490 -0.071520 0.207022 0.080209 0.208698
  340 -0.000000 5.046766 -0.000001 0.967146 -0.005800 0.038570
  341 -0.000000 4.876215 -0.000001 0.932284 0.002099 -0.057280
  342 0.603272 5.432490 -0.071520 0.207022 0.080209 0.208698
  343 -0.000000 5.046766 -0.000001 0.967146 -0.005800 0.038570
  344 -0.000000 4.876215 -0.000001 0.932284 0.002099 -0.057280
  345 0.603274 5.432482 -0.071522 0.207022 0.080209 0.208698
  346 0.000000 0.000000 0.000000 0.000000 0.000000 -0.000000
  347 0.000000 0.000000 0.000000 0.000000 0.000000 -0.000000
  348 0.603272 5.432490 -0.071520 0.207022 0.080209 0.208698
  349 0.000000 0.000000 0.000000 0.000000 0.000000 0.000000
  350 0.000001 5.046766 0.000000 0.967146 -0.005800 0.038570
  351 0.000000 0.000000 0.000000 -0.000000 -0.000000 -0.000000
  352 -0.000002 4.876214 -0.000001 0.932283 0.002099 -0.057280
  353 -0.000000 -0.000000 0.000000 0.000000 0.000001 0.000001
  354 0.000002 10.336262 0.000001 -3.141593 0.095607 0.000001
  355 -0.000000 -0.000001 -0.000002 0.000000 -0.000000 -0.000000
  356 0.000000 0.000000 0.000000 -0.000000 0.000000 0.000000
  357 0.603272 5.432490 -0.071520 0.207022 0.080209 0.208698
  358 0.000000 0.000000 0.000000 0.000000 0.000000 -0.000000
  359 -2.510273 0.335973 0.022936 -0.704387 -0.728957 0.808876
  360 0.995606 4.032329 -0.364031 0.204093 0.003080 0.542466
  361 0.000001 4.945990 -0.000002 0.927709 -0.001324 0.011933
  362 -0.000001 6.128854 0.000000 0.976078 0.001326 -0.020281
  363 0.995606 4.032329 -0.364031 0.204093 0.003080 0.542466
  364 0.000001 4.945990 -0.000002 0.927709 -0.001324 0.011933
  365 -0.000001 6.128854 0.000000 0.976078 0.001326 -0.020281
  366 0.995602 4.032327 -0.364030 0.204093 0.003080 0.542466
  367 0.000000 0.000000 0.000000 0.000000 0.000000 0.000000
  368 0.000000 0.000000 0.000000 0.000000 0.000000 0.000000
  369 0.995606 4.032329 -0.364031 0.204093 0.003080 0.542467
  370 0.000000 0.000000 0.000000 -0.000000 -0.000001 -0.000001
  371 -0.000001 4.945986 -0.000002 0.927709 -0.001324 0.011934
  372 0.000000 0.000000 0.000000 -0.000000 -0.000001 -0.000001
  373 -0.000001 6.128852 -0.000001 0.976078 0.001326 -0.020280
  374 0.000000 0.000000 0.000000 -0.000000 -0.000000 -0.000000
  375 0.000001 8.781745 -0.000000 3.141593 0.488191 -0.000000
  376 0.000000 0.000000 0.000000 0.000000 0.000000 -0.000000
  377 0.000000 0.000000 0.000000 -0.000000 0.000000 0.000000
  378 0.995606 4.032329 -0.364031 0.204093 0.003080 0.542466
  379 0.000000 0.000000 0.000000 0.000000 0.000000 0.000000
  380 -0.777030 1.281756 1.958792 0.196514 -0.598662 -0.924076
  381 -0.913048 4.042422 -0.126085 0.213321 -0.019605 -0.282979
  382 -0.000000 4.879313 0.000000 0.940009 -0.004531 0.036921
  383 -0.000001 5.043321 -0.000001 0.884514 0.001208 -0.055324
  384 -0.913048 4.042422 -0.126085 0.213321 -0.019605 -0.282979
  385 -0.000000 4.879313 0.000000 0.940009 -0.004531 0.036921
  386 -0.000001 5.043321 -0.000001 0.884514 0.001208 -0.055324
  387 -0.913047 4.042421 -0.126086 0.213321 -0.019605 -0.282979
  388 0.000000 0.000000 0.000000 -0.000000 0.000000 0.000000
  389 -0.913048 4.042422 -0.126085 0.213321 -0.019605 -0.282979
  390 0.000000 0.000000 0.000000 0.000000 -0.000000 -0.000001
  391 -0.000001 4.879313 -0.000000 0.940009 -0.004531 0.036922
  392 0.000000 0.000000 0.000000 -0.000000 -0.000000 -0.000000
  393 0.000000 5.043321 -0.000001 0.884514 0.001208 -0.055324
  394 0.000000 -0.000000 0.000000 -0.000000 0.000000 -0.000000
  395 0.000000 10.325294 -0.000001 3.141593 0.093078 0.000000
  396 -0.000004 -0.000000 0.000001 -0.000000 -0.000000 -0.000000
  397 -0.000000 0.000000 0.000000 -0.000000 -0.000000 -0.000000
  398 -0.913048 4.042422 -0.126085 0.213321 -0.019605 -0.282979
  399 -0.986053 0.947622 1.368038 0.166521 -0.766159 -0.595878
  400 -0.594147 5.098580 -0.082667 0.036912 0.459751 -0.204800
  401 -0.000001 4.968772 0.000001 0.919188 -0.003073 0.030015
  402 0.000000 5.803463 -0.000000 0.904622 0.001679 -0.049315
  403 -0.594147 5.098580 -0.082667 0.036912 0.459751 -0.204800
  404 -0.000001 4.968772 0.000001 0.919188 -0.003073 0.030015
  405 0.000000 5.803463 -0.000000 0.904622 0.001679 -0.049315
  406 -0.594147 5.098579 -0.082668 0.036912 0.459751 -0.204801
  407 0.000000 0.000000 0.000000 0.000000 0.000000 -0.000000
  408 -0.594147 5.098580 -0.082667 0.036912 0.459751 -0.204801
  409 0.000000 0.000000 0.000000 -0.000000 0.000000 0.000000
  410 -0.000002 4.968774 0.000001 0.919188 -0.003073 0.030015
  411 0.000000 0.000000 0.000000 0.000000 0.000000 0.000000
  412 0.000002 5.803464 0.000002 0.904623 0.001678 -0.049315
  413 0.000000 0.000000 0.000000 -0.000000 -0.000000 -0.000000
  414 0.000007 9.111453 -0.000004 3.141592 -0.806826 0.000001
  415 0.000001 -0.000001 0.000001 -0.000000 0.000000 -0.000001
  416 -0.000000 0.000000 0.000000 0.000000 0.000000 -0.000000
  417 -0.594147 5.098580 -0.082667 0.036912 0.459751 -0.204800
  418 -2.510269 0.335974 0.022941 -0.704387 -0.728957 0.808876
  419 -2.510269 0.335974 0.022941 -0.704387 -0.728957 0.808876
  420 -2.510269 0.335974 0.022941 -0.704387 -0.728957 0.808876
  421 8.463111 -0.489835 -2.120324 1.542233 0.000000 3.141593
  422 -0.000000 -0.000000 -0.000000 -0.000000 0.000000 -0.000000
  423 -8.463115 -0.489835 -2.120327 1.542233 -0.000000 -3.141593
  424 -0.000000 -0.000000 -0.000000 -0.000000 -0.000000 -0.000000
  425 8.463111 -0.489835 -2.120325 1.542233 0.000000 3.141593
  426 -8.463114 -0.489835 -2.120327 1.542233 -0.000000 -3.141593
  427 0.904462 6.782044 3.867486 -1.982249 -1.333136 0.706414
  428 -0.904463 6.782043 3.867487 -1.783768 1.270892 -0.311444
  429 0.000000 0.000000 0.000000 0.000000 0.000000 -0.000000
  430 -2.384858 45.420403 15.540361 0.000000 -0.000000 1.570796
  431 -30.430302 -38.157768 11.715530 2.427474 -0.025276 -1.049103
  432 0.000003 0.000004 -0.000002 -0.000000 0.000000 -0.000000
  433 -36.479984 24.939394 49.915047 0.951189 -0.069129 1.205418
  434 42.687481 -50.232101 13.803885 0.636716 0.964785 -2.018134
  435 -2.384865 -45.420403 15.540361 0.000000 -0.000000 1.570796
  436 8.890339 6.578714 2.995514 -0.763503 -0.422428 2.772888
  437 0.000002 -0.000002 0.000003 -0.000000 -0.000000 0.000000
  438 -39.358723 -9.604912 55.100945 1.035682 0.304358 1.758881
  439 -20.901665 -0.229537 -3.103376 0.636717 -0.964785 2.018134
  440 -0.483101 8.250682 -13.900933 0.000000 -0.000000 1.570796
  441 0.000000 -0.019654 -0.645735 -0.024900 -0.000000 -0.000000
  442 0.000002 -6.475163 -8.877783 0.000000 -0.000000 -0.000000
  443 -0.000002 6.475164 8.877783 0.000000 -0.000000 -0.000000
  444 -1.878122 12.014874 -0.599894 0.000000 0.000000 0.000000
  445 3.953934 0.000001 0.000000 -0.000000 -0.000000 0.000000
  446 -1.976969 -0.000000 0.000000 0.000000 0.000000 -0.000000
  447 -0.098844 -12.014876 0.599885 0.000000 0.000000 -0.000000
  448 -0.000002 6.475165 8.877786 -2.200961 0.000249 0.000342
  449 0.000000 0.000000 0.000001 -0.000000 -0.000000 0.000000
  450 -0.000000 10.988306 0.000001 2.200961 0.000423 0.000000
  451 0.000000 0.000000 0.000000 -0.060252 -0.000000 -3.141593
  452 32.114708 11.751430 -13.668573 0.087206 0.093591 1.782552
  453 1.961088 -0.448856 0.257715 -0.003598 -0.000000 -0.000000
  454 -0.483102 -8.250682 -13.900933 0.000000 -0.000000 1.570796
  455 -1.252177 22.074375 2.609637 0.194638 0.000000 0.000000
  456 0.000000 -6.475163 -8.877785 0.000000 -0.000000 -0.000000
  457 -0.000000 6.475163 8.877785 0.315481 0.000000 0.000000
  458 1.878118 12.014870 -0.599894 0.000000 -0.000000 -0.000000
  459 -3.953938 -0.000009 -0.000004 -0.000000 0.000000 -0.000000
  460 1.976965 -0.000005 -0.000005 0.000000 -0.000000 0.000000
  461 0.098849 -12.014873 0.599887 0.315481 0.000000 0.000000
  462 0.000001 6.475163 8.877783 -2.200961 -0.000249 -0.000341
  463 0.000000 0.000000 -0.000002 -0.000000 0.000000 0.000000
  464 -0.000001 10.988302 -0.000002 1.885480 -0.000422 0.000000
  465 0.000000 0.000000 0.000000 -0.060252 0.000000 -3.141593
  466 35.567741 -4.310738 -12.126451 0.087206 0.093591 1.782552
  467 -5.924030 1.355902 -0.778502 -0.003598 -0.000000 -0.000000
  time 1
  0 0.000000 0.000000 -23.603888 0.000000 -0.000000 1.570796
  1 0.558804 18.231634 41.125305 1.508800 0.101112 0.137342
  2 -0.000000 10.999707 -0.000000 -0.041054 0.001934 0.043252
  3 -0.000000 6.753159 -0.000000 -0.090713 -0.137636 -0.024092
  4 0.000000 8.544812 -0.000001 0.057548 -0.102034 -0.067773
  5 -0.000000 9.518035 0.000000 -0.024830 0.044950 0.065232
  6 0.000000 3.039627 0.000002 0.194069 0.054691 0.010743
  7 0.000000 3.098964 -0.000001 -0.378440 0.152341 0.221296
  8 21.552679 39.070114 62.887817 1.133885 2.917976 -0.416396
  9 -23.135456 37.831013 60.776917 -1.751423 -0.954301 1.699691
  10 9.230477 5.459584 24.331125 2.952833 0.211398 0.175042
  11 -8.754373 19.190405 22.769733 2.960876 -0.002255 -0.001880
  12 -1.789155 0.000000 28.175615 0.000000 -0.000000 1.570796
  13 1.851154 17.056387 -5.237762 -0.222878 -0.000000 0.000000
  14 0.000000 -1.769385 12.121017 -0.012309 0.068389 0.156151
  15 -0.000001 -1.769389 12.121017 0.092043 0.134066 -0.084532
  16 0.000000 -1.769385 12.121017 -0.007487 0.033954 0.078135
  17 -0.000000 -0.000002 -0.000000 1.694062 -0.000000 -0.000000
  18 -0.000000 -6.753160 -0.000001 -1.704469 0.073311 -0.043412
  19 0.000000 0.000000 0.000000 1.742380 0.000000 -0.000000
  20 -0.000000 -10.999707 0.000002 0.000000 0.000000 0.000000
  21 0.000000 0.000000 0.000000 0.000000 0.000000 0.000000
  22 0.000000 0.000000 0.000000 -1.341552 -1.993774 0.192913
  23 -0.000001 -0.000003 0.000001 -0.000000 0.000000 -0.000000
  24 0.000000 0.000000 0.000000 -1.341552 1.993774 -0.192912
  25 0.000001 -0.000002 0.000001 -0.000000 -0.000001 -0.000000
  26 8.250679 -0.215601 2.184239 2.571636 0.055319 -0.020331
  27 -0.000001 19.740885 0.000001 0.327779 -0.000000 -0.000000
  28 -0.000002 16.108347 0.000001 -0.352430 0.219318 -0.062228
  29 0.000206 10.980106 -0.001489 0.880380 -3.141171 0.000000
  30 -1.873868 4.392864 10.061481 -0.000523 0.630166 -1.571105
  31 0.000000 0.000002 0.000002 -0.000000 0.000000 -0.000000
  32 -0.000000 0.000000 -0.000000 0.000000 -0.000000 -0.000000
  33 0.000000 0.000002 -0.000000 0.000000 -0.000000 -0.000000
  34 0.000000 0.000000 0.000000 0.000000 0.000000 0.000000
  35 -0.000001 8.054176 0.000001 -0.000001 0.114205 -0.000001
  36 0.000000 0.000000 0.000000 0.000000 0.000204 0.000000
  37 0.000001 -0.000002 0.000003 -0.000000 0.000000 0.000000
  38 -0.000000 9.870441 0.000001 0.000000 0.030036 0.000000
  39 0.000000 0.000000 0.000000 -0.000000 0.000000 0.000000
  40 -8.250678 -0.215601 2.184236 -2.849105 -0.154819 0.009727
  41 -0.000000 19.632683 0.000001 0.541346 0.000000 0.000000
  42 -0.000002 15.999531 0.000003 -0.766560 -0.067635 -0.047221
  43 0.000327 10.983787 -0.002480 1.511342 3.141171 -0.000000
  44 1.873871 4.392859 10.061478 0.000522 2.511427 1.571104
  45 -0.000000 0.000002 0.000002 -0.000000 -0.000000 -0.000000
  46 0.000000 0.000000 0.000000 0.000000 0.000000 0.000000
  47 0.000001 0.000001 -0.000001 0.000000 0.000000 0.000000
  48 0.000000 0.000000 0.000000 0.000000 0.000000 0.000000
  49 -0.000000 7.999767 -0.000003 0.000000 -0.023385 0.000000
  50 0.000000 0.000000 0.000000 0.000000 -0.000205 0.000000
  51 0.000000 0.000000 0.000000 -0.000000 -0.000000 0.000000
  52 -0.000000 9.816342 -0.000002 0.000000 -0.081535 -0.000000
  53 0.000000 0.000000 0.000000 -0.000000 -0.000000 -0.000000
  54 8.250678 -0.215590 2.184239 2.903292 -0.000000 -0.000000
  55 8.250678 -0.215590 2.184239 -1.742379 0.000000 0.000000
  56 0.000000 0.000000 0.000000 -1.637514 -0.000000 -0.000000
  57 -0.000003 19.896326 0.000002 0.140363 -0.000000 0.000000
  58 -0.000001 16.264103 -0.000001 -0.703810 -0.000322 0.000273
  59 0.000000 0.000000 0.000000 -0.000000 -0.000000 0.000000
  60 -0.000002 10.988298 0.000000 0.880380 -3.141170 0.000000
  61 0.000000 0.000001 -0.000000 0.000000 -0.000000 -0.000000
  62 0.000000 0.000000 0.000000 -1.821354 -0.004142 0.000529
  63 0.000000 0.000008 0.000002 -0.147131 -0.059302 0.000000
  64 -0.000000 19.740875 0.000002 0.327779 -0.000000 -0.000000
  65 8.250679 -0.215601 2.184239 2.572608 0.005062 0.011853
  66 0.000000 -0.000001 0.000002 -0.000000 0.000000 -0.000000
  67 8.250680 -0.215601 2.184235 2.572608 0.005062 0.011853
  68 0.000002 9.870442 -0.000001 0.000000 -0.029633 -0.000000
  69 0.000001 9.870443 -0.000001 0.327779 -0.030036 -0.000000
  70 0.000002 8.054166 -0.000001 -0.000000 0.114410 -0.000000
  71 0.000000 8.054173 0.000000 -0.345429 0.105119 -0.061090
  72 0.000001 10.980128 0.000001 0.880244 -3.141171 0.000019
  73 -8.250679 -0.215598 2.184238 2.903292 -0.000000 -0.000000
  74 -8.250678 -0.215602 2.184237 -1.742379 0.000000 0.000000
  75 0.000000 0.000000 0.000000 -1.637514 0.000000 0.000000
  76 0.000003 19.896318 0.000000 0.140363 0.000000 -0.000000
  77 0.000001 16.264103 -0.000000 -0.703810 0.000322 -0.000273
  78 0.000000 0.000000 0.000000 -0.000000 0.000000 0.000000
  79 -0.000000 10.988299 -0.000001 0.880380 3.141171 -0.000000
  80 0.000000 0.000000 -0.000000 0.000000 0.000000 0.000000
  81 0.000000 0.000001 0.000000 -0.869208 -0.087191 -0.031745
  82 0.000000 -0.000000 -0.000000 -0.242383 0.160599 -0.000000
  83 -0.000000 19.632683 0.000001 0.541346 0.000000 0.000000
  84 -8.250678 -0.215601 2.184236 -2.852704 -0.001409 0.055709
  85 0.000000 0.000000 0.000000 0.000000 -0.000000 -0.000000
  86 -8.250678 -0.215601 2.184236 -2.852705 -0.001409 0.055709
  87 0.000000 9.816341 0.000000 0.000000 0.078565 -0.000000
  88 -0.000000 9.816347 0.000000 0.541346 0.081535 0.000000
  89 0.000000 7.999763 -0.000002 0.000001 -0.023590 0.000000
  90 0.000000 7.999769 -0.000001 -0.767900 -0.044092 -0.047181
  91 0.000000 10.983810 -0.000001 1.511116 3.141170 0.000029
  92 0.000000 0.000000 0.000000 -0.048317 0.000000 -0.000000
  93 0.000000 0.000000 0.000000 -0.000000 0.000000 0.000000
  94 -0.000000 -10.999707 0.000002 0.000000 0.000000 0.000000
  95 -0.000000 -1.769387 12.121017 0.047339 0.066063 -0.043718
  96 0.000000 -0.000002 -0.000000 1.538978 -0.000000 0.000000
  97 0.000000 0.000000 -0.000002 0.125134 0.060911 0.015854
  98 0.000000 0.000000 0.000000 -0.155084 -0.000000 0.000000
  99 0.000000 0.000000 0.000000 0.000000 -0.000000 -0.000000
  100 0.000002 8.544812 0.000002 -1.488794 -0.041499 -0.067478
  101 0.000000 0.000000 0.000000 1.542233 -0.000000 0.000000
  102 0.000000 9.518035 -0.000001 -0.024830 0.044950 0.065232
  103 0.000000 3.039627 0.000002 0.194069 0.054691 0.010743
  104 0.000000 3.098964 -0.000001 -0.378440 0.152341 0.221296
  105 0.000000 9.518035 -0.000001 -1.589550 0.044950 0.065232
  106 0.000000 0.000000 0.000000 1.662547 0.000000 -0.000000
  107 -0.000000 6.109806 -0.000000 -1.709773 0.052450 0.059373
  108 0.000000 0.000000 0.000000 1.406559 -0.196476 0.108866
  109 0.000000 0.000000 0.000000 -0.097827 0.000000 0.000000
  110 -0.000000 -0.000000 0.000000 0.000000 0.000000 -0.000000
  111 -0.000000 3.025095 -0.296884 -0.073997 0.049854 0.100583
  112 0.000000 0.000000 0.000000 0.095948 0.000000 -0.000000
  113 0.000000 0.000000 -0.000000 0.000000 0.000000 0.000000
  114 -0.000000 -0.000000 0.000000 0.000000 -0.000000 0.000000
  115 0.904463 6.782046 3.867486 -1.674425 -1.165465 0.447668
  116 0.010182 19.450800 -0.828342 -2.587509 0.387915 -1.480012
  117 -0.000004 19.412422 0.000005 1.545076 0.000000 -0.000000
  118 -0.000004 24.566206 -0.000005 -0.139479 0.186308 0.151649
  119 0.000000 0.000000 0.000000 -0.000000 0.000001 0.000001
  120 0.000000 0.000000 0.000000 0.000000 -0.000001 -0.000001
  121 -0.000002 -0.000002 -0.000003 -0.000000 -0.000000 -0.000000
  122 0.000001 -0.000001 -0.000000 0.000000 -0.000000 0.000000
  123 0.000001 12.283104 -0.000004 0.000000 0.087657 -0.000000
  124 0.000000 0.000000 0.000000 -0.000001 0.001371 -0.000001
  125 0.000000 0.000000 0.000000 -0.000000 -0.000000 0.000000
  126 0.000002 9.706215 0.000001 0.000000 -0.309429 0.000000
  127 0.000000 0.000000 0.000000 -0.000000 -0.000000 -0.000000
  128 0.000001 0.000002 -0.000000 0.000000 0.000000 0.000000
  129 0.010190 19.450796 -0.828336 -1.068311 -0.458283 0.722012
  130 0.010188 19.450796 -0.828344 0.041385 -0.124298 1.319061
  131 0.000000 0.000000 0.000000 -1.332781 0.484537 -2.373637
  132 -0.000004 20.126820 0.000001 0.277335 0.000000 0.000000
  133 0.000000 25.356459 0.000000 0.198412 -0.005445 0.027074
  134 0.000000 0.000000 0.000000 0.000000 0.000000 0.000000
  135 0.000000 0.000000 0.000000 -1.623750 0.283991 -2.504311
  136 -0.000006 0.000001 -0.000004 -0.886244 0.288542 0.000001
  137 -0.000009 19.412409 -0.000002 1.545076 0.000000 -0.000000
  138 0.010182 19.450800 -0.828342 -2.356686 0.810466 -1.083333
  139 0.000000 0.000000 0.000000 -0.000000 -0.000000 -0.000000
  140 0.010182 19.450800 -0.828342 -2.356686 0.810466 -1.083333
  141 0.000002 9.706214 0.000001 0.000000 0.221162 0.000001
  142 -0.000005 9.706203 -0.000000 1.545076 0.309430 -0.000001
  143 0.000003 12.283109 0.000003 0.000000 0.089029 0.000000
  144 -0.000003 12.283096 -0.000002 -0.152977 0.098287 0.149733
  145 0.838796 0.695169 1.002014 -0.146529 0.831652 0.111056
  146 0.174015 5.859963 0.005590 0.057776 -0.287169 0.072684
  147 0.000000 5.184050 0.000000 0.947264 -0.003806 0.022168
  148 0.000001 5.576724 0.000001 0.824227 0.000643 -0.036172
  149 0.174015 5.859963 0.005590 0.057776 -0.287169 0.072684
  150 0.000000 5.184050 0.000000 0.947264 -0.003806 0.022168
  151 0.000001 5.576724 0.000001 0.824227 0.000643 -0.036172
  152 0.174018 5.859960 0.005588 0.057776 -0.287169 0.072685
  153 0.000000 0.000000 0.000000 -0.000000 -0.000000 -0.000000
  154 0.174015 5.859963 0.005590 0.057776 -0.287169 0.072685
  155 0.000000 0.000000 0.000000 0.000000 -0.000001 0.000000
  156 0.000003 5.184051 0.000001 0.947264 -0.003806 0.022168
  157 0.000000 0.000000 0.000000 0.000000 -0.000000 -0.000001
  158 -0.000002 5.576724 -0.000000 0.824227 0.000643 -0.036171
  159 0.000000 0.000000 0.000000 0.000000 -0.000000 -0.000000
  160 0.000001 9.158420 -0.000002 3.141593 0.324016 -0.000001
  161 0.000003 -0.000000 -0.000002 -0.000000 -0.000000 -0.000000
  162 0.000000 0.000000 0.000000 -0.000000 -0.000000 0.000001
  163 0.174015 5.859963 0.005590 0.057776 -0.287169 0.072684
  164 0.208222 1.308918 0.886645 -0.521837 0.710749 -0.438947
  165 -0.164699 4.714419 0.088286 0.177555 -0.296553 -0.038426
  166 0.000003 6.134691 0.000001 0.874701 -0.004721 0.048260
  167 0.000000 5.142237 0.000001 0.778924 0.000042 -0.073619
  168 -0.164705 4.714424 0.088283 0.177555 -0.296553 -0.038426
  169 0.000006 6.134689 0.000001 0.874701 -0.004721 0.048260
  170 -0.000003 5.142238 -0.000001 0.778924 0.000042 -0.073619
  171 -0.164681 4.714407 0.088293 0.177555 -0.296553 -0.038426
  172 0.000000 0.000000 0.000000 -0.000000 0.000000 -0.000000
  173 0.000000 0.000000 0.000000 -0.000000 0.000000 -0.000000
  174 -0.164694 4.714415 0.088288 0.177555 -0.296552 -0.038425
  175 0.000000 0.000000 0.000000 -0.000000 -0.000001 -0.000001
  176 0.000001 6.134694 0.000000 0.874701 -0.004721 0.048261
  177 0.000000 0.000000 0.000000 -0.000000 -0.000001 -0.000001
  178 0.000002 5.142236 0.000002 0.778924 0.000043 -0.073619
  179 0.000000 0.000000 0.000000 -0.000000 -0.000001 -0.000001
  180 -0.000002 9.920085 -0.000003 3.141593 0.323205 0.000000
  181 0.000003 -0.000002 -0.000003 -0.000000 -0.000000 0.000000
  182 0.000002 0.000002 -0.000002 0.000000 -0.000000 -0.000000
  183 -0.164697 4.714417 0.088287 0.177555 -0.296553 -0.038426
  184 0.000000 0.000000 0.000000 -0.000000 0.000000 -0.000000
  185 1.229531 0.555895 1.288370 -0.746848 0.623235 -0.695222
  186 -0.573251 5.450115 -0.067952 0.207022 -0.080209 -0.208698
  187 -0.000000 5.046767 0.000002 0.926441 0.005801 -0.038571
  188 0.000003 4.876214 0.000002 0.891578 -0.002099 0.057281
  189 -0.573251 5.450115 -0.067952 0.207022 -0.080208 -0.208698
  190 -0.000001 5.046768 0.000002 0.926441 0.005801 -0.038571
  191 0.000003 4.876214 0.000002 0.891578 -0.002099 0.057281
  192 -0.573246 5.450114 -0.067954 0.207022 -0.080209 -0.208698
  193 0.000000 0.000000 0.000000 0.000000 -0.000000 0.000000
  194 0.000000 0.000000 0.000000 0.000000 -0.000000 0.000000
  195 -0.573251 5.450115 -0.067952 0.207022 -0.080208 -0.208698
  196 0.000000 0.000000 0.000000 0.000000 0.000000 0.000000
  197 -0.000001 5.046768 -0.000000 0.926440 0.005800 -0.038570
  198 0.000000 0.000000 0.000000 0.000000 0.000000 0.000000
  199 0.000005 4.876213 0.000000 0.891578 -0.002099 0.057281
  200 0.000000 0.000000 0.000000 0.000000 -0.000001 -0.000000
  201 -0.000000 10.336262 0.000003 -3.141593 -0.095607 -0.000001
  202 0.000000 0.000001 -0.000004 0.000000 0.000000 0.000000
  203 -0.000003 0.000004 -0.000003 0.000000 0.000000 -0.000001
  204 -0.573251 5.450115 -0.067952 0.207022 -0.080209 -0.208698
  205 0.000000 0.000000 0.000000 0.000000 -0.000000 0.000000
  206 2.510267 0.335970 0.022945 -0.704387 0.728957 -0.808876
  207 -0.946932 4.039658 -0.346230 0.204092 -0.003080 -0.542466
  208 0.000000 4.945990 0.000001 0.887764 0.001324 -0.011933
  209 0.000000 6.128851 -0.000001 0.936133 -0.001326 0.020281
  210 -0.946932 4.039658 -0.346230 0.204092 -0.003080 -0.542466
  211 0.000000 4.945990 0.000001 0.887764 0.001324 -0.011933
  212 0.000000 6.128851 -0.000001 0.936133 -0.001326 0.020281
  213 -0.946937 4.039657 -0.346233 0.204093 -0.003080 -0.542466
  214 0.000000 0.000000 0.000000 0.000000 -0.000000 -0.000000
  215 0.000000 0.000000 0.000000 0.000000 -0.000000 -0.000000
  216 -0.946932 4.039658 -0.346230 0.204093 -0.003081 -0.542467
  217 0.000000 0.000000 0.000000 -0.000000 0.000001 0.000001
  218 -0.000001 4.945990 -0.000000 0.887764 0.001324 -0.011934
  219 0.000000 0.000000 0.000000 -0.000000 0.000001 0.000001
  220 0.000004 6.128851 -0.000002 0.936133 -0.001326 0.020280
  221 0.000000 0.000000 0.000000 0.000000 0.000000 0.000000
  222 -0.000000 8.781746 0.000001 3.141593 -0.488191 0.000000
  223 0.000000 0.000000 0.000000 0.000000 -0.000000 0.000000
  224 -0.000001 0.000001 0.000001 -0.000000 0.000000 -0.000001
  225 -0.946932 4.039658 -0.346230 0.204092 -0.003080 -0.542466
  226 0.000000 0.000000 0.000000 0.000000 -0.000000 -0.000000
  227 0.777035 1.281745 1.958799 0.196515 0.598662 0.924076
  228 0.867614 4.064875 -0.119810 0.213321 0.019605 0.282979
  229 0.000002 4.879320 -0.000001 0.899304 0.004531 -0.036921
  230 -0.000001 5.043318 0.000000 0.843808 -0.001208 0.055324
  231 0.867614 4.064875 -0.119810 0.213321 0.019605 0.282979
  232 0.000002 4.879320 -0.000001 0.899304 0.004531 -0.036921
  233 -0.000001 5.043318 0.000000 0.843808 -0.001208 0.055324
  234 0.867613 4.064871 -0.119810 0.213321 0.019605 0.282980
  235 0.000000 0.000000 0.000000 0.000000 -0.000000 -0.000000
  236 0.867614 4.064875 -0.119810 0.213321 0.019605 0.282979
  237 0.000000 0.000000 0.000000 -0.000000 0.000001 0.000000
  238 0.000002 4.879317 -0.000001 0.899303 0.004531 -0.036922
  239 0.000000 0.000000 0.000000 0.000000 0.000000 0.000000
  240 0.000001 5.043318 0.000001 0.843808 -0.001208 0.055324
  241 0.000000 0.000000 0.000000 0.000000 -0.000000 -0.000000
  242 0.000003 10.325290 -0.000001 3.141593 -0.093078 -0.000000
  243 0.000003 0.000001 0.000001 -0.000000 0.000000 -0.000000
  244 0.000000 0.000000 0.000000 0.000000 -0.000000 -0.000000
  245 0.867614 4.064875 -0.119810 0.213321 0.019605 0.282979
  246 0.986050 0.947620 1.368039 0.166521 0.766159 0.595878
  247 0.565098 5.117543 -0.078614 0.036912 -0.459751 0.204801
  248 0.000001 4.968782 -0.000000 0.879243 0.003072 -0.030015
  249 0.000001 5.803464 0.000001 0.864677 -0.001678 0.049314
  250 0.565098 5.117543 -0.078614 0.036912 -0.459751 0.204801
  251 0.000001 4.968782 -0.000000 0.879243 0.003072 -0.030015
  252 0.000001 5.803464 0.000001 0.864677 -0.001678 0.049314
  253 0.565108 5.117542 -0.078621 0.036912 -0.459751 0.204801
  254 0.000000 0.000000 0.000000 0.000000 0.000000 0.000000
  255 0.565099 5.117542 -0.078618 0.036912 -0.459751 0.204801
  256 0.000000 0.000000 0.000000 -0.000000 -0.000001 -0.000000
  257 0.000001 4.968782 0.000000 0.879243 0.003073 -0.030015
  258 0.000000 0.000000 0.000000 -0.000000 -0.000000 -0.000000
  259 -0.000003 5.803464 0.000001 0.864677 -0.001678 0.049315
  260 0.000000 0.000000 0.000000 0.000000 0.000000 0.000000
  261 0.000003 9.111454 0.000001 3.141592 0.806825 -0.000001
  262 -0.000000 -0.000002 0.000001 -0.000000 0.000000 -0.000000
  263 0.000000 0.000000 0.000000 0.000000 -0.000000 0.000001
  264 0.565098 5.117543 -0.078616 0.036912 -0.459751 0.204801
  265 2.510267 0.335970 0.022945 -0.704387 0.728957 -0.808876
  266 2.510267 0.335970 0.022945 -0.704387 0.728957 -0.808876
  267 2.510267 0.335970 0.022945 -0.704387 0.728957 -0.808876
  268 -0.904461 6.782040 3.867484 -1.634172 1.117025 -0.191381
  269 -0.010182 19.450798 -0.828359 -1.970003 -0.527445 1.658758
  270 0.000010 19.844933 0.000008 0.783744 -0.000001 -0.000000
  271 0.000000 25.064655 0.000003 0.232593 -0.057885 0.346450
  272 0.000000 0.000000 0.000000 0.000000 -0.000001 -0.000001
  273 0.000000 0.000000 0.000000 -0.000000 0.000001 0.000001
  274 -0.000002 0.000001 0.000003 -0.000000 0.000000 0.000000
  275 -0.000001 -0.000001 -0.000000 0.000000 0.000000 -0.000000
  276 -0.000003 12.532329 0.000004 -0.000000 -0.008416 -0.000000
  277 0.000000 0.000000 0.000000 -0.000001 -0.001371 0.000001
  278 0.000001 0.000001 -0.000001 -0.000000 0.000000 -0.000000
  279 -0.000003 9.922469 0.000008 0.000001 0.286428 -0.000000
  280 0.000000 0.000000 0.000000 -0.000000 0.000000 0.000000
  281 0.000001 0.000003 -0.000000 0.000000 -0.000000 -0.000000
  282 -0.010192 19.450798 -0.828330 -1.068311 0.458283 -0.722012
  283 -0.010188 19.450800 -0.828337 0.041386 0.124298 -1.319061
  284 0.000000 0.000000 0.000000 -1.332781 -0.484537 2.373637
  285 0.000002 20.126820 0.000001 0.277335 -0.000000 0.000000
  286 -0.000002 25.356457 -0.000003 0.198412 0.005445 -0.027074
  287 0.000000 0.000000 0.000000 -0.000000 -0.000000 -0.000000
  288 -0.000001 0.000002 -0.000000 -1.345410 -0.336618 2.525014
  289 -0.000008 0.000012 -0.000006 -0.439866 -0.419633 -0.000000
  290 0.000015 19.844936 0.000006 0.783744 -0.000001 -0.000000
  291 -0.010180 19.450800 -0.828359 -1.599223 -0.649356 1.008179
  292 0.000000 0.000000 0.000000 -0.000000 0.000000 0.000000
  293 -0.010180 19.450800 -0.828359 -1.599222 -0.649355 1.008179
  294 -0.000003 9.922465 -0.000001 -0.000000 -0.264583 -0.000002
  295 -0.000001 9.922460 0.000001 0.783743 -0.286428 0.000001
  296 0.000000 12.532328 -0.000004 -0.000000 -0.009788 -0.000000
  297 -0.000001 12.532324 -0.000003 0.235920 -0.048678 0.346274
  298 -0.838805 0.695166 1.002011 -0.146529 -0.831651 -0.111056
  299 -0.182843 5.840546 0.005876 0.057776 0.287169 -0.072685
  300 0.000000 5.184052 0.000000 0.986619 0.003807 -0.022168
  301 0.000002 5.576724 -0.000003 0.863582 -0.000643 0.036173
  302 -0.182845 5.840543 0.005878 0.057776 0.287169 -0.072685
  303 -0.000002 5.184049 0.000002 0.986619 0.003807 -0.022168
  304 0.000002 5.576724 -0.000003 0.863582 -0.000643 0.036173
  305 -0.182820 5.840552 0.005870 0.057776 0.287169 -0.072685
  306 0.000000 0.000000 0.000000 -0.000000 0.000000 0.000000
  307 -0.182836 5.840549 0.005873 0.057776 0.287169 -0.072685
  308 0.000000 0.000000 0.000000 0.000000 0.000000 0.000000
  309 0.000001 5.184051 0.000000 0.986619 0.003806 -0.022168
  310 0.000000 0.000000 0.000000 0.000000 0.000001 0.000000
  311 0.000004 5.576723 -0.000003 0.863581 -0.000643 0.036172
  312 0.000000 0.000000 0.000000 0.000000 0.000000 0.000000
  313 -0.000000 9.158420 0.000002 3.141593 -0.324016 0.000000
  314 -0.000003 -0.000000 -0.000003 0.000000 0.000000 0.000000
  315 -0.000005 0.000002 0.000001 -0.000000 0.000000 -0.000001
  316 -0.182841 5.840549 0.005874 0.057776 0.287169 -0.072685
  317 -0.208225 1.308906 0.886646 -0.521836 -0.710749 0.438946
  318 0.171785 4.704574 0.092123 0.177555 0.296553 0.038427
  319 -0.000000 6.134695 -0.000002 0.908306 0.004721 -0.048261
  320 0.000005 5.142238 0.000002 0.812530 -0.000043 0.073620
  321 0.171782 4.704573 0.092125 0.177555 0.296553 0.038427
  322 -0.000000 6.134695 -0.000002 0.908306 0.004721 -0.048261
  323 0.000005 5.142238 0.000002 0.812530 -0.000043 0.073620
  324 0.171803 4.704581 0.092111 0.177555 0.296552 0.038426
  325 0.000000 0.000000 0.000000 -0.000000 0.000000 -0.000000
  326 0.000000 0.000000 0.000000 -0.000000 0.000000 -0.000000
  327 0.171793 4.704579 0.092117 0.177555 0.296552 0.038425
  328 0.000000 0.000000 0.000000 -0.000000 0.000001 0.000001
  329 -0.000002 6.134696 -0.000001 0.908307 0.004721 -0.048261
  330 0.000000 0.000000 0.000000 -0.000000 0.000001 0.000001
  331 0.000001 5.142239 -0.000000 0.812530 -0.000043 0.073619
  332 0.000000 0.000000 0.000000 -0.000000 0.000001 0.000001
  333 -0.000001 9.920085 -0.000002 -3.141593 -0.323204 -0.000000
  334 0.000000 0.000002 -0.000001 -0.000000 0.000000 0.000000
  335 0.000000 0.000000 0.000000 -0.000000 0.000000 -0.000000
  336 0.171787 4.704576 0.092121 0.177555 0.296553 0.038427
  337 0.000000 0.000000 0.000000 -0.000000 0.000000 -0.000000
  338 -1.229535 0.555891 1.288364 -0.746848 -0.623235 0.695221
  339 0.602259 5.433069 -0.071397 0.207022 0.080208 0.208698
  340 -0.000004 5.046766 0.000000 0.965793 -0.005799 0.038569
  341 0.000004 4.876209 -0.000001 0.930931 0.002099 -0.057279
  342 0.602259 5.433069 -0.071397 0.207022 0.080208 0.208698
  343 -0.000004 5.046766 0.000000 0.965793 -0.005799 0.038569
  344 0.000004 4.876209 -0.000001 0.930931 0.002099 -0.057279
  345 0.602276 5.433067 -0.071403 0.207022 0.080209 0.208698
  346 0.000000 0.000000 0.000000 0.000000 0.000000 0.000000
  347 0.000000 0.000000 0.000000 0.000000 0.000000 0.000000
  348 0.602263 5.433071 -0.071398 0.207022 0.080208 0.208698
  349 0.000000 0.000000 0.000000 -0.000000 -0.000000 -0.000000
  350 -0.000000 5.046766 0.000001 0.965794 -0.005800 0.038570
  351 0.000000 0.000000 0.000000 -0.000000 -0.000000 -0.000000
  352 0.000003 4.876211 -0.000001 0.930931 0.002099 -0.057280
  353 0.000000 0.000000 0.000000 0.000000 0.000001 0.000000
  354 0.000003 10.336265 0.000002 -3.141592 0.095607 0.000001
  355 -0.000000 -0.000002 -0.000003 0.000000 -0.000000 -0.000000
  356 -0.000007 0.000003 0.000002 -0.000000 0.000000 -0.000001
  357 0.602259 5.433069 -0.071397 0.207022 0.080209 0.208698
  358 0.000000 0.000000 0.000000 0.000000 0.000000 0.000000
  359 -2.510263 0.335979 0.022942 -0.704386 -0.728957 0.808876
  360 0.987859 4.033486 -0.361198 0.204092 0.003080 0.542466
  361 -0.000003 4.945989 0.000003 0.921370 -0.001324 0.011933
  362 0.000001 6.128855 -0.000003 0.969739 0.001326 -0.020281
  363 0.987856 4.033485 -0.361195 0.204092 0.003080 0.542466
  364 -0.000003 4.945989 0.000003 0.921370 -0.001324 0.011933
  365 0.000001 6.128855 -0.000003 0.969739 0.001326 -0.020281
  366 0.987876 4.033492 -0.361206 0.204093 0.003080 0.542466
  367 0.000000 0.000000 0.000000 0.000000 0.000000 -0.000000
  368 0.000000 0.000000 0.000000 0.000000 0.000000 -0.000000
  369 0.987864 4.033488 -0.361203 0.204093 0.003080 0.542467
  370 0.000000 0.000000 0.000000 -0.000000 -0.000001 -0.000001
  371 0.000002 4.945988 -0.000004 0.921369 -0.001324 0.011934
  372 0.000000 0.000000 0.000000 -0.000000 -0.000001 -0.000001
  373 0.000001 6.128854 0.000001 0.969738 0.001326 -0.020280
  374 0.000000 0.000000 0.000000 0.000000 -0.000000 -0.000000
  375 0.000001 8.781747 0.000003 3.141593 0.488191 -0.000000
  376 0.000001 -0.000002 -0.000003 0.000000 -0.000000 -0.000000
  377 -0.000003 0.000003 0.000001 0.000000 0.000000 -0.000000
  378 0.987862 4.033487 -0.361200 0.204092 0.003080 0.542466
  379 0.000000 0.000000 0.000000 0.000000 0.000000 -0.000000
  380 -0.777031 1.281752 1.958795 0.196514 -0.598662 -0.924076
  381 -0.911550 4.043149 -0.125874 0.213321 -0.019605 -0.282979
  382 -0.000001 4.879320 -0.000002 0.938656 -0.004531 0.036921
  383 -0.000001 5.043319 -0.000004 0.883162 0.001208 -0.055325
  384 -0.911550 4.043146 -0.125873 0.213321 -0.019605 -0.282979
  385 -0.000000 4.879316 -0.000001 0.938656 -0.004531 0.036921
  386 -0.000002 5.043320 -0.000008 0.883162 0.001208 -0.055325
  387 -0.911541 4.043167 -0.125878 0.213321 -0.019605 -0.282980
  388 0.000000 0.000000 0.000000 -0.000000 0.000000 0.000000
  389 -0.911550 4.043157 -0.125876 0.213321 -0.019605 -0.282979
  390 0.000000 0.000000 0.000000 -0.000000 -0.000000 -0.000000
  391 -0.000002 4.879316 -0.000002 0.938657 -0.004531 0.036922
  392 0.000000 0.000000 0.000000 0.000000 -0.000000 -0.000000
  393 -0.000005 5.043319 -0.000006 0.883161 0.001208 -0.055324
  394 0.000000 0.000000 0.000000 0.000000 0.000000 -0.000000
  395 -0.000003 10.325295 0.000004 3.141592 0.093078 0.000000
  396 0.000000 0.000000 0.000000 0.000000 0.000000 0.000000
  397 -0.000003 -0.000001 0.000004 -0.000001 0.000000 0.000001
  398 -0.911550 4.043153 -0.125875 0.213321 -0.019605 -0.282979
  399 -0.986045 0.947617 1.368041 0.166521 -0.766158 -0.595879
  400 -0.589556 5.101584 -0.082020 0.036912 0.459751 -0.204801
  401 -0.000000 4.968770 0.000000 0.912849 -0.003072 0.030015
  402 0.000002 5.803469 0.000001 0.898282 0.001678 -0.049315
  403 -0.589556 5.101584 -0.082020 0.036912 0.459751 -0.204800
  404 0.000000 4.968771 -0.000000 0.912849 -0.003072 0.030015
  405 0.000002 5.803469 0.000001 0.898282 0.001678 -0.049315
  406 -0.589543 5.101588 -0.082023 0.036912 0.459751 -0.204801
  407 0.000000 0.000000 0.000000 0.000000 -0.000000 0.000000
  408 -0.589556 5.101584 -0.082020 0.036912 0.459751 -0.204801
  409 0.000000 0.000000 0.000000 -0.000000 0.000000 0.000000
  410 -0.000001 4.968774 -0.000000 0.912848 -0.003073 0.030015
  411 0.000000 0.000000 0.000000 0.000000 0.000000 0.000000
  412 0.000005 5.803467 0.000003 0.898283 0.001678 -0.049316
  413 0.000000 0.000000 0.000000 0.000000 -0.000000 -0.000000
  414 0.000001 9.111454 -0.000001 3.141592 -0.806826 0.000001
  415 0.000000 0.000000 0.000000 -0.000000 -0.000000 -0.000000
  416 -0.000001 -0.000001 0.000004 0.000001 0.000000 -0.000001
  417 -0.589556 5.101584 -0.082020 0.036912 0.459751 -0.204801
  418 -2.510271 0.335970 0.022945 -0.704386 -0.728957 0.808876
  419 -2.510271 0.335970 0.022945 -0.704386 -0.728957 0.808876
  420 -2.510271 0.335970 0.022945 -0.704386 -0.728957 0.808876
  421 8.463114 -0.489838 -2.120323 1.542233 0.000000 3.141592
  422 0.000000 0.000000 0.000000 -0.000000 -0.000000 0.000000
  423 -8.463112 -0.489832 -2.120325 1.542233 0.000000 -3.141593
  424 0.000000 0.000000 0.000000 -0.000000 -0.000000 -0.000000
  425 8.463113 -0.489838 -2.120323 1.542233 0.000000 3.141592
  426 -8.463113 -0.489832 -2.120325 1.542233 0.000000 -3.141593
  427 0.904463 6.782046 3.867486 -1.674425 -1.165465 0.447668
  428 -0.904461 6.782040 3.867484 -1.634172 1.117025 -0.191381
  429 0.000000 0.000000 -0.000000 0.000000 0.000000 0.000000
  430 -2.384858 45.420403 15.540361 0.000000 -0.000000 1.570796
  431 -7.764227 24.839354 9.469006 -0.876334 0.721804 -2.600812
  432 -0.000004 0.000002 -0.000003 0.000000 -0.000000 -0.000000
  433 -55.701294 18.211079 10.708006 -0.204007 -0.323191 1.697641
  434 13.379833 -6.258265 -8.498688 0.636716 0.964784 -2.018134
  435 -2.384865 -45.420403 15.540361 0.000000 -0.000000 1.570796
  436 2.917654 29.634056 6.824741 -0.763503 -0.422428 2.772888
  437 0.000006 0.000004 -0.000000 -0.000000 -0.000000 0.000000
  438 -58.286110 -3.123344 10.929426 -0.203078 0.322571 1.204411
  439 -20.249233 2.957290 -0.525857 0.636716 -0.964784 2.018134
  440 -0.483101 8.250682 -13.900933 0.000000 -0.000000 1.570796
  441 0.000000 -0.019654 -0.645735 -0.024900 -0.000000 -0.000000
  442 0.000002 -6.475163 -8.877783 0.000000 -0.000000 -0.000000
  443 -0.000002 6.475164 8.877783 0.000000 -0.000000 -0.000000
  444 -1.878122 12.014874 -0.599894 0.000000 0.000000 0.000000
  445 3.953934 0.000001 0.000000 -0.000000 -0.000000 0.000000
  446 -1.976969 -0.000000 0.000000 0.000000 0.000000 -0.000000
  447 -0.098844 -12.014876 0.599885 0.000000 0.000000 -0.000000
  448 -0.000002 6.475165 8.877786 -2.200961 0.000249 0.000342
  449 0.000000 0.000002 0.000002 -0.000000 -0.000000 0.000000
  450 0.000001 10.988303 -0.000001 2.200961 0.000423 0.000000
  451 -0.000000 0.000000 -0.000002 -0.060252 -0.000000 -3.141593
  452 23.526201 13.535641 6.132511 -0.233579 0.101112 1.708138
  453 1.989704 -0.427153 0.257397 -0.003598 -0.000000 0.000000
  454 -0.483102 -8.250682 -13.900933 0.000000 -0.000000 1.570796
  455 -1.252181 36.187805 -0.677505 -0.009742 -0.000000 0.000000
  456 -0.000000 -6.475163 -8.877784 -0.000000 -0.000000 0.000000
  457 0.000000 6.475163 8.877784 0.630962 0.000000 0.000000
  458 1.878121 12.014874 -0.599895 -0.000000 0.000000 0.000000
  459 -3.953935 -0.000000 -0.000002 0.000000 0.000000 -0.000000
  460 1.976967 0.000000 0.000000 0.000000 -0.000000 -0.000000
  461 0.098847 -12.014875 0.599887 0.630962 -0.000000 0.000000
  462 -0.000000 6.475165 8.877783 -2.200961 -0.000249 -0.000341
  463 0.000000 0.000002 -0.000004 -0.000000 -0.000000 -0.000000
  464 -0.000000 10.988302 -0.000000 1.569999 -0.000422 0.000000
  465 0.000000 0.000000 0.000000 -0.060252 0.000000 3.141593
  466 25.773872 -2.726850 7.798153 -0.233579 0.101112 1.708138
  467 -5.948442 1.382351 -0.783979 -0.003598 -0.000000 0.000000
  time 2
  0 0.000000 0.000000 -23.603888 0.000000 -0.000000 1.570796
  1 -0.657153 22.678190 38.657810 1.583561 -0.025655 0.109764
  2 0.000000 10.999718 -0.000001 -0.038740 0.000505 0.011603
  3 -0.000000 6.753154 -0.000002 -0.522152 -0.126731 -0.015177
  4 0.000002 8.544813 0.000001 -0.376398 -0.137327 -0.005028
  5 -0.000002 9.518031 0.000003 0.403703 0.066736 0.031829
  6 0.000000 3.039625 0.000000 0.194433 0.081617 0.016053
  7 0.000000 3.098968 -0.000003 -0.114470 0.109088 0.367050
  8 18.478666 44.492031 52.490490 1.251359 2.819090 0.227636
  9 -12.108027 41.283855 45.365875 -1.726642 0.022002 -1.508762
  10 9.539145 7.764941 24.820234 3.118523 0.195571 0.191138
  11 -10.486140 16.740818 19.190998 3.024858 0.010977 0.009765
  12 -1.789155 0.000000 28.175615 0.000000 -0.000000 1.570796
  13 -0.568236 20.989820 -7.613277 -0.134907 -0.050927 0.002248
  14 0.000000 -1.769384 12.121017 -0.019224 0.010321 0.109885
  15 -0.000001 -1.769388 12.121016 -0.759723 -0.022326 -0.143471
  16 0.000000 -1.769384 12.121017 -0.009754 0.004896 0.054966
  17 0.000000 -0.000002 -0.000000 1.694062 0.000000 0.000000
  18 0.000000 -6.753162 0.000002 -1.704264 0.053945 -0.011631
  19 0.000000 0.000000 0.000000 1.742379 0.000000 0.000000
  20 0.000003 -10.999719 -0.000001 0.000000 0.000000 0.000000
  21 0.000000 0.000000 0.000000 0.000000 0.000000 0.000000
  22 0.000000 0.000000 0.000000 -1.341552 -1.993774 0.192913
  23 0.000001 -0.000002 0.000001 -0.000000 0.000000 -0.000000
  24 0.000000 0.000000 0.000000 -1.341552 1.993774 -0.192913
  25 0.000001 -0.000002 0.000001 -0.000000 -0.000000 -0.000000
  26 8.250686 -0.215599 2.184243 2.341668 0.082998 -0.093002
  27 0.000003 19.492970 -0.000001 0.868435 -0.000000 0.000000
  28 0.000001 15.858395 0.000000 -0.743219 0.187352 -0.082503
  29 -0.000006 10.987137 -0.000371 0.880380 -3.141171 0.000000
  30 -1.873868 4.392865 10.061482 -0.000523 0.630166 -1.571105
  31 0.000000 0.000001 0.000002 -0.000000 -0.000000 -0.000000
  32 0.000000 0.000000 0.000000 0.000000 -0.000000 -0.000000
  33 0.000001 -0.000000 -0.000001 0.000000 0.000000 0.000000
  34 0.000000 0.000000 0.000000 0.000000 0.000000 0.000000
  35 0.000000 7.929200 -0.000001 0.000000 0.105685 0.000000
  36 0.000000 0.000000 0.000000 -0.000000 0.000205 -0.000000
  37 -0.000000 -0.000001 0.000001 -0.000000 0.000000 0.000000
  38 0.000003 9.746485 0.000000 -0.000000 0.064428 -0.000000
  39 0.000000 0.000000 0.000000 -0.000000 0.000000 -0.000000
  40 -8.250689 -0.215600 2.184243 2.990733 -0.111315 -0.123117
  41 -0.000003 19.317934 0.000004 1.182027 -0.000000 -0.000000
  42 -0.000000 15.679883 -0.000000 -1.039870 -0.084414 -0.050382
  43 0.000057 10.987764 -0.000284 1.511342 3.141171 0.000000
  44 1.873871 4.392859 10.061475 0.000522 2.511427 1.571104
  45 -0.000000 0.000001 0.000002 -0.000000 -0.000000 0.000000
  46 0.000000 0.000000 0.000000 0.000000 0.000000 0.000000
  47 0.000000 0.000003 -0.000001 0.000000 -0.000000 -0.000000
  48 0.000000 0.000000 0.000000 0.000000 -0.000000 0.000000
  49 -0.000000 7.839946 0.000000 0.000000 -0.025829 0.000000
  50 0.000000 0.000000 0.000000 0.000000 -0.000205 -0.000000
  51 0.000001 -0.000004 -0.000001 0.000000 -0.000000 -0.000000
  52 -0.000001 9.658970 0.000001 0.000000 -0.046717 -0.000000
  53 0.000000 0.000000 0.000000 -0.000000 -0.000000 -0.000000
  54 8.250687 -0.215592 2.184242 2.903292 -0.000000 -0.000000
  55 8.250686 -0.215592 2.184242 -1.742380 -0.000000 0.000000
  56 0.000000 0.000000 0.000000 -1.637513 -0.000000 -0.000000
  57 -0.000001 19.896326 -0.000002 0.140363 -0.000000 0.000000
  58 -0.000001 16.264105 -0.000000 -0.703810 -0.000322 0.000273
  59 0.000000 0.000000 0.000000 -0.000000 -0.000000 0.000000
  60 0.000002 10.988300 0.000001 0.880380 -3.141170 0.000000
  61 0.000000 0.000000 -0.000000 0.000000 -0.000000 0.000000
  62 0.000000 0.000000 0.000000 -1.811649 0.051891 -0.006376
  63 0.000000 0.000004 0.000001 -0.386573 -0.107101 -0.000000
  64 0.000002 19.492973 0.000001 0.868435 -0.000000 0.000000
  65 8.250686 -0.215599 2.184243 2.345201 -0.002829 -0.004970
  66 0.000000 0.000000 0.000000 0.000000 0.000000 0.000000
  67 8.250686 -0.215599 2.184243 2.345201 -0.002828 -0.004970
  68 -0.000002 9.746489 -0.000002 -0.000000 -0.058447 0.000000
  69 -0.000001 9.746488 0.000000 0.868435 -0.064429 0.000000
  70 -0.000001 7.929194 -0.000001 0.000000 0.105890 -0.000000
  71 0.000001 7.929199 0.000002 -0.734514 0.081817 -0.081329
  72 -0.000002 10.987157 0.000001 0.880346 -3.141171 0.000000
  73 -8.250689 -0.215596 2.184243 2.903292 -0.000000 -0.000000
  74 -8.250689 -0.215596 2.184243 -1.742380 -0.000000 0.000000
  75 0.000000 0.000000 0.000000 -1.637513 -0.000000 0.000000
  76 -0.000003 19.896326 0.000002 0.140363 0.000000 0.000000
  77 -0.000000 16.264105 -0.000000 -0.703810 0.000322 -0.000273
  78 0.000000 0.000000 0.000000 -0.000000 0.000000 0.000000
  79 -0.000001 10.988300 0.000001 0.880380 3.141171 -0.000000
  80 0.000000 0.000000 -0.000000 0.000000 0.000000 -0.000000
  81 0.000000 0.000000 0.000000 -1.030038 0.074698 0.020568
  82 0.000000 0.000004 -0.000001 -0.521371 0.127346 0.000000
  83 0.000000 19.317932 0.000003 1.182027 -0.000000 -0.000000
  84 -8.250689 -0.215600 2.184243 2.991620 -0.026771 -0.135957
  85 0.000000 0.000000 0.000000 0.000000 0.000000 0.000000
  86 -8.250689 -0.215600 2.184243 2.991620 -0.026771 -0.135957
  87 -0.000002 9.658972 0.000000 0.000000 0.038791 -0.000000
  88 0.000001 9.658963 -0.000001 1.182027 0.046718 0.000000
  89 0.000000 7.839939 -0.000002 -0.000000 -0.026034 0.000000
  90 -0.000001 7.839942 0.000000 -1.041208 -0.058417 -0.050291
  91 0.000001 10.987788 -0.000001 1.511316 3.141170 0.000005
  92 0.000000 -0.000000 0.000000 -0.048317 -0.000000 -0.000000
  93 0.000000 0.000000 0.000000 -0.000000 0.000000 0.000000
  94 0.000003 -10.999719 -0.000001 0.000000 0.000000 0.000000
  95 -0.000001 -1.769387 12.121008 -0.380253 0.002634 -0.073880
  96 0.000000 -0.000003 -0.000002 1.538978 0.000000 0.000000
  97 -0.000000 0.000002 -0.000003 0.340492 0.061783 0.019252
  98 0.000000 0.000000 0.000000 -0.155084 -0.000000 0.000000
  99 0.000000 0.000000 0.000000 -0.000000 0.000000 -0.000000
  100 0.000000 8.544816 0.000002 -1.918950 -0.073758 -0.004994
  101 0.000000 0.000000 0.000000 1.542233 0.000000 0.000000
  102 0.000003 9.518032 -0.000005 0.403702 0.066735 0.031829
  103 0.000000 3.039625 0.000000 0.194433 0.081617 0.016053
  104 0.000000 3.098967 0.000001 -0.114470 0.109088 0.367050
  105 0.000003 9.518032 -0.000005 -1.161015 0.066735 0.031829
  106 0.000000 0.000000 0.000000 1.662547 0.000000 0.000000
  107 0.000001 6.109804 -0.000008 -1.281565 0.070072 0.023579
  108 0.000000 0.000000 0.000000 1.216328 -0.317520 0.192867
  109 0.000000 0.000000 0.000000 -0.097827 0.000000 0.000000
  110 0.000000 0.000000 0.000000 -0.000001 -0.000000 -0.000000
  111 -0.000000 3.025092 -0.296887 -0.153651 0.079717 0.167681
  112 0.000000 0.000000 0.000000 0.095948 0.000000 0.000000
  113 0.000000 0.000000 0.000000 -0.000000 0.000000 0.000000
  114 0.000000 0.000000 0.000000 -0.000000 0.000000 -0.000000
  115 0.904464 6.782040 3.867488 -1.687456 -1.198845 0.225865
  116 0.010174 19.450811 -0.828337 -0.090035 2.507657 1.298029
  117 -0.000005 19.383783 -0.000004 1.744385 0.000000 -0.000000
  118 0.000000 24.513872 -0.000005 -0.716705 -0.003134 -0.236932
  119 0.000000 0.000000 0.000000 0.000000 0.000001 0.000001
  120 0.000000 0.000000 0.000000 -0.000000 -0.000001 -0.000001
  121 0.000000 0.000000 0.000000 -0.000000 -0.000000 -0.000000
  122 0.000001 -0.000001 0.000000 0.000000 0.000000 0.000000
  123 0.000001 12.256934 -0.000005 -0.000000 0.041443 0.000000
  124 0.000000 0.000000 0.000000 -0.000001 0.001371 -0.000001
  125 0.000000 0.000000 0.000000 -0.000000 -0.000000 -0.000000
  126 -0.000004 9.691896 -0.000002 -0.000000 -0.411604 0.000000
  127 0.000000 0.000000 0.000000 -0.000000 -0.000000 -0.000000
  128 0.000000 0.000002 -0.000000 0.000000 0.000000 0.000000
  129 0.010187 19.450808 -0.828329 -1.068311 -0.458283 0.722012
  130 0.010187 19.450808 -0.828329 0.041386 -0.124298 1.319061
  131 0.000000 0.000000 0.000000 -1.332781 0.484537 -2.373637
  132 -0.000002 20.126823 -0.000004 0.277335 0.000000 0.000000
  133 0.000003 25.356453 0.000001 0.198412 -0.005445 0.027073
  134 0.000000 0.000000 0.000000 -0.000000 0.000000 0.000000
  135 0.000000 0.000000 0.000000 1.394769 2.391447 0.699609
  136 0.000001 0.000006 -0.000004 -1.010373 0.604398 0.000000
  137 -0.000004 19.383776 0.000000 1.744385 0.000000 -0.000000
  138 0.010174 19.450811 -0.828337 -0.275657 1.840206 1.085268
  139 0.000000 0.000000 0.000000 -0.000000 -0.000000 -0.000000
  140 0.010174 19.450811 -0.828337 -0.275658 1.840206 1.085266
  141 -0.000000 9.691898 0.000002 -0.000001 0.263621 -0.000001
  142 -0.000003 9.691885 -0.000003 1.744385 0.411605 -0.000000
  143 0.000003 12.256941 0.000003 0.000000 0.042815 0.000000
  144 -0.000005 12.256929 -0.000001 -0.706648 -0.044751 -0.237174
  145 0.838801 0.695166 1.002014 -0.146528 0.831651 0.111056
  146 0.174020 5.859973 0.005584 0.057776 -0.287169 0.072684
  147 0.000003 5.184044 0.000001 0.947264 -0.003807 0.022168
  148 -0.000001 5.576727 0.000001 0.824226 0.000643 -0.036172
  149 0.174020 5.859973 0.005584 0.057776 -0.287169 0.072684
  150 0.000003 5.184044 0.000001 0.947264 -0.003807 0.022168
  151 -0.000001 5.576727 0.000001 0.824226 0.000643 -0.036172
  152 0.174015 5.859968 0.005584 0.057776 -0.287169 0.072685
  153 0.000000 0.000000 0.000000 -0.000000 -0.000000 -0.000000
  154 0.174020 5.859973 0.005584 0.057776 -0.287169 0.072685
  155 0.000000 0.000000 0.000000 -0.000000 0.000000 -0.000000
  156 0.000001 5.184047 0.000002 0.947265 -0.003806 0.022168
  157 0.000000 0.000000 0.000000 0.000000 -0.000000 -0.000001
  158 -0.000004 5.576725 -0.000001 0.824227 0.000643 -0.036171
  159 0.000000 0.000000 0.000000 0.000000 -0.000000 0.000000
  160 0.000002 9.158417 -0.000005 3.141592 0.324016 -0.000001
  161 0.000000 -0.000002 0.000001 -0.000001 -0.000000 -0.000000
  162 0.000000 0.000000 0.000000 -0.000000 -0.000000 0.000001
  163 0.174020 5.859973 0.005584 0.057776 -0.287169 0.072684
  164 0.208224 1.308909 0.886642 -0.521837 0.710749 -0.438946
  165 -0.164681 4.714417 0.088291 0.177555 -0.296553 -0.038426
  166 -0.000000 6.134694 0.000001 0.874702 -0.004721 0.048260
  167 0.000004 5.142239 0.000002 0.778924 0.000043 -0.073619
  168 -0.164681 4.714417 0.088291 0.177555 -0.296553 -0.038426
  169 -0.000000 6.134694 0.000001 0.874702 -0.004721 0.048260
  170 0.000004 5.142239 0.000002 0.778924 0.000043 -0.073619
  171 -0.164683 4.714413 0.088293 0.177555 -0.296553 -0.038425
  172 0.000000 0.000000 0.000000 0.000000 0.000000 -0.000000
  173 0.000000 0.000000 0.000000 0.000000 0.000000 -0.000000
  174 -0.164681 4.714417 0.088291 0.177554 -0.296552 -0.038424
  175 0.000000 0.000000 0.000000 -0.000000 -0.000001 -0.000001
  176 0.000000 6.134694 -0.000000 0.874702 -0.004721 0.048261
  177 0.000000 0.000000 0.000000 -0.000000 -0.000001 -0.000001
  178 0.000003 5.142237 0.000003 0.778925 0.000043 -0.073619
  179 0.000000 0.000000 0.000000 -0.000000 -0.000001 -0.000001
  180 0.000003 9.920086 -0.000001 -3.141593 0.323205 0.000000
  181 0.000004 0.000001 0.000001 -0.000000 -0.000000 -0.000000
  182 -0.000003 0.000002 -0.000004 0.000001 0.000000 -0.000001
  183 -0.164681 4.714417 0.088291 0.177555 -0.296553 -0.038426
  184 0.000000 0.000000 0.000000 0.000000 0.000000 -0.000000
  185 1.229535 0.555900 1.288360 -0.746848 0.623235 -0.695221
  186 -0.573254 5.450114 -0.067954 0.207022 -0.080208 -0.208698
  187 -0.000001 5.046769 0.000001 0.926441 0.005800 -0.038571
  188 0.000001 4.876220 -0.000000 0.891577 -0.002099 0.057281
  189 -0.573254 5.450114 -0.067954 0.207022 -0.080208 -0.208698
  190 -0.000001 5.046769 0.000001 0.926441 0.005800 -0.038571
  191 0.000001 4.876220 -0.000000 0.891577 -0.002099 0.057281
  192 -0.573249 5.450115 -0.067955 0.207022 -0.080208 -0.208698
  193 0.000000 0.000000 0.000000 0.000000 -0.000000 0.000000
  194 0.000000 0.000000 0.000000 0.000000 -0.000000 0.000000
  195 -0.573254 5.450114 -0.067954 0.207022 -0.080208 -0.208698
  196 0.000000 0.000000 0.000000 -0.000000 0.000000 0.000000
  197 -0.000002 5.046770 0.000002 0.926441 0.005799 -0.038571
  198 0.000000 0.000000 0.000000 -0.000000 0.000000 0.000000
  199 0.000004 4.876217 0.000002 0.891578 -0.002099 0.057281
  200 0.000000 0.000000 0.000000 0.000000 -0.000001 -0.000000
  201 -0.000001 10.336268 -0.000003 -3.141593 -0.095607 -0.000001
  202 -0.000000 -0.000000 -0.000002 -0.000000 -0.000000 0.000000
  203 0.000000 0.000000 0.000000 0.000000 0.000000 -0.000001
  204 -0.573254 5.450114 -0.067954 0.207022 -0.080208 -0.208698
  205 0.000000 0.000000 0.000000 0.000000 -0.000000 0.000000
  206 2.510277 0.335970 0.022938 -0.704386 0.728958 -0.808876
  207 -0.946942 4.039662 -0.346233 0.204093 -0.003080 -0.542466
  208 -0.000000 4.945985 -0.000000 0.887763 0.001324 -0.011932
  209 -0.000001 6.128850 -0.000000 0.936132 -0.001326 0.020281
  210 -0.946942 4.039662 -0.346233 0.204093 -0.003080 -0.542466
  211 -0.000000 4.945985 -0.000000 0.887763 0.001324 -0.011932
  212 -0.000001 6.128850 -0.000000 0.936132 -0.001326 0.020281
  213 -0.946937 4.039659 -0.346235 0.204092 -0.003080 -0.542466
  214 0.000000 0.000000 0.000000 0.000000 -0.000000 0.000000
  215 0.000000 0.000000 0.000000 0.000000 -0.000000 0.000000
  216 -0.946942 4.039662 -0.346233 0.204093 -0.003081 -0.542467
  217 0.000000 0.000000 0.000000 -0.000000 0.000001 0.000001
  218 0.000001 4.945984 0.000001 0.887764 0.001324 -0.011934
  219 0.000000 0.000000 0.000000 -0.000000 0.000001 0.000001
  220 -0.000000 6.128851 0.000002 0.936133 -0.001326 0.020280
  221 0.000000 0.000000 0.000000 0.000000 0.000000 0.000000
  222 -0.000003 8.781748 -0.000004 3.141593 -0.488190 0.000000
  223 0.000000 0.000000 0.000000 -0.000000 -0.000000 0.000000
  224 0.000000 0.000000 0.000000 0.000000 0.000000 0.000000
  225 -0.946942 4.039662 -0.346233 0.204093 -0.003080 -0.542466
  226 0.000000 0.000000 0.000000 0.000000 -0.000000 0.000000
  227 0.777034 1.281749 1.958794 0.196515 0.598662 0.924076
  228 0.867609 4.064868 -0.119812 0.213321 0.019605 0.282980
  229 -0.000000 4.879308 0.000005 0.899303 0.004530 -0.036922
  230 -0.000000 5.043324 -0.000004 0.843808 -0.001208 0.055324
  231 0.867609 4.064868 -0.119812 0.213321 0.019605 0.282980
  232 -0.000000 4.879308 0.000005 0.899303 0.004530 -0.036922
  233 -0.000000 5.043324 -0.000004 0.843808 -0.001208 0.055324
  234 0.867611 4.064870 -0.119806 0.213321 0.019605 0.282979
  235 0.000000 0.000000 0.000000 0.000000 -0.000000 -0.000000
  236 0.867609 4.064868 -0.119812 0.213321 0.019604 0.282979
  237 0.000000 0.000000 0.000000 -0.000000 0.000000 0.000001
  238 -0.000001 4.879311 0.000002 0.899303 0.004531 -0.036922
  239 0.000000 0.000000 0.000000 0.000000 0.000000 0.000000
  240 -0.000000 5.043323 -0.000003 0.843808 -0.001208 0.055324
  241 0.000000 0.000000 0.000000 -0.000000 0.000000 0.000000
  242 -0.000002 10.325293 0.000000 3.141593 -0.093079 -0.000000
  243 0.000000 0.000000 0.000000 -0.000000 -0.000000 0.000000
  244 0.000000 0.000000 0.000000 -0.000001 -0.000000 0.000000
  245 0.867609 4.064868 -0.119812 0.213321 0.019605 0.282980
  246 0.986049 0.947623 1.368039 0.166521 0.766158 0.595879
  247 0.565097 5.117537 -0.078626 0.036912 -0.459751 0.204801
  248 0.000000 4.968783 0.000002 0.879242 0.003073 -0.030016
  249 -0.000001 5.803463 -0.000001 0.864677 -0.001678 0.049316
  250 0.565097 5.117537 -0.078626 0.036912 -0.459751 0.204801
  251 0.000000 4.968783 0.000002 0.879242 0.003073 -0.030016
  252 -0.000001 5.803463 -0.000001 0.864677 -0.001678 0.049316
  253 0.565100 5.117540 -0.078624 0.036912 -0.459751 0.204801
  254 0.000000 0.000000 0.000000 0.000000 0.000000 0.000000
  255 0.565097 5.117537 -0.078626 0.036912 -0.459751 0.204801
  256 0.000000 0.000000 0.000000 -0.000000 -0.000000 -0.000000
  257 0.000001 4.968783 0.000002 0.879243 0.003073 -0.030015
  258 0.000000 0.000000 0.000000 -0.000000 -0.000000 -0.000000
  259 -0.000002 5.803465 -0.000002 0.864678 -0.001678 0.049316
  260 0.000000 0.000000 0.000000 0.000000 -0.000000 0.000000
  261 -0.000001 9.111453 -0.000004 3.141592 0.806825 -0.000001
  262 0.000003 -0.000001 -0.000001 -0.000000 -0.000000 0.000000
  263 0.000000 0.000002 0.000001 -0.000000 -0.000000 0.000000
  264 0.565097 5.117537 -0.078626 0.036912 -0.459751 0.204801
  265 2.510275 0.335971 0.022938 -0.704386 0.728958 -0.808876
  266 2.510275 0.335971 0.022938 -0.704386 0.728958 -0.808876
  267 2.510275 0.335971 0.022938 -0.704386 0.728958 -0.808876
  268 -0.904461 6.782041 3.867489 -1.642991 1.134322 -0.197926
  269 -0.010194 19.450800 -0.828341 -2.545071 -0.831589 1.239470
  270 0.000001 19.413691 0.000002 1.534010 -0.000000 0.000000
  271 0.000003 24.568277 0.000002 -0.756161 -0.695978 0.786622
  272 0.000000 0.000000 0.000000 0.000000 -0.000001 -0.000001
  273 0.000000 0.000000 0.000000 -0.000000 0.000001 0.000001
  274 0.000000 0.000000 0.000000 -0.000000 0.000000 0.000000
  275 -0.000000 -0.000001 -0.000000 0.000000 0.000000 -0.000000
  276 -0.000005 12.284142 -0.000004 0.000000 -0.451134 -0.000001
  277 0.000000 0.000000 0.000000 -0.000001 -0.001371 0.000001
  278 -0.000004 -0.000001 0.000001 -0.000000 0.000000 -0.000000
  279 -0.000003 9.706846 0.000002 0.000000 0.058324 -0.000000
  280 0.000000 0.000000 0.000000 -0.000000 0.000000 0.000000
  281 -0.000001 0.000002 -0.000000 0.000000 -0.000000 -0.000000
  282 -0.010193 19.450809 -0.828333 -1.068311 0.458283 -0.722012
  283 -0.010191 19.450808 -0.828333 0.041386 0.124298 -1.319061
  284 0.000000 0.000000 0.000000 -1.332781 -0.484537 2.373637
  285 0.000004 20.126825 -0.000004 0.277335 -0.000000 -0.000000
  286 -0.000005 25.356468 0.000002 0.198412 0.005445 -0.027074
  287 0.000000 0.000000 0.000000 -0.000000 -0.000000 -0.000000
  288 0.000002 0.000001 0.000001 1.538610 -2.426406 -0.713386
  289 -0.000008 -0.000000 -0.000001 -0.879480 -0.124534 -0.000000
  290 0.000007 19.413681 0.000003 1.534010 -0.000000 0.000000
  291 -0.010196 19.450798 -0.828345 -2.474470 -0.912612 1.147366
  292 0.000000 0.000000 0.000000 -0.000000 0.000000 0.000000
  293 -0.010198 19.450796 -0.828347 -2.474470 -0.912612 1.147365
  294 -0.000000 9.706848 0.000001 -0.000000 -0.041990 -0.000000
  295 -0.000004 9.706842 -0.000000 1.534010 -0.058325 0.000001
  296 -0.000000 12.284146 0.000000 0.000001 -0.452505 -0.000001
  297 0.000002 12.284134 -0.000003 -0.420808 -0.346535 0.615855
  298 -0.838799 0.695161 1.002008 -0.146528 -0.831651 -0.111056
  299 -0.182524 5.841227 0.005860 0.057775 0.287169 -0.072685
  300 -0.000001 5.184051 0.000001 0.985266 0.003806 -0.022167
  301 0.000000 5.576722 0.000000 0.862228 -0.000643 0.036172
  302 -0.182524 5.841227 0.005860 0.057775 0.287169 -0.072685
  303 -0.000001 5.184051 0.000001 0.985266 0.003806 -0.022167
  304 0.000000 5.576723 0.000000 0.862228 -0.000643 0.036172
  305 -0.182516 5.841220 0.005862 0.057776 0.287169 -0.072685
  306 0.000000 0.000000 0.000000 0.000000 -0.000000 0.000000
  307 -0.182521 5.841224 0.005859 0.057776 0.287169 -0.072685
  308 0.000000 0.000000 0.000000 -0.000000 0.000000 0.000000
  309 0.000002 5.184050 -0.000001 0.985266 0.003806 -0.022168
  310 0.000000 0.000000 0.000000 0.000000 0.000000 0.000001
  311 0.000001 5.576722 0.000000 0.862228 -0.000643 0.036172
  312 0.000000 0.000000 0.000000 0.000000 0.000000 0.000000
  313 0.000003 9.158416 -0.000003 3.141593 -0.324016 0.000000
  314 -0.000004 0.000001 0.000001 -0.000000 -0.000000 -0.000000
  315 0.000000 0.000000 0.000000 -0.000000 0.000000 -0.000000
  316 -0.182522 5.841225 0.005860 0.057775 0.287169 -0.072685
  317 -0.208222 1.308914 0.886643 -0.521836 -0.710749 0.438946
  318 0.170848 4.705896 0.091597 0.177555 0.296553 0.038426
  319 -0.000000 6.134691 -0.000001 0.903826 0.004721 -0.048260
  320 0.000000 5.142233 -0.000002 0.808050 -0.000043 0.073619
  321 0.170848 4.705896 0.091597 0.177555 0.296553 0.038426
  322 -0.000000 6.134691 -0.000001 0.903826 0.004721 -0.048260
  323 0.000000 5.142233 -0.000002 0.808050 -0.000043 0.073619
  324 0.170857 4.705888 0.091601 0.177555 0.296553 0.038426
  325 0.000000 0.000000 0.000000 -0.000000 0.000000 0.000000
  326 0.000000 0.000000 0.000000 -0.000000 0.000000 0.000000
  327 0.170849 4.705893 0.091597 0.177555 0.296552 0.038425
  328 0.000000 0.000000 0.000000 -0.000000 0.000001 0.000001
  329 -0.000003 6.134690 -0.000000 0.903826 0.004721 -0.048261
  330 0.000000 0.000000 0.000000 0.000000 0.000001 0.000001
  331 0.000000 5.142236 -0.000001 0.808050 -0.000043 0.073618
  332 0.000000 0.000000 0.000000 -0.000000 0.000001 0.000001
  333 0.000007 9.920084 -0.000001 -3.141593 -0.323204 -0.000000
  334 -0.000001 -0.000002 -0.000001 -0.000000 0.000000 -0.000001
  335 -0.000001 0.000001 -0.000001 -0.000000 -0.000000 0.000000
  336 0.170848 4.705894 0.091597 0.177555 0.296553 0.038426
  337 0.000000 0.000000 0.000000 -0.000000 0.000000 0.000000
  338 -1.229536 0.555897 1.288365 -0.746848 -0.623235 0.695221
  339 0.601275 5.433659 -0.071285 0.207022 0.080209 0.208698
  340 0.000000 5.046765 -0.000000 0.964441 -0.005800 0.038570
  341 -0.000004 4.876211 0.000001 0.929578 0.002099 -0.057280
  342 0.601275 5.433659 -0.071285 0.207022 0.080209 0.208698
  343 0.000000 5.046765 -0.000000 0.964441 -0.005800 0.038570
  344 -0.000004 4.876211 0.000001 0.929578 0.002099 -0.057280
  345 0.601279 5.433654 -0.071288 0.207022 0.080209 0.208698
  346 0.000000 0.000000 0.000000 0.000000 0.000000 -0.000000
  347 0.000000 0.000000 0.000000 0.000000 0.000000 -0.000000
  348 0.601276 5.433655 -0.071286 0.207022 0.080209 0.208698
  349 0.000000 0.000000 0.000000 0.000000 -0.000000 0.000000
  350 0.000001 5.046767 -0.000000 0.964441 -0.005800 0.038570
  351 0.000000 0.000000 0.000000 -0.000000 -0.000000 -0.000000
  352 0.000000 4.876210 -0.000001 0.929578 0.002099 -0.057280
  353 0.000000 0.000000 0.000000 0.000000 0.000001 0.000001
  354 0.000004 10.336261 0.000003 -3.141593 0.095607 0.000001
  355 -0.000001 -0.000004 -0.000001 0.000000 -0.000000 -0.000000
  356 0.000000 0.000001 -0.000001 -0.000000 0.000000 -0.000000
  357 0.601275 5.433657 -0.071285 0.207022 0.080209 0.208698
  358 0.000000 0.000000 0.000000 0.000000 0.000000 -0.000000
  359 -2.510270 0.335976 0.022943 -0.704386 -0.728958 0.808876
  360 0.982413 4.034320 -0.359206 0.204093 0.003080 0.542466
  361 0.000001 4.945983 -0.000001 0.916889 -0.001324 0.011934
  362 0.000001 6.128850 -0.000001 0.965258 0.001326 -0.020281
  363 0.982413 4.034320 -0.359206 0.204093 0.003080 0.542466
  364 0.000001 4.945983 -0.000001 0.916889 -0.001324 0.011934
  365 0.000001 6.128850 -0.000001 0.965258 0.001326 -0.020281
  366 0.982419 4.034317 -0.359206 0.204093 0.003080 0.542466
  367 0.000000 0.000000 0.000000 -0.000000 0.000000 -0.000000
  368 0.000000 0.000000 0.000000 -0.000000 0.000000 -0.000000
  369 0.982414 4.034318 -0.359207 0.204093 0.003081 0.542467
  370 0.000000 0.000000 0.000000 -0.000000 -0.000001 -0.000001
  371 0.000002 4.945984 0.000001 0.916889 -0.001324 0.011934
  372 0.000000 0.000000 0.000000 -0.000000 -0.000001 -0.000001
  373 -0.000001 6.128850 -0.000001 0.965258 0.001326 -0.020280
  374 0.000000 0.000000 0.000000 0.000000 -0.000000 -0.000000
  375 -0.000001 8.781750 -0.000001 3.141593 0.488191 -0.000000
  376 0.000000 0.000000 0.000000 -0.000000 -0.000000 0.000000
  377 0.000001 -0.000001 0.000000 -0.000000 0.000000 0.000000
  378 0.982413 4.034320 -0.359206 0.204093 0.003080 0.542466
  379 0.000000 0.000000 0.000000 -0.000000 0.000000 -0.000000
  380 -0.777027 1.281750 1.958799 0.196514 -0.598662 -0.924076
  381 -0.910039 4.043910 -0.125663 0.213320 -0.019605 -0.282980
  382 -0.000000 4.879317 0.000000 0.937305 -0.004531 0.036922
  383 -0.000000 5.043314 -0.000001 0.881808 0.001208 -0.055325
  384 -0.910039 4.043910 -0.125663 0.213320 -0.019605 -0.282980
  385 -0.000000 4.879317 0.000000 0.937305 -0.004531 0.036922
  386 -0.000000 5.043314 -0.000001 0.881808 0.001208 -0.055325
  387 -0.910031 4.043915 -0.125669 0.213321 -0.019605 -0.282979
  388 0.000000 0.000000 0.000000 -0.000000 -0.000000 0.000000
  389 -0.910039 4.043910 -0.125663 0.213321 -0.019605 -0.282979
  390 0.000000 0.000000 0.000000 -0.000000 -0.000001 -0.000000
  391 0.000002 4.879317 -0.000002 0.937304 -0.004531 0.036922
  392 0.000000 0.000000 0.000000 0.000000 -0.000000 -0.000000
  393 -0.000003 5.043316 0.000000 0.881808 0.001208 -0.055324
  394 0.000000 0.000000 0.000000 -0.000000 -0.000000 0.000000
  395 0.000001 10.325291 -0.000001 3.141593 0.093079 0.000001
  396 0.000000 0.000003 0.000007 -0.000000 0.000000 -0.000000
  397 0.000000 0.000000 0.000000 0.000000 0.000000 0.000001
  398 -0.910039 4.043910 -0.125663 0.213320 -0.019605 -0.282980
  399 -0.986051 0.947619 1.368041 0.166521 -0.766158 -0.595878
  400 -0.586287 5.103712 -0.081571 0.036911 0.459751 -0.204801
  401 -0.000002 4.968781 -0.000002 0.908369 -0.003073 0.030016
  402 -0.000001 5.803463 0.000003 0.893802 0.001678 -0.049316
  403 -0.586287 5.103712 -0.081571 0.036911 0.459751 -0.204801
  404 -0.000002 4.968781 -0.000002 0.908369 -0.003073 0.030016
  405 -0.000001 5.803463 0.000003 0.893802 0.001678 -0.049316
  406 -0.586284 5.103710 -0.081571 0.036912 0.459751 -0.204801
  407 0.000000 0.000000 0.000000 0.000000 -0.000000 0.000000
  408 -0.586287 5.103712 -0.081571 0.036912 0.459751 -0.204801
  409 0.000000 0.000000 0.000000 -0.000000 0.000000 0.000000
  410 -0.000000 4.968781 -0.000002 0.908368 -0.003073 0.030015
  411 0.000000 0.000000 0.000000 -0.000000 0.000000 0.000000
  412 -0.000002 5.803465 0.000002 0.893803 0.001678 -0.049315
  413 0.000000 0.000000 0.000000 -0.000000 -0.000000 0.000000
  414 0.000004 9.111454 -0.000003 3.141592 -0.806826 0.000001
  415 -0.000002 -0.000004 0.000006 -0.000001 -0.000000 -0.000000
  416 -0.000001 -0.000002 -0.000001 0.000000 0.000000 0.000000
  417 -0.586287 5.103712 -0.081571 0.036911 0.459751 -0.204801
  418 -2.510269 0.335973 0.022944 -0.704386 -0.728958 0.808876
  419 -2.510269 0.335973 0.022944 -0.704386 -0.728958 0.808876
  420 -2.510269 0.335973 0.022944 -0.704386 -0.728958 0.808876
  421 8.463116 -0.489833 -2.120322 1.542233 0.000000 3.141593
  422 0.000000 0.000000 0.000000 0.000000 -0.000000 0.000000
  423 -8.463116 -0.489835 -2.120327 1.542233 0.000000 3.141593
  424 0.000000 0.000000 0.000000 0.000000 -0.000000 0.000000
  425 8.463116 -0.489833 -2.120322 1.542233 0.000000 3.141593
  426 -8.463115 -0.489835 -2.120327 1.542233 0.000000 3.141593
  427 0.904464 6.782040 3.867488 -1.687456 -1.198845 0.225865
  428 -0.904461 6.782041 3.867489 -1.642991 1.134322 -0.197926
  429 0.000000 0.000000 0.000000 -0.000000 0.000000 0.000000
  430 -2.384858 45.420403 15.540361 0.000000 -0.000000 1.570796
  431 -11.554285 24.839354 5.238392 -1.167627 0.310915 -2.796918
  432 -0.000001 -0.000001 -0.000003 0.000000 0.000000 0.000000
  433 -27.807337 12.498816 -7.430048 -0.945660 -0.134336 1.697977
  434 18.378094 17.372265 23.090248 0.636716 0.964785 -2.018134
  435 -2.384865 -45.420403 15.540361 0.000000 -0.000000 1.570796
  436 11.332018 33.443577 -3.297703 -1.104284 -0.420668 2.799893
  437 0.000000 0.000000 0.000000 -0.000000 -0.000000 0.000000
  438 -30.508478 -2.984493 -9.192613 -0.877173 -0.083741 1.119183
  439 -18.478361 4.673280 0.862044 0.636716 -0.964785 2.018134
  440 -0.483101 8.250682 -13.900933 0.000000 -0.000000 1.570796
  441 -0.000001 8.430782 -0.645735 -0.024900 -0.000000 -0.000000
  442 0.000001 -6.475164 -8.877783 0.000000 -0.000000 -0.000000
  443 -0.000001 6.475164 8.877783 0.000000 -0.000000 -0.000000
  444 -1.878121 12.014873 -0.599894 0.000000 0.000000 0.000000
  445 3.953934 0.000001 0.000000 -0.000000 -0.000000 0.000000
  446 -1.976967 -0.000001 -0.000000 0.000000 0.000000 -0.000000
  447 -0.098846 -12.014876 0.599885 0.000000 0.000000 -0.000000
  448 -0.000001 6.475165 8.877786 -2.200961 0.000249 0.000342
  449 0.000000 0.000003 0.000000 -0.000000 -0.000000 0.000000
  450 -0.000001 10.988308 0.000002 2.200961 0.000423 0.000000
  451 0.000000 0.000000 0.000000 -0.060252 -0.000000 -3.141593
  452 18.353695 12.518970 1.467222 -0.158819 -0.025655 1.680560
  453 2.190025 -0.275228 0.255170 -0.003598 0.000000 0.000000
  454 -0.483102 -8.250682 -13.900933 0.000000 -0.000000 1.570796
  455 -3.016525 36.187805 -0.677505 -0.009742 -0.000000 0.000000
  456 -0.000000 -6.475163 -8.877784 -0.000000 -0.000000 0.000000
  457 0.000000 6.475163 8.877784 0.630962 0.000000 0.000000
  458 1.878119 12.014874 -0.599895 -0.000000 0.000000 0.000000
  459 -3.953938 -0.000000 -0.000002 0.000000 0.000000 -0.000000
  460 1.976964 0.000000 0.000000 0.000000 -0.000000 -0.000000
  461 0.098849 -12.014875 0.599887 0.630962 -0.000000 0.000000
  462 -0.000000 6.475165 8.877783 -2.200961 -0.000249 -0.000341
  463 0.000001 0.000002 -0.000006 -0.000000 -0.000000 -0.000000
  464 0.000001 10.988302 -0.000003 1.569999 -0.000422 0.000000
  465 0.000000 0.000000 0.000000 -0.060252 0.000000 3.141593
  466 20.160725 -3.877701 1.043926 -0.158819 -0.025655 1.680560
  467 -6.119313 1.567519 -0.822307 -0.003598 0.000000 0.000000
  time 3
  0 0.000000 0.000000 -23.603888 0.000000 -0.000000 1.570796
  1 -1.924068 23.741289 42.321163 1.663121 -0.145450 0.091082
  2 0.000000 10.999718 -0.000000 -0.037221 -0.000802 -0.018749
  3 0.000000 6.753169 0.000001 -0.254628 -0.111257 0.067861
  4 -0.000003 8.544814 -0.000001 -0.108395 -0.184678 0.092208
  5 0.000001 9.518030 0.000001 0.117399 0.116058 -0.080370
  6 -0.000000 3.039635 0.000000 0.194661 0.094761 0.018652
  7 0.000001 3.098961 -0.000000 -0.574501 0.278199 0.240956
  8 19.940203 30.993870 61.330376 0.113015 2.107041 -0.218261
  9 -21.629646 39.941280 50.598148 -1.279499 -0.711746 0.601122
  10 8.391047 15.195945 24.911730 3.067275 0.211588 0.196521
  11 -11.606331 18.360376 21.536236 3.123527 0.035895 0.035252
  12 -1.789155 0.000000 28.175615 0.000000 -0.000000 1.570796
  13 -2.987625 21.551743 -4.059425 -0.046697 -0.101854 0.000000
  14 0.000001 -1.769385 12.121015 -0.023440 -0.048170 0.088060
  15 -0.000000 -1.769391 12.121015 -0.180054 -0.197130 -0.202671
  16 0.000001 -1.769383 12.121015 -0.011186 -0.024343 0.043876
  17 -0.000000 -0.000002 -0.000000 1.694062 0.000000 0.000000
  18 -0.000002 -6.753164 -0.000001 -1.704277 0.046525 0.018786
  19 0.000000 0.000000 0.000000 1.742379 -0.000000 -0.000000
  20 -0.000001 -10.999721 0.000002 -0.000000 -0.000000 -0.000000
  21 -0.000000 0.000000 -0.000000 -0.000000 -0.000000 -0.000000
  22 0.000000 0.000000 0.000000 -1.341553 -1.993774 0.192914
  23 0.000001 -0.000002 0.000001 -0.000000 0.000000 0.000000
  24 0.000000 0.000000 0.000000 -1.341552 1.993774 -0.192914
  25 0.000002 -0.000004 0.000001 -0.000000 -0.000000 0.000000
  26 8.250680 -0.215600 2.184237 2.665996 0.110524 -0.135678
  27 -0.000005 19.642113 0.000003 0.520517 -0.000000 -0.000000
  28 -0.000001 16.009016 0.000007 -0.792726 0.214108 -0.008646
  29 -0.000298 10.982724 -0.003331 0.880380 -3.141171 0.000000
  30 -1.873868 4.392864 10.061481 -0.000523 0.630166 -1.571104
  31 0.000000 0.000002 0.000001 -0.000000 -0.000000 -0.000000
  32 0.000000 0.000000 0.000000 0.000000 -0.000000 -0.000000
  33 -0.000000 0.000002 -0.000000 0.000000 0.000000 0.000000
  34 0.000000 0.000000 0.000000 -0.000000 0.000000 0.000000
  35 0.000001 8.004511 0.000005 0.000000 0.104449 0.000000
  36 0.000000 0.000000 0.000000 -0.000000 0.000205 -0.000000
  37 0.000000 -0.000001 0.000002 -0.000000 0.000000 0.000000
  38 -0.000002 9.821061 0.000003 -0.000000 0.077227 -0.000000
  39 0.000000 0.000000 0.000000 -0.000000 0.000000 0.000000
  40 -8.250682 -0.215595 2.184244 2.931660 -0.078733 -0.237903
  41 -0.000001 19.423801 0.000001 0.978361 0.000000 -0.000000
  42 -0.000002 15.788335 0.000001 -0.857606 -0.051224 -0.090838
  43 0.000074 10.987666 -0.000255 1.511342 3.141171 -0.000000
  44 1.873870 4.392859 10.061473 0.000523 2.511427 1.571104
  45 -0.000000 0.000001 0.000004 -0.000000 -0.000000 -0.000000
  46 0.000000 0.000000 0.000000 0.000000 -0.000000 -0.000000
  47 0.000000 0.000001 -0.000001 0.000000 -0.000000 0.000000
  48 0.000000 0.000000 0.000000 -0.000000 -0.000000 -0.000000
  49 -0.000001 7.894171 -0.000001 0.000000 -0.004608 0.000000
  50 0.000000 0.000000 0.000000 -0.000000 -0.000205 -0.000000
  51 0.000000 0.000000 0.000000 -0.000000 0.000000 -0.000000
  52 0.000001 9.711902 -0.000000 0.000000 -0.012578 -0.000000
  53 0.000000 0.000000 0.000000 -0.000000 -0.000000 0.000000
  54 8.250681 -0.215597 2.184234 2.903292 0.000000 -0.000000
  55 8.250681 -0.215601 2.184235 -1.742379 0.000000 -0.000000
  56 0.000000 0.000000 0.000000 -1.637514 0.000000 -0.000000
  57 0.000000 19.896324 0.000002 0.140363 -0.000000 0.000000
  58 0.000003 16.264105 -0.000001 -0.703810 -0.000322 0.000273
  59 0.000000 0.000000 0.000000 -0.000000 -0.000000 0.000000
  60 -0.000002 10.988298 -0.000001 0.880380 -3.141171 0.000000
  61 0.000000 0.000000 0.000000 0.000000 -0.000000 0.000000
  62 0.000000 0.000000 0.000000 -1.641566 0.105246 -0.003919
  63 -0.000001 0.000000 -0.000002 -0.233123 -0.136253 0.000000
  64 -0.000004 19.642113 0.000003 0.520517 -0.000000 -0.000000
  65 8.250680 -0.215600 2.184237 2.668981 -0.024634 -0.066339
  66 0.000000 0.000000 0.000000 0.000000 0.000000 -0.000000
  67 8.250680 -0.215600 2.184237 2.668981 -0.024634 -0.066339
  68 -0.000002 9.821062 0.000001 -0.000000 -0.074625 0.000000
  69 -0.000000 9.821052 -0.000001 0.520518 -0.077228 -0.000000
  70 0.000000 8.004506 0.000002 -0.000000 0.104654 0.000000
  71 0.000001 8.004512 -0.000000 -0.792119 0.109478 -0.008481
  72 -0.000003 10.982749 -0.000001 0.880076 -3.141171 -0.000026
  73 -8.250681 -0.215596 2.184242 2.903292 0.000000 -0.000000
  74 -8.250681 -0.215596 2.184242 -1.742379 0.000000 -0.000000
  75 0.000000 0.000000 0.000000 -1.637514 -0.000000 0.000000
  76 -0.000000 19.896326 -0.000000 0.140363 0.000000 0.000000
  77 0.000004 16.264103 -0.000001 -0.703810 0.000322 -0.000273
  78 0.000000 0.000000 0.000000 -0.000000 -0.000000 0.000000
  79 -0.000000 10.988300 0.000001 0.880380 3.141170 -0.000000
  80 0.000000 0.000000 0.000000 0.000000 0.000000 -0.000000
  81 0.000000 0.000000 0.000000 -1.170327 0.214550 0.043302
  82 -0.000001 -0.000000 -0.000002 -0.434273 0.086207 0.000000
  83 -0.000001 19.423798 0.000001 0.978361 0.000000 -0.000000
  84 -8.250682 -0.215595 2.184244 2.931992 -0.055572 -0.242845
  85 0.000000 0.000000 0.000000 -0.000000 -0.000000 0.000000
  86 -8.250682 -0.215595 2.184244 2.931992 -0.055571 -0.242845
  87 0.000001 9.711898 -0.000001 0.000000 0.011103 0.000000
  88 -0.000001 9.711902 0.000000 0.978361 0.012578 -0.000000
  89 0.000001 7.894165 0.000001 0.000000 -0.004812 0.000000
  90 0.000000 7.894173 0.000002 -0.858066 -0.046437 -0.090821
  91 -0.000000 10.987690 -0.000001 1.511318 3.141171 0.000007
  92 0.000000 0.000000 0.000000 -0.048317 0.000000 -0.000000
  93 0.000000 0.000000 0.000000 -0.000000 -0.000000 0.000000
  94 -0.000001 -10.999721 0.000002 -0.000000 -0.000000 -0.000000
  95 -0.000000 -1.769389 12.121015 -0.094623 -0.094027 -0.105316
  96 0.000000 -0.000002 -0.000000 1.538978 -0.000000 0.000000
  97 0.000001 0.000000 -0.000002 0.200111 0.077800 -0.026626
  98 0.000000 0.000000 0.000000 -0.155084 0.000000 0.000000
  99 0.000000 0.000000 0.000000 0.000000 0.000000 -0.000000
  100 -0.000001 8.544820 0.000003 -1.643483 -0.107799 0.091166
  101 0.000000 0.000000 0.000000 1.542233 0.000000 -0.000000
  102 -0.000005 9.518028 -0.000002 0.117398 0.116058 -0.080369
  103 -0.000002 3.039628 -0.000001 0.194661 0.094761 0.018652
  104 0.000001 3.098961 -0.000000 -0.574501 0.278199 0.240956
  105 -0.000005 9.518028 -0.000002 -1.447321 0.116058 -0.080370
  106 0.000000 0.000000 0.000000 1.662547 0.000000 -0.000000
  107 -0.000003 6.109810 0.000001 -1.567920 0.105586 -0.093724
  108 0.000000 0.000000 0.000000 0.983068 -0.353149 0.266038
  109 0.000000 0.000000 0.000000 -0.097827 -0.000000 0.000000
  110 0.000000 0.000000 0.000000 0.000000 -0.000000 0.000000
  111 -0.000001 3.025102 -0.296886 -0.256608 0.102143 0.196748
  112 0.000000 0.000000 0.000000 0.095948 0.000000 0.000000
  113 0.000000 0.000000 0.000000 0.000000 -0.000000 0.000000
  114 0.000000 0.000000 0.000000 -0.000000 0.000000 -0.000000
  115 0.904461 6.782043 3.867488 -1.622150 -1.320334 -0.074554
  116 0.010184 19.450800 -0.828348 -2.387983 0.107484 -1.915554
  117 0.000000 19.904173 -0.000001 0.651936 0.000000 -0.000000
  118 -0.000004 25.127272 0.000000 0.150459 -0.608289 -0.088625
  119 0.000000 0.000000 0.000000 -0.000000 0.000001 0.000001
  120 0.000000 0.000000 0.000000 -0.000000 -0.000001 -0.000001
  121 0.000003 0.000007 -0.000002 -0.000001 -0.000000 -0.000000
  122 0.000000 0.000000 0.000000 0.000000 -0.000000 0.000000
  123 0.000001 12.563642 -0.000002 0.000000 -0.306588 0.000000
  124 0.000000 0.000000 0.000000 -0.000000 0.001371 -0.000001
  125 0.000001 0.000006 0.000004 -0.000000 -0.000000 0.000000
  126 0.000004 9.952095 0.000006 -0.000001 -0.516049 0.000000
  127 0.000000 0.000000 0.000000 -0.000000 -0.000000 -0.000000
  128 -0.000000 0.000002 -0.000000 0.000000 0.000000 -0.000000
  129 0.010186 19.450804 -0.828333 -1.068311 -0.458283 0.722012
  130 0.010186 19.450804 -0.828333 0.041386 -0.124298 1.319061
  131 0.000000 0.000000 0.000000 -1.332781 0.484537 -2.373637
  132 -0.000001 20.126823 0.000003 0.277335 0.000000 0.000000
  133 0.000001 25.356459 0.000000 0.198412 -0.005445 0.027074
  134 0.000000 0.000000 0.000000 0.000000 0.000000 0.000000
  135 0.000000 0.000000 0.000000 -1.864520 0.274786 -2.473999
  136 0.000006 0.000006 -0.000000 -0.365158 0.804101 0.000000
  137 0.000007 19.904175 0.000006 0.651936 0.000000 -0.000000
  138 0.010182 19.450800 -0.828355 -1.984319 0.733331 -1.025388
  139 0.000000 0.000000 0.000000 -0.000000 -0.000001 -0.000000
  140 0.010182 19.450802 -0.828356 -1.984319 0.733331 -1.025387
  141 0.000005 9.952085 0.000002 -0.000000 0.488305 0.000001
  142 -0.000003 9.952077 -0.000002 0.651937 0.516050 -0.000001
  143 0.000005 12.563638 0.000000 0.000000 -0.305216 0.000000
  144 0.000000 12.563621 -0.000002 0.122579 -0.304087 -0.076200
  145 0.838804 0.695171 1.002011 -0.146528 0.831651 0.111056
  146 0.174013 5.859970 0.005587 0.057776 -0.287169 0.072684
  147 0.000001 5.184050 -0.000000 0.947264 -0.003806 0.022168
  148 -0.000002 5.576725 -0.000000 0.824227 0.000643 -0.036172
  149 0.174013 5.859970 0.005587 0.057776 -0.287169 0.072684
  150 0.000001 5.184050 -0.000000 0.947264 -0.003806 0.022168
  151 -0.000002 5.576725 -0.000000 0.824227 0.000643 -0.036172
  152 0.174015 5.859965 0.005584 0.057776 -0.287169 0.072685
  153 0.000000 0.000000 0.000000 0.000000 0.000000 -0.000000
  154 0.174012 5.859968 0.005587 0.057776 -0.287169 0.072685
  155 0.000000 0.000000 0.000000 0.000000 -0.000000 -0.000000
  156 0.000000 5.184048 -0.000000 0.947264 -0.003807 0.022168
  157 0.000000 0.000000 0.000000 0.000000 -0.000000 -0.000001
  158 -0.000000 5.576725 -0.000001 0.824227 0.000644 -0.036172
  159 0.000000 0.000000 0.000000 0.000000 -0.000000 -0.000000
  160 0.000001 9.158419 -0.000001 3.141592 0.324016 -0.000000
  161 0.000001 -0.000002 -0.000001 -0.000000 -0.000000 -0.000000
  162 0.000002 -0.000000 0.000001 -0.000000 0.000000 0.000000
  163 0.174013 5.859970 0.005587 0.057776 -0.287169 0.072684
  164 0.208221 1.308913 0.886640 -0.521836 0.710749 -0.438947
  165 -0.164674 4.714410 0.088298 0.177555 -0.296553 -0.038426
  166 -0.000002 6.134697 0.000000 0.874701 -0.004721 0.048260
  167 -0.000000 5.142238 0.000001 0.778924 0.000043 -0.073619
  168 -0.164674 4.714410 0.088298 0.177555 -0.296553 -0.038426
  169 -0.000002 6.134697 0.000000 0.874701 -0.004721 0.048260
  170 -0.000000 5.142238 0.000001 0.778924 0.000043 -0.073619
  171 -0.164679 4.714410 0.088295 0.177555 -0.296553 -0.038426
  172 0.000000 0.000000 0.000000 -0.000000 -0.000000 0.000000
  173 0.000000 0.000000 0.000000 -0.000000 -0.000000 0.000000
  174 -0.164674 4.714410 0.088298 0.177555 -0.296552 -0.038425
  175 0.000000 0.000000 0.000000 -0.000000 -0.000001 -0.000001
  176 0.000001 6.134696 0.000002 0.874701 -0.004721 0.048261
  177 0.000000 0.000000 0.000000 -0.000000 -0.000001 -0.000001
  178 0.000001 5.142238 -0.000000 0.778925 0.000043 -0.073618
  179 0.000000 0.000000 0.000000 -0.000000 -0.000001 -0.000001
  180 0.000002 9.920088 -0.000003 -3.141593 0.323205 0.000000
  181 0.000000 0.000000 0.000000 -0.000000 -0.000000 -0.000000
  182 0.000000 0.000001 -0.000002 0.000000 0.000000 -0.000000
  183 -0.164674 4.714410 0.088298 0.177555 -0.296553 -0.038426
  184 0.000000 0.000000 0.000000 -0.000000 -0.000000 0.000000
  185 1.229531 0.555899 1.288366 -0.746847 0.623235 -0.695221
  186 -0.573249 5.450112 -0.067955 0.207022 -0.080208 -0.208697
  187 -0.000000 5.046769 0.000002 0.926441 0.005800 -0.038571
  188 -0.000001 4.876215 0.000001 0.891578 -0.002099 0.057280
  189 -0.573249 5.450112 -0.067955 0.207022 -0.080208 -0.208697
  190 -0.000000 5.046769 0.000002 0.926441 0.005800 -0.038571
  191 -0.000001 4.876215 0.000001 0.891578 -0.002099 0.057280
  192 -0.573248 5.450113 -0.067954 0.207022 -0.080209 -0.208698
  193 0.000000 0.000000 0.000000 -0.000000 -0.000000 0.000000
  194 0.000000 0.000000 0.000000 -0.000000 -0.000000 0.000000
  195 -0.573249 5.450112 -0.067955 0.207022 -0.080208 -0.208698
  196 0.000000 0.000000 0.000000 0.000000 0.000000 -0.000000
  197 -0.000002 5.046770 -0.000001 0.926441 0.005800 -0.038570
  198 0.000000 0.000000 0.000000 -0.000000 0.000000 0.000000
  199 0.000001 4.876215 -0.000001 0.891578 -0.002099 0.057281
  200 0.000000 0.000000 0.000000 0.000000 -0.000001 -0.000001
  201 0.000000 10.336269 0.000002 -3.141593 -0.095607 -0.000001
  202 -0.000001 -0.000000 -0.000002 0.000000 0.000000 0.000000
  203 -0.000001 0.000001 -0.000001 -0.000000 0.000000 -0.000000
  204 -0.573249 5.450112 -0.067955 0.207022 -0.080208 -0.208697
  205 0.000000 0.000000 0.000000 -0.000000 -0.000000 0.000000
  206 2.510275 0.335970 0.022942 -0.704386 0.728957 -0.808876
  207 -0.946934 4.039663 -0.346232 0.204093 -0.003080 -0.542466
  208 -0.000003 4.945988 -0.000001 0.887764 0.001324 -0.011933
  209 0.000000 6.128852 -0.000000 0.936132 -0.001326 0.020280
  210 -0.946934 4.039663 -0.346232 0.204093 -0.003080 -0.542466
  211 -0.000003 4.945988 -0.000001 0.887764 0.001324 -0.011933
  212 0.000000 6.128852 -0.000000 0.936132 -0.001326 0.020280
  213 -0.946933 4.039659 -0.346235 0.204092 -0.003080 -0.542466
  214 0.000000 0.000000 0.000000 -0.000000 -0.000000 -0.000000
  215 0.000000 0.000000 0.000000 -0.000000 -0.000000 -0.000000
  216 -0.946934 4.039663 -0.346232 0.204093 -0.003081 -0.542467
  217 0.000000 0.000000 0.000000 -0.000000 0.000001 0.000001
  218 -0.000002 4.945986 0.000000 0.887764 0.001324 -0.011934
  219 0.000000 0.000000 0.000000 0.000000 0.000001 0.000001
  220 0.000000 6.128853 0.000001 0.936133 -0.001326 0.020280
  221 0.000000 0.000000 0.000000 0.000000 0.000000 0.000000
  222 0.000001 8.781750 -0.000003 3.141593 -0.488190 -0.000000
  223 0.000000 0.000000 0.000000 -0.000000 -0.000000 -0.000000
  224 -0.000003 0.000001 -0.000002 0.000000 0.000000 -0.000000
  225 -0.946934 4.039663 -0.346232 0.204093 -0.003080 -0.542466
  226 0.000000 0.000000 0.000000 -0.000000 -0.000000 -0.000000
  227 0.777028 1.281755 1.958794 0.196514 0.598662 0.924076
  228 0.867611 4.064867 -0.119806 0.213321 0.019605 0.282980
  229 0.000000 4.879312 -0.000002 0.899305 0.004531 -0.036921
  230 0.000002 5.043318 -0.000001 0.843807 -0.001208 0.055324
  231 0.867611 4.064867 -0.119806 0.213321 0.019605 0.282980
  232 0.000000 4.879312 -0.000002 0.899305 0.004531 -0.036921
  233 0.000002 5.043318 -0.000001 0.843807 -0.001208 0.055324
  234 0.867610 4.064869 -0.119806 0.213321 0.019605 0.282980
  235 0.000000 0.000000 0.000000 -0.000000 -0.000000 0.000000
  236 0.867611 4.064867 -0.119806 0.213321 0.019605 0.282979
  237 0.000000 0.000000 0.000000 -0.000000 0.000001 0.000001
  238 0.000000 4.879313 -0.000000 0.899304 0.004531 -0.036922
  239 0.000000 0.000000 0.000000 -0.000000 0.000000 0.000001
  240 -0.000001 5.043318 0.000002 0.843808 -0.001208 0.055324
  241 0.000000 0.000000 0.000000 0.000000 -0.000000 0.000000
  242 0.000000 10.325296 0.000000 3.141592 -0.093078 -0.000000
  243 0.000002 0.000000 -0.000000 0.000000 0.000000 0.000000
  244 0.000001 -0.000001 0.000004 0.000001 -0.000000 0.000000
  245 0.867611 4.064867 -0.119806 0.213321 0.019605 0.282980
  246 0.986050 0.947620 1.368040 0.166521 0.766158 0.595878
  247 0.565104 5.117547 -0.078623 0.036912 -0.459751 0.204801
  248 0.000002 4.968774 0.000000 0.879243 0.003073 -0.030016
  249 -0.000000 5.803464 -0.000001 0.864677 -0.001678 0.049316
  250 0.565104 5.117547 -0.078623 0.036912 -0.459751 0.204801
  251 0.000002 4.968774 0.000000 0.879243 0.003073 -0.030016
  252 -0.000000 5.803464 -0.000001 0.864677 -0.001678 0.049316
  253 0.565104 5.117548 -0.078625 0.036912 -0.459751 0.204801
  254 0.000000 0.000000 0.000000 -0.000000 -0.000000 0.000000
  255 0.565104 5.117547 -0.078623 0.036912 -0.459751 0.204801
  256 0.000000 0.000000 0.000000 -0.000000 -0.000000 -0.000000
  257 0.000002 4.968777 0.000001 0.879243 0.003073 -0.030016
  258 0.000000 0.000000 0.000000 -0.000000 -0.000000 -0.000000
  259 -0.000000 5.803464 -0.000001 0.864677 -0.001678 0.049316
  260 0.000000 0.000000 0.000000 0.000000 -0.000000 0.000000
  261 0.000000 9.111456 0.000000 3.141593 0.806825 -0.000000
  262 0.000004 0.000000 0.000002 0.000000 0.000000 -0.000000
  263 0.000001 0.000000 -0.000001 -0.000000 -0.000000 0.000000
  264 0.565104 5.117547 -0.078623 0.036912 -0.459751 0.204801
  265 2.510272 0.335970 0.022941 -0.704386 0.728958 -0.808876
  266 2.510272 0.335970 0.022941 -0.704386 0.728958 -0.808876
  267 2.510272 0.335970 0.022941 -0.704386 0.728958 -0.808876
  268 -0.904464 6.782039 3.867489 -1.669558 1.180594 -0.218636
  269 -0.010191 19.450798 -0.828348 -2.126443 -0.390859 1.591118
  270 -0.000000 19.986370 0.000001 0.487101 -0.000001 0.000000
  271 -0.000001 25.212915 0.000004 0.161117 -0.351071 -0.278119
  272 0.000000 0.000000 0.000000 0.000000 -0.000001 -0.000001
  273 0.000000 0.000000 0.000000 -0.000000 0.000001 0.000001
  274 -0.000001 0.000008 -0.000001 -0.000000 0.000000 0.000000
  275 0.000000 0.000000 0.000000 0.000000 -0.000000 -0.000000
  276 -0.000004 12.606462 0.000002 0.000000 -0.185263 -0.000001
  277 0.000000 0.000000 0.000000 -0.000000 -0.001371 0.000001
  278 -0.000001 0.000007 0.000003 -0.000000 0.000000 0.000000
  279 -0.000001 9.993195 0.000004 -0.000000 0.278588 -0.000000
  280 0.000000 0.000000 0.000000 -0.000000 0.000000 0.000000
  281 0.000000 0.000003 0.000001 0.000000 -0.000000 0.000000
  282 -0.010190 19.450798 -0.828332 -1.068311 0.458283 -0.722012
  283 -0.010193 19.450794 -0.828333 0.041386 0.124298 -1.319061
  284 0.000000 0.000000 0.000000 -1.332781 -0.484537 2.373637
  285 0.000003 20.126816 -0.000007 0.277335 -0.000000 0.000000
  286 0.000001 25.356459 -0.000005 0.198412 0.005445 -0.027073
  287 0.000000 0.000000 0.000000 0.000000 -0.000000 -0.000000
  288 0.000000 0.000000 0.000000 -1.713738 -0.346432 2.486134
  289 -0.000001 0.000008 0.000000 -0.272281 -0.412025 -0.000000
  290 -0.000009 19.986364 0.000001 0.487101 -0.000001 0.000000
  291 -0.010190 19.450802 -0.828355 -1.840674 -0.618089 1.016058
  292 0.000000 0.000000 0.000000 -0.000000 0.000000 0.000000
  293 -0.010190 19.450802 -0.828355 -1.840673 -0.618089 1.016058
  294 -0.000003 9.993185 0.000003 -0.000000 -0.270315 -0.000000
  295 0.000004 9.993180 -0.000003 0.487101 -0.278588 0.000001
  296 0.000000 12.606455 -0.000000 -0.000000 -0.186635 -0.000000
  297 -0.000001 12.606455 0.000000 0.109395 -0.171227 -0.264707
  298 -0.838803 0.695164 1.002008 -0.146529 -0.831651 -0.111056
  299 -0.180414 5.845892 0.005786 0.057776 0.287169 -0.072685
  300 0.000000 5.184051 0.000000 0.975799 0.003806 -0.022168
  301 -0.000001 5.576720 -0.000002 0.852761 -0.000643 0.036172
  302 -0.180414 5.845892 0.005786 0.057776 0.287169 -0.072685
  303 0.000000 5.184051 0.000000 0.975799 0.003806 -0.022168
  304 -0.000001 5.576720 -0.000002 0.852761 -0.000643 0.036172
  305 -0.180399 5.845890 0.005789 0.057776 0.287169 -0.072685
  306 0.000000 0.000000 0.000000 0.000000 0.000000 0.000000
  307 -0.180409 5.845893 0.005787 0.057776 0.287169 -0.072685
  308 0.000000 0.000000 0.000000 0.000000 0.000000 0.000000
  309 0.000000 5.184050 0.000000 0.975799 0.003806 -0.022168
  310 0.000000 0.000000 0.000000 -0.000000 0.000000 0.000000
  311 0.000000 5.576724 0.000001 0.852761 -0.000643 0.036172
  312 0.000000 0.000000 0.000000 0.000000 0.000000 0.000000
  313 0.000002 9.158422 -0.000004 3.141593 -0.324016 0.000000
  314 -0.000001 0.000000 -0.000002 -0.000000 0.000000 -0.000000
  315 -0.000003 0.000001 0.000000 0.000000 -0.000000 0.000000
  316 -0.180413 5.845894 0.005785 0.057776 0.287169 -0.072685
  317 -0.208223 1.308915 0.886647 -0.521836 -0.710749 0.438946
  318 0.170722 4.706072 0.091513 0.177555 0.296553 0.038426
  319 0.000000 6.134695 0.000000 0.903234 0.004721 -0.048260
  320 0.000000 5.142239 0.000004 0.807458 -0.000043 0.073620
  321 0.170721 4.706074 0.091510 0.177555 0.296553 0.038426
  322 0.000000 6.134695 0.000000 0.903234 0.004721 -0.048260
  323 -0.000000 5.142236 0.000002 0.807458 -0.000043 0.073620
  324 0.170730 4.706064 0.091528 0.177555 0.296553 0.038426
  325 0.000000 0.000000 0.000000 0.000000 0.000000 0.000000
  326 0.000000 0.000000 0.000000 0.000000 0.000000 0.000000
  327 0.170727 4.706069 0.091522 0.177555 0.296552 0.038425
  328 0.000000 0.000000 0.000000 -0.000000 0.000001 0.000001
  329 0.000000 6.134696 0.000001 0.903235 0.004721 -0.048261
  330 0.000000 0.000000 0.000000 0.000000 0.000000 0.000001
  331 0.000003 5.142239 -0.000001 0.807458 -0.000043 0.073618
  332 0.000000 0.000000 0.000000 -0.000000 0.000001 0.000001
  333 0.000002 9.920087 0.000001 -3.141593 -0.323204 -0.000000
  334 -0.000001 0.000004 -0.000001 0.000000 -0.000000 -0.000000
  335 -0.000003 -0.000001 -0.000004 -0.000000 0.000000 -0.000001
  336 0.170725 4.706070 0.091519 0.177555 0.296553 0.038426
  337 0.000000 0.000000 0.000000 0.000000 0.000000 0.000000
  338 -1.229536 0.555894 1.288370 -0.746848 -0.623235 0.695221
  339 0.594294 5.437764 -0.070463 0.207022 0.080209 0.208698
  340 0.000001 5.046764 0.000003 0.954973 -0.005799 0.038570
  341 -0.000000 4.876215 -0.000001 0.920111 0.002099 -0.057280
  342 0.594294 5.437764 -0.070463 0.207022 0.080209 0.208698
  343 0.000001 5.046764 0.000003 0.954973 -0.005799 0.038570
  344 0.000000 4.876215 -0.000001 0.920111 0.002099 -0.057280
  345 0.594298 5.437756 -0.070460 0.207022 0.080209 0.208698
  346 0.000000 0.000000 0.000000 0.000000 0.000000 -0.000000
  347 0.000000 0.000000 0.000000 0.000000 0.000000 -0.000000
  348 0.594294 5.437763 -0.070464 0.207022 0.080209 0.208698
  349 0.000000 0.000000 0.000000 0.000000 -0.000000 0.000000
  350 0.000001 5.046765 0.000003 0.954974 -0.005800 0.038570
  351 0.000000 0.000000 0.000000 0.000000 -0.000000 -0.000000
  352 0.000001 4.876215 0.000000 0.920110 0.002099 -0.057281
  353 0.000000 0.000000 0.000000 0.000000 0.000001 0.000001
  354 -0.000001 10.336259 0.000001 -3.141593 0.095607 0.000001
  355 -0.000002 0.000000 -0.000001 0.000000 -0.000000 0.000000
  356 -0.000001 0.000002 -0.000001 0.000000 0.000000 -0.000000
  357 0.594294 5.437764 -0.070463 0.207022 0.080209 0.208698
  358 0.000000 0.000000 0.000000 0.000000 0.000000 -0.000000
  359 -2.510276 0.335977 0.022944 -0.704387 -0.728958 0.808876
  360 0.981694 4.034423 -0.358951 0.204092 0.003080 0.542466
  361 0.000001 4.945989 0.000001 0.916297 -0.001324 0.011933
  362 0.000000 6.128851 0.000000 0.964667 0.001326 -0.020281
  363 0.981694 4.034423 -0.358951 0.204092 0.003080 0.542466
  364 0.000001 4.945989 0.000001 0.916297 -0.001324 0.011933
  365 0.000000 6.128851 0.000000 0.964667 0.001326 -0.020281
  366 0.981696 4.034421 -0.358948 0.204092 0.003080 0.542466
  367 0.000000 0.000000 0.000000 0.000000 0.000000 -0.000000
  368 0.000000 0.000000 0.000000 0.000000 0.000000 -0.000000
  369 0.981694 4.034421 -0.358952 0.204093 0.003081 0.542467
  370 0.000000 0.000000 0.000000 -0.000000 -0.000001 -0.000001
  371 -0.000000 4.945987 -0.000001 0.916297 -0.001324 0.011934
  372 0.000000 0.000000 0.000000 -0.000000 -0.000001 -0.000001
  373 -0.000000 6.128850 -0.000003 0.964666 0.001326 -0.020280
  374 0.000000 0.000000 0.000000 -0.000000 -0.000000 -0.000000
  375 -0.000000 8.781745 0.000002 3.141593 0.488191 -0.000000
  376 0.000001 -0.000000 -0.000001 0.000000 -0.000000 -0.000000
  377 0.000001 0.000001 -0.000001 -0.000000 0.000000 0.000000
  378 0.981694 4.034423 -0.358951 0.204092 0.003080 0.542466
  379 0.000000 0.000000 0.000000 0.000000 0.000000 -0.000000
  380 -0.777025 1.281755 1.958798 0.196515 -0.598662 -0.924076
  381 -0.899463 4.049136 -0.124213 0.213321 -0.019605 -0.282979
  382 0.000000 4.879313 -0.000000 0.927837 -0.004531 0.036921
  383 0.000000 5.043320 0.000000 0.872340 0.001208 -0.055324
  384 -0.899463 4.049136 -0.124213 0.213321 -0.019605 -0.282979
  385 0.000000 4.879313 -0.000000 0.927837 -0.004531 0.036921
  386 0.000000 5.043320 0.000000 0.872340 0.001208 -0.055324
  387 -0.899464 4.049132 -0.124213 0.213321 -0.019605 -0.282979
  388 0.000000 0.000000 0.000000 0.000000 -0.000000 0.000000
  389 -0.899463 4.049136 -0.124213 0.213321 -0.019605 -0.282979
  390 0.000000 0.000000 0.000000 -0.000000 -0.000001 -0.000001
  391 -0.000001 4.879313 -0.000002 0.927836 -0.004531 0.036922
  392 0.000000 0.000000 0.000000 0.000000 -0.000000 -0.000000
  393 0.000002 5.043321 0.000001 0.872341 0.001208 -0.055324
  394 0.000000 0.000000 0.000000 -0.000000 -0.000000 0.000000
  395 -0.000000 10.325291 -0.000002 3.141593 0.093079 0.000000
  396 0.000000 0.000000 0.000000 -0.000000 0.000000 0.000000
  397 -0.000002 0.000001 0.000000 0.000000 0.000000 -0.000000
  398 -0.899463 4.049136 -0.124213 0.213321 -0.019605 -0.282979
  399 -0.986053 0.947621 1.368037 0.166521 -0.766158 -0.595879
  400 -0.585859 5.103997 -0.081508 0.036911 0.459751 -0.204801
  401 -0.000002 4.968774 0.000001 0.907777 -0.003073 0.030016
  402 0.000001 5.803465 0.000000 0.893210 0.001678 -0.049315
  403 -0.585859 5.103997 -0.081508 0.036911 0.459751 -0.204801
  404 -0.000002 4.968774 0.000001 0.907777 -0.003073 0.030016
  405 0.000001 5.803465 0.000000 0.893210 0.001678 -0.049315
  406 -0.585854 5.103995 -0.081511 0.036912 0.459751 -0.204801
  407 0.000000 0.000000 0.000000 -0.000000 0.000000 -0.000000
  408 -0.585856 5.103995 -0.081510 0.036912 0.459751 -0.204801
  409 0.000000 0.000000 0.000000 -0.000000 0.000000 0.000000
  410 -0.000000 4.968777 -0.000001 0.907776 -0.003073 0.030015
  411 0.000000 0.000000 0.000000 -0.000000 0.000000 0.000000
  412 0.000002 5.803465 0.000003 0.893211 0.001678 -0.049316
  413 0.000000 0.000000 0.000000 0.000000 0.000000 -0.000000
  414 -0.000001 9.111456 -0.000002 3.141592 -0.806826 0.000001
  415 -0.000002 -0.000004 0.000000 -0.000000 0.000000 0.000000
  416 -0.000003 -0.000001 0.000002 0.000001 0.000000 -0.000000
  417 -0.585858 5.103996 -0.081509 0.036911 0.459751 -0.204801
  418 -2.510273 0.335975 0.022945 -0.704386 -0.728957 0.808876
  419 -2.510273 0.335975 0.022945 -0.704386 -0.728957 0.808876
  420 -2.510273 0.335975 0.022945 -0.704386 -0.728957 0.808876
  421 8.463108 -0.489844 -2.120329 1.542233 0.000000 -3.141593
  422 -0.000000 -0.000000 -0.000000 0.000000 0.000000 0.000000
  423 -8.463113 -0.489832 -2.120327 1.542233 -0.000000 -3.141592
  424 0.000000 0.000000 0.000000 0.000000 -0.000000 -0.000000
  425 8.463111 -0.489837 -2.120327 1.542233 0.000000 -3.141593
  426 -8.463113 -0.489832 -2.120327 1.542233 -0.000000 -3.141592
  427 0.904461 6.782043 3.867488 -1.622150 -1.320334 -0.074554
  428 -0.904464 6.782039 3.867489 -1.669558 1.180594 -0.218636
  429 0.000000 0.000000 0.000000 0.000000 -0.000000 -0.000000
  430 -2.384858 45.420403 15.540361 0.000000 -0.000000 1.570796
  431 -18.592960 24.839352 -1.677452 -1.241557 0.147838 -2.829612
  432 0.000001 0.000004 -0.000001 0.000000 0.000000 0.000000
  433 -52.387505 17.283051 11.578627 -0.206299 -0.306226 1.372291
  434 18.378086 17.372272 23.090250 0.636716 0.964784 -2.018134
  435 -2.384865 -45.420403 15.540361 0.000000 -0.000000 1.570796
  436 19.746386 37.253090 -13.420143 -1.444009 -0.410784 2.824641
  437 -0.000002 0.000002 0.000003 0.000000 -0.000000 -0.000000
  438 -55.363861 3.299472 7.570684 -0.192327 -0.095598 1.177734
  439 -14.113804 0.993981 -4.591073 0.636716 -0.964784 2.018134
  440 -0.483101 8.250682 -13.900933 0.000000 -0.000000 1.570796
  441 -0.000003 16.881220 -0.645735 -0.024900 -0.000000 -0.000000
  442 0.000002 -6.475165 -8.877783 0.000000 -0.000000 -0.000000
  443 -0.000002 6.475165 8.877783 0.000000 -0.000000 -0.000000
  444 -1.878122 12.014875 -0.599894 0.000000 0.000000 0.000000
  445 3.953936 0.000001 0.000000 -0.000000 -0.000000 0.000000
  446 -1.976967 -0.000001 -0.000000 0.000000 0.000000 -0.000000
  447 -0.098846 -12.014876 0.599885 0.000000 0.000000 -0.000000
  448 -0.000002 6.475166 8.877786 -2.200961 0.000249 0.000342
  449 0.000000 0.000000 0.000000 -0.000000 0.000000 0.000000
  450 -0.000001 10.988305 0.000000 2.200961 0.000423 0.000000
  451 0.000000 0.000000 0.000000 -0.060252 -0.000000 -3.141593
  452 16.118309 12.405030 2.978441 -0.079259 -0.145450 1.661878
  453 2.733744 0.137143 0.249133 -0.003598 0.000000 -0.000000
  454 -0.483102 -8.250682 -13.900933 0.000000 -0.000000 1.570796
  455 -4.780865 36.187805 -0.677505 -0.009742 -0.000000 0.000000
  456 -0.000000 -6.475161 -8.877784 -0.000000 -0.000000 0.000000
  457 0.000000 6.475161 8.877784 0.630962 0.000000 0.000000
  458 1.878118 12.014872 -0.599895 -0.000000 0.000000 0.000000
  459 -3.953933 -0.000000 -0.000002 0.000000 0.000000 -0.000000
  460 1.976968 0.000000 0.000000 0.000000 -0.000000 -0.000000
  461 0.098845 -12.014870 0.599887 0.630962 -0.000000 0.000000
  462 -0.000000 6.475167 8.877782 -2.200961 -0.000249 -0.000341
  463 -0.000002 -0.000001 0.000006 -0.000000 -0.000000 -0.000000
  464 0.000001 10.988302 -0.000001 1.569999 -0.000422 0.000000
  465 0.000000 0.000000 0.000000 -0.060252 0.000000 3.141593
  466 17.603365 -3.854411 0.586777 -0.079259 -0.145450 1.661878
  467 -6.583088 2.070111 -0.926344 -0.003598 0.000000 -0.000000
  time 4
  0 0.000000 0.000000 -23.603888 0.000000 -0.000000 1.570796
  1 -2.406881 23.748671 38.657558 1.678926 0.019569 0.090875
  2 0.000000 10.999708 0.000000 -0.035882 -0.001800 -0.042737
  3 0.000002 6.753151 -0.000000 -0.298534 -0.114249 0.041798
  4 0.000000 8.544825 -0.000002 -0.154563 -0.175650 0.093425
  5 0.000000 9.518029 0.000003 0.164258 0.114569 -0.076928
  6 -0.000000 3.039643 -0.000002 0.194531 0.087656 0.017247
  7 0.000000 3.098958 0.000001 -0.780498 0.286239 0.203925
  8 24.068043 32.897995 55.891068 0.481716 2.286541 -0.062887
  9 -20.127636 39.547581 50.758560 -1.607737 -0.638659 1.464500
  10 8.674339 10.382588 23.106968 -3.051847 0.163734 0.179051
  11 -12.910513 17.333090 19.544558 3.131073 -0.064589 -0.063913
  12 -1.789155 0.000000 28.175615 0.000000 -0.000000 1.570796
  13 -2.987625 21.551743 -7.579910 -0.046697 0.112160 0.000000
  14 0.000000 -1.769383 12.121014 -0.026935 -0.096281 0.086849
  15 -0.000000 -1.769389 12.121013 -0.274675 -0.203173 -0.186728
  16 0.000000 -1.769383 12.121014 -0.012405 -0.048432 0.043050
  17 -0.000000 -0.000002 -0.000000 1.694062 -0.000000 0.000000
  18 -0.000002 -6.753156 -0.000000 -1.704382 0.048631 0.042824
  19 0.000000 0.000000 0.000000 1.742380 -0.000000 -0.000000
  20 0.000001 -10.999713 0.000001 0.000000 -0.000000 0.000000
  21 0.000000 0.000000 0.000000 -0.000000 -0.000000 -0.000000
  22 0.000000 0.000000 0.000000 -1.341552 -1.993774 0.192913
  23 0.000001 -0.000002 0.000001 0.000000 0.000000 0.000000
  24 0.000000 0.000000 0.000000 -1.341552 1.993774 -0.192913
  25 0.000001 -0.000003 0.000001 -0.000000 -0.000000 -0.000000
  26 8.250687 -0.215600 2.184241 2.350666 0.076083 0.061196
  27 0.000000 19.332624 -0.000001 1.145603 -0.000000 -0.000000
  28 0.000000 15.695080 -0.000000 -1.120670 0.164962 -0.026981
  29 -0.000037 10.987812 -0.000317 0.880380 -3.141171 0.000000
  30 -1.873869 4.392866 10.061483 -0.000523 0.630166 -1.571104
  31 0.000000 0.000002 0.000002 -0.000000 -0.000000 -0.000000
  32 0.000000 0.000000 0.000000 0.000000 -0.000000 -0.000000
  33 0.000000 0.000000 0.000000 -0.000000 0.000000 0.000000
  34 0.000000 0.000000 0.000000 0.000000 -0.000000 -0.000000
  35 0.000001 7.847542 -0.000001 0.000000 0.083355 0.000000
  36 0.000000 0.000000 0.000000 0.000000 0.000205 0.000000
  37 0.000001 -0.000008 -0.000002 -0.000000 -0.000000 -0.000000
  38 0.000001 9.666312 -0.000000 0.000000 0.020411 0.000000
  39 0.000000 0.000000 0.000000 -0.000000 0.000000 -0.000000
  40 -8.250687 -0.215595 2.184245 2.859316 -0.165495 -0.082727
  41 -0.000001 19.311228 0.000004 1.195859 0.000000 0.000000
  42 0.000001 15.672928 0.000001 -1.051237 -0.134878 -0.008167
  43 0.000052 10.987759 -0.000287 1.476391 3.141171 -0.000000
  44 1.873871 4.392862 10.061476 0.000523 2.511427 1.571104
  45 -0.000000 0.000002 0.000004 -0.000000 0.000000 0.000000
  46 0.000000 0.000000 0.000000 0.000000 -0.000000 -0.000000
  47 0.000000 0.000001 -0.000002 -0.000000 -0.000000 0.000000
  48 0.000000 0.000000 0.000000 -0.000000 -0.000000 0.000000
  49 0.000000 7.836470 0.000001 0.000000 -0.060368 -0.000000
  50 0.000000 0.000000 0.000000 -0.000000 -0.000205 0.000000
  51 -0.000000 -0.000004 -0.000001 -0.000000 0.000000 0.000000
  52 0.000001 9.655619 0.000001 0.000000 -0.075997 0.000000
  53 0.000000 0.000000 0.000000 -0.000000 -0.000000 -0.000000
  54 8.250687 -0.215593 2.184241 2.903292 -0.000000 -0.000000
  55 8.250687 -0.215593 2.184241 -1.742380 0.000000 -0.000000
  56 0.000000 0.000000 0.000000 -1.637514 -0.000000 -0.000000
  57 0.000001 19.896326 -0.000001 0.140363 -0.000000 0.000000
  58 -0.000001 16.264103 -0.000000 -0.703810 -0.000322 0.000273
  59 0.000000 0.000000 0.000000 -0.000000 0.000000 0.000000
  60 -0.000002 10.988299 0.000001 0.880380 -3.141171 0.000000
  61 0.000000 0.000000 0.000000 0.000000 -0.000000 -0.000000
  62 0.000000 0.000000 0.000000 -1.684318 -0.080091 0.004698
  63 -0.000001 0.000004 0.000001 -0.505926 -0.060229 -0.000000
  64 0.000000 19.332621 0.000000 1.145603 -0.000000 -0.000000
  65 8.250687 -0.215600 2.184241 2.352346 0.049645 0.087934
  66 0.000000 0.000000 0.000000 -0.000000 -0.000000 0.000000
  67 8.250687 -0.215600 2.184241 2.352346 0.049645 0.087934
  68 0.000002 9.666311 0.000001 -0.000000 -0.017153 0.000000
  69 0.000001 9.666312 0.000001 1.145603 -0.020411 -0.000000
  70 -0.000001 7.847537 0.000000 0.000000 0.083559 0.000000
  71 -0.000000 7.847545 0.000000 -1.118440 0.081436 -0.026702
  72 0.000003 10.987831 -0.000003 0.880351 -3.141171 -0.000003
  73 -8.250687 -0.215596 2.184243 2.903292 -0.000000 -0.000000
  74 -8.250687 -0.215596 2.184243 -1.742380 0.000000 -0.000000
  75 0.000000 0.000000 0.000000 -1.637514 0.000000 0.000000
  76 -0.000002 19.896328 0.000001 0.140363 0.000000 0.000000
  77 0.000001 16.264105 0.000001 -0.703810 0.000322 -0.000273
  78 -0.000000 -0.000001 -0.000001 0.000000 0.000000 -0.000000
  79 0.000001 10.988300 0.000002 0.880380 3.141171 -0.000000
  80 0.000000 0.000000 0.000000 0.000000 0.000000 0.000000
  81 0.000000 0.000000 0.000000 -1.157493 0.040396 0.008394
  82 -0.000000 -0.000001 -0.000002 -0.527212 0.171900 0.000000
  83 -0.000002 19.311222 0.000001 1.195859 0.000000 0.000000
  84 -8.250687 -0.215595 2.184245 2.863129 -0.032094 -0.121297
  85 0.000000 0.000000 0.000000 -0.000000 -0.000000 -0.000000
  86 -8.250687 -0.215595 2.184245 2.863130 -0.032093 -0.121296
  87 -0.000000 9.655618 0.000001 0.000000 0.062808 0.000000
  88 -0.000001 9.655612 0.000002 1.195859 0.075998 -0.000000
  89 0.000002 7.836462 -0.000001 -0.000000 -0.060572 -0.000000
  90 -0.000001 7.836469 0.000001 -1.051759 -0.074312 -0.008117
  91 0.000000 10.987780 -0.000001 1.476364 3.141171 0.000004
  92 0.000000 0.000000 0.000000 -0.048318 0.000000 0.000000
  93 0.000000 0.000000 0.000000 -0.000000 0.000000 -0.000000
  94 0.000001 -10.999713 0.000001 -0.000000 -0.000000 -0.000000
  95 0.000000 -1.769383 12.121014 -0.141420 -0.095205 -0.099922
  96 -0.000000 -0.000002 -0.000000 1.538978 0.000000 0.000000
  97 0.000000 0.000000 -0.000000 0.224154 0.073956 -0.012940
  98 0.000000 0.000000 0.000000 -0.155084 0.000000 0.000000
  99 0.000000 0.000000 0.000000 0.000000 0.000000 0.000000
  100 -0.000001 8.544825 0.000003 -1.689907 -0.102457 0.092470
  101 0.000000 0.000000 0.000000 1.542233 0.000000 0.000000
  102 0.000000 9.518030 -0.000003 0.164258 0.114569 -0.076929
  103 -0.000000 3.039642 -0.000000 0.194531 0.087656 0.017247
  104 0.000000 3.098958 0.000001 -0.780498 0.286239 0.203925
  105 0.000000 9.518030 -0.000003 -1.400463 0.114569 -0.076928
  106 0.000000 0.000000 0.000000 1.662547 -0.000000 0.000000
  107 0.000001 6.109813 0.000000 -1.521080 0.104519 -0.090131
  108 0.000000 0.000000 0.000000 0.739694 -0.301080 0.281676
  109 0.000000 0.000000 0.000000 -0.097827 -0.000000 -0.000000
  110 0.000000 0.000000 0.000000 -0.000000 -0.000000 -0.000000
  111 -0.000000 3.025109 -0.296883 -0.380312 0.105106 0.180615
  112 0.000000 0.000000 0.000000 0.095948 0.000000 -0.000000
  113 0.000000 0.000000 0.000000 0.000000 -0.000000 -0.000000
  114 0.000000 0.000000 0.000000 -0.000000 0.000000 0.000000
  115 0.904462 6.782040 3.867483 -1.568334 -1.427706 -0.134141
  116 0.010190 19.450796 -0.828332 -2.689334 0.001708 -1.927725
  117 -0.000000 19.692530 0.000001 0.980926 0.000000 -0.000000
  118 -0.000008 24.902822 0.000006 -0.051355 -0.777697 0.280895
  119 0.000000 0.000000 0.000000 -0.000000 0.000001 0.000001
  120 0.000000 0.000000 0.000000 -0.000000 -0.000001 -0.000001
  121 0.000000 0.000000 0.000000 -0.000000 -0.000001 -0.000000
  122 0.000000 0.000000 0.000000 0.000000 -0.000000 0.000000
  123 -0.000004 12.451412 0.000004 0.000000 -0.389908 -0.000001
  124 0.000000 0.000000 0.000000 -0.000001 0.001371 -0.000001
  125 0.000000 0.000000 0.000000 -0.000000 -0.000000 0.000000
  126 0.000000 9.846270 0.000001 0.000000 -0.627001 -0.000000
  127 0.000000 0.000000 0.000000 -0.000000 -0.000000 -0.000001
  128 -0.000000 0.000002 0.000000 0.000000 0.000000 0.000000
  129 0.010190 19.450790 -0.828333 -1.068311 -0.458283 0.722012
  130 0.010190 19.450790 -0.828333 0.041385 -0.124298 1.319061
  131 0.000000 0.000000 0.000000 -1.332781 0.484537 -2.373637
  132 -0.000005 20.126820 0.000004 0.277335 0.000000 0.000000
  133 -0.000000 25.356457 0.000003 0.198412 -0.005445 0.027074
  134 0.000000 0.000000 0.000000 -0.000000 0.000000 0.000000
  135 0.000000 0.000000 0.000000 1.142160 2.831474 0.683748
  136 -0.000005 0.000001 0.000003 -0.552770 0.893417 0.000001
  137 0.000004 19.692514 -0.000004 0.980926 0.000000 -0.000000
  138 0.010190 19.450796 -0.828332 -2.235836 0.982017 -1.113825
  139 0.000000 0.000000 0.000000 -0.000000 -0.000000 -0.000000
  140 0.010190 19.450796 -0.828332 -2.235835 0.982017 -1.113825
  141 0.000002 9.846266 0.000003 -0.000000 0.551016 0.000000
  142 0.000004 9.846259 -0.000001 0.980926 0.627001 -0.000001
  143 -0.000003 12.451410 -0.000002 -0.000000 -0.388536 0.000000
  144 0.000000 12.451404 0.000003 0.062943 -0.400623 0.216190
  145 0.838803 0.695166 1.002009 -0.146528 0.831651 0.111056
  146 0.174319 5.859313 0.005595 0.057776 -0.287169 0.072685
  147 -0.000000 5.184048 -0.000001 0.948602 -0.003806 0.022168
  148 -0.000001 5.576727 0.000001 0.825565 0.000644 -0.036172
  149 0.174319 5.859313 0.005595 0.057776 -0.287169 0.072685
  150 -0.000000 5.184048 -0.000001 0.948602 -0.003806 0.022168
  151 -0.000001 5.576727 0.000001 0.825565 0.000644 -0.036172
  152 0.174315 5.859308 0.005594 0.057776 -0.287169 0.072685
  153 0.000000 0.000000 0.000000 0.000000 0.000000 -0.000000
  154 0.174318 5.859311 0.005595 0.057776 -0.287169 0.072685
  155 0.000000 0.000000 0.000000 0.000000 -0.000000 -0.000000
  156 0.000001 5.184049 0.000001 0.948603 -0.003806 0.022168
  157 0.000000 0.000000 0.000000 0.000000 -0.000001 -0.000000
  158 -0.000001 5.576726 -0.000001 0.825565 0.000643 -0.036172
  159 0.000000 0.000000 0.000000 0.000000 -0.000000 -0.000000
  160 0.000003 9.158420 0.000000 3.141592 0.324016 -0.000001
  161 0.000001 -0.000002 -0.000001 -0.000000 -0.000000 -0.000000
  162 0.000000 0.000000 0.000000 -0.000000 -0.000000 0.000000
  163 0.174319 5.859313 0.005595 0.057776 -0.287169 0.072685
  164 0.208221 1.308913 0.886641 -0.521836 0.710749 -0.438947
  165 -0.164965 4.714025 0.088449 0.177555 -0.296553 -0.038425
  166 0.000000 6.134695 0.000000 0.876040 -0.004721 0.048260
  167 0.000000 5.142236 0.000000 0.780263 0.000043 -0.073620
  168 -0.164965 4.714025 0.088449 0.177555 -0.296553 -0.038425
  169 0.000000 6.134695 0.000000 0.876040 -0.004721 0.048260
  170 0.000000 5.142236 0.000000 0.780263 0.000043 -0.073620
  171 -0.164964 4.714019 0.088448 0.177555 -0.296553 -0.038426
  172 -0.000000 0.000002 0.000000 -0.000000 -0.000000 -0.000000
  173 -0.000000 0.000002 0.000000 -0.000000 -0.000000 -0.000000
  174 -0.164965 4.714025 0.088449 0.177554 -0.296552 -0.038425
  175 0.000000 0.000000 0.000000 -0.000000 -0.000001 -0.000001
  176 -0.000002 6.134696 0.000001 0.876040 -0.004721 0.048261
  177 0.000000 0.000000 0.000000 -0.000000 -0.000001 -0.000001
  178 -0.000001 5.142237 -0.000000 0.780263 0.000043 -0.073619
  179 0.000000 0.000000 0.000000 -0.000000 -0.000001 -0.000001
  180 0.000001 9.920086 -0.000002 -3.141593 0.323205 0.000000
  181 0.000000 -0.000002 -0.000001 -0.000000 -0.000000 0.000000
  182 -0.000000 0.000001 -0.000002 -0.000000 -0.000000 0.000000
  183 -0.164965 4.714025 0.088449 0.177555 -0.296553 -0.038425
  184 -0.000000 0.000002 0.000000 -0.000000 -0.000000 -0.000000
  185 1.229531 0.555900 1.288364 -0.746847 0.623235 -0.695221
  186 -0.574228 5.449536 -0.068072 0.207022 -0.080209 -0.208698
  187 0.000000 5.046769 -0.000000 0.927779 0.005800 -0.038570
  188 0.000000 4.876216 0.000000 0.892916 -0.002099 0.057280
  189 -0.574228 5.449536 -0.068072 0.207022 -0.080209 -0.208698
  190 0.000000 5.046769 -0.000000 0.927779 0.005800 -0.038570
  191 0.000000 4.876216 0.000000 0.892916 -0.002099 0.057280
  192 -0.574231 5.449535 -0.068074 0.207022 -0.080209 -0.208698
  193 0.000000 0.000000 0.000000 0.000000 -0.000000 0.000000
  194 0.000000 0.000000 0.000000 0.000000 -0.000000 0.000000
  195 -0.574228 5.449536 -0.068072 0.207022 -0.080209 -0.208698
  196 0.000000 0.000000 0.000000 -0.000000 0.000000 -0.000000
  197 -0.000001 5.046768 0.000002 0.927779 0.005800 -0.038571
  198 0.000000 0.000000 0.000000 0.000000 0.000000 0.000000
  199 0.000000 4.876217 0.000003 0.892916 -0.002099 0.057281
  200 0.000000 0.000000 0.000000 0.000000 -0.000001 -0.000000
  201 -0.000000 10.336270 -0.000001 -3.141593 -0.095607 -0.000001
  202 -0.000001 -0.000001 -0.000002 -0.000000 -0.000000 -0.000000
  203 0.000001 0.000002 -0.000002 0.000000 -0.000000 0.000000
  204 -0.574228 5.449536 -0.068072 0.207022 -0.080209 -0.208698
  205 0.000000 0.000000 0.000000 0.000000 -0.000000 0.000000
  206 2.510273 0.335976 0.022943 -0.704386 0.728958 -0.808876
  207 -0.948561 4.039413 -0.346835 0.204092 -0.003080 -0.542466
  208 -0.000001 4.945989 -0.000000 0.889102 0.001324 -0.011933
  209 0.000001 6.128852 -0.000002 0.937471 -0.001326 0.020280
  210 -0.948561 4.039413 -0.346835 0.204092 -0.003080 -0.542466
  211 -0.000001 4.945989 -0.000000 0.889102 0.001324 -0.011933
  212 0.000001 6.128852 -0.000002 0.937471 -0.001326 0.020280
  213 -0.948563 4.039412 -0.346829 0.204092 -0.003080 -0.542466
  214 0.000000 0.000000 0.000000 -0.000000 -0.000000 -0.000000
  215 0.000000 0.000000 0.000000 -0.000000 -0.000000 -0.000000
  216 -0.948561 4.039413 -0.346835 0.204093 -0.003081 -0.542467
  217 0.000000 0.000000 0.000000 -0.000000 0.000001 0.000001
  218 -0.000002 4.945987 0.000000 0.889102 0.001324 -0.011934
  219 0.000000 0.000000 0.000000 0.000000 0.000001 0.000001
  220 0.000002 6.128852 -0.000000 0.937471 -0.001326 0.020280
  221 0.000000 0.000000 0.000000 -0.000000 0.000000 0.000000
  222 0.000001 8.781751 0.000000 3.141593 -0.488190 0.000000
  223 -0.000001 -0.000001 -0.000001 0.000000 -0.000000 -0.000000
  224 -0.000001 0.000001 -0.000001 -0.000000 0.000000 -0.000000
  225 -0.948561 4.039413 -0.346835 0.204092 -0.003080 -0.542466
  226 0.000000 0.000000 0.000000 -0.000000 -0.000000 -0.000000
  227 0.777028 1.281753 1.958797 0.196514 0.598662 0.924076
  228 0.869112 4.064136 -0.120013 0.213321 0.019605 0.282980
  229 0.000002 4.879312 -0.000002 0.900642 0.004531 -0.036922
  230 0.000000 5.043320 -0.000000 0.845146 -0.001208 0.055324
  231 0.869112 4.064136 -0.120013 0.213321 0.019605 0.282980
  232 0.000002 4.879312 -0.000002 0.900642 0.004531 -0.036922
  233 0.000000 5.043320 -0.000000 0.845146 -0.001208 0.055324
  234 0.869107 4.064133 -0.120013 0.213321 0.019605 0.282980
  235 0.000000 0.000000 0.000000 0.000000 -0.000000 0.000000
  236 0.869110 4.064135 -0.120013 0.213321 0.019605 0.282979
  237 0.000000 0.000000 0.000000 -0.000000 0.000001 0.000001
  238 -0.000002 4.879313 -0.000002 0.900642 0.004531 -0.036922
  239 0.000000 0.000000 0.000000 0.000000 0.000000 0.000000
  240 0.000001 5.043320 -0.000001 0.845146 -0.001208 0.055324
  241 0.000000 0.000000 0.000000 0.000000 0.000000 0.000000
  242 0.000000 10.325293 -0.000000 3.141593 -0.093079 -0.000000
  243 0.000003 0.000002 0.000003 0.000000 -0.000000 0.000000
  244 0.000000 0.000000 0.000000 -0.000000 -0.000000 -0.000000
  245 0.869112 4.064136 -0.120013 0.213321 0.019605 0.282980
  246 0.986053 0.947619 1.368040 0.166521 0.766158 0.595879
  247 0.566083 5.116914 -0.078758 0.036912 -0.459751 0.204802
  248 -0.000001 4.968778 0.000000 0.880581 0.003073 -0.030016
  249 0.000000 5.803464 -0.000001 0.866015 -0.001678 0.049315
  250 0.566083 5.116914 -0.078758 0.036912 -0.459751 0.204802
  251 -0.000001 4.968778 0.000000 0.880581 0.003073 -0.030016
  252 0.000000 5.803464 -0.000001 0.866015 -0.001678 0.049315
  253 0.566078 5.116911 -0.078758 0.036912 -0.459751 0.204801
  254 0.000000 0.000000 0.000000 -0.000000 -0.000000 -0.000000
  255 0.566082 5.116913 -0.078758 0.036912 -0.459751 0.204802
  256 0.000000 0.000000 0.000000 -0.000000 -0.000000 -0.000000
  257 -0.000001 4.968779 0.000000 0.880581 0.003073 -0.030015
  258 0.000000 0.000000 0.000000 0.000000 -0.000000 -0.000000
  259 -0.000001 5.803464 -0.000000 0.866016 -0.001678 0.049316
  260 0.000000 0.000000 0.000000 -0.000000 -0.000000 0.000000
  261 0.000005 9.111455 0.000001 3.141592 0.806825 -0.000001
  262 -0.000000 -0.000002 0.000001 0.000000 0.000000 -0.000001
  263 0.000000 0.000000 0.000000 -0.000000 -0.000000 0.000000
  264 0.566083 5.116914 -0.078758 0.036912 -0.459751 0.204802
  265 2.510272 0.335972 0.022943 -0.704386 0.728958 -0.808876
  266 2.510272 0.335972 0.022943 -0.704386 0.728958 -0.808876
  267 2.510272 0.335972 0.022943 -0.704386 0.728958 -0.808876
  268 -0.904462 6.782041 3.867485 -1.718766 1.247226 -0.259960
  269 -0.010187 19.450785 -0.828347 -2.338028 -0.165222 1.820149
  270 0.000005 19.787300 0.000001 0.890296 -0.000000 -0.000000
  271 -0.000002 25.003319 0.000003 -0.111775 -0.322454 -0.236916
  272 0.000000 0.000000 0.000000 -0.000000 -0.000001 -0.000001
  273 0.000000 0.000000 0.000000 -0.000000 0.000001 0.000001
  274 -0.000002 -0.000001 -0.000000 -0.000000 0.000000 0.000000
  275 0.000000 0.000000 0.000000 0.000000 0.000000 -0.000000
  276 -0.000001 12.501659 0.000001 0.000000 -0.154069 0.000000
  277 0.000000 0.000000 0.000000 -0.000001 -0.001371 0.000001
  278 -0.000001 -0.000001 0.000003 -0.000000 0.000000 -0.000000
  279 -0.000001 9.893653 0.000007 -0.000000 0.462826 -0.000000
  280 0.000000 0.000000 0.000000 -0.000000 0.000000 0.000000
  281 0.000001 0.000003 0.000001 0.000000 -0.000000 -0.000000
  282 -0.010185 19.450790 -0.828337 -1.068311 0.458283 -0.722012
  283 -0.010185 19.450788 -0.828346 0.041386 0.124298 -1.319061
  284 0.000000 0.000000 0.000000 -1.332781 -0.484537 2.373637
  285 0.000004 20.126814 0.000005 0.277335 -0.000000 -0.000000
  286 0.000001 25.356453 0.000000 0.198412 0.005445 -0.027074
  287 0.000000 0.000000 0.000000 0.000000 -0.000000 -0.000000
  288 0.000001 -0.000003 -0.000001 -1.727780 -0.167494 2.502196
  289 0.000002 -0.000001 -0.000004 -0.500650 -0.643938 -0.000001
  290 0.000003 19.787306 0.000006 0.890296 -0.000001 -0.000000
  291 -0.010190 19.450783 -0.828348 -1.981961 -0.684731 1.021858
  292 0.000000 0.000000 0.000000 -0.000000 0.000000 0.000000
  293 -0.010190 19.450783 -0.828348 -1.981961 -0.684730 1.021857
  294 -0.000001 9.893645 0.000001 -0.000000 -0.417019 -0.000001
  295 0.000002 9.893647 -0.000002 0.890297 -0.462826 0.000001
  296 0.000003 12.501656 0.000001 0.000000 -0.155441 0.000000
  297 -0.000000 12.501656 -0.000000 -0.148659 -0.171175 -0.227878
  298 -0.838805 0.695167 1.002011 -0.146528 -0.831651 -0.111056
  299 -0.167734 5.873800 0.005395 0.057776 0.287169 -0.072685
  300 -0.000001 5.184050 -0.000000 0.919239 0.003807 -0.022167
  301 0.000003 5.576728 -0.000001 0.796202 -0.000644 0.036172
  302 -0.167736 5.873802 0.005395 0.057776 0.287169 -0.072685
  303 -0.000001 5.184050 -0.000000 0.919239 0.003807 -0.022167
  304 0.000003 5.576728 -0.000002 0.796202 -0.000644 0.036172
  305 -0.167734 5.873791 0.005388 0.057776 0.287169 -0.072685
  306 0.000000 0.000000 0.000000 -0.000000 -0.000000 -0.000000
  307 -0.167731 5.873796 0.005393 0.057776 0.287169 -0.072685
  308 0.000000 0.000000 0.000000 -0.000000 0.000000 0.000000
  309 0.000001 5.184048 -0.000000 0.919239 0.003807 -0.022168
  310 0.000000 0.000000 0.000000 0.000000 0.000000 0.000001
  311 0.000000 5.576725 0.000000 0.796201 -0.000643 0.036171
  312 0.000000 0.000000 0.000000 0.000000 0.000000 0.000000
  313 -0.000005 9.158420 0.000003 3.141593 -0.324016 0.000000
  314 0.000001 -0.000002 -0.000004 0.000000 0.000000 0.000000
  315 -0.000001 0.000001 -0.000001 -0.000000 0.000000 -0.000000
  316 -0.167732 5.873797 0.005393 0.057776 0.287169 -0.072685
  317 -0.208226 1.308916 0.886642 -0.521836 -0.710749 0.438946
  318 0.144387 4.742437 0.077406 0.177555 0.296553 0.038426
  319 0.000001 6.134693 0.000002 0.778872 0.004721 -0.048260
  320 -0.000002 5.142235 0.000000 0.683095 -0.000043 0.073620
  321 0.144387 4.742437 0.077406 0.177555 0.296553 0.038426
  322 0.000001 6.134693 0.000002 0.778872 0.004721 -0.048260
  323 -0.000002 5.142235 0.000000 0.683095 -0.000043 0.073620
  324 0.144386 4.742437 0.077405 0.177555 0.296553 0.038426
  325 0.000000 0.000000 0.000000 -0.000000 -0.000000 0.000000
  326 0.000000 0.000000 0.000000 -0.000000 -0.000000 0.000000
  327 0.144387 4.742437 0.077406 0.177554 0.296552 0.038425
  328 0.000000 0.000000 0.000000 -0.000000 0.000001 0.000001
  329 0.000002 6.134694 0.000002 0.778872 0.004721 -0.048261
  330 0.000000 0.000000 0.000000 0.000000 0.000001 0.000001
  331 -0.000000 5.142238 0.000001 0.683095 -0.000043 0.073619
  332 0.000000 0.000000 0.000000 -0.000000 0.000001 0.000000
  333 -0.000002 9.920084 0.000000 -3.141593 -0.323204 -0.000000
  334 0.000000 0.000002 -0.000002 -0.000000 0.000000 0.000000
  335 0.000001 0.000001 0.000001 -0.000000 -0.000000 -0.000000
  336 0.144387 4.742437 0.077406 0.177555 0.296553 0.038426
  337 0.000000 0.000000 0.000000 -0.000000 -0.000000 0.000000
  338 -1.229538 0.555898 1.288367 -0.746848 -0.623235 0.695221
  339 0.552583 5.462261 -0.065511 0.207022 0.080209 0.208698
  340 0.000001 5.046762 0.000002 0.898413 -0.005800 0.038570
  341 -0.000000 4.876212 -0.000002 0.863551 0.002099 -0.057280
  342 0.552583 5.462261 -0.065511 0.207022 0.080209 0.208698
  343 0.000001 5.046762 0.000002 0.898413 -0.005800 0.038570
  344 -0.000000 4.876212 -0.000002 0.863551 0.002099 -0.057280
  345 0.552583 5.462256 -0.065513 0.207022 0.080209 0.208698
  346 0.000000 0.000000 0.000000 0.000000 0.000000 0.000000
  347 0.000000 0.000000 0.000000 0.000000 0.000000 0.000000
  348 0.552583 5.462257 -0.065512 0.207022 0.080208 0.208698
  349 0.000000 0.000000 0.000000 0.000000 0.000000 0.000000
  350 -0.000000 5.046765 0.000003 0.898414 -0.005800 0.038571
  351 0.000000 0.000000 0.000000 0.000000 -0.000000 -0.000000
  352 -0.000001 4.876212 -0.000001 0.863551 0.002099 -0.057281
  353 0.000000 0.000000 0.000000 0.000000 0.000001 0.000001
  354 -0.000000 10.336262 -0.000000 -3.141593 0.095607 0.000001
  355 0.000000 0.000000 -0.000002 -0.000000 0.000000 0.000000
  356 0.000001 0.000002 0.000000 -0.000000 -0.000000 0.000000
  357 0.552583 5.462259 -0.065511 0.207022 0.080209 0.208698
  358 0.000000 0.000000 0.000000 0.000000 0.000000 0.000000
  359 -2.510275 0.335978 0.022943 -0.704386 -0.728958 0.808876
  360 0.830186 4.057275 -0.303546 0.204093 0.003080 0.542466
  361 -0.000001 4.945986 0.000001 0.791934 -0.001324 0.011933
  362 0.000001 6.128852 -0.000001 0.840303 0.001326 -0.020280
  363 0.830186 4.057275 -0.303546 0.204093 0.003080 0.542466
  364 -0.000001 4.945986 0.000001 0.791934 -0.001324 0.011933
  365 0.000001 6.128852 -0.000001 0.840303 0.001326 -0.020280
  366 0.830187 4.057269 -0.303550 0.204093 0.003080 0.542466
  367 0.000000 0.000000 0.000000 -0.000000 0.000000 0.000000
  368 0.000000 0.000000 0.000000 -0.000000 0.000000 0.000000
  369 0.830185 4.057273 -0.303547 0.204093 0.003081 0.542467
  370 0.000000 0.000000 0.000000 -0.000000 -0.000001 -0.000001
  371 0.000000 4.945985 0.000001 0.791934 -0.001324 0.011934
  372 0.000000 0.000000 0.000000 0.000000 -0.000001 -0.000001
  373 -0.000001 6.128850 0.000000 0.840304 0.001326 -0.020280
  374 0.000000 0.000000 0.000000 0.000000 -0.000000 -0.000000
  375 -0.000001 8.781747 -0.000001 -3.141593 0.488190 -0.000000
  376 0.000002 0.000002 -0.000001 -0.000000 0.000000 0.000000
  377 0.000002 0.000002 0.000001 0.000000 -0.000000 0.000000
  378 0.830186 4.057275 -0.303546 0.204093 0.003080 0.542466
  379 0.000000 0.000000 0.000000 -0.000000 0.000000 0.000000
  380 -0.777030 1.281755 1.958800 0.196515 -0.598662 -0.924076
  381 -0.836332 4.080321 -0.115493 0.213321 -0.019605 -0.282980
  382 -0.000001 4.879320 -0.000002 0.871277 -0.004530 0.036921
  383 -0.000001 5.043321 0.000001 0.815781 0.001208 -0.055324
  384 -0.836332 4.080321 -0.115493 0.213321 -0.019605 -0.282980
  385 -0.000001 4.879320 -0.000002 0.871277 -0.004530 0.036921
  386 -0.000001 5.043321 0.000001 0.815781 0.001208 -0.055324
  387 -0.836327 4.080320 -0.115494 0.213321 -0.019605 -0.282979
  388 0.000000 0.000000 0.000000 0.000000 0.000000 0.000000
  389 -0.836329 4.080320 -0.115494 0.213321 -0.019605 -0.282979
  390 0.000000 0.000000 0.000000 0.000000 -0.000001 -0.000001
  391 0.000000 4.879317 -0.000001 0.871277 -0.004530 0.036922
  392 0.000000 0.000000 0.000000 0.000000 -0.000000 -0.000000
  393 0.000000 5.043318 -0.000000 0.815781 0.001208 -0.055324
  394 0.000000 0.000000 0.000000 -0.000000 0.000000 0.000000
  395 -0.000004 10.325291 -0.000001 3.141592 0.093079 0.000000
  396 -0.000002 -0.000002 -0.000003 -0.000000 -0.000000 0.000000
  397 -0.000002 0.000001 -0.000003 -0.000000 0.000000 -0.000000
  398 -0.836331 4.080320 -0.115493 0.213321 -0.019605 -0.282980
  399 -0.986051 0.947618 1.368039 0.166521 -0.766159 -0.595878
  400 -0.495434 5.163045 -0.068926 0.036911 0.459751 -0.204801
  401 0.000001 4.968781 -0.000000 0.783413 -0.003073 0.030016
  402 0.000002 5.803464 0.000001 0.768849 0.001678 -0.049316
  403 -0.495434 5.163045 -0.068926 0.036911 0.459751 -0.204801
  404 0.000001 4.968781 -0.000000 0.783413 -0.003073 0.030016
  405 0.000002 5.803464 0.000001 0.768849 0.001678 -0.049315
  406 -0.495433 5.163043 -0.068933 0.036912 0.459751 -0.204801
  407 0.000000 0.000000 0.000000 0.000000 0.000000 -0.000000
  408 -0.495433 5.163044 -0.068927 0.036912 0.459751 -0.204801
  409 0.000000 0.000000 0.000000 -0.000000 0.000000 0.000000
  410 -0.000000 4.968781 -0.000002 0.783413 -0.003073 0.030015
  411 0.000000 0.000000 0.000000 -0.000000 0.000000 0.000000
  412 0.000000 5.803465 -0.000002 0.768848 0.001678 -0.049316
  413 0.000000 0.000000 0.000000 -0.000000 -0.000000 -0.000000
  414 -0.000003 9.111449 0.000001 3.141592 -0.806825 0.000001
  415 -0.000000 -0.000003 -0.000003 0.000000 0.000000 0.000000
  416 -0.000002 0.000000 -0.000001 -0.000001 -0.000000 -0.000000
  417 -0.495434 5.163045 -0.068926 0.036911 0.459751 -0.204801
  418 -2.510271 0.335974 0.022941 -0.704386 -0.728957 0.808876
  419 -2.510271 0.335974 0.022941 -0.704386 -0.728957 0.808876
  420 -2.510271 0.335974 0.022941 -0.704386 -0.728957 0.808876
  421 8.463107 -0.489835 -2.120325 1.542233 0.000000 3.141593
  422 0.000000 0.000000 0.000000 -0.000000 -0.000000 0.000000
  423 -8.463107 -0.489833 -2.120322 1.542233 0.000000 -3.141593
  424 0.000000 0.000000 0.000000 -0.000000 -0.000000 -0.000000
  425 8.463107 -0.489835 -2.120325 1.542233 0.000000 3.141593
  426 -8.463106 -0.489833 -2.120322 1.542233 0.000000 -3.141593
  427 0.904462 6.782040 3.867483 -1.568334 -1.427706 -0.134141
  428 -0.904462 6.782041 3.867485 -1.718766 1.247226 -0.259960
  429 0.000000 0.000000 0.000000 -0.000000 -0.000000 -0.000000
  430 -2.384858 45.420403 15.540361 0.000000 -0.000000 1.570796
  431 -22.383017 24.839352 -7.478476 -1.223197 0.073501 -2.743711
  432 -0.000001 -0.000001 -0.000003 0.000000 -0.000000 0.000000
  433 -47.776772 17.768213 1.973249 -0.329971 -0.133347 1.292950
  434 18.378077 17.372250 23.090252 0.636717 0.964784 -2.018134
  435 -2.384865 -45.420403 15.540361 0.000000 -0.000000 1.570796
  436 18.218233 26.021339 -9.621168 -1.235823 -0.492878 2.971601
  437 -0.000001 0.000006 0.000004 0.000000 -0.000000 0.000000
  438 -51.987511 -3.935877 0.126503 -0.375307 0.096457 1.240747
  439 -14.506092 5.330115 -1.653147 0.636717 -0.964784 2.018134
  440 -0.483101 8.250682 -13.900933 0.000000 -0.000000 1.570796
  441 -0.000003 16.881220 -0.645735 -0.024900 -0.000000 -0.000000
  442 0.000002 -6.475165 -8.877783 0.000000 -0.000000 -0.000000
  443 -0.000002 6.475165 8.877783 0.000000 -0.000000 -0.000000
  444 -1.878122 12.014875 -0.599894 0.000000 0.000000 0.000000
  445 3.953936 0.000001 0.000000 -0.000000 -0.000000 0.000000
  446 -1.976967 -0.000001 -0.000000 0.000000 0.000000 -0.000000
  447 -0.098846 -12.014876 0.599885 0.000000 0.000000 -0.000000
  448 -0.000002 6.475166 8.877786 -2.200961 0.000249 0.000342
  449 0.000000 0.000002 0.000002 -0.000000 0.000000 0.000000
  450 -0.000001 10.988306 0.000000 2.200961 0.000423 0.000000
  451 0.000000 0.000000 0.000000 -0.060252 -0.000000 -3.141593
  452 16.088343 9.157591 -2.865564 -0.063454 0.019569 1.661671
  453 3.792572 0.940182 0.237371 -0.003598 0.000000 0.000000
  454 -0.483102 -8.250682 -13.900933 0.000000 -0.000000 1.570796
  455 -4.780865 36.187805 -0.677505 -0.009742 -0.000000 0.000000
  456 -0.000000 -6.475161 -8.877784 -0.000000 -0.000000 0.000000
  457 0.000000 6.475161 8.877784 0.596011 0.000000 -0.000000
  458 1.878118 12.014872 -0.599895 -0.000000 0.000000 0.000000
  459 -3.953933 -0.000000 -0.000002 0.000000 0.000000 -0.000000
  460 1.976968 0.000000 0.000000 0.000000 -0.000000 -0.000000
  461 0.098845 -12.014870 0.599887 0.596011 -0.000000 0.000000
  462 -0.000000 6.475166 8.877784 -2.200961 -0.000249 -0.000341
  463 -0.000000 0.000003 0.000002 -0.000000 -0.000000 -0.000000
  464 0.000001 10.988302 -0.000001 1.604950 -0.000422 0.000000
  465 0.000000 0.000000 0.000000 -0.060252 0.000000 3.141593
  466 17.585552 -7.272543 -2.542669 -0.063454 0.019569 1.661671
  467 -7.486246 3.048848 -1.128943 -0.003598 0.000000 0.000000
  time 5
  0 0.000000 0.000000 -23.603888 0.000000 -0.000000 1.570796
  1 -1.878840 22.585400 37.021721 1.677792 -0.017504 0.093333
  2 -0.000004 10.999718 -0.000001 -0.034667 -0.002539 -0.061146
  3 -0.000002 6.753166 -0.000003 -0.381773 -0.113329 0.016157
  4 -0.000001 8.544818 -0.000000 -0.239563 -0.153332 0.091125
  5 0.000001 9.518028 0.000001 0.251720 0.106505 -0.067947
  6 -0.000001 3.039629 0.000000 0.194144 0.061077 0.012001
  7 0.000000 3.098966 -0.000001 -0.925597 0.238914 0.154739
  8 25.399864 32.349041 55.121716 0.715424 2.474102 -0.052333
  9 -22.330486 35.819500 48.301464 -1.701167 -0.641533 1.740893
  10 9.932721 9.017896 22.176825 -3.032943 0.241704 0.269186
  11 -13.013613 17.322056 17.546371 -3.132346 -0.071063 -0.071722
  12 -1.789155 0.000000 28.175615 0.000000 -0.000000 1.570796
  13 -2.987624 20.373846 -9.204979 -0.044799 0.112193 0.002007
  14 0.000000 -1.769382 12.121014 -0.029876 -0.133216 0.086192
  15 -0.000000 -1.769388 12.121013 -0.452396 -0.202474 -0.149044
  16 0.000000 -1.769382 12.121014 -0.013466 -0.066929 0.042501
  17 -0.000000 -0.000002 -0.000000 1.694062 0.000000 -0.000000
  18 0.000001 -6.753164 -0.000000 -1.704562 0.050316 0.061275
  19 0.000000 0.000000 0.000000 1.742379 0.000000 0.000000
  20 0.000010 -10.999722 0.000005 -0.000000 0.000000 0.000000
  21 0.000000 0.000000 0.000000 -0.000000 -0.000000 0.000000
  22 0.000000 0.000000 0.000000 -1.341552 -1.993774 0.192914
  23 0.000001 -0.000002 0.000001 -0.000000 0.000000 0.000000
  24 0.000000 0.000000 0.000000 -1.341552 1.993774 -0.192913
  25 0.000001 -0.000002 0.000001 -0.000000 -0.000000 -0.000000
  26 8.250684 -0.215593 2.184237 2.321485 0.147036 -0.006226
  27 -0.000001 19.280518 -0.000001 1.290985 -0.000000 0.000000
  28 -0.000001 15.640806 0.000002 -1.245230 0.215370 -0.109901
  29 -0.000024 10.987723 -0.000418 0.880380 -3.141171 0.000000
  30 -1.873869 4.392864 10.061483 -0.000523 0.630165 -1.571105
  31 0.000000 0.000002 0.000002 -0.000000 -0.000000 -0.000000
  32 0.000000 0.000000 0.000000 0.000000 0.000000 0.000000
  33 0.000000 0.000002 -0.000000 0.000000 -0.000000 0.000000
  34 0.000000 0.000000 0.000000 0.000000 -0.000000 0.000000
  35 -0.000000 7.820406 -0.000000 0.000000 0.131335 0.000000
  36 0.000000 0.000000 0.000000 0.000000 0.000204 -0.000000
  37 -0.000000 -0.000001 0.000001 -0.000000 -0.000000 0.000000
  38 0.000000 9.640260 0.000001 -0.000000 0.075493 -0.000000
  39 0.000000 0.000000 0.000000 -0.000000 0.000000 0.000000
  40 -8.250682 -0.215597 2.184243 2.926415 -0.178657 -0.156819
  41 0.000001 19.285353 0.000000 1.274177 0.000000 0.000000
  42 0.000001 15.645884 0.000001 -1.279916 -0.170021 -0.001578
  43 0.000071 10.987756 -0.000448 1.386253 3.141171 -0.000000
  44 1.873873 4.392860 10.061478 0.000522 2.511427 1.571104
  45 -0.000000 0.000001 0.000002 -0.000000 0.000000 -0.000000
  46 0.000000 0.000000 0.000000 0.000000 -0.000000 0.000000
  47 0.000000 0.000003 -0.000001 -0.000000 0.000000 -0.000000
  48 0.000000 0.000000 0.000000 -0.000000 0.000000 0.000000
  49 -0.000001 7.822945 -0.000001 0.000000 -0.075151 -0.000000
  50 0.000000 0.000000 0.000000 0.000000 -0.000205 0.000000
  51 0.000001 -0.000000 0.000000 -0.000000 0.000000 -0.000000
  52 -0.000000 9.642679 -0.000001 0.000000 -0.077059 0.000000
  53 0.000000 0.000000 0.000000 -0.000000 -0.000000 -0.000000
  54 8.250684 -0.215593 2.184237 2.903292 -0.000000 0.000000
  55 8.250684 -0.215593 2.184237 -1.742380 -0.000000 0.000000
  56 0.000000 0.000000 0.000000 -1.637513 0.000000 -0.000000
  57 -0.000000 19.896326 -0.000001 0.140362 -0.000000 0.000000
  58 0.000000 16.264103 0.000001 -0.703810 -0.000322 0.000273
  59 0.000000 0.000000 0.000000 -0.000000 -0.000000 0.000000
  60 0.000001 10.988299 0.000000 0.880380 -3.141170 0.000000
  61 0.000000 0.000000 0.000000 0.000000 -0.000000 0.000000
  62 0.000000 0.000000 0.000000 -1.649499 -0.030637 0.001261
  63 0.000000 0.000000 -0.000000 -0.567156 -0.145116 -0.000000
  64 -0.000001 19.280518 -0.000000 1.290985 -0.000000 0.000000
  65 8.250684 -0.215593 2.184237 2.331460 0.053836 0.093069
  66 0.000000 0.000000 0.000000 0.000000 -0.000000 -0.000000
  67 8.250684 -0.215593 2.184237 2.331460 0.053836 0.093069
  68 -0.000001 9.640260 0.000002 0.000000 -0.060299 0.000000
  69 -0.000001 9.640260 0.000001 1.290985 -0.075494 -0.000000
  70 0.000000 7.820397 0.000000 0.000000 0.131540 -0.000000
  71 -0.000000 7.820404 0.000002 -1.230830 0.084609 -0.107738
  72 0.000003 10.987746 -0.000000 0.880341 -3.141171 -0.000002
  73 -8.250684 -0.215597 2.184243 2.903292 -0.000000 0.000000
  74 -8.250683 -0.215597 2.184243 -1.742380 -0.000000 0.000000
  75 0.000000 0.000000 0.000000 -1.637514 0.000000 0.000000
  76 0.000002 19.896326 0.000001 0.140363 0.000000 -0.000000
  77 0.000000 16.264103 0.000001 -0.703810 0.000322 -0.000273
  78 0.000000 -0.000001 -0.000001 -0.000000 0.000000 0.000000
  79 -0.000001 10.988299 0.000002 0.880380 3.141171 -0.000000
  80 0.000000 0.000000 0.000000 0.000000 0.000000 0.000000
  81 0.000001 -0.000000 -0.000000 -1.058619 0.087816 0.022839
  82 0.000000 0.000000 0.000000 -0.560135 0.197472 0.000000
  83 0.000000 19.285351 -0.000002 1.274177 0.000000 0.000000
  84 -8.250682 -0.215597 2.184243 2.929696 -0.042807 -0.186434
  85 0.000000 0.000000 0.000000 0.000000 -0.000000 -0.000000
  86 -8.250682 -0.215597 2.184243 2.929696 -0.042807 -0.186434
  87 -0.000000 9.642677 -0.000003 0.000000 0.061938 -0.000000
  88 0.000000 9.642674 0.000000 1.274177 0.077060 0.000000
  89 -0.000001 7.822939 -0.000001 0.000000 -0.075355 -0.000000
  90 0.000000 7.822942 0.000000 -1.280076 -0.094671 -0.001564
  91 -0.000000 10.987781 0.000001 1.386212 3.141170 0.000006
  92 0.000000 0.000000 0.000000 -0.048318 -0.000000 0.000000
  93 0.000000 0.000000 0.000000 0.000000 0.000000 0.000000
  94 0.000010 -10.999722 0.000005 -0.000000 -0.000000 0.000000
  95 -0.000000 -1.769382 12.121014 -0.228873 -0.092823 -0.085717
  96 0.000000 -0.000002 -0.000001 1.538978 -0.000000 0.000000
  97 0.000000 0.000000 -0.000000 0.267811 0.065302 0.000635
  98 0.000000 0.000000 0.000000 -0.155084 0.000000 -0.000000
  99 0.000000 0.000000 0.000000 0.000000 -0.000000 -0.000000
  100 0.000002 8.544818 0.000003 -1.775830 -0.088264 0.090406
  101 0.000000 0.000000 0.000000 1.542233 0.000000 -0.000000
  102 -0.000000 9.518029 -0.000007 0.251719 0.106504 -0.067947
  103 -0.000001 3.039629 0.000000 0.194144 0.061077 0.012001
  104 0.000000 3.098965 0.000000 -0.925597 0.238914 0.154739
  105 -0.000000 9.518029 -0.000007 -1.312999 0.106505 -0.067946
  106 0.000000 0.000000 0.000000 1.662547 0.000000 0.000000
  107 0.000001 6.109807 -0.000000 -1.433611 0.097587 -0.080248
  108 0.000000 0.000000 0.000000 0.539655 -0.226214 0.229168
  109 0.000000 0.000000 0.000000 -0.097827 -0.000000 -0.000000
  110 0.000000 0.000000 0.000000 -0.000000 -0.000000 -0.000000
  111 -0.000000 3.025096 -0.296887 -0.493234 0.082793 0.143440
  112 0.000000 0.000000 0.000000 0.095948 -0.000000 -0.000000
  113 0.000000 0.000000 0.000000 0.000000 0.000000 0.000000
  114 0.000000 0.000000 0.000000 0.000000 -0.000000 -0.000000
  115 0.904462 6.782035 3.867484 -1.411987 -1.503555 -0.293703
  116 0.010178 19.450806 -0.828342 0.271141 -3.022160 1.199918
  117 -0.000000 19.686605 0.000003 0.986375 0.000000 -0.000000
  118 0.000000 24.896507 0.000003 -0.180558 -1.034521 0.468537
  119 0.000000 0.000000 0.000000 -0.000000 0.000001 0.000001
  120 0.000000 0.000000 0.000000 -0.000000 -0.000001 -0.000001
  121 0.000002 -0.000001 -0.000003 -0.000000 -0.000000 -0.000000
  122 0.000000 0.000000 0.000000 0.000000 -0.000000 0.000000
  123 0.000001 12.448255 -0.000002 0.000000 -0.524497 -0.000000
  124 0.000000 0.000000 0.000000 -0.000000 0.001371 -0.000001
  125 0.000000 0.000000 0.000000 0.000000 -0.000000 0.000000
  126 0.000000 9.843303 0.000000 -0.000000 -0.724042 0.000000
  127 0.000000 0.000000 0.000000 -0.000000 -0.000000 -0.000000
  128 -0.000000 0.000002 0.000000 0.000000 0.000000 0.000000
  129 0.010188 19.450798 -0.828330 -1.068311 -0.458283 0.722012
  130 0.010184 19.450800 -0.828337 0.041386 -0.124298 1.319061
  131 0.000000 0.000000 0.000000 -1.332781 0.484537 -2.373637
  132 -0.000003 20.126820 0.000001 0.277335 0.000000 0.000000
  133 -0.000001 25.356464 0.000003 0.198412 -0.005445 0.027074
  134 0.000000 0.000000 0.000000 -0.000000 0.000000 0.000000
  135 -0.000001 0.000004 -0.000007 0.969778 2.718009 0.687904
  136 -0.000006 0.000001 0.000001 -0.555916 1.038150 0.000000
  137 -0.000003 19.686607 0.000002 0.986376 0.000000 0.000000
  138 0.010178 19.450806 -0.828342 0.696462 1.998220 1.883547
  139 0.000000 0.000000 0.000000 -0.000000 -0.000000 -0.000000
  140 0.010178 19.450806 -0.828342 0.696462 1.998220 1.883548
  141 0.000001 9.843301 0.000000 0.000000 0.634507 -0.000000
  142 0.000003 9.843298 0.000002 0.986375 0.724042 -0.000001
  143 0.000002 12.448256 -0.000003 0.000000 -0.523125 -0.000000
  144 0.000001 12.448242 -0.000001 0.086137 -0.543231 0.272906
  145 0.838802 0.695168 1.002011 -0.146529 0.831651 0.111056
  146 0.176412 5.854689 0.005667 0.057776 -0.287169 0.072684
  147 0.000001 5.184051 0.000000 0.957970 -0.003807 0.022168
  148 -0.000002 5.576721 -0.000002 0.834933 0.000643 -0.036172
  149 0.176412 5.854689 0.005667 0.057776 -0.287169 0.072684
  150 0.000001 5.184051 0.000000 0.957970 -0.003807 0.022168
  151 -0.000002 5.576721 -0.000002 0.834933 0.000643 -0.036172
  152 0.176411 5.854686 0.005665 0.057776 -0.287169 0.072685
  153 0.000000 0.000000 0.000000 0.000000 -0.000000 -0.000000
  154 0.176412 5.854687 0.005667 0.057776 -0.287169 0.072685
  155 0.000000 0.000000 0.000000 0.000000 0.000000 -0.000000
  156 0.000002 5.184051 0.000001 0.957970 -0.003807 0.022168
  157 0.000000 0.000000 0.000000 0.000000 -0.000000 -0.000001
  158 -0.000002 5.576723 0.000000 0.834932 0.000643 -0.036172
  159 0.000000 0.000000 0.000000 0.000000 -0.000000 -0.000000
  160 0.000001 9.158418 0.000000 3.141592 0.324016 -0.000000
  161 0.000001 -0.000001 -0.000002 0.000000 -0.000000 -0.000000
  162 0.000001 0.000001 -0.000002 0.000000 -0.000000 0.000000
  163 0.176412 5.854689 0.005667 0.057776 -0.287169 0.072684
  164 0.208215 1.308909 0.886641 -0.521836 0.710749 -0.438947
  165 -0.166951 4.711284 0.089508 0.177555 -0.296553 -0.038426
  166 0.000001 6.134696 -0.000001 0.885407 -0.004721 0.048260
  167 -0.000001 5.142238 0.000000 0.789630 0.000043 -0.073619
  168 -0.166951 4.711284 0.089508 0.177555 -0.296553 -0.038426
  169 0.000001 6.134696 -0.000001 0.885407 -0.004721 0.048260
  170 -0.000001 5.142238 0.000000 0.789630 0.000043 -0.073619
  171 -0.166949 4.711278 0.089509 0.177555 -0.296553 -0.038426
  172 -0.000000 0.000002 0.000000 0.000000 -0.000000 -0.000000
  173 -0.000000 0.000002 0.000000 0.000000 -0.000000 -0.000000
  174 -0.166951 4.711282 0.089508 0.177554 -0.296552 -0.038425
  175 0.000000 0.000000 0.000000 0.000000 -0.000001 -0.000001
  176 0.000001 6.134696 -0.000001 0.885407 -0.004721 0.048261
  177 0.000000 0.000000 0.000000 -0.000000 -0.000001 -0.000001
  178 0.000000 5.142238 0.000000 0.789630 0.000043 -0.073619
  179 0.000000 0.000000 0.000000 -0.000000 -0.000001 -0.000001
  180 0.000002 9.920086 -0.000001 -3.141593 0.323205 0.000000
  181 -0.000000 -0.000000 -0.000002 0.000000 -0.000000 -0.000000
  182 -0.000000 0.000001 -0.000002 -0.000000 0.000000 -0.000000
  183 -0.166951 4.711284 0.089508 0.177555 -0.296553 -0.038426
  184 -0.000000 0.000002 0.000000 0.000000 -0.000000 -0.000000
  185 1.229531 0.555899 1.288360 -0.746848 0.623235 -0.695221
  186 -0.581138 5.445477 -0.068890 0.207021 -0.080209 -0.208698
  187 -0.000002 5.046765 -0.000000 0.937147 0.005799 -0.038570
  188 -0.000001 4.876217 0.000001 0.902283 -0.002099 0.057280
  189 -0.581138 5.445477 -0.068890 0.207021 -0.080209 -0.208698
  190 -0.000002 5.046765 -0.000000 0.937147 0.005799 -0.038570
  191 -0.000001 4.876217 0.000002 0.902283 -0.002099 0.057280
  192 -0.581139 5.445475 -0.068891 0.207022 -0.080209 -0.208698
  193 0.000000 0.000000 0.000000 -0.000000 -0.000000 0.000000
  194 0.000000 0.000000 0.000000 -0.000000 -0.000000 0.000000
  195 -0.581138 5.445477 -0.068890 0.207022 -0.080209 -0.208698
  196 0.000000 0.000000 0.000000 -0.000000 -0.000000 0.000000
  197 -0.000001 5.046766 -0.000001 0.937147 0.005799 -0.038570
  198 0.000000 0.000000 0.000000 -0.000000 0.000000 0.000000
  199 -0.000001 4.876215 0.000002 0.902284 -0.002099 0.057280
  200 0.000000 0.000000 0.000000 0.000000 -0.000001 -0.000000
  201 0.000001 10.336263 0.000001 -3.141593 -0.095607 -0.000001
  202 -0.000001 -0.000001 -0.000002 -0.000000 0.000000 -0.000000
  203 -0.000001 0.000001 -0.000001 0.000000 0.000000 0.000000
  204 -0.581138 5.445477 -0.068890 0.207021 -0.080209 -0.208698
  205 0.000000 0.000000 0.000000 -0.000000 -0.000000 0.000000
  206 2.510265 0.335975 0.022938 -0.704386 0.728957 -0.808876
  207 -0.959975 4.037693 -0.351003 0.204093 -0.003080 -0.542466
  208 -0.000001 4.945987 -0.000001 0.898469 0.001324 -0.011933
  209 0.000002 6.128851 0.000001 0.946838 -0.001326 0.020280
  210 -0.959975 4.037693 -0.351003 0.204093 -0.003080 -0.542466
  211 -0.000001 4.945987 -0.000001 0.898469 0.001324 -0.011933
  212 0.000002 6.128851 0.000001 0.946838 -0.001326 0.020280
  213 -0.959975 4.037688 -0.351001 0.204093 -0.003080 -0.542466
  214 0.000000 0.000000 0.000000 0.000000 -0.000000 -0.000000
  215 0.000000 0.000000 0.000000 0.000000 -0.000000 -0.000000
  216 -0.959975 4.037693 -0.351003 0.204093 -0.003080 -0.542467
  217 0.000000 0.000000 0.000000 -0.000000 0.000001 0.000001
  218 -0.000002 4.945986 0.000001 0.898469 0.001324 -0.011934
  219 0.000000 0.000000 0.000000 -0.000000 0.000001 0.000001
  220 -0.000001 6.128850 -0.000000 0.946838 -0.001326 0.020280
  221 0.000000 0.000000 0.000000 0.000000 0.000000 0.000000
  222 0.000001 8.781744 0.000000 3.141593 -0.488190 0.000000
  223 -0.000002 0.000001 -0.000002 -0.000000 -0.000000 0.000000
  224 -0.000001 0.000000 -0.000001 0.000000 0.000000 0.000000
  225 -0.959975 4.037693 -0.351003 0.204093 -0.003080 -0.542466
  226 0.000000 0.000000 0.000000 0.000000 -0.000000 -0.000000
  227 0.777028 1.281751 1.958796 0.196514 0.598662 0.924076
  228 0.879568 4.058968 -0.121456 0.213321 0.019605 0.282979
  229 -0.000000 4.879312 0.000000 0.910009 0.004530 -0.036921
  230 0.000001 5.043317 0.000001 0.854513 -0.001208 0.055324
  231 0.879568 4.058968 -0.121456 0.213321 0.019605 0.282979
  232 -0.000000 4.879312 0.000000 0.910009 0.004530 -0.036921
  233 0.000001 5.043317 0.000001 0.854513 -0.001208 0.055324
  234 0.879564 4.058968 -0.121458 0.213321 0.019605 0.282980
  235 0.000000 0.000000 0.000000 0.000000 -0.000000 0.000000
  236 0.879567 4.058967 -0.121456 0.213321 0.019605 0.282979
  237 0.000000 0.000000 0.000000 -0.000000 0.000000 0.000001
  238 0.000002 4.879312 0.000001 0.910009 0.004531 -0.036922
  239 0.000000 0.000000 0.000000 0.000000 0.000000 0.000000
  240 0.000000 5.043317 0.000002 0.854514 -0.001208 0.055324
  241 0.000000 0.000000 0.000000 0.000000 -0.000000 0.000000
  242 -0.000001 10.325294 -0.000004 3.141592 -0.093079 -0.000000
  243 0.000002 -0.000000 -0.000001 -0.000000 0.000000 0.000000
  244 0.000002 -0.000000 0.000001 0.000000 -0.000000 0.000000
  245 0.879568 4.058968 -0.121456 0.213321 0.019605 0.282979
  246 0.986053 0.947623 1.368040 0.166521 0.766158 0.595878
  247 0.572900 5.112470 -0.079705 0.036912 -0.459751 0.204801
  248 0.000000 4.968781 -0.000000 0.889949 0.003073 -0.030016
  249 0.000002 5.803460 0.000001 0.875383 -0.001678 0.049316
  250 0.572900 5.112470 -0.079705 0.036912 -0.459751 0.204801
  251 0.000000 4.968780 -0.000000 0.889949 0.003073 -0.030016
  252 0.000002 5.803460 0.000001 0.875383 -0.001678 0.049316
  253 0.572887 5.112464 -0.079708 0.036912 -0.459751 0.204801
  254 0.000000 0.000000 0.000000 0.000000 0.000000 -0.000000
  255 0.572897 5.112467 -0.079705 0.036912 -0.459751 0.204801
  256 0.000000 0.000000 0.000000 -0.000000 -0.000000 -0.000000
  257 0.000001 4.968780 -0.000001 0.889948 0.003073 -0.030016
  258 0.000000 0.000000 0.000000 0.000000 -0.000000 -0.000000
  259 0.000002 5.803463 0.000000 0.875383 -0.001678 0.049316
  260 0.000000 0.000000 0.000000 0.000000 -0.000000 0.000000
  261 0.000000 9.111455 -0.000000 3.141592 0.806825 -0.000001
  262 0.000004 -0.000001 0.000002 -0.000000 -0.000000 -0.000000
  263 0.000001 0.000000 -0.000001 0.000000 -0.000000 -0.000000
  264 0.572898 5.112469 -0.079705 0.036912 -0.459751 0.204801
  265 2.510270 0.335974 0.022942 -0.704386 0.728957 -0.808876
  266 2.510270 0.335974 0.022942 -0.704386 0.728957 -0.808876
  267 2.510270 0.335974 0.022942 -0.704386 0.728957 -0.808876
  268 -0.904462 6.782035 3.867483 -1.806610 1.325124 -0.339345
  269 -0.010181 19.450800 -0.828334 -2.404033 -0.134403 1.860705
  270 0.000005 19.562672 0.000006 1.145493 -0.000000 -0.000000
  271 -0.000002 24.759037 -0.000002 -0.249329 -0.475304 -0.172055
  272 0.000000 0.000000 0.000000 0.000000 -0.000001 -0.000001
  273 0.000000 0.000000 0.000000 -0.000000 0.000001 0.000001
  274 -0.000002 0.000006 0.000005 -0.000000 0.000000 0.000000
  275 0.000001 -0.000003 -0.000002 0.000000 -0.000000 0.000000
  276 -0.000003 12.379524 -0.000002 -0.000001 -0.226116 -0.000000
  277 0.000000 0.000000 0.000000 -0.000001 -0.001371 0.000001
  278 0.000000 0.000000 0.000000 -0.000000 0.000000 -0.000000
  279 0.000004 9.781334 0.000007 0.000001 0.515846 0.000000
  280 0.000000 0.000000 0.000000 -0.000000 0.000000 0.000000
  281 -0.000001 0.000002 -0.000000 0.000000 -0.000001 0.000000
  282 -0.010184 19.450796 -0.828337 -1.068311 0.458283 -0.722012
  283 -0.010184 19.450796 -0.828337 0.041386 0.124298 -1.319061
  284 0.000000 0.000000 0.000000 -1.332781 -0.484537 2.373637
  285 -0.000000 20.126823 -0.000003 0.277335 -0.000000 -0.000000
  286 0.000002 25.356459 0.000005 0.198412 0.005445 -0.027074
  287 0.000000 0.000000 0.000000 0.000000 -0.000000 -0.000000
  288 0.000000 0.000000 0.000000 -1.673443 -0.094533 2.521019
  289 0.000005 -0.000002 -0.000002 -0.648206 -0.661994 -0.000000
  290 0.000003 19.562660 0.000005 1.145493 -0.000000 -0.000000
  291 -0.010181 19.450800 -0.828334 -2.017272 -0.739442 1.028733
  292 0.000000 0.000000 0.000000 -0.000000 0.000000 0.000000
  293 -0.010181 19.450800 -0.828334 -2.017271 -0.739442 1.028733
  294 -0.000004 9.781331 0.000002 -0.000000 -0.432088 0.000000
  295 -0.000001 9.781333 -0.000001 1.145492 -0.515846 0.000000
  296 -0.000001 12.379519 -0.000005 0.000000 -0.227488 -0.000000
  297 -0.000004 12.379512 -0.000001 -0.289200 -0.250871 -0.157802
  298 -0.838803 0.695167 1.002010 -0.146529 -0.831651 -0.111056
  299 -0.140930 5.932869 0.004524 0.057776 0.287169 -0.072685
  300 -0.000000 5.184052 0.000000 0.799490 0.003806 -0.022167
  301 -0.000001 5.576723 0.000001 0.676452 -0.000643 0.036172
  302 -0.140930 5.932869 0.004524 0.057776 0.287169 -0.072685
  303 -0.000000 5.184052 0.000000 0.799490 0.003806 -0.022167
  304 -0.000001 5.576723 0.000001 0.676452 -0.000643 0.036172
  305 -0.140926 5.932865 0.004523 0.057776 0.287169 -0.072685
  306 0.000000 0.000000 0.000000 0.000000 0.000000 0.000000
  307 -0.140930 5.932869 0.004525 0.057776 0.287169 -0.072685
  308 0.000000 0.000000 0.000000 -0.000000 0.000000 0.000000
  309 0.000001 5.184053 -0.000002 0.799489 0.003807 -0.022168
  310 0.000000 0.000000 0.000000 0.000000 0.000000 0.000001
  311 0.000002 5.576724 0.000001 0.676452 -0.000643 0.036172
  312 0.000000 0.000000 0.000000 -0.000000 0.000000 0.000000
  313 -0.000002 9.158420 0.000001 -3.141593 -0.324016 0.000000
  314 -0.000002 -0.000001 -0.000001 0.000000 -0.000000 0.000000
  315 -0.000002 0.000001 -0.000001 -0.000000 -0.000000 -0.000000
  316 -0.140930 5.932869 0.004524 0.057776 0.287169 -0.072685
  317 -0.208218 1.308912 0.886643 -0.521837 -0.710749 0.438947
  318 0.065325 4.851561 0.035031 0.177554 0.296553 0.038425
  319 0.000002 6.134700 -0.000003 0.405784 0.004721 -0.048260
  320 -0.000003 5.142235 0.000002 0.310007 -0.000043 0.073620
  321 0.065324 4.851560 0.035032 0.177554 0.296553 0.038425
  322 0.000000 6.134700 -0.000002 0.405784 0.004721 -0.048260
  323 -0.000000 5.142236 -0.000001 0.310007 -0.000043 0.073620
  324 0.065333 4.851564 0.035026 0.177554 0.296554 0.038426
  325 0.000000 0.000000 0.000000 -0.000000 0.000000 -0.000000
  326 0.000000 0.000000 0.000000 -0.000000 0.000000 -0.000000
  327 0.065327 4.851562 0.035028 0.177554 0.296553 0.038425
  328 0.000000 0.000000 0.000000 -0.000000 0.000001 0.000001
  329 0.000002 6.134697 -0.000000 0.405784 0.004721 -0.048261
  330 0.000000 0.000000 0.000000 0.000000 0.000000 0.000001
  331 0.000001 5.142239 -0.000000 0.310007 -0.000043 0.073618
  332 0.000000 0.000000 0.000000 -0.000000 0.000001 0.000001
  333 -0.000001 9.920087 -0.000000 -3.141593 -0.323204 -0.000000
  334 -0.000002 0.000003 -0.000002 0.000000 -0.000000 -0.000000
  335 -0.000001 0.000001 -0.000001 -0.000000 -0.000000 -0.000000
  336 0.065326 4.851562 0.035029 0.177554 0.296553 0.038425
  337 0.000000 0.000000 0.000000 -0.000000 0.000000 -0.000000
  338 -1.229535 0.555894 1.288364 -0.746848 -0.623235 0.695222
  339 0.464260 5.514131 -0.055035 0.207022 0.080209 0.208698
  340 0.000000 5.046766 0.000000 0.778665 -0.005800 0.038570
  341 -0.000000 4.876214 0.000001 0.743801 0.002099 -0.057280
  342 0.464260 5.514131 -0.055035 0.207022 0.080209 0.208698
  343 0.000000 5.046766 0.000000 0.778665 -0.005800 0.038570
  344 -0.000000 4.876214 0.000001 0.743801 0.002099 -0.057280
  345 0.464262 5.514123 -0.055041 0.207022 0.080209 0.208698
  346 0.000000 0.000000 0.000000 -0.000000 0.000000 0.000000
  347 0.000000 0.000000 0.000000 -0.000000 0.000000 0.000000
  348 0.464260 5.514129 -0.055036 0.207022 0.080209 0.208698
  349 0.000000 0.000000 0.000000 0.000000 0.000000 -0.000000
  350 0.000000 5.046768 -0.000000 0.778664 -0.005800 0.038570
  351 0.000000 0.000000 0.000000 0.000000 -0.000000 -0.000000
  352 0.000001 4.876213 0.000001 0.743801 0.002099 -0.057281
  353 0.000000 0.000000 0.000000 0.000000 0.000001 0.000000
  354 0.000003 10.336261 0.000001 -3.141592 0.095607 0.000001
  355 -0.000001 0.000002 -0.000001 0.000000 -0.000000 -0.000000
  356 -0.000000 0.000002 -0.000001 0.000000 -0.000000 -0.000000
  357 0.464260 5.514131 -0.055035 0.207022 0.080209 0.208698
  358 0.000000 0.000000 0.000000 -0.000000 0.000000 0.000000
  359 -2.510273 0.335973 0.022938 -0.704386 -0.728958 0.808876
  360 0.375653 4.125813 -0.137348 0.204093 0.003080 0.542466
  361 0.000001 4.945990 0.000000 0.418846 -0.001324 0.011933
  362 0.000000 6.128850 0.000000 0.467215 0.001326 -0.020280
  363 0.375653 4.125813 -0.137348 0.204093 0.003080 0.542466
  364 0.000001 4.945990 0.000000 0.418846 -0.001324 0.011933
  365 0.000000 6.128850 0.000000 0.467216 0.001326 -0.020280
  366 0.375652 4.125810 -0.137353 0.204092 0.003080 0.542466
  367 0.000000 0.000000 0.000000 -0.000000 0.000000 -0.000000
  368 0.000000 0.000000 0.000000 -0.000000 0.000000 -0.000000
  369 0.375653 4.125813 -0.137348 0.204093 0.003081 0.542467
  370 0.000000 0.000000 0.000000 -0.000000 -0.000001 -0.000001
  371 -0.000000 4.945988 0.000001 0.418846 -0.001324 0.011934
  372 0.000000 0.000000 0.000000 0.000000 -0.000001 -0.000001
  373 0.000000 6.128850 0.000000 0.467216 0.001326 -0.020280
  374 0.000000 0.000000 0.000000 0.000000 -0.000000 -0.000000
  375 0.000002 8.781746 -0.000002 3.141593 0.488190 -0.000000
  376 0.000001 0.000001 -0.000001 -0.000000 -0.000000 -0.000000
  377 0.000001 0.000002 -0.000001 0.000000 0.000000 0.000000
  378 0.375653 4.125813 -0.137348 0.204093 0.003080 0.542466
  379 0.000000 0.000000 0.000000 -0.000000 0.000000 -0.000000
  380 -0.777029 1.281751 1.958799 0.196515 -0.598662 -0.924076
  381 -0.702655 4.146341 -0.097037 0.213321 -0.019606 -0.282979
  382 -0.000001 4.879316 -0.000001 0.751527 -0.004531 0.036921
  383 0.000000 5.043318 0.000000 0.696032 0.001208 -0.055324
  384 -0.702655 4.146341 -0.097037 0.213321 -0.019606 -0.282979
  385 -0.000001 4.879316 -0.000001 0.751527 -0.004531 0.036921
  386 0.000000 5.043318 0.000000 0.696032 0.001208 -0.055324
  387 -0.702654 4.146349 -0.097035 0.213321 -0.019605 -0.282979
  388 0.000000 0.000000 0.000000 -0.000000 0.000000 0.000000
  389 -0.702655 4.146343 -0.097038 0.213321 -0.019605 -0.282979
  390 0.000000 0.000000 0.000000 0.000000 -0.000001 -0.000001
  391 -0.000003 4.879314 0.000000 0.751527 -0.004531 0.036922
  392 0.000000 0.000000 0.000000 0.000000 -0.000000 -0.000000
  393 -0.000000 5.043319 -0.000002 0.696032 0.001208 -0.055324
  394 0.000000 -0.000000 0.000000 -0.000000 -0.000000 0.000000
  395 0.000003 10.325292 0.000002 3.141593 0.093078 0.000000
  396 -0.000004 0.000001 0.000001 0.000000 -0.000000 -0.000000
  397 0.000000 0.000000 0.000000 -0.000000 0.000000 -0.000000
  398 -0.702655 4.146341 -0.097037 0.213321 -0.019606 -0.282979
  399 -0.986050 0.947619 1.368042 0.166521 -0.766158 -0.595879
  400 -0.224185 5.340188 -0.031193 0.036911 0.459751 -0.204801
  401 0.000000 4.968780 -0.000002 0.410326 -0.003073 0.030016
  402 -0.000001 5.803462 0.000003 0.395760 0.001678 -0.049315
  403 -0.224185 5.340188 -0.031193 0.036911 0.459751 -0.204801
  404 0.000000 4.968780 -0.000002 0.410326 -0.003073 0.030016
  405 -0.000001 5.803462 0.000003 0.395760 0.001678 -0.049315
  406 -0.224180 5.340188 -0.031192 0.036912 0.459751 -0.204801
  407 0.000000 0.000000 0.000000 0.000000 0.000000 0.000000
  408 -0.224185 5.340188 -0.031193 0.036912 0.459751 -0.204801
  409 0.000000 0.000000 0.000000 -0.000000 0.000000 0.000000
  410 0.000001 4.968781 -0.000002 0.410325 -0.003073 0.030015
  411 0.000000 0.000000 0.000000 0.000000 0.000000 0.000000
  412 -0.000001 5.803463 0.000002 0.395760 0.001678 -0.049315
  413 0.000000 0.000000 0.000000 -0.000000 -0.000000 -0.000000
  414 -0.000002 9.111454 -0.000002 3.141592 -0.806826 0.000001
  415 0.000000 -0.000001 -0.000000 -0.000000 -0.000000 0.000000
  416 -0.000000 0.000001 0.000000 0.000000 -0.000000 0.000000
  417 -0.224185 5.340188 -0.031193 0.036911 0.459751 -0.204801
  418 -2.510270 0.335971 0.022941 -0.704386 -0.728958 0.808876
  419 -2.510270 0.335971 0.022941 -0.704386 -0.728958 0.808876
  420 -2.510270 0.335971 0.022941 -0.704386 -0.728958 0.808876
  421 8.463110 -0.489837 -2.120326 1.542233 0.000000 3.141593
  422 0.000000 0.000000 0.000000 -0.000000 -0.000000 0.000000
  423 -8.463110 -0.489836 -2.120326 1.542233 0.000000 -3.141593
  424 0.000000 0.000000 0.000000 -0.000000 -0.000000 -0.000000
  425 8.463110 -0.489837 -2.120326 1.542233 0.000000 3.141593
  426 -8.463110 -0.489836 -2.120326 1.542233 0.000000 -3.141593
  427 0.904462 6.782035 3.867484 -1.411987 -1.503555 -0.293703
  428 -0.904462 6.782035 3.867483 -1.806610 1.325124 -0.339345
  429 0.000000 0.000000 0.000000 0.000000 0.000000 0.000000
  430 -2.384858 45.420403 15.540361 0.000000 -0.000000 1.570796
  431 -21.818243 25.428442 -8.435648 -1.223197 0.073502 -2.571139
  432 0.000004 0.000002 0.000001 -0.000000 0.000000 -0.000000
  433 -39.532749 19.150211 -3.119640 -0.490684 -0.182488 1.268644
  434 18.378082 17.372250 23.090240 0.636716 0.964785 -2.018134
  435 -2.384865 -45.420403 15.540361 0.000000 -0.000000 1.570796
  436 16.690084 14.789581 -5.822193 2.120636 -2.534780 -0.031438
  437 0.000001 0.000006 -0.000001 0.000000 -0.000000 -0.000000
  438 -43.702614 -9.145448 -5.564028 -0.558392 0.106710 1.318962
  439 -15.562418 13.382949 3.803009 0.636716 -0.964785 2.018134
  440 -0.483101 8.250682 -13.900933 0.000000 -0.000000 1.570796
  441 -0.000003 16.881220 -0.645735 -0.024900 -0.000000 -0.000000
  442 0.000002 -6.475165 -8.877783 0.000000 -0.000000 -0.000000
  443 -0.000002 6.475165 8.877783 0.000000 -0.000000 -0.000000
  444 -1.878122 12.014875 -0.599894 0.000000 0.000000 0.000000
  445 3.953936 0.000001 0.000000 -0.000000 -0.000000 0.000000
  446 -1.976967 -0.000001 -0.000000 0.000000 0.000000 -0.000000
  447 -0.098846 -12.014876 0.599885 0.000000 0.000000 -0.000000
  448 -0.000002 6.475166 8.877786 -2.200961 0.000249 0.000342
  449 0.000000 0.000001 0.000005 -0.000000 0.000000 0.000000
  450 0.000001 10.988306 -0.000003 2.200961 0.000423 0.000000
  451 0.000000 0.000000 0.000000 -0.060252 -0.000000 -3.141593
  452 17.181742 10.440453 -4.150045 -0.064588 -0.017505 1.664129
  453 5.538205 2.264110 0.217986 -0.003598 -0.000000 -0.000000
  454 -0.483102 -8.250682 -13.900933 0.000000 -0.000000 1.570796
  455 -4.780865 36.187805 -0.677505 -0.009742 -0.000000 0.000000
  456 -0.000000 -6.475161 -8.877784 -0.000000 -0.000000 0.000000
  457 0.000000 6.475161 8.877784 0.505874 0.000000 0.000000
  458 1.878118 12.014872 -0.599895 -0.000000 0.000000 0.000000
  459 -3.953933 -0.000000 -0.000002 0.000000 0.000000 -0.000000
  460 1.976968 0.000000 0.000000 0.000000 -0.000000 -0.000000
  461 0.098845 -12.014870 0.599887 0.505874 -0.000000 0.000000
  462 0.000000 6.475165 8.877784 -2.200961 -0.000249 -0.000341
  463 -0.000001 0.000001 0.000004 -0.000000 -0.000000 0.000000
  464 0.000002 10.988301 -0.000001 1.695087 -0.000422 0.000000
  465 0.000000 0.000000 0.000000 -0.060252 0.000000 3.141593
  466 18.719395 -5.986575 -4.438879 -0.064588 -0.017505 1.664129
  467 -8.975226 4.662434 -1.462957 -0.003598 -0.000000 -0.000000
  time 6
  0 0.000000 0.000000 -23.603888 0.000000 -0.000000 1.570796
  1 -1.489704 19.123093 36.904644 1.687756 -0.045831 0.093450
  2 0.000002 10.999709 0.000001 -0.033621 -0.003063 -0.074682
  3 -0.000001 6.753163 -0.000000 -0.424464 -0.110567 -0.010625
  4 -0.000000 8.544822 0.000000 -0.283116 -0.123172 0.078327
  5 0.000001 9.518031 0.000004 0.299454 0.088094 -0.056024
  6 0.000000 3.039627 -0.000003 0.193811 0.018176 0.003567
  7 -0.000000 3.098958 -0.000002 -0.989346 0.157356 0.103447
  8 24.893013 27.478453 52.900364 0.733075 2.528318 -0.116493
  9 -25.337721 27.189175 48.904785 1.271242 -2.479959 -0.960704
  10 11.080854 7.620640 20.952686 -3.079183 0.331532 0.352470
  11 -13.121460 18.489149 17.160763 -3.095615 -0.104847 -0.109773
  12 -1.789155 0.000000 28.175615 0.000000 -0.000000 1.570796
  13 -2.987624 16.843197 -9.329990 -0.032236 0.112164 0.003413
  14 -0.000000 -1.769383 12.121017 -0.032294 -0.160385 0.085925
  15 -0.000001 -1.769387 12.121017 -0.550684 -0.175052 -0.110443
  16 -0.000001 -1.769381 12.121017 -0.014365 -0.080538 0.042174
  17 -0.000000 -0.000002 -0.000000 1.694062 -0.000000 -0.000000
  18 -0.000001 -6.753161 -0.000002 -1.704795 0.051620 0.074842
  19 0.000000 0.000000 0.000000 1.742379 -0.000000 0.000000
  20 0.000002 -10.999713 0.000006 0.000000 -0.000000 0.000000
  21 0.000000 0.000000 0.000000 -0.000000 -0.000000 -0.000000
  22 0.000000 0.000000 0.000000 -1.341552 -1.993774 0.192913
  23 -0.000001 -0.000003 0.000001 -0.000000 0.000000 -0.000000
  24 0.000000 0.000000 0.000000 -1.341552 1.993774 -0.192913
  25 0.000001 -0.000003 0.000001 -0.000000 -0.000000 -0.000000
  26 8.250681 -0.215591 2.184238 2.427837 0.233942 -0.032600
  27 0.000001 19.275488 -0.000001 1.308405 -0.000000 -0.000000
  28 -0.000001 15.635527 0.000000 -1.393080 0.274535 -0.188749
  29 -0.000011 10.987779 -0.000482 0.880380 -3.141171 0.000000
  30 -1.873869 4.392864 10.061485 -0.000523 0.630166 -1.571104
  31 0.000000 0.000002 0.000001 -0.000000 -0.000000 -0.000000
  32 0.000000 0.000000 0.000000 0.000000 0.000000 0.000000
  33 0.000001 0.000000 0.000000 0.000000 -0.000000 0.000000
  34 0.000000 0.000000 0.000000 0.000000 0.000000 -0.000000
  35 -0.000000 7.817766 -0.000001 -0.000000 0.185763 -0.000000
  36 0.000000 0.000000 0.000000 -0.000000 0.000204 0.000000
  37 0.000000 -0.000001 0.000002 -0.000000 -0.000000 -0.000000
  38 0.000001 9.637746 0.000001 -0.000000 0.127800 -0.000000
  39 0.000000 0.000000 0.000000 -0.000000 0.000000 0.000000
  40 -8.250683 -0.215595 2.184244 -3.120683 -0.212936 -0.227253
  41 -0.000003 19.379265 0.000002 1.049757 0.000000 -0.000000
  42 -0.000000 15.742919 -0.000003 -1.415924 -0.222026 0.005423
  43 0.000065 10.987913 -0.000507 1.263004 3.141171 -0.000000
  44 1.873868 4.392862 10.061479 0.000523 2.511427 1.571104
  45 -0.000000 -0.000000 0.000004 -0.000000 -0.000000 -0.000000
  46 0.000000 0.000000 0.000000 0.000000 -0.000000 -0.000000
  47 0.000000 0.000000 0.000000 -0.000000 0.000000 0.000000
  48 0.000000 0.000000 0.000000 -0.000000 0.000000 -0.000000
  49 -0.000001 7.871463 -0.000003 -0.000000 -0.097819 -0.000000
  50 0.000000 0.000000 0.000000 0.000000 -0.000205 -0.000000
  51 0.000000 0.000000 0.000000 -0.000000 0.000000 -0.000000
  52 -0.000001 9.689634 -0.000002 0.000000 -0.101030 0.000000
  53 0.000000 0.000000 0.000000 -0.000000 -0.000000 0.000000
  54 8.250681 -0.215591 2.184238 2.903292 -0.000000 -0.000000
  55 8.250681 -0.215591 2.184238 -1.742380 -0.000000 0.000000
  56 0.000000 0.000000 0.000000 -1.637513 0.000000 -0.000000
  57 -0.000000 19.896324 -0.000004 0.140362 -0.000000 -0.000000
  58 0.000001 16.264105 0.000002 -0.703810 -0.000322 0.000273
  59 0.000000 0.000000 0.000000 -0.000000 -0.000000 -0.000000
  60 -0.000002 10.988299 0.000001 0.880380 -3.141170 0.000000
  61 0.000000 0.000000 0.000000 0.000000 -0.000000 0.000000
  62 0.000000 0.000000 0.000000 -1.534736 0.000099 0.000002
  63 0.000000 0.000000 0.000000 -0.574414 -0.236164 -0.000000
  64 -0.000002 19.275484 0.000004 1.308405 -0.000000 0.000000
  65 8.250681 -0.215591 2.184238 2.449767 0.058731 0.116948
  66 0.000000 0.000000 0.000000 -0.000000 -0.000000 0.000000
  67 8.250681 -0.215591 2.184238 2.449767 0.058731 0.116948
  68 -0.000001 9.637749 0.000001 -0.000000 -0.101388 -0.000000
  69 -0.000000 9.637746 0.000001 1.308404 -0.127801 0.000000
  70 -0.000002 7.817758 0.000000 0.000000 0.185967 0.000000
  71 0.000001 7.817765 -0.000000 -1.358279 0.091742 -0.182376
  72 0.000001 10.987800 -0.000002 0.880336 -3.141171 -0.000000
  73 -8.250682 -0.215596 2.184239 2.903292 -0.000000 -0.000000
  74 -8.250682 -0.215595 2.184241 -1.742380 -0.000000 0.000000
  75 0.000000 0.000000 0.000000 -1.637514 0.000000 0.000000
  76 0.000000 19.896322 -0.000002 0.140362 0.000000 0.000000
  77 0.000001 16.264103 0.000001 -0.703810 0.000322 -0.000273
  78 0.000000 0.000000 0.000000 -0.000000 0.000000 0.000000
  79 0.000001 10.988298 0.000001 0.880380 3.141171 -0.000000
  80 0.000000 0.000000 0.000000 0.000000 0.000000 -0.000000
  81 -0.000000 -0.000002 -0.000000 -0.922467 0.103376 0.034557
  82 0.000000 0.000000 0.000000 -0.464996 0.258066 0.000000
  83 -0.000004 19.379257 0.000005 1.049757 0.000000 -0.000000
  84 -8.250683 -0.215595 2.184244 -3.121149 -0.024525 -0.223335
  85 0.000000 0.000000 0.000000 -0.000000 -0.000000 -0.000000
  86 -8.250683 -0.215595 2.184244 -3.121149 -0.024525 -0.223335
  87 0.000001 9.689638 -0.000001 0.000001 0.087421 0.000000
  88 0.000000 9.689633 0.000001 1.049756 0.101031 -0.000000
  89 -0.000001 7.871458 -0.000002 0.000000 -0.098023 0.000000
  90 0.000003 7.871459 -0.000000 -1.415435 -0.124010 0.005330
  91 -0.000000 10.987937 0.000001 1.262957 3.141171 0.000006
  92 0.000000 0.000000 0.000000 -0.048318 -0.000000 -0.000000
  93 0.000000 0.000000 0.000000 -0.000000 -0.000000 -0.000000
  94 0.000002 -10.999713 0.000006 -0.000000 -0.000000 -0.000000
  95 -0.000001 -1.769385 12.121017 -0.276751 -0.079909 -0.067195
  96 0.000000 -0.000002 -0.000001 1.538978 0.000000 -0.000000
  97 0.000000 0.000001 -0.000002 0.290922 0.052923 0.013576
  98 0.000000 0.000000 0.000000 -0.155084 -0.000000 0.000000
  99 0.000000 0.000000 0.000000 -0.000000 0.000000 -0.000000
  100 -0.000001 8.544826 -0.000000 -1.821127 -0.069491 0.077921
  101 0.000000 0.000000 0.000000 1.542233 0.000000 -0.000000
  102 -0.000001 9.518033 -0.000003 0.299453 0.088094 -0.056024
  103 0.000000 3.039627 -0.000003 0.193811 0.018176 0.003567
  104 -0.000000 3.098958 0.000000 -0.989346 0.157356 0.103447
  105 -0.000001 9.518033 -0.000003 -1.265265 0.088093 -0.056023
  106 0.000000 0.000000 0.000000 1.662547 0.000000 0.000000
  107 0.000001 6.109804 -0.000003 -1.385783 0.080736 -0.066197
  108 0.000000 0.000000 0.000000 0.462311 -0.164670 0.119656
  109 0.000000 0.000000 0.000000 -0.097827 -0.000000 0.000000
  110 0.000000 0.000000 0.000000 -0.000001 -0.000000 -0.000000
  111 0.000000 3.025100 -0.296889 -0.546058 0.035897 0.099298
  112 0.000000 0.000000 0.000000 0.095948 -0.000000 -0.000000
  113 0.000000 0.000000 -0.000000 0.000000 0.000000 -0.000000
  114 0.000000 0.000000 0.000000 0.000000 0.000000 -0.000000
  115 0.904462 6.782035 3.867487 -0.698565 -1.547500 -1.008850
  116 0.010184 19.450804 -0.828338 0.336625 -2.901937 1.185663
  117 0.000001 19.938869 0.000004 0.579152 0.000000 0.000000
  118 0.000000 25.163603 0.000012 0.313940 -1.713705 0.058385
  119 0.000000 0.000000 0.000000 0.000000 0.000001 0.000001
  120 0.000000 0.000000 0.000000 -0.000000 -0.000001 -0.000001
  121 0.000001 0.000000 -0.000002 -0.000000 -0.000000 -0.000000
  122 0.000000 0.000000 0.000000 0.000000 -0.000000 0.000000
  123 0.000001 12.581805 0.000006 0.000001 -0.849569 -0.000000
  124 0.000000 0.000000 0.000000 -0.000001 0.001371 -0.000001
  125 0.000000 0.000000 0.000000 -0.000000 -0.000000 0.000000
  126 0.000003 9.969433 -0.000003 0.000001 -0.735142 -0.000000
  127 0.000000 0.000000 0.000000 -0.000000 -0.000000 -0.000000
  128 -0.000000 0.000002 0.000000 0.000000 0.000000 -0.000000
  129 0.010188 19.450802 -0.828332 -1.068311 -0.458283 0.722012
  130 0.010184 19.450802 -0.828338 0.041386 -0.124298 1.319061
  131 0.000000 0.000000 0.000000 -1.332781 0.484537 -2.373637
  132 -0.000001 20.126820 0.000004 0.277335 0.000000 -0.000000
  133 -0.000007 25.356461 0.000001 0.198412 -0.005445 0.027074
  134 0.000000 0.000000 0.000000 -0.000000 0.000000 0.000000
  135 0.000000 0.000000 0.000000 0.820937 2.579861 0.663900
  136 -0.000002 0.000000 0.000001 -0.324083 1.206611 0.000000
  137 0.000000 19.938854 -0.000003 0.579152 0.000000 0.000000
  138 0.010184 19.450804 -0.828338 -2.408624 1.070643 -1.204439
  139 0.000000 0.000000 0.000000 -0.000000 -0.000001 -0.000000
  140 0.010184 19.450804 -0.828338 -2.408624 1.070644 -1.204439
  141 0.000001 9.969430 0.000002 0.000001 0.703174 -0.000000
  142 -0.000001 9.969433 -0.000002 0.579152 0.735142 -0.000001
  143 0.000004 12.581806 0.000004 0.000000 -0.848197 0.000000
  144 0.000001 12.581790 -0.000002 0.381489 -0.865227 -0.012816
  145 0.838803 0.695167 1.002012 -0.146528 0.831651 0.111056
  146 0.182104 5.842148 0.005841 0.057776 -0.287169 0.072685
  147 0.000000 5.184052 0.000000 0.983396 -0.003807 0.022168
  148 -0.000003 5.576729 0.000000 0.860357 0.000644 -0.036172
  149 0.182105 5.842150 0.005841 0.057776 -0.287169 0.072685
  150 0.000000 5.184052 0.000000 0.983396 -0.003807 0.022168
  151 -0.000003 5.576729 -0.000001 0.860357 0.000644 -0.036172
  152 0.182103 5.842143 0.005844 0.057776 -0.287169 0.072685
  153 0.000000 0.000000 0.000000 -0.000000 -0.000000 -0.000000
  154 0.182103 5.842145 0.005841 0.057776 -0.287169 0.072685
  155 0.000000 0.000000 0.000000 -0.000000 -0.000000 -0.000000
  156 -0.000001 5.184051 0.000002 0.983396 -0.003806 0.022168
  157 0.000000 0.000000 0.000000 0.000000 -0.000001 -0.000001
  158 -0.000003 5.576726 0.000002 0.860358 0.000643 -0.036172
  159 0.000000 0.000000 0.000000 0.000000 -0.000000 -0.000000
  160 0.000001 9.158420 -0.000003 3.141593 0.324016 -0.000001
  161 0.000001 -0.000001 -0.000002 -0.000000 0.000000 -0.000000
  162 0.000001 0.000001 -0.000002 0.000000 -0.000000 0.000001
  163 0.182103 5.842147 0.005841 0.057776 -0.287169 0.072685
  164 0.208222 1.308914 0.886638 -0.521836 0.710749 -0.438947
  165 -0.172334 4.703849 0.092402 0.177554 -0.296553 -0.038426
  166 -0.000001 6.134695 -0.000001 0.910833 -0.004721 0.048260
  167 -0.000001 5.142242 -0.000000 0.815055 0.000043 -0.073620
  168 -0.172334 4.703849 0.092402 0.177554 -0.296553 -0.038426
  169 -0.000001 6.134695 -0.000001 0.910833 -0.004721 0.048260
  170 -0.000001 5.142242 -0.000000 0.815055 0.000043 -0.073620
  171 -0.172336 4.703844 0.092398 0.177554 -0.296553 -0.038426
  172 -0.000000 0.000002 0.000000 0.000000 0.000000 -0.000000
  173 -0.000000 0.000002 0.000000 0.000000 0.000000 -0.000000
  174 -0.172334 4.703847 0.092402 0.177554 -0.296552 -0.038425
  175 0.000000 0.000000 0.000000 -0.000000 -0.000001 -0.000001
  176 -0.000003 6.134695 -0.000000 0.910833 -0.004721 0.048261
  177 0.000000 0.000000 0.000000 -0.000000 -0.000001 -0.000001
  178 -0.000001 5.142241 0.000002 0.815056 0.000043 -0.073619
  179 0.000000 0.000000 0.000000 -0.000000 -0.000001 -0.000000
  180 0.000003 9.920088 -0.000002 -3.141593 0.323205 0.000000
  181 -0.000000 -0.000001 -0.000002 -0.000000 0.000000 -0.000000
  182 -0.000000 0.000001 -0.000002 0.000000 -0.000000 0.000000
  183 -0.172334 4.703849 0.092402 0.177554 -0.296553 -0.038426
  184 -0.000000 0.000002 0.000000 0.000000 0.000000 -0.000000
  185 1.229538 0.555901 1.288361 -0.746848 0.623235 -0.695221
  186 -0.599893 5.434464 -0.071115 0.207022 -0.080208 -0.208699
  187 0.000000 5.046765 -0.000001 0.962571 0.005800 -0.038569
  188 -0.000001 4.876219 0.000000 0.927710 -0.002099 0.057280
  189 -0.599893 5.434464 -0.071115 0.207022 -0.080208 -0.208699
  190 0.000000 5.046765 -0.000001 0.962571 0.005800 -0.038569
  191 -0.000001 4.876219 0.000000 0.927710 -0.002099 0.057280
  192 -0.599893 5.434464 -0.071115 0.207022 -0.080208 -0.208698
  193 0.000000 0.000000 0.000000 0.000000 0.000000 0.000000
  194 0.000000 0.000000 0.000000 0.000000 0.000000 0.000000
  195 -0.599893 5.434462 -0.071115 0.207022 -0.080208 -0.208698
  196 0.000000 0.000000 0.000000 0.000000 -0.000000 -0.000000
  197 0.000003 5.046767 -0.000002 0.962572 0.005800 -0.038571
  198 0.000000 0.000000 0.000000 -0.000000 0.000000 0.000000
  199 -0.000002 4.876216 -0.000000 0.927709 -0.002099 0.057280
  200 0.000000 0.000000 0.000000 0.000000 -0.000001 -0.000000
  201 -0.000002 10.336267 0.000003 -3.141593 -0.095607 -0.000001
  202 -0.000001 -0.000001 -0.000002 0.000000 0.000000 0.000000
  203 0.000000 0.000000 0.000000 -0.000000 0.000000 0.000000
  204 -0.599893 5.434464 -0.071115 0.207022 -0.080208 -0.208698
  205 0.000000 0.000000 0.000000 0.000000 0.000000 0.000000
  206 2.510275 0.335974 0.022937 -0.704386 0.728958 -0.808876
  207 -0.990951 4.033024 -0.362327 0.204093 -0.003080 -0.542466
  208 -0.000002 4.945988 -0.000001 0.923895 0.001324 -0.011933
  209 0.000002 6.128853 0.000001 0.972263 -0.001326 0.020281
  210 -0.990951 4.033024 -0.362327 0.204093 -0.003080 -0.542466
  211 -0.000002 4.945988 -0.000001 0.923895 0.001324 -0.011933
  212 0.000002 6.128853 0.000001 0.972263 -0.001326 0.020281
  213 -0.990952 4.033020 -0.362329 0.204093 -0.003080 -0.542466
  214 0.000000 0.000000 0.000000 -0.000000 -0.000000 0.000000
  215 0.000000 0.000000 0.000000 -0.000000 -0.000000 0.000000
  216 -0.990951 4.033024 -0.362327 0.204093 -0.003081 -0.542467
  217 0.000000 0.000000 0.000000 -0.000000 0.000001 0.000001
  218 -0.000001 4.945986 0.000000 0.923895 0.001324 -0.011934
  219 0.000000 0.000000 0.000000 -0.000000 0.000001 0.000001
  220 0.000000 6.128853 0.000002 0.972264 -0.001326 0.020279
  221 0.000000 0.000000 0.000000 0.000000 0.000000 0.000000
  222 -0.000004 8.781747 -0.000000 -3.141592 -0.488191 -0.000000
  223 0.000000 0.000000 0.000000 -0.000000 0.000000 0.000000
  224 -0.000001 0.000000 -0.000001 0.000000 0.000000 -0.000000
  225 -0.990951 4.033024 -0.362327 0.204093 -0.003080 -0.542466
  226 0.000000 0.000000 0.000000 -0.000000 -0.000000 0.000000
  227 0.777029 1.281753 1.958798 0.196515 0.598662 0.924076
  228 0.907950 4.044958 -0.125377 0.213322 0.019605 0.282980
  229 0.000001 4.879319 0.000001 0.935434 0.004531 -0.036922
  230 -0.000001 5.043324 -0.000000 0.879940 -0.001208 0.055324
  231 0.907950 4.044958 -0.125377 0.213322 0.019605 0.282980
  232 0.000001 4.879320 0.000001 0.935434 0.004531 -0.036922
  233 -0.000001 5.043324 -0.000000 0.879940 -0.001208 0.055324
  234 0.907944 4.044950 -0.125378 0.213321 0.019605 0.282979
  235 0.000000 0.000000 0.000000 0.000000 -0.000000 -0.000000
  236 0.907947 4.044956 -0.125377 0.213321 0.019605 0.282979
  237 0.000000 0.000000 0.000000 -0.000000 0.000000 0.000001
  238 -0.000000 4.879316 0.000003 0.935435 0.004531 -0.036922
  239 0.000000 0.000000 0.000000 0.000000 0.000000 0.000000
  240 -0.000001 5.043324 -0.000002 0.879939 -0.001209 0.055324
  241 0.000000 0.000000 0.000000 -0.000000 0.000000 0.000000
  242 0.000001 10.325296 0.000002 -3.141593 -0.093079 -0.000000
  243 0.000002 -0.000000 -0.000001 0.000000 0.000000 -0.000000
  244 0.000000 0.000000 0.000000 -0.000000 -0.000000 0.000000
  245 0.907948 4.044957 -0.125377 0.213322 0.019605 0.282980
  246 0.986053 0.947619 1.368042 0.166521 0.766158 0.595878
  247 0.591384 5.100399 -0.082279 0.036912 -0.459751 0.204802
  248 -0.000003 4.968784 0.000003 0.915374 0.003073 -0.030017
  249 -0.000000 5.803465 0.000000 0.900809 -0.001677 0.049315
  250 0.591384 5.100399 -0.082279 0.036912 -0.459751 0.204802
  251 -0.000003 4.968784 0.000003 0.915374 0.003073 -0.030017
  252 -0.000000 5.803465 0.000000 0.900809 -0.001677 0.049315
  253 0.591373 5.100393 -0.082282 0.036912 -0.459751 0.204801
  254 0.000000 0.000000 0.000000 0.000000 -0.000000 -0.000000
  255 0.591381 5.100396 -0.082279 0.036912 -0.459751 0.204801
  256 0.000000 0.000000 0.000000 -0.000000 -0.000000 -0.000000
  257 -0.000003 4.968782 0.000000 0.915374 0.003073 -0.030015
  258 0.000000 0.000000 0.000000 -0.000000 -0.000000 -0.000000
  259 -0.000000 5.803465 0.000001 0.900809 -0.001678 0.049316
  260 0.000000 0.000000 0.000000 -0.000000 -0.000000 0.000000
  261 0.000003 9.111457 0.000003 3.141592 0.806825 -0.000001
  262 0.000001 -0.000001 -0.000001 0.000000 0.000000 -0.000000
  263 0.000001 0.000000 -0.000001 0.000000 -0.000000 -0.000000
  264 0.591383 5.100398 -0.082279 0.036912 -0.459751 0.204802
  265 2.510274 0.335971 0.022940 -0.704386 0.728958 -0.808876
  266 2.510274 0.335971 0.022940 -0.704386 0.728958 -0.808876
  267 2.510274 0.335971 0.022940 -0.704386 0.728958 -0.808876
  268 -0.904463 6.782030 3.867484 -1.979064 1.403820 -0.503916
  269 -0.010188 19.450796 -0.828332 -2.306470 -0.123397 1.889934
  270 -0.000002 19.589325 0.000003 1.105687 -0.000000 0.000000
  271 -0.000002 24.789391 -0.000000 -0.165940 -0.537573 -0.142820
  272 0.000000 0.000000 0.000000 0.000000 -0.000001 -0.000001
  273 0.000000 0.000000 0.000000 -0.000000 0.000001 0.000001
  274 -0.000000 0.000002 0.000001 -0.000000 0.000000 0.000000
  275 0.000000 -0.000002 -0.000001 0.000000 0.000000 -0.000000
  276 -0.000000 12.394694 0.000002 -0.000001 -0.262463 -0.000001
  277 0.000000 0.000000 0.000000 -0.000001 -0.001371 0.000001
  278 0.000000 0.000000 0.000000 0.000000 0.000001 0.000000
  279 -0.000003 9.794666 0.000003 0.000000 0.515068 0.000000
  280 0.000000 0.000000 0.000000 -0.000000 0.000000 0.000000
  281 -0.000001 0.000002 -0.000000 0.000000 -0.000000 0.000000
  282 -0.010192 19.450796 -0.828325 -1.068311 0.458283 -0.722012
  283 -0.010187 19.450798 -0.828331 0.041386 0.124298 -1.319061
  284 0.000000 0.000000 0.000000 -1.332781 -0.484538 2.373637
  285 0.000000 20.126816 0.000005 0.277335 -0.000000 -0.000000
  286 -0.000003 25.356455 -0.000005 0.198412 0.005445 -0.027073
  287 0.000000 0.000000 0.000000 -0.000000 -0.000000 -0.000000
  288 0.000000 0.000000 0.000000 -1.617396 -0.039455 2.541461
  289 -0.000001 0.000001 0.000001 -0.625017 -0.667844 -0.000000
  290 -0.000002 19.589325 0.000003 1.105687 -0.000000 0.000000
  291 -0.010188 19.450796 -0.828332 -1.941564 -0.660997 1.018786
  292 0.000000 0.000000 0.000000 -0.000000 0.000000 0.000000
  293 -0.010188 19.450796 -0.828332 -1.941563 -0.660997 1.018785
  294 -0.000001 9.794657 0.000002 0.000000 -0.436979 -0.000001
  295 -0.000002 9.794660 -0.000001 1.105686 -0.515068 0.000001
  296 0.000002 12.394695 -0.000001 -0.000000 -0.263835 -0.000000
  297 0.000000 12.394692 -0.000000 -0.204529 -0.276108 -0.127417
  298 -0.838802 0.695164 1.002013 -0.146529 -0.831651 -0.111056
  299 -0.105840 6.010187 0.003399 0.057776 0.287169 -0.072684
  300 -0.000003 5.184054 0.000000 0.642754 0.003807 -0.022168
  301 -0.000000 5.576723 0.000000 0.519715 -0.000643 0.036172
  302 -0.105840 6.010187 0.003399 0.057776 0.287169 -0.072684
  303 -0.000003 5.184054 0.000000 0.642754 0.003807 -0.022168
  304 -0.000000 5.576723 0.000000 0.519715 -0.000643 0.036172
  305 -0.105837 6.010185 0.003397 0.057776 0.287169 -0.072685
  306 0.000000 0.000000 0.000000 0.000000 0.000000 0.000000
  307 -0.105840 6.010187 0.003399 0.057776 0.287169 -0.072685
  308 0.000000 0.000000 0.000000 -0.000000 0.000000 0.000000
  309 -0.000000 5.184052 -0.000000 0.642753 0.003807 -0.022168
  310 0.000000 0.000000 0.000000 0.000000 0.000001 0.000001
  311 -0.000000 5.576725 0.000002 0.519715 -0.000643 0.036172
  312 0.000000 0.000000 0.000000 0.000000 0.000000 0.000000
  313 0.000001 9.158420 -0.000001 3.141592 -0.324016 0.000000
  314 -0.000000 -0.000001 0.000000 -0.000000 -0.000000 -0.000000
  315 -0.000000 -0.000000 -0.000000 0.000000 -0.000000 -0.000000
  316 -0.105840 6.010187 0.003399 0.057776 0.287169 -0.072684
  317 -0.208220 1.308903 0.886645 -0.521836 -0.710749 0.438946
  318 0.025044 4.907180 0.013427 0.177555 0.296553 0.038426
  319 -0.000002 6.134691 -0.000000 0.215641 0.004722 -0.048261
  320 -0.000002 5.142235 0.000001 0.119867 -0.000042 0.073620
  321 0.025044 4.907180 0.013427 0.177555 0.296553 0.038426
  322 -0.000002 6.134691 -0.000000 0.215641 0.004722 -0.048261
  323 -0.000002 5.142235 0.000001 0.119867 -0.000042 0.073620
  324 0.025044 4.907180 0.013427 0.177555 0.296553 0.038426
  325 0.000000 0.000000 0.000000 0.000000 0.000000 0.000000
  326 0.000000 0.000000 0.000000 0.000000 0.000000 0.000000
  327 0.025044 4.907180 0.013427 0.177554 0.296552 0.038425
  328 -0.000000 -0.000000 -0.000000 -0.000000 0.000001 0.000001
  329 -0.000002 6.134692 0.000004 0.215643 0.004721 -0.048261
  330 -0.000000 -0.000000 -0.000000 -0.000000 0.000001 0.000000
  331 0.000000 5.142237 0.000000 0.119866 -0.000043 0.073619
  332 -0.000000 -0.000000 -0.000000 -0.000000 0.000001 0.000001
  333 -0.000002 9.920081 0.000005 -3.141592 -0.323204 -0.000000
  334 -0.000001 0.000002 -0.000000 0.000001 0.000000 0.000000
  335 -0.000001 0.000002 -0.000000 -0.000000 -0.000000 -0.000000
  336 0.025044 4.907180 0.013427 0.177555 0.296553 0.038426
  337 0.000000 0.000000 0.000000 0.000000 0.000000 0.000000
  338 -1.229536 0.555892 1.288365 -0.746847 -0.623235 0.695221
  339 0.348663 5.582017 -0.041333 0.207022 0.080208 0.208698
  340 0.000000 5.046766 0.000001 0.621928 -0.005800 0.038570
  341 -0.000000 4.876217 -0.000001 0.587065 0.002099 -0.057280
  342 0.348663 5.582017 -0.041333 0.207022 0.080208 0.208698
  343 0.000000 5.046766 0.000001 0.621928 -0.005800 0.038570
  344 -0.000000 4.876217 -0.000001 0.587065 0.002099 -0.057280
  345 0.348666 5.582012 -0.041337 0.207022 0.080208 0.208698
  346 0.000000 0.000000 0.000000 0.000000 0.000000 -0.000000
  347 0.000000 0.000000 0.000000 0.000000 0.000000 -0.000000
  348 0.348663 5.582017 -0.041333 0.207022 0.080208 0.208698
  349 0.000000 0.000000 0.000000 0.000000 -0.000000 -0.000000
  350 0.000000 5.046766 0.000001 0.621928 -0.005800 0.038570
  351 0.000000 0.000000 0.000000 -0.000000 -0.000000 -0.000000
  352 -0.000002 4.876215 0.000002 0.587065 0.002099 -0.057281
  353 -0.000000 -0.000000 -0.000000 0.000000 0.000001 0.000000
  354 -0.000002 10.336263 0.000000 -3.141593 0.095607 0.000001
  355 -0.000001 0.000001 -0.000002 0.000000 0.000000 0.000000
  356 -0.000000 0.000002 -0.000001 0.000000 0.000000 0.000000
  357 0.348663 5.582017 -0.041333 0.207022 0.080208 0.208698
  358 0.000000 0.000000 0.000000 0.000000 0.000000 -0.000000
  359 -2.510273 0.335969 0.022942 -0.704387 -0.728958 0.808876
  360 0.143999 4.160741 -0.052651 0.204092 0.003080 0.542466
  361 -0.000000 4.945990 0.000001 0.228705 -0.001324 0.011933
  362 -0.000001 6.128852 0.000001 0.277074 0.001326 -0.020280
  363 0.143999 4.160741 -0.052651 0.204092 0.003080 0.542466
  364 -0.000000 4.945990 0.000001 0.228705 -0.001324 0.011933
  365 -0.000001 6.128852 0.000001 0.277074 0.001326 -0.020280
  366 0.143999 4.160739 -0.052650 0.204093 0.003080 0.542466
  367 0.000000 0.000000 0.000000 0.000000 0.000000 0.000000
  368 0.000000 0.000000 0.000000 0.000000 0.000000 0.000000
  369 0.143999 4.160741 -0.052651 0.204093 0.003080 0.542467
  370 0.000000 0.000000 0.000000 -0.000000 -0.000001 -0.000001
  371 0.000001 4.945987 -0.000001 0.228705 -0.001324 0.011934
  372 0.000000 0.000000 0.000000 -0.000000 -0.000001 -0.000001
  373 -0.000000 6.128852 0.000001 0.277074 0.001326 -0.020280
  374 0.000000 0.000000 0.000000 0.000000 -0.000000 -0.000000
  375 0.000003 8.781748 -0.000002 3.141593 0.488191 -0.000000
  376 0.000000 0.000002 -0.000001 -0.000000 -0.000000 -0.000000
  377 0.000000 0.000002 -0.000000 0.000000 -0.000000 -0.000000
  378 0.143999 4.160741 -0.052651 0.204092 0.003080 0.542466
  379 0.000000 0.000000 0.000000 0.000000 0.000000 0.000000
  380 -0.777027 1.281752 1.958795 0.196515 -0.598662 -0.924076
  381 -0.527700 4.232767 -0.072872 0.213321 -0.019605 -0.282980
  382 -0.000000 4.879313 0.000000 0.594790 -0.004531 0.036922
  383 0.000000 5.043317 0.000000 0.539295 0.001208 -0.055325
  384 -0.527700 4.232767 -0.072872 0.213321 -0.019605 -0.282980
  385 -0.000000 4.879313 0.000000 0.594790 -0.004531 0.036922
  386 0.000000 5.043317 0.000000 0.539295 0.001208 -0.055325
  387 -0.527701 4.232770 -0.072874 0.213321 -0.019605 -0.282979
  388 -0.000000 0.000000 0.000000 0.000000 -0.000000 0.000000
  389 -0.527700 4.232767 -0.072872 0.213321 -0.019605 -0.282979
  390 0.000000 0.000000 0.000000 0.000000 -0.000001 -0.000000
  391 0.000000 4.879312 0.000002 0.594791 -0.004531 0.036921
  392 0.000000 0.000000 0.000000 0.000000 -0.000000 -0.000000
  393 -0.000001 5.043318 0.000000 0.539295 0.001208 -0.055324
  394 0.000000 0.000000 0.000000 0.000000 -0.000000 0.000000
  395 0.000000 10.325291 -0.000001 3.141593 0.093079 0.000000
  396 0.000000 0.000000 0.000000 -0.000000 -0.000000 -0.000000
  397 -0.000000 0.000000 0.000000 -0.000000 0.000000 0.000000
  398 -0.527700 4.232767 -0.072872 0.213321 -0.019605 -0.282980
  399 -0.986049 0.947619 1.368042 0.166521 -0.766158 -0.595879
  400 -0.085936 5.430467 -0.011956 0.036911 0.459751 -0.204801
  401 -0.000000 4.968781 -0.000000 0.220185 -0.003073 0.030016
  402 0.000000 5.803463 0.000000 0.205619 0.001678 -0.049316
  403 -0.085936 5.430467 -0.011956 0.036911 0.459751 -0.204801
  404 -0.000000 4.968781 -0.000000 0.220185 -0.003073 0.030016
  405 0.000000 5.803463 0.000000 0.205619 0.001678 -0.049316
  406 -0.085936 5.430468 -0.011955 0.036912 0.459751 -0.204801
  407 0.000000 0.000000 0.000000 0.000000 -0.000000 0.000000
  408 -0.085936 5.430467 -0.011956 0.036912 0.459751 -0.204801
  409 -0.000000 0.000000 0.000000 -0.000000 0.000000 0.000000
  410 -0.000000 4.968781 -0.000002 0.220184 -0.003073 0.030015
  411 0.000000 0.000000 0.000000 -0.000000 0.000000 0.000000
  412 -0.000002 5.803465 0.000001 0.205619 0.001678 -0.049316
  413 0.000000 0.000000 0.000000 -0.000000 -0.000000 -0.000000
  414 0.000001 9.111455 0.000003 3.141592 -0.806825 0.000000
  415 0.000000 -0.000002 -0.000000 0.000000 0.000000 -0.000000
  416 -0.000000 0.000001 0.000000 0.000000 0.000000 0.000000
  417 -0.085936 5.430467 -0.011956 0.036911 0.459751 -0.204801
  418 -2.510271 0.335971 0.022942 -0.704387 -0.728958 0.808876
  419 -2.510271 0.335971 0.022942 -0.704387 -0.728958 0.808876
  420 -2.510271 0.335971 0.022942 -0.704387 -0.728958 0.808876
  421 8.463112 -0.489840 -2.120326 1.542233 0.000000 -3.141593
  422 0.000000 0.000000 0.000000 0.000000 0.000000 -0.000000
  423 -8.463112 -0.489835 -2.120325 1.542233 0.000000 -3.141592
  424 0.000000 0.000000 0.000000 0.000000 0.000000 0.000000
  425 8.463113 -0.489840 -2.120326 1.542233 0.000000 -3.141593
  426 -8.463112 -0.489835 -2.120325 1.542233 0.000000 -3.141592
  427 0.904462 6.782035 3.867487 -0.698565 -1.547500 -1.008850
  428 -0.904463 6.782036 3.867488 -1.979064 1.403820 -0.503916
  429 0.000000 0.000000 -0.000000 0.000000 0.000000 -0.000000
  430 -2.384858 45.420403 15.540361 0.000000 -0.000000 1.570796
  431 -20.123926 27.195709 -11.307167 -1.223197 0.073501 -2.048125
  432 -0.000001 0.000000 -0.000006 -0.000000 0.000000 -0.000000
  433 -32.531013 19.080053 -4.717529 -0.568952 -0.192697 1.267608
  434 18.378086 17.372261 23.090242 0.636716 0.964785 -2.018134
  435 -2.384865 -45.420403 15.540361 0.000000 -0.000000 1.570796
  436 15.161933 3.557827 -2.023216 -0.806707 -0.743278 -3.056217
  437 0.000004 -0.000001 0.000001 -0.000000 0.000000 0.000000
  438 -35.746372 -14.992744 -6.351036 -0.653104 0.173134 1.408590
  439 -17.101913 17.719105 6.740946 0.636717 -0.964785 2.018134
  440 -0.483101 8.250682 -13.900933 0.000000 -0.000000 1.570796
  441 -0.000003 16.881220 -0.645735 -0.024900 -0.000000 -0.000000
  442 0.000002 -6.475165 -8.877783 0.000000 -0.000000 -0.000000
  443 -0.000002 6.475165 8.877783 0.000000 -0.000000 -0.000000
  444 -1.878122 12.014875 -0.599894 0.000000 0.000000 0.000000
  445 3.953936 0.000001 0.000000 -0.000000 -0.000000 0.000000
  446 -1.976967 -0.000001 -0.000000 0.000000 0.000000 -0.000000
  447 -0.098846 -12.014876 0.599885 0.000000 0.000000 -0.000000
  448 -0.000002 6.475166 8.877786 -2.200961 0.000249 0.000342
  449 0.000000 0.000001 0.000001 -0.000000 0.000000 0.000000
  450 -0.000001 10.988306 0.000001 2.200961 0.000423 0.000000
  451 -0.000000 0.000000 -0.000002 -0.060252 -0.000000 -3.141593
  452 20.417023 11.328039 -4.422285 -0.054624 -0.045830 1.664246
  453 8.142344 4.239143 0.189062 -0.003597 -0.000000 -0.000000
  454 -0.483102 -8.250682 -13.900933 0.000000 -0.000000 1.570796
  455 -4.780865 36.187805 -0.677505 -0.009742 -0.000000 0.000000
  456 -0.000000 -6.475161 -8.877784 -0.000000 -0.000000 0.000000
  457 0.000000 6.475161 8.877784 0.382624 0.000000 0.000000
  458 1.878118 12.014872 -0.599895 -0.000000 0.000000 0.000000
  459 -3.953933 -0.000000 -0.000002 0.000000 0.000000 -0.000000
  460 1.976968 0.000000 0.000000 0.000000 -0.000000 -0.000000
  461 0.098845 -12.014870 0.599887 0.382624 0.000000 -0.000000
  462 -0.000001 6.475166 8.877784 -2.200961 -0.000249 -0.000341
  463 0.000001 0.000002 0.000004 -0.000000 -0.000000 0.000000
  464 -0.000000 10.988304 -0.000000 1.818337 -0.000422 0.000000
  465 0.000000 0.000000 0.000000 -0.060252 0.000000 3.141593
  466 21.955208 -5.084067 -5.178288 -0.054624 -0.045830 1.664246
  467 -11.196495 7.069595 -1.961239 -0.003597 -0.000000 -0.000000
  time 7
  0 0.000000 0.000000 -23.603888 0.000000 -0.000000 1.570796
  1 -1.219743 13.424306 35.305801 1.719541 -0.067696 0.089832
  2 -0.000000 10.999710 -0.000001 -0.032777 -0.003411 -0.084037
  3 -0.000001 6.753159 -0.000001 -0.418784 -0.112845 -0.020740
  4 0.000001 8.544812 0.000000 -0.278541 -0.120829 0.076960
  5 0.000002 9.518029 -0.000001 0.295217 0.086629 -0.055349
  6 0.000000 3.039634 -0.000000 0.193883 -0.032772 -0.006433
  7 0.000000 3.098970 -0.000001 -0.737635 0.068742 0.048107
  8 23.718126 18.192326 49.635597 0.573735 2.487321 -0.238112
  9 -27.776979 17.728853 49.003998 1.141492 -2.542929 -0.558641
  10 12.478480 6.467535 17.658693 -3.126375 0.411713 0.417846
  11 -12.752992 19.963993 17.384272 -2.988552 -0.173302 -0.201901
  12 -1.789155 0.000000 28.175615 0.000000 -0.000000 1.570796
  13 -2.987623 10.964349 -10.955055 0.001753 0.112029 0.005421
  14 0.000000 -1.769383 12.121015 -0.034193 -0.179171 0.085909
  15 -0.000001 -1.769386 12.121015 -0.542253 -0.171965 -0.109504
  16 0.000000 -1.769383 12.121015 -0.015094 -0.089951 0.042012
  17 -0.000000 -0.000001 -0.000000 1.694062 -0.000000 0.000000
  18 -0.000001 -6.753158 -0.000000 -1.705049 0.052581 0.084220
  19 0.000000 0.000000 0.000000 1.742379 0.000000 0.000000
  20 0.000003 -10.999710 0.000003 -0.000000 0.000000 0.000000
  21 0.000000 0.000000 0.000000 -0.000000 -0.000000 0.000000
  22 0.000000 0.000000 0.000000 -1.341552 -1.993774 0.192913
  23 -0.000000 -0.000002 0.000001 -0.000000 0.000000 0.000000
  24 0.000000 0.000000 0.000000 -1.341552 1.993774 -0.192913
  25 -0.000000 -0.000002 0.000001 0.000000 -0.000000 0.000000
  26 8.250681 -0.215598 2.184240 2.649559 0.325560 0.037455
  27 -0.000001 19.264904 0.000003 1.349260 -0.000000 0.000000
  28 -0.000000 15.624397 0.000001 -1.602166 0.267966 -0.239310
  29 0.000018 10.987878 -0.000572 0.880380 -3.141170 0.000000
  30 -1.873869 4.392861 10.061479 -0.000523 0.630166 -1.571105
  31 -0.000000 0.000002 0.000002 -0.000000 0.000000 -0.000000
  32 0.000000 0.000000 0.000000 0.000000 0.000000 0.000000
  33 0.000001 0.000001 0.000000 0.000000 0.000000 -0.000000
  34 0.000000 0.000000 0.000000 0.000000 0.000000 -0.000000
  35 0.000000 7.812200 -0.000001 0.000000 0.208241 0.000000
  36 0.000000 0.000000 0.000000 0.000000 0.000205 0.000000
  37 -0.000001 -0.000000 0.000000 -0.000000 -0.000000 0.000000
  38 -0.000000 9.632453 0.000003 0.000000 0.164997 0.000000
  39 0.000000 0.000000 0.000000 -0.000000 0.000000 -0.000000
  40 -8.250683 -0.215597 2.184242 -2.756619 -0.262296 -0.316323
  41 0.000002 19.598858 -0.000001 0.618109 0.000000 -0.000000
  42 0.000000 15.965400 -0.000002 -1.468098 -0.289278 -0.018320
  43 0.000685 10.985748 -0.006151 1.128717 3.141171 -0.000000
  44 1.873869 4.392861 10.061481 0.000523 2.511427 1.571105
  45 0.000000 0.000003 0.000001 -0.000000 -0.000000 -0.000000
  46 0.000000 0.000000 0.000000 0.000000 0.000000 0.000000
  47 0.000000 0.000003 -0.000001 -0.000000 -0.000000 0.000000
  48 0.000000 0.000000 0.000000 0.000000 0.000000 0.000000
  49 -0.000001 7.982704 -0.000003 -0.000000 -0.116306 0.000000
  50 0.000000 0.000000 0.000000 0.000000 -0.000204 -0.000000
  51 0.000001 -0.000005 -0.000001 -0.000000 0.000000 -0.000000
  52 0.000002 9.799433 -0.000001 -0.000000 -0.151981 0.000000
  53 0.000000 0.000000 0.000000 -0.000000 -0.000000 -0.000000
  54 8.250681 -0.215595 2.184239 2.903292 -0.000000 -0.000000
  55 8.250681 -0.215598 2.184240 -1.742380 -0.000000 -0.000000
  56 0.000000 0.000000 0.000000 -1.637513 0.000000 -0.000000
  57 0.000005 19.896320 -0.000004 0.140362 -0.000000 -0.000000
  58 -0.000001 16.264103 -0.000000 -0.703810 -0.000322 0.000273
  59 0.000000 0.000000 0.000000 -0.000000 0.000000 0.000000
  60 -0.000002 10.988297 0.000001 0.880380 -3.141171 0.000000
  61 0.000000 0.000000 0.000000 0.000000 -0.000000 0.000000
  62 0.000000 0.000000 0.000000 -1.305116 -0.005569 -0.000734
  63 0.000000 0.000000 0.000000 -0.591363 -0.326832 -0.000000
  64 -0.000001 19.264902 0.000002 1.349260 -0.000000 0.000000
  65 8.250681 -0.215598 2.184240 2.676470 0.064353 0.174977
  66 -0.000000 -0.000000 0.000000 -0.000000 -0.000000 0.000000
  67 8.250680 -0.215598 2.184240 2.676470 0.064353 0.174977
  68 -0.000002 9.632454 0.000000 -0.000000 -0.128796 -0.000000
  69 0.000000 9.632453 0.000001 1.349259 -0.164998 0.000000
  70 0.000000 7.812195 0.000001 0.000000 0.208446 -0.000000
  71 -0.000001 7.812200 0.000000 -1.553043 0.065216 -0.231112
  72 -0.000001 10.987897 -0.000001 0.880327 -3.141170 0.000002
  73 -8.250683 -0.215594 2.184242 2.903292 -0.000000 -0.000000
  74 -8.250683 -0.215594 2.184242 -1.742380 -0.000000 -0.000000
  75 0.000000 0.000000 0.000000 -1.637514 0.000000 0.000000
  76 0.000006 19.896324 -0.000004 0.140362 0.000000 -0.000000
  77 0.000000 16.264103 0.000000 -0.703810 0.000322 -0.000273
  78 0.000000 0.000000 0.000000 0.000000 0.000000 0.000000
  79 0.000001 10.988299 0.000000 0.880380 3.141170 -0.000000
  80 0.000000 0.000000 0.000000 0.000000 0.000000 0.000000
  81 0.000000 0.000000 0.000000 -0.760880 0.094393 0.040286
  82 0.000000 0.000003 -0.000003 -0.276439 0.357030 0.000000
  83 0.000002 19.598850 -0.000006 0.618109 0.000000 -0.000000
  84 -8.250683 -0.215597 2.184242 -2.770403 0.013775 -0.206280
  85 0.000000 0.000000 0.000000 -0.000000 0.000000 0.000000
  86 -8.250683 -0.215597 2.184242 -2.770403 0.013775 -0.206280
  87 0.000001 9.799436 -0.000002 0.000000 0.144767 0.000000
  88 0.000000 9.799427 0.000001 0.618109 0.151981 0.000000
  89 -0.000001 7.982697 -0.000000 0.000000 -0.116511 -0.000000
  90 0.000002 7.982699 -0.000001 -1.470819 -0.172848 -0.017830
  91 -0.000000 10.985765 0.000003 1.128157 3.141170 0.000062
  92 0.000000 0.000000 0.000000 -0.048317 -0.000000 -0.000000
  93 0.000000 0.000000 0.000000 -0.000000 0.000000 -0.000000
  94 0.000003 -10.999710 0.000003 -0.000000 -0.000000 0.000000
  95 -0.000000 -1.769385 12.121015 -0.272523 -0.078546 -0.066333
  96 0.000000 -0.000001 -0.000000 1.538978 -0.000000 -0.000000
  97 0.000000 0.000000 -0.000001 0.288737 0.051149 0.018535
  98 0.000000 0.000000 0.000000 -0.155083 0.000000 0.000000
  99 0.000000 0.000000 0.000000 -0.000000 0.000000 0.000000
  100 0.000001 8.544816 -0.000001 -1.816738 -0.068596 0.076578
  101 0.000000 0.000000 0.000000 1.542233 -0.000000 0.000000
  102 0.000002 9.518031 -0.000003 0.295217 0.086629 -0.055349
  103 0.000000 3.039634 -0.000000 0.193883 -0.032772 -0.006433
  104 0.000000 3.098969 0.000001 -0.737635 0.068742 0.048107
  105 0.000002 9.518031 -0.000003 -1.269502 0.086629 -0.055349
  106 0.000000 0.000000 0.000000 1.662547 0.000000 -0.000000
  107 0.000001 6.109816 0.000002 -1.390012 0.079363 -0.065352
  108 0.000000 0.000000 0.000000 0.741888 -0.123305 -0.026708
  109 0.000000 0.000000 0.000000 -0.097827 0.000000 -0.000000
  110 0.000000 0.000000 0.000000 0.000000 -0.000000 -0.000000
  111 0.000000 3.025100 -0.296888 -0.415632 -0.026273 0.058868
  112 0.000000 0.000000 0.000000 0.095948 -0.000000 -0.000000
  113 0.000000 0.000000 -0.000000 0.000000 0.000000 0.000000
  114 0.000000 0.000000 0.000000 0.000000 -0.000000 0.000000
  115 0.904464 6.782047 3.867489 0.628096 -1.543217 -2.336390
  116 0.010180 19.450798 -0.828348 0.521716 -2.932169 1.189310
  117 0.000001 20.236656 0.000004 0.173676 0.000000 0.000000
  118 0.000007 25.467232 0.000006 -0.814795 -1.839659 1.020602
  119 0.000000 0.000000 0.000000 -0.000000 0.000001 0.000001
  120 0.000000 0.000000 0.000000 -0.000000 -0.000001 -0.000001
  121 0.000001 0.000001 -0.000001 -0.000001 -0.000000 -0.000000
  122 0.000000 0.000000 0.000000 0.000000 -0.000000 0.000000
  123 0.000003 12.733621 0.000003 0.000000 -0.862750 -0.000001
  124 0.000000 0.000000 0.000000 -0.000000 0.001371 -0.000001
  125 0.000000 0.000000 0.000000 -0.000000 -0.000000 0.000000
  126 -0.000001 10.118332 0.000004 -0.000000 -0.662583 -0.000000
  127 0.000000 0.000000 0.000000 -0.000000 -0.000000 -0.000000
  128 -0.000000 0.000002 0.000000 0.000000 0.000000 -0.000000
  129 0.010186 19.450802 -0.828334 -1.068311 -0.458283 0.722012
  130 0.010182 19.450802 -0.828340 0.041386 -0.124298 1.319061
  131 0.000000 0.000000 0.000000 -1.332781 0.484537 -2.373637
  132 0.000000 20.126820 0.000004 0.277335 0.000000 -0.000000
  133 -0.000002 25.356464 0.000002 0.198412 -0.005445 0.027073
  134 0.000000 0.000000 0.000000 0.000000 0.000000 0.000000
  135 -0.000001 0.000004 -0.000006 0.813326 2.529399 0.651125
  136 0.000001 -0.000008 -0.000002 -0.096798 1.207005 0.000001
  137 0.000002 20.236658 0.000010 0.173676 0.000000 0.000000
  138 0.010180 19.450798 -0.828348 -2.269918 0.880340 -1.091242
  139 0.000000 0.000000 0.000000 -0.000000 -0.000001 -0.000000
  140 0.010180 19.450798 -0.828348 -2.269917 0.880340 -1.091241
  141 0.000001 10.118331 0.000002 -0.000001 0.659991 0.000000
  142 0.000000 10.118318 0.000000 0.173677 0.662583 0.000000
  143 0.000002 12.733619 0.000004 0.000000 -0.861378 0.000000
  144 -0.000001 12.733603 -0.000000 0.442854 -0.823266 -0.339562
  145 0.838802 0.695168 1.002011 -0.146528 0.831651 0.111056
  146 0.193191 5.817725 0.006203 0.057776 -0.287169 0.072684
  147 0.000000 5.184050 0.000000 1.032910 -0.003806 0.022167
  148 -0.000000 5.576723 0.000001 0.909872 0.000643 -0.036172
  149 0.193191 5.817725 0.006203 0.057776 -0.287169 0.072684
  150 0.000000 5.184050 0.000000 1.032910 -0.003806 0.022167
  151 -0.000000 5.576723 0.000001 0.909872 0.000643 -0.036172
  152 0.193188 5.817719 0.006200 0.057776 -0.287169 0.072685
  153 0.000000 0.000000 0.000000 -0.000000 -0.000000 -0.000000
  154 0.193190 5.817723 0.006202 0.057776 -0.287169 0.072685
  155 0.000000 0.000000 0.000000 -0.000000 -0.000000 -0.000000
  156 0.000001 5.184049 -0.000001 1.032909 -0.003806 0.022168
  157 0.000000 0.000000 0.000000 0.000000 -0.000000 -0.000001
  158 0.000001 5.576723 0.000000 0.909871 0.000643 -0.036172
  159 0.000000 0.000000 0.000000 0.000000 -0.000000 -0.000000
  160 0.000000 9.158419 -0.000000 3.141593 0.324016 -0.000001
  161 0.000001 -0.000001 -0.000002 0.000000 0.000000 -0.000000
  162 0.000002 -0.000000 -0.000001 -0.000000 -0.000000 -0.000000
  163 0.193191 5.817725 0.006203 0.057776 -0.287169 0.072684
  164 0.208218 1.308918 0.886641 -0.521836 0.710749 -0.438947
  165 -0.182825 4.689355 0.098022 0.177555 -0.296553 -0.038426
  166 -0.000000 6.134694 0.000001 0.960345 -0.004721 0.048260
  167 -0.000001 5.142237 -0.000001 0.864569 0.000043 -0.073619
  168 -0.182825 4.689355 0.098022 0.177555 -0.296553 -0.038426
  169 -0.000000 6.134694 0.000001 0.960345 -0.004721 0.048260
  170 -0.000001 5.142237 -0.000001 0.864569 0.000043 -0.073619
  171 -0.182827 4.689357 0.098022 0.177555 -0.296553 -0.038426
  172 0.000000 0.000000 0.000000 0.000000 -0.000000 -0.000000
  173 0.000000 0.000000 0.000000 0.000000 -0.000000 -0.000000
  174 -0.182825 4.689355 0.098022 0.177555 -0.296552 -0.038425
  175 0.000000 0.000000 0.000000 -0.000000 -0.000001 -0.000001
  176 -0.000002 6.134694 0.000002 0.960346 -0.004721 0.048261
  177 0.000000 0.000000 0.000000 -0.000000 -0.000001 -0.000001
  178 0.000003 5.142238 0.000000 0.864569 0.000043 -0.073619
  179 0.000000 0.000000 0.000000 -0.000000 -0.000001 -0.000001
  180 0.000004 9.920087 -0.000001 -3.141593 0.323205 0.000000
  181 -0.000000 -0.000000 -0.000002 -0.000000 0.000000 -0.000000
  182 -0.000000 0.000001 -0.000001 0.000000 -0.000000 -0.000000
  183 -0.182825 4.689355 0.098022 0.177555 -0.296553 -0.038426
  184 0.000000 0.000000 0.000000 0.000000 -0.000000 -0.000000
  185 1.229536 0.555900 1.288357 -0.746847 0.623235 -0.695221
  186 -0.636415 5.413020 -0.075445 0.207022 -0.080208 -0.208698
  187 0.000000 5.046764 0.000000 1.012086 0.005800 -0.038570
  188 -0.000001 4.876215 0.000002 0.977221 -0.002099 0.057280
  189 -0.636415 5.413020 -0.075445 0.207022 -0.080208 -0.208698
  190 0.000000 5.046764 0.000000 1.012086 0.005800 -0.038570
  191 -0.000001 4.876215 0.000002 0.977221 -0.002099 0.057280
  192 -0.636414 5.413016 -0.075446 0.207022 -0.080209 -0.208698
  193 0.000000 0.000000 0.000000 0.000000 -0.000000 0.000000
  194 0.000000 0.000000 0.000000 0.000000 -0.000000 0.000000
  195 -0.636415 5.413020 -0.075445 0.207022 -0.080209 -0.208698
  196 0.000000 0.000000 0.000000 0.000000 0.000000 0.000000
  197 0.000002 5.046765 -0.000001 1.012085 0.005800 -0.038570
  198 0.000000 0.000000 0.000000 0.000000 0.000000 0.000001
  199 0.000001 4.876214 0.000003 0.977222 -0.002099 0.057281
  200 0.000000 0.000000 0.000000 0.000000 -0.000001 -0.000001
  201 0.000000 10.336263 0.000001 -3.141593 -0.095607 -0.000001
  202 -0.000001 -0.000001 -0.000002 -0.000000 0.000000 0.000000
  203 -0.000001 0.000001 -0.000001 0.000000 -0.000000 -0.000000
  204 -0.636415 5.413020 -0.075445 0.207022 -0.080208 -0.208698
  205 0.000000 0.000000 0.000000 0.000000 -0.000000 0.000000
  206 2.510272 0.335977 0.022942 -0.704387 0.728958 -0.808876
  207 -1.051279 4.023928 -0.384382 0.204092 -0.003080 -0.542466
  208 -0.000001 4.945988 -0.000001 0.973409 0.001324 -0.011933
  209 -0.000000 6.128854 0.000000 1.021777 -0.001326 0.020281
  210 -1.051279 4.023928 -0.384382 0.204092 -0.003080 -0.542466
  211 -0.000001 4.945988 -0.000001 0.973409 0.001324 -0.011933
  212 -0.000000 6.128854 0.000000 1.021777 -0.001326 0.020281
  213 -1.051277 4.023922 -0.384382 0.204093 -0.003080 -0.542466
  214 0.000000 0.000000 0.000000 -0.000000 -0.000000 0.000000
  215 0.000000 0.000000 0.000000 -0.000000 -0.000000 0.000000
  216 -1.051278 4.023924 -0.384382 0.204093 -0.003081 -0.542467
  217 0.000000 0.000000 0.000000 -0.000000 0.000001 0.000001
  218 -0.000000 4.945987 -0.000003 0.973408 0.001324 -0.011934
  219 0.000000 0.000000 0.000000 -0.000000 0.000001 0.000001
  220 0.000001 6.128854 -0.000001 1.021777 -0.001326 0.020280
  221 0.000000 0.000000 0.000000 0.000000 0.000001 0.000000
  222 0.000001 8.781744 0.000000 3.141593 -0.488191 -0.000000
  223 -0.000001 -0.000001 -0.000001 0.000000 -0.000000 -0.000000
  224 -0.000002 -0.000001 -0.000002 -0.000000 -0.000000 -0.000000
  225 -1.051279 4.023926 -0.384382 0.204092 -0.003080 -0.542466
  226 0.000000 0.000000 0.000000 -0.000000 -0.000000 0.000000
  227 0.777029 1.281750 1.958797 0.196515 0.598662 0.924076
  228 0.963216 4.017650 -0.133007 0.213321 0.019605 0.282980
  229 -0.000001 4.879317 0.000001 0.984949 0.004531 -0.036922
  230 0.000001 5.043312 0.000002 0.929451 -0.001208 0.055325
  231 0.963216 4.017650 -0.133007 0.213321 0.019605 0.282980
  232 -0.000001 4.879317 0.000001 0.984949 0.004531 -0.036922
  233 0.000001 5.043312 0.000002 0.929451 -0.001208 0.055325
  234 0.963215 4.017649 -0.133010 0.213321 0.019605 0.282980
  235 0.000000 0.000000 0.000000 0.000000 -0.000000 0.000000
  236 0.963216 4.017650 -0.133007 0.213321 0.019605 0.282979
  237 0.000000 0.000000 0.000000 -0.000000 0.000001 0.000001
  238 -0.000000 4.879315 0.000001 0.984948 0.004531 -0.036922
  239 0.000000 0.000000 0.000000 0.000000 0.000001 0.000000
  240 0.000002 5.043314 0.000005 0.929452 -0.001208 0.055324
  241 0.000000 0.000000 0.000000 -0.000000 0.000000 0.000000
  242 -0.000003 10.325292 -0.000005 3.141592 -0.093078 -0.000000
  243 0.000002 0.000002 -0.000001 -0.000000 0.000000 0.000000
  244 0.000002 0.000001 -0.000000 0.000001 -0.000000 -0.000000
  245 0.963216 4.017650 -0.133007 0.213321 0.019605 0.282980
  246 0.986052 0.947623 1.368040 0.166521 0.766158 0.595879
  247 0.627374 5.076877 -0.087287 0.036912 -0.459751 0.204801
  248 0.000000 4.968780 0.000000 0.964887 0.003073 -0.030016
  249 0.000002 5.803461 0.000001 0.950322 -0.001678 0.049316
  250 0.627374 5.076877 -0.087287 0.036912 -0.459751 0.204801
  251 0.000000 4.968780 0.000000 0.964887 0.003073 -0.030016
  252 0.000002 5.803461 0.000001 0.950322 -0.001678 0.049316
  253 0.627372 5.076880 -0.087289 0.036912 -0.459751 0.204801
  254 0.000000 0.000000 0.000000 0.000000 -0.000000 -0.000000
  255 0.627374 5.076877 -0.087287 0.036912 -0.459751 0.204801
  256 0.000000 0.000000 0.000000 -0.000000 -0.000000 -0.000000
  257 -0.000002 4.968781 0.000002 0.964887 0.003072 -0.030015
  258 0.000000 0.000000 0.000000 -0.000000 -0.000000 -0.000000
  259 0.000003 5.803464 0.000000 0.950322 -0.001678 0.049316
  260 0.000000 0.000000 0.000000 -0.000000 -0.000000 0.000000
  261 0.000002 9.111454 0.000001 3.141592 0.806825 -0.000001
  262 0.000001 -0.000001 -0.000001 -0.000000 -0.000000 -0.000000
  263 -0.000000 0.000004 -0.000002 0.000000 -0.000000 -0.000000
  264 0.627374 5.076877 -0.087287 0.036912 -0.459751 0.204801
  265 2.510272 0.335972 0.022943 -0.704386 0.728958 -0.808876
  266 2.510272 0.335972 0.022943 -0.704386 0.728958 -0.808876
  267 2.510272 0.335972 0.022943 -0.704386 0.728958 -0.808876
  268 -0.904462 6.782035 3.867481 0.771882 1.673596 2.253572
  269 -0.010182 19.450806 -0.828344 -2.213817 -0.183539 1.904334
  270 0.000006 19.532495 -0.000002 1.200323 -0.000001 -0.000000
  271 0.000002 24.724129 -0.000003 -0.089289 -0.592140 -0.065210
  272 0.000000 0.000000 0.000000 0.000000 -0.000001 -0.000001
  273 0.000000 0.000000 0.000000 -0.000000 0.000001 0.000001
  274 0.000000 0.000000 0.000000 -0.000000 0.000000 0.000000
  275 0.000000 0.000000 0.000000 0.000000 0.000000 -0.000000
  276 0.000000 12.362066 -0.000003 -0.000000 -0.294512 0.000000
  277 -0.000000 -0.000001 -0.000000 -0.000001 -0.001371 0.000001
  278 0.000000 0.000000 0.000000 -0.000000 0.000000 -0.000000
  279 0.000000 9.766256 -0.000002 0.000000 0.500846 -0.000000
  280 0.000000 0.000000 0.000000 -0.000000 0.000000 0.000000
  281 0.000000 0.000003 0.000000 0.000000 -0.000000 0.000000
  282 -0.010190 19.450804 -0.828330 -1.068311 0.458283 -0.722012
  283 -0.010185 19.450806 -0.828336 0.041385 0.124298 -1.319061
  284 0.000000 0.000000 0.000000 -1.332781 -0.484538 2.373637
  285 0.000003 20.126822 0.000003 0.277335 -0.000000 0.000000
  286 0.000000 25.356464 0.000001 0.198412 0.005445 -0.027074
  287 -0.000000 0.000000 0.000000 0.000000 -0.000000 -0.000000
  288 0.000002 0.000004 -0.000006 -1.462074 0.001581 2.589832
  289 -0.000001 0.000001 0.000001 -0.680271 -0.632678 -0.000001
  290 0.000007 19.532480 0.000000 1.200323 -0.000001 -0.000000
  291 -0.010182 19.450806 -0.828344 -1.838876 -0.616352 1.016081
  292 0.000000 0.000000 0.000000 -0.000000 0.000000 0.000000
  293 -0.010182 19.450806 -0.828344 -1.838876 -0.616353 1.016081
  294 -0.000001 9.766253 -0.000001 0.000001 -0.411920 -0.000001
  295 0.000002 9.766235 0.000000 1.200323 -0.500846 0.000001
  296 0.000001 12.362063 0.000001 0.000000 -0.295884 0.000000
  297 0.000000 12.362065 -0.000000 -0.109160 -0.296794 -0.056571
  298 -0.838800 0.695163 1.002013 -0.146528 -0.831651 -0.111056
  299 -0.068329 6.092822 0.002192 0.057776 0.287169 -0.072685
  300 -0.000000 5.184052 -0.000000 0.475233 0.003807 -0.022167
  301 -0.000004 5.576725 0.000000 0.352196 -0.000643 0.036172
  302 -0.068329 6.092822 0.002192 0.057776 0.287169 -0.072685
  303 -0.000000 5.184052 -0.000000 0.475233 0.003807 -0.022167
  304 -0.000004 5.576725 0.000000 0.352196 -0.000643 0.036172
  305 -0.068333 6.092823 0.002193 0.057776 0.287169 -0.072685
  306 0.000000 0.000000 0.000000 -0.000000 0.000000 0.000000
  307 -0.068329 6.092822 0.002192 0.057776 0.287169 -0.072685
  308 0.000000 0.000000 0.000000 0.000000 0.000000 0.000000
  309 0.000002 5.184050 0.000003 0.475234 0.003807 -0.022168
  310 0.000000 0.000000 0.000000 0.000000 0.000000 0.000000
  311 0.000001 5.576725 -0.000001 0.352196 -0.000644 0.036172
  312 0.000000 0.000000 0.000000 0.000000 0.000000 0.000000
  313 0.000001 9.158420 0.000001 3.141593 -0.324016 0.000000
  314 -0.000004 0.000000 -0.000000 -0.000000 -0.000000 -0.000000
  315 -0.000000 0.000000 0.000004 -0.000000 -0.000000 -0.000000
  316 -0.068329 6.092822 0.002192 0.057776 0.287169 -0.072685
  317 -0.208224 1.308907 0.886645 -0.521837 -0.710749 0.438947
  318 0.041807 4.884039 0.022417 0.177555 0.296553 0.038426
  319 -0.000001 6.134693 -0.000001 0.294782 0.004722 -0.048261
  320 0.000001 5.142238 0.000000 0.199005 -0.000042 0.073619
  321 0.041807 4.884039 0.022417 0.177555 0.296553 0.038426
  322 -0.000001 6.134692 0.000000 0.294782 0.004722 -0.048261
  323 0.000001 5.142238 0.000000 0.199005 -0.000042 0.073619
  324 0.041812 4.884033 0.022418 0.177555 0.296553 0.038426
  325 0.000000 0.000000 0.000000 0.000000 0.000000 0.000000
  326 0.000000 0.000000 0.000000 0.000000 0.000000 0.000000
  327 0.041807 4.884039 0.022417 0.177555 0.296552 0.038425
  328 0.000000 0.000000 0.000000 0.000000 0.000001 0.000001
  329 -0.000001 6.134694 0.000001 0.294783 0.004721 -0.048261
  330 0.000000 0.000000 0.000000 -0.000000 0.000001 0.000000
  331 0.000001 5.142239 0.000001 0.199006 -0.000043 0.073619
  332 0.000000 0.000000 0.000000 -0.000000 0.000001 0.000001
  333 0.000002 9.920087 -0.000004 -3.141592 -0.323204 -0.000000
  334 -0.000003 0.000002 0.000003 -0.000000 0.000000 -0.000000
  335 -0.000000 -0.000001 -0.000000 0.000000 -0.000000 -0.000000
  336 0.041807 4.884039 0.022417 0.177555 0.296553 0.038426
  337 0.000000 0.000000 0.000000 0.000000 0.000000 0.000000
  338 -1.229533 0.555889 1.288367 -0.746848 -0.623235 0.695222
  339 0.225107 5.654576 -0.026695 0.207022 0.080209 0.208698
  340 0.000000 5.046760 0.000003 0.454408 -0.005800 0.038570
  341 -0.000001 4.876214 -0.000001 0.419545 0.002099 -0.057280
  342 0.225107 5.654576 -0.026695 0.207022 0.080209 0.208698
  343 0.000000 5.046760 0.000003 0.454408 -0.005800 0.038570
  344 -0.000001 4.876214 -0.000001 0.419545 0.002099 -0.057280
  345 0.225112 5.654577 -0.026689 0.207022 0.080208 0.208698
  346 0.000000 0.000000 0.000000 0.000000 0.000000 0.000000
  347 0.000000 0.000000 0.000000 0.000000 0.000000 0.000000
  348 0.225108 5.654576 -0.026694 0.207022 0.080209 0.208698
  349 0.000000 0.000000 0.000000 0.000000 -0.000000 -0.000000
  350 0.000001 5.046764 0.000001 0.454408 -0.005799 0.038570
  351 0.000000 0.000000 0.000000 0.000000 -0.000000 -0.000000
  352 0.000002 4.876212 -0.000002 0.419545 0.002099 -0.057281
  353 0.000000 0.000000 0.000000 0.000000 0.000001 0.000000
  354 0.000001 10.336258 -0.000003 -3.141593 0.095607 0.000001
  355 -0.000001 0.000001 -0.000001 -0.000000 -0.000000 -0.000000
  356 -0.000002 0.000003 -0.000001 -0.000000 -0.000000 -0.000000
  357 0.225107 5.654576 -0.026695 0.207022 0.080209 0.208698
  358 0.000000 0.000000 0.000000 0.000000 0.000000 0.000000
  359 -2.510273 0.335970 0.022940 -0.704387 -0.728957 0.808876
  360 0.240413 4.146206 -0.087902 0.204092 0.003080 0.542466
  361 -0.000000 4.945990 0.000000 0.307845 -0.001324 0.011933
  362 -0.000000 6.128852 -0.000001 0.356214 0.001326 -0.020280
  363 0.240413 4.146206 -0.087902 0.204092 0.003080 0.542466
  364 -0.000000 4.945990 0.000000 0.307845 -0.001324 0.011933
  365 -0.000000 6.128852 -0.000001 0.356214 0.001326 -0.020280
  366 0.240415 4.146203 -0.087903 0.204093 0.003080 0.542466
  367 0.000000 0.000000 0.000000 0.000000 0.000000 -0.000000
  368 0.000000 0.000000 0.000000 0.000000 0.000000 -0.000000
  369 0.240413 4.146206 -0.087902 0.204093 0.003081 0.542467
  370 0.000000 0.000000 0.000000 0.000000 -0.000001 -0.000001
  371 0.000000 4.945988 -0.000002 0.307845 -0.001324 0.011934
  372 0.000000 0.000000 0.000000 -0.000000 -0.000001 -0.000001
  373 -0.000000 6.128852 -0.000001 0.356214 0.001326 -0.020280
  374 0.000000 0.000000 0.000000 0.000000 -0.000000 -0.000000
  375 0.000001 8.781748 0.000003 -3.141593 0.488190 0.000000
  376 -0.000000 0.000002 -0.000001 0.000000 -0.000000 -0.000000
  377 -0.000001 0.000002 -0.000000 0.000000 -0.000000 0.000000
  378 0.240413 4.146206 -0.087902 0.204092 0.003080 0.542466
  379 0.000000 0.000000 0.000000 0.000000 0.000000 -0.000000
  380 -0.777026 1.281750 1.958797 0.196515 -0.598662 -0.924076
  381 -0.340704 4.325137 -0.047047 0.213321 -0.019605 -0.282980
  382 -0.000000 4.879313 0.000001 0.427272 -0.004531 0.036921
  383 -0.000001 5.043322 0.000000 0.371775 0.001208 -0.055324
  384 -0.340704 4.325137 -0.047047 0.213321 -0.019605 -0.282980
  385 -0.000000 4.879313 0.000001 0.427272 -0.004531 0.036921
  386 -0.000001 5.043322 0.000000 0.371775 0.001208 -0.055324
  387 -0.340703 4.325135 -0.047048 0.213321 -0.019605 -0.282979
  388 0.000000 0.000000 0.000000 0.000000 0.000000 0.000000
  389 -0.340704 4.325138 -0.047046 0.213321 -0.019605 -0.282979
  390 0.000000 0.000000 0.000000 -0.000000 -0.000000 -0.000000
  391 0.000001 4.879313 0.000001 0.427271 -0.004531 0.036922
  392 0.000000 0.000000 0.000000 0.000000 -0.000000 -0.000000
  393 0.000001 5.043320 0.000002 0.371776 0.001208 -0.055324
  394 0.000000 0.000000 0.000000 0.000000 -0.000000 -0.000000
  395 -0.000002 10.325293 -0.000002 3.141592 0.093079 0.000000
  396 0.000002 0.000002 0.000003 -0.000000 0.000000 0.000000
  397 -0.000003 -0.000003 0.000002 0.000000 -0.000000 -0.000000
  398 -0.340704 4.325137 -0.047047 0.213321 -0.019605 -0.282980
  399 -0.986052 0.947618 1.368042 0.166521 -0.766158 -0.595879
  400 -0.143478 5.392890 -0.019964 0.036912 0.459751 -0.204800
  401 0.000001 4.968777 -0.000000 0.299324 -0.003073 0.030015
  402 -0.000000 5.803466 0.000000 0.284758 0.001678 -0.049316
  403 -0.143478 5.392890 -0.019964 0.036912 0.459751 -0.204800
  404 0.000001 4.968778 0.000000 0.299324 -0.003073 0.030015
  405 -0.000000 5.803466 0.000000 0.284758 0.001678 -0.049316
  406 -0.143474 5.392892 -0.019964 0.036912 0.459751 -0.204801
  407 0.000000 0.000000 0.000000 0.000000 0.000000 -0.000000
  408 -0.143478 5.392890 -0.019964 0.036912 0.459751 -0.204801
  409 0.000000 0.000000 0.000000 -0.000000 0.000000 0.000000
  410 -0.000003 4.968779 0.000001 0.299324 -0.003073 0.030015
  411 0.000000 0.000000 0.000000 -0.000000 0.000000 0.000000
  412 -0.000001 5.803466 0.000002 0.284759 0.001678 -0.049315
  413 0.000000 0.000000 0.000000 0.000000 -0.000000 -0.000000
  414 0.000001 9.111452 -0.000008 3.141592 -0.806826 0.000001
  415 -0.000003 -0.000002 0.000004 -0.000001 0.000000 -0.000000
  416 0.000000 -0.000001 -0.000000 0.000000 0.000000 0.000000
  417 -0.143478 5.392890 -0.019964 0.036912 0.459751 -0.204800
  418 -2.510270 0.335970 0.022943 -0.704387 -0.728958 0.808876
  419 -2.510270 0.335970 0.022943 -0.704387 -0.728958 0.808876
  420 -2.510270 0.335970 0.022943 -0.704387 -0.728958 0.808876
  421 8.463114 -0.489838 -2.120321 1.542233 0.000000 3.141592
  422 0.000000 -0.000001 0.000001 -0.000000 -0.000000 0.000000
  423 -8.463113 -0.489829 -2.120323 1.542233 0.000000 -3.141593
  424 0.000000 -0.000001 0.000001 -0.000000 0.000000 0.000000
  425 8.463114 -0.489837 -2.120322 1.542233 0.000000 3.141592
  426 -8.463113 -0.489829 -2.120323 1.542233 0.000000 -3.141593
  427 0.904464 6.782047 3.867489 0.628096 -1.543217 -2.336390
  428 -0.904461 6.782042 3.867486 0.771882 1.673596 2.253572
  429 0.000000 0.000000 -0.000000 0.000000 -0.000000 0.000000
  430 -2.384858 45.420403 15.540361 0.000000 -0.000000 1.570796
  431 -17.196587 23.065506 -13.510475 -1.357866 0.112695 -2.057855
  432 -0.000004 0.000004 -0.000001 -0.000000 0.000000 0.000000
  433 -27.232782 20.194918 -5.436371 -0.522918 -0.193191 1.231795
  434 18.378090 17.372259 23.090248 0.636717 0.964785 -2.018134
  435 -2.384865 -45.420403 15.540361 0.000000 -0.000000 1.570796
  436 13.633785 -7.673930 1.775757 -0.595195 -0.888008 -2.972705
  437 -0.000002 0.000001 0.000004 0.000000 -0.000000 0.000000
  438 -30.091202 -18.430529 -6.578913 -0.615538 0.224174 1.484759
  439 -18.912846 10.720342 4.360655 0.636716 -0.964785 2.018134
  440 -0.483101 8.250682 -13.900933 0.000000 -0.000000 1.570796
  441 0.304587 18.285732 -0.841408 0.060135 -0.050706 0.063406
  442 0.000000 -6.475165 -8.877784 -0.000000 0.000000 -0.000000
  443 -0.000000 6.475165 8.877784 -0.000000 -0.000000 -0.000000
  444 -1.878117 12.014884 -0.599894 -0.000000 -0.000000 -0.000000
  445 3.953936 -0.000006 -0.000004 -0.000000 0.000000 0.000000
  446 -1.976968 0.000001 -0.000006 -0.000000 -0.000000 -0.000000
  447 -0.098850 -12.014874 0.599884 0.000000 0.000000 -0.000000
  448 -0.000000 6.475165 8.877783 -2.200961 0.000249 0.000341
  449 -0.000002 -0.000000 0.000002 -0.000000 -0.000000 0.000000
  450 0.000001 10.988303 -0.000003 2.200961 0.000422 -0.000000
  451 0.000000 0.000000 0.000000 -0.060252 -0.000000 3.141593
  452 25.525690 11.871362 -7.095545 -0.022839 -0.067696 1.660628
  453 11.776697 6.995522 0.148696 -0.003598 -0.000000 -0.000000
  454 -0.483102 -8.250682 -13.900933 0.000000 -0.000000 1.570796
  455 -4.628803 36.146610 -0.754694 0.014249 0.010744 -0.014226
  456 0.000000 -6.475163 -8.877784 -0.000000 -0.000000 0.000000
  457 -0.000000 6.475167 8.877784 0.248338 0.000000 0.000000
  458 1.878117 12.014874 -0.599895 0.000000 0.000000 0.000000
  459 -3.953938 -0.000002 0.000000 -0.000000 -0.000000 0.000000
  460 1.976963 0.000009 -0.000000 -0.000000 0.000000 0.000000
  461 0.098846 -12.014871 0.599889 0.248338 -0.000000 0.000000
  462 0.000002 6.475164 8.877785 -2.200961 -0.000249 -0.000341
  463 0.000001 0.000002 0.000001 -0.000000 -0.000000 0.000000
  464 -0.000001 10.988302 0.000003 1.952623 -0.000422 0.000000
  465 0.000000 -0.000000 -0.000002 -0.060252 0.000000 3.141593
  466 27.002653 -4.525825 -8.211766 -0.022839 -0.067696 1.660628
  467 -14.296513 10.429039 -2.656642 -0.003598 -0.000000 -0.000000
  time 8
  0 0.000000 0.000000 -23.603888 0.000000 -0.000000 1.570796
  1 0.760039 9.754403 21.235197 2.506338 -0.140446 -0.050067
  2 -0.000000 10.999710 -0.000000 -0.032156 -0.003621 -0.089890
  3 0.000000 6.753157 -0.000001 -0.386530 -0.112141 -0.033802
  4 -0.000000 8.544811 0.000001 -0.246925 -0.110247 0.067527
  5 0.000000 9.518041 0.000001 0.265388 0.076406 -0.050433
  6 0.000000 3.039631 0.000001 0.194406 -0.080182 -0.015769
  7 0.000000 3.098963 -0.000000 -0.135955 -0.018872 -0.048867
  8 28.375927 0.296537 38.783230 -0.296535 2.331249 -0.738142
  9 -31.110023 -15.545282 29.685392 0.349027 -1.983347 -0.149531
  10 17.849596 10.751007 3.619991 -2.188128 0.640356 1.609933
  11 -13.315681 20.334082 3.842705 -2.057941 -0.318614 -1.147874
  12 -1.789155 0.000000 28.175615 0.000000 -0.000000 1.570796
  13 -1.493811 3.719314 -27.157084 0.788010 0.054587 0.025800
  14 0.000001 -1.769384 12.121013 -0.035567 -0.190932 0.086024
  15 -0.000000 -1.769389 12.121013 -0.482966 -0.150480 -0.102173
  16 0.000000 -1.769384 12.121013 -0.015637 -0.095846 0.041961
  17 0.000000 -0.000001 0.000001 1.694062 0.000000 0.000000
  18 -0.000000 -6.753162 0.000002 -1.705287 0.053231 0.090088
  19 -0.000000 -0.000000 0.000000 1.742380 -0.000000 -0.000000
  20 0.000000 -10.999713 0.000003 0.000000 0.000000 0.000000
  21 -0.000000 0.000000 -0.000000 0.000000 0.000000 0.000000
  22 0.000000 0.000000 0.000000 -1.341552 -1.993774 0.192913
  23 0.000001 -0.000002 0.000001 -0.000000 0.000001 -0.000000
  24 0.000000 0.000000 0.000000 -1.341552 1.993774 -0.192913
  25 -0.000001 -0.000002 0.000001 0.000000 -0.000000 0.000000
  26 8.250682 -0.215595 2.184242 2.249311 0.557837 -0.141219
  27 -0.000000 19.189560 -0.000000 1.987451 -0.000000 -0.000000
  28 0.000000 15.541217 0.000001 -2.303295 0.146311 -0.246426
  29 0.000006 10.987863 -0.001445 0.880380 -3.141170 0.000000
  30 -1.873868 4.392859 10.061479 -0.000523 0.630166 -1.571105
  31 -0.000000 0.000001 0.000002 -0.000000 0.000000 0.000000
  32 0.000000 0.000000 0.000000 0.000000 -0.000000 -0.000000
  33 -0.000004 0.000002 -0.000001 -0.000000 0.000000 0.000000
  34 0.000000 0.000000 0.000000 0.000000 -0.000000 0.000000
  35 -0.000003 7.770611 -0.000003 0.000000 0.199872 -0.000000
  36 0.000000 0.000000 0.000000 -0.000000 0.000205 0.000000
  37 -0.000000 -0.000002 -0.000001 -0.000000 0.000000 -0.000000
  38 -0.000002 9.594780 0.000001 0.000000 0.369769 0.000000
  39 0.000000 0.000000 0.000000 -0.000000 0.000000 0.000000
  40 -8.250681 -0.215597 2.184245 2.908238 -0.354339 -0.393868
  41 0.000001 19.282331 0.000002 1.284665 0.000000 0.000000
  42 0.000002 15.642712 0.000000 -2.194393 -0.306461 -0.053453
  43 0.000151 10.988337 -0.000688 1.005468 3.141170 -0.000000
  44 1.873867 4.392865 10.061485 0.000523 2.511427 1.571105
  45 0.000000 0.000002 0.000001 -0.000000 0.000000 0.000000
  46 0.000000 0.000000 0.000000 0.000000 -0.000000 0.000000
  47 0.000002 -0.000001 -0.000001 -0.000000 -0.000000 -0.000000
  48 0.000000 0.000000 0.000000 -0.000000 -0.000000 0.000000
  49 0.000001 7.821354 -0.000000 -0.000000 -0.063679 -0.000000
  50 0.000000 0.000000 0.000000 -0.000000 -0.000204 0.000000
  51 0.000001 -0.000002 -0.000002 -0.000000 0.000000 0.000000
  52 0.000002 9.641168 0.000000 0.000000 -0.140829 0.000000
  53 0.000000 0.000000 0.000000 -0.000000 -0.000000 -0.000000
  54 8.250682 -0.215594 2.184237 2.903292 -0.000000 0.000000
  55 8.250682 -0.215595 2.184239 -1.742380 0.000000 -0.000000
  56 0.000000 -0.000001 0.000001 -1.637514 -0.000000 -0.000000
  57 -0.000003 19.896324 0.000002 0.140363 -0.000000 0.000000
  58 0.000001 16.264103 -0.000003 -0.703810 -0.000322 0.000273
  59 0.000000 0.000000 0.000000 -0.000000 0.000000 -0.000000
  60 -0.000000 10.988299 0.000000 0.880380 -3.141171 0.000000
  61 0.000000 0.000000 0.000000 -0.000000 -0.000000 -0.000000
  62 -0.000000 -0.000003 -0.000000 -1.449206 0.110087 0.006509
  63 0.000000 0.000000 0.000000 -0.833729 -0.571007 -0.000000
  64 0.000000 19.189558 -0.000001 1.987451 -0.000000 -0.000000
  65 8.250682 -0.215595 2.184242 2.408910 0.158466 0.298735
  66 0.000000 0.000000 0.000000 0.000000 0.000000 -0.000000
  67 8.250682 -0.215595 2.184242 2.408909 0.158466 0.298735
  68 -0.000001 9.594778 0.000001 0.000000 -0.200925 0.000000
  69 0.000001 9.594778 -0.000000 1.987451 -0.369769 -0.000000
  70 -0.000000 7.770602 0.000001 0.000000 0.200077 -0.000000
  71 0.000002 7.770610 -0.000001 -2.254870 -0.047819 -0.244024
  72 0.000000 10.987885 -0.000001 0.880248 -3.141170 0.000001
  73 -8.250680 -0.215594 2.184242 2.903292 -0.000000 0.000000
  74 -8.250680 -0.215595 2.184244 -1.742380 0.000000 -0.000000
  75 0.000000 -0.000001 0.000001 -1.637514 0.000000 0.000000
  76 0.000003 19.896320 0.000001 0.140363 0.000000 -0.000000
  77 0.000000 16.264103 -0.000002 -0.703810 0.000322 -0.000273
  78 0.000000 0.000000 0.000000 -0.000000 -0.000000 0.000000
  79 0.000002 10.988295 0.000001 0.880380 3.141171 -0.000000
  80 -0.000000 0.000000 -0.000000 -0.000000 0.000000 0.000000
  81 -0.000000 -0.000001 -0.000001 -1.078143 0.261949 0.065715
  82 0.000000 0.000001 0.000000 -0.564518 0.392101 0.000000
  83 -0.000001 19.282326 -0.000000 1.284665 0.000000 0.000000
  84 -8.250681 -0.215597 2.184245 2.921696 -0.107192 -0.452243
  85 0.000000 -0.000000 -0.000000 0.000000 -0.000000 0.000000
  86 -8.250680 -0.215597 2.184245 2.921696 -0.107192 -0.452243
  87 -0.000000 9.641168 -0.000002 -0.000000 0.112729 -0.000000
  88 -0.000000 9.641167 -0.000000 1.284665 0.140830 0.000000
  89 0.000001 7.821348 0.000001 -0.000000 -0.063884 -0.000000
  90 -0.000000 7.821359 0.000001 -2.197972 -0.242678 -0.052491
  91 -0.000001 10.988356 0.000002 1.005406 3.141171 0.000014
  92 0.000000 0.000000 0.000000 -0.048318 0.000000 -0.000000
  93 -0.000000 0.000000 0.000000 -0.000000 -0.000000 -0.000000
  94 0.000000 -10.999713 0.000003 -0.000000 0.000000 -0.000000
  95 -0.000000 -1.769389 12.121010 -0.242751 -0.069062 -0.060105
  96 -0.000000 -0.000001 0.000000 1.538978 -0.000000 0.000000
  97 0.000000 0.000000 -0.000000 0.273333 0.046795 0.024210
  98 0.000000 0.000000 0.000000 -0.155084 0.000000 -0.000000
  99 -0.000000 -0.000000 -0.000000 -0.000000 -0.000000 -0.000000
  100 0.000000 8.544815 0.000006 -1.785897 -0.062130 0.067247
  101 0.000000 0.000000 -0.000000 1.542233 0.000000 0.000000
  102 0.000001 9.518040 -0.000002 0.265388 0.076406 -0.050433
  103 -0.000000 3.039635 0.000000 0.194406 -0.080182 -0.015769
  104 -0.000000 3.098963 -0.000001 -0.135955 -0.018872 -0.048867
  105 0.000001 9.518040 -0.000002 -1.299333 0.076406 -0.050433
  106 0.000000 0.000000 0.000000 1.662547 -0.000000 -0.000000
  107 -0.000001 6.109812 0.000002 -1.419788 0.069803 -0.059242
  108 0.000000 0.000000 0.000000 1.386200 -0.025438 -0.163175
  109 0.000000 0.000000 0.000000 -0.097827 0.000000 0.000000
  110 0.000000 0.000000 0.000000 0.000001 0.000000 0.000000
  111 0.000000 3.025102 -0.296882 -0.093548 -0.082166 0.008979
  112 0.000000 0.000000 0.000000 0.095948 -0.000000 0.000000
  113 -0.000000 -0.000000 -0.000001 0.000000 -0.000000 0.000000
  114 0.000000 0.000000 0.000000 -0.000000 0.000000 -0.000000
  115 0.904463 6.782036 3.867489 -2.223640 -1.611362 0.514944
  116 0.010189 19.450792 -0.828330 0.325687 2.842255 1.249050
  117 -0.000000 19.838358 0.000001 0.798766 0.000000 0.000000
  118 0.000003 25.057663 0.000005 1.217035 -1.132982 -1.488905
  119 0.000000 0.000000 0.000000 -0.000000 0.000001 0.000001
  120 0.000000 0.000000 0.000000 -0.000000 -0.000001 -0.000001
  121 0.000002 0.000002 -0.000002 -0.000000 -0.000000 -0.000000
  122 -0.000000 -0.000000 0.000000 0.000000 -0.000000 0.000000
  123 0.000001 12.528834 0.000002 0.000000 -0.724463 -0.000001
  124 0.000000 -0.000000 0.000000 -0.000001 0.001371 -0.000001
  125 0.000000 0.000000 0.000000 -0.000000 -0.000000 -0.000000
  126 0.000000 9.919180 0.000001 -0.000000 -0.502425 0.000000
  127 -0.000000 -0.000001 0.000000 -0.000000 -0.000000 -0.000000
  128 -0.000000 0.000002 0.000000 0.000000 0.000000 0.000000
  129 0.010189 19.450792 -0.828330 -1.068311 -0.458283 0.722012
  130 0.010189 19.450792 -0.828330 0.041386 -0.124298 1.319062
  131 0.000000 0.000000 0.000000 -1.332781 0.484537 -2.373637
  132 0.000001 20.126823 -0.000001 0.277335 0.000000 0.000000
  133 -0.000004 25.356462 -0.000000 0.198412 -0.005445 0.027073
  134 0.000000 0.000000 0.000000 0.000000 0.000000 0.000000
  135 0.000000 0.000000 0.000000 1.137504 2.492198 0.667874
  136 0.000000 0.000000 0.000000 -0.448411 0.806542 0.000001
  137 -0.000000 19.838352 0.000002 0.798766 0.000000 0.000000
  138 0.010189 19.450792 -0.828330 -2.300578 1.148121 -1.196734
  139 0.000000 0.000000 0.000000 -0.000000 -0.000000 -0.000000
  140 0.010189 19.450792 -0.828330 -2.300577 1.148121 -1.196733
  141 -0.000000 9.919176 -0.000001 -0.000000 0.462133 -0.000000
  142 0.000002 9.919175 -0.000001 0.798766 0.502426 -0.000000
  143 -0.000003 12.528828 -0.000003 -0.000000 -0.723091 -0.000000
  144 0.000003 12.528824 -0.000001 0.153929 -0.715637 -0.594262
  145 0.838800 0.695166 1.002013 -0.146528 0.831651 0.111056
  146 0.211461 5.777454 0.006793 0.057776 -0.287169 0.072685
  147 -0.000001 5.184052 -0.000002 1.114540 -0.003806 0.022167
  148 0.000000 5.576726 0.000001 0.991501 0.000643 -0.036172
  149 0.211461 5.777455 0.006794 0.057776 -0.287169 0.072685
  150 -0.000001 5.184052 -0.000002 1.114540 -0.003806 0.022167
  151 -0.000000 5.576725 0.000002 0.991501 0.000643 -0.036172
  152 0.211457 5.777448 0.006788 0.057776 -0.287169 0.072685
  153 0.000000 0.000000 0.000000 -0.000000 -0.000000 -0.000000
  154 0.211461 5.777452 0.006791 0.057776 -0.287169 0.072685
  155 0.000000 0.000000 0.000000 -0.000000 -0.000000 -0.000000
  156 0.000000 5.184050 -0.000002 1.114540 -0.003806 0.022168
  157 0.000000 0.000000 0.000000 0.000000 -0.000000 -0.000000
  158 0.000001 5.576724 0.000002 0.991502 0.000643 -0.036172
  159 0.000000 0.000000 0.000000 0.000000 -0.000000 -0.000000
  160 0.000001 9.158417 -0.000003 3.141593 0.324016 -0.000001
  161 0.000000 -0.000001 -0.000002 -0.000000 0.000000 -0.000000
  162 0.000000 0.000001 -0.000001 0.000000 -0.000000 -0.000000
  163 0.211461 5.777453 0.006792 0.057776 -0.287169 0.072685
  164 0.208224 1.308911 0.886648 -0.521836 0.710749 -0.438947
  165 -0.200130 4.665488 0.107298 0.177554 -0.296553 -0.038426
  166 0.000000 6.134697 0.000000 1.041976 -0.004721 0.048260
  167 0.000000 5.142240 0.000001 0.946198 0.000043 -0.073619
  168 -0.200130 4.665488 0.107299 0.177554 -0.296553 -0.038426
  169 0.000000 6.134697 0.000000 1.041976 -0.004721 0.048260
  170 0.000000 5.142239 0.000001 0.946198 0.000043 -0.073619
  171 -0.200124 4.665483 0.107296 0.177555 -0.296553 -0.038426
  172 -0.000001 0.000002 0.000001 0.000000 -0.000000 0.000000
  173 -0.000001 0.000002 0.000001 0.000000 -0.000000 0.000000
  174 -0.200129 4.665485 0.107297 0.177555 -0.296552 -0.038425
  175 0.000000 0.000000 0.000000 -0.000000 -0.000001 -0.000001
  176 0.000003 6.134695 -0.000004 1.041975 -0.004721 0.048261
  177 0.000000 0.000000 0.000000 -0.000000 -0.000000 -0.000001
  178 -0.000002 5.142239 0.000003 0.946199 0.000043 -0.073618
  179 0.000000 0.000000 0.000000 -0.000000 -0.000001 -0.000001
  180 -0.000004 9.920091 0.000000 -3.141593 0.323205 0.000000
  181 -0.000000 0.000000 -0.000002 -0.000000 0.000000 0.000000
  182 0.000003 -0.000000 -0.000003 0.000001 -0.000000 0.000000
  183 -0.200129 4.665487 0.107298 0.177554 -0.296553 -0.038426
  184 -0.000001 0.000002 0.000001 0.000000 -0.000000 0.000000
  185 1.229534 0.555898 1.288363 -0.746847 0.623236 -0.695221
  186 -0.696618 5.377657 -0.082584 0.207022 -0.080209 -0.208698
  187 -0.000002 5.046762 0.000001 1.093715 0.005800 -0.038570
  188 -0.000000 4.876215 -0.000000 1.058852 -0.002098 0.057280
  189 -0.696619 5.377658 -0.082583 0.207022 -0.080209 -0.208698
  190 -0.000002 5.046762 0.000001 1.093715 0.005800 -0.038570
  191 -0.000000 4.876215 -0.000000 1.058852 -0.002098 0.057280
  192 -0.696617 5.377655 -0.082587 0.207022 -0.080209 -0.208698
  193 0.000000 0.000000 0.000000 0.000000 -0.000000 0.000000
  194 0.000000 0.000000 0.000000 0.000000 -0.000000 0.000000
  195 -0.696617 5.377656 -0.082585 0.207022 -0.080209 -0.208698
  196 0.000000 0.000000 0.000000 0.000000 0.000000 0.000000
  197 -0.000001 5.046764 0.000001 1.093715 0.005799 -0.038570
  198 0.000000 0.000000 0.000000 -0.000000 0.000000 0.000000
  199 0.000003 4.876214 0.000001 1.058852 -0.002099 0.057280
  200 0.000000 0.000000 0.000000 0.000000 -0.000001 -0.000001
  201 0.000003 10.336262 -0.000000 -3.141593 -0.095607 -0.000001
  202 -0.000001 0.000000 -0.000002 -0.000000 0.000000 -0.000000
  203 -0.000002 0.000001 0.000001 0.000000 -0.000000 -0.000000
  204 -0.696617 5.377656 -0.082584 0.207022 -0.080209 -0.208698
  205 0.000000 0.000000 0.000000 0.000000 -0.000000 0.000000
  206 2.510276 0.335975 0.022938 -0.704386 0.728957 -0.808876
  207 -1.150730 4.008930 -0.420743 0.204092 -0.003080 -0.542466
  208 0.000001 4.945990 -0.000001 1.055038 0.001324 -0.011933
  209 -0.000001 6.128853 0.000002 1.103407 -0.001326 0.020281
  210 -1.150730 4.008931 -0.420743 0.204092 -0.003080 -0.542466
  211 0.000001 4.945990 -0.000001 1.055038 0.001324 -0.011933
  212 -0.000001 6.128853 0.000002 1.103407 -0.001326 0.020281
  213 -1.150726 4.008925 -0.420746 0.204092 -0.003080 -0.542466
  214 0.000000 0.000000 0.000000 0.000000 -0.000000 0.000000
  215 0.000000 0.000000 0.000000 0.000000 -0.000000 0.000000
  216 -1.150728 4.008927 -0.420745 0.204093 -0.003081 -0.542467
  217 0.000000 0.000000 0.000000 -0.000000 0.000001 0.000001
  218 0.000001 4.945988 -0.000001 1.055038 0.001324 -0.011934
  219 0.000000 0.000000 0.000000 0.000000 0.000001 0.000001
  220 0.000000 6.128854 0.000001 1.103407 -0.001326 0.020280
  221 0.000000 0.000000 0.000000 -0.000000 0.000000 0.000000
  222 -0.000002 8.781753 -0.000001 3.141593 -0.488191 0.000000
  223 -0.000001 -0.000000 -0.000000 -0.000000 0.000000 0.000000
  224 -0.000001 0.000000 -0.000000 0.000000 -0.000000 -0.000000
  225 -1.150728 4.008929 -0.420744 0.204092 -0.003080 -0.542466
  226 0.000000 0.000000 0.000000 0.000000 -0.000000 0.000000
  227 0.777029 1.281752 1.958797 0.196515 0.598662 0.924076
  228 1.054338 3.972640 -0.145587 0.213321 0.019605 0.282980
  229 0.000001 4.879313 0.000001 1.066577 0.004531 -0.036921
  230 0.000001 5.043321 -0.000000 1.011082 -0.001208 0.055324
  231 1.054338 3.972641 -0.145586 0.213321 0.019605 0.282980
  232 0.000001 4.879313 0.000001 1.066577 0.004531 -0.036921
  233 0.000001 5.043321 -0.000000 1.011082 -0.001208 0.055324
  234 1.054335 3.972639 -0.145591 0.213321 0.019605 0.282979
  235 0.000000 0.000000 0.000000 0.000000 -0.000000 -0.000000
  236 1.054335 3.972638 -0.145589 0.213321 0.019605 0.282979
  237 0.000000 0.000000 0.000000 -0.000000 0.000001 0.000000
  238 0.000000 4.879313 0.000002 1.066578 0.004531 -0.036922
  239 0.000000 0.000000 0.000000 0.000000 0.000000 0.000000
  240 -0.000000 5.043320 -0.000001 1.011082 -0.001208 0.055324
  241 0.000000 0.000000 0.000000 0.000000 -0.000000 0.000000
  242 0.000001 10.325294 0.000001 3.141592 -0.093079 -0.000000
  243 0.000001 0.000000 -0.000001 0.000000 -0.000000 -0.000000
  244 0.000001 0.000001 -0.000000 -0.000000 -0.000000 0.000000
  245 1.054337 3.972639 -0.145588 0.213321 0.019605 0.282980
  246 0.986052 0.947620 1.368042 0.166521 0.766158 0.595879
  247 0.686722 5.038128 -0.095544 0.036912 -0.459751 0.204801
  248 -0.000001 4.968778 -0.000000 1.046517 0.003073 -0.030016
  249 -0.000000 5.803466 0.000000 1.031952 -0.001678 0.049315
  250 0.686722 5.038129 -0.095544 0.036912 -0.459751 0.204801
  251 -0.000000 4.968779 -0.000000 1.046517 0.003073 -0.030016
  252 -0.000000 5.803466 0.000000 1.031952 -0.001678 0.049315
  253 0.686723 5.038123 -0.095548 0.036912 -0.459751 0.204801
  254 0.000000 0.000000 0.000000 0.000000 -0.000000 0.000000
  255 0.686721 5.038125 -0.095546 0.036912 -0.459751 0.204801
  256 0.000000 0.000000 0.000000 -0.000000 -0.000000 -0.000000
  257 -0.000000 4.968779 0.000001 1.046517 0.003073 -0.030015
  258 0.000000 0.000000 0.000000 0.000000 -0.000000 -0.000000
  259 -0.000003 5.803466 0.000001 1.031952 -0.001678 0.049315
  260 0.000000 0.000000 0.000000 0.000000 0.000000 0.000000
  261 0.000002 9.111455 -0.000002 3.141592 0.806825 -0.000001
  262 0.000001 -0.000001 -0.000001 -0.000000 0.000000 -0.000000
  263 0.000001 0.000001 -0.000001 0.000000 -0.000000 0.000000
  264 0.686721 5.038126 -0.095545 0.036912 -0.459751 0.204801
  265 2.510272 0.335972 0.022940 -0.704386 0.728957 -0.808876
  266 2.510272 0.335972 0.022940 -0.704386 0.728957 -0.808876
  267 2.510272 0.335972 0.022940 -0.704386 0.728957 -0.808876
  268 -0.904462 6.782042 3.867487 0.035397 1.650023 1.521901
  269 -0.010187 19.450792 -0.828331 -1.156827 -0.472187 1.692057
  270 -0.000003 19.476608 0.000002 1.318367 -0.000000 0.000000
  271 -0.000000 24.655491 -0.000000 -0.120538 -0.868730 0.081309
  272 0.000000 0.000000 0.000000 0.000000 -0.000001 -0.000001
  273 0.000000 0.000000 0.000000 -0.000000 0.000001 0.000001
  274 -0.000002 0.000002 -0.000003 -0.000000 0.000000 0.000001
  275 -0.000000 -0.000002 -0.000000 0.000000 0.000000 -0.000000
  276 -0.000005 12.327745 -0.000002 0.000000 -0.435776 0.000000
  277 0.000000 0.000000 0.000000 -0.000000 -0.001371 0.000001
  278 -0.000000 -0.000000 -0.000001 -0.000000 0.000000 0.000000
  279 -0.000001 9.738306 0.000000 0.000000 0.287572 0.000000
  280 0.000000 0.000000 0.000000 -0.000000 0.000000 0.000000
  281 -0.000000 0.000002 -0.000000 0.000000 -0.000000 0.000000
  282 -0.010187 19.450790 -0.828331 -1.068311 0.458283 -0.722012
  283 -0.010186 19.450790 -0.828331 0.041386 0.124298 -1.319061
  284 0.000000 0.000000 0.000000 -1.332781 -0.484537 2.373637
  285 0.000002 20.126825 0.000001 0.277335 -0.000000 0.000000
  286 -0.000001 25.356462 -0.000001 0.198412 0.005445 -0.027073
  287 0.000000 0.000000 0.000000 0.000000 -0.000000 -0.000000
  288 0.000000 0.000000 0.000000 -0.358665 -0.086648 2.901706
  289 0.000002 0.000002 0.000001 -0.749855 -0.275188 -0.000000
  290 -0.000004 19.476604 0.000001 1.318367 -0.000000 0.000000
  291 -0.010186 19.450792 -0.828331 -0.989503 -0.221418 1.211935
  292 0.000000 0.000000 0.000000 -0.000000 0.000000 0.000000
  293 -0.010186 19.450792 -0.828331 -0.989503 -0.221418 1.211934
  294 0.000002 9.738301 0.000002 -0.000000 -0.227028 0.000001
  295 -0.000000 9.738308 -0.000000 1.318367 -0.287573 0.000000
  296 0.000001 12.327747 0.000000 -0.000000 -0.437148 -0.000000
  297 0.000003 12.327744 -0.000004 -0.082657 -0.432577 0.057805
  298 -0.838805 0.695162 1.002013 -0.146529 -0.831651 -0.111056
  299 -0.034289 6.167845 0.001107 0.057776 0.287169 -0.072685
  300 -0.000000 5.184048 -0.000000 0.323134 0.003807 -0.022167
  301 -0.000000 5.576726 -0.000001 0.200097 -0.000643 0.036172
  302 -0.034289 6.167838 0.001106 0.057776 0.287169 -0.072685
  303 -0.000001 5.184052 0.000000 0.323134 0.003807 -0.022167
  304 0.000000 5.576719 0.000001 0.200097 -0.000643 0.036172
  305 -0.034281 6.167853 0.001102 0.057776 0.287169 -0.072685
  306 0.000000 0.000000 0.000000 0.000000 0.000000 0.000000
  307 -0.034285 6.167853 0.001106 0.057776 0.287169 -0.072685
  308 0.000000 0.000000 0.000000 0.000000 0.000000 -0.000000
  309 -0.000000 5.184052 0.000002 0.323134 0.003806 -0.022168
  310 0.000000 0.000000 0.000000 0.000000 0.000001 0.000000
  311 -0.000002 5.576723 0.000001 0.200097 -0.000643 0.036172
  312 0.000000 0.000000 0.000000 0.000000 0.000000 0.000000
  313 -0.000001 9.158421 0.000001 3.141592 -0.324016 0.000000
  314 -0.000001 -0.000003 0.000002 0.000000 0.000000 -0.000000
  315 -0.000001 -0.000007 0.000003 0.000000 0.000000 0.000000
  316 -0.034287 6.167849 0.001107 0.057776 0.287169 -0.072685
  317 -0.208224 1.308895 0.886642 -0.521837 -0.710749 0.438947
  318 0.005867 4.933621 0.003154 0.177555 0.296553 0.038425
  319 -0.000001 6.134694 0.000000 0.125197 0.004722 -0.048260
  320 -0.000003 5.142235 0.000001 0.029420 -0.000042 0.073619
  321 0.005867 4.933621 0.003154 0.177555 0.296553 0.038425
  322 -0.000001 6.134694 0.000000 0.125197 0.004722 -0.048260
  323 -0.000003 5.142235 0.000001 0.029420 -0.000042 0.073619
  324 0.005878 4.933633 0.003154 0.177555 0.296553 0.038426
  325 0.000000 0.000000 0.000000 -0.000000 0.000000 0.000000
  326 0.000000 0.000000 0.000000 -0.000000 0.000000 0.000000
  327 0.005872 4.933628 0.003153 0.177554 0.296552 0.038425
  328 0.000000 0.000000 0.000000 -0.000000 0.000001 0.000001
  329 0.000003 6.134697 0.000001 0.125197 0.004721 -0.048261
  330 0.000000 0.000000 0.000000 -0.000000 0.000001 0.000001
  331 0.000001 5.142238 0.000002 0.029420 -0.000043 0.073618
  332 0.000000 0.000000 0.000000 -0.000000 0.000001 0.000001
  333 0.000002 9.920089 0.000001 3.141593 -0.323204 -0.000000
  334 0.000000 0.000000 0.000000 0.000000 -0.000000 0.000000
  335 -0.000001 0.000000 0.000002 0.000000 0.000000 -0.000000
  336 0.005870 4.933624 0.003153 0.177555 0.296553 0.038425
  337 0.000000 0.000000 0.000000 -0.000000 0.000000 0.000000
  338 -1.229539 0.555884 1.288361 -0.746847 -0.623235 0.695221
  339 0.112926 5.720455 -0.013393 0.207022 0.080209 0.208698
  340 -0.000000 5.046768 -0.000000 0.302309 -0.005800 0.038570
  341 -0.000000 4.876215 0.000000 0.267446 0.002099 -0.057280
  342 0.112926 5.720455 -0.013393 0.207022 0.080209 0.208698
  343 -0.000000 5.046768 -0.000000 0.302309 -0.005800 0.038570
  344 -0.000000 4.876215 0.000000 0.267446 0.002099 -0.057280
  345 0.112935 5.720457 -0.013389 0.207022 0.080208 0.208698
  346 0.000000 0.000000 0.000000 0.000000 0.000000 0.000000
  347 0.000000 0.000000 0.000000 0.000000 0.000000 0.000000
  348 0.112928 5.720453 -0.013391 0.207022 0.080208 0.208698
  349 0.000000 0.000000 0.000000 0.000000 -0.000000 -0.000000
  350 0.000001 5.046768 0.000000 0.302309 -0.005800 0.038570
  351 0.000000 0.000000 0.000000 -0.000000 -0.000000 -0.000000
  352 0.000003 4.876215 -0.000002 0.267446 0.002099 -0.057281
  353 0.000000 0.000000 0.000000 0.000000 0.000001 0.000000
  354 0.000002 10.336263 -0.000003 -3.141593 0.095607 0.000001
  355 -0.000001 0.000001 0.000000 -0.000000 0.000000 -0.000000
  356 -0.000001 0.000001 0.000001 -0.000000 0.000000 -0.000001
  357 0.112927 5.720454 -0.013392 0.207022 0.080209 0.208698
  358 0.000000 0.000000 0.000000 0.000000 0.000000 0.000000
  359 -2.510273 0.335960 0.022940 -0.704386 -0.728958 0.808876
  360 0.033810 4.177357 -0.012350 0.204092 0.003080 0.542467
  361 0.000000 4.945988 0.000000 0.138260 -0.001324 0.011932
  362 0.000000 6.128855 0.000002 0.186629 0.001326 -0.020280
  363 0.033810 4.177357 -0.012350 0.204092 0.003080 0.542467
  364 0.000000 4.945988 0.000000 0.138260 -0.001324 0.011932
  365 0.000000 6.128855 0.000002 0.186629 0.001326 -0.020280
  366 0.033809 4.177358 -0.012359 0.204093 0.003080 0.542466
  367 0.000000 0.000000 0.000000 -0.000000 0.000000 -0.000000
  368 0.000000 0.000000 0.000000 -0.000000 0.000000 -0.000000
  369 0.033810 4.177357 -0.012350 0.204093 0.003081 0.542467
  370 0.000000 0.000000 0.000000 -0.000000 -0.000001 -0.000001
  371 -0.000003 4.945988 -0.000001 0.138260 -0.001324 0.011934
  372 0.000000 0.000000 0.000000 0.000000 -0.000001 -0.000001
  373 0.000002 6.128854 0.000001 0.186629 0.001326 -0.020280
  374 0.000000 0.000000 0.000000 0.000000 -0.000000 -0.000000
  375 0.000000 8.781748 0.000002 3.141593 0.488191 -0.000000
  376 -0.000000 0.000002 0.000001 0.000000 -0.000000 0.000000
  377 0.000000 0.000000 0.000000 -0.000000 -0.000000 -0.000000
  378 0.033810 4.177357 -0.012350 0.204092 0.003080 0.542467
  379 0.000000 0.000000 0.000000 -0.000000 0.000000 -0.000000
  380 -0.777029 1.281745 1.958795 0.196514 -0.598662 -0.924076
  381 -0.170910 4.408984 -0.023609 0.213321 -0.019605 -0.282980
  382 -0.000003 4.879316 0.000001 0.275172 -0.004531 0.036922
  383 -0.000003 5.043324 -0.000000 0.219676 0.001208 -0.055325
  384 -0.170907 4.408981 -0.023611 0.213321 -0.019605 -0.282980
  385 0.000000 4.879314 0.000000 0.275172 -0.004531 0.036922
  386 -0.000001 5.043322 -0.000000 0.219676 0.001208 -0.055325
  387 -0.170925 4.409000 -0.023602 0.213321 -0.019605 -0.282980
  388 0.000000 0.000000 0.000000 0.000000 0.000000 -0.000000
  389 -0.170915 4.408993 -0.023605 0.213321 -0.019605 -0.282979
  390 0.000000 0.000000 0.000000 0.000000 -0.000001 -0.000001
  391 0.000000 4.879315 -0.000001 0.275172 -0.004530 0.036922
  392 0.000000 0.000000 0.000000 0.000000 -0.000000 -0.000000
  393 -0.000004 5.043322 0.000001 0.219677 0.001208 -0.055324
  394 0.000000 0.000000 0.000000 -0.000000 -0.000000 -0.000000
  395 -0.000002 10.325297 0.000001 3.141593 0.093079 0.000000
  396 0.000000 0.000000 0.000000 0.000000 -0.000000 0.000000
  397 0.000003 -0.000003 0.000000 0.000000 -0.000000 0.000001
  398 -0.170912 4.408987 -0.023608 0.213321 -0.019605 -0.282980
  399 -0.986051 0.947620 1.368037 0.166521 -0.766159 -0.595878
  400 -0.020171 5.473401 -0.002808 0.036912 0.459751 -0.204801
  401 0.000003 4.968778 0.000002 0.129739 -0.003073 0.030016
  402 -0.000002 5.803468 0.000000 0.115173 0.001678 -0.049315
  403 -0.020170 5.473397 -0.002809 0.036912 0.459751 -0.204801
  404 0.000003 4.968778 0.000002 0.129739 -0.003073 0.030016
  405 -0.000002 5.803468 0.000000 0.115173 0.001678 -0.049315
  406 -0.020175 5.473411 -0.002806 0.036912 0.459751 -0.204801
  407 0.000000 0.000000 0.000000 -0.000000 0.000000 0.000000
  408 -0.020173 5.473408 -0.002807 0.036912 0.459751 -0.204801
  409 0.000000 0.000000 0.000000 0.000000 0.000000 0.000000
  410 -0.000001 4.968782 -0.000000 0.129739 -0.003073 0.030015
  411 0.000000 0.000000 0.000000 -0.000000 0.000000 0.000000
  412 0.000000 5.803465 0.000001 0.115173 0.001678 -0.049316
  413 0.000000 0.000000 0.000000 0.000000 0.000000 -0.000000
  414 -0.000001 9.111457 -0.000002 3.141592 -0.806826 0.000001
  415 0.000000 0.000000 0.000000 -0.000000 0.000000 0.000000
  416 0.000000 0.000001 0.000002 -0.000000 -0.000000 0.000000
  417 -0.020172 5.473404 -0.002808 0.036912 0.459751 -0.204801
  418 -2.510272 0.335972 0.022943 -0.704386 -0.728957 0.808876
  419 -2.510272 0.335972 0.022943 -0.704386 -0.728957 0.808876
  420 -2.510272 0.335972 0.022943 -0.704386 -0.728957 0.808876
  421 8.463109 -0.489831 -2.120324 1.542233 0.000000 3.141593
  422 0.000000 -0.000001 -0.000000 -0.000000 0.000000 -0.000000
  423 -8.463107 -0.489831 -2.120327 1.542233 0.000000 -3.141593
  424 0.000000 -0.000001 -0.000000 -0.000000 -0.000000 0.000000
  425 8.463109 -0.489831 -2.120324 1.542233 0.000000 3.141593
  426 -8.463108 -0.489831 -2.120327 1.542233 0.000000 -3.141593
  427 0.904463 6.782040 3.867488 -2.223640 -1.611362 0.514944
  428 -0.904462 6.782042 3.867487 0.035397 1.650023 1.521901
  429 -0.000000 -0.000000 -0.000001 -0.000000 0.000000 0.000000
  430 -2.384858 45.420403 15.540361 0.000000 -0.000000 1.570796
  431 -8.414577 10.674903 -20.120401 -1.807172 0.225513 -2.125520
  432 0.000004 0.000001 0.000002 -0.000000 0.000000 0.000000
  433 -31.434500 23.137894 -2.073915 0.273473 0.105768 1.145759
  434 18.378082 17.372267 23.090246 0.636717 0.964784 -2.018134
  435 -2.384865 -45.420403 15.540361 0.000000 -0.000000 1.570796
  436 15.671330 -42.508339 -10.841469 -0.657490 -1.378569 -2.487489
  437 -0.000004 0.000000 -0.000001 0.000000 -0.000000 0.000000
  438 -35.023605 -18.774181 -1.640299 0.247488 0.174526 1.710559
  439 -20.659822 -4.676947 -0.875974 0.636717 -0.964784 2.018134
  440 -0.483101 8.250682 -13.900933 0.000000 -0.000000 1.570796
  441 1.218360 22.499271 -1.428429 0.330052 -0.259936 0.247846
  442 -0.000001 -6.475166 -8.877782 -0.000000 0.000000 0.000000
  443 -0.000000 6.475165 8.877783 -0.000000 0.000000 0.000000
  444 -1.878120 12.014875 -0.599892 -0.000000 -0.000000 -0.000000
  445 3.953936 -0.000001 -0.000003 0.000000 -0.000000 -0.000000
  446 -1.976972 0.000002 -0.000004 -0.000000 0.000000 0.000000
  447 -0.098851 -12.014878 0.599887 0.000000 -0.000000 0.000000
  448 0.000000 6.475166 8.877782 -2.200961 0.000249 0.000341
  449 -0.000001 0.000001 -0.000004 -0.000000 -0.000000 -0.000000
  450 0.000002 10.988300 -0.000002 2.200961 0.000422 0.000000
  451 -0.000000 -0.000001 -0.000002 -0.060252 -0.000000 -3.141593
  452 5.415063 14.066271 -42.799530 0.763959 -0.140446 1.520729
  453 16.612959 10.663446 0.094984 -0.003597 -0.000000 -0.000000
  454 -0.483102 -8.250682 -13.900933 0.000000 -0.000000 1.570796
  455 -3.564374 35.858246 -1.295021 0.191916 0.102882 -0.113641
  456 0.000001 -6.475159 -8.877786 0.000000 -0.000000 0.000000
  457 -0.000002 6.475163 8.877785 0.125089 0.000000 0.000000
  458 1.878117 12.014872 -0.599888 0.000000 0.000000 0.000000
  459 -3.953932 -0.000013 -0.000002 -0.000000 0.000000 0.000000
  460 1.976962 -0.000012 -0.000004 -0.000000 -0.000000 0.000000
  461 0.098850 -12.014873 0.599888 0.125089 0.000000 0.000000
  462 0.000000 6.475165 8.877788 -2.200961 -0.000249 -0.000341
  463 0.000001 0.000004 -0.000003 -0.000000 -0.000000 0.000000
  464 -0.000001 10.988304 0.000001 2.075872 -0.000422 0.000000
  465 0.000000 0.000000 0.000000 -0.060252 0.000000 -3.141593
  466 4.597365 -2.252136 -45.109482 0.763959 -0.140446 1.520729
  467 -18.421728 14.899473 -3.582024 -0.003597 -0.000000 -0.000000
  time 9
  0 0.000000 0.000000 -23.603888 0.000000 -0.000000 1.570796
  1 2.629915 7.051507 10.629075 -3.012046 -0.088967 -0.195770
  2 0.000000 10.999715 -0.000001 -0.031775 -0.003725 -0.092912
  3 -0.000001 6.753159 0.000000 -0.299983 -0.105435 -0.057123
  4 0.000001 8.544822 -0.000000 -0.160979 -0.081047 0.042811
  5 -0.000000 9.518034 0.000001 0.183300 0.049132 -0.035402
  6 0.000000 3.039637 -0.000000 0.194940 -0.108700 -0.021417
  7 0.000000 3.098963 0.000001 0.393544 -0.051519 -0.134418
  8 28.371111 -15.684233 20.084686 2.159790 0.290097 1.877270
  9 -39.854050 -26.274294 16.268526 0.666622 -1.828696 -0.663855
  10 21.116219 19.992117 0.980587 1.529802 2.182215 -0.078774
  11 -13.655472 23.286486 -2.075964 -0.639075 -0.470235 0.889273
  12 -1.789155 0.000000 28.175615 0.000000 -0.000000 1.570796
  13 0.000000 -0.000005 -41.671539 1.547899 0.000000 0.000000
  14 0.000002 -1.769386 12.121012 -0.036401 -0.197008 0.086161
  15 0.000001 -1.769388 12.121012 -0.320093 -0.094094 -0.075713
  16 0.000002 -1.769388 12.121012 -0.015977 -0.098893 0.041969
  17 0.000000 -0.000001 -0.000000 1.694062 -0.000001 -0.000000
  18 -0.000000 -6.753162 0.000002 -1.705464 0.053600 0.093117
  19 0.000000 -0.000000 0.000001 1.742380 0.000000 -0.000000
  20 -0.000000 -10.999715 0.000002 -0.000000 -0.000000 -0.000000
  21 0.000000 0.000000 -0.000000 -0.000000 0.000000 -0.000000
  22 0.000000 0.000000 0.000000 -1.341552 -1.993774 0.192913
  23 -0.000000 -0.000002 0.000001 -0.000000 0.000000 0.000000
  24 0.000000 0.000000 0.000000 -1.341552 1.993774 -0.192913
  25 -0.000000 -0.000002 0.000000 -0.000000 -0.000001 0.000000
  26 8.250684 -0.215594 2.184244 2.160811 0.826043 -0.414212
  27 0.000002 19.221909 -0.000001 1.616585 -0.000000 -0.000000
  28 -0.000003 15.577927 -0.000000 -1.892182 0.281002 0.063792
  29 -0.000289 10.987803 -0.001127 0.880380 -3.141170 -0.000000
  30 -1.873858 4.392860 10.061466 -0.000524 0.630165 -1.571105
  31 0.000001 0.000001 0.000002 -0.000000 0.000000 -0.000000
  32 0.000000 0.000000 0.000000 -0.000000 -0.000000 -0.000000
  33 -0.000002 -0.000001 -0.000001 -0.000000 0.000000 -0.000000
  34 0.000000 0.000000 0.000000 0.000000 0.000000 -0.000000
  35 -0.000004 7.788962 -0.000001 -0.000000 0.071389 -0.000000
  36 0.000000 0.000000 0.000000 0.000000 0.000204 0.000000
  37 -0.000001 -0.000004 -0.000000 -0.000000 0.000000 0.000000
  38 0.000000 9.610954 -0.000000 -0.000000 0.546945 -0.000000
  39 0.000000 0.000000 0.000000 -0.000000 0.000000 0.000000
  40 -8.250684 -0.215594 2.184245 2.351084 -0.715333 -0.240076
  41 0.000000 19.248627 0.000000 1.431133 0.000000 0.000000
  42 -0.000000 15.606902 0.000001 -1.902902 -0.292640 -0.258411
  43 0.000350 10.988043 -0.000844 0.915331 3.141171 -0.000000
  44 1.873863 4.392863 10.061480 0.000523 2.511427 1.571105
  45 0.000001 0.000002 -0.000000 -0.000000 0.000000 0.000000
  46 0.000000 0.000000 0.000000 0.000000 0.000000 -0.000000
  47 0.000001 0.000000 -0.000002 -0.000000 0.000000 0.000000
  48 0.000000 0.000000 0.000000 -0.000000 0.000000 -0.000000
  49 0.000001 7.803448 -0.000003 -0.000000 0.025558 -0.000000
  50 0.000000 0.000000 0.000000 -0.000000 -0.000205 0.000000
  51 0.000000 -0.000003 -0.000001 -0.000000 0.000000 0.000000
  52 0.000002 9.624313 -0.000004 0.000000 -0.311486 -0.000000
  53 0.000000 0.000000 0.000000 -0.000000 -0.000000 -0.000000
  54 8.250684 -0.215594 2.184241 2.903292 -0.000000 0.000000
  55 8.250684 -0.215594 2.184242 -1.742380 0.000000 0.000000
  56 0.000000 -0.000000 0.000000 -1.637513 0.000000 -0.000000
  57 0.000001 19.896324 -0.000000 0.140363 -0.000000 -0.000000
  58 -0.000000 16.264101 0.000001 -0.703810 -0.000322 0.000273
  59 0.000000 0.000000 0.000000 -0.000000 0.000000 -0.000000
  60 -0.000001 10.988297 -0.000003 0.880380 -3.141171 0.000000
  61 0.000000 0.000002 0.000000 0.000000 -0.000000 -0.000000
  62 0.000000 -0.000001 0.000000 -1.592763 0.200851 -0.002576
  63 0.000000 0.000001 0.000000 -0.699100 -0.883269 -0.000000
  64 -0.000002 19.221903 -0.000002 1.616585 -0.000000 -0.000000
  65 8.250684 -0.215593 2.184246 2.536188 0.144077 0.318857
  66 -0.000000 -0.000001 0.000001 0.000000 0.000000 -0.000000
  67 8.250683 -0.215593 2.184247 2.536188 0.144077 0.318858
  68 0.000000 9.610956 0.000001 -0.000000 -0.375301 0.000000
  69 -0.000002 9.610955 -0.000001 1.616586 -0.546946 -0.000000
  70 -0.000000 7.788960 0.000001 -0.000000 0.071593 -0.000000
  71 0.000001 7.788969 -0.000000 -1.896948 0.209577 0.062650
  72 0.000000 10.987826 -0.000001 0.880277 -3.141170 -0.000027
  73 -8.250684 -0.215594 2.184241 2.903292 -0.000000 0.000000
  74 -8.250684 -0.215593 2.184242 -1.742380 0.000000 0.000000
  75 0.000000 0.000000 0.000000 -1.637513 0.000000 0.000000
  76 -0.000000 19.896326 -0.000001 0.140363 0.000000 -0.000000
  77 -0.000000 16.264101 0.000001 -0.703810 0.000322 -0.000273
  78 0.000000 0.000000 0.000000 0.000000 0.000000 -0.000000
  79 -0.000001 10.988299 -0.000000 0.880380 3.141170 -0.000000
  80 0.000000 0.000000 0.000000 -0.000000 0.000000 0.000000
  81 -0.000000 -0.000001 -0.000000 -1.532058 0.346401 0.006149
  82 0.000000 0.000002 0.000000 -0.624990 0.669448 0.000000
  83 0.000002 19.248617 0.000001 1.431133 0.000000 0.000000
  84 -8.250684 -0.215593 2.184246 2.547634 -0.288617 -0.635369
  85 0.000000 -0.000001 0.000001 0.000000 -0.000000 0.000000
  86 -8.250683 -0.215593 2.184247 2.547633 -0.288617 -0.635369
  87 -0.000001 9.624310 -0.000001 0.000001 0.234675 0.000000
  88 0.000001 9.624314 0.000001 1.431132 0.311487 -0.000000
  89 -0.000001 7.803442 0.000001 0.000000 0.025354 0.000000
  90 0.000001 7.803457 0.000001 -1.896164 -0.317175 -0.260448
  91 0.000002 10.988066 -0.000003 0.915254 3.141171 0.000031
  92 -0.000000 0.000000 0.000001 -0.048317 0.000000 0.000000
  93 0.000000 0.000001 -0.000000 -0.000000 -0.000000 -0.000000
  94 -0.000000 -10.999715 0.000002 -0.000000 0.000000 -0.000000
  95 0.000001 -1.769389 12.121012 -0.160766 -0.044016 -0.041593
  96 -0.000000 -0.000001 -0.000000 1.538978 -0.000000 -0.000000
  97 0.000000 -0.000000 0.000001 0.231038 0.036870 0.033673
  98 0.000000 -0.000000 0.000000 -0.155084 -0.000000 -0.000000
  99 0.000000 -0.000000 -0.000000 -0.000000 0.000000 0.000000
  100 0.000002 8.544823 0.000004 -1.701578 -0.042933 0.042710
  101 0.000000 0.000000 -0.000000 1.542233 0.000000 -0.000000
  102 -0.000000 9.518035 0.000002 0.183300 0.049132 -0.035402
  103 0.000000 3.039637 -0.000000 0.194940 -0.108700 -0.021417
  104 -0.000000 3.098963 0.000000 0.393544 -0.051519 -0.134418
  105 -0.000000 9.518036 0.000001 -1.381421 0.049132 -0.035402
  106 0.000000 0.000000 0.000000 1.662547 0.000000 0.000000
  107 0.000000 6.109816 0.000001 -1.501779 0.044529 -0.041043
  108 0.000000 0.000000 0.000000 1.991214 0.095092 -0.199896
  109 0.000000 0.000000 0.000000 -0.097827 -0.000000 0.000000
  110 0.000000 -0.000000 0.000001 0.000000 0.000000 0.000000
  111 0.000000 3.025105 -0.296884 0.216272 -0.104797 -0.037212
  112 0.000000 0.000000 0.000000 0.095948 0.000000 0.000000
  113 0.000000 0.000000 0.000000 0.000000 0.000000 0.000000
  114 0.000000 -0.000000 -0.000000 -0.000000 0.000000 0.000000
  115 0.904462 6.782041 3.867488 -2.160332 -1.616667 0.451497
  116 0.010190 19.450806 -0.828333 0.205656 2.758337 1.259899
  117 -0.000002 19.556664 -0.000005 1.154381 0.000001 0.000000
  118 -0.000003 24.752186 0.000000 1.400167 -0.864473 -1.259437
  119 0.000000 0.000000 0.000000 0.000000 0.000001 0.000001
  120 0.000000 0.000000 0.000000 -0.000000 -0.000001 -0.000001
  121 0.000000 0.000004 -0.000001 -0.000000 -0.000000 -0.000000
  122 -0.000000 -0.000001 0.000000 0.000000 -0.000000 0.000000
  123 -0.000003 12.376095 -0.000001 -0.000000 -0.674786 0.000000
  124 -0.000000 -0.000000 0.000000 -0.000001 0.001371 -0.000001
  125 0.000000 0.000000 0.000000 -0.000000 -0.000000 0.000000
  126 -0.000003 9.778332 0.000001 -0.000000 -0.496823 0.000000
  127 0.000000 0.000000 0.000000 -0.000000 -0.000000 -0.000000
  128 -0.000000 0.000002 0.000000 0.000000 0.000000 -0.000000
  129 0.010189 19.450798 -0.828333 -1.068311 -0.458283 0.722012
  130 0.010191 19.450798 -0.828333 0.041386 -0.124298 1.319061
  131 0.000001 0.000002 0.000001 -1.332781 0.484537 -2.373637
  132 0.000001 20.126822 -0.000000 0.277335 0.000000 0.000000
  133 0.000007 25.356464 0.000001 0.198412 -0.005445 0.027074
  134 0.000000 0.000000 0.000000 -0.000000 0.000000 0.000000
  135 0.000002 0.000001 -0.000000 1.238177 2.509110 0.675734
  136 -0.000005 0.000003 0.000001 -0.653395 0.741083 0.000001
  137 -0.000000 19.556656 -0.000005 1.154381 0.000001 0.000000
  138 0.010191 19.450806 -0.828333 0.629135 1.898484 1.785399
  139 0.000000 0.000000 0.000000 -0.000000 -0.000000 -0.000000
  140 0.010191 19.450806 -0.828333 0.629136 1.898484 1.785400
  141 -0.000000 9.778330 0.000001 -0.000001 0.415041 -0.000000
  142 0.000000 9.778332 -0.000000 1.154381 0.496824 -0.000001
  143 -0.000000 12.376090 0.000002 -0.000000 -0.673414 -0.000000
  144 -0.000002 12.376087 -0.000001 0.662095 -0.490053 -0.775744
  145 0.838802 0.695165 1.002012 -0.146528 0.831651 0.111056
  146 0.301666 5.578675 0.009686 0.057776 -0.287169 0.072684
  147 -0.000000 5.184051 -0.000000 1.517486 -0.003806 0.022168
  148 -0.000000 5.576726 0.000000 1.394448 0.000644 -0.036172
  149 0.301666 5.578676 0.009687 0.057776 -0.287169 0.072684
  150 -0.000001 5.184050 -0.000001 1.517486 -0.003806 0.022168
  151 -0.000000 5.576726 0.000000 1.394448 0.000644 -0.036172
  152 0.301666 5.578671 0.009683 0.057776 -0.287169 0.072685
  153 0.000000 0.000000 -0.000000 0.000000 -0.000000 -0.000000
  154 0.301666 5.578674 0.009684 0.057776 -0.287169 0.072685
  155 0.000000 0.000000 0.000000 0.000000 -0.000000 -0.000000
  156 0.000004 5.184049 -0.000002 1.517486 -0.003806 0.022168
  157 0.000000 0.000000 0.000000 -0.000000 -0.000001 -0.000000
  158 -0.000000 5.576726 -0.000001 1.394448 0.000644 -0.036172
  159 0.000000 0.000000 0.000000 0.000000 -0.000000 -0.000000
  160 0.000003 9.158415 0.000001 3.141593 0.324016 -0.000000
  161 0.000001 -0.000002 -0.000001 0.000000 -0.000000 -0.000000
  162 0.000001 0.000001 -0.000002 -0.000000 0.000000 0.000000
  163 0.301666 5.578674 0.009685 0.057776 -0.287169 0.072684
  164 0.208221 1.308912 0.886645 -0.521836 0.710749 -0.438946
  165 -0.285499 4.547624 0.153070 0.177554 -0.296553 -0.038426
  166 0.000000 6.134692 0.000000 1.444921 -0.004721 0.048261
  167 -0.000000 5.142238 -0.000000 1.349144 0.000043 -0.073620
  168 -0.285499 4.547625 0.153071 0.177554 -0.296553 -0.038426
  169 0.000000 6.134692 0.000000 1.444921 -0.004721 0.048261
  170 -0.000000 5.142238 -0.000000 1.349144 0.000043 -0.073620
  171 -0.285498 4.547623 0.153067 0.177555 -0.296553 -0.038426
  172 -0.000000 0.000001 0.000000 -0.000000 -0.000000 0.000000
  173 -0.000000 0.000001 0.000000 -0.000000 -0.000000 0.000000
  174 -0.285498 4.547622 0.153068 0.177554 -0.296552 -0.038425
  175 0.000000 0.000000 0.000000 -0.000000 -0.000001 -0.000001
  176 0.000001 6.134692 -0.000001 1.444921 -0.004721 0.048261
  177 0.000000 0.000000 0.000000 -0.000000 -0.000001 -0.000001
  178 -0.000002 5.142238 0.000001 1.349144 0.000043 -0.073619
  179 0.000000 0.000000 0.000000 -0.000000 -0.000001 -0.000001
  180 -0.000003 9.920080 -0.000003 -3.141593 0.323205 0.000000
  181 0.000000 -0.000000 -0.000002 -0.000000 0.000000 0.000000
  182 0.000000 0.000001 0.000001 0.000000 -0.000000 0.000000
  183 -0.285498 4.547623 0.153069 0.177554 -0.296553 -0.038426
  184 -0.000000 0.000001 0.000000 -0.000000 -0.000000 0.000000
  185 1.229529 0.555896 1.288366 -0.746847 0.623235 -0.695221
  186 -0.993806 5.203122 -0.117817 0.207022 -0.080208 -0.208699
  187 0.000001 5.046766 0.000000 1.496661 0.005799 -0.038569
  188 0.000000 4.876212 0.000001 1.461797 -0.002098 0.057280
  189 -0.993806 5.203122 -0.117816 0.207022 -0.080208 -0.208699
  190 0.000000 5.046767 0.000001 1.496661 0.005799 -0.038569
  191 0.000000 4.876212 0.000001 1.461797 -0.002098 0.057280
  192 -0.993805 5.203121 -0.117820 0.207022 -0.080208 -0.208698
  193 0.000000 0.000000 0.000000 0.000000 -0.000000 0.000000
  194 0.000000 0.000000 0.000000 0.000000 -0.000000 0.000000
  195 -0.993805 5.203120 -0.117819 0.207022 -0.080209 -0.208698
  196 0.000000 0.000000 0.000000 0.000000 0.000000 -0.000000
  197 0.000003 5.046767 0.000000 1.496660 0.005799 -0.038570
  198 0.000000 0.000000 0.000000 -0.000000 0.000000 0.000000
  199 -0.000003 4.876212 0.000002 1.461797 -0.002099 0.057281
  200 0.000000 0.000000 0.000000 0.000000 -0.000001 -0.000000
  201 -0.000001 10.336260 0.000001 -3.141593 -0.095607 -0.000001
  202 -0.000000 -0.000000 -0.000002 0.000000 0.000000 0.000000
  203 -0.000000 0.000002 -0.000001 0.000000 -0.000000 0.000000
  204 -0.993806 5.203121 -0.117817 0.207022 -0.080208 -0.208699
  205 0.000000 0.000000 0.000000 0.000000 -0.000000 0.000000
  206 2.510272 0.335976 0.022942 -0.704386 0.728958 -0.808876
  207 -1.641634 3.934903 -0.600236 0.204092 -0.003080 -0.542466
  208 -0.000001 4.945987 -0.000000 1.457984 0.001323 -0.011933
  209 0.000001 6.128852 0.000001 1.506353 -0.001326 0.020280
  210 -1.641635 3.934904 -0.600235 0.204092 -0.003080 -0.542466
  211 -0.000001 4.945987 -0.000000 1.457984 0.001323 -0.011933
  212 0.000001 6.128852 0.000001 1.506353 -0.001326 0.020280
  213 -1.641636 3.934898 -0.600240 0.204092 -0.003080 -0.542466
  214 -0.000000 0.000000 -0.000000 -0.000000 -0.000000 0.000000
  215 -0.000000 0.000000 -0.000000 -0.000000 -0.000000 0.000000
  216 -1.641633 3.934901 -0.600238 0.204093 -0.003081 -0.542467
  217 0.000000 0.000000 0.000000 -0.000000 0.000001 0.000001
  218 -0.000001 4.945986 -0.000000 1.457984 0.001324 -0.011934
  219 0.000000 0.000000 0.000000 -0.000000 0.000001 0.000001
  220 0.000000 6.128852 0.000002 1.506353 -0.001326 0.020280
  221 0.000000 0.000000 0.000000 0.000000 0.000000 0.000000
  222 0.000001 8.781746 -0.000001 3.141593 -0.488191 -0.000000
  223 -0.000001 -0.000001 -0.000001 -0.000000 -0.000000 -0.000000
  224 -0.000002 0.000000 -0.000001 0.000000 -0.000000 0.000000
  225 -1.641634 3.934902 -0.600237 0.204092 -0.003080 -0.542466
  226 -0.000000 0.000000 -0.000000 -0.000000 -0.000000 0.000000
  227 0.777029 1.281751 1.958797 0.196514 0.598662 0.924076
  228 1.504124 3.750468 -0.207694 0.213321 0.019605 0.282980
  229 0.000000 4.879313 0.000000 1.469524 0.004530 -0.036921
  230 -0.000002 5.043318 0.000001 1.414027 -0.001208 0.055324
  231 1.504125 3.750468 -0.207694 0.213321 0.019605 0.282980
  232 0.000002 4.879310 -0.000001 1.469524 0.004530 -0.036921
  233 -0.000000 5.043320 0.000000 1.414027 -0.001208 0.055324
  234 1.504122 3.750463 -0.207701 0.213321 0.019605 0.282980
  235 0.000000 0.000000 0.000000 0.000000 -0.000000 -0.000000
  236 1.504122 3.750467 -0.207696 0.213321 0.019605 0.282979
  237 0.000000 0.000000 0.000000 -0.000000 0.000001 0.000001
  238 -0.000000 4.879313 -0.000001 1.469523 0.004531 -0.036922
  239 0.000000 0.000000 0.000000 0.000000 0.000000 0.000000
  240 -0.000001 5.043320 0.000002 1.414027 -0.001208 0.055324
  241 0.000000 0.000000 0.000000 -0.000000 0.000000 0.000000
  242 -0.000000 10.325292 -0.000002 3.141593 -0.093079 -0.000000
  243 0.000001 -0.000000 -0.000001 -0.000000 -0.000000 0.000000
  244 0.000001 0.000001 -0.000000 0.000000 0.000000 0.000000
  245 1.504123 3.750468 -0.207695 0.213321 0.019605 0.282980
  246 0.986052 0.947622 1.368041 0.166521 0.766158 0.595878
  247 0.979684 4.846803 -0.136306 0.036911 -0.459751 0.204801
  248 0.000002 4.968775 -0.000002 1.449464 0.003073 -0.030015
  249 0.000001 5.803466 0.000001 1.434898 -0.001678 0.049315
  250 0.979685 4.846803 -0.136306 0.036911 -0.459751 0.204801
  251 0.000003 4.968775 -0.000001 1.449464 0.003073 -0.030015
  252 0.000001 5.803466 0.000001 1.434898 -0.001678 0.049315
  253 0.979686 4.846798 -0.136310 0.036912 -0.459751 0.204801
  254 0.000000 0.000000 0.000000 -0.000000 -0.000000 0.000000
  255 0.979683 4.846801 -0.136308 0.036912 -0.459751 0.204801
  256 0.000000 0.000000 0.000000 -0.000000 -0.000000 -0.000000
  257 0.000003 4.968778 -0.000002 1.449463 0.003073 -0.030015
  258 0.000000 0.000000 0.000000 -0.000000 -0.000000 -0.000000
  259 -0.000002 5.803464 0.000000 1.434898 -0.001678 0.049316
  260 0.000000 0.000000 0.000000 -0.000000 -0.000000 0.000000
  261 0.000002 9.111454 0.000000 3.141592 0.806825 -0.000001
  262 0.000002 -0.000002 0.000000 0.000000 0.000000 -0.000000
  263 0.000000 -0.000001 -0.000001 -0.000000 -0.000000 0.000001
  264 0.979684 4.846802 -0.136307 0.036911 -0.459751 0.204800
  265 2.510272 0.335972 0.022942 -0.704386 0.728958 -0.808876
  266 2.510272 0.335972 0.022942 -0.704386 0.728958 -0.808876
  267 2.510272 0.335972 0.022942 -0.704386 0.728958 -0.808876
  268 -0.904462 6.782042 3.867488 -0.497023 1.664827 0.992432
  269 -0.010191 19.450798 -0.828333 0.152885 -0.291791 -0.255299
  270 -0.000006 19.366302 -0.000000 2.032862 -0.000000 0.000000
  271 0.000001 24.458071 0.000002 -0.063312 -0.053407 0.045799
  272 0.000000 0.000000 0.000000 0.000000 -0.000001 -0.000001
  273 0.000000 0.000000 0.000000 -0.000000 0.000001 0.000001
  274 -0.000003 -0.000002 -0.000002 -0.000000 0.000000 0.000000
  275 0.000000 -0.000002 0.000001 0.000000 0.000000 -0.000000
  276 -0.000002 12.229034 0.000001 0.000000 -0.027418 -0.000000
  277 0.000000 0.000000 0.000000 -0.000000 -0.001371 0.000001
  278 -0.000001 -0.000000 -0.000000 -0.000000 0.000000 0.000000
  279 -0.000007 9.683152 -0.000002 0.000000 -0.613570 0.000000
  280 0.000000 0.000000 0.000000 -0.000000 0.000000 0.000000
  281 -0.000001 0.000002 -0.000000 0.000000 -0.000000 0.000000
  282 -0.010188 19.450798 -0.828331 -1.068311 0.458284 -0.722012
  283 -0.010188 19.450798 -0.828332 0.041386 0.124298 -1.319061
  284 0.000000 0.000000 0.000000 -1.332781 -0.484537 2.373637
  285 -0.000002 20.126818 -0.000001 0.277335 -0.000000 -0.000000
  286 -0.000002 25.356459 0.000004 0.198412 0.005445 -0.027074
  287 0.000000 0.000000 0.000000 -0.000000 -0.000000 -0.000000
  288 -0.000000 -0.000001 -0.000000 1.333427 -0.405459 0.784918
  289 0.000000 0.000000 0.000000 -1.201743 0.314739 -0.000000
  290 -0.000008 19.366291 -0.000002 2.032862 -0.000000 0.000000
  291 -0.010192 19.450798 -0.828333 0.413253 -1.199108 -0.598866
  292 0.000000 0.000000 0.000000 -0.000000 0.000000 0.000000
  293 -0.010193 19.450798 -0.828334 0.413252 -1.199108 -0.598865
  294 0.000002 9.683150 0.000001 -0.000000 0.319297 -0.000000
  295 -0.000001 9.683158 -0.000000 2.032863 0.613569 0.000000
  296 -0.000001 12.229035 0.000003 -0.000000 -0.028789 -0.000000
  297 0.000001 12.229036 -0.000000 -0.061994 -0.024648 0.045748
  298 -0.838802 0.695159 1.002015 -0.146528 -0.831651 -0.111056
  299 -0.009549 6.222359 0.000316 0.057776 0.287169 -0.072685
  300 0.000000 5.184051 -0.000001 0.212659 0.003807 -0.022167
  301 0.000000 5.576723 -0.000000 0.089621 -0.000643 0.036171
  302 -0.009549 6.222359 0.000318 0.057776 0.287169 -0.072685
  303 0.000000 5.184051 -0.000001 0.212659 0.003807 -0.022167
  304 0.000000 5.576723 -0.000000 0.089621 -0.000643 0.036171
  305 -0.009551 6.222358 0.000307 0.057776 0.287169 -0.072685
  306 0.000000 0.000000 0.000000 -0.000000 0.000000 0.000000
  307 -0.009548 6.222360 0.000313 0.057776 0.287169 -0.072685
  308 0.000000 0.000000 0.000000 0.000000 0.000000 0.000000
  309 -0.000001 5.184051 -0.000001 0.212659 0.003806 -0.022168
  310 0.000000 0.000000 0.000000 0.000000 0.000000 0.000000
  311 -0.000002 5.576723 -0.000001 0.089621 -0.000643 0.036172
  312 0.000000 0.000000 0.000000 0.000000 0.000000 0.000000
  313 0.000002 9.158416 0.000000 3.141593 -0.324016 0.000000
  314 -0.000001 0.000000 0.000002 0.000000 -0.000000 -0.000000
  315 -0.000001 -0.000000 0.000002 -0.000000 0.000000 0.000000
  316 -0.009548 6.222359 0.000314 0.057776 0.287169 -0.072685
  317 -0.208222 1.308896 0.886651 -0.521836 -0.710749 0.438947
  318 0.008712 4.929709 0.004673 0.177555 0.296553 0.038426
  319 -0.000001 6.134691 0.000000 0.138557 0.004721 -0.048260
  320 0.000001 5.142241 0.000000 0.042782 -0.000042 0.073619
  321 0.008712 4.929705 0.004675 0.177555 0.296553 0.038426
  322 -0.000000 6.134687 -0.000000 0.138557 0.004721 -0.048260
  323 0.000000 5.142248 -0.000002 0.042782 -0.000042 0.073619
  324 0.008709 4.929724 0.004669 0.177555 0.296553 0.038426
  325 0.000000 0.000000 0.000000 -0.000000 0.000000 0.000000
  326 0.000000 0.000000 0.000000 -0.000000 0.000000 0.000000
  327 0.008712 4.929721 0.004672 0.177555 0.296552 0.038425
  328 0.000000 0.000000 0.000000 -0.000000 0.000001 0.000001
  329 -0.000004 6.134691 -0.000002 0.138558 0.004721 -0.048261
  330 0.000000 0.000000 0.000000 -0.000000 0.000001 0.000001
  331 -0.000004 5.142244 -0.000005 0.042781 -0.000043 0.073618
  332 0.000000 0.000000 0.000000 -0.000000 0.000001 0.000001
  333 -0.000003 9.920082 -0.000002 -3.141593 -0.323204 -0.000000
  334 -0.000001 0.000001 0.000001 -0.000000 0.000000 0.000000
  335 -0.000000 -0.000003 0.000002 -0.000001 0.000000 0.000001
  336 0.008712 4.929717 0.004673 0.177555 0.296553 0.038426
  337 0.000000 0.000000 0.000000 -0.000000 0.000000 0.000000
  338 -1.229525 0.555879 1.288381 -0.746848 -0.623235 0.695221
  339 0.031451 5.768286 -0.003724 0.207022 0.080209 0.208698
  340 0.000002 5.046763 -0.000000 0.191834 -0.005800 0.038570
  341 -0.000001 4.876210 0.000001 0.156970 0.002099 -0.057280
  342 0.031451 5.768286 -0.003723 0.207022 0.080209 0.208698
  343 0.000002 5.046763 0.000001 0.191834 -0.005800 0.038570
  344 -0.000001 4.876210 0.000001 0.156970 0.002099 -0.057280
  345 0.031455 5.768309 -0.003729 0.207022 0.080209 0.208698
  346 0.000000 0.000000 0.000000 0.000000 0.000000 -0.000000
  347 0.000000 0.000000 0.000000 0.000000 0.000000 -0.000000
  348 0.031454 5.768294 -0.003727 0.207022 0.080209 0.208698
  349 0.000000 0.000000 0.000000 0.000000 -0.000000 0.000000
  350 -0.000000 5.046763 0.000000 0.191834 -0.005800 0.038570
  351 0.000000 0.000000 0.000000 0.000000 -0.000000 -0.000000
  352 0.000000 4.876210 0.000001 0.156971 0.002099 -0.057281
  353 0.000000 0.000000 0.000000 -0.000000 0.000001 0.000001
  354 0.000002 10.336267 -0.000005 -3.141592 0.095607 0.000001
  355 -0.000000 -0.000003 0.000003 -0.000000 0.000000 -0.000000
  356 -0.000002 -0.000003 0.000003 0.000000 0.000000 -0.000000
  357 0.031452 5.768290 -0.003725 0.207022 0.080209 0.208698
  358 0.000000 0.000000 0.000000 0.000000 0.000000 -0.000000
  359 -2.510271 0.335963 0.022951 -0.704386 -0.728958 0.808876
  360 0.050086 4.174885 -0.018305 0.204093 0.003080 0.542467
  361 -0.000000 4.945985 0.000001 0.151620 -0.001324 0.011933
  362 -0.000000 6.128853 0.000001 0.199989 0.001326 -0.020281
  363 0.050086 4.174885 -0.018304 0.204093 0.003080 0.542467
  364 -0.000000 4.945985 0.000001 0.151620 -0.001324 0.011933
  365 -0.000000 6.128853 0.000001 0.199989 0.001326 -0.020281
  366 0.050084 4.174901 -0.018313 0.204093 0.003080 0.542466
  367 0.000000 0.000000 0.000000 0.000000 0.000000 -0.000000
  368 0.000000 0.000000 0.000000 0.000000 0.000000 -0.000000
  369 0.050088 4.174892 -0.018310 0.204093 0.003081 0.542467
  370 0.000000 0.000000 0.000000 -0.000000 -0.000001 -0.000001
  371 -0.000002 4.945985 0.000001 0.151621 -0.001324 0.011934
  372 0.000000 0.000000 0.000000 0.000000 -0.000001 -0.000001
  373 0.000001 6.128854 -0.000001 0.199990 0.001326 -0.020280
  374 0.000000 0.000000 0.000000 -0.000000 -0.000000 -0.000000
  375 0.000006 8.781754 -0.000004 -3.141593 0.488190 -0.000000
  376 -0.000000 0.000001 0.000001 -0.000001 -0.000000 -0.000001
  377 0.000001 -0.000000 0.000002 -0.000000 -0.000000 -0.000000
  378 0.050087 4.174889 -0.018307 0.204093 0.003080 0.542467
  379 0.000000 0.000000 0.000000 0.000000 0.000000 -0.000000
  380 -0.777027 1.281742 1.958801 0.196515 -0.598662 -0.924076
  381 -0.047613 4.469915 -0.006567 0.213321 -0.019605 -0.282980
  382 0.000000 4.879313 0.000002 0.164696 -0.004531 0.036922
  383 -0.000004 5.043321 -0.000002 0.109201 0.001208 -0.055325
  384 -0.047613 4.469915 -0.006567 0.213321 -0.019605 -0.282980
  385 0.000000 4.879313 0.000002 0.164696 -0.004531 0.036922
  386 -0.000004 5.043321 -0.000002 0.109201 0.001208 -0.055325
  387 -0.047609 4.469915 -0.006572 0.213321 -0.019605 -0.282980
  388 0.000000 0.000000 0.000000 0.000000 0.000000 -0.000000
  389 -0.047612 4.469916 -0.006568 0.213321 -0.019605 -0.282979
  390 0.000000 0.000000 0.000000 -0.000000 -0.000000 -0.000000
  391 0.000003 4.879314 0.000001 0.164697 -0.004531 0.036922
  392 0.000000 0.000000 0.000000 0.000000 -0.000000 -0.000000
  393 -0.000002 5.043320 -0.000001 0.109201 0.001208 -0.055324
  394 0.000000 0.000000 0.000000 0.000000 -0.000000 -0.000000
  395 0.000001 10.325292 0.000001 3.141593 0.093079 0.000000
  396 -0.000000 -0.000000 0.000002 0.000000 -0.000000 -0.000000
  397 -0.000000 -0.000001 0.000002 -0.000000 -0.000000 0.000000
  398 -0.047613 4.469915 -0.006567 0.213321 -0.019605 -0.282980
  399 -0.986052 0.947617 1.368043 0.166521 -0.766158 -0.595878
  400 -0.029886 5.467072 -0.004146 0.036912 0.459751 -0.204801
  401 0.000002 4.968776 0.000000 0.143100 -0.003073 0.030016
  402 0.000000 5.803463 0.000000 0.128534 0.001678 -0.049315
  403 -0.029886 5.467072 -0.004144 0.036912 0.459751 -0.204801
  404 0.000002 4.968776 0.000001 0.143100 -0.003073 0.030016
  405 0.000000 5.803463 0.000000 0.128534 0.001678 -0.049315
  406 -0.029889 5.467069 -0.004157 0.036912 0.459751 -0.204801
  407 0.000000 0.000000 0.000000 -0.000000 0.000000 -0.000000
  408 -0.029886 5.467072 -0.004150 0.036912 0.459751 -0.204801
  409 0.000000 0.000000 0.000000 -0.000000 0.000000 0.000000
  410 -0.000000 4.968780 -0.000000 0.143100 -0.003073 0.030016
  411 0.000000 0.000000 0.000000 0.000000 0.000000 0.000000
  412 0.000002 5.803462 0.000002 0.128535 0.001678 -0.049316
  413 0.000000 0.000000 0.000000 -0.000000 -0.000000 -0.000000
  414 -0.000000 9.111455 -0.000003 3.141592 -0.806826 0.000001
  415 -0.000002 -0.000002 0.000001 -0.000000 -0.000000 0.000000
  416 -0.000001 -0.000000 0.000001 0.000000 -0.000000 -0.000000
  417 -0.029885 5.467073 -0.004148 0.036912 0.459751 -0.204801
  418 -2.510271 0.335972 0.022944 -0.704386 -0.728958 0.808876
  419 -2.510271 0.335972 0.022944 -0.704386 -0.728958 0.808876
  420 -2.510271 0.335972 0.022944 -0.704386 -0.728958 0.808876
  421 8.463111 -0.489837 -2.120323 1.542233 -0.000000 -3.141593
  422 0.000000 -0.000001 0.000000 -0.000000 0.000000 -0.000000
  423 -8.463111 -0.489838 -2.120322 1.542233 -0.000000 -3.141592
  424 0.000000 -0.000001 0.000000 -0.000000 -0.000000 0.000000
  425 8.463111 -0.489835 -2.120324 1.542233 -0.000000 -3.141593
  426 -8.463111 -0.489838 -2.120323 1.542233 -0.000000 -3.141592
  427 0.904462 6.782042 3.867487 -2.160332 -1.616667 0.451497
  428 -0.904462 6.782042 3.867487 -0.497023 1.664827 0.992432
  429 0.000000 0.000000 0.000000 0.000000 0.000000 0.000000
  430 -2.384858 45.420403 15.540361 0.000000 -0.000000 1.570796
  431 -8.283930 3.979514 -26.107121 1.196144 2.656946 0.707623
  432 -0.000002 0.000004 -0.000002 0.000000 0.000000 -0.000000
  433 -18.949467 23.255146 9.447283 1.199943 0.348169 1.376445
  434 18.378080 17.372265 23.090246 0.636716 0.964784 -2.018134
  435 -2.384865 -45.420403 15.540361 0.000000 -0.000000 1.570796
  436 17.708870 -49.874805 -23.458694 -3.032141 -1.170735 0.345126
  437 -0.000003 -0.000004 0.000001 -0.000000 -0.000000 0.000000
  438 -21.432314 -20.808466 9.218740 1.138098 -0.108320 1.791544
  439 -21.976616 -20.074236 -6.112605 0.636716 -0.964785 2.018134
  440 -0.483101 8.250682 -13.900933 0.000000 -0.000000 1.570796
  441 2.741313 29.521839 -2.406796 0.820605 -0.766433 0.449708
  442 -0.000002 -6.475163 -8.877785 -0.000000 0.000000 -0.000000
  443 0.000002 6.475164 8.877785 -0.000000 0.000000 -0.000000
  444 -1.878117 12.014872 -0.599886 -0.000000 -0.000000 0.000000
  445 3.953932 -0.000001 -0.000002 0.000000 0.000000 0.000000
  446 -1.976971 0.000000 0.000001 -0.000000 0.000000 -0.000000
  447 -0.098851 -12.014861 0.599884 -0.000000 -0.000000 0.000000
  448 0.000000 6.475159 8.877778 -2.200961 0.000249 0.000341
  449 0.000000 0.000000 0.000000 0.000000 -0.000000 0.000000
  450 0.000007 10.988295 0.000001 2.200961 0.000423 -0.000001
  451 0.000000 0.000000 0.000000 -0.060252 -0.000000 3.141593
  452 -23.029182 17.829853 -52.414627 1.528760 -0.088967 1.375026
  453 22.822838 15.373161 0.026010 -0.003598 0.000000 -0.000000
  454 -0.483102 -8.250682 -13.900933 0.000000 -0.000000 1.570796
  455 -0.675208 35.075550 -2.761621 0.755196 0.507827 -0.318020
  456 -0.000001 -6.475165 -8.877783 0.000000 0.000000 -0.000000
  457 -0.000001 6.475164 8.877783 0.034951 0.000000 0.000000
  458 1.878126 12.014872 -0.599894 0.000000 0.000000 -0.000000
  459 -3.953928 -0.000002 -0.000006 -0.000000 -0.000000 0.000000
  460 1.976971 -0.000011 -0.000009 0.000000 0.000000 0.000000
  461 0.098847 -12.014870 0.599889 0.034951 0.000000 0.000000
  462 0.000003 6.475160 8.877787 -2.200961 -0.000249 -0.000341
  463 0.000004 0.000001 -0.000003 -0.000000 -0.000000 -0.000000
  464 -0.000003 10.988299 0.000005 2.166010 -0.000422 0.000000
  465 0.000000 0.000000 0.000000 -0.060252 0.000001 3.141593
  466 -26.226372 1.707708 -53.880772 1.528760 -0.088967 1.375026
  467 -23.718613 20.639631 -4.770231 -0.003598 0.000000 -0.000000
  time 10
  0 0.000000 0.000000 -23.603888 0.000000 -0.000000 1.570796
  1 2.654373 7.047674 10.627297 -3.012160 -0.089041 -0.197505
  2 -0.000000 10.999709 -0.000000 -0.031645 -0.003754 -0.093770
  3 -0.000000 6.753160 -0.000000 -0.133303 -0.086531 -0.097653
  4 0.000001 8.544819 0.000000 0.003255 -0.018974 0.000000
  5 -0.000000 9.518031 -0.000000 0.022488 0.000000 -0.000000
  6 0.000000 3.039644 0.000001 0.195124 -0.116923 -0.023052
  7 -0.000000 3.098958 -0.000001 0.484199 -0.094360 -0.101805
  8 29.052038 -5.081046 8.950261 1.781743 -0.183171 1.769269
  9 -38.313435 -33.913849 4.628256 -0.196052 -1.849352 0.244242
  10 16.800579 24.286509 5.682396 1.059601 1.965112 -0.746780
  11 -15.241543 24.301506 1.716169 -0.436764 -0.667094 0.996673
  12 -1.789155 0.000000 28.175615 0.000000 -0.000000 1.570796
  13 0.000000 -0.000005 -41.671539 1.547899 0.000000 0.000000
  14 0.000002 -1.769386 12.121012 -0.036682 -0.198737 0.086227
  15 0.000001 -1.769386 12.121012 -0.000000 0.000000 -0.000000
  16 0.000002 -1.769388 12.121012 -0.016095 -0.099760 0.041983
  17 0.000000 -0.000001 -0.000000 1.694062 -0.000000 0.000000
  18 -0.000000 -6.753159 0.000004 -1.705534 0.053716 0.093978
  19 0.000000 -0.000000 0.000001 1.742379 0.000000 -0.000000
  20 -0.000000 -10.999710 0.000002 0.000000 -0.000000 -0.000000
  21 0.000000 0.000000 -0.000000 -0.000000 -0.000000 -0.000000
  22 0.000000 0.000000 0.000000 -1.341552 -1.993774 0.192913
  23 -0.000001 -0.000003 0.000001 0.000000 0.000000 0.000000
  24 0.000000 0.000000 0.000000 -1.341552 1.993774 -0.192913
  25 0.000001 -0.000002 0.000000 -0.000000 -0.000000 0.000000
  26 8.250679 -0.215592 2.184242 2.435878 1.065047 -0.546124
  27 0.000003 19.619911 -0.000003 0.569957 -0.000000 -0.000000
  28 -0.000001 15.986642 0.000002 -0.450294 -0.173365 -0.121386
  29 0.001023 10.982195 -0.001167 0.880380 -3.141171 0.000000
  30 -1.873872 4.392861 10.061481 -0.000523 0.630166 -1.571104
  31 -0.000000 -0.000000 0.000001 0.000000 -0.000000 0.000000
  32 0.000000 0.000000 0.000000 0.000000 0.000000 -0.000000
  33 -0.000002 0.000002 -0.000001 -0.000000 -0.000000 0.000000
  34 0.000000 0.000000 0.000000 -0.000000 -0.000000 -0.000000
  35 -0.000004 7.993322 -0.000000 0.000000 -0.071857 -0.000000
  36 0.000000 0.000000 0.000000 -0.000000 0.000204 -0.000000
  37 -0.000002 -0.000005 -0.000001 -0.000000 -0.000000 -0.000000
  38 -0.000003 9.809957 -0.000003 0.000000 0.585041 -0.000000
  39 0.000000 0.000000 0.000000 -0.000000 0.000000 -0.000000
  40 -8.250682 -0.215593 2.184246 1.602002 -1.225731 0.704607
  41 -0.000001 19.230963 0.000002 1.528463 0.000000 0.000000
  42 0.000002 15.587824 0.000003 -0.859101 0.260379 0.292266
  43 -0.000447 10.987234 -0.000204 0.880380 3.141171 -0.000000
  44 1.873872 4.392866 10.061486 0.000523 2.511427 1.571104
  45 -0.000001 0.000000 0.000002 -0.000000 0.000000 -0.000000
  46 -0.000000 0.000000 -0.000000 0.000000 -0.000000 0.000000
  47 0.000002 0.000002 -0.000002 0.000000 -0.000000 -0.000000
  48 0.000000 0.000000 0.000000 -0.000000 0.000000 0.000000
  49 0.000003 7.793913 -0.000001 0.000000 0.060111 0.000000
  50 0.000000 0.000000 0.000000 0.000000 -0.000205 -0.000000
  51 0.000002 -0.000005 -0.000001 -0.000000 0.000000 0.000000
  52 0.000003 9.615481 -0.000001 0.000000 -0.762394 -0.000000
  53 0.000000 0.000000 0.000000 -0.000000 -0.000000 0.000000
  54 8.250680 -0.215593 2.184237 2.903292 -0.000000 0.000000
  55 8.250680 -0.215592 2.184238 -1.742380 0.000000 0.000000
  56 0.000000 -0.000001 0.000001 -1.637513 -0.000000 -0.000000
  57 -0.000003 19.896324 -0.000001 0.140363 -0.000000 0.000000
  58 0.000002 16.264105 0.000000 -0.703810 -0.000322 0.000273
  59 0.000000 0.000000 0.000000 -0.000000 0.000000 0.000000
  60 -0.000000 10.988296 0.000002 0.880380 -3.141170 0.000000
  61 0.000000 0.000002 0.000000 0.000000 -0.000000 -0.000000
  62 0.000000 -0.000002 0.000001 -1.614054 0.142415 -0.003343
  63 -0.000000 0.000001 0.000000 -0.255089 -1.136474 -0.000000
  64 0.000001 19.619905 -0.000004 0.569957 -0.000000 -0.000000
  65 8.250679 -0.215592 2.184244 2.821865 0.024727 0.086262
  66 0.000000 -0.000001 -0.000000 0.000000 -0.000000 0.000000
  67 8.250680 -0.215590 2.184245 2.821865 0.024727 0.086262
  68 -0.000001 9.809958 -0.000001 0.000001 -0.560792 -0.000000
  69 0.000001 9.809956 0.000000 0.569957 -0.585042 0.000001
  70 0.000000 7.993318 0.000000 0.000000 -0.071653 -0.000001
  71 0.000001 7.993324 0.000000 -0.459106 -0.102275 -0.120271
  72 -0.000000 10.982215 -0.000001 0.880273 -3.141171 0.000094
  73 -8.250680 -0.215595 2.184240 2.903292 -0.000000 0.000000
  74 -8.250680 -0.215594 2.184241 -1.742380 0.000000 0.000000
  75 -0.000000 -0.000001 -0.000000 -1.637513 -0.000000 0.000000
  76 -0.000001 19.896324 0.000000 0.140363 0.000000 0.000000
  77 -0.000000 16.264105 0.000000 -0.703810 0.000322 -0.000273
  78 0.000000 0.000000 0.000000 -0.000000 -0.000000 0.000000
  79 0.000000 10.988297 0.000000 0.880380 3.141171 -0.000000
  80 0.000000 0.000000 0.000000 -0.000000 0.000000 0.000000
  81 -0.000000 -0.000003 -0.000000 -1.664457 0.135805 -0.006619
  82 -0.000001 -0.000000 0.000000 -0.664264 1.313795 0.000001
  83 -0.000002 19.230963 0.000001 1.528463 0.000000 0.000000
  84 -8.250682 -0.215593 2.184247 2.786249 -0.238142 -0.745713
  85 -0.000001 -0.000002 0.000000 0.000000 -0.000000 -0.000000
  86 -8.250681 -0.215590 2.184246 2.786249 -0.238142 -0.745712
  87 0.000000 9.615484 -0.000001 0.000001 0.543827 0.000000
  88 0.000002 9.615484 0.000001 1.528462 0.762395 -0.000000
  89 -0.000000 7.793910 0.000000 0.000001 0.059906 0.000000
  90 -0.000000 7.793915 0.000001 -0.876727 0.203008 0.288247
  91 -0.000002 10.987257 0.000001 0.880361 3.141171 -0.000041
  92 0.000000 -0.000000 0.000000 -0.048317 -0.000000 -0.000000
  93 -0.000000 0.000000 -0.000000 -0.000000 -0.000000 -0.000000
  94 -0.000000 -10.999710 0.000002 -0.000000 -0.000000 -0.000000
  95 0.000001 -1.769388 12.121012 -0.000000 -0.000000 -0.000000
  96 0.000000 -0.000001 -0.000000 1.538978 0.000000 -0.000000
  97 0.000000 -0.000000 0.000001 0.148574 0.019139 0.050609
  98 0.000000 -0.000000 0.000000 -0.155084 0.000000 0.000000
  99 0.000000 -0.000000 0.000000 -0.000000 -0.000000 -0.000000
  100 0.000001 8.544819 0.000003 -1.538979 0.000000 0.000000
  101 0.000000 0.000000 -0.000000 1.542233 0.000000 -0.000000
  102 -0.000000 9.518033 0.000001 0.022488 0.000000 -0.000000
  103 0.000000 3.039644 -0.000000 0.195124 -0.116923 -0.023052
  104 -0.000000 3.098960 0.000001 0.484199 -0.094360 -0.101805
  105 -0.000000 9.518033 -0.000000 -1.542233 0.000000 0.000000
  106 0.000000 0.000000 0.000000 1.662547 0.000000 -0.000000
  107 -0.000000 6.109817 0.000001 -1.662547 0.000000 0.000000
  108 0.000000 0.000000 -0.000000 2.230552 0.139276 -0.191719
  109 0.000000 0.000000 0.000000 -0.097827 0.000000 0.000000
  110 0.000000 0.000000 0.000001 0.000000 0.000000 -0.000000
  111 0.000000 3.025111 -0.296884 0.338292 -0.107116 -0.054025
  112 -0.000000 -0.000000 0.000000 0.095948 0.000000 -0.000000
  113 -0.000000 0.000000 -0.000001 0.000000 0.000000 0.000000
  114 0.000000 -0.000000 -0.000000 -0.000000 -0.000000 -0.000000
  115 0.904463 6.782040 3.867488 -2.152468 -1.617439 0.443613
  116 0.010196 19.450796 -0.828334 -1.992210 0.522546 -1.861863
  117 -0.000003 20.002386 0.000003 0.458393 0.000000 0.000000
  118 0.000004 25.229452 0.000002 -0.249271 -0.870016 0.631127
  119 0.000000 0.000000 0.000000 0.000000 0.000001 0.000001
  120 0.000000 0.000000 0.000000 -0.000000 -0.000001 -0.000001
  121 0.000001 0.000002 -0.000000 -0.000000 -0.000000 -0.000000
  122 -0.000000 -0.000002 -0.000002 0.000000 -0.000000 0.000000
  123 0.000003 12.614725 0.000003 -0.000000 -0.454174 0.000000
  124 -0.000000 -0.000000 0.000000 -0.000001 0.001371 -0.000000
  125 0.000000 0.000000 0.000000 -0.000000 -0.000000 -0.000000
  126 -0.000000 10.001192 0.000002 -0.000001 -0.363671 0.000000
  127 0.000000 0.000000 0.000000 -0.000000 -0.000000 -0.000000
  128 -0.000000 0.000002 0.000000 0.000000 0.000000 -0.000000
  129 0.010190 19.450794 -0.828332 -1.068311 -0.458283 0.722012
  130 0.010192 19.450794 -0.828334 0.041386 -0.124298 1.319061
  131 0.000000 0.000000 0.000000 -1.332781 0.484537 -2.373637
  132 -0.000003 20.126825 0.000002 0.277335 0.000000 0.000000
  133 0.000004 25.356461 -0.000001 0.198412 -0.005445 0.027074
  134 0.000000 0.000000 0.000000 -0.000000 0.000000 0.000000
  135 0.000001 -0.000002 -0.000000 -1.424566 0.389677 -2.502424
  136 0.000000 0.000000 0.000000 -0.256155 0.606476 -0.000000
  137 -0.000004 20.002382 0.000004 0.458393 0.000000 0.000000
  138 0.010196 19.450796 -0.828334 -1.493528 0.654907 -1.003622
  139 0.000000 0.000000 0.000000 -0.000000 -0.000000 -0.000000
  140 0.010196 19.450796 -0.828334 -1.493528 0.654907 -1.003622
  141 -0.000001 10.001186 0.000000 -0.000000 0.354058 0.000000
  142 -0.000001 10.001194 0.000002 0.458393 0.363671 -0.000000
  143 0.000002 12.614723 0.000001 -0.000001 -0.452802 0.000000
  144 0.000004 12.614721 -0.000000 0.045637 -0.477497 0.442713
  145 0.838801 0.695161 1.002013 -0.146529 0.831651 0.111056
  146 -0.000003 6.243387 0.000005 0.057776 -0.287169 0.072685
  147 0.000001 5.184048 -0.000000 0.170011 -0.003807 0.022167
  148 -0.000003 5.576730 -0.000000 0.046973 0.000643 -0.036172
  149 -0.000003 6.243387 0.000005 0.057776 -0.287169 0.072685
  150 0.000001 5.184048 -0.000000 0.170011 -0.003807 0.022167
  151 -0.000003 5.576730 -0.000000 0.046973 0.000643 -0.036172
  152 -0.000002 6.243393 0.000000 0.057776 -0.287169 0.072685
  153 0.000000 0.000000 0.000000 -0.000000 -0.000000 -0.000000
  154 -0.000003 6.243387 0.000004 0.057776 -0.287169 0.072685
  155 0.000000 0.000000 0.000000 -0.000000 -0.000000 -0.000000
  156 -0.000001 5.184047 0.000000 0.170011 -0.003806 0.022168
  157 0.000000 0.000000 0.000000 0.000000 -0.000000 -0.000000
  158 -0.000001 5.576726 -0.000000 0.046973 0.000643 -0.036172
  159 0.000000 0.000000 0.000000 0.000000 -0.000000 -0.000000
  160 0.000002 9.158417 0.000002 3.141592 0.324016 -0.000001
  161 -0.000002 0.000004 0.000001 0.000000 -0.000000 -0.000000
  162 0.000000 0.000000 0.000002 -0.000000 0.000000 0.000000
  163 -0.000003 6.243387 0.000005 0.057776 -0.287169 0.072685
  164 0.208223 1.308905 0.886647 -0.521836 0.710749 -0.438947
  165 -0.000002 4.941742 -0.000001 0.177555 -0.296553 -0.038426
  166 -0.000000 6.134694 -0.000000 0.097446 -0.004722 0.048259
  167 -0.000001 5.142237 0.000000 0.001670 0.000042 -0.073619
  168 -0.000002 4.941742 -0.000001 0.177555 -0.296553 -0.038426
  169 -0.000000 6.134694 -0.000000 0.097446 -0.004722 0.048259
  170 -0.000001 5.142237 0.000000 0.001670 0.000042 -0.073619
  171 0.000002 4.941751 0.000000 0.177555 -0.296553 -0.038426
  172 0.000000 0.000000 0.000000 0.000000 -0.000000 -0.000000
  173 0.000000 0.000000 0.000000 0.000000 -0.000000 -0.000000
  174 -0.000001 4.941745 -0.000000 0.177555 -0.296552 -0.038425
  175 0.000000 0.000000 0.000000 -0.000000 -0.000001 -0.000001
  176 -0.000001 6.134694 0.000001 0.097447 -0.004721 0.048261
  177 0.000000 0.000000 0.000000 -0.000000 -0.000001 -0.000001
  178 0.000004 5.142237 -0.000002 0.001670 0.000043 -0.073619
  179 0.000000 0.000000 0.000000 -0.000000 -0.000001 -0.000001
  180 0.000002 9.920084 0.000000 -3.141593 0.323205 0.000000
  181 0.000000 0.000000 0.000000 0.000000 0.000000 -0.000000
  182 -0.000004 0.000001 0.000003 -0.000000 0.000000 -0.000001
  183 -0.000001 4.941744 -0.000000 0.177555 -0.296553 -0.038426
  184 0.000000 0.000000 0.000000 0.000000 -0.000000 -0.000000
  185 1.229535 0.555887 1.288360 -0.746848 0.623235 -0.695222
  186 -0.000004 5.786780 0.000006 0.207022 -0.080209 -0.208698
  187 0.000000 5.046764 0.000000 0.149186 0.005800 -0.038571
  188 -0.000000 4.876215 -0.000000 0.114322 -0.002099 0.057281
  189 -0.000004 5.786780 0.000006 0.207022 -0.080209 -0.208698
  190 0.000000 5.046764 0.000000 0.149186 0.005800 -0.038571
  191 -0.000000 4.876215 -0.000000 0.114322 -0.002099 0.057281
  192 -0.000003 5.786784 -0.000001 0.207022 -0.080209 -0.208698
  193 0.000000 0.000000 -0.000002 0.000000 -0.000000 -0.000000
  194 0.000000 0.000000 -0.000002 0.000000 -0.000000 -0.000000
  195 -0.000004 5.786781 0.000002 0.207022 -0.080209 -0.208698
  196 0.000000 0.000000 0.000000 0.000000 0.000000 -0.000000
  197 -0.000003 5.046767 -0.000001 0.149186 0.005800 -0.038570
  198 0.000000 0.000000 0.000000 -0.000000 0.000000 0.000000
  199 0.000002 4.876214 -0.000000 0.114323 -0.002099 0.057281
  200 0.000000 0.000000 0.000000 0.000000 -0.000001 -0.000000
  201 -0.000003 10.336267 -0.000003 -3.141593 -0.095607 -0.000001
  202 0.000003 -0.000004 0.000003 -0.000000 0.000000 0.000000
  203 -0.000004 0.000001 0.000002 0.000000 0.000000 -0.000001
  204 -0.000004 5.786781 0.000004 0.207022 -0.080209 -0.208698
  205 0.000000 0.000000 -0.000002 0.000000 -0.000000 -0.000000
  206 2.510276 0.335971 0.022936 -0.704386 0.728957 -0.808876
  207 -0.000005 4.182457 0.000004 0.204093 -0.003080 -0.542465
  208 -0.000001 4.945989 0.000000 0.110509 0.001325 -0.011934
  209 0.000001 6.128850 0.000001 0.158878 -0.001326 0.020281
  210 -0.000005 4.182457 0.000004 0.204093 -0.003080 -0.542465
  211 -0.000001 4.945989 0.000000 0.110509 0.001325 -0.011934
  212 0.000001 6.128850 0.000001 0.158878 -0.001326 0.020281
  213 -0.000001 4.182455 0.000001 0.204092 -0.003080 -0.542466
  214 0.000000 0.000002 0.000000 0.000000 -0.000000 -0.000000
  215 0.000000 0.000002 0.000000 0.000000 -0.000000 -0.000000
  216 -0.000005 4.182457 0.000004 0.204093 -0.003081 -0.542467
  217 0.000000 0.000000 0.000000 -0.000000 0.000001 0.000001
  218 -0.000003 4.945987 0.000001 0.110509 0.001324 -0.011934
  219 0.000000 0.000000 0.000000 -0.000000 0.000001 0.000001
  220 0.000003 6.128852 0.000001 0.158878 -0.001326 0.020280
  221 0.000000 0.000000 0.000000 0.000000 0.000000 0.000000
  222 0.000001 8.781747 0.000002 -3.141593 -0.488191 -0.000000
  223 -0.000004 -0.000001 0.000001 0.000000 0.000000 -0.000000
  224 -0.000000 0.000000 0.000002 0.000000 0.000000 -0.000000
  225 -0.000005 4.182457 0.000004 0.204093 -0.003080 -0.542465
  226 0.000000 0.000002 0.000000 0.000000 -0.000000 -0.000000
  227 0.777027 1.281750 1.958799 0.196514 0.598662 0.924076
  228 -0.000002 4.493425 0.000008 0.213321 0.019605 0.282980
  229 0.000000 4.879313 0.000000 0.122049 0.004531 -0.036922
  230 0.000000 5.043315 -0.000000 0.066553 -0.001208 0.055324
  231 -0.000002 4.493425 0.000008 0.213321 0.019605 0.282980
  232 0.000000 4.879313 0.000000 0.122049 0.004531 -0.036922
  233 0.000000 5.043315 -0.000000 0.066553 -0.001208 0.055324
  234 -0.000000 4.493426 0.000001 0.213321 0.019605 0.282979
  235 0.000000 0.000000 0.000000 -0.000000 -0.000000 -0.000000
  236 -0.000002 4.493425 0.000005 0.213321 0.019605 0.282979
  237 0.000000 0.000000 0.000000 -0.000000 0.000000 0.000000
  238 -0.000002 4.879313 0.000000 0.122048 0.004531 -0.036922
  239 0.000000 0.000000 0.000000 0.000000 0.000000 0.000000
  240 0.000000 5.043315 0.000001 0.066553 -0.001208 0.055324
  241 0.000000 0.000000 0.000000 0.000000 0.000000 0.000000
  242 -0.000000 10.325293 -0.000001 3.141593 -0.093079 -0.000000
  243 -0.000000 0.000000 0.000002 -0.000000 -0.000000 0.000000
  244 -0.000000 0.000000 0.000002 0.000000 -0.000000 -0.000000
  245 -0.000002 4.493425 0.000007 0.213321 0.019605 0.282980
  246 0.986050 0.947618 1.368044 0.166521 0.766158 0.595878
  247 -0.000003 5.486592 -0.000001 0.036912 -0.459751 0.204800
  248 -0.000001 4.968772 0.000000 0.101988 0.003072 -0.030015
  249 0.000000 5.803461 0.000000 0.087423 -0.001678 0.049315
  250 -0.000003 5.486592 -0.000001 0.036912 -0.459751 0.204800
  251 -0.000001 4.968772 0.000000 0.101988 0.003072 -0.030015
  252 0.000000 5.803461 0.000000 0.087423 -0.001678 0.049315
  253 0.000001 5.486586 -0.000001 0.036912 -0.459751 0.204801
  254 0.000000 0.000000 0.000000 0.000000 -0.000000 -0.000000
  255 -0.000001 5.486593 -0.000001 0.036912 -0.459751 0.204801
  256 0.000000 0.000000 0.000000 -0.000000 -0.000000 -0.000000
  257 0.000002 4.968776 -0.000001 0.101988 0.003073 -0.030015
  258 0.000000 0.000000 0.000000 -0.000000 -0.000000 -0.000000
  259 -0.000001 5.803465 -0.000000 0.087423 -0.001678 0.049316
  260 0.000000 0.000000 0.000000 -0.000000 0.000000 0.000000
  261 0.000001 9.111453 0.000001 3.141592 0.806825 -0.000001
  262 0.000002 0.000000 0.000001 0.000000 -0.000000 0.000000
  263 0.000002 0.000000 -0.000001 -0.000000 -0.000000 0.000000
  264 -0.000003 5.486592 -0.000001 0.036912 -0.459751 0.204800
  265 2.510270 0.335974 0.022941 -0.704386 0.728957 -0.808876
  266 2.510270 0.335974 0.022941 -0.704386 0.728957 -0.808876
  267 2.510270 0.335974 0.022941 -0.704386 0.728957 -0.808876
  268 -0.904463 6.782040 3.867488 -0.641229 1.675480 0.849247
  269 -0.010192 19.450796 -0.828332 0.306896 -0.189392 -0.093039
  270 -0.000000 19.384544 -0.000004 1.734443 -0.000000 -0.000000
  271 0.000004 24.515574 0.000004 0.431236 -0.870660 -0.217984
  272 0.000000 0.000000 0.000000 -0.000000 -0.000001 -0.000001
  273 0.000000 0.000000 0.000000 -0.000000 0.000001 0.000001
  274 -0.000004 0.000000 0.000000 -0.000000 0.000000 0.000000
  275 0.000000 0.000000 0.000000 0.000000 0.000000 0.000000
  276 0.000000 12.257791 -0.000001 0.000001 -0.447949 -0.000001
  277 0.000000 0.000000 0.000000 -0.000001 -0.001371 0.000001
  278 -0.000002 -0.000000 0.000000 -0.000000 0.000000 0.000000
  279 -0.000005 9.692273 -0.000003 -0.000000 -0.581225 0.000000
  280 0.000002 0.000000 -0.000001 -0.000000 0.000000 0.000000
  281 0.000000 0.000002 -0.000000 0.000000 -0.000000 -0.000000
  282 -0.010188 19.450796 -0.828331 -1.068311 0.458283 -0.722012
  283 -0.010190 19.450796 -0.828331 0.041385 0.124298 -1.319061
  284 0.000001 0.000002 0.000000 -1.332781 -0.484537 2.373637
  285 -0.000001 20.126822 0.000002 0.277335 -0.000000 -0.000000
  286 0.000001 25.356464 0.000000 0.198412 0.005445 -0.027073
  287 0.000000 0.000000 0.000000 0.000000 -0.000000 -0.000000
  288 0.000000 0.000000 0.000000 1.346443 -0.375692 0.667983
  289 0.000000 0.000000 0.000000 -1.004055 0.590574 -0.000000
  290 -0.000004 19.384527 -0.000002 1.734443 -0.000000 -0.000000
  291 -0.010194 19.450796 -0.828332 0.653022 -1.060632 -0.622078
  292 0.000000 0.000000 0.000000 -0.000000 0.000000 0.000000
  293 -0.010196 19.450796 -0.828332 0.653021 -1.060631 -0.622077
  294 0.000002 9.692268 0.000001 0.000000 0.372909 -0.000000
  295 -0.000000 9.692271 -0.000001 1.734443 0.581225 0.000000
  296 -0.000000 12.257790 0.000001 0.000000 -0.449321 -0.000000
  297 0.000001 12.257781 0.000000 0.327775 -0.428609 -0.153805
  298 -0.838799 0.695161 1.002018 -0.146528 -0.831651 -0.111056
  299 0.000007 6.243392 0.000007 0.057776 0.287169 -0.072685
  300 0.000001 5.184050 0.000000 0.170011 0.003807 -0.022167
  301 0.000001 5.576727 -0.000000 0.046973 -0.000643 0.036172
  302 0.000008 6.243392 0.000009 0.057776 0.287169 -0.072685
  303 0.000001 5.184050 0.000000 0.170011 0.003807 -0.022167
  304 0.000001 5.576727 -0.000000 0.046973 -0.000643 0.036172
  305 -0.000001 6.243395 -0.000001 0.057776 0.287169 -0.072685
  306 0.000000 0.000000 0.000000 -0.000000 0.000000 0.000000
  307 0.000007 6.243392 0.000003 0.057776 0.287169 -0.072685
  308 0.000000 0.000000 0.000000 0.000000 0.000000 0.000000
  309 0.000003 5.184050 0.000001 0.170011 0.003806 -0.022168
  310 0.000000 0.000000 0.000000 0.000000 0.000000 0.000000
  311 0.000000 5.576725 -0.000000 0.046973 -0.000643 0.036172
  312 0.000000 0.000000 0.000000 0.000000 0.000000 0.000000
  313 0.000001 9.158420 -0.000000 3.141593 -0.324016 0.000000
  314 -0.000001 -0.000000 0.000002 -0.000000 -0.000000 -0.000000
  315 0.000000 0.000000 0.000000 -0.000000 -0.000000 -0.000000
  316 0.000007 6.243392 0.000005 0.057776 0.287169 -0.072685
  317 -0.208216 1.308905 0.886653 -0.521836 -0.710749 0.438946
  318 -0.000004 4.941744 0.000008 0.177555 0.296553 0.038426
  319 -0.000002 6.134691 -0.000000 0.097446 0.004722 -0.048260
  320 -0.000001 5.142238 0.000000 0.001670 -0.000042 0.073619
  321 -0.000004 4.941744 0.000008 0.177555 0.296553 0.038426
  322 -0.000002 6.134691 -0.000000 0.097446 0.004722 -0.048260
  323 -0.000001 5.142238 0.000000 0.001670 -0.000042 0.073619
  324 0.000002 4.941749 -0.000000 0.177555 0.296553 0.038426
  325 0.000000 0.000000 0.000000 -0.000000 0.000000 -0.000000
  326 0.000000 0.000000 0.000000 -0.000000 0.000000 -0.000000
  327 -0.000005 4.941745 0.000004 0.177555 0.296552 0.038425
  328 0.000000 0.000000 0.000000 -0.000000 0.000001 0.000001
  329 -0.000002 6.134692 -0.000000 0.097447 0.004721 -0.048261
  330 0.000000 0.000000 0.000000 -0.000000 0.000001 0.000001
  331 -0.000003 5.142238 -0.000002 0.001670 -0.000043 0.073619
  332 0.000000 0.000000 0.000000 -0.000000 0.000001 0.000001
  333 -0.000001 9.920080 0.000002 -3.141593 -0.323204 -0.000000
  334 0.000002 0.000001 0.000000 0.000000 0.000000 0.000000
  335 -0.000000 0.000000 0.000002 -0.000000 -0.000000 0.000000
  336 -0.000004 4.941744 0.000006 0.177555 0.296553 0.038426
  337 0.000000 0.000000 0.000000 -0.000000 0.000000 -0.000000
  338 -1.229516 0.555887 1.288377 -0.746848 -0.623235 0.695221
  339 -0.000001 5.786793 0.000002 0.207022 0.080208 0.208699
  340 -0.000002 5.046768 0.000000 0.149185 -0.005800 0.038569
  341 -0.000000 4.876215 0.000000 0.114323 0.002099 -0.057280
  342 -0.000001 5.786793 0.000002 0.207022 0.080208 0.208699
  343 -0.000002 5.046768 0.000000 0.149185 -0.005800 0.038569
  344 -0.000000 4.876215 0.000000 0.114323 0.002099 -0.057280
  345 -0.000002 5.786789 -0.000000 0.207022 0.080209 0.208698
  346 0.000000 0.000000 0.000000 0.000000 0.000000 0.000000
  347 0.000000 0.000000 0.000000 0.000000 0.000000 0.000000
  348 -0.000001 5.786793 0.000002 0.207022 0.080209 0.208698
  349 0.000000 0.000000 0.000000 0.000000 -0.000000 -0.000000
  350 -0.000004 5.046768 0.000001 0.149186 -0.005800 0.038570
  351 0.000000 0.000000 0.000000 -0.000000 -0.000000 -0.000000
  352 0.000000 4.876215 -0.000001 0.114323 0.002099 -0.057281
  353 0.000000 0.000000 0.000000 0.000000 0.000001 0.000000
  354 -0.000000 10.336264 -0.000001 -3.141593 0.095607 0.000001
  355 0.000000 0.000001 0.000002 -0.000000 -0.000000 0.000000
  356 -0.000002 0.000000 0.000002 -0.000000 -0.000000 -0.000000
  357 -0.000001 5.786793 0.000002 0.207022 0.080208 0.208699
  358 0.000000 0.000000 0.000000 0.000000 0.000000 0.000000
  359 -2.510265 0.335974 0.022950 -0.704386 -0.728958 0.808876
  360 0.000006 4.182444 0.000003 0.204093 0.003080 0.542466
  361 -0.000001 4.945988 0.000000 0.110509 -0.001324 0.011933
  362 0.000002 6.128864 -0.000001 0.158879 0.001326 -0.020280
  363 0.000006 4.182444 0.000003 0.204093 0.003080 0.542466
  364 -0.000001 4.945988 0.000000 0.110509 -0.001324 0.011933
  365 0.000004 6.128864 -0.000001 0.158879 0.001326 -0.020280
  366 0.000001 4.182451 -0.000001 0.204092 0.003080 0.542466
  367 0.000000 0.000000 0.000000 0.000000 0.000000 0.000000
  368 0.000000 0.000000 0.000000 0.000000 0.000000 0.000000
  369 0.000006 4.182444 0.000001 0.204093 0.003081 0.542467
  370 0.000000 0.000000 0.000000 -0.000000 -0.000001 -0.000001
  371 -0.000000 4.945988 0.000000 0.110509 -0.001324 0.011934
  372 0.000000 0.000000 0.000000 -0.000000 -0.000001 -0.000001
  373 0.000002 6.128856 -0.000002 0.158878 0.001326 -0.020280
  374 0.000000 0.000000 0.000000 0.000000 -0.000000 -0.000000
  375 0.000000 8.781741 0.000001 -3.141593 0.488190 -0.000000
  376 0.000000 0.000000 0.000000 0.000000 0.000000 -0.000000
  377 0.000000 0.000000 0.000002 -0.000000 0.000000 -0.000000
  378 0.000006 4.182444 0.000003 0.204093 0.003080 0.542466
  379 0.000000 0.000000 0.000000 0.000000 0.000000 0.000000
  380 -0.777025 1.281752 1.958799 0.196515 -0.598662 -0.924076
  381 0.000001 4.493430 -0.000000 0.213321 -0.019605 -0.282980
  382 0.000000 4.879313 -0.000000 0.122049 -0.004531 0.036921
  383 -0.000000 5.043318 -0.000000 0.066553 0.001208 -0.055325
  384 0.000001 4.493430 -0.000000 0.213321 -0.019605 -0.282980
  385 0.000000 4.879313 -0.000000 0.122049 -0.004531 0.036921
  386 -0.000000 5.043318 -0.000000 0.066553 0.001208 -0.055325
  387 0.000001 4.493428 -0.000000 0.213321 -0.019605 -0.282979
  388 0.000000 0.000000 0.000000 0.000000 0.000000 0.000000
  389 0.000001 4.493430 -0.000000 0.213321 -0.019605 -0.282979
  390 0.000000 0.000000 0.000000 -0.000000 -0.000000 -0.000001
  391 0.000000 4.879313 0.000000 0.122048 -0.004531 0.036922
  392 0.000000 0.000000 0.000000 0.000000 -0.000000 -0.000000
  393 -0.000000 5.043318 0.000000 0.066553 0.001208 -0.055324
  394 0.000000 0.000000 0.000000 0.000000 -0.000000 -0.000000
  395 0.000004 10.325293 -0.000002 3.141593 0.093079 0.000000
  396 0.000000 -0.000001 0.000002 -0.000000 -0.000000 -0.000000
  397 0.000000 0.000000 0.000002 0.000000 0.000000 0.000000
  398 0.000001 4.493430 -0.000000 0.213321 -0.019605 -0.282980
  399 -0.986049 0.947619 1.368042 0.166521 -0.766159 -0.595879
  400 0.000002 5.486590 0.000011 0.036912 0.459751 -0.204802
  401 0.000003 4.968776 0.000001 0.101988 -0.003073 0.030017
  402 -0.000000 5.803463 -0.000000 0.087423 0.001678 -0.049316
  403 0.000002 5.486590 0.000011 0.036912 0.459751 -0.204802
  404 0.000003 4.968776 0.000001 0.101988 -0.003073 0.030017
  405 -0.000000 5.803463 -0.000000 0.087423 0.001678 -0.049316
  406 -0.000002 5.486590 0.000002 0.036912 0.459751 -0.204801
  407 0.000000 0.000000 0.000000 0.000000 0.000000 0.000000
  408 0.000002 5.486590 0.000009 0.036912 0.459751 -0.204801
  409 0.000000 0.000000 0.000000 -0.000000 0.000000 0.000000
  410 0.000004 4.968778 0.000003 0.101988 -0.003073 0.030015
  411 0.000000 0.000000 0.000000 -0.000000 0.000000 0.000000
  412 -0.000003 5.803463 -0.000001 0.087423 0.001678 -0.049316
  413 0.000000 0.000000 0.000000 -0.000000 -0.000000 -0.000000
  414 -0.000000 9.111453 -0.000001 3.141592 -0.806826 0.000001
  415 -0.000001 -0.000002 0.000002 -0.000000 0.000000 0.000000
  416 -0.000001 0.000000 0.000002 -0.000000 -0.000000 0.000000
  417 0.000002 5.486590 0.000011 0.036912 0.459751 -0.204802
  418 -2.510268 0.335972 0.022943 -0.704386 -0.728958 0.808876
  419 -2.510268 0.335972 0.022943 -0.704386 -0.728958 0.808876
  420 -2.510268 0.335972 0.022943 -0.704386 -0.728958 0.808876
  421 8.463113 -0.489838 -2.120324 1.542233 0.000000 3.141593
  422 0.000000 -0.000001 0.000000 -0.000000 -0.000000 0.000000
  423 -8.463112 -0.489832 -2.120321 1.542233 -0.000000 -3.141593
  424 0.000000 -0.000002 0.000000 0.000000 -0.000000 -0.000000
  425 8.463113 -0.489838 -2.120325 1.542233 0.000000 3.141593
  426 -8.463112 -0.489834 -2.120323 1.542233 -0.000000 -3.141593
  427 0.904463 6.782040 3.867486 -2.152468 -1.617439 0.443613
  428 -0.904463 6.782040 3.867486 -0.641229 1.675480 0.849247
  429 -0.000000 0.000000 -0.000001 0.000000 0.000000 0.000000
  430 -2.384858 45.420403 15.540361 0.000000 -0.000000 1.570796
  431 -7.892003 15.620109 -35.788368 0.219597 2.424625 -0.676999
  432 0.000002 -0.000001 0.000004 0.000000 0.000000 -0.000000
  433 -11.025279 18.163803 20.949572 1.547899 0.292023 1.570796
  434 18.378073 17.372269 23.090242 0.636717 0.964784 -2.018134
  435 -2.384865 -45.420403 15.540361 0.000000 -0.000000 1.570796
  436 19.746410 -57.241272 -36.075920 -2.910045 -0.684463 0.671471
  437 0.000007 -0.000000 0.000001 -0.000000 -0.000000 0.000000
  438 -10.451947 -26.477709 16.687597 1.432663 -0.287634 1.820467
  439 -22.496937 -27.072983 -8.492888 0.636717 -0.964785 2.018134
  440 -0.483101 8.250682 -13.900933 0.000000 -0.000000 1.570796
  441 4.873449 39.353428 -3.776511 2.333794 -1.335634 -0.382194
  442 -0.000001 -6.475163 -8.877785 -0.000000 -0.000000 0.000000
  443 0.000001 6.475164 8.877785 -0.000000 -0.000000 -0.000000
  444 -1.878119 12.014872 -0.599888 -0.000000 -0.000000 0.000000
  445 3.953931 0.000000 -0.000000 -0.000000 -0.000000 -0.000000
  446 -1.976972 -0.000006 0.000001 -0.000000 -0.000000 -0.000000
  447 -0.098853 -12.014874 0.599889 0.000000 -0.000000 -0.000000
  448 0.000000 6.475164 8.877782 -2.200961 0.000249 0.000341
  449 -0.000002 -0.000000 0.000000 -0.000000 -0.000000 0.000000
  450 0.000000 10.988305 -0.000000 2.200961 0.000422 0.000000
  451 0.000000 0.000000 0.000000 -0.060252 -0.000000 -3.141593
  452 -22.993830 17.884140 -52.417633 1.528646 -0.089041 1.373291
  453 30.578022 21.254856 -0.060123 -0.003598 -0.000000 -0.000000
  454 -0.483102 -8.250682 -13.900933 0.000000 -0.000000 1.570796
  455 4.951062 33.551353 -5.617631 2.695818 1.131726 0.548261
  456 0.000001 -6.475165 -8.877788 0.000000 -0.000000 0.000000
  457 -0.000001 6.475166 8.877787 0.000000 -0.000000 0.000000
  458 1.878121 12.014879 -0.599889 -0.000000 -0.000000 -0.000000
  459 -3.953933 0.000003 0.000001 0.000000 0.000000 0.000000
  460 1.976968 0.000001 0.000004 -0.000000 -0.000000 -0.000000
  461 0.098855 -12.014882 0.599890 0.000000 -0.000000 0.000000
  462 -0.000000 6.475170 8.877790 -2.200961 -0.000249 -0.000341
  463 0.000002 -0.000000 -0.000001 -0.000000 0.000000 0.000000
  464 0.000000 10.988312 -0.000003 2.200960 -0.000422 0.000000
  465 0.000000 0.000000 0.000000 -0.060252 0.000000 3.141593
  466 -26.218962 1.767676 -53.884987 1.528646 -0.089041 1.373291
  467 -30.333584 27.808191 -6.254139 -0.003598 -0.000000 -0.000000
end
