version 1
nodes
0 "All.005" -1
1 "ForearmIK.L" 0
2 "UpperarmIK.L" 0
3 "ForearmIK.R" 0
4 "UpperarmIK.R" 0
5 "Torso.000" 0
6 "Spine.000" 5
7 "Spine.001" 6
8 "Spine.002" 7
9 "Spine.003" 8
10 "Spine.004" 9
11 "Spine.005" 10
12 "Spine.006" 11
13 "Spine.007" 12
14 "TentclH.L.003" 13
15 "TentclH.L.002" 14
16 "TentclH.L.001" 15
17 "TentclH1.L.000" 16
18 "TentclH1.L.001" 17
19 "TentclH1.L.002" 18
20 "TentclH1.L.003" 19
21 "TentclH2.L.000" 16
22 "TentclH2.L.001" 21
23 "TentclH2.L.002" 22
24 "TentclH2.L.003" 23
25 "TentclH3.L.000" 16
26 "TentclH3.L.001" 25
27 "TentclH3.L.002" 26
28 "TentclH3.L.003" 27
29 "TentclH.R.003" 13
30 "TentclH.R.002" 29
31 "TentclH.R.001" 30
32 "TentclH1.R.000" 31
33 "TentclH1.R.001" 32
34 "TentclH1.R.002" 33
35 "TentclH1.R.003" 34
36 "TentclH2.R.000" 31
37 "TentclH2.R.001" 36
38 "TentclH2.R.002" 37
39 "TentclH2.R.003" 38
40 "TentclH3.R.000" 31
41 "TentclH3.R.001" 40
42 "TentclH3.R.002" 41
43 "TentclH3.R.003" 42
44 "Arm.L.001" 10
45 "Arm.L.002" 44
46 "Arm.L.005" 45
47 "Arm.L.006" 46
48 "Arm.L.007" 47
49 "Finger.L.004" 48
50 "Finger.L.005" 49
51 "Finger.L.001" 48
52 "Finger.L.000" 51
53 "Finger.L.002" 48
54 "Finger.L.003" 53
55 "Finger.L.006" 47
56 "Finger.L.007" 55
57 "Arm.R.001" 10
58 "Arm.R.002" 57
59 "Arm.R.005" 58
60 "Arm.R.006" 59
61 "Arm.R.007" 60
62 "Finger.R.004" 61
63 "Finger.R.005" 62
64 "Finger.R.001" 61
65 "Finger.R.000" 64
66 "Finger.R.002" 61
67 "Finger.R.003" 66
68 "Finger.R.006" 60
69 "Finger.R.007" 68
70 "TentclB.R.000" 8
71 "TentclB.R.001" 70
72 "TentclB.R.002" 71
73 "TentclB.R.003" 72
74 "TentclB.L.000" 8
75 "TentclB.L.001" 74
76 "TentclB.L.002" 75
77 "TentclB.L.003" 76
78 "UpperTent.R.000" 8
79 "UpperTent.L.000" 8
80 "TentcBIK.R.000" 8
81 "TentcBIK.L.000" 8
82 "HndCtrl.L.000" 0
83 "HndCtrl.L.001" 82
84 "HndCtrl.R.000" 0
85 "HndCtrl.R.001" 84
end
skeleton
  time 0
  0 18.195469 -0.072209 345.967377 1.570796 -0.000000 3.141593
  1 3.257168 -174.504364 -339.797211 -1.570796 -1.570796 0.000000
  2 41.136833 -174.769760 -181.499969 -1.570796 -1.570796 0.000000
  3 3.257220 -174.504395 339.885712 -1.570796 -1.570796 0.000000
  4 41.136864 -174.769760 181.588501 -1.570796 -1.570796 0.000000
  5 -56.486095 -335.245575 0.051621 -1.570796 1.570796 0.000000
  6 -0.000002 -56.486099 -0.000000 1.570796 -0.000000 -3.141593
  7 0.000000 32.302853 0.000002 0.000000 -0.000000 -0.000000
  8 0.000000 34.389362 0.000000 -0.000000 0.000000 0.000271
  9 0.000002 27.110136 0.000001 0.000000 0.000000 -0.000176
  10 0.000001 38.788429 -0.000000 -0.000000 0.000040 -0.000004
  11 0.000002 40.587605 0.000002 -0.001808 -0.006764 -0.002348
  12 -0.000009 24.940540 0.000002 0.058261 0.006720 0.002269
  13 0.000001 17.791584 0.000002 0.076699 -0.000000 0.000000
  14 -18.960360 29.781376 12.096864 -1.423324 2.996876 0.205663
  15 0.000002 15.654117 0.000003 -0.015260 -0.182263 0.173373
  16 0.000001 18.581171 0.000000 -0.000000 0.000000 0.000000
  17 4.067183 22.808771 2.410890 0.000000 -0.000000 0.000000
  18 0.000003 32.306095 0.000000 0.000000 0.000000 0.000000
  19 0.000001 33.416813 0.000000 -0.000000 0.000000 0.000000
  20 0.000001 25.522022 0.000001 -0.000000 0.000000 0.000000
  21 -3.114324 23.027323 2.596345 0.000000 -0.000000 0.000000
  22 0.000001 32.306103 0.000000 -0.000000 0.000000 0.000000
  23 0.000001 33.416821 0.000001 -0.000000 0.000000 0.000000
  24 0.000003 25.522007 0.000001 -0.000000 0.000000 0.000000
  25 0.628903 23.027323 -3.075210 0.000000 -0.000000 0.000000
  26 0.000003 32.306103 0.000000 -0.000000 0.000000 0.000000
  27 0.000001 33.416821 0.000001 -0.000000 0.000000 0.000000
  28 0.000001 25.522007 0.000001 -0.000000 0.000000 0.000000
  29 18.861868 29.781376 12.096857 -1.423323 -2.996876 -0.205663
  30 0.000004 15.654119 0.000003 -0.015260 0.182263 -0.173373
  31 -0.000001 18.581160 0.000000 -0.000000 -0.000000 0.000000
  32 -4.067184 22.808771 2.410889 0.000000 0.000000 0.000000
  33 0.000003 32.306103 0.000000 0.000000 0.000000 0.000000
  34 0.000001 33.416821 0.000000 -0.000000 0.000000 -0.000000
  35 0.000001 25.522022 0.000000 -0.000000 -0.000000 0.000000
  36 3.114328 23.027323 2.596344 0.000000 0.000000 0.000000
  37 0.000001 32.306110 0.000000 -0.000000 0.000000 -0.000000
  38 -0.000003 33.416828 0.000000 -0.000000 -0.000000 0.000000
  39 0.000001 25.522007 0.000000 -0.000000 -0.000000 0.000000
  40 -0.628902 23.027323 -3.075210 0.000000 0.000000 0.000000
  41 0.000001 32.306110 0.000000 -0.000000 0.000000 -0.000000
  42 -0.000001 33.416828 0.000000 -0.000000 -0.000000 0.000000
  43 -0.000001 25.522007 0.000000 -0.000000 -0.000000 0.000000
  44 0.000002 40.587605 0.000002 -2.196538 1.525512 -0.490529
  45 0.000001 58.152225 -0.000005 -0.095972 -3.098519 0.020246
  46 -0.000001 124.040390 -0.000011 -0.043495 0.459174 -0.052751
  47 0.000003 158.302200 -0.000007 -0.271337 -2.195071 0.306193
  48 0.000012 12.421126 -0.000002 -0.007952 -0.001991 -0.076528
  49 12.733319 21.965263 -6.596066 -0.958620 -1.435748 0.563943
  50 -0.000000 14.996453 0.000010 -0.004372 0.001334 0.102867
  51 -10.850956 19.295546 -1.254966 0.154314 -1.494618 0.412090
  52 0.000001 11.953236 -0.000007 -0.029617 -0.007440 0.381228
  53 0.592626 23.062977 -4.960666 -0.183002 -1.504237 0.282996
  54 0.000002 7.840456 -0.000002 -0.032666 0.016484 0.157203
  55 -17.577877 10.771931 1.287352 -0.067106 -3.106054 0.889097
  56 -0.000002 9.450189 -0.000003 1.570798 1.234317 1.581942
  57 0.000002 40.587605 0.000002 -2.196875 -1.525609 0.490719
  58 -0.000002 58.166763 -0.000004 -0.095939 3.098486 -0.020235
  59 -0.000000 124.040436 -0.000014 -0.043495 -0.459174 0.052751
  60 0.000000 158.302170 -0.000008 -0.271337 2.195071 -0.306193
  61 -0.000005 12.421155 -0.000001 -0.007952 0.001991 0.076528
  62 -12.733324 21.965233 -6.596073 -0.958618 1.435748 -0.563942
  63 0.000001 14.996453 0.000011 -0.004372 -0.001334 -0.102867
  64 10.850959 19.295546 -1.254962 0.154316 1.494617 -0.412089
  65 0.000002 11.953205 0.000001 -0.029617 0.007440 -0.381228
  66 -0.592623 23.062973 -4.960666 -0.183001 1.504237 -0.282996
  67 0.000002 7.840425 -0.000006 -0.032666 -0.016484 -0.157203
  68 17.577879 10.771927 1.287352 -0.067106 3.106054 -0.889097
  69 0.000019 9.450210 -0.000003 1.570797 -1.234317 -1.581941
  70 30.706047 25.966080 28.162121 1.570796 -0.000000 3.141322
  71 0.000004 21.459730 0.000001 0.018263 -0.000000 -0.000000
  72 -0.000005 53.415695 0.000000 -0.018263 0.000000 0.000000
  73 0.000003 41.685047 0.000002 -0.122571 0.000001 -0.000000
  74 -30.706663 25.982718 28.162111 1.570796 -0.000000 3.141322
  75 0.000004 21.459730 0.000001 0.018263 0.000000 -0.000000
  76 -0.000002 53.415703 0.000000 -0.018263 -0.000000 0.000000
  77 0.000005 41.685040 0.000002 -0.122571 -0.000001 0.000000
  78 30.688999 -36.950371 49.621853 -3.141593 -0.000000 -0.000271
  79 -30.723711 -36.933735 49.621845 -3.141593 -0.000000 -0.000271
  80 30.706293 26.941528 103.028648 0.000000 0.000000 -0.000271
  81 -30.706413 26.958174 103.028648 -0.000000 -0.000000 -0.000271
  82 3.257178 -83.615295 -120.727753 0.000000 -1.570796 0.000000
  83 0.000000 16.827728 0.000000 0.000000 -0.000000 0.000000
  84 3.257196 -83.615311 120.816299 -0.000000 -1.570796 0.000000
  85 -0.000002 16.827730 0.000001 0.000000 0.000000 0.000000
end
triangles
boss
  6 -19.272894 0.002666 10.156672 -0.998544 -0.000000 0.053943 0.197965 0.994693 1 6 1.000000
  7 -6.183240 35.614460 43.736847 -0.781301 0.624153 0.001181 0.162548 0.870734 3 7 0.785753 6 0.207158 70 0.007089
  6 -7.997304 35.614460 10.156672 -0.775407 0.630071 0.041889 0.162548 0.994693 1 6 1.000000
boss
  6 19.224380 50.365353 10.156672 -0.006717 0.999946 0.007969 0.133526 0.994693 2 6 0.993946 70 0.006054
  6 46.446072 35.614464 43.736847 0.786603 0.617019 0.023306 0.104505 0.870734 2 6 0.505734 7 0.494266
  6 46.446072 35.614464 10.156672 0.770976 0.636864 0.000000 0.104505 0.994693 1 6 1.000000
boss
  6 19.224380 50.365353 10.156672 -0.006717 0.999946 0.007969 0.133526 0.994693 2 6 0.993946 70 0.006054
  7 -6.183240 35.614460 43.736847 -0.781301 0.624153 0.001181 0.162548 0.870734 3 7 0.785753 6 0.207158 70 0.007089
  7 19.224380 50.365353 43.736847 0.009357 0.999953 0.002608 0.133526 0.870734 2 7 0.700432 6 0.299568
boss
  6 57.721664 0.002672 10.156672 0.998135 0.000000 0.061046 0.069088 0.994693 1 6 1.000000
  6 46.446072 35.614464 43.736847 0.786603 0.617019 0.023306 0.104505 0.870734 2 6 0.505734 7 0.494266
  7 53.847404 0.002671 43.736847 0.998645 0.000000 0.052046 0.069088 0.870734 2 7 0.501070 6 0.498930
boss
  7 -6.183240 35.614460 43.736847 -0.781301 0.624153 0.001181 0.162548 0.870734 3 7 0.785753 6 0.207158 70 0.007089
  8 14.110190 50.365353 76.516830 -0.094512 0.995162 -0.026821 0.133526 0.737922 2 8 0.749409 7 0.250591
  7 19.224380 50.365353 43.736847 0.009357 0.999953 0.002608 0.133526 0.870734 2 7 0.700432 6 0.299568
boss
  7 53.847404 0.002671 43.736847 0.998645 0.000000 0.052046 0.069088 0.870734 2 7 0.501070 6 0.498930
  8 47.430977 34.136192 90.714348 0.722074 0.615455 -0.315951 0.102291 0.693651 3 8 0.668348 7 0.209052 70 0.122600
  8 54.089447 0.002671 76.516830 0.999853 0.000000 -0.017134 0.069088 0.746776 3 8 0.489130 7 0.477669 9 0.033201
boss
  7 -17.458830 0.002666 43.736847 -0.999767 -0.000000 0.021605 0.197965 0.870734 3 7 0.836904 6 0.162398 9 0.000698
  8 -6.544658 35.614460 76.516830 -0.802083 0.593694 -0.064733 0.160335 0.737922 2 8 0.783170 7 0.216830
  7 -6.183240 35.614460 43.736847 -0.781301 0.624153 0.001181 0.162548 0.870734 3 7 0.785753 6 0.207158 70 0.007089
boss
  6 46.446072 35.614464 43.736847 0.786603 0.617019 0.023306 0.104505 0.870734 2 6 0.505734 7 0.494266
  8 14.110190 50.365353 76.516830 -0.094512 0.995162 -0.026821 0.133526 0.737922 2 8 0.749409 7 0.250591
  8 47.430977 34.136192 90.714348 0.722074 0.615455 -0.315951 0.102291 0.693651 3 8 0.668348 7 0.209052 70 0.122600
boss
  8 14.110190 50.365353 76.516830 -0.094512 0.995162 -0.026821 0.133526 0.737922 2 8 0.749409 7 0.250591
  9 39.421562 41.916882 104.060051 0.384562 0.921398 -0.056017 0.111145 0.640526 3 9 0.772900 70 0.190171 10 0.036930
  8 47.430977 34.136192 90.714348 0.722074 0.615455 -0.315951 0.102291 0.693651 3 8 0.668348 7 0.209052 70 0.122600
boss
  8 14.110190 50.365353 76.516830 -0.094512 0.995162 -0.026821 0.133526 0.737922 2 8 0.749409 7 0.250591
  9 -11.652894 35.614460 110.558182 -0.783909 0.615641 -0.080452 0.162548 0.605109 4 9 0.725402 8 0.156401 57 0.095140 7 0.023058
  9 16.344095 50.365353 104.060051 -0.054427 0.998513 0.003035 0.133526 0.640526 4 9 0.741367 8 0.143123 57 0.079736 7 0.035773
boss
  8 54.089447 0.002671 76.516830 0.999853 0.000000 -0.017134 0.069088 0.746776 3 8 0.489130 7 0.477669 9 0.033201
  9 50.089001 18.783524 104.060051 0.972802 -0.209806 -0.098173 0.089010 0.640526 4 9 0.403064 8 0.375446 70 0.219045 7 0.002445
  8 56.318535 0.002672 104.060051 0.999768 0.000000 -0.021547 0.069088 0.640526 3 8 0.487401 9 0.447635 7 0.064964
boss
  8 -17.820250 0.002666 76.516830 -0.996716 -0.000000 -0.080979 0.197965 0.737922 2 8 0.826894 7 0.173106
  9 -11.652894 35.614460 110.558182 -0.783909 0.615641 -0.080452 0.162548 0.605109 4 9 0.725402 8 0.156401 57 0.095140 7 0.023058
  8 -6.544658 35.614460 76.516830 -0.802083 0.593694 -0.064733 0.160335 0.737922 2 8 0.783170 7 0.216830
boss
  9 -12.657508 35.614460 145.999222 -0.901870 0.425824 0.072822 0.164762 0.472297 4 9 0.366930 10 0.366382 57 0.254869 70 0.011818
  9 -11.652894 35.614460 110.558182 -0.783909 0.615641 -0.080452 0.162548 0.605109 4 9 0.725402 8 0.156401 57 0.095140 7 0.023058
  10 -23.933100 0.002666 145.999222 -0.997082 -0.000000 0.076337 0.197965 0.481151 4 10 0.680807 9 0.282152 11 0.023450 8 0.013591
boss
  9 16.344095 50.365353 133.206345 0.000122 0.980844 -0.194796 0.133526 0.525422 4 9 0.438087 57 0.352958 10 0.191049 8 0.017906
  57 37.001026 45.047390 151.780029 0.733809 0.676951 -0.057119 0.113359 0.463442 4 57 0.441420 10 0.349661 9 0.180370 58 0.028548
  9 39.421562 41.916882 104.060051 0.384562 0.921398 -0.056017 0.111145 0.640526 3 9 0.772900 70 0.190171 10 0.036930
boss
  9 -11.652894 35.614460 110.558182 -0.783909 0.615641 -0.080452 0.162548 0.605109 4 9 0.725402 8 0.156401 57 0.095140 7 0.023058
  9 16.344095 50.365353 133.206345 0.000122 0.980844 -0.194796 0.133526 0.525422 4 9 0.438087 57 0.352958 10 0.191049 8 0.017906
  9 16.344095 50.365353 104.060051 -0.054427 0.998513 0.003035 0.133526 0.640526 4 9 0.741367 8 0.143123 57 0.079736 7 0.035773
boss
  8 47.430977 34.136192 90.714348 0.722074 0.615455 -0.315951 0.784922 0.357055 3 8 0.668348 7 0.209052 70 0.122600
  70 68.385689 25.137321 104.369980 0.150676 -0.987260 -0.051139 0.798203 0.427888 2 70 0.689871 71 0.310129
  9 50.089001 18.783524 104.060051 0.972802 -0.209806 -0.098173 0.798203 0.357055 4 9 0.403064 8 0.375446 70 0.219045 7 0.002445
boss
  29 39.813473 20.213255 265.287079 0.709257 0.592706 0.381647 0.314437 0.437280 2 29 0.607567 13 0.392433
  29 49.660240 22.721281 264.137390 0.064106 0.068072 0.995619 0.314714 0.468270 2 29 0.769899 30 0.230101
  30 50.910282 28.640762 259.264313 -0.182245 0.890323 0.417266 0.307796 0.468270 3 30 0.799598 29 0.194381 31 0.006021
boss
  30 50.910282 28.918036 250.391708 -0.195921 0.901008 -0.387039 0.298942 0.468270 2 30 0.878272 29 0.121728
  30 52.860222 21.894009 244.666595 0.058299 0.081448 -0.994971 0.290088 0.468270 2 30 0.827078 29 0.172922
  29 40.027359 18.081806 242.596039 0.394417 0.662146 -0.637180 0.290088 0.437280 3 29 0.545087 13 0.424064 30 0.030849
boss
  30 50.910282 28.918036 250.391708 -0.195921 0.901008 -0.387039 0.298942 0.468270 2 30 0.878272 29 0.121728
  29 40.027359 24.268934 255.109192 -0.400898 0.911900 -0.087860 0.303369 0.437280 2 29 0.988194 30 0.011806
  30 50.910282 28.640762 259.264313 -0.182245 0.890323 0.417266 0.307796 0.468270 3 30 0.799598 29 0.194381 31 0.006021
boss
  29 49.660240 16.686077 259.337921 0.073785 -0.826769 0.557681 0.382252 0.379290 2 29 0.959641 30 0.040359
  29 49.660240 22.721281 264.137390 0.064106 0.068072 0.995619 0.382252 0.343874 2 29 0.769899 30 0.230101
  29 39.813473 20.213255 265.287079 0.709257 0.592706 0.381647 0.373398 0.343874 2 29 0.607567 13 0.392433
boss
  29 40.027359 18.081806 242.596039 0.394417 0.662146 -0.637180 0.373398 0.450124 3 29 0.545087 13 0.424064 30 0.030849
  30 52.860222 21.894009 244.666595 0.058299 0.081448 -0.994971 0.382252 0.450124 2 30 0.827078 29 0.172922
  29 49.660240 14.703060 249.991379 0.307568 -0.884115 -0.351772 0.382252 0.414707 2 29 0.858554 30 0.141446
boss
  29 40.027359 18.081806 242.596039 0.394417 0.662146 -0.637180 0.373398 0.450124 3 29 0.545087 13 0.424064 30 0.030849
  29 49.660240 14.703060 249.991379 0.307568 -0.884115 -0.351772 0.382252 0.414707 2 29 0.858554 30 0.141446
  29 41.051533 9.018894 247.268982 0.965245 -0.258289 -0.039868 0.373398 0.414707 2 29 0.518271 13 0.481729
boss
  29 49.660240 16.686077 259.337921 0.073785 -0.826769 0.557681 0.382252 0.379290 2 29 0.959641 30 0.040359
  29 41.051533 9.018894 247.268982 0.965245 -0.258289 -0.039868 0.373398 0.414707 2 29 0.518271 13 0.481729
  29 49.660240 14.703060 249.991379 0.307568 -0.884115 -0.351772 0.382252 0.414707 2 29 0.858554 30 0.141446
boss
  29 40.027359 24.268934 255.109192 -0.400898 0.911900 -0.087860 0.303369 0.437280 2 29 0.988194 30 0.011806
  30 50.910282 28.918036 250.391708 -0.195921 0.901008 -0.387039 0.298942 0.468270 2 30 0.878272 29 0.121728
  29 40.027359 18.081806 242.596039 0.394417 0.662146 -0.637180 0.290088 0.437280 3 29 0.545087 13 0.424064 30 0.030849
boss
  29 40.027359 24.268934 255.109192 -0.400898 0.911900 -0.087860 0.303369 0.437280 2 29 0.988194 30 0.011806
  29 39.813473 20.213255 265.287079 0.709257 0.592706 0.381647 0.314437 0.437280 2 29 0.607567 13 0.392433
  30 50.910282 28.640762 259.264313 -0.182245 0.890323 0.417266 0.307796 0.468270 3 30 0.799598 29 0.194381 31 0.006021
boss
  30 52.860222 22.149519 254.768326 0.995337 0.096436 -0.002011 0.806591 0.345863 3 30 0.523957 29 0.405673 31 0.070369
  30 68.904419 22.216993 253.211990 0.064108 -0.005785 0.997926 0.824299 0.345863 4 30 0.521166 31 0.383283 40 0.070334 29 0.025216
  30 68.904419 29.992983 250.144455 0.061524 0.994803 0.081128 0.824299 0.309893 3 30 0.885808 31 0.078106 40 0.036086
boss
  30 52.860222 22.149519 254.768326 0.995337 0.096436 -0.002011 0.827095 0.392204 3 30 0.523957 29 0.405673 31 0.070369
  30 50.910282 28.918036 250.391708 -0.195921 0.901008 -0.387039 0.827095 0.428174 2 30 0.878272 29 0.121728
  30 68.904419 30.359602 251.775909 0.014129 0.520174 -0.853943 0.844803 0.428174 3 30 0.775146 31 0.167734 32 0.057121
boss
  30 52.860222 22.149519 254.768326 0.995337 0.096436 -0.002011 0.806769 0.203275 3 30 0.523957 29 0.405673 31 0.070369
  29 49.660240 14.703060 249.991379 0.307568 -0.884115 -0.351772 0.806591 0.239060 2 29 0.858554 30 0.141446
  30 68.904419 14.380714 250.012527 0.075999 -0.993463 0.085181 0.824299 0.239060 3 30 0.907933 31 0.068209 40 0.023859
boss
  30 52.860222 22.149519 254.768326 0.995337 0.096436 -0.002011 0.812449 0.841984 3 30 0.523957 29 0.405673 31 0.070369
  30 68.904419 20.640528 255.668350 0.080805 0.851203 -0.518578 0.830158 0.841984 4 30 0.715704 31 0.124740 36 0.093516 29 0.066039
  30 68.904419 13.977435 250.709091 0.026061 -0.496646 -0.867562 0.830158 0.806567 3 30 0.784806 31 0.174487 36 0.040708
boss
  30 52.860222 22.149519 254.768326 0.995337 0.096436 -0.002011 0.812449 0.699764 3 30 0.523957 29 0.405673 31 0.070369
  29 49.660240 22.721281 264.137390 0.064106 0.068072 0.995619 0.812449 0.735734 2 29 0.769899 30 0.230101
  30 68.904419 21.990740 263.392487 0.056358 0.552357 0.831700 0.830158 0.735734 3 30 0.803325 31 0.158727 36 0.037948
boss
  30 52.860222 22.149519 254.768326 0.995337 0.096436 -0.002011 0.827095 0.534424 3 30 0.523957 29 0.405673 31 0.070369
  30 68.904419 23.720139 255.631683 0.068025 -0.841084 -0.536611 0.844803 0.534424 4 30 0.700110 31 0.134035 32 0.107758 29 0.058097
  30 68.904419 23.053942 263.227478 0.035081 -0.525401 0.850131 0.844803 0.499008 3 30 0.804167 31 0.140589 32 0.055244
boss
  29 49.660240 16.686077 259.337921 0.073785 -0.826769 0.557681 0.812449 0.771150 2 29 0.959641 30 0.040359
  30 68.904419 21.990740 263.392487 0.056358 0.552357 0.831700 0.830158 0.735734 3 30 0.803325 31 0.158727 36 0.037948
  29 49.660240 22.721281 264.137390 0.064106 0.068072 0.995619 0.812449 0.735734 2 29 0.769899 30 0.230101
boss
  29 49.660240 14.703060 249.991379 0.307568 -0.884115 -0.351772 0.812449 0.806567 2 29 0.858554 30 0.141446
  31 68.904419 14.782654 258.744995 -0.064494 -0.852018 0.519524 0.830158 0.771150 3 31 0.727871 30 0.246507 36 0.025622
  29 49.660240 16.686077 259.337921 0.073785 -0.826769 0.557681 0.812449 0.771150 2 29 0.959641 30 0.040359
boss
  30 52.860222 21.894009 244.666595 0.058299 0.081448 -0.994971 0.806591 0.274476 2 30 0.827078 29 0.172922
  30 68.904419 21.860609 245.173767 0.023011 -0.016080 -0.999606 0.824299 0.274476 2 30 0.968299 40 0.031701
  30 68.904419 14.380714 250.012527 0.075999 -0.993463 0.085181 0.824299 0.239060 3 30 0.907933 31 0.068209 40 0.023859
boss
  29 41.051533 9.018894 247.268982 0.965245 -0.258289 -0.039868 0.373398 0.414707 2 29 0.518271 13 0.481729
  29 49.660240 16.686077 259.337921 0.073785 -0.826769 0.557681 0.382252 0.379290 2 29 0.959641 30 0.040359
  29 39.813473 20.213255 265.287079 0.709257 0.592706 0.381647 0.373398 0.343874 2 29 0.607567 13 0.392433
boss
  30 68.904419 29.992983 250.144455 0.061524 0.994803 0.081128 0.824299 0.309893 3 30 0.885808 31 0.078106 40 0.036086
  30 52.860222 21.894009 244.666595 0.058299 0.081448 -0.994971 0.806591 0.274476 2 30 0.827078 29 0.172922
  30 50.910282 28.918036 250.391708 -0.195921 0.901008 -0.387039 0.806591 0.309893 2 30 0.878272 29 0.121728
boss
  30 50.910282 28.640762 259.264313 -0.182245 0.890323 0.417266 0.827095 0.463591 3 30 0.799598 29 0.194381 31 0.006021
  30 68.904419 30.359602 251.775909 0.014129 0.520174 -0.853943 0.844803 0.428174 3 30 0.775146 31 0.167734 32 0.057121
  30 50.910282 28.918036 250.391708 -0.195921 0.901008 -0.387039 0.827095 0.428174 2 30 0.878272 29 0.121728
boss
  30 68.904419 23.053942 263.227478 0.035081 -0.525401 0.850131 0.844803 0.499008 3 30 0.804167 31 0.140589 32 0.055244
  30 50.910282 28.640762 259.264313 -0.182245 0.890323 0.417266 0.827095 0.463591 3 30 0.799598 29 0.194381 31 0.006021
  29 49.660240 22.721281 264.137390 0.064106 0.068072 0.995619 0.827095 0.499008 2 29 0.769899 30 0.230101
boss
  40 91.879707 22.260466 245.495468 0.058745 0.018308 -0.998105 0.846435 0.274476 1 40 1.000000
  30 68.904419 21.860609 245.173767 0.023011 -0.016080 -0.999606 0.824299 0.274476 2 30 0.968299 40 0.031701
  30 68.904419 29.992983 250.144455 0.061524 0.994803 0.081128 0.824299 0.309893 3 30 0.885808 31 0.078106 40 0.036086
boss
  32 91.879700 30.797293 259.785095 0.033052 0.850391 0.525112 0.866939 0.463591 1 32 1.000000
  31 68.904419 30.319304 258.967926 -0.054253 0.871129 0.488049 0.844803 0.463591 3 31 0.586973 30 0.360095 32 0.052932
  30 68.904419 23.053942 263.227478 0.035081 -0.525401 0.850131 0.844803 0.499008 3 30 0.804167 31 0.140589 32 0.055244
boss
  30 68.904419 23.720139 255.631683 0.068025 -0.841084 -0.536611 0.844803 0.392204 4 30 0.700110 31 0.134035 32 0.107758 29 0.058097
  30 68.904419 30.359602 251.775909 0.014129 0.520174 -0.853943 0.844803 0.428174 3 30 0.775146 31 0.167734 32 0.057121
  32 91.879700 29.536549 253.179642 0.015881 0.519274 -0.854460 0.866939 0.428174 1 32 1.000000
boss
  30 68.904419 20.640528 255.668350 0.080805 0.851203 -0.518578 0.830158 0.699764 4 30 0.715704 31 0.124740 36 0.093516 29 0.066039
  30 68.904419 21.990740 263.392487 0.056358 0.552357 0.831700 0.830158 0.735734 3 30 0.803325 31 0.158727 36 0.037948
  36 91.879707 19.834202 261.640228 0.020676 0.501474 0.864926 0.852293 0.735734 1 36 1.000000
boss
  36 91.879707 13.087463 259.591858 0.038546 -0.890182 0.453972 0.852293 0.771150 1 36 1.000000
  31 68.904419 14.782654 258.744995 -0.064494 -0.852018 0.519524 0.830158 0.771150 3 31 0.727871 30 0.246507 36 0.025622
  30 68.904419 13.977435 250.709091 0.026061 -0.496646 -0.867562 0.830158 0.806567 3 30 0.784806 31 0.174487 36 0.040708
boss
  30 68.904419 23.720139 255.631683 0.068025 -0.841084 -0.536611 0.844803 0.534424 4 30 0.700110 31 0.134035 32 0.107758 29 0.058097
  32 91.879707 22.801802 255.042435 -0.024201 -0.841195 -0.540189 0.866939 0.534424 1 32 1.000000
  32 91.879707 23.877403 261.727814 0.017341 -0.548048 0.836267 0.866939 0.499008 1 32 1.000000
boss
  30 68.904419 21.990740 263.392487 0.056358 0.552357 0.831700 0.830158 0.735734 3 30 0.803325 31 0.158727 36 0.037948
  31 68.904419 14.782654 258.744995 -0.064494 -0.852018 0.519524 0.830158 0.771150 3 31 0.727871 30 0.246507 36 0.025622
  36 91.879707 13.087463 259.591858 0.038546 -0.890182 0.453972 0.852293 0.771150 1 36 1.000000
boss
  30 68.904419 22.216993 253.211990 0.064108 -0.005785 0.997926 0.824299 0.345863 4 30 0.521166 31 0.383283 40 0.070334 29 0.025216
  40 91.879707 22.179049 254.294098 -0.024070 -0.008655 0.999673 0.846435 0.345863 1 40 1.000000
  40 91.879700 27.121937 250.298401 0.033768 0.997106 0.068110 0.846435 0.309893 1 40 1.000000
boss
  30 68.904419 30.359602 251.775909 0.014129 0.520174 -0.853943 0.844803 0.428174 3 30 0.775146 31 0.167734 32 0.057121
  31 68.904419 30.319304 258.967926 -0.054253 0.871129 0.488049 0.844803 0.463591 3 31 0.586973 30 0.360095 32 0.052932
  32 91.879700 30.797293 259.785095 0.033052 0.850391 0.525112 0.866939 0.463591 1 32 1.000000
boss
  30 68.904419 22.216993 253.211990 0.064108 -0.005785 0.997926 0.824478 0.203275 4 30 0.521166 31 0.383283 40 0.070334 29 0.025216
  30 68.904419 14.380714 250.012527 0.075999 -0.993463 0.085181 0.824299 0.239060 3 30 0.907933 31 0.068209 40 0.023859
  40 91.879707 17.197826 250.126541 0.031663 -0.998714 0.039599 0.846435 0.239060 1 40 1.000000
boss
  30 68.904419 20.640528 255.668350 0.080805 0.851203 -0.518578 0.830158 0.841984 4 30 0.715704 31 0.124740 36 0.093516 29 0.066039
  36 91.879707 21.464615 255.049240 -0.022740 0.872286 -0.488467 0.852293 0.841984 1 36 1.000000
  36 91.879707 15.444656 253.120148 0.032724 -0.422682 -0.905687 0.852293 0.806567 1 36 1.000000
boss
  57 28.307034 57.643921 163.116669 0.876318 0.391537 -0.280650 0.124427 0.401463 2 57 0.715371 58 0.284629
  57 37.001026 45.047390 151.780029 0.733809 0.676951 -0.057119 0.113359 0.463442 4 57 0.441420 10 0.349661 9 0.180370 58 0.028548
  9 16.344095 50.365353 133.206345 0.000122 0.980844 -0.194796 0.133526 0.525422 4 9 0.438087 57 0.352958 10 0.191049 8 0.017906
boss
  57 28.307034 57.643921 163.116669 0.876318 0.391537 -0.280650 0.124427 0.401463 2 57 0.715371 58 0.284629
  9 16.344095 50.365353 133.206345 0.000122 0.980844 -0.194796 0.133526 0.525422 4 9 0.438087 57 0.352958 10 0.191049 8 0.017906
  57 14.999462 57.643921 151.936356 0.040271 0.663025 -0.747514 0.133526 0.454588 3 57 0.621193 58 0.343850 10 0.034957
boss
  57 15.181448 57.643921 191.900116 -0.034344 0.339086 0.940128 0.131067 0.277505 3 57 0.480290 10 0.260606 58 0.259104
  57 39.819832 33.058357 187.615616 0.817051 0.424815 0.389822 0.100078 0.330630 3 57 0.600239 10 0.352944 11 0.046817
  57 28.537306 57.643921 177.962662 0.884227 0.305908 0.352936 0.124427 0.348338 2 57 0.644610 58 0.355390
boss
  57 18.059746 37.522594 201.974777 -0.008612 0.598173 0.801320 0.113359 0.242088 3 57 0.844395 11 0.133264 13 0.022342
  11 33.640469 14.704867 208.856949 0.817680 0.386259 0.426853 0.084583 0.233234 4 11 0.483857 12 0.356228 13 0.083142 57 0.076773
  57 39.819832 33.058357 187.615616 0.817051 0.424815 0.389822 0.100078 0.330630 3 57 0.600239 10 0.352944 11 0.046817
boss
  10 50.371353 0.002671 183.121338 0.959353 0.000000 0.282209 0.069088 0.348338 4 10 0.680706 44 0.109177 57 0.108955 11 0.101162
  57 39.819832 33.058357 187.615616 0.817051 0.424815 0.389822 0.100078 0.330630 3 57 0.600239 10 0.352944 11 0.046817
  11 33.640469 14.704867 208.856949 0.817680 0.386259 0.426853 0.084583 0.233234 4 11 0.483857 12 0.356228 13 0.083142 57 0.076773
boss
  57 28.537306 57.643921 177.962662 0.884227 0.305908 0.352936 0.124427 0.348338 2 57 0.644610 58 0.355390
  57 39.819832 33.058357 187.615616 0.817051 0.424815 0.389822 0.100078 0.330630 3 57 0.600239 10 0.352944 11 0.046817
  57 37.001026 45.047390 151.780029 0.733809 0.676951 -0.057119 0.113359 0.463442 4 57 0.441420 10 0.349661 9 0.180370 58 0.028548
boss
  57 28.537306 57.643921 177.962662 0.884227 0.305908 0.352936 0.124427 0.348338 2 57 0.644610 58 0.355390
  57 37.001026 45.047390 151.780029 0.733809 0.676951 -0.057119 0.113359 0.463442 4 57 0.441420 10 0.349661 9 0.180370 58 0.028548
  57 28.307034 57.643921 163.116669 0.876318 0.391537 -0.280650 0.124427 0.401463 2 57 0.715371 58 0.284629
boss
  9 46.926521 30.874399 133.206345 0.897089 0.416842 0.146537 0.100078 0.534276 4 9 0.505244 70 0.296075 57 0.181982 10 0.016699
  10 50.371353 0.002671 183.121338 0.959353 0.000000 0.282209 0.069088 0.348338 4 10 0.680706 44 0.109177 57 0.108955 11 0.101162
  9 54.841377 0.002671 143.801712 0.997307 0.000000 0.073336 0.069088 0.498859 4 9 0.825530 57 0.061546 44 0.061478 8 0.051445
boss
  57 37.001026 45.047390 151.780029 0.733809 0.676951 -0.057119 0.113359 0.463442 4 57 0.441420 10 0.349661 9 0.180370 58 0.028548
  57 39.819832 33.058357 187.615616 0.817051 0.424815 0.389822 0.100078 0.330630 3 57 0.600239 10 0.352944 11 0.046817
  9 46.926521 30.874399 133.206345 0.897089 0.416842 0.146537 0.100078 0.534276 4 9 0.505244 70 0.296075 57 0.181982 10 0.016699
boss
  9 16.344095 50.365353 133.206345 0.000122 0.980844 -0.194796 0.133526 0.525422 4 9 0.438087 57 0.352958 10 0.191049 8 0.017906
  57 -4.354658 48.053772 149.888733 -0.696391 0.708882 -0.111918 0.149267 0.454588 4 57 0.417221 10 0.374000 9 0.182303 70 0.026477
  57 0.674226 57.643917 162.750107 -0.905496 0.321146 -0.277385 0.142626 0.401463 2 57 0.617269 58 0.382731
boss
  9 16.344095 50.365353 133.206345 0.000122 0.980844 -0.194796 0.133526 0.525422 4 9 0.438087 57 0.352958 10 0.191049 8 0.017906
  57 0.674226 57.643917 162.750107 -0.905496 0.321146 -0.277385 0.142626 0.401463 2 57 0.617269 58 0.382731
  57 14.999462 57.643921 151.936356 0.040271 0.663025 -0.747514 0.133526 0.454588 3 57 0.621193 58 0.343850 10 0.034957
boss
  57 15.181448 57.643921 191.900116 -0.034344 0.339086 0.940128 0.135986 0.277505 3 57 0.480290 10 0.260606 58 0.259104
  57 -6.807995 31.092270 182.764343 -0.839393 0.382256 0.386394 0.166975 0.330630 3 57 0.658200 10 0.289347 11 0.052453
  57 18.059746 37.522594 201.974777 -0.008612 0.598173 0.801320 0.153694 0.242088 3 57 0.844395 11 0.133264 13 0.022342
boss
  57 0.904499 57.643917 177.596069 -0.902457 0.174089 0.394035 0.142626 0.348338 2 57 0.609440 58 0.390560
  57 0.674226 57.643917 162.750107 -0.905496 0.321146 -0.277385 0.142626 0.401463 2 57 0.617269 58 0.382731
  57 -4.354658 48.053772 149.888733 -0.696391 0.708882 -0.111918 0.149267 0.454588 4 57 0.417221 10 0.374000 9 0.182303 70 0.026477
boss
  57 0.904499 57.643917 177.596069 -0.902457 0.174089 0.394035 0.142626 0.348338 2 57 0.609440 58 0.390560
  57 -4.354658 48.053772 149.888733 -0.696391 0.708882 -0.111918 0.149267 0.454588 4 57 0.417221 10 0.374000 9 0.182303 70 0.026477
  57 -6.807995 31.092270 182.764343 -0.839393 0.382256 0.386394 0.166975 0.330630 3 57 0.658200 10 0.289347 11 0.052453
boss
  11 -1.745051 9.160522 210.874908 -0.865055 0.361195 0.348164 0.189111 0.242088 4 11 0.481480 12 0.372719 13 0.091011 57 0.054790
  57 18.059746 37.522594 201.974777 -0.008612 0.598173 0.801320 0.153694 0.242088 3 57 0.844395 11 0.133264 13 0.022342
  57 -6.807995 31.092270 182.764343 -0.839393 0.382256 0.386394 0.166975 0.330630 3 57 0.658200 10 0.289347 11 0.052453
boss
  10 -17.034163 0.002666 183.018066 -0.953906 -0.000000 0.300107 0.197965 0.339484 4 10 0.302816 44 0.241679 57 0.240922 11 0.214583
  9 -12.657508 35.614460 145.999222 -0.901870 0.425824 0.072822 0.164762 0.472297 4 9 0.366930 10 0.366382 57 0.254869 70 0.011818
  10 -23.933100 0.002666 145.999222 -0.997082 -0.000000 0.076337 0.197965 0.481151 4 10 0.680807 9 0.282152 11 0.023450 8 0.013591
boss
  57 -6.807995 31.092270 182.764343 -0.839393 0.382256 0.386394 0.166975 0.330630 3 57 0.658200 10 0.289347 11 0.052453
  10 -17.034163 0.002666 183.018066 -0.953906 -0.000000 0.300107 0.197965 0.339484 4 10 0.302816 44 0.241679 57 0.240922 11 0.214583
  11 -1.745051 9.160522 210.874908 -0.865055 0.361195 0.348164 0.189111 0.242088 4 11 0.481480 12 0.372719 13 0.091011 57 0.054790
boss
  13 38.820087 25.450108 279.744263 0.700391 0.628236 0.338780 0.330485 0.437280 1 13 1.000000
  13 1.225077 19.727428 303.745880 0.228140 0.516131 0.825567 0.349854 0.269051 1 13 1.000000
  13 38.529003 19.505161 283.980682 0.787594 0.191069 0.585823 0.336572 0.437280 1 13 1.000000
boss
  13 39.198509 26.299387 274.236969 0.645711 0.748676 -0.150140 0.323844 0.437280 1 13 1.000000
  13 -2.126803 28.073858 290.298370 -0.156492 0.982000 0.105760 0.336572 0.269051 2 13 0.922377 14 0.077623
  13 38.820087 25.450108 279.744263 0.700391 0.628236 0.338780 0.330485 0.437280 1 13 1.000000
boss
  13 1.225077 19.727428 303.745880 0.228140 0.516131 0.825567 0.349854 0.269051 1 13 1.000000
  13 -36.972565 12.401017 305.227783 -0.575298 0.800247 0.169223 0.345426 0.136239 2 13 0.910908 14 0.089092
  13 -35.761047 4.054585 317.164459 -0.215284 0.376195 0.901183 0.358708 0.118530 1 13 1.000000
boss
  29 40.027359 18.081806 242.596039 0.394417 0.662146 -0.637180 0.290641 0.472697 3 29 0.545087 13 0.424064 30 0.030849
  29 41.051533 9.018894 247.268982 0.965245 -0.258289 -0.039868 0.298488 0.507314 2 29 0.518271 13 0.481729
  13 41.797588 9.049456 236.411224 0.923024 0.274413 -0.269674 0.286214 0.508114 2 13 0.979559 11 0.020441
boss
  11 33.640469 14.704867 208.856949 0.817680 0.386259 0.426853 0.084583 0.233234 4 11 0.483857 12 0.356228 13 0.083142 57 0.076773
  13 15.279887 19.911331 227.039429 -0.116034 0.992313 0.043013 0.095650 0.144692 4 13 0.519788 12 0.410464 11 0.069083 57 0.000665
  12 34.383636 7.984830 226.269241 0.809218 0.469642 -0.352990 0.077942 0.144692 3 12 0.479541 13 0.447609 11 0.072850
boss
  11 -1.745051 9.160522 210.874908 -0.865055 0.361195 0.348164 0.189111 0.242088 4 11 0.481480 12 0.372719 13 0.091011 57 0.054790
  13 15.279887 19.911331 227.039429 -0.116034 0.992313 0.043013 0.171402 0.144692 4 13 0.519788 12 0.410464 11 0.069083 57 0.000665
  12 18.084906 26.695040 213.237381 0.031172 0.798675 0.600955 0.162548 0.197817 4 12 0.425812 11 0.306277 57 0.172114 13 0.095796
boss
  13 -7.541314 12.473877 250.025665 -0.692673 0.614106 -0.378256 0.296729 0.233635 3 13 0.978603 12 0.016484 14 0.004914
  13 -36.972565 12.401017 305.227783 -0.575298 0.800247 0.169223 0.345426 0.136239 2 13 0.910908 14 0.089092
  13 -2.126803 28.073858 290.298370 -0.156492 0.982000 0.105760 0.336572 0.269051 2 13 0.922377 14 0.077623
boss
  13 -43.924545 0.002664 311.515656 -0.923971 -0.000000 0.382462 0.352067 0.091968 1 13 1.000000
  13 -36.972565 12.401017 305.227783 -0.575298 0.800247 0.169223 0.345426 0.136239 2 13 0.910908 14 0.089092
  13 -42.681755 0.002664 293.472015 -0.934150 -0.000000 -0.356881 0.334359 0.091968 1 13 1.000000
boss
  57 0.674226 57.643917 162.750107 -0.905496 0.321146 -0.277385 0.396842 0.417970 2 57 0.617269 58 0.382731
  57 0.544588 71.746071 177.254883 -0.908465 0.052120 0.414698 0.407909 0.364845 3 57 0.577543 58 0.415150 59 0.007306
  58 0.314314 80.120232 163.275803 -0.905104 0.058717 -0.421116 0.416763 0.417970 2 58 0.957119 59 0.042881
boss
  57 15.181448 57.643921 191.900116 -0.034344 0.339086 0.940128 0.396842 0.303285 3 57 0.480290 10 0.260606 58 0.259104
  57 0.544588 71.746071 177.254883 -0.908465 0.052120 0.414698 0.407909 0.364845 3 57 0.577543 58 0.415150 59 0.007306
  57 0.904499 57.643917 177.596069 -0.902457 0.174089 0.394035 0.396842 0.364845 2 57 0.609440 58 0.390560
boss
  57 15.181448 57.643921 191.900116 -0.034344 0.339086 0.940128 0.366119 0.148157 3 57 0.480290 10 0.260606 58 0.259104
  58 28.177397 71.835815 177.268158 0.916275 0.084875 0.391454 0.377187 0.203198 2 58 0.794250 57 0.205750
  58 14.821540 68.038666 190.264496 0.006097 0.148791 0.988850 0.374973 0.150073 2 58 0.736535 57 0.263465
boss
  58 14.464677 100.360367 154.465652 0.021866 0.045010 -0.998747 0.434472 0.479949 1 58 1.000000
  58 0.314314 80.120232 163.275803 -0.905104 0.058717 -0.421116 0.416763 0.417970 2 58 0.957119 59 0.042881
  58 2.148531 100.360367 163.762772 -0.901466 0.035259 -0.431412 0.434472 0.409116 2 58 0.976107 59 0.023893
boss
  57 28.307034 57.643921 163.116669 0.876318 0.391537 -0.280650 0.366119 0.247469 2 57 0.715371 58 0.284629
  58 28.177397 71.835815 177.268158 0.916275 0.084875 0.391454 0.377187 0.203198 2 58 0.794250 57 0.205750
  57 28.537306 57.643921 177.962662 0.884227 0.305908 0.352936 0.366119 0.203198 2 57 0.644610 58 0.355390
boss
  58 14.464677 100.360367 154.465652 0.021866 0.045010 -0.998747 0.403749 0.291320 1 58 1.000000
  58 25.905882 100.360367 164.077927 0.907391 0.040937 -0.418290 0.403749 0.247469 1 58 1.000000
  58 27.947124 80.120224 163.274658 0.906683 0.075851 -0.414936 0.386041 0.247469 2 58 0.959981 57 0.040019
boss
  57 14.999462 57.643921 151.936356 0.040271 0.663025 -0.747514 0.366119 0.291320 3 57 0.621193 58 0.343850 10 0.034957
  58 27.947124 80.120224 163.274658 0.906683 0.075851 -0.414936 0.386041 0.247469 2 58 0.959981 57 0.040019
  57 28.307034 57.643921 163.116669 0.876318 0.391537 -0.280650 0.366119 0.247469 2 57 0.715371 58 0.284629
boss
  58 26.103859 88.345428 176.406982 0.908632 0.071634 0.411407 0.392681 0.203198 1 58 1.000000
  58 14.621140 100.360367 187.557114 0.011438 -0.004372 0.999925 0.403749 0.148157 1 58 1.000000
  58 14.621140 90.075249 187.571747 0.014845 0.058884 0.998154 0.394895 0.150073 1 58 1.000000
boss
  58 2.346509 88.242043 176.395157 -0.896683 0.066409 0.437664 0.423404 0.364845 3 58 0.911077 9 0.058554 59 0.030368
  58 2.148531 100.360367 163.762772 -0.901466 0.035259 -0.431412 0.434472 0.409116 2 58 0.976107 59 0.023893
  58 0.314314 80.120232 163.275803 -0.905104 0.058717 -0.421116 0.416763 0.417970 2 58 0.957119 59 0.042881
boss
  58 26.103859 88.345428 176.406982 0.908632 0.071634 0.411407 0.392681 0.203198 1 58 1.000000
  58 25.905882 100.360367 164.077927 0.907391 0.040937 -0.418290 0.403749 0.247469 1 58 1.000000
  58 26.103859 100.360367 176.841782 0.918494 -0.007211 0.395370 0.403749 0.203198 1 58 1.000000
boss
  58 2.346509 88.242043 176.395157 -0.896683 0.066409 0.437664 0.423404 0.364845 3 58 0.911077 9 0.058554 59 0.030368
  58 14.621140 100.360367 187.557114 0.011438 -0.004372 0.999925 0.434472 0.303285 1 58 1.000000
  58 2.346508 100.360367 176.526611 -0.909639 -0.002258 0.415393 0.434472 0.364845 1 58 1.000000
boss
  58 14.821540 68.038666 190.264496 0.006097 0.148791 0.988850 0.374973 0.150073 2 58 0.736535 57 0.263465
  58 26.103859 88.345428 176.406982 0.908632 0.071634 0.411407 0.392681 0.203198 1 58 1.000000
  58 14.621140 90.075249 187.571747 0.014845 0.058884 0.998154 0.394895 0.150073 1 58 1.000000
boss
  57 0.544588 71.746071 177.254883 -0.908465 0.052120 0.414698 0.407909 0.364845 3 57 0.577543 58 0.415150 59 0.007306
  58 2.346509 88.242043 176.395157 -0.896683 0.066409 0.437664 0.423404 0.364845 3 58 0.911077 9 0.058554 59 0.030368
  58 0.314314 80.120232 163.275803 -0.905104 0.058717 -0.421116 0.416763 0.417970 2 58 0.957119 59 0.042881
boss
  58 27.947124 80.120224 163.274658 0.906683 0.075851 -0.414936 0.386041 0.247469 2 58 0.959981 57 0.040019
  58 26.103859 88.345428 176.406982 0.908632 0.071634 0.411407 0.392681 0.203198 1 58 1.000000
  58 28.177397 71.835815 177.268158 0.916275 0.084875 0.391454 0.377187 0.203198 2 58 0.794250 57 0.205750
boss
  58 14.821540 68.038666 190.264496 0.006097 0.148791 0.988850 0.405696 0.302866 2 58 0.736535 57 0.263465
  58 2.346509 88.242043 176.395157 -0.896683 0.066409 0.437664 0.423404 0.364845 3 58 0.911077 9 0.058554 59 0.030368
  57 0.544588 71.746071 177.254883 -0.908465 0.052120 0.414698 0.407909 0.364845 3 57 0.577543 58 0.415150 59 0.007306
boss
  58 14.464677 100.360367 154.465652 0.021866 0.045010 -0.998747 0.403749 0.291320 1 58 1.000000
  58 27.947124 80.120224 163.274658 0.906683 0.075851 -0.414936 0.386041 0.247469 2 58 0.959981 57 0.040019
  57 14.999462 57.643921 151.936356 0.040271 0.663025 -0.747514 0.366119 0.291320 3 57 0.621193 58 0.343850 10 0.034957
boss
  57 0.674226 57.643917 162.750107 -0.905496 0.321146 -0.277385 0.396842 0.417970 2 57 0.617269 58 0.382731
  58 0.314314 80.120232 163.275803 -0.905104 0.058717 -0.421116 0.416763 0.417970 2 58 0.957119 59 0.042881
  57 14.999462 57.643921 151.936356 0.040271 0.663025 -0.747514 0.396842 0.479949 3 57 0.621193 58 0.343850 10 0.034957
boss
  57 14.999462 57.643921 151.936356 0.040271 0.663025 -0.747514 0.396842 0.479949 3 57 0.621193 58 0.343850 10 0.034957
  58 0.314314 80.120232 163.275803 -0.905104 0.058717 -0.421116 0.416763 0.417970 2 58 0.957119 59 0.042881
  58 14.464677 100.360367 154.465652 0.021866 0.045010 -0.998747 0.434472 0.479949 1 58 1.000000
boss
  29 40.027359 24.268934 255.109192 -0.400898 0.911900 -0.087860 0.303369 0.437280 2 29 0.988194 30 0.011806
  29 24.433651 21.378677 265.596130 -0.091200 0.968631 -0.231165 0.312223 0.375301 2 29 0.519484 13 0.480516
  29 39.813473 20.213255 265.287079 0.709257 0.592706 0.381647 0.314437 0.437280 2 29 0.607567 13 0.392433
boss
  29 39.813473 20.213255 265.287079 0.709257 0.592706 0.381647 0.314437 0.437280 2 29 0.607567 13 0.392433
  29 24.433651 21.378677 265.596130 -0.091200 0.968631 -0.231165 0.312223 0.375301 2 29 0.519484 13 0.480516
  13 39.198509 26.299387 274.236969 0.645711 0.748676 -0.150140 0.323844 0.437280 1 13 1.000000
boss
  13 39.198509 26.299387 274.236969 0.645711 0.748676 -0.150140 0.323844 0.437280 1 13 1.000000
  29 24.433651 21.378677 265.596130 -0.091200 0.968631 -0.231165 0.312223 0.375301 2 29 0.519484 13 0.480516
  13 -2.126803 28.073858 290.298370 -0.156492 0.982000 0.105760 0.336572 0.269051 2 13 0.922377 14 0.077623
boss
  13 -7.541314 12.473877 250.025665 -0.692673 0.614106 -0.378256 0.296729 0.233635 3 13 0.978603 12 0.016484 14 0.004914
  13 -2.126803 28.073858 290.298370 -0.156492 0.982000 0.105760 0.336572 0.269051 2 13 0.922377 14 0.077623
  29 24.433651 21.378677 265.596130 -0.091200 0.968631 -0.231165 0.312223 0.375301 2 29 0.519484 13 0.480516
boss
  12 18.084906 26.695040 213.237381 0.031172 0.798675 0.600955 0.104505 0.197817 4 12 0.425812 11 0.306277 57 0.172114 13 0.095796
  11 33.640469 14.704867 208.856949 0.817680 0.386259 0.426853 0.084583 0.233234 4 11 0.483857 12 0.356228 13 0.083142 57 0.076773
  57 18.059746 37.522594 201.974777 -0.008612 0.598173 0.801320 0.113359 0.242088 3 57 0.844395 11 0.133264 13 0.022342
boss
  12 18.084906 26.695040 213.237381 0.031172 0.798675 0.600955 0.162548 0.197817 4 12 0.425812 11 0.306277 57 0.172114 13 0.095796
  57 18.059746 37.522594 201.974777 -0.008612 0.598173 0.801320 0.153694 0.242088 3 57 0.844395 11 0.133264 13 0.022342
  11 -1.745051 9.160522 210.874908 -0.865055 0.361195 0.348164 0.189111 0.242088 4 11 0.481480 12 0.372719 13 0.091011 57 0.054790
boss
  13 -35.761047 4.054585 317.164459 -0.215284 0.376195 0.901183 0.358708 0.118530 1 13 1.000000
  13 -36.972565 12.401017 305.227783 -0.575298 0.800247 0.169223 0.345426 0.136239 2 13 0.910908 14 0.089092
  13 -43.924545 0.002664 311.515656 -0.923971 -0.000000 0.382462 0.352067 0.091968 1 13 1.000000
boss
  13 15.279887 19.911331 227.039429 -0.116034 0.992313 0.043013 0.272380 0.331030 4 13 0.519788 12 0.410464 11 0.069083 57 0.000665
  13 -7.541314 12.473877 250.025665 -0.692673 0.614106 -0.378256 0.296729 0.233635 3 13 0.978603 12 0.016484 14 0.004914
  29 24.433651 21.378677 265.596130 -0.091200 0.968631 -0.231165 0.312223 0.375301 2 29 0.519484 13 0.480516
boss
  13 42.149155 0.002671 231.294678 0.886760 0.000000 -0.462230 0.281787 0.543531 2 13 0.938898 11 0.061102
  12 34.383636 7.984830 226.269241 0.809218 0.469642 -0.352990 0.272933 0.508114 3 12 0.479541 13 0.447609 11 0.072850
  13 41.797588 9.049456 236.411224 0.923024 0.274413 -0.269674 0.286214 0.508114 2 13 0.979559 11 0.020441
boss
  29 40.027359 18.081806 242.596039 0.394417 0.662146 -0.637180 0.290088 0.437280 3 29 0.545087 13 0.424064 30 0.030849
  12 34.383636 7.984830 226.269241 0.809218 0.469642 -0.352990 0.272380 0.419572 3 12 0.479541 13 0.447609 11 0.072850
  13 15.279887 19.911331 227.039429 -0.116034 0.992313 0.043013 0.272380 0.331030 4 13 0.519788 12 0.410464 11 0.069083 57 0.000665
boss
  13 15.279887 19.911331 227.039429 -0.116034 0.992313 0.043013 0.272380 0.331030 4 13 0.519788 12 0.410464 11 0.069083 57 0.000665
  29 24.433651 21.378677 265.596130 -0.091200 0.968631 -0.231165 0.312223 0.375301 2 29 0.519484 13 0.480516
  29 40.027359 18.081806 242.596039 0.394417 0.662146 -0.637180 0.290088 0.437280 3 29 0.545087 13 0.424064 30 0.030849
boss
  13 39.198509 26.299387 274.236969 0.645711 0.748676 -0.150140 0.327132 0.436191 1 13 1.000000
  13 38.529003 19.505161 283.980682 0.787594 0.191069 0.585823 0.338893 0.463700 1 13 1.000000
  29 39.813473 20.213255 265.287079 0.709257 0.592706 0.381647 0.318026 0.460959 2 29 0.607567 13 0.392433
boss
  29 24.433651 21.378677 265.596130 -0.091200 0.968631 -0.231165 0.312223 0.375301 2 29 0.519484 13 0.480516
  29 40.027359 24.268934 255.109192 -0.400898 0.911900 -0.087860 0.303369 0.437280 2 29 0.988194 30 0.011806
  29 40.027359 18.081806 242.596039 0.394417 0.662146 -0.637180 0.290088 0.437280 3 29 0.545087 13 0.424064 30 0.030849
boss
  68 20.646545 358.103668 184.173904 0.927121 0.336805 0.164341 0.645025 0.158927 3 68 0.344782 60 0.328016 61 0.327203
  68 19.814600 345.745331 190.344421 0.582763 -0.168317 0.795020 0.633072 0.143228 4 68 0.383264 60 0.371762 59 0.239415 66 0.005558
  59 21.473633 339.809540 169.980286 0.996921 0.065529 0.043060 0.627317 0.220906 2 59 0.500582 60 0.499418
boss
  62 22.530930 367.057892 148.197983 0.576798 -0.272853 -0.769971 0.684602 0.479949 2 62 0.548088 61 0.451912
  59 21.664236 345.149780 153.094147 0.697530 0.002349 -0.716552 0.662467 0.479949 3 59 0.418779 60 0.370429 61 0.210791
  60 8.492666 350.113983 153.637894 -0.660383 0.135945 -0.738521 0.666894 0.453387 2 60 0.526703 59 0.473297
boss
  62 22.530930 367.057892 148.197983 0.576798 -0.272853 -0.769971 0.684602 0.479949 2 62 0.548088 61 0.451912
  60 8.492666 350.113983 153.637894 -0.660383 0.135945 -0.738521 0.666894 0.453387 2 60 0.526703 59 0.473297
  61 16.977343 369.077759 151.996292 -0.752198 0.348982 -0.558936 0.684602 0.453387 2 61 0.549903 62 0.450097
boss
  61 16.977343 369.077759 151.996292 -0.752198 0.348982 -0.558936 0.684602 0.453387 2 61 0.549903 62 0.450097
  66 13.541403 372.495483 162.117905 -0.853345 0.476647 -0.211209 0.689029 0.417970 2 66 0.530927 61 0.469073
  66 22.584602 372.000885 155.612930 0.867349 0.439834 -0.232920 0.691243 0.453387 3 66 0.357089 62 0.343178 61 0.299733
boss
  66 13.541403 372.495483 162.117905 -0.853345 0.476647 -0.211209 0.689029 0.417970 2 66 0.530927 61 0.469073
  61 13.449492 373.566315 175.309921 -0.873662 0.436980 0.213925 0.689029 0.373699 2 61 0.510836 64 0.489164
  66 22.156160 375.244415 169.238602 0.881190 0.470507 0.046115 0.695670 0.400262 3 66 0.368129 61 0.317794 64 0.314077
boss
  68 20.646545 358.103668 184.173904 0.927121 0.336805 0.164341 0.645025 0.158927 3 68 0.344782 60 0.328016 61 0.327203
  59 21.473633 339.809540 169.980286 0.996921 0.065529 0.043060 0.627317 0.220906 2 59 0.500582 60 0.499418
  59 21.664236 345.149780 153.094147 0.697530 0.002349 -0.716552 0.633958 0.291600 3 59 0.418779 60 0.370429 61 0.210791
boss
  68 20.646545 358.103668 184.173904 0.927121 0.336805 0.164341 0.351396 0.453387 3 68 0.344782 60 0.328016 61 0.327203
  68 19.056097 364.027618 189.654190 0.268382 0.601247 -0.752644 0.351396 0.417970 4 68 0.570005 69 0.423011 61 0.003564 60 0.003420
  68 21.849258 360.581848 193.184738 0.997429 -0.069999 0.015335 0.358037 0.417970 3 68 0.494173 69 0.463762 60 0.042066
boss
  68 20.646545 358.103668 184.173904 0.927121 0.336805 0.164341 0.675748 0.302866 3 68 0.344782 60 0.328016 61 0.327203
  61 21.435307 371.292480 181.070190 0.550455 0.047175 0.833531 0.689029 0.338282 2 61 0.523251 64 0.476749
  60 6.853772 348.645905 184.756485 -0.818478 0.156236 0.552888 0.666894 0.338282 3 60 0.448747 68 0.323474 61 0.227779
boss
  66 22.584602 372.000885 155.612930 0.867349 0.439834 -0.232920 0.963585 0.172189 3 66 0.357089 62 0.343178 61 0.299733
  67 24.249235 381.624664 161.475021 0.997204 -0.030585 0.068180 0.970226 0.136773 2 67 0.582326 66 0.417674
  66 22.156160 375.244415 169.238602 0.881190 0.470507 0.046115 0.976867 0.172189 3 66 0.368129 61 0.317794 64 0.314077
boss
  66 22.156160 375.244415 169.238602 0.881190 0.470507 0.046115 0.713144 0.365512 3 66 0.368129 61 0.317794 64 0.314077
  65 23.627613 385.718842 178.931213 0.994980 -0.094728 0.032256 0.719785 0.330096 2 65 0.631466 64 0.368534
  61 21.435307 371.292480 181.070190 0.550455 0.047175 0.833531 0.726426 0.365512 2 61 0.523251 64 0.476749
boss
  62 22.530930 367.057892 148.197983 0.576798 -0.272853 -0.769971 0.694138 0.327033 2 62 0.548088 61 0.451912
  63 23.528921 383.118225 143.842392 0.542277 0.547139 0.637632 0.702993 0.273908 2 63 0.616569 62 0.383431
  66 22.584602 372.000885 155.612930 0.867349 0.439834 -0.232920 0.702993 0.327033 3 66 0.357089 62 0.343178 61 0.299733
boss
  61 21.435307 371.292480 181.070190 0.550455 0.047175 0.833531 0.658307 0.167781 2 61 0.523251 64 0.476749
  61 21.655510 360.400909 167.691330 0.997996 -0.043628 0.045836 0.647239 0.229761 2 61 0.996214 60 0.003786
  66 22.156160 375.244415 169.238602 0.881190 0.470507 0.046115 0.660520 0.220906 3 66 0.368129 61 0.317794 64 0.314077
boss
  66 22.156160 375.244415 169.238602 0.881190 0.470507 0.046115 0.660520 0.220906 3 66 0.368129 61 0.317794 64 0.314077
  61 21.655510 360.400909 167.691330 0.997996 -0.043628 0.045836 0.647239 0.229761 2 61 0.996214 60 0.003786
  66 22.584602 372.000885 155.612930 0.867349 0.439834 -0.232920 0.658307 0.265177 3 66 0.357089 62 0.343178 61 0.299733
boss
  66 22.584602 372.000885 155.612930 0.867349 0.439834 -0.232920 0.658307 0.265177 3 66 0.357089 62 0.343178 61 0.299733
  61 21.655510 360.400909 167.691330 0.997996 -0.043628 0.045836 0.647239 0.229761 2 61 0.996214 60 0.003786
  62 22.530930 367.057892 148.197983 0.576798 -0.272853 -0.769971 0.651666 0.291740 2 62 0.548088 61 0.451912
boss
  62 22.530930 367.057892 148.197983 0.576798 -0.272853 -0.769971 0.651666 0.291740 2 62 0.548088 61 0.451912
  61 21.655510 360.400909 167.691330 0.997996 -0.043628 0.045836 0.647239 0.229761 2 61 0.996214 60 0.003786
  59 21.664236 345.149780 153.094147 0.697530 0.002349 -0.716552 0.633958 0.291600 3 59 0.418779 60 0.370429 61 0.210791
boss
  68 20.646545 358.103668 184.173904 0.927121 0.336805 0.164341 0.645025 0.158927 3 68 0.344782 60 0.328016 61 0.327203
  61 21.655510 360.400909 167.691330 0.997996 -0.043628 0.045836 0.647239 0.229761 2 61 0.996214 60 0.003786
  61 21.435307 371.292480 181.070190 0.550455 0.047175 0.833531 0.658307 0.167781 2 61 0.523251 64 0.476749
boss
  68 20.646545 358.103668 184.173904 0.927121 0.336805 0.164341 0.645025 0.158927 3 68 0.344782 60 0.328016 61 0.327203
  59 21.664236 345.149780 153.094147 0.697530 0.002349 -0.716552 0.633958 0.291600 3 59 0.418779 60 0.370429 61 0.210791
  61 21.655510 360.400909 167.691330 0.997996 -0.043628 0.045836 0.647239 0.229761 2 61 0.996214 60 0.003786
boss
  60 6.853772 348.645905 184.756485 -0.818478 0.156236 0.552888 0.666894 0.338282 3 60 0.448747 68 0.323474 61 0.227779
  61 13.449492 373.566315 175.309921 -0.873662 0.436980 0.213925 0.689029 0.373699 2 61 0.510836 64 0.489164
  60 2.886984 347.743958 167.235199 -0.968130 0.236611 -0.082094 0.664680 0.400262 1 60 1.000000
boss
  60 8.492666 350.113983 153.637894 -0.660383 0.135945 -0.738521 0.666894 0.453387 2 60 0.526703 59 0.473297
  60 2.886984 347.743958 167.235199 -0.968130 0.236611 -0.082094 0.664680 0.400262 1 60 1.000000
  61 16.977343 369.077759 151.996292 -0.752198 0.348982 -0.558936 0.684602 0.453387 2 61 0.549903 62 0.450097
boss
  66 13.541403 372.495483 162.117905 -0.853345 0.476647 -0.211209 0.689029 0.417970 2 66 0.530927 61 0.469073
  61 16.977343 369.077759 151.996292 -0.752198 0.348982 -0.558936 0.684602 0.453387 2 61 0.549903 62 0.450097
  60 2.886984 347.743958 167.235199 -0.968130 0.236611 -0.082094 0.664680 0.400262 1 60 1.000000
boss
  59 19.634260 313.982269 192.965042 0.366455 0.009956 0.930383 0.602968 0.143730 2 59 0.960291 61 0.039709
  59 24.096710 312.672974 171.668961 0.998763 0.030977 0.038897 0.602968 0.220907 1 59 1.000000
  68 19.814600 345.745331 190.344421 0.582763 -0.168317 0.795020 0.633072 0.143228 4 68 0.383264 60 0.371762 59 0.239415 66 0.005558
boss
  60 6.853772 348.645905 184.756485 -0.818478 0.156236 0.552888 0.666894 0.338282 3 60 0.448747 68 0.323474 61 0.227779
  59 19.634260 313.982269 192.965042 0.366455 0.009956 0.930383 0.633691 0.303285 2 59 0.960291 61 0.039709
  68 19.814600 345.745331 190.344421 0.582763 -0.168317 0.795020 0.664680 0.303565 4 68 0.383264 60 0.371762 59 0.239415 66 0.005558
boss
  60 6.853772 348.645905 184.756485 -0.818478 0.156236 0.552888 0.666894 0.338282 3 60 0.448747 68 0.323474 61 0.227779
  59 -2.251923 313.614532 169.235977 -0.998873 0.022373 -0.041860 0.633691 0.391408 1 59 1.000000
  59 5.354249 314.445709 182.987900 -0.745627 -0.005269 0.666343 0.633691 0.338282 2 59 0.961737 61 0.038263
boss
  59 -2.251923 313.614532 169.235977 -0.998873 0.022373 -0.041860 0.633691 0.391408 1 59 1.000000
  60 8.492666 350.113983 153.637894 -0.660383 0.135945 -0.738521 0.666894 0.453387 2 60 0.526703 59 0.473297
  59 6.620571 313.804565 156.019775 -0.598913 -0.014141 -0.800689 0.633691 0.444532 2 59 0.917860 58 0.082140
boss
  59 21.463825 313.393158 151.638779 0.547088 -0.006166 -0.837053 0.633691 0.479949 1 59 1.000000
  59 6.620571 313.804565 156.019775 -0.598913 -0.014141 -0.800689 0.633691 0.444532 2 59 0.917860 58 0.082140
  60 8.492666 350.113983 153.637894 -0.660383 0.135945 -0.738521 0.666894 0.453387 2 60 0.526703 59 0.473297
boss
  59 21.473633 339.809540 169.980286 0.996921 0.065529 0.043060 0.627317 0.220906 2 59 0.500582 60 0.499418
  59 24.096710 312.672974 171.668961 0.998763 0.030977 0.038897 0.602968 0.220907 1 59 1.000000
  59 21.664236 345.149780 153.094147 0.697530 0.002349 -0.716552 0.633958 0.291600 3 59 0.418779 60 0.370429 61 0.210791
boss
  60 6.853772 348.645905 184.756485 -0.818478 0.156236 0.552888 0.891139 0.192693 3 60 0.448747 68 0.323474 61 0.227779
  68 10.464454 361.074219 192.664261 -0.900913 -0.283803 -0.328346 0.891139 0.157277 3 68 0.676673 69 0.319058 67 0.004270
  68 19.056097 364.027618 189.654190 0.268382 0.601247 -0.752644 0.897780 0.157277 4 68 0.570005 69 0.423011 61 0.003564 60 0.003420
boss
  60 6.853772 348.645905 184.756485 -0.818478 0.156236 0.552888 0.891139 0.192693 3 60 0.448747 68 0.323474 61 0.227779
  69 18.371513 357.136078 196.715363 0.161586 -0.533944 0.829936 0.884499 0.157277 4 69 0.471222 68 0.451761 60 0.053937 61 0.023080
  68 10.464454 361.074219 192.664261 -0.900913 -0.283803 -0.328346 0.891139 0.157277 3 68 0.676673 69 0.319058 67 0.004270
boss
  61 13.449492 373.566315 175.309921 -0.873662 0.436980 0.213925 0.916037 0.192694 2 61 0.510836 64 0.489164
  61 21.435307 371.292480 181.070190 0.550455 0.047175 0.833531 0.909396 0.192694 2 61 0.523251 64 0.476749
  64 20.151432 381.511108 182.795181 0.098250 -0.219846 0.970574 0.909396 0.157277 2 64 0.504239 65 0.495761
boss
  64 20.762709 383.894775 173.351334 0.193332 0.318834 -0.927883 0.922678 0.157277 2 64 0.529648 65 0.470352
  61 13.449492 373.566315 175.309921 -0.873662 0.436980 0.213925 0.916037 0.192694 2 61 0.510836 64 0.489164
  64 13.283803 382.859833 177.384781 -0.859617 -0.460475 -0.221407 0.916037 0.157277 2 64 0.961079 65 0.038921
boss
  66 20.747272 382.666595 165.760880 0.049039 0.252319 0.966401 0.967979 0.877844 2 66 0.501541 67 0.498459
  66 13.541403 372.495483 162.117905 -0.853345 0.476647 -0.211209 0.974620 0.913261 2 66 0.530927 61 0.469073
  66 22.156160 375.244415 169.238602 0.881190 0.470507 0.046115 0.967979 0.913261 3 66 0.368129 61 0.317794 64 0.314077
boss
  66 13.541403 372.495483 162.117905 -0.853345 0.476647 -0.211209 0.974620 0.913261 2 66 0.530927 61 0.469073
  66 21.361885 380.512268 156.207611 0.251596 -0.092805 -0.963372 0.981260 0.877844 2 66 0.508193 67 0.491807
  66 22.584602 372.000885 155.612930 0.867349 0.439834 -0.232920 0.981260 0.913261 3 66 0.357089 62 0.343178 61 0.299733
boss
  61 16.977343 369.077759 151.996292 -0.752198 0.348982 -0.558936 0.774723 0.895285 2 61 0.549903 62 0.450097
  63 23.507895 380.067322 140.250671 0.495541 -0.479869 -0.723992 0.779150 0.842160 2 63 0.527010 62 0.472990
  62 22.530930 367.057892 148.197983 0.576798 -0.272853 -0.769971 0.779150 0.895285 2 62 0.548088 61 0.451912
boss
  61 16.977343 369.077759 151.996292 -0.752198 0.348982 -0.558936 0.774723 0.895285 2 61 0.549903 62 0.450097
  63 23.528921 383.118225 143.842392 0.542277 0.547139 0.637632 0.770296 0.842160 2 63 0.616569 62 0.383431
  63 18.426847 381.737549 142.370148 -0.970434 0.219681 -0.099987 0.774723 0.842160 2 63 0.518116 62 0.481884
boss
  40 91.879707 17.197826 250.126541 0.031663 -0.998714 0.039599 0.846435 0.239060 1 40 1.000000
  40 91.879707 22.260466 245.495468 0.058745 0.018308 -0.998105 0.846435 0.274476 1 40 1.000000
  41 124.659035 22.250849 246.212067 0.035141 0.019175 -0.999198 0.877424 0.274476 1 41 1.000000
boss
  32 91.879700 29.536549 253.179642 0.015881 0.519274 -0.854460 0.866939 0.428174 1 32 1.000000
  33 124.659027 30.140350 259.418152 0.036852 0.849845 0.525743 0.897928 0.463591 1 33 1.000000
  33 124.659027 28.975204 253.313568 0.020303 0.530668 -0.847337 0.897928 0.428174 1 33 1.000000
boss
  32 91.879707 22.801802 255.042435 -0.024201 -0.841195 -0.540189 0.866939 0.392204 1 32 1.000000
  32 91.879700 29.536549 253.179642 0.015881 0.519274 -0.854460 0.866939 0.428174 1 32 1.000000
  33 124.659027 28.975204 253.313568 0.020303 0.530668 -0.847337 0.897928 0.428174 1 33 1.000000
boss
  32 91.879707 23.877403 261.727814 0.017341 -0.548048 0.836267 0.866939 0.499008 1 32 1.000000
  33 124.659027 30.140350 259.418152 0.036852 0.849845 0.525743 0.897928 0.463591 1 33 1.000000
  32 91.879700 30.797293 259.785095 0.033052 0.850391 0.525112 0.866939 0.463591 1 32 1.000000
boss
  36 91.879707 21.464615 255.049240 -0.022740 0.872286 -0.488467 0.852293 0.699764 1 36 1.000000
  36 91.879707 19.834202 261.640228 0.020676 0.501474 0.864926 0.852293 0.735734 1 36 1.000000
  37 124.659035 20.008562 261.132629 0.017609 0.491121 0.870913 0.883283 0.735734 1 37 1.000000
boss
  40 91.879700 27.121937 250.298401 0.033768 0.997106 0.068110 0.846435 0.309893 1 40 1.000000
  41 124.659035 22.250849 246.212067 0.035141 0.019175 -0.999198 0.877424 0.274476 1 41 1.000000
  40 91.879707 22.260466 245.495468 0.058745 0.018308 -0.998105 0.846435 0.274476 1 40 1.000000
boss
  32 91.879707 22.801802 255.042435 -0.024201 -0.841195 -0.540189 0.866939 0.534424 1 32 1.000000
  33 124.659035 22.751137 255.035110 -0.002300 -0.841421 -0.540375 0.897928 0.534424 1 33 1.000000
  33 124.659035 23.745178 261.213562 0.017939 -0.535771 0.844173 0.897928 0.499008 1 33 1.000000
boss
  36 91.879707 19.834202 261.640228 0.020676 0.501474 0.864926 0.852293 0.735734 1 36 1.000000
  37 124.659035 13.773411 259.239563 0.037775 -0.893885 0.446701 0.883283 0.771150 1 37 1.000000
  37 124.659035 20.008562 261.132629 0.017609 0.491121 0.870913 0.883283 0.735734 1 37 1.000000
boss
  40 91.879707 22.179049 254.294098 -0.024070 -0.008655 0.999673 0.846435 0.345863 1 40 1.000000
  41 124.659035 22.175604 254.343506 -0.002442 -0.008411 0.999962 0.877424 0.345863 1 41 1.000000
  41 124.659027 26.743687 250.650803 0.017839 0.998753 0.046620 0.877424 0.309893 1 41 1.000000
boss
  40 91.879707 22.179049 254.294098 -0.024070 -0.008655 0.999673 0.846613 0.203275 1 40 1.000000
  40 91.879707 17.197826 250.126541 0.031663 -0.998714 0.039599 0.846435 0.239060 1 40 1.000000
  41 124.659035 17.572094 250.491974 0.018128 -0.999656 0.018937 0.877424 0.239060 1 41 1.000000
boss
  36 91.879707 15.444656 253.120148 0.032724 -0.422682 -0.905687 0.852293 0.806567 1 36 1.000000
  37 124.659035 13.773411 259.239563 0.037775 -0.893885 0.446701 0.883283 0.771150 1 37 1.000000
  36 91.879707 13.087463 259.591858 0.038546 -0.890182 0.453972 0.852293 0.771150 1 36 1.000000
boss
  36 91.879707 21.464615 255.049240 -0.022740 0.872286 -0.488467 0.852293 0.841984 1 36 1.000000
  37 124.659035 21.515343 255.041397 -0.002376 0.873113 -0.487512 0.883283 0.841984 1 37 1.000000
  37 124.659035 15.951864 253.258591 0.017226 -0.442805 -0.896452 0.883283 0.806567 1 37 1.000000
boss
  41 124.659035 17.572094 250.491974 0.018128 -0.999656 0.018937 0.877424 0.239060 1 41 1.000000
  41 124.659035 22.250849 246.212067 0.035141 0.019175 -0.999198 0.877424 0.274476 1 41 1.000000
  41 157.893616 22.229042 247.836777 0.039402 0.019245 -0.999038 0.908414 0.274476 2 41 0.920702 42 0.079298
boss
  33 124.659027 28.975204 253.313568 0.020303 0.530668 -0.847337 0.897928 0.428174 1 33 1.000000
  34 157.893616 28.650896 258.586212 0.040993 0.849398 0.526158 0.928918 0.463591 1 34 1.000000
  34 157.893616 27.702496 253.617233 0.030281 0.522150 -0.852316 0.928918 0.428174 1 34 1.000000
boss
  33 124.659035 22.751137 255.035110 -0.002300 -0.841421 -0.540375 0.897928 0.392204 1 33 1.000000
  33 124.659027 28.975204 253.313568 0.020303 0.530668 -0.847337 0.897928 0.428174 1 33 1.000000
  34 157.893616 27.702496 253.617233 0.030281 0.522150 -0.852316 0.928918 0.428174 1 34 1.000000
boss
  33 124.659035 23.745178 261.213562 0.017939 -0.535771 0.844173 0.897928 0.499008 1 33 1.000000
  34 157.893616 28.650896 258.586212 0.040993 0.849398 0.526158 0.928918 0.463591 1 34 1.000000
  33 124.659027 30.140350 259.418152 0.036852 0.849845 0.525743 0.897928 0.463591 1 33 1.000000
boss
  37 124.659035 21.515343 255.041397 -0.002376 0.873113 -0.487512 0.883283 0.699764 1 37 1.000000
  37 124.659035 20.008562 261.132629 0.017609 0.491121 0.870913 0.883283 0.735734 1 37 1.000000
  37 157.893616 20.403879 259.981750 0.027823 0.499479 0.865879 0.914272 0.735734 2 37 0.523738 38 0.476262
boss
  41 124.659027 26.743687 250.650803 0.017839 0.998753 0.046620 0.877424 0.309893 1 41 1.000000
  41 157.893616 22.229042 247.836777 0.039402 0.019245 -0.999038 0.908414 0.274476 2 41 0.920702 42 0.079298
  41 124.659035 22.250849 246.212067 0.035141 0.019175 -0.999198 0.877424 0.274476 1 41 1.000000
boss
  33 124.659035 22.751137 255.035110 -0.002300 -0.841421 -0.540375 0.897928 0.534424 1 33 1.000000
  34 157.893616 22.636265 255.018509 0.013327 -0.841697 -0.539786 0.928918 0.534424 1 34 1.000000
  34 157.893616 23.445389 260.047638 0.028907 -0.543977 0.838602 0.928918 0.499008 1 34 1.000000
boss
  37 124.659035 20.008562 261.132629 0.017609 0.491121 0.870913 0.883283 0.735734 1 37 1.000000
  37 157.893616 15.328622 258.440857 0.042433 -0.893775 0.446503 0.914272 0.771150 2 37 0.917674 38 0.082326
  37 157.893616 20.403879 259.981750 0.027823 0.499479 0.865879 0.914272 0.735734 2 37 0.523738 38 0.476262
boss
  41 124.659035 22.175604 254.343506 -0.002442 -0.008411 0.999962 0.877424 0.345863 1 41 1.000000
  41 157.893616 22.167793 254.455582 0.012024 -0.008448 0.999892 0.908414 0.345863 2 41 0.503361 42 0.496639
  41 157.893616 25.886099 251.449814 0.028129 0.998040 0.055892 0.908414 0.309893 2 41 0.526330 42 0.473670
boss
  41 124.659035 22.175604 254.343506 -0.002442 -0.008411 0.999962 0.877603 0.203275 1 41 1.000000
  41 124.659035 17.572094 250.491974 0.018128 -0.999656 0.018937 0.877424 0.239060 1 41 1.000000
  41 157.893616 18.420656 251.320511 0.028499 -0.999192 0.028326 0.908414 0.239060 2 41 0.526323 42 0.473677
boss
  37 124.659035 15.951864 253.258591 0.017226 -0.442805 -0.896452 0.883283 0.806567 1 37 1.000000
  37 157.893616 15.328622 258.440857 0.042433 -0.893775 0.446503 0.914272 0.771150 2 37 0.917674 38 0.082326
  37 124.659035 13.773411 259.239563 0.037775 -0.893885 0.446701 0.883283 0.771150 1 37 1.000000
boss
  37 124.659035 21.515343 255.041397 -0.002376 0.873113 -0.487512 0.883283 0.841984 1 37 1.000000
  37 157.893616 21.630360 255.023636 0.013283 0.873200 -0.487180 0.914272 0.841984 2 37 0.503717 38 0.496283
  37 157.893616 17.101830 253.572479 0.026874 -0.434374 -0.900331 0.914272 0.806567 2 37 0.523313 38 0.476687
boss
  37 157.893616 21.630360 255.023636 0.013283 0.873200 -0.487180 0.914272 0.841984 2 37 0.503717 38 0.496283
  39 183.540390 20.961977 255.407501 0.072091 0.870822 -0.486284 0.938621 0.841984 1 39 1.000000
  39 183.540390 17.437632 254.278122 0.073045 -0.438741 -0.895640 0.938621 0.806567 1 39 1.000000
boss
  41 157.893616 22.229042 247.836777 0.039402 0.019245 -0.999038 0.908414 0.274476 2 41 0.920702 42 0.079298
  43 183.540390 22.217258 248.597122 0.071143 0.019109 -0.997283 0.932763 0.274476 1 43 1.000000
  43 183.540390 19.253368 251.308350 0.077570 -0.996746 0.021899 0.932763 0.239060 1 43 1.000000
boss
  34 157.893616 28.650896 258.586212 0.040993 0.849398 0.526158 0.928918 0.463591 1 34 1.000000
  35 183.540390 27.238220 254.326859 0.078964 0.526653 -0.846405 0.953267 0.428174 1 35 1.000000
  34 157.893616 27.702496 253.617233 0.030281 0.522150 -0.852316 0.928918 0.428174 1 34 1.000000
boss
  34 157.893616 22.636265 255.018509 0.013327 -0.841697 -0.539786 0.928918 0.392204 1 34 1.000000
  34 157.893616 27.702496 253.617233 0.030281 0.522150 -0.852316 0.928918 0.428174 1 34 1.000000
  35 183.540390 27.238220 254.326859 0.078964 0.526653 -0.846405 0.953267 0.428174 1 35 1.000000
boss
  34 157.893616 28.650896 258.586212 0.040993 0.849398 0.526158 0.928918 0.463591 1 34 1.000000
  35 183.540390 23.925110 259.331329 0.080210 -0.537211 0.839625 0.953267 0.499008 1 35 1.000000
  35 183.540390 27.976315 258.193970 0.072953 0.848260 0.524531 0.953267 0.463591 1 35 1.000000
boss
  37 157.893616 21.630360 255.023636 0.013283 0.873200 -0.487180 0.914272 0.699764 2 37 0.503717 38 0.496283
  37 157.893616 20.403879 259.981750 0.027823 0.499479 0.865879 0.914272 0.735734 2 37 0.523738 38 0.476262
  39 183.540390 20.007462 259.266144 0.076296 0.492462 0.866983 0.938621 0.735734 1 39 1.000000
boss
  41 157.893616 22.229042 247.836777 0.039402 0.019245 -0.999038 0.908414 0.274476 2 41 0.920702 42 0.079298
  43 183.540390 25.063377 251.408981 0.076769 0.995815 0.049589 0.932763 0.309893 1 43 1.000000
  43 183.540390 22.217258 248.597122 0.071143 0.019109 -0.997283 0.932763 0.274476 1 43 1.000000
boss
  34 157.893616 22.636265 255.018509 0.013327 -0.841697 -0.539786 0.928918 0.534424 1 34 1.000000
  35 183.540390 23.295406 255.417404 0.072074 -0.839550 -0.538481 0.953267 0.534424 1 35 1.000000
  35 183.540390 23.925110 259.331329 0.080210 -0.537211 0.839625 0.953267 0.499008 1 35 1.000000
boss
  37 157.893616 20.403879 259.981750 0.027823 0.499479 0.865879 0.914272 0.735734 2 37 0.523738 38 0.476262
  39 183.540390 16.057627 258.066956 0.076407 -0.891856 0.445820 0.938621 0.771150 1 39 1.000000
  39 183.540390 20.007462 259.266144 0.076296 0.492462 0.866983 0.938621 0.735734 1 39 1.000000
boss
  41 157.893616 22.167793 254.455582 0.012024 -0.008448 0.999892 0.908414 0.345863 2 41 0.503361 42 0.496639
  43 183.540390 22.169592 253.748230 0.066386 -0.008335 0.997759 0.932763 0.345863 1 43 1.000000
  43 183.540390 25.063377 251.408981 0.076769 0.995815 0.049589 0.932763 0.309893 1 43 1.000000
boss
  41 157.893616 22.167793 254.455582 0.012024 -0.008448 0.999892 0.908592 0.203275 2 41 0.503361 42 0.496639
  41 157.893616 18.420656 251.320511 0.028499 -0.999192 0.028326 0.908414 0.239060 2 41 0.526323 42 0.473677
  43 183.540390 19.253368 251.308350 0.077570 -0.996746 0.021899 0.932763 0.239060 1 43 1.000000
boss
  37 157.893616 17.101830 253.572479 0.026874 -0.434374 -0.900331 0.914272 0.806567 2 37 0.523313 38 0.476687
  39 183.540390 16.057627 258.066956 0.076407 -0.891856 0.445820 0.938621 0.771150 1 39 1.000000
  37 157.893616 15.328622 258.440857 0.042433 -0.893775 0.446503 0.914272 0.771150 2 37 0.917674 38 0.082326
boss
  39 183.540390 16.057627 258.066956 0.076407 -0.891856 0.445820 0.938621 0.771150 1 39 1.000000
  39 183.540390 17.437632 254.278122 0.073045 -0.438741 -0.895640 0.938621 0.806567 1 39 1.000000
  39 206.561264 18.616177 256.754669 0.999999 0.000626 -0.001436 0.960757 0.771150 1 39 1.000000
boss
  39 183.540390 20.961977 255.407501 0.072091 0.870822 -0.486284 0.938621 0.841984 1 39 1.000000
  39 206.561264 18.616177 256.754669 0.999999 0.000626 -0.001436 0.960757 0.771150 1 39 1.000000
  39 183.540390 17.437632 254.278122 0.073045 -0.438741 -0.895640 0.938621 0.806567 1 39 1.000000
boss
  43 183.540390 22.217258 248.597122 0.071143 0.019109 -0.997283 0.932763 0.274476 1 43 1.000000
  43 206.561264 22.175901 251.265701 0.999999 0.000211 0.001293 0.954898 0.274476 1 43 1.000000
  43 183.540390 19.253368 251.308350 0.077570 -0.996746 0.021899 0.932763 0.239060 1 43 1.000000
boss
  35 183.540390 27.238220 254.326859 0.078964 0.526653 -0.846405 0.953267 0.428174 1 35 1.000000
  35 183.540390 27.976315 258.193970 0.072953 0.848260 0.524531 0.953267 0.463591 1 35 1.000000
  35 206.561264 25.608767 256.817383 1.000000 -0.000003 -0.000402 0.975402 0.463591 1 35 1.000000
boss
  35 183.540390 27.238220 254.326859 0.078964 0.526653 -0.846405 0.953267 0.428174 1 35 1.000000
  35 206.561264 25.608767 256.817383 1.000000 -0.000003 -0.000402 0.975402 0.463591 1 35 1.000000
  35 183.540390 23.295406 255.417404 0.072074 -0.839550 -0.538481 0.953267 0.392204 1 35 1.000000
boss
  35 183.540390 27.976315 258.193970 0.072953 0.848260 0.524531 0.953267 0.463591 1 35 1.000000
  35 183.540390 23.925110 259.331329 0.080210 -0.537211 0.839625 0.953267 0.499008 1 35 1.000000
  35 206.561264 25.608767 256.817383 1.000000 -0.000003 -0.000402 0.975402 0.463591 1 35 1.000000
boss
  39 183.540390 20.007462 259.266144 0.076296 0.492462 0.866983 0.938621 0.735734 1 39 1.000000
  39 206.561264 18.616177 256.754669 0.999999 0.000626 -0.001436 0.960757 0.771150 1 39 1.000000
  39 183.540390 20.961977 255.407501 0.072091 0.870822 -0.486284 0.938621 0.699764 1 39 1.000000
boss
  43 183.540390 22.217258 248.597122 0.071143 0.019109 -0.997283 0.932763 0.274476 1 43 1.000000
  43 183.540390 25.063377 251.408981 0.076769 0.995815 0.049589 0.932763 0.309893 1 43 1.000000
  43 206.561264 22.175901 251.265701 0.999999 0.000211 0.001293 0.954898 0.274476 1 43 1.000000
boss
  35 183.540390 23.295406 255.417404 0.072074 -0.839550 -0.538481 0.953267 0.534424 1 35 1.000000
  35 206.561264 25.608767 256.817383 1.000000 -0.000003 -0.000402 0.975402 0.463591 1 35 1.000000
  35 183.540390 23.925110 259.331329 0.080210 -0.537211 0.839625 0.953267 0.499008 1 35 1.000000
boss
  39 183.540390 20.007462 259.266144 0.076296 0.492462 0.866983 0.938621 0.735734 1 39 1.000000
  39 183.540390 16.057627 258.066956 0.076407 -0.891856 0.445820 0.938621 0.771150 1 39 1.000000
  39 206.561264 18.616177 256.754669 0.999999 0.000626 -0.001436 0.960757 0.771150 1 39 1.000000
boss
  43 183.540390 22.169592 253.748230 0.066386 -0.008335 0.997759 0.932763 0.345863 1 43 1.000000
  43 206.561264 22.175901 251.265701 0.999999 0.000211 0.001293 0.954898 0.274476 1 43 1.000000
  43 183.540390 25.063377 251.408981 0.076769 0.995815 0.049589 0.932763 0.309893 1 43 1.000000
boss
  43 183.540390 19.253368 251.308350 0.077570 -0.996746 0.021899 0.932763 0.239060 1 43 1.000000
  43 206.561264 22.175901 251.265701 0.999999 0.000211 0.001293 0.954898 0.274476 1 43 1.000000
  43 183.540390 22.169592 253.748230 0.066386 -0.008335 0.997759 0.932941 0.203275 1 43 1.000000
boss
  58 26.103859 100.360367 176.841782 0.918494 -0.007211 0.395370 0.403749 0.203198 1 58 1.000000
  58 14.621135 165.171402 187.557114 0.012104 -0.053749 0.998481 0.465728 0.148157 1 58 1.000000
  58 14.621140 100.360367 187.557114 0.011438 -0.004372 0.999925 0.403749 0.148157 1 58 1.000000
boss
  58 2.148531 100.360367 163.762772 -0.901466 0.035259 -0.431412 0.434472 0.409116 2 58 0.976107 59 0.023893
  58 14.957846 165.171402 154.465652 0.060628 -0.076794 -0.995202 0.496451 0.479949 1 58 1.000000
  58 14.464677 100.360367 154.465652 0.021866 0.045010 -0.998747 0.434472 0.479949 1 58 1.000000
boss
  58 25.905882 100.360367 164.077927 0.907391 0.040937 -0.418290 0.403749 0.247469 1 58 1.000000
  58 26.103853 165.171402 176.841782 0.923433 -0.008924 0.383656 0.465728 0.203198 1 58 1.000000
  58 26.103859 100.360367 176.841782 0.918494 -0.007211 0.395370 0.403749 0.203198 1 58 1.000000
boss
  58 14.464677 100.360367 154.465652 0.021866 0.045010 -0.998747 0.403749 0.291320 1 58 1.000000
  58 25.905878 165.171402 164.077927 0.911481 -0.011966 -0.411168 0.465728 0.247469 1 58 1.000000
  58 25.905882 100.360367 164.077927 0.907391 0.040937 -0.418290 0.403749 0.247469 1 58 1.000000
boss
  58 2.346508 100.360367 176.526611 -0.909639 -0.002258 0.415393 0.434472 0.364845 1 58 1.000000
  58 2.148526 165.171402 163.762772 -0.894085 -0.065539 -0.443077 0.496451 0.409116 1 58 1.000000
  58 2.148531 100.360367 163.762772 -0.901466 0.035259 -0.431412 0.434472 0.409116 2 58 0.976107 59 0.023893
boss
  58 14.621140 100.360367 187.557114 0.011438 -0.004372 0.999925 0.434472 0.303285 1 58 1.000000
  58 2.346503 165.171402 176.526611 -0.906546 -0.054293 0.418601 0.496451 0.364845 2 58 0.979382 60 0.020618
  58 2.346508 100.360367 176.526611 -0.909639 -0.002258 0.415393 0.434472 0.364845 1 58 1.000000
boss
  59 2.346501 195.067947 176.526611 -0.905689 0.042823 0.421775 0.523013 0.364845 1 59 1.000000
  59 -2.251923 313.614532 169.235977 -0.998873 0.022373 -0.041860 0.633691 0.391408 1 59 1.000000
  59 2.148524 195.067947 163.762772 -0.899081 0.053794 -0.434465 0.523013 0.409116 1 59 1.000000
boss
  59 21.463825 313.393158 151.638779 0.547088 -0.006166 -0.837053 0.633691 0.479949 1 59 1.000000
  59 14.464669 195.067947 154.465652 0.031778 0.084704 -0.995899 0.523013 0.479949 2 59 0.930738 62 0.069262
  59 6.620571 313.804565 156.019775 -0.598913 -0.014141 -0.800689 0.633691 0.444532 2 59 0.917860 58 0.082140
boss
  59 14.464669 195.067947 154.465652 0.031778 0.084704 -0.995899 0.492291 0.291236 2 59 0.930738 62 0.069262
  59 21.463825 313.393158 151.638779 0.547088 -0.006166 -0.837053 0.602968 0.291320 1 59 1.000000
  59 25.905876 195.067947 164.077927 0.914409 0.005919 -0.404749 0.492291 0.247469 1 59 1.000000
boss
  59 25.905876 195.067947 164.077927 0.914409 0.005919 -0.404749 0.492291 0.247469 1 59 1.000000
  59 24.096710 312.672974 171.668961 0.998763 0.030977 0.038897 0.602968 0.220907 1 59 1.000000
  59 26.103851 195.067947 176.841782 0.928273 -0.001233 0.371898 0.492291 0.203198 1 59 1.000000
boss
  59 14.621133 195.067947 187.557114 0.005951 0.028158 0.999586 0.523013 0.303201 1 59 1.000000
  59 19.634260 313.982269 192.965042 0.366455 0.009956 0.930383 0.633691 0.303285 2 59 0.960291 61 0.039709
  59 5.354249 314.445709 182.987900 -0.745627 -0.005269 0.666343 0.633691 0.338282 2 59 0.961737 61 0.038263
boss
  59 24.096710 312.672974 171.668961 0.998763 0.030977 0.038897 0.602968 0.220907 1 59 1.000000
  59 25.905876 195.067947 164.077927 0.914409 0.005919 -0.404749 0.492291 0.247469 1 59 1.000000
  59 21.463825 313.393158 151.638779 0.547088 -0.006166 -0.837053 0.602968 0.291320 1 59 1.000000
boss
  59 24.096710 312.672974 171.668961 0.998763 0.030977 0.038897 0.602968 0.220907 1 59 1.000000
  59 19.634260 313.982269 192.965042 0.366455 0.009956 0.930383 0.602968 0.143730 2 59 0.960291 61 0.039709
  59 26.103851 195.067947 176.841782 0.928273 -0.001233 0.371898 0.492291 0.203198 1 59 1.000000
boss
  59 26.103851 195.067947 176.841782 0.928273 -0.001233 0.371898 0.492291 0.203198 1 59 1.000000
  59 19.634260 313.982269 192.965042 0.366455 0.009956 0.930383 0.602968 0.143730 2 59 0.960291 61 0.039709
  59 14.621133 195.067947 187.557114 0.005951 0.028158 0.999586 0.492291 0.147774 1 59 1.000000
boss
  59 14.464669 195.067947 154.465652 0.031778 0.084704 -0.995899 0.523013 0.479949 2 59 0.930738 62 0.069262
  59 2.148524 195.067947 163.762772 -0.899081 0.053794 -0.434465 0.523013 0.409116 1 59 1.000000
  59 6.620571 313.804565 156.019775 -0.598913 -0.014141 -0.800689 0.633691 0.444532 2 59 0.917860 58 0.082140
boss
  59 6.620571 313.804565 156.019775 -0.598913 -0.014141 -0.800689 0.633691 0.444532 2 59 0.917860 58 0.082140
  59 2.148524 195.067947 163.762772 -0.899081 0.053794 -0.434465 0.523013 0.409116 1 59 1.000000
  59 -2.251923 313.614532 169.235977 -0.998873 0.022373 -0.041860 0.633691 0.391408 1 59 1.000000
boss
  59 -2.251923 313.614532 169.235977 -0.998873 0.022373 -0.041860 0.633691 0.391408 1 59 1.000000
  59 2.346501 195.067947 176.526611 -0.905689 0.042823 0.421775 0.523013 0.364845 1 59 1.000000
  59 5.354249 314.445709 182.987900 -0.745627 -0.005269 0.666343 0.633691 0.338282 2 59 0.961737 61 0.038263
boss
  59 14.621133 195.067947 187.557114 0.005951 0.028158 0.999586 0.523013 0.303201 1 59 1.000000
  59 5.354249 314.445709 182.987900 -0.745627 -0.005269 0.666343 0.633691 0.338282 2 59 0.961737 61 0.038263
  59 2.346501 195.067947 176.526611 -0.905689 0.042823 0.421775 0.523013 0.364845 1 59 1.000000
boss
  70 65.532127 30.767179 96.995667 0.021476 -0.008233 -0.999735 0.791562 0.419034 3 70 0.828497 71 0.116453 10 0.055050
  71 70.183472 30.767179 94.932045 -0.157806 0.049874 -0.986210 0.791562 0.436742 1 71 1.000000
  70 68.385689 25.137321 104.369980 0.150676 -0.987260 -0.051139 0.798203 0.427888 2 70 0.689871 71 0.310129
boss
  70 67.311028 30.615004 112.173477 0.520687 0.086038 0.849401 0.751190 0.853254 2 70 0.650286 71 0.349714
  70 67.434265 35.042995 104.369980 0.154612 0.987923 -0.010123 0.742336 0.853254 2 70 0.589244 71 0.410756
  9 46.926521 30.874399 133.206345 0.897089 0.416842 0.146537 0.768898 0.924087 4 9 0.505244 70 0.296075 57 0.181982 10 0.016699
boss
  9 50.089001 18.783524 104.060051 0.972802 -0.209806 -0.098173 0.089010 0.640526 4 9 0.403064 8 0.375446 70 0.219045 7 0.002445
  9 54.841377 0.002671 143.801712 0.997307 0.000000 0.073336 0.069088 0.498859 4 9 0.825530 57 0.061546 44 0.061478 8 0.051445
  8 56.318535 0.002672 104.060051 0.999768 0.000000 -0.021547 0.069088 0.640526 3 8 0.487401 9 0.447635 7 0.064964
boss
  9 46.926521 30.874399 133.206345 0.897089 0.416842 0.146537 0.824552 0.357055 4 9 0.505244 70 0.296075 57 0.181982 10 0.016699
  70 68.385689 25.137321 104.369980 0.150676 -0.987260 -0.051139 0.798203 0.427888 2 70 0.689871 71 0.310129
  70 67.311028 30.615004 112.173477 0.520687 0.086038 0.849401 0.807381 0.428505 2 70 0.650286 71 0.349714
boss
  70 65.532127 30.767179 96.995667 0.021476 -0.008233 -0.999735 0.735695 0.862108 3 70 0.828497 71 0.116453 10 0.055050
  8 47.430977 34.136192 90.714348 0.722074 0.615455 -0.315951 0.728783 0.923408 3 8 0.668348 7 0.209052 70 0.122600
  70 67.434265 35.042995 104.369980 0.154612 0.987923 -0.010123 0.742336 0.853254 2 70 0.589244 71 0.410756
boss
  70 68.385689 25.137321 104.369980 0.150676 -0.987260 -0.051139 0.798203 0.427888 2 70 0.689871 71 0.310129
  71 122.116478 25.137325 104.369980 0.010598 -0.994900 -0.100303 0.795989 0.640388 3 71 0.609817 72 0.389415 76 0.000768
  72 117.863327 30.615007 110.908928 -0.105639 0.051209 0.993085 0.804844 0.622680 2 72 0.530535 71 0.469465
boss
  70 67.434265 35.042995 104.369980 0.154612 0.987923 -0.010123 0.742336 0.853254 2 70 0.589244 71 0.410756
  70 67.311028 30.615004 112.173477 0.520687 0.086038 0.849401 0.751190 0.853254 2 70 0.650286 71 0.349714
  72 117.863327 30.615007 110.908928 -0.105639 0.051209 0.993085 0.748976 0.658463 2 72 0.530535 71 0.469465
boss
  70 67.434265 35.042995 104.369980 0.154612 0.987923 -0.010123 0.742336 0.853254 2 70 0.589244 71 0.410756
  71 70.183472 30.767179 94.932045 -0.157806 0.049874 -0.986210 0.735695 0.844400 1 71 1.000000
  70 65.532127 30.767179 96.995667 0.021476 -0.008233 -0.999735 0.735695 0.862108 3 70 0.828497 71 0.116453 10 0.055050
boss
  72 123.264084 30.615007 112.445610 -0.090029 0.041425 0.995077 0.748976 0.631900 2 72 0.980036 71 0.019964
  73 162.657867 30.615011 110.382835 0.126136 0.060155 0.990187 0.746763 0.481379 2 73 0.519304 72 0.480696
  73 162.875092 34.064518 104.369980 0.044541 0.998176 -0.040754 0.740122 0.481379 2 73 0.512353 72 0.487647
boss
  72 121.948433 30.767183 99.542915 0.052708 0.074221 -0.995848 0.735695 0.640754 2 72 0.675395 71 0.324605
  72 121.165047 35.042999 104.369980 0.009948 0.996769 -0.079705 0.740122 0.640754 2 72 0.617874 71 0.382126
  73 162.875092 34.064518 104.369980 0.044541 0.998176 -0.040754 0.740122 0.481379 2 73 0.512353 72 0.487647
boss
  71 122.116478 25.137325 104.369980 0.010598 -0.994900 -0.100303 0.795989 0.640388 3 71 0.609817 72 0.389415 76 0.000768
  73 163.638550 26.115812 104.369980 0.054288 -0.997139 -0.052598 0.795989 0.799763 2 73 0.638786 72 0.361214
  73 162.657867 30.615011 110.382835 0.126136 0.060155 0.990187 0.802630 0.799763 2 73 0.519304 72 0.480696
boss
  71 122.116478 25.137325 104.369980 0.010598 -0.994900 -0.100303 0.795989 0.640388 3 71 0.609817 72 0.389415 76 0.000768
  72 121.948433 30.767183 99.542915 0.052708 0.074221 -0.995848 0.791562 0.640388 2 72 0.675395 71 0.324605
  73 163.564484 30.767187 99.940399 -0.012371 0.088681 -0.995983 0.791562 0.799763 2 73 0.535370 72 0.464630
boss
  73 162.875092 34.064518 104.369980 0.044541 0.998176 -0.040754 0.740122 0.481379 2 73 0.512353 72 0.487647
  73 215.243210 30.379141 97.879570 0.991230 0.002032 -0.132133 0.734886 0.285291 1 73 1.000000
  73 163.564484 30.767187 99.940399 -0.012371 0.088681 -0.995983 0.735695 0.481379 2 73 0.535370 72 0.464630
boss
  73 163.638550 26.115812 104.369980 0.054288 -0.997139 -0.052598 0.795989 0.799763 2 73 0.638786 72 0.361214
  73 215.243210 30.379141 97.879570 0.991230 0.002032 -0.132133 0.791562 0.994555 1 73 1.000000
  73 162.657867 30.615011 110.382835 0.126136 0.060155 0.990187 0.802630 0.799763 2 73 0.519304 72 0.480696
boss
  73 163.564484 30.767187 99.940399 -0.012371 0.088681 -0.995983 0.791562 0.799763 2 73 0.535370 72 0.464630
  73 215.243210 30.379141 97.879570 0.991230 0.002032 -0.132133 0.791562 0.994555 1 73 1.000000
  73 163.638550 26.115812 104.369980 0.054288 -0.997139 -0.052598 0.795989 0.799763 2 73 0.638786 72 0.361214
boss
  73 162.657867 30.615011 110.382835 0.126136 0.060155 0.990187 0.746763 0.481379 2 73 0.519304 72 0.480696
  73 215.243210 30.379141 97.879570 0.991230 0.002032 -0.132133 0.734886 0.285291 1 73 1.000000
  73 162.875092 34.064518 104.369980 0.044541 0.998176 -0.040754 0.740122 0.481379 2 73 0.512353 72 0.487647
boss
  71 122.116478 25.137325 104.369980 0.010598 -0.994900 -0.100303 0.795989 0.640388 3 71 0.609817 72 0.389415 76 0.000768
  72 123.264084 30.615007 112.445610 -0.090029 0.041425 0.995077 0.804844 0.649242 2 72 0.980036 71 0.019964
  72 117.863327 30.615007 110.908928 -0.105639 0.051209 0.993085 0.804844 0.622680 2 72 0.530535 71 0.469465
boss
  72 117.863327 30.615007 110.908928 -0.105639 0.051209 0.993085 0.748976 0.658463 2 72 0.530535 71 0.469465
  72 123.264084 30.615007 112.445610 -0.090029 0.041425 0.995077 0.748976 0.631900 2 72 0.980036 71 0.019964
  72 121.165047 35.042999 104.369980 0.009948 0.996769 -0.079705 0.740122 0.640754 2 72 0.617874 71 0.382126
boss
  71 70.183472 30.767179 94.932045 -0.157806 0.049874 -0.986210 0.791562 0.436742 1 71 1.000000
  72 121.948433 30.767183 99.542915 0.052708 0.074221 -0.995848 0.791562 0.640388 2 72 0.675395 71 0.324605
  71 122.116478 25.137325 104.369980 0.010598 -0.994900 -0.100303 0.795989 0.640388 3 71 0.609817 72 0.389415 76 0.000768
boss
  71 70.183472 30.767179 94.932045 -0.157806 0.049874 -0.986210 0.735695 0.844400 1 71 1.000000
  70 67.434265 35.042995 104.369980 0.154612 0.987923 -0.010123 0.742336 0.853254 2 70 0.589244 71 0.410756
  72 121.165047 35.042999 104.369980 0.009948 0.996769 -0.079705 0.740122 0.640754 2 72 0.617874 71 0.382126
boss
  59 2.148524 195.067947 163.762772 -0.899081 0.053794 -0.434465 0.523013 0.409116 1 59 1.000000
  59 0.326997 180.788544 163.762772 -0.919027 0.002071 -0.394188 0.509732 0.409116 2 59 0.505585 58 0.494415
  59 0.524975 180.788544 176.526611 -0.916152 0.005206 0.400798 0.509732 0.364845 2 59 0.502789 58 0.497211
boss
  58 2.148526 165.171402 163.762772 -0.894085 -0.065539 -0.443077 0.496451 0.409116 1 58 1.000000
  59 0.524975 180.788544 176.526611 -0.916152 0.005206 0.400798 0.509732 0.364845 2 59 0.502789 58 0.497211
  59 0.326997 180.788544 163.762772 -0.919027 0.002071 -0.394188 0.509732 0.409116 2 59 0.505585 58 0.494415
boss
  58 25.905878 165.171402 164.077927 0.911481 -0.011966 -0.411168 0.465728 0.247469 1 58 1.000000
  58 14.957846 165.171402 154.465652 0.060628 -0.076794 -0.995202 0.465728 0.291320 1 58 1.000000
  59 13.983833 182.800079 151.786713 0.017796 0.028200 -0.999444 0.479958 0.291260 2 59 0.530327 58 0.469673
boss
  58 14.456355 180.512878 189.177994 0.018208 0.002433 0.999831 0.479010 0.147883 2 58 0.543591 59 0.456409
  58 26.103853 165.171402 176.841782 0.923433 -0.008924 0.383656 0.465728 0.203198 1 58 1.000000
  59 26.103851 195.067947 176.841782 0.928273 -0.001233 0.371898 0.492291 0.203198 1 59 1.000000
boss
  59 26.103851 195.067947 176.841782 0.928273 -0.001233 0.371898 0.492291 0.203198 1 59 1.000000
  59 14.621133 195.067947 187.557114 0.005951 0.028158 0.999586 0.492291 0.147774 1 59 1.000000
  58 14.456355 180.512878 189.177994 0.018208 0.002433 0.999831 0.479010 0.147883 2 58 0.543591 59 0.456409
boss
  59 13.983833 182.800079 151.786713 0.017796 0.028200 -0.999444 0.479958 0.291260 2 59 0.530327 58 0.469673
  59 25.905876 195.067947 164.077927 0.914409 0.005919 -0.404749 0.492291 0.247469 1 59 1.000000
  58 25.905878 165.171402 164.077927 0.911481 -0.011966 -0.411168 0.465728 0.247469 1 58 1.000000
boss
  59 25.905876 195.067947 164.077927 0.914409 0.005919 -0.404749 0.492291 0.247469 1 59 1.000000
  59 13.983833 182.800079 151.786713 0.017796 0.028200 -0.999444 0.479958 0.291260 2 59 0.530327 58 0.469673
  59 14.464669 195.067947 154.465652 0.031778 0.084704 -0.995899 0.492291 0.291236 2 59 0.930738 62 0.069262
boss
  58 26.103853 165.171402 176.841782 0.923433 -0.008924 0.383656 0.465728 0.203198 1 58 1.000000
  59 25.905876 195.067947 164.077927 0.914409 0.005919 -0.404749 0.492291 0.247469 1 59 1.000000
  59 26.103851 195.067947 176.841782 0.928273 -0.001233 0.371898 0.492291 0.203198 1 59 1.000000
boss
  58 14.621135 165.171402 187.557114 0.012104 -0.053749 0.998481 0.465728 0.148157 1 58 1.000000
  58 26.103853 165.171402 176.841782 0.923433 -0.008924 0.383656 0.465728 0.203198 1 58 1.000000
  58 14.456355 180.512878 189.177994 0.018208 0.002433 0.999831 0.479010 0.147883 2 58 0.543591 59 0.456409
boss
  58 14.957846 165.171402 154.465652 0.060628 -0.076794 -0.995202 0.496451 0.479949 1 58 1.000000
  58 2.148526 165.171402 163.762772 -0.894085 -0.065539 -0.443077 0.496451 0.409116 1 58 1.000000
  59 13.983833 182.800079 151.786713 0.017796 0.028200 -0.999444 0.509732 0.479949 2 59 0.530327 58 0.469673
boss
  59 0.524975 180.788544 176.526611 -0.916152 0.005206 0.400798 0.509732 0.364845 2 59 0.502789 58 0.497211
  58 14.456355 180.512878 189.177994 0.018208 0.002433 0.999831 0.510681 0.303225 2 58 0.543591 59 0.456409
  59 2.346501 195.067947 176.526611 -0.905689 0.042823 0.421775 0.523013 0.364845 1 59 1.000000
boss
  58 14.456355 180.512878 189.177994 0.018208 0.002433 0.999831 0.510681 0.303225 2 58 0.543591 59 0.456409
  59 0.524975 180.788544 176.526611 -0.916152 0.005206 0.400798 0.509732 0.364845 2 59 0.502789 58 0.497211
  58 2.346503 165.171402 176.526611 -0.906546 -0.054293 0.418601 0.496451 0.364845 2 58 0.979382 60 0.020618
boss
  59 2.148524 195.067947 163.762772 -0.899081 0.053794 -0.434465 0.523013 0.409116 1 59 1.000000
  59 14.464669 195.067947 154.465652 0.031778 0.084704 -0.995899 0.523013 0.479949 2 59 0.930738 62 0.069262
  59 13.983833 182.800079 151.786713 0.017796 0.028200 -0.999444 0.509732 0.479949 2 59 0.530327 58 0.469673
boss
  59 14.621133 195.067947 187.557114 0.005951 0.028158 0.999586 0.523013 0.303201 1 59 1.000000
  59 2.346501 195.067947 176.526611 -0.905689 0.042823 0.421775 0.523013 0.364845 1 59 1.000000
  58 14.456355 180.512878 189.177994 0.018208 0.002433 0.999831 0.510681 0.303225 2 58 0.543591 59 0.456409
boss
  59 0.326997 180.788544 163.762772 -0.919027 0.002071 -0.394188 0.509732 0.409116 2 59 0.505585 58 0.494415
  59 13.983833 182.800079 151.786713 0.017796 0.028200 -0.999444 0.509732 0.479949 2 59 0.530327 58 0.469673
  58 2.148526 165.171402 163.762772 -0.894085 -0.065539 -0.443077 0.496451 0.409116 1 58 1.000000
boss
  59 2.148524 195.067947 163.762772 -0.899081 0.053794 -0.434465 0.523013 0.409116 1 59 1.000000
  59 13.983833 182.800079 151.786713 0.017796 0.028200 -0.999444 0.509732 0.479949 2 59 0.530327 58 0.469673
  59 0.326997 180.788544 163.762772 -0.919027 0.002071 -0.394188 0.509732 0.409116 2 59 0.505585 58 0.494415
boss
  58 2.346503 165.171402 176.526611 -0.906546 -0.054293 0.418601 0.496451 0.364845 2 58 0.979382 60 0.020618
  58 14.621135 165.171402 187.557114 0.012104 -0.053749 0.998481 0.496451 0.303285 1 58 1.000000
  58 14.456355 180.512878 189.177994 0.018208 0.002433 0.999831 0.510681 0.303225 2 58 0.543591 59 0.456409
boss
  11 -4.763941 4.446641 189.901993 0.100601 0.821262 0.561613 0.828612 0.156134 4 11 0.393295 44 0.284445 57 0.243172 10 0.079088
  10 -51.379074 0.002663 196.774216 -0.957777 -0.000000 -0.287512 0.872882 0.156134 2 10 0.536152 11 0.463848
  10 -49.888229 0.002664 201.392166 -0.664627 -0.000000 0.747176 0.872882 0.138426 2 10 0.537095 11 0.462905
boss
  11 3.785312 6.069067 202.450623 0.088895 0.836635 0.540499 0.119079 0.183439 2 11 0.999802 12 0.000198
  11 -34.322205 0.002665 209.957092 -0.977308 -0.000000 -0.211822 0.156709 0.174585 1 11 1.000000
  11 -32.650307 0.002665 214.298569 -0.616971 0.000000 0.786986 0.156709 0.156876 1 11 1.000000
boss
  67 24.249235 381.624664 161.475021 0.997204 -0.030585 0.068180 0.970226 0.136773 2 67 0.582326 66 0.417674
  67 22.793919 401.316711 152.584488 -0.036820 0.052021 -0.997967 0.963585 0.074794 1 67 1.000000
  67 31.237833 417.026184 154.879654 0.427453 0.890405 -0.156407 0.970226 0.021669 1 67 1.000000
boss
  68 21.849258 360.581848 193.184738 0.997429 -0.069999 0.015335 0.358037 0.417970 3 68 0.494173 69 0.463762 60 0.042066
  68 19.814600 345.745331 190.344421 0.582763 -0.168317 0.795020 0.364677 0.453387 4 68 0.383264 60 0.371762 59 0.239415 66 0.005558
  68 20.646545 358.103668 184.173904 0.927121 0.336805 0.164341 0.351396 0.453387 3 68 0.344782 60 0.328016 61 0.327203
boss
  68 19.814600 345.745331 190.344421 0.582763 -0.168317 0.795020 0.364677 0.453387 4 68 0.383264 60 0.371762 59 0.239415 66 0.005558
  68 21.849258 360.581848 193.184738 0.997429 -0.069999 0.015335 0.358037 0.417970 3 68 0.494173 69 0.463762 60 0.042066
  69 18.371513 357.136078 196.715363 0.161586 -0.533944 0.829936 0.364677 0.417970 4 69 0.471222 68 0.451761 60 0.053937 61 0.023080
boss
  66 22.156160 375.244415 169.238602 0.881190 0.470507 0.046115 0.976867 0.172189 3 66 0.368129 61 0.317794 64 0.314077
  67 24.249235 381.624664 161.475021 0.997204 -0.030585 0.068180 0.970226 0.136773 2 67 0.582326 66 0.417674
  66 20.747272 382.666595 165.760880 0.049039 0.252319 0.966401 0.976867 0.136773 2 66 0.501541 67 0.498459
boss
  67 24.249235 381.624664 161.475021 0.997204 -0.030585 0.068180 0.970226 0.136773 2 67 0.582326 66 0.417674
  66 22.584602 372.000885 155.612930 0.867349 0.439834 -0.232920 0.963585 0.172189 3 66 0.357089 62 0.343178 61 0.299733
  66 21.361885 380.512268 156.207611 0.251596 -0.092805 -0.963372 0.963585 0.136773 2 66 0.508193 67 0.491807
boss
  61 21.435307 371.292480 181.070190 0.550455 0.047175 0.833531 0.726426 0.365512 2 61 0.523251 64 0.476749
  65 23.627613 385.718842 178.931213 0.994980 -0.094728 0.032256 0.719785 0.330096 2 65 0.631466 64 0.368534
  64 20.151432 381.511108 182.795181 0.098250 -0.219846 0.970574 0.726426 0.330096 2 64 0.504239 65 0.495761
boss
  65 23.627613 385.718842 178.931213 0.994980 -0.094728 0.032256 0.719785 0.330096 2 65 0.631466 64 0.368534
  66 22.156160 375.244415 169.238602 0.881190 0.470507 0.046115 0.713144 0.365512 3 66 0.368129 61 0.317794 64 0.314077
  64 20.762709 383.894775 173.351334 0.193332 0.318834 -0.927883 0.713144 0.330096 2 64 0.529648 65 0.470352
boss
  68 21.849258 360.581848 193.184738 0.997429 -0.069999 0.015335 0.358037 0.417970 3 68 0.494173 69 0.463762 60 0.042066
  69 21.236385 375.647186 198.722519 0.078087 0.750836 -0.655857 0.351396 0.355991 1 69 1.000000
  69 30.207903 384.354034 211.829849 0.504316 0.672382 0.541819 0.358037 0.302866 1 69 1.000000
boss
  67 11.573774 382.892303 159.820709 -0.974041 -0.223888 -0.033433 0.974620 0.868990 2 67 0.586706 66 0.413294
  67 24.812895 402.731415 162.424210 0.099525 0.325641 0.940241 0.967979 0.815865 1 67 1.000000
  67 18.158577 401.115356 157.039642 -0.892778 0.449306 -0.032739 0.974620 0.815865 1 67 1.000000
boss
  64 13.283803 382.859833 177.384781 -0.859617 -0.460475 -0.221407 0.916037 0.157277 2 64 0.961079 65 0.038921
  64 20.151432 381.511108 182.795181 0.098250 -0.219846 0.970574 0.909396 0.157277 2 64 0.504239 65 0.495761
  65 10.656217 385.338043 177.913681 -0.983732 -0.139416 -0.113289 0.916037 0.148423 1 65 1.000000
boss
  66 14.319254 380.437561 160.508957 -0.901357 -0.433077 -0.000324 0.974620 0.877844 2 66 0.994351 67 0.005649
  67 11.573774 382.892303 159.820709 -0.974041 -0.223888 -0.033433 0.974620 0.868990 2 67 0.586706 66 0.413294
  66 21.361885 380.512268 156.207611 0.251596 -0.092805 -0.963372 0.981260 0.877844 2 66 0.508193 67 0.491807
boss
  65 23.627613 385.718842 178.931213 0.994980 -0.094728 0.032256 0.719785 0.330096 2 65 0.631466 64 0.368534
  65 22.223452 398.266083 187.264343 -0.110692 0.034214 0.993266 0.726426 0.268117 1 65 1.000000
  64 20.151432 381.511108 182.795181 0.098250 -0.219846 0.970574 0.726426 0.330096 2 64 0.504239 65 0.495761
boss
  69 7.875257 363.270081 193.779861 -0.984726 -0.048201 -0.167307 0.891139 0.148423 1 69 1.000000
  69 15.022226 372.508636 201.798828 -0.814241 0.478099 0.329291 0.891139 0.095298 1 69 1.000000
  69 21.236385 375.647186 198.722519 0.078087 0.750836 -0.655857 0.897780 0.095298 1 69 1.000000
boss
  67 24.249235 381.624664 161.475021 0.997204 -0.030585 0.068180 0.970226 0.136773 2 67 0.582326 66 0.417674
  67 24.812895 402.731415 162.424210 0.099525 0.325641 0.940241 0.976867 0.074794 1 67 1.000000
  66 20.747272 382.666595 165.760880 0.049039 0.252319 0.966401 0.976867 0.136773 2 66 0.501541 67 0.498459
boss
  65 23.627613 385.718842 178.931213 0.994980 -0.094728 0.032256 0.719785 0.330096 2 65 0.631466 64 0.368534
  65 22.834728 400.455688 177.773621 0.035275 0.495435 -0.867928 0.713144 0.268117 1 65 1.000000
  65 31.809769 409.618927 185.790741 0.600867 0.762907 0.238604 0.719785 0.214992 1 65 1.000000
boss
  64 13.283803 382.859833 177.384781 -0.859617 -0.460475 -0.221407 0.916037 0.157277 2 64 0.961079 65 0.038921
  65 10.656217 385.338043 177.913681 -0.983732 -0.139416 -0.113289 0.916037 0.148423 1 65 1.000000
  64 20.762709 383.894775 173.351334 0.193332 0.318834 -0.927883 0.922678 0.157277 2 64 0.529648 65 0.470352
boss
  69 7.875257 363.270081 193.779861 -0.984726 -0.048201 -0.167307 0.891139 0.148423 1 69 1.000000
  69 20.551800 368.755524 205.783676 0.001895 -0.463290 0.886205 0.884499 0.095298 1 69 1.000000
  69 15.022226 372.508636 201.798828 -0.814241 0.478099 0.329291 0.891139 0.095298 1 69 1.000000
boss
  68 21.849258 360.581848 193.184738 0.997429 -0.069999 0.015335 0.358037 0.417970 3 68 0.494173 69 0.463762 60 0.042066
  69 20.551800 368.755524 205.783676 0.001895 -0.463290 0.886205 0.364677 0.355991 1 69 1.000000
  69 18.371513 357.136078 196.715363 0.161586 -0.533944 0.829936 0.364677 0.417970 4 69 0.471222 68 0.451761 60 0.053937 61 0.023080
boss
  69 21.236385 375.647186 198.722519 0.078087 0.750836 -0.655857 0.897780 0.095298 1 69 1.000000
  69 15.022226 372.508636 201.798828 -0.814241 0.478099 0.329291 0.891139 0.095298 1 69 1.000000
  69 30.207903 384.354034 211.829849 0.504316 0.672382 0.541819 0.891139 0.042173 1 69 1.000000
boss
  69 7.875257 363.270081 193.779861 -0.984726 -0.048201 -0.167307 0.891139 0.148423 1 69 1.000000
  68 10.464454 361.074219 192.664261 -0.900913 -0.283803 -0.328346 0.891139 0.157277 3 68 0.676673 69 0.319058 67 0.004270
  69 18.371513 357.136078 196.715363 0.161586 -0.533944 0.829936 0.884499 0.157277 4 69 0.471222 68 0.451761 60 0.053937 61 0.023080
boss
  69 7.875257 363.270081 193.779861 -0.984726 -0.048201 -0.167307 0.891139 0.148423 1 69 1.000000
  68 19.056097 364.027618 189.654190 0.268382 0.601247 -0.752644 0.897780 0.157277 4 68 0.570005 69 0.423011 61 0.003564 60 0.003420
  68 10.464454 361.074219 192.664261 -0.900913 -0.283803 -0.328346 0.891139 0.157277 3 68 0.676673 69 0.319058 67 0.004270
boss
  65 10.656217 385.338043 177.913681 -0.983732 -0.139416 -0.113289 0.916037 0.148423 1 65 1.000000
  64 20.151432 381.511108 182.795181 0.098250 -0.219846 0.970574 0.909396 0.157277 2 64 0.504239 65 0.495761
  65 22.223452 398.266083 187.264343 -0.110692 0.034214 0.993266 0.909396 0.095298 1 65 1.000000
boss
  65 10.656217 385.338043 177.913681 -0.983732 -0.139416 -0.113289 0.916037 0.148423 1 65 1.000000
  65 22.834728 400.455688 177.773621 0.035275 0.495435 -0.867928 0.922678 0.095298 1 65 1.000000
  64 20.762709 383.894775 173.351334 0.193332 0.318834 -0.927883 0.922678 0.157277 2 64 0.529648 65 0.470352
boss
  67 11.573774 382.892303 159.820709 -0.974041 -0.223888 -0.033433 0.974620 0.868990 2 67 0.586706 66 0.413294
  67 22.793919 401.316711 152.584488 -0.036820 0.052021 -0.997967 0.981260 0.815865 1 67 1.000000
  66 21.361885 380.512268 156.207611 0.251596 -0.092805 -0.963372 0.981260 0.877844 2 66 0.508193 67 0.491807
boss
  67 11.573774 382.892303 159.820709 -0.974041 -0.223888 -0.033433 0.974620 0.868990 2 67 0.586706 66 0.413294
  66 14.319254 380.437561 160.508957 -0.901357 -0.433077 -0.000324 0.974620 0.877844 2 66 0.994351 67 0.005649
  66 20.747272 382.666595 165.760880 0.049039 0.252319 0.966401 0.967979 0.877844 2 66 0.501541 67 0.498459
boss
  69 15.022226 372.508636 201.798828 -0.814241 0.478099 0.329291 0.891139 0.095298 1 69 1.000000
  69 20.551800 368.755524 205.783676 0.001895 -0.463290 0.886205 0.884499 0.095298 1 69 1.000000
  69 30.207903 384.354034 211.829849 0.504316 0.672382 0.541819 0.891139 0.042173 1 69 1.000000
boss
  65 22.223452 398.266083 187.264343 -0.110692 0.034214 0.993266 0.909396 0.095298 1 65 1.000000
  65 31.809769 409.618927 185.790741 0.600867 0.762907 0.238604 0.916037 0.042173 1 65 1.000000
  65 17.750977 399.323792 181.910690 -0.808764 0.585006 0.060569 0.916037 0.095298 1 65 1.000000
boss
  65 17.750977 399.323792 181.910690 -0.808764 0.585006 0.060569 0.916037 0.095298 1 65 1.000000
  65 31.809769 409.618927 185.790741 0.600867 0.762907 0.238604 0.916037 0.042173 1 65 1.000000
  65 22.834728 400.455688 177.773621 0.035275 0.495435 -0.867928 0.922678 0.095298 1 65 1.000000
boss
  67 24.812895 402.731415 162.424210 0.099525 0.325641 0.940241 0.967979 0.815865 1 67 1.000000
  67 31.237833 417.026184 154.879654 0.427453 0.890405 -0.156407 0.974620 0.762740 1 67 1.000000
  67 18.158577 401.115356 157.039642 -0.892778 0.449306 -0.032739 0.974620 0.815865 1 67 1.000000
boss
  67 18.158577 401.115356 157.039642 -0.892778 0.449306 -0.032739 0.974620 0.815865 1 67 1.000000
  67 31.237833 417.026184 154.879654 0.427453 0.890405 -0.156407 0.974620 0.762740 1 67 1.000000
  67 22.793919 401.316711 152.584488 -0.036820 0.052021 -0.997967 0.981260 0.815865 1 67 1.000000
boss
  63 23.528921 383.118225 143.842392 0.542277 0.547139 0.637632 0.770296 0.842160 2 63 0.616569 62 0.383431
  63 24.753872 392.531860 133.888031 0.203467 0.779423 -0.592538 0.774723 0.797890 1 63 1.000000
  63 18.426847 381.737549 142.370148 -0.970434 0.219681 -0.099987 0.774723 0.842160 2 63 0.518116 62 0.481884
boss
  63 18.426847 381.737549 142.370148 -0.970434 0.219681 -0.099987 0.774723 0.842160 2 63 0.518116 62 0.481884
  63 24.753872 392.531860 133.888031 0.203467 0.779423 -0.592538 0.774723 0.797890 1 63 1.000000
  63 23.507895 380.067322 140.250671 0.495541 -0.479869 -0.723992 0.779150 0.842160 2 63 0.527010 62 0.472990
boss
  63 23.507895 380.067322 140.250671 0.495541 -0.479869 -0.723992 0.694138 0.273908 2 63 0.527010 62 0.472990
  63 24.753872 392.531860 133.888031 0.203467 0.779423 -0.592538 0.698565 0.229637 1 63 1.000000
  63 23.528921 383.118225 143.842392 0.542277 0.547139 0.637632 0.702993 0.273908 2 63 0.616569 62 0.383431
boss
  59 21.664236 345.149780 153.094147 0.697530 0.002349 -0.716552 0.662467 0.479949 3 59 0.418779 60 0.370429 61 0.210791
  59 21.463825 313.393158 151.638779 0.547088 -0.006166 -0.837053 0.633691 0.479949 1 59 1.000000
  60 8.492666 350.113983 153.637894 -0.660383 0.135945 -0.738521 0.666894 0.453387 2 60 0.526703 59 0.473297
boss
  59 21.664236 345.149780 153.094147 0.697530 0.002349 -0.716552 0.633958 0.291600 3 59 0.418779 60 0.370429 61 0.210791
  59 24.096710 312.672974 171.668961 0.998763 0.030977 0.038897 0.602968 0.220907 1 59 1.000000
  59 21.463825 313.393158 151.638779 0.547088 -0.006166 -0.837053 0.602968 0.291320 1 59 1.000000
boss
  68 19.814600 345.745331 190.344421 0.582763 -0.168317 0.795020 0.633072 0.143228 4 68 0.383264 60 0.371762 59 0.239415 66 0.005558
  59 24.096710 312.672974 171.668961 0.998763 0.030977 0.038897 0.602968 0.220907 1 59 1.000000
  59 21.473633 339.809540 169.980286 0.996921 0.065529 0.043060 0.627317 0.220906 2 59 0.500582 60 0.499418
boss
  59 5.354249 314.445709 182.987900 -0.745627 -0.005269 0.666343 0.633691 0.338282 2 59 0.961737 61 0.038263
  59 19.634260 313.982269 192.965042 0.366455 0.009956 0.930383 0.633691 0.303285 2 59 0.960291 61 0.039709
  60 6.853772 348.645905 184.756485 -0.818478 0.156236 0.552888 0.666894 0.338282 3 60 0.448747 68 0.323474 61 0.227779
boss
  60 2.886984 347.743958 167.235199 -0.968130 0.236611 -0.082094 0.664680 0.400262 1 60 1.000000
  59 -2.251923 313.614532 169.235977 -0.998873 0.022373 -0.041860 0.633691 0.391408 1 59 1.000000
  60 6.853772 348.645905 184.756485 -0.818478 0.156236 0.552888 0.666894 0.338282 3 60 0.448747 68 0.323474 61 0.227779
boss
  60 2.886984 347.743958 167.235199 -0.968130 0.236611 -0.082094 0.664680 0.400262 1 60 1.000000
  60 8.492666 350.113983 153.637894 -0.660383 0.135945 -0.738521 0.666894 0.453387 2 60 0.526703 59 0.473297
  59 -2.251923 313.614532 169.235977 -0.998873 0.022373 -0.041860 0.633691 0.391408 1 59 1.000000
boss
  63 18.426847 381.737549 142.370148 -0.970434 0.219681 -0.099987 0.774723 0.842160 2 63 0.518116 62 0.481884
  63 23.507895 380.067322 140.250671 0.495541 -0.479869 -0.723992 0.779150 0.842160 2 63 0.527010 62 0.472990
  61 16.977343 369.077759 151.996292 -0.752198 0.348982 -0.558936 0.774723 0.895285 2 61 0.549903 62 0.450097
boss
  66 22.584602 372.000885 155.612930 0.867349 0.439834 -0.232920 0.770296 0.895285 3 66 0.357089 62 0.343178 61 0.299733
  63 23.528921 383.118225 143.842392 0.542277 0.547139 0.637632 0.770296 0.842160 2 63 0.616569 62 0.383431
  61 16.977343 369.077759 151.996292 -0.752198 0.348982 -0.558936 0.774723 0.895285 2 61 0.549903 62 0.450097
boss
  66 14.319254 380.437561 160.508957 -0.901357 -0.433077 -0.000324 0.974620 0.877844 2 66 0.994351 67 0.005649
  66 21.361885 380.512268 156.207611 0.251596 -0.092805 -0.963372 0.981260 0.877844 2 66 0.508193 67 0.491807
  66 13.541403 372.495483 162.117905 -0.853345 0.476647 -0.211209 0.974620 0.913261 2 66 0.530927 61 0.469073
boss
  66 14.319254 380.437561 160.508957 -0.901357 -0.433077 -0.000324 0.974620 0.877844 2 66 0.994351 67 0.005649
  66 13.541403 372.495483 162.117905 -0.853345 0.476647 -0.211209 0.974620 0.913261 2 66 0.530927 61 0.469073
  66 20.747272 382.666595 165.760880 0.049039 0.252319 0.966401 0.967979 0.877844 2 66 0.501541 67 0.498459
boss
  67 18.158577 401.115356 157.039642 -0.892778 0.449306 -0.032739 0.974620 0.815865 1 67 1.000000
  67 22.793919 401.316711 152.584488 -0.036820 0.052021 -0.997967 0.981260 0.815865 1 67 1.000000
  67 11.573774 382.892303 159.820709 -0.974041 -0.223888 -0.033433 0.974620 0.868990 2 67 0.586706 66 0.413294
boss
  66 20.747272 382.666595 165.760880 0.049039 0.252319 0.966401 0.967979 0.877844 2 66 0.501541 67 0.498459
  67 24.812895 402.731415 162.424210 0.099525 0.325641 0.940241 0.967979 0.815865 1 67 1.000000
  67 11.573774 382.892303 159.820709 -0.974041 -0.223888 -0.033433 0.974620 0.868990 2 67 0.586706 66 0.413294
boss
  65 17.750977 399.323792 181.910690 -0.808764 0.585006 0.060569 0.916037 0.095298 1 65 1.000000
  65 22.834728 400.455688 177.773621 0.035275 0.495435 -0.867928 0.922678 0.095298 1 65 1.000000
  65 10.656217 385.338043 177.913681 -0.983732 -0.139416 -0.113289 0.916037 0.148423 1 65 1.000000
boss
  65 17.750977 399.323792 181.910690 -0.808764 0.585006 0.060569 0.916037 0.095298 1 65 1.000000
  65 10.656217 385.338043 177.913681 -0.983732 -0.139416 -0.113289 0.916037 0.148423 1 65 1.000000
  65 22.223452 398.266083 187.264343 -0.110692 0.034214 0.993266 0.909396 0.095298 1 65 1.000000
boss
  66 22.156160 375.244415 169.238602 0.881190 0.470507 0.046115 0.922678 0.192694 3 66 0.368129 61 0.317794 64 0.314077
  61 13.449492 373.566315 175.309921 -0.873662 0.436980 0.213925 0.916037 0.192694 2 61 0.510836 64 0.489164
  64 20.762709 383.894775 173.351334 0.193332 0.318834 -0.927883 0.922678 0.157277 2 64 0.529648 65 0.470352
boss
  64 13.283803 382.859833 177.384781 -0.859617 -0.460475 -0.221407 0.916037 0.157277 2 64 0.961079 65 0.038921
  61 13.449492 373.566315 175.309921 -0.873662 0.436980 0.213925 0.916037 0.192694 2 61 0.510836 64 0.489164
  64 20.151432 381.511108 182.795181 0.098250 -0.219846 0.970574 0.909396 0.157277 2 64 0.504239 65 0.495761
boss
  68 19.056097 364.027618 189.654190 0.268382 0.601247 -0.752644 0.897780 0.157277 4 68 0.570005 69 0.423011 61 0.003564 60 0.003420
  69 7.875257 363.270081 193.779861 -0.984726 -0.048201 -0.167307 0.891139 0.148423 1 69 1.000000
  69 21.236385 375.647186 198.722519 0.078087 0.750836 -0.655857 0.897780 0.095298 1 69 1.000000
boss
  69 18.371513 357.136078 196.715363 0.161586 -0.533944 0.829936 0.884499 0.157277 4 69 0.471222 68 0.451761 60 0.053937 61 0.023080
  69 20.551800 368.755524 205.783676 0.001895 -0.463290 0.886205 0.884499 0.095298 1 69 1.000000
  69 7.875257 363.270081 193.779861 -0.984726 -0.048201 -0.167307 0.891139 0.148423 1 69 1.000000
boss
  68 20.646545 358.103668 184.173904 0.927121 0.336805 0.164341 0.897780 0.174985 3 68 0.344782 60 0.328016 61 0.327203
  60 6.853772 348.645905 184.756485 -0.818478 0.156236 0.552888 0.891139 0.192693 3 60 0.448747 68 0.323474 61 0.227779
  68 19.056097 364.027618 189.654190 0.268382 0.601247 -0.752644 0.897780 0.157277 4 68 0.570005 69 0.423011 61 0.003564 60 0.003420
boss
  68 19.814600 345.745331 190.344421 0.582763 -0.168317 0.795020 0.884499 0.192693 4 68 0.383264 60 0.371762 59 0.239415 66 0.005558
  69 18.371513 357.136078 196.715363 0.161586 -0.533944 0.829936 0.884499 0.157277 4 69 0.471222 68 0.451761 60 0.053937 61 0.023080
  60 6.853772 348.645905 184.756485 -0.818478 0.156236 0.552888 0.891139 0.192693 3 60 0.448747 68 0.323474 61 0.227779
boss
  69 30.207903 384.354034 211.829849 0.504316 0.672382 0.541819 0.358037 0.302866 1 69 1.000000
  69 20.551800 368.755524 205.783676 0.001895 -0.463290 0.886205 0.364677 0.355991 1 69 1.000000
  68 21.849258 360.581848 193.184738 0.997429 -0.069999 0.015335 0.358037 0.417970 3 68 0.494173 69 0.463762 60 0.042066
boss
  68 19.056097 364.027618 189.654190 0.268382 0.601247 -0.752644 0.351396 0.417970 4 68 0.570005 69 0.423011 61 0.003564 60 0.003420
  69 21.236385 375.647186 198.722519 0.078087 0.750836 -0.655857 0.351396 0.355991 1 69 1.000000
  68 21.849258 360.581848 193.184738 0.997429 -0.069999 0.015335 0.358037 0.417970 3 68 0.494173 69 0.463762 60 0.042066
boss
  65 31.809769 409.618927 185.790741 0.600867 0.762907 0.238604 0.719785 0.214992 1 65 1.000000
  65 22.223452 398.266083 187.264343 -0.110692 0.034214 0.993266 0.726426 0.268117 1 65 1.000000
  65 23.627613 385.718842 178.931213 0.994980 -0.094728 0.032256 0.719785 0.330096 2 65 0.631466 64 0.368534
boss
  64 20.762709 383.894775 173.351334 0.193332 0.318834 -0.927883 0.713144 0.330096 2 64 0.529648 65 0.470352
  65 22.834728 400.455688 177.773621 0.035275 0.495435 -0.867928 0.713144 0.268117 1 65 1.000000
  65 23.627613 385.718842 178.931213 0.994980 -0.094728 0.032256 0.719785 0.330096 2 65 0.631466 64 0.368534
boss
  67 31.237833 417.026184 154.879654 0.427453 0.890405 -0.156407 0.970226 0.021669 1 67 1.000000
  67 24.812895 402.731415 162.424210 0.099525 0.325641 0.940241 0.976867 0.074794 1 67 1.000000
  67 24.249235 381.624664 161.475021 0.997204 -0.030585 0.068180 0.970226 0.136773 2 67 0.582326 66 0.417674
boss
  66 21.361885 380.512268 156.207611 0.251596 -0.092805 -0.963372 0.963585 0.136773 2 66 0.508193 67 0.491807
  67 22.793919 401.316711 152.584488 -0.036820 0.052021 -0.997967 0.963585 0.074794 1 67 1.000000
  67 24.249235 381.624664 161.475021 0.997204 -0.030585 0.068180 0.970226 0.136773 2 67 0.582326 66 0.417674
boss
  63 23.507895 380.067322 140.250671 0.495541 -0.479869 -0.723992 0.694138 0.273908 2 63 0.527010 62 0.472990
  63 23.528921 383.118225 143.842392 0.542277 0.547139 0.637632 0.702993 0.273908 2 63 0.616569 62 0.383431
  62 22.530930 367.057892 148.197983 0.576798 -0.272853 -0.769971 0.694138 0.327033 2 62 0.548088 61 0.451912
boss
  59 2.346501 195.067947 176.526611 -0.905689 0.042823 0.421775 0.523013 0.364845 1 59 1.000000
  59 2.148524 195.067947 163.762772 -0.899081 0.053794 -0.434465 0.523013 0.409116 1 59 1.000000
  59 0.524975 180.788544 176.526611 -0.916152 0.005206 0.400798 0.509732 0.364845 2 59 0.502789 58 0.497211
boss
  58 2.346503 165.171402 176.526611 -0.906546 -0.054293 0.418601 0.496451 0.364845 2 58 0.979382 60 0.020618
  59 0.524975 180.788544 176.526611 -0.916152 0.005206 0.400798 0.509732 0.364845 2 59 0.502789 58 0.497211
  58 2.148526 165.171402 163.762772 -0.894085 -0.065539 -0.443077 0.496451 0.409116 1 58 1.000000
boss
  58 2.346503 165.171402 176.526611 -0.906546 -0.054293 0.418601 0.496451 0.364845 2 58 0.979382 60 0.020618
  58 2.148526 165.171402 163.762772 -0.894085 -0.065539 -0.443077 0.496451 0.409116 1 58 1.000000
  58 2.346508 100.360367 176.526611 -0.909639 -0.002258 0.415393 0.434472 0.364845 1 58 1.000000
boss
  58 14.621135 165.171402 187.557114 0.012104 -0.053749 0.998481 0.496451 0.303285 1 58 1.000000
  58 2.346503 165.171402 176.526611 -0.906546 -0.054293 0.418601 0.496451 0.364845 2 58 0.979382 60 0.020618
  58 14.621140 100.360367 187.557114 0.011438 -0.004372 0.999925 0.434472 0.303285 1 58 1.000000
boss
  58 2.148526 165.171402 163.762772 -0.894085 -0.065539 -0.443077 0.496451 0.409116 1 58 1.000000
  58 14.957846 165.171402 154.465652 0.060628 -0.076794 -0.995202 0.496451 0.479949 1 58 1.000000
  58 2.148531 100.360367 163.762772 -0.901466 0.035259 -0.431412 0.434472 0.409116 2 58 0.976107 59 0.023893
boss
  58 14.957846 165.171402 154.465652 0.060628 -0.076794 -0.995202 0.465728 0.291320 1 58 1.000000
  58 25.905878 165.171402 164.077927 0.911481 -0.011966 -0.411168 0.465728 0.247469 1 58 1.000000
  58 14.464677 100.360367 154.465652 0.021866 0.045010 -0.998747 0.403749 0.291320 1 58 1.000000
boss
  58 25.905878 165.171402 164.077927 0.911481 -0.011966 -0.411168 0.465728 0.247469 1 58 1.000000
  58 26.103853 165.171402 176.841782 0.923433 -0.008924 0.383656 0.465728 0.203198 1 58 1.000000
  58 25.905882 100.360367 164.077927 0.907391 0.040937 -0.418290 0.403749 0.247469 1 58 1.000000
boss
  58 26.103853 165.171402 176.841782 0.923433 -0.008924 0.383656 0.465728 0.203198 1 58 1.000000
  58 14.621135 165.171402 187.557114 0.012104 -0.053749 0.998481 0.465728 0.148157 1 58 1.000000
  58 26.103859 100.360367 176.841782 0.918494 -0.007211 0.395370 0.403749 0.203198 1 58 1.000000
boss
  58 27.947124 80.120224 163.274658 0.906683 0.075851 -0.414936 0.386041 0.247469 2 58 0.959981 57 0.040019
  58 25.905882 100.360367 164.077927 0.907391 0.040937 -0.418290 0.403749 0.247469 1 58 1.000000
  58 26.103859 88.345428 176.406982 0.908632 0.071634 0.411407 0.392681 0.203198 1 58 1.000000
boss
  58 26.103859 100.360367 176.841782 0.918494 -0.007211 0.395370 0.403749 0.203198 1 58 1.000000
  58 14.621140 100.360367 187.557114 0.011438 -0.004372 0.999925 0.403749 0.148157 1 58 1.000000
  58 26.103859 88.345428 176.406982 0.908632 0.071634 0.411407 0.392681 0.203198 1 58 1.000000
boss
  58 27.947124 80.120224 163.274658 0.906683 0.075851 -0.414936 0.386041 0.247469 2 58 0.959981 57 0.040019
  58 28.177397 71.835815 177.268158 0.916275 0.084875 0.391454 0.377187 0.203198 2 58 0.794250 57 0.205750
  57 28.307034 57.643921 163.116669 0.876318 0.391537 -0.280650 0.366119 0.247469 2 57 0.715371 58 0.284629
boss
  57 28.537306 57.643921 177.962662 0.884227 0.305908 0.352936 0.366119 0.203198 2 57 0.644610 58 0.355390
  58 28.177397 71.835815 177.268158 0.916275 0.084875 0.391454 0.377187 0.203198 2 58 0.794250 57 0.205750
  57 15.181448 57.643921 191.900116 -0.034344 0.339086 0.940128 0.366119 0.148157 3 57 0.480290 10 0.260606 58 0.259104
boss
  58 28.177397 71.835815 177.268158 0.916275 0.084875 0.391454 0.377187 0.203198 2 58 0.794250 57 0.205750
  58 26.103859 88.345428 176.406982 0.908632 0.071634 0.411407 0.392681 0.203198 1 58 1.000000
  58 14.821540 68.038666 190.264496 0.006097 0.148791 0.988850 0.374973 0.150073 2 58 0.736535 57 0.263465
boss
  58 14.621140 90.075249 187.571747 0.014845 0.058884 0.998154 0.425618 0.302866 1 58 1.000000
  58 2.346509 88.242043 176.395157 -0.896683 0.066409 0.437664 0.423404 0.364845 3 58 0.911077 9 0.058554 59 0.030368
  58 14.821540 68.038666 190.264496 0.006097 0.148791 0.988850 0.405696 0.302866 2 58 0.736535 57 0.263465
boss
  58 14.821540 68.038666 190.264496 0.006097 0.148791 0.988850 0.405696 0.302866 2 58 0.736535 57 0.263465
  57 0.544588 71.746071 177.254883 -0.908465 0.052120 0.414698 0.407909 0.364845 3 57 0.577543 58 0.415150 59 0.007306
  57 15.181448 57.643921 191.900116 -0.034344 0.339086 0.940128 0.396842 0.303285 3 57 0.480290 10 0.260606 58 0.259104
boss
  58 14.621140 90.075249 187.571747 0.014845 0.058884 0.998154 0.425618 0.302866 1 58 1.000000
  58 14.621140 100.360367 187.557114 0.011438 -0.004372 0.999925 0.434472 0.303285 1 58 1.000000
  58 2.346509 88.242043 176.395157 -0.896683 0.066409 0.437664 0.423404 0.364845 3 58 0.911077 9 0.058554 59 0.030368
boss
  58 2.346508 100.360367 176.526611 -0.909639 -0.002258 0.415393 0.434472 0.364845 1 58 1.000000
  58 2.148531 100.360367 163.762772 -0.901466 0.035259 -0.431412 0.434472 0.409116 2 58 0.976107 59 0.023893
  58 2.346509 88.242043 176.395157 -0.896683 0.066409 0.437664 0.423404 0.364845 3 58 0.911077 9 0.058554 59 0.030368
boss
  57 0.904499 57.643917 177.596069 -0.902457 0.174089 0.394035 0.396842 0.364845 2 57 0.609440 58 0.390560
  57 0.544588 71.746071 177.254883 -0.908465 0.052120 0.414698 0.407909 0.364845 3 57 0.577543 58 0.415150 59 0.007306
  57 0.674226 57.643917 162.750107 -0.905496 0.321146 -0.277385 0.396842 0.417970 2 57 0.617269 58 0.382731
boss
  13 -0.207553 8.989094 226.411316 -0.876487 0.464988 -0.124725 0.272380 0.260197 3 13 0.480739 12 0.420283 11 0.098978
  13 -7.541314 12.473877 250.025665 -0.692673 0.614106 -0.378256 0.296729 0.233635 3 13 0.978603 12 0.016484 14 0.004914
  13 15.279887 19.911331 227.039429 -0.116034 0.992313 0.043013 0.272380 0.331030 4 13 0.519788 12 0.410464 11 0.069083 57 0.000665
boss
  13 -42.681755 0.002664 293.472015 -0.934150 -0.000000 -0.356881 0.334359 0.091968 1 13 1.000000
  13 -36.972565 12.401017 305.227783 -0.575298 0.800247 0.169223 0.345426 0.136239 2 13 0.910908 14 0.089092
  13 -7.541314 12.473877 250.025665 -0.692673 0.614106 -0.378256 0.296729 0.233635 3 13 0.978603 12 0.016484 14 0.004914
boss
  13 -2.126803 28.073858 290.298370 -0.156492 0.982000 0.105760 0.336572 0.269051 2 13 0.922377 14 0.077623
  13 -36.972565 12.401017 305.227783 -0.575298 0.800247 0.169223 0.345426 0.136239 2 13 0.910908 14 0.089092
  13 1.225077 19.727428 303.745880 0.228140 0.516131 0.825567 0.349854 0.269051 1 13 1.000000
boss
  13 -2.126803 28.073858 290.298370 -0.156492 0.982000 0.105760 0.336572 0.269051 2 13 0.922377 14 0.077623
  13 1.225077 19.727428 303.745880 0.228140 0.516131 0.825567 0.349854 0.269051 1 13 1.000000
  13 38.820087 25.450108 279.744263 0.700391 0.628236 0.338780 0.330485 0.437280 1 13 1.000000
boss
  13 38.820087 25.450108 279.744263 0.700391 0.628236 0.338780 0.332735 0.439647 1 13 1.000000
  13 38.529003 19.505161 283.980682 0.787594 0.191069 0.585823 0.338893 0.463700 1 13 1.000000
  13 39.198509 26.299387 274.236969 0.645711 0.748676 -0.150140 0.327132 0.436191 1 13 1.000000
boss
  13 41.797588 9.049456 236.411224 0.923024 0.274413 -0.269674 0.286214 0.508114 2 13 0.979559 11 0.020441
  12 34.383636 7.984830 226.269241 0.809218 0.469642 -0.352990 0.272933 0.508114 3 12 0.479541 13 0.447609 11 0.072850
  29 40.027359 18.081806 242.596039 0.394417 0.662146 -0.637180 0.290641 0.472697 3 29 0.545087 13 0.424064 30 0.030849
boss
  57 18.059746 37.522594 201.974777 -0.008612 0.598173 0.801320 0.113359 0.242088 3 57 0.844395 11 0.133264 13 0.022342
  57 39.819832 33.058357 187.615616 0.817051 0.424815 0.389822 0.100078 0.330630 3 57 0.600239 10 0.352944 11 0.046817
  57 15.181448 57.643921 191.900116 -0.034344 0.339086 0.940128 0.131067 0.277505 3 57 0.480290 10 0.260606 58 0.259104
boss
  57 0.904499 57.643917 177.596069 -0.902457 0.174089 0.394035 0.142626 0.348338 2 57 0.609440 58 0.390560
  57 -6.807995 31.092270 182.764343 -0.839393 0.382256 0.386394 0.166975 0.330630 3 57 0.658200 10 0.289347 11 0.052453
  57 15.181448 57.643921 191.900116 -0.034344 0.339086 0.940128 0.135986 0.277505 3 57 0.480290 10 0.260606 58 0.259104
boss
  57 -6.807995 31.092270 182.764343 -0.839393 0.382256 0.386394 0.166975 0.330630 3 57 0.658200 10 0.289347 11 0.052453
  9 -12.657508 35.614460 145.999222 -0.901870 0.425824 0.072822 0.164762 0.472297 4 9 0.366930 10 0.366382 57 0.254869 70 0.011818
  10 -17.034163 0.002666 183.018066 -0.953906 -0.000000 0.300107 0.197965 0.339484 4 10 0.302816 44 0.241679 57 0.240922 11 0.214583
boss
  9 16.344095 50.365353 133.206345 0.000122 0.980844 -0.194796 0.133526 0.525422 4 9 0.438087 57 0.352958 10 0.191049 8 0.017906
  9 -11.652894 35.614460 110.558182 -0.783909 0.615641 -0.080452 0.162548 0.605109 4 9 0.725402 8 0.156401 57 0.095140 7 0.023058
  57 -4.354658 48.053772 149.888733 -0.696391 0.708882 -0.111918 0.149267 0.454588 4 57 0.417221 10 0.374000 9 0.182303 70 0.026477
boss
  57 -4.354658 48.053772 149.888733 -0.696391 0.708882 -0.111918 0.149267 0.454588 4 57 0.417221 10 0.374000 9 0.182303 70 0.026477
  9 -12.657508 35.614460 145.999222 -0.901870 0.425824 0.072822 0.164762 0.472297 4 9 0.366930 10 0.366382 57 0.254869 70 0.011818
  57 -6.807995 31.092270 182.764343 -0.839393 0.382256 0.386394 0.166975 0.330630 3 57 0.658200 10 0.289347 11 0.052453
boss
  57 39.819832 33.058357 187.615616 0.817051 0.424815 0.389822 0.100078 0.330630 3 57 0.600239 10 0.352944 11 0.046817
  10 50.371353 0.002671 183.121338 0.959353 0.000000 0.282209 0.069088 0.348338 4 10 0.680706 44 0.109177 57 0.108955 11 0.101162
  9 46.926521 30.874399 133.206345 0.897089 0.416842 0.146537 0.100078 0.534276 4 9 0.505244 70 0.296075 57 0.181982 10 0.016699
boss
  9 16.344095 50.365353 104.060051 -0.054427 0.998513 0.003035 0.133526 0.640526 4 9 0.741367 8 0.143123 57 0.079736 7 0.035773
  9 16.344095 50.365353 133.206345 0.000122 0.980844 -0.194796 0.133526 0.525422 4 9 0.438087 57 0.352958 10 0.191049 8 0.017906
  9 39.421562 41.916882 104.060051 0.384562 0.921398 -0.056017 0.111145 0.640526 3 9 0.772900 70 0.190171 10 0.036930
boss
  57 37.001026 45.047390 151.780029 0.733809 0.676951 -0.057119 0.113359 0.463442 4 57 0.441420 10 0.349661 9 0.180370 58 0.028548
  9 46.926521 30.874399 133.206345 0.897089 0.416842 0.146537 0.100078 0.534276 4 9 0.505244 70 0.296075 57 0.181982 10 0.016699
  9 39.421562 41.916882 104.060051 0.384562 0.921398 -0.056017 0.111145 0.640526 3 9 0.772900 70 0.190171 10 0.036930
boss
  9 16.344095 50.365353 104.060051 -0.054427 0.998513 0.003035 0.133526 0.640526 4 9 0.741367 8 0.143123 57 0.079736 7 0.035773
  9 39.421562 41.916882 104.060051 0.384562 0.921398 -0.056017 0.111145 0.640526 3 9 0.772900 70 0.190171 10 0.036930
  8 14.110190 50.365353 76.516830 -0.094512 0.995162 -0.026821 0.133526 0.737922 2 8 0.749409 7 0.250591
boss
  8 -6.544658 35.614460 76.516830 -0.802083 0.593694 -0.064733 0.160335 0.737922 2 8 0.783170 7 0.216830
  9 -11.652894 35.614460 110.558182 -0.783909 0.615641 -0.080452 0.162548 0.605109 4 9 0.725402 8 0.156401 57 0.095140 7 0.023058
  8 14.110190 50.365353 76.516830 -0.094512 0.995162 -0.026821 0.133526 0.737922 2 8 0.749409 7 0.250591
boss
  7 19.224380 50.365353 43.736847 0.009357 0.999953 0.002608 0.133526 0.870734 2 7 0.700432 6 0.299568
  8 14.110190 50.365353 76.516830 -0.094512 0.995162 -0.026821 0.133526 0.737922 2 8 0.749409 7 0.250591
  6 46.446072 35.614464 43.736847 0.786603 0.617019 0.023306 0.104505 0.870734 2 6 0.505734 7 0.494266
boss
  8 -6.544658 35.614460 76.516830 -0.802083 0.593694 -0.064733 0.160335 0.737922 2 8 0.783170 7 0.216830
  8 14.110190 50.365353 76.516830 -0.094512 0.995162 -0.026821 0.133526 0.737922 2 8 0.749409 7 0.250591
  7 -6.183240 35.614460 43.736847 -0.781301 0.624153 0.001181 0.162548 0.870734 3 7 0.785753 6 0.207158 70 0.007089
boss
  6 -7.997304 35.614460 10.156672 -0.775407 0.630071 0.041889 0.162548 0.994693 1 6 1.000000
  7 -6.183240 35.614460 43.736847 -0.781301 0.624153 0.001181 0.162548 0.870734 3 7 0.785753 6 0.207158 70 0.007089
  6 19.224380 50.365353 10.156672 -0.006717 0.999946 0.007969 0.133526 0.994693 2 6 0.993946 70 0.006054
boss
  7 19.224380 50.365353 43.736847 0.009357 0.999953 0.002608 0.133526 0.870734 2 7 0.700432 6 0.299568
  6 46.446072 35.614464 43.736847 0.786603 0.617019 0.023306 0.104505 0.870734 2 6 0.505734 7 0.494266
  6 19.224380 50.365353 10.156672 -0.006717 0.999946 0.007969 0.133526 0.994693 2 6 0.993946 70 0.006054
boss
  6 46.446072 35.614464 10.156672 0.770976 0.636864 0.000000 0.104505 0.994693 1 6 1.000000
  6 46.446072 35.614464 43.736847 0.786603 0.617019 0.023306 0.104505 0.870734 2 6 0.505734 7 0.494266
  6 57.721664 0.002672 10.156672 0.998135 0.000000 0.061046 0.069088 0.994693 1 6 1.000000
boss
  6 46.446072 35.614464 43.736847 0.786603 0.617019 0.023306 0.104505 0.870734 2 6 0.505734 7 0.494266
  8 47.430977 34.136192 90.714348 0.722074 0.615455 -0.315951 0.102291 0.693651 3 8 0.668348 7 0.209052 70 0.122600
  7 53.847404 0.002671 43.736847 0.998645 0.000000 0.052046 0.069088 0.870734 2 7 0.501070 6 0.498930
boss
  8 -17.820250 0.002666 76.516830 -0.996716 -0.000000 -0.080979 0.197965 0.737922 2 8 0.826894 7 0.173106
  8 -6.544658 35.614460 76.516830 -0.802083 0.593694 -0.064733 0.160335 0.737922 2 8 0.783170 7 0.216830
  7 -17.458830 0.002666 43.736847 -0.999767 -0.000000 0.021605 0.197965 0.870734 3 7 0.836904 6 0.162398 9 0.000698
boss
  7 -17.458830 0.002666 43.736847 -0.999767 -0.000000 0.021605 0.197965 0.870734 3 7 0.836904 6 0.162398 9 0.000698
  7 -6.183240 35.614460 43.736847 -0.781301 0.624153 0.001181 0.162548 0.870734 3 7 0.785753 6 0.207158 70 0.007089
  6 -19.272894 0.002666 10.156672 -0.998544 -0.000000 0.053943 0.197965 0.994693 1 6 1.000000
boss
  8 47.430977 34.136192 90.714348 0.722074 0.615455 -0.315951 0.102291 0.693651 3 8 0.668348 7 0.209052 70 0.122600
  9 50.089001 18.783524 104.060051 0.972802 -0.209806 -0.098173 0.089010 0.640526 4 9 0.403064 8 0.375446 70 0.219045 7 0.002445
  8 54.089447 0.002671 76.516830 0.999853 0.000000 -0.017134 0.069088 0.746776 3 8 0.489130 7 0.477669 9 0.033201
boss
  9 -22.928488 0.002666 110.558182 -0.996162 -0.000000 -0.087524 0.197965 0.605109 3 9 0.811754 8 0.173116 7 0.015130
  9 -11.652894 35.614460 110.558182 -0.783909 0.615641 -0.080452 0.162548 0.605109 4 9 0.725402 8 0.156401 57 0.095140 7 0.023058
  8 -17.820250 0.002666 76.516830 -0.996716 -0.000000 -0.080979 0.197965 0.737922 2 8 0.826894 7 0.173106
boss
  58 25.905878 165.171402 164.077927 0.911481 -0.011966 -0.411168 0.465728 0.247469 1 58 1.000000
  59 25.905876 195.067947 164.077927 0.914409 0.005919 -0.404749 0.492291 0.247469 1 59 1.000000
  58 26.103853 165.171402 176.841782 0.923433 -0.008924 0.383656 0.465728 0.203198 1 58 1.000000
boss
  9 46.926521 30.874399 133.206345 0.897089 0.416842 0.146537 0.100078 0.534276 4 9 0.505244 70 0.296075 57 0.181982 10 0.016699
  9 54.841377 0.002671 143.801712 0.997307 0.000000 0.073336 0.069088 0.498859 4 9 0.825530 57 0.061546 44 0.061478 8 0.051445
  9 50.089001 18.783524 104.060051 0.972802 -0.209806 -0.098173 0.089010 0.640526 4 9 0.403064 8 0.375446 70 0.219045 7 0.002445
boss
  10 -23.933100 0.002666 145.999222 -0.997082 -0.000000 0.076337 0.197965 0.481151 4 10 0.680807 9 0.282152 11 0.023450 8 0.013591
  9 -11.652894 35.614460 110.558182 -0.783909 0.615641 -0.080452 0.162548 0.605109 4 9 0.725402 8 0.156401 57 0.095140 7 0.023058
  9 -22.928488 0.002666 110.558182 -0.996162 -0.000000 -0.087524 0.197965 0.605109 3 9 0.811754 8 0.173116 7 0.015130
boss
  11 3.785312 6.069067 202.450623 0.088895 0.836635 0.540499 0.119079 0.183439 2 11 0.999802 12 0.000198
  11 -32.650307 0.002665 214.298569 -0.616971 0.000000 0.786986 0.156709 0.156876 1 11 1.000000
  11 3.785313 -6.063732 202.450623 0.088895 -0.836635 0.540499 0.119079 0.139168 2 11 0.999802 12 0.000198
boss
  10 -51.379074 0.002663 196.774216 -0.957777 -0.000000 -0.287512 0.872882 0.120717 2 10 0.536152 11 0.463848
  11 -4.763940 -4.441308 189.901993 0.100601 -0.821262 0.561613 0.828612 0.120717 4 11 0.393356 57 0.283561 44 0.243998 10 0.079085
  10 -49.888229 0.002664 201.392166 -0.664627 -0.000000 0.747176 0.872882 0.138426 2 10 0.537095 11 0.462905
boss
  9 -59.870285 0.002663 136.736465 -0.846673 -0.000000 -0.532114 0.676630 0.545801 1 9 1.000000
  9 -15.647207 -5.765455 139.924835 -0.035899 -0.874509 0.483679 0.634573 0.545801 2 9 0.910438 10 0.089562
  9 -60.053024 0.002663 141.910873 -0.836864 -0.000000 0.547411 0.676630 0.563510 1 9 1.000000
boss
  11 -34.322205 0.002665 209.957092 -0.977308 -0.000000 -0.211822 0.156709 0.148022 1 11 1.000000
  11 3.785313 -6.063732 202.450623 0.088895 -0.836635 0.540499 0.119079 0.139168 2 11 0.999802 12 0.000198
  11 -32.650307 0.002665 214.298569 -0.616971 0.000000 0.786986 0.156709 0.156876 1 11 1.000000
boss
  10 50.371353 0.002671 183.121338 0.959353 0.000000 0.282209 0.069088 0.348338 4 10 0.680706 44 0.109177 57 0.108955 11 0.101162
  11 33.640469 14.704867 208.856949 0.817680 0.386259 0.426853 0.084583 0.233234 4 11 0.483857 12 0.356228 13 0.083142 57 0.076773
  11 33.640472 -14.699527 208.856949 0.817680 -0.386259 0.426853 0.051380 0.233234 4 11 0.478387 12 0.356038 13 0.087154 44 0.078422
boss
  29 41.051533 9.018894 247.268982 0.965245 -0.258289 -0.039868 0.298488 0.506991 2 29 0.518271 13 0.481729
  29 39.813473 20.213255 265.287079 0.709257 0.592706 0.381647 0.318026 0.460959 2 29 0.607567 13 0.392433
  14 39.813477 -20.207914 265.287079 0.709257 -0.592706 0.381647 0.318026 0.625456 2 14 0.607567 13 0.392433
boss
  29 41.051533 9.018894 247.268982 0.965245 -0.258289 -0.039868 0.298488 0.506991 2 29 0.518271 13 0.481729
  14 39.813477 -20.207914 265.287079 0.709257 -0.592706 0.381647 0.318026 0.625456 2 14 0.607567 13 0.392433
  13 41.051533 -9.013554 247.268982 0.965244 0.258290 -0.039867 0.298488 0.579100 3 13 0.496954 14 0.496750 15 0.006295
boss
  12 34.383636 7.984830 226.269241 0.809218 0.469642 -0.352990 0.272933 0.508114 3 12 0.479541 13 0.447609 11 0.072850
  13 42.149155 0.002671 231.294678 0.886760 0.000000 -0.462230 0.281787 0.543531 2 13 0.938898 11 0.061102
  12 34.383636 -7.979491 226.269241 0.809218 -0.469642 -0.352990 0.272933 0.578947 3 12 0.474477 13 0.460101 11 0.065423
boss
  29 41.051533 9.018894 247.268982 0.965245 -0.258289 -0.039868 0.298488 0.507314 2 29 0.518271 13 0.481729
  13 42.149155 0.002671 231.294678 0.886760 0.000000 -0.462230 0.281787 0.543531 2 13 0.938898 11 0.061102
  13 41.797588 9.049456 236.411224 0.923024 0.274413 -0.269674 0.286214 0.508114 2 13 0.979559 11 0.020441
boss
  13 42.149155 0.002671 231.294678 0.886760 0.000000 -0.462230 0.281787 0.543531 2 13 0.938898 11 0.061102
  29 41.051533 9.018894 247.268982 0.965245 -0.258289 -0.039868 0.298488 0.507314 2 29 0.518271 13 0.481729
  13 41.051533 -9.013554 247.268982 0.965244 0.258290 -0.039867 0.298488 0.579423 3 13 0.496954 14 0.496750 15 0.006295
boss
  13 1.225080 -19.722092 303.745880 0.228140 -0.516131 0.825567 0.376776 0.622493 1 13 1.000000
  13 38.529003 -19.499821 283.980682 0.787594 -0.191069 0.585823 0.338893 0.622715 1 13 1.000000
  13 38.529003 19.505161 283.980682 0.787594 0.191069 0.585823 0.338893 0.463661 1 13 1.000000
boss
  13 1.225080 -19.722092 303.745880 0.228140 -0.516131 0.825567 0.376776 0.622493 1 13 1.000000
  13 38.529003 19.505161 283.980682 0.787594 0.191069 0.585823 0.338893 0.463661 1 13 1.000000
  13 1.225077 19.727428 303.745880 0.228140 0.516131 0.825567 0.376776 0.463118 1 13 1.000000
boss
  13 38.529003 19.505161 283.980682 0.787594 0.191069 0.585823 0.338893 0.463700 1 13 1.000000
  13 38.529003 -19.499821 283.980682 0.787594 -0.191069 0.585823 0.338893 0.622754 1 13 1.000000
  14 39.813477 -20.207914 265.287079 0.709257 -0.592706 0.381647 0.318026 0.625456 2 14 0.607567 13 0.392433
boss
  13 38.529003 19.505161 283.980682 0.787594 0.191069 0.585823 0.338893 0.463700 1 13 1.000000
  14 39.813477 -20.207914 265.287079 0.709257 -0.592706 0.381647 0.318026 0.625456 2 14 0.607567 13 0.392433
  29 39.813473 20.213255 265.287079 0.709257 0.592706 0.381647 0.318026 0.460959 2 29 0.607567 13 0.392433
boss
  13 -35.761047 4.054585 317.164459 -0.215284 0.376195 0.901183 0.414406 0.525097 1 13 1.000000
  13 -35.761044 -4.049256 317.164459 -0.215284 -0.376195 0.901183 0.414406 0.560514 1 13 1.000000
  13 1.225080 -19.722092 303.745880 0.228140 -0.516131 0.825567 0.376776 0.622493 1 13 1.000000
boss
  13 -35.761047 4.054585 317.164459 -0.215284 0.376195 0.901183 0.414406 0.525097 1 13 1.000000
  13 1.225080 -19.722092 303.745880 0.228140 -0.516131 0.825567 0.376776 0.622493 1 13 1.000000
  13 1.225077 19.727428 303.745880 0.228140 0.516131 0.825567 0.376776 0.463118 1 13 1.000000
boss
  13 -0.207551 -8.983759 226.411316 -0.876494 -0.464975 -0.124725 0.206819 0.144692 3 13 0.484957 12 0.419302 11 0.095741
  13 -0.207553 8.989094 226.411316 -0.876487 0.464988 -0.124725 0.189111 0.144692 3 13 0.480739 12 0.420283 11 0.098978
  11 -1.745051 9.160522 210.874908 -0.865055 0.361195 0.348164 0.189111 0.242088 4 11 0.481480 12 0.372719 13 0.091011 57 0.054790
boss
  13 -43.924545 0.002664 311.515656 -0.923971 -0.000000 0.382462 0.423260 0.542806 1 13 1.000000
  13 -35.761044 -4.049256 317.164459 -0.215284 -0.376195 0.901183 0.414406 0.560514 1 13 1.000000
  13 -35.761047 4.054585 317.164459 -0.215284 0.376195 0.901183 0.414406 0.525097 1 13 1.000000
boss
  10 -17.034163 0.002666 183.018066 -0.953906 -0.000000 0.300107 0.197965 0.339484 4 10 0.302816 44 0.241679 57 0.240922 11 0.214583
  11 -1.745050 -9.155188 210.874908 -0.865052 -0.361199 0.348167 0.206819 0.242088 4 11 0.479501 12 0.372605 13 0.092397 44 0.055497
  11 -1.745051 9.160522 210.874908 -0.865055 0.361195 0.348164 0.189111 0.242088 4 11 0.481480 12 0.372719 13 0.091011 57 0.054790
boss
  9 46.926521 30.874399 133.206345 0.897089 0.416842 0.146537 0.768898 0.924087 4 9 0.505244 70 0.296075 57 0.181982 10 0.016699
  70 67.434265 35.042995 104.369980 0.154612 0.987923 -0.010123 0.742336 0.853254 2 70 0.589244 71 0.410756
  9 39.421562 41.916882 104.060051 0.384562 0.921398 -0.056017 0.742336 0.924087 3 9 0.772900 70 0.190171 10 0.036930
boss
  9 50.089001 18.783524 104.060051 0.972802 -0.209806 -0.098173 0.798203 0.357055 4 9 0.403064 8 0.375446 70 0.219045 7 0.002445
  70 68.385689 25.137321 104.369980 0.150676 -0.987260 -0.051139 0.798203 0.427888 2 70 0.689871 71 0.310129
  9 46.926521 30.874399 133.206345 0.897089 0.416842 0.146537 0.824552 0.357055 4 9 0.505244 70 0.296075 57 0.181982 10 0.016699
boss
  70 67.434265 35.042995 104.369980 0.154612 0.987923 -0.010123 0.742336 0.853254 2 70 0.589244 71 0.410756
  8 47.430977 34.136192 90.714348 0.722074 0.615455 -0.315951 0.728783 0.923408 3 8 0.668348 7 0.209052 70 0.122600
  9 39.421562 41.916882 104.060051 0.384562 0.921398 -0.056017 0.742336 0.924087 3 9 0.772900 70 0.190171 10 0.036930
boss
  70 65.532127 30.767179 96.995667 0.021476 -0.008233 -0.999735 0.791562 0.419034 3 70 0.828497 71 0.116453 10 0.055050
  70 68.385689 25.137321 104.369980 0.150676 -0.987260 -0.051139 0.798203 0.427888 2 70 0.689871 71 0.310129
  8 47.430977 34.136192 90.714348 0.722074 0.615455 -0.315951 0.784922 0.357055 3 8 0.668348 7 0.209052 70 0.122600
boss
  70 68.385689 25.137321 104.369980 0.150676 -0.987260 -0.051139 0.798203 0.427888 2 70 0.689871 71 0.310129
  72 117.863327 30.615007 110.908928 -0.105639 0.051209 0.993085 0.804844 0.622680 2 72 0.530535 71 0.469465
  70 67.311028 30.615004 112.173477 0.520687 0.086038 0.849401 0.807381 0.428505 2 70 0.650286 71 0.349714
boss
  70 67.434265 35.042995 104.369980 0.154612 0.987923 -0.010123 0.742336 0.853254 2 70 0.589244 71 0.410756
  72 117.863327 30.615007 110.908928 -0.105639 0.051209 0.993085 0.748976 0.658463 2 72 0.530535 71 0.469465
  72 121.165047 35.042999 104.369980 0.009948 0.996769 -0.079705 0.740122 0.640754 2 72 0.617874 71 0.382126
boss
  72 123.264084 30.615007 112.445610 -0.090029 0.041425 0.995077 0.748976 0.631900 2 72 0.980036 71 0.019964
  73 162.875092 34.064518 104.369980 0.044541 0.998176 -0.040754 0.740122 0.481379 2 73 0.512353 72 0.487647
  72 121.165047 35.042999 104.369980 0.009948 0.996769 -0.079705 0.740122 0.640754 2 72 0.617874 71 0.382126
boss
  72 121.948433 30.767183 99.542915 0.052708 0.074221 -0.995848 0.735695 0.640754 2 72 0.675395 71 0.324605
  73 162.875092 34.064518 104.369980 0.044541 0.998176 -0.040754 0.740122 0.481379 2 73 0.512353 72 0.487647
  73 163.564484 30.767187 99.940399 -0.012371 0.088681 -0.995983 0.735695 0.481379 2 73 0.535370 72 0.464630
boss
  71 122.116478 25.137325 104.369980 0.010598 -0.994900 -0.100303 0.795989 0.640388 3 71 0.609817 72 0.389415 76 0.000768
  73 162.657867 30.615011 110.382835 0.126136 0.060155 0.990187 0.802630 0.799763 2 73 0.519304 72 0.480696
  72 123.264084 30.615007 112.445610 -0.090029 0.041425 0.995077 0.804844 0.649242 2 72 0.980036 71 0.019964
boss
  71 122.116478 25.137325 104.369980 0.010598 -0.994900 -0.100303 0.795989 0.640388 3 71 0.609817 72 0.389415 76 0.000768
  73 163.564484 30.767187 99.940399 -0.012371 0.088681 -0.995983 0.791562 0.799763 2 73 0.535370 72 0.464630
  73 163.638550 26.115812 104.369980 0.054288 -0.997139 -0.052598 0.795989 0.799763 2 73 0.638786 72 0.361214
boss
  71 70.183472 30.767179 94.932045 -0.157806 0.049874 -0.986210 0.791562 0.436742 1 71 1.000000
  71 122.116478 25.137325 104.369980 0.010598 -0.994900 -0.100303 0.795989 0.640388 3 71 0.609817 72 0.389415 76 0.000768
  70 68.385689 25.137321 104.369980 0.150676 -0.987260 -0.051139 0.798203 0.427888 2 70 0.689871 71 0.310129
boss
  71 70.183472 30.767179 94.932045 -0.157806 0.049874 -0.986210 0.735695 0.844400 1 71 1.000000
  72 121.165047 35.042999 104.369980 0.009948 0.996769 -0.079705 0.740122 0.640754 2 72 0.617874 71 0.382126
  72 121.948433 30.767183 99.542915 0.052708 0.074221 -0.995848 0.735695 0.640754 2 72 0.675395 71 0.324605
boss
  30 52.860222 22.149519 254.768326 0.995337 0.096436 -0.002011 0.806591 0.345863 3 30 0.523957 29 0.405673 31 0.070369
  30 68.904419 29.992983 250.144455 0.061524 0.994803 0.081128 0.824299 0.309893 3 30 0.885808 31 0.078106 40 0.036086
  30 50.910282 28.918036 250.391708 -0.195921 0.901008 -0.387039 0.806591 0.309893 2 30 0.878272 29 0.121728
boss
  30 52.860222 22.149519 254.768326 0.995337 0.096436 -0.002011 0.827095 0.392204 3 30 0.523957 29 0.405673 31 0.070369
  30 68.904419 30.359602 251.775909 0.014129 0.520174 -0.853943 0.844803 0.428174 3 30 0.775146 31 0.167734 32 0.057121
  30 68.904419 23.720139 255.631683 0.068025 -0.841084 -0.536611 0.844803 0.392204 4 30 0.700110 31 0.134035 32 0.107758 29 0.058097
boss
  30 52.860222 22.149519 254.768326 0.995337 0.096436 -0.002011 0.806769 0.203275 3 30 0.523957 29 0.405673 31 0.070369
  30 68.904419 14.380714 250.012527 0.075999 -0.993463 0.085181 0.824299 0.239060 3 30 0.907933 31 0.068209 40 0.023859
  30 68.904419 22.216993 253.211990 0.064108 -0.005785 0.997926 0.824478 0.203275 4 30 0.521166 31 0.383283 40 0.070334 29 0.025216
boss
  30 52.860222 22.149519 254.768326 0.995337 0.096436 -0.002011 0.812449 0.841984 3 30 0.523957 29 0.405673 31 0.070369
  30 68.904419 13.977435 250.709091 0.026061 -0.496646 -0.867562 0.830158 0.806567 3 30 0.784806 31 0.174487 36 0.040708
  29 49.660240 14.703060 249.991379 0.307568 -0.884115 -0.351772 0.812449 0.806567 2 29 0.858554 30 0.141446
boss
  30 52.860222 22.149519 254.768326 0.995337 0.096436 -0.002011 0.812449 0.699764 3 30 0.523957 29 0.405673 31 0.070369
  30 68.904419 21.990740 263.392487 0.056358 0.552357 0.831700 0.830158 0.735734 3 30 0.803325 31 0.158727 36 0.037948
  30 68.904419 20.640528 255.668350 0.080805 0.851203 -0.518578 0.830158 0.699764 4 30 0.715704 31 0.124740 36 0.093516 29 0.066039
boss
  30 52.860222 22.149519 254.768326 0.995337 0.096436 -0.002011 0.827095 0.534424 3 30 0.523957 29 0.405673 31 0.070369
  30 68.904419 23.053942 263.227478 0.035081 -0.525401 0.850131 0.844803 0.499008 3 30 0.804167 31 0.140589 32 0.055244
  29 49.660240 22.721281 264.137390 0.064106 0.068072 0.995619 0.827095 0.499008 2 29 0.769899 30 0.230101
boss
  29 49.660240 16.686077 259.337921 0.073785 -0.826769 0.557681 0.812449 0.771150 2 29 0.959641 30 0.040359
  31 68.904419 14.782654 258.744995 -0.064494 -0.852018 0.519524 0.830158 0.771150 3 31 0.727871 30 0.246507 36 0.025622
  30 68.904419 21.990740 263.392487 0.056358 0.552357 0.831700 0.830158 0.735734 3 30 0.803325 31 0.158727 36 0.037948
boss
  29 49.660240 14.703060 249.991379 0.307568 -0.884115 -0.351772 0.812449 0.806567 2 29 0.858554 30 0.141446
  30 68.904419 13.977435 250.709091 0.026061 -0.496646 -0.867562 0.830158 0.806567 3 30 0.784806 31 0.174487 36 0.040708
  31 68.904419 14.782654 258.744995 -0.064494 -0.852018 0.519524 0.830158 0.771150 3 31 0.727871 30 0.246507 36 0.025622
boss
  30 52.860222 21.894009 244.666595 0.058299 0.081448 -0.994971 0.806591 0.274476 2 30 0.827078 29 0.172922
  30 68.904419 14.380714 250.012527 0.075999 -0.993463 0.085181 0.824299 0.239060 3 30 0.907933 31 0.068209 40 0.023859
  29 49.660240 14.703060 249.991379 0.307568 -0.884115 -0.351772 0.806591 0.239060 2 29 0.858554 30 0.141446
boss
  30 68.904419 29.992983 250.144455 0.061524 0.994803 0.081128 0.824299 0.309893 3 30 0.885808 31 0.078106 40 0.036086
  30 68.904419 21.860609 245.173767 0.023011 -0.016080 -0.999606 0.824299 0.274476 2 30 0.968299 40 0.031701
  30 52.860222 21.894009 244.666595 0.058299 0.081448 -0.994971 0.806591 0.274476 2 30 0.827078 29 0.172922
boss
  30 50.910282 28.640762 259.264313 -0.182245 0.890323 0.417266 0.827095 0.463591 3 30 0.799598 29 0.194381 31 0.006021
  31 68.904419 30.319304 258.967926 -0.054253 0.871129 0.488049 0.844803 0.463591 3 31 0.586973 30 0.360095 32 0.052932
  30 68.904419 30.359602 251.775909 0.014129 0.520174 -0.853943 0.844803 0.428174 3 30 0.775146 31 0.167734 32 0.057121
boss
  30 68.904419 23.053942 263.227478 0.035081 -0.525401 0.850131 0.844803 0.499008 3 30 0.804167 31 0.140589 32 0.055244
  31 68.904419 30.319304 258.967926 -0.054253 0.871129 0.488049 0.844803 0.463591 3 31 0.586973 30 0.360095 32 0.052932
  30 50.910282 28.640762 259.264313 -0.182245 0.890323 0.417266 0.827095 0.463591 3 30 0.799598 29 0.194381 31 0.006021
boss
  40 91.879707 17.197826 250.126541 0.031663 -0.998714 0.039599 0.846435 0.239060 1 40 1.000000
  30 68.904419 14.380714 250.012527 0.075999 -0.993463 0.085181 0.824299 0.239060 3 30 0.907933 31 0.068209 40 0.023859
  40 91.879707 22.260466 245.495468 0.058745 0.018308 -0.998105 0.846435 0.274476 1 40 1.000000
boss
  40 91.879700 27.121937 250.298401 0.033768 0.997106 0.068110 0.846435 0.309893 1 40 1.000000
  40 91.879707 22.260466 245.495468 0.058745 0.018308 -0.998105 0.846435 0.274476 1 40 1.000000
  30 68.904419 29.992983 250.144455 0.061524 0.994803 0.081128 0.824299 0.309893 3 30 0.885808 31 0.078106 40 0.036086
boss
  30 68.904419 23.720139 255.631683 0.068025 -0.841084 -0.536611 0.844803 0.392204 4 30 0.700110 31 0.134035 32 0.107758 29 0.058097
  32 91.879700 29.536549 253.179642 0.015881 0.519274 -0.854460 0.866939 0.428174 1 32 1.000000
  32 91.879707 22.801802 255.042435 -0.024201 -0.841195 -0.540189 0.866939 0.392204 1 32 1.000000
boss
  30 68.904419 20.640528 255.668350 0.080805 0.851203 -0.518578 0.830158 0.699764 4 30 0.715704 31 0.124740 36 0.093516 29 0.066039
  36 91.879707 19.834202 261.640228 0.020676 0.501474 0.864926 0.852293 0.735734 1 36 1.000000
  36 91.879707 21.464615 255.049240 -0.022740 0.872286 -0.488467 0.852293 0.699764 1 36 1.000000
boss
  32 91.879707 23.877403 261.727814 0.017341 -0.548048 0.836267 0.866939 0.499008 1 32 1.000000
  32 91.879700 30.797293 259.785095 0.033052 0.850391 0.525112 0.866939 0.463591 1 32 1.000000
  30 68.904419 23.053942 263.227478 0.035081 -0.525401 0.850131 0.844803 0.499008 3 30 0.804167 31 0.140589 32 0.055244
boss
  30 68.904419 23.720139 255.631683 0.068025 -0.841084 -0.536611 0.844803 0.534424 4 30 0.700110 31 0.134035 32 0.107758 29 0.058097
  32 91.879707 23.877403 261.727814 0.017341 -0.548048 0.836267 0.866939 0.499008 1 32 1.000000
  30 68.904419 23.053942 263.227478 0.035081 -0.525401 0.850131 0.844803 0.499008 3 30 0.804167 31 0.140589 32 0.055244
boss
  36 91.879707 15.444656 253.120148 0.032724 -0.422682 -0.905687 0.852293 0.806567 1 36 1.000000
  36 91.879707 13.087463 259.591858 0.038546 -0.890182 0.453972 0.852293 0.771150 1 36 1.000000
  30 68.904419 13.977435 250.709091 0.026061 -0.496646 -0.867562 0.830158 0.806567 3 30 0.784806 31 0.174487 36 0.040708
boss
  30 68.904419 22.216993 253.211990 0.064108 -0.005785 0.997926 0.824299 0.345863 4 30 0.521166 31 0.383283 40 0.070334 29 0.025216
  40 91.879700 27.121937 250.298401 0.033768 0.997106 0.068110 0.846435 0.309893 1 40 1.000000
  30 68.904419 29.992983 250.144455 0.061524 0.994803 0.081128 0.824299 0.309893 3 30 0.885808 31 0.078106 40 0.036086
boss
  36 91.879707 19.834202 261.640228 0.020676 0.501474 0.864926 0.852293 0.735734 1 36 1.000000
  30 68.904419 21.990740 263.392487 0.056358 0.552357 0.831700 0.830158 0.735734 3 30 0.803325 31 0.158727 36 0.037948
  36 91.879707 13.087463 259.591858 0.038546 -0.890182 0.453972 0.852293 0.771150 1 36 1.000000
boss
  30 68.904419 22.216993 253.211990 0.064108 -0.005785 0.997926 0.824478 0.203275 4 30 0.521166 31 0.383283 40 0.070334 29 0.025216
  40 91.879707 17.197826 250.126541 0.031663 -0.998714 0.039599 0.846435 0.239060 1 40 1.000000
  40 91.879707 22.179049 254.294098 -0.024070 -0.008655 0.999673 0.846613 0.203275 1 40 1.000000
boss
  32 91.879700 29.536549 253.179642 0.015881 0.519274 -0.854460 0.866939 0.428174 1 32 1.000000
  30 68.904419 30.359602 251.775909 0.014129 0.520174 -0.853943 0.844803 0.428174 3 30 0.775146 31 0.167734 32 0.057121
  32 91.879700 30.797293 259.785095 0.033052 0.850391 0.525112 0.866939 0.463591 1 32 1.000000
boss
  30 68.904419 20.640528 255.668350 0.080805 0.851203 -0.518578 0.830158 0.841984 4 30 0.715704 31 0.124740 36 0.093516 29 0.066039
  36 91.879707 15.444656 253.120148 0.032724 -0.422682 -0.905687 0.852293 0.806567 1 36 1.000000
  30 68.904419 13.977435 250.709091 0.026061 -0.496646 -0.867562 0.830158 0.806567 3 30 0.784806 31 0.174487 36 0.040708
boss
  40 91.879707 17.197826 250.126541 0.031663 -0.998714 0.039599 0.846435 0.239060 1 40 1.000000
  41 124.659035 22.250849 246.212067 0.035141 0.019175 -0.999198 0.877424 0.274476 1 41 1.000000
  41 124.659035 17.572094 250.491974 0.018128 -0.999656 0.018937 0.877424 0.239060 1 41 1.000000
boss
  32 91.879700 29.536549 253.179642 0.015881 0.519274 -0.854460 0.866939 0.428174 1 32 1.000000
  32 91.879700 30.797293 259.785095 0.033052 0.850391 0.525112 0.866939 0.463591 1 32 1.000000
  33 124.659027 30.140350 259.418152 0.036852 0.849845 0.525743 0.897928 0.463591 1 33 1.000000
boss
  32 91.879707 22.801802 255.042435 -0.024201 -0.841195 -0.540189 0.866939 0.392204 1 32 1.000000
  33 124.659027 28.975204 253.313568 0.020303 0.530668 -0.847337 0.897928 0.428174 1 33 1.000000
  33 124.659035 22.751137 255.035110 -0.002300 -0.841421 -0.540375 0.897928 0.392204 1 33 1.000000
boss
  32 91.879707 23.877403 261.727814 0.017341 -0.548048 0.836267 0.866939 0.499008 1 32 1.000000
  33 124.659035 23.745178 261.213562 0.017939 -0.535771 0.844173 0.897928 0.499008 1 33 1.000000
  33 124.659027 30.140350 259.418152 0.036852 0.849845 0.525743 0.897928 0.463591 1 33 1.000000
boss
  36 91.879707 21.464615 255.049240 -0.022740 0.872286 -0.488467 0.852293 0.699764 1 36 1.000000
  37 124.659035 20.008562 261.132629 0.017609 0.491121 0.870913 0.883283 0.735734 1 37 1.000000
  37 124.659035 21.515343 255.041397 -0.002376 0.873113 -0.487512 0.883283 0.699764 1 37 1.000000
boss
  40 91.879700 27.121937 250.298401 0.033768 0.997106 0.068110 0.846435 0.309893 1 40 1.000000
  41 124.659027 26.743687 250.650803 0.017839 0.998753 0.046620 0.877424 0.309893 1 41 1.000000
  41 124.659035 22.250849 246.212067 0.035141 0.019175 -0.999198 0.877424 0.274476 1 41 1.000000
boss
  32 91.879707 22.801802 255.042435 -0.024201 -0.841195 -0.540189 0.866939 0.534424 1 32 1.000000
  33 124.659035 23.745178 261.213562 0.017939 -0.535771 0.844173 0.897928 0.499008 1 33 1.000000
  32 91.879707 23.877403 261.727814 0.017341 -0.548048 0.836267 0.866939 0.499008 1 32 1.000000
boss
  36 91.879707 19.834202 261.640228 0.020676 0.501474 0.864926 0.852293 0.735734 1 36 1.000000
  36 91.879707 13.087463 259.591858 0.038546 -0.890182 0.453972 0.852293 0.771150 1 36 1.000000
  37 124.659035 13.773411 259.239563 0.037775 -0.893885 0.446701 0.883283 0.771150 1 37 1.000000
boss
  40 91.879707 22.179049 254.294098 -0.024070 -0.008655 0.999673 0.846435 0.345863 1 40 1.000000
  41 124.659027 26.743687 250.650803 0.017839 0.998753 0.046620 0.877424 0.309893 1 41 1.000000
  40 91.879700 27.121937 250.298401 0.033768 0.997106 0.068110 0.846435 0.309893 1 40 1.000000
boss
  40 91.879707 22.179049 254.294098 -0.024070 -0.008655 0.999673 0.846613 0.203275 1 40 1.000000
  41 124.659035 17.572094 250.491974 0.018128 -0.999656 0.018937 0.877424 0.239060 1 41 1.000000
  41 124.659035 22.175604 254.343506 -0.002442 -0.008411 0.999962 0.877603 0.203275 1 41 1.000000
boss
  36 91.879707 15.444656 253.120148 0.032724 -0.422682 -0.905687 0.852293 0.806567 1 36 1.000000
  37 124.659035 15.951864 253.258591 0.017226 -0.442805 -0.896452 0.883283 0.806567 1 37 1.000000
  37 124.659035 13.773411 259.239563 0.037775 -0.893885 0.446701 0.883283 0.771150 1 37 1.000000
boss
  36 91.879707 21.464615 255.049240 -0.022740 0.872286 -0.488467 0.852293 0.841984 1 36 1.000000
  37 124.659035 15.951864 253.258591 0.017226 -0.442805 -0.896452 0.883283 0.806567 1 37 1.000000
  36 91.879707 15.444656 253.120148 0.032724 -0.422682 -0.905687 0.852293 0.806567 1 36 1.000000
boss
  41 124.659035 17.572094 250.491974 0.018128 -0.999656 0.018937 0.877424 0.239060 1 41 1.000000
  41 157.893616 22.229042 247.836777 0.039402 0.019245 -0.999038 0.908414 0.274476 2 41 0.920702 42 0.079298
  41 157.893616 18.420656 251.320511 0.028499 -0.999192 0.028326 0.908414 0.239060 2 41 0.526323 42 0.473677
boss
  33 124.659027 28.975204 253.313568 0.020303 0.530668 -0.847337 0.897928 0.428174 1 33 1.000000
  33 124.659027 30.140350 259.418152 0.036852 0.849845 0.525743 0.897928 0.463591 1 33 1.000000
  34 157.893616 28.650896 258.586212 0.040993 0.849398 0.526158 0.928918 0.463591 1 34 1.000000
boss
  33 124.659035 22.751137 255.035110 -0.002300 -0.841421 -0.540375 0.897928 0.392204 1 33 1.000000
  34 157.893616 27.702496 253.617233 0.030281 0.522150 -0.852316 0.928918 0.428174 1 34 1.000000
  34 157.893616 22.636265 255.018509 0.013327 -0.841697 -0.539786 0.928918 0.392204 1 34 1.000000
boss
  33 124.659035 23.745178 261.213562 0.017939 -0.535771 0.844173 0.897928 0.499008 1 33 1.000000
  34 157.893616 23.445389 260.047638 0.028907 -0.543977 0.838602 0.928918 0.499008 1 34 1.000000
  34 157.893616 28.650896 258.586212 0.040993 0.849398 0.526158 0.928918 0.463591 1 34 1.000000
boss
  37 124.659035 21.515343 255.041397 -0.002376 0.873113 -0.487512 0.883283 0.699764 1 37 1.000000
  37 157.893616 20.403879 259.981750 0.027823 0.499479 0.865879 0.914272 0.735734 2 37 0.523738 38 0.476262
  37 157.893616 21.630360 255.023636 0.013283 0.873200 -0.487180 0.914272 0.699764 2 37 0.503717 38 0.496283
boss
  41 124.659027 26.743687 250.650803 0.017839 0.998753 0.046620 0.877424 0.309893 1 41 1.000000
  41 157.893616 25.886099 251.449814 0.028129 0.998040 0.055892 0.908414 0.309893 2 41 0.526330 42 0.473670
  41 157.893616 22.229042 247.836777 0.039402 0.019245 -0.999038 0.908414 0.274476 2 41 0.920702 42 0.079298
boss
  33 124.659035 22.751137 255.035110 -0.002300 -0.841421 -0.540375 0.897928 0.534424 1 33 1.000000
  34 157.893616 23.445389 260.047638 0.028907 -0.543977 0.838602 0.928918 0.499008 1 34 1.000000
  33 124.659035 23.745178 261.213562 0.017939 -0.535771 0.844173 0.897928 0.499008 1 33 1.000000
boss
  37 124.659035 20.008562 261.132629 0.017609 0.491121 0.870913 0.883283 0.735734 1 37 1.000000
  37 124.659035 13.773411 259.239563 0.037775 -0.893885 0.446701 0.883283 0.771150 1 37 1.000000
  37 157.893616 15.328622 258.440857 0.042433 -0.893775 0.446503 0.914272 0.771150 2 37 0.917674 38 0.082326
boss
  41 124.659035 22.175604 254.343506 -0.002442 -0.008411 0.999962 0.877424 0.345863 1 41 1.000000
  41 157.893616 25.886099 251.449814 0.028129 0.998040 0.055892 0.908414 0.309893 2 41 0.526330 42 0.473670
  41 124.659027 26.743687 250.650803 0.017839 0.998753 0.046620 0.877424 0.309893 1 41 1.000000
boss
  41 124.659035 22.175604 254.343506 -0.002442 -0.008411 0.999962 0.877603 0.203275 1 41 1.000000
  41 157.893616 18.420656 251.320511 0.028499 -0.999192 0.028326 0.908414 0.239060 2 41 0.526323 42 0.473677
  41 157.893616 22.167793 254.455582 0.012024 -0.008448 0.999892 0.908592 0.203275 2 41 0.503361 42 0.496639
boss
  37 124.659035 15.951864 253.258591 0.017226 -0.442805 -0.896452 0.883283 0.806567 1 37 1.000000
  37 157.893616 17.101830 253.572479 0.026874 -0.434374 -0.900331 0.914272 0.806567 2 37 0.523313 38 0.476687
  37 157.893616 15.328622 258.440857 0.042433 -0.893775 0.446503 0.914272 0.771150 2 37 0.917674 38 0.082326
boss
  37 124.659035 21.515343 255.041397 -0.002376 0.873113 -0.487512 0.883283 0.841984 1 37 1.000000
  37 157.893616 17.101830 253.572479 0.026874 -0.434374 -0.900331 0.914272 0.806567 2 37 0.523313 38 0.476687
  37 124.659035 15.951864 253.258591 0.017226 -0.442805 -0.896452 0.883283 0.806567 1 37 1.000000
boss
  37 157.893616 21.630360 255.023636 0.013283 0.873200 -0.487180 0.914272 0.841984 2 37 0.503717 38 0.496283
  39 183.540390 17.437632 254.278122 0.073045 -0.438741 -0.895640 0.938621 0.806567 1 39 1.000000
  37 157.893616 17.101830 253.572479 0.026874 -0.434374 -0.900331 0.914272 0.806567 2 37 0.523313 38 0.476687
boss
  41 157.893616 22.229042 247.836777 0.039402 0.019245 -0.999038 0.908414 0.274476 2 41 0.920702 42 0.079298
  43 183.540390 19.253368 251.308350 0.077570 -0.996746 0.021899 0.932763 0.239060 1 43 1.000000
  41 157.893616 18.420656 251.320511 0.028499 -0.999192 0.028326 0.908414 0.239060 2 41 0.526323 42 0.473677
boss
  34 157.893616 28.650896 258.586212 0.040993 0.849398 0.526158 0.928918 0.463591 1 34 1.000000
  35 183.540390 27.976315 258.193970 0.072953 0.848260 0.524531 0.953267 0.463591 1 35 1.000000
  35 183.540390 27.238220 254.326859 0.078964 0.526653 -0.846405 0.953267 0.428174 1 35 1.000000
boss
  34 157.893616 22.636265 255.018509 0.013327 -0.841697 -0.539786 0.928918 0.392204 1 34 1.000000
  35 183.540390 27.238220 254.326859 0.078964 0.526653 -0.846405 0.953267 0.428174 1 35 1.000000
  35 183.540390 23.295406 255.417404 0.072074 -0.839550 -0.538481 0.953267 0.392204 1 35 1.000000
boss
  34 157.893616 28.650896 258.586212 0.040993 0.849398 0.526158 0.928918 0.463591 1 34 1.000000
  34 157.893616 23.445389 260.047638 0.028907 -0.543977 0.838602 0.928918 0.499008 1 34 1.000000
  35 183.540390 23.925110 259.331329 0.080210 -0.537211 0.839625 0.953267 0.499008 1 35 1.000000
boss
  37 157.893616 21.630360 255.023636 0.013283 0.873200 -0.487180 0.914272 0.699764 2 37 0.503717 38 0.496283
  39 183.540390 20.007462 259.266144 0.076296 0.492462 0.866983 0.938621 0.735734 1 39 1.000000
  39 183.540390 20.961977 255.407501 0.072091 0.870822 -0.486284 0.938621 0.699764 1 39 1.000000
boss
  41 157.893616 22.229042 247.836777 0.039402 0.019245 -0.999038 0.908414 0.274476 2 41 0.920702 42 0.079298
  41 157.893616 25.886099 251.449814 0.028129 0.998040 0.055892 0.908414 0.309893 2 41 0.526330 42 0.473670
  43 183.540390 25.063377 251.408981 0.076769 0.995815 0.049589 0.932763 0.309893 1 43 1.000000
boss
  34 157.893616 22.636265 255.018509 0.013327 -0.841697 -0.539786 0.928918 0.534424 1 34 1.000000
  35 183.540390 23.925110 259.331329 0.080210 -0.537211 0.839625 0.953267 0.499008 1 35 1.000000
  34 157.893616 23.445389 260.047638 0.028907 -0.543977 0.838602 0.928918 0.499008 1 34 1.000000
boss
  37 157.893616 20.403879 259.981750 0.027823 0.499479 0.865879 0.914272 0.735734 2 37 0.523738 38 0.476262
  37 157.893616 15.328622 258.440857 0.042433 -0.893775 0.446503 0.914272 0.771150 2 37 0.917674 38 0.082326
  39 183.540390 16.057627 258.066956 0.076407 -0.891856 0.445820 0.938621 0.771150 1 39 1.000000
boss
  41 157.893616 22.167793 254.455582 0.012024 -0.008448 0.999892 0.908414 0.345863 2 41 0.503361 42 0.496639
  43 183.540390 25.063377 251.408981 0.076769 0.995815 0.049589 0.932763 0.309893 1 43 1.000000
  41 157.893616 25.886099 251.449814 0.028129 0.998040 0.055892 0.908414 0.309893 2 41 0.526330 42 0.473670
boss
  41 157.893616 22.167793 254.455582 0.012024 -0.008448 0.999892 0.908592 0.203275 2 41 0.503361 42 0.496639
  43 183.540390 19.253368 251.308350 0.077570 -0.996746 0.021899 0.932763 0.239060 1 43 1.000000
  43 183.540390 22.169592 253.748230 0.066386 -0.008335 0.997759 0.932941 0.203275 1 43 1.000000
boss
  37 157.893616 17.101830 253.572479 0.026874 -0.434374 -0.900331 0.914272 0.806567 2 37 0.523313 38 0.476687
  39 183.540390 17.437632 254.278122 0.073045 -0.438741 -0.895640 0.938621 0.806567 1 39 1.000000
  39 183.540390 16.057627 258.066956 0.076407 -0.891856 0.445820 0.938621 0.771150 1 39 1.000000
boss
  40 91.879707 22.260466 245.495468 0.058745 0.018308 -0.998105 0.846435 0.274476 1 40 1.000000
  30 68.904419 14.380714 250.012527 0.075999 -0.993463 0.085181 0.824299 0.239060 3 30 0.907933 31 0.068209 40 0.023859
  30 68.904419 21.860609 245.173767 0.023011 -0.016080 -0.999606 0.824299 0.274476 2 30 0.968299 40 0.031701
boss
  11 -4.763941 4.446641 189.901993 0.100601 0.821262 0.561613 0.828612 0.156134 4 11 0.393295 44 0.284445 57 0.243172 10 0.079088
  10 -49.888229 0.002664 201.392166 -0.664627 -0.000000 0.747176 0.872882 0.138426 2 10 0.537095 11 0.462905
  11 -4.763940 -4.441308 189.901993 0.100601 -0.821262 0.561613 0.828612 0.120717 4 11 0.393356 57 0.283561 44 0.243998 10 0.079085
boss
  9 -15.647207 5.770787 139.924835 -0.035899 0.874509 0.483679 0.634573 0.590072 2 9 0.910440 10 0.089560
  9 -60.053024 0.002663 141.910873 -0.836864 -0.000000 0.547411 0.676630 0.563510 1 9 1.000000
  9 -15.647207 -5.765455 139.924835 -0.035899 -0.874509 0.483679 0.634573 0.545801 2 9 0.910438 10 0.089562
boss
  11 -0.896561 0.002667 192.345062 -0.466152 -0.000000 -0.884704 0.119079 0.226901 1 11 1.000000
  11 -34.322205 0.002665 209.957092 -0.977308 -0.000000 -0.211822 0.156709 0.174585 1 11 1.000000
  11 3.785312 6.069067 202.450623 0.088895 0.836635 0.540499 0.119079 0.183439 2 11 0.999802 12 0.000198
boss
  11 -0.896561 0.002667 192.345062 -0.466152 -0.000000 -0.884704 0.119079 0.094897 1 11 1.000000
  11 3.785313 -6.063732 202.450623 0.088895 -0.836635 0.540499 0.119079 0.139168 2 11 0.999802 12 0.000198
  11 -34.322205 0.002665 209.957092 -0.977308 -0.000000 -0.211822 0.156709 0.148022 1 11 1.000000
boss
  11 -8.088755 0.002667 181.107788 -0.340294 -0.000000 -0.940319 0.828612 0.086110 4 11 0.357825 10 0.270313 44 0.186232 57 0.185630
  11 -4.763940 -4.441308 189.901993 0.100601 -0.821262 0.561613 0.828612 0.120717 4 11 0.393356 57 0.283561 44 0.243998 10 0.079085
  10 -51.379074 0.002663 196.774216 -0.957777 -0.000000 -0.287512 0.872882 0.120717 2 10 0.536152 11 0.463848
boss
  9 -16.204626 0.002666 130.492279 -0.141560 -0.000000 -0.989930 0.634573 0.500582 1 9 1.000000
  9 -15.647207 -5.765455 139.924835 -0.035899 -0.874509 0.483679 0.634573 0.545801 2 9 0.910438 10 0.089562
  9 -59.870285 0.002663 136.736465 -0.846673 -0.000000 -0.532114 0.676630 0.545801 1 9 1.000000
boss
  11 -8.088755 0.002667 181.107788 -0.340294 -0.000000 -0.940319 0.828612 0.192499 4 11 0.357825 10 0.270313 44 0.186232 57 0.185630
  10 -51.379074 0.002663 196.774216 -0.957777 -0.000000 -0.287512 0.872882 0.156134 2 10 0.536152 11 0.463848
  11 -4.763941 4.446641 189.901993 0.100601 0.821262 0.561613 0.828612 0.156134 4 11 0.393295 44 0.284445 57 0.243172 10 0.079088
boss
  12 18.084906 26.695040 213.237381 0.031172 0.798675 0.600955 0.104505 0.197817 4 12 0.425812 11 0.306277 57 0.172114 13 0.095796
  13 15.279887 19.911331 227.039429 -0.116034 0.992313 0.043013 0.095650 0.144692 4 13 0.519788 12 0.410464 11 0.069083 57 0.000665
  11 33.640469 14.704867 208.856949 0.817680 0.386259 0.426853 0.084583 0.233234 4 11 0.483857 12 0.356228 13 0.083142 57 0.076773
boss
  13 -0.207553 8.989094 226.411316 -0.876487 0.464988 -0.124725 0.189111 0.144692 3 13 0.480739 12 0.420283 11 0.098978
  13 15.279887 19.911331 227.039429 -0.116034 0.992313 0.043013 0.171402 0.144692 4 13 0.519788 12 0.410464 11 0.069083 57 0.000665
  11 -1.745051 9.160522 210.874908 -0.865055 0.361195 0.348164 0.189111 0.242088 4 11 0.481480 12 0.372719 13 0.091011 57 0.054790
boss
  11 33.640469 14.704867 208.856949 0.817680 0.386259 0.426853 0.084583 0.233234 4 11 0.483857 12 0.356228 13 0.083142 57 0.076773
  12 34.383636 7.984830 226.269241 0.809218 0.469642 -0.352990 0.077942 0.144692 3 12 0.479541 13 0.447609 11 0.072850
  12 34.383636 -7.979491 226.269241 0.809218 -0.469642 -0.352990 0.060234 0.144692 3 12 0.474477 13 0.460101 11 0.065423
boss
  11 33.640469 14.704867 208.856949 0.817680 0.386259 0.426853 0.084583 0.233234 4 11 0.483857 12 0.356228 13 0.083142 57 0.076773
  12 34.383636 -7.979491 226.269241 0.809218 -0.469642 -0.352990 0.060234 0.144692 3 12 0.474477 13 0.460101 11 0.065423
  11 33.640472 -14.699527 208.856949 0.817680 -0.386259 0.426853 0.051380 0.233234 4 11 0.478387 12 0.356038 13 0.087154 44 0.078422
boss
  61 13.449492 373.566315 175.309921 -0.873662 0.436980 0.213925 0.689029 0.373699 2 61 0.510836 64 0.489164
  66 13.541403 372.495483 162.117905 -0.853345 0.476647 -0.211209 0.689029 0.417970 2 66 0.530927 61 0.469073
  60 2.886984 347.743958 167.235199 -0.968130 0.236611 -0.082094 0.664680 0.400262 1 60 1.000000
boss
  61 21.435307 371.292480 181.070190 0.550455 0.047175 0.833531 0.689029 0.338282 2 61 0.523251 64 0.476749
  61 13.449492 373.566315 175.309921 -0.873662 0.436980 0.213925 0.689029 0.373699 2 61 0.510836 64 0.489164
  60 6.853772 348.645905 184.756485 -0.818478 0.156236 0.552888 0.666894 0.338282 3 60 0.448747 68 0.323474 61 0.227779
boss
  9 -11.652894 35.614460 110.558182 -0.783909 0.615641 -0.080452 0.162548 0.605109 4 9 0.725402 8 0.156401 57 0.095140 7 0.023058
  9 -12.657508 35.614460 145.999222 -0.901870 0.425824 0.072822 0.164762 0.472297 4 9 0.366930 10 0.366382 57 0.254869 70 0.011818
  57 -4.354658 48.053772 149.888733 -0.696391 0.708882 -0.111918 0.149267 0.454588 4 57 0.417221 10 0.374000 9 0.182303 70 0.026477
boss
  6 -19.272894 0.002666 10.156672 -0.998544 -0.000000 0.053943 0.197965 0.994693 1 6 1.000000
  6 -7.997298 -35.609127 10.156672 -0.775406 -0.630071 0.041889 0.233382 0.994693 1 6 1.000000
  7 -6.183234 -35.609127 43.736847 -0.781301 -0.624153 0.001181 0.233382 0.870734 2 7 0.791360 6 0.208640
boss
  6 19.224388 -50.360012 10.156672 -0.006717 -0.999946 0.007969 0.004895 0.994693 1 6 1.000000
  6 46.446075 -35.609123 10.156672 0.770976 -0.636864 0.000000 0.033671 0.994693 1 6 1.000000
  6 46.446075 -35.609123 43.736847 0.786603 -0.617019 0.023306 0.033671 0.870734 2 6 0.504143 7 0.495857
boss
  6 19.224388 -50.360012 10.156672 -0.006717 -0.999946 0.007969 0.262158 0.994693 1 6 1.000000
  7 19.224388 -50.360012 43.736847 0.009357 -0.999953 0.002608 0.262158 0.870734 2 7 0.700557 6 0.299443
  7 -6.183234 -35.609127 43.736847 -0.781301 -0.624153 0.001181 0.233382 0.870734 2 7 0.791360 6 0.208640
boss
  6 57.721664 0.002672 10.156672 0.998135 0.000000 0.061046 0.069088 0.994693 1 6 1.000000
  7 53.847404 0.002671 43.736847 0.998645 0.000000 0.052046 0.069088 0.870734 2 7 0.501070 6 0.498930
  6 46.446075 -35.609123 43.736847 0.786603 -0.617019 0.023306 0.033671 0.870734 2 6 0.504143 7 0.495857
boss
  7 -6.183234 -35.609127 43.736847 -0.781301 -0.624153 0.001181 0.233382 0.870734 2 7 0.791360 6 0.208640
  7 19.224388 -50.360012 43.736847 0.009357 -0.999953 0.002608 0.262158 0.870734 2 7 0.700557 6 0.299443
  8 14.110198 -50.360012 76.516830 -0.094512 -0.995162 -0.026821 0.262158 0.737922 2 8 0.745754 7 0.254246
boss
  7 53.847404 0.002671 43.736847 0.998645 0.000000 0.052046 0.069088 0.870734 2 7 0.501070 6 0.498930
  8 54.089447 0.002671 76.516830 0.999853 0.000000 -0.017134 0.069088 0.746776 3 8 0.489130 7 0.477669 9 0.033201
  8 47.430981 -34.130852 90.714348 0.722074 -0.615455 -0.315951 0.033671 0.693651 4 8 0.662951 7 0.207364 74 0.121610 10 0.008075
boss
  7 -17.458830 0.002666 43.736847 -0.999767 -0.000000 0.021605 0.197965 0.870734 3 7 0.836904 6 0.162398 9 0.000698
  7 -6.183234 -35.609127 43.736847 -0.781301 -0.624153 0.001181 0.233382 0.870734 2 7 0.791360 6 0.208640
  8 -6.544652 -35.609127 76.516830 -0.802083 -0.593694 -0.064733 0.233382 0.737922 2 8 0.782220 7 0.217780
boss
  6 46.446075 -35.609123 43.736847 0.786603 -0.617019 0.023306 0.033671 0.870734 2 6 0.504143 7 0.495857
  8 47.430981 -34.130852 90.714348 0.722074 -0.615455 -0.315951 0.033671 0.693651 4 8 0.662951 7 0.207364 74 0.121610 10 0.008075
  8 14.110198 -50.360012 76.516830 -0.094512 -0.995162 -0.026821 0.004895 0.746776 2 8 0.745754 7 0.254246
boss
  8 14.110198 -50.360012 76.516830 -0.094512 -0.995162 -0.026821 0.004895 0.746776 2 8 0.745754 7 0.254246
  8 47.430981 -34.130852 90.714348 0.722074 -0.615455 -0.315951 0.033671 0.693651 4 8 0.662951 7 0.207364 74 0.121610 10 0.008075
  9 39.421566 -41.911541 104.060051 0.384562 -0.921398 -0.056017 0.027031 0.640526 3 9 0.772900 74 0.190171 10 0.036930
boss
  8 14.110198 -50.360012 76.516830 -0.094512 -0.995162 -0.026821 0.262158 0.737922 2 8 0.745754 7 0.254246
  9 16.344103 -50.360012 104.060051 -0.054427 -0.998513 0.003035 0.262158 0.640526 4 9 0.725939 8 0.153375 44 0.073689 7 0.046997
  9 -11.652888 -35.609127 110.558182 -0.783909 -0.615641 -0.080452 0.233382 0.605109 4 9 0.724659 8 0.158977 44 0.090632 7 0.025732
boss
  8 54.089447 0.002671 76.516830 0.999853 0.000000 -0.017134 0.069088 0.746776 3 8 0.489130 7 0.477669 9 0.033201
  8 56.318535 0.002672 104.060051 0.999768 0.000000 -0.021547 0.069088 0.640526 3 8 0.487401 9 0.447635 7 0.064964
  9 50.089001 -18.778183 104.060051 0.972802 0.209806 -0.098173 0.049166 0.640526 4 9 0.384065 8 0.357748 74 0.208720 7 0.049467
boss
  8 -17.820250 0.002666 76.516830 -0.996716 -0.000000 -0.080979 0.197965 0.737922 2 8 0.826894 7 0.173106
  8 -6.544652 -35.609127 76.516830 -0.802083 -0.593694 -0.064733 0.233382 0.737922 2 8 0.782220 7 0.217780
  9 -11.652888 -35.609127 110.558182 -0.783909 -0.615641 -0.080452 0.233382 0.605109 4 9 0.724659 8 0.158977 44 0.090632 7 0.025732
boss
  9 -12.657502 -35.609127 145.999222 -0.901870 -0.425825 0.072822 0.231168 0.472297 4 9 0.373489 10 0.363931 44 0.247744 74 0.014836
  10 -23.933100 0.002666 145.999222 -0.997082 -0.000000 0.076337 0.197965 0.481151 4 10 0.680807 9 0.282152 11 0.023450 8 0.013591
  9 -11.652888 -35.609127 110.558182 -0.783909 -0.615641 -0.080452 0.233382 0.605109 4 9 0.724659 8 0.158977 44 0.090632 7 0.025732
boss
  9 16.344103 -50.360012 133.206345 0.000122 -0.980844 -0.194796 0.004895 0.534276 4 9 0.446310 44 0.320953 10 0.190566 8 0.042172
  9 39.421566 -41.911541 104.060051 0.384562 -0.921398 -0.056017 0.027031 0.640526 3 9 0.772900 74 0.190171 10 0.036930
  44 37.001030 -45.042049 151.780029 0.733809 -0.676951 -0.057119 0.024817 0.463442 4 44 0.443034 10 0.360917 9 0.186176 8 0.009872
boss
  9 -11.652888 -35.609127 110.558182 -0.783909 -0.615641 -0.080452 0.233382 0.605109 4 9 0.724659 8 0.158977 44 0.090632 7 0.025732
  9 16.344103 -50.360012 104.060051 -0.054427 -0.998513 0.003035 0.262158 0.640526 4 9 0.725939 8 0.153375 44 0.073689 7 0.046997
  9 16.344103 -50.360012 133.206345 0.000122 -0.980844 -0.194796 0.262158 0.525422 4 9 0.446310 44 0.320953 10 0.190566 8 0.042172
boss
  14 39.813477 -20.207914 265.287079 0.709257 -0.592706 0.381647 0.314437 0.649780 2 14 0.607567 13 0.392433
  15 50.910286 -28.635422 259.264313 -0.182245 -0.890323 0.417266 0.307796 0.618791 3 15 0.801754 14 0.192937 16 0.005309
  14 49.660240 -22.715940 264.137390 0.064106 -0.068072 0.995619 0.314714 0.618791 2 14 0.769145 15 0.230855
boss
  15 50.910286 -28.912695 250.391708 -0.195920 -0.901008 -0.387039 0.298942 0.618791 2 15 0.879721 14 0.120279
  14 40.027363 -18.076466 242.596039 0.394417 -0.662146 -0.637180 0.290088 0.649780 3 14 0.542902 13 0.425349 15 0.031749
  15 52.860226 -21.888664 244.666595 0.058299 -0.081448 -0.994971 0.290088 0.618791 2 15 0.828229 14 0.171771
boss
  15 50.910286 -28.912695 250.391708 -0.195920 -0.901008 -0.387039 0.298942 0.618791 2 15 0.879721 14 0.120279
  15 50.910286 -28.635422 259.264313 -0.182245 -0.890323 0.417266 0.307796 0.618791 3 15 0.801754 14 0.192937 16 0.005309
  14 40.027363 -24.263594 255.109192 -0.400898 -0.911900 -0.087860 0.303369 0.649780 2 14 0.989370 15 0.010630
boss
  14 49.660240 -16.680737 259.337921 0.073785 0.826769 0.557681 0.679559 0.959526 2 14 0.958161 15 0.041839
  14 39.813477 -20.207914 265.287079 0.709257 -0.592706 0.381647 0.670705 0.994943 2 14 0.607567 13 0.392433
  14 49.660240 -22.715940 264.137390 0.064106 -0.068072 0.995619 0.679559 0.994943 2 14 0.769145 15 0.230855
boss
  14 40.027363 -18.076466 242.596039 0.394417 -0.662146 -0.637180 0.670705 0.888693 3 14 0.542902 13 0.425349 15 0.031749
  13 41.051533 -9.013554 247.268982 0.965244 0.258290 -0.039867 0.670705 0.924109 3 13 0.496954 14 0.496750 15 0.006295
  14 49.660240 -14.697718 249.991379 0.307568 0.884115 -0.351771 0.679559 0.924109 2 14 0.856237 15 0.143763
boss
  14 40.027363 -18.076466 242.596039 0.394417 -0.662146 -0.637180 0.670705 0.888693 3 14 0.542902 13 0.425349 15 0.031749
  14 49.660240 -14.697718 249.991379 0.307568 0.884115 -0.351771 0.679559 0.924109 2 14 0.856237 15 0.143763
  15 52.860226 -21.888664 244.666595 0.058299 -0.081448 -0.994971 0.679559 0.888693 2 15 0.828229 14 0.171771
boss
  14 49.660240 -16.680737 259.337921 0.073785 0.826769 0.557681 0.679559 0.959526 2 14 0.958161 15 0.041839
  14 49.660240 -14.697718 249.991379 0.307568 0.884115 -0.351771 0.679559 0.924109 2 14 0.856237 15 0.143763
  13 41.051533 -9.013554 247.268982 0.965244 0.258290 -0.039867 0.670705 0.924109 3 13 0.496954 14 0.496750 15 0.006295
boss
  14 40.027363 -24.263594 255.109192 -0.400898 -0.911900 -0.087860 0.303369 0.649780 2 14 0.989370 15 0.010630
  14 40.027363 -18.076466 242.596039 0.394417 -0.662146 -0.637180 0.290088 0.649780 3 14 0.542902 13 0.425349 15 0.031749
  15 50.910286 -28.912695 250.391708 -0.195920 -0.901008 -0.387039 0.298942 0.618791 2 15 0.879721 14 0.120279
boss
  14 40.027363 -24.263594 255.109192 -0.400898 -0.911900 -0.087860 0.303369 0.649780 2 14 0.989370 15 0.010630
  15 50.910286 -28.635422 259.264313 -0.182245 -0.890323 0.417266 0.307796 0.618791 3 15 0.801754 14 0.192937 16 0.005309
  14 39.813477 -20.207914 265.287079 0.709257 -0.592706 0.381647 0.314437 0.649780 2 14 0.607567 13 0.392433
boss
  15 52.860226 -22.144175 254.768326 0.995337 -0.096436 -0.002011 0.815378 0.545984 3 15 0.528642 14 0.405088 16 0.066271
  15 68.904427 -29.987638 250.144455 0.061524 -0.994803 0.081128 0.833087 0.581954 3 15 0.895067 16 0.067060 25 0.037872
  15 68.904419 -22.211649 253.211990 0.064108 0.005785 0.997926 0.833087 0.545984 4 15 0.562868 16 0.330064 25 0.075954 14 0.031114
boss
  15 52.860226 -22.144175 254.768326 0.995337 -0.096436 -0.002011 0.809520 0.995763 3 15 0.528642 14 0.405088 16 0.066271
  15 68.904427 -30.354258 251.775909 0.014130 -0.520174 -0.853943 0.827228 0.959793 3 15 0.776705 16 0.166785 17 0.056510
  15 50.910286 -28.912695 250.391708 -0.195920 -0.901008 -0.387039 0.809520 0.959793 2 15 0.879721 14 0.120279
boss
  15 52.860226 -22.144175 254.768326 0.995337 -0.096436 -0.002011 0.815378 0.688204 3 15 0.528642 14 0.405088 16 0.066271
  15 68.904419 -14.375370 250.012527 0.075999 0.993463 0.085181 0.833087 0.652787 3 15 0.914212 16 0.059363 25 0.026425
  14 49.660240 -14.697718 249.991379 0.307568 0.884115 -0.351771 0.815378 0.652787 2 14 0.856237 15 0.143763
boss
  15 52.860226 -22.144175 254.768326 0.995337 -0.096436 -0.002011 0.668922 0.062677 3 15 0.528642 14 0.405088 16 0.066271
  15 68.904419 -13.972091 250.709091 0.026061 0.496646 -0.867562 0.686630 0.098093 3 15 0.780754 16 0.176194 21 0.043052
  15 68.904419 -20.635183 255.668350 0.080805 -0.851203 -0.518578 0.686630 0.062677 4 15 0.706152 16 0.128679 21 0.096914 14 0.068254
boss
  15 52.860226 -22.144175 254.768326 0.995337 -0.096436 -0.002011 0.668743 0.205265 3 15 0.528642 14 0.405088 16 0.066271
  15 68.904419 -21.985395 263.392487 0.056358 -0.552357 0.831700 0.686630 0.168926 3 15 0.801356 16 0.159093 21 0.039551
  14 49.660240 -22.715940 264.137390 0.064106 -0.068072 0.995619 0.668922 0.168926 2 14 0.769145 15 0.230855
boss
  15 52.860226 -22.144175 254.768326 0.995337 -0.096436 -0.002011 0.809520 0.853543 3 15 0.528642 14 0.405088 16 0.066271
  15 68.904419 -23.048597 263.227478 0.035081 0.525401 0.850131 0.827228 0.888960 3 15 0.804806 16 0.140305 17 0.054889
  15 68.904419 -23.714794 255.631683 0.068025 0.841084 -0.536611 0.827228 0.853543 4 15 0.701661 16 0.133226 17 0.107380 14 0.057733
boss
  14 49.660240 -16.680737 259.337921 0.073785 0.826769 0.557681 0.668922 0.133510 2 14 0.958161 15 0.041839
  14 49.660240 -22.715940 264.137390 0.064106 -0.068072 0.995619 0.668922 0.168926 2 14 0.769145 15 0.230855
  15 68.904419 -21.985395 263.392487 0.056358 -0.552357 0.831700 0.686630 0.168926 3 15 0.801356 16 0.159093 21 0.039551
boss
  14 49.660240 -14.697718 249.991379 0.307568 0.884115 -0.351771 0.668922 0.098093 2 14 0.856237 15 0.143763
  14 49.660240 -16.680737 259.337921 0.073785 0.826769 0.557681 0.668922 0.133510 2 14 0.958161 15 0.041839
  16 68.904419 -14.777309 258.744995 -0.064495 0.852018 0.519524 0.686630 0.133510 3 16 0.725634 15 0.247526 21 0.026840
boss
  15 52.860226 -21.888664 244.666595 0.058299 -0.081448 -0.994971 0.815378 0.617371 2 15 0.828229 14 0.171771
  15 68.904419 -14.375370 250.012527 0.075999 0.993463 0.085181 0.833087 0.652787 3 15 0.914212 16 0.059363 25 0.026425
  15 68.904419 -21.855265 245.173767 0.023011 0.016080 -0.999606 0.833087 0.617371 2 15 0.967752 25 0.032248
boss
  13 41.051533 -9.013554 247.268982 0.965244 0.258290 -0.039867 0.670705 0.924109 3 13 0.496954 14 0.496750 15 0.006295
  14 39.813477 -20.207914 265.287079 0.709257 -0.592706 0.381647 0.670705 0.994943 2 14 0.607567 13 0.392433
  14 49.660240 -16.680737 259.337921 0.073785 0.826769 0.557681 0.679559 0.959526 2 14 0.958161 15 0.041839
boss
  15 68.904427 -29.987638 250.144455 0.061524 -0.994803 0.081128 0.833087 0.581954 3 15 0.895067 16 0.067060 25 0.037872
  15 50.910286 -28.912695 250.391708 -0.195920 -0.901008 -0.387039 0.815378 0.581954 2 15 0.879721 14 0.120279
  15 52.860226 -21.888664 244.666595 0.058299 -0.081448 -0.994971 0.815378 0.617371 2 15 0.828229 14 0.171771
boss
  15 50.910286 -28.635422 259.264313 -0.182245 -0.890323 0.417266 0.809520 0.924377 3 15 0.801754 14 0.192937 16 0.005309
  15 50.910286 -28.912695 250.391708 -0.195920 -0.901008 -0.387039 0.809520 0.959793 2 15 0.879721 14 0.120279
  15 68.904427 -30.354258 251.775909 0.014130 -0.520174 -0.853943 0.827228 0.959793 3 15 0.776705 16 0.166785 17 0.056510
boss
  15 68.904419 -23.048597 263.227478 0.035081 0.525401 0.850131 0.827228 0.888960 3 15 0.804806 16 0.140305 17 0.054889
  14 49.660240 -22.715940 264.137390 0.064106 -0.068072 0.995619 0.809520 0.888960 2 14 0.769145 15 0.230855
  15 50.910286 -28.635422 259.264313 -0.182245 -0.890323 0.417266 0.809520 0.924377 3 15 0.801754 14 0.192937 16 0.005309
boss
  25 91.879707 -22.255117 245.495468 0.058745 -0.018308 -0.998105 0.855222 0.617371 1 25 1.000000
  15 68.904427 -29.987638 250.144455 0.061524 -0.994803 0.081128 0.833087 0.581954 3 15 0.895067 16 0.067060 25 0.037872
  15 68.904419 -21.855265 245.173767 0.023011 0.016080 -0.999606 0.833087 0.617371 2 15 0.967752 25 0.032248
boss
  17 91.879707 -30.791945 259.785095 0.033052 -0.850391 0.525112 0.849364 0.924377 1 17 1.000000
  15 68.904419 -23.048597 263.227478 0.035081 0.525401 0.850131 0.827228 0.888960 3 15 0.804806 16 0.140305 17 0.054889
  16 68.904427 -30.313959 258.967926 -0.054253 -0.871129 0.488049 0.827228 0.924377 3 16 0.588961 15 0.358612 17 0.052426
boss
  15 68.904419 -23.714794 255.631683 0.068025 0.841084 -0.536611 0.827228 0.995763 4 15 0.701661 16 0.133226 17 0.107380 14 0.057733
  17 91.879707 -29.531200 253.179642 0.015881 -0.519274 -0.854460 0.849364 0.959793 1 17 1.000000
  15 68.904427 -30.354258 251.775909 0.014130 -0.520174 -0.853943 0.827228 0.959793 3 15 0.776705 16 0.166785 17 0.056510
boss
  15 68.904419 -20.635183 255.668350 0.080805 -0.851203 -0.518578 0.686452 0.205265 4 15 0.706152 16 0.128679 21 0.096914 14 0.068254
  21 91.879707 -19.828854 261.640228 0.020676 -0.501474 0.864926 0.708765 0.168926 1 21 1.000000
  15 68.904419 -21.985395 263.392487 0.056358 -0.552357 0.831700 0.686630 0.168926 3 15 0.801356 16 0.159093 21 0.039551
boss
  21 91.879707 -13.082115 259.591858 0.038546 0.890182 0.453972 0.708765 0.133510 1 21 1.000000
  15 68.904419 -13.972091 250.709091 0.026061 0.496646 -0.867562 0.686630 0.098093 3 15 0.780754 16 0.176194 21 0.043052
  16 68.904419 -14.777309 258.744995 -0.064495 0.852018 0.519524 0.686630 0.133510 3 16 0.725634 15 0.247526 21 0.026840
boss
  15 68.904419 -23.714794 255.631683 0.068025 0.841084 -0.536611 0.827228 0.853543 4 15 0.701661 16 0.133226 17 0.107380 14 0.057733
  17 91.879707 -23.872055 261.727814 0.017341 0.548048 0.836267 0.849364 0.888960 1 17 1.000000
  17 91.879707 -22.796453 255.042435 -0.024201 0.841195 -0.540189 0.849364 0.853543 1 17 1.000000
boss
  15 68.904419 -21.985395 263.392487 0.056358 -0.552357 0.831700 0.686630 0.168926 3 15 0.801356 16 0.159093 21 0.039551
  21 91.879707 -13.082115 259.591858 0.038546 0.890182 0.453972 0.708765 0.133510 1 21 1.000000
  16 68.904419 -14.777309 258.744995 -0.064495 0.852018 0.519524 0.686630 0.133510 3 16 0.725634 15 0.247526 21 0.026840
boss
  15 68.904419 -22.211649 253.211990 0.064108 0.005785 0.997926 0.833087 0.545984 4 15 0.562868 16 0.330064 25 0.075954 14 0.031114
  25 91.879707 -27.116589 250.298401 0.033768 -0.997106 0.068110 0.855222 0.581954 1 25 1.000000
  25 91.879707 -22.173700 254.294098 -0.024070 0.008655 0.999673 0.855222 0.545984 1 25 1.000000
boss
  15 68.904427 -30.354258 251.775909 0.014130 -0.520174 -0.853943 0.827228 0.959793 3 15 0.776705 16 0.166785 17 0.056510
  17 91.879707 -30.791945 259.785095 0.033052 -0.850391 0.525112 0.849364 0.924377 1 17 1.000000
  16 68.904427 -30.313959 258.967926 -0.054253 -0.871129 0.488049 0.827228 0.924377 3 16 0.588961 15 0.358612 17 0.052426
boss
  15 68.904419 -22.211649 253.211990 0.064108 0.005785 0.997926 0.833087 0.688204 4 15 0.562868 16 0.330064 25 0.075954 14 0.031114
  25 91.879707 -17.192478 250.126541 0.031663 0.998714 0.039599 0.855222 0.652787 1 25 1.000000
  15 68.904419 -14.375370 250.012527 0.075999 0.993463 0.085181 0.833087 0.652787 3 15 0.914212 16 0.059363 25 0.026425
boss
  15 68.904419 -20.635183 255.668350 0.080805 -0.851203 -0.518578 0.686630 0.062677 4 15 0.706152 16 0.128679 21 0.096914 14 0.068254
  21 91.879707 -15.439308 253.120148 0.032724 0.422682 -0.905687 0.708765 0.098093 1 21 1.000000
  21 91.879707 -21.459267 255.049240 -0.022740 -0.872286 -0.488467 0.708765 0.062677 1 21 1.000000
boss
  44 28.307043 -57.638580 163.116669 0.876318 -0.391537 -0.280650 0.011536 0.410317 3 44 0.665847 45 0.282429 10 0.051724
  44 14.999472 -57.638580 151.936356 0.040271 -0.663025 -0.747513 0.004895 0.463442 3 44 0.588327 45 0.373683 10 0.037990
  9 16.344103 -50.360012 133.206345 0.000122 -0.980844 -0.194796 0.004895 0.534276 4 9 0.446310 44 0.320953 10 0.190566 8 0.042172
boss
  44 28.307043 -57.638580 163.116669 0.876318 -0.391537 -0.280650 0.011536 0.410317 3 44 0.665847 45 0.282429 10 0.051724
  9 16.344103 -50.360012 133.206345 0.000122 -0.980844 -0.194796 0.004895 0.534276 4 9 0.446310 44 0.320953 10 0.190566 8 0.042172
  44 37.001030 -45.042049 151.780029 0.733809 -0.676951 -0.057119 0.024817 0.463442 4 44 0.443034 10 0.360917 9 0.186176 8 0.009872
boss
  44 15.181458 -57.638580 191.900116 -0.034343 -0.339086 0.940128 0.007109 0.277505 4 44 0.490746 10 0.252190 45 0.250737 11 0.006328
  44 28.537315 -57.638580 177.962662 0.884227 -0.305908 0.352936 0.011536 0.348338 2 44 0.648748 45 0.351252
  44 39.819836 -33.053017 187.615616 0.817051 -0.424815 0.389822 0.038098 0.330630 3 44 0.600360 10 0.352688 11 0.046952
boss
  44 18.059752 -37.517254 201.974777 -0.008612 -0.598173 0.801320 0.024817 0.242088 3 44 0.841717 11 0.133633 13 0.024650
  44 39.819836 -33.053017 187.615616 0.817051 -0.424815 0.389822 0.038098 0.330630 3 44 0.600360 10 0.352688 11 0.046952
  11 33.640472 -14.699527 208.856949 0.817680 -0.386259 0.426853 0.051380 0.233234 4 11 0.478387 12 0.356038 13 0.087154 44 0.078422
boss
  10 50.371353 0.002671 183.121338 0.959353 0.000000 0.282209 0.069088 0.348338 4 10 0.680706 44 0.109177 57 0.108955 11 0.101162
  11 33.640472 -14.699527 208.856949 0.817680 -0.386259 0.426853 0.051380 0.233234 4 11 0.478387 12 0.356038 13 0.087154 44 0.078422
  44 39.819836 -33.053017 187.615616 0.817051 -0.424815 0.389822 0.038098 0.330630 3 44 0.600360 10 0.352688 11 0.046952
boss
  44 28.537315 -57.638580 177.962662 0.884227 -0.305908 0.352936 0.011536 0.348338 2 44 0.648748 45 0.351252
  44 28.307043 -57.638580 163.116669 0.876318 -0.391537 -0.280650 0.011536 0.410317 3 44 0.665847 45 0.282429 10 0.051724
  44 37.001030 -45.042049 151.780029 0.733809 -0.676951 -0.057119 0.024817 0.463442 4 44 0.443034 10 0.360917 9 0.186176 8 0.009872
boss
  44 28.537315 -57.638580 177.962662 0.884227 -0.305908 0.352936 0.011536 0.348338 2 44 0.648748 45 0.351252
  44 37.001030 -45.042049 151.780029 0.733809 -0.676951 -0.057119 0.024817 0.463442 4 44 0.443034 10 0.360917 9 0.186176 8 0.009872
  44 39.819836 -33.053017 187.615616 0.817051 -0.424815 0.389822 0.038098 0.330630 3 44 0.600360 10 0.352688 11 0.046952
boss
  9 46.926525 -30.869059 133.206345 0.897089 -0.416842 0.146537 0.038098 0.534276 4 9 0.474581 74 0.278106 44 0.169115 8 0.078199
  9 54.841377 0.002671 143.801712 0.997307 0.000000 0.073336 0.069088 0.498859 4 9 0.825530 57 0.061546 44 0.061478 8 0.051445
  10 50.371353 0.002671 183.121338 0.959353 0.000000 0.282209 0.069088 0.348338 4 10 0.680706 44 0.109177 57 0.108955 11 0.101162
boss
  44 37.001030 -45.042049 151.780029 0.733809 -0.676951 -0.057119 0.024817 0.463442 4 44 0.443034 10 0.360917 9 0.186176 8 0.009872
  9 46.926525 -30.869059 133.206345 0.897089 -0.416842 0.146537 0.038098 0.534276 4 9 0.474581 74 0.278106 44 0.169115 8 0.078199
  44 39.819836 -33.053017 187.615616 0.817051 -0.424815 0.389822 0.038098 0.330630 3 44 0.600360 10 0.352688 11 0.046952
boss
  9 16.344103 -50.360012 133.206345 0.000122 -0.980844 -0.194796 0.262158 0.525422 4 9 0.446310 44 0.320953 10 0.190566 8 0.042172
  44 14.999472 -57.638580 151.936356 0.040271 -0.663025 -0.747513 0.262158 0.454588 3 44 0.588327 45 0.373683 10 0.037990
  44 0.674235 -57.638584 162.750107 -0.905496 -0.321146 -0.277385 0.253303 0.401463 3 44 0.602350 45 0.386187 10 0.011463
boss
  9 16.344103 -50.360012 133.206345 0.000122 -0.980844 -0.194796 0.262158 0.525422 4 9 0.446310 44 0.320953 10 0.190566 8 0.042172
  44 0.674235 -57.638584 162.750107 -0.905496 -0.321146 -0.277385 0.253303 0.401463 3 44 0.602350 45 0.386187 10 0.011463
  44 -4.354650 -48.048439 149.888733 -0.696391 -0.708883 -0.111918 0.246663 0.454588 4 44 0.398205 10 0.367490 9 0.198270 74 0.036035
boss
  44 15.181458 -57.638580 191.900116 -0.034343 -0.339086 0.940128 0.259944 0.277505 4 44 0.490746 10 0.252190 45 0.250737 11 0.006328
  44 18.059752 -37.517254 201.974777 -0.008612 -0.598173 0.801320 0.242236 0.242088 3 44 0.841717 11 0.133633 13 0.024650
  44 -6.807991 -31.086937 182.764343 -0.839393 -0.382256 0.386394 0.228955 0.330630 3 44 0.658799 10 0.288313 11 0.052887
boss
  44 0.904507 -57.638584 177.596069 -0.902457 -0.174089 0.394035 0.253303 0.348338 2 44 0.620399 45 0.379601
  44 -6.807991 -31.086937 182.764343 -0.839393 -0.382256 0.386394 0.228955 0.330630 3 44 0.658799 10 0.288313 11 0.052887
  44 -4.354650 -48.048439 149.888733 -0.696391 -0.708883 -0.111918 0.246663 0.454588 4 44 0.398205 10 0.367490 9 0.198270 74 0.036035
boss
  44 0.904507 -57.638584 177.596069 -0.902457 -0.174089 0.394035 0.253303 0.348338 2 44 0.620399 45 0.379601
  44 -4.354650 -48.048439 149.888733 -0.696391 -0.708883 -0.111918 0.246663 0.454588 4 44 0.398205 10 0.367490 9 0.198270 74 0.036035
  44 0.674235 -57.638584 162.750107 -0.905496 -0.321146 -0.277385 0.253303 0.401463 3 44 0.602350 45 0.386187 10 0.011463
boss
  11 -1.745050 -9.155188 210.874908 -0.865052 -0.361199 0.348167 0.206819 0.242088 4 11 0.479501 12 0.372605 13 0.092397 44 0.055497
  44 -6.807991 -31.086937 182.764343 -0.839393 -0.382256 0.386394 0.228955 0.330630 3 44 0.658799 10 0.288313 11 0.052887
  44 18.059752 -37.517254 201.974777 -0.008612 -0.598173 0.801320 0.242236 0.242088 3 44 0.841717 11 0.133633 13 0.024650
boss
  10 -17.034163 0.002666 183.018066 -0.953906 -0.000000 0.300107 0.197965 0.339484 4 10 0.302816 44 0.241679 57 0.240922 11 0.214583
  10 -23.933100 0.002666 145.999222 -0.997082 -0.000000 0.076337 0.197965 0.481151 4 10 0.680807 9 0.282152 11 0.023450 8 0.013591
  9 -12.657502 -35.609127 145.999222 -0.901870 -0.425825 0.072822 0.231168 0.472297 4 9 0.373489 10 0.363931 44 0.247744 74 0.014836
boss
  44 -6.807991 -31.086937 182.764343 -0.839393 -0.382256 0.386394 0.228955 0.330630 3 44 0.658799 10 0.288313 11 0.052887
  11 -1.745050 -9.155188 210.874908 -0.865052 -0.361199 0.348167 0.206819 0.242088 4 11 0.479501 12 0.372605 13 0.092397 44 0.055497
  10 -17.034163 0.002666 183.018066 -0.953906 -0.000000 0.300107 0.197965 0.339484 4 10 0.302816 44 0.241679 57 0.240922 11 0.214583
boss
  13 38.820095 -25.444767 279.744263 0.700392 -0.628236 0.338780 0.330485 0.649780 1 13 1.000000
  13 38.529003 -19.499821 283.980682 0.787594 -0.191069 0.585823 0.336572 0.649780 1 13 1.000000
  13 1.225080 -19.722092 303.745880 0.228140 -0.516131 0.825567 0.349854 0.818010 1 13 1.000000
boss
  13 39.198513 -26.294046 274.236969 0.645711 -0.748676 -0.150140 0.323844 0.649780 1 13 1.000000
  13 38.820095 -25.444767 279.744263 0.700392 -0.628236 0.338780 0.330485 0.649780 1 13 1.000000
  13 -2.126798 -28.068525 290.298370 -0.156492 -0.982000 0.105760 0.336572 0.818010 2 13 0.920795 29 0.079205
boss
  13 1.225080 -19.722092 303.745880 0.228140 -0.516131 0.825567 0.349854 0.818010 1 13 1.000000
  13 -35.761044 -4.049256 317.164459 -0.215284 -0.376195 0.901183 0.358708 0.968530 1 13 1.000000
  13 -36.972561 -12.395688 305.227783 -0.575298 -0.800247 0.169223 0.345426 0.950822 2 13 0.910857 29 0.089143
boss
  14 40.027363 -18.076466 242.596039 0.394417 -0.662146 -0.637180 0.290641 0.614364 3 14 0.542902 13 0.425349 15 0.031749
  13 41.797588 -9.044115 236.411224 0.923024 -0.274413 -0.269674 0.286214 0.578947 2 13 0.983036 11 0.016964
  13 41.051533 -9.013554 247.268982 0.965244 0.258290 -0.039867 0.298488 0.579423 3 13 0.496954 14 0.496750 15 0.006295
boss
  11 33.640472 -14.699527 208.856949 0.817680 -0.386259 0.426853 0.051380 0.233234 4 11 0.478387 12 0.356038 13 0.087154 44 0.078422
  12 34.383636 -7.979491 226.269241 0.809218 -0.469642 -0.352990 0.060234 0.144692 3 12 0.474477 13 0.460101 11 0.065423
  13 15.279890 -19.905994 227.039429 -0.116033 -0.992313 0.043013 0.038098 0.144692 4 13 0.521356 12 0.409327 11 0.068135 44 0.001182
boss
  11 -1.745050 -9.155188 210.874908 -0.865052 -0.361199 0.348167 0.206819 0.242088 4 11 0.479501 12 0.372605 13 0.092397 44 0.055497
  12 18.084909 -26.689703 213.237381 0.031172 -0.798675 0.600955 0.233382 0.197817 4 12 0.424843 11 0.304703 44 0.173601 13 0.096853
  13 15.279890 -19.905994 227.039429 -0.116033 -0.992313 0.043013 0.224527 0.144692 4 13 0.521356 12 0.409327 11 0.068135 44 0.001182
boss
  13 -7.541312 -12.468544 250.025665 -0.692671 -0.614108 -0.378256 0.296729 0.853426 3 13 0.976409 12 0.017388 29 0.006203
  13 -2.126798 -28.068525 290.298370 -0.156492 -0.982000 0.105760 0.336572 0.818010 2 13 0.920795 29 0.079205
  13 -36.972561 -12.395688 305.227783 -0.575298 -0.800247 0.169223 0.345426 0.950822 2 13 0.910857 29 0.089143
boss
  13 -43.924545 0.002664 311.515656 -0.923971 -0.000000 0.382462 0.352067 0.995093 1 13 1.000000
  13 -42.681755 0.002664 293.472015 -0.934150 -0.000000 -0.356881 0.334359 0.995093 1 13 1.000000
  13 -36.972561 -12.395688 305.227783 -0.575298 -0.800247 0.169223 0.345426 0.950822 2 13 0.910857 29 0.089143
boss
  14 40.027363 -24.263594 255.109192 -0.400898 -0.911900 -0.087860 0.303369 0.649780 2 14 0.989370 15 0.010630
  14 39.813477 -20.207914 265.287079 0.709257 -0.592706 0.381647 0.314437 0.649780 2 14 0.607567 13 0.392433
  14 24.433653 -21.373341 265.596130 -0.091200 -0.968631 -0.231165 0.312223 0.711760 2 14 0.518653 13 0.481347
boss
  14 39.813477 -20.207914 265.287079 0.709257 -0.592706 0.381647 0.314437 0.649780 2 14 0.607567 13 0.392433
  13 39.198513 -26.294046 274.236969 0.645711 -0.748676 -0.150140 0.323844 0.649780 1 13 1.000000
  14 24.433653 -21.373341 265.596130 -0.091200 -0.968631 -0.231165 0.312223 0.711760 2 14 0.518653 13 0.481347
boss
  13 39.198513 -26.294046 274.236969 0.645711 -0.748676 -0.150140 0.323844 0.649780 1 13 1.000000
  13 -2.126798 -28.068525 290.298370 -0.156492 -0.982000 0.105760 0.336572 0.818010 2 13 0.920795 29 0.079205
  14 24.433653 -21.373341 265.596130 -0.091200 -0.968631 -0.231165 0.312223 0.711760 2 14 0.518653 13 0.481347
boss
  13 -7.541312 -12.468544 250.025665 -0.692671 -0.614108 -0.378256 0.296729 0.853426 3 13 0.976409 12 0.017388 29 0.006203
  14 24.433653 -21.373341 265.596130 -0.091200 -0.968631 -0.231165 0.312223 0.711760 2 14 0.518653 13 0.481347
  13 -2.126798 -28.068525 290.298370 -0.156492 -0.982000 0.105760 0.336572 0.818010 2 13 0.920795 29 0.079205
boss
  12 18.084909 -26.689703 213.237381 0.031172 -0.798675 0.600955 0.033671 0.197817 4 12 0.424843 11 0.304703 44 0.173601 13 0.096853
  44 18.059752 -37.517254 201.974777 -0.008612 -0.598173 0.801320 0.024817 0.242088 3 44 0.841717 11 0.133633 13 0.024650
  11 33.640472 -14.699527 208.856949 0.817680 -0.386259 0.426853 0.051380 0.233234 4 11 0.478387 12 0.356038 13 0.087154 44 0.078422
boss
  12 18.084909 -26.689703 213.237381 0.031172 -0.798675 0.600955 0.233382 0.197817 4 12 0.424843 11 0.304703 44 0.173601 13 0.096853
  11 -1.745050 -9.155188 210.874908 -0.865052 -0.361199 0.348167 0.206819 0.242088 4 11 0.479501 12 0.372605 13 0.092397 44 0.055497
  44 18.059752 -37.517254 201.974777 -0.008612 -0.598173 0.801320 0.242236 0.242088 3 44 0.841717 11 0.133633 13 0.024650
boss
  13 -35.761044 -4.049256 317.164459 -0.215284 -0.376195 0.901183 0.358708 0.968530 1 13 1.000000
  13 -43.924545 0.002664 311.515656 -0.923971 -0.000000 0.382462 0.352067 0.995093 1 13 1.000000
  13 -36.972561 -12.395688 305.227783 -0.575298 -0.800247 0.169223 0.345426 0.950822 2 13 0.910857 29 0.089143
boss
  13 15.279890 -19.905994 227.039429 -0.116033 -0.992313 0.043013 0.272380 0.756031 4 13 0.521356 12 0.409327 11 0.068135 44 0.001182
  14 24.433653 -21.373341 265.596130 -0.091200 -0.968631 -0.231165 0.312223 0.711760 2 14 0.518653 13 0.481347
  13 -7.541312 -12.468544 250.025665 -0.692671 -0.614108 -0.378256 0.296729 0.853426 3 13 0.976409 12 0.017388 29 0.006203
boss
  13 42.149155 0.002671 231.294678 0.886760 0.000000 -0.462230 0.281787 0.543531 2 13 0.938898 11 0.061102
  13 41.797588 -9.044115 236.411224 0.923024 -0.274413 -0.269674 0.286214 0.578947 2 13 0.983036 11 0.016964
  12 34.383636 -7.979491 226.269241 0.809218 -0.469642 -0.352990 0.272933 0.578947 3 12 0.474477 13 0.460101 11 0.065423
boss
  14 40.027363 -18.076466 242.596039 0.394417 -0.662146 -0.637180 0.290088 0.649780 3 14 0.542902 13 0.425349 15 0.031749
  13 15.279890 -19.905994 227.039429 -0.116033 -0.992313 0.043013 0.272380 0.756031 4 13 0.521356 12 0.409327 11 0.068135 44 0.001182
  12 34.383636 -7.979491 226.269241 0.809218 -0.469642 -0.352990 0.272380 0.667489 3 12 0.474477 13 0.460101 11 0.065423
boss
  13 15.279890 -19.905994 227.039429 -0.116033 -0.992313 0.043013 0.272380 0.756031 4 13 0.521356 12 0.409327 11 0.068135 44 0.001182
  14 40.027363 -18.076466 242.596039 0.394417 -0.662146 -0.637180 0.290088 0.649780 3 14 0.542902 13 0.425349 15 0.031749
  14 24.433653 -21.373341 265.596130 -0.091200 -0.968631 -0.231165 0.312223 0.711760 2 14 0.518653 13 0.481347
boss
  13 39.198513 -26.294046 274.236969 0.645711 -0.748676 -0.150140 0.327132 0.650224 1 13 1.000000
  14 39.813477 -20.207914 265.287079 0.709257 -0.592706 0.381647 0.318026 0.625456 2 14 0.607567 13 0.392433
  13 38.529003 -19.499821 283.980682 0.787594 -0.191069 0.585823 0.338893 0.622754 1 13 1.000000
boss
  14 24.433653 -21.373341 265.596130 -0.091200 -0.968631 -0.231165 0.312223 0.711760 2 14 0.518653 13 0.481347
  14 40.027363 -18.076466 242.596039 0.394417 -0.662146 -0.637180 0.290088 0.649780 3 14 0.542902 13 0.425349 15 0.031749
  14 40.027363 -24.263594 255.109192 -0.400898 -0.911900 -0.087860 0.303369 0.649780 2 14 0.989370 15 0.010630
boss
  25 91.879707 -17.192478 250.126541 0.031663 0.998714 0.039599 0.855222 0.652787 1 25 1.000000
  26 124.659035 -22.245497 246.212067 0.035141 -0.019175 -0.999198 0.886212 0.617371 1 26 1.000000
  25 91.879707 -22.255117 245.495468 0.058745 -0.018308 -0.998105 0.855222 0.617371 1 25 1.000000
boss
  17 91.879707 -29.531200 253.179642 0.015881 -0.519274 -0.854460 0.849364 0.959793 1 17 1.000000
  18 124.659035 -28.969852 253.313568 0.020303 -0.530668 -0.847337 0.880354 0.959793 1 18 1.000000
  18 124.659035 -30.134998 259.418152 0.036852 -0.849845 0.525743 0.880354 0.924377 1 18 1.000000
boss
  17 91.879707 -22.796453 255.042435 -0.024201 0.841195 -0.540189 0.849364 0.995763 1 17 1.000000
  18 124.659035 -28.969852 253.313568 0.020303 -0.530668 -0.847337 0.880354 0.959793 1 18 1.000000
  17 91.879707 -29.531200 253.179642 0.015881 -0.519274 -0.854460 0.849364 0.959793 1 17 1.000000
boss
  17 91.879707 -23.872055 261.727814 0.017341 0.548048 0.836267 0.849364 0.888960 1 17 1.000000
  17 91.879707 -30.791945 259.785095 0.033052 -0.850391 0.525112 0.849364 0.924377 1 17 1.000000
  18 124.659035 -30.134998 259.418152 0.036852 -0.849845 0.525743 0.880354 0.924377 1 18 1.000000
boss
  21 91.879707 -21.459267 255.049240 -0.022740 -0.872286 -0.488467 0.708587 0.205265 1 21 1.000000
  22 124.659035 -20.003210 261.132629 0.017609 -0.491121 0.870913 0.739755 0.168926 1 22 1.000000
  21 91.879707 -19.828854 261.640228 0.020676 -0.501474 0.864926 0.708765 0.168926 1 21 1.000000
boss
  25 91.879707 -27.116589 250.298401 0.033768 -0.997106 0.068110 0.855222 0.581954 1 25 1.000000
  25 91.879707 -22.255117 245.495468 0.058745 -0.018308 -0.998105 0.855222 0.617371 1 25 1.000000
  26 124.659035 -22.245497 246.212067 0.035141 -0.019175 -0.999198 0.886212 0.617371 1 26 1.000000
boss
  17 91.879707 -22.796453 255.042435 -0.024201 0.841195 -0.540189 0.849364 0.853543 1 17 1.000000
  18 124.659035 -23.739826 261.213562 0.017939 0.535771 0.844173 0.880354 0.888960 1 18 1.000000
  18 124.659035 -22.745785 255.035110 -0.002300 0.841421 -0.540375 0.880354 0.853543 1 18 1.000000
boss
  21 91.879707 -19.828854 261.640228 0.020676 -0.501474 0.864926 0.708765 0.168926 1 21 1.000000
  22 124.659035 -20.003210 261.132629 0.017609 -0.491121 0.870913 0.739755 0.168926 1 22 1.000000
  22 124.659035 -13.768057 259.239563 0.037775 0.893885 0.446701 0.739755 0.133510 1 22 1.000000
boss
  25 91.879707 -22.173700 254.294098 -0.024070 0.008655 0.999673 0.855222 0.545984 1 25 1.000000
  26 124.659035 -26.738335 250.650803 0.017839 -0.998753 0.046620 0.886212 0.581954 1 26 1.000000
  26 124.659035 -22.170252 254.343506 -0.002442 0.008411 0.999962 0.886212 0.545984 1 26 1.000000
boss
  25 91.879707 -22.173700 254.294098 -0.024070 0.008655 0.999673 0.855222 0.688204 1 25 1.000000
  26 124.659035 -17.566742 250.491974 0.018128 0.999656 0.018937 0.886212 0.652787 1 26 1.000000
  25 91.879707 -17.192478 250.126541 0.031663 0.998714 0.039599 0.855222 0.652787 1 25 1.000000
boss
  21 91.879707 -15.439308 253.120148 0.032724 0.422682 -0.905687 0.708765 0.098093 1 21 1.000000
  21 91.879707 -13.082115 259.591858 0.038546 0.890182 0.453972 0.708765 0.133510 1 21 1.000000
  22 124.659035 -13.768057 259.239563 0.037775 0.893885 0.446701 0.739755 0.133510 1 22 1.000000
boss
  21 91.879707 -21.459267 255.049240 -0.022740 -0.872286 -0.488467 0.708765 0.062677 1 21 1.000000
  22 124.659035 -15.946510 253.258591 0.017226 0.442805 -0.896452 0.739755 0.098093 1 22 1.000000
  22 124.659035 -21.509991 255.041397 -0.002376 -0.873113 -0.487512 0.739755 0.062677 1 22 1.000000
boss
  26 124.659035 -17.566742 250.491974 0.018128 0.999656 0.018937 0.886212 0.652787 1 26 1.000000
  26 157.893616 -22.223682 247.836777 0.039402 -0.019245 -0.999038 0.917201 0.617371 2 26 0.920712 27 0.079288
  26 124.659035 -22.245497 246.212067 0.035141 -0.019175 -0.999198 0.886212 0.617371 1 26 1.000000
boss
  18 124.659035 -28.969852 253.313568 0.020303 -0.530668 -0.847337 0.880354 0.959793 1 18 1.000000
  19 157.893631 -27.697136 253.617233 0.030281 -0.522150 -0.852316 0.911343 0.959793 1 19 1.000000
  19 157.893631 -28.645536 258.586212 0.040993 -0.849398 0.526158 0.911343 0.924377 1 19 1.000000
boss
  18 124.659035 -22.745785 255.035110 -0.002300 0.841421 -0.540375 0.880354 0.995763 1 18 1.000000
  19 157.893631 -27.697136 253.617233 0.030281 -0.522150 -0.852316 0.911343 0.959793 1 19 1.000000
  18 124.659035 -28.969852 253.313568 0.020303 -0.530668 -0.847337 0.880354 0.959793 1 18 1.000000
boss
  18 124.659035 -23.739826 261.213562 0.017939 0.535771 0.844173 0.880354 0.888960 1 18 1.000000
  18 124.659035 -30.134998 259.418152 0.036852 -0.849845 0.525743 0.880354 0.924377 1 18 1.000000
  19 157.893631 -28.645536 258.586212 0.040993 -0.849398 0.526158 0.911343 0.924377 1 19 1.000000
boss
  22 124.659035 -21.509991 255.041397 -0.002376 -0.873113 -0.487512 0.739577 0.205265 1 22 1.000000
  22 157.893616 -20.398520 259.981750 0.027823 -0.499479 0.865879 0.770745 0.168926 2 22 0.523233 23 0.476767
  22 124.659035 -20.003210 261.132629 0.017609 -0.491121 0.870913 0.739755 0.168926 1 22 1.000000
boss
  26 124.659035 -26.738335 250.650803 0.017839 -0.998753 0.046620 0.886212 0.581954 1 26 1.000000
  26 124.659035 -22.245497 246.212067 0.035141 -0.019175 -0.999198 0.886212 0.617371 1 26 1.000000
  26 157.893616 -22.223682 247.836777 0.039402 -0.019245 -0.999038 0.917201 0.617371 2 26 0.920712 27 0.079288
boss
  18 124.659035 -22.745785 255.035110 -0.002300 0.841421 -0.540375 0.880354 0.853543 1 18 1.000000
  19 157.893616 -23.440029 260.047638 0.028907 0.543977 0.838602 0.911343 0.888960 1 19 1.000000
  19 157.893616 -22.630905 255.018509 0.013327 0.841697 -0.539786 0.911343 0.853543 1 19 1.000000
boss
  22 124.659035 -20.003210 261.132629 0.017609 -0.491121 0.870913 0.739755 0.168926 1 22 1.000000
  22 157.893616 -20.398520 259.981750 0.027823 -0.499479 0.865879 0.770745 0.168926 2 22 0.523233 23 0.476767
  22 157.893616 -15.323264 258.440857 0.042433 0.893775 0.446503 0.770745 0.133510 2 22 0.915506 23 0.084494
boss
  26 124.659035 -22.170252 254.343506 -0.002442 0.008411 0.999962 0.886212 0.545984 1 26 1.000000
  26 157.893631 -25.880739 251.449814 0.028129 -0.998040 0.055892 0.917201 0.581954 2 26 0.525574 27 0.474426
  26 157.893616 -22.162434 254.455582 0.012024 0.008448 0.999892 0.917201 0.545984 2 26 0.503361 27 0.496639
boss
  26 124.659035 -22.170252 254.343506 -0.002442 0.008411 0.999962 0.886212 0.688204 1 26 1.000000
  26 157.893616 -18.415297 251.320511 0.028499 0.999192 0.028326 0.917201 0.652787 2 26 0.527081 27 0.472919
  26 124.659035 -17.566742 250.491974 0.018128 0.999656 0.018937 0.886212 0.652787 1 26 1.000000
boss
  22 124.659035 -15.946510 253.258591 0.017226 0.442805 -0.896452 0.739755 0.098093 1 22 1.000000
  22 124.659035 -13.768057 259.239563 0.037775 0.893885 0.446701 0.739755 0.133510 1 22 1.000000
  22 157.893616 -15.323264 258.440857 0.042433 0.893775 0.446503 0.770745 0.133510 2 22 0.915506 23 0.084494
boss
  22 124.659035 -21.509991 255.041397 -0.002376 -0.873113 -0.487512 0.739755 0.062677 1 22 1.000000
  22 157.893616 -17.096470 253.572479 0.026874 0.434374 -0.900331 0.770745 0.098093 2 22 0.523439 23 0.476561
  22 157.893616 -21.625000 255.023636 0.013283 -0.873200 -0.487180 0.770745 0.062677 2 22 0.503603 23 0.496397
boss
  22 157.893616 -21.625000 255.023636 0.013283 -0.873200 -0.487180 0.770745 0.062677 2 22 0.503603 23 0.496397
  24 183.540390 -17.432268 254.278122 0.073045 0.438741 -0.895640 0.795094 0.098093 1 24 1.000000
  24 183.540390 -20.956614 255.407501 0.072091 -0.870822 -0.486284 0.795094 0.062677 1 24 1.000000
boss
  26 157.893616 -22.223682 247.836777 0.039402 -0.019245 -0.999038 0.917201 0.617371 2 26 0.920712 27 0.079288
  28 183.540390 -19.248005 251.308350 0.077570 0.996746 0.021899 0.941550 0.652787 1 28 1.000000
  28 183.540390 -22.211895 248.597122 0.071143 -0.019109 -0.997283 0.941550 0.617371 1 28 1.000000
boss
  19 157.893631 -28.645536 258.586212 0.040993 -0.849398 0.526158 0.911343 0.924377 1 19 1.000000
  19 157.893631 -27.697136 253.617233 0.030281 -0.522150 -0.852316 0.911343 0.959793 1 19 1.000000
  20 183.540405 -27.232857 254.326859 0.078964 -0.526653 -0.846405 0.935692 0.959793 1 20 1.000000
boss
  19 157.893616 -22.630905 255.018509 0.013327 0.841697 -0.539786 0.911343 0.995763 1 19 1.000000
  20 183.540405 -27.232857 254.326859 0.078964 -0.526653 -0.846405 0.935692 0.959793 1 20 1.000000
  19 157.893631 -27.697136 253.617233 0.030281 -0.522150 -0.852316 0.911343 0.959793 1 19 1.000000
boss
  19 157.893631 -28.645536 258.586212 0.040993 -0.849398 0.526158 0.911343 0.924377 1 19 1.000000
  20 183.540405 -27.970951 258.193970 0.072953 -0.848260 0.524531 0.935692 0.924377 1 20 1.000000
  20 183.540390 -23.919746 259.331329 0.080210 0.537211 0.839625 0.935692 0.888960 1 20 1.000000
boss
  22 157.893616 -21.625000 255.023636 0.013283 -0.873200 -0.487180 0.770566 0.205265 2 22 0.503603 23 0.496397
  24 183.540390 -20.002098 259.266144 0.076296 -0.492462 0.866983 0.795094 0.168926 1 24 1.000000
  22 157.893616 -20.398520 259.981750 0.027823 -0.499479 0.865879 0.770745 0.168926 2 22 0.523233 23 0.476767
boss
  26 157.893616 -22.223682 247.836777 0.039402 -0.019245 -0.999038 0.917201 0.617371 2 26 0.920712 27 0.079288
  28 183.540390 -22.211895 248.597122 0.071143 -0.019109 -0.997283 0.941550 0.617371 1 28 1.000000
  28 183.540390 -25.058014 251.408981 0.076770 -0.995815 0.049589 0.941550 0.581954 1 28 1.000000
boss
  19 157.893616 -22.630905 255.018509 0.013327 0.841697 -0.539786 0.911343 0.853543 1 19 1.000000
  20 183.540390 -23.919746 259.331329 0.080210 0.537211 0.839625 0.935692 0.888960 1 20 1.000000
  20 183.540390 -23.290043 255.417404 0.072074 0.839550 -0.538481 0.935692 0.853543 1 20 1.000000
boss
  22 157.893616 -20.398520 259.981750 0.027823 -0.499479 0.865879 0.770745 0.168926 2 22 0.523233 23 0.476767
  24 183.540390 -20.002098 259.266144 0.076296 -0.492462 0.866983 0.795094 0.168926 1 24 1.000000
  24 183.540390 -16.052263 258.066956 0.076407 0.891856 0.445820 0.795094 0.133510 1 24 1.000000
boss
  26 157.893616 -22.162434 254.455582 0.012024 0.008448 0.999892 0.917201 0.545984 2 26 0.503361 27 0.496639
  28 183.540390 -25.058014 251.408981 0.076770 -0.995815 0.049589 0.941550 0.581954 1 28 1.000000
  28 183.540390 -22.164228 253.748230 0.066386 0.008335 0.997759 0.941550 0.545984 1 28 1.000000
boss
  26 157.893616 -22.162434 254.455582 0.012024 0.008448 0.999892 0.917201 0.688204 2 26 0.503361 27 0.496639
  28 183.540390 -19.248005 251.308350 0.077570 0.996746 0.021899 0.941550 0.652787 1 28 1.000000
  26 157.893616 -18.415297 251.320511 0.028499 0.999192 0.028326 0.917201 0.652787 2 26 0.527081 27 0.472919
boss
  22 157.893616 -17.096470 253.572479 0.026874 0.434374 -0.900331 0.770745 0.098093 2 22 0.523439 23 0.476561
  22 157.893616 -15.323264 258.440857 0.042433 0.893775 0.446503 0.770745 0.133510 2 22 0.915506 23 0.084494
  24 183.540390 -16.052263 258.066956 0.076407 0.891856 0.445820 0.795094 0.133510 1 24 1.000000
boss
  24 183.540390 -16.052263 258.066956 0.076407 0.891856 0.445820 0.795094 0.133510 1 24 1.000000
  24 206.561264 -18.610809 256.754669 0.999999 -0.000626 -0.001436 0.817229 0.133510 1 24 1.000000
  24 183.540390 -17.432268 254.278122 0.073045 0.438741 -0.895640 0.795094 0.098093 1 24 1.000000
boss
  24 183.540390 -20.956614 255.407501 0.072091 -0.870822 -0.486284 0.795094 0.062677 1 24 1.000000
  24 183.540390 -17.432268 254.278122 0.073045 0.438741 -0.895640 0.795094 0.098093 1 24 1.000000
  24 206.561264 -18.610809 256.754669 0.999999 -0.000626 -0.001436 0.817229 0.133510 1 24 1.000000
boss
  28 183.540390 -22.211895 248.597122 0.071143 -0.019109 -0.997283 0.941550 0.617371 1 28 1.000000
  28 183.540390 -19.248005 251.308350 0.077570 0.996746 0.021899 0.941550 0.652787 1 28 1.000000
  28 206.561264 -22.170534 251.265701 0.999999 -0.000211 0.001293 0.963686 0.617371 1 28 1.000000
boss
  20 183.540405 -27.232857 254.326859 0.078964 -0.526653 -0.846405 0.935692 0.959793 1 20 1.000000
  20 206.561279 -25.603399 256.817383 1.000000 0.000004 -0.000402 0.957827 0.924377 1 20 1.000000
  20 183.540405 -27.970951 258.193970 0.072953 -0.848260 0.524531 0.935692 0.924377 1 20 1.000000
boss
  20 183.540405 -27.232857 254.326859 0.078964 -0.526653 -0.846405 0.935692 0.959793 1 20 1.000000
  20 183.540390 -23.290043 255.417404 0.072074 0.839550 -0.538481 0.935692 0.995763 1 20 1.000000
  20 206.561279 -25.603399 256.817383 1.000000 0.000004 -0.000402 0.957827 0.924377 1 20 1.000000
boss
  20 183.540405 -27.970951 258.193970 0.072953 -0.848260 0.524531 0.935692 0.924377 1 20 1.000000
  20 206.561279 -25.603399 256.817383 1.000000 0.000004 -0.000402 0.957827 0.924377 1 20 1.000000
  20 183.540390 -23.919746 259.331329 0.080210 0.537211 0.839625 0.935692 0.888960 1 20 1.000000
boss
  24 183.540390 -20.002098 259.266144 0.076296 -0.492462 0.866983 0.795094 0.168926 1 24 1.000000
  24 183.540390 -20.956614 255.407501 0.072091 -0.870822 -0.486284 0.794915 0.205265 1 24 1.000000
  24 206.561264 -18.610809 256.754669 0.999999 -0.000626 -0.001436 0.817229 0.133510 1 24 1.000000
boss
  28 183.540390 -22.211895 248.597122 0.071143 -0.019109 -0.997283 0.941550 0.617371 1 28 1.000000
  28 206.561264 -22.170534 251.265701 0.999999 -0.000211 0.001293 0.963686 0.617371 1 28 1.000000
  28 183.540390 -25.058014 251.408981 0.076770 -0.995815 0.049589 0.941550 0.581954 1 28 1.000000
boss
  20 183.540390 -23.290043 255.417404 0.072074 0.839550 -0.538481 0.935692 0.853543 1 20 1.000000
  20 183.540390 -23.919746 259.331329 0.080210 0.537211 0.839625 0.935692 0.888960 1 20 1.000000
  20 206.561279 -25.603399 256.817383 1.000000 0.000004 -0.000402 0.957827 0.924377 1 20 1.000000
boss
  24 183.540390 -20.002098 259.266144 0.076296 -0.492462 0.866983 0.795094 0.168926 1 24 1.000000
  24 206.561264 -18.610809 256.754669 0.999999 -0.000626 -0.001436 0.817229 0.133510 1 24 1.000000
  24 183.540390 -16.052263 258.066956 0.076407 0.891856 0.445820 0.795094 0.133510 1 24 1.000000
boss
  28 183.540390 -22.164228 253.748230 0.066386 0.008335 0.997759 0.941550 0.545984 1 28 1.000000
  28 183.540390 -25.058014 251.408981 0.076770 -0.995815 0.049589 0.941550 0.581954 1 28 1.000000
  28 206.561264 -22.170534 251.265701 0.999999 -0.000211 0.001293 0.963686 0.617371 1 28 1.000000
boss
  28 183.540390 -19.248005 251.308350 0.077570 0.996746 0.021899 0.941550 0.652787 1 28 1.000000
  28 183.540390 -22.164228 253.748230 0.066386 0.008335 0.997759 0.941550 0.688204 1 28 1.000000
  28 206.561264 -22.170534 251.265701 0.999999 -0.000211 0.001293 0.963686 0.617371 1 28 1.000000
boss
  9 50.089001 -18.778183 104.060051 0.972802 0.209806 -0.098173 0.049166 0.640526 4 9 0.384065 8 0.357748 74 0.208720 7 0.049467
  8 56.318535 0.002672 104.060051 0.999768 0.000000 -0.021547 0.069088 0.640526 3 8 0.487401 9 0.447635 7 0.064964
  9 54.841377 0.002671 143.801712 0.997307 0.000000 0.073336 0.069088 0.498859 4 9 0.825530 57 0.061546 44 0.061478 8 0.051445
boss
  11 -8.738270 -4.386940 179.815994 0.065926 -0.843220 0.533511 0.433045 0.563309 3 11 0.406313 9 0.377540 10 0.216147
  10 -72.445007 0.002662 190.595245 -0.744659 -0.000000 0.667445 0.495024 0.581018 3 10 0.415118 11 0.396846 9 0.188036
  10 -73.298218 0.002662 185.246582 -0.916302 -0.000000 -0.400487 0.495024 0.554455 3 10 0.412837 11 0.394934 9 0.192229
boss
  9 -11.796009 -5.431573 167.038818 0.002999 -0.849713 0.527238 0.507056 0.551887 3 9 0.689203 10 0.220311 57 0.090487
  10 -69.734993 0.002662 171.579849 -0.803700 -0.000000 0.595035 0.560181 0.578449 2 10 0.567281 9 0.432719
  10 -70.043732 0.002662 166.299683 -0.876606 -0.000000 -0.481209 0.562394 0.551887 2 10 0.563998 9 0.436002
boss
  9 -14.091860 -5.583269 152.847946 -0.009496 -0.857527 0.514351 0.575208 0.543392 2 9 0.562427 10 0.437573
  9 -65.324570 0.002662 156.814697 -0.822362 -0.000000 0.568964 0.623906 0.569954 2 9 0.729934 10 0.270066
  9 -65.240578 0.002662 152.108948 -0.862153 -0.000000 -0.506648 0.623906 0.552246 2 9 0.727155 10 0.272845
boss
  9 -16.349279 -5.885474 125.504494 -0.079612 -0.885591 0.457593 0.258212 0.164721 1 9 1.000000
  9 -56.307564 0.002663 124.580910 -0.861785 -0.000000 0.507274 0.295843 0.182430 1 9 1.000000
  9 -56.034996 0.002663 119.599686 -0.822418 -0.000000 -0.568883 0.295843 0.164721 1 9 1.000000
boss
  13 -0.207551 -8.983759 226.411316 -0.876494 -0.464975 -0.124725 0.272380 0.826864 3 13 0.484957 12 0.419302 11 0.095741
  13 15.279890 -19.905994 227.039429 -0.116033 -0.992313 0.043013 0.272380 0.756031 4 13 0.521356 12 0.409327 11 0.068135 44 0.001182
  13 -7.541312 -12.468544 250.025665 -0.692671 -0.614108 -0.378256 0.296729 0.853426 3 13 0.976409 12 0.017388 29 0.006203
boss
  13 -42.681755 0.002664 293.472015 -0.934150 -0.000000 -0.356881 0.334359 0.995093 1 13 1.000000
  13 -7.541312 -12.468544 250.025665 -0.692671 -0.614108 -0.378256 0.296729 0.853426 3 13 0.976409 12 0.017388 29 0.006203
  13 -36.972561 -12.395688 305.227783 -0.575298 -0.800247 0.169223 0.345426 0.950822 2 13 0.910857 29 0.089143
boss
  13 -2.126798 -28.068525 290.298370 -0.156492 -0.982000 0.105760 0.336572 0.818010 2 13 0.920795 29 0.079205
  13 1.225080 -19.722092 303.745880 0.228140 -0.516131 0.825567 0.349854 0.818010 1 13 1.000000
  13 -36.972561 -12.395688 305.227783 -0.575298 -0.800247 0.169223 0.345426 0.950822 2 13 0.910857 29 0.089143
boss
  13 -2.126798 -28.068525 290.298370 -0.156492 -0.982000 0.105760 0.336572 0.818010 2 13 0.920795 29 0.079205
  13 38.820095 -25.444767 279.744263 0.700392 -0.628236 0.338780 0.330485 0.649780 1 13 1.000000
  13 1.225080 -19.722092 303.745880 0.228140 -0.516131 0.825567 0.349854 0.818010 1 13 1.000000
boss
  13 38.820095 -25.444767 279.744263 0.700392 -0.628236 0.338780 0.332735 0.646768 1 13 1.000000
  13 39.198513 -26.294046 274.236969 0.645711 -0.748676 -0.150140 0.327132 0.650224 1 13 1.000000
  13 38.529003 -19.499821 283.980682 0.787594 -0.191069 0.585823 0.338893 0.622754 1 13 1.000000
boss
  13 41.797588 -9.044115 236.411224 0.923024 -0.274413 -0.269674 0.286214 0.578947 2 13 0.983036 11 0.016964
  14 40.027363 -18.076466 242.596039 0.394417 -0.662146 -0.637180 0.290641 0.614364 3 14 0.542902 13 0.425349 15 0.031749
  12 34.383636 -7.979491 226.269241 0.809218 -0.469642 -0.352990 0.272933 0.578947 3 12 0.474477 13 0.460101 11 0.065423
boss
  44 18.059752 -37.517254 201.974777 -0.008612 -0.598173 0.801320 0.024817 0.242088 3 44 0.841717 11 0.133633 13 0.024650
  44 15.181458 -57.638580 191.900116 -0.034343 -0.339086 0.940128 0.007109 0.277505 4 44 0.490746 10 0.252190 45 0.250737 11 0.006328
  44 39.819836 -33.053017 187.615616 0.817051 -0.424815 0.389822 0.038098 0.330630 3 44 0.600360 10 0.352688 11 0.046952
boss
  44 0.904507 -57.638584 177.596069 -0.902457 -0.174089 0.394035 0.253303 0.348338 2 44 0.620399 45 0.379601
  44 15.181458 -57.638580 191.900116 -0.034343 -0.339086 0.940128 0.259944 0.277505 4 44 0.490746 10 0.252190 45 0.250737 11 0.006328
  44 -6.807991 -31.086937 182.764343 -0.839393 -0.382256 0.386394 0.228955 0.330630 3 44 0.658799 10 0.288313 11 0.052887
boss
  44 -6.807991 -31.086937 182.764343 -0.839393 -0.382256 0.386394 0.228955 0.330630 3 44 0.658799 10 0.288313 11 0.052887
  10 -17.034163 0.002666 183.018066 -0.953906 -0.000000 0.300107 0.197965 0.339484 4 10 0.302816 44 0.241679 57 0.240922 11 0.214583
  9 -12.657502 -35.609127 145.999222 -0.901870 -0.425825 0.072822 0.231168 0.472297 4 9 0.373489 10 0.363931 44 0.247744 74 0.014836
boss
  9 16.344103 -50.360012 133.206345 0.000122 -0.980844 -0.194796 0.262158 0.525422 4 9 0.446310 44 0.320953 10 0.190566 8 0.042172
  44 -4.354650 -48.048439 149.888733 -0.696391 -0.708883 -0.111918 0.246663 0.454588 4 44 0.398205 10 0.367490 9 0.198270 74 0.036035
  9 -11.652888 -35.609127 110.558182 -0.783909 -0.615641 -0.080452 0.233382 0.605109 4 9 0.724659 8 0.158977 44 0.090632 7 0.025732
boss
  44 -4.354650 -48.048439 149.888733 -0.696391 -0.708883 -0.111918 0.246663 0.454588 4 44 0.398205 10 0.367490 9 0.198270 74 0.036035
  44 -6.807991 -31.086937 182.764343 -0.839393 -0.382256 0.386394 0.228955 0.330630 3 44 0.658799 10 0.288313 11 0.052887
  9 -12.657502 -35.609127 145.999222 -0.901870 -0.425825 0.072822 0.231168 0.472297 4 9 0.373489 10 0.363931 44 0.247744 74 0.014836
boss
  44 39.819836 -33.053017 187.615616 0.817051 -0.424815 0.389822 0.038098 0.330630 3 44 0.600360 10 0.352688 11 0.046952
  9 46.926525 -30.869059 133.206345 0.897089 -0.416842 0.146537 0.038098 0.534276 4 9 0.474581 74 0.278106 44 0.169115 8 0.078199
  10 50.371353 0.002671 183.121338 0.959353 0.000000 0.282209 0.069088 0.348338 4 10 0.680706 44 0.109177 57 0.108955 11 0.101162
boss
  9 16.344103 -50.360012 104.060051 -0.054427 -0.998513 0.003035 0.004895 0.640526 4 9 0.725939 8 0.153375 44 0.073689 7 0.046997
  9 39.421566 -41.911541 104.060051 0.384562 -0.921398 -0.056017 0.027031 0.640526 3 9 0.772900 74 0.190171 10 0.036930
  9 16.344103 -50.360012 133.206345 0.000122 -0.980844 -0.194796 0.004895 0.534276 4 9 0.446310 44 0.320953 10 0.190566 8 0.042172
boss
  44 37.001030 -45.042049 151.780029 0.733809 -0.676951 -0.057119 0.024817 0.463442 4 44 0.443034 10 0.360917 9 0.186176 8 0.009872
  9 39.421566 -41.911541 104.060051 0.384562 -0.921398 -0.056017 0.027031 0.640526 3 9 0.772900 74 0.190171 10 0.036930
  9 46.926525 -30.869059 133.206345 0.897089 -0.416842 0.146537 0.038098 0.534276 4 9 0.474581 74 0.278106 44 0.169115 8 0.078199
boss
  9 16.344103 -50.360012 104.060051 -0.054427 -0.998513 0.003035 0.004895 0.640526 4 9 0.725939 8 0.153375 44 0.073689 7 0.046997
  8 14.110198 -50.360012 76.516830 -0.094512 -0.995162 -0.026821 0.004895 0.746776 2 8 0.745754 7 0.254246
  9 39.421566 -41.911541 104.060051 0.384562 -0.921398 -0.056017 0.027031 0.640526 3 9 0.772900 74 0.190171 10 0.036930
boss
  8 -6.544652 -35.609127 76.516830 -0.802083 -0.593694 -0.064733 0.233382 0.737922 2 8 0.782220 7 0.217780
  8 14.110198 -50.360012 76.516830 -0.094512 -0.995162 -0.026821 0.262158 0.737922 2 8 0.745754 7 0.254246
  9 -11.652888 -35.609127 110.558182 -0.783909 -0.615641 -0.080452 0.233382 0.605109 4 9 0.724659 8 0.158977 44 0.090632 7 0.025732
boss
  7 19.224388 -50.360012 43.736847 0.009357 -0.999953 0.002608 0.004895 0.870734 2 7 0.700557 6 0.299443
  6 46.446075 -35.609123 43.736847 0.786603 -0.617019 0.023306 0.033671 0.870734 2 6 0.504143 7 0.495857
  8 14.110198 -50.360012 76.516830 -0.094512 -0.995162 -0.026821 0.004895 0.746776 2 8 0.745754 7 0.254246
boss
  8 -6.544652 -35.609127 76.516830 -0.802083 -0.593694 -0.064733 0.233382 0.737922 2 8 0.782220 7 0.217780
  7 -6.183234 -35.609127 43.736847 -0.781301 -0.624153 0.001181 0.233382 0.870734 2 7 0.791360 6 0.208640
  8 14.110198 -50.360012 76.516830 -0.094512 -0.995162 -0.026821 0.262158 0.737922 2 8 0.745754 7 0.254246
boss
  6 -7.997298 -35.609127 10.156672 -0.775406 -0.630071 0.041889 0.233382 0.994693 1 6 1.000000
  6 19.224388 -50.360012 10.156672 -0.006717 -0.999946 0.007969 0.262158 0.994693 1 6 1.000000
  7 -6.183234 -35.609127 43.736847 -0.781301 -0.624153 0.001181 0.233382 0.870734 2 7 0.791360 6 0.208640
boss
  7 19.224388 -50.360012 43.736847 0.009357 -0.999953 0.002608 0.004895 0.870734 2 7 0.700557 6 0.299443
  6 19.224388 -50.360012 10.156672 -0.006717 -0.999946 0.007969 0.004895 0.994693 1 6 1.000000
  6 46.446075 -35.609123 43.736847 0.786603 -0.617019 0.023306 0.033671 0.870734 2 6 0.504143 7 0.495857
boss
  6 46.446075 -35.609123 10.156672 0.770976 -0.636864 0.000000 0.033671 0.994693 1 6 1.000000
  6 57.721664 0.002672 10.156672 0.998135 0.000000 0.061046 0.069088 0.994693 1 6 1.000000
  6 46.446075 -35.609123 43.736847 0.786603 -0.617019 0.023306 0.033671 0.870734 2 6 0.504143 7 0.495857
boss
  6 46.446075 -35.609123 43.736847 0.786603 -0.617019 0.023306 0.033671 0.870734 2 6 0.504143 7 0.495857
  7 53.847404 0.002671 43.736847 0.998645 0.000000 0.052046 0.069088 0.870734 2 7 0.501070 6 0.498930
  8 47.430981 -34.130852 90.714348 0.722074 -0.615455 -0.315951 0.033671 0.693651 4 8 0.662951 7 0.207364 74 0.121610 10 0.008075
boss
  8 -17.820250 0.002666 76.516830 -0.996716 -0.000000 -0.080979 0.197965 0.737922 2 8 0.826894 7 0.173106
  7 -17.458830 0.002666 43.736847 -0.999767 -0.000000 0.021605 0.197965 0.870734 3 7 0.836904 6 0.162398 9 0.000698
  8 -6.544652 -35.609127 76.516830 -0.802083 -0.593694 -0.064733 0.233382 0.737922 2 8 0.782220 7 0.217780
boss
  7 -17.458830 0.002666 43.736847 -0.999767 -0.000000 0.021605 0.197965 0.870734 3 7 0.836904 6 0.162398 9 0.000698
  6 -19.272894 0.002666 10.156672 -0.998544 -0.000000 0.053943 0.197965 0.994693 1 6 1.000000
  7 -6.183234 -35.609127 43.736847 -0.781301 -0.624153 0.001181 0.233382 0.870734 2 7 0.791360 6 0.208640
boss
  8 47.430981 -34.130852 90.714348 0.722074 -0.615455 -0.315951 0.033671 0.693651 4 8 0.662951 7 0.207364 74 0.121610 10 0.008075
  8 54.089447 0.002671 76.516830 0.999853 0.000000 -0.017134 0.069088 0.746776 3 8 0.489130 7 0.477669 9 0.033201
  9 50.089001 -18.778183 104.060051 0.972802 0.209806 -0.098173 0.049166 0.640526 4 9 0.384065 8 0.357748 74 0.208720 7 0.049467
boss
  9 -22.928488 0.002666 110.558182 -0.996162 -0.000000 -0.087524 0.197965 0.605109 3 9 0.811754 8 0.173116 7 0.015130
  8 -17.820250 0.002666 76.516830 -0.996716 -0.000000 -0.080979 0.197965 0.737922 2 8 0.826894 7 0.173106
  9 -11.652888 -35.609127 110.558182 -0.783909 -0.615641 -0.080452 0.233382 0.605109 4 9 0.724659 8 0.158977 44 0.090632 7 0.025732
boss
  9 46.926525 -30.869059 133.206345 0.897089 -0.416842 0.146537 0.038098 0.534276 4 9 0.474581 74 0.278106 44 0.169115 8 0.078199
  9 50.089001 -18.778183 104.060051 0.972802 0.209806 -0.098173 0.049166 0.640526 4 9 0.384065 8 0.357748 74 0.208720 7 0.049467
  9 54.841377 0.002671 143.801712 0.997307 0.000000 0.073336 0.069088 0.498859 4 9 0.825530 57 0.061546 44 0.061478 8 0.051445
boss
  10 -23.933100 0.002666 145.999222 -0.997082 -0.000000 0.076337 0.197965 0.481151 4 10 0.680807 9 0.282152 11 0.023450 8 0.013591
  9 -22.928488 0.002666 110.558182 -0.996162 -0.000000 -0.087524 0.197965 0.605109 3 9 0.811754 8 0.173116 7 0.015130
  9 -11.652888 -35.609127 110.558182 -0.783909 -0.615641 -0.080452 0.233382 0.605109 4 9 0.724659 8 0.158977 44 0.090632 7 0.025732
boss
  10 -73.298218 0.002662 185.246582 -0.916302 -0.000000 -0.400487 0.495024 0.598726 3 10 0.412837 11 0.394934 9 0.192229
  10 -72.445007 0.002662 190.595245 -0.744659 -0.000000 0.667445 0.495024 0.581018 3 10 0.415118 11 0.396846 9 0.188036
  11 -8.738270 4.392272 179.815994 0.065925 0.843220 0.533511 0.433045 0.598726 3 11 0.406297 9 0.377550 10 0.216153
boss
  10 -70.043732 0.002662 166.299683 -0.876606 -0.000000 -0.481209 0.562394 0.596157 2 10 0.563998 9 0.436002
  10 -69.734993 0.002662 171.579849 -0.803700 -0.000000 0.595035 0.560181 0.578449 2 10 0.567281 9 0.432719
  9 -11.796009 5.436906 167.038818 0.002999 0.849713 0.527238 0.507056 0.596157 3 9 0.689203 10 0.220311 44 0.090487
boss
  9 -65.240578 0.002662 152.108948 -0.862153 -0.000000 -0.506648 0.623906 0.587663 2 9 0.727155 10 0.272845
  9 -65.324570 0.002662 156.814697 -0.822362 -0.000000 0.568964 0.623906 0.569954 2 9 0.729934 10 0.270066
  9 -14.091860 5.588602 152.847946 -0.009496 0.857527 0.514351 0.575208 0.587663 2 9 0.562433 10 0.437567
boss
  9 -59.870285 0.002663 136.736465 -0.846673 -0.000000 -0.532114 0.676630 0.581218 1 9 1.000000
  9 -60.053024 0.002663 141.910873 -0.836864 -0.000000 0.547411 0.676630 0.563510 1 9 1.000000
  9 -15.647207 5.770787 139.924835 -0.035899 0.874509 0.483679 0.634573 0.590072 2 9 0.910440 10 0.089560
boss
  9 -56.034996 0.002663 119.599686 -0.822418 -0.000000 -0.568883 0.295843 0.200138 1 9 1.000000
  9 -56.307564 0.002663 124.580910 -0.861785 -0.000000 0.507274 0.295843 0.182430 1 9 1.000000
  9 -16.349279 5.890806 125.504494 -0.079613 0.885591 0.457593 0.258212 0.208992 1 9 1.000000
boss
  13 41.051533 -9.013554 247.268982 0.965244 0.258290 -0.039867 0.298488 0.579423 3 13 0.496954 14 0.496750 15 0.006295
  13 41.797588 -9.044115 236.411224 0.923024 -0.274413 -0.269674 0.286214 0.578947 2 13 0.983036 11 0.016964
  13 42.149155 0.002671 231.294678 0.886760 0.000000 -0.462230 0.281787 0.543531 2 13 0.938898 11 0.061102
boss
  13 -0.207551 -8.983759 226.411316 -0.876494 -0.464975 -0.124725 0.669141 0.874652 3 13 0.484957 12 0.419302 11 0.095741
  13 -7.541312 -12.468544 250.025665 -0.692671 -0.614108 -0.378256 0.664714 0.777256 3 13 0.976409 12 0.017388 29 0.006203
  13 -7.541314 12.473877 250.025665 -0.692673 0.614106 -0.378256 0.691276 0.777256 3 13 0.978603 12 0.016484 14 0.004914
boss
  13 -42.681755 0.002664 293.472015 -0.934150 -0.000000 -0.356881 0.677995 0.600173 1 13 1.000000
  13 -7.541314 12.473877 250.025665 -0.692673 0.614106 -0.378256 0.691276 0.777256 3 13 0.978603 12 0.016484 14 0.004914
  13 -7.541312 -12.468544 250.025665 -0.692671 -0.614108 -0.378256 0.664714 0.777256 3 13 0.976409 12 0.017388 29 0.006203
boss
  15 52.860226 -22.144175 254.768326 0.995337 -0.096436 -0.002011 0.815378 0.545984 3 15 0.528642 14 0.405088 16 0.066271
  15 50.910286 -28.912695 250.391708 -0.195920 -0.901008 -0.387039 0.815378 0.581954 2 15 0.879721 14 0.120279
  15 68.904427 -29.987638 250.144455 0.061524 -0.994803 0.081128 0.833087 0.581954 3 15 0.895067 16 0.067060 25 0.037872
boss
  15 52.860226 -22.144175 254.768326 0.995337 -0.096436 -0.002011 0.809520 0.995763 3 15 0.528642 14 0.405088 16 0.066271
  15 68.904419 -23.714794 255.631683 0.068025 0.841084 -0.536611 0.827228 0.995763 4 15 0.701661 16 0.133226 17 0.107380 14 0.057733
  15 68.904427 -30.354258 251.775909 0.014130 -0.520174 -0.853943 0.827228 0.959793 3 15 0.776705 16 0.166785 17 0.056510
boss
  15 52.860226 -22.144175 254.768326 0.995337 -0.096436 -0.002011 0.815378 0.688204 3 15 0.528642 14 0.405088 16 0.066271
  15 68.904419 -22.211649 253.211990 0.064108 0.005785 0.997926 0.833087 0.688204 4 15 0.562868 16 0.330064 25 0.075954 14 0.031114
  15 68.904419 -14.375370 250.012527 0.075999 0.993463 0.085181 0.833087 0.652787 3 15 0.914212 16 0.059363 25 0.026425
boss
  15 52.860226 -22.144175 254.768326 0.995337 -0.096436 -0.002011 0.668922 0.062677 3 15 0.528642 14 0.405088 16 0.066271
  14 49.660240 -14.697718 249.991379 0.307568 0.884115 -0.351771 0.668922 0.098093 2 14 0.856237 15 0.143763
  15 68.904419 -13.972091 250.709091 0.026061 0.496646 -0.867562 0.686630 0.098093 3 15 0.780754 16 0.176194 21 0.043052
boss
  15 52.860226 -22.144175 254.768326 0.995337 -0.096436 -0.002011 0.668743 0.205265 3 15 0.528642 14 0.405088 16 0.066271
  15 68.904419 -20.635183 255.668350 0.080805 -0.851203 -0.518578 0.686452 0.205265 4 15 0.706152 16 0.128679 21 0.096914 14 0.068254
  15 68.904419 -21.985395 263.392487 0.056358 -0.552357 0.831700 0.686630 0.168926 3 15 0.801356 16 0.159093 21 0.039551
boss
  15 52.860226 -22.144175 254.768326 0.995337 -0.096436 -0.002011 0.809520 0.853543 3 15 0.528642 14 0.405088 16 0.066271
  14 49.660240 -22.715940 264.137390 0.064106 -0.068072 0.995619 0.809520 0.888960 2 14 0.769145 15 0.230855
  15 68.904419 -23.048597 263.227478 0.035081 0.525401 0.850131 0.827228 0.888960 3 15 0.804806 16 0.140305 17 0.054889
boss
  14 49.660240 -16.680737 259.337921 0.073785 0.826769 0.557681 0.668922 0.133510 2 14 0.958161 15 0.041839
  15 68.904419 -21.985395 263.392487 0.056358 -0.552357 0.831700 0.686630 0.168926 3 15 0.801356 16 0.159093 21 0.039551
  16 68.904419 -14.777309 258.744995 -0.064495 0.852018 0.519524 0.686630 0.133510 3 16 0.725634 15 0.247526 21 0.026840
boss
  14 49.660240 -14.697718 249.991379 0.307568 0.884115 -0.351771 0.668922 0.098093 2 14 0.856237 15 0.143763
  16 68.904419 -14.777309 258.744995 -0.064495 0.852018 0.519524 0.686630 0.133510 3 16 0.725634 15 0.247526 21 0.026840
  15 68.904419 -13.972091 250.709091 0.026061 0.496646 -0.867562 0.686630 0.098093 3 15 0.780754 16 0.176194 21 0.043052
boss
  15 52.860226 -21.888664 244.666595 0.058299 -0.081448 -0.994971 0.815378 0.617371 2 15 0.828229 14 0.171771
  14 49.660240 -14.697718 249.991379 0.307568 0.884115 -0.351771 0.815378 0.652787 2 14 0.856237 15 0.143763
  15 68.904419 -14.375370 250.012527 0.075999 0.993463 0.085181 0.833087 0.652787 3 15 0.914212 16 0.059363 25 0.026425
boss
  15 68.904427 -29.987638 250.144455 0.061524 -0.994803 0.081128 0.833087 0.581954 3 15 0.895067 16 0.067060 25 0.037872
  15 52.860226 -21.888664 244.666595 0.058299 -0.081448 -0.994971 0.815378 0.617371 2 15 0.828229 14 0.171771
  15 68.904419 -21.855265 245.173767 0.023011 0.016080 -0.999606 0.833087 0.617371 2 15 0.967752 25 0.032248
boss
  15 50.910286 -28.635422 259.264313 -0.182245 -0.890323 0.417266 0.809520 0.924377 3 15 0.801754 14 0.192937 16 0.005309
  15 68.904427 -30.354258 251.775909 0.014130 -0.520174 -0.853943 0.827228 0.959793 3 15 0.776705 16 0.166785 17 0.056510
  16 68.904427 -30.313959 258.967926 -0.054253 -0.871129 0.488049 0.827228 0.924377 3 16 0.588961 15 0.358612 17 0.052426
boss
  15 68.904419 -23.048597 263.227478 0.035081 0.525401 0.850131 0.827228 0.888960 3 15 0.804806 16 0.140305 17 0.054889
  15 50.910286 -28.635422 259.264313 -0.182245 -0.890323 0.417266 0.809520 0.924377 3 15 0.801754 14 0.192937 16 0.005309
  16 68.904427 -30.313959 258.967926 -0.054253 -0.871129 0.488049 0.827228 0.924377 3 16 0.588961 15 0.358612 17 0.052426
boss
  25 91.879707 -17.192478 250.126541 0.031663 0.998714 0.039599 0.855222 0.652787 1 25 1.000000
  25 91.879707 -22.255117 245.495468 0.058745 -0.018308 -0.998105 0.855222 0.617371 1 25 1.000000
  15 68.904419 -14.375370 250.012527 0.075999 0.993463 0.085181 0.833087 0.652787 3 15 0.914212 16 0.059363 25 0.026425
boss
  25 91.879707 -27.116589 250.298401 0.033768 -0.997106 0.068110 0.855222 0.581954 1 25 1.000000
  15 68.904427 -29.987638 250.144455 0.061524 -0.994803 0.081128 0.833087 0.581954 3 15 0.895067 16 0.067060 25 0.037872
  25 91.879707 -22.255117 245.495468 0.058745 -0.018308 -0.998105 0.855222 0.617371 1 25 1.000000
boss
  15 68.904419 -23.714794 255.631683 0.068025 0.841084 -0.536611 0.827228 0.995763 4 15 0.701661 16 0.133226 17 0.107380 14 0.057733
  17 91.879707 -22.796453 255.042435 -0.024201 0.841195 -0.540189 0.849364 0.995763 1 17 1.000000
  17 91.879707 -29.531200 253.179642 0.015881 -0.519274 -0.854460 0.849364 0.959793 1 17 1.000000
boss
  15 68.904419 -20.635183 255.668350 0.080805 -0.851203 -0.518578 0.686452 0.205265 4 15 0.706152 16 0.128679 21 0.096914 14 0.068254
  21 91.879707 -21.459267 255.049240 -0.022740 -0.872286 -0.488467 0.708587 0.205265 1 21 1.000000
  21 91.879707 -19.828854 261.640228 0.020676 -0.501474 0.864926 0.708765 0.168926 1 21 1.000000
boss
  17 91.879707 -23.872055 261.727814 0.017341 0.548048 0.836267 0.849364 0.888960 1 17 1.000000
  15 68.904419 -23.048597 263.227478 0.035081 0.525401 0.850131 0.827228 0.888960 3 15 0.804806 16 0.140305 17 0.054889
  17 91.879707 -30.791945 259.785095 0.033052 -0.850391 0.525112 0.849364 0.924377 1 17 1.000000
boss
  15 68.904419 -23.714794 255.631683 0.068025 0.841084 -0.536611 0.827228 0.853543 4 15 0.701661 16 0.133226 17 0.107380 14 0.057733
  15 68.904419 -23.048597 263.227478 0.035081 0.525401 0.850131 0.827228 0.888960 3 15 0.804806 16 0.140305 17 0.054889
  17 91.879707 -23.872055 261.727814 0.017341 0.548048 0.836267 0.849364 0.888960 1 17 1.000000
boss
  21 91.879707 -15.439308 253.120148 0.032724 0.422682 -0.905687 0.708765 0.098093 1 21 1.000000
  15 68.904419 -13.972091 250.709091 0.026061 0.496646 -0.867562 0.686630 0.098093 3 15 0.780754 16 0.176194 21 0.043052
  21 91.879707 -13.082115 259.591858 0.038546 0.890182 0.453972 0.708765 0.133510 1 21 1.000000
boss
  15 68.904419 -22.211649 253.211990 0.064108 0.005785 0.997926 0.833087 0.545984 4 15 0.562868 16 0.330064 25 0.075954 14 0.031114
  15 68.904427 -29.987638 250.144455 0.061524 -0.994803 0.081128 0.833087 0.581954 3 15 0.895067 16 0.067060 25 0.037872
  25 91.879707 -27.116589 250.298401 0.033768 -0.997106 0.068110 0.855222 0.581954 1 25 1.000000
boss
  21 91.879707 -19.828854 261.640228 0.020676 -0.501474 0.864926 0.708765 0.168926 1 21 1.000000
  21 91.879707 -13.082115 259.591858 0.038546 0.890182 0.453972 0.708765 0.133510 1 21 1.000000
  15 68.904419 -21.985395 263.392487 0.056358 -0.552357 0.831700 0.686630 0.168926 3 15 0.801356 16 0.159093 21 0.039551
boss
  15 68.904419 -22.211649 253.211990 0.064108 0.005785 0.997926 0.833087 0.688204 4 15 0.562868 16 0.330064 25 0.075954 14 0.031114
  25 91.879707 -22.173700 254.294098 -0.024070 0.008655 0.999673 0.855222 0.688204 1 25 1.000000
  25 91.879707 -17.192478 250.126541 0.031663 0.998714 0.039599 0.855222 0.652787 1 25 1.000000
boss
  17 91.879707 -29.531200 253.179642 0.015881 -0.519274 -0.854460 0.849364 0.959793 1 17 1.000000
  17 91.879707 -30.791945 259.785095 0.033052 -0.850391 0.525112 0.849364 0.924377 1 17 1.000000
  15 68.904427 -30.354258 251.775909 0.014130 -0.520174 -0.853943 0.827228 0.959793 3 15 0.776705 16 0.166785 17 0.056510
boss
  15 68.904419 -20.635183 255.668350 0.080805 -0.851203 -0.518578 0.686630 0.062677 4 15 0.706152 16 0.128679 21 0.096914 14 0.068254
  15 68.904419 -13.972091 250.709091 0.026061 0.496646 -0.867562 0.686630 0.098093 3 15 0.780754 16 0.176194 21 0.043052
  21 91.879707 -15.439308 253.120148 0.032724 0.422682 -0.905687 0.708765 0.098093 1 21 1.000000
boss
  25 91.879707 -17.192478 250.126541 0.031663 0.998714 0.039599 0.855222 0.652787 1 25 1.000000
  26 124.659035 -17.566742 250.491974 0.018128 0.999656 0.018937 0.886212 0.652787 1 26 1.000000
  26 124.659035 -22.245497 246.212067 0.035141 -0.019175 -0.999198 0.886212 0.617371 1 26 1.000000
boss
  17 91.879707 -29.531200 253.179642 0.015881 -0.519274 -0.854460 0.849364 0.959793 1 17 1.000000
  18 124.659035 -30.134998 259.418152 0.036852 -0.849845 0.525743 0.880354 0.924377 1 18 1.000000
  17 91.879707 -30.791945 259.785095 0.033052 -0.850391 0.525112 0.849364 0.924377 1 17 1.000000
boss
  17 91.879707 -22.796453 255.042435 -0.024201 0.841195 -0.540189 0.849364 0.995763 1 17 1.000000
  18 124.659035 -22.745785 255.035110 -0.002300 0.841421 -0.540375 0.880354 0.995763 1 18 1.000000
  18 124.659035 -28.969852 253.313568 0.020303 -0.530668 -0.847337 0.880354 0.959793 1 18 1.000000
boss
  17 91.879707 -23.872055 261.727814 0.017341 0.548048 0.836267 0.849364 0.888960 1 17 1.000000
  18 124.659035 -30.134998 259.418152 0.036852 -0.849845 0.525743 0.880354 0.924377 1 18 1.000000
  18 124.659035 -23.739826 261.213562 0.017939 0.535771 0.844173 0.880354 0.888960 1 18 1.000000
boss
  21 91.879707 -21.459267 255.049240 -0.022740 -0.872286 -0.488467 0.708587 0.205265 1 21 1.000000
  22 124.659035 -21.509991 255.041397 -0.002376 -0.873113 -0.487512 0.739577 0.205265 1 22 1.000000
  22 124.659035 -20.003210 261.132629 0.017609 -0.491121 0.870913 0.739755 0.168926 1 22 1.000000
boss
  25 91.879707 -27.116589 250.298401 0.033768 -0.997106 0.068110 0.855222 0.581954 1 25 1.000000
  26 124.659035 -22.245497 246.212067 0.035141 -0.019175 -0.999198 0.886212 0.617371 1 26 1.000000
  26 124.659035 -26.738335 250.650803 0.017839 -0.998753 0.046620 0.886212 0.581954 1 26 1.000000
boss
  17 91.879707 -22.796453 255.042435 -0.024201 0.841195 -0.540189 0.849364 0.853543 1 17 1.000000
  17 91.879707 -23.872055 261.727814 0.017341 0.548048 0.836267 0.849364 0.888960 1 17 1.000000
  18 124.659035 -23.739826 261.213562 0.017939 0.535771 0.844173 0.880354 0.888960 1 18 1.000000
boss
  21 91.879707 -19.828854 261.640228 0.020676 -0.501474 0.864926 0.708765 0.168926 1 21 1.000000
  22 124.659035 -13.768057 259.239563 0.037775 0.893885 0.446701 0.739755 0.133510 1 22 1.000000
  21 91.879707 -13.082115 259.591858 0.038546 0.890182 0.453972 0.708765 0.133510 1 21 1.000000
boss
  25 91.879707 -22.173700 254.294098 -0.024070 0.008655 0.999673 0.855222 0.545984 1 25 1.000000
  25 91.879707 -27.116589 250.298401 0.033768 -0.997106 0.068110 0.855222 0.581954 1 25 1.000000
  26 124.659035 -26.738335 250.650803 0.017839 -0.998753 0.046620 0.886212 0.581954 1 26 1.000000
boss
  25 91.879707 -22.173700 254.294098 -0.024070 0.008655 0.999673 0.855222 0.688204 1 25 1.000000
  26 124.659035 -22.170252 254.343506 -0.002442 0.008411 0.999962 0.886212 0.688204 1 26 1.000000
  26 124.659035 -17.566742 250.491974 0.018128 0.999656 0.018937 0.886212 0.652787 1 26 1.000000
boss
  21 91.879707 -15.439308 253.120148 0.032724 0.422682 -0.905687 0.708765 0.098093 1 21 1.000000
  22 124.659035 -13.768057 259.239563 0.037775 0.893885 0.446701 0.739755 0.133510 1 22 1.000000
  22 124.659035 -15.946510 253.258591 0.017226 0.442805 -0.896452 0.739755 0.098093 1 22 1.000000
boss
  21 91.879707 -21.459267 255.049240 -0.022740 -0.872286 -0.488467 0.708765 0.062677 1 21 1.000000
  21 91.879707 -15.439308 253.120148 0.032724 0.422682 -0.905687 0.708765 0.098093 1 21 1.000000
  22 124.659035 -15.946510 253.258591 0.017226 0.442805 -0.896452 0.739755 0.098093 1 22 1.000000
boss
  26 124.659035 -17.566742 250.491974 0.018128 0.999656 0.018937 0.886212 0.652787 1 26 1.000000
  26 157.893616 -18.415297 251.320511 0.028499 0.999192 0.028326 0.917201 0.652787 2 26 0.527081 27 0.472919
  26 157.893616 -22.223682 247.836777 0.039402 -0.019245 -0.999038 0.917201 0.617371 2 26 0.920712 27 0.079288
boss
  18 124.659035 -28.969852 253.313568 0.020303 -0.530668 -0.847337 0.880354 0.959793 1 18 1.000000
  19 157.893631 -28.645536 258.586212 0.040993 -0.849398 0.526158 0.911343 0.924377 1 19 1.000000
  18 124.659035 -30.134998 259.418152 0.036852 -0.849845 0.525743 0.880354 0.924377 1 18 1.000000
boss
  18 124.659035 -22.745785 255.035110 -0.002300 0.841421 -0.540375 0.880354 0.995763 1 18 1.000000
  19 157.893616 -22.630905 255.018509 0.013327 0.841697 -0.539786 0.911343 0.995763 1 19 1.000000
  19 157.893631 -27.697136 253.617233 0.030281 -0.522150 -0.852316 0.911343 0.959793 1 19 1.000000
boss
  18 124.659035 -23.739826 261.213562 0.017939 0.535771 0.844173 0.880354 0.888960 1 18 1.000000
  19 157.893631 -28.645536 258.586212 0.040993 -0.849398 0.526158 0.911343 0.924377 1 19 1.000000
  19 157.893616 -23.440029 260.047638 0.028907 0.543977 0.838602 0.911343 0.888960 1 19 1.000000
boss
  22 124.659035 -21.509991 255.041397 -0.002376 -0.873113 -0.487512 0.739577 0.205265 1 22 1.000000
  22 157.893616 -21.625000 255.023636 0.013283 -0.873200 -0.487180 0.770566 0.205265 2 22 0.503603 23 0.496397
  22 157.893616 -20.398520 259.981750 0.027823 -0.499479 0.865879 0.770745 0.168926 2 22 0.523233 23 0.476767
boss
  26 124.659035 -26.738335 250.650803 0.017839 -0.998753 0.046620 0.886212 0.581954 1 26 1.000000
  26 157.893616 -22.223682 247.836777 0.039402 -0.019245 -0.999038 0.917201 0.617371 2 26 0.920712 27 0.079288
  26 157.893631 -25.880739 251.449814 0.028129 -0.998040 0.055892 0.917201 0.581954 2 26 0.525574 27 0.474426
boss
  18 124.659035 -22.745785 255.035110 -0.002300 0.841421 -0.540375 0.880354 0.853543 1 18 1.000000
  18 124.659035 -23.739826 261.213562 0.017939 0.535771 0.844173 0.880354 0.888960 1 18 1.000000
  19 157.893616 -23.440029 260.047638 0.028907 0.543977 0.838602 0.911343 0.888960 1 19 1.000000
boss
  22 124.659035 -20.003210 261.132629 0.017609 -0.491121 0.870913 0.739755 0.168926 1 22 1.000000
  22 157.893616 -15.323264 258.440857 0.042433 0.893775 0.446503 0.770745 0.133510 2 22 0.915506 23 0.084494
  22 124.659035 -13.768057 259.239563 0.037775 0.893885 0.446701 0.739755 0.133510 1 22 1.000000
boss
  26 124.659035 -22.170252 254.343506 -0.002442 0.008411 0.999962 0.886212 0.545984 1 26 1.000000
  26 124.659035 -26.738335 250.650803 0.017839 -0.998753 0.046620 0.886212 0.581954 1 26 1.000000
  26 157.893631 -25.880739 251.449814 0.028129 -0.998040 0.055892 0.917201 0.581954 2 26 0.525574 27 0.474426
boss
  26 124.659035 -22.170252 254.343506 -0.002442 0.008411 0.999962 0.886212 0.688204 1 26 1.000000
  26 157.893616 -22.162434 254.455582 0.012024 0.008448 0.999892 0.917201 0.688204 2 26 0.503361 27 0.496639
  26 157.893616 -18.415297 251.320511 0.028499 0.999192 0.028326 0.917201 0.652787 2 26 0.527081 27 0.472919
boss
  22 124.659035 -15.946510 253.258591 0.017226 0.442805 -0.896452 0.739755 0.098093 1 22 1.000000
  22 157.893616 -15.323264 258.440857 0.042433 0.893775 0.446503 0.770745 0.133510 2 22 0.915506 23 0.084494
  22 157.893616 -17.096470 253.572479 0.026874 0.434374 -0.900331 0.770745 0.098093 2 22 0.523439 23 0.476561
boss
  22 124.659035 -21.509991 255.041397 -0.002376 -0.873113 -0.487512 0.739755 0.062677 1 22 1.000000
  22 124.659035 -15.946510 253.258591 0.017226 0.442805 -0.896452 0.739755 0.098093 1 22 1.000000
  22 157.893616 -17.096470 253.572479 0.026874 0.434374 -0.900331 0.770745 0.098093 2 22 0.523439 23 0.476561
boss
  22 157.893616 -21.625000 255.023636 0.013283 -0.873200 -0.487180 0.770745 0.062677 2 22 0.503603 23 0.496397
  22 157.893616 -17.096470 253.572479 0.026874 0.434374 -0.900331 0.770745 0.098093 2 22 0.523439 23 0.476561
  24 183.540390 -17.432268 254.278122 0.073045 0.438741 -0.895640 0.795094 0.098093 1 24 1.000000
boss
  26 157.893616 -22.223682 247.836777 0.039402 -0.019245 -0.999038 0.917201 0.617371 2 26 0.920712 27 0.079288
  26 157.893616 -18.415297 251.320511 0.028499 0.999192 0.028326 0.917201 0.652787 2 26 0.527081 27 0.472919
  28 183.540390 -19.248005 251.308350 0.077570 0.996746 0.021899 0.941550 0.652787 1 28 1.000000
boss
  19 157.893631 -28.645536 258.586212 0.040993 -0.849398 0.526158 0.911343 0.924377 1 19 1.000000
  20 183.540405 -27.232857 254.326859 0.078964 -0.526653 -0.846405 0.935692 0.959793 1 20 1.000000
  20 183.540405 -27.970951 258.193970 0.072953 -0.848260 0.524531 0.935692 0.924377 1 20 1.000000
boss
  19 157.893616 -22.630905 255.018509 0.013327 0.841697 -0.539786 0.911343 0.995763 1 19 1.000000
  20 183.540390 -23.290043 255.417404 0.072074 0.839550 -0.538481 0.935692 0.995763 1 20 1.000000
  20 183.540405 -27.232857 254.326859 0.078964 -0.526653 -0.846405 0.935692 0.959793 1 20 1.000000
boss
  19 157.893631 -28.645536 258.586212 0.040993 -0.849398 0.526158 0.911343 0.924377 1 19 1.000000
  20 183.540390 -23.919746 259.331329 0.080210 0.537211 0.839625 0.935692 0.888960 1 20 1.000000
  19 157.893616 -23.440029 260.047638 0.028907 0.543977 0.838602 0.911343 0.888960 1 19 1.000000
boss
  22 157.893616 -21.625000 255.023636 0.013283 -0.873200 -0.487180 0.770566 0.205265 2 22 0.503603 23 0.496397
  24 183.540390 -20.956614 255.407501 0.072091 -0.870822 -0.486284 0.794915 0.205265 1 24 1.000000
  24 183.540390 -20.002098 259.266144 0.076296 -0.492462 0.866983 0.795094 0.168926 1 24 1.000000
boss
  26 157.893616 -22.223682 247.836777 0.039402 -0.019245 -0.999038 0.917201 0.617371 2 26 0.920712 27 0.079288
  28 183.540390 -25.058014 251.408981 0.076770 -0.995815 0.049589 0.941550 0.581954 1 28 1.000000
  26 157.893631 -25.880739 251.449814 0.028129 -0.998040 0.055892 0.917201 0.581954 2 26 0.525574 27 0.474426
boss
  19 157.893616 -22.630905 255.018509 0.013327 0.841697 -0.539786 0.911343 0.853543 1 19 1.000000
  19 157.893616 -23.440029 260.047638 0.028907 0.543977 0.838602 0.911343 0.888960 1 19 1.000000
  20 183.540390 -23.919746 259.331329 0.080210 0.537211 0.839625 0.935692 0.888960 1 20 1.000000
boss
  22 157.893616 -20.398520 259.981750 0.027823 -0.499479 0.865879 0.770745 0.168926 2 22 0.523233 23 0.476767
  24 183.540390 -16.052263 258.066956 0.076407 0.891856 0.445820 0.795094 0.133510 1 24 1.000000
  22 157.893616 -15.323264 258.440857 0.042433 0.893775 0.446503 0.770745 0.133510 2 22 0.915506 23 0.084494
boss
  26 157.893616 -22.162434 254.455582 0.012024 0.008448 0.999892 0.917201 0.545984 2 26 0.503361 27 0.496639
  26 157.893631 -25.880739 251.449814 0.028129 -0.998040 0.055892 0.917201 0.581954 2 26 0.525574 27 0.474426
  28 183.540390 -25.058014 251.408981 0.076770 -0.995815 0.049589 0.941550 0.581954 1 28 1.000000
boss
  26 157.893616 -22.162434 254.455582 0.012024 0.008448 0.999892 0.917201 0.688204 2 26 0.503361 27 0.496639
  28 183.540390 -22.164228 253.748230 0.066386 0.008335 0.997759 0.941550 0.688204 1 28 1.000000
  28 183.540390 -19.248005 251.308350 0.077570 0.996746 0.021899 0.941550 0.652787 1 28 1.000000
boss
  22 157.893616 -17.096470 253.572479 0.026874 0.434374 -0.900331 0.770745 0.098093 2 22 0.523439 23 0.476561
  24 183.540390 -16.052263 258.066956 0.076407 0.891856 0.445820 0.795094 0.133510 1 24 1.000000
  24 183.540390 -17.432268 254.278122 0.073045 0.438741 -0.895640 0.795094 0.098093 1 24 1.000000
boss
  25 91.879707 -22.255117 245.495468 0.058745 -0.018308 -0.998105 0.855222 0.617371 1 25 1.000000
  15 68.904419 -21.855265 245.173767 0.023011 0.016080 -0.999606 0.833087 0.617371 2 15 0.967752 25 0.032248
  15 68.904419 -14.375370 250.012527 0.075999 0.993463 0.085181 0.833087 0.652787 3 15 0.914212 16 0.059363 25 0.026425
boss
  10 -72.445007 0.002662 190.595245 -0.744659 -0.000000 0.667445 0.495024 0.581018 3 10 0.415118 11 0.396846 9 0.188036
  11 -8.738270 -4.386940 179.815994 0.065926 -0.843220 0.533511 0.433045 0.563309 3 11 0.406313 9 0.377540 10 0.216147
  11 -8.738270 4.392272 179.815994 0.065925 0.843220 0.533511 0.433045 0.598726 3 11 0.406297 9 0.377550 10 0.216153
boss
  9 -11.796009 -5.431573 167.038818 0.002999 -0.849713 0.527238 0.507056 0.551887 3 9 0.689203 10 0.220311 57 0.090487
  9 -11.796009 5.436906 167.038818 0.002999 0.849713 0.527238 0.507056 0.596157 3 9 0.689203 10 0.220311 44 0.090487
  10 -69.734993 0.002662 171.579849 -0.803700 -0.000000 0.595035 0.560181 0.578449 2 10 0.567281 9 0.432719
boss
  9 -14.091860 -5.583269 152.847946 -0.009496 -0.857527 0.514351 0.575208 0.543392 2 9 0.562427 10 0.437573
  9 -14.091860 5.588602 152.847946 -0.009496 0.857527 0.514351 0.575208 0.587663 2 9 0.562433 10 0.437567
  9 -65.324570 0.002662 156.814697 -0.822362 -0.000000 0.568964 0.623906 0.569954 2 9 0.729934 10 0.270066
boss
  9 -16.349279 -5.885474 125.504494 -0.079612 -0.885591 0.457593 0.258212 0.164721 1 9 1.000000
  9 -16.349279 5.890806 125.504494 -0.079613 0.885591 0.457593 0.258212 0.208992 1 9 1.000000
  9 -56.307564 0.002663 124.580910 -0.861785 -0.000000 0.507274 0.295843 0.182430 1 9 1.000000
boss
  11 -10.587130 0.002667 171.279831 -0.217389 -0.000000 -0.976085 0.433045 0.632456 3 11 0.458105 10 0.329419 9 0.212476
  10 -73.298218 0.002662 185.246582 -0.916302 -0.000000 -0.400487 0.495024 0.598726 3 10 0.412837 11 0.394934 9 0.192229
  11 -8.738270 4.392272 179.815994 0.065925 0.843220 0.533511 0.433045 0.598726 3 11 0.406297 9 0.377550 10 0.216153
boss
  10 -13.301142 0.002666 157.726761 -0.149389 -0.000000 -0.988778 0.507056 0.631644 2 10 0.708368 9 0.291632
  10 -70.043732 0.002662 166.299683 -0.876606 -0.000000 -0.481209 0.562394 0.596157 2 10 0.563998 9 0.436002
  9 -11.796009 5.436906 167.038818 0.002999 0.849713 0.527238 0.507056 0.596157 3 9 0.689203 10 0.220311 44 0.090487
boss
  9 -15.534990 0.002666 143.874344 -0.163440 -0.000000 -0.986553 0.575208 0.632881 2 9 0.746522 10 0.253478
  9 -65.240578 0.002662 152.108948 -0.862153 -0.000000 -0.506648 0.623906 0.587663 2 9 0.727155 10 0.272845
  9 -14.091860 5.588602 152.847946 -0.009496 0.857527 0.514351 0.575208 0.587663 2 9 0.562433 10 0.437567
boss
  9 -16.204626 0.002666 130.492279 -0.141560 -0.000000 -0.989930 0.634573 0.624680 1 9 1.000000
  9 -59.870285 0.002663 136.736465 -0.846673 -0.000000 -0.532114 0.676630 0.581218 1 9 1.000000
  9 -15.647207 5.770787 139.924835 -0.035899 0.874509 0.483679 0.634573 0.590072 2 9 0.910440 10 0.089560
boss
  9 -15.871302 0.002666 115.907745 -0.091537 -0.000000 -0.995802 0.258212 0.253263 1 9 1.000000
  9 -56.034996 0.002663 119.599686 -0.822418 -0.000000 -0.568883 0.295843 0.200138 1 9 1.000000
  9 -16.349279 5.890806 125.504494 -0.079613 0.885591 0.457593 0.258212 0.208992 1 9 1.000000
boss
  9 -15.871302 0.002666 115.907745 -0.091537 -0.000000 -0.995802 0.258212 0.121259 1 9 1.000000
  9 -16.349279 -5.885474 125.504494 -0.079612 -0.885591 0.457593 0.258212 0.164721 1 9 1.000000
  9 -56.034996 0.002663 119.599686 -0.822418 -0.000000 -0.568883 0.295843 0.164721 1 9 1.000000
boss
  9 -15.534990 0.002666 143.874344 -0.163440 -0.000000 -0.986553 0.575208 0.507905 2 9 0.746522 10 0.253478
  9 -14.091860 -5.583269 152.847946 -0.009496 -0.857527 0.514351 0.575208 0.543392 2 9 0.562427 10 0.437573
  9 -65.240578 0.002662 152.108948 -0.862153 -0.000000 -0.506648 0.623906 0.552246 2 9 0.727155 10 0.272845
boss
  10 -13.301142 0.002666 157.726761 -0.149389 -0.000000 -0.988778 0.507056 0.518157 2 10 0.708368 9 0.291632
  9 -11.796009 -5.431573 167.038818 0.002999 -0.849713 0.527238 0.507056 0.551887 3 9 0.689203 10 0.220311 57 0.090487
  10 -70.043732 0.002662 166.299683 -0.876606 -0.000000 -0.481209 0.562394 0.551887 2 10 0.563998 9 0.436002
boss
  11 -10.587130 0.002667 171.279831 -0.217389 -0.000000 -0.976085 0.433045 0.526945 3 11 0.458105 10 0.329419 9 0.212476
  11 -8.738270 -4.386940 179.815994 0.065926 -0.843220 0.533511 0.433045 0.563309 3 11 0.406313 9 0.377540 10 0.216147
  10 -73.298218 0.002662 185.246582 -0.916302 -0.000000 -0.400487 0.495024 0.554455 3 10 0.412837 11 0.394934 9 0.192229
boss
  13 -0.207553 8.989094 226.411316 -0.876487 0.464988 -0.124725 0.686849 0.874652 3 13 0.480739 12 0.420283 11 0.098978
  13 -0.207551 -8.983759 226.411316 -0.876494 -0.464975 -0.124725 0.669141 0.874652 3 13 0.484957 12 0.419302 11 0.095741
  13 -7.541314 12.473877 250.025665 -0.692673 0.614106 -0.378256 0.691276 0.777256 3 13 0.978603 12 0.016484 14 0.004914
boss
  12 18.084909 -26.689703 213.237381 0.031172 -0.798675 0.600955 0.033671 0.197817 4 12 0.424843 11 0.304703 44 0.173601 13 0.096853
  11 33.640472 -14.699527 208.856949 0.817680 -0.386259 0.426853 0.051380 0.233234 4 11 0.478387 12 0.356038 13 0.087154 44 0.078422
  13 15.279890 -19.905994 227.039429 -0.116033 -0.992313 0.043013 0.038098 0.144692 4 13 0.521356 12 0.409327 11 0.068135 44 0.001182
boss
  13 -0.207551 -8.983759 226.411316 -0.876494 -0.464975 -0.124725 0.206819 0.144692 3 13 0.484957 12 0.419302 11 0.095741
  11 -1.745050 -9.155188 210.874908 -0.865052 -0.361199 0.348167 0.206819 0.242088 4 11 0.479501 12 0.372605 13 0.092397 44 0.055497
  13 15.279890 -19.905994 227.039429 -0.116033 -0.992313 0.043013 0.224527 0.144692 4 13 0.521356 12 0.409327 11 0.068135 44 0.001182
boss
  11 -1.745050 -9.155188 210.874908 -0.865052 -0.361199 0.348167 0.206819 0.242088 4 11 0.479501 12 0.372605 13 0.092397 44 0.055497
  13 -0.207551 -8.983759 226.411316 -0.876494 -0.464975 -0.124725 0.206819 0.144692 3 13 0.484957 12 0.419302 11 0.095741
  11 -1.745051 9.160522 210.874908 -0.865055 0.361195 0.348164 0.189111 0.242088 4 11 0.481480 12 0.372719 13 0.091011 57 0.054790
boss
  9 -11.652888 -35.609127 110.558182 -0.783909 -0.615641 -0.080452 0.233382 0.605109 4 9 0.724659 8 0.158977 44 0.090632 7 0.025732
  44 -4.354650 -48.048439 149.888733 -0.696391 -0.708883 -0.111918 0.246663 0.454588 4 44 0.398205 10 0.367490 9 0.198270 74 0.036035
  9 -12.657502 -35.609127 145.999222 -0.901870 -0.425825 0.072822 0.231168 0.472297 4 9 0.373489 10 0.363931 44 0.247744 74 0.014836
boss
  44 0.674235 -57.638584 162.750107 -0.905496 -0.321146 -0.277385 0.358763 0.756748 3 44 0.602350 45 0.386187 10 0.011463
  45 0.314326 -80.114891 163.275803 -0.905104 -0.058717 -0.421116 0.378685 0.756748 3 45 0.851146 9 0.110720 46 0.038133
  44 0.544599 -71.740730 177.254883 -0.908465 -0.052120 0.414698 0.369830 0.703623 4 44 0.555843 45 0.399551 9 0.037575 46 0.007032
boss
  44 15.181458 -57.638580 191.900116 -0.034343 -0.339086 0.940128 0.358763 0.641366 4 44 0.490746 10 0.252190 45 0.250737 11 0.006328
  44 0.904507 -57.638584 177.596069 -0.902457 -0.174089 0.394035 0.358763 0.703622 2 44 0.620399 45 0.379601
  44 0.544599 -71.740730 177.254883 -0.908465 -0.052120 0.414698 0.369830 0.703623 4 44 0.555843 45 0.399551 9 0.037575 46 0.007032
boss
  44 15.181458 -57.638580 191.900116 -0.034343 -0.339086 0.940128 0.367584 0.853610 4 44 0.490746 10 0.252190 45 0.250737 11 0.006328
  44 14.821549 -68.033325 190.264496 0.006097 -0.148791 0.988850 0.376438 0.853610 3 44 0.558523 45 0.432334 9 0.009143
  44 28.177406 -71.830475 177.268158 0.916275 -0.084874 0.391454 0.378651 0.906736 3 44 0.574430 45 0.412008 75 0.013562
boss
  45 14.464691 -100.355026 154.465652 0.021866 -0.045010 -0.998747 0.396393 0.820643 1 45 1.000000
  45 2.148546 -100.355026 163.762772 -0.901466 -0.035260 -0.431412 0.396393 0.747894 3 45 0.921258 9 0.056191 46 0.022550
  45 0.314326 -80.114891 163.275803 -0.905104 -0.058717 -0.421116 0.378685 0.756748 3 45 0.851146 9 0.110720 46 0.038133
boss
  44 28.307043 -57.638580 163.116669 0.876318 -0.391537 -0.280650 0.367584 0.951006 3 44 0.665847 45 0.282429 10 0.051724
  44 28.537315 -57.638580 177.962662 0.884227 -0.305908 0.352936 0.367584 0.906735 2 44 0.648748 45 0.351252
  44 28.177406 -71.830475 177.268158 0.916275 -0.084874 0.391454 0.378651 0.906736 3 44 0.574430 45 0.412008 75 0.013562
boss
  45 14.464691 -100.355026 154.465652 0.021866 -0.045010 -0.998747 0.405214 0.995555 1 45 1.000000
  45 27.947136 -80.114883 163.274658 0.906683 -0.075851 -0.414936 0.387505 0.951006 3 45 0.957043 44 0.039896 10 0.003061
  45 25.905897 -100.355026 164.077927 0.907391 -0.040937 -0.418290 0.405214 0.951006 1 45 1.000000
boss
  44 14.999472 -57.638580 151.936356 0.040271 -0.663025 -0.747513 0.367584 0.995555 3 44 0.588327 45 0.373683 10 0.037990
  44 28.307043 -57.638580 163.116669 0.876318 -0.391537 -0.280650 0.367584 0.951006 3 44 0.665847 45 0.282429 10 0.051724
  45 27.947136 -80.114883 163.274658 0.906683 -0.075851 -0.414936 0.387505 0.951006 3 45 0.957043 44 0.039896 10 0.003061
boss
  45 26.103872 -88.340088 176.406982 0.908632 -0.071634 0.411407 0.394146 0.906736 1 45 1.000000
  45 14.621154 -90.069908 187.571747 0.014845 -0.058884 0.998154 0.396360 0.853610 1 45 1.000000
  45 14.621155 -100.355026 187.557114 0.011438 0.004372 0.999925 0.405214 0.853610 1 45 1.000000
boss
  45 2.346522 -88.236702 176.395157 -0.896683 -0.066409 0.437664 0.385325 0.703623 3 45 0.911077 9 0.058554 46 0.030368
  45 0.314326 -80.114891 163.275803 -0.905104 -0.058717 -0.421116 0.378685 0.756748 3 45 0.851146 9 0.110720 46 0.038133
  45 2.148546 -100.355026 163.762772 -0.901466 -0.035260 -0.431412 0.396393 0.747894 3 45 0.921258 9 0.056191 46 0.022550
boss
  45 26.103872 -88.340088 176.406982 0.908632 -0.071634 0.411407 0.394146 0.906736 1 45 1.000000
  45 26.103874 -100.355026 176.841782 0.918494 0.007211 0.395370 0.405214 0.906735 1 45 1.000000
  45 25.905897 -100.355026 164.077927 0.907391 -0.040937 -0.418290 0.405214 0.951006 1 45 1.000000
boss
  45 2.346522 -88.236702 176.395157 -0.896683 -0.066409 0.437664 0.385325 0.703623 3 45 0.911077 9 0.058554 46 0.030368
  45 2.346523 -100.355026 176.526611 -0.909639 0.002258 0.415393 0.396393 0.703622 2 45 0.948793 9 0.051207
  45 14.621155 -100.355026 187.557114 0.011438 0.004372 0.999925 0.396393 0.641366 1 45 1.000000
boss
  44 14.821549 -68.033325 190.264496 0.006097 -0.148791 0.988850 0.376438 0.853610 3 44 0.558523 45 0.432334 9 0.009143
  45 14.621154 -90.069908 187.571747 0.014845 -0.058884 0.998154 0.396360 0.853610 1 45 1.000000
  45 26.103872 -88.340088 176.406982 0.908632 -0.071634 0.411407 0.394146 0.906736 1 45 1.000000
boss
  44 0.544599 -71.740730 177.254883 -0.908465 -0.052120 0.414698 0.369830 0.703623 4 44 0.555843 45 0.399551 9 0.037575 46 0.007032
  45 0.314326 -80.114891 163.275803 -0.905104 -0.058717 -0.421116 0.378685 0.756748 3 45 0.851146 9 0.110720 46 0.038133
  45 2.346522 -88.236702 176.395157 -0.896683 -0.066409 0.437664 0.385325 0.703623 3 45 0.911077 9 0.058554 46 0.030368
boss
  45 27.947136 -80.114883 163.274658 0.906683 -0.075851 -0.414936 0.387505 0.951006 3 45 0.957043 44 0.039896 10 0.003061
  44 28.177406 -71.830475 177.268158 0.916275 -0.084874 0.391454 0.378651 0.906736 3 44 0.574430 45 0.412008 75 0.013562
  45 26.103872 -88.340088 176.406982 0.908632 -0.071634 0.411407 0.394146 0.906736 1 45 1.000000
boss
  44 14.821549 -68.033325 190.264496 0.006097 -0.148791 0.988850 0.367617 0.641643 3 44 0.558523 45 0.432334 9 0.009143
  44 0.544599 -71.740730 177.254883 -0.908465 -0.052120 0.414698 0.369830 0.703623 4 44 0.555843 45 0.399551 9 0.037575 46 0.007032
  45 2.346522 -88.236702 176.395157 -0.896683 -0.066409 0.437664 0.385325 0.703623 3 45 0.911077 9 0.058554 46 0.030368
boss
  45 14.464691 -100.355026 154.465652 0.021866 -0.045010 -0.998747 0.405214 0.995555 1 45 1.000000
  44 14.999472 -57.638580 151.936356 0.040271 -0.663025 -0.747513 0.367584 0.995555 3 44 0.588327 45 0.373683 10 0.037990
  45 27.947136 -80.114883 163.274658 0.906683 -0.075851 -0.414936 0.387505 0.951006 3 45 0.957043 44 0.039896 10 0.003061
boss
  44 0.674235 -57.638584 162.750107 -0.905496 -0.321146 -0.277385 0.358763 0.756748 3 44 0.602350 45 0.386187 10 0.011463
  44 14.999472 -57.638580 151.936356 0.040271 -0.663025 -0.747513 0.358763 0.820643 3 44 0.588327 45 0.373683 10 0.037990
  45 0.314326 -80.114891 163.275803 -0.905104 -0.058717 -0.421116 0.378685 0.756748 3 45 0.851146 9 0.110720 46 0.038133
boss
  44 14.999472 -57.638580 151.936356 0.040271 -0.663025 -0.747513 0.358763 0.820643 3 44 0.588327 45 0.373683 10 0.037990
  45 14.464691 -100.355026 154.465652 0.021866 -0.045010 -0.998747 0.396393 0.820643 1 45 1.000000
  45 0.314326 -80.114891 163.275803 -0.905104 -0.058717 -0.421116 0.378685 0.756748 3 45 0.851146 9 0.110720 46 0.038133
boss
  55 20.646599 -358.098358 184.173904 0.927121 -0.336805 0.164341 0.646490 0.862464 3 55 0.344782 47 0.328016 48 0.327203
  46 21.473684 -339.804230 169.980286 0.996921 -0.065529 0.043060 0.628781 0.924444 2 46 0.500582 47 0.499418
  55 19.814651 -345.740021 190.344421 0.582763 0.168317 0.795020 0.635422 0.844756 4 55 0.383264 47 0.371762 46 0.239415 53 0.005558
boss
  49 22.530985 -367.052582 148.197983 0.576798 0.272854 -0.769971 0.646523 0.818727 4 49 0.517879 48 0.427004 51 0.040402 53 0.014715
  48 16.977398 -369.072449 151.996292 -0.752198 -0.348982 -0.558937 0.646523 0.792164 2 48 0.549903 49 0.450097
  47 8.492720 -350.108673 153.637894 -0.660383 -0.135945 -0.738521 0.628815 0.792164 3 47 0.513330 46 0.461280 53 0.025391
boss
  49 22.530985 -367.052582 148.197983 0.576798 0.272854 -0.769971 0.646523 0.818727 4 49 0.517879 48 0.427004 51 0.040402 53 0.014715
  47 8.492720 -350.108673 153.637894 -0.660383 -0.135945 -0.738521 0.628815 0.792164 3 47 0.513330 46 0.461280 53 0.025391
  46 21.664289 -345.144470 153.094147 0.697530 -0.002349 -0.716552 0.625716 0.815714 3 46 0.418779 47 0.370429 48 0.210791
boss
  48 16.977398 -369.072449 151.996292 -0.752198 -0.348982 -0.558937 0.646523 0.792164 2 48 0.549903 49 0.450097
  53 22.584658 -371.995575 155.612930 0.867349 -0.439834 -0.232920 0.653164 0.792164 3 53 0.357089 49 0.343178 48 0.299733
  53 13.541458 -372.490173 162.117905 -0.853345 -0.476647 -0.211209 0.650950 0.756748 2 53 0.530927 48 0.469073
boss
  53 13.541458 -372.490173 162.117905 -0.853345 -0.476647 -0.211209 0.650950 0.756748 2 53 0.530927 48 0.469073
  53 22.156216 -375.239105 169.238602 0.881190 -0.470507 0.046115 0.657591 0.739039 3 53 0.368129 48 0.317794 51 0.314077
  48 13.449548 -373.561005 175.309921 -0.873662 -0.436980 0.213925 0.650950 0.712477 2 48 0.510836 51 0.489164
boss
  55 20.646599 -358.098358 184.173904 0.927121 -0.336805 0.164341 0.646490 0.862464 3 55 0.344782 47 0.328016 48 0.327203
  46 21.664289 -345.144470 153.094147 0.697530 -0.002349 -0.716552 0.635422 0.995370 3 46 0.418779 47 0.370429 48 0.210791
  46 21.473684 -339.804230 169.980286 0.996921 -0.065529 0.043060 0.628781 0.924444 2 46 0.500582 47 0.499418
boss
  55 20.646599 -358.098358 184.173904 0.927121 -0.336805 0.164341 0.973838 0.752158 3 55 0.344782 47 0.328016 48 0.327203
  55 21.849312 -360.576538 193.184738 0.997429 0.069999 0.015335 0.980478 0.716742 4 55 0.487309 56 0.457321 47 0.041481 48 0.013889
  55 19.056152 -364.022308 189.654190 0.268382 -0.601247 -0.752644 0.973838 0.716742 4 55 0.570005 56 0.423011 48 0.003564 47 0.003420
boss
  55 20.646599 -358.098358 184.173904 0.927121 -0.336805 0.164341 0.637669 0.641644 3 55 0.344782 47 0.328016 48 0.327203
  47 6.853824 -348.640594 184.756485 -0.818478 -0.156236 0.552888 0.628815 0.677060 4 47 0.448023 55 0.322953 48 0.227412 53 0.001613
  48 21.435362 -371.287170 181.070190 0.550455 -0.047175 0.833531 0.650950 0.677060 2 48 0.523251 51 0.476749
boss
  53 22.584658 -371.995575 155.612930 0.867349 -0.439834 -0.232920 0.941617 0.202945 3 53 0.357089 49 0.343178 48 0.299733
  53 22.156216 -375.239105 169.238602 0.881190 -0.470507 0.046115 0.954898 0.202945 3 53 0.368129 48 0.317794 51 0.314077
  54 24.249292 -381.619354 161.475021 0.997204 0.030585 0.068180 0.948258 0.167529 2 54 0.582326 53 0.417674
boss
  53 22.156216 -375.239105 169.238602 0.881190 -0.470507 0.046115 0.270845 0.995277 3 53 0.368129 48 0.317794 51 0.314077
  48 21.435362 -371.287170 181.070190 0.550455 -0.047175 0.833531 0.284126 0.995277 2 48 0.523251 51 0.476749
  52 23.627670 -385.713531 178.931213 0.994980 0.094728 0.032256 0.277486 0.959860 2 52 0.631466 51 0.368534
boss
  49 22.530985 -367.052582 148.197983 0.576798 0.272854 -0.769971 0.298705 0.154214 4 49 0.517879 48 0.427004 51 0.040402 53 0.014715
  53 22.584658 -371.995575 155.612930 0.867349 -0.439834 -0.232920 0.307559 0.154214 3 53 0.357089 49 0.343178 48 0.299733
  50 23.528978 -383.112915 143.842392 0.542277 -0.547139 0.637632 0.307559 0.101089 3 50 0.616384 49 0.383317 51 0.000299
boss
  48 21.435362 -371.287170 181.070190 0.550455 -0.047175 0.833531 0.659771 0.871318 2 48 0.523251 51 0.476749
  53 22.156216 -375.239105 169.238602 0.881190 -0.470507 0.046115 0.661985 0.924444 3 53 0.368129 48 0.317794 51 0.314077
  48 21.655563 -360.395599 167.691330 0.997996 0.043628 0.045836 0.648703 0.933298 2 48 0.996214 47 0.003786
boss
  53 22.156216 -375.239105 169.238602 0.881190 -0.470507 0.046115 0.661985 0.924444 3 53 0.368129 48 0.317794 51 0.314077
  53 22.584658 -371.995575 155.612930 0.867349 -0.439834 -0.232920 0.659771 0.968714 3 53 0.357089 49 0.343178 48 0.299733
  48 21.655563 -360.395599 167.691330 0.997996 0.043628 0.045836 0.648703 0.933298 2 48 0.996214 47 0.003786
boss
  53 22.584658 -371.995575 155.612930 0.867349 -0.439834 -0.232920 0.659771 0.968714 3 53 0.357089 49 0.343178 48 0.299733
  49 22.530985 -367.052582 148.197983 0.576798 0.272854 -0.769971 0.653131 0.995277 4 49 0.517879 48 0.427004 51 0.040402 53 0.014715
  48 21.655563 -360.395599 167.691330 0.997996 0.043628 0.045836 0.648703 0.933298 2 48 0.996214 47 0.003786
boss
  49 22.530985 -367.052582 148.197983 0.576798 0.272854 -0.769971 0.653131 0.995277 4 49 0.517879 48 0.427004 51 0.040402 53 0.014715
  46 21.664289 -345.144470 153.094147 0.697530 -0.002349 -0.716552 0.635422 0.995370 3 46 0.418779 47 0.370429 48 0.210791
  48 21.655563 -360.395599 167.691330 0.997996 0.043628 0.045836 0.648703 0.933298 2 48 0.996214 47 0.003786
boss
  55 20.646599 -358.098358 184.173904 0.927121 -0.336805 0.164341 0.646490 0.862464 3 55 0.344782 47 0.328016 48 0.327203
  48 21.435362 -371.287170 181.070190 0.550455 -0.047175 0.833531 0.659771 0.871318 2 48 0.523251 51 0.476749
  48 21.655563 -360.395599 167.691330 0.997996 0.043628 0.045836 0.648703 0.933298 2 48 0.996214 47 0.003786
boss
  55 20.646599 -358.098358 184.173904 0.927121 -0.336805 0.164341 0.646490 0.862464 3 55 0.344782 47 0.328016 48 0.327203
  48 21.655563 -360.395599 167.691330 0.997996 0.043628 0.045836 0.648703 0.933298 2 48 0.996214 47 0.003786
  46 21.664289 -345.144470 153.094147 0.697530 -0.002349 -0.716552 0.635422 0.995370 3 46 0.418779 47 0.370429 48 0.210791
boss
  47 6.853824 -348.640594 184.756485 -0.818478 -0.156236 0.552888 0.628815 0.677060 4 47 0.448023 55 0.322953 48 0.227412 53 0.001613
  47 2.887037 -347.738647 167.235199 -0.968130 -0.236611 -0.082094 0.626601 0.739040 2 47 0.980463 53 0.019537
  48 13.449548 -373.561005 175.309921 -0.873662 -0.436980 0.213925 0.650950 0.712477 2 48 0.510836 51 0.489164
boss
  47 8.492720 -350.108673 153.637894 -0.660383 -0.135945 -0.738521 0.628815 0.792164 3 47 0.513330 46 0.461280 53 0.025391
  48 16.977398 -369.072449 151.996292 -0.752198 -0.348982 -0.558937 0.646523 0.792164 2 48 0.549903 49 0.450097
  47 2.887037 -347.738647 167.235199 -0.968130 -0.236611 -0.082094 0.626601 0.739040 2 47 0.980463 53 0.019537
boss
  53 13.541458 -372.490173 162.117905 -0.853345 -0.476647 -0.211209 0.650950 0.756748 2 53 0.530927 48 0.469073
  47 2.887037 -347.738647 167.235199 -0.968130 -0.236611 -0.082094 0.626601 0.739040 2 47 0.980463 53 0.019537
  48 16.977398 -369.072449 151.996292 -0.752198 -0.348982 -0.558937 0.646523 0.792164 2 48 0.549903 49 0.450097
boss
  46 19.634308 -313.976959 192.965042 0.366455 -0.009956 0.930383 0.604432 0.844756 3 46 0.954510 48 0.039470 54 0.006020
  55 19.814651 -345.740021 190.344421 0.582763 0.168317 0.795020 0.635422 0.844756 4 55 0.383264 47 0.371762 46 0.239415 53 0.005558
  46 24.096756 -312.667664 171.668961 0.998763 -0.030976 0.038897 0.604432 0.924444 1 46 1.000000
boss
  47 6.853824 -348.640594 184.756485 -0.818478 -0.156236 0.552888 0.628815 0.677060 4 47 0.448023 55 0.322953 48 0.227412 53 0.001613
  55 19.814651 -345.740021 190.344421 0.582763 0.168317 0.795020 0.626601 0.641181 4 55 0.383264 47 0.371762 46 0.239415 53 0.005558
  46 19.634308 -313.976959 192.965042 0.366455 -0.009956 0.930383 0.595612 0.641366 3 46 0.954510 48 0.039470 54 0.006020
boss
  47 6.853824 -348.640594 184.756485 -0.818478 -0.156236 0.552888 0.628815 0.677060 4 47 0.448023 55 0.322953 48 0.227412 53 0.001613
  46 5.354297 -314.440399 182.987900 -0.745627 0.005268 0.666343 0.595612 0.677060 3 46 0.949563 48 0.037779 54 0.012659
  46 -2.251876 -313.609222 169.235977 -0.998873 -0.022373 -0.041860 0.595612 0.730185 2 46 0.970808 48 0.029192
boss
  46 -2.251876 -313.609222 169.235977 -0.998873 -0.022373 -0.041860 0.595612 0.730185 2 46 0.970808 48 0.029192
  46 6.620619 -313.799255 156.019775 -0.598913 0.014141 -0.800689 0.595612 0.783310 4 46 0.849239 45 0.075999 48 0.047753 54 0.027009
  47 8.492720 -350.108673 153.637894 -0.660383 -0.135945 -0.738521 0.628815 0.792164 3 47 0.513330 46 0.461280 53 0.025391
boss
  46 21.463871 -313.387848 151.638779 0.547088 0.006166 -0.837053 0.595612 0.816216 1 46 1.000000
  47 8.492720 -350.108673 153.637894 -0.660383 -0.135945 -0.738521 0.628815 0.792164 3 47 0.513330 46 0.461280 53 0.025391
  46 6.620619 -313.799255 156.019775 -0.598913 0.014141 -0.800689 0.595612 0.783310 4 46 0.849239 45 0.075999 48 0.047753 54 0.027009
boss
  46 21.473684 -339.804230 169.980286 0.996921 -0.065529 0.043060 0.628781 0.924444 2 46 0.500582 47 0.499418
  46 21.664289 -345.144470 153.094147 0.697530 -0.002349 -0.716552 0.635422 0.995370 3 46 0.418779 47 0.370429 48 0.210791
  46 24.096756 -312.667664 171.668961 0.998763 -0.030976 0.038897 0.604432 0.924444 1 46 1.000000
boss
  47 6.853824 -348.640594 184.756485 -0.818478 -0.156236 0.552888 0.971691 0.402127 4 47 0.448023 55 0.322953 48 0.227412 53 0.001613
  55 19.056152 -364.022308 189.654190 0.268382 -0.601247 -0.752644 0.978331 0.366710 4 55 0.570005 56 0.423011 48 0.003564 47 0.003420
  55 10.464509 -361.068909 192.664261 -0.900913 0.283803 -0.328346 0.971691 0.366710 4 55 0.646493 56 0.304828 48 0.044600 54 0.004079
boss
  47 6.853824 -348.640594 184.756485 -0.818478 -0.156236 0.552888 0.971691 0.402127 4 47 0.448023 55 0.322953 48 0.227412 53 0.001613
  55 10.464509 -361.068909 192.664261 -0.900913 0.283803 -0.328346 0.971691 0.366710 4 55 0.646493 56 0.304828 48 0.044600 54 0.004079
  56 18.371567 -357.130768 196.715363 0.161586 0.533944 0.829936 0.965050 0.366710 4 56 0.471222 55 0.451761 47 0.053937 48 0.023080
boss
  48 13.449548 -373.561005 175.309921 -0.873662 -0.436980 0.213925 0.010934 0.233701 2 48 0.510836 51 0.489164
  51 20.151489 -381.505798 182.795181 0.098250 0.219846 0.970574 0.004293 0.198285 2 51 0.504239 52 0.495761
  48 21.435362 -371.287170 181.070190 0.550455 -0.047175 0.833531 0.004293 0.233701 2 48 0.523251 51 0.476749
boss
  51 20.762766 -383.889465 173.351334 0.193332 -0.318834 -0.927883 0.017575 0.198285 2 51 0.529648 52 0.470352
  51 13.283860 -382.854523 177.384781 -0.859617 0.460475 -0.221407 0.010934 0.198285 3 51 0.816577 48 0.150354 52 0.033069
  48 13.449548 -373.561005 175.309921 -0.873662 -0.436980 0.213925 0.010934 0.233701 2 48 0.510836 51 0.489164
boss
  53 20.747330 -382.661285 165.760880 0.049039 -0.252319 0.966401 0.235695 0.119198 2 53 0.501541 54 0.498459
  53 22.156216 -375.239105 169.238602 0.881190 -0.470507 0.046115 0.235695 0.154615 3 53 0.368129 48 0.317794 51 0.314077
  53 13.541458 -372.490173 162.117905 -0.853345 -0.476647 -0.211209 0.242336 0.154615 2 53 0.530927 48 0.469073
boss
  53 13.541458 -372.490173 162.117905 -0.853345 -0.476647 -0.211209 0.242336 0.154615 2 53 0.530927 48 0.469073
  53 22.584658 -371.995575 155.612930 0.867349 -0.439834 -0.232920 0.248977 0.154615 3 53 0.357089 49 0.343178 48 0.299733
  53 21.361942 -380.506958 156.207611 0.251596 0.092805 -0.963372 0.248977 0.119198 2 53 0.508193 54 0.491807
boss
  48 16.977398 -369.072449 151.996292 -0.752198 -0.348982 -0.558937 0.297274 0.994876 2 48 0.549903 49 0.450097
  49 22.530985 -367.052582 148.197983 0.576798 0.272854 -0.769971 0.301701 0.994876 4 49 0.517879 48 0.427004 51 0.040402 53 0.014715
  50 23.507952 -380.062012 140.250671 0.495541 0.479869 -0.723992 0.301701 0.941751 3 50 0.525053 49 0.471233 51 0.003714
boss
  48 16.977398 -369.072449 151.996292 -0.752198 -0.348982 -0.558937 0.297274 0.994876 2 48 0.549903 49 0.450097
  50 18.426905 -381.732239 142.370148 -0.970434 -0.219681 -0.099987 0.297274 0.941751 3 50 0.516148 49 0.480053 51 0.003798
  50 23.528978 -383.112915 143.842392 0.542277 -0.547139 0.637632 0.292847 0.941751 3 50 0.616384 49 0.383317 51 0.000299
boss
  45 26.103874 -100.355026 176.841782 0.918494 0.007211 0.395370 0.405214 0.906735 1 45 1.000000
  45 14.621155 -100.355026 187.557114 0.011438 0.004372 0.999925 0.405214 0.853610 1 45 1.000000
  45 14.621160 -165.166061 187.557114 0.012104 0.053749 0.998481 0.467193 0.853610 2 45 0.976899 74 0.023101
boss
  45 2.148546 -100.355026 163.762772 -0.901466 -0.035260 -0.431412 0.396393 0.747894 3 45 0.921258 9 0.056191 46 0.022550
  45 14.464691 -100.355026 154.465652 0.021866 -0.045010 -0.998747 0.396393 0.820643 1 45 1.000000
  45 14.957870 -165.166061 154.465652 0.060628 0.076794 -0.995202 0.458372 0.820643 2 45 0.967492 74 0.032508
boss
  45 25.905897 -100.355026 164.077927 0.907391 -0.040937 -0.418290 0.405214 0.951006 1 45 1.000000
  45 26.103874 -100.355026 176.841782 0.918494 0.007211 0.395370 0.405214 0.906735 1 45 1.000000
  45 26.103878 -165.166061 176.841782 0.923433 0.008924 0.383656 0.467193 0.906736 2 45 0.977663 74 0.022337
boss
  45 14.464691 -100.355026 154.465652 0.021866 -0.045010 -0.998747 0.405214 0.995555 1 45 1.000000
  45 25.905897 -100.355026 164.077927 0.907391 -0.040937 -0.418290 0.405214 0.951006 1 45 1.000000
  45 25.905903 -165.166061 164.077927 0.911481 0.011966 -0.411168 0.467193 0.951006 2 45 0.972734 74 0.027266
boss
  45 2.346523 -100.355026 176.526611 -0.909639 0.002258 0.415393 0.396393 0.703622 2 45 0.948793 9 0.051207
  45 2.148546 -100.355026 163.762772 -0.901466 -0.035260 -0.431412 0.396393 0.747894 3 45 0.921258 9 0.056191 46 0.022550
  45 2.148551 -165.166061 163.762772 -0.894085 0.065539 -0.443077 0.458372 0.747894 2 45 0.973743 74 0.026257
boss
  45 14.621155 -100.355026 187.557114 0.011438 0.004372 0.999925 0.396393 0.641366 1 45 1.000000
  45 2.346523 -100.355026 176.526611 -0.909639 0.002258 0.415393 0.396393 0.703622 2 45 0.948793 9 0.051207
  45 2.346528 -165.166061 176.526611 -0.906546 0.054293 0.418601 0.458372 0.703623 2 45 0.979382 47 0.020618
boss
  46 2.346530 -195.062607 176.526611 -0.905689 -0.042823 0.421775 0.484935 0.703623 2 46 0.993540 55 0.006460
  46 2.148553 -195.062607 163.762772 -0.899081 -0.053794 -0.434465 0.484935 0.747894 2 46 0.994499 55 0.005501
  46 -2.251876 -313.609222 169.235977 -0.998873 -0.022373 -0.041860 0.595612 0.730185 2 46 0.970808 48 0.029192
boss
  46 21.463871 -313.387848 151.638779 0.547088 0.006166 -0.837053 0.595612 0.816216 1 46 1.000000
  46 6.620619 -313.799255 156.019775 -0.598913 0.014141 -0.800689 0.595612 0.783310 4 46 0.849239 45 0.075999 48 0.047753 54 0.027009
  46 14.464699 -195.062607 154.465652 0.031778 -0.084704 -0.995899 0.484935 0.820260 3 46 0.926345 49 0.068935 55 0.004721
boss
  46 14.464699 -195.062607 154.465652 0.031778 -0.084704 -0.995899 0.493755 0.995610 3 46 0.926345 49 0.068935 55 0.004721
  46 25.905905 -195.062607 164.077927 0.914409 -0.005919 -0.404749 0.493755 0.951006 1 46 1.000000
  46 21.463871 -313.387848 151.638779 0.547088 0.006166 -0.837053 0.604432 0.995555 1 46 1.000000
boss
  46 25.905905 -195.062607 164.077927 0.914409 -0.005919 -0.404749 0.493755 0.951006 1 46 1.000000
  46 26.103880 -195.062607 176.841782 0.928273 0.001233 0.371898 0.493755 0.906736 1 46 1.000000
  46 24.096756 -312.667664 171.668961 0.998763 -0.030976 0.038897 0.604432 0.924444 1 46 1.000000
boss
  46 14.621161 -195.062607 187.557114 0.005951 -0.028158 0.999586 0.484935 0.641421 1 46 1.000000
  46 5.354297 -314.440399 182.987900 -0.745627 0.005268 0.666343 0.595612 0.677060 3 46 0.949563 48 0.037779 54 0.012659
  46 19.634308 -313.976959 192.965042 0.366455 -0.009956 0.930383 0.595612 0.641366 3 46 0.954510 48 0.039470 54 0.006020
boss
  46 24.096756 -312.667664 171.668961 0.998763 -0.030976 0.038897 0.604432 0.924444 1 46 1.000000
  46 21.463871 -313.387848 151.638779 0.547088 0.006166 -0.837053 0.604432 0.995555 1 46 1.000000
  46 25.905905 -195.062607 164.077927 0.914409 -0.005919 -0.404749 0.493755 0.951006 1 46 1.000000
boss
  46 24.096756 -312.667664 171.668961 0.998763 -0.030976 0.038897 0.604432 0.924444 1 46 1.000000
  46 26.103880 -195.062607 176.841782 0.928273 0.001233 0.371898 0.493755 0.906736 1 46 1.000000
  46 19.634308 -313.976959 192.965042 0.366455 -0.009956 0.930383 0.604432 0.844756 3 46 0.954510 48 0.039470 54 0.006020
boss
  46 26.103880 -195.062607 176.841782 0.928273 0.001233 0.371898 0.493755 0.906736 1 46 1.000000
  46 14.621161 -195.062607 187.557114 0.005951 -0.028158 0.999586 0.493755 0.853610 1 46 1.000000
  46 19.634308 -313.976959 192.965042 0.366455 -0.009956 0.930383 0.604432 0.844756 3 46 0.954510 48 0.039470 54 0.006020
boss
  46 14.464699 -195.062607 154.465652 0.031778 -0.084704 -0.995899 0.484935 0.820260 3 46 0.926345 49 0.068935 55 0.004721
  46 6.620619 -313.799255 156.019775 -0.598913 0.014141 -0.800689 0.595612 0.783310 4 46 0.849239 45 0.075999 48 0.047753 54 0.027009
  46 2.148553 -195.062607 163.762772 -0.899081 -0.053794 -0.434465 0.484935 0.747894 2 46 0.994499 55 0.005501
boss
  46 6.620619 -313.799255 156.019775 -0.598913 0.014141 -0.800689 0.595612 0.783310 4 46 0.849239 45 0.075999 48 0.047753 54 0.027009
  46 -2.251876 -313.609222 169.235977 -0.998873 -0.022373 -0.041860 0.595612 0.730185 2 46 0.970808 48 0.029192
  46 2.148553 -195.062607 163.762772 -0.899081 -0.053794 -0.434465 0.484935 0.747894 2 46 0.994499 55 0.005501
boss
  46 -2.251876 -313.609222 169.235977 -0.998873 -0.022373 -0.041860 0.595612 0.730185 2 46 0.970808 48 0.029192
  46 5.354297 -314.440399 182.987900 -0.745627 0.005268 0.666343 0.595612 0.677060 3 46 0.949563 48 0.037779 54 0.012659
  46 2.346530 -195.062607 176.526611 -0.905689 -0.042823 0.421775 0.484935 0.703623 2 46 0.993540 55 0.006460
boss
  46 14.621161 -195.062607 187.557114 0.005951 -0.028158 0.999586 0.484935 0.641421 1 46 1.000000
  46 2.346530 -195.062607 176.526611 -0.905689 -0.042823 0.421775 0.484935 0.703623 2 46 0.993540 55 0.006460
  46 5.354297 -314.440399 182.987900 -0.745627 0.005268 0.666343 0.595612 0.677060 3 46 0.949563 48 0.037779 54 0.012659
boss
  46 2.148553 -195.062607 163.762772 -0.899081 -0.053794 -0.434465 0.484935 0.747894 2 46 0.994499 55 0.005501
  46 0.525002 -180.783203 176.526611 -0.916152 -0.005206 0.400798 0.471653 0.703623 3 46 0.501263 45 0.495702 74 0.003034
  46 0.327025 -180.783203 163.762772 -0.919027 -0.002071 -0.394188 0.471653 0.747893 3 46 0.502644 45 0.491538 74 0.005818
boss
  45 2.148551 -165.166061 163.762772 -0.894085 0.065539 -0.443077 0.458372 0.747894 2 45 0.973743 74 0.026257
  46 0.327025 -180.783203 163.762772 -0.919027 -0.002071 -0.394188 0.471653 0.747893 3 46 0.502644 45 0.491538 74 0.005818
  46 0.525002 -180.783203 176.526611 -0.916152 -0.005206 0.400798 0.471653 0.703623 3 46 0.501263 45 0.495702 74 0.003034
boss
  45 25.905903 -165.166061 164.077927 0.911481 0.011966 -0.411168 0.467193 0.951006 2 45 0.972734 74 0.027266
  46 13.983861 -182.794739 151.786713 0.017796 -0.028200 -0.999444 0.481423 0.995595 4 46 0.510336 45 0.451968 49 0.026070 74 0.011626
  45 14.957870 -165.166061 154.465652 0.060628 0.076794 -0.995202 0.467193 0.995555 2 45 0.967492 74 0.032508
boss
  45 14.456382 -180.507538 189.177994 0.018208 -0.002433 0.999831 0.480474 0.853610 3 45 0.542125 46 0.455178 74 0.002697
  46 26.103880 -195.062607 176.841782 0.928273 0.001233 0.371898 0.493755 0.906736 1 46 1.000000
  45 26.103878 -165.166061 176.841782 0.923433 0.008924 0.383656 0.467193 0.906736 2 45 0.977663 74 0.022337
boss
  46 26.103880 -195.062607 176.841782 0.928273 0.001233 0.371898 0.493755 0.906736 1 46 1.000000
  45 14.456382 -180.507538 189.177994 0.018208 -0.002433 0.999831 0.480474 0.853610 3 45 0.542125 46 0.455178 74 0.002697
  46 14.621161 -195.062607 187.557114 0.005951 -0.028158 0.999586 0.493755 0.853610 1 46 1.000000
boss
  46 13.983861 -182.794739 151.786713 0.017796 -0.028200 -0.999444 0.481423 0.995595 4 46 0.510336 45 0.451968 49 0.026070 74 0.011626
  45 25.905903 -165.166061 164.077927 0.911481 0.011966 -0.411168 0.467193 0.951006 2 45 0.972734 74 0.027266
  46 25.905905 -195.062607 164.077927 0.914409 -0.005919 -0.404749 0.493755 0.951006 1 46 1.000000
boss
  46 25.905905 -195.062607 164.077927 0.914409 -0.005919 -0.404749 0.493755 0.951006 1 46 1.000000
  46 14.464699 -195.062607 154.465652 0.031778 -0.084704 -0.995899 0.493755 0.995610 3 46 0.926345 49 0.068935 55 0.004721
  46 13.983861 -182.794739 151.786713 0.017796 -0.028200 -0.999444 0.481423 0.995595 4 46 0.510336 45 0.451968 49 0.026070 74 0.011626
boss
  45 26.103878 -165.166061 176.841782 0.923433 0.008924 0.383656 0.467193 0.906736 2 45 0.977663 74 0.022337
  46 26.103880 -195.062607 176.841782 0.928273 0.001233 0.371898 0.493755 0.906736 1 46 1.000000
  46 25.905905 -195.062607 164.077927 0.914409 -0.005919 -0.404749 0.493755 0.951006 1 46 1.000000
boss
  45 14.621160 -165.166061 187.557114 0.012104 0.053749 0.998481 0.467193 0.853610 2 45 0.976899 74 0.023101
  45 14.456382 -180.507538 189.177994 0.018208 -0.002433 0.999831 0.480474 0.853610 3 45 0.542125 46 0.455178 74 0.002697
  45 26.103878 -165.166061 176.841782 0.923433 0.008924 0.383656 0.467193 0.906736 2 45 0.977663 74 0.022337
boss
  45 14.957870 -165.166061 154.465652 0.060628 0.076794 -0.995202 0.458372 0.820643 2 45 0.967492 74 0.032508
  46 13.983861 -182.794739 151.786713 0.017796 -0.028200 -0.999444 0.471653 0.820369 4 46 0.510336 45 0.451968 49 0.026070 74 0.011626
  45 2.148551 -165.166061 163.762772 -0.894085 0.065539 -0.443077 0.458372 0.747894 2 45 0.973743 74 0.026257
boss
  46 0.525002 -180.783203 176.526611 -0.916152 -0.005206 0.400798 0.471653 0.703623 3 46 0.501263 45 0.495702 74 0.003034
  46 2.346530 -195.062607 176.526611 -0.905689 -0.042823 0.421775 0.484935 0.703623 2 46 0.993540 55 0.006460
  45 14.456382 -180.507538 189.177994 0.018208 -0.002433 0.999831 0.472602 0.641406 3 45 0.542125 46 0.455178 74 0.002697
boss
  45 14.456382 -180.507538 189.177994 0.018208 -0.002433 0.999831 0.472602 0.641406 3 45 0.542125 46 0.455178 74 0.002697
  45 2.346528 -165.166061 176.526611 -0.906546 0.054293 0.418601 0.458372 0.703623 2 45 0.979382 47 0.020618
  46 0.525002 -180.783203 176.526611 -0.916152 -0.005206 0.400798 0.471653 0.703623 3 46 0.501263 45 0.495702 74 0.003034
boss
  46 2.148553 -195.062607 163.762772 -0.899081 -0.053794 -0.434465 0.484935 0.747894 2 46 0.994499 55 0.005501
  46 13.983861 -182.794739 151.786713 0.017796 -0.028200 -0.999444 0.471653 0.820369 4 46 0.510336 45 0.451968 49 0.026070 74 0.011626
  46 14.464699 -195.062607 154.465652 0.031778 -0.084704 -0.995899 0.484935 0.820260 3 46 0.926345 49 0.068935 55 0.004721
boss
  46 14.621161 -195.062607 187.557114 0.005951 -0.028158 0.999586 0.484935 0.641421 1 46 1.000000
  45 14.456382 -180.507538 189.177994 0.018208 -0.002433 0.999831 0.472602 0.641406 3 45 0.542125 46 0.455178 74 0.002697
  46 2.346530 -195.062607 176.526611 -0.905689 -0.042823 0.421775 0.484935 0.703623 2 46 0.993540 55 0.006460
boss
  46 0.327025 -180.783203 163.762772 -0.919027 -0.002071 -0.394188 0.471653 0.747893 3 46 0.502644 45 0.491538 74 0.005818
  45 2.148551 -165.166061 163.762772 -0.894085 0.065539 -0.443077 0.458372 0.747894 2 45 0.973743 74 0.026257
  46 13.983861 -182.794739 151.786713 0.017796 -0.028200 -0.999444 0.471653 0.820369 4 46 0.510336 45 0.451968 49 0.026070 74 0.011626
boss
  46 2.148553 -195.062607 163.762772 -0.899081 -0.053794 -0.434465 0.484935 0.747894 2 46 0.994499 55 0.005501
  46 0.327025 -180.783203 163.762772 -0.919027 -0.002071 -0.394188 0.471653 0.747893 3 46 0.502644 45 0.491538 74 0.005818
  46 13.983861 -182.794739 151.786713 0.017796 -0.028200 -0.999444 0.471653 0.820369 4 46 0.510336 45 0.451968 49 0.026070 74 0.011626
boss
  45 2.346528 -165.166061 176.526611 -0.906546 0.054293 0.418601 0.458372 0.703623 2 45 0.979382 47 0.020618
  45 14.456382 -180.507538 189.177994 0.018208 -0.002433 0.999831 0.472602 0.641406 3 45 0.542125 46 0.455178 74 0.002697
  45 14.621160 -165.166061 187.557114 0.012104 0.053749 0.998481 0.458372 0.641366 2 45 0.976899 74 0.023101
boss
  54 24.249292 -381.619354 161.475021 0.997204 0.030585 0.068180 0.948258 0.167529 2 54 0.582326 53 0.417674
  54 31.237896 -417.020874 154.879654 0.427453 -0.890405 -0.156407 0.948258 0.052425 1 54 1.000000
  54 22.793980 -401.311401 152.584488 -0.036820 -0.052021 -0.997967 0.941617 0.105550 1 54 1.000000
boss
  55 21.849312 -360.576538 193.184738 0.997429 0.069999 0.015335 0.980478 0.716742 4 55 0.487309 56 0.457321 47 0.041481 48 0.013889
  55 20.646599 -358.098358 184.173904 0.927121 -0.336805 0.164341 0.973838 0.752158 3 55 0.344782 47 0.328016 48 0.327203
  55 19.814651 -345.740021 190.344421 0.582763 0.168317 0.795020 0.987119 0.752158 4 55 0.383264 47 0.371762 46 0.239415 53 0.005558
boss
  55 19.814651 -345.740021 190.344421 0.582763 0.168317 0.795020 0.987119 0.752158 4 55 0.383264 47 0.371762 46 0.239415 53 0.005558
  56 18.371567 -357.130768 196.715363 0.161586 0.533944 0.829936 0.987119 0.716742 4 56 0.471222 55 0.451761 47 0.053937 48 0.023080
  55 21.849312 -360.576538 193.184738 0.997429 0.069999 0.015335 0.980478 0.716742 4 55 0.487309 56 0.457321 47 0.041481 48 0.013889
boss
  53 22.156216 -375.239105 169.238602 0.881190 -0.470507 0.046115 0.954898 0.202945 3 53 0.368129 48 0.317794 51 0.314077
  53 20.747330 -382.661285 165.760880 0.049039 -0.252319 0.966401 0.954898 0.167529 2 53 0.501541 54 0.498459
  54 24.249292 -381.619354 161.475021 0.997204 0.030585 0.068180 0.948258 0.167529 2 54 0.582326 53 0.417674
boss
  54 24.249292 -381.619354 161.475021 0.997204 0.030585 0.068180 0.948258 0.167529 2 54 0.582326 53 0.417674
  53 21.361942 -380.506958 156.207611 0.251596 0.092805 -0.963372 0.941617 0.167529 2 53 0.508193 54 0.491807
  53 22.584658 -371.995575 155.612930 0.867349 -0.439834 -0.232920 0.941617 0.202945 3 53 0.357089 49 0.343178 48 0.299733
boss
  48 21.435362 -371.287170 181.070190 0.550455 -0.047175 0.833531 0.284126 0.995277 2 48 0.523251 51 0.476749
  51 20.151489 -381.505798 182.795181 0.098250 0.219846 0.970574 0.284126 0.959860 2 51 0.504239 52 0.495761
  52 23.627670 -385.713531 178.931213 0.994980 0.094728 0.032256 0.277486 0.959860 2 52 0.631466 51 0.368534
boss
  52 23.627670 -385.713531 178.931213 0.994980 0.094728 0.032256 0.277486 0.959860 2 52 0.631466 51 0.368534
  51 20.762766 -383.889465 173.351334 0.193332 -0.318834 -0.927883 0.270845 0.959860 2 51 0.529648 52 0.470352
  53 22.156216 -375.239105 169.238602 0.881190 -0.470507 0.046115 0.270845 0.995277 3 53 0.368129 48 0.317794 51 0.314077
boss
  55 21.849312 -360.576538 193.184738 0.997429 0.069999 0.015335 0.980478 0.716742 4 55 0.487309 56 0.457321 47 0.041481 48 0.013889
  56 30.207962 -384.348724 211.829849 0.504316 -0.672382 0.541819 0.980478 0.601638 1 56 1.000000
  56 21.236441 -375.641876 198.722519 0.078087 -0.750836 -0.655857 0.973838 0.654763 1 56 1.000000
boss
  54 11.573832 -382.886993 159.820709 -0.974041 0.223887 -0.033433 0.242336 0.110344 2 54 0.839525 48 0.160475
  54 18.158638 -401.110046 157.039642 -0.892778 -0.449306 -0.032739 0.242336 0.057219 2 54 0.974193 48 0.025807
  54 24.812956 -402.726105 162.424210 0.099525 -0.325641 0.940241 0.235695 0.057219 1 54 1.000000
boss
  51 13.283860 -382.854523 177.384781 -0.859617 0.460475 -0.221407 0.010934 0.198285 3 51 0.816577 48 0.150354 52 0.033069
  52 10.656276 -385.332733 177.913681 -0.983732 0.139416 -0.113289 0.010934 0.189431 2 52 0.827158 48 0.172842
  51 20.151489 -381.505798 182.795181 0.098250 0.219846 0.970574 0.004293 0.198285 2 51 0.504239 52 0.495761
boss
  53 14.319311 -380.432251 160.508957 -0.901357 0.433077 -0.000324 0.242336 0.119198 3 53 0.847413 48 0.147773 54 0.004814
  53 21.361942 -380.506958 156.207611 0.251596 0.092805 -0.963372 0.248977 0.119198 2 53 0.508193 54 0.491807
  54 11.573832 -382.886993 159.820709 -0.974041 0.223887 -0.033433 0.242336 0.110344 2 54 0.839525 48 0.160475
boss
  52 23.627670 -385.713531 178.931213 0.994980 0.094728 0.032256 0.277486 0.959860 2 52 0.631466 51 0.368534
  51 20.151489 -381.505798 182.795181 0.098250 0.219846 0.970574 0.284126 0.959860 2 51 0.504239 52 0.495761
  52 22.223513 -398.260773 187.264343 -0.110692 -0.034214 0.993266 0.284126 0.897881 2 52 0.977787 48 0.022213
boss
  56 7.875313 -363.264771 193.779861 -0.984726 0.048201 -0.167307 0.971691 0.357856 3 56 0.853240 48 0.112754 54 0.034006
  56 21.236441 -375.641876 198.722519 0.078087 -0.750836 -0.655857 0.978331 0.304731 1 56 1.000000
  56 15.022282 -372.503326 201.798828 -0.814241 -0.478099 0.329291 0.971691 0.304731 3 56 0.976769 48 0.018639 54 0.004592
boss
  54 24.249292 -381.619354 161.475021 0.997204 0.030585 0.068180 0.948258 0.167529 2 54 0.582326 53 0.417674
  53 20.747330 -382.661285 165.760880 0.049039 -0.252319 0.966401 0.954898 0.167529 2 53 0.501541 54 0.498459
  54 24.812956 -402.726105 162.424210 0.099525 -0.325641 0.940241 0.954898 0.105550 1 54 1.000000
boss
  52 23.627670 -385.713531 178.931213 0.994980 0.094728 0.032256 0.277486 0.959860 2 52 0.631466 51 0.368534
  52 31.809832 -409.613617 185.790741 0.600867 -0.762907 0.238604 0.277486 0.844756 2 52 0.997477 48 0.002523
  52 22.834789 -400.450378 177.773621 0.035275 -0.495435 -0.867928 0.270845 0.897881 2 52 0.993218 48 0.006782
boss
  51 13.283860 -382.854523 177.384781 -0.859617 0.460475 -0.221407 0.010934 0.198285 3 51 0.816577 48 0.150354 52 0.033069
  51 20.762766 -383.889465 173.351334 0.193332 -0.318834 -0.927883 0.017575 0.198285 2 51 0.529648 52 0.470352
  52 10.656276 -385.332733 177.913681 -0.983732 0.139416 -0.113289 0.010934 0.189431 2 52 0.827158 48 0.172842
boss
  56 7.875313 -363.264771 193.779861 -0.984726 0.048201 -0.167307 0.971691 0.357856 3 56 0.853240 48 0.112754 54 0.034006
  56 15.022282 -372.503326 201.798828 -0.814241 -0.478099 0.329291 0.971691 0.304731 3 56 0.976769 48 0.018639 54 0.004592
  56 20.551855 -368.750214 205.783676 0.001895 0.463290 0.886205 0.965050 0.304731 4 56 0.927535 47 0.056632 48 0.009550 54 0.006283
boss
  55 21.849312 -360.576538 193.184738 0.997429 0.069999 0.015335 0.980478 0.716742 4 55 0.487309 56 0.457321 47 0.041481 48 0.013889
  56 18.371567 -357.130768 196.715363 0.161586 0.533944 0.829936 0.987119 0.716742 4 56 0.471222 55 0.451761 47 0.053937 48 0.023080
  56 20.551855 -368.750214 205.783676 0.001895 0.463290 0.886205 0.987119 0.654763 4 56 0.927535 47 0.056632 48 0.009550 54 0.006283
boss
  56 21.236441 -375.641876 198.722519 0.078087 -0.750836 -0.655857 0.978331 0.304731 1 56 1.000000
  56 30.207962 -384.348724 211.829849 0.504316 -0.672382 0.541819 0.971691 0.251606 1 56 1.000000
  56 15.022282 -372.503326 201.798828 -0.814241 -0.478099 0.329291 0.971691 0.304731 3 56 0.976769 48 0.018639 54 0.004592
boss
  56 7.875313 -363.264771 193.779861 -0.984726 0.048201 -0.167307 0.971691 0.357856 3 56 0.853240 48 0.112754 54 0.034006
  56 18.371567 -357.130768 196.715363 0.161586 0.533944 0.829936 0.965050 0.366710 4 56 0.471222 55 0.451761 47 0.053937 48 0.023080
  55 10.464509 -361.068909 192.664261 -0.900913 0.283803 -0.328346 0.971691 0.366710 4 55 0.646493 56 0.304828 48 0.044600 54 0.004079
boss
  56 7.875313 -363.264771 193.779861 -0.984726 0.048201 -0.167307 0.971691 0.357856 3 56 0.853240 48 0.112754 54 0.034006
  55 10.464509 -361.068909 192.664261 -0.900913 0.283803 -0.328346 0.971691 0.366710 4 55 0.646493 56 0.304828 48 0.044600 54 0.004079
  55 19.056152 -364.022308 189.654190 0.268382 -0.601247 -0.752644 0.978331 0.366710 4 55 0.570005 56 0.423011 48 0.003564 47 0.003420
boss
  52 10.656276 -385.332733 177.913681 -0.983732 0.139416 -0.113289 0.010934 0.189431 2 52 0.827158 48 0.172842
  52 22.223513 -398.260773 187.264343 -0.110692 -0.034214 0.993266 0.004293 0.136306 2 52 0.977787 48 0.022213
  51 20.151489 -381.505798 182.795181 0.098250 0.219846 0.970574 0.004293 0.198285 2 51 0.504239 52 0.495761
boss
  52 10.656276 -385.332733 177.913681 -0.983732 0.139416 -0.113289 0.010934 0.189431 2 52 0.827158 48 0.172842
  51 20.762766 -383.889465 173.351334 0.193332 -0.318834 -0.927883 0.017575 0.198285 2 51 0.529648 52 0.470352
  52 22.834789 -400.450378 177.773621 0.035275 -0.495435 -0.867928 0.017575 0.136306 2 52 0.993218 48 0.006782
boss
  54 11.573832 -382.886993 159.820709 -0.974041 0.223887 -0.033433 0.242336 0.110344 2 54 0.839525 48 0.160475
  53 21.361942 -380.506958 156.207611 0.251596 0.092805 -0.963372 0.248977 0.119198 2 53 0.508193 54 0.491807
  54 22.793980 -401.311401 152.584488 -0.036820 -0.052021 -0.997967 0.248977 0.057219 1 54 1.000000
boss
  54 11.573832 -382.886993 159.820709 -0.974041 0.223887 -0.033433 0.242336 0.110344 2 54 0.839525 48 0.160475
  53 20.747330 -382.661285 165.760880 0.049039 -0.252319 0.966401 0.235695 0.119198 2 53 0.501541 54 0.498459
  53 14.319311 -380.432251 160.508957 -0.901357 0.433077 -0.000324 0.242336 0.119198 3 53 0.847413 48 0.147773 54 0.004814
boss
  56 15.022282 -372.503326 201.798828 -0.814241 -0.478099 0.329291 0.971691 0.304731 3 56 0.976769 48 0.018639 54 0.004592
  56 30.207962 -384.348724 211.829849 0.504316 -0.672382 0.541819 0.971691 0.251606 1 56 1.000000
  56 20.551855 -368.750214 205.783676 0.001895 0.463290 0.886205 0.965050 0.304731 4 56 0.927535 47 0.056632 48 0.009550 54 0.006283
boss
  52 22.223513 -398.260773 187.264343 -0.110692 -0.034214 0.993266 0.004293 0.136306 2 52 0.977787 48 0.022213
  52 17.751036 -399.318481 181.910690 -0.808764 -0.585006 0.060569 0.010934 0.136306 2 52 0.955037 48 0.044963
  52 31.809832 -409.613617 185.790741 0.600867 -0.762907 0.238604 0.010934 0.083181 2 52 0.997477 48 0.002523
boss
  52 17.751036 -399.318481 181.910690 -0.808764 -0.585006 0.060569 0.010934 0.136306 2 52 0.955037 48 0.044963
  52 22.834789 -400.450378 177.773621 0.035275 -0.495435 -0.867928 0.017575 0.136306 2 52 0.993218 48 0.006782
  52 31.809832 -409.613617 185.790741 0.600867 -0.762907 0.238604 0.010934 0.083181 2 52 0.997477 48 0.002523
boss
  54 24.812956 -402.726105 162.424210 0.099525 -0.325641 0.940241 0.235695 0.057219 1 54 1.000000
  54 18.158638 -401.110046 157.039642 -0.892778 -0.449306 -0.032739 0.242336 0.057219 2 54 0.974193 48 0.025807
  54 31.237896 -417.020874 154.879654 0.427453 -0.890405 -0.156407 0.242336 0.004094 1 54 1.000000
boss
  54 18.158638 -401.110046 157.039642 -0.892778 -0.449306 -0.032739 0.242336 0.057219 2 54 0.974193 48 0.025807
  54 22.793980 -401.311401 152.584488 -0.036820 -0.052021 -0.997967 0.248977 0.057219 1 54 1.000000
  54 31.237896 -417.020874 154.879654 0.427453 -0.890405 -0.156407 0.242336 0.004094 1 54 1.000000
boss
  50 23.528978 -383.112915 143.842392 0.542277 -0.547139 0.637632 0.292847 0.941751 3 50 0.616384 49 0.383317 51 0.000299
  50 18.426905 -381.732239 142.370148 -0.970434 -0.219681 -0.099987 0.297274 0.941751 3 50 0.516148 49 0.480053 51 0.003798
  50 24.753931 -392.526550 133.888031 0.203467 -0.779423 -0.592538 0.297274 0.897480 1 50 1.000000
boss
  50 18.426905 -381.732239 142.370148 -0.970434 -0.219681 -0.099987 0.297274 0.941751 3 50 0.516148 49 0.480053 51 0.003798
  50 23.507952 -380.062012 140.250671 0.495541 0.479869 -0.723992 0.301701 0.941751 3 50 0.525053 49 0.471233 51 0.003714
  50 24.753931 -392.526550 133.888031 0.203467 -0.779423 -0.592538 0.297274 0.897480 1 50 1.000000
boss
  50 23.507952 -380.062012 140.250671 0.495541 0.479869 -0.723992 0.298705 0.101089 3 50 0.525053 49 0.471233 51 0.003714
  50 23.528978 -383.112915 143.842392 0.542277 -0.547139 0.637632 0.307559 0.101089 3 50 0.616384 49 0.383317 51 0.000299
  50 24.753931 -392.526550 133.888031 0.203467 -0.779423 -0.592538 0.303132 0.056818 1 50 1.000000
boss
  46 21.664289 -345.144470 153.094147 0.697530 -0.002349 -0.716552 0.625716 0.815714 3 46 0.418779 47 0.370429 48 0.210791
  47 8.492720 -350.108673 153.637894 -0.660383 -0.135945 -0.738521 0.628815 0.792164 3 47 0.513330 46 0.461280 53 0.025391
  46 21.463871 -313.387848 151.638779 0.547088 0.006166 -0.837053 0.595612 0.816216 1 46 1.000000
boss
  46 21.664289 -345.144470 153.094147 0.697530 -0.002349 -0.716552 0.635422 0.995370 3 46 0.418779 47 0.370429 48 0.210791
  46 21.463871 -313.387848 151.638779 0.547088 0.006166 -0.837053 0.604432 0.995555 1 46 1.000000
  46 24.096756 -312.667664 171.668961 0.998763 -0.030976 0.038897 0.604432 0.924444 1 46 1.000000
boss
  55 19.814651 -345.740021 190.344421 0.582763 0.168317 0.795020 0.635422 0.844756 4 55 0.383264 47 0.371762 46 0.239415 53 0.005558
  46 21.473684 -339.804230 169.980286 0.996921 -0.065529 0.043060 0.628781 0.924444 2 46 0.500582 47 0.499418
  46 24.096756 -312.667664 171.668961 0.998763 -0.030976 0.038897 0.604432 0.924444 1 46 1.000000
boss
  46 5.354297 -314.440399 182.987900 -0.745627 0.005268 0.666343 0.595612 0.677060 3 46 0.949563 48 0.037779 54 0.012659
  47 6.853824 -348.640594 184.756485 -0.818478 -0.156236 0.552888 0.628815 0.677060 4 47 0.448023 55 0.322953 48 0.227412 53 0.001613
  46 19.634308 -313.976959 192.965042 0.366455 -0.009956 0.930383 0.595612 0.641366 3 46 0.954510 48 0.039470 54 0.006020
boss
  47 2.887037 -347.738647 167.235199 -0.968130 -0.236611 -0.082094 0.626601 0.739040 2 47 0.980463 53 0.019537
  47 6.853824 -348.640594 184.756485 -0.818478 -0.156236 0.552888 0.628815 0.677060 4 47 0.448023 55 0.322953 48 0.227412 53 0.001613
  46 -2.251876 -313.609222 169.235977 -0.998873 -0.022373 -0.041860 0.595612 0.730185 2 46 0.970808 48 0.029192
boss
  47 2.887037 -347.738647 167.235199 -0.968130 -0.236611 -0.082094 0.626601 0.739040 2 47 0.980463 53 0.019537
  46 -2.251876 -313.609222 169.235977 -0.998873 -0.022373 -0.041860 0.595612 0.730185 2 46 0.970808 48 0.029192
  47 8.492720 -350.108673 153.637894 -0.660383 -0.135945 -0.738521 0.628815 0.792164 3 47 0.513330 46 0.461280 53 0.025391
boss
  50 18.426905 -381.732239 142.370148 -0.970434 -0.219681 -0.099987 0.297274 0.941751 3 50 0.516148 49 0.480053 51 0.003798
  48 16.977398 -369.072449 151.996292 -0.752198 -0.348982 -0.558937 0.297274 0.994876 2 48 0.549903 49 0.450097
  50 23.507952 -380.062012 140.250671 0.495541 0.479869 -0.723992 0.301701 0.941751 3 50 0.525053 49 0.471233 51 0.003714
boss
  53 22.584658 -371.995575 155.612930 0.867349 -0.439834 -0.232920 0.292847 0.994876 3 53 0.357089 49 0.343178 48 0.299733
  48 16.977398 -369.072449 151.996292 -0.752198 -0.348982 -0.558937 0.297274 0.994876 2 48 0.549903 49 0.450097
  50 23.528978 -383.112915 143.842392 0.542277 -0.547139 0.637632 0.292847 0.941751 3 50 0.616384 49 0.383317 51 0.000299
boss
  53 14.319311 -380.432251 160.508957 -0.901357 0.433077 -0.000324 0.242336 0.119198 3 53 0.847413 48 0.147773 54 0.004814
  53 13.541458 -372.490173 162.117905 -0.853345 -0.476647 -0.211209 0.242336 0.154615 2 53 0.530927 48 0.469073
  53 21.361942 -380.506958 156.207611 0.251596 0.092805 -0.963372 0.248977 0.119198 2 53 0.508193 54 0.491807
boss
  53 14.319311 -380.432251 160.508957 -0.901357 0.433077 -0.000324 0.242336 0.119198 3 53 0.847413 48 0.147773 54 0.004814
  53 20.747330 -382.661285 165.760880 0.049039 -0.252319 0.966401 0.235695 0.119198 2 53 0.501541 54 0.498459
  53 13.541458 -372.490173 162.117905 -0.853345 -0.476647 -0.211209 0.242336 0.154615 2 53 0.530927 48 0.469073
boss
  54 18.158638 -401.110046 157.039642 -0.892778 -0.449306 -0.032739 0.242336 0.057219 2 54 0.974193 48 0.025807
  54 11.573832 -382.886993 159.820709 -0.974041 0.223887 -0.033433 0.242336 0.110344 2 54 0.839525 48 0.160475
  54 22.793980 -401.311401 152.584488 -0.036820 -0.052021 -0.997967 0.248977 0.057219 1 54 1.000000
boss
  53 20.747330 -382.661285 165.760880 0.049039 -0.252319 0.966401 0.235695 0.119198 2 53 0.501541 54 0.498459
  54 11.573832 -382.886993 159.820709 -0.974041 0.223887 -0.033433 0.242336 0.110344 2 54 0.839525 48 0.160475
  54 24.812956 -402.726105 162.424210 0.099525 -0.325641 0.940241 0.235695 0.057219 1 54 1.000000
boss
  52 17.751036 -399.318481 181.910690 -0.808764 -0.585006 0.060569 0.010934 0.136306 2 52 0.955037 48 0.044963
  52 10.656276 -385.332733 177.913681 -0.983732 0.139416 -0.113289 0.010934 0.189431 2 52 0.827158 48 0.172842
  52 22.834789 -400.450378 177.773621 0.035275 -0.495435 -0.867928 0.017575 0.136306 2 52 0.993218 48 0.006782
boss
  52 17.751036 -399.318481 181.910690 -0.808764 -0.585006 0.060569 0.010934 0.136306 2 52 0.955037 48 0.044963
  52 22.223513 -398.260773 187.264343 -0.110692 -0.034214 0.993266 0.004293 0.136306 2 52 0.977787 48 0.022213
  52 10.656276 -385.332733 177.913681 -0.983732 0.139416 -0.113289 0.010934 0.189431 2 52 0.827158 48 0.172842
boss
  53 22.156216 -375.239105 169.238602 0.881190 -0.470507 0.046115 0.017575 0.233701 3 53 0.368129 48 0.317794 51 0.314077
  51 20.762766 -383.889465 173.351334 0.193332 -0.318834 -0.927883 0.017575 0.198285 2 51 0.529648 52 0.470352
  48 13.449548 -373.561005 175.309921 -0.873662 -0.436980 0.213925 0.010934 0.233701 2 48 0.510836 51 0.489164
boss
  51 13.283860 -382.854523 177.384781 -0.859617 0.460475 -0.221407 0.010934 0.198285 3 51 0.816577 48 0.150354 52 0.033069
  51 20.151489 -381.505798 182.795181 0.098250 0.219846 0.970574 0.004293 0.198285 2 51 0.504239 52 0.495761
  48 13.449548 -373.561005 175.309921 -0.873662 -0.436980 0.213925 0.010934 0.233701 2 48 0.510836 51 0.489164
boss
  55 19.056152 -364.022308 189.654190 0.268382 -0.601247 -0.752644 0.978331 0.366710 4 55 0.570005 56 0.423011 48 0.003564 47 0.003420
  56 21.236441 -375.641876 198.722519 0.078087 -0.750836 -0.655857 0.978331 0.304731 1 56 1.000000
  56 7.875313 -363.264771 193.779861 -0.984726 0.048201 -0.167307 0.971691 0.357856 3 56 0.853240 48 0.112754 54 0.034006
boss
  56 18.371567 -357.130768 196.715363 0.161586 0.533944 0.829936 0.965050 0.366710 4 56 0.471222 55 0.451761 47 0.053937 48 0.023080
  56 7.875313 -363.264771 193.779861 -0.984726 0.048201 -0.167307 0.971691 0.357856 3 56 0.853240 48 0.112754 54 0.034006
  56 20.551855 -368.750214 205.783676 0.001895 0.463290 0.886205 0.965050 0.304731 4 56 0.927535 47 0.056632 48 0.009550 54 0.006283
boss
  55 20.646599 -358.098358 184.173904 0.927121 -0.336805 0.164341 0.978331 0.384418 3 55 0.344782 47 0.328016 48 0.327203
  55 19.056152 -364.022308 189.654190 0.268382 -0.601247 -0.752644 0.978331 0.366710 4 55 0.570005 56 0.423011 48 0.003564 47 0.003420
  47 6.853824 -348.640594 184.756485 -0.818478 -0.156236 0.552888 0.971691 0.402127 4 47 0.448023 55 0.322953 48 0.227412 53 0.001613
boss
  55 19.814651 -345.740021 190.344421 0.582763 0.168317 0.795020 0.965050 0.402127 4 55 0.383264 47 0.371762 46 0.239415 53 0.005558
  47 6.853824 -348.640594 184.756485 -0.818478 -0.156236 0.552888 0.971691 0.402127 4 47 0.448023 55 0.322953 48 0.227412 53 0.001613
  56 18.371567 -357.130768 196.715363 0.161586 0.533944 0.829936 0.965050 0.366710 4 56 0.471222 55 0.451761 47 0.053937 48 0.023080
boss
  56 30.207962 -384.348724 211.829849 0.504316 -0.672382 0.541819 0.980478 0.601638 1 56 1.000000
  55 21.849312 -360.576538 193.184738 0.997429 0.069999 0.015335 0.980478 0.716742 4 55 0.487309 56 0.457321 47 0.041481 48 0.013889
  56 20.551855 -368.750214 205.783676 0.001895 0.463290 0.886205 0.987119 0.654763 4 56 0.927535 47 0.056632 48 0.009550 54 0.006283
boss
  55 19.056152 -364.022308 189.654190 0.268382 -0.601247 -0.752644 0.973838 0.716742 4 55 0.570005 56 0.423011 48 0.003564 47 0.003420
  55 21.849312 -360.576538 193.184738 0.997429 0.069999 0.015335 0.980478 0.716742 4 55 0.487309 56 0.457321 47 0.041481 48 0.013889
  56 21.236441 -375.641876 198.722519 0.078087 -0.750836 -0.655857 0.973838 0.654763 1 56 1.000000
boss
  52 31.809832 -409.613617 185.790741 0.600867 -0.762907 0.238604 0.277486 0.844756 2 52 0.997477 48 0.002523
  52 23.627670 -385.713531 178.931213 0.994980 0.094728 0.032256 0.277486 0.959860 2 52 0.631466 51 0.368534
  52 22.223513 -398.260773 187.264343 -0.110692 -0.034214 0.993266 0.284126 0.897881 2 52 0.977787 48 0.022213
boss
  51 20.762766 -383.889465 173.351334 0.193332 -0.318834 -0.927883 0.270845 0.959860 2 51 0.529648 52 0.470352
  52 23.627670 -385.713531 178.931213 0.994980 0.094728 0.032256 0.277486 0.959860 2 52 0.631466 51 0.368534
  52 22.834789 -400.450378 177.773621 0.035275 -0.495435 -0.867928 0.270845 0.897881 2 52 0.993218 48 0.006782
boss
  54 31.237896 -417.020874 154.879654 0.427453 -0.890405 -0.156407 0.948258 0.052425 1 54 1.000000
  54 24.249292 -381.619354 161.475021 0.997204 0.030585 0.068180 0.948258 0.167529 2 54 0.582326 53 0.417674
  54 24.812956 -402.726105 162.424210 0.099525 -0.325641 0.940241 0.954898 0.105550 1 54 1.000000
boss
  53 21.361942 -380.506958 156.207611 0.251596 0.092805 -0.963372 0.941617 0.167529 2 53 0.508193 54 0.491807
  54 24.249292 -381.619354 161.475021 0.997204 0.030585 0.068180 0.948258 0.167529 2 54 0.582326 53 0.417674
  54 22.793980 -401.311401 152.584488 -0.036820 -0.052021 -0.997967 0.941617 0.105550 1 54 1.000000
boss
  50 23.507952 -380.062012 140.250671 0.495541 0.479869 -0.723992 0.298705 0.101089 3 50 0.525053 49 0.471233 51 0.003714
  49 22.530985 -367.052582 148.197983 0.576798 0.272854 -0.769971 0.298705 0.154214 4 49 0.517879 48 0.427004 51 0.040402 53 0.014715
  50 23.528978 -383.112915 143.842392 0.542277 -0.547139 0.637632 0.307559 0.101089 3 50 0.616384 49 0.383317 51 0.000299
boss
  46 2.346530 -195.062607 176.526611 -0.905689 -0.042823 0.421775 0.484935 0.703623 2 46 0.993540 55 0.006460
  46 0.525002 -180.783203 176.526611 -0.916152 -0.005206 0.400798 0.471653 0.703623 3 46 0.501263 45 0.495702 74 0.003034
  46 2.148553 -195.062607 163.762772 -0.899081 -0.053794 -0.434465 0.484935 0.747894 2 46 0.994499 55 0.005501
boss
  45 2.346528 -165.166061 176.526611 -0.906546 0.054293 0.418601 0.458372 0.703623 2 45 0.979382 47 0.020618
  45 2.148551 -165.166061 163.762772 -0.894085 0.065539 -0.443077 0.458372 0.747894 2 45 0.973743 74 0.026257
  46 0.525002 -180.783203 176.526611 -0.916152 -0.005206 0.400798 0.471653 0.703623 3 46 0.501263 45 0.495702 74 0.003034
boss
  45 2.346528 -165.166061 176.526611 -0.906546 0.054293 0.418601 0.458372 0.703623 2 45 0.979382 47 0.020618
  45 2.346523 -100.355026 176.526611 -0.909639 0.002258 0.415393 0.396393 0.703622 2 45 0.948793 9 0.051207
  45 2.148551 -165.166061 163.762772 -0.894085 0.065539 -0.443077 0.458372 0.747894 2 45 0.973743 74 0.026257
boss
  45 14.621160 -165.166061 187.557114 0.012104 0.053749 0.998481 0.458372 0.641366 2 45 0.976899 74 0.023101
  45 14.621155 -100.355026 187.557114 0.011438 0.004372 0.999925 0.396393 0.641366 1 45 1.000000
  45 2.346528 -165.166061 176.526611 -0.906546 0.054293 0.418601 0.458372 0.703623 2 45 0.979382 47 0.020618
boss
  45 2.148551 -165.166061 163.762772 -0.894085 0.065539 -0.443077 0.458372 0.747894 2 45 0.973743 74 0.026257
  45 2.148546 -100.355026 163.762772 -0.901466 -0.035260 -0.431412 0.396393 0.747894 3 45 0.921258 9 0.056191 46 0.022550
  45 14.957870 -165.166061 154.465652 0.060628 0.076794 -0.995202 0.458372 0.820643 2 45 0.967492 74 0.032508
boss
  45 14.957870 -165.166061 154.465652 0.060628 0.076794 -0.995202 0.467193 0.995555 2 45 0.967492 74 0.032508
  45 14.464691 -100.355026 154.465652 0.021866 -0.045010 -0.998747 0.405214 0.995555 1 45 1.000000
  45 25.905903 -165.166061 164.077927 0.911481 0.011966 -0.411168 0.467193 0.951006 2 45 0.972734 74 0.027266
boss
  45 25.905903 -165.166061 164.077927 0.911481 0.011966 -0.411168 0.467193 0.951006 2 45 0.972734 74 0.027266
  45 25.905897 -100.355026 164.077927 0.907391 -0.040937 -0.418290 0.405214 0.951006 1 45 1.000000
  45 26.103878 -165.166061 176.841782 0.923433 0.008924 0.383656 0.467193 0.906736 2 45 0.977663 74 0.022337
boss
  45 26.103878 -165.166061 176.841782 0.923433 0.008924 0.383656 0.467193 0.906736 2 45 0.977663 74 0.022337
  45 26.103874 -100.355026 176.841782 0.918494 0.007211 0.395370 0.405214 0.906735 1 45 1.000000
  45 14.621160 -165.166061 187.557114 0.012104 0.053749 0.998481 0.467193 0.853610 2 45 0.976899 74 0.023101
boss
  45 27.947136 -80.114883 163.274658 0.906683 -0.075851 -0.414936 0.387505 0.951006 3 45 0.957043 44 0.039896 10 0.003061
  45 26.103872 -88.340088 176.406982 0.908632 -0.071634 0.411407 0.394146 0.906736 1 45 1.000000
  45 25.905897 -100.355026 164.077927 0.907391 -0.040937 -0.418290 0.405214 0.951006 1 45 1.000000
boss
  45 26.103874 -100.355026 176.841782 0.918494 0.007211 0.395370 0.405214 0.906735 1 45 1.000000
  45 26.103872 -88.340088 176.406982 0.908632 -0.071634 0.411407 0.394146 0.906736 1 45 1.000000
  45 14.621155 -100.355026 187.557114 0.011438 0.004372 0.999925 0.405214 0.853610 1 45 1.000000
boss
  45 27.947136 -80.114883 163.274658 0.906683 -0.075851 -0.414936 0.387505 0.951006 3 45 0.957043 44 0.039896 10 0.003061
  44 28.307043 -57.638580 163.116669 0.876318 -0.391537 -0.280650 0.367584 0.951006 3 44 0.665847 45 0.282429 10 0.051724
  44 28.177406 -71.830475 177.268158 0.916275 -0.084874 0.391454 0.378651 0.906736 3 44 0.574430 45 0.412008 75 0.013562
boss
  44 28.537315 -57.638580 177.962662 0.884227 -0.305908 0.352936 0.367584 0.906735 2 44 0.648748 45 0.351252
  44 15.181458 -57.638580 191.900116 -0.034343 -0.339086 0.940128 0.367584 0.853610 4 44 0.490746 10 0.252190 45 0.250737 11 0.006328
  44 28.177406 -71.830475 177.268158 0.916275 -0.084874 0.391454 0.378651 0.906736 3 44 0.574430 45 0.412008 75 0.013562
boss
  44 28.177406 -71.830475 177.268158 0.916275 -0.084874 0.391454 0.378651 0.906736 3 44 0.574430 45 0.412008 75 0.013562
  44 14.821549 -68.033325 190.264496 0.006097 -0.148791 0.988850 0.376438 0.853610 3 44 0.558523 45 0.432334 9 0.009143
  45 26.103872 -88.340088 176.406982 0.908632 -0.071634 0.411407 0.394146 0.906736 1 45 1.000000
boss
  45 14.621154 -90.069908 187.571747 0.014845 -0.058884 0.998154 0.387539 0.641643 1 45 1.000000
  44 14.821549 -68.033325 190.264496 0.006097 -0.148791 0.988850 0.367617 0.641643 3 44 0.558523 45 0.432334 9 0.009143
  45 2.346522 -88.236702 176.395157 -0.896683 -0.066409 0.437664 0.385325 0.703623 3 45 0.911077 9 0.058554 46 0.030368
boss
  44 14.821549 -68.033325 190.264496 0.006097 -0.148791 0.988850 0.367617 0.641643 3 44 0.558523 45 0.432334 9 0.009143
  44 15.181458 -57.638580 191.900116 -0.034343 -0.339086 0.940128 0.358763 0.641366 4 44 0.490746 10 0.252190 45 0.250737 11 0.006328
  44 0.544599 -71.740730 177.254883 -0.908465 -0.052120 0.414698 0.369830 0.703623 4 44 0.555843 45 0.399551 9 0.037575 46 0.007032
boss
  45 14.621154 -90.069908 187.571747 0.014845 -0.058884 0.998154 0.387539 0.641643 1 45 1.000000
  45 2.346522 -88.236702 176.395157 -0.896683 -0.066409 0.437664 0.385325 0.703623 3 45 0.911077 9 0.058554 46 0.030368
  45 14.621155 -100.355026 187.557114 0.011438 0.004372 0.999925 0.396393 0.641366 1 45 1.000000
boss
  45 2.346523 -100.355026 176.526611 -0.909639 0.002258 0.415393 0.396393 0.703622 2 45 0.948793 9 0.051207
  45 2.346522 -88.236702 176.395157 -0.896683 -0.066409 0.437664 0.385325 0.703623 3 45 0.911077 9 0.058554 46 0.030368
  45 2.148546 -100.355026 163.762772 -0.901466 -0.035260 -0.431412 0.396393 0.747894 3 45 0.921258 9 0.056191 46 0.022550
boss
  44 0.904507 -57.638584 177.596069 -0.902457 -0.174089 0.394035 0.358763 0.703622 2 44 0.620399 45 0.379601
  44 0.674235 -57.638584 162.750107 -0.905496 -0.321146 -0.277385 0.358763 0.756748 3 44 0.602350 45 0.386187 10 0.011463
  44 0.544599 -71.740730 177.254883 -0.908465 -0.052120 0.414698 0.369830 0.703623 4 44 0.555843 45 0.399551 9 0.037575 46 0.007032
boss
  45 25.905903 -165.166061 164.077927 0.911481 0.011966 -0.411168 0.467193 0.951006 2 45 0.972734 74 0.027266
  45 26.103878 -165.166061 176.841782 0.923433 0.008924 0.383656 0.467193 0.906736 2 45 0.977663 74 0.022337
  46 25.905905 -195.062607 164.077927 0.914409 -0.005919 -0.404749 0.493755 0.951006 1 46 1.000000
boss
  48 13.449548 -373.561005 175.309921 -0.873662 -0.436980 0.213925 0.650950 0.712477 2 48 0.510836 51 0.489164
  47 2.887037 -347.738647 167.235199 -0.968130 -0.236611 -0.082094 0.626601 0.739040 2 47 0.980463 53 0.019537
  53 13.541458 -372.490173 162.117905 -0.853345 -0.476647 -0.211209 0.650950 0.756748 2 53 0.530927 48 0.469073
boss
  48 21.435362 -371.287170 181.070190 0.550455 -0.047175 0.833531 0.650950 0.677060 2 48 0.523251 51 0.476749
  47 6.853824 -348.640594 184.756485 -0.818478 -0.156236 0.552888 0.628815 0.677060 4 47 0.448023 55 0.322953 48 0.227412 53 0.001613
  48 13.449548 -373.561005 175.309921 -0.873662 -0.436980 0.213925 0.650950 0.712477 2 48 0.510836 51 0.489164
boss
  8 47.430981 -34.130852 90.714348 0.722074 -0.615455 -0.315951 0.698027 0.995172 4 8 0.662951 7 0.207364 74 0.121610 10 0.008075
  9 50.089001 -18.778183 104.060051 0.972802 0.209806 -0.098173 0.711308 0.995172 4 9 0.384065 8 0.357748 74 0.208720 7 0.049467
  74 68.385689 -25.131977 104.369980 0.150676 0.987260 -0.051139 0.711308 0.924339 4 74 0.636988 75 0.286355 9 0.047531 7 0.029126
boss
  74 65.532135 -30.761835 96.995667 0.021476 0.008233 -0.999735 0.704668 0.933193 4 74 0.786014 75 0.110482 10 0.052227 9 0.051277
  74 68.385689 -25.131977 104.369980 0.150676 0.987260 -0.051139 0.711308 0.924339 4 74 0.636988 75 0.286355 9 0.047531 7 0.029126
  75 70.183479 -30.761835 94.932045 -0.157806 -0.049874 -0.986210 0.704668 0.915484 4 75 0.821416 10 0.073418 9 0.062203 7 0.042963
boss
  74 67.311035 -30.609659 112.173477 0.520687 -0.086038 0.849401 0.776896 0.290051 4 74 0.598372 75 0.321795 9 0.050293 44 0.029541
  9 46.926525 -30.869059 133.206345 0.897089 -0.416842 0.146537 0.793796 0.217921 4 9 0.474581 74 0.278106 44 0.169115 8 0.078199
  74 67.434273 -35.037647 104.369980 0.154612 -0.987923 -0.010123 0.767233 0.288754 4 74 0.553340 75 0.385727 9 0.037625 7 0.023308
boss
  9 46.926525 -30.869059 133.206345 0.897089 -0.416842 0.146537 0.738142 0.995852 4 9 0.474581 74 0.278106 44 0.169115 8 0.078199
  74 67.311035 -30.609659 112.173477 0.520687 -0.086038 0.849401 0.720163 0.924339 4 74 0.598372 75 0.321795 9 0.050293 44 0.029541
  74 68.385689 -25.131977 104.369980 0.150676 0.987260 -0.051139 0.711308 0.924339 4 74 0.636988 75 0.286355 9 0.047531 7 0.029126
boss
  74 65.532135 -30.761835 96.995667 0.021476 0.008233 -0.999735 0.760593 0.279900 4 74 0.786014 75 0.110482 10 0.052227 9 0.051277
  74 67.434273 -35.037647 104.369980 0.154612 -0.987923 -0.010123 0.767233 0.288754 4 74 0.553340 75 0.385727 9 0.037625 7 0.023308
  8 47.430981 -34.130852 90.714348 0.722074 -0.615455 -0.315951 0.754166 0.217921 4 8 0.662951 7 0.207364 74 0.121610 10 0.008075
boss
  74 68.385689 -25.131977 104.369980 0.150676 0.987260 -0.051139 0.711308 0.924339 4 74 0.636988 75 0.286355 9 0.047531 7 0.029126
  76 117.863335 -30.609655 110.908928 -0.105639 -0.051209 0.993085 0.717949 0.729547 4 76 0.493863 75 0.437015 8 0.049188 10 0.019933
  75 122.116478 -25.131973 104.369980 0.010598 0.994900 -0.100303 0.709095 0.711839 4 75 0.557118 76 0.355763 8 0.063484 10 0.023634
boss
  74 67.434273 -35.037647 104.369980 0.154612 -0.987923 -0.010123 0.767233 0.288754 4 74 0.553340 75 0.385727 9 0.037625 7 0.023308
  76 117.863335 -30.609655 110.908928 -0.105639 -0.051209 0.993085 0.773874 0.483546 4 76 0.493863 75 0.437015 8 0.049188 10 0.019933
  74 67.311035 -30.609659 112.173477 0.520687 -0.086038 0.849401 0.776896 0.290051 4 74 0.598372 75 0.321795 9 0.050293 44 0.029541
boss
  74 67.434273 -35.037647 104.369980 0.154612 -0.987923 -0.010123 0.767233 0.288754 4 74 0.553340 75 0.385727 9 0.037625 7 0.023308
  74 65.532135 -30.761835 96.995667 0.021476 0.008233 -0.999735 0.760593 0.279900 4 74 0.786014 75 0.110482 10 0.052227 9 0.051277
  75 70.183479 -30.761835 94.932045 -0.157806 -0.049874 -0.986210 0.760593 0.297609 4 75 0.821416 10 0.073418 9 0.062203 7 0.042963
boss
  76 123.264091 -30.609655 112.445610 -0.090029 -0.041425 0.995077 0.773874 0.510108 4 76 0.872518 8 0.080466 10 0.029242 75 0.017774
  77 162.875107 -34.059162 104.369980 0.044541 -0.998176 -0.040754 0.765020 0.660630 4 77 0.485693 76 0.462273 8 0.045456 10 0.006578
  77 162.657883 -30.609652 110.382835 0.126136 -0.060155 0.990187 0.771660 0.660630 4 77 0.499346 76 0.462221 8 0.033271 10 0.005163
boss
  76 121.948441 -30.761831 99.542915 0.052708 -0.074221 -0.995848 0.760593 0.501254 4 76 0.621934 75 0.298911 8 0.057908 10 0.021247
  77 162.875107 -34.059162 104.369980 0.044541 -0.998176 -0.040754 0.765020 0.660630 4 77 0.485693 76 0.462273 8 0.045456 10 0.006578
  76 121.165054 -35.037643 104.369980 0.009948 -0.996769 -0.079705 0.765020 0.501254 4 76 0.572341 75 0.353966 8 0.053793 10 0.019900
boss
  75 122.116478 -25.131973 104.369980 0.010598 0.994900 -0.100303 0.709095 0.711839 4 75 0.557118 76 0.355763 8 0.063484 10 0.023634
  77 162.657883 -30.609652 110.382835 0.126136 -0.060155 0.990187 0.715735 0.552464 4 77 0.499346 76 0.462221 8 0.033271 10 0.005163
  77 163.638565 -26.110453 104.369980 0.054288 0.997139 -0.052598 0.709095 0.552464 4 77 0.608538 76 0.344109 8 0.041230 10 0.006123
boss
  75 122.116478 -25.131973 104.369980 0.010598 0.994900 -0.100303 0.709095 0.711839 4 75 0.557118 76 0.355763 8 0.063484 10 0.023634
  77 163.564499 -30.761827 99.940399 -0.012371 -0.088681 -0.995983 0.704668 0.552464 4 77 0.514133 76 0.446199 8 0.034768 10 0.004900
  76 121.948441 -30.761831 99.542915 0.052708 -0.074221 -0.995848 0.704668 0.711839 4 76 0.621934 75 0.298911 8 0.057908 10 0.021247
boss
  77 162.875107 -34.059162 104.369980 0.044541 -0.998176 -0.040754 0.765020 0.660630 4 77 0.485693 76 0.462273 8 0.045456 10 0.006578
  77 163.564499 -30.761827 99.940399 -0.012371 -0.088681 -0.995983 0.760593 0.660630 4 77 0.514133 76 0.446199 8 0.034768 10 0.004900
  77 215.243225 -30.373774 97.879570 0.991230 -0.002032 -0.132133 0.760593 0.855421 3 77 0.945301 8 0.050110 76 0.004588
boss
  77 163.638565 -26.110453 104.369980 0.054288 0.997139 -0.052598 0.709095 0.552464 4 77 0.608538 76 0.344109 8 0.041230 10 0.006123
  77 162.657883 -30.609652 110.382835 0.126136 -0.060155 0.990187 0.715735 0.552464 4 77 0.499346 76 0.462221 8 0.033271 10 0.005163
  77 215.243225 -30.373774 97.879570 0.991230 -0.002032 -0.132133 0.704344 0.357055 3 77 0.945301 8 0.050110 76 0.004588
boss
  77 163.564499 -30.761827 99.940399 -0.012371 -0.088681 -0.995983 0.704668 0.552464 4 77 0.514133 76 0.446199 8 0.034768 10 0.004900
  77 163.638565 -26.110453 104.369980 0.054288 0.997139 -0.052598 0.709095 0.552464 4 77 0.608538 76 0.344109 8 0.041230 10 0.006123
  77 215.243225 -30.373774 97.879570 0.991230 -0.002032 -0.132133 0.704344 0.357055 3 77 0.945301 8 0.050110 76 0.004588
boss
  77 162.657883 -30.609652 110.382835 0.126136 -0.060155 0.990187 0.771660 0.660630 4 77 0.499346 76 0.462221 8 0.033271 10 0.005163
  77 162.875107 -34.059162 104.369980 0.044541 -0.998176 -0.040754 0.765020 0.660630 4 77 0.485693 76 0.462273 8 0.045456 10 0.006578
  77 215.243225 -30.373774 97.879570 0.991230 -0.002032 -0.132133 0.760593 0.855421 3 77 0.945301 8 0.050110 76 0.004588
boss
  75 122.116478 -25.131973 104.369980 0.010598 0.994900 -0.100303 0.709095 0.711839 4 75 0.557118 76 0.355763 8 0.063484 10 0.023634
  76 117.863335 -30.609655 110.908928 -0.105639 -0.051209 0.993085 0.717949 0.729547 4 76 0.493863 75 0.437015 8 0.049188 10 0.019933
  76 123.264091 -30.609655 112.445610 -0.090029 -0.041425 0.995077 0.717949 0.702984 4 76 0.872518 8 0.080466 10 0.029242 75 0.017774
boss
  76 117.863335 -30.609655 110.908928 -0.105639 -0.051209 0.993085 0.773874 0.483546 4 76 0.493863 75 0.437015 8 0.049188 10 0.019933
  76 121.165054 -35.037643 104.369980 0.009948 -0.996769 -0.079705 0.765020 0.501254 4 76 0.572341 75 0.353966 8 0.053793 10 0.019900
  76 123.264091 -30.609655 112.445610 -0.090029 -0.041425 0.995077 0.773874 0.510108 4 76 0.872518 8 0.080466 10 0.029242 75 0.017774
boss
  75 70.183479 -30.761835 94.932045 -0.157806 -0.049874 -0.986210 0.704668 0.915484 4 75 0.821416 10 0.073418 9 0.062203 7 0.042963
  75 122.116478 -25.131973 104.369980 0.010598 0.994900 -0.100303 0.709095 0.711839 4 75 0.557118 76 0.355763 8 0.063484 10 0.023634
  76 121.948441 -30.761831 99.542915 0.052708 -0.074221 -0.995848 0.704668 0.711839 4 76 0.621934 75 0.298911 8 0.057908 10 0.021247
boss
  75 70.183479 -30.761835 94.932045 -0.157806 -0.049874 -0.986210 0.760593 0.297609 4 75 0.821416 10 0.073418 9 0.062203 7 0.042963
  76 121.165054 -35.037643 104.369980 0.009948 -0.996769 -0.079705 0.765020 0.501254 4 76 0.572341 75 0.353966 8 0.053793 10 0.019900
  74 67.434273 -35.037647 104.369980 0.154612 -0.987923 -0.010123 0.767233 0.288754 4 74 0.553340 75 0.385727 9 0.037625 7 0.023308
boss
  9 46.926525 -30.869059 133.206345 0.897089 -0.416842 0.146537 0.793796 0.217921 4 9 0.474581 74 0.278106 44 0.169115 8 0.078199
  9 39.421566 -41.911541 104.060051 0.384562 -0.921398 -0.056017 0.767233 0.217921 3 9 0.772900 74 0.190171 10 0.036930
  74 67.434273 -35.037647 104.369980 0.154612 -0.987923 -0.010123 0.767233 0.288754 4 74 0.553340 75 0.385727 9 0.037625 7 0.023308
boss
  9 50.089001 -18.778183 104.060051 0.972802 0.209806 -0.098173 0.711308 0.995172 4 9 0.384065 8 0.357748 74 0.208720 7 0.049467
  9 46.926525 -30.869059 133.206345 0.897089 -0.416842 0.146537 0.738142 0.995852 4 9 0.474581 74 0.278106 44 0.169115 8 0.078199
  74 68.385689 -25.131977 104.369980 0.150676 0.987260 -0.051139 0.711308 0.924339 4 74 0.636988 75 0.286355 9 0.047531 7 0.029126
boss
  74 67.434273 -35.037647 104.369980 0.154612 -0.987923 -0.010123 0.767233 0.288754 4 74 0.553340 75 0.385727 9 0.037625 7 0.023308
  9 39.421566 -41.911541 104.060051 0.384562 -0.921398 -0.056017 0.767233 0.217921 3 9 0.772900 74 0.190171 10 0.036930
  8 47.430981 -34.130852 90.714348 0.722074 -0.615455 -0.315951 0.754166 0.217921 4 8 0.662951 7 0.207364 74 0.121610 10 0.008075
boss
  74 65.532135 -30.761835 96.995667 0.021476 0.008233 -0.999735 0.704668 0.933193 4 74 0.786014 75 0.110482 10 0.052227 9 0.051277
  8 47.430981 -34.130852 90.714348 0.722074 -0.615455 -0.315951 0.698027 0.995172 4 8 0.662951 7 0.207364 74 0.121610 10 0.008075
  74 68.385689 -25.131977 104.369980 0.150676 0.987260 -0.051139 0.711308 0.924339 4 74 0.636988 75 0.286355 9 0.047531 7 0.029126
boss
  74 68.385689 -25.131977 104.369980 0.150676 0.987260 -0.051139 0.711308 0.924339 4 74 0.636988 75 0.286355 9 0.047531 7 0.029126
  74 67.311035 -30.609659 112.173477 0.520687 -0.086038 0.849401 0.720163 0.924339 4 74 0.598372 75 0.321795 9 0.050293 44 0.029541
  76 117.863335 -30.609655 110.908928 -0.105639 -0.051209 0.993085 0.717949 0.729547 4 76 0.493863 75 0.437015 8 0.049188 10 0.019933
boss
  74 67.434273 -35.037647 104.369980 0.154612 -0.987923 -0.010123 0.767233 0.288754 4 74 0.553340 75 0.385727 9 0.037625 7 0.023308
  76 121.165054 -35.037643 104.369980 0.009948 -0.996769 -0.079705 0.765020 0.501254 4 76 0.572341 75 0.353966 8 0.053793 10 0.019900
  76 117.863335 -30.609655 110.908928 -0.105639 -0.051209 0.993085 0.773874 0.483546 4 76 0.493863 75 0.437015 8 0.049188 10 0.019933
boss
  76 123.264091 -30.609655 112.445610 -0.090029 -0.041425 0.995077 0.773874 0.510108 4 76 0.872518 8 0.080466 10 0.029242 75 0.017774
  76 121.165054 -35.037643 104.369980 0.009948 -0.996769 -0.079705 0.765020 0.501254 4 76 0.572341 75 0.353966 8 0.053793 10 0.019900
  77 162.875107 -34.059162 104.369980 0.044541 -0.998176 -0.040754 0.765020 0.660630 4 77 0.485693 76 0.462273 8 0.045456 10 0.006578
boss
  76 121.948441 -30.761831 99.542915 0.052708 -0.074221 -0.995848 0.760593 0.501254 4 76 0.621934 75 0.298911 8 0.057908 10 0.021247
  77 163.564499 -30.761827 99.940399 -0.012371 -0.088681 -0.995983 0.760593 0.660630 4 77 0.514133 76 0.446199 8 0.034768 10 0.004900
  77 162.875107 -34.059162 104.369980 0.044541 -0.998176 -0.040754 0.765020 0.660630 4 77 0.485693 76 0.462273 8 0.045456 10 0.006578
boss
  75 122.116478 -25.131973 104.369980 0.010598 0.994900 -0.100303 0.709095 0.711839 4 75 0.557118 76 0.355763 8 0.063484 10 0.023634
  76 123.264091 -30.609655 112.445610 -0.090029 -0.041425 0.995077 0.717949 0.702984 4 76 0.872518 8 0.080466 10 0.029242 75 0.017774
  77 162.657883 -30.609652 110.382835 0.126136 -0.060155 0.990187 0.715735 0.552464 4 77 0.499346 76 0.462221 8 0.033271 10 0.005163
boss
  75 122.116478 -25.131973 104.369980 0.010598 0.994900 -0.100303 0.709095 0.711839 4 75 0.557118 76 0.355763 8 0.063484 10 0.023634
  77 163.638565 -26.110453 104.369980 0.054288 0.997139 -0.052598 0.709095 0.552464 4 77 0.608538 76 0.344109 8 0.041230 10 0.006123
  77 163.564499 -30.761827 99.940399 -0.012371 -0.088681 -0.995983 0.704668 0.552464 4 77 0.514133 76 0.446199 8 0.034768 10 0.004900
boss
  75 70.183479 -30.761835 94.932045 -0.157806 -0.049874 -0.986210 0.704668 0.915484 4 75 0.821416 10 0.073418 9 0.062203 7 0.042963
  74 68.385689 -25.131977 104.369980 0.150676 0.987260 -0.051139 0.711308 0.924339 4 74 0.636988 75 0.286355 9 0.047531 7 0.029126
  75 122.116478 -25.131973 104.369980 0.010598 0.994900 -0.100303 0.709095 0.711839 4 75 0.557118 76 0.355763 8 0.063484 10 0.023634
boss
  75 70.183479 -30.761835 94.932045 -0.157806 -0.049874 -0.986210 0.760593 0.297609 4 75 0.821416 10 0.073418 9 0.062203 7 0.042963
  76 121.948441 -30.761831 99.542915 0.052708 -0.074221 -0.995848 0.760593 0.501254 4 76 0.621934 75 0.298911 8 0.057908 10 0.021247
  76 121.165054 -35.037643 104.369980 0.009948 -0.996769 -0.079705 0.765020 0.501254 4 76 0.572341 75 0.353966 8 0.053793 10 0.019900
end
