version 1
nodes
0 "HandIK.R.000" -1
1 "HandIK.L.000" -1
2 "AllTorso.001" -1
3 "LegIK.R.000" 2
4 "LegIK.L.000" 2
5 "KneeIK.L.000" 2
6 "KneeIK.R.000" 2
7 "ElbowIK.L.000" 2
8 "ElbowIK.R.000" 2
9 "AllTorso.000" 2
10 "Bone.000" 9
11 "Bone.001" 10
12 "Bone.002" 11
13 "Bone.003" 12
14 "Bone.004" 13
15 "Bone.005" 14
16 "Bone.006" 15
17 "Bone.007" 16
18 "Bone.008" 15
19 "Bone.009" 18
20 "Ear.L.001" 15
21 "Ear.R.001" 15
22 "Arm.L.000" 12
23 "Arm.L.001" 22
24 "Arm.L.003" 23
25 "Arm.L.004" 24
26 "Arm.L.005" 25
27 "Arm.L.006" 26
28 "Arm.L.007" 24
29 "Arm.L.008" 28
30 "Arm.L.009" 29
31 "Arm.L.010" 24
32 "Arm.L.011" 31
33 "Arm.L.012" 32
34 "Arm.R.000" 12
35 "Arm.R.001" 34
36 "Arm.R.003" 35
37 "Arm.R.004" 36
38 "Arm.R.005" 37
39 "Arm.R.006" 38
40 "Arm.R.007" 36
41 "Arm.R.008" 40
42 "Arm.R.009" 41
43 "Arm.R.010" 36
44 "Arm.R.011" 43
45 "Arm.R.012" 44
46 "Bone.011" 9
47 "Leg.L.001" 46
48 "Leg.L.002" 47
49 "Leg.L.003" 48
50 "Leg.L.004" 49
51 "Leg.L.006" 50
52 "Leg.L.010" 50
53 "Leg.L.009" 52
54 "Leg.L.011" 52
55 "Leg.L.013" 52
56 "Bone.013" 46
57 "Bone.014" 56
58 "Bone.015" 57
59 "Bone.016" 58
60 "Leg.R.001" 46
61 "Leg.R.002" 60
62 "Leg.R.003" 61
63 "Leg.R.004" 62
64 "Leg.R.006" 63
65 "Leg.R.010" 63
66 "Leg.R.009" 65
67 "Leg.R.011" 65
68 "Leg.R.013" 65
end
skeleton
  time 0
  0 10.126909 -15.791158 19.133141 0.000000 -0.000000 -3.141593
  1 10.126907 15.791160 19.133141 0.000000 -0.000000 0.000000
  2 -5.665754 0.012664 58.581337 1.570796 -0.000000 -3.141592
  3 -1.340225 -78.812241 -14.298706 -1.570796 -1.570796 0.000000
  4 -1.340233 -78.812241 14.273380 -1.570796 -1.570796 0.000000
  5 -34.981632 -57.977322 11.444124 -1.570796 1.570796 0.000000
  6 -34.981625 -57.977322 -11.469474 -1.570796 1.570796 0.000000
  7 15.330741 -41.400753 15.954189 -1.570796 -1.570796 0.000000
  8 15.330753 -41.400753 -16.530237 -1.570796 -1.570796 0.000000
  9 -0.000000 -82.387589 0.000003 0.000000 0.000000 0.000000
  10 0.000000 36.517490 -0.000001 0.000000 -1.749826 0.021431
  11 0.000000 4.413177 -0.000000 0.121720 -1.437945 -0.123569
  12 0.000000 5.822268 0.000000 0.033556 -0.035245 0.050254
  13 -0.000000 8.863122 0.000000 -0.042181 -0.406164 -0.525302
  14 -0.000001 3.644235 0.000000 -0.240311 -0.137467 -0.402306
  15 -0.000001 5.401831 -0.000001 -0.173605 -1.210747 0.054090
  16 -0.000001 5.405349 0.000001 0.939290 1.207611 0.855294
  17 -0.000001 6.972889 -0.000000 -0.192254 -1.174336 -0.002866
  18 -0.000001 5.405349 0.000001 -1.416207 0.314782 1.536892
  19 0.000000 2.147789 0.000000 0.088083 0.591037 -0.901926
  20 -1.935490 3.640031 6.017784 0.908030 -1.379136 1.973602
  21 3.241714 3.649998 5.054548 0.098481 1.095735 -2.746141
  22 -0.000000 8.863122 0.000000 -1.878483 0.089360 0.199122
  23 -0.000000 12.911960 -0.000000 -1.622599 -0.610548 1.754087
  24 0.000003 14.211071 -0.000001 -1.482870 -0.229428 -2.687458
  25 -0.000000 13.479354 -0.000000 0.150606 0.605340 0.101074
  26 -0.000000 4.544426 -0.000000 0.020017 -0.558231 -0.213714
  27 -0.000000 3.186324 0.000000 -0.378962 -0.514880 0.045415
  28 -0.000000 13.479354 -0.000000 1.556631 1.045048 0.961844
  29 -0.000000 4.117822 -0.000001 0.044976 -0.478151 -0.162889
  30 0.000000 2.509498 -0.000001 -0.482592 -0.567933 0.125532
  31 -0.000000 13.479354 -0.000000 -0.220468 -0.132946 0.244523
  32 0.000002 4.351050 0.000000 -0.152389 -0.163555 0.018032
  33 -0.000000 3.893729 0.000001 0.034608 -0.221995 -0.090613
  34 -0.000000 8.863122 0.000000 1.278212 -0.080675 -2.930169
  35 0.000000 12.409957 -0.000001 -1.610958 0.623131 -1.748876
  36 0.000000 14.203221 0.000001 -1.483487 0.231321 2.688986
  37 -0.000001 13.479353 0.000004 0.150606 -0.605341 -0.101074
  38 0.000000 4.544426 0.000002 0.020017 0.558231 0.213714
  39 -0.000001 3.186322 0.000001 -0.378962 0.514880 -0.045415
  40 -0.000001 13.479353 0.000004 1.556632 -1.045048 -0.961845
  41 -0.000001 4.117820 0.000002 0.044977 0.478151 0.162889
  42 0.000001 2.509498 0.000000 -0.482592 0.567933 -0.125533
  43 -0.000001 13.479353 0.000004 -0.220467 0.132944 -0.244523
  44 0.000001 4.351048 -0.000000 -0.152389 0.163556 -0.018032
  45 -0.000000 3.893728 -0.000001 0.034608 0.221995 0.090612
  46 0.000000 36.517490 -0.000001 3.141592 -0.139473 0.981396
  47 -1.586122 3.425517 -5.597548 -2.423476 -0.465906 -1.752769
  48 -0.000002 12.976507 0.000002 -0.757877 -0.949279 2.003135
  49 0.000005 13.209556 0.000003 -1.473020 0.581291 -1.333516
  50 -0.000002 11.298656 -0.000002 -0.006785 -0.033292 0.170462
  51 -2.946797 2.260434 -0.018081 0.011508 -2.123511 1.384718
  52 4.067904 3.234551 0.024960 0.212713 1.054453 -1.274410
  53 -1.910408 7.516027 0.626326 0.237085 2.449934 0.373310
  54 0.498688 7.200205 -0.276288 -0.336929 0.215805 -0.120325
  55 2.986887 6.702975 -1.654826 0.515556 -2.803169 -0.434332
  56 1.420170 7.446716 0.199370 0.004352 0.453157 -0.025973
  57 0.000001 9.377631 0.000000 0.697985 1.051737 0.106407
  58 -0.000000 8.008636 -0.000000 0.735114 0.734238 0.597920
  59 -0.000000 9.061669 -0.000001 0.195790 0.316542 0.352056
  60 -3.069577 3.425517 4.969539 2.736723 -0.495816 -1.204302
  61 -0.000004 12.976507 0.000003 1.366268 -2.214266 0.000002
  62 0.000002 13.209552 0.000005 0.983496 2.530879 -0.000000
  63 -0.000000 11.298655 -0.000001 0.170370 -2.881371 -0.000000
  64 -0.000002 2.260437 2.946852 -1.394515 3.141592 -0.000003
  65 0.000003 3.234555 -4.067981 -1.620622 -0.139303 2.644614
  66 1.910426 7.516027 0.626274 0.237098 -2.449909 -0.373318
  67 -0.498694 7.200204 -0.276272 -0.336925 -0.215778 0.120324
  68 -2.986932 6.702974 -1.654742 0.515543 2.803193 0.434329
end
triangles
demon
  53 11.828934 17.848972 -24.136827 0.977368 0.173373 -0.121221 0.042969 0.738281 1 53 1.000000
  53 7.636336 16.071493 -24.136827 0.584371 -0.128504 -0.801247 0.054688 0.703125 3 53 0.961715 55 0.029744 52 0.008540
  53 6.946781 18.197380 -24.136827 -0.000886 0.904275 -0.426948 0.039062 0.703125 1 53 1.000000
demon
  54 12.227140 13.851485 -24.136827 0.986161 -0.125655 -0.108158 0.070312 0.738281 3 54 0.818201 53 0.097761 55 0.084037
  55 7.228952 12.877313 -24.136827 0.622248 -0.070478 -0.779641 0.085938 0.703125 3 55 0.835769 53 0.093208 52 0.071022
  53 7.636336 16.071493 -24.136827 0.584371 -0.128504 -0.801247 0.054688 0.703125 3 53 0.961715 55 0.029744 52 0.008540
demon
  55 10.909389 9.942515 -24.136827 0.910856 -0.393161 -0.125558 0.097656 0.738281 3 55 0.897595 53 0.058704 52 0.043702
  55 6.271535 10.581431 -24.136827 -0.048482 -0.886159 -0.460838 0.101562 0.703125 2 55 0.943871 52 0.056129
  55 7.228952 12.877313 -24.136827 0.622248 -0.070478 -0.779641 0.085938 0.703125 3 55 0.835769 53 0.093208 52 0.071022
demon
  53 7.636336 16.071493 -24.136827 0.584371 -0.128504 -0.801247 0.191406 0.656250 3 53 0.961715 55 0.029744 52 0.008540
  52 6.235887 14.585513 -22.144482 0.399132 -0.042062 0.915928 0.175781 0.640625 3 52 0.813366 53 0.104642 55 0.081992
  54 12.227140 13.851485 -24.136827 0.986161 -0.125655 -0.108158 0.175781 0.691406 3 54 0.818201 53 0.097761 55 0.084037
demon
  54 12.227140 13.851485 -24.136827 0.986161 -0.125655 -0.108158 0.175781 0.691406 3 54 0.818201 53 0.097761 55 0.084037
  52 6.235887 14.585513 -22.144482 0.399132 -0.042062 0.915928 0.175781 0.640625 3 52 0.813366 53 0.104642 55 0.081992
  55 7.228952 12.877313 -24.136827 0.622248 -0.070478 -0.779641 0.160156 0.656250 3 55 0.835769 53 0.093208 52 0.071022
demon
  55 10.909389 9.942515 -24.136827 0.910856 -0.393161 -0.125558 0.001953 0.736328 3 55 0.897595 53 0.058704 52 0.043702
  55 6.115905 12.041886 -22.094238 0.332624 -0.331398 0.882914 0.021484 0.685547 2 55 0.844666 52 0.155334
  55 6.271535 10.581431 -24.136827 -0.048482 -0.886159 -0.460838 0.001953 0.685547 2 55 0.943871 52 0.056129
demon
  55 10.909389 9.942515 -24.136827 0.910856 -0.393161 -0.125558 0.148438 0.691406 3 55 0.897595 53 0.058704 52 0.043702
  55 7.228952 12.877313 -24.136827 0.622248 -0.070478 -0.779641 0.160156 0.656250 3 55 0.835769 53 0.093208 52 0.071022
  55 6.115905 12.041886 -22.094238 0.332624 -0.331398 0.882914 0.148438 0.640625 2 55 0.844666 52 0.155334
demon
  53 11.828934 17.848972 -24.136827 0.977368 0.173373 -0.121221 0.203125 0.691406 1 53 1.000000
  53 6.853480 16.848291 -22.225590 0.347788 0.300504 0.888111 0.203125 0.640625 2 53 0.915694 52 0.084306
  53 7.636336 16.071493 -24.136827 0.584371 -0.128504 -0.801247 0.191406 0.656250 3 53 0.961715 55 0.029744 52 0.008540
demon
  53 6.946781 18.197380 -24.136827 -0.000886 0.904275 -0.426948 0.140625 0.687500 1 53 1.000000
  53 6.853480 16.848291 -22.225590 0.347788 0.300504 0.888111 0.121094 0.687500 2 53 0.915694 52 0.084306
  53 11.828934 17.848972 -24.136827 0.977368 0.173373 -0.121221 0.140625 0.738281 1 53 1.000000
demon
  52 6.235887 14.585513 -22.144482 0.399132 -0.042062 0.915928 0.175781 0.640625 3 52 0.813366 53 0.104642 55 0.081992
  53 7.636336 16.071493 -24.136827 0.584371 -0.128504 -0.801247 0.191406 0.656250 3 53 0.961715 55 0.029744 52 0.008540
  53 6.853480 16.848291 -22.225590 0.347788 0.300504 0.888111 0.203125 0.640625 2 53 0.915694 52 0.084306
demon
  52 6.235887 14.585513 -22.144482 0.399132 -0.042062 0.915928 0.175781 0.640625 3 52 0.813366 53 0.104642 55 0.081992
  55 6.115905 12.041886 -22.094238 0.332624 -0.331398 0.882914 0.148438 0.640625 2 55 0.844666 52 0.155334
  55 7.228952 12.877313 -24.136827 0.622248 -0.070478 -0.779641 0.160156 0.656250 3 55 0.835769 53 0.093208 52 0.071022
demon
  17 19.173740 2.283460 41.860931 -0.002909 0.135777 -0.990735 0.035156 0.410156 2 17 0.953290 16 0.046710
  17 18.510759 2.318675 47.072376 0.227390 0.962460 -0.148206 0.062500 0.371094 2 17 0.946307 16 0.053693
  17 20.206968 1.525558 47.181591 0.631020 0.738659 -0.237058 0.046875 0.363281 1 17 1.000000
demon
  17 21.074522 0.376186 44.230110 0.171249 0.420384 -0.891039 0.023438 0.378906 1 17 1.000000
  17 20.206968 1.525558 47.181591 0.631020 0.738659 -0.237058 0.046875 0.363281 1 17 1.000000
  17 20.714327 0.831999 48.370056 0.782220 0.402102 0.475864 0.046875 0.351562 1 17 1.000000
demon
  17 20.714327 0.831999 48.370056 0.782220 0.402102 0.475864 0.046875 0.351562 1 17 1.000000
  17 20.206968 1.525558 47.181591 0.631020 0.738659 -0.237058 0.046875 0.363281 1 17 1.000000
  17 18.366064 1.312017 49.772141 0.144820 0.493012 0.857885 0.074219 0.351562 1 17 1.000000
demon
  17 20.206968 1.525558 47.181591 0.631020 0.738659 -0.237058 0.046875 0.363281 1 17 1.000000
  17 18.510759 2.318675 47.072376 0.227390 0.962460 -0.148206 0.062500 0.371094 2 17 0.946307 16 0.053693
  17 18.366064 1.312017 49.772141 0.144820 0.493012 0.857885 0.074219 0.351562 1 17 1.000000
demon
  17 18.510759 2.318675 47.072376 0.227390 0.962460 -0.148206 0.062500 0.371094 2 17 0.946307 16 0.053693
  16 11.534122 3.829794 41.396553 0.765538 0.275914 -0.581226 0.097656 0.445312 4 16 0.433677 20 0.223280 17 0.200694 18 0.142349
  16 11.389425 3.913303 44.764111 0.033822 0.919140 0.392476 0.113281 0.417969 4 16 0.835352 17 0.108008 18 0.055476 20 0.001164
demon
  17 18.366064 1.312017 49.772141 0.144820 0.493012 0.857885 0.074219 0.351562 1 17 1.000000
  16 11.389425 3.913303 44.764111 0.033822 0.919140 0.392476 0.113281 0.417969 4 16 0.835352 17 0.108008 18 0.055476 20 0.001164
  16 8.291137 1.288363 46.348183 -0.192998 0.353967 0.915128 0.148438 0.410156 3 16 0.937623 20 0.061121 21 0.001256
demon
  19 15.663682 2.103487 34.129463 0.335697 0.895869 0.291079 0.031250 0.484375 2 19 0.997669 18 0.002331
  19 19.250639 1.698850 36.560596 0.602303 0.087251 0.793485 0.015625 0.449219 1 19 1.000000
  19 17.534861 1.412184 32.632732 0.311355 0.920279 -0.236948 0.013672 0.482422 1 19 1.000000
demon
  19 17.534861 1.412184 32.632732 0.311355 0.920279 -0.236948 0.230469 0.386719 1 19 1.000000
  19 17.157658 0.529916 33.174843 0.338169 -0.401081 0.851338 0.246094 0.386719 1 19 1.000000
  19 20.336945 0.779593 35.168797 0.709899 -0.012924 0.704185 0.238281 0.355469 1 19 1.000000
demon
  19 17.534861 1.412184 32.632732 0.311355 0.920279 -0.236948 0.013672 0.482422 1 19 1.000000
  19 20.336945 0.779593 35.168797 0.709899 -0.012924 0.704185 0.001953 0.451172 1 19 1.000000
  19 18.648876 0.575786 32.244129 0.943825 0.197356 -0.265039 0.001953 0.486328 1 19 1.000000
demon
  19 18.648876 0.575786 32.244129 0.943825 0.197356 -0.265039 0.222656 0.386719 1 19 1.000000
  19 20.336945 0.779593 35.168797 0.709899 -0.012924 0.704185 0.214844 0.355469 1 19 1.000000
  19 17.157658 0.529916 33.174843 0.338169 -0.401081 0.851338 0.207031 0.386719 1 19 1.000000
demon
  19 17.157658 0.529916 33.174843 0.338169 -0.401081 0.851338 0.160156 0.386719 1 19 1.000000
  19 17.534861 1.412184 32.632732 0.311355 0.920279 -0.236948 0.175781 0.386719 1 19 1.000000
  19 19.250639 1.698850 36.560596 0.602303 0.087251 0.793485 0.167969 0.351562 1 19 1.000000
demon
  19 19.250639 1.698850 36.560596 0.602303 0.087251 0.793485 0.191406 0.351562 1 19 1.000000
  19 15.663682 2.103487 34.129463 0.335697 0.895869 0.291079 0.183594 0.386719 2 19 0.997669 18 0.002331
  19 17.157658 0.529916 33.174843 0.338169 -0.401081 0.851338 0.199219 0.386719 1 19 1.000000
demon
  19 18.648876 0.575786 32.244129 0.943825 0.197356 -0.265039 0.001953 0.486328 1 19 1.000000
  19 15.613804 0.924434 29.668842 -0.246860 0.546786 -0.800053 0.011719 0.515625 1 19 1.000000
  19 17.534861 1.412184 32.632732 0.311355 0.920279 -0.236948 0.013672 0.482422 1 19 1.000000
demon
  12 5.795829 -0.000003 27.679295 0.989669 -0.000000 -0.143374 0.214844 0.781250 4 12 0.466431 14 0.256942 11 0.157782 22 0.118845
  11 2.857403 -0.000002 20.081999 0.894512 -0.000000 -0.447043 0.214844 0.851562 4 11 0.756971 10 0.082777 22 0.080396 34 0.079856
  22 1.111576 7.421571 25.459171 0.736141 0.615460 -0.281614 0.285156 0.812500 4 22 0.780740 11 0.115857 23 0.063552 12 0.039851
demon
  11 2.857403 -0.000002 20.081999 0.894512 -0.000000 -0.447043 0.214844 0.851562 4 11 0.756971 10 0.082777 22 0.080396 34 0.079856
  10 -0.367471 -0.000001 13.730175 0.968213 -0.000000 -0.250126 0.214844 0.925781 3 10 0.683352 11 0.175252 46 0.141396
  11 -2.088044 4.508381 16.989466 0.621593 0.715898 -0.317982 0.265625 0.898438 4 11 0.723926 46 0.105400 10 0.100370 22 0.070304
demon
  20 0.627004 3.668046 44.885639 0.035811 0.773826 0.632385 0.199219 0.453125 1 20 1.000000
  20 -0.137917 1.676338 46.062988 -0.381351 -0.096539 0.919376 0.210938 0.437500 2 20 0.875264 21 0.124736
  16 8.291137 1.288363 46.348183 -0.192998 0.353967 0.915128 0.148438 0.410156 3 16 0.937623 20 0.061121 21 0.001256
demon
  20 0.627004 3.668046 44.885639 0.035811 0.773826 0.632385 0.199219 0.453125 1 20 1.000000
  20 -4.427896 5.570522 42.111515 -0.797093 0.567370 -0.206723 0.222656 0.496094 2 20 0.970208 14 0.029792
  20 -0.137917 1.676338 46.062988 -0.381351 -0.096539 0.919376 0.210938 0.437500 2 20 0.875264 21 0.124736
demon
  20 -4.427896 5.570522 42.111515 -0.797093 0.567370 -0.206723 0.222656 0.496094 2 20 0.970208 14 0.029792
  20 0.627004 3.668046 44.885639 0.035811 0.773826 0.632385 0.199219 0.453125 1 20 1.000000
  20 -0.893880 5.178895 41.364811 -0.301129 0.938556 0.168626 0.195312 0.488281 4 20 0.844207 14 0.100895 18 0.047897 22 0.007001
demon
  16 8.291137 1.288363 46.348183 -0.192998 0.353967 0.915128 0.148438 0.410156 3 16 0.937623 20 0.061121 21 0.001256
  16 11.389425 3.913303 44.764111 0.033822 0.919140 0.392476 0.113281 0.417969 4 16 0.835352 17 0.108008 18 0.055476 20 0.001164
  20 -0.893880 5.178895 41.364811 -0.301129 0.938556 0.168626 0.195312 0.488281 4 20 0.844207 14 0.100895 18 0.047897 22 0.007001
demon
  14 -0.863340 5.988443 38.688431 -0.191363 0.929865 0.314214 0.187500 0.507812 4 14 0.462221 20 0.278952 22 0.187707 18 0.071120
  20 -0.893880 5.178895 41.364811 -0.301129 0.938556 0.168626 0.195312 0.488281 4 20 0.844207 14 0.100895 18 0.047897 22 0.007001
  18 5.916533 5.904235 39.766716 0.137094 0.981351 0.134745 0.136719 0.480469 4 18 0.608666 20 0.179426 16 0.125416 14 0.086491
demon
  19 11.046595 3.665915 37.506645 0.843665 0.329665 0.423735 0.082031 0.476562 4 19 0.495188 14 0.224756 20 0.145578 16 0.134478
  19 15.663682 2.103487 34.129463 0.335697 0.895869 0.291079 0.031250 0.484375 2 19 0.997669 18 0.002331
  19 15.025875 0.713411 31.554462 -0.568197 0.611509 -0.550644 0.023438 0.507812 1 19 1.000000
demon
  18 6.325845 5.747089 35.957230 0.074284 0.792509 -0.605319 0.449219 0.570312 4 18 0.623733 19 0.172466 14 0.137043 20 0.066758
  19 15.025875 0.713411 31.554462 -0.568197 0.611509 -0.550644 0.492188 0.652344 1 19 1.000000
  19 9.427629 -0.000004 35.455147 -0.198884 0.000000 -0.980023 0.500000 0.593750 1 19 1.000000
demon
  18 5.916533 5.904235 39.766716 0.137094 0.981351 0.134745 0.136719 0.480469 4 18 0.608666 20 0.179426 16 0.125416 14 0.086491
  20 -0.893880 5.178895 41.364811 -0.301129 0.938556 0.168626 0.195312 0.488281 4 20 0.844207 14 0.100895 18 0.047897 22 0.007001
  16 11.389425 3.913303 44.764111 0.033822 0.919140 0.392476 0.113281 0.417969 4 16 0.835352 17 0.108008 18 0.055476 20 0.001164
demon
  16 11.389425 3.913303 44.764111 0.033822 0.919140 0.392476 0.113281 0.417969 4 16 0.835352 17 0.108008 18 0.055476 20 0.001164
  16 11.534122 3.829794 41.396553 0.765538 0.275914 -0.581226 0.097656 0.445312 4 16 0.433677 20 0.223280 17 0.200694 18 0.142349
  18 5.916533 5.904235 39.766716 0.137094 0.981351 0.134745 0.136719 0.480469 4 18 0.608666 20 0.179426 16 0.125416 14 0.086491
demon
  29 13.656731 13.442924 23.319399 0.831795 0.542551 -0.117279 0.343750 0.675781 3 29 0.929234 28 0.035420 30 0.035346
  30 15.889469 11.452148 25.043148 0.809524 -0.411586 0.418650 0.335938 0.710938 2 30 0.890517 29 0.109483
  29 12.990037 11.977188 23.250570 -0.192753 -0.954839 -0.226116 0.371094 0.699219 3 29 0.938321 30 0.045009 28 0.016670
demon
  29 13.194336 12.911989 24.432163 -0.340077 0.196880 0.919557 0.269531 0.660156 2 29 0.525289 30 0.474711
  29 12.990037 11.977188 23.250570 -0.192753 -0.954839 -0.226116 0.257812 0.671875 3 29 0.938321 30 0.045009 28 0.016670
  30 15.889469 11.452148 25.043148 0.809524 -0.411586 0.418650 0.292969 0.683594 2 30 0.890517 29 0.109483
demon
  30 15.889469 11.452148 25.043148 0.809524 -0.411586 0.418650 0.292969 0.683594 2 30 0.890517 29 0.109483
  29 13.656731 13.442924 23.319399 0.831795 0.542551 -0.117279 0.281250 0.648438 3 29 0.929234 28 0.035420 30 0.035346
  29 13.194336 12.911989 24.432163 -0.340077 0.196880 0.919557 0.269531 0.660156 2 29 0.525289 30 0.474711
demon
  29 12.990037 11.977188 23.250570 -0.192753 -0.954839 -0.226116 0.371094 0.699219 3 29 0.938321 30 0.045009 28 0.016670
  28 11.373455 12.940924 21.326038 -0.176541 -0.980173 -0.089962 0.386719 0.683594 3 28 0.961355 29 0.033975 24 0.004670
  28 13.024357 14.684945 21.830442 0.759183 -0.222399 0.611703 0.367188 0.660156 4 28 0.870165 25 0.061654 32 0.036949 29 0.031233
demon
  28 11.317137 14.624031 22.570051 -0.496060 0.431455 0.753505 0.250000 0.640625 1 28 1.000000
  28 11.373455 12.940924 21.326038 -0.176541 -0.980173 -0.089962 0.238281 0.656250 3 28 0.961355 29 0.033975 24 0.004670
  29 12.990037 11.977188 23.250570 -0.192753 -0.954839 -0.226116 0.257812 0.671875 3 29 0.938321 30 0.045009 28 0.016670
demon
  29 13.656731 13.442924 23.319399 0.831795 0.542551 -0.117279 0.281250 0.648438 3 29 0.929234 28 0.035420 30 0.035346
  28 13.024357 14.684945 21.830442 0.759183 -0.222399 0.611703 0.265625 0.632812 4 28 0.870165 25 0.061654 32 0.036949 29 0.031233
  28 11.317137 14.624031 22.570051 -0.496060 0.431455 0.753505 0.250000 0.640625 1 28 1.000000
demon
  25 13.530582 16.555101 21.663284 -0.143650 0.840584 0.522287 0.261719 0.617188 3 25 0.832039 28 0.093813 32 0.074148
  28 13.024357 14.684945 21.830442 0.759183 -0.222399 0.611703 0.265625 0.632812 4 28 0.870165 25 0.061654 32 0.036949 29 0.031233
  26 16.479128 14.498986 22.479780 -0.212799 -0.901887 0.375922 0.296875 0.632812 2 26 0.979575 27 0.020425
demon
  25 13.530582 16.555101 21.663284 -0.143650 0.840584 0.522287 0.261719 0.617188 3 25 0.832039 28 0.093813 32 0.074148
  26 17.208668 15.567198 22.850248 0.169516 0.627603 0.759855 0.300781 0.617188 2 26 0.546060 27 0.453940
  26 16.969845 15.410371 21.475580 0.420393 0.245617 -0.873465 0.296875 0.597656 2 26 0.982172 27 0.017828
demon
  32 15.148044 16.052490 20.289982 0.833411 -0.367596 0.412674 0.375000 0.625000 4 32 0.830241 31 0.078323 25 0.053855 26 0.037582
  26 16.969845 15.410371 21.475580 0.420393 0.245617 -0.873465 0.343750 0.625000 2 26 0.982172 27 0.017828
  26 16.479128 14.498986 22.479780 -0.212799 -0.901887 0.375922 0.343750 0.660156 2 26 0.979575 27 0.020425
demon
  26 16.969845 15.410371 21.475580 0.420393 0.245617 -0.873465 0.296875 0.597656 2 26 0.982172 27 0.017828
  26 17.208668 15.567198 22.850248 0.169516 0.627603 0.759855 0.300781 0.617188 2 26 0.546060 27 0.453940
  27 21.036463 13.815594 22.500093 0.949010 -0.311125 0.050805 0.335938 0.617188 2 27 0.910314 26 0.089686
demon
  26 16.479128 14.498986 22.479780 -0.212799 -0.901887 0.375922 0.343750 0.660156 2 26 0.979575 27 0.020425
  26 16.969845 15.410371 21.475580 0.420393 0.245617 -0.873465 0.343750 0.625000 2 26 0.982172 27 0.017828
  27 21.036463 13.815594 22.500093 0.949010 -0.311125 0.050805 0.304688 0.640625 2 27 0.910314 26 0.089686
demon
  26 17.208668 15.567198 22.850248 0.169516 0.627603 0.759855 0.300781 0.617188 2 26 0.546060 27 0.453940
  26 16.479128 14.498986 22.479780 -0.212799 -0.901887 0.375922 0.296875 0.632812 2 26 0.979575 27 0.020425
  27 21.036463 13.815594 22.500093 0.949010 -0.311125 0.050805 0.335938 0.617188 2 27 0.910314 26 0.089686
demon
  31 13.943675 17.422327 19.722466 -0.047242 0.955357 0.291653 0.257812 0.593750 2 31 0.867234 32 0.132766
  32 18.372124 17.666107 19.542637 0.158098 0.958261 0.238204 0.281250 0.574219 1 32 1.000000
  32 17.916918 16.330341 18.419716 0.124273 -0.361904 -0.923895 0.269531 0.558594 1 32 1.000000
demon
  31 13.943675 17.422327 19.722466 -0.047242 0.955357 0.291653 0.257812 0.593750 2 31 0.867234 32 0.132766
  32 15.148044 16.052490 20.289982 0.833411 -0.367596 0.412674 0.273438 0.597656 4 32 0.830241 31 0.078323 25 0.053855 26 0.037582
  32 18.242277 16.253342 19.734467 0.121367 -0.688183 0.715314 0.296875 0.582031 1 32 1.000000
demon
  32 15.148044 16.052490 20.289982 0.833411 -0.367596 0.412674 0.375000 0.625000 4 32 0.830241 31 0.078323 25 0.053855 26 0.037582
  32 14.960936 16.220551 18.289684 0.292314 -0.185676 -0.938124 0.402344 0.601562 2 32 0.924201 31 0.075799
  32 17.916918 16.330341 18.419716 0.124273 -0.361904 -0.923895 0.382812 0.585938 1 32 1.000000
demon
  32 18.242277 16.253342 19.734467 0.121367 -0.688183 0.715314 0.359375 0.609375 1 32 1.000000
  32 17.916918 16.330341 18.419716 0.124273 -0.361904 -0.923895 0.382812 0.585938 1 32 1.000000
  33 21.220352 16.646692 19.486574 0.996618 -0.041060 0.071180 0.347656 0.574219 2 33 0.763522 32 0.236478
demon
  32 18.372124 17.666107 19.542637 0.158098 0.958261 0.238204 0.281250 0.574219 1 32 1.000000
  32 18.242277 16.253342 19.734467 0.121367 -0.688183 0.715314 0.296875 0.582031 1 32 1.000000
  33 21.220352 16.646692 19.486574 0.996618 -0.041060 0.071180 0.304688 0.546875 2 33 0.763522 32 0.236478
demon
  32 17.916918 16.330341 18.419716 0.124273 -0.361904 -0.923895 0.269531 0.558594 1 32 1.000000
  32 18.372124 17.666107 19.542637 0.158098 0.958261 0.238204 0.281250 0.574219 1 32 1.000000
  33 21.220352 16.646692 19.486574 0.996618 -0.041060 0.071180 0.304688 0.546875 2 33 0.763522 32 0.236478
demon
  51 -7.344690 14.297447 -21.192717 -0.965653 0.049759 0.255025 0.033203 0.568359 3 51 0.849576 4 0.077830 49 0.072594
  51 -11.915290 14.417466 -24.309563 -0.965927 0.025812 -0.257524 0.001953 0.529297 1 51 1.000000
  51 -7.556620 13.236897 -23.920887 -0.316159 -0.732858 -0.602464 0.001953 0.568359 1 51 1.000000
demon
  51 -7.344690 14.297447 -21.192717 -0.965653 0.049759 0.255025 0.109375 0.570312 3 51 0.849576 4 0.077830 49 0.072594
  51 -7.437097 15.374940 -23.920908 -0.279195 0.748985 -0.600893 0.140625 0.570312 1 51 1.000000
  51 -11.915290 14.417466 -24.309563 -0.965927 0.025812 -0.257524 0.140625 0.531250 1 51 1.000000
demon
  51 -7.556620 13.236897 -23.920887 -0.316159 -0.732858 -0.602464 0.085938 0.570312 1 51 1.000000
  51 -11.915290 14.417466 -24.309563 -0.965927 0.025812 -0.257524 0.070312 0.531250 1 51 1.000000
  51 -7.437097 15.374940 -23.920908 -0.279195 0.748985 -0.600893 0.054688 0.570312 1 51 1.000000
demon
  51 -7.437097 15.374940 -23.920908 -0.279195 0.748985 -0.600893 0.054688 0.570312 1 51 1.000000
  52 -0.425213 16.174587 -24.627476 -0.086040 0.648367 -0.756451 0.046875 0.625000 1 52 1.000000
  52 -0.652007 12.117665 -24.627434 -0.102403 -0.639368 -0.762051 0.093750 0.625000 2 52 0.989099 51 0.010901
demon
  53 6.853480 16.848291 -22.225590 0.347788 0.300504 0.888111 0.203125 0.640625 2 53 0.915694 52 0.084306
  52 1.226064 16.393171 -22.449978 -0.072440 0.830030 0.552994 0.203125 0.597656 2 52 0.933042 53 0.066958
  52 -0.367495 14.140174 -21.417233 0.418797 0.093406 0.903263 0.175781 0.585938 3 52 0.984428 4 0.011984 49 0.003588
demon
  55 6.115905 12.041886 -22.094238 0.332624 -0.331398 0.882914 0.148438 0.640625 2 55 0.844666 52 0.155334
  52 6.235887 14.585513 -22.144482 0.399132 -0.042062 0.915928 0.175781 0.640625 3 52 0.813366 53 0.104642 55 0.081992
  52 -0.367495 14.140174 -21.417233 0.418797 0.093406 0.903263 0.175781 0.585938 3 52 0.984428 4 0.011984 49 0.003588
demon
  51 -7.437097 15.374940 -23.920908 -0.279195 0.748985 -0.600893 0.140625 0.570312 1 51 1.000000
  4 -4.979256 16.440655 -19.785007 -0.075356 0.992196 0.099340 0.097656 0.593750 4 4 0.903719 51 0.057825 52 0.037882 49 0.000574
  52 -0.425213 16.174587 -24.627476 -0.086040 0.648367 -0.756451 0.140625 0.628906 1 52 1.000000
demon
  51 -7.344690 14.297447 -21.192717 -0.965653 0.049759 0.255025 0.109375 0.570312 3 51 0.849576 4 0.077830 49 0.072594
  4 -4.979256 16.440655 -19.785007 -0.075356 0.992196 0.099340 0.097656 0.593750 4 4 0.903719 51 0.057825 52 0.037882 49 0.000574
  51 -7.437097 15.374940 -23.920908 -0.279195 0.748985 -0.600893 0.140625 0.570312 1 51 1.000000
demon
  51 -7.344690 14.297447 -21.192717 -0.965653 0.049759 0.255025 0.033203 0.568359 3 51 0.849576 4 0.077830 49 0.072594
  51 -7.556620 13.236897 -23.920887 -0.316159 -0.732858 -0.602464 0.001953 0.568359 1 51 1.000000
  49 -4.880780 11.828169 -18.715473 -0.061329 -0.994752 0.081898 0.044922 0.591797 3 49 0.896480 51 0.051850 52 0.051670
demon
  51 -7.556620 13.236897 -23.920887 -0.316159 -0.732858 -0.602464 0.001953 0.568359 1 51 1.000000
  52 -0.652007 12.117665 -24.627434 -0.102403 -0.639368 -0.762051 0.001953 0.626953 2 52 0.989099 51 0.010901
  49 -4.880780 11.828169 -18.715473 -0.061329 -0.994752 0.081898 0.044922 0.591797 3 49 0.896480 51 0.051850 52 0.051670
demon
  52 1.792186 11.642799 -22.531557 -0.052949 -0.852637 0.519814 0.021484 0.642578 2 52 0.869902 55 0.130098
  49 -4.880780 11.828169 -18.715473 -0.061329 -0.994752 0.081898 0.044922 0.591797 3 49 0.896480 51 0.051850 52 0.051670
  52 -0.652007 12.117665 -24.627434 -0.102403 -0.639368 -0.762051 0.001953 0.626953 2 52 0.989099 51 0.010901
demon
  49 -4.880780 11.828169 -18.715473 -0.061329 -0.994752 0.081898 0.148438 0.546875 3 49 0.896480 51 0.051850 52 0.051670
  52 1.792186 11.642799 -22.531557 -0.052949 -0.852637 0.519814 0.148438 0.597656 2 52 0.869902 55 0.130098
  52 -0.367495 14.140174 -21.417233 0.418797 0.093406 0.903263 0.175781 0.585938 3 52 0.984428 4 0.011984 49 0.003588
demon
  52 -0.367495 14.140174 -21.417233 0.418797 0.093406 0.903263 0.175781 0.585938 3 52 0.984428 4 0.011984 49 0.003588
  52 1.226064 16.393171 -22.449978 -0.072440 0.830030 0.552994 0.203125 0.597656 2 52 0.933042 53 0.066958
  4 -4.979256 16.440655 -19.785007 -0.075356 0.992196 0.099340 0.203125 0.546875 4 4 0.903719 51 0.057825 52 0.037882 49 0.000574
demon
  52 1.226064 16.393171 -22.449978 -0.072440 0.830030 0.552994 0.121094 0.644531 2 52 0.933042 53 0.066958
  52 -0.425213 16.174587 -24.627476 -0.086040 0.648367 -0.756451 0.140625 0.628906 1 52 1.000000
  4 -4.979256 16.440655 -19.785007 -0.075356 0.992196 0.099340 0.097656 0.593750 4 4 0.903719 51 0.057825 52 0.037882 49 0.000574
demon
  53 6.946781 18.197380 -24.136827 -0.000886 0.904275 -0.426948 0.140625 0.687500 1 53 1.000000
  52 -0.425213 16.174587 -24.627476 -0.086040 0.648367 -0.756451 0.140625 0.628906 1 52 1.000000
  52 1.226064 16.393171 -22.449978 -0.072440 0.830030 0.552994 0.121094 0.644531 2 52 0.933042 53 0.066958
demon
  52 1.792186 11.642799 -22.531557 -0.052949 -0.852637 0.519814 0.021484 0.642578 2 52 0.869902 55 0.130098
  52 -0.652007 12.117665 -24.627434 -0.102403 -0.639368 -0.762051 0.001953 0.626953 2 52 0.989099 51 0.010901
  55 6.271535 10.581431 -24.136827 -0.048482 -0.886159 -0.460838 0.001953 0.685547 2 55 0.943871 52 0.056129
demon
  53 7.636336 16.071493 -24.136827 0.584371 -0.128504 -0.801247 0.054688 0.703125 3 53 0.961715 55 0.029744 52 0.008540
  55 7.228952 12.877313 -24.136827 0.622248 -0.070478 -0.779641 0.085938 0.703125 3 55 0.835769 53 0.093208 52 0.071022
  52 -0.652007 12.117665 -24.627434 -0.102403 -0.639368 -0.762051 0.093750 0.625000 2 52 0.989099 51 0.010901
demon
  55 6.271535 10.581431 -24.136827 -0.048482 -0.886159 -0.460838 0.101562 0.703125 2 55 0.943871 52 0.056129
  52 -0.652007 12.117665 -24.627434 -0.102403 -0.639368 -0.762051 0.093750 0.625000 2 52 0.989099 51 0.010901
  55 7.228952 12.877313 -24.136827 0.622248 -0.070478 -0.779641 0.085938 0.703125 3 55 0.835769 53 0.093208 52 0.071022
demon
  53 6.946781 18.197380 -24.136827 -0.000886 0.904275 -0.426948 0.039062 0.703125 1 53 1.000000
  53 7.636336 16.071493 -24.136827 0.584371 -0.128504 -0.801247 0.054688 0.703125 3 53 0.961715 55 0.029744 52 0.008540
  52 -0.425213 16.174587 -24.627476 -0.086040 0.648367 -0.756451 0.046875 0.625000 1 52 1.000000
demon
  55 6.115905 12.041886 -22.094238 0.332624 -0.331398 0.882914 0.021484 0.685547 2 55 0.844666 52 0.155334
  52 1.792186 11.642799 -22.531557 -0.052949 -0.852637 0.519814 0.021484 0.642578 2 52 0.869902 55 0.130098
  55 6.271535 10.581431 -24.136827 -0.048482 -0.886159 -0.460838 0.001953 0.685547 2 55 0.943871 52 0.056129
demon
  53 6.853480 16.848291 -22.225590 0.347788 0.300504 0.888111 0.121094 0.687500 2 53 0.915694 52 0.084306
  53 6.946781 18.197380 -24.136827 -0.000886 0.904275 -0.426948 0.140625 0.687500 1 53 1.000000
  52 1.226064 16.393171 -22.449978 -0.072440 0.830030 0.552994 0.121094 0.644531 2 52 0.933042 53 0.066958
demon
  52 6.235887 14.585513 -22.144482 0.399132 -0.042062 0.915928 0.175781 0.640625 3 52 0.813366 53 0.104642 55 0.081992
  53 6.853480 16.848291 -22.225590 0.347788 0.300504 0.888111 0.203125 0.640625 2 53 0.915694 52 0.084306
  52 -0.367495 14.140174 -21.417233 0.418797 0.093406 0.903263 0.175781 0.585938 3 52 0.984428 4 0.011984 49 0.003588
demon
  52 1.792186 11.642799 -22.531557 -0.052949 -0.852637 0.519814 0.148438 0.597656 2 52 0.869902 55 0.130098
  55 6.115905 12.041886 -22.094238 0.332624 -0.331398 0.882914 0.148438 0.640625 2 55 0.844666 52 0.155334
  52 -0.367495 14.140174 -21.417233 0.418797 0.093406 0.903263 0.175781 0.585938 3 52 0.984428 4 0.011984 49 0.003588
demon
  47 -9.891013 5.042368 4.512574 -0.159092 0.263519 -0.951445 0.205078 0.345703 4 47 0.796080 56 0.127645 48 0.049795 60 0.026481
  56 -20.108101 0.000005 1.176335 -0.011958 0.000000 -0.999929 0.220703 0.267578 2 56 0.534940 57 0.465060
  56 -20.865498 4.359187 4.592493 -0.279211 0.941899 -0.186730 0.267578 0.267578 2 56 0.920074 57 0.079926
demon
  57 -29.030415 0.000008 2.112016 -0.411214 0.000000 -0.911539 0.240234 0.193359 2 57 0.550917 58 0.449083
  57 -28.727463 2.268942 5.244617 -0.191517 0.980757 0.037892 0.267578 0.193359 3 57 0.843359 58 0.156395 56 0.000246
  56 -20.865498 4.359187 4.592493 -0.279211 0.941899 -0.186730 0.267578 0.267578 2 56 0.920074 57 0.079926
demon
  57 -29.030415 0.000008 2.112016 -0.411214 0.000000 -0.911539 0.240234 0.193359 2 57 0.550917 58 0.449083
  59 -38.061974 0.000011 8.784000 -0.757989 0.000000 -0.652267 0.248047 0.119141 2 59 0.730770 58 0.269230
  58 -36.262276 1.738585 9.794535 -0.064233 0.997480 0.030125 0.267578 0.119141 2 58 0.858200 59 0.141800
demon
  59 -42.429024 0.000012 16.336147 -0.864109 0.000000 -0.503306 0.251953 0.044922 1 59 1.000000
  59 -41.719879 1.230241 16.775082 -0.132417 0.988401 0.074356 0.267578 0.044922 1 59 1.000000
  58 -36.262276 1.738585 9.794535 -0.064233 0.997480 0.030125 0.267578 0.119141 2 58 0.858200 59 0.141800
demon
  58 -28.780441 0.000008 7.338173 0.202643 -0.000000 0.979253 0.294922 0.193359 2 58 0.901314 57 0.098686
  56 -21.675760 0.000006 8.428892 -0.550444 0.000000 0.834872 0.314453 0.267578 2 56 0.973329 58 0.026671
  56 -20.865498 4.359187 4.592493 -0.279211 0.941899 -0.186730 0.267578 0.267578 2 56 0.920074 57 0.079926
demon
  59 -41.067921 0.000012 17.591818 0.716068 -0.000000 0.698031 0.283203 0.044922 1 59 1.000000
  59 -35.619358 0.000010 11.280003 0.654439 -0.000000 0.756114 0.287109 0.119141 2 59 0.879470 58 0.120530
  58 -36.262276 1.738585 9.794535 -0.064233 0.997480 0.030125 0.267578 0.119141 2 58 0.858200 59 0.141800
demon
  58 -36.262276 1.738585 9.794535 -0.064233 0.997480 0.030125 0.267578 0.119141 2 58 0.858200 59 0.141800
  59 -35.619358 0.000010 11.280003 0.654439 -0.000000 0.756114 0.287109 0.119141 2 59 0.879470 58 0.120530
  58 -28.780441 0.000008 7.338173 0.202643 -0.000000 0.979253 0.294922 0.193359 2 58 0.901314 57 0.098686
demon
  4 -4.979256 16.440655 -19.785007 -0.075356 0.992196 0.099340 0.048828 0.326172 4 4 0.903719 51 0.057825 52 0.037882 49 0.000574
  51 -7.344690 14.297447 -21.192717 -0.965653 0.049759 0.255025 0.087891 0.337891 3 51 0.849576 4 0.077830 49 0.072594
  49 -10.262192 14.339317 -10.753738 -0.984098 0.107018 -0.141766 0.087891 0.248047 2 49 0.939421 48 0.060579
demon
  49 -4.880780 11.828169 -18.715473 -0.061329 -0.994752 0.081898 0.156250 0.316406 3 49 0.896480 51 0.051850 52 0.051670
  52 -0.367495 14.140174 -21.417233 0.418797 0.093406 0.903263 0.109375 0.328125 3 52 0.984428 4 0.011984 49 0.003588
  49 -5.082603 13.804121 -10.411385 0.977988 -0.033731 -0.205918 0.109375 0.218750 1 49 1.000000
demon
  4 -4.979256 16.440655 -19.785007 -0.075356 0.992196 0.099340 0.048828 0.326172 4 4 0.903719 51 0.057825 52 0.037882 49 0.000574
  49 -7.489002 15.939907 -9.777424 -0.031517 0.994208 0.102745 0.044922 0.228516 2 49 0.996783 48 0.003217
  49 -5.082603 13.804121 -10.411385 0.977988 -0.033731 -0.205918 0.001953 0.228516 1 49 1.000000
demon
  49 -4.880780 11.828169 -18.715473 -0.061329 -0.994752 0.081898 0.156250 0.316406 3 49 0.896480 51 0.051850 52 0.051670
  49 -8.137736 12.149794 -9.661583 -0.350631 -0.932373 -0.087969 0.152344 0.218750 2 49 0.955166 48 0.044834
  49 -10.262192 14.339317 -10.753738 -0.984098 0.107018 -0.141766 0.195312 0.238281 2 49 0.939421 48 0.060579
demon
  47 -2.645587 12.580221 0.983000 -0.737988 0.649169 0.184265 0.056641 0.130859 2 47 0.756944 48 0.243056
  49 -10.262192 14.339317 -9.269647 -0.952090 0.160415 0.260368 0.087891 0.232422 2 49 0.622748 48 0.377252
  48 -2.758457 9.399898 -0.373769 -0.607815 -0.677537 -0.414130 0.087891 0.130859 2 48 0.866907 47 0.133093
demon
  49 -5.082603 13.804121 -10.411385 0.977988 -0.033731 -0.205918 0.109375 0.218750 1 49 1.000000
  48 2.745444 12.827189 -0.871214 0.928439 0.304351 -0.213008 0.109375 0.144531 2 48 0.919538 47 0.080462
  48 0.614662 9.054051 -1.539235 0.506305 -0.727846 -0.462489 0.148438 0.132812 2 48 0.947365 47 0.052635
demon
  49 -10.262192 14.339317 -9.269647 -0.952090 0.160415 0.260368 0.087891 0.232422 2 49 0.622748 48 0.377252
  47 -2.645587 12.580221 0.983000 -0.737988 0.649169 0.184265 0.056641 0.130859 2 47 0.756944 48 0.243056
  48 0.004759 14.459140 0.630195 0.165599 0.947333 0.274112 0.033203 0.142578 2 48 0.837787 47 0.162213
demon
  48 -2.758457 9.399898 -0.373769 -0.607815 -0.677537 -0.414130 0.195312 0.121094 2 48 0.866907 47 0.133093
  49 -8.137736 12.149794 -9.661583 -0.350631 -0.932373 -0.087969 0.152344 0.218750 2 49 0.955166 48 0.044834
  48 0.614662 9.054051 -1.539235 0.506305 -0.727846 -0.462489 0.148438 0.132812 2 48 0.947365 47 0.052635
demon
  49 -10.262192 14.339317 -9.269647 -0.952090 0.160415 0.260368 0.195312 0.222656 2 49 0.622748 48 0.377252
  49 -8.137736 12.149794 -9.661583 -0.350631 -0.932373 -0.087969 0.152344 0.218750 2 49 0.955166 48 0.044834
  48 -2.758457 9.399898 -0.373769 -0.607815 -0.677537 -0.414130 0.195312 0.121094 2 48 0.866907 47 0.133093
demon
  49 -5.082603 13.804121 -10.411385 0.977988 -0.033731 -0.205918 0.001953 0.228516 1 49 1.000000
  49 -7.489002 15.939907 -9.777424 -0.031517 0.994208 0.102745 0.044922 0.228516 2 49 0.996783 48 0.003217
  48 0.004759 14.459140 0.630195 0.165599 0.947333 0.274112 0.033203 0.142578 2 48 0.837787 47 0.162213
demon
  48 2.494206 11.922831 1.511387 0.932493 0.184996 0.310215 0.109375 0.121094 2 48 0.527224 47 0.472776
  48 0.614662 9.054051 -1.539235 0.506305 -0.727846 -0.462489 0.148438 0.132812 2 48 0.947365 47 0.052635
  48 2.745444 12.827189 -0.871214 0.928439 0.304351 -0.213008 0.109375 0.144531 2 48 0.919538 47 0.080462
demon
  48 2.745444 12.827189 -0.871214 0.928439 0.304351 -0.213008 0.001953 0.154297 2 48 0.919538 47 0.080462
  48 0.004759 14.459140 0.630195 0.165599 0.947333 0.274112 0.033203 0.142578 2 48 0.837787 47 0.162213
  48 2.494206 11.922831 1.511387 0.932493 0.184996 0.310215 0.001953 0.130859 2 48 0.527224 47 0.472776
demon
  47 -9.891013 5.042368 4.512574 -0.159092 0.263519 -0.951445 0.103516 0.056641 4 47 0.796080 56 0.127645 48 0.049795 60 0.026481
  47 -2.645587 12.580221 0.983000 -0.737988 0.649169 0.184265 0.056641 0.130859 2 47 0.756944 48 0.243056
  48 -2.758457 9.399898 -0.373769 -0.607815 -0.677537 -0.414130 0.087891 0.130859 2 48 0.866907 47 0.133093
demon
  46 -1.545230 1.816195 9.257153 0.920379 -0.086388 -0.381367 0.152344 0.023438 4 46 0.481120 10 0.452817 47 0.055641 48 0.010422
  47 -9.891013 5.042368 4.512574 -0.159092 0.263519 -0.951445 0.210938 0.046875 4 47 0.796080 56 0.127645 48 0.049795 60 0.026481
  48 -2.758457 9.399898 -0.373769 -0.607815 -0.677537 -0.414130 0.195312 0.121094 2 48 0.866907 47 0.133093
demon
  46 -1.545230 1.816195 9.257153 0.920379 -0.086388 -0.381367 0.152344 0.023438 4 46 0.481120 10 0.452817 47 0.055641 48 0.010422
  48 0.614662 9.054051 -1.539235 0.506305 -0.727846 -0.462489 0.148438 0.132812 2 48 0.947365 47 0.052635
  48 2.494206 11.922831 1.511387 0.932493 0.184996 0.310215 0.109375 0.121094 2 48 0.527224 47 0.472776
demon
  56 -13.510386 5.789013 10.373260 -0.482955 0.856163 0.183684 0.091797 0.001953 3 56 0.784703 47 0.167444 46 0.047853
  47 -2.645587 12.580221 0.983000 -0.737988 0.649169 0.184265 0.056641 0.130859 2 47 0.756944 48 0.243056
  47 -9.891013 5.042368 4.512574 -0.159092 0.263519 -0.951445 0.103516 0.056641 4 47 0.796080 56 0.127645 48 0.049795 60 0.026481
demon
  46 -14.858550 0.000003 16.866106 -0.932382 0.000000 0.361475 0.330078 0.345703 4 46 0.825946 11 0.074698 10 0.059447 12 0.039909
  56 -13.510386 5.789013 10.373260 -0.482955 0.856163 0.183684 0.267578 0.345703 3 56 0.784703 47 0.167444 46 0.047853
  56 -20.865498 4.359187 4.592493 -0.279211 0.941899 -0.186730 0.267578 0.267578 2 56 0.920074 57 0.079926
demon
  19 17.534861 1.412184 32.632732 0.311355 0.920279 -0.236948 0.013672 0.482422 1 19 1.000000
  19 15.613804 0.924434 29.668842 -0.246860 0.546786 -0.800053 0.011719 0.515625 1 19 1.000000
  19 15.025875 0.713411 31.554462 -0.568197 0.611509 -0.550644 0.023438 0.507812 1 19 1.000000
demon
  20 -0.137917 1.676338 46.062988 -0.381351 -0.096539 0.919376 0.328125 0.050781 2 20 0.875264 21 0.124736
  20 -4.427896 5.570522 42.111515 -0.797093 0.567370 -0.206723 0.306641 0.001953 2 20 0.970208 14 0.029792
  20 -2.917680 1.381978 42.761452 -0.922936 -0.055761 0.380893 0.335938 0.015625 3 20 0.703906 21 0.152873 14 0.143221
demon
  14 -3.066683 2.237218 40.654716 -0.782070 0.397550 0.479918 0.472656 0.695312 4 14 0.584517 20 0.274869 13 0.079273 21 0.061340
  20 -2.917680 1.381978 42.761452 -0.922936 -0.055761 0.380893 0.484375 0.675781 3 20 0.703906 21 0.152873 14 0.143221
  20 -0.893880 5.178895 41.364811 -0.301129 0.938556 0.168626 0.429688 0.675781 4 20 0.844207 14 0.100895 18 0.047897 22 0.007001
demon
  20 -0.893880 5.178895 41.364811 -0.301129 0.938556 0.168626 0.429688 0.675781 4 20 0.844207 14 0.100895 18 0.047897 22 0.007001
  20 -2.917680 1.381978 42.761452 -0.922936 -0.055761 0.380893 0.484375 0.675781 3 20 0.703906 21 0.152873 14 0.143221
  20 -4.427896 5.570522 42.111515 -0.797093 0.567370 -0.206723 0.457031 0.644531 2 20 0.970208 14 0.029792
demon
  14 -0.863340 5.988443 38.688431 -0.191363 0.929865 0.314214 0.417969 0.695312 4 14 0.462221 20 0.278952 22 0.187707 18 0.071120
  14 -3.066683 2.237218 40.654716 -0.782070 0.397550 0.479918 0.472656 0.695312 4 14 0.584517 20 0.274869 13 0.079273 21 0.061340
  20 -0.893880 5.178895 41.364811 -0.301129 0.938556 0.168626 0.429688 0.675781 4 20 0.844207 14 0.100895 18 0.047897 22 0.007001
demon
  20 -0.137917 1.676338 46.062988 -0.381351 -0.096539 0.919376 0.328125 0.050781 2 20 0.875264 21 0.124736
  21 1.267049 -0.000002 45.275444 -0.287370 0.000000 0.957820 0.347656 0.058594 3 21 0.467111 20 0.466909 16 0.065980
  16 8.291137 1.288363 46.348183 -0.192998 0.353967 0.915128 0.335938 0.128906 3 16 0.937623 20 0.061121 21 0.001256
demon
  20 -2.917680 1.381978 42.761452 -0.922936 -0.055761 0.380893 0.335938 0.015625 3 20 0.703906 21 0.152873 14 0.143221
  21 1.267049 -0.000002 45.275444 -0.287370 0.000000 0.957820 0.347656 0.058594 3 21 0.467111 20 0.466909 16 0.065980
  20 -0.137917 1.676338 46.062988 -0.381351 -0.096539 0.919376 0.328125 0.050781 2 20 0.875264 21 0.124736
demon
  18 5.916533 5.904235 39.766716 0.137094 0.981351 0.134745 0.136719 0.480469 4 18 0.608666 20 0.179426 16 0.125416 14 0.086491
  19 11.046595 3.665915 37.506645 0.843665 0.329665 0.423735 0.082031 0.476562 4 19 0.495188 14 0.224756 20 0.145578 16 0.134478
  18 6.325845 5.747089 35.957230 0.074284 0.792509 -0.605319 0.117188 0.507812 4 18 0.623733 19 0.172466 14 0.137043 20 0.066758
demon
  19 11.046595 3.665915 37.506645 0.843665 0.329665 0.423735 0.082031 0.476562 4 19 0.495188 14 0.224756 20 0.145578 16 0.134478
  18 5.916533 5.904235 39.766716 0.137094 0.981351 0.134745 0.136719 0.480469 4 18 0.608666 20 0.179426 16 0.125416 14 0.086491
  16 11.534122 3.829794 41.396553 0.765538 0.275914 -0.581226 0.097656 0.445312 4 16 0.433677 20 0.223280 17 0.200694 18 0.142349
demon
  22 -0.187187 9.378932 30.938587 0.670304 0.696063 0.257272 0.312500 0.769531 3 22 0.863233 14 0.081074 23 0.055693
  22 -3.023550 7.718892 35.288456 0.038271 0.729447 0.682966 0.324219 0.730469 4 22 0.800799 14 0.131948 20 0.063101 13 0.004153
  14 3.153729 4.851866 33.803848 0.647816 0.759762 -0.055636 0.269531 0.734375 4 14 0.524753 22 0.220952 18 0.184993 19 0.069302
demon
  22 -0.187187 9.378932 30.938587 0.670304 0.696063 0.257272 0.312500 0.769531 3 22 0.863233 14 0.081074 23 0.055693
  22 -6.012100 13.960829 30.336193 -0.179092 0.859655 0.478455 0.371094 0.777344 2 22 0.518669 23 0.481331
  22 -3.023550 7.718892 35.288456 0.038271 0.729447 0.682966 0.324219 0.730469 4 22 0.800799 14 0.131948 20 0.063101 13 0.004153
demon
  14 3.153729 4.851866 33.803848 0.647816 0.759762 -0.055636 0.269531 0.734375 4 14 0.524753 22 0.220952 18 0.184993 19 0.069302
  12 5.795829 -0.000003 27.679295 0.989669 -0.000000 -0.143374 0.214844 0.781250 4 12 0.466431 14 0.256942 11 0.157782 22 0.118845
  22 -0.187187 9.378932 30.938587 0.670304 0.696063 0.257272 0.312500 0.769531 3 22 0.863233 14 0.081074 23 0.055693
demon
  12 5.795829 -0.000003 27.679295 0.989669 -0.000000 -0.143374 0.214844 0.781250 4 12 0.466431 14 0.256942 11 0.157782 22 0.118845
  14 3.153729 4.851866 33.803848 0.647816 0.759762 -0.055636 0.269531 0.734375 4 14 0.524753 22 0.220952 18 0.184993 19 0.069302
  14 5.422596 -0.000003 32.388161 0.932856 -0.000000 -0.360249 0.214844 0.742188 4 14 0.560040 19 0.183639 18 0.149837 12 0.106485
demon
  22 1.111576 7.421571 25.459171 0.736141 0.615460 -0.281614 0.285156 0.812500 4 22 0.780740 11 0.115857 23 0.063552 12 0.039851
  22 -1.461918 10.764480 27.109375 0.817715 0.559152 -0.136714 0.335938 0.804688 2 22 0.832096 23 0.167904
  22 -0.187187 9.378932 30.938587 0.670304 0.696063 0.257272 0.312500 0.769531 3 22 0.863233 14 0.081074 23 0.055693
demon
  22 -6.012100 13.960829 30.336193 -0.179092 0.859655 0.478455 0.371094 0.777344 2 22 0.518669 23 0.481331
  22 -8.998509 8.189099 33.303356 -0.656174 0.464598 0.594629 0.425781 0.781250 3 22 0.917445 13 0.056754 23 0.025801
  22 -3.023550 7.718892 35.288456 0.038271 0.729447 0.682966 0.417969 0.730469 4 22 0.800799 14 0.131948 20 0.063101 13 0.004153
demon
  18 5.416233 4.281410 35.591469 0.222897 0.539184 -0.812156 0.257812 0.707031 4 18 0.553782 14 0.213102 19 0.162149 22 0.070966
  19 9.427629 -0.000004 35.455147 -0.198884 0.000000 -0.980023 0.214844 0.687500 1 19 1.000000
  14 5.422596 -0.000003 32.388161 0.932856 -0.000000 -0.360249 0.214844 0.742188 4 14 0.560040 19 0.183639 18 0.149837 12 0.106485
demon
  14 -0.863340 5.988443 38.688431 -0.191363 0.929865 0.314214 0.324219 0.695312 4 14 0.462221 20 0.278952 22 0.187707 18 0.071120
  18 5.416233 4.281410 35.591469 0.222897 0.539184 -0.812156 0.257812 0.707031 4 18 0.553782 14 0.213102 19 0.162149 22 0.070966
  14 3.153729 4.851866 33.803848 0.647816 0.759762 -0.055636 0.269531 0.734375 4 14 0.524753 22 0.220952 18 0.184993 19 0.069302
demon
  18 6.325845 5.747089 35.957230 0.074284 0.792509 -0.605319 0.449219 0.570312 4 18 0.623733 19 0.172466 14 0.137043 20 0.066758
  18 5.416233 4.281410 35.591469 0.222897 0.539184 -0.812156 0.460938 0.562500 4 18 0.553782 14 0.213102 19 0.162149 22 0.070966
  14 -0.863340 5.988443 38.688431 -0.191363 0.929865 0.314214 0.437500 0.503906 4 14 0.462221 20 0.278952 22 0.187707 18 0.071120
demon
  19 9.427629 -0.000004 35.455147 -0.198884 0.000000 -0.980023 0.500000 0.593750 1 19 1.000000
  18 5.416233 4.281410 35.591469 0.222897 0.539184 -0.812156 0.460938 0.562500 4 18 0.553782 14 0.213102 19 0.162149 22 0.070966
  18 6.325845 5.747089 35.957230 0.074284 0.792509 -0.605319 0.449219 0.570312 4 18 0.623733 19 0.172466 14 0.137043 20 0.066758
demon
  10 -0.367471 -0.000001 13.730175 0.968213 -0.000000 -0.250126 0.214844 0.925781 3 10 0.683352 11 0.175252 46 0.141396
  46 -1.545230 1.816195 9.257153 0.920379 -0.086388 -0.381367 0.230469 0.968750 4 46 0.481120 10 0.452817 47 0.055641 48 0.010422
  46 -3.395350 5.370337 13.081791 0.716588 0.636485 0.285287 0.273438 0.941406 4 46 0.629793 47 0.143108 10 0.114457 11 0.112643
demon
  46 -3.395350 5.370337 13.081791 0.716588 0.636485 0.285287 0.273438 0.941406 4 46 0.629793 47 0.143108 10 0.114457 11 0.112643
  47 -7.645039 7.557559 13.817190 0.023568 0.944358 0.328075 0.351562 0.941406 4 47 0.615573 46 0.156077 56 0.125195 11 0.103154
  11 -8.617803 6.748930 17.195175 -0.289802 0.956933 -0.017129 0.363281 0.914062 4 11 0.421178 10 0.383182 47 0.105459 22 0.090181
demon
  22 -8.715925 8.034321 24.966454 -0.742635 0.550090 -0.381961 0.398438 0.851562 4 22 0.835203 23 0.067939 11 0.052789 12 0.044070
  22 -4.037422 9.945989 24.391747 0.293171 0.298700 -0.908201 0.335938 0.847656 3 22 0.709721 23 0.252750 11 0.037529
  11 -8.617803 6.748930 17.195175 -0.289802 0.956933 -0.017129 0.363281 0.914062 4 11 0.421178 10 0.383182 47 0.105459 22 0.090181
demon
  22 -1.461918 10.764480 27.109375 0.817715 0.559152 -0.136714 0.335938 0.804688 2 22 0.832096 23 0.167904
  22 1.111576 7.421571 25.459171 0.736141 0.615460 -0.281614 0.285156 0.812500 4 22 0.780740 11 0.115857 23 0.063552 12 0.039851
  22 -4.037422 9.945989 24.391747 0.293171 0.298700 -0.908201 0.335938 0.847656 3 22 0.709721 23 0.252750 11 0.037529
demon
  22 -4.037422 9.945989 24.391747 0.293171 0.298700 -0.908201 0.335938 0.847656 3 22 0.709721 23 0.252750 11 0.037529
  11 -2.088044 4.508381 16.989466 0.621593 0.715898 -0.317982 0.265625 0.898438 4 11 0.723926 46 0.105400 10 0.100370 22 0.070304
  11 -8.617803 6.748930 17.195175 -0.289802 0.956933 -0.017129 0.363281 0.914062 4 11 0.421178 10 0.383182 47 0.105459 22 0.090181
demon
  11 -2.088044 4.508381 16.989466 0.621593 0.715898 -0.317982 0.265625 0.898438 4 11 0.723926 46 0.105400 10 0.100370 22 0.070304
  22 -4.037422 9.945989 24.391747 0.293171 0.298700 -0.908201 0.335938 0.847656 3 22 0.709721 23 0.252750 11 0.037529
  22 1.111576 7.421571 25.459171 0.736141 0.615460 -0.281614 0.285156 0.812500 4 22 0.780740 11 0.115857 23 0.063552 12 0.039851
demon
  22 -6.012100 13.960829 30.336193 -0.179092 0.859655 0.478455 0.371094 0.777344 2 22 0.518669 23 0.481331
  22 -0.187187 9.378932 30.938587 0.670304 0.696063 0.257272 0.312500 0.769531 3 22 0.863233 14 0.081074 23 0.055693
  22 -1.461918 10.764480 27.109375 0.817715 0.559152 -0.136714 0.335938 0.804688 2 22 0.832096 23 0.167904
demon
  22 -8.715925 8.034321 24.966454 -0.742635 0.550090 -0.381961 0.398438 0.851562 4 22 0.835203 23 0.067939 11 0.052789 12 0.044070
  22 -8.751963 11.283409 25.801872 -0.844384 0.350357 -0.405296 0.371094 0.828125 2 22 0.791436 23 0.208564
  22 -4.037422 9.945989 24.391747 0.293171 0.298700 -0.908201 0.335938 0.847656 3 22 0.709721 23 0.252750 11 0.037529
demon
  24 8.654804 14.250872 19.497309 -0.213973 -0.661471 0.718799 0.078125 0.757812 2 24 0.923204 28 0.076796
  24 -0.443758 15.461361 17.353273 0.356853 -0.206579 0.911033 0.078125 0.835938 2 24 0.859136 23 0.140864
  24 -0.336239 13.732434 14.606146 0.018127 -0.938703 -0.344249 0.113281 0.835938 2 24 0.919496 23 0.080504
demon
  24 9.714358 16.355627 17.303385 0.471780 0.598252 -0.647702 0.072266 0.759766 2 24 0.936790 31 0.063210
  24 -0.027857 16.226398 12.984621 0.234524 0.120198 -0.964651 0.072266 0.837891 2 24 0.962065 23 0.037935
  24 -0.269193 18.072342 15.248819 0.120805 0.992548 -0.015981 0.037109 0.837891 2 24 0.976794 23 0.023206
demon
  24 9.479481 14.188716 17.290287 0.431773 -0.676944 -0.596086 0.113281 0.757812 1 24 1.000000
  24 -0.336239 13.732434 14.606146 0.018127 -0.938703 -0.344249 0.113281 0.835938 2 24 0.919496 23 0.080504
  24 -0.027857 16.226398 12.984621 0.234524 0.120198 -0.964651 0.148438 0.835938 2 24 0.962065 23 0.037935
demon
  24 9.055923 16.625103 19.317770 0.022118 0.800113 0.599441 0.037109 0.759766 2 24 0.988463 28 0.011537
  24 -0.269193 18.072342 15.248819 0.120805 0.992548 -0.015981 0.037109 0.837891 2 24 0.976794 23 0.023206
  24 -0.443758 15.461361 17.353273 0.356853 -0.206579 0.911033 0.001953 0.837891 2 24 0.859136 23 0.140864
demon
  23 -3.193393 17.854765 17.577740 -0.159239 0.969324 0.187229 0.037109 0.884766 2 23 0.939298 24 0.060702
  23 -4.423059 16.005138 24.722912 -0.062473 0.958082 0.279599 0.037109 0.947266 2 23 0.988213 22 0.011787
  23 -1.615015 13.567267 25.025032 0.971189 0.199001 0.131112 0.001953 0.947266 2 23 0.925365 22 0.074635
demon
  23 -6.574785 13.924467 23.114798 -0.930110 0.175729 -0.322513 0.072266 0.947266 2 23 0.945432 22 0.054568
  23 -4.423059 16.005138 24.722912 -0.062473 0.958082 0.279599 0.037109 0.947266 2 23 0.988213 22 0.011787
  23 -3.193393 17.854765 17.577740 -0.159239 0.969324 0.187229 0.037109 0.884766 2 23 0.939298 24 0.060702
demon
  23 -1.615015 13.567267 25.025032 0.971189 0.199001 0.131112 0.078125 0.945312 2 23 0.925365 22 0.074635
  23 -4.083085 11.276280 23.189354 0.116470 -0.775059 -0.621062 0.113281 0.945312 2 23 0.886860 22 0.113140
  23 -2.948725 13.551213 16.758043 -0.118166 -0.964188 -0.237441 0.113281 0.882812 2 23 0.926272 24 0.073728
demon
  23 -2.948725 13.551213 16.758043 -0.118166 -0.964188 -0.237441 0.113281 0.882812 2 23 0.926272 24 0.073728
  23 -4.083085 11.276280 23.189354 0.116470 -0.775059 -0.621062 0.113281 0.945312 2 23 0.886860 22 0.113140
  23 -6.574785 13.924467 23.114798 -0.930110 0.175729 -0.322513 0.148438 0.945312 2 23 0.945432 22 0.054568
demon
  22 -4.037422 9.945989 24.391747 0.293171 0.298700 -0.908201 0.113281 0.972656 3 22 0.709721 23 0.252750 11 0.037529
  22 -8.751963 11.283409 25.801872 -0.844384 0.350357 -0.405296 0.148438 0.972656 2 22 0.791436 23 0.208564
  23 -4.083085 11.276280 23.189354 0.116470 -0.775059 -0.621062 0.113281 0.945312 2 23 0.886860 22 0.113140
demon
  23 -6.574785 13.924467 23.114798 -0.930110 0.175729 -0.322513 0.072266 0.947266 2 23 0.945432 22 0.054568
  22 -8.751963 11.283409 25.801872 -0.844384 0.350357 -0.405296 0.072266 0.998047 2 22 0.791436 23 0.208564
  22 -6.012100 13.960829 30.336193 -0.179092 0.859655 0.478455 0.037109 0.998047 2 22 0.518669 23 0.481331
demon
  23 -1.615015 13.567267 25.025032 0.971189 0.199001 0.131112 0.078125 0.945312 2 23 0.925365 22 0.074635
  22 -1.461918 10.764480 27.109375 0.817715 0.559152 -0.136714 0.078125 0.972656 2 22 0.832096 23 0.167904
  23 -4.083085 11.276280 23.189354 0.116470 -0.775059 -0.621062 0.113281 0.945312 2 23 0.886860 22 0.113140
demon
  23 -1.615015 13.567267 25.025032 0.971189 0.199001 0.131112 0.001953 0.947266 2 23 0.925365 22 0.074635
  23 -4.423059 16.005138 24.722912 -0.062473 0.958082 0.279599 0.037109 0.947266 2 23 0.988213 22 0.011787
  22 -6.012100 13.960829 30.336193 -0.179092 0.859655 0.478455 0.037109 0.998047 2 22 0.518669 23 0.481331
demon
  22 -6.012100 13.960829 30.336193 -0.179092 0.859655 0.478455 0.371094 0.777344 2 22 0.518669 23 0.481331
  22 -8.751963 11.283409 25.801872 -0.844384 0.350357 -0.405296 0.371094 0.828125 2 22 0.791436 23 0.208564
  22 -10.373601 7.546335 28.931030 -0.912030 0.409835 0.015403 0.425781 0.820312 3 22 0.893261 12 0.077891 23 0.028848
demon
  46 -14.858550 0.000003 16.866106 -0.932382 0.000000 0.361475 0.500000 0.925781 4 46 0.825946 11 0.074698 10 0.059447 12 0.039909
  11 -8.617803 6.748930 17.195175 -0.289802 0.956933 -0.017129 0.363281 0.914062 4 11 0.421178 10 0.383182 47 0.105459 22 0.090181
  56 -13.510386 5.789013 10.373260 -0.482955 0.856163 0.183684 0.421875 0.996094 3 56 0.784703 47 0.167444 46 0.047853
demon
  22 -8.751963 11.283409 25.801872 -0.844384 0.350357 -0.405296 0.371094 0.828125 2 22 0.791436 23 0.208564
  22 -8.715925 8.034321 24.966454 -0.742635 0.550090 -0.381961 0.398438 0.851562 4 22 0.835203 23 0.067939 11 0.052789 12 0.044070
  22 -10.373601 7.546335 28.931030 -0.912030 0.409835 0.015403 0.425781 0.820312 3 22 0.893261 12 0.077891 23 0.028848
demon
  22 -8.715925 8.034321 24.966454 -0.742635 0.550090 -0.381961 0.398438 0.851562 4 22 0.835203 23 0.067939 11 0.052789 12 0.044070
  11 -8.617803 6.748930 17.195175 -0.289802 0.956933 -0.017129 0.363281 0.914062 4 11 0.421178 10 0.383182 47 0.105459 22 0.090181
  46 -14.858550 0.000003 16.866106 -0.932382 0.000000 0.361475 0.500000 0.925781 4 46 0.825946 11 0.074698 10 0.059447 12 0.039909
demon
  22 -8.715925 8.034321 24.966454 -0.742635 0.550090 -0.381961 0.398438 0.851562 4 22 0.835203 23 0.067939 11 0.052789 12 0.044070
  12 -13.610495 0.000003 27.183575 -0.986119 0.000000 0.166042 0.500000 0.847656 4 12 0.690421 22 0.134059 34 0.133930 56 0.041590
  22 -10.373601 7.546335 28.931030 -0.912030 0.409835 0.015403 0.425781 0.820312 3 22 0.893261 12 0.077891 23 0.028848
demon
  22 -8.998509 8.189099 33.303356 -0.656174 0.464598 0.594629 0.425781 0.781250 3 22 0.917445 13 0.056754 23 0.025801
  22 -10.373601 7.546335 28.931030 -0.912030 0.409835 0.015403 0.425781 0.820312 3 22 0.893261 12 0.077891 23 0.028848
  12 -13.610495 0.000003 27.183575 -0.986119 0.000000 0.166042 0.500000 0.847656 4 12 0.690421 22 0.134059 34 0.133930 56 0.041590
demon
  13 -8.751420 0.000001 37.358288 -0.703535 0.000000 0.710660 0.500000 0.750000 4 13 0.771334 14 0.077526 22 0.075629 34 0.075511
  22 -3.023550 7.718892 35.288456 0.038271 0.729447 0.682966 0.417969 0.730469 4 22 0.800799 14 0.131948 20 0.063101 13 0.004153
  22 -8.998509 8.189099 33.303356 -0.656174 0.464598 0.594629 0.425781 0.781250 3 22 0.917445 13 0.056754 23 0.025801
demon
  14 -3.066683 2.237218 40.654716 -0.782070 0.397550 0.479918 0.472656 0.695312 4 14 0.584517 20 0.274869 13 0.079273 21 0.061340
  14 -0.863340 5.988443 38.688431 -0.191363 0.929865 0.314214 0.417969 0.695312 4 14 0.462221 20 0.278952 22 0.187707 18 0.071120
  22 -3.023550 7.718892 35.288456 0.038271 0.729447 0.682966 0.417969 0.730469 4 22 0.800799 14 0.131948 20 0.063101 13 0.004153
demon
  24 9.479481 14.188716 17.290287 0.431773 -0.676944 -0.596086 0.113281 0.757812 1 24 1.000000
  24 10.242013 14.078060 18.232510 0.223663 -0.845429 -0.485000 0.113281 0.746094 3 24 0.764652 28 0.152228 31 0.083120
  28 9.662413 14.187012 19.772400 -0.610819 -0.651362 0.450142 0.078125 0.746094 2 28 0.746867 24 0.253133
demon
  24 9.055923 16.625103 19.317770 0.022118 0.800113 0.599441 0.037109 0.759766 2 24 0.988463 28 0.011537
  28 9.879887 16.076086 19.833118 -0.338005 0.693333 0.636429 0.037109 0.748047 2 28 0.964650 24 0.035350
  31 10.577473 16.147713 17.762476 0.236378 0.558195 -0.795326 0.072266 0.748047 4 31 0.693095 24 0.223092 28 0.080707 32 0.003106
demon
  24 9.714358 16.355627 17.303385 0.471780 0.598252 -0.647702 0.148438 0.757812 2 24 0.936790 31 0.063210
  31 10.577473 16.147713 17.762476 0.236378 0.558195 -0.795326 0.148438 0.746094 4 31 0.693095 24 0.223092 28 0.080707 32 0.003106
  24 10.242013 14.078060 18.232510 0.223663 -0.845429 -0.485000 0.113281 0.746094 3 24 0.764652 28 0.152228 31 0.083120
demon
  24 8.654804 14.250872 19.497309 -0.213973 -0.661471 0.718799 0.001953 0.759766 2 24 0.923204 28 0.076796
  28 9.662413 14.187012 19.772400 -0.610819 -0.651362 0.450142 0.001953 0.748047 2 28 0.746867 24 0.253133
  28 9.879887 16.076086 19.833118 -0.338005 0.693333 0.636429 0.037109 0.748047 2 28 0.964650 24 0.035350
demon
  28 13.024357 14.684945 21.830442 0.759183 -0.222399 0.611703 0.265625 0.632812 4 28 0.870165 25 0.061654 32 0.036949 29 0.031233
  28 9.879887 16.076086 19.833118 -0.338005 0.693333 0.636429 0.214844 0.617188 2 28 0.964650 24 0.035350
  28 11.317137 14.624031 22.570051 -0.496060 0.431455 0.753505 0.250000 0.640625 1 28 1.000000
demon
  28 13.024357 14.684945 21.830442 0.759183 -0.222399 0.611703 0.265625 0.632812 4 28 0.870165 25 0.061654 32 0.036949 29 0.031233
  25 13.530582 16.555101 21.663284 -0.143650 0.840584 0.522287 0.261719 0.617188 3 25 0.832039 28 0.093813 32 0.074148
  28 9.879887 16.076086 19.833118 -0.338005 0.693333 0.636429 0.214844 0.617188 2 28 0.964650 24 0.035350
demon
  25 13.530582 16.555101 21.663284 -0.143650 0.840584 0.522287 0.261719 0.617188 3 25 0.832039 28 0.093813 32 0.074148
  32 15.148044 16.052490 20.289982 0.833411 -0.367596 0.412674 0.273438 0.597656 4 32 0.830241 31 0.078323 25 0.053855 26 0.037582
  28 9.879887 16.076086 19.833118 -0.338005 0.693333 0.636429 0.214844 0.617188 2 28 0.964650 24 0.035350
demon
  32 15.148044 16.052490 20.289982 0.833411 -0.367596 0.412674 0.273438 0.597656 4 32 0.830241 31 0.078323 25 0.053855 26 0.037582
  31 13.943675 17.422327 19.722466 -0.047242 0.955357 0.291653 0.257812 0.593750 2 31 0.867234 32 0.132766
  28 9.879887 16.076086 19.833118 -0.338005 0.693333 0.636429 0.214844 0.617188 2 28 0.964650 24 0.035350
demon
  31 10.577473 16.147713 17.762476 0.236378 0.558195 -0.795326 0.214844 0.593750 4 31 0.693095 24 0.223092 28 0.080707 32 0.003106
  28 9.879887 16.076086 19.833118 -0.338005 0.693333 0.636429 0.214844 0.617188 2 28 0.964650 24 0.035350
  31 13.943675 17.422327 19.722466 -0.047242 0.955357 0.291653 0.257812 0.593750 2 31 0.867234 32 0.132766
demon
  28 11.317137 14.624031 22.570051 -0.496060 0.431455 0.753505 0.250000 0.640625 1 28 1.000000
  28 9.879887 16.076086 19.833118 -0.338005 0.693333 0.636429 0.214844 0.617188 2 28 0.964650 24 0.035350
  28 9.662413 14.187012 19.772400 -0.610819 -0.651362 0.450142 0.214844 0.640625 2 28 0.746867 24 0.253133
demon
  32 14.960936 16.220551 18.289684 0.292314 -0.185676 -0.938124 0.253906 0.574219 2 32 0.924201 31 0.075799
  31 10.577473 16.147713 17.762476 0.236378 0.558195 -0.795326 0.214844 0.593750 4 31 0.693095 24 0.223092 28 0.080707 32 0.003106
  31 13.943675 17.422327 19.722466 -0.047242 0.955357 0.291653 0.257812 0.593750 2 31 0.867234 32 0.132766
demon
  28 11.373455 12.940924 21.326038 -0.176541 -0.980173 -0.089962 0.238281 0.656250 3 28 0.961355 29 0.033975 24 0.004670
  28 11.317137 14.624031 22.570051 -0.496060 0.431455 0.753505 0.250000 0.640625 1 28 1.000000
  28 9.662413 14.187012 19.772400 -0.610819 -0.651362 0.450142 0.214844 0.640625 2 28 0.746867 24 0.253133
demon
  24 10.242013 14.078060 18.232510 0.223663 -0.845429 -0.485000 0.425781 0.640625 3 24 0.764652 28 0.152228 31 0.083120
  32 15.148044 16.052490 20.289982 0.833411 -0.367596 0.412674 0.375000 0.625000 4 32 0.830241 31 0.078323 25 0.053855 26 0.037582
  28 13.024357 14.684945 21.830442 0.759183 -0.222399 0.611703 0.367188 0.660156 4 28 0.870165 25 0.061654 32 0.036949 29 0.031233
demon
  28 13.024357 14.684945 21.830442 0.759183 -0.222399 0.611703 0.367188 0.660156 4 28 0.870165 25 0.061654 32 0.036949 29 0.031233
  28 11.373455 12.940924 21.326038 -0.176541 -0.980173 -0.089962 0.386719 0.683594 3 28 0.961355 29 0.033975 24 0.004670
  24 10.242013 14.078060 18.232510 0.223663 -0.845429 -0.485000 0.425781 0.640625 3 24 0.764652 28 0.152228 31 0.083120
demon
  32 14.960936 16.220551 18.289684 0.292314 -0.185676 -0.938124 0.402344 0.601562 2 32 0.924201 31 0.075799
  32 15.148044 16.052490 20.289982 0.833411 -0.367596 0.412674 0.375000 0.625000 4 32 0.830241 31 0.078323 25 0.053855 26 0.037582
  24 10.242013 14.078060 18.232510 0.223663 -0.845429 -0.485000 0.425781 0.640625 3 24 0.764652 28 0.152228 31 0.083120
demon
  24 -0.443758 15.461361 17.353273 0.356853 -0.206579 0.911033 0.001953 0.837891 2 24 0.859136 23 0.140864
  24 -0.269193 18.072342 15.248819 0.120805 0.992548 -0.015981 0.037109 0.837891 2 24 0.976794 23 0.023206
  23 -3.193393 17.854765 17.577740 -0.159239 0.969324 0.187229 0.037109 0.884766 2 23 0.939298 24 0.060702
demon
  24 -0.443758 15.461361 17.353273 0.356853 -0.206579 0.911033 0.078125 0.835938 2 24 0.859136 23 0.140864
  23 -0.851075 15.582275 18.148260 0.956577 0.090909 0.276941 0.078125 0.882812 2 23 0.798798 24 0.201202
  23 -2.948725 13.551213 16.758043 -0.118166 -0.964188 -0.237441 0.113281 0.882812 2 23 0.926272 24 0.073728
demon
  23 -3.193393 17.854765 17.577740 -0.159239 0.969324 0.187229 0.037109 0.884766 2 23 0.939298 24 0.060702
  24 -0.269193 18.072342 15.248819 0.120805 0.992548 -0.015981 0.037109 0.837891 2 24 0.976794 23 0.023206
  24 -3.635011 16.787491 12.551659 -0.529162 0.215165 -0.820787 0.072266 0.861328 2 24 0.511803 23 0.488197
demon
  23 -4.919459 15.777856 16.437794 -0.960959 0.009161 -0.276538 0.072266 0.884766 2 23 0.985737 24 0.014263
  23 -3.193393 17.854765 17.577740 -0.159239 0.969324 0.187229 0.037109 0.884766 2 23 0.939298 24 0.060702
  24 -3.635011 16.787491 12.551659 -0.529162 0.215165 -0.820787 0.072266 0.861328 2 24 0.511803 23 0.488197
demon
  24 -0.269193 18.072342 15.248819 0.120805 0.992548 -0.015981 0.037109 0.837891 2 24 0.976794 23 0.023206
  24 -0.027857 16.226398 12.984621 0.234524 0.120198 -0.964651 0.072266 0.837891 2 24 0.962065 23 0.037935
  24 -3.635011 16.787491 12.551659 -0.529162 0.215165 -0.820787 0.072266 0.861328 2 24 0.511803 23 0.488197
demon
  23 -4.919459 15.777856 16.437794 -0.960959 0.009161 -0.276538 0.148438 0.882812 2 23 0.985737 24 0.014263
  24 -3.635011 16.787491 12.551659 -0.529162 0.215165 -0.820787 0.148438 0.859375 2 24 0.511803 23 0.488197
  23 -2.948725 13.551213 16.758043 -0.118166 -0.964188 -0.237441 0.113281 0.882812 2 23 0.926272 24 0.073728
demon
  23 -2.948725 13.551213 16.758043 -0.118166 -0.964188 -0.237441 0.113281 0.882812 2 23 0.926272 24 0.073728
  24 -3.635011 16.787491 12.551659 -0.529162 0.215165 -0.820787 0.148438 0.859375 2 24 0.511803 23 0.488197
  24 -0.336239 13.732434 14.606146 0.018127 -0.938703 -0.344249 0.113281 0.835938 2 24 0.919496 23 0.080504
demon
  24 -0.027857 16.226398 12.984621 0.234524 0.120198 -0.964651 0.148438 0.835938 2 24 0.962065 23 0.037935
  24 -0.336239 13.732434 14.606146 0.018127 -0.938703 -0.344249 0.113281 0.835938 2 24 0.919496 23 0.080504
  24 -3.635011 16.787491 12.551659 -0.529162 0.215165 -0.820787 0.148438 0.859375 2 24 0.511803 23 0.488197
demon
  22 -0.187187 9.378932 30.938587 0.670304 0.696063 0.257272 0.312500 0.769531 3 22 0.863233 14 0.081074 23 0.055693
  12 5.795829 -0.000003 27.679295 0.989669 -0.000000 -0.143374 0.214844 0.781250 4 12 0.466431 14 0.256942 11 0.157782 22 0.118845
  22 1.111576 7.421571 25.459171 0.736141 0.615460 -0.281614 0.285156 0.812500 4 22 0.780740 11 0.115857 23 0.063552 12 0.039851
demon
  19 9.427629 -0.000004 35.455147 -0.198884 0.000000 -0.980023 0.500000 0.593750 1 19 1.000000
  19 15.025875 0.713411 31.554462 -0.568197 0.611509 -0.550644 0.492188 0.652344 1 19 1.000000
  19 15.025875 -0.713422 31.554462 -0.568197 -0.611509 -0.550644 0.507812 0.652344 1 19 1.000000
demon
  19 15.613804 -0.924447 29.668842 -0.246860 -0.546786 -0.800053 0.828125 0.996094 1 19 1.000000
  19 15.613804 0.924434 29.668842 -0.246860 0.546786 -0.800053 0.812500 0.996094 1 19 1.000000
  19 18.648876 0.575786 32.244129 0.943825 0.197356 -0.265039 0.816406 0.964844 1 19 1.000000
demon
  19 15.613804 -0.924447 29.668842 -0.246860 -0.546786 -0.800053 0.828125 0.996094 1 19 1.000000
  19 18.648876 0.575786 32.244129 0.943825 0.197356 -0.265039 0.816406 0.964844 1 19 1.000000
  19 18.648876 -0.575801 32.244129 0.943824 -0.197356 -0.265040 0.824219 0.964844 1 19 1.000000
demon
  19 11.046595 3.665915 37.506645 0.843665 0.329665 0.423735 0.234375 0.515625 4 19 0.495188 14 0.224756 20 0.145578 16 0.134478
  16 11.534122 3.829794 41.396553 0.765538 0.275914 -0.581226 0.250000 0.484375 4 16 0.433677 20 0.223280 17 0.200694 18 0.142349
  20 6.337337 2.300181 40.770519 0.699732 -0.531180 -0.477727 0.277344 0.507812 4 20 0.518093 14 0.190429 21 0.148891 16 0.142587
demon
  17 20.714327 0.831999 48.370056 0.782220 0.402102 0.475864 0.339844 0.238281 1 17 1.000000
  17 18.366064 1.312017 49.772141 0.144820 0.493012 0.857885 0.335938 0.218750 1 17 1.000000
  17 18.366064 -1.312031 49.772141 0.144819 -0.493012 0.857885 0.359375 0.218750 1 17 1.000000
demon
  17 20.714327 0.831999 48.370056 0.782220 0.402102 0.475864 0.339844 0.238281 1 17 1.000000
  17 18.366064 -1.312031 49.772141 0.144819 -0.493012 0.857885 0.359375 0.218750 1 17 1.000000
  17 20.714327 -0.832015 48.370056 0.782219 -0.402102 0.475864 0.355469 0.238281 1 17 1.000000
demon
  17 21.074522 -0.376202 44.230110 0.171249 -0.420384 -0.891039 0.351562 0.273438 1 17 1.000000
  17 20.206968 -1.525573 47.181591 0.631019 -0.738660 -0.237058 0.355469 0.300781 1 17 1.000000
  17 20.206968 1.525558 47.181591 0.631020 0.738659 -0.237058 0.339844 0.300781 1 17 1.000000
demon
  17 21.074522 -0.376202 44.230110 0.171249 -0.420384 -0.891039 0.351562 0.273438 1 17 1.000000
  17 20.206968 1.525558 47.181591 0.631020 0.738659 -0.237058 0.339844 0.300781 1 17 1.000000
  17 21.074522 0.376186 44.230110 0.171249 0.420384 -0.891039 0.343750 0.273438 1 17 1.000000
demon
  17 20.206968 1.525558 47.181591 0.631020 0.738659 -0.237058 0.039062 0.464844 1 17 1.000000
  17 18.854939 0.692511 47.543106 0.088370 -0.301561 -0.949343 0.054688 0.464844 2 17 0.990823 16 0.009177
  17 19.173740 2.283460 41.860931 -0.002909 0.135777 -0.990735 0.046875 0.414062 2 17 0.953290 16 0.046710
demon
  17 19.173740 2.283460 41.860931 -0.002909 0.135777 -0.990735 0.070312 0.414062 2 17 0.953290 16 0.046710
  17 18.854939 0.692511 47.543106 0.088370 -0.301561 -0.949343 0.062500 0.464844 2 17 0.990823 16 0.009177
  17 18.510759 2.318675 47.072376 0.227390 0.962460 -0.148206 0.078125 0.464844 2 17 0.946307 16 0.053693
demon
  16 11.534122 3.829794 41.396553 0.765538 0.275914 -0.581226 0.250000 0.484375 4 16 0.433677 20 0.223280 17 0.200694 18 0.142349
  17 18.510759 2.318675 47.072376 0.227390 0.962460 -0.148206 0.214844 0.410156 2 17 0.946307 16 0.053693
  17 18.854939 0.692511 47.543106 0.088370 -0.301561 -0.949343 0.226562 0.406250 2 17 0.990823 16 0.009177
demon
  19 11.046595 3.665915 37.506645 0.843665 0.329665 0.423735 0.234375 0.515625 4 19 0.495188 14 0.224756 20 0.145578 16 0.134478
  19 17.157658 0.529916 33.174843 0.338169 -0.401081 0.851338 0.167969 0.535156 1 19 1.000000
  19 15.663682 2.103487 34.129463 0.335697 0.895869 0.291079 0.183594 0.523438 2 19 0.997669 18 0.002331
demon
  16 8.291137 1.288363 46.348183 -0.192998 0.353967 0.915128 0.335938 0.128906 3 16 0.937623 20 0.061121 21 0.001256
  16 8.291136 -1.288371 46.348183 -0.192998 -0.353967 0.915128 0.359375 0.128906 2 16 0.944832 21 0.055168
  17 18.366064 -1.312031 49.772141 0.144819 -0.493012 0.857885 0.359375 0.218750 1 17 1.000000
demon
  16 8.291137 1.288363 46.348183 -0.192998 0.353967 0.915128 0.335938 0.128906 3 16 0.937623 20 0.061121 21 0.001256
  17 18.366064 -1.312031 49.772141 0.144819 -0.493012 0.857885 0.359375 0.218750 1 17 1.000000
  17 18.366064 1.312017 49.772141 0.144820 0.493012 0.857885 0.335938 0.218750 1 17 1.000000
demon
  19 15.025875 -0.713422 31.554462 -0.568197 -0.611509 -0.550644 0.507812 0.652344 1 19 1.000000
  19 15.025875 0.713411 31.554462 -0.568197 0.611509 -0.550644 0.492188 0.652344 1 19 1.000000
  19 15.613804 0.924434 29.668842 -0.246860 0.546786 -0.800053 0.492188 0.667969 1 19 1.000000
demon
  19 15.025875 -0.713422 31.554462 -0.568197 -0.611509 -0.550644 0.507812 0.652344 1 19 1.000000
  19 15.613804 0.924434 29.668842 -0.246860 0.546786 -0.800053 0.492188 0.667969 1 19 1.000000
  19 15.613804 -0.924447 29.668842 -0.246860 -0.546786 -0.800053 0.507812 0.667969 1 19 1.000000
demon
  21 1.267049 -0.000002 45.275444 -0.287370 0.000000 0.957820 0.347656 0.058594 3 21 0.467111 20 0.466909 16 0.065980
  20 -2.917680 1.381978 42.761452 -0.922936 -0.055761 0.380893 0.359375 0.015625 3 20 0.703906 21 0.152873 14 0.143221
  21 -2.917681 -1.381979 42.761452 -0.922936 0.055762 0.380893 0.335938 0.015625 3 21 0.709004 20 0.146212 14 0.144784
demon
  47 -7.645039 7.557559 13.817190 0.023568 0.944358 0.328075 0.044922 0.001953 4 47 0.615573 46 0.156077 56 0.125195 11 0.103154
  48 0.004759 14.459140 0.630195 0.165599 0.947333 0.274112 0.033203 0.142578 2 48 0.837787 47 0.162213
  47 -2.645587 12.580221 0.983000 -0.737988 0.649169 0.184265 0.056641 0.130859 2 47 0.756944 48 0.243056
demon
  46 -3.395350 5.370337 13.081791 0.716588 0.636485 0.285287 0.001953 0.001953 4 46 0.629793 47 0.143108 10 0.114457 11 0.112643
  48 2.494206 11.922831 1.511387 0.932493 0.184996 0.310215 0.001953 0.130859 2 48 0.527224 47 0.472776
  48 0.004759 14.459140 0.630195 0.165599 0.947333 0.274112 0.033203 0.142578 2 48 0.837787 47 0.162213
demon
  17 18.854939 0.692511 47.543106 0.088370 -0.301561 -0.949343 0.226562 0.406250 2 17 0.990823 16 0.009177
  20 6.337337 2.300181 40.770519 0.699732 -0.531180 -0.477727 0.277344 0.507812 4 20 0.518093 14 0.190429 21 0.148891 16 0.142587
  16 11.534122 3.829794 41.396553 0.765538 0.275914 -0.581226 0.250000 0.484375 4 16 0.433677 20 0.223280 17 0.200694 18 0.142349
demon
  17 20.714327 0.831999 48.370056 0.782220 0.402102 0.475864 0.339844 0.238281 1 17 1.000000
  17 20.714327 -0.832015 48.370056 0.782219 -0.402102 0.475864 0.355469 0.238281 1 17 1.000000
  17 21.074522 -0.376202 44.230110 0.171249 -0.420384 -0.891039 0.351562 0.273438 1 17 1.000000
demon
  17 20.714327 0.831999 48.370056 0.782220 0.402102 0.475864 0.339844 0.238281 1 17 1.000000
  17 21.074522 -0.376202 44.230110 0.171249 -0.420384 -0.891039 0.351562 0.273438 1 17 1.000000
  17 21.074522 0.376186 44.230110 0.171249 0.420384 -0.891039 0.343750 0.273438 1 17 1.000000
demon
  19 11.046595 3.665915 37.506645 0.843665 0.329665 0.423735 0.234375 0.515625 4 19 0.495188 14 0.224756 20 0.145578 16 0.134478
  14 5.849809 2.201755 38.248745 0.775046 -0.495695 0.391906 0.277344 0.531250 4 14 0.563459 20 0.221868 21 0.113283 18 0.101389
  19 17.157658 0.529916 33.174843 0.338169 -0.401081 0.851338 0.167969 0.535156 1 19 1.000000
demon
  49 -10.262192 14.339317 -9.269647 -0.952090 0.160415 0.260368 0.087891 0.232422 2 49 0.622748 48 0.377252
  49 -7.489002 15.939907 -9.777424 -0.031517 0.994208 0.102745 0.044922 0.228516 2 49 0.996783 48 0.003217
  49 -10.262192 14.339317 -10.753738 -0.984098 0.107018 -0.141766 0.087891 0.248047 2 49 0.939421 48 0.060579
demon
  49 -10.262192 14.339317 -9.269647 -0.952090 0.160415 0.260368 0.195312 0.222656 2 49 0.622748 48 0.377252
  49 -10.262192 14.339317 -10.753738 -0.984098 0.107018 -0.141766 0.195312 0.238281 2 49 0.939421 48 0.060579
  49 -8.137736 12.149794 -9.661583 -0.350631 -0.932373 -0.087969 0.152344 0.218750 2 49 0.955166 48 0.044834
demon
  59 -41.719879 1.230241 16.775082 -0.132417 0.988401 0.074356 0.267578 0.044922 1 59 1.000000
  59 -44.547935 0.000012 20.788490 -0.588142 0.000002 0.808757 0.267578 0.001953 1 59 1.000000
  59 -41.067921 0.000012 17.591818 0.716068 -0.000000 0.698031 0.283203 0.044922 1 59 1.000000
demon
  18 6.325845 5.747089 35.957230 0.074284 0.792509 -0.605319 0.117188 0.507812 4 18 0.623733 19 0.172466 14 0.137043 20 0.066758
  19 11.046595 3.665915 37.506645 0.843665 0.329665 0.423735 0.082031 0.476562 4 19 0.495188 14 0.224756 20 0.145578 16 0.134478
  19 15.025875 0.713411 31.554462 -0.568197 0.611509 -0.550644 0.023438 0.507812 1 19 1.000000
demon
  19 15.663682 2.103487 34.129463 0.335697 0.895869 0.291079 0.031250 0.484375 2 19 0.997669 18 0.002331
  19 17.534861 1.412184 32.632732 0.311355 0.920279 -0.236948 0.013672 0.482422 1 19 1.000000
  19 15.025875 0.713411 31.554462 -0.568197 0.611509 -0.550644 0.023438 0.507812 1 19 1.000000
demon
  20 0.627004 3.668046 44.885639 0.035811 0.773826 0.632385 0.199219 0.453125 1 20 1.000000
  16 8.291137 1.288363 46.348183 -0.192998 0.353967 0.915128 0.148438 0.410156 3 16 0.937623 20 0.061121 21 0.001256
  20 -0.893880 5.178895 41.364811 -0.301129 0.938556 0.168626 0.195312 0.488281 4 20 0.844207 14 0.100895 18 0.047897 22 0.007001
demon
  14 -0.863340 5.988443 38.688431 -0.191363 0.929865 0.314214 0.187500 0.507812 4 14 0.462221 20 0.278952 22 0.187707 18 0.071120
  18 5.916533 5.904235 39.766716 0.137094 0.981351 0.134745 0.136719 0.480469 4 18 0.608666 20 0.179426 16 0.125416 14 0.086491
  18 6.325845 5.747089 35.957230 0.074284 0.792509 -0.605319 0.117188 0.507812 4 18 0.623733 19 0.172466 14 0.137043 20 0.066758
demon
  22 1.111576 7.421571 25.459171 0.736141 0.615460 -0.281614 0.285156 0.812500 4 22 0.780740 11 0.115857 23 0.063552 12 0.039851
  11 2.857403 -0.000002 20.081999 0.894512 -0.000000 -0.447043 0.214844 0.851562 4 11 0.756971 10 0.082777 22 0.080396 34 0.079856
  11 -2.088044 4.508381 16.989466 0.621593 0.715898 -0.317982 0.265625 0.898438 4 11 0.723926 46 0.105400 10 0.100370 22 0.070304
demon
  51 -7.556620 13.236897 -23.920887 -0.316159 -0.732858 -0.602464 0.085938 0.570312 1 51 1.000000
  51 -7.437097 15.374940 -23.920908 -0.279195 0.748985 -0.600893 0.054688 0.570312 1 51 1.000000
  52 -0.652007 12.117665 -24.627434 -0.102403 -0.639368 -0.762051 0.093750 0.625000 2 52 0.989099 51 0.010901
demon
  52 -0.425213 16.174587 -24.627476 -0.086040 0.648367 -0.756451 0.046875 0.625000 1 52 1.000000
  53 7.636336 16.071493 -24.136827 0.584371 -0.128504 -0.801247 0.054688 0.703125 3 53 0.961715 55 0.029744 52 0.008540
  52 -0.652007 12.117665 -24.627434 -0.102403 -0.639368 -0.762051 0.093750 0.625000 2 52 0.989099 51 0.010901
demon
  12 -13.610495 0.000003 27.183575 -0.986119 0.000000 0.166042 0.500000 0.847656 4 12 0.690421 22 0.134059 34 0.133930 56 0.041590
  22 -8.715925 8.034321 24.966454 -0.742635 0.550090 -0.381961 0.398438 0.851562 4 22 0.835203 23 0.067939 11 0.052789 12 0.044070
  46 -14.858550 0.000003 16.866106 -0.932382 0.000000 0.361475 0.500000 0.925781 4 46 0.825946 11 0.074698 10 0.059447 12 0.039909
demon
  56 -13.510386 5.789013 10.373260 -0.482955 0.856163 0.183684 0.267578 0.345703 3 56 0.784703 47 0.167444 46 0.047853
  47 -9.891013 5.042368 4.512574 -0.159092 0.263519 -0.951445 0.205078 0.345703 4 47 0.796080 56 0.127645 48 0.049795 60 0.026481
  56 -20.865498 4.359187 4.592493 -0.279211 0.941899 -0.186730 0.267578 0.267578 2 56 0.920074 57 0.079926
demon
  56 -20.108101 0.000005 1.176335 -0.011958 0.000000 -0.999929 0.220703 0.267578 2 56 0.534940 57 0.465060
  57 -29.030415 0.000008 2.112016 -0.411214 0.000000 -0.911539 0.240234 0.193359 2 57 0.550917 58 0.449083
  56 -20.865498 4.359187 4.592493 -0.279211 0.941899 -0.186730 0.267578 0.267578 2 56 0.920074 57 0.079926
demon
  57 -28.727463 2.268942 5.244617 -0.191517 0.980757 0.037892 0.267578 0.193359 3 57 0.843359 58 0.156395 56 0.000246
  57 -29.030415 0.000008 2.112016 -0.411214 0.000000 -0.911539 0.240234 0.193359 2 57 0.550917 58 0.449083
  58 -36.262276 1.738585 9.794535 -0.064233 0.997480 0.030125 0.267578 0.119141 2 58 0.858200 59 0.141800
demon
  59 -38.061974 0.000011 8.784000 -0.757989 0.000000 -0.652267 0.248047 0.119141 2 59 0.730770 58 0.269230
  59 -42.429024 0.000012 16.336147 -0.864109 0.000000 -0.503306 0.251953 0.044922 1 59 1.000000
  58 -36.262276 1.738585 9.794535 -0.064233 0.997480 0.030125 0.267578 0.119141 2 58 0.858200 59 0.141800
demon
  59 -41.719879 1.230241 16.775082 -0.132417 0.988401 0.074356 0.267578 0.044922 1 59 1.000000
  59 -41.067921 0.000012 17.591818 0.716068 -0.000000 0.698031 0.283203 0.044922 1 59 1.000000
  58 -36.262276 1.738585 9.794535 -0.064233 0.997480 0.030125 0.267578 0.119141 2 58 0.858200 59 0.141800
demon
  57 -28.727463 2.268942 5.244617 -0.191517 0.980757 0.037892 0.267578 0.193359 3 57 0.843359 58 0.156395 56 0.000246
  58 -36.262276 1.738585 9.794535 -0.064233 0.997480 0.030125 0.267578 0.119141 2 58 0.858200 59 0.141800
  58 -28.780441 0.000008 7.338173 0.202643 -0.000000 0.979253 0.294922 0.193359 2 58 0.901314 57 0.098686
demon
  57 -28.727463 2.268942 5.244617 -0.191517 0.980757 0.037892 0.267578 0.193359 3 57 0.843359 58 0.156395 56 0.000246
  58 -28.780441 0.000008 7.338173 0.202643 -0.000000 0.979253 0.294922 0.193359 2 58 0.901314 57 0.098686
  56 -20.865498 4.359187 4.592493 -0.279211 0.941899 -0.186730 0.267578 0.267578 2 56 0.920074 57 0.079926
demon
  56 -21.675760 0.000006 8.428892 -0.550444 0.000000 0.834872 0.314453 0.267578 2 56 0.973329 58 0.026671
  46 -14.858550 0.000003 16.866106 -0.932382 0.000000 0.361475 0.330078 0.345703 4 46 0.825946 11 0.074698 10 0.059447 12 0.039909
  56 -20.865498 4.359187 4.592493 -0.279211 0.941899 -0.186730 0.267578 0.267578 2 56 0.920074 57 0.079926
demon
  13 -8.751420 0.000001 37.358288 -0.703535 0.000000 0.710660 0.500000 0.750000 4 13 0.771334 14 0.077526 22 0.075629 34 0.075511
  22 -8.998509 8.189099 33.303356 -0.656174 0.464598 0.594629 0.425781 0.781250 3 22 0.917445 13 0.056754 23 0.025801
  12 -13.610495 0.000003 27.183575 -0.986119 0.000000 0.166042 0.500000 0.847656 4 12 0.690421 22 0.134059 34 0.133930 56 0.041590
demon
  22 -8.998509 8.189099 33.303356 -0.656174 0.464598 0.594629 0.425781 0.781250 3 22 0.917445 13 0.056754 23 0.025801
  22 -6.012100 13.960829 30.336193 -0.179092 0.859655 0.478455 0.371094 0.777344 2 22 0.518669 23 0.481331
  22 -10.373601 7.546335 28.931030 -0.912030 0.409835 0.015403 0.425781 0.820312 3 22 0.893261 12 0.077891 23 0.028848
demon
  11 -2.088044 4.508381 16.989466 0.621593 0.715898 -0.317982 0.265625 0.898438 4 11 0.723926 46 0.105400 10 0.100370 22 0.070304
  46 -3.395350 5.370337 13.081791 0.716588 0.636485 0.285287 0.273438 0.941406 4 46 0.629793 47 0.143108 10 0.114457 11 0.112643
  11 -8.617803 6.748930 17.195175 -0.289802 0.956933 -0.017129 0.363281 0.914062 4 11 0.421178 10 0.383182 47 0.105459 22 0.090181
demon
  56 -13.510386 5.789013 10.373260 -0.482955 0.856163 0.183684 0.091797 0.001953 3 56 0.784703 47 0.167444 46 0.047853
  47 -7.645039 7.557559 13.817190 0.023568 0.944358 0.328075 0.044922 0.001953 4 47 0.615573 46 0.156077 56 0.125195 11 0.103154
  47 -2.645587 12.580221 0.983000 -0.737988 0.649169 0.184265 0.056641 0.130859 2 47 0.756944 48 0.243056
demon
  46 -3.395350 5.370337 13.081791 0.716588 0.636485 0.285287 0.111328 0.001953 4 46 0.629793 47 0.143108 10 0.114457 11 0.112643
  46 -1.545230 1.816195 9.257153 0.920379 -0.086388 -0.381367 0.152344 0.023438 4 46 0.481120 10 0.452817 47 0.055641 48 0.010422
  48 2.494206 11.922831 1.511387 0.932493 0.184996 0.310215 0.109375 0.121094 2 48 0.527224 47 0.472776
demon
  48 0.614662 9.054051 -1.539235 0.506305 -0.727846 -0.462489 0.148438 0.132812 2 48 0.947365 47 0.052635
  46 -1.545230 1.816195 9.257153 0.920379 -0.086388 -0.381367 0.152344 0.023438 4 46 0.481120 10 0.452817 47 0.055641 48 0.010422
  48 -2.758457 9.399898 -0.373769 -0.607815 -0.677537 -0.414130 0.195312 0.121094 2 48 0.866907 47 0.133093
demon
  52 -0.367495 14.140174 -21.417233 0.418797 0.093406 0.903263 0.001953 0.337891 3 52 0.984428 4 0.011984 49 0.003588
  4 -4.979256 16.440655 -19.785007 -0.075356 0.992196 0.099340 0.048828 0.326172 4 4 0.903719 51 0.057825 52 0.037882 49 0.000574
  49 -5.082603 13.804121 -10.411385 0.977988 -0.033731 -0.205918 0.001953 0.228516 1 49 1.000000
demon
  49 -8.137736 12.149794 -9.661583 -0.350631 -0.932373 -0.087969 0.152344 0.218750 2 49 0.955166 48 0.044834
  49 -4.880780 11.828169 -18.715473 -0.061329 -0.994752 0.081898 0.156250 0.316406 3 49 0.896480 51 0.051850 52 0.051670
  49 -5.082603 13.804121 -10.411385 0.977988 -0.033731 -0.205918 0.109375 0.218750 1 49 1.000000
demon
  51 -7.344690 14.297447 -21.192717 -0.965653 0.049759 0.255025 0.195312 0.328125 3 51 0.849576 4 0.077830 49 0.072594
  49 -4.880780 11.828169 -18.715473 -0.061329 -0.994752 0.081898 0.156250 0.316406 3 49 0.896480 51 0.051850 52 0.051670
  49 -10.262192 14.339317 -10.753738 -0.984098 0.107018 -0.141766 0.195312 0.238281 2 49 0.939421 48 0.060579
demon
  49 -7.489002 15.939907 -9.777424 -0.031517 0.994208 0.102745 0.044922 0.228516 2 49 0.996783 48 0.003217
  4 -4.979256 16.440655 -19.785007 -0.075356 0.992196 0.099340 0.048828 0.326172 4 4 0.903719 51 0.057825 52 0.037882 49 0.000574
  49 -10.262192 14.339317 -10.753738 -0.984098 0.107018 -0.141766 0.087891 0.248047 2 49 0.939421 48 0.060579
demon
  48 2.745444 12.827189 -0.871214 0.928439 0.304351 -0.213008 0.001953 0.154297 2 48 0.919538 47 0.080462
  49 -5.082603 13.804121 -10.411385 0.977988 -0.033731 -0.205918 0.001953 0.228516 1 49 1.000000
  48 0.004759 14.459140 0.630195 0.165599 0.947333 0.274112 0.033203 0.142578 2 48 0.837787 47 0.162213
demon
  49 -8.137736 12.149794 -9.661583 -0.350631 -0.932373 -0.087969 0.152344 0.218750 2 49 0.955166 48 0.044834
  49 -5.082603 13.804121 -10.411385 0.977988 -0.033731 -0.205918 0.109375 0.218750 1 49 1.000000
  48 0.614662 9.054051 -1.539235 0.506305 -0.727846 -0.462489 0.148438 0.132812 2 48 0.947365 47 0.052635
demon
  49 -7.489002 15.939907 -9.777424 -0.031517 0.994208 0.102745 0.044922 0.228516 2 49 0.996783 48 0.003217
  49 -10.262192 14.339317 -9.269647 -0.952090 0.160415 0.260368 0.087891 0.232422 2 49 0.622748 48 0.377252
  48 0.004759 14.459140 0.630195 0.165599 0.947333 0.274112 0.033203 0.142578 2 48 0.837787 47 0.162213
demon
  47 -7.645039 7.557559 13.817190 0.023568 0.944358 0.328075 0.044922 0.001953 4 47 0.615573 46 0.156077 56 0.125195 11 0.103154
  46 -3.395350 5.370337 13.081791 0.716588 0.636485 0.285287 0.001953 0.001953 4 46 0.629793 47 0.143108 10 0.114457 11 0.112643
  48 0.004759 14.459140 0.630195 0.165599 0.947333 0.274112 0.033203 0.142578 2 48 0.837787 47 0.162213
demon
  13 -8.751420 0.000001 37.358288 -0.703535 0.000000 0.710660 0.500000 0.750000 4 13 0.771334 14 0.077526 22 0.075629 34 0.075511
  14 -3.066683 2.237218 40.654716 -0.782070 0.397550 0.479918 0.472656 0.695312 4 14 0.584517 20 0.274869 13 0.079273 21 0.061340
  22 -3.023550 7.718892 35.288456 0.038271 0.729447 0.682966 0.417969 0.730469 4 22 0.800799 14 0.131948 20 0.063101 13 0.004153
demon
  22 -3.023550 7.718892 35.288456 0.038271 0.729447 0.682966 0.324219 0.730469 4 22 0.800799 14 0.131948 20 0.063101 13 0.004153
  14 -0.863340 5.988443 38.688431 -0.191363 0.929865 0.314214 0.324219 0.695312 4 14 0.462221 20 0.278952 22 0.187707 18 0.071120
  14 3.153729 4.851866 33.803848 0.647816 0.759762 -0.055636 0.269531 0.734375 4 14 0.524753 22 0.220952 18 0.184993 19 0.069302
demon
  14 3.153729 4.851866 33.803848 0.647816 0.759762 -0.055636 0.269531 0.734375 4 14 0.524753 22 0.220952 18 0.184993 19 0.069302
  18 5.416233 4.281410 35.591469 0.222897 0.539184 -0.812156 0.257812 0.707031 4 18 0.553782 14 0.213102 19 0.162149 22 0.070966
  14 5.422596 -0.000003 32.388161 0.932856 -0.000000 -0.360249 0.214844 0.742188 4 14 0.560040 19 0.183639 18 0.149837 12 0.106485
demon
  17 18.366064 1.312017 49.772141 0.144820 0.493012 0.857885 0.074219 0.351562 1 17 1.000000
  17 18.510759 2.318675 47.072376 0.227390 0.962460 -0.148206 0.062500 0.371094 2 17 0.946307 16 0.053693
  16 11.389425 3.913303 44.764111 0.033822 0.919140 0.392476 0.113281 0.417969 4 16 0.835352 17 0.108008 18 0.055476 20 0.001164
demon
  22 -1.461918 10.764480 27.109375 0.817715 0.559152 -0.136714 0.001953 0.998047 2 22 0.832096 23 0.167904
  23 -1.615015 13.567267 25.025032 0.971189 0.199001 0.131112 0.001953 0.947266 2 23 0.925365 22 0.074635
  22 -6.012100 13.960829 30.336193 -0.179092 0.859655 0.478455 0.037109 0.998047 2 22 0.518669 23 0.481331
demon
  23 -4.423059 16.005138 24.722912 -0.062473 0.958082 0.279599 0.037109 0.947266 2 23 0.988213 22 0.011787
  23 -6.574785 13.924467 23.114798 -0.930110 0.175729 -0.322513 0.072266 0.947266 2 23 0.945432 22 0.054568
  22 -6.012100 13.960829 30.336193 -0.179092 0.859655 0.478455 0.037109 0.998047 2 22 0.518669 23 0.481331
demon
  23 -4.919459 15.777856 16.437794 -0.960959 0.009161 -0.276538 0.072266 0.884766 2 23 0.985737 24 0.014263
  23 -6.574785 13.924467 23.114798 -0.930110 0.175729 -0.322513 0.072266 0.947266 2 23 0.945432 22 0.054568
  23 -3.193393 17.854765 17.577740 -0.159239 0.969324 0.187229 0.037109 0.884766 2 23 0.939298 24 0.060702
demon
  23 -0.851075 15.582275 18.148260 0.956577 0.090909 0.276941 0.001953 0.884766 2 23 0.798798 24 0.201202
  23 -3.193393 17.854765 17.577740 -0.159239 0.969324 0.187229 0.037109 0.884766 2 23 0.939298 24 0.060702
  23 -1.615015 13.567267 25.025032 0.971189 0.199001 0.131112 0.001953 0.947266 2 23 0.925365 22 0.074635
demon
  22 -8.751963 11.283409 25.801872 -0.844384 0.350357 -0.405296 0.148438 0.972656 2 22 0.791436 23 0.208564
  23 -6.574785 13.924467 23.114798 -0.930110 0.175729 -0.322513 0.148438 0.945312 2 23 0.945432 22 0.054568
  23 -4.083085 11.276280 23.189354 0.116470 -0.775059 -0.621062 0.113281 0.945312 2 23 0.886860 22 0.113140
demon
  22 -1.461918 10.764480 27.109375 0.817715 0.559152 -0.136714 0.078125 0.972656 2 22 0.832096 23 0.167904
  22 -4.037422 9.945989 24.391747 0.293171 0.298700 -0.908201 0.113281 0.972656 3 22 0.709721 23 0.252750 11 0.037529
  23 -4.083085 11.276280 23.189354 0.116470 -0.775059 -0.621062 0.113281 0.945312 2 23 0.886860 22 0.113140
demon
  23 -0.851075 15.582275 18.148260 0.956577 0.090909 0.276941 0.078125 0.882812 2 23 0.798798 24 0.201202
  23 -1.615015 13.567267 25.025032 0.971189 0.199001 0.131112 0.078125 0.945312 2 23 0.925365 22 0.074635
  23 -2.948725 13.551213 16.758043 -0.118166 -0.964188 -0.237441 0.113281 0.882812 2 23 0.926272 24 0.073728
demon
  23 -4.919459 15.777856 16.437794 -0.960959 0.009161 -0.276538 0.148438 0.882812 2 23 0.985737 24 0.014263
  23 -2.948725 13.551213 16.758043 -0.118166 -0.964188 -0.237441 0.113281 0.882812 2 23 0.926272 24 0.073728
  23 -6.574785 13.924467 23.114798 -0.930110 0.175729 -0.322513 0.148438 0.945312 2 23 0.945432 22 0.054568
demon
  31 10.577473 16.147713 17.762476 0.236378 0.558195 -0.795326 0.425781 0.617188 4 31 0.693095 24 0.223092 28 0.080707 32 0.003106
  32 14.960936 16.220551 18.289684 0.292314 -0.185676 -0.938124 0.402344 0.601562 2 32 0.924201 31 0.075799
  24 10.242013 14.078060 18.232510 0.223663 -0.845429 -0.485000 0.425781 0.640625 3 24 0.764652 28 0.152228 31 0.083120
demon
  29 13.656731 13.442924 23.319399 0.831795 0.542551 -0.117279 0.343750 0.675781 3 29 0.929234 28 0.035420 30 0.035346
  29 12.990037 11.977188 23.250570 -0.192753 -0.954839 -0.226116 0.371094 0.699219 3 29 0.938321 30 0.045009 28 0.016670
  28 13.024357 14.684945 21.830442 0.759183 -0.222399 0.611703 0.367188 0.660156 4 28 0.870165 25 0.061654 32 0.036949 29 0.031233
demon
  28 11.373455 12.940924 21.326038 -0.176541 -0.980173 -0.089962 0.386719 0.683594 3 28 0.961355 29 0.033975 24 0.004670
  28 9.662413 14.187012 19.772400 -0.610819 -0.651362 0.450142 0.425781 0.664062 2 28 0.746867 24 0.253133
  24 10.242013 14.078060 18.232510 0.223663 -0.845429 -0.485000 0.425781 0.640625 3 24 0.764652 28 0.152228 31 0.083120
demon
  32 18.242277 16.253342 19.734467 0.121367 -0.688183 0.715314 0.359375 0.609375 1 32 1.000000
  32 15.148044 16.052490 20.289982 0.833411 -0.367596 0.412674 0.375000 0.625000 4 32 0.830241 31 0.078323 25 0.053855 26 0.037582
  32 17.916918 16.330341 18.419716 0.124273 -0.361904 -0.923895 0.382812 0.585938 1 32 1.000000
demon
  28 13.024357 14.684945 21.830442 0.759183 -0.222399 0.611703 0.367188 0.660156 4 28 0.870165 25 0.061654 32 0.036949 29 0.031233
  32 15.148044 16.052490 20.289982 0.833411 -0.367596 0.412674 0.375000 0.625000 4 32 0.830241 31 0.078323 25 0.053855 26 0.037582
  26 16.479128 14.498986 22.479780 -0.212799 -0.901887 0.375922 0.343750 0.660156 2 26 0.979575 27 0.020425
demon
  32 15.148044 16.052490 20.289982 0.833411 -0.367596 0.412674 0.273438 0.597656 4 32 0.830241 31 0.078323 25 0.053855 26 0.037582
  25 13.530582 16.555101 21.663284 -0.143650 0.840584 0.522287 0.261719 0.617188 3 25 0.832039 28 0.093813 32 0.074148
  26 16.969845 15.410371 21.475580 0.420393 0.245617 -0.873465 0.296875 0.597656 2 26 0.982172 27 0.017828
demon
  26 17.208668 15.567198 22.850248 0.169516 0.627603 0.759855 0.300781 0.617188 2 26 0.546060 27 0.453940
  25 13.530582 16.555101 21.663284 -0.143650 0.840584 0.522287 0.261719 0.617188 3 25 0.832039 28 0.093813 32 0.074148
  26 16.479128 14.498986 22.479780 -0.212799 -0.901887 0.375922 0.296875 0.632812 2 26 0.979575 27 0.020425
demon
  29 13.194336 12.911989 24.432163 -0.340077 0.196880 0.919557 0.269531 0.660156 2 29 0.525289 30 0.474711
  29 13.656731 13.442924 23.319399 0.831795 0.542551 -0.117279 0.281250 0.648438 3 29 0.929234 28 0.035420 30 0.035346
  28 11.317137 14.624031 22.570051 -0.496060 0.431455 0.753505 0.250000 0.640625 1 28 1.000000
demon
  29 13.194336 12.911989 24.432163 -0.340077 0.196880 0.919557 0.269531 0.660156 2 29 0.525289 30 0.474711
  28 11.317137 14.624031 22.570051 -0.496060 0.431455 0.753505 0.250000 0.640625 1 28 1.000000
  29 12.990037 11.977188 23.250570 -0.192753 -0.954839 -0.226116 0.257812 0.671875 3 29 0.938321 30 0.045009 28 0.016670
demon
  32 18.372124 17.666107 19.542637 0.158098 0.958261 0.238204 0.281250 0.574219 1 32 1.000000
  31 13.943675 17.422327 19.722466 -0.047242 0.955357 0.291653 0.257812 0.593750 2 31 0.867234 32 0.132766
  32 18.242277 16.253342 19.734467 0.121367 -0.688183 0.715314 0.296875 0.582031 1 32 1.000000
demon
  32 14.960936 16.220551 18.289684 0.292314 -0.185676 -0.938124 0.253906 0.574219 2 32 0.924201 31 0.075799
  31 13.943675 17.422327 19.722466 -0.047242 0.955357 0.291653 0.257812 0.593750 2 31 0.867234 32 0.132766
  32 17.916918 16.330341 18.419716 0.124273 -0.361904 -0.923895 0.269531 0.558594 1 32 1.000000
demon
  24 9.055923 16.625103 19.317770 0.022118 0.800113 0.599441 0.037109 0.759766 2 24 0.988463 28 0.011537
  24 8.654804 14.250872 19.497309 -0.213973 -0.661471 0.718799 0.001953 0.759766 2 24 0.923204 28 0.076796
  28 9.879887 16.076086 19.833118 -0.338005 0.693333 0.636429 0.037109 0.748047 2 28 0.964650 24 0.035350
demon
  24 9.714358 16.355627 17.303385 0.471780 0.598252 -0.647702 0.072266 0.759766 2 24 0.936790 31 0.063210
  24 9.055923 16.625103 19.317770 0.022118 0.800113 0.599441 0.037109 0.759766 2 24 0.988463 28 0.011537
  31 10.577473 16.147713 17.762476 0.236378 0.558195 -0.795326 0.072266 0.748047 4 31 0.693095 24 0.223092 28 0.080707 32 0.003106
demon
  24 9.479481 14.188716 17.290287 0.431773 -0.676944 -0.596086 0.113281 0.757812 1 24 1.000000
  24 9.714358 16.355627 17.303385 0.471780 0.598252 -0.647702 0.148438 0.757812 2 24 0.936790 31 0.063210
  24 10.242013 14.078060 18.232510 0.223663 -0.845429 -0.485000 0.113281 0.746094 3 24 0.764652 28 0.152228 31 0.083120
demon
  24 8.654804 14.250872 19.497309 -0.213973 -0.661471 0.718799 0.078125 0.757812 2 24 0.923204 28 0.076796
  24 9.479481 14.188716 17.290287 0.431773 -0.676944 -0.596086 0.113281 0.757812 1 24 1.000000
  28 9.662413 14.187012 19.772400 -0.610819 -0.651362 0.450142 0.078125 0.746094 2 28 0.746867 24 0.253133
demon
  23 -0.851075 15.582275 18.148260 0.956577 0.090909 0.276941 0.001953 0.884766 2 23 0.798798 24 0.201202
  24 -0.443758 15.461361 17.353273 0.356853 -0.206579 0.911033 0.001953 0.837891 2 24 0.859136 23 0.140864
  23 -3.193393 17.854765 17.577740 -0.159239 0.969324 0.187229 0.037109 0.884766 2 23 0.939298 24 0.060702
demon
  24 -0.336239 13.732434 14.606146 0.018127 -0.938703 -0.344249 0.113281 0.835938 2 24 0.919496 23 0.080504
  24 -0.443758 15.461361 17.353273 0.356853 -0.206579 0.911033 0.078125 0.835938 2 24 0.859136 23 0.140864
  23 -2.948725 13.551213 16.758043 -0.118166 -0.964188 -0.237441 0.113281 0.882812 2 23 0.926272 24 0.073728
demon
  24 9.055923 16.625103 19.317770 0.022118 0.800113 0.599441 0.037109 0.759766 2 24 0.988463 28 0.011537
  24 9.714358 16.355627 17.303385 0.471780 0.598252 -0.647702 0.072266 0.759766 2 24 0.936790 31 0.063210
  24 -0.269193 18.072342 15.248819 0.120805 0.992548 -0.015981 0.037109 0.837891 2 24 0.976794 23 0.023206
demon
  24 9.714358 16.355627 17.303385 0.471780 0.598252 -0.647702 0.148438 0.757812 2 24 0.936790 31 0.063210
  24 9.479481 14.188716 17.290287 0.431773 -0.676944 -0.596086 0.113281 0.757812 1 24 1.000000
  24 -0.027857 16.226398 12.984621 0.234524 0.120198 -0.964651 0.148438 0.835938 2 24 0.962065 23 0.037935
demon
  24 9.479481 14.188716 17.290287 0.431773 -0.676944 -0.596086 0.113281 0.757812 1 24 1.000000
  24 8.654804 14.250872 19.497309 -0.213973 -0.661471 0.718799 0.078125 0.757812 2 24 0.923204 28 0.076796
  24 -0.336239 13.732434 14.606146 0.018127 -0.938703 -0.344249 0.113281 0.835938 2 24 0.919496 23 0.080504
demon
  24 8.654804 14.250872 19.497309 -0.213973 -0.661471 0.718799 0.001953 0.759766 2 24 0.923204 28 0.076796
  24 9.055923 16.625103 19.317770 0.022118 0.800113 0.599441 0.037109 0.759766 2 24 0.988463 28 0.011537
  24 -0.443758 15.461361 17.353273 0.356853 -0.206579 0.911033 0.001953 0.837891 2 24 0.859136 23 0.140864
demon
  11 -2.088044 4.508381 16.989466 0.621593 0.715898 -0.317982 0.265625 0.898438 4 11 0.723926 46 0.105400 10 0.100370 22 0.070304
  10 -0.367471 -0.000001 13.730175 0.968213 -0.000000 -0.250126 0.214844 0.925781 3 10 0.683352 11 0.175252 46 0.141396
  46 -3.395350 5.370337 13.081791 0.716588 0.636485 0.285287 0.273438 0.941406 4 46 0.629793 47 0.143108 10 0.114457 11 0.112643
demon
  11 -8.617803 6.748930 17.195175 -0.289802 0.956933 -0.017129 0.363281 0.914062 4 11 0.421178 10 0.383182 47 0.105459 22 0.090181
  47 -7.645039 7.557559 13.817190 0.023568 0.944358 0.328075 0.351562 0.941406 4 47 0.615573 46 0.156077 56 0.125195 11 0.103154
  56 -13.510386 5.789013 10.373260 -0.482955 0.856163 0.183684 0.421875 0.996094 3 56 0.784703 47 0.167444 46 0.047853
demon
  14 5.849809 2.201755 38.248745 0.775046 -0.495695 0.391906 0.800781 0.847656 4 14 0.563459 20 0.221868 21 0.113283 18 0.101389
  20 6.337337 2.300181 40.770519 0.699732 -0.531180 -0.477727 0.800781 0.824219 4 20 0.518093 14 0.190429 21 0.148891 16 0.142587
  21 6.337335 -2.300187 40.770519 0.699732 0.531179 -0.477727 0.839844 0.824219 4 21 0.513513 14 0.189462 20 0.150026 16 0.146999
demon
  14 5.849809 2.201755 38.248745 0.775046 -0.495695 0.391906 0.800781 0.847656 4 14 0.563459 20 0.221868 21 0.113283 18 0.101389
  21 6.337335 -2.300187 40.770519 0.699732 0.531179 -0.477727 0.839844 0.824219 4 21 0.513513 14 0.189462 20 0.150026 16 0.146999
  14 5.849807 -2.201761 38.248745 0.775046 0.495694 0.391906 0.839844 0.847656 4 14 0.561237 21 0.218461 20 0.114322 18 0.105980
demon
  47 -9.891013 5.042368 4.512574 -0.159092 0.263519 -0.951445 0.703125 0.082031 4 47 0.796080 56 0.127645 48 0.049795 60 0.026481
  46 -1.545230 1.816195 9.257153 0.920379 -0.086388 -0.381367 0.679688 0.000000 4 46 0.481120 10 0.452817 47 0.055641 48 0.010422
  46 -1.545231 -1.816196 9.257153 0.920379 0.086388 -0.381367 0.648438 0.000000 4 46 0.489502 10 0.464696 60 0.044064 61 0.001738
demon
  47 -9.891013 5.042368 4.512574 -0.159092 0.263519 -0.951445 0.703125 0.082031 4 47 0.796080 56 0.127645 48 0.049795 60 0.026481
  46 -1.545231 -1.816196 9.257153 0.920379 0.086388 -0.381367 0.648438 0.000000 4 46 0.489502 10 0.464696 60 0.044064 61 0.001738
  60 -9.891017 -5.042364 4.512574 -0.159093 -0.263519 -0.951445 0.625000 0.082031 4 60 0.805905 56 0.124188 61 0.046512 47 0.023396
demon
  46 -1.545231 -1.816196 9.257153 0.920379 0.086388 -0.381367 0.800781 0.968750 4 46 0.489502 10 0.464696 60 0.044064 61 0.001738
  46 -1.545230 1.816195 9.257153 0.920379 -0.086388 -0.381367 0.769531 0.968750 4 46 0.481120 10 0.452817 47 0.055641 48 0.010422
  10 -0.367471 -0.000001 13.730175 0.968213 -0.000000 -0.250126 0.785156 0.925781 3 10 0.683352 11 0.175252 46 0.141396
demon
  14 5.849809 2.201755 38.248745 0.775046 -0.495695 0.391906 0.277344 0.531250 4 14 0.563459 20 0.221868 21 0.113283 18 0.101389
  19 11.046595 3.665915 37.506645 0.843665 0.329665 0.423735 0.234375 0.515625 4 19 0.495188 14 0.224756 20 0.145578 16 0.134478
  20 6.337337 2.300181 40.770519 0.699732 -0.531180 -0.477727 0.277344 0.507812 4 20 0.518093 14 0.190429 21 0.148891 16 0.142587
demon
  19 18.648876 0.575786 32.244129 0.943825 0.197356 -0.265039 0.816406 0.964844 1 19 1.000000
  19 17.157658 0.529916 33.174843 0.338169 -0.401081 0.851338 0.816406 0.949219 1 19 1.000000
  19 17.157658 -0.529929 33.174843 0.338170 0.401081 0.851338 0.824219 0.949219 1 19 1.000000
demon
  19 18.648876 0.575786 32.244129 0.943825 0.197356 -0.265039 0.816406 0.964844 1 19 1.000000
  19 17.157658 -0.529929 33.174843 0.338170 0.401081 0.851338 0.824219 0.949219 1 19 1.000000
  19 18.648876 -0.575801 32.244129 0.943824 -0.197356 -0.265040 0.824219 0.964844 1 19 1.000000
demon
  19 17.157658 -0.529929 33.174843 0.338170 0.401081 0.851338 0.824219 0.949219 1 19 1.000000
  19 17.157658 0.529916 33.174843 0.338169 -0.401081 0.851338 0.816406 0.949219 1 19 1.000000
  14 5.849809 2.201755 38.248745 0.775046 -0.495695 0.391906 0.800781 0.847656 4 14 0.563459 20 0.221868 21 0.113283 18 0.101389
demon
  19 17.157658 -0.529929 33.174843 0.338170 0.401081 0.851338 0.824219 0.949219 1 19 1.000000
  14 5.849809 2.201755 38.248745 0.775046 -0.495695 0.391906 0.800781 0.847656 4 14 0.563459 20 0.221868 21 0.113283 18 0.101389
  14 5.849807 -2.201761 38.248745 0.775046 0.495694 0.391906 0.839844 0.847656 4 14 0.561237 21 0.218461 20 0.114322 18 0.105980
demon
  20 6.337337 2.300181 40.770519 0.699732 -0.531180 -0.477727 0.800781 0.824219 4 20 0.518093 14 0.190429 21 0.148891 16 0.142587
  17 18.854939 0.692511 47.543106 0.088370 -0.301561 -0.949343 0.812500 0.699219 2 17 0.990823 16 0.009177
  17 18.854939 -0.692525 47.543106 0.088370 0.301561 -0.949343 0.824219 0.699219 1 17 1.000000
demon
  20 6.337337 2.300181 40.770519 0.699732 -0.531180 -0.477727 0.800781 0.824219 4 20 0.518093 14 0.190429 21 0.148891 16 0.142587
  17 18.854939 -0.692525 47.543106 0.088370 0.301561 -0.949343 0.824219 0.699219 1 17 1.000000
  21 6.337335 -2.300187 40.770519 0.699732 0.531179 -0.477727 0.839844 0.824219 4 21 0.513513 14 0.189462 20 0.150026 16 0.146999
demon
  17 20.206968 -1.525573 47.181591 0.631019 -0.738660 -0.237058 0.355469 0.300781 1 17 1.000000
  17 18.854939 -0.692525 47.543106 0.088370 0.301561 -0.949343 0.351562 0.312500 1 17 1.000000
  17 18.854939 0.692511 47.543106 0.088370 -0.301561 -0.949343 0.343750 0.312500 2 17 0.990823 16 0.009177
demon
  17 20.206968 -1.525573 47.181591 0.631019 -0.738660 -0.237058 0.355469 0.300781 1 17 1.000000
  17 18.854939 0.692511 47.543106 0.088370 -0.301561 -0.949343 0.343750 0.312500 2 17 0.990823 16 0.009177
  17 20.206968 1.525558 47.181591 0.631020 0.738659 -0.237058 0.339844 0.300781 1 17 1.000000
demon
  21 1.267049 -0.000002 45.275444 -0.287370 0.000000 0.957820 0.347656 0.058594 3 21 0.467111 20 0.466909 16 0.065980
  16 8.291136 -1.288371 46.348183 -0.192998 -0.353967 0.915128 0.359375 0.128906 2 16 0.944832 21 0.055168
  16 8.291137 1.288363 46.348183 -0.192998 0.353967 0.915128 0.335938 0.128906 3 16 0.937623 20 0.061121 21 0.001256
demon
  21 -2.917681 -1.381979 42.761452 -0.922936 0.055762 0.380893 0.515625 0.675781 3 21 0.709004 20 0.146212 14 0.144784
  20 -2.917680 1.381978 42.761452 -0.922936 -0.055761 0.380893 0.484375 0.675781 3 20 0.703906 21 0.152873 14 0.143221
  14 -3.066683 2.237218 40.654716 -0.782070 0.397550 0.479918 0.472656 0.695312 4 14 0.584517 20 0.274869 13 0.079273 21 0.061340
demon
  21 -2.917681 -1.381979 42.761452 -0.922936 0.055762 0.380893 0.515625 0.675781 3 21 0.709004 20 0.146212 14 0.144784
  14 -3.066683 2.237218 40.654716 -0.782070 0.397550 0.479918 0.472656 0.695312 4 14 0.584517 20 0.274869 13 0.079273 21 0.061340
  14 -3.066684 -2.237218 40.654716 -0.782070 -0.397549 0.479918 0.527344 0.695312 4 14 0.612627 21 0.255969 13 0.074012 20 0.057391
demon
  66 11.828922 -17.848984 -24.136827 0.977367 -0.173374 -0.121221 0.957031 0.738281 2 66 0.988973 68 0.011027
  66 6.946769 -18.197386 -24.136827 -0.000887 -0.904275 -0.426949 0.960938 0.703125 1 66 1.000000
  66 7.636326 -16.071499 -24.136827 0.584371 0.128504 -0.801248 0.945312 0.703125 3 66 0.960623 68 0.030400 65 0.008978
demon
  67 12.227132 -13.851496 -24.136827 0.986161 0.125654 -0.108157 0.929688 0.738281 3 67 0.818231 66 0.097695 68 0.084074
  66 7.636326 -16.071499 -24.136827 0.584371 0.128504 -0.801248 0.945312 0.703125 3 66 0.960623 68 0.030400 65 0.008978
  68 7.228944 -12.877321 -24.136827 0.622248 0.070478 -0.779641 0.914062 0.703125 3 68 0.835807 66 0.093149 65 0.071044
demon
  68 10.909384 -9.942524 -24.136827 0.910857 0.393160 -0.125558 0.902344 0.738281 3 68 0.897608 66 0.058665 65 0.043728
  68 7.228944 -12.877321 -24.136827 0.622248 0.070478 -0.779641 0.914062 0.703125 3 68 0.835807 66 0.093149 65 0.071044
  68 6.271529 -10.581437 -24.136827 -0.048481 0.886159 -0.460838 0.898438 0.703125 2 68 0.943868 65 0.056132
demon
  66 7.636326 -16.071499 -24.136827 0.584371 0.128504 -0.801248 0.808594 0.656250 3 66 0.960623 68 0.030400 65 0.008978
  67 12.227132 -13.851496 -24.136827 0.986161 0.125654 -0.108157 0.824219 0.691406 3 67 0.818231 66 0.097695 68 0.084074
  65 6.235878 -14.585519 -22.144482 0.399132 0.042062 0.915928 0.824219 0.640625 3 65 0.813376 66 0.104622 68 0.082002
demon
  67 12.227132 -13.851496 -24.136827 0.986161 0.125654 -0.108157 0.824219 0.691406 3 67 0.818231 66 0.097695 68 0.084074
  68 7.228944 -12.877321 -24.136827 0.622248 0.070478 -0.779641 0.839844 0.656250 3 68 0.835807 66 0.093149 65 0.071044
  65 6.235878 -14.585519 -22.144482 0.399132 0.042062 0.915928 0.824219 0.640625 3 65 0.813376 66 0.104622 68 0.082002
demon
  68 10.909384 -9.942524 -24.136827 0.910857 0.393160 -0.125558 0.996094 0.738281 3 68 0.897608 66 0.058665 65 0.043728
  68 6.271529 -10.581437 -24.136827 -0.048481 0.886159 -0.460838 0.996094 0.687500 2 68 0.943868 65 0.056132
  68 6.115898 -12.041894 -22.094238 0.332624 0.331397 0.882914 0.980469 0.687500 2 68 0.844664 65 0.155336
demon
  68 10.909384 -9.942524 -24.136827 0.910857 0.393160 -0.125558 0.851562 0.691406 3 68 0.897608 66 0.058665 65 0.043728
  68 6.115898 -12.041894 -22.094238 0.332624 0.331397 0.882914 0.851562 0.640625 2 68 0.844664 65 0.155336
  68 7.228944 -12.877321 -24.136827 0.622248 0.070478 -0.779641 0.839844 0.656250 3 68 0.835807 66 0.093149 65 0.071044
demon
  66 11.828922 -17.848984 -24.136827 0.977367 -0.173374 -0.121221 0.796875 0.691406 2 66 0.988973 68 0.011027
  66 7.636326 -16.071499 -24.136827 0.584371 0.128504 -0.801248 0.808594 0.656250 3 66 0.960623 68 0.030400 65 0.008978
  66 6.853469 -16.848297 -22.225590 0.347788 -0.300505 0.888111 0.796875 0.640625 2 66 0.915733 65 0.084267
demon
  66 6.946769 -18.197386 -24.136827 -0.000887 -0.904275 -0.426949 0.859375 0.687500 1 66 1.000000
  66 11.828922 -17.848984 -24.136827 0.977367 -0.173374 -0.121221 0.859375 0.738281 2 66 0.988973 68 0.011027
  66 6.853469 -16.848297 -22.225590 0.347788 -0.300505 0.888111 0.878906 0.687500 2 66 0.915733 65 0.084267
demon
  65 6.235878 -14.585519 -22.144482 0.399132 0.042062 0.915928 0.824219 0.640625 3 65 0.813376 66 0.104622 68 0.082002
  66 6.853469 -16.848297 -22.225590 0.347788 -0.300505 0.888111 0.796875 0.640625 2 66 0.915733 65 0.084267
  66 7.636326 -16.071499 -24.136827 0.584371 0.128504 -0.801248 0.808594 0.656250 3 66 0.960623 68 0.030400 65 0.008978
demon
  65 6.235878 -14.585519 -22.144482 0.399132 0.042062 0.915928 0.824219 0.640625 3 65 0.813376 66 0.104622 68 0.082002
  68 7.228944 -12.877321 -24.136827 0.622248 0.070478 -0.779641 0.839844 0.656250 3 68 0.835807 66 0.093149 65 0.071044
  68 6.115898 -12.041894 -22.094238 0.332624 0.331397 0.882914 0.851562 0.640625 2 68 0.844664 65 0.155336
demon
  17 19.173740 -2.283474 41.860931 -0.002910 -0.135777 -0.990735 0.964844 0.410156 2 17 0.968474 16 0.031526
  17 20.206968 -1.525573 47.181591 0.631019 -0.738660 -0.237058 0.953125 0.363281 1 17 1.000000
  17 18.510759 -2.318688 47.072376 0.227389 -0.962460 -0.148206 0.937500 0.371094 2 17 0.962906 16 0.037094
demon
  17 21.074522 -0.376202 44.230110 0.171249 -0.420384 -0.891039 0.976562 0.378906 1 17 1.000000
  17 20.714327 -0.832015 48.370056 0.782219 -0.402102 0.475864 0.953125 0.351562 1 17 1.000000
  17 20.206968 -1.525573 47.181591 0.631019 -0.738660 -0.237058 0.953125 0.363281 1 17 1.000000
demon
  17 20.714327 -0.832015 48.370056 0.782219 -0.402102 0.475864 0.953125 0.351562 1 17 1.000000
  17 18.366064 -1.312031 49.772141 0.144819 -0.493012 0.857885 0.925781 0.351562 1 17 1.000000
  17 20.206968 -1.525573 47.181591 0.631019 -0.738660 -0.237058 0.953125 0.363281 1 17 1.000000
demon
  17 20.206968 -1.525573 47.181591 0.631019 -0.738660 -0.237058 0.953125 0.363281 1 17 1.000000
  17 18.366064 -1.312031 49.772141 0.144819 -0.493012 0.857885 0.925781 0.351562 1 17 1.000000
  17 18.510759 -2.318688 47.072376 0.227389 -0.962460 -0.148206 0.937500 0.371094 2 17 0.962906 16 0.037094
demon
  17 18.510759 -2.318688 47.072376 0.227389 -0.962460 -0.148206 0.937500 0.371094 2 17 0.962906 16 0.037094
  16 11.389423 -3.913312 44.764111 0.033821 -0.919140 0.392476 0.886719 0.417969 3 16 0.872974 17 0.085018 18 0.042008
  16 11.534120 -3.829804 41.396553 0.765537 -0.275915 -0.581226 0.902344 0.445312 4 16 0.449481 21 0.212530 17 0.189686 18 0.148303
demon
  17 18.366064 -1.312031 49.772141 0.144819 -0.493012 0.857885 0.925781 0.351562 1 17 1.000000
  16 8.291136 -1.288371 46.348183 -0.192998 -0.353967 0.915128 0.851562 0.410156 2 16 0.944832 21 0.055168
  16 11.389423 -3.913312 44.764111 0.033821 -0.919140 0.392476 0.886719 0.417969 3 16 0.872974 17 0.085018 18 0.042008
demon
  19 15.663680 -2.103499 34.129463 0.335696 -0.895869 0.291078 0.968750 0.484375 1 19 1.000000
  19 17.534861 -1.412197 32.632732 0.311354 -0.920280 -0.236948 0.988281 0.484375 1 19 1.000000
  19 19.250639 -1.698865 36.560596 0.602303 -0.087251 0.793485 0.984375 0.449219 1 19 1.000000
demon
  19 17.534861 -1.412197 32.632732 0.311354 -0.920280 -0.236948 0.769531 0.386719 1 19 1.000000
  19 20.336945 -0.779609 35.168797 0.709900 0.012924 0.704184 0.761719 0.355469 1 19 1.000000
  19 17.157658 -0.529929 33.174843 0.338170 0.401081 0.851338 0.753906 0.386719 1 19 1.000000
demon
  19 17.534861 -1.412197 32.632732 0.311354 -0.920280 -0.236948 0.988281 0.484375 1 19 1.000000
  19 18.648876 -0.575801 32.244129 0.943824 -0.197356 -0.265040 0.996094 0.484375 1 19 1.000000
  19 20.336945 -0.779609 35.168797 0.709900 0.012924 0.704184 0.996094 0.453125 1 19 1.000000
demon
  19 18.648876 -0.575801 32.244129 0.943824 -0.197356 -0.265040 0.777344 0.386719 1 19 1.000000
  19 17.157658 -0.529929 33.174843 0.338170 0.401081 0.851338 0.792969 0.386719 1 19 1.000000
  19 20.336945 -0.779609 35.168797 0.709900 0.012924 0.704184 0.785156 0.355469 1 19 1.000000
demon
  19 17.157658 -0.529929 33.174843 0.338170 0.401081 0.851338 0.839844 0.386719 1 19 1.000000
  19 19.250639 -1.698865 36.560596 0.602303 -0.087251 0.793485 0.832031 0.351562 1 19 1.000000
  19 17.534861 -1.412197 32.632732 0.311354 -0.920280 -0.236948 0.824219 0.386719 1 19 1.000000
demon
  19 19.250639 -1.698865 36.560596 0.602303 -0.087251 0.793485 0.808594 0.351562 1 19 1.000000
  19 17.157658 -0.529929 33.174843 0.338170 0.401081 0.851338 0.800781 0.386719 1 19 1.000000
  19 15.663680 -2.103499 34.129463 0.335696 -0.895869 0.291078 0.816406 0.386719 1 19 1.000000
demon
  19 18.648876 -0.575801 32.244129 0.943824 -0.197356 -0.265040 0.996094 0.484375 1 19 1.000000
  19 17.534861 -1.412197 32.632732 0.311354 -0.920280 -0.236948 0.988281 0.484375 1 19 1.000000
  19 15.613804 -0.924447 29.668842 -0.246860 -0.546786 -0.800053 0.988281 0.515625 1 19 1.000000
demon
  12 5.795829 -0.000003 27.679295 0.989669 -0.000000 -0.143374 0.785156 0.781250 4 12 0.466431 14 0.256942 11 0.157782 22 0.118845
  34 1.111572 -7.421574 25.459171 0.736140 -0.615460 -0.281613 0.714844 0.812500 4 34 0.778358 11 0.116722 35 0.064450 12 0.040470
  11 2.857403 -0.000002 20.081999 0.894512 -0.000000 -0.447043 0.785156 0.851562 4 11 0.756971 10 0.082777 22 0.080396 34 0.079856
demon
  11 2.857403 -0.000002 20.081999 0.894512 -0.000000 -0.447043 0.785156 0.851562 4 11 0.756971 10 0.082777 22 0.080396 34 0.079856
  11 -2.088047 -4.508382 16.989466 0.621592 -0.715898 -0.317982 0.734375 0.898438 4 11 0.722822 46 0.105761 10 0.101077 34 0.070341
  10 -0.367471 -0.000001 13.730175 0.968213 -0.000000 -0.250126 0.785156 0.925781 3 10 0.683352 11 0.175252 46 0.141396
demon
  21 0.627002 -3.668049 44.885639 0.035810 -0.773826 0.632385 0.800781 0.453125 1 21 1.000000
  16 8.291136 -1.288371 46.348183 -0.192998 -0.353967 0.915128 0.851562 0.410156 2 16 0.944832 21 0.055168
  21 -0.137918 -1.676341 46.062988 -0.381351 0.096539 0.919376 0.789062 0.437500 2 21 0.875794 20 0.124206
demon
  21 0.627002 -3.668049 44.885639 0.035810 -0.773826 0.632385 0.800781 0.453125 1 21 1.000000
  21 -0.137918 -1.676341 46.062988 -0.381351 0.096539 0.919376 0.789062 0.437500 2 21 0.875794 20 0.124206
  21 -4.427899 -5.570523 42.111515 -0.797093 -0.567370 -0.206723 0.777344 0.496094 2 21 0.966674 14 0.033326
demon
  21 -4.427899 -5.570523 42.111515 -0.797093 -0.567370 -0.206723 0.777344 0.496094 2 21 0.966674 14 0.033326
  21 -0.893883 -5.178898 41.364811 -0.301130 -0.938555 0.168626 0.804688 0.488281 4 21 0.835591 14 0.108053 18 0.054577 34 0.001779
  21 0.627002 -3.668049 44.885639 0.035810 -0.773826 0.632385 0.800781 0.453125 1 21 1.000000
demon
  16 8.291136 -1.288371 46.348183 -0.192998 -0.353967 0.915128 0.851562 0.410156 2 16 0.944832 21 0.055168
  21 -0.893883 -5.178898 41.364811 -0.301130 -0.938555 0.168626 0.804688 0.488281 4 21 0.835591 14 0.108053 18 0.054577 34 0.001779
  16 11.389423 -3.913312 44.764111 0.033821 -0.919140 0.392476 0.886719 0.417969 3 16 0.872974 17 0.085018 18 0.042008
demon
  14 -0.863344 -5.988444 38.688431 -0.191364 -0.929865 0.314214 0.812500 0.507812 4 14 0.505027 21 0.251914 34 0.171002 18 0.072056
  18 5.916529 -5.904241 39.766716 0.137094 -0.981351 0.134745 0.863281 0.480469 4 18 0.660246 21 0.150969 16 0.113938 14 0.074847
  21 -0.893883 -5.178898 41.364811 -0.301130 -0.938555 0.168626 0.804688 0.488281 4 21 0.835591 14 0.108053 18 0.054577 34 0.001779
demon
  19 11.046593 -3.665925 37.506645 0.843664 -0.329666 0.423735 0.917969 0.476562 4 19 0.503604 14 0.219837 21 0.139045 16 0.137513
  19 15.025875 -0.713422 31.554462 -0.568197 -0.611509 -0.550644 0.976562 0.507812 1 19 1.000000
  19 15.663680 -2.103499 34.129463 0.335696 -0.895869 0.291078 0.968750 0.484375 1 19 1.000000
demon
  18 6.325841 -5.747096 35.957230 0.074284 -0.792509 -0.605319 0.550781 0.570312 4 18 0.684733 19 0.148274 14 0.117350 21 0.049643
  19 9.427629 -0.000004 35.455147 -0.198884 0.000000 -0.980023 0.500000 0.593750 1 19 1.000000
  19 15.025875 -0.713422 31.554462 -0.568197 -0.611509 -0.550644 0.507812 0.652344 1 19 1.000000
demon
  18 5.916529 -5.904241 39.766716 0.137094 -0.981351 0.134745 0.863281 0.480469 4 18 0.660246 21 0.150969 16 0.113938 14 0.074847
  16 11.389423 -3.913312 44.764111 0.033821 -0.919140 0.392476 0.886719 0.417969 3 16 0.872974 17 0.085018 18 0.042008
  21 -0.893883 -5.178898 41.364811 -0.301130 -0.938555 0.168626 0.804688 0.488281 4 21 0.835591 14 0.108053 18 0.054577 34 0.001779
demon
  16 11.389423 -3.913312 44.764111 0.033821 -0.919140 0.392476 0.886719 0.417969 3 16 0.872974 17 0.085018 18 0.042008
  18 5.916529 -5.904241 39.766716 0.137094 -0.981351 0.134745 0.863281 0.480469 4 18 0.660246 21 0.150969 16 0.113938 14 0.074847
  16 11.534120 -3.829804 41.396553 0.765537 -0.275915 -0.581226 0.902344 0.445312 4 16 0.449481 21 0.212530 17 0.189686 18 0.148303
demon
  41 13.656722 -13.442937 23.319399 0.831795 -0.542552 -0.117279 0.656250 0.675781 3 41 0.925061 40 0.037496 42 0.037443
  41 12.990029 -11.977201 23.250570 -0.192752 0.954839 -0.226116 0.628906 0.699219 3 41 0.943807 42 0.041648 40 0.014545
  42 15.889462 -11.452159 25.043148 0.809525 0.411586 0.418648 0.664062 0.710938 2 42 0.892202 41 0.107798
demon
  41 13.194328 -12.912002 24.432163 -0.340077 -0.196880 0.919557 0.730469 0.660156 2 41 0.526321 42 0.473679
  42 15.889462 -11.452159 25.043148 0.809525 0.411586 0.418648 0.707031 0.683594 2 42 0.892202 41 0.107798
  41 12.990029 -11.977201 23.250570 -0.192752 0.954839 -0.226116 0.742188 0.671875 3 41 0.943807 42 0.041648 40 0.014545
demon
  42 15.889462 -11.452159 25.043148 0.809525 0.411586 0.418648 0.707031 0.683594 2 42 0.892202 41 0.107798
  41 13.194328 -12.912002 24.432163 -0.340077 -0.196880 0.919557 0.730469 0.660156 2 41 0.526321 42 0.473679
  41 13.656722 -13.442937 23.319399 0.831795 -0.542552 -0.117279 0.718750 0.648438 3 41 0.925061 40 0.037496 42 0.037443
demon
  41 12.990029 -11.977201 23.250570 -0.192752 0.954839 -0.226116 0.628906 0.699219 3 41 0.943807 42 0.041648 40 0.014545
  40 13.024347 -14.684958 21.830442 0.759183 0.222398 0.611703 0.632812 0.660156 4 40 0.865669 37 0.062610 44 0.038936 41 0.032785
  40 11.373447 -12.940935 21.326038 -0.176541 0.980174 -0.089962 0.613281 0.683594 3 40 0.964479 41 0.032381 36 0.003140
demon
  40 11.317127 -14.624042 22.570051 -0.496061 -0.431455 0.753505 0.750000 0.640625 1 40 1.000000
  41 12.990029 -11.977201 23.250570 -0.192752 0.954839 -0.226116 0.742188 0.671875 3 41 0.943807 42 0.041648 40 0.014545
  40 11.373447 -12.940935 21.326038 -0.176541 0.980174 -0.089962 0.761719 0.656250 3 40 0.964479 41 0.032381 36 0.003140
demon
  41 13.656722 -13.442937 23.319399 0.831795 -0.542552 -0.117279 0.718750 0.648438 3 41 0.925061 40 0.037496 42 0.037443
  40 11.317127 -14.624042 22.570051 -0.496061 -0.431455 0.753505 0.750000 0.640625 1 40 1.000000
  40 13.024347 -14.684958 21.830442 0.759183 0.222398 0.611703 0.734375 0.632812 4 40 0.865669 37 0.062610 44 0.038936 41 0.032785
demon
  37 13.530572 -16.555113 21.663284 -0.143650 -0.840584 0.522286 0.738281 0.617188 3 37 0.828244 40 0.095827 44 0.075930
  38 16.479120 -14.499000 22.479780 -0.212799 0.901887 0.375921 0.703125 0.632812 2 38 0.982537 39 0.017463
  40 13.024347 -14.684958 21.830442 0.759183 0.222398 0.611703 0.734375 0.632812 4 40 0.865669 37 0.062610 44 0.038936 41 0.032785
demon
  37 13.530572 -16.555113 21.663284 -0.143650 -0.840584 0.522286 0.738281 0.617188 3 37 0.828244 40 0.095827 44 0.075930
  38 16.969835 -15.410385 21.475580 0.420394 -0.245617 -0.873465 0.703125 0.597656 2 38 0.981169 39 0.018831
  38 17.208658 -15.567212 22.850248 0.169516 -0.627603 0.759854 0.699219 0.617188 2 38 0.547778 39 0.452222
demon
  44 15.148034 -16.052504 20.289982 0.833411 0.367596 0.412674 0.625000 0.625000 4 44 0.828582 43 0.078631 37 0.054179 38 0.038608
  38 16.479120 -14.499000 22.479780 -0.212799 0.901887 0.375921 0.656250 0.660156 2 38 0.982537 39 0.017463
  38 16.969835 -15.410385 21.475580 0.420394 -0.245617 -0.873465 0.656250 0.625000 2 38 0.981169 39 0.018831
demon
  38 16.969835 -15.410385 21.475580 0.420394 -0.245617 -0.873465 0.703125 0.597656 2 38 0.981169 39 0.018831
  39 21.036455 -13.815609 22.500093 0.949010 0.311126 0.050807 0.664062 0.617188 2 39 0.910391 38 0.089609
  38 17.208658 -15.567212 22.850248 0.169516 -0.627603 0.759854 0.699219 0.617188 2 38 0.547778 39 0.452222
demon
  38 16.479120 -14.499000 22.479780 -0.212799 0.901887 0.375921 0.656250 0.660156 2 38 0.982537 39 0.017463
  39 21.036455 -13.815609 22.500093 0.949010 0.311126 0.050807 0.695312 0.640625 2 39 0.910391 38 0.089609
  38 16.969835 -15.410385 21.475580 0.420394 -0.245617 -0.873465 0.656250 0.625000 2 38 0.981169 39 0.018831
demon
  38 17.208658 -15.567212 22.850248 0.169516 -0.627603 0.759854 0.699219 0.617188 2 38 0.547778 39 0.452222
  39 21.036455 -13.815609 22.500093 0.949010 0.311126 0.050807 0.664062 0.617188 2 39 0.910391 38 0.089609
  38 16.479120 -14.499000 22.479780 -0.212799 0.901887 0.375921 0.703125 0.632812 2 38 0.982537 39 0.017463
demon
  43 13.943664 -17.422338 19.722466 -0.047242 -0.955357 0.291653 0.742188 0.593750 2 43 0.862693 44 0.137307
  44 17.916906 -16.330355 18.419716 0.124273 0.361904 -0.923895 0.730469 0.558594 1 44 1.000000
  44 18.372112 -17.666121 19.542637 0.158098 -0.958261 0.238204 0.718750 0.574219 1 44 1.000000
demon
  43 13.943664 -17.422338 19.722466 -0.047242 -0.955357 0.291653 0.742188 0.593750 2 43 0.862693 44 0.137307
  44 18.242266 -16.253357 19.734467 0.121367 0.688183 0.715314 0.703125 0.582031 1 44 1.000000
  44 15.148034 -16.052504 20.289982 0.833411 0.367596 0.412674 0.726562 0.597656 4 44 0.828582 43 0.078631 37 0.054179 38 0.038608
demon
  44 15.148034 -16.052504 20.289982 0.833411 0.367596 0.412674 0.625000 0.625000 4 44 0.828582 43 0.078631 37 0.054179 38 0.038608
  44 17.916906 -16.330355 18.419716 0.124273 0.361904 -0.923895 0.617188 0.585938 1 44 1.000000
  44 14.960926 -16.220564 18.289684 0.292314 0.185676 -0.938124 0.597656 0.601562 2 44 0.924712 43 0.075288
demon
  44 18.242266 -16.253357 19.734467 0.121367 0.688183 0.715314 0.640625 0.609375 1 44 1.000000
  45 21.220341 -16.646711 19.486574 0.996618 0.041057 0.071181 0.652344 0.574219 2 45 0.761618 44 0.238382
  44 17.916906 -16.330355 18.419716 0.124273 0.361904 -0.923895 0.617188 0.585938 1 44 1.000000
demon
  44 18.372112 -17.666121 19.542637 0.158098 -0.958261 0.238204 0.718750 0.574219 1 44 1.000000
  45 21.220341 -16.646711 19.486574 0.996618 0.041057 0.071181 0.695312 0.546875 2 45 0.761618 44 0.238382
  44 18.242266 -16.253357 19.734467 0.121367 0.688183 0.715314 0.703125 0.582031 1 44 1.000000
demon
  44 17.916906 -16.330355 18.419716 0.124273 0.361904 -0.923895 0.730469 0.558594 1 44 1.000000
  45 21.220341 -16.646711 19.486574 0.996618 0.041057 0.071181 0.695312 0.546875 2 45 0.761618 44 0.238382
  44 18.372112 -17.666121 19.542637 0.158098 -0.958261 0.238204 0.718750 0.574219 1 44 1.000000
demon
  64 -7.344699 -14.297446 -21.192717 -0.965653 -0.049758 0.255025 0.968750 0.570312 3 64 0.849576 3 0.077830 62 0.072594
  64 -7.556628 -13.236896 -23.920887 -0.316159 0.732858 -0.602463 0.996094 0.570312 1 64 1.000000
  64 -11.915299 -14.417460 -24.309563 -0.965927 -0.025812 -0.257524 0.996094 0.531250 1 64 1.000000
demon
  64 -7.344699 -14.297446 -21.192717 -0.965653 -0.049758 0.255025 0.890625 0.570312 3 64 0.849576 3 0.077830 62 0.072594
  64 -11.915299 -14.417460 -24.309563 -0.965927 -0.025812 -0.257524 0.859375 0.531250 1 64 1.000000
  64 -7.437107 -15.374939 -23.920908 -0.279195 -0.748985 -0.600893 0.859375 0.570312 1 64 1.000000
demon
  64 -7.556628 -13.236896 -23.920887 -0.316159 0.732858 -0.602463 0.914062 0.570312 1 64 1.000000
  64 -7.437107 -15.374939 -23.920908 -0.279195 -0.748985 -0.600893 0.945312 0.570312 1 64 1.000000
  64 -11.915299 -14.417460 -24.309563 -0.965927 -0.025812 -0.257524 0.929688 0.531250 1 64 1.000000
demon
  64 -7.437107 -15.374939 -23.920908 -0.279195 -0.748985 -0.600893 0.945312 0.570312 1 64 1.000000
  65 -0.652015 -12.117668 -24.627434 -0.102403 0.639368 -0.762051 0.906250 0.625000 2 65 0.989099 64 0.010901
  65 -0.425223 -16.174589 -24.627476 -0.086041 -0.648367 -0.756451 0.953125 0.625000 1 65 1.000000
demon
  66 6.853469 -16.848297 -22.225590 0.347788 -0.300505 0.888111 0.796875 0.640625 2 66 0.915733 65 0.084267
  65 -0.367504 -14.140177 -21.417233 0.418797 -0.093406 0.903263 0.824219 0.585938 3 65 0.984427 3 0.011984 62 0.003588
  65 1.226053 -16.393175 -22.449978 -0.072440 -0.830030 0.552994 0.796875 0.597656 2 65 0.933051 66 0.066949
demon
  68 6.115898 -12.041894 -22.094238 0.332624 0.331397 0.882914 0.851562 0.640625 2 68 0.844664 65 0.155336
  65 -0.367504 -14.140177 -21.417233 0.418797 -0.093406 0.903263 0.824219 0.585938 3 65 0.984427 3 0.011984 62 0.003588
  65 6.235878 -14.585519 -22.144482 0.399132 0.042062 0.915928 0.824219 0.640625 3 65 0.813376 66 0.104622 68 0.082002
demon
  64 -7.437107 -15.374939 -23.920908 -0.279195 -0.748985 -0.600893 0.859375 0.570312 1 64 1.000000
  65 -0.425223 -16.174589 -24.627476 -0.086041 -0.648367 -0.756451 0.859375 0.628906 1 65 1.000000
  3 -4.979267 -16.440655 -19.785007 -0.075357 -0.992196 0.099340 0.902344 0.593750 4 3 0.903719 64 0.057825 65 0.037882 62 0.000574
demon
  64 -7.344699 -14.297446 -21.192717 -0.965653 -0.049758 0.255025 0.890625 0.570312 3 64 0.849576 3 0.077830 62 0.072594
  64 -7.437107 -15.374939 -23.920908 -0.279195 -0.748985 -0.600893 0.859375 0.570312 1 64 1.000000
  3 -4.979267 -16.440655 -19.785007 -0.075357 -0.992196 0.099340 0.902344 0.593750 4 3 0.903719 64 0.057825 65 0.037882 62 0.000574
demon
  64 -7.344699 -14.297446 -21.192717 -0.965653 -0.049758 0.255025 0.968750 0.570312 3 64 0.849576 3 0.077830 62 0.072594
  62 -4.880788 -11.828168 -18.715473 -0.061328 0.994752 0.081898 0.957031 0.593750 3 62 0.896480 64 0.051850 65 0.051670
  64 -7.556628 -13.236896 -23.920887 -0.316159 0.732858 -0.602463 0.996094 0.570312 1 64 1.000000
demon
  64 -7.556628 -13.236896 -23.920887 -0.316159 0.732858 -0.602463 0.996094 0.570312 1 64 1.000000
  62 -4.880788 -11.828168 -18.715473 -0.061328 0.994752 0.081898 0.957031 0.593750 3 62 0.896480 64 0.051850 65 0.051670
  65 -0.652015 -12.117668 -24.627434 -0.102403 0.639368 -0.762051 0.996094 0.628906 2 65 0.989099 64 0.010901
demon
  65 1.792178 -11.642803 -22.531557 -0.052948 0.852637 0.519814 0.980469 0.644531 2 65 0.869901 68 0.130099
  65 -0.652015 -12.117668 -24.627434 -0.102403 0.639368 -0.762051 0.996094 0.628906 2 65 0.989099 64 0.010901
  62 -4.880788 -11.828168 -18.715473 -0.061328 0.994752 0.081898 0.957031 0.593750 3 62 0.896480 64 0.051850 65 0.051670
demon
  62 -4.880788 -11.828168 -18.715473 -0.061328 0.994752 0.081898 0.851562 0.546875 3 62 0.896480 64 0.051850 65 0.051670
  65 -0.367504 -14.140177 -21.417233 0.418797 -0.093406 0.903263 0.824219 0.585938 3 65 0.984427 3 0.011984 62 0.003588
  65 1.792178 -11.642803 -22.531557 -0.052948 0.852637 0.519814 0.851562 0.597656 2 65 0.869901 68 0.130099
demon
  65 -0.367504 -14.140177 -21.417233 0.418797 -0.093406 0.903263 0.824219 0.585938 3 65 0.984427 3 0.011984 62 0.003588
  3 -4.979267 -16.440655 -19.785007 -0.075357 -0.992196 0.099340 0.796875 0.546875 4 3 0.903719 64 0.057825 65 0.037882 62 0.000574
  65 1.226053 -16.393175 -22.449978 -0.072440 -0.830030 0.552994 0.796875 0.597656 2 65 0.933051 66 0.066949
demon
  65 1.226053 -16.393175 -22.449978 -0.072440 -0.830030 0.552994 0.878906 0.644531 2 65 0.933051 66 0.066949
  3 -4.979267 -16.440655 -19.785007 -0.075357 -0.992196 0.099340 0.902344 0.593750 4 3 0.903719 64 0.057825 65 0.037882 62 0.000574
  65 -0.425223 -16.174589 -24.627476 -0.086041 -0.648367 -0.756451 0.859375 0.628906 1 65 1.000000
demon
  66 6.946769 -18.197386 -24.136827 -0.000887 -0.904275 -0.426949 0.859375 0.687500 1 66 1.000000
  65 1.226053 -16.393175 -22.449978 -0.072440 -0.830030 0.552994 0.878906 0.644531 2 65 0.933051 66 0.066949
  65 -0.425223 -16.174589 -24.627476 -0.086041 -0.648367 -0.756451 0.859375 0.628906 1 65 1.000000
demon
  65 1.792178 -11.642803 -22.531557 -0.052948 0.852637 0.519814 0.980469 0.644531 2 65 0.869901 68 0.130099
  68 6.271529 -10.581437 -24.136827 -0.048481 0.886159 -0.460838 0.996094 0.687500 2 68 0.943868 65 0.056132
  65 -0.652015 -12.117668 -24.627434 -0.102403 0.639368 -0.762051 0.996094 0.628906 2 65 0.989099 64 0.010901
demon
  66 7.636326 -16.071499 -24.136827 0.584371 0.128504 -0.801248 0.945312 0.703125 3 66 0.960623 68 0.030400 65 0.008978
  65 -0.652015 -12.117668 -24.627434 -0.102403 0.639368 -0.762051 0.906250 0.625000 2 65 0.989099 64 0.010901
  68 7.228944 -12.877321 -24.136827 0.622248 0.070478 -0.779641 0.914062 0.703125 3 68 0.835807 66 0.093149 65 0.071044
demon
  68 6.271529 -10.581437 -24.136827 -0.048481 0.886159 -0.460838 0.898438 0.703125 2 68 0.943868 65 0.056132
  68 7.228944 -12.877321 -24.136827 0.622248 0.070478 -0.779641 0.914062 0.703125 3 68 0.835807 66 0.093149 65 0.071044
  65 -0.652015 -12.117668 -24.627434 -0.102403 0.639368 -0.762051 0.906250 0.625000 2 65 0.989099 64 0.010901
demon
  66 6.946769 -18.197386 -24.136827 -0.000887 -0.904275 -0.426949 0.960938 0.703125 1 66 1.000000
  65 -0.425223 -16.174589 -24.627476 -0.086041 -0.648367 -0.756451 0.953125 0.625000 1 65 1.000000
  66 7.636326 -16.071499 -24.136827 0.584371 0.128504 -0.801248 0.945312 0.703125 3 66 0.960623 68 0.030400 65 0.008978
demon
  68 6.115898 -12.041894 -22.094238 0.332624 0.331397 0.882914 0.980469 0.687500 2 68 0.844664 65 0.155336
  68 6.271529 -10.581437 -24.136827 -0.048481 0.886159 -0.460838 0.996094 0.687500 2 68 0.943868 65 0.056132
  65 1.792178 -11.642803 -22.531557 -0.052948 0.852637 0.519814 0.980469 0.644531 2 65 0.869901 68 0.130099
demon
  66 6.853469 -16.848297 -22.225590 0.347788 -0.300505 0.888111 0.878906 0.687500 2 66 0.915733 65 0.084267
  65 1.226053 -16.393175 -22.449978 -0.072440 -0.830030 0.552994 0.878906 0.644531 2 65 0.933051 66 0.066949
  66 6.946769 -18.197386 -24.136827 -0.000887 -0.904275 -0.426949 0.859375 0.687500 1 66 1.000000
demon
  65 6.235878 -14.585519 -22.144482 0.399132 0.042062 0.915928 0.824219 0.640625 3 65 0.813376 66 0.104622 68 0.082002
  65 -0.367504 -14.140177 -21.417233 0.418797 -0.093406 0.903263 0.824219 0.585938 3 65 0.984427 3 0.011984 62 0.003588
  66 6.853469 -16.848297 -22.225590 0.347788 -0.300505 0.888111 0.796875 0.640625 2 66 0.915733 65 0.084267
demon
  65 1.792178 -11.642803 -22.531557 -0.052948 0.852637 0.519814 0.851562 0.597656 2 65 0.869901 68 0.130099
  65 -0.367504 -14.140177 -21.417233 0.418797 -0.093406 0.903263 0.824219 0.585938 3 65 0.984427 3 0.011984 62 0.003588
  68 6.115898 -12.041894 -22.094238 0.332624 0.331397 0.882914 0.851562 0.640625 2 68 0.844664 65 0.155336
demon
  60 -9.891017 -5.042364 4.512574 -0.159093 -0.263519 -0.951445 0.798828 0.345703 4 60 0.805905 56 0.124188 61 0.046512 47 0.023396
  56 -20.865501 -4.359176 4.592493 -0.279211 -0.941898 -0.186730 0.736328 0.267578 2 56 0.919491 57 0.080509
  56 -20.108101 0.000005 1.176335 -0.011958 0.000000 -0.999929 0.783203 0.267578 2 56 0.534940 57 0.465060
demon
  57 -29.030415 0.000008 2.112016 -0.411214 0.000000 -0.911539 0.763672 0.193359 2 57 0.550917 58 0.449083
  56 -20.865501 -4.359176 4.592493 -0.279211 -0.941898 -0.186730 0.736328 0.267578 2 56 0.919491 57 0.080509
  57 -28.727463 -2.268927 5.244617 -0.191518 -0.980757 0.037892 0.736328 0.193359 3 57 0.839989 58 0.158944 56 0.001066
demon
  57 -29.030415 0.000008 2.112016 -0.411214 0.000000 -0.911539 0.763672 0.193359 2 57 0.550917 58 0.449083
  58 -36.262276 -1.738564 9.794535 -0.064234 -0.997480 0.030125 0.736328 0.119141 2 58 0.854893 59 0.145107
  59 -38.061974 0.000011 8.784000 -0.757989 0.000000 -0.652267 0.755859 0.119141 2 59 0.730770 58 0.269230
demon
  59 -42.429024 0.000012 16.336147 -0.864109 0.000000 -0.503306 0.751953 0.044922 1 59 1.000000
  58 -36.262276 -1.738564 9.794535 -0.064234 -0.997480 0.030125 0.736328 0.119141 2 58 0.854893 59 0.145107
  59 -41.719879 -1.230218 16.775082 -0.132418 -0.988401 0.074356 0.736328 0.044922 1 59 1.000000
demon
  58 -28.780441 0.000008 7.338173 0.202643 -0.000000 0.979253 0.708984 0.193359 2 58 0.901314 57 0.098686
  56 -20.865501 -4.359176 4.592493 -0.279211 -0.941898 -0.186730 0.736328 0.267578 2 56 0.919491 57 0.080509
  56 -21.675760 0.000006 8.428892 -0.550444 0.000000 0.834872 0.689453 0.267578 2 56 0.973329 58 0.026671
demon
  59 -41.067921 0.000012 17.591818 0.716068 -0.000000 0.698031 0.720703 0.044922 1 59 1.000000
  58 -36.262276 -1.738564 9.794535 -0.064234 -0.997480 0.030125 0.736328 0.119141 2 58 0.854893 59 0.145107
  59 -35.619358 0.000010 11.280003 0.654439 -0.000000 0.756114 0.716797 0.119141 2 59 0.879470 58 0.120530
demon
  58 -36.262276 -1.738564 9.794535 -0.064234 -0.997480 0.030125 0.736328 0.119141 2 58 0.854893 59 0.145107
  58 -28.780441 0.000008 7.338173 0.202643 -0.000000 0.979253 0.708984 0.193359 2 58 0.901314 57 0.098686
  59 -35.619358 0.000010 11.280003 0.654439 -0.000000 0.756114 0.716797 0.119141 2 59 0.879470 58 0.120530
demon
  3 -4.979267 -16.440655 -19.785007 -0.075357 -0.992196 0.099340 0.953125 0.324219 4 3 0.903719 64 0.057825 65 0.037882 62 0.000574
  62 -10.262201 -14.339315 -10.753738 -0.984098 -0.107018 -0.141766 0.914062 0.246094 2 62 0.939422 61 0.060578
  64 -7.344699 -14.297446 -21.192717 -0.965653 -0.049758 0.255025 0.914062 0.335938 3 64 0.849576 3 0.077830 62 0.072594
demon
  62 -4.880788 -11.828168 -18.715473 -0.061328 0.994752 0.081898 0.843750 0.316406 3 62 0.896480 64 0.051850 65 0.051670
  62 -5.082612 -13.804122 -10.411385 0.977988 0.033730 -0.205918 0.890625 0.218750 1 62 1.000000
  65 -0.367504 -14.140177 -21.417233 0.418797 -0.093406 0.903263 0.890625 0.328125 3 65 0.984427 3 0.011984 62 0.003588
demon
  3 -4.979267 -16.440655 -19.785007 -0.075357 -0.992196 0.099340 0.953125 0.324219 4 3 0.903719 64 0.057825 65 0.037882 62 0.000574
  62 -5.082612 -13.804122 -10.411385 0.977988 0.033730 -0.205918 0.996094 0.226562 1 62 1.000000
  62 -7.489012 -15.939906 -9.777424 -0.031517 -0.994208 0.102745 0.957031 0.226562 2 62 0.996783 61 0.003217
demon
  62 -4.880788 -11.828168 -18.715473 -0.061328 0.994752 0.081898 0.843750 0.316406 3 62 0.896480 64 0.051850 65 0.051670
  62 -10.262201 -14.339315 -10.753738 -0.984098 -0.107018 -0.141766 0.804688 0.238281 2 62 0.939422 61 0.060578
  62 -8.137744 -12.149792 -9.661583 -0.350630 0.932373 -0.087969 0.847656 0.218750 2 62 0.955170 61 0.044830
demon
  60 -2.645595 -12.580222 0.983000 -0.737989 -0.649168 0.184265 0.945312 0.128906 2 60 0.757013 61 0.242987
  61 -2.758463 -9.399897 -0.373769 -0.607814 0.677538 -0.414131 0.914062 0.128906 2 61 0.866752 60 0.133248
  62 -10.262201 -14.339315 -9.269647 -0.952090 -0.160415 0.260368 0.914062 0.230469 2 62 0.622748 61 0.377252
demon
  62 -5.082612 -13.804122 -10.411385 0.977988 0.033730 -0.205918 0.890625 0.218750 1 62 1.000000
  61 0.614656 -9.054053 -1.539235 0.506305 0.727845 -0.462489 0.851562 0.132812 2 61 0.947359 60 0.052641
  61 2.745436 -12.827193 -0.871214 0.928438 -0.304352 -0.213008 0.890625 0.144531 2 61 0.919537 60 0.080463
demon
  62 -10.262201 -14.339315 -9.269647 -0.952090 -0.160415 0.260368 0.914062 0.230469 2 62 0.622748 61 0.377252
  61 0.004750 -14.459144 0.630195 0.165598 -0.947333 0.274112 0.968750 0.140625 2 61 0.837769 60 0.162231
  60 -2.645595 -12.580222 0.983000 -0.737989 -0.649168 0.184265 0.945312 0.128906 2 60 0.757013 61 0.242987
demon
  61 -2.758463 -9.399897 -0.373769 -0.607814 0.677538 -0.414131 0.804688 0.121094 2 61 0.866752 60 0.133248
  61 0.614656 -9.054053 -1.539235 0.506305 0.727845 -0.462489 0.851562 0.132812 2 61 0.947359 60 0.052641
  62 -8.137744 -12.149792 -9.661583 -0.350630 0.932373 -0.087969 0.847656 0.218750 2 62 0.955170 61 0.044830
demon
  62 -10.262201 -14.339315 -9.269647 -0.952090 -0.160415 0.260368 0.804688 0.222656 2 62 0.622748 61 0.377252
  61 -2.758463 -9.399897 -0.373769 -0.607814 0.677538 -0.414131 0.804688 0.121094 2 61 0.866752 60 0.133248
  62 -8.137744 -12.149792 -9.661583 -0.350630 0.932373 -0.087969 0.847656 0.218750 2 62 0.955170 61 0.044830
demon
  62 -5.082612 -13.804122 -10.411385 0.977988 0.033730 -0.205918 0.996094 0.226562 1 62 1.000000
  61 0.004750 -14.459144 0.630195 0.165598 -0.947333 0.274112 0.968750 0.140625 2 61 0.837769 60 0.162231
  62 -7.489012 -15.939906 -9.777424 -0.031517 -0.994208 0.102745 0.957031 0.226562 2 62 0.996783 61 0.003217
demon
  61 2.494199 -11.922835 1.511387 0.932493 -0.184997 0.310215 0.890625 0.121094 2 61 0.527229 60 0.472771
  61 2.745436 -12.827193 -0.871214 0.928438 -0.304352 -0.213008 0.890625 0.144531 2 61 0.919537 60 0.080463
  61 0.614656 -9.054053 -1.539235 0.506305 0.727845 -0.462489 0.851562 0.132812 2 61 0.947359 60 0.052641
demon
  61 2.745436 -12.827193 -0.871214 0.928438 -0.304352 -0.213008 0.996094 0.152344 2 61 0.919537 60 0.080463
  61 2.494199 -11.922835 1.511387 0.932493 -0.184997 0.310215 0.996094 0.128906 2 61 0.527229 60 0.472771
  61 0.004750 -14.459144 0.630195 0.165598 -0.947333 0.274112 0.968750 0.140625 2 61 0.837769 60 0.162231
demon
  60 -9.891017 -5.042364 4.512574 -0.159093 -0.263519 -0.951445 0.898438 0.054688 4 60 0.805905 56 0.124188 61 0.046512 47 0.023396
  61 -2.758463 -9.399897 -0.373769 -0.607814 0.677538 -0.414131 0.914062 0.128906 2 61 0.866752 60 0.133248
  60 -2.645595 -12.580222 0.983000 -0.737989 -0.649168 0.184265 0.945312 0.128906 2 60 0.757013 61 0.242987
demon
  46 -1.545231 -1.816196 9.257153 0.920379 0.086388 -0.381367 0.847656 0.023438 4 46 0.489502 10 0.464696 60 0.044064 61 0.001738
  61 -2.758463 -9.399897 -0.373769 -0.607814 0.677538 -0.414131 0.804688 0.121094 2 61 0.866752 60 0.133248
  60 -9.891017 -5.042364 4.512574 -0.159093 -0.263519 -0.951445 0.789062 0.046875 4 60 0.805905 56 0.124188 61 0.046512 47 0.023396
demon
  46 -1.545231 -1.816196 9.257153 0.920379 0.086388 -0.381367 0.847656 0.023438 4 46 0.489502 10 0.464696 60 0.044064 61 0.001738
  61 2.494199 -11.922835 1.511387 0.932493 -0.184997 0.310215 0.890625 0.121094 2 61 0.527229 60 0.472771
  61 0.614656 -9.054053 -1.539235 0.506305 0.727845 -0.462489 0.851562 0.132812 2 61 0.947359 60 0.052641
demon
  56 -13.510390 -5.789008 10.373260 -0.482955 -0.856163 0.183684 0.910156 0.000000 3 56 0.782257 60 0.169562 46 0.048181
  60 -9.891017 -5.042364 4.512574 -0.159093 -0.263519 -0.951445 0.898438 0.054688 4 60 0.805905 56 0.124188 61 0.046512 47 0.023396
  60 -2.645595 -12.580222 0.983000 -0.737989 -0.649168 0.184265 0.945312 0.128906 2 60 0.757013 61 0.242987
demon
  46 -14.858550 0.000003 16.866106 -0.932382 0.000000 0.361475 0.673828 0.345703 4 46 0.825946 11 0.074698 10 0.059447 12 0.039909
  56 -20.865501 -4.359176 4.592493 -0.279211 -0.941898 -0.186730 0.736328 0.267578 2 56 0.919491 57 0.080509
  56 -13.510390 -5.789008 10.373260 -0.482955 -0.856163 0.183684 0.736328 0.345703 3 56 0.782257 60 0.169562 46 0.048181
demon
  19 17.534861 -1.412197 32.632732 0.311354 -0.920280 -0.236948 0.988281 0.484375 1 19 1.000000
  19 15.025875 -0.713422 31.554462 -0.568197 -0.611509 -0.550644 0.976562 0.507812 1 19 1.000000
  19 15.613804 -0.924447 29.668842 -0.246860 -0.546786 -0.800053 0.988281 0.515625 1 19 1.000000
demon
  21 -0.137918 -1.676341 46.062988 -0.381351 0.096539 0.919376 0.367188 0.050781 2 21 0.875794 20 0.124206
  21 -2.917681 -1.381979 42.761452 -0.922936 0.055762 0.380893 0.359375 0.015625 3 21 0.709004 20 0.146212 14 0.144784
  21 -4.427899 -5.570523 42.111515 -0.797093 -0.567370 -0.206723 0.392578 0.001953 2 21 0.966674 14 0.033326
demon
  14 -3.066684 -2.237218 40.654716 -0.782070 -0.397549 0.479918 0.527344 0.695312 4 14 0.612627 21 0.255969 13 0.074012 20 0.057391
  21 -0.893883 -5.178898 41.364811 -0.301130 -0.938555 0.168626 0.570312 0.675781 4 21 0.835591 14 0.108053 18 0.054577 34 0.001779
  21 -2.917681 -1.381979 42.761452 -0.922936 0.055762 0.380893 0.515625 0.675781 3 21 0.709004 20 0.146212 14 0.144784
demon
  21 -0.893883 -5.178898 41.364811 -0.301130 -0.938555 0.168626 0.570312 0.675781 4 21 0.835591 14 0.108053 18 0.054577 34 0.001779
  21 -4.427899 -5.570523 42.111515 -0.797093 -0.567370 -0.206723 0.542969 0.644531 2 21 0.966674 14 0.033326
  21 -2.917681 -1.381979 42.761452 -0.922936 0.055762 0.380893 0.515625 0.675781 3 21 0.709004 20 0.146212 14 0.144784
demon
  14 -0.863344 -5.988444 38.688431 -0.191364 -0.929865 0.314214 0.582031 0.695312 4 14 0.505027 21 0.251914 34 0.171002 18 0.072056
  21 -0.893883 -5.178898 41.364811 -0.301130 -0.938555 0.168626 0.570312 0.675781 4 21 0.835591 14 0.108053 18 0.054577 34 0.001779
  14 -3.066684 -2.237218 40.654716 -0.782070 -0.397549 0.479918 0.527344 0.695312 4 14 0.612627 21 0.255969 13 0.074012 20 0.057391
demon
  21 -0.137918 -1.676341 46.062988 -0.381351 0.096539 0.919376 0.367188 0.050781 2 21 0.875794 20 0.124206
  16 8.291136 -1.288371 46.348183 -0.192998 -0.353967 0.915128 0.359375 0.128906 2 16 0.944832 21 0.055168
  21 1.267049 -0.000002 45.275444 -0.287370 0.000000 0.957820 0.347656 0.058594 3 21 0.467111 20 0.466909 16 0.065980
demon
  21 -2.917681 -1.381979 42.761452 -0.922936 0.055762 0.380893 0.359375 0.015625 3 21 0.709004 20 0.146212 14 0.144784
  21 -0.137918 -1.676341 46.062988 -0.381351 0.096539 0.919376 0.367188 0.050781 2 21 0.875794 20 0.124206
  21 1.267049 -0.000002 45.275444 -0.287370 0.000000 0.957820 0.347656 0.058594 3 21 0.467111 20 0.466909 16 0.065980
demon
  18 5.916529 -5.904241 39.766716 0.137094 -0.981351 0.134745 0.863281 0.480469 4 18 0.660246 21 0.150969 16 0.113938 14 0.074847
  18 6.325841 -5.747096 35.957230 0.074284 -0.792509 -0.605319 0.882812 0.507812 4 18 0.684733 19 0.148274 14 0.117350 21 0.049643
  19 11.046593 -3.665925 37.506645 0.843664 -0.329666 0.423735 0.917969 0.476562 4 19 0.503604 14 0.219837 21 0.139045 16 0.137513
demon
  19 11.046593 -3.665925 37.506645 0.843664 -0.329666 0.423735 0.917969 0.476562 4 19 0.503604 14 0.219837 21 0.139045 16 0.137513
  16 11.534120 -3.829804 41.396553 0.765537 -0.275915 -0.581226 0.902344 0.445312 4 16 0.449481 21 0.212530 17 0.189686 18 0.148303
  18 5.916529 -5.904241 39.766716 0.137094 -0.981351 0.134745 0.863281 0.480469 4 18 0.660246 21 0.150969 16 0.113938 14 0.074847
demon
  34 -0.187193 -9.378933 30.938587 0.670303 -0.696064 0.257272 0.687500 0.769531 4 34 0.858340 14 0.085346 35 0.055460 18 0.000854
  14 3.153726 -4.851871 33.803848 0.647816 -0.759763 -0.055636 0.730469 0.734375 4 14 0.543724 34 0.203452 18 0.193698 19 0.059126
  34 -3.023555 -7.718892 35.288456 0.038271 -0.729447 0.682966 0.675781 0.730469 4 34 0.799581 14 0.141369 21 0.056791 13 0.002259
demon
  34 -0.187193 -9.378933 30.938587 0.670303 -0.696064 0.257272 0.687500 0.769531 4 34 0.858340 14 0.085346 35 0.055460 18 0.000854
  34 -3.023555 -7.718892 35.288456 0.038271 -0.729447 0.682966 0.675781 0.730469 4 34 0.799581 14 0.141369 21 0.056791 13 0.002259
  34 -6.012108 -13.960827 30.336193 -0.179093 -0.859655 0.478455 0.628906 0.777344 2 34 0.518654 35 0.481346
demon
  14 3.153726 -4.851871 33.803848 0.647816 -0.759763 -0.055636 0.730469 0.734375 4 14 0.543724 34 0.203452 18 0.193698 19 0.059126
  34 -0.187193 -9.378933 30.938587 0.670303 -0.696064 0.257272 0.687500 0.769531 4 34 0.858340 14 0.085346 35 0.055460 18 0.000854
  12 5.795829 -0.000003 27.679295 0.989669 -0.000000 -0.143374 0.785156 0.781250 4 12 0.466431 14 0.256942 11 0.157782 22 0.118845
demon
  12 5.795829 -0.000003 27.679295 0.989669 -0.000000 -0.143374 0.785156 0.781250 4 12 0.466431 14 0.256942 11 0.157782 22 0.118845
  14 5.422596 -0.000003 32.388161 0.932856 -0.000000 -0.360249 0.785156 0.742188 4 14 0.560040 19 0.183639 18 0.149837 12 0.106485
  14 3.153726 -4.851871 33.803848 0.647816 -0.759763 -0.055636 0.730469 0.734375 4 14 0.543724 34 0.203452 18 0.193698 19 0.059126
demon
  34 1.111572 -7.421574 25.459171 0.736140 -0.615460 -0.281613 0.714844 0.812500 4 34 0.778358 11 0.116722 35 0.064450 12 0.040470
  34 -0.187193 -9.378933 30.938587 0.670303 -0.696064 0.257272 0.687500 0.769531 4 34 0.858340 14 0.085346 35 0.055460 18 0.000854
  34 -1.461925 -10.764481 27.109375 0.817715 -0.559152 -0.136714 0.664062 0.804688 2 34 0.831062 35 0.168938
demon
  34 -6.012108 -13.960827 30.336193 -0.179093 -0.859655 0.478455 0.628906 0.777344 2 34 0.518654 35 0.481346
  34 -3.023555 -7.718892 35.288456 0.038271 -0.729447 0.682966 0.582031 0.730469 4 34 0.799581 14 0.141369 21 0.056791 13 0.002259
  34 -8.998515 -8.189095 33.303356 -0.656174 -0.464598 0.594629 0.574219 0.781250 3 34 0.919492 13 0.055866 35 0.024642
demon
  18 5.416230 -4.281416 35.591469 0.222896 -0.539184 -0.812156 0.742188 0.707031 4 18 0.610861 14 0.193620 19 0.137400 34 0.058119
  14 5.422596 -0.000003 32.388161 0.932856 -0.000000 -0.360249 0.785156 0.742188 4 14 0.560040 19 0.183639 18 0.149837 12 0.106485
  19 9.427629 -0.000004 35.455147 -0.198884 0.000000 -0.980023 0.785156 0.687500 1 19 1.000000
demon
  14 -0.863344 -5.988444 38.688431 -0.191364 -0.929865 0.314214 0.675781 0.695312 4 14 0.505027 21 0.251914 34 0.171002 18 0.072056
  14 3.153726 -4.851871 33.803848 0.647816 -0.759763 -0.055636 0.730469 0.734375 4 14 0.543724 34 0.203452 18 0.193698 19 0.059126
  18 5.416230 -4.281416 35.591469 0.222896 -0.539184 -0.812156 0.742188 0.707031 4 18 0.610861 14 0.193620 19 0.137400 34 0.058119
demon
  18 6.325841 -5.747096 35.957230 0.074284 -0.792509 -0.605319 0.550781 0.570312 4 18 0.684733 19 0.148274 14 0.117350 21 0.049643
  14 -0.863344 -5.988444 38.688431 -0.191364 -0.929865 0.314214 0.562500 0.503906 4 14 0.505027 21 0.251914 34 0.171002 18 0.072056
  18 5.416230 -4.281416 35.591469 0.222896 -0.539184 -0.812156 0.539062 0.562500 4 18 0.610861 14 0.193620 19 0.137400 34 0.058119
demon
  19 9.427629 -0.000004 35.455147 -0.198884 0.000000 -0.980023 0.500000 0.593750 1 19 1.000000
  18 6.325841 -5.747096 35.957230 0.074284 -0.792509 -0.605319 0.550781 0.570312 4 18 0.684733 19 0.148274 14 0.117350 21 0.049643
  18 5.416230 -4.281416 35.591469 0.222896 -0.539184 -0.812156 0.539062 0.562500 4 18 0.610861 14 0.193620 19 0.137400 34 0.058119
demon
  10 -0.367471 -0.000001 13.730175 0.968213 -0.000000 -0.250126 0.785156 0.925781 3 10 0.683352 11 0.175252 46 0.141396
  46 -3.395353 -5.370337 13.081791 0.716588 -0.636485 0.285287 0.726562 0.941406 4 46 0.628405 60 0.142665 10 0.116378 11 0.112551
  46 -1.545231 -1.816196 9.257153 0.920379 0.086388 -0.381367 0.769531 0.968750 4 46 0.489502 10 0.464696 60 0.044064 61 0.001738
demon
  46 -3.395353 -5.370337 13.081791 0.716588 -0.636485 0.285287 0.726562 0.941406 4 46 0.628405 60 0.142665 10 0.116378 11 0.112551
  11 -8.617806 -6.748927 17.195175 -0.289803 -0.956933 -0.017129 0.636719 0.914062 4 11 0.413979 10 0.387366 60 0.107286 34 0.091370
  60 -7.645044 -7.557557 13.817190 0.023567 -0.944358 0.328075 0.648438 0.941406 4 60 0.616036 46 0.155959 56 0.124934 11 0.103071
demon
  34 -8.715931 -8.034316 24.966454 -0.742635 -0.550090 -0.381961 0.601562 0.851562 4 34 0.832829 35 0.068765 11 0.053557 12 0.044850
  11 -8.617806 -6.748927 17.195175 -0.289803 -0.956933 -0.017129 0.636719 0.914062 4 11 0.413979 10 0.387366 60 0.107286 34 0.091370
  34 -4.037428 -9.945988 24.391747 0.293171 -0.298700 -0.908201 0.664062 0.847656 3 34 0.706702 35 0.255046 11 0.038252
demon
  34 -1.461925 -10.764481 27.109375 0.817715 -0.559152 -0.136714 0.664062 0.804688 2 34 0.831062 35 0.168938
  34 -4.037428 -9.945988 24.391747 0.293171 -0.298700 -0.908201 0.664062 0.847656 3 34 0.706702 35 0.255046 11 0.038252
  34 1.111572 -7.421574 25.459171 0.736140 -0.615460 -0.281613 0.714844 0.812500 4 34 0.778358 11 0.116722 35 0.064450 12 0.040470
demon
  34 -4.037428 -9.945988 24.391747 0.293171 -0.298700 -0.908201 0.664062 0.847656 3 34 0.706702 35 0.255046 11 0.038252
  11 -8.617806 -6.748927 17.195175 -0.289803 -0.956933 -0.017129 0.636719 0.914062 4 11 0.413979 10 0.387366 60 0.107286 34 0.091370
  11 -2.088047 -4.508382 16.989466 0.621592 -0.715898 -0.317982 0.734375 0.898438 4 11 0.722822 46 0.105761 10 0.101077 34 0.070341
demon
  11 -2.088047 -4.508382 16.989466 0.621592 -0.715898 -0.317982 0.734375 0.898438 4 11 0.722822 46 0.105761 10 0.101077 34 0.070341
  34 1.111572 -7.421574 25.459171 0.736140 -0.615460 -0.281613 0.714844 0.812500 4 34 0.778358 11 0.116722 35 0.064450 12 0.040470
  34 -4.037428 -9.945988 24.391747 0.293171 -0.298700 -0.908201 0.664062 0.847656 3 34 0.706702 35 0.255046 11 0.038252
demon
  34 -6.012108 -13.960827 30.336193 -0.179093 -0.859655 0.478455 0.628906 0.777344 2 34 0.518654 35 0.481346
  34 -1.461925 -10.764481 27.109375 0.817715 -0.559152 -0.136714 0.664062 0.804688 2 34 0.831062 35 0.168938
  34 -0.187193 -9.378933 30.938587 0.670303 -0.696064 0.257272 0.687500 0.769531 4 34 0.858340 14 0.085346 35 0.055460 18 0.000854
demon
  34 -8.715931 -8.034316 24.966454 -0.742635 -0.550090 -0.381961 0.601562 0.851562 4 34 0.832829 35 0.068765 11 0.053557 12 0.044850
  34 -4.037428 -9.945988 24.391747 0.293171 -0.298700 -0.908201 0.664062 0.847656 3 34 0.706702 35 0.255046 11 0.038252
  34 -8.751969 -11.283406 25.801872 -0.844385 -0.350356 -0.405296 0.628906 0.828125 2 34 0.790986 35 0.209014
demon
  36 8.654795 -14.250881 19.497309 -0.213973 0.661471 0.718799 0.921875 0.757812 2 36 0.924385 40 0.075615
  36 -0.336248 -13.732438 14.606146 0.018128 0.938703 -0.344249 0.886719 0.835938 2 36 0.920526 35 0.079474
  36 -0.443768 -15.461364 17.353273 0.356853 0.206579 0.911033 0.921875 0.835938 2 36 0.860756 35 0.139244
demon
  36 9.714348 -16.355639 17.303385 0.471780 -0.598252 -0.647702 0.929688 0.757812 2 36 0.936489 43 0.063511
  36 -0.269204 -18.072346 15.248819 0.120805 -0.992548 -0.015981 0.964844 0.835938 2 36 0.975280 35 0.024720
  36 -0.027868 -16.226400 12.984621 0.234524 -0.120198 -0.964651 0.929688 0.835938 2 36 0.962320 35 0.037680
demon
  36 9.479471 -14.188725 17.290287 0.431772 0.676944 -0.596087 0.886719 0.757812 1 36 1.000000
  36 -0.027868 -16.226400 12.984621 0.234524 -0.120198 -0.964651 0.851562 0.835938 2 36 0.962320 35 0.037680
  36 -0.336248 -13.732438 14.606146 0.018128 0.938703 -0.344249 0.886719 0.835938 2 36 0.920526 35 0.079474
demon
  36 9.055913 -16.625114 19.317770 0.022118 -0.800113 0.599441 0.964844 0.757812 2 36 0.986110 40 0.013890
  36 -0.443768 -15.461364 17.353273 0.356853 0.206579 0.911033 0.996094 0.835938 2 36 0.860756 35 0.139244
  36 -0.269204 -18.072346 15.248819 0.120805 -0.992548 -0.015981 0.964844 0.835938 2 36 0.975280 35 0.024720
demon
  35 -3.193404 -17.854769 17.577740 -0.159240 -0.969324 0.187229 0.964844 0.882812 2 35 0.938420 36 0.061580
  35 -1.615023 -13.567270 25.025032 0.971189 -0.199002 0.131113 0.996094 0.945312 2 35 0.925512 34 0.074488
  35 -4.423069 -16.005138 24.722912 -0.062474 -0.958082 0.279599 0.964844 0.945312 2 35 0.988010 34 0.011990
demon
  35 -6.574793 -13.924465 23.114798 -0.930110 -0.175729 -0.322512 0.929688 0.945312 2 35 0.945507 34 0.054493
  35 -3.193404 -17.854769 17.577740 -0.159240 -0.969324 0.187229 0.964844 0.882812 2 35 0.938420 36 0.061580
  35 -4.423069 -16.005138 24.722912 -0.062474 -0.958082 0.279599 0.964844 0.945312 2 35 0.988010 34 0.011990
demon
  35 -1.615023 -13.567270 25.025032 0.971189 -0.199002 0.131113 0.921875 0.945312 2 35 0.925512 34 0.074488
  35 -2.948733 -13.551215 16.758043 -0.118166 0.964188 -0.237441 0.886719 0.882812 2 35 0.927168 36 0.072832
  35 -4.083092 -11.276279 23.189354 0.116470 0.775059 -0.621063 0.886719 0.945312 2 35 0.887768 34 0.112232
demon
  35 -2.948733 -13.551215 16.758043 -0.118166 0.964188 -0.237441 0.886719 0.882812 2 35 0.927168 36 0.072832
  35 -6.574793 -13.924465 23.114798 -0.930110 -0.175729 -0.322512 0.851562 0.945312 2 35 0.945507 34 0.054493
  35 -4.083092 -11.276279 23.189354 0.116470 0.775059 -0.621063 0.886719 0.945312 2 35 0.887768 34 0.112232
demon
  34 -4.037428 -9.945988 24.391747 0.293171 -0.298700 -0.908201 0.886719 0.972656 3 34 0.706702 35 0.255046 11 0.038252
  35 -4.083092 -11.276279 23.189354 0.116470 0.775059 -0.621063 0.886719 0.945312 2 35 0.887768 34 0.112232
  34 -8.751969 -11.283406 25.801872 -0.844385 -0.350356 -0.405296 0.851562 0.972656 2 34 0.790986 35 0.209014
demon
  35 -6.574793 -13.924465 23.114798 -0.930110 -0.175729 -0.322512 0.929688 0.945312 2 35 0.945507 34 0.054493
  34 -6.012108 -13.960827 30.336193 -0.179093 -0.859655 0.478455 0.964844 0.996094 2 34 0.518654 35 0.481346
  34 -8.751969 -11.283406 25.801872 -0.844385 -0.350356 -0.405296 0.929688 0.996094 2 34 0.790986 35 0.209014
demon
  35 -1.615023 -13.567270 25.025032 0.971189 -0.199002 0.131113 0.921875 0.945312 2 35 0.925512 34 0.074488
  35 -4.083092 -11.276279 23.189354 0.116470 0.775059 -0.621063 0.886719 0.945312 2 35 0.887768 34 0.112232
  34 -1.461925 -10.764481 27.109375 0.817715 -0.559152 -0.136714 0.921875 0.972656 2 34 0.831062 35 0.168938
demon
  35 -1.615023 -13.567270 25.025032 0.971189 -0.199002 0.131113 0.996094 0.945312 2 35 0.925512 34 0.074488
  34 -6.012108 -13.960827 30.336193 -0.179093 -0.859655 0.478455 0.964844 0.996094 2 34 0.518654 35 0.481346
  35 -4.423069 -16.005138 24.722912 -0.062474 -0.958082 0.279599 0.964844 0.945312 2 35 0.988010 34 0.011990
demon
  34 -6.012108 -13.960827 30.336193 -0.179093 -0.859655 0.478455 0.628906 0.777344 2 34 0.518654 35 0.481346
  34 -10.373606 -7.546331 28.931030 -0.912030 -0.409835 0.015403 0.574219 0.820312 3 34 0.893218 12 0.077888 35 0.028895
  34 -8.751969 -11.283406 25.801872 -0.844385 -0.350356 -0.405296 0.628906 0.828125 2 34 0.790986 35 0.209014
demon
  46 -14.858550 0.000003 16.866106 -0.932382 0.000000 0.361475 0.500000 0.925781 4 46 0.825946 11 0.074698 10 0.059447 12 0.039909
  56 -13.510390 -5.789008 10.373260 -0.482955 -0.856163 0.183684 0.578125 0.996094 3 56 0.782257 60 0.169562 46 0.048181
  11 -8.617806 -6.748927 17.195175 -0.289803 -0.956933 -0.017129 0.636719 0.914062 4 11 0.413979 10 0.387366 60 0.107286 34 0.091370
demon
  34 -8.751969 -11.283406 25.801872 -0.844385 -0.350356 -0.405296 0.628906 0.828125 2 34 0.790986 35 0.209014
  34 -10.373606 -7.546331 28.931030 -0.912030 -0.409835 0.015403 0.574219 0.820312 3 34 0.893218 12 0.077888 35 0.028895
  34 -8.715931 -8.034316 24.966454 -0.742635 -0.550090 -0.381961 0.601562 0.851562 4 34 0.832829 35 0.068765 11 0.053557 12 0.044850
demon
  34 -8.715931 -8.034316 24.966454 -0.742635 -0.550090 -0.381961 0.601562 0.851562 4 34 0.832829 35 0.068765 11 0.053557 12 0.044850
  46 -14.858550 0.000003 16.866106 -0.932382 0.000000 0.361475 0.500000 0.925781 4 46 0.825946 11 0.074698 10 0.059447 12 0.039909
  11 -8.617806 -6.748927 17.195175 -0.289803 -0.956933 -0.017129 0.636719 0.914062 4 11 0.413979 10 0.387366 60 0.107286 34 0.091370
demon
  34 -8.715931 -8.034316 24.966454 -0.742635 -0.550090 -0.381961 0.601562 0.851562 4 34 0.832829 35 0.068765 11 0.053557 12 0.044850
  34 -10.373606 -7.546331 28.931030 -0.912030 -0.409835 0.015403 0.574219 0.820312 3 34 0.893218 12 0.077888 35 0.028895
  12 -13.610495 0.000003 27.183575 -0.986119 0.000000 0.166042 0.500000 0.847656 4 12 0.690421 22 0.134059 34 0.133930 56 0.041590
demon
  34 -8.998515 -8.189095 33.303356 -0.656174 -0.464598 0.594629 0.574219 0.781250 3 34 0.919492 13 0.055866 35 0.024642
  12 -13.610495 0.000003 27.183575 -0.986119 0.000000 0.166042 0.500000 0.847656 4 12 0.690421 22 0.134059 34 0.133930 56 0.041590
  34 -10.373606 -7.546331 28.931030 -0.912030 -0.409835 0.015403 0.574219 0.820312 3 34 0.893218 12 0.077888 35 0.028895
demon
  13 -8.751420 0.000001 37.358288 -0.703535 0.000000 0.710660 0.500000 0.750000 4 13 0.771334 14 0.077526 22 0.075629 34 0.075511
  34 -8.998515 -8.189095 33.303356 -0.656174 -0.464598 0.594629 0.574219 0.781250 3 34 0.919492 13 0.055866 35 0.024642
  34 -3.023555 -7.718892 35.288456 0.038271 -0.729447 0.682966 0.582031 0.730469 4 34 0.799581 14 0.141369 21 0.056791 13 0.002259
demon
  14 -3.066684 -2.237218 40.654716 -0.782070 -0.397549 0.479918 0.527344 0.695312 4 14 0.612627 21 0.255969 13 0.074012 20 0.057391
  34 -3.023555 -7.718892 35.288456 0.038271 -0.729447 0.682966 0.582031 0.730469 4 34 0.799581 14 0.141369 21 0.056791 13 0.002259
  14 -0.863344 -5.988444 38.688431 -0.191364 -0.929865 0.314214 0.582031 0.695312 4 14 0.505027 21 0.251914 34 0.171002 18 0.072056
demon
  36 9.479471 -14.188725 17.290287 0.431772 0.676944 -0.596087 0.886719 0.757812 1 36 1.000000
  40 9.662403 -14.187020 19.772400 -0.610819 0.651362 0.450142 0.921875 0.746094 2 40 0.750208 36 0.249792
  36 10.242003 -14.078071 18.232510 0.223663 0.845429 -0.485000 0.886719 0.746094 3 36 0.767589 40 0.150469 43 0.081942
demon
  36 9.055913 -16.625114 19.317770 0.022118 -0.800113 0.599441 0.964844 0.757812 2 36 0.986110 40 0.013890
  43 10.577463 -16.147722 17.762476 0.236378 -0.558194 -0.795327 0.929688 0.746094 4 43 0.693575 36 0.222922 40 0.080291 44 0.003211
  40 9.879877 -16.076096 19.833118 -0.338006 -0.693333 0.636429 0.964844 0.746094 2 40 0.962297 36 0.037703
demon
  36 9.714348 -16.355639 17.303385 0.471780 -0.598252 -0.647702 0.851562 0.757812 2 36 0.936489 43 0.063511
  36 10.242003 -14.078071 18.232510 0.223663 0.845429 -0.485000 0.886719 0.746094 3 36 0.767589 40 0.150469 43 0.081942
  43 10.577463 -16.147722 17.762476 0.236378 -0.558194 -0.795327 0.851562 0.746094 4 43 0.693575 36 0.222922 40 0.080291 44 0.003211
demon
  36 8.654795 -14.250881 19.497309 -0.213973 0.661471 0.718799 0.996094 0.757812 2 36 0.924385 40 0.075615
  40 9.879877 -16.076096 19.833118 -0.338006 -0.693333 0.636429 0.964844 0.746094 2 40 0.962297 36 0.037703
  40 9.662403 -14.187020 19.772400 -0.610819 0.651362 0.450142 0.996094 0.746094 2 40 0.750208 36 0.249792
demon
  40 13.024347 -14.684958 21.830442 0.759183 0.222398 0.611703 0.734375 0.632812 4 40 0.865669 37 0.062610 44 0.038936 41 0.032785
  40 11.317127 -14.624042 22.570051 -0.496061 -0.431455 0.753505 0.750000 0.640625 1 40 1.000000
  40 9.879877 -16.076096 19.833118 -0.338006 -0.693333 0.636429 0.785156 0.617188 2 40 0.962297 36 0.037703
demon
  40 13.024347 -14.684958 21.830442 0.759183 0.222398 0.611703 0.734375 0.632812 4 40 0.865669 37 0.062610 44 0.038936 41 0.032785
  40 9.879877 -16.076096 19.833118 -0.338006 -0.693333 0.636429 0.785156 0.617188 2 40 0.962297 36 0.037703
  37 13.530572 -16.555113 21.663284 -0.143650 -0.840584 0.522286 0.738281 0.617188 3 37 0.828244 40 0.095827 44 0.075930
demon
  37 13.530572 -16.555113 21.663284 -0.143650 -0.840584 0.522286 0.738281 0.617188 3 37 0.828244 40 0.095827 44 0.075930
  40 9.879877 -16.076096 19.833118 -0.338006 -0.693333 0.636429 0.785156 0.617188 2 40 0.962297 36 0.037703
  44 15.148034 -16.052504 20.289982 0.833411 0.367596 0.412674 0.726562 0.597656 4 44 0.828582 43 0.078631 37 0.054179 38 0.038608
demon
  44 15.148034 -16.052504 20.289982 0.833411 0.367596 0.412674 0.726562 0.597656 4 44 0.828582 43 0.078631 37 0.054179 38 0.038608
  40 9.879877 -16.076096 19.833118 -0.338006 -0.693333 0.636429 0.785156 0.617188 2 40 0.962297 36 0.037703
  43 13.943664 -17.422338 19.722466 -0.047242 -0.955357 0.291653 0.742188 0.593750 2 43 0.862693 44 0.137307
demon
  43 10.577463 -16.147722 17.762476 0.236378 -0.558194 -0.795327 0.785156 0.593750 4 43 0.693575 36 0.222922 40 0.080291 44 0.003211
  43 13.943664 -17.422338 19.722466 -0.047242 -0.955357 0.291653 0.742188 0.593750 2 43 0.862693 44 0.137307
  40 9.879877 -16.076096 19.833118 -0.338006 -0.693333 0.636429 0.785156 0.617188 2 40 0.962297 36 0.037703
demon
  40 11.317127 -14.624042 22.570051 -0.496061 -0.431455 0.753505 0.750000 0.640625 1 40 1.000000
  40 9.662403 -14.187020 19.772400 -0.610819 0.651362 0.450142 0.785156 0.640625 2 40 0.750208 36 0.249792
  40 9.879877 -16.076096 19.833118 -0.338006 -0.693333 0.636429 0.785156 0.617188 2 40 0.962297 36 0.037703
demon
  44 14.960926 -16.220564 18.289684 0.292314 0.185676 -0.938124 0.746094 0.574219 2 44 0.924712 43 0.075288
  43 13.943664 -17.422338 19.722466 -0.047242 -0.955357 0.291653 0.742188 0.593750 2 43 0.862693 44 0.137307
  43 10.577463 -16.147722 17.762476 0.236378 -0.558194 -0.795327 0.785156 0.593750 4 43 0.693575 36 0.222922 40 0.080291 44 0.003211
demon
  40 11.373447 -12.940935 21.326038 -0.176541 0.980174 -0.089962 0.761719 0.656250 3 40 0.964479 41 0.032381 36 0.003140
  40 9.662403 -14.187020 19.772400 -0.610819 0.651362 0.450142 0.785156 0.640625 2 40 0.750208 36 0.249792
  40 11.317127 -14.624042 22.570051 -0.496061 -0.431455 0.753505 0.750000 0.640625 1 40 1.000000
demon
  36 10.242003 -14.078071 18.232510 0.223663 0.845429 -0.485000 0.574219 0.640625 3 36 0.767589 40 0.150469 43 0.081942
  40 13.024347 -14.684958 21.830442 0.759183 0.222398 0.611703 0.632812 0.660156 4 40 0.865669 37 0.062610 44 0.038936 41 0.032785
  44 15.148034 -16.052504 20.289982 0.833411 0.367596 0.412674 0.625000 0.625000 4 44 0.828582 43 0.078631 37 0.054179 38 0.038608
demon
  40 13.024347 -14.684958 21.830442 0.759183 0.222398 0.611703 0.632812 0.660156 4 40 0.865669 37 0.062610 44 0.038936 41 0.032785
  36 10.242003 -14.078071 18.232510 0.223663 0.845429 -0.485000 0.574219 0.640625 3 36 0.767589 40 0.150469 43 0.081942
  40 11.373447 -12.940935 21.326038 -0.176541 0.980174 -0.089962 0.613281 0.683594 3 40 0.964479 41 0.032381 36 0.003140
demon
  44 14.960926 -16.220564 18.289684 0.292314 0.185676 -0.938124 0.597656 0.601562 2 44 0.924712 43 0.075288
  36 10.242003 -14.078071 18.232510 0.223663 0.845429 -0.485000 0.574219 0.640625 3 36 0.767589 40 0.150469 43 0.081942
  44 15.148034 -16.052504 20.289982 0.833411 0.367596 0.412674 0.625000 0.625000 4 44 0.828582 43 0.078631 37 0.054179 38 0.038608
demon
  36 -0.443768 -15.461364 17.353273 0.356853 0.206579 0.911033 0.996094 0.835938 2 36 0.860756 35 0.139244
  35 -3.193404 -17.854769 17.577740 -0.159240 -0.969324 0.187229 0.964844 0.882812 2 35 0.938420 36 0.061580
  36 -0.269204 -18.072346 15.248819 0.120805 -0.992548 -0.015981 0.964844 0.835938 2 36 0.975280 35 0.024720
demon
  36 -0.443768 -15.461364 17.353273 0.356853 0.206579 0.911033 0.921875 0.835938 2 36 0.860756 35 0.139244
  35 -2.948733 -13.551215 16.758043 -0.118166 0.964188 -0.237441 0.886719 0.882812 2 35 0.927168 36 0.072832
  35 -0.851084 -15.582278 18.148260 0.956577 -0.090909 0.276941 0.921875 0.882812 2 35 0.798381 36 0.201619
demon
  35 -3.193404 -17.854769 17.577740 -0.159240 -0.969324 0.187229 0.964844 0.882812 2 35 0.938420 36 0.061580
  36 -3.635022 -16.787493 12.551659 -0.529163 -0.215164 -0.820787 0.929688 0.859375 2 36 0.511828 35 0.488172
  36 -0.269204 -18.072346 15.248819 0.120805 -0.992548 -0.015981 0.964844 0.835938 2 36 0.975280 35 0.024720
demon
  35 -4.919469 -15.777856 16.437794 -0.960959 -0.009160 -0.276538 0.929688 0.882812 2 35 0.985774 36 0.014226
  36 -3.635022 -16.787493 12.551659 -0.529163 -0.215164 -0.820787 0.929688 0.859375 2 36 0.511828 35 0.488172
  35 -3.193404 -17.854769 17.577740 -0.159240 -0.969324 0.187229 0.964844 0.882812 2 35 0.938420 36 0.061580
demon
  36 -0.269204 -18.072346 15.248819 0.120805 -0.992548 -0.015981 0.964844 0.835938 2 36 0.975280 35 0.024720
  36 -3.635022 -16.787493 12.551659 -0.529163 -0.215164 -0.820787 0.929688 0.859375 2 36 0.511828 35 0.488172
  36 -0.027868 -16.226400 12.984621 0.234524 -0.120198 -0.964651 0.929688 0.835938 2 36 0.962320 35 0.037680
demon
  35 -4.919469 -15.777856 16.437794 -0.960959 -0.009160 -0.276538 0.851562 0.882812 2 35 0.985774 36 0.014226
  35 -2.948733 -13.551215 16.758043 -0.118166 0.964188 -0.237441 0.886719 0.882812 2 35 0.927168 36 0.072832
  36 -3.635022 -16.787493 12.551659 -0.529163 -0.215164 -0.820787 0.851562 0.859375 2 36 0.511828 35 0.488172
demon
  35 -2.948733 -13.551215 16.758043 -0.118166 0.964188 -0.237441 0.886719 0.882812 2 35 0.927168 36 0.072832
  36 -0.336248 -13.732438 14.606146 0.018128 0.938703 -0.344249 0.886719 0.835938 2 36 0.920526 35 0.079474
  36 -3.635022 -16.787493 12.551659 -0.529163 -0.215164 -0.820787 0.851562 0.859375 2 36 0.511828 35 0.488172
demon
  36 -0.027868 -16.226400 12.984621 0.234524 -0.120198 -0.964651 0.851562 0.835938 2 36 0.962320 35 0.037680
  36 -3.635022 -16.787493 12.551659 -0.529163 -0.215164 -0.820787 0.851562 0.859375 2 36 0.511828 35 0.488172
  36 -0.336248 -13.732438 14.606146 0.018128 0.938703 -0.344249 0.886719 0.835938 2 36 0.920526 35 0.079474
demon
  34 -0.187193 -9.378933 30.938587 0.670303 -0.696064 0.257272 0.687500 0.769531 4 34 0.858340 14 0.085346 35 0.055460 18 0.000854
  34 1.111572 -7.421574 25.459171 0.736140 -0.615460 -0.281613 0.714844 0.812500 4 34 0.778358 11 0.116722 35 0.064450 12 0.040470
  12 5.795829 -0.000003 27.679295 0.989669 -0.000000 -0.143374 0.785156 0.781250 4 12 0.466431 14 0.256942 11 0.157782 22 0.118845
demon
  19 11.046593 -3.665925 37.506645 0.843664 -0.329666 0.423735 0.765625 0.515625 4 19 0.503604 14 0.219837 21 0.139045 16 0.137513
  21 6.337335 -2.300187 40.770519 0.699732 0.531179 -0.477727 0.722656 0.507812 4 21 0.513513 14 0.189462 20 0.150026 16 0.146999
  16 11.534120 -3.829804 41.396553 0.765537 -0.275915 -0.581226 0.750000 0.484375 4 16 0.449481 21 0.212530 17 0.189686 18 0.148303
demon
  17 20.206968 -1.525573 47.181591 0.631019 -0.738660 -0.237058 0.960938 0.464844 1 17 1.000000
  17 19.173740 -2.283474 41.860931 -0.002910 -0.135777 -0.990735 0.953125 0.414062 2 17 0.968474 16 0.031526
  17 18.854939 -0.692525 47.543106 0.088370 0.301561 -0.949343 0.945312 0.464844 1 17 1.000000
demon
  17 19.173740 -2.283474 41.860931 -0.002910 -0.135777 -0.990735 0.929688 0.414062 2 17 0.968474 16 0.031526
  17 18.510759 -2.318688 47.072376 0.227389 -0.962460 -0.148206 0.921875 0.464844 2 17 0.962906 16 0.037094
  17 18.854939 -0.692525 47.543106 0.088370 0.301561 -0.949343 0.937500 0.464844 1 17 1.000000
demon
  16 11.534120 -3.829804 41.396553 0.765537 -0.275915 -0.581226 0.750000 0.484375 4 16 0.449481 21 0.212530 17 0.189686 18 0.148303
  17 18.854939 -0.692525 47.543106 0.088370 0.301561 -0.949343 0.773438 0.406250 1 17 1.000000
  17 18.510759 -2.318688 47.072376 0.227389 -0.962460 -0.148206 0.785156 0.410156 2 17 0.962906 16 0.037094
demon
  19 11.046593 -3.665925 37.506645 0.843664 -0.329666 0.423735 0.765625 0.515625 4 19 0.503604 14 0.219837 21 0.139045 16 0.137513
  19 15.663680 -2.103499 34.129463 0.335696 -0.895869 0.291078 0.816406 0.523438 1 19 1.000000
  19 17.157658 -0.529929 33.174843 0.338170 0.401081 0.851338 0.832031 0.535156 1 19 1.000000
demon
  13 -8.751420 0.000001 37.358288 -0.703535 0.000000 0.710660 0.500000 0.750000 4 13 0.771334 14 0.077526 22 0.075629 34 0.075511
  14 -3.066684 -2.237218 40.654716 -0.782070 -0.397549 0.479918 0.527344 0.695312 4 14 0.612627 21 0.255969 13 0.074012 20 0.057391
  14 -3.066683 2.237218 40.654716 -0.782070 0.397550 0.479918 0.472656 0.695312 4 14 0.584517 20 0.274869 13 0.079273 21 0.061340
demon
  60 -7.645044 -7.557557 13.817190 0.023567 -0.944358 0.328075 0.957031 0.000000 4 60 0.616036 46 0.155959 56 0.124934 11 0.103071
  60 -2.645595 -12.580222 0.983000 -0.737989 -0.649168 0.184265 0.945312 0.128906 2 60 0.757013 61 0.242987
  61 0.004750 -14.459144 0.630195 0.165598 -0.947333 0.274112 0.968750 0.140625 2 61 0.837769 60 0.162231
demon
  46 -3.395353 -5.370337 13.081791 0.716588 -0.636485 0.285287 0.996094 0.000000 4 46 0.628405 60 0.142665 10 0.116378 11 0.112551
  61 0.004750 -14.459144 0.630195 0.165598 -0.947333 0.274112 0.968750 0.140625 2 61 0.837769 60 0.162231
  61 2.494199 -11.922835 1.511387 0.932493 -0.184997 0.310215 0.996094 0.128906 2 61 0.527229 60 0.472771
demon
  17 18.854939 -0.692525 47.543106 0.088370 0.301561 -0.949343 0.773438 0.406250 1 17 1.000000
  16 11.534120 -3.829804 41.396553 0.765537 -0.275915 -0.581226 0.750000 0.484375 4 16 0.449481 21 0.212530 17 0.189686 18 0.148303
  21 6.337335 -2.300187 40.770519 0.699732 0.531179 -0.477727 0.722656 0.507812 4 21 0.513513 14 0.189462 20 0.150026 16 0.146999
demon
  19 11.046593 -3.665925 37.506645 0.843664 -0.329666 0.423735 0.765625 0.515625 4 19 0.503604 14 0.219837 21 0.139045 16 0.137513
  19 17.157658 -0.529929 33.174843 0.338170 0.401081 0.851338 0.832031 0.535156 1 19 1.000000
  14 5.849807 -2.201761 38.248745 0.775046 0.495694 0.391906 0.722656 0.531250 4 14 0.561237 21 0.218461 20 0.114322 18 0.105980
demon
  62 -10.262201 -14.339315 -9.269647 -0.952090 -0.160415 0.260368 0.914062 0.230469 2 62 0.622748 61 0.377252
  62 -10.262201 -14.339315 -10.753738 -0.984098 -0.107018 -0.141766 0.914062 0.246094 2 62 0.939422 61 0.060578
  62 -7.489012 -15.939906 -9.777424 -0.031517 -0.994208 0.102745 0.957031 0.226562 2 62 0.996783 61 0.003217
demon
  62 -10.262201 -14.339315 -9.269647 -0.952090 -0.160415 0.260368 0.804688 0.222656 2 62 0.622748 61 0.377252
  62 -8.137744 -12.149792 -9.661583 -0.350630 0.932373 -0.087969 0.847656 0.218750 2 62 0.955170 61 0.044830
  62 -10.262201 -14.339315 -10.753738 -0.984098 -0.107018 -0.141766 0.804688 0.238281 2 62 0.939422 61 0.060578
demon
  59 -41.719879 -1.230218 16.775082 -0.132418 -0.988401 0.074356 0.736328 0.044922 1 59 1.000000
  59 -41.067921 0.000012 17.591818 0.716068 -0.000000 0.698031 0.720703 0.044922 1 59 1.000000
  59 -44.547935 0.000012 20.788490 -0.588142 0.000002 0.808757 0.736328 0.001953 1 59 1.000000
demon
  18 6.325841 -5.747096 35.957230 0.074284 -0.792509 -0.605319 0.882812 0.507812 4 18 0.684733 19 0.148274 14 0.117350 21 0.049643
  19 15.025875 -0.713422 31.554462 -0.568197 -0.611509 -0.550644 0.976562 0.507812 1 19 1.000000
  19 11.046593 -3.665925 37.506645 0.843664 -0.329666 0.423735 0.917969 0.476562 4 19 0.503604 14 0.219837 21 0.139045 16 0.137513
demon
  19 15.663680 -2.103499 34.129463 0.335696 -0.895869 0.291078 0.968750 0.484375 1 19 1.000000
  19 15.025875 -0.713422 31.554462 -0.568197 -0.611509 -0.550644 0.976562 0.507812 1 19 1.000000
  19 17.534861 -1.412197 32.632732 0.311354 -0.920280 -0.236948 0.988281 0.484375 1 19 1.000000
demon
  21 0.627002 -3.668049 44.885639 0.035810 -0.773826 0.632385 0.800781 0.453125 1 21 1.000000
  21 -0.893883 -5.178898 41.364811 -0.301130 -0.938555 0.168626 0.804688 0.488281 4 21 0.835591 14 0.108053 18 0.054577 34 0.001779
  16 8.291136 -1.288371 46.348183 -0.192998 -0.353967 0.915128 0.851562 0.410156 2 16 0.944832 21 0.055168
demon
  14 -0.863344 -5.988444 38.688431 -0.191364 -0.929865 0.314214 0.812500 0.507812 4 14 0.505027 21 0.251914 34 0.171002 18 0.072056
  18 6.325841 -5.747096 35.957230 0.074284 -0.792509 -0.605319 0.882812 0.507812 4 18 0.684733 19 0.148274 14 0.117350 21 0.049643
  18 5.916529 -5.904241 39.766716 0.137094 -0.981351 0.134745 0.863281 0.480469 4 18 0.660246 21 0.150969 16 0.113938 14 0.074847
demon
  34 1.111572 -7.421574 25.459171 0.736140 -0.615460 -0.281613 0.714844 0.812500 4 34 0.778358 11 0.116722 35 0.064450 12 0.040470
  11 -2.088047 -4.508382 16.989466 0.621592 -0.715898 -0.317982 0.734375 0.898438 4 11 0.722822 46 0.105761 10 0.101077 34 0.070341
  11 2.857403 -0.000002 20.081999 0.894512 -0.000000 -0.447043 0.785156 0.851562 4 11 0.756971 10 0.082777 22 0.080396 34 0.079856
demon
  64 -7.556628 -13.236896 -23.920887 -0.316159 0.732858 -0.602463 0.914062 0.570312 1 64 1.000000
  65 -0.652015 -12.117668 -24.627434 -0.102403 0.639368 -0.762051 0.906250 0.625000 2 65 0.989099 64 0.010901
  64 -7.437107 -15.374939 -23.920908 -0.279195 -0.748985 -0.600893 0.945312 0.570312 1 64 1.000000
demon
  65 -0.425223 -16.174589 -24.627476 -0.086041 -0.648367 -0.756451 0.953125 0.625000 1 65 1.000000
  65 -0.652015 -12.117668 -24.627434 -0.102403 0.639368 -0.762051 0.906250 0.625000 2 65 0.989099 64 0.010901
  66 7.636326 -16.071499 -24.136827 0.584371 0.128504 -0.801248 0.945312 0.703125 3 66 0.960623 68 0.030400 65 0.008978
demon
  12 -13.610495 0.000003 27.183575 -0.986119 0.000000 0.166042 0.500000 0.847656 4 12 0.690421 22 0.134059 34 0.133930 56 0.041590
  46 -14.858550 0.000003 16.866106 -0.932382 0.000000 0.361475 0.500000 0.925781 4 46 0.825946 11 0.074698 10 0.059447 12 0.039909
  34 -8.715931 -8.034316 24.966454 -0.742635 -0.550090 -0.381961 0.601562 0.851562 4 34 0.832829 35 0.068765 11 0.053557 12 0.044850
demon
  56 -13.510390 -5.789008 10.373260 -0.482955 -0.856163 0.183684 0.736328 0.345703 3 56 0.782257 60 0.169562 46 0.048181
  56 -20.865501 -4.359176 4.592493 -0.279211 -0.941898 -0.186730 0.736328 0.267578 2 56 0.919491 57 0.080509
  60 -9.891017 -5.042364 4.512574 -0.159093 -0.263519 -0.951445 0.798828 0.345703 4 60 0.805905 56 0.124188 61 0.046512 47 0.023396
demon
  56 -20.108101 0.000005 1.176335 -0.011958 0.000000 -0.999929 0.783203 0.267578 2 56 0.534940 57 0.465060
  56 -20.865501 -4.359176 4.592493 -0.279211 -0.941898 -0.186730 0.736328 0.267578 2 56 0.919491 57 0.080509
  57 -29.030415 0.000008 2.112016 -0.411214 0.000000 -0.911539 0.763672 0.193359 2 57 0.550917 58 0.449083
demon
  57 -28.727463 -2.268927 5.244617 -0.191518 -0.980757 0.037892 0.736328 0.193359 3 57 0.839989 58 0.158944 56 0.001066
  58 -36.262276 -1.738564 9.794535 -0.064234 -0.997480 0.030125 0.736328 0.119141 2 58 0.854893 59 0.145107
  57 -29.030415 0.000008 2.112016 -0.411214 0.000000 -0.911539 0.763672 0.193359 2 57 0.550917 58 0.449083
demon
  59 -38.061974 0.000011 8.784000 -0.757989 0.000000 -0.652267 0.755859 0.119141 2 59 0.730770 58 0.269230
  58 -36.262276 -1.738564 9.794535 -0.064234 -0.997480 0.030125 0.736328 0.119141 2 58 0.854893 59 0.145107
  59 -42.429024 0.000012 16.336147 -0.864109 0.000000 -0.503306 0.751953 0.044922 1 59 1.000000
demon
  59 -41.719879 -1.230218 16.775082 -0.132418 -0.988401 0.074356 0.736328 0.044922 1 59 1.000000
  58 -36.262276 -1.738564 9.794535 -0.064234 -0.997480 0.030125 0.736328 0.119141 2 58 0.854893 59 0.145107
  59 -41.067921 0.000012 17.591818 0.716068 -0.000000 0.698031 0.720703 0.044922 1 59 1.000000
demon
  57 -28.727463 -2.268927 5.244617 -0.191518 -0.980757 0.037892 0.736328 0.193359 3 57 0.839989 58 0.158944 56 0.001066
  58 -28.780441 0.000008 7.338173 0.202643 -0.000000 0.979253 0.708984 0.193359 2 58 0.901314 57 0.098686
  58 -36.262276 -1.738564 9.794535 -0.064234 -0.997480 0.030125 0.736328 0.119141 2 58 0.854893 59 0.145107
demon
  57 -28.727463 -2.268927 5.244617 -0.191518 -0.980757 0.037892 0.736328 0.193359 3 57 0.839989 58 0.158944 56 0.001066
  56 -20.865501 -4.359176 4.592493 -0.279211 -0.941898 -0.186730 0.736328 0.267578 2 56 0.919491 57 0.080509
  58 -28.780441 0.000008 7.338173 0.202643 -0.000000 0.979253 0.708984 0.193359 2 58 0.901314 57 0.098686
demon
  56 -21.675760 0.000006 8.428892 -0.550444 0.000000 0.834872 0.689453 0.267578 2 56 0.973329 58 0.026671
  56 -20.865501 -4.359176 4.592493 -0.279211 -0.941898 -0.186730 0.736328 0.267578 2 56 0.919491 57 0.080509
  46 -14.858550 0.000003 16.866106 -0.932382 0.000000 0.361475 0.673828 0.345703 4 46 0.825946 11 0.074698 10 0.059447 12 0.039909
demon
  13 -8.751420 0.000001 37.358288 -0.703535 0.000000 0.710660 0.500000 0.750000 4 13 0.771334 14 0.077526 22 0.075629 34 0.075511
  12 -13.610495 0.000003 27.183575 -0.986119 0.000000 0.166042 0.500000 0.847656 4 12 0.690421 22 0.134059 34 0.133930 56 0.041590
  34 -8.998515 -8.189095 33.303356 -0.656174 -0.464598 0.594629 0.574219 0.781250 3 34 0.919492 13 0.055866 35 0.024642
demon
  34 -8.998515 -8.189095 33.303356 -0.656174 -0.464598 0.594629 0.574219 0.781250 3 34 0.919492 13 0.055866 35 0.024642
  34 -10.373606 -7.546331 28.931030 -0.912030 -0.409835 0.015403 0.574219 0.820312 3 34 0.893218 12 0.077888 35 0.028895
  34 -6.012108 -13.960827 30.336193 -0.179093 -0.859655 0.478455 0.628906 0.777344 2 34 0.518654 35 0.481346
demon
  11 -2.088047 -4.508382 16.989466 0.621592 -0.715898 -0.317982 0.734375 0.898438 4 11 0.722822 46 0.105761 10 0.101077 34 0.070341
  11 -8.617806 -6.748927 17.195175 -0.289803 -0.956933 -0.017129 0.636719 0.914062 4 11 0.413979 10 0.387366 60 0.107286 34 0.091370
  46 -3.395353 -5.370337 13.081791 0.716588 -0.636485 0.285287 0.726562 0.941406 4 46 0.628405 60 0.142665 10 0.116378 11 0.112551
demon
  56 -13.510390 -5.789008 10.373260 -0.482955 -0.856163 0.183684 0.910156 0.000000 3 56 0.782257 60 0.169562 46 0.048181
  60 -2.645595 -12.580222 0.983000 -0.737989 -0.649168 0.184265 0.945312 0.128906 2 60 0.757013 61 0.242987
  60 -7.645044 -7.557557 13.817190 0.023567 -0.944358 0.328075 0.957031 0.000000 4 60 0.616036 46 0.155959 56 0.124934 11 0.103071
demon
  46 -3.395353 -5.370337 13.081791 0.716588 -0.636485 0.285287 0.890625 0.000000 4 46 0.628405 60 0.142665 10 0.116378 11 0.112551
  61 2.494199 -11.922835 1.511387 0.932493 -0.184997 0.310215 0.890625 0.121094 2 61 0.527229 60 0.472771
  46 -1.545231 -1.816196 9.257153 0.920379 0.086388 -0.381367 0.847656 0.023438 4 46 0.489502 10 0.464696 60 0.044064 61 0.001738
demon
  61 0.614656 -9.054053 -1.539235 0.506305 0.727845 -0.462489 0.851562 0.132812 2 61 0.947359 60 0.052641
  61 -2.758463 -9.399897 -0.373769 -0.607814 0.677538 -0.414131 0.804688 0.121094 2 61 0.866752 60 0.133248
  46 -1.545231 -1.816196 9.257153 0.920379 0.086388 -0.381367 0.847656 0.023438 4 46 0.489502 10 0.464696 60 0.044064 61 0.001738
demon
  65 -0.367504 -14.140177 -21.417233 0.418797 -0.093406 0.903263 0.996094 0.335938 3 65 0.984427 3 0.011984 62 0.003588
  62 -5.082612 -13.804122 -10.411385 0.977988 0.033730 -0.205918 0.996094 0.226562 1 62 1.000000
  3 -4.979267 -16.440655 -19.785007 -0.075357 -0.992196 0.099340 0.953125 0.324219 4 3 0.903719 64 0.057825 65 0.037882 62 0.000574
demon
  62 -8.137744 -12.149792 -9.661583 -0.350630 0.932373 -0.087969 0.847656 0.218750 2 62 0.955170 61 0.044830
  62 -5.082612 -13.804122 -10.411385 0.977988 0.033730 -0.205918 0.890625 0.218750 1 62 1.000000
  62 -4.880788 -11.828168 -18.715473 -0.061328 0.994752 0.081898 0.843750 0.316406 3 62 0.896480 64 0.051850 65 0.051670
demon
  64 -7.344699 -14.297446 -21.192717 -0.965653 -0.049758 0.255025 0.804688 0.328125 3 64 0.849576 3 0.077830 62 0.072594
  62 -10.262201 -14.339315 -10.753738 -0.984098 -0.107018 -0.141766 0.804688 0.238281 2 62 0.939422 61 0.060578
  62 -4.880788 -11.828168 -18.715473 -0.061328 0.994752 0.081898 0.843750 0.316406 3 62 0.896480 64 0.051850 65 0.051670
demon
  62 -7.489012 -15.939906 -9.777424 -0.031517 -0.994208 0.102745 0.957031 0.226562 2 62 0.996783 61 0.003217
  62 -10.262201 -14.339315 -10.753738 -0.984098 -0.107018 -0.141766 0.914062 0.246094 2 62 0.939422 61 0.060578
  3 -4.979267 -16.440655 -19.785007 -0.075357 -0.992196 0.099340 0.953125 0.324219 4 3 0.903719 64 0.057825 65 0.037882 62 0.000574
demon
  61 2.745436 -12.827193 -0.871214 0.928438 -0.304352 -0.213008 0.996094 0.152344 2 61 0.919537 60 0.080463
  61 0.004750 -14.459144 0.630195 0.165598 -0.947333 0.274112 0.968750 0.140625 2 61 0.837769 60 0.162231
  62 -5.082612 -13.804122 -10.411385 0.977988 0.033730 -0.205918 0.996094 0.226562 1 62 1.000000
demon
  62 -8.137744 -12.149792 -9.661583 -0.350630 0.932373 -0.087969 0.847656 0.218750 2 62 0.955170 61 0.044830
  61 0.614656 -9.054053 -1.539235 0.506305 0.727845 -0.462489 0.851562 0.132812 2 61 0.947359 60 0.052641
  62 -5.082612 -13.804122 -10.411385 0.977988 0.033730 -0.205918 0.890625 0.218750 1 62 1.000000
demon
  62 -7.489012 -15.939906 -9.777424 -0.031517 -0.994208 0.102745 0.957031 0.226562 2 62 0.996783 61 0.003217
  61 0.004750 -14.459144 0.630195 0.165598 -0.947333 0.274112 0.968750 0.140625 2 61 0.837769 60 0.162231
  62 -10.262201 -14.339315 -9.269647 -0.952090 -0.160415 0.260368 0.914062 0.230469 2 62 0.622748 61 0.377252
demon
  60 -7.645044 -7.557557 13.817190 0.023567 -0.944358 0.328075 0.957031 0.000000 4 60 0.616036 46 0.155959 56 0.124934 11 0.103071
  61 0.004750 -14.459144 0.630195 0.165598 -0.947333 0.274112 0.968750 0.140625 2 61 0.837769 60 0.162231
  46 -3.395353 -5.370337 13.081791 0.716588 -0.636485 0.285287 0.996094 0.000000 4 46 0.628405 60 0.142665 10 0.116378 11 0.112551
demon
  13 -8.751420 0.000001 37.358288 -0.703535 0.000000 0.710660 0.500000 0.750000 4 13 0.771334 14 0.077526 22 0.075629 34 0.075511
  34 -3.023555 -7.718892 35.288456 0.038271 -0.729447 0.682966 0.582031 0.730469 4 34 0.799581 14 0.141369 21 0.056791 13 0.002259
  14 -3.066684 -2.237218 40.654716 -0.782070 -0.397549 0.479918 0.527344 0.695312 4 14 0.612627 21 0.255969 13 0.074012 20 0.057391
demon
  34 -3.023555 -7.718892 35.288456 0.038271 -0.729447 0.682966 0.675781 0.730469 4 34 0.799581 14 0.141369 21 0.056791 13 0.002259
  14 3.153726 -4.851871 33.803848 0.647816 -0.759763 -0.055636 0.730469 0.734375 4 14 0.543724 34 0.203452 18 0.193698 19 0.059126
  14 -0.863344 -5.988444 38.688431 -0.191364 -0.929865 0.314214 0.675781 0.695312 4 14 0.505027 21 0.251914 34 0.171002 18 0.072056
demon
  14 3.153726 -4.851871 33.803848 0.647816 -0.759763 -0.055636 0.730469 0.734375 4 14 0.543724 34 0.203452 18 0.193698 19 0.059126
  14 5.422596 -0.000003 32.388161 0.932856 -0.000000 -0.360249 0.785156 0.742188 4 14 0.560040 19 0.183639 18 0.149837 12 0.106485
  18 5.416230 -4.281416 35.591469 0.222896 -0.539184 -0.812156 0.742188 0.707031 4 18 0.610861 14 0.193620 19 0.137400 34 0.058119
demon
  17 18.366064 -1.312031 49.772141 0.144819 -0.493012 0.857885 0.925781 0.351562 1 17 1.000000
  16 11.389423 -3.913312 44.764111 0.033821 -0.919140 0.392476 0.886719 0.417969 3 16 0.872974 17 0.085018 18 0.042008
  17 18.510759 -2.318688 47.072376 0.227389 -0.962460 -0.148206 0.937500 0.371094 2 17 0.962906 16 0.037094
demon
  34 -1.461925 -10.764481 27.109375 0.817715 -0.559152 -0.136714 0.996094 0.996094 2 34 0.831062 35 0.168938
  34 -6.012108 -13.960827 30.336193 -0.179093 -0.859655 0.478455 0.964844 0.996094 2 34 0.518654 35 0.481346
  35 -1.615023 -13.567270 25.025032 0.971189 -0.199002 0.131113 0.996094 0.945312 2 35 0.925512 34 0.074488
demon
  35 -4.423069 -16.005138 24.722912 -0.062474 -0.958082 0.279599 0.964844 0.945312 2 35 0.988010 34 0.011990
  34 -6.012108 -13.960827 30.336193 -0.179093 -0.859655 0.478455 0.964844 0.996094 2 34 0.518654 35 0.481346
  35 -6.574793 -13.924465 23.114798 -0.930110 -0.175729 -0.322512 0.929688 0.945312 2 35 0.945507 34 0.054493
demon
  35 -4.919469 -15.777856 16.437794 -0.960959 -0.009160 -0.276538 0.929688 0.882812 2 35 0.985774 36 0.014226
  35 -3.193404 -17.854769 17.577740 -0.159240 -0.969324 0.187229 0.964844 0.882812 2 35 0.938420 36 0.061580
  35 -6.574793 -13.924465 23.114798 -0.930110 -0.175729 -0.322512 0.929688 0.945312 2 35 0.945507 34 0.054493
demon
  35 -0.851084 -15.582278 18.148260 0.956577 -0.090909 0.276941 0.996094 0.882812 2 35 0.798381 36 0.201619
  35 -1.615023 -13.567270 25.025032 0.971189 -0.199002 0.131113 0.996094 0.945312 2 35 0.925512 34 0.074488
  35 -3.193404 -17.854769 17.577740 -0.159240 -0.969324 0.187229 0.964844 0.882812 2 35 0.938420 36 0.061580
demon
  34 -8.751969 -11.283406 25.801872 -0.844385 -0.350356 -0.405296 0.851562 0.972656 2 34 0.790986 35 0.209014
  35 -4.083092 -11.276279 23.189354 0.116470 0.775059 -0.621063 0.886719 0.945312 2 35 0.887768 34 0.112232
  35 -6.574793 -13.924465 23.114798 -0.930110 -0.175729 -0.322512 0.851562 0.945312 2 35 0.945507 34 0.054493
demon
  34 -1.461925 -10.764481 27.109375 0.817715 -0.559152 -0.136714 0.921875 0.972656 2 34 0.831062 35 0.168938
  35 -4.083092 -11.276279 23.189354 0.116470 0.775059 -0.621063 0.886719 0.945312 2 35 0.887768 34 0.112232
  34 -4.037428 -9.945988 24.391747 0.293171 -0.298700 -0.908201 0.886719 0.972656 3 34 0.706702 35 0.255046 11 0.038252
demon
  35 -0.851084 -15.582278 18.148260 0.956577 -0.090909 0.276941 0.921875 0.882812 2 35 0.798381 36 0.201619
  35 -2.948733 -13.551215 16.758043 -0.118166 0.964188 -0.237441 0.886719 0.882812 2 35 0.927168 36 0.072832
  35 -1.615023 -13.567270 25.025032 0.971189 -0.199002 0.131113 0.921875 0.945312 2 35 0.925512 34 0.074488
demon
  35 -4.919469 -15.777856 16.437794 -0.960959 -0.009160 -0.276538 0.851562 0.882812 2 35 0.985774 36 0.014226
  35 -6.574793 -13.924465 23.114798 -0.930110 -0.175729 -0.322512 0.851562 0.945312 2 35 0.945507 34 0.054493
  35 -2.948733 -13.551215 16.758043 -0.118166 0.964188 -0.237441 0.886719 0.882812 2 35 0.927168 36 0.072832
demon
  43 10.577463 -16.147722 17.762476 0.236378 -0.558194 -0.795327 0.574219 0.617188 4 43 0.693575 36 0.222922 40 0.080291 44 0.003211
  36 10.242003 -14.078071 18.232510 0.223663 0.845429 -0.485000 0.574219 0.640625 3 36 0.767589 40 0.150469 43 0.081942
  44 14.960926 -16.220564 18.289684 0.292314 0.185676 -0.938124 0.597656 0.601562 2 44 0.924712 43 0.075288
demon
  41 13.656722 -13.442937 23.319399 0.831795 -0.542552 -0.117279 0.656250 0.675781 3 41 0.925061 40 0.037496 42 0.037443
  40 13.024347 -14.684958 21.830442 0.759183 0.222398 0.611703 0.632812 0.660156 4 40 0.865669 37 0.062610 44 0.038936 41 0.032785
  41 12.990029 -11.977201 23.250570 -0.192752 0.954839 -0.226116 0.628906 0.699219 3 41 0.943807 42 0.041648 40 0.014545
demon
  40 11.373447 -12.940935 21.326038 -0.176541 0.980174 -0.089962 0.613281 0.683594 3 40 0.964479 41 0.032381 36 0.003140
  36 10.242003 -14.078071 18.232510 0.223663 0.845429 -0.485000 0.574219 0.640625 3 36 0.767589 40 0.150469 43 0.081942
  40 9.662403 -14.187020 19.772400 -0.610819 0.651362 0.450142 0.574219 0.664062 2 40 0.750208 36 0.249792
demon
  44 18.242266 -16.253357 19.734467 0.121367 0.688183 0.715314 0.640625 0.609375 1 44 1.000000
  44 17.916906 -16.330355 18.419716 0.124273 0.361904 -0.923895 0.617188 0.585938 1 44 1.000000
  44 15.148034 -16.052504 20.289982 0.833411 0.367596 0.412674 0.625000 0.625000 4 44 0.828582 43 0.078631 37 0.054179 38 0.038608
demon
  40 13.024347 -14.684958 21.830442 0.759183 0.222398 0.611703 0.632812 0.660156 4 40 0.865669 37 0.062610 44 0.038936 41 0.032785
  38 16.479120 -14.499000 22.479780 -0.212799 0.901887 0.375921 0.656250 0.660156 2 38 0.982537 39 0.017463
  44 15.148034 -16.052504 20.289982 0.833411 0.367596 0.412674 0.625000 0.625000 4 44 0.828582 43 0.078631 37 0.054179 38 0.038608
demon
  44 15.148034 -16.052504 20.289982 0.833411 0.367596 0.412674 0.726562 0.597656 4 44 0.828582 43 0.078631 37 0.054179 38 0.038608
  38 16.969835 -15.410385 21.475580 0.420394 -0.245617 -0.873465 0.703125 0.597656 2 38 0.981169 39 0.018831
  37 13.530572 -16.555113 21.663284 -0.143650 -0.840584 0.522286 0.738281 0.617188 3 37 0.828244 40 0.095827 44 0.075930
demon
  38 17.208658 -15.567212 22.850248 0.169516 -0.627603 0.759854 0.699219 0.617188 2 38 0.547778 39 0.452222
  38 16.479120 -14.499000 22.479780 -0.212799 0.901887 0.375921 0.703125 0.632812 2 38 0.982537 39 0.017463
  37 13.530572 -16.555113 21.663284 -0.143650 -0.840584 0.522286 0.738281 0.617188 3 37 0.828244 40 0.095827 44 0.075930
demon
  41 13.194328 -12.912002 24.432163 -0.340077 -0.196880 0.919557 0.730469 0.660156 2 41 0.526321 42 0.473679
  40 11.317127 -14.624042 22.570051 -0.496061 -0.431455 0.753505 0.750000 0.640625 1 40 1.000000
  41 13.656722 -13.442937 23.319399 0.831795 -0.542552 -0.117279 0.718750 0.648438 3 41 0.925061 40 0.037496 42 0.037443
demon
  41 13.194328 -12.912002 24.432163 -0.340077 -0.196880 0.919557 0.730469 0.660156 2 41 0.526321 42 0.473679
  41 12.990029 -11.977201 23.250570 -0.192752 0.954839 -0.226116 0.742188 0.671875 3 41 0.943807 42 0.041648 40 0.014545
  40 11.317127 -14.624042 22.570051 -0.496061 -0.431455 0.753505 0.750000 0.640625 1 40 1.000000
demon
  44 18.372112 -17.666121 19.542637 0.158098 -0.958261 0.238204 0.718750 0.574219 1 44 1.000000
  44 18.242266 -16.253357 19.734467 0.121367 0.688183 0.715314 0.703125 0.582031 1 44 1.000000
  43 13.943664 -17.422338 19.722466 -0.047242 -0.955357 0.291653 0.742188 0.593750 2 43 0.862693 44 0.137307
demon
  44 14.960926 -16.220564 18.289684 0.292314 0.185676 -0.938124 0.746094 0.574219 2 44 0.924712 43 0.075288
  44 17.916906 -16.330355 18.419716 0.124273 0.361904 -0.923895 0.730469 0.558594 1 44 1.000000
  43 13.943664 -17.422338 19.722466 -0.047242 -0.955357 0.291653 0.742188 0.593750 2 43 0.862693 44 0.137307
demon
  36 9.055913 -16.625114 19.317770 0.022118 -0.800113 0.599441 0.964844 0.757812 2 36 0.986110 40 0.013890
  40 9.879877 -16.076096 19.833118 -0.338006 -0.693333 0.636429 0.964844 0.746094 2 40 0.962297 36 0.037703
  36 8.654795 -14.250881 19.497309 -0.213973 0.661471 0.718799 0.996094 0.757812 2 36 0.924385 40 0.075615
demon
  36 9.714348 -16.355639 17.303385 0.471780 -0.598252 -0.647702 0.929688 0.757812 2 36 0.936489 43 0.063511
  43 10.577463 -16.147722 17.762476 0.236378 -0.558194 -0.795327 0.929688 0.746094 4 43 0.693575 36 0.222922 40 0.080291 44 0.003211
  36 9.055913 -16.625114 19.317770 0.022118 -0.800113 0.599441 0.964844 0.757812 2 36 0.986110 40 0.013890
demon
  36 9.479471 -14.188725 17.290287 0.431772 0.676944 -0.596087 0.886719 0.757812 1 36 1.000000
  36 10.242003 -14.078071 18.232510 0.223663 0.845429 -0.485000 0.886719 0.746094 3 36 0.767589 40 0.150469 43 0.081942
  36 9.714348 -16.355639 17.303385 0.471780 -0.598252 -0.647702 0.851562 0.757812 2 36 0.936489 43 0.063511
demon
  36 8.654795 -14.250881 19.497309 -0.213973 0.661471 0.718799 0.921875 0.757812 2 36 0.924385 40 0.075615
  40 9.662403 -14.187020 19.772400 -0.610819 0.651362 0.450142 0.921875 0.746094 2 40 0.750208 36 0.249792
  36 9.479471 -14.188725 17.290287 0.431772 0.676944 -0.596087 0.886719 0.757812 1 36 1.000000
demon
  35 -0.851084 -15.582278 18.148260 0.956577 -0.090909 0.276941 0.996094 0.882812 2 35 0.798381 36 0.201619
  35 -3.193404 -17.854769 17.577740 -0.159240 -0.969324 0.187229 0.964844 0.882812 2 35 0.938420 36 0.061580
  36 -0.443768 -15.461364 17.353273 0.356853 0.206579 0.911033 0.996094 0.835938 2 36 0.860756 35 0.139244
demon
  36 -0.336248 -13.732438 14.606146 0.018128 0.938703 -0.344249 0.886719 0.835938 2 36 0.920526 35 0.079474
  35 -2.948733 -13.551215 16.758043 -0.118166 0.964188 -0.237441 0.886719 0.882812 2 35 0.927168 36 0.072832
  36 -0.443768 -15.461364 17.353273 0.356853 0.206579 0.911033 0.921875 0.835938 2 36 0.860756 35 0.139244
demon
  36 9.055913 -16.625114 19.317770 0.022118 -0.800113 0.599441 0.964844 0.757812 2 36 0.986110 40 0.013890
  36 -0.269204 -18.072346 15.248819 0.120805 -0.992548 -0.015981 0.964844 0.835938 2 36 0.975280 35 0.024720
  36 9.714348 -16.355639 17.303385 0.471780 -0.598252 -0.647702 0.929688 0.757812 2 36 0.936489 43 0.063511
demon
  36 9.714348 -16.355639 17.303385 0.471780 -0.598252 -0.647702 0.851562 0.757812 2 36 0.936489 43 0.063511
  36 -0.027868 -16.226400 12.984621 0.234524 -0.120198 -0.964651 0.851562 0.835938 2 36 0.962320 35 0.037680
  36 9.479471 -14.188725 17.290287 0.431772 0.676944 -0.596087 0.886719 0.757812 1 36 1.000000
demon
  36 9.479471 -14.188725 17.290287 0.431772 0.676944 -0.596087 0.886719 0.757812 1 36 1.000000
  36 -0.336248 -13.732438 14.606146 0.018128 0.938703 -0.344249 0.886719 0.835938 2 36 0.920526 35 0.079474
  36 8.654795 -14.250881 19.497309 -0.213973 0.661471 0.718799 0.921875 0.757812 2 36 0.924385 40 0.075615
demon
  36 8.654795 -14.250881 19.497309 -0.213973 0.661471 0.718799 0.996094 0.757812 2 36 0.924385 40 0.075615
  36 -0.443768 -15.461364 17.353273 0.356853 0.206579 0.911033 0.996094 0.835938 2 36 0.860756 35 0.139244
  36 9.055913 -16.625114 19.317770 0.022118 -0.800113 0.599441 0.964844 0.757812 2 36 0.986110 40 0.013890
demon
  11 -2.088047 -4.508382 16.989466 0.621592 -0.715898 -0.317982 0.734375 0.898438 4 11 0.722822 46 0.105761 10 0.101077 34 0.070341
  46 -3.395353 -5.370337 13.081791 0.716588 -0.636485 0.285287 0.726562 0.941406 4 46 0.628405 60 0.142665 10 0.116378 11 0.112551
  10 -0.367471 -0.000001 13.730175 0.968213 -0.000000 -0.250126 0.785156 0.925781 3 10 0.683352 11 0.175252 46 0.141396
demon
  11 -8.617806 -6.748927 17.195175 -0.289803 -0.956933 -0.017129 0.636719 0.914062 4 11 0.413979 10 0.387366 60 0.107286 34 0.091370
  56 -13.510390 -5.789008 10.373260 -0.482955 -0.856163 0.183684 0.578125 0.996094 3 56 0.782257 60 0.169562 46 0.048181
  60 -7.645044 -7.557557 13.817190 0.023567 -0.944358 0.328075 0.648438 0.941406 4 60 0.616036 46 0.155959 56 0.124934 11 0.103071
demon
  47 -9.891013 5.042368 4.512574 -0.159092 0.263519 -0.951445 0.703125 0.082031 4 47 0.796080 56 0.127645 48 0.049795 60 0.026481
  60 -9.891017 -5.042364 4.512574 -0.159093 -0.263519 -0.951445 0.625000 0.082031 4 60 0.805905 56 0.124188 61 0.046512 47 0.023396
  56 -20.108101 0.000005 1.176335 -0.011958 0.000000 -0.999929 0.664062 0.171875 2 56 0.534940 57 0.465060
demon
  14 5.849807 -2.201761 38.248745 0.775046 0.495694 0.391906 0.722656 0.531250 4 14 0.561237 21 0.218461 20 0.114322 18 0.105980
  21 6.337335 -2.300187 40.770519 0.699732 0.531179 -0.477727 0.722656 0.507812 4 21 0.513513 14 0.189462 20 0.150026 16 0.146999
  19 11.046593 -3.665925 37.506645 0.843664 -0.329666 0.423735 0.765625 0.515625 4 19 0.503604 14 0.219837 21 0.139045 16 0.137513
demon
  59 -44.547935 0.000012 20.788490 -0.588142 0.000002 0.808757 0.267578 0.001953 1 59 1.000000
  59 -41.719879 1.230241 16.775082 -0.132417 0.988401 0.074356 0.267578 0.044922 1 59 1.000000
  59 -42.429024 0.000012 16.336147 -0.864109 0.000000 -0.503306 0.251953 0.044922 1 59 1.000000
demon
  59 -44.547935 0.000012 20.788490 -0.588142 0.000002 0.808757 0.736328 0.001953 1 59 1.000000
  59 -42.429024 0.000012 16.336147 -0.864109 0.000000 -0.503306 0.751953 0.044922 1 59 1.000000
  59 -41.719879 -1.230218 16.775082 -0.132418 -0.988401 0.074356 0.736328 0.044922 1 59 1.000000
end
