version 1
nodes
0 "hips" -1
1 "spine" 0
2 "chest" 1
3 "neck" 2
4 "head" 3
5 "breathing_tube_5" 4
6 "Shoulder.L" 2
7 "arm_upper.L" 6
8 "arm_lower.L" 7
9 "hand.L" 8
10 "Shoulder.R" 2
11 "arm_upper.R" 10
12 "arm_lower.R" 11
13 "hand.R" 12
14 "weapon" 13
15 "muzzle_flash" 14
16 "weapon_cable_1" 2
17 "weapon_cable_2" 16
18 "weapon_cable_3" 17
19 "weapon_cable_4" 18
20 "weapon_cable_5" 19
21 "weapon_cable_6" 20
22 "weapon_cable_7" 21
23 "weapon_cable_8" 22
24 "breathing_tube_1" 2
25 "breathing_tube_2" 24
26 "breathing_tube_3" 25
27 "breathing_tube_4" 26
28 "leg_upper.L" 0
29 "leg_lower.L" 28
30 "foot.L" 29
31 "toes.L" 30
32 "leg_upper.R" 0
33 "leg_lower.R" 32
34 "foot.R" 33
35 "toes.R" 34
36 "leg_ik.L" -1
37 "leg_pull.L" -1
38 "leg_ik.R" -1
39 "leg_pull.R" -1
40 "hand_ik.L" -1
41 "hand_ik.R" -1
42 "hand_pull.L" -1
43 "hand_pull.R" -1
end
skeleton
  time 0
  0 0.365973 0.000000 3.303060 1.712894 -0.000000 1.570796
  1 0.000000 7.787998 -0.000001 -0.036147 0.000001 -0.000000
  2 -0.000002 6.830342 -0.000001 -0.498130 -0.000000 -0.000000
  3 -0.000000 6.307690 -0.000000 0.990027 -0.000000 -0.000000
  4 0.000000 2.062053 -0.000000 -0.435234 0.000000 -0.000000
  5 3.462712 0.878775 -2.964390 1.508386 0.052358 2.816472
  6 3.325126 6.635756 -0.656393 -0.115246 0.348888 -2.066765
  7 0.000002 6.186780 0.000001 0.048089 0.030649 0.469526
  8 -0.000000 9.277200 -0.000001 -0.049656 -0.000736 -0.006763
  9 0.000000 8.547148 -0.000001 0.026109 0.003119 0.053050
  10 -3.325126 6.635753 -0.656394 -0.115247 -0.348888 2.066765
  11 -0.000002 6.186780 0.000001 0.048089 -0.030649 -0.469526
  12 0.000002 9.277201 -0.000000 -0.049656 0.000736 0.006763
  13 -0.000000 8.547148 -0.000000 0.026109 -0.003119 -0.053050
  14 0.242423 2.653007 -1.605145 1.480065 0.004474 0.052683
  15 -0.079161 8.273300 -13.071133 -1.564730 0.000269 0.000023
  16 -5.283370 -0.941656 -9.166862 -1.509614 1.178568 1.554057
  17 -0.000000 2.370680 0.000000 0.559185 -0.006380 0.000490
  18 0.000000 1.895272 0.000001 0.736014 -0.016350 0.012069
  19 0.000001 4.778709 0.000001 0.575402 -0.012862 0.063877
  20 0.000001 5.917949 -0.000001 0.031930 0.004577 0.011561
  21 0.000002 5.844554 -0.000001 0.368933 0.068505 0.159021
  22 0.000002 4.734665 -0.000002 0.090928 0.068339 0.070314
  23 0.000002 4.479242 -0.000002 -0.201402 0.526112 0.522516
  24 -0.018880 10.174582 -5.360419 0.324403 -0.018785 0.045440
  25 -0.000000 1.635710 -0.000000 0.536098 0.047830 -0.788978
  26 -0.000000 2.115242 -0.000000 0.370934 -0.408237 -0.950211
  27 0.000000 2.301961 0.000001 0.713852 -0.528756 -0.883006
  28 2.885959 1.661013 0.143899 0.180578 -0.014312 -3.041420
  29 0.000054 11.517466 -0.000033 -0.152149 -0.000733 -0.018823
  30 -0.000074 12.734406 -0.000033 0.853483 0.003784 -0.033359
  31 0.000005 5.021131 0.000004 0.727721 -0.032907 -0.036013
  32 -2.885959 1.661014 0.143902 0.180578 0.014306 3.041418
  33 0.000002 11.517469 -0.000032 -0.152149 0.000743 0.018823
  34 0.000017 12.734401 -0.000034 0.853483 -0.003788 0.033359
  35 -0.000008 5.021130 0.000005 0.727721 0.032902 0.036010
  36 -0.240502 5.089325 -19.133162 0.000000 -0.000000 1.570796
  37 15.378815 4.642630 -6.432432 0.000000 0.000000 -1.570796
  38 -0.240501 -5.089325 -19.133162 0.000000 -0.000000 1.570796
  39 15.378815 -4.642629 -6.432432 0.000000 0.000000 -1.570796
  40 0.972441 26.601009 20.987938 0.000000 -0.000000 1.570796
  41 0.972443 -26.601009 20.987938 0.000000 -0.000000 1.570796
  42 -15.646546 18.068611 20.987938 0.000000 -0.000000 1.570796
  43 -15.646544 -18.068611 20.987938 0.000000 -0.000000 1.570796
end
triangles
enforcer
  24 -7.430000 -0.010000 25.245781 -0.989839 0.055262 -0.131017 0.386719 0.226562 2 24 0.936075 25 0.063925
  24 -5.689378 -1.012554 25.242073 0.577665 -0.816270 0.002573 0.386719 0.246094 2 24 0.864379 25 0.135621
  24 -5.916665 -1.168174 26.900654 0.357290 -0.888447 0.288107 0.359375 0.246094 2 24 0.501167 25 0.498833
enforcer
  24 -5.689378 -1.012554 25.242073 0.577665 -0.816270 0.002573 0.386719 0.246094 2 24 0.864379 25 0.135621
  24 -5.689378 0.998500 25.242073 0.524246 0.838165 0.150484 0.386719 0.261719 2 24 0.798085 25 0.201915
  25 -5.916665 0.842880 26.900654 0.436105 0.810731 -0.390548 0.359375 0.261719 3 25 0.868779 24 0.069145 26 0.062077
enforcer
  25 -5.916665 0.842880 26.900654 0.436105 0.810731 -0.390548 0.359375 0.210938 3 25 0.868779 24 0.069145 26 0.062077
  24 -5.689378 0.998500 25.242073 0.524246 0.838165 0.150484 0.386719 0.210938 2 24 0.798085 25 0.201915
  24 -7.430000 -0.010000 25.245781 -0.989839 0.055262 -0.131017 0.386719 0.226562 2 24 0.936075 25 0.063925
enforcer
  5 -1.066276 2.908810 27.616089 -0.324525 0.533520 0.781051 0.542969 0.332031 4 5 0.906525 4 0.069960 6 0.016520 27 0.006995
  4 -2.860000 -0.000000 27.491823 -0.917854 0.000207 0.396919 0.593750 0.335938 4 4 0.632777 5 0.136161 3 0.118700 2 0.112361
  4 -1.850000 -0.000000 30.611822 -0.895321 0.000290 0.445420 0.593750 0.289062 2 4 0.928071 5 0.071929
enforcer
  4 -0.447394 2.722658 30.604988 -0.411603 0.780053 0.471276 0.539062 0.296875 2 4 0.793536 5 0.206464
  4 4.248854 2.816570 30.784609 0.358432 0.818858 0.448328 0.488281 0.269531 2 4 0.805275 5 0.194725
  5 4.296786 2.854891 26.943737 0.570671 0.794992 0.205724 0.488281 0.328125 2 5 0.902400 4 0.097600
enforcer
  5 2.994370 4.240450 26.201746 0.270634 0.958084 0.093976 0.496094 0.339844 1 5 1.000000
  5 -1.370968 4.366967 27.093283 0.023108 0.963279 0.267506 0.542969 0.339844 2 5 0.976871 6 0.023129
  5 4.296786 2.854891 26.943737 0.570671 0.794992 0.205724 0.488281 0.328125 2 5 0.902400 4 0.097600
enforcer
  4 -0.447394 2.722658 30.604988 -0.411603 0.780053 0.471276 0.488281 0.222656 2 4 0.793536 5 0.206464
  4 -1.850000 -0.000000 30.611822 -0.895321 0.000290 0.445420 0.488281 0.199219 2 4 0.928071 5 0.071929
  4 -0.430000 -0.000000 32.301823 -0.384724 0.000312 0.923032 0.445312 0.199219 2 4 0.968317 5 0.031683
enforcer
  4 4.120000 0.000000 32.401825 0.232540 0.000305 0.972587 0.445312 0.253906 2 4 0.953546 5 0.046454
  4 6.379999 0.000000 30.971823 0.900330 -0.012001 0.435042 0.445312 0.281250 2 4 0.873391 5 0.126609
  4 4.248854 2.816570 30.784609 0.358432 0.818858 0.448328 0.488281 0.269531 2 4 0.805275 5 0.194725
enforcer
  4 4.120000 0.000000 32.401825 0.232540 0.000305 0.972587 0.445312 0.253906 2 4 0.953546 5 0.046454
  4 4.248854 2.816570 30.784609 0.358432 0.818858 0.448328 0.488281 0.269531 2 4 0.805275 5 0.194725
  4 -0.447394 2.722658 30.604988 -0.411603 0.780053 0.471276 0.488281 0.222656 2 4 0.793536 5 0.206464
enforcer
  4 -2.860000 -0.000000 27.491823 -0.917854 0.000207 0.396919 0.593750 0.335938 4 4 0.632777 5 0.136161 3 0.118700 2 0.112361
  5 -1.066276 2.908810 27.616089 -0.324525 0.533520 0.781051 0.542969 0.332031 4 5 0.906525 4 0.069960 6 0.016520 27 0.006995
  6 -2.622195 3.486393 25.764727 -0.573701 0.393527 0.718334 0.542969 0.367188 4 6 0.705110 5 0.169635 3 0.063302 2 0.061953
enforcer
  3 3.209887 0.000000 23.434048 0.974124 0.000212 -0.226016 0.445312 0.402344 4 3 0.767866 5 0.133698 4 0.075152 1 0.023285
  5 2.306307 3.126842 24.574772 0.635477 0.760940 0.130917 0.492188 0.406250 3 5 0.853809 3 0.075270 6 0.070921
  5 5.784085 1.826115 24.153168 0.662497 0.479755 -0.575268 0.468750 0.367188 3 5 0.713160 3 0.176747 4 0.110093
enforcer
  5 5.784085 1.826115 24.153168 0.662497 0.479755 -0.575268 0.468750 0.367188 3 5 0.713160 3 0.176747 4 0.110093
  5 6.609999 0.000000 26.211823 0.999820 -0.014911 0.011700 0.445312 0.335938 3 5 0.591539 4 0.287810 3 0.120651
  3 5.784085 -1.830485 24.153168 0.640404 -0.532896 -0.553086 0.425781 0.367188 3 3 0.410446 4 0.402645 5 0.186909
enforcer
  5 6.609999 0.000000 26.211823 0.999820 -0.014911 0.011700 0.445312 0.335938 3 5 0.591539 4 0.287810 3 0.120651
  5 4.296786 2.854891 26.943737 0.570671 0.794992 0.205724 0.488281 0.328125 2 5 0.902400 4 0.097600
  4 6.379999 0.000000 30.971823 0.900330 -0.012001 0.435042 0.445312 0.281250 2 4 0.873391 5 0.126609
enforcer
  5 5.784085 1.826115 24.153168 0.662497 0.479755 -0.575268 0.468750 0.367188 3 5 0.713160 3 0.176747 4 0.110093
  5 4.296786 2.854891 26.943737 0.570671 0.794992 0.205724 0.488281 0.328125 2 5 0.902400 4 0.097600
  5 6.609999 0.000000 26.211823 0.999820 -0.014911 0.011700 0.445312 0.335938 3 5 0.591539 4 0.287810 3 0.120651
enforcer
  5 5.784085 1.826115 24.153168 0.662497 0.479755 -0.575268 0.468750 0.367188 3 5 0.713160 3 0.176747 4 0.110093
  5 2.994370 4.240450 26.201746 0.270634 0.958084 0.093976 0.496094 0.339844 1 5 1.000000
  5 4.296786 2.854891 26.943737 0.570671 0.794992 0.205724 0.488281 0.328125 2 5 0.902400 4 0.097600
enforcer
  5 4.296786 2.854891 26.943737 0.570671 0.794992 0.205724 0.488281 0.328125 2 5 0.902400 4 0.097600
  4 4.248854 2.816570 30.784609 0.358432 0.818858 0.448328 0.488281 0.269531 2 4 0.805275 5 0.194725
  4 6.379999 0.000000 30.971823 0.900330 -0.012001 0.435042 0.445312 0.281250 2 4 0.873391 5 0.126609
enforcer
  4 -1.850000 -0.000000 30.611822 -0.895321 0.000290 0.445420 0.300781 0.285156 2 4 0.928071 5 0.071929
  4 -2.860000 -0.000000 27.491823 -0.917854 0.000207 0.396919 0.300781 0.335938 4 4 0.632777 5 0.136161 3 0.118700 2 0.112361
  4 -1.066275 -2.913180 27.616089 -0.380550 -0.869217 0.315665 0.351562 0.335938 3 4 0.776391 10 0.156308 3 0.067302
enforcer
  4 3.897057 -2.900223 27.747831 0.390544 -0.920056 0.031194 0.406250 0.320312 3 4 0.843090 3 0.090946 5 0.065964
  4 4.248854 -2.820940 30.784609 0.384000 -0.818019 0.428240 0.406250 0.269531 3 4 0.972825 5 0.026682 3 0.000493
  4 -0.447394 -2.727028 30.604988 -0.414136 -0.776966 0.474146 0.355469 0.296875 2 4 0.989712 10 0.010288
enforcer
  4 -1.066275 -2.913180 27.616089 -0.380550 -0.869217 0.315665 0.351562 0.335938 3 4 0.776391 10 0.156308 3 0.067302
  10 -2.622195 -3.488578 25.764727 -0.333183 -0.346738 0.876791 0.332031 0.367188 4 10 0.721454 4 0.107235 3 0.097640 2 0.073671
  4 2.306307 -3.129028 24.574772 0.559901 -0.674226 0.481591 0.394531 0.367188 3 4 0.472112 3 0.466966 10 0.060922
enforcer
  4 -0.447394 -2.727028 30.604988 -0.414136 -0.776966 0.474146 0.406250 0.222656 2 4 0.989712 10 0.010288
  4 -0.430000 -0.000000 32.301823 -0.384724 0.000312 0.923032 0.445312 0.199219 2 4 0.968317 5 0.031683
  4 -1.850000 -0.000000 30.611822 -0.895321 0.000290 0.445420 0.406250 0.199219 2 4 0.928071 5 0.071929
enforcer
  4 4.120000 0.000000 32.401825 0.232540 0.000305 0.972587 0.445312 0.253906 2 4 0.953546 5 0.046454
  4 4.248854 -2.820940 30.784609 0.384000 -0.818019 0.428240 0.406250 0.269531 3 4 0.972825 5 0.026682 3 0.000493
  4 6.379999 0.000000 30.971823 0.900330 -0.012001 0.435042 0.445312 0.281250 2 4 0.873391 5 0.126609
enforcer
  4 -0.447394 -2.727028 30.604988 -0.414136 -0.776966 0.474146 0.406250 0.222656 2 4 0.989712 10 0.010288
  4 4.248854 -2.820940 30.784609 0.384000 -0.818019 0.428240 0.406250 0.269531 3 4 0.972825 5 0.026682 3 0.000493
  4 4.120000 0.000000 32.401825 0.232540 0.000305 0.972587 0.445312 0.253906 2 4 0.953546 5 0.046454
enforcer
  4 -2.860000 -0.000000 27.491823 -0.917854 0.000207 0.396919 0.300781 0.335938 4 4 0.632777 5 0.136161 3 0.118700 2 0.112361
  3 -3.408141 -0.000000 25.700825 -0.599581 0.000034 0.800314 0.300781 0.367188 4 3 0.345769 2 0.344848 10 0.156789 6 0.152594
  10 -2.622195 -3.488578 25.764727 -0.333183 -0.346738 0.876791 0.332031 0.367188 4 10 0.721454 4 0.107235 3 0.097640 2 0.073671
enforcer
  3 3.209887 0.000000 23.434048 0.974124 0.000212 -0.226016 0.445312 0.402344 4 3 0.767866 5 0.133698 4 0.075152 1 0.023285
  3 5.784085 -1.830485 24.153168 0.640404 -0.532896 -0.553086 0.425781 0.367188 3 3 0.410446 4 0.402645 5 0.186909
  4 2.306307 -3.129028 24.574772 0.559901 -0.674226 0.481591 0.402344 0.406250 3 4 0.472112 3 0.466966 10 0.060922
enforcer
  5 5.784085 1.826115 24.153168 0.662497 0.479755 -0.575268 0.468750 0.367188 3 5 0.713160 3 0.176747 4 0.110093
  3 5.784085 -1.830485 24.153168 0.640404 -0.532896 -0.553086 0.425781 0.367188 3 3 0.410446 4 0.402645 5 0.186909
  3 3.209887 0.000000 23.434048 0.974124 0.000212 -0.226016 0.445312 0.402344 4 3 0.767866 5 0.133698 4 0.075152 1 0.023285
enforcer
  5 6.609999 0.000000 26.211823 0.999820 -0.014911 0.011700 0.445312 0.335938 3 5 0.591539 4 0.287810 3 0.120651
  4 6.379999 0.000000 30.971823 0.900330 -0.012001 0.435042 0.445312 0.281250 2 4 0.873391 5 0.126609
  4 3.897057 -2.900223 27.747831 0.390544 -0.920056 0.031194 0.406250 0.320312 3 4 0.843090 3 0.090946 5 0.065964
enforcer
  3 5.784085 -1.830485 24.153168 0.640404 -0.532896 -0.553086 0.425781 0.367188 3 3 0.410446 4 0.402645 5 0.186909
  5 6.609999 0.000000 26.211823 0.999820 -0.014911 0.011700 0.445312 0.335938 3 5 0.591539 4 0.287810 3 0.120651
  4 3.897057 -2.900223 27.747831 0.390544 -0.920056 0.031194 0.406250 0.320312 3 4 0.843090 3 0.090946 5 0.065964
enforcer
  4 2.306307 -3.129028 24.574772 0.559901 -0.674226 0.481591 0.394531 0.367188 3 4 0.472112 3 0.466966 10 0.060922
  3 5.784085 -1.830485 24.153168 0.640404 -0.532896 -0.553086 0.425781 0.367188 3 3 0.410446 4 0.402645 5 0.186909
  4 3.897057 -2.900223 27.747831 0.390544 -0.920056 0.031194 0.406250 0.320312 3 4 0.843090 3 0.090946 5 0.065964
enforcer
  4 3.897057 -2.900223 27.747831 0.390544 -0.920056 0.031194 0.406250 0.320312 3 4 0.843090 3 0.090946 5 0.065964
  4 6.379999 0.000000 30.971823 0.900330 -0.012001 0.435042 0.445312 0.281250 2 4 0.873391 5 0.126609
  4 4.248854 -2.820940 30.784609 0.384000 -0.818019 0.428240 0.406250 0.269531 3 4 0.972825 5 0.026682 3 0.000493
enforcer
  5 2.306307 3.126842 24.574772 0.635477 0.760940 0.130917 0.496094 0.367188 3 5 0.853809 3 0.075270 6 0.070921
  6 -2.622195 3.486393 25.764727 -0.573701 0.393527 0.718334 0.542969 0.367188 4 6 0.705110 5 0.169635 3 0.063302 2 0.061953
  5 -1.370968 4.366967 27.093283 0.023108 0.963279 0.267506 0.542969 0.339844 2 5 0.976871 6 0.023129
enforcer
  5 5.784085 1.826115 24.153168 0.662497 0.479755 -0.575268 0.468750 0.367188 3 5 0.713160 3 0.176747 4 0.110093
  5 2.306307 3.126842 24.574772 0.635477 0.760940 0.130917 0.496094 0.367188 3 5 0.853809 3 0.075270 6 0.070921
  5 2.994370 4.240450 26.201746 0.270634 0.958084 0.093976 0.496094 0.339844 1 5 1.000000
enforcer
  5 -1.066276 2.908810 27.616089 -0.324525 0.533520 0.781051 0.542969 0.332031 4 5 0.906525 4 0.069960 6 0.016520 27 0.006995
  5 4.296786 2.854891 26.943737 0.570671 0.794992 0.205724 0.488281 0.328125 2 5 0.902400 4 0.097600
  5 -1.370968 4.366967 27.093283 0.023108 0.963279 0.267506 0.542969 0.339844 2 5 0.976871 6 0.023129
enforcer
  6 -2.622195 3.486393 25.764727 -0.573701 0.393527 0.718334 0.269531 0.210938 4 6 0.705110 5 0.169635 3 0.063302 2 0.061953
  27 -4.744082 2.998430 27.283409 -0.682562 0.051248 -0.729029 0.300781 0.210938 2 27 0.946832 26 0.053168
  27 -4.184056 3.600157 28.131466 -0.417461 0.812227 0.407448 0.300781 0.226562 1 27 1.000000
enforcer
  5 -1.370968 4.366967 27.093283 0.023108 0.963279 0.267506 0.269531 0.226562 2 5 0.976871 6 0.023129
  27 -4.184056 3.600157 28.131466 -0.417461 0.812227 0.407448 0.300781 0.226562 1 27 1.000000
  27 -3.401939 2.946131 28.609827 0.274977 -0.349277 0.895764 0.300781 0.246094 2 27 0.955168 5 0.044832
enforcer
  6 -2.622195 3.486393 25.764727 -0.573701 0.393527 0.718334 0.269531 0.261719 4 6 0.705110 5 0.169635 3 0.063302 2 0.061953
  5 -1.066276 2.908810 27.616089 -0.324525 0.533520 0.781051 0.269531 0.246094 4 5 0.906525 4 0.069960 6 0.016520 27 0.006995
  27 -3.401939 2.946131 28.609827 0.274977 -0.349277 0.895764 0.300781 0.246094 2 27 0.955168 5 0.044832
enforcer
  27 -4.184056 3.600157 28.131466 -0.417461 0.812227 0.407448 0.300781 0.226562 1 27 1.000000
  27 -4.744082 2.998430 27.283409 -0.682562 0.051248 -0.729029 0.300781 0.210938 2 27 0.946832 26 0.053168
  26 -5.375503 1.664066 27.625025 0.076167 0.242058 -0.967268 0.332031 0.210938 3 26 0.935223 25 0.048014 27 0.016763
enforcer
  27 -4.184056 3.600157 28.131466 -0.417461 0.812227 0.407448 0.300781 0.226562 1 27 1.000000
  26 -6.417226 1.504084 29.009846 -0.650017 0.285021 0.704444 0.332031 0.226562 2 26 0.515650 25 0.484350
  26 -5.158026 0.733673 28.745766 0.590029 -0.552243 0.588978 0.332031 0.246094 2 26 0.507315 25 0.492685
enforcer
  27 -3.401939 2.946131 28.609827 0.274977 -0.349277 0.895764 0.300781 0.246094 2 27 0.955168 5 0.044832
  26 -5.158026 0.733673 28.745766 0.590029 -0.552243 0.588978 0.332031 0.246094 2 26 0.507315 25 0.492685
  26 -5.375503 1.664066 27.625025 0.076167 0.242058 -0.967268 0.332031 0.261719 3 26 0.935223 25 0.048014 27 0.016763
enforcer
  25 -5.916665 0.842880 26.900654 0.436105 0.810731 -0.390548 0.359375 0.261719 3 25 0.868779 24 0.069145 26 0.062077
  26 -5.375503 1.664066 27.625025 0.076167 0.242058 -0.967268 0.332031 0.261719 3 26 0.935223 25 0.048014 27 0.016763
  26 -5.158026 0.733673 28.745766 0.590029 -0.552243 0.588978 0.332031 0.246094 2 26 0.507315 25 0.492685
enforcer
  24 -7.658288 -0.162647 26.900654 -0.965821 -0.115144 0.232232 0.359375 0.226562 2 24 0.501316 25 0.498684
  24 -5.916665 -1.168174 26.900654 0.357290 -0.888447 0.288107 0.359375 0.246094 2 24 0.501167 25 0.498833
  26 -5.158026 0.733673 28.745766 0.590029 -0.552243 0.588978 0.332031 0.246094 2 26 0.507315 25 0.492685
enforcer
  25 -5.916665 0.842880 26.900654 0.436105 0.810731 -0.390548 0.359375 0.210938 3 25 0.868779 24 0.069145 26 0.062077
  24 -7.658288 -0.162647 26.900654 -0.965821 -0.115144 0.232232 0.359375 0.226562 2 24 0.501316 25 0.498684
  26 -6.417226 1.504084 29.009846 -0.650017 0.285021 0.704444 0.332031 0.226562 2 26 0.515650 25 0.484350
enforcer
  34 -2.071953 -6.912805 -19.228184 -0.731151 -0.678357 -0.072455 0.734375 0.429688 2 34 0.517872 33 0.482128
  33 -3.393041 -1.270838 -10.462536 -0.649659 0.637910 0.413537 0.632812 0.363281 2 33 0.958811 34 0.041189
  34 -2.060709 -3.072992 -19.226505 -0.697799 0.712008 -0.078240 0.734375 0.363281 2 34 0.521686 33 0.478314
enforcer
  34 2.128004 -3.285327 -18.844612 0.659163 0.749030 0.066776 0.160156 0.683594 2 34 0.912302 33 0.087698
  33 4.086514 -5.198476 -10.460209 0.999557 -0.019010 -0.022899 0.136719 0.578125 3 33 0.937765 32 0.033042 34 0.029193
  34 2.116760 -7.094371 -18.829296 0.628700 -0.774575 0.069071 0.113281 0.683594 2 34 0.911598 33 0.088402
enforcer
  33 1.277382 -1.824183 -10.403748 0.234822 0.687351 0.687319 0.386719 0.992188 1 33 1.000000
  33 4.678579 -5.000416 -6.207436 0.976901 -0.149287 -0.152899 0.308594 0.953125 2 33 0.526366 32 0.473634
  33 4.086514 -5.198476 -10.460209 0.999557 -0.019010 -0.022899 0.308594 0.992188 3 33 0.937765 32 0.033042 34 0.029193
enforcer
  33 -3.393041 -1.270838 -10.462536 -0.649659 0.637910 0.413537 0.632812 0.363281 2 33 0.958811 34 0.041189
  33 -1.836733 -7.126269 -9.970974 -0.521565 -0.437149 0.732715 0.609375 0.417969 2 33 0.961621 32 0.038379
  33 -1.872568 -2.583819 -9.918324 -0.564563 0.494271 0.661033 0.609375 0.371094 1 33 1.000000
enforcer
  33 4.086514 -5.198476 -10.460209 0.999557 -0.019010 -0.022899 0.308594 0.992188 3 33 0.937765 32 0.033042 34 0.029193
  33 4.678579 -5.000416 -6.207436 0.976901 -0.149287 -0.152899 0.308594 0.953125 2 33 0.526366 32 0.473634
  33 1.594409 -7.939332 -9.844444 0.243049 -0.762441 0.599676 0.273438 0.992188 2 33 0.938595 32 0.061405
enforcer
  32 4.651141 -6.357380 6.997990 0.690138 -0.714558 0.114529 0.304688 0.789062 3 32 0.747493 1 0.143292 0 0.109215
  33 4.678579 -5.000416 -6.207436 0.976901 -0.149287 -0.152899 0.308594 0.953125 2 33 0.526366 32 0.473634
  0 4.918991 0.000000 3.243118 0.990732 0.000000 -0.135829 0.386719 0.808594 3 0 0.926634 28 0.036701 32 0.036665
enforcer
  33 -3.393041 -1.270838 -10.462536 -0.649659 0.637910 0.413537 0.632812 0.363281 2 33 0.958811 34 0.041189
  33 1.277382 -1.824183 -10.403748 0.234822 0.687351 0.687319 0.609375 0.320312 1 33 1.000000
  33 2.352271 -1.023620 -10.651379 0.470502 0.763768 0.441913 0.632812 0.304688 2 33 0.955306 34 0.044694
enforcer
  33 2.352271 -1.023620 -10.651379 0.470502 0.763768 0.441913 0.632812 0.304688 2 33 0.955306 34 0.044694
  34 -2.060709 -3.072992 -19.226505 -0.697799 0.712008 -0.078240 0.734375 0.363281 2 34 0.521686 33 0.478314
  33 -3.393041 -1.270838 -10.462536 -0.649659 0.637910 0.413537 0.632812 0.363281 2 33 0.958811 34 0.041189
enforcer
  34 -2.060709 -3.072992 -19.226505 -0.697799 0.712008 -0.078240 0.734375 0.363281 2 34 0.521686 33 0.478314
  34 1.747537 -3.021569 -23.781754 0.000557 0.706610 -0.707604 0.796875 0.292969 2 34 0.944993 35 0.055007
  34 -2.477427 -2.493608 -23.791290 -0.562500 0.648967 -0.512285 0.796875 0.359375 2 34 0.879207 33 0.120793
enforcer
  34 2.116760 -7.094371 -18.829296 0.628700 -0.774575 0.069071 0.113281 0.683594 2 34 0.911598 33 0.088402
  34 3.725149 -3.054593 -21.251202 0.310456 0.767464 0.560906 0.160156 0.726562 2 34 0.923797 35 0.076203
  34 2.128004 -3.285327 -18.844612 0.659163 0.749030 0.066776 0.160156 0.683594 2 34 0.912302 33 0.087698
enforcer
  35 6.824385 -7.788773 -22.425030 0.375365 -0.616679 0.691960 0.101562 0.773438 2 35 0.856233 34 0.143767
  34 3.725149 -3.054593 -21.251202 0.310456 0.767464 0.560906 0.160156 0.726562 2 34 0.923797 35 0.076203
  34 3.312435 -7.506778 -21.194454 0.297884 -0.786169 0.541483 0.113281 0.726562 2 34 0.889828 35 0.110172
enforcer
  35 9.257555 -2.264929 -23.887814 0.685222 0.612622 -0.393910 0.796875 0.234375 2 35 0.945811 34 0.054189
  34 3.725149 -3.054593 -21.251202 0.310456 0.767464 0.560906 0.765625 0.292969 2 34 0.923797 35 0.076203
  35 8.471174 -2.782890 -22.198338 0.510695 0.442156 0.737353 0.773438 0.246094 2 35 0.847463 34 0.152537
enforcer
  33 -3.299984 -8.472452 -10.444221 -0.666472 -0.608435 0.430838 0.632812 0.429688 2 33 0.946846 34 0.053154
  33 2.330312 -9.204426 -10.460209 0.432444 -0.811097 0.393846 0.632812 0.488281 3 33 0.919627 34 0.071150 32 0.009223
  33 -1.836733 -7.126269 -9.970974 -0.521565 -0.437149 0.732715 0.609375 0.441406 2 33 0.961621 32 0.038379
enforcer
  33 2.330312 -9.204426 -10.460209 0.432444 -0.811097 0.393846 0.632812 0.488281 3 33 0.919627 34 0.071150 32 0.009223
  34 -2.071953 -6.912805 -19.228184 -0.731151 -0.678357 -0.072455 0.734375 0.429688 2 34 0.517872 33 0.482128
  34 2.116760 -7.094371 -18.829296 0.628700 -0.774575 0.069071 0.734375 0.488281 2 34 0.911598 33 0.088402
enforcer
  34 3.312435 -7.506778 -21.194454 0.297884 -0.786169 0.541483 0.765625 0.500000 2 34 0.889828 35 0.110172
  34 2.116760 -7.094371 -18.829296 0.628700 -0.774575 0.069071 0.734375 0.488281 2 34 0.911598 33 0.088402
  34 -2.071953 -6.912805 -19.228184 -0.731151 -0.678357 -0.072455 0.734375 0.429688 2 34 0.517872 33 0.482128
enforcer
  34 -2.060709 -3.072992 -19.226505 -0.697799 0.712008 -0.078240 0.734375 0.363281 2 34 0.521686 33 0.478314
  34 -2.488670 -7.065209 -23.827377 -0.632031 -0.545139 -0.550782 0.796875 0.433594 3 34 0.827114 33 0.110933 35 0.061953
  34 -2.071953 -6.912805 -19.228184 -0.731151 -0.678357 -0.072455 0.734375 0.429688 2 34 0.517872 33 0.482128
enforcer
  35 9.257555 -2.264929 -23.887814 0.685222 0.612622 -0.393910 0.179688 0.796875 2 35 0.945811 34 0.054189
  35 8.471174 -2.782890 -22.198338 0.510695 0.442156 0.737353 0.171875 0.773438 2 35 0.847463 34 0.152537
  35 8.958820 -5.308829 -23.884392 0.861227 -0.278358 -0.425213 0.136719 0.796875 1 35 1.000000
enforcer
  35 6.824385 -7.788773 -22.425030 0.375365 -0.616679 0.691960 0.773438 0.542969 2 35 0.856233 34 0.143767
  34 2.836195 -7.978594 -23.781200 -0.094935 -0.786880 -0.609760 0.796875 0.500000 2 34 0.548510 35 0.451490
  35 7.344021 -8.362324 -23.898624 0.454435 -0.780924 -0.428540 0.796875 0.558594 2 35 0.904869 34 0.095131
enforcer
  34 2.128004 -3.285327 -18.844612 0.659163 0.749030 0.066776 0.734375 0.304688 2 34 0.912302 33 0.087698
  34 3.725149 -3.054593 -21.251202 0.310456 0.767464 0.560906 0.765625 0.292969 2 34 0.923797 35 0.076203
  34 -2.060709 -3.072992 -19.226505 -0.697799 0.712008 -0.078240 0.734375 0.363281 2 34 0.521686 33 0.478314
enforcer
  34 3.312435 -7.506778 -21.194454 0.297884 -0.786169 0.541483 0.765625 0.500000 2 34 0.889828 35 0.110172
  34 -2.488670 -7.065209 -23.827377 -0.632031 -0.545139 -0.550782 0.796875 0.433594 3 34 0.827114 33 0.110933 35 0.061953
  34 2.836195 -7.978594 -23.781200 -0.094935 -0.786880 -0.609760 0.796875 0.500000 2 34 0.548510 35 0.451490
enforcer
  32 4.651141 -6.357380 6.997990 0.690138 -0.714558 0.114529 0.304688 0.789062 3 32 0.747493 1 0.143292 0 0.109215
  32 -3.733484 -7.215869 5.286674 -0.702246 -0.698519 0.137556 0.218750 0.796875 3 32 0.794919 0 0.132454 1 0.072628
  32 0.892084 -8.381456 -1.034922 0.165394 -0.986215 -0.004969 0.281250 0.902344 2 32 0.867480 33 0.132520
enforcer
  1 4.491295 -5.160750 11.780336 0.665645 -0.735237 -0.127838 0.375000 0.683594 4 1 0.791587 32 0.130223 10 0.058162 2 0.020028
  32 -3.733484 -7.215869 5.286674 -0.702246 -0.698519 0.137556 0.261719 0.777344 3 32 0.794919 0 0.132454 1 0.072628
  32 4.651141 -6.357380 6.997990 0.690138 -0.714558 0.114529 0.359375 0.753906 3 32 0.747493 1 0.143292 0 0.109215
enforcer
  1 5.735721 0.000000 11.759716 0.985018 0.000000 -0.172449 0.445312 0.683594 3 1 0.970337 0 0.016600 2 0.013063
  1 4.491295 -5.160750 11.780336 0.665645 -0.735237 -0.127838 0.375000 0.683594 4 1 0.791587 32 0.130223 10 0.058162 2 0.020028
  32 4.651141 -6.357380 6.997990 0.690138 -0.714558 0.114529 0.359375 0.753906 3 32 0.747493 1 0.143292 0 0.109215
enforcer
  3 3.209887 0.000000 23.434048 0.974124 0.000212 -0.226016 0.445312 0.511719 4 3 0.767866 5 0.133698 4 0.075152 1 0.023285
  1 7.194895 -5.450488 18.718872 0.922692 -0.379577 0.067538 0.378906 0.589844 4 1 0.457028 2 0.383450 10 0.138768 3 0.020754
  1 7.362295 0.000000 18.598114 0.973719 0.000000 0.227753 0.445312 0.593750 3 1 0.509256 2 0.448586 3 0.042159
enforcer
  1 7.194895 -5.450488 18.718872 0.922692 -0.379577 0.067538 0.378906 0.589844 4 1 0.457028 2 0.383450 10 0.138768 3 0.020754
  10 0.749537 -8.769236 18.507538 0.331079 -0.612291 -0.717974 0.292969 0.597656 3 10 0.857602 11 0.115843 1 0.026555
  1 4.491295 -5.160750 11.780336 0.665645 -0.735237 -0.127838 0.375000 0.683594 4 1 0.791587 32 0.130223 10 0.058162 2 0.020028
enforcer
  1 7.194895 -5.450488 18.718872 0.922692 -0.379577 0.067538 0.378906 0.589844 4 1 0.457028 2 0.383450 10 0.138768 3 0.020754
  1 4.491295 -5.160750 11.780336 0.665645 -0.735237 -0.127838 0.375000 0.683594 4 1 0.791587 32 0.130223 10 0.058162 2 0.020028
  1 5.735721 0.000000 11.759716 0.985018 0.000000 -0.172449 0.445312 0.683594 3 1 0.970337 0 0.016600 2 0.013063
enforcer
  10 -4.382640 -9.455482 20.635059 -0.792724 -0.537976 -0.286653 0.218750 0.582031 2 10 0.860177 11 0.139823
  10 -1.957391 -8.775025 18.491062 -0.473706 -0.579969 -0.662750 0.242188 0.605469 2 10 0.547703 11 0.452297
  10 -2.268556 -10.277255 22.991409 -0.361312 -0.932212 -0.020850 0.242188 0.554688 2 10 0.721392 11 0.278608
enforcer
  10 2.973525 -10.880671 23.576771 0.410433 -0.828593 0.380760 0.308594 0.507812 4 10 0.691645 11 0.265670 4 0.025166 3 0.017520
  10 -2.622195 -3.488578 25.764727 -0.333183 -0.346738 0.876791 0.402344 0.429688 4 10 0.721454 4 0.107235 3 0.097640 2 0.073671
  10 -3.404462 -10.887393 24.604591 -0.455170 -0.735346 0.502082 0.304688 0.429688 2 10 0.898135 11 0.101865
enforcer
  1 -2.944528 -5.484392 11.249552 -0.268113 -0.875268 -0.402518 0.265625 0.703125 4 1 0.700338 32 0.151431 10 0.086296 16 0.061936
  10 0.749537 -8.769236 18.507538 0.331079 -0.612291 -0.717974 0.292969 0.597656 3 10 0.857602 11 0.115843 1 0.026555
  10 -1.957391 -8.775025 18.491062 -0.473706 -0.579969 -0.662750 0.242188 0.605469 2 10 0.547703 11 0.452297
enforcer
  12 -2.165793 -19.298479 18.920837 -0.756362 0.191617 -0.625460 0.242188 0.199219 3 12 0.880168 11 0.112049 13 0.007783
  13 1.643746 -26.568699 20.083282 0.439764 0.197351 -0.876162 0.117188 0.148438 2 13 0.511752 12 0.488248
  13 -0.695139 -26.732119 20.229454 -0.727686 0.107498 -0.677434 0.117188 0.195312 2 13 0.530044 12 0.469956
enforcer
  12 3.200675 -18.858303 21.146564 0.926119 0.372749 -0.057979 0.242188 0.117188 3 12 0.989128 13 0.010456 11 0.000416
  12 1.790502 -18.655521 19.200684 0.441274 0.548381 -0.710321 0.257812 0.156250 2 12 0.917535 11 0.082465
  12 2.540498 -18.409563 21.053902 0.867038 0.497094 -0.033790 0.257812 0.117188 2 12 0.941415 11 0.058585
enforcer
  13 2.234333 -26.569456 22.384266 0.594122 0.411655 0.691057 0.117188 0.085938 2 13 0.919716 12 0.080284
  12 3.200675 -18.858303 21.146564 0.926119 0.372749 -0.057979 0.242188 0.117188 3 12 0.989128 13 0.010456 11 0.000416
  12 2.268951 -18.619768 23.531910 0.430359 0.430970 0.793130 0.242188 0.093750 3 12 0.969258 11 0.018889 13 0.011854
enforcer
  12 2.006934 -19.082270 18.587624 0.456323 0.316822 -0.831500 0.242188 0.152344 2 12 0.967075 11 0.032925
  12 3.200675 -18.858303 21.146564 0.926119 0.372749 -0.057979 0.242188 0.117188 3 12 0.989128 13 0.010456 11 0.000416
  13 1.643746 -26.568699 20.083282 0.439764 0.197351 -0.876162 0.117188 0.148438 2 13 0.511752 12 0.488248
enforcer
  12 -1.328778 -18.790993 22.328968 -0.648564 0.409187 0.641818 0.265625 0.054688 2 12 0.843999 11 0.156001
  12 1.601907 -18.066074 22.685478 0.308615 0.534077 0.787095 0.265625 0.089844 2 12 0.914118 11 0.085882
  11 -1.829638 -16.906773 21.983379 -0.788525 -0.167448 0.591768 0.289062 0.050781 2 11 0.813972 12 0.186028
enforcer
  12 -1.699854 -19.392944 22.642056 -0.744441 0.206963 0.634803 0.242188 0.058594 3 12 0.911987 11 0.060408 13 0.027605
  13 -0.695139 -26.732119 20.229454 -0.727686 0.107498 -0.677434 0.117188 0.019531 2 13 0.530044 12 0.469956
  13 -0.277456 -26.784813 22.485699 -0.532031 0.086442 0.842301 0.117188 0.058594 2 13 0.914002 12 0.085998
enforcer
  12 1.790502 -18.655521 19.200684 0.441274 0.548381 -0.710321 0.265625 0.144531 2 12 0.917535 11 0.082465
  12 -1.734993 -18.633480 19.341793 -0.687898 0.446012 -0.572599 0.265625 0.191406 2 12 0.756261 11 0.243739
  11 -1.854579 -17.145203 19.561718 -0.764385 -0.089184 -0.638562 0.289062 0.191406 2 11 0.811477 12 0.188523
enforcer
  11 -1.829638 -16.906773 21.983379 -0.788525 -0.167448 0.591768 0.289062 0.050781 2 11 0.813972 12 0.186028
  12 -1.734993 -18.633480 19.341793 -0.687898 0.446012 -0.572599 0.265625 0.015625 2 12 0.756261 11 0.243739
  12 -1.328778 -18.790993 22.328968 -0.648564 0.409187 0.641818 0.265625 0.054688 2 12 0.843999 11 0.156001
enforcer
  11 0.929018 -10.194957 22.427437 0.444724 -0.849814 0.282907 0.378906 0.089844 2 11 0.751496 10 0.248504
  11 -1.335046 -12.793221 22.985970 -0.235851 -0.073536 0.969003 0.351562 0.058594 3 11 0.884353 10 0.081734 12 0.033913
  12 1.601907 -18.066074 22.685478 0.308615 0.534077 0.787095 0.265625 0.089844 2 12 0.914118 11 0.085882
enforcer
  12 1.601907 -18.066074 22.685478 0.308615 0.534077 0.787095 0.257812 0.085938 2 12 0.914118 11 0.085882
  12 3.200675 -18.858303 21.146564 0.926119 0.372749 -0.057979 0.242188 0.117188 3 12 0.989128 13 0.010456 11 0.000416
  12 2.540498 -18.409563 21.053902 0.867038 0.497094 -0.033790 0.257812 0.117188 2 12 0.941415 11 0.058585
enforcer
  11 1.413871 -13.435423 18.674564 0.387110 -0.037314 -0.921278 0.332031 0.144531 3 11 0.873284 10 0.071004 12 0.055712
  10 0.749537 -8.769236 18.507538 0.331079 -0.612291 -0.717974 0.398438 0.148438 3 10 0.857602 11 0.115843 1 0.026555
  11 3.010680 -13.230634 20.657238 0.995435 0.090308 0.030878 0.332031 0.121094 3 11 0.824162 12 0.101188 10 0.074649
enforcer
  11 -1.829638 -16.906773 21.983379 -0.788525 -0.167448 0.591768 0.289062 0.050781 2 11 0.813972 12 0.186028
  12 1.601907 -18.066074 22.685478 0.308615 0.534077 0.787095 0.265625 0.089844 2 12 0.914118 11 0.085882
  11 -1.335046 -12.793221 22.985970 -0.235851 -0.073536 0.969003 0.351562 0.058594 3 11 0.884353 10 0.081734 12 0.033913
enforcer
  12 1.790502 -18.655521 19.200684 0.441274 0.548381 -0.710321 0.265625 0.144531 2 12 0.917535 11 0.082465
  11 1.413871 -13.435423 18.674564 0.387110 -0.037314 -0.921278 0.332031 0.144531 3 11 0.873284 10 0.071004 12 0.055712
  11 3.010680 -13.230634 20.657238 0.995435 0.090308 0.030878 0.332031 0.121094 3 11 0.824162 12 0.101188 10 0.074649
enforcer
  10 0.749537 -8.769236 18.507538 0.331079 -0.612291 -0.717974 0.398438 0.148438 3 10 0.857602 11 0.115843 1 0.026555
  10 2.005860 -9.526095 20.800289 0.697940 -0.655876 -0.287587 0.378906 0.117188 2 10 0.748221 11 0.251779
  11 3.010680 -13.230634 20.657238 0.995435 0.090308 0.030878 0.332031 0.121094 3 11 0.824162 12 0.101188 10 0.074649
enforcer
  13 1.643746 -26.568699 20.083282 0.439764 0.197351 -0.876162 0.117188 0.148438 2 13 0.511752 12 0.488248
  12 3.200675 -18.858303 21.146564 0.926119 0.372749 -0.057979 0.242188 0.117188 3 12 0.989128 13 0.010456 11 0.000416
  13 2.234333 -26.569456 22.384266 0.594122 0.411655 0.691057 0.117188 0.085938 2 13 0.919716 12 0.080284
enforcer
  10 -3.404462 -10.887393 24.604591 -0.455170 -0.735346 0.502082 0.234375 0.531250 2 10 0.898135 11 0.101865
  11 0.929018 -10.194957 22.427437 0.444724 -0.849814 0.282907 0.281250 0.546875 2 11 0.751496 10 0.248504
  10 2.973525 -10.880671 23.576771 0.410433 -0.828593 0.380760 0.296875 0.523438 4 10 0.691645 11 0.265670 4 0.025166 3 0.017520
enforcer
  1 -2.944528 -5.484392 11.249552 -0.268113 -0.875268 -0.402518 0.976562 0.113281 4 1 0.700338 32 0.151431 10 0.086296 16 0.061936
  0 -3.882999 -0.000000 4.343140 -0.997478 0.001717 -0.070962 0.906250 0.203125 3 0 0.949981 32 0.025126 28 0.024893
  32 -3.733484 -7.215869 5.286674 -0.702246 -0.698519 0.137556 0.996094 0.191406 3 32 0.794919 0 0.132454 1 0.072628
enforcer
  35 7.344021 -8.362324 -23.898624 0.454435 -0.780924 -0.428540 0.734375 0.296875 2 35 0.904869 34 0.095131
  34 1.747537 -3.021569 -23.781754 0.000557 0.706610 -0.707604 0.652344 0.238281 2 34 0.944993 35 0.055007
  35 9.257555 -2.264929 -23.887814 0.685222 0.612622 -0.393910 0.750000 0.218750 2 35 0.945811 34 0.054189
enforcer
  34 1.747537 -3.021569 -23.781754 0.000557 0.706610 -0.707604 0.652344 0.238281 2 34 0.944993 35 0.055007
  34 -2.488670 -7.065209 -23.827377 -0.632031 -0.545139 -0.550782 0.609375 0.296875 3 34 0.827114 33 0.110933 35 0.061953
  34 -2.477427 -2.493608 -23.791290 -0.562500 0.648967 -0.512285 0.601562 0.238281 2 34 0.879207 33 0.120793
enforcer
  13 2.234333 -26.569456 22.384266 0.594122 0.411655 0.691057 0.117188 0.085938 2 13 0.919716 12 0.080284
  13 -0.910964 -27.855911 22.575413 -0.671979 0.229199 0.704211 0.093750 0.058594 2 13 0.873847 12 0.126153
  13 3.793228 -27.521240 22.931225 0.656443 0.456209 0.600796 0.093750 0.097656 2 13 0.898556 12 0.101444
enforcer
  13 -0.695139 -26.732119 20.229454 -0.727686 0.107498 -0.677434 0.117188 0.019531 2 13 0.530044 12 0.469956
  13 -0.910964 -27.855911 22.575413 -0.671979 0.229199 0.704211 0.093750 0.058594 2 13 0.873847 12 0.126153
  13 -0.277456 -26.784813 22.485699 -0.532031 0.086442 0.842301 0.117188 0.058594 2 13 0.914002 12 0.085998
enforcer
  13 1.643746 -26.568699 20.083282 0.439764 0.197351 -0.876162 0.117188 0.148438 2 13 0.511752 12 0.488248
  13 -1.603648 -28.314354 20.068493 -0.824769 0.108034 -0.555055 0.093750 0.195312 2 13 0.716394 12 0.283606
  13 -0.695139 -26.732119 20.229454 -0.727686 0.107498 -0.677434 0.117188 0.195312 2 13 0.530044 12 0.469956
enforcer
  13 2.234333 -26.569456 22.384266 0.594122 0.411655 0.691057 0.117188 0.085938 2 13 0.919716 12 0.080284
  13 3.812202 -28.538830 19.453335 0.638309 0.223667 -0.736570 0.093750 0.148438 2 13 0.770137 12 0.229863
  13 1.643746 -26.568699 20.083282 0.439764 0.197351 -0.876162 0.117188 0.148438 2 13 0.511752 12 0.488248
enforcer
  13 -1.603648 -28.314354 20.068493 -0.824769 0.108034 -0.555055 0.093750 0.019531 2 13 0.716394 12 0.283606
  13 -0.597333 -31.849098 22.785614 -0.529284 -0.511514 0.676913 0.042969 0.054688 1 13 1.000000
  13 -0.910964 -27.855911 22.575413 -0.671979 0.229199 0.704211 0.093750 0.058594 2 13 0.873847 12 0.126153
enforcer
  13 3.812202 -28.538830 19.453335 0.638309 0.223667 -0.736570 0.093750 0.148438 2 13 0.770137 12 0.229863
  13 -0.836504 -32.159489 20.713501 -0.620885 -0.659773 -0.423321 0.042969 0.203125 2 13 0.970428 12 0.029572
  13 -1.603648 -28.314354 20.068493 -0.824769 0.108034 -0.555055 0.093750 0.195312 2 13 0.716394 12 0.283606
enforcer
  13 3.812202 -28.538830 19.453335 0.638309 0.223667 -0.736570 0.093750 0.148438 2 13 0.770137 12 0.229863
  13 3.822431 -32.619499 22.434982 0.577341 -0.621358 0.529709 0.042969 0.121094 2 13 0.999176 14 0.000824
  13 3.639363 -32.814964 20.244923 0.471454 -0.700411 -0.535870 0.042969 0.156250 3 13 0.973063 14 0.015640 12 0.011296
enforcer
  13 3.793228 -27.521240 22.931225 0.656443 0.456209 0.600796 0.093750 0.097656 2 13 0.898556 12 0.101444
  13 -0.597333 -31.849098 22.785614 -0.529284 -0.511514 0.676913 0.042969 0.054688 1 13 1.000000
  13 3.822431 -32.619499 22.434982 0.577341 -0.621358 0.529709 0.042969 0.121094 2 13 0.999176 14 0.000824
enforcer
  13 -0.836504 -32.159489 20.713501 -0.620885 -0.659773 -0.423321 0.007812 0.054688 2 13 0.970428 12 0.029572
  13 3.822431 -32.619499 22.434982 0.577341 -0.621358 0.529709 0.042969 0.121094 2 13 0.999176 14 0.000824
  13 -0.597333 -31.849098 22.785614 -0.529284 -0.511514 0.676913 0.042969 0.054688 1 13 1.000000
enforcer
  10 5.194824 -9.412601 21.600052 0.764613 -0.639181 0.082547 0.332031 0.542969 4 10 0.715392 11 0.106476 1 0.097883 2 0.080249
  10 0.749537 -8.769236 18.507538 0.331079 -0.612291 -0.717974 0.292969 0.597656 3 10 0.857602 11 0.115843 1 0.026555
  1 7.194895 -5.450488 18.718872 0.922692 -0.379577 0.067538 0.378906 0.589844 4 1 0.457028 2 0.383450 10 0.138768 3 0.020754
enforcer
  10 2.973525 -10.880671 23.576771 0.410433 -0.828593 0.380760 0.296875 0.523438 4 10 0.691645 11 0.265670 4 0.025166 3 0.017520
  11 0.929018 -10.194957 22.427437 0.444724 -0.849814 0.282907 0.281250 0.546875 2 11 0.751496 10 0.248504
  10 5.194824 -9.412601 21.600052 0.764613 -0.639181 0.082547 0.332031 0.542969 4 10 0.715392 11 0.106476 1 0.097883 2 0.080249
enforcer
  10 2.005860 -9.526095 20.800289 0.697940 -0.655876 -0.287587 0.378906 0.117188 2 10 0.748221 11 0.251779
  11 0.929018 -10.194957 22.427437 0.444724 -0.849814 0.282907 0.378906 0.089844 2 11 0.751496 10 0.248504
  11 3.010680 -13.230634 20.657238 0.995435 0.090308 0.030878 0.332031 0.121094 3 11 0.824162 12 0.101188 10 0.074649
enforcer
  10 -2.268556 -10.277255 22.991409 -0.361312 -0.932212 -0.020850 0.242188 0.554688 2 10 0.721392 11 0.278608
  10 -3.404462 -10.887393 24.604591 -0.455170 -0.735346 0.502082 0.234375 0.531250 2 10 0.898135 11 0.101865
  10 -4.382640 -9.455482 20.635059 -0.792724 -0.537976 -0.286653 0.218750 0.582031 2 10 0.860177 11 0.139823
enforcer
  10 2.973525 -10.880671 23.576771 0.410433 -0.828593 0.380760 0.308594 0.507812 4 10 0.691645 11 0.265670 4 0.025166 3 0.017520
  10 5.194824 -9.412601 21.600052 0.764613 -0.639181 0.082547 0.332031 0.542969 4 10 0.715392 11 0.106476 1 0.097883 2 0.080249
  4 2.306307 -3.129028 24.574772 0.559901 -0.674226 0.481591 0.406250 0.496094 3 4 0.472112 3 0.466966 10 0.060922
enforcer
  10 5.194824 -9.412601 21.600052 0.764613 -0.639181 0.082547 0.332031 0.542969 4 10 0.715392 11 0.106476 1 0.097883 2 0.080249
  1 7.194895 -5.450488 18.718872 0.922692 -0.379577 0.067538 0.378906 0.589844 4 1 0.457028 2 0.383450 10 0.138768 3 0.020754
  4 2.306307 -3.129028 24.574772 0.559901 -0.674226 0.481591 0.406250 0.496094 3 4 0.472112 3 0.466966 10 0.060922
enforcer
  1 -5.131316 -6.804169 11.237387 0.046463 -0.800424 -0.597631 0.238281 0.472656 4 1 0.517657 16 0.190320 10 0.153609 2 0.138414
  1 -7.545147 -5.484392 11.046570 -0.612274 -0.399275 -0.682423 0.222656 0.441406 4 1 0.439847 16 0.307264 10 0.147704 2 0.105185
  1 -2.944528 -5.484392 11.249552 -0.268113 -0.875268 -0.402518 0.222656 0.503906 4 1 0.700338 32 0.151431 10 0.086296 16 0.061936
enforcer
  1 -7.545147 -5.484392 11.046570 -0.612274 -0.399275 -0.682423 0.222656 0.441406 4 1 0.439847 16 0.307264 10 0.147704 2 0.105185
  1 -3.138560 -0.000000 11.833405 -0.693542 -0.000000 -0.720416 0.148438 0.503906 4 1 0.756097 0 0.121139 16 0.114184 28 0.008580
  1 -2.944528 -5.484392 11.249552 -0.268113 -0.875268 -0.402518 0.222656 0.503906 4 1 0.700338 32 0.151431 10 0.086296 16 0.061936
enforcer
  10 -5.915519 -7.300056 24.225712 -0.029354 -0.881328 0.471593 0.238281 0.238281 4 10 0.565742 24 0.292583 2 0.097440 6 0.044234
  10 -3.580875 -5.980278 24.709106 -0.692436 -0.306296 0.653235 0.222656 0.210938 4 10 0.805900 2 0.081409 3 0.073481 11 0.039211
  10 -8.181496 -5.980278 24.506126 -0.671843 -0.502747 0.543942 0.222656 0.269531 4 10 0.684980 24 0.142152 6 0.092165 2 0.080703
enforcer
  3 -3.408141 -0.000000 25.700825 -0.599581 0.000034 0.800314 0.148438 0.210938 4 3 0.345769 2 0.344848 10 0.156789 6 0.152594
  10 -8.181496 -5.980278 24.506126 -0.671843 -0.502747 0.543942 0.222656 0.269531 4 10 0.684980 24 0.142152 6 0.092165 2 0.080703
  10 -3.580875 -5.980278 24.709106 -0.692436 -0.306296 0.653235 0.222656 0.210938 4 10 0.805900 2 0.081409 3 0.073481 11 0.039211
enforcer
  10 -8.181496 -5.980278 24.506126 -0.671843 -0.502747 0.543942 0.222656 0.269531 4 10 0.684980 24 0.142152 6 0.092165 2 0.080703
  16 -8.309303 -0.000000 11.615009 -0.727290 -0.000000 -0.686330 0.148438 0.441406 4 16 0.606180 1 0.264983 6 0.066601 10 0.062236
  1 -7.545147 -5.484392 11.046570 -0.612274 -0.399275 -0.682423 0.222656 0.441406 4 1 0.439847 16 0.307264 10 0.147704 2 0.105185
enforcer
  10 -2.622195 -3.488578 25.764727 -0.333183 -0.346738 0.876791 0.402344 0.429688 4 10 0.721454 4 0.107235 3 0.097640 2 0.073671
  3 -3.408141 -0.000000 25.700825 -0.599581 0.000034 0.800314 0.441406 0.417969 4 3 0.345769 2 0.344848 10 0.156789 6 0.152594
  10 -3.404462 -10.887393 24.604591 -0.455170 -0.735346 0.502082 0.304688 0.429688 2 10 0.898135 11 0.101865
enforcer
  3 -3.408141 -0.000000 25.700825 -0.599581 0.000034 0.800314 0.441406 0.417969 4 3 0.345769 2 0.344848 10 0.156789 6 0.152594
  10 -3.580875 -5.980278 24.709106 -0.692436 -0.306296 0.653235 0.367188 0.417969 4 10 0.805900 2 0.081409 3 0.073481 11 0.039211
  10 -3.404462 -10.887393 24.604591 -0.455170 -0.735346 0.502082 0.304688 0.429688 2 10 0.898135 11 0.101865
enforcer
  10 -1.957391 -8.775025 18.491062 -0.473706 -0.579969 -0.662750 0.242188 0.605469 2 10 0.547703 11 0.452297
  10 -4.382640 -9.455482 20.635059 -0.792724 -0.537976 -0.286653 0.218750 0.582031 2 10 0.860177 11 0.139823
  10 -3.237442 -5.712651 17.445042 -0.339214 -0.924814 -0.172200 0.218750 0.636719 4 10 0.368186 2 0.304036 1 0.170752 11 0.157026
enforcer
  10 -3.580875 -5.980278 24.709106 -0.692436 -0.306296 0.653235 0.191406 0.523438 4 10 0.805900 2 0.081409 3 0.073481 11 0.039211
  10 -3.237442 -5.712651 17.445042 -0.339214 -0.924814 -0.172200 0.218750 0.636719 4 10 0.368186 2 0.304036 1 0.170752 11 0.157026
  10 -4.382640 -9.455482 20.635059 -0.792724 -0.537976 -0.286653 0.218750 0.582031 2 10 0.860177 11 0.139823
enforcer
  10 -3.404462 -10.887393 24.604591 -0.455170 -0.735346 0.502082 0.234375 0.531250 2 10 0.898135 11 0.101865
  10 -3.580875 -5.980278 24.709106 -0.692436 -0.306296 0.653235 0.191406 0.523438 4 10 0.805900 2 0.081409 3 0.073481 11 0.039211
  10 -4.382640 -9.455482 20.635059 -0.792724 -0.537976 -0.286653 0.218750 0.582031 2 10 0.860177 11 0.139823
enforcer
  1 -7.545147 -5.484392 11.046570 -0.612274 -0.399275 -0.682423 0.222656 0.441406 4 1 0.439847 16 0.307264 10 0.147704 2 0.105185
  10 -5.915519 -7.300056 24.225712 -0.029354 -0.881328 0.471593 0.257812 0.269531 4 10 0.565742 24 0.292583 2 0.097440 6 0.044234
  10 -8.181496 -5.980278 24.506126 -0.671843 -0.502747 0.543942 0.222656 0.269531 4 10 0.684980 24 0.142152 6 0.092165 2 0.080703
enforcer
  10 -1.957391 -8.775025 18.491062 -0.473706 -0.579969 -0.662750 0.242188 0.605469 2 10 0.547703 11 0.452297
  10 -3.237442 -5.712651 17.445042 -0.339214 -0.924814 -0.172200 0.218750 0.636719 4 10 0.368186 2 0.304036 1 0.170752 11 0.157026
  1 -2.944528 -5.484392 11.249552 -0.268113 -0.875268 -0.402518 0.265625 0.703125 4 1 0.700338 32 0.151431 10 0.086296 16 0.061936
enforcer
  1 -2.944528 -5.484392 11.249552 -0.268113 -0.875268 -0.402518 0.292969 0.441406 4 1 0.700338 32 0.151431 10 0.086296 16 0.061936
  10 -3.237442 -5.712651 17.445042 -0.339214 -0.924814 -0.172200 0.292969 0.363281 4 10 0.368186 2 0.304036 1 0.170752 11 0.157026
  1 -5.131316 -6.804169 11.237387 0.046463 -0.800424 -0.597631 0.253906 0.441406 4 1 0.517657 16 0.190320 10 0.153609 2 0.138414
enforcer
  10 -5.915519 -7.300056 24.225712 -0.029354 -0.881328 0.471593 0.257812 0.269531 4 10 0.565742 24 0.292583 2 0.097440 6 0.044234
  1 -5.131316 -6.804169 11.237387 0.046463 -0.800424 -0.597631 0.253906 0.441406 4 1 0.517657 16 0.190320 10 0.153609 2 0.138414
  10 -3.237442 -5.712651 17.445042 -0.339214 -0.924814 -0.172200 0.292969 0.363281 4 10 0.368186 2 0.304036 1 0.170752 11 0.157026
enforcer
  10 -3.580875 -5.980278 24.709106 -0.692436 -0.306296 0.653235 0.292969 0.269531 4 10 0.805900 2 0.081409 3 0.073481 11 0.039211
  10 -5.915519 -7.300056 24.225712 -0.029354 -0.881328 0.471593 0.257812 0.269531 4 10 0.565742 24 0.292583 2 0.097440 6 0.044234
  10 -3.237442 -5.712651 17.445042 -0.339214 -0.924814 -0.172200 0.292969 0.363281 4 10 0.368186 2 0.304036 1 0.170752 11 0.157026
enforcer
  34 2.116760 -7.094371 -18.829296 0.628700 -0.774575 0.069071 0.113281 0.683594 2 34 0.911598 33 0.088402
  33 4.086514 -5.198476 -10.460209 0.999557 -0.019010 -0.022899 0.136719 0.578125 3 33 0.937765 32 0.033042 34 0.029193
  33 2.330312 -9.204426 -10.460209 0.432444 -0.811097 0.393846 0.085938 0.578125 3 33 0.919627 34 0.071150 32 0.009223
enforcer
  33 2.352271 -1.023620 -10.651379 0.470502 0.763768 0.441913 0.191406 0.578125 2 33 0.955306 34 0.044694
  33 4.086514 -5.198476 -10.460209 0.999557 -0.019010 -0.022899 0.136719 0.578125 3 33 0.937765 32 0.033042 34 0.029193
  34 2.128004 -3.285327 -18.844612 0.659163 0.749030 0.066776 0.160156 0.683594 2 34 0.912302 33 0.087698
enforcer
  33 2.330312 -9.204426 -10.460209 0.432444 -0.811097 0.393846 0.085938 0.578125 3 33 0.919627 34 0.071150 32 0.009223
  33 4.086514 -5.198476 -10.460209 0.999557 -0.019010 -0.022899 0.136719 0.578125 3 33 0.937765 32 0.033042 34 0.029193
  33 1.594409 -7.939332 -9.844444 0.243049 -0.762441 0.599676 0.089844 0.570312 2 33 0.938595 32 0.061405
enforcer
  33 1.277382 -1.824183 -10.403748 0.234822 0.687351 0.687319 0.187500 0.570312 1 33 1.000000
  33 4.086514 -5.198476 -10.460209 0.999557 -0.019010 -0.022899 0.136719 0.578125 3 33 0.937765 32 0.033042 34 0.029193
  33 2.352271 -1.023620 -10.651379 0.470502 0.763768 0.441913 0.191406 0.578125 2 33 0.955306 34 0.044694
enforcer
  33 -1.836733 -7.126269 -9.970974 -0.521565 -0.437149 0.732715 0.218750 0.992188 2 33 0.961621 32 0.038379
  0 -3.882999 -0.000000 4.343140 -0.997478 0.001717 -0.070962 0.156250 0.808594 3 0 0.949981 32 0.025126 28 0.024893
  33 -1.872568 -2.583819 -9.918324 -0.564563 0.494271 0.661033 0.156250 0.992188 1 33 1.000000
enforcer
  32 -3.733484 -7.215869 5.286674 -0.702246 -0.698519 0.137556 0.218750 0.796875 3 32 0.794919 0 0.132454 1 0.072628
  33 -1.836733 -7.126269 -9.970974 -0.521565 -0.437149 0.732715 0.218750 0.992188 2 33 0.961621 32 0.038379
  32 0.892084 -8.381456 -1.034922 0.165394 -0.986215 -0.004969 0.281250 0.902344 2 32 0.867480 33 0.132520
enforcer
  33 -1.836733 -7.126269 -9.970974 -0.521565 -0.437149 0.732715 0.218750 0.992188 2 33 0.961621 32 0.038379
  33 1.594409 -7.939332 -9.844444 0.243049 -0.762441 0.599676 0.273438 0.992188 2 33 0.938595 32 0.061405
  32 0.892084 -8.381456 -1.034922 0.165394 -0.986215 -0.004969 0.281250 0.902344 2 32 0.867480 33 0.132520
enforcer
  33 1.594409 -7.939332 -9.844444 0.243049 -0.762441 0.599676 0.273438 0.992188 2 33 0.938595 32 0.061405
  33 4.678579 -5.000416 -6.207436 0.976901 -0.149287 -0.152899 0.308594 0.953125 2 33 0.526366 32 0.473634
  32 0.892084 -8.381456 -1.034922 0.165394 -0.986215 -0.004969 0.281250 0.902344 2 32 0.867480 33 0.132520
enforcer
  32 4.651141 -6.357380 6.997990 0.690138 -0.714558 0.114529 0.304688 0.789062 3 32 0.747493 1 0.143292 0 0.109215
  32 0.892084 -8.381456 -1.034922 0.165394 -0.986215 -0.004969 0.281250 0.902344 2 32 0.867480 33 0.132520
  33 4.678579 -5.000416 -6.207436 0.976901 -0.149287 -0.152899 0.308594 0.953125 2 33 0.526366 32 0.473634
enforcer
  0 4.918991 0.000000 3.243118 0.990732 0.000000 -0.135829 0.386719 0.808594 3 0 0.926634 28 0.036701 32 0.036665
  33 4.678579 -5.000416 -6.207436 0.976901 -0.149287 -0.152899 0.308594 0.953125 2 33 0.526366 32 0.473634
  33 1.277382 -1.824183 -10.403748 0.234822 0.687351 0.687319 0.386719 0.992188 1 33 1.000000
enforcer
  33 1.594409 -7.939332 -9.844444 0.243049 -0.762441 0.599676 0.609375 0.472656 2 33 0.938595 32 0.061405
  33 -1.836733 -7.126269 -9.970974 -0.521565 -0.437149 0.732715 0.609375 0.441406 2 33 0.961621 32 0.038379
  33 2.330312 -9.204426 -10.460209 0.432444 -0.811097 0.393846 0.632812 0.488281 3 33 0.919627 34 0.071150 32 0.009223
enforcer
  12 2.540498 -18.409563 21.053902 0.867038 0.497094 -0.033790 0.265625 0.117188 2 12 0.941415 11 0.058585
  12 1.790502 -18.655521 19.200684 0.441274 0.548381 -0.710321 0.265625 0.144531 2 12 0.917535 11 0.082465
  11 3.010680 -13.230634 20.657238 0.995435 0.090308 0.030878 0.332031 0.121094 3 11 0.824162 12 0.101188 10 0.074649
enforcer
  12 2.540498 -18.409563 21.053902 0.867038 0.497094 -0.033790 0.265625 0.117188 2 12 0.941415 11 0.058585
  11 3.010680 -13.230634 20.657238 0.995435 0.090308 0.030878 0.332031 0.121094 3 11 0.824162 12 0.101188 10 0.074649
  12 1.601907 -18.066074 22.685478 0.308615 0.534077 0.787095 0.265625 0.089844 2 12 0.914118 11 0.085882
enforcer
  11 3.010680 -13.230634 20.657238 0.995435 0.090308 0.030878 0.332031 0.121094 3 11 0.824162 12 0.101188 10 0.074649
  11 0.929018 -10.194957 22.427437 0.444724 -0.849814 0.282907 0.378906 0.089844 2 11 0.751496 10 0.248504
  12 1.601907 -18.066074 22.685478 0.308615 0.534077 0.787095 0.265625 0.089844 2 12 0.914118 11 0.085882
enforcer
  10 -1.957391 -8.775025 18.491062 -0.473706 -0.579969 -0.662750 0.378906 0.011719 2 10 0.547703 11 0.452297
  11 -2.616858 -12.715123 21.879131 -0.958786 -0.082623 0.271850 0.339844 0.035156 3 11 0.883546 10 0.115216 12 0.001238
  10 -2.268556 -10.277255 22.991409 -0.361312 -0.932212 -0.020850 0.378906 0.046875 2 10 0.721392 11 0.278608
enforcer
  11 -1.335046 -12.793221 22.985970 -0.235851 -0.073536 0.969003 0.351562 0.058594 3 11 0.884353 10 0.081734 12 0.033913
  10 -2.268556 -10.277255 22.991409 -0.361312 -0.932212 -0.020850 0.378906 0.046875 2 10 0.721392 11 0.278608
  11 -2.616858 -12.715123 21.879131 -0.958786 -0.082623 0.271850 0.339844 0.035156 3 11 0.883546 10 0.115216 12 0.001238
enforcer
  11 -2.616858 -12.715123 21.879131 -0.958786 -0.082623 0.271850 0.339844 0.035156 3 11 0.883546 10 0.115216 12 0.001238
  11 -1.854579 -17.145203 19.561718 -0.764385 -0.089184 -0.638562 0.289062 0.015625 2 11 0.811477 12 0.188523
  11 -1.829638 -16.906773 21.983379 -0.788525 -0.167448 0.591768 0.289062 0.050781 2 11 0.813972 12 0.186028
enforcer
  11 -1.829638 -16.906773 21.983379 -0.788525 -0.167448 0.591768 0.289062 0.050781 2 11 0.813972 12 0.186028
  11 -1.335046 -12.793221 22.985970 -0.235851 -0.073536 0.969003 0.351562 0.058594 3 11 0.884353 10 0.081734 12 0.033913
  11 -2.616858 -12.715123 21.879131 -0.958786 -0.082623 0.271850 0.339844 0.035156 3 11 0.883546 10 0.115216 12 0.001238
enforcer
  10 -1.957391 -8.775025 18.491062 -0.473706 -0.579969 -0.662750 0.378906 0.011719 2 10 0.547703 11 0.452297
  11 -1.854579 -17.145203 19.561718 -0.764385 -0.089184 -0.638562 0.289062 0.015625 2 11 0.811477 12 0.188523
  11 -2.616858 -12.715123 21.879131 -0.958786 -0.082623 0.271850 0.339844 0.035156 3 11 0.883546 10 0.115216 12 0.001238
enforcer
  10 -1.957391 -8.775025 18.491062 -0.473706 -0.579969 -0.662750 0.398438 0.191406 2 10 0.547703 11 0.452297
  11 1.413871 -13.435423 18.674564 0.387110 -0.037314 -0.921278 0.332031 0.144531 3 11 0.873284 10 0.071004 12 0.055712
  11 -1.854579 -17.145203 19.561718 -0.764385 -0.089184 -0.638562 0.289062 0.191406 2 11 0.811477 12 0.188523
enforcer
  12 1.790502 -18.655521 19.200684 0.441274 0.548381 -0.710321 0.265625 0.144531 2 12 0.917535 11 0.082465
  11 -1.854579 -17.145203 19.561718 -0.764385 -0.089184 -0.638562 0.289062 0.191406 2 11 0.811477 12 0.188523
  11 1.413871 -13.435423 18.674564 0.387110 -0.037314 -0.921278 0.332031 0.144531 3 11 0.873284 10 0.071004 12 0.055712
enforcer
  10 0.749537 -8.769236 18.507538 0.331079 -0.612291 -0.717974 0.398438 0.148438 3 10 0.857602 11 0.115843 1 0.026555
  11 1.413871 -13.435423 18.674564 0.387110 -0.037314 -0.921278 0.332031 0.144531 3 11 0.873284 10 0.071004 12 0.055712
  10 -1.957391 -8.775025 18.491062 -0.473706 -0.579969 -0.662750 0.398438 0.191406 2 10 0.547703 11 0.452297
enforcer
  11 -1.335046 -12.793221 22.985970 -0.235851 -0.073536 0.969003 0.351562 0.058594 3 11 0.884353 10 0.081734 12 0.033913
  11 0.929018 -10.194957 22.427437 0.444724 -0.849814 0.282907 0.378906 0.089844 2 11 0.751496 10 0.248504
  10 -2.268556 -10.277255 22.991409 -0.361312 -0.932212 -0.020850 0.378906 0.046875 2 10 0.721392 11 0.278608
enforcer
  12 -1.734993 -18.633480 19.341793 -0.687898 0.446012 -0.572599 0.257812 0.011719 2 12 0.756261 11 0.243739
  12 -1.699854 -19.392944 22.642056 -0.744441 0.206963 0.634803 0.242188 0.058594 3 12 0.911987 11 0.060408 13 0.027605
  12 -1.328778 -18.790993 22.328968 -0.648564 0.409187 0.641818 0.257812 0.058594 2 12 0.843999 11 0.156001
enforcer
  12 2.268951 -18.619768 23.531910 0.430359 0.430970 0.793130 0.242188 0.093750 3 12 0.969258 11 0.018889 13 0.011854
  12 -1.328778 -18.790993 22.328968 -0.648564 0.409187 0.641818 0.257812 0.058594 2 12 0.843999 11 0.156001
  12 -1.699854 -19.392944 22.642056 -0.744441 0.206963 0.634803 0.242188 0.058594 3 12 0.911987 11 0.060408 13 0.027605
enforcer
  12 2.006934 -19.082270 18.587624 0.456323 0.316822 -0.831500 0.242188 0.152344 2 12 0.967075 11 0.032925
  12 -1.734993 -18.633480 19.341793 -0.687898 0.446012 -0.572599 0.257812 0.207031 2 12 0.756261 11 0.243739
  12 1.790502 -18.655521 19.200684 0.441274 0.548381 -0.710321 0.257812 0.156250 2 12 0.917535 11 0.082465
enforcer
  10 0.749537 -8.769236 18.507538 0.331079 -0.612291 -0.717974 0.292969 0.597656 3 10 0.857602 11 0.115843 1 0.026555
  10 5.194824 -9.412601 21.600052 0.764613 -0.639181 0.082547 0.332031 0.542969 4 10 0.715392 11 0.106476 1 0.097883 2 0.080249
  10 2.005860 -9.526095 20.800289 0.697940 -0.655876 -0.287587 0.296875 0.566406 2 10 0.748221 11 0.251779
enforcer
  11 0.929018 -10.194957 22.427437 0.444724 -0.849814 0.282907 0.281250 0.546875 2 11 0.751496 10 0.248504
  10 2.005860 -9.526095 20.800289 0.697940 -0.655876 -0.287587 0.296875 0.566406 2 10 0.748221 11 0.251779
  10 5.194824 -9.412601 21.600052 0.764613 -0.639181 0.082547 0.332031 0.542969 4 10 0.715392 11 0.106476 1 0.097883 2 0.080249
enforcer
  35 7.344021 -8.362324 -23.898624 0.454435 -0.780924 -0.428540 0.734375 0.296875 2 35 0.904869 34 0.095131
  35 9.257555 -2.264929 -23.887814 0.685222 0.612622 -0.393910 0.750000 0.218750 2 35 0.945811 34 0.054189
  35 8.958820 -5.308829 -23.884392 0.861227 -0.278358 -0.425213 0.750000 0.257812 1 35 1.000000
enforcer
  35 8.471174 -2.782890 -22.198338 0.510695 0.442156 0.737353 0.171875 0.773438 2 35 0.847463 34 0.152537
  35 6.824385 -7.788773 -22.425030 0.375365 -0.616679 0.691960 0.101562 0.773438 2 35 0.856233 34 0.143767
  35 8.958820 -5.308829 -23.884392 0.861227 -0.278358 -0.425213 0.136719 0.796875 1 35 1.000000
enforcer
  35 7.344021 -8.362324 -23.898624 0.454435 -0.780924 -0.428540 0.093750 0.796875 2 35 0.904869 34 0.095131
  35 8.958820 -5.308829 -23.884392 0.861227 -0.278358 -0.425213 0.136719 0.796875 1 35 1.000000
  35 6.824385 -7.788773 -22.425030 0.375365 -0.616679 0.691960 0.101562 0.773438 2 35 0.856233 34 0.143767
enforcer
  29 -3.393041 1.270838 -10.462536 -0.649659 -0.637910 0.413537 0.968750 0.429688 2 29 0.960029 30 0.039971
  30 -2.071953 6.912805 -19.228184 -0.731151 0.678357 -0.072455 0.859375 0.363281 2 30 0.517893 29 0.482107
  30 -2.060709 3.072992 -19.226505 -0.697799 -0.712008 -0.078240 0.859375 0.429688 2 30 0.521662 29 0.478338
enforcer
  30 2.128004 3.285327 -18.844612 0.659163 -0.749030 0.066776 0.871094 0.902344 2 30 0.912292 29 0.087708
  30 2.116760 7.094371 -18.829296 0.628700 0.774575 0.069071 0.871094 0.949219 2 30 0.911618 29 0.088382
  29 4.086514 5.198476 -10.460209 0.999557 0.019010 -0.022899 0.976562 0.925781 3 29 0.937566 28 0.033216 30 0.029218
enforcer
  29 1.277382 1.824183 -10.403748 0.234822 -0.687350 0.687319 0.511719 0.992188 1 29 1.000000
  29 4.086514 5.198476 -10.460209 0.999557 0.019010 -0.022899 0.589844 0.992188 3 29 0.937566 28 0.033216 30 0.029218
  29 4.678579 5.000416 -6.207436 0.976901 0.149287 -0.152899 0.589844 0.953125 2 29 0.526331 28 0.473669
enforcer
  29 -3.393041 1.270838 -10.462536 -0.649659 -0.637910 0.413537 0.968750 0.429688 2 29 0.960029 30 0.039971
  29 -1.836733 7.126269 -9.970974 -0.521277 0.433945 0.734821 0.988281 0.371094 2 29 0.953403 28 0.046597
  29 -3.299984 8.472452 -10.444221 -0.666472 0.608435 0.430838 0.968750 0.363281 2 29 0.946113 30 0.053887
enforcer
  29 4.086514 5.198476 -10.460209 0.999557 0.019010 -0.022899 0.589844 0.992188 3 29 0.937566 28 0.033216 30 0.029218
  29 1.594409 7.939332 -9.844444 0.243049 0.762441 0.599676 0.625000 0.992188 2 29 0.937703 28 0.062297
  29 4.678579 5.000416 -6.207436 0.976901 0.149287 -0.152899 0.589844 0.953125 2 29 0.526331 28 0.473669
enforcer
  28 4.651140 6.357380 6.997990 0.690138 0.714558 0.114529 0.593750 0.789062 3 28 0.747964 1 0.143158 0 0.108878
  0 4.918991 0.000000 3.243118 0.990732 0.000000 -0.135829 0.511719 0.808594 3 0 0.926634 28 0.036701 32 0.036665
  29 4.678579 5.000416 -6.207436 0.976901 0.149287 -0.152899 0.589844 0.953125 2 29 0.526331 28 0.473669
enforcer
  29 -3.393041 1.270838 -10.462536 -0.649659 -0.637910 0.413537 0.968750 0.429688 2 29 0.960029 30 0.039971
  29 1.277382 1.824183 -10.403748 0.234822 -0.687350 0.687319 0.988281 0.472656 1 29 1.000000
  29 -1.872568 2.583819 -9.918324 -0.564149 -0.490498 0.664189 0.988281 0.441406 1 29 1.000000
enforcer
  30 -2.060709 3.072992 -19.226505 -0.697799 -0.712008 -0.078240 0.859375 0.429688 2 30 0.521662 29 0.478338
  29 2.352271 1.023620 -10.651379 0.470502 -0.763768 0.441913 0.968750 0.488281 2 29 0.955483 30 0.044517
  29 -3.393041 1.270838 -10.462536 -0.649659 -0.637910 0.413537 0.968750 0.429688 2 29 0.960029 30 0.039971
enforcer
  30 1.747537 3.021569 -23.781754 0.000558 -0.706609 -0.707604 0.804688 0.500000 2 30 0.944993 31 0.055007
  30 -2.060709 3.072992 -19.226505 -0.697799 -0.712008 -0.078240 0.859375 0.429688 2 30 0.521662 29 0.478338
  30 -2.477427 2.493608 -23.791290 -0.562500 -0.648967 -0.512285 0.804688 0.433594 2 30 0.879201 29 0.120799
enforcer
  30 3.725149 3.054593 -21.251202 0.310456 -0.767464 0.560906 0.828125 0.902344 2 30 0.923797 31 0.076203
  30 2.116760 7.094371 -18.829296 0.628700 0.774575 0.069071 0.871094 0.949219 2 30 0.911618 29 0.088382
  30 2.128004 3.285327 -18.844612 0.659163 -0.749030 0.066776 0.871094 0.902344 2 30 0.912292 29 0.087708
enforcer
  30 3.725149 3.054593 -21.251202 0.310456 -0.767464 0.560906 0.828125 0.902344 2 30 0.923797 31 0.076203
  31 6.824384 7.788774 -22.425030 0.375365 0.616679 0.691960 0.781250 0.960938 2 31 0.856233 30 0.143767
  30 3.312435 7.506778 -21.194454 0.297884 0.786169 0.541483 0.828125 0.949219 2 30 0.889828 31 0.110172
enforcer
  31 9.257555 2.264930 -23.887814 0.685222 -0.612622 -0.393910 0.804688 0.558594 2 31 0.945811 30 0.054189
  30 3.725149 3.054593 -21.251202 0.310456 -0.767464 0.560906 0.835938 0.500000 2 30 0.923797 31 0.076203
  30 1.747537 3.021569 -23.781754 0.000558 -0.706609 -0.707604 0.804688 0.500000 2 30 0.944993 31 0.055007
enforcer
  29 -3.299984 8.472452 -10.444221 -0.666472 0.608435 0.430838 0.968750 0.363281 2 29 0.946113 30 0.053887
  29 -1.836733 7.126269 -9.970974 -0.521277 0.433945 0.734821 0.988281 0.351562 2 29 0.953403 28 0.046597
  29 2.330311 9.204426 -10.460209 0.432444 0.811097 0.393846 0.968750 0.304688 3 29 0.918525 30 0.071285 28 0.010189
enforcer
  29 2.330311 9.204426 -10.460209 0.432444 0.811097 0.393846 0.968750 0.304688 3 29 0.918525 30 0.071285 28 0.010189
  30 -2.071953 6.912805 -19.228184 -0.731151 0.678357 -0.072455 0.859375 0.363281 2 30 0.517893 29 0.482107
  29 -3.299984 8.472452 -10.444221 -0.666472 0.608435 0.430838 0.968750 0.363281 2 29 0.946113 30 0.053887
enforcer
  30 3.312435 7.506778 -21.194454 0.297884 0.786169 0.541483 0.835938 0.292969 2 30 0.889828 31 0.110172
  30 -2.071953 6.912805 -19.228184 -0.731151 0.678357 -0.072455 0.859375 0.363281 2 30 0.517893 29 0.482107
  30 2.116760 7.094371 -18.829296 0.628700 0.774575 0.069071 0.867188 0.304688 2 30 0.911618 29 0.088382
enforcer
  30 -2.488671 7.065209 -23.827377 -0.632031 0.545139 -0.550782 0.804688 0.359375 3 30 0.827118 29 0.110929 31 0.061953
  30 -2.060709 3.072992 -19.226505 -0.697799 -0.712008 -0.078240 0.859375 0.429688 2 30 0.521662 29 0.478338
  30 -2.071953 6.912805 -19.228184 -0.731151 0.678357 -0.072455 0.859375 0.363281 2 30 0.517893 29 0.482107
enforcer
  31 9.257555 2.264930 -23.887814 0.685222 -0.612622 -0.393910 0.757812 0.882812 2 31 0.945811 30 0.054189
  31 8.958820 5.308830 -23.884392 0.861226 0.278358 -0.425213 0.757812 0.925781 1 31 1.000000
  31 8.471174 2.782891 -22.198338 0.510695 -0.442156 0.737352 0.781250 0.890625 2 31 0.847463 30 0.152537
enforcer
  30 2.836195 7.978594 -23.781200 -0.094936 0.786880 -0.609759 0.804688 0.292969 2 30 0.548510 31 0.451490
  31 6.824384 7.788774 -22.425030 0.375365 0.616679 0.691960 0.824219 0.246094 2 31 0.856233 30 0.143767
  31 7.344020 8.362324 -23.898624 0.454435 0.780924 -0.428540 0.804688 0.234375 2 31 0.904869 30 0.095131
enforcer
  30 2.128004 3.285327 -18.844612 0.659163 -0.749030 0.066776 0.867188 0.488281 2 30 0.912292 29 0.087708
  30 -2.060709 3.072992 -19.226505 -0.697799 -0.712008 -0.078240 0.859375 0.429688 2 30 0.521662 29 0.478338
  30 3.725149 3.054593 -21.251202 0.310456 -0.767464 0.560906 0.835938 0.500000 2 30 0.923797 31 0.076203
enforcer
  30 3.312435 7.506778 -21.194454 0.297884 0.786169 0.541483 0.835938 0.292969 2 30 0.889828 31 0.110172
  30 -2.488671 7.065209 -23.827377 -0.632031 0.545139 -0.550782 0.804688 0.359375 3 30 0.827118 29 0.110929 31 0.061953
  30 -2.071953 6.912805 -19.228184 -0.731151 0.678357 -0.072455 0.859375 0.363281 2 30 0.517893 29 0.482107
enforcer
  28 4.651140 6.357380 6.997990 0.690138 0.714558 0.114529 0.593750 0.789062 3 28 0.747964 1 0.143158 0 0.108878
  28 0.892083 8.381456 -1.034922 0.165394 0.986215 -0.004969 0.617188 0.902344 2 28 0.868036 29 0.131964
  28 -3.733485 7.215869 5.286674 -0.703222 0.697994 0.135217 0.679688 0.796875 3 28 0.801294 0 0.127810 1 0.070895
enforcer
  28 -3.733485 7.215869 5.286674 -0.703222 0.697994 0.135217 0.628906 0.777344 3 28 0.801294 0 0.127810 1 0.070895
  1 4.491295 5.160750 11.780336 0.665645 0.735237 -0.127838 0.515625 0.683594 4 1 0.791258 28 0.130222 6 0.058424 2 0.020096
  28 4.651140 6.357380 6.997990 0.690138 0.714558 0.114529 0.535156 0.753906 3 28 0.747964 1 0.143158 0 0.108878
enforcer
  1 5.735721 0.000000 11.759716 0.985018 0.000000 -0.172449 0.445312 0.683594 3 1 0.970337 0 0.016600 2 0.013063
  0 4.918991 0.000000 3.243118 0.990732 0.000000 -0.135829 0.445312 0.808594 3 0 0.926634 28 0.036701 32 0.036665
  28 4.651140 6.357380 6.997990 0.690138 0.714558 0.114529 0.535156 0.753906 3 28 0.747964 1 0.143158 0 0.108878
enforcer
  1 7.194895 5.450489 18.718872 0.922692 0.379576 0.067534 0.511719 0.589844 4 1 0.451403 2 0.378705 6 0.137548 5 0.032344
  3 3.209887 0.000000 23.434048 0.974124 0.000212 -0.226016 0.445312 0.511719 4 3 0.767866 5 0.133698 4 0.075152 1 0.023285
  1 7.362295 0.000000 18.598114 0.973719 0.000000 0.227753 0.445312 0.593750 3 1 0.509256 2 0.448586 3 0.042159
enforcer
  1 7.194895 5.450489 18.718872 0.922692 0.379576 0.067534 0.511719 0.589844 4 1 0.451403 2 0.378705 6 0.137548 5 0.032344
  1 4.491295 5.160750 11.780336 0.665645 0.735237 -0.127838 0.515625 0.683594 4 1 0.791258 28 0.130222 6 0.058424 2 0.020096
  6 0.749536 8.769236 18.507538 0.331079 0.612291 -0.717974 0.601562 0.597656 3 6 0.857591 7 0.115824 1 0.026585
enforcer
  1 7.194895 5.450489 18.718872 0.922692 0.379576 0.067534 0.511719 0.589844 4 1 0.451403 2 0.378705 6 0.137548 5 0.032344
  1 7.362295 0.000000 18.598114 0.973719 0.000000 0.227753 0.445312 0.593750 3 1 0.509256 2 0.448586 3 0.042159
  1 5.735721 0.000000 11.759716 0.985018 0.000000 -0.172449 0.445312 0.683594 3 1 0.970337 0 0.016600 2 0.013063
enforcer
  6 -4.382641 9.455482 20.635059 -0.792724 0.537976 -0.286653 0.671875 0.582031 2 6 0.860466 7 0.139534
  6 -2.268557 10.277255 22.991409 -0.361312 0.932212 -0.020850 0.648438 0.554688 2 6 0.721643 7 0.278357
  6 -1.957392 8.775025 18.491062 -0.473706 0.579969 -0.662750 0.648438 0.605469 2 6 0.548669 7 0.451331
enforcer
  6 -2.622195 3.486393 25.764727 -0.573701 0.393527 0.718334 0.488281 0.429688 4 6 0.705110 5 0.169635 3 0.063302 2 0.061953
  6 2.973524 10.880671 23.576771 0.410429 0.828589 0.380773 0.582031 0.507812 3 6 0.672491 7 0.258135 5 0.069374
  6 -3.404463 10.887393 24.604591 -0.455163 0.735339 0.502099 0.585938 0.429688 3 6 0.879528 7 0.099906 5 0.020566
enforcer
  1 -2.944529 5.484392 11.249552 -0.268113 0.875268 -0.402518 0.625000 0.703125 4 1 0.697636 28 0.152086 6 0.088528 16 0.061750
  6 0.749536 8.769236 18.507538 0.331079 0.612291 -0.717974 0.601562 0.597656 3 6 0.857591 7 0.115824 1 0.026585
  1 4.491295 5.160750 11.780336 0.665645 0.735237 -0.127838 0.515625 0.683594 4 1 0.791258 28 0.130222 6 0.058424 2 0.020096
enforcer
  9 1.643743 26.568699 20.083282 0.439764 -0.197351 -0.876162 0.687500 0.148438 2 9 0.514422 8 0.485578
  8 -2.165795 19.298479 18.920837 -0.756362 -0.191617 -0.625460 0.562500 0.199219 3 8 0.879279 7 0.111993 9 0.008727
  9 -0.695141 26.732119 20.229454 -0.727686 -0.107498 -0.677434 0.687500 0.195312 2 9 0.539298 8 0.460702
enforcer
  8 3.200673 18.858303 21.146564 0.926119 -0.372750 -0.057980 0.562500 0.117188 3 8 0.988573 9 0.011014 7 0.000413
  8 1.790501 18.655521 19.200684 0.441275 -0.548381 -0.710321 0.546875 0.156250 2 8 0.917528 7 0.082472
  8 2.006932 19.082270 18.587624 0.456324 -0.316822 -0.831500 0.562500 0.152344 2 8 0.967071 7 0.032929
enforcer
  9 2.234331 26.569456 22.384266 0.594122 -0.411654 0.691057 0.687500 0.085938 2 9 0.928889 8 0.071111
  8 2.268950 18.619768 23.531910 0.430360 -0.430970 0.793130 0.562500 0.093750 3 8 0.968652 7 0.018880 9 0.012468
  8 3.200673 18.858303 21.146564 0.926119 -0.372750 -0.057980 0.562500 0.117188 3 8 0.988573 9 0.011014 7 0.000413
enforcer
  8 2.006932 19.082270 18.587624 0.456324 -0.316822 -0.831500 0.562500 0.152344 2 8 0.967071 7 0.032929
  9 1.643743 26.568699 20.083282 0.439764 -0.197351 -0.876162 0.687500 0.148438 2 9 0.514422 8 0.485578
  8 3.200673 18.858303 21.146564 0.926119 -0.372750 -0.057980 0.562500 0.117188 3 8 0.988573 9 0.011014 7 0.000413
enforcer
  8 -1.328780 18.790993 22.328968 -0.648565 -0.409187 0.641818 0.539062 0.054688 2 8 0.843955 7 0.156045
  7 -1.829639 16.906773 21.983379 -0.788525 0.167448 0.591768 0.515625 0.050781 2 7 0.814012 8 0.185988
  8 1.601905 18.066074 22.685478 0.308616 -0.534076 0.787095 0.539062 0.089844 2 8 0.914112 7 0.085888
enforcer
  9 -0.695141 26.732119 20.229454 -0.727686 -0.107498 -0.677434 0.687500 0.019531 2 9 0.539298 8 0.460702
  8 -1.699856 19.392944 22.642056 -0.744441 -0.206963 0.634803 0.562500 0.058594 3 8 0.910911 7 0.060370 9 0.028719
  9 -0.277458 26.784813 22.485699 -0.532032 -0.086442 0.842301 0.687500 0.058594 2 9 0.926798 8 0.073202
enforcer
  8 1.790501 18.655521 19.200684 0.441275 -0.548381 -0.710321 0.539062 0.144531 2 8 0.917528 7 0.082472
  7 -1.854581 17.145203 19.561718 -0.764385 0.089184 -0.638562 0.515625 0.191406 2 7 0.811519 8 0.188481
  8 -1.734995 18.633480 19.341793 -0.687898 -0.446012 -0.572599 0.539062 0.191406 2 8 0.756201 7 0.243799
enforcer
  8 -1.734995 18.633480 19.341793 -0.687898 -0.446012 -0.572599 0.539062 0.015625 2 8 0.756201 7 0.243799
  7 -1.829639 16.906773 21.983379 -0.788525 0.167448 0.591768 0.515625 0.050781 2 7 0.814012 8 0.185988
  8 -1.328780 18.790993 22.328968 -0.648565 -0.409187 0.641818 0.539062 0.054688 2 8 0.843955 7 0.156045
enforcer
  7 0.929018 10.194957 22.427437 0.444724 0.849814 0.282907 0.425781 0.089844 2 7 0.751285 6 0.248715
  8 1.601905 18.066074 22.685478 0.308616 -0.534076 0.787095 0.539062 0.089844 2 8 0.914112 7 0.085888
  7 -1.335047 12.793221 22.985970 -0.235851 0.073536 0.969003 0.453125 0.058594 3 7 0.884232 6 0.081873 8 0.033896
enforcer
  8 3.200673 18.858303 21.146564 0.926119 -0.372750 -0.057980 0.562500 0.117188 3 8 0.988573 9 0.011014 7 0.000413
  8 1.601905 18.066074 22.685478 0.308616 -0.534076 0.787095 0.546875 0.085938 2 8 0.914112 7 0.085888
  8 2.540497 18.409563 21.053902 0.867038 -0.497095 -0.033791 0.546875 0.117188 2 8 0.941410 7 0.058590
enforcer
  7 1.413870 13.435423 18.674564 0.387110 0.037314 -0.921278 0.472656 0.144531 3 7 0.873195 6 0.071107 8 0.055698
  7 3.010679 13.230634 20.657238 0.995435 -0.090308 0.030878 0.472656 0.121094 3 7 0.824119 8 0.101173 6 0.074709
  6 0.749536 8.769236 18.507538 0.331079 0.612291 -0.717974 0.406250 0.148438 3 6 0.857591 7 0.115824 1 0.026585
enforcer
  7 -1.829639 16.906773 21.983379 -0.788525 0.167448 0.591768 0.515625 0.050781 2 7 0.814012 8 0.185988
  7 -1.335047 12.793221 22.985970 -0.235851 0.073536 0.969003 0.453125 0.058594 3 7 0.884232 6 0.081873 8 0.033896
  8 1.601905 18.066074 22.685478 0.308616 -0.534076 0.787095 0.539062 0.089844 2 8 0.914112 7 0.085888
enforcer
  8 1.790501 18.655521 19.200684 0.441275 -0.548381 -0.710321 0.539062 0.144531 2 8 0.917528 7 0.082472
  7 3.010679 13.230634 20.657238 0.995435 -0.090308 0.030878 0.472656 0.121094 3 7 0.824119 8 0.101173 6 0.074709
  7 1.413870 13.435423 18.674564 0.387110 0.037314 -0.921278 0.472656 0.144531 3 7 0.873195 6 0.071107 8 0.055698
enforcer
  6 0.749536 8.769236 18.507538 0.331079 0.612291 -0.717974 0.406250 0.148438 3 6 0.857591 7 0.115824 1 0.026585
  7 3.010679 13.230634 20.657238 0.995435 -0.090308 0.030878 0.472656 0.121094 3 7 0.824119 8 0.101173 6 0.074709
  6 2.005859 9.526095 20.800289 0.697940 0.655876 -0.287587 0.425781 0.117188 2 6 0.748259 7 0.251741
enforcer
  9 1.643743 26.568699 20.083282 0.439764 -0.197351 -0.876162 0.687500 0.148438 2 9 0.514422 8 0.485578
  9 2.234331 26.569456 22.384266 0.594122 -0.411654 0.691057 0.687500 0.085938 2 9 0.928889 8 0.071111
  8 3.200673 18.858303 21.146564 0.926119 -0.372750 -0.057980 0.562500 0.117188 3 8 0.988573 9 0.011014 7 0.000413
enforcer
  6 -3.404463 10.887393 24.604591 -0.455163 0.735339 0.502099 0.656250 0.531250 3 6 0.879528 7 0.099906 5 0.020566
  7 0.929018 10.194957 22.427437 0.444724 0.849814 0.282907 0.609375 0.546875 2 7 0.751285 6 0.248715
  6 -2.268557 10.277255 22.991409 -0.361312 0.932212 -0.020850 0.648438 0.554688 2 6 0.721643 7 0.278357
enforcer
  0 -3.882999 -0.000000 4.343140 -0.997478 0.001717 -0.070962 0.906250 0.203125 3 0 0.949981 32 0.025126 28 0.024893
  1 -2.944529 5.484392 11.249552 -0.268113 0.875268 -0.402518 0.835938 0.113281 4 1 0.697636 28 0.152086 6 0.088528 16 0.061750
  28 -3.733485 7.215869 5.286674 -0.703222 0.697994 0.135217 0.816406 0.191406 3 28 0.801294 0 0.127810 1 0.070895
enforcer
  30 1.747537 3.021569 -23.781754 0.000558 -0.706609 -0.707604 0.945312 0.238281 2 30 0.944993 31 0.055007
  31 7.344020 8.362324 -23.898624 0.454435 0.780924 -0.428540 0.867188 0.296875 2 31 0.904869 30 0.095131
  31 9.257555 2.264930 -23.887814 0.685222 -0.612622 -0.393910 0.847656 0.218750 2 31 0.945811 30 0.054189
enforcer
  30 -2.488671 7.065209 -23.827377 -0.632031 0.545139 -0.550782 0.988281 0.296875 3 30 0.827118 29 0.110929 31 0.061953
  30 1.747537 3.021569 -23.781754 0.000558 -0.706609 -0.707604 0.945312 0.238281 2 30 0.944993 31 0.055007
  30 -2.477427 2.493608 -23.791290 -0.562500 -0.648967 -0.512285 0.996094 0.238281 2 30 0.879201 29 0.120799
enforcer
  9 2.234331 26.569456 22.384266 0.594122 -0.411654 0.691057 0.687500 0.085938 2 9 0.928889 8 0.071111
  9 -0.910966 27.855911 22.575413 -0.671979 -0.229198 0.704211 0.710938 0.058594 2 9 0.969988 8 0.030012
  9 -0.277458 26.784813 22.485699 -0.532032 -0.086442 0.842301 0.687500 0.058594 2 9 0.926798 8 0.073202
enforcer
  9 -0.910966 27.855911 22.575413 -0.671979 -0.229198 0.704211 0.710938 0.058594 2 9 0.969988 8 0.030012
  9 -0.695141 26.732119 20.229454 -0.727686 -0.107498 -0.677434 0.687500 0.019531 2 9 0.539298 8 0.460702
  9 -0.277458 26.784813 22.485699 -0.532032 -0.086442 0.842301 0.687500 0.058594 2 9 0.926798 8 0.073202
enforcer
  9 -1.603650 28.314354 20.068493 -0.824769 -0.108034 -0.555054 0.710938 0.195312 2 9 0.880117 8 0.119883
  9 1.643743 26.568699 20.083282 0.439764 -0.197351 -0.876162 0.687500 0.148438 2 9 0.514422 8 0.485578
  9 -0.695141 26.732119 20.229454 -0.727686 -0.107498 -0.677434 0.687500 0.195312 2 9 0.539298 8 0.460702
enforcer
  9 3.812199 28.538830 19.453335 0.638309 -0.223666 -0.736569 0.710938 0.148438 2 9 0.919127 8 0.080873
  9 2.234331 26.569456 22.384266 0.594122 -0.411654 0.691057 0.687500 0.085938 2 9 0.928889 8 0.071111
  9 1.643743 26.568699 20.083282 0.439764 -0.197351 -0.876162 0.687500 0.148438 2 9 0.514422 8 0.485578
enforcer
  9 -0.597336 31.849098 22.785614 -0.529284 0.511514 0.676913 0.761719 0.054688 1 9 1.000000
  9 -1.603650 28.314354 20.068493 -0.824769 -0.108034 -0.555054 0.710938 0.019531 2 9 0.880117 8 0.119883
  9 -0.910966 27.855911 22.575413 -0.671979 -0.229198 0.704211 0.710938 0.058594 2 9 0.969988 8 0.030012
enforcer
  9 -0.836507 32.159489 20.713501 -0.620885 0.659773 -0.423321 0.761719 0.203125 1 9 1.000000
  9 3.812199 28.538830 19.453335 0.638309 -0.223666 -0.736569 0.710938 0.148438 2 9 0.919127 8 0.080873
  9 -1.603650 28.314354 20.068493 -0.824769 -0.108034 -0.555054 0.710938 0.195312 2 9 0.880117 8 0.119883
enforcer
  9 3.812199 28.538830 19.453335 0.638309 -0.223666 -0.736569 0.710938 0.148438 2 9 0.919127 8 0.080873
  9 3.822428 32.619499 22.434982 0.577341 0.621358 0.529709 0.761719 0.121094 1 9 1.000000
  9 3.793226 27.521240 22.931225 0.656443 -0.456209 0.600796 0.710938 0.097656 2 9 0.985695 8 0.014305
enforcer
  9 3.793226 27.521240 22.931225 0.656443 -0.456209 0.600796 0.710938 0.097656 2 9 0.985695 8 0.014305
  9 -0.597336 31.849098 22.785614 -0.529284 0.511514 0.676913 0.761719 0.054688 1 9 1.000000
  9 -0.910966 27.855911 22.575413 -0.671979 -0.229198 0.704211 0.710938 0.058594 2 9 0.969988 8 0.030012
enforcer
  9 -0.836507 32.159489 20.713501 -0.620885 0.659773 -0.423321 0.796875 0.054688 1 9 1.000000
  9 3.822428 32.619499 22.434982 0.577341 0.621358 0.529709 0.761719 0.121094 1 9 1.000000
  9 3.639360 32.814964 20.244923 0.471454 0.700411 -0.535870 0.796875 0.121094 1 9 1.000000
enforcer
  6 5.194823 9.412601 21.600052 0.764609 0.639186 0.082550 0.558594 0.542969 4 6 0.708609 7 0.105534 1 0.097144 5 0.088714
  1 7.194895 5.450489 18.718872 0.922692 0.379576 0.067534 0.511719 0.589844 4 1 0.451403 2 0.378705 6 0.137548 5 0.032344
  6 0.749536 8.769236 18.507538 0.331079 0.612291 -0.717974 0.601562 0.597656 3 6 0.857591 7 0.115824 1 0.026585
enforcer
  6 2.973524 10.880671 23.576771 0.410429 0.828589 0.380773 0.597656 0.523438 3 6 0.672491 7 0.258135 5 0.069374
  6 5.194823 9.412601 21.600052 0.764609 0.639186 0.082550 0.558594 0.542969 4 6 0.708609 7 0.105534 1 0.097144 5 0.088714
  7 0.929018 10.194957 22.427437 0.444724 0.849814 0.282907 0.609375 0.546875 2 7 0.751285 6 0.248715
enforcer
  6 2.005859 9.526095 20.800289 0.697940 0.655876 -0.287587 0.425781 0.117188 2 6 0.748259 7 0.251741
  7 3.010679 13.230634 20.657238 0.995435 -0.090308 0.030878 0.472656 0.121094 3 7 0.824119 8 0.101173 6 0.074709
  7 0.929018 10.194957 22.427437 0.444724 0.849814 0.282907 0.425781 0.089844 2 7 0.751285 6 0.248715
enforcer
  6 -2.268557 10.277255 22.991409 -0.361312 0.932212 -0.020850 0.648438 0.554688 2 6 0.721643 7 0.278357
  6 -4.382641 9.455482 20.635059 -0.792724 0.537976 -0.286653 0.671875 0.582031 2 6 0.860466 7 0.139534
  6 -3.404463 10.887393 24.604591 -0.455163 0.735339 0.502099 0.656250 0.531250 3 6 0.879528 7 0.099906 5 0.020566
enforcer
  6 2.973524 10.880671 23.576771 0.410429 0.828589 0.380773 0.582031 0.507812 3 6 0.672491 7 0.258135 5 0.069374
  5 2.306307 3.126842 24.574772 0.635477 0.760940 0.130917 0.484375 0.496094 3 5 0.853809 3 0.075270 6 0.070921
  6 5.194823 9.412601 21.600052 0.764609 0.639186 0.082550 0.558594 0.542969 4 6 0.708609 7 0.105534 1 0.097144 5 0.088714
enforcer
  6 5.194823 9.412601 21.600052 0.764609 0.639186 0.082550 0.558594 0.542969 4 6 0.708609 7 0.105534 1 0.097144 5 0.088714
  5 2.306307 3.126842 24.574772 0.635477 0.760940 0.130917 0.484375 0.496094 3 5 0.853809 3 0.075270 6 0.070921
  1 7.194895 5.450489 18.718872 0.922692 0.379576 0.067534 0.511719 0.589844 4 1 0.451403 2 0.378705 6 0.137548 5 0.032344
enforcer
  1 -5.131317 6.804169 11.237387 0.046463 0.800424 -0.597631 0.054688 0.472656 4 1 0.517901 16 0.190426 6 0.153477 2 0.138197
  1 -2.944529 5.484392 11.249552 -0.268113 0.875268 -0.402518 0.070312 0.503906 4 1 0.697636 28 0.152086 6 0.088528 16 0.061750
  1 -7.545147 5.484391 11.046570 -0.612274 0.399275 -0.682423 0.070312 0.441406 4 1 0.436588 16 0.305080 6 0.153271 2 0.105062
enforcer
  1 -7.545147 5.484391 11.046570 -0.612274 0.399275 -0.682423 0.070312 0.441406 4 1 0.436588 16 0.305080 6 0.153271 2 0.105062
  1 -3.138560 -0.000000 11.833405 -0.693542 -0.000000 -0.720416 0.148438 0.503906 4 1 0.756097 0 0.121139 16 0.114184 28 0.008580
  16 -8.309303 -0.000000 11.615009 -0.727290 -0.000000 -0.686330 0.148438 0.441406 4 16 0.606180 1 0.264983 6 0.066601 10 0.062236
enforcer
  6 -5.915520 7.300055 24.225712 -0.029354 0.881328 0.471593 0.054688 0.238281 4 6 0.749296 2 0.128003 10 0.063023 7 0.059678
  6 -8.181496 5.980277 24.506126 -0.671843 0.502747 0.543942 0.070312 0.269531 4 6 0.769209 2 0.093941 10 0.091221 3 0.045628
  6 -3.580876 5.980278 24.709106 -0.692436 0.306296 0.653235 0.070312 0.210938 4 6 0.806985 2 0.082156 3 0.069306 7 0.041553
enforcer
  3 -3.408141 -0.000000 25.700825 -0.599581 0.000034 0.800314 0.148438 0.210938 4 3 0.345769 2 0.344848 10 0.156789 6 0.152594
  6 -8.181496 5.980277 24.506126 -0.671843 0.502747 0.543942 0.070312 0.269531 4 6 0.769209 2 0.093941 10 0.091221 3 0.045628
  6 -8.964494 -0.000000 25.461319 -0.730471 -0.000000 0.682943 0.148438 0.269531 4 6 0.371410 10 0.338516 2 0.160686 3 0.129388
enforcer
  16 -8.309303 -0.000000 11.615009 -0.727290 -0.000000 -0.686330 0.148438 0.441406 4 16 0.606180 1 0.264983 6 0.066601 10 0.062236
  6 -8.181496 5.980277 24.506126 -0.671843 0.502747 0.543942 0.070312 0.269531 4 6 0.769209 2 0.093941 10 0.091221 3 0.045628
  1 -7.545147 5.484391 11.046570 -0.612274 0.399275 -0.682423 0.070312 0.441406 4 1 0.436588 16 0.305080 6 0.153271 2 0.105062
enforcer
  6 -2.622195 3.486393 25.764727 -0.573701 0.393527 0.718334 0.488281 0.429688 4 6 0.705110 5 0.169635 3 0.063302 2 0.061953
  6 -3.404463 10.887393 24.604591 -0.455163 0.735339 0.502099 0.585938 0.429688 3 6 0.879528 7 0.099906 5 0.020566
  3 -3.408141 -0.000000 25.700825 -0.599581 0.000034 0.800314 0.449219 0.417969 4 3 0.345769 2 0.344848 10 0.156789 6 0.152594
enforcer
  3 -3.408141 -0.000000 25.700825 -0.599581 0.000034 0.800314 0.449219 0.417969 4 3 0.345769 2 0.344848 10 0.156789 6 0.152594
  6 -3.404463 10.887393 24.604591 -0.455163 0.735339 0.502099 0.585938 0.429688 3 6 0.879528 7 0.099906 5 0.020566
  6 -3.580876 5.980278 24.709106 -0.692436 0.306296 0.653235 0.527344 0.417969 4 6 0.806985 2 0.082156 3 0.069306 7 0.041553
enforcer
  6 -1.957392 8.775025 18.491062 -0.473706 0.579969 -0.662750 0.648438 0.605469 2 6 0.548669 7 0.451331
  6 -3.237442 5.712651 17.445042 -0.339214 0.924814 -0.172200 0.671875 0.636719 4 6 0.386057 2 0.296462 1 0.164507 7 0.152973
  6 -4.382641 9.455482 20.635059 -0.792724 0.537976 -0.286653 0.671875 0.582031 2 6 0.860466 7 0.139534
enforcer
  6 -3.580876 5.980278 24.709106 -0.692436 0.306296 0.653235 0.699219 0.523438 4 6 0.806985 2 0.082156 3 0.069306 7 0.041553
  6 -4.382641 9.455482 20.635059 -0.792724 0.537976 -0.286653 0.671875 0.582031 2 6 0.860466 7 0.139534
  6 -3.237442 5.712651 17.445042 -0.339214 0.924814 -0.172200 0.671875 0.636719 4 6 0.386057 2 0.296462 1 0.164507 7 0.152973
enforcer
  6 -3.404463 10.887393 24.604591 -0.455163 0.735339 0.502099 0.656250 0.531250 3 6 0.879528 7 0.099906 5 0.020566
  6 -4.382641 9.455482 20.635059 -0.792724 0.537976 -0.286653 0.671875 0.582031 2 6 0.860466 7 0.139534
  6 -3.580876 5.980278 24.709106 -0.692436 0.306296 0.653235 0.699219 0.523438 4 6 0.806985 2 0.082156 3 0.069306 7 0.041553
enforcer
  1 -7.545147 5.484391 11.046570 -0.612274 0.399275 -0.682423 0.070312 0.441406 4 1 0.436588 16 0.305080 6 0.153271 2 0.105062
  6 -5.915520 7.300055 24.225712 -0.029354 0.881328 0.471593 0.042969 0.269531 4 6 0.749296 2 0.128003 10 0.063023 7 0.059678
  1 -5.131317 6.804169 11.237387 0.046463 0.800424 -0.597631 0.042969 0.441406 4 1 0.517901 16 0.190426 6 0.153477 2 0.138197
enforcer
  6 -1.957392 8.775025 18.491062 -0.473706 0.579969 -0.662750 0.648438 0.605469 2 6 0.548669 7 0.451331
  1 -2.944529 5.484392 11.249552 -0.268113 0.875268 -0.402518 0.625000 0.703125 4 1 0.697636 28 0.152086 6 0.088528 16 0.061750
  6 -3.237442 5.712651 17.445042 -0.339214 0.924814 -0.172200 0.671875 0.636719 4 6 0.386057 2 0.296462 1 0.164507 7 0.152973
enforcer
  1 -2.944529 5.484392 11.249552 -0.268113 0.875268 -0.402518 0.011719 0.441406 4 1 0.697636 28 0.152086 6 0.088528 16 0.061750
  1 -5.131317 6.804169 11.237387 0.046463 0.800424 -0.597631 0.042969 0.441406 4 1 0.517901 16 0.190426 6 0.153477 2 0.138197
  6 -3.237442 5.712651 17.445042 -0.339214 0.924814 -0.172200 0.007812 0.363281 4 6 0.386057 2 0.296462 1 0.164507 7 0.152973
enforcer
  6 -5.915520 7.300055 24.225712 -0.029354 0.881328 0.471593 0.042969 0.269531 4 6 0.749296 2 0.128003 10 0.063023 7 0.059678
  6 -3.237442 5.712651 17.445042 -0.339214 0.924814 -0.172200 0.007812 0.363281 4 6 0.386057 2 0.296462 1 0.164507 7 0.152973
  1 -5.131317 6.804169 11.237387 0.046463 0.800424 -0.597631 0.042969 0.441406 4 1 0.517901 16 0.190426 6 0.153477 2 0.138197
enforcer
  6 -3.580876 5.980278 24.709106 -0.692436 0.306296 0.653235 0.007812 0.269531 4 6 0.806985 2 0.082156 3 0.069306 7 0.041553
  6 -3.237442 5.712651 17.445042 -0.339214 0.924814 -0.172200 0.007812 0.363281 4 6 0.386057 2 0.296462 1 0.164507 7 0.152973
  6 -5.915520 7.300055 24.225712 -0.029354 0.881328 0.471593 0.042969 0.269531 4 6 0.749296 2 0.128003 10 0.063023 7 0.059678
enforcer
  30 2.116760 7.094371 -18.829296 0.628700 0.774575 0.069071 0.871094 0.949219 2 30 0.911618 29 0.088382
  29 2.330311 9.204426 -10.460209 0.432444 0.811097 0.393846 0.976562 0.976562 3 29 0.918525 30 0.071285 28 0.010189
  29 4.086514 5.198476 -10.460209 0.999557 0.019010 -0.022899 0.976562 0.925781 3 29 0.937566 28 0.033216 30 0.029218
enforcer
  29 2.352271 1.023620 -10.651379 0.470502 -0.763768 0.441913 0.976562 0.871094 2 29 0.955483 30 0.044517
  30 2.128004 3.285327 -18.844612 0.659163 -0.749030 0.066776 0.871094 0.902344 2 30 0.912292 29 0.087708
  29 4.086514 5.198476 -10.460209 0.999557 0.019010 -0.022899 0.976562 0.925781 3 29 0.937566 28 0.033216 30 0.029218
enforcer
  29 2.330311 9.204426 -10.460209 0.432444 0.811097 0.393846 0.976562 0.976562 3 29 0.918525 30 0.071285 28 0.010189
  29 1.594409 7.939332 -9.844444 0.243049 0.762441 0.599676 0.984375 0.972656 2 29 0.937703 28 0.062297
  29 4.086514 5.198476 -10.460209 0.999557 0.019010 -0.022899 0.976562 0.925781 3 29 0.937566 28 0.033216 30 0.029218
enforcer
  29 1.277382 1.824183 -10.403748 0.234822 -0.687350 0.687319 0.984375 0.875000 1 29 1.000000
  29 2.352271 1.023620 -10.651379 0.470502 -0.763768 0.441913 0.976562 0.871094 2 29 0.955483 30 0.044517
  29 4.086514 5.198476 -10.460209 0.999557 0.019010 -0.022899 0.976562 0.925781 3 29 0.937566 28 0.033216 30 0.029218
enforcer
  29 -1.872568 2.583819 -9.918324 -0.564149 -0.490498 0.664189 0.742188 0.992188 1 29 1.000000
  28 -3.733485 7.215869 5.286674 -0.703222 0.697994 0.135217 0.679688 0.796875 3 28 0.801294 0 0.127810 1 0.070895
  29 -1.836733 7.126269 -9.970974 -0.521277 0.433945 0.734821 0.679688 0.992188 2 29 0.953403 28 0.046597
enforcer
  28 -3.733485 7.215869 5.286674 -0.703222 0.697994 0.135217 0.679688 0.796875 3 28 0.801294 0 0.127810 1 0.070895
  28 0.892083 8.381456 -1.034922 0.165394 0.986215 -0.004969 0.617188 0.902344 2 28 0.868036 29 0.131964
  29 -1.836733 7.126269 -9.970974 -0.521277 0.433945 0.734821 0.679688 0.992188 2 29 0.953403 28 0.046597
enforcer
  29 -1.836733 7.126269 -9.970974 -0.521277 0.433945 0.734821 0.679688 0.992188 2 29 0.953403 28 0.046597
  28 0.892083 8.381456 -1.034922 0.165394 0.986215 -0.004969 0.617188 0.902344 2 28 0.868036 29 0.131964
  29 1.594409 7.939332 -9.844444 0.243049 0.762441 0.599676 0.625000 0.992188 2 29 0.937703 28 0.062297
enforcer
  29 1.594409 7.939332 -9.844444 0.243049 0.762441 0.599676 0.625000 0.992188 2 29 0.937703 28 0.062297
  28 0.892083 8.381456 -1.034922 0.165394 0.986215 -0.004969 0.617188 0.902344 2 28 0.868036 29 0.131964
  29 4.678579 5.000416 -6.207436 0.976901 0.149287 -0.152899 0.589844 0.953125 2 29 0.526331 28 0.473669
enforcer
  28 4.651140 6.357380 6.997990 0.690138 0.714558 0.114529 0.593750 0.789062 3 28 0.747964 1 0.143158 0 0.108878
  29 4.678579 5.000416 -6.207436 0.976901 0.149287 -0.152899 0.589844 0.953125 2 29 0.526331 28 0.473669
  28 0.892083 8.381456 -1.034922 0.165394 0.986215 -0.004969 0.617188 0.902344 2 28 0.868036 29 0.131964
enforcer
  0 4.918991 0.000000 3.243118 0.990732 0.000000 -0.135829 0.511719 0.808594 3 0 0.926634 28 0.036701 32 0.036665
  29 1.277382 1.824183 -10.403748 0.234822 -0.687350 0.687319 0.511719 0.992188 1 29 1.000000
  29 4.678579 5.000416 -6.207436 0.976901 0.149287 -0.152899 0.589844 0.953125 2 29 0.526331 28 0.473669
enforcer
  29 1.594409 7.939332 -9.844444 0.243049 0.762441 0.599676 0.988281 0.320312 2 29 0.937703 28 0.062297
  29 2.330311 9.204426 -10.460209 0.432444 0.811097 0.393846 0.968750 0.304688 3 29 0.918525 30 0.071285 28 0.010189
  29 -1.836733 7.126269 -9.970974 -0.521277 0.433945 0.734821 0.988281 0.351562 2 29 0.953403 28 0.046597
enforcer
  8 2.540497 18.409563 21.053902 0.867038 -0.497095 -0.033791 0.539062 0.117188 2 8 0.941410 7 0.058590
  7 3.010679 13.230634 20.657238 0.995435 -0.090308 0.030878 0.472656 0.121094 3 7 0.824119 8 0.101173 6 0.074709
  8 1.790501 18.655521 19.200684 0.441275 -0.548381 -0.710321 0.539062 0.144531 2 8 0.917528 7 0.082472
enforcer
  8 2.540497 18.409563 21.053902 0.867038 -0.497095 -0.033791 0.539062 0.117188 2 8 0.941410 7 0.058590
  8 1.601905 18.066074 22.685478 0.308616 -0.534076 0.787095 0.539062 0.089844 2 8 0.914112 7 0.085888
  7 3.010679 13.230634 20.657238 0.995435 -0.090308 0.030878 0.472656 0.121094 3 7 0.824119 8 0.101173 6 0.074709
enforcer
  7 3.010679 13.230634 20.657238 0.995435 -0.090308 0.030878 0.472656 0.121094 3 7 0.824119 8 0.101173 6 0.074709
  8 1.601905 18.066074 22.685478 0.308616 -0.534076 0.787095 0.539062 0.089844 2 8 0.914112 7 0.085888
  7 0.929018 10.194957 22.427437 0.444724 0.849814 0.282907 0.425781 0.089844 2 7 0.751285 6 0.248715
enforcer
  6 -1.957392 8.775025 18.491062 -0.473706 0.579969 -0.662750 0.425781 0.011719 2 6 0.548669 7 0.451331
  6 -2.268557 10.277255 22.991409 -0.361312 0.932212 -0.020850 0.425781 0.046875 2 6 0.721643 7 0.278357
  7 -2.616859 12.715123 21.879131 -0.958786 0.082623 0.271850 0.464844 0.035156 3 7 0.883292 6 0.115483 8 0.001225
enforcer
  7 -1.335047 12.793221 22.985970 -0.235851 0.073536 0.969003 0.453125 0.058594 3 7 0.884232 6 0.081873 8 0.033896
  7 -2.616859 12.715123 21.879131 -0.958786 0.082623 0.271850 0.464844 0.035156 3 7 0.883292 6 0.115483 8 0.001225
  6 -2.268557 10.277255 22.991409 -0.361312 0.932212 -0.020850 0.425781 0.046875 2 6 0.721643 7 0.278357
enforcer
  7 -2.616859 12.715123 21.879131 -0.958786 0.082623 0.271850 0.464844 0.035156 3 7 0.883292 6 0.115483 8 0.001225
  7 -1.829639 16.906773 21.983379 -0.788525 0.167448 0.591768 0.515625 0.050781 2 7 0.814012 8 0.185988
  7 -1.854581 17.145203 19.561718 -0.764385 0.089184 -0.638562 0.515625 0.015625 2 7 0.811519 8 0.188481
enforcer
  7 -1.829639 16.906773 21.983379 -0.788525 0.167448 0.591768 0.515625 0.050781 2 7 0.814012 8 0.185988
  7 -2.616859 12.715123 21.879131 -0.958786 0.082623 0.271850 0.464844 0.035156 3 7 0.883292 6 0.115483 8 0.001225
  7 -1.335047 12.793221 22.985970 -0.235851 0.073536 0.969003 0.453125 0.058594 3 7 0.884232 6 0.081873 8 0.033896
enforcer
  6 -1.957392 8.775025 18.491062 -0.473706 0.579969 -0.662750 0.425781 0.011719 2 6 0.548669 7 0.451331
  7 -2.616859 12.715123 21.879131 -0.958786 0.082623 0.271850 0.464844 0.035156 3 7 0.883292 6 0.115483 8 0.001225
  7 -1.854581 17.145203 19.561718 -0.764385 0.089184 -0.638562 0.515625 0.015625 2 7 0.811519 8 0.188481
enforcer
  6 -1.957392 8.775025 18.491062 -0.473706 0.579969 -0.662750 0.406250 0.191406 2 6 0.548669 7 0.451331
  7 -1.854581 17.145203 19.561718 -0.764385 0.089184 -0.638562 0.515625 0.191406 2 7 0.811519 8 0.188481
  7 1.413870 13.435423 18.674564 0.387110 0.037314 -0.921278 0.472656 0.144531 3 7 0.873195 6 0.071107 8 0.055698
enforcer
  8 1.790501 18.655521 19.200684 0.441275 -0.548381 -0.710321 0.539062 0.144531 2 8 0.917528 7 0.082472
  7 1.413870 13.435423 18.674564 0.387110 0.037314 -0.921278 0.472656 0.144531 3 7 0.873195 6 0.071107 8 0.055698
  7 -1.854581 17.145203 19.561718 -0.764385 0.089184 -0.638562 0.515625 0.191406 2 7 0.811519 8 0.188481
enforcer
  6 0.749536 8.769236 18.507538 0.331079 0.612291 -0.717974 0.406250 0.148438 3 6 0.857591 7 0.115824 1 0.026585
  6 -1.957392 8.775025 18.491062 -0.473706 0.579969 -0.662750 0.406250 0.191406 2 6 0.548669 7 0.451331
  7 1.413870 13.435423 18.674564 0.387110 0.037314 -0.921278 0.472656 0.144531 3 7 0.873195 6 0.071107 8 0.055698
enforcer
  7 -1.335047 12.793221 22.985970 -0.235851 0.073536 0.969003 0.453125 0.058594 3 7 0.884232 6 0.081873 8 0.033896
  6 -2.268557 10.277255 22.991409 -0.361312 0.932212 -0.020850 0.425781 0.046875 2 6 0.721643 7 0.278357
  7 0.929018 10.194957 22.427437 0.444724 0.849814 0.282907 0.425781 0.089844 2 7 0.751285 6 0.248715
enforcer
  8 -1.699856 19.392944 22.642056 -0.744441 -0.206963 0.634803 0.562500 0.058594 3 8 0.910911 7 0.060370 9 0.028719
  8 -1.734995 18.633480 19.341793 -0.687898 -0.446012 -0.572599 0.546875 0.011719 2 8 0.756201 7 0.243799
  8 -1.328780 18.790993 22.328968 -0.648565 -0.409187 0.641818 0.546875 0.058594 2 8 0.843955 7 0.156045
enforcer
  8 -1.328780 18.790993 22.328968 -0.648565 -0.409187 0.641818 0.546875 0.058594 2 8 0.843955 7 0.156045
  8 2.268950 18.619768 23.531910 0.430360 -0.430970 0.793130 0.562500 0.093750 3 8 0.968652 7 0.018880 9 0.012468
  8 -1.699856 19.392944 22.642056 -0.744441 -0.206963 0.634803 0.562500 0.058594 3 8 0.910911 7 0.060370 9 0.028719
enforcer
  8 2.006932 19.082270 18.587624 0.456324 -0.316822 -0.831500 0.562500 0.152344 2 8 0.967071 7 0.032929
  8 -1.734995 18.633480 19.341793 -0.687898 -0.446012 -0.572599 0.546875 0.207031 2 8 0.756201 7 0.243799
  8 -2.165795 19.298479 18.920837 -0.756362 -0.191617 -0.625460 0.562500 0.199219 3 8 0.879279 7 0.111993 9 0.008727
enforcer
  6 0.749536 8.769236 18.507538 0.331079 0.612291 -0.717974 0.601562 0.597656 3 6 0.857591 7 0.115824 1 0.026585
  6 2.005859 9.526095 20.800289 0.697940 0.655876 -0.287587 0.593750 0.566406 2 6 0.748259 7 0.251741
  6 5.194823 9.412601 21.600052 0.764609 0.639186 0.082550 0.558594 0.542969 4 6 0.708609 7 0.105534 1 0.097144 5 0.088714
enforcer
  7 0.929018 10.194957 22.427437 0.444724 0.849814 0.282907 0.609375 0.546875 2 7 0.751285 6 0.248715
  6 5.194823 9.412601 21.600052 0.764609 0.639186 0.082550 0.558594 0.542969 4 6 0.708609 7 0.105534 1 0.097144 5 0.088714
  6 2.005859 9.526095 20.800289 0.697940 0.655876 -0.287587 0.593750 0.566406 2 6 0.748259 7 0.251741
enforcer
  31 7.344020 8.362324 -23.898624 0.454435 0.780924 -0.428540 0.867188 0.296875 2 31 0.904869 30 0.095131
  31 8.958820 5.308830 -23.884392 0.861226 0.278358 -0.425213 0.847656 0.257812 1 31 1.000000
  31 9.257555 2.264930 -23.887814 0.685222 -0.612622 -0.393910 0.847656 0.218750 2 31 0.945811 30 0.054189
enforcer
  31 8.471174 2.782891 -22.198338 0.510695 -0.442156 0.737352 0.781250 0.890625 2 31 0.847463 30 0.152537
  31 8.958820 5.308830 -23.884392 0.861226 0.278358 -0.425213 0.757812 0.925781 1 31 1.000000
  31 6.824384 7.788774 -22.425030 0.375365 0.616679 0.691960 0.781250 0.960938 2 31 0.856233 30 0.143767
enforcer
  31 7.344020 8.362324 -23.898624 0.454435 0.780924 -0.428540 0.757812 0.968750 2 31 0.904869 30 0.095131
  31 6.824384 7.788774 -22.425030 0.375365 0.616679 0.691960 0.781250 0.960938 2 31 0.856233 30 0.143767
  31 8.958820 5.308830 -23.884392 0.861226 0.278358 -0.425213 0.757812 0.925781 1 31 1.000000
enforcer
  1 4.491295 -5.160750 11.780336 0.665645 -0.735237 -0.127838 0.375000 0.683594 4 1 0.791587 32 0.130223 10 0.058162 2 0.020028
  1 -2.944528 -5.484392 11.249552 -0.268113 -0.875268 -0.402518 0.265625 0.703125 4 1 0.700338 32 0.151431 10 0.086296 16 0.061936
  32 -3.733484 -7.215869 5.286674 -0.702246 -0.698519 0.137556 0.261719 0.777344 3 32 0.794919 0 0.132454 1 0.072628
enforcer
  33 -1.836733 -7.126269 -9.970974 -0.521565 -0.437149 0.732715 0.218750 0.992188 2 33 0.961621 32 0.038379
  32 -3.733484 -7.215869 5.286674 -0.702246 -0.698519 0.137556 0.218750 0.796875 3 32 0.794919 0 0.132454 1 0.072628
  0 -3.882999 -0.000000 4.343140 -0.997478 0.001717 -0.070962 0.156250 0.808594 3 0 0.949981 32 0.025126 28 0.024893
enforcer
  1 7.194895 -5.450488 18.718872 0.922692 -0.379577 0.067538 0.378906 0.589844 4 1 0.457028 2 0.383450 10 0.138768 3 0.020754
  1 5.735721 0.000000 11.759716 0.985018 0.000000 -0.172449 0.445312 0.683594 3 1 0.970337 0 0.016600 2 0.013063
  1 7.362295 0.000000 18.598114 0.973719 0.000000 0.227753 0.445312 0.593750 3 1 0.509256 2 0.448586 3 0.042159
enforcer
  1 5.735721 0.000000 11.759716 0.985018 0.000000 -0.172449 0.445312 0.683594 3 1 0.970337 0 0.016600 2 0.013063
  28 4.651140 6.357380 6.997990 0.690138 0.714558 0.114529 0.535156 0.753906 3 28 0.747964 1 0.143158 0 0.108878
  1 4.491295 5.160750 11.780336 0.665645 0.735237 -0.127838 0.515625 0.683594 4 1 0.791258 28 0.130222 6 0.058424 2 0.020096
enforcer
  1 7.194895 5.450489 18.718872 0.922692 0.379576 0.067534 0.511719 0.589844 4 1 0.451403 2 0.378705 6 0.137548 5 0.032344
  1 5.735721 0.000000 11.759716 0.985018 0.000000 -0.172449 0.445312 0.683594 3 1 0.970337 0 0.016600 2 0.013063
  1 4.491295 5.160750 11.780336 0.665645 0.735237 -0.127838 0.515625 0.683594 4 1 0.791258 28 0.130222 6 0.058424 2 0.020096
enforcer
  28 -3.733485 7.215869 5.286674 -0.703222 0.697994 0.135217 0.628906 0.777344 3 28 0.801294 0 0.127810 1 0.070895
  1 -2.944529 5.484392 11.249552 -0.268113 0.875268 -0.402518 0.625000 0.703125 4 1 0.697636 28 0.152086 6 0.088528 16 0.061750
  1 4.491295 5.160750 11.780336 0.665645 0.735237 -0.127838 0.515625 0.683594 4 1 0.791258 28 0.130222 6 0.058424 2 0.020096
enforcer
  1 -2.944529 5.484392 11.249552 -0.268113 0.875268 -0.402518 0.625000 0.703125 4 1 0.697636 28 0.152086 6 0.088528 16 0.061750
  6 -1.957392 8.775025 18.491062 -0.473706 0.579969 -0.662750 0.648438 0.605469 2 6 0.548669 7 0.451331
  6 0.749536 8.769236 18.507538 0.331079 0.612291 -0.717974 0.601562 0.597656 3 6 0.857591 7 0.115824 1 0.026585
enforcer
  1 -2.944528 -5.484392 11.249552 -0.268113 -0.875268 -0.402518 0.265625 0.703125 4 1 0.700338 32 0.151431 10 0.086296 16 0.061936
  1 4.491295 -5.160750 11.780336 0.665645 -0.735237 -0.127838 0.375000 0.683594 4 1 0.791587 32 0.130223 10 0.058162 2 0.020028
  10 0.749537 -8.769236 18.507538 0.331079 -0.612291 -0.717974 0.292969 0.597656 3 10 0.857602 11 0.115843 1 0.026555
enforcer
  3 3.209887 0.000000 23.434048 0.974124 0.000212 -0.226016 0.445312 0.511719 4 3 0.767866 5 0.133698 4 0.075152 1 0.023285
  4 2.306307 -3.129028 24.574772 0.559901 -0.674226 0.481591 0.406250 0.496094 3 4 0.472112 3 0.466966 10 0.060922
  1 7.194895 -5.450488 18.718872 0.922692 -0.379577 0.067538 0.378906 0.589844 4 1 0.457028 2 0.383450 10 0.138768 3 0.020754
enforcer
  1 7.194895 5.450489 18.718872 0.922692 0.379576 0.067534 0.511719 0.589844 4 1 0.451403 2 0.378705 6 0.137548 5 0.032344
  5 2.306307 3.126842 24.574772 0.635477 0.760940 0.130917 0.484375 0.496094 3 5 0.853809 3 0.075270 6 0.070921
  3 3.209887 0.000000 23.434048 0.974124 0.000212 -0.226016 0.445312 0.511719 4 3 0.767866 5 0.133698 4 0.075152 1 0.023285
enforcer
  10 2.973525 -10.880671 23.576771 0.410433 -0.828593 0.380760 0.308594 0.507812 4 10 0.691645 11 0.265670 4 0.025166 3 0.017520
  4 2.306307 -3.129028 24.574772 0.559901 -0.674226 0.481591 0.406250 0.496094 3 4 0.472112 3 0.466966 10 0.060922
  10 -2.622195 -3.488578 25.764727 -0.333183 -0.346738 0.876791 0.402344 0.429688 4 10 0.721454 4 0.107235 3 0.097640 2 0.073671
enforcer
  6 -2.622195 3.486393 25.764727 -0.573701 0.393527 0.718334 0.488281 0.429688 4 6 0.705110 5 0.169635 3 0.063302 2 0.061953
  5 2.306307 3.126842 24.574772 0.635477 0.760940 0.130917 0.484375 0.496094 3 5 0.853809 3 0.075270 6 0.070921
  6 2.973524 10.880671 23.576771 0.410429 0.828589 0.380773 0.582031 0.507812 3 6 0.672491 7 0.258135 5 0.069374
enforcer
  33 2.330312 -9.204426 -10.460209 0.432444 -0.811097 0.393846 0.632812 0.488281 3 33 0.919627 34 0.071150 32 0.009223
  33 -3.299984 -8.472452 -10.444221 -0.666472 -0.608435 0.430838 0.632812 0.429688 2 33 0.946846 34 0.053154
  34 -2.071953 -6.912805 -19.228184 -0.731151 -0.678357 -0.072455 0.734375 0.429688 2 34 0.517872 33 0.482128
enforcer
  29 2.330311 9.204426 -10.460209 0.432444 0.811097 0.393846 0.968750 0.304688 3 29 0.918525 30 0.071285 28 0.010189
  30 2.116760 7.094371 -18.829296 0.628700 0.774575 0.069071 0.867188 0.304688 2 30 0.911618 29 0.088382
  30 -2.071953 6.912805 -19.228184 -0.731151 0.678357 -0.072455 0.859375 0.363281 2 30 0.517893 29 0.482107
enforcer
  34 -2.071953 -6.912805 -19.228184 -0.731151 -0.678357 -0.072455 0.734375 0.429688 2 34 0.517872 33 0.482128
  33 -3.299984 -8.472452 -10.444221 -0.666472 -0.608435 0.430838 0.632812 0.429688 2 33 0.946846 34 0.053154
  33 -3.393041 -1.270838 -10.462536 -0.649659 0.637910 0.413537 0.632812 0.363281 2 33 0.958811 34 0.041189
enforcer
  29 -3.393041 1.270838 -10.462536 -0.649659 -0.637910 0.413537 0.968750 0.429688 2 29 0.960029 30 0.039971
  29 -3.299984 8.472452 -10.444221 -0.666472 0.608435 0.430838 0.968750 0.363281 2 29 0.946113 30 0.053887
  30 -2.071953 6.912805 -19.228184 -0.731151 0.678357 -0.072455 0.859375 0.363281 2 30 0.517893 29 0.482107
enforcer
  33 2.352271 -1.023620 -10.651379 0.470502 0.763768 0.441913 0.632812 0.304688 2 33 0.955306 34 0.044694
  34 2.128004 -3.285327 -18.844612 0.659163 0.749030 0.066776 0.734375 0.304688 2 34 0.912302 33 0.087698
  34 -2.060709 -3.072992 -19.226505 -0.697799 0.712008 -0.078240 0.734375 0.363281 2 34 0.521686 33 0.478314
enforcer
  30 -2.060709 3.072992 -19.226505 -0.697799 -0.712008 -0.078240 0.859375 0.429688 2 30 0.521662 29 0.478338
  30 2.128004 3.285327 -18.844612 0.659163 -0.749030 0.066776 0.867188 0.488281 2 30 0.912292 29 0.087708
  29 2.352271 1.023620 -10.651379 0.470502 -0.763768 0.441913 0.968750 0.488281 2 29 0.955483 30 0.044517
enforcer
  24 -7.430000 -0.010000 25.245781 -0.989839 0.055262 -0.131017 0.386719 0.226562 2 24 0.936075 25 0.063925
  24 -5.916665 -1.168174 26.900654 0.357290 -0.888447 0.288107 0.359375 0.246094 2 24 0.501167 25 0.498833
  24 -7.658288 -0.162647 26.900654 -0.965821 -0.115144 0.232232 0.359375 0.226562 2 24 0.501316 25 0.498684
enforcer
  24 -5.689378 -1.012554 25.242073 0.577665 -0.816270 0.002573 0.386719 0.246094 2 24 0.864379 25 0.135621
  25 -5.916665 0.842880 26.900654 0.436105 0.810731 -0.390548 0.359375 0.261719 3 25 0.868779 24 0.069145 26 0.062077
  24 -5.916665 -1.168174 26.900654 0.357290 -0.888447 0.288107 0.359375 0.246094 2 24 0.501167 25 0.498833
enforcer
  25 -5.916665 0.842880 26.900654 0.436105 0.810731 -0.390548 0.359375 0.210938 3 25 0.868779 24 0.069145 26 0.062077
  24 -7.430000 -0.010000 25.245781 -0.989839 0.055262 -0.131017 0.386719 0.226562 2 24 0.936075 25 0.063925
  24 -7.658288 -0.162647 26.900654 -0.965821 -0.115144 0.232232 0.359375 0.226562 2 24 0.501316 25 0.498684
enforcer
  5 -1.066276 2.908810 27.616089 -0.324525 0.533520 0.781051 0.542969 0.332031 4 5 0.906525 4 0.069960 6 0.016520 27 0.006995
  4 -1.850000 -0.000000 30.611822 -0.895321 0.000290 0.445420 0.593750 0.289062 2 4 0.928071 5 0.071929
  4 -0.447394 2.722658 30.604988 -0.411603 0.780053 0.471276 0.539062 0.296875 2 4 0.793536 5 0.206464
enforcer
  4 -0.447394 2.722658 30.604988 -0.411603 0.780053 0.471276 0.539062 0.296875 2 4 0.793536 5 0.206464
  5 4.296786 2.854891 26.943737 0.570671 0.794992 0.205724 0.488281 0.328125 2 5 0.902400 4 0.097600
  5 -1.066276 2.908810 27.616089 -0.324525 0.533520 0.781051 0.542969 0.332031 4 5 0.906525 4 0.069960 6 0.016520 27 0.006995
enforcer
  4 4.120000 0.000000 32.401825 0.232540 0.000305 0.972587 0.445312 0.253906 2 4 0.953546 5 0.046454
  4 -0.447394 2.722658 30.604988 -0.411603 0.780053 0.471276 0.488281 0.222656 2 4 0.793536 5 0.206464
  4 -0.430000 -0.000000 32.301823 -0.384724 0.000312 0.923032 0.445312 0.199219 2 4 0.968317 5 0.031683
enforcer
  4 -2.860000 -0.000000 27.491823 -0.917854 0.000207 0.396919 0.593750 0.335938 4 4 0.632777 5 0.136161 3 0.118700 2 0.112361
  6 -2.622195 3.486393 25.764727 -0.573701 0.393527 0.718334 0.542969 0.367188 4 6 0.705110 5 0.169635 3 0.063302 2 0.061953
  3 -3.408141 -0.000000 25.700825 -0.599581 0.000034 0.800314 0.593750 0.367188 4 3 0.345769 2 0.344848 10 0.156789 6 0.152594
enforcer
  4 -1.850000 -0.000000 30.611822 -0.895321 0.000290 0.445420 0.300781 0.285156 2 4 0.928071 5 0.071929
  4 -1.066275 -2.913180 27.616089 -0.380550 -0.869217 0.315665 0.351562 0.335938 3 4 0.776391 10 0.156308 3 0.067302
  4 -0.447394 -2.727028 30.604988 -0.414136 -0.776966 0.474146 0.355469 0.296875 2 4 0.989712 10 0.010288
enforcer
  4 3.897057 -2.900223 27.747831 0.390544 -0.920056 0.031194 0.406250 0.320312 3 4 0.843090 3 0.090946 5 0.065964
  4 -0.447394 -2.727028 30.604988 -0.414136 -0.776966 0.474146 0.355469 0.296875 2 4 0.989712 10 0.010288
  4 -1.066275 -2.913180 27.616089 -0.380550 -0.869217 0.315665 0.351562 0.335938 3 4 0.776391 10 0.156308 3 0.067302
enforcer
  4 -1.066275 -2.913180 27.616089 -0.380550 -0.869217 0.315665 0.351562 0.335938 3 4 0.776391 10 0.156308 3 0.067302
  4 2.306307 -3.129028 24.574772 0.559901 -0.674226 0.481591 0.394531 0.367188 3 4 0.472112 3 0.466966 10 0.060922
  4 3.897057 -2.900223 27.747831 0.390544 -0.920056 0.031194 0.406250 0.320312 3 4 0.843090 3 0.090946 5 0.065964
enforcer
  4 -0.447394 -2.727028 30.604988 -0.414136 -0.776966 0.474146 0.406250 0.222656 2 4 0.989712 10 0.010288
  4 4.120000 0.000000 32.401825 0.232540 0.000305 0.972587 0.445312 0.253906 2 4 0.953546 5 0.046454
  4 -0.430000 -0.000000 32.301823 -0.384724 0.000312 0.923032 0.445312 0.199219 2 4 0.968317 5 0.031683
enforcer
  4 -2.860000 -0.000000 27.491823 -0.917854 0.000207 0.396919 0.300781 0.335938 4 4 0.632777 5 0.136161 3 0.118700 2 0.112361
  10 -2.622195 -3.488578 25.764727 -0.333183 -0.346738 0.876791 0.332031 0.367188 4 10 0.721454 4 0.107235 3 0.097640 2 0.073671
  4 -1.066275 -2.913180 27.616089 -0.380550 -0.869217 0.315665 0.351562 0.335938 3 4 0.776391 10 0.156308 3 0.067302
enforcer
  5 2.306307 3.126842 24.574772 0.635477 0.760940 0.130917 0.496094 0.367188 3 5 0.853809 3 0.075270 6 0.070921
  5 -1.370968 4.366967 27.093283 0.023108 0.963279 0.267506 0.542969 0.339844 2 5 0.976871 6 0.023129
  5 2.994370 4.240450 26.201746 0.270634 0.958084 0.093976 0.496094 0.339844 1 5 1.000000
enforcer
  6 -2.622195 3.486393 25.764727 -0.573701 0.393527 0.718334 0.269531 0.210938 4 6 0.705110 5 0.169635 3 0.063302 2 0.061953
  27 -4.184056 3.600157 28.131466 -0.417461 0.812227 0.407448 0.300781 0.226562 1 27 1.000000
  5 -1.370968 4.366967 27.093283 0.023108 0.963279 0.267506 0.269531 0.226562 2 5 0.976871 6 0.023129
enforcer
  5 -1.370968 4.366967 27.093283 0.023108 0.963279 0.267506 0.269531 0.226562 2 5 0.976871 6 0.023129
  27 -3.401939 2.946131 28.609827 0.274977 -0.349277 0.895764 0.300781 0.246094 2 27 0.955168 5 0.044832
  5 -1.066276 2.908810 27.616089 -0.324525 0.533520 0.781051 0.269531 0.246094 4 5 0.906525 4 0.069960 6 0.016520 27 0.006995
enforcer
  6 -2.622195 3.486393 25.764727 -0.573701 0.393527 0.718334 0.269531 0.261719 4 6 0.705110 5 0.169635 3 0.063302 2 0.061953
  27 -3.401939 2.946131 28.609827 0.274977 -0.349277 0.895764 0.300781 0.246094 2 27 0.955168 5 0.044832
  27 -4.744082 2.998430 27.283409 -0.682562 0.051248 -0.729029 0.300781 0.261719 2 27 0.946832 26 0.053168
enforcer
  27 -4.184056 3.600157 28.131466 -0.417461 0.812227 0.407448 0.300781 0.226562 1 27 1.000000
  26 -5.375503 1.664066 27.625025 0.076167 0.242058 -0.967268 0.332031 0.210938 3 26 0.935223 25 0.048014 27 0.016763
  26 -6.417226 1.504084 29.009846 -0.650017 0.285021 0.704444 0.332031 0.226562 2 26 0.515650 25 0.484350
enforcer
  27 -4.184056 3.600157 28.131466 -0.417461 0.812227 0.407448 0.300781 0.226562 1 27 1.000000
  26 -5.158026 0.733673 28.745766 0.590029 -0.552243 0.588978 0.332031 0.246094 2 26 0.507315 25 0.492685
  27 -3.401939 2.946131 28.609827 0.274977 -0.349277 0.895764 0.300781 0.246094 2 27 0.955168 5 0.044832
enforcer
  27 -3.401939 2.946131 28.609827 0.274977 -0.349277 0.895764 0.300781 0.246094 2 27 0.955168 5 0.044832
  26 -5.375503 1.664066 27.625025 0.076167 0.242058 -0.967268 0.332031 0.261719 3 26 0.935223 25 0.048014 27 0.016763
  27 -4.744082 2.998430 27.283409 -0.682562 0.051248 -0.729029 0.300781 0.261719 2 27 0.946832 26 0.053168
enforcer
  25 -5.916665 0.842880 26.900654 0.436105 0.810731 -0.390548 0.359375 0.261719 3 25 0.868779 24 0.069145 26 0.062077
  26 -5.158026 0.733673 28.745766 0.590029 -0.552243 0.588978 0.332031 0.246094 2 26 0.507315 25 0.492685
  24 -5.916665 -1.168174 26.900654 0.357290 -0.888447 0.288107 0.359375 0.246094 2 24 0.501167 25 0.498833
enforcer
  24 -7.658288 -0.162647 26.900654 -0.965821 -0.115144 0.232232 0.359375 0.226562 2 24 0.501316 25 0.498684
  26 -5.158026 0.733673 28.745766 0.590029 -0.552243 0.588978 0.332031 0.246094 2 26 0.507315 25 0.492685
  26 -6.417226 1.504084 29.009846 -0.650017 0.285021 0.704444 0.332031 0.226562 2 26 0.515650 25 0.484350
enforcer
  25 -5.916665 0.842880 26.900654 0.436105 0.810731 -0.390548 0.359375 0.210938 3 25 0.868779 24 0.069145 26 0.062077
  26 -6.417226 1.504084 29.009846 -0.650017 0.285021 0.704444 0.332031 0.226562 2 26 0.515650 25 0.484350
  26 -5.375503 1.664066 27.625025 0.076167 0.242058 -0.967268 0.332031 0.210938 3 26 0.935223 25 0.048014 27 0.016763
enforcer
  33 -3.393041 -1.270838 -10.462536 -0.649659 0.637910 0.413537 0.632812 0.363281 2 33 0.958811 34 0.041189
  33 -3.299984 -8.472452 -10.444221 -0.666472 -0.608435 0.430838 0.632812 0.429688 2 33 0.946846 34 0.053154
  33 -1.836733 -7.126269 -9.970974 -0.521565 -0.437149 0.732715 0.609375 0.417969 2 33 0.961621 32 0.038379
enforcer
  33 -3.393041 -1.270838 -10.462536 -0.649659 0.637910 0.413537 0.632812 0.363281 2 33 0.958811 34 0.041189
  33 -1.872568 -2.583819 -9.918324 -0.564563 0.494271 0.661033 0.609375 0.351562 1 33 1.000000
  33 1.277382 -1.824183 -10.403748 0.234822 0.687351 0.687319 0.609375 0.320312 1 33 1.000000
enforcer
  34 -2.060709 -3.072992 -19.226505 -0.697799 0.712008 -0.078240 0.734375 0.363281 2 34 0.521686 33 0.478314
  34 3.725149 -3.054593 -21.251202 0.310456 0.767464 0.560906 0.765625 0.292969 2 34 0.923797 35 0.076203
  34 1.747537 -3.021569 -23.781754 0.000557 0.706610 -0.707604 0.796875 0.292969 2 34 0.944993 35 0.055007
enforcer
  34 2.116760 -7.094371 -18.829296 0.628700 -0.774575 0.069071 0.113281 0.683594 2 34 0.911598 33 0.088402
  34 3.312435 -7.506778 -21.194454 0.297884 -0.786169 0.541483 0.113281 0.726562 2 34 0.889828 35 0.110172
  34 3.725149 -3.054593 -21.251202 0.310456 0.767464 0.560906 0.160156 0.726562 2 34 0.923797 35 0.076203
enforcer
  35 6.824385 -7.788773 -22.425030 0.375365 -0.616679 0.691960 0.101562 0.773438 2 35 0.856233 34 0.143767
  35 8.471174 -2.782890 -22.198338 0.510695 0.442156 0.737353 0.171875 0.773438 2 35 0.847463 34 0.152537
  34 3.725149 -3.054593 -21.251202 0.310456 0.767464 0.560906 0.160156 0.726562 2 34 0.923797 35 0.076203
enforcer
  35 9.257555 -2.264929 -23.887814 0.685222 0.612622 -0.393910 0.796875 0.234375 2 35 0.945811 34 0.054189
  34 1.747537 -3.021569 -23.781754 0.000557 0.706610 -0.707604 0.796875 0.292969 2 34 0.944993 35 0.055007
  34 3.725149 -3.054593 -21.251202 0.310456 0.767464 0.560906 0.765625 0.292969 2 34 0.923797 35 0.076203
enforcer
  34 -2.060709 -3.072992 -19.226505 -0.697799 0.712008 -0.078240 0.734375 0.363281 2 34 0.521686 33 0.478314
  34 -2.477427 -2.493608 -23.791290 -0.562500 0.648967 -0.512285 0.796875 0.359375 2 34 0.879207 33 0.120793
  34 -2.488670 -7.065209 -23.827377 -0.632031 -0.545139 -0.550782 0.796875 0.433594 3 34 0.827114 33 0.110933 35 0.061953
enforcer
  35 6.824385 -7.788773 -22.425030 0.375365 -0.616679 0.691960 0.773438 0.542969 2 35 0.856233 34 0.143767
  34 3.312435 -7.506778 -21.194454 0.297884 -0.786169 0.541483 0.765625 0.500000 2 34 0.889828 35 0.110172
  34 2.836195 -7.978594 -23.781200 -0.094935 -0.786880 -0.609760 0.796875 0.500000 2 34 0.548510 35 0.451490
enforcer
  34 3.312435 -7.506778 -21.194454 0.297884 -0.786169 0.541483 0.765625 0.500000 2 34 0.889828 35 0.110172
  34 -2.071953 -6.912805 -19.228184 -0.731151 -0.678357 -0.072455 0.734375 0.429688 2 34 0.517872 33 0.482128
  34 -2.488670 -7.065209 -23.827377 -0.632031 -0.545139 -0.550782 0.796875 0.433594 3 34 0.827114 33 0.110933 35 0.061953
enforcer
  12 -2.165793 -19.298479 18.920837 -0.756362 0.191617 -0.625460 0.242188 0.199219 3 12 0.880168 11 0.112049 13 0.007783
  12 2.006934 -19.082270 18.587624 0.456323 0.316822 -0.831500 0.242188 0.152344 2 12 0.967075 11 0.032925
  13 1.643746 -26.568699 20.083282 0.439764 0.197351 -0.876162 0.117188 0.148438 2 13 0.511752 12 0.488248
enforcer
  12 3.200675 -18.858303 21.146564 0.926119 0.372749 -0.057979 0.242188 0.117188 3 12 0.989128 13 0.010456 11 0.000416
  12 2.006934 -19.082270 18.587624 0.456323 0.316822 -0.831500 0.242188 0.152344 2 12 0.967075 11 0.032925
  12 1.790502 -18.655521 19.200684 0.441274 0.548381 -0.710321 0.257812 0.156250 2 12 0.917535 11 0.082465
enforcer
  12 -1.699854 -19.392944 22.642056 -0.744441 0.206963 0.634803 0.242188 0.058594 3 12 0.911987 11 0.060408 13 0.027605
  12 -2.165793 -19.298479 18.920837 -0.756362 0.191617 -0.625460 0.242188 0.019531 3 12 0.880168 11 0.112049 13 0.007783
  13 -0.695139 -26.732119 20.229454 -0.727686 0.107498 -0.677434 0.117188 0.019531 2 13 0.530044 12 0.469956
enforcer
  11 -1.829638 -16.906773 21.983379 -0.788525 -0.167448 0.591768 0.289062 0.050781 2 11 0.813972 12 0.186028
  11 -1.854579 -17.145203 19.561718 -0.764385 -0.089184 -0.638562 0.289062 0.015625 2 11 0.811477 12 0.188523
  12 -1.734993 -18.633480 19.341793 -0.687898 0.446012 -0.572599 0.265625 0.015625 2 12 0.756261 11 0.243739
enforcer
  12 1.601907 -18.066074 22.685478 0.308615 0.534077 0.787095 0.257812 0.085938 2 12 0.914118 11 0.085882
  12 2.268951 -18.619768 23.531910 0.430359 0.430970 0.793130 0.242188 0.093750 3 12 0.969258 11 0.018889 13 0.011854
  12 3.200675 -18.858303 21.146564 0.926119 0.372749 -0.057979 0.242188 0.117188 3 12 0.989128 13 0.010456 11 0.000416
enforcer
  10 -3.404462 -10.887393 24.604591 -0.455170 -0.735346 0.502082 0.234375 0.531250 2 10 0.898135 11 0.101865
  10 -2.268556 -10.277255 22.991409 -0.361312 -0.932212 -0.020850 0.242188 0.554688 2 10 0.721392 11 0.278608
  11 0.929018 -10.194957 22.427437 0.444724 -0.849814 0.282907 0.281250 0.546875 2 11 0.751496 10 0.248504
enforcer
  1 -2.944528 -5.484392 11.249552 -0.268113 -0.875268 -0.402518 0.976562 0.113281 4 1 0.700338 32 0.151431 10 0.086296 16 0.061936
  1 -3.138560 -0.000000 11.833405 -0.693542 -0.000000 -0.720416 0.906250 0.109375 4 1 0.756097 0 0.121139 16 0.114184 28 0.008580
  0 -3.882999 -0.000000 4.343140 -0.997478 0.001717 -0.070962 0.906250 0.203125 3 0 0.949981 32 0.025126 28 0.024893
enforcer
  35 7.344021 -8.362324 -23.898624 0.454435 -0.780924 -0.428540 0.734375 0.296875 2 35 0.904869 34 0.095131
  34 2.836195 -7.978594 -23.781200 -0.094935 -0.786880 -0.609760 0.679688 0.296875 2 34 0.548510 35 0.451490
  34 1.747537 -3.021569 -23.781754 0.000557 0.706610 -0.707604 0.652344 0.238281 2 34 0.944993 35 0.055007
enforcer
  34 1.747537 -3.021569 -23.781754 0.000557 0.706610 -0.707604 0.652344 0.238281 2 34 0.944993 35 0.055007
  34 2.836195 -7.978594 -23.781200 -0.094935 -0.786880 -0.609760 0.679688 0.296875 2 34 0.548510 35 0.451490
  34 -2.488670 -7.065209 -23.827377 -0.632031 -0.545139 -0.550782 0.609375 0.296875 3 34 0.827114 33 0.110933 35 0.061953
enforcer
  13 2.234333 -26.569456 22.384266 0.594122 0.411655 0.691057 0.117188 0.085938 2 13 0.919716 12 0.080284
  13 -0.277456 -26.784813 22.485699 -0.532031 0.086442 0.842301 0.117188 0.058594 2 13 0.914002 12 0.085998
  13 -0.910964 -27.855911 22.575413 -0.671979 0.229199 0.704211 0.093750 0.058594 2 13 0.873847 12 0.126153
enforcer
  13 -0.695139 -26.732119 20.229454 -0.727686 0.107498 -0.677434 0.117188 0.019531 2 13 0.530044 12 0.469956
  13 -1.603648 -28.314354 20.068493 -0.824769 0.108034 -0.555055 0.093750 0.019531 2 13 0.716394 12 0.283606
  13 -0.910964 -27.855911 22.575413 -0.671979 0.229199 0.704211 0.093750 0.058594 2 13 0.873847 12 0.126153
enforcer
  13 1.643746 -26.568699 20.083282 0.439764 0.197351 -0.876162 0.117188 0.148438 2 13 0.511752 12 0.488248
  13 3.812202 -28.538830 19.453335 0.638309 0.223667 -0.736570 0.093750 0.148438 2 13 0.770137 12 0.229863
  13 -1.603648 -28.314354 20.068493 -0.824769 0.108034 -0.555055 0.093750 0.195312 2 13 0.716394 12 0.283606
enforcer
  13 2.234333 -26.569456 22.384266 0.594122 0.411655 0.691057 0.117188 0.085938 2 13 0.919716 12 0.080284
  13 3.793228 -27.521240 22.931225 0.656443 0.456209 0.600796 0.093750 0.097656 2 13 0.898556 12 0.101444
  13 3.812202 -28.538830 19.453335 0.638309 0.223667 -0.736570 0.093750 0.148438 2 13 0.770137 12 0.229863
enforcer
  13 -1.603648 -28.314354 20.068493 -0.824769 0.108034 -0.555055 0.093750 0.019531 2 13 0.716394 12 0.283606
  13 -0.836504 -32.159489 20.713501 -0.620885 -0.659773 -0.423321 0.042969 0.011719 2 13 0.970428 12 0.029572
  13 -0.597333 -31.849098 22.785614 -0.529284 -0.511514 0.676913 0.042969 0.054688 1 13 1.000000
enforcer
  13 3.812202 -28.538830 19.453335 0.638309 0.223667 -0.736570 0.093750 0.148438 2 13 0.770137 12 0.229863
  13 3.639363 -32.814964 20.244923 0.471454 -0.700411 -0.535870 0.042969 0.156250 3 13 0.973063 14 0.015640 12 0.011296
  13 -0.836504 -32.159489 20.713501 -0.620885 -0.659773 -0.423321 0.042969 0.203125 2 13 0.970428 12 0.029572
enforcer
  13 3.812202 -28.538830 19.453335 0.638309 0.223667 -0.736570 0.093750 0.148438 2 13 0.770137 12 0.229863
  13 3.793228 -27.521240 22.931225 0.656443 0.456209 0.600796 0.093750 0.097656 2 13 0.898556 12 0.101444
  13 3.822431 -32.619499 22.434982 0.577341 -0.621358 0.529709 0.042969 0.121094 2 13 0.999176 14 0.000824
enforcer
  13 3.793228 -27.521240 22.931225 0.656443 0.456209 0.600796 0.093750 0.097656 2 13 0.898556 12 0.101444
  13 -0.910964 -27.855911 22.575413 -0.671979 0.229199 0.704211 0.093750 0.058594 2 13 0.873847 12 0.126153
  13 -0.597333 -31.849098 22.785614 -0.529284 -0.511514 0.676913 0.042969 0.054688 1 13 1.000000
enforcer
  13 -0.836504 -32.159489 20.713501 -0.620885 -0.659773 -0.423321 0.007812 0.054688 2 13 0.970428 12 0.029572
  13 3.639363 -32.814964 20.244923 0.471454 -0.700411 -0.535870 0.007812 0.121094 3 13 0.973063 14 0.015640 12 0.011296
  13 3.822431 -32.619499 22.434982 0.577341 -0.621358 0.529709 0.042969 0.121094 2 13 0.999176 14 0.000824
enforcer
  1 -7.545147 -5.484392 11.046570 -0.612274 -0.399275 -0.682423 0.222656 0.441406 4 1 0.439847 16 0.307264 10 0.147704 2 0.105185
  16 -8.309303 -0.000000 11.615009 -0.727290 -0.000000 -0.686330 0.148438 0.441406 4 16 0.606180 1 0.264983 6 0.066601 10 0.062236
  1 -3.138560 -0.000000 11.833405 -0.693542 -0.000000 -0.720416 0.148438 0.503906 4 1 0.756097 0 0.121139 16 0.114184 28 0.008580
enforcer
  3 -3.408141 -0.000000 25.700825 -0.599581 0.000034 0.800314 0.148438 0.210938 4 3 0.345769 2 0.344848 10 0.156789 6 0.152594
  6 -8.964494 -0.000000 25.461319 -0.730471 -0.000000 0.682943 0.148438 0.269531 4 6 0.371410 10 0.338516 2 0.160686 3 0.129388
  10 -8.181496 -5.980278 24.506126 -0.671843 -0.502747 0.543942 0.222656 0.269531 4 10 0.684980 24 0.142152 6 0.092165 2 0.080703
enforcer
  10 -8.181496 -5.980278 24.506126 -0.671843 -0.502747 0.543942 0.222656 0.269531 4 10 0.684980 24 0.142152 6 0.092165 2 0.080703
  6 -8.964494 -0.000000 25.461319 -0.730471 -0.000000 0.682943 0.148438 0.269531 4 6 0.371410 10 0.338516 2 0.160686 3 0.129388
  16 -8.309303 -0.000000 11.615009 -0.727290 -0.000000 -0.686330 0.148438 0.441406 4 16 0.606180 1 0.264983 6 0.066601 10 0.062236
enforcer
  1 -7.545147 -5.484392 11.046570 -0.612274 -0.399275 -0.682423 0.222656 0.441406 4 1 0.439847 16 0.307264 10 0.147704 2 0.105185
  1 -5.131316 -6.804169 11.237387 0.046463 -0.800424 -0.597631 0.253906 0.441406 4 1 0.517657 16 0.190320 10 0.153609 2 0.138414
  10 -5.915519 -7.300056 24.225712 -0.029354 -0.881328 0.471593 0.257812 0.269531 4 10 0.565742 24 0.292583 2 0.097440 6 0.044234
enforcer
  12 -1.734993 -18.633480 19.341793 -0.687898 0.446012 -0.572599 0.257812 0.011719 2 12 0.756261 11 0.243739
  12 -2.165793 -19.298479 18.920837 -0.756362 0.191617 -0.625460 0.242188 0.019531 3 12 0.880168 11 0.112049 13 0.007783
  12 -1.699854 -19.392944 22.642056 -0.744441 0.206963 0.634803 0.242188 0.058594 3 12 0.911987 11 0.060408 13 0.027605
enforcer
  12 2.268951 -18.619768 23.531910 0.430359 0.430970 0.793130 0.242188 0.093750 3 12 0.969258 11 0.018889 13 0.011854
  12 1.601907 -18.066074 22.685478 0.308615 0.534077 0.787095 0.257812 0.085938 2 12 0.914118 11 0.085882
  12 -1.328778 -18.790993 22.328968 -0.648564 0.409187 0.641818 0.257812 0.058594 2 12 0.843999 11 0.156001
enforcer
  12 2.006934 -19.082270 18.587624 0.456323 0.316822 -0.831500 0.242188 0.152344 2 12 0.967075 11 0.032925
  12 -2.165793 -19.298479 18.920837 -0.756362 0.191617 -0.625460 0.242188 0.199219 3 12 0.880168 11 0.112049 13 0.007783
  12 -1.734993 -18.633480 19.341793 -0.687898 0.446012 -0.572599 0.257812 0.207031 2 12 0.756261 11 0.243739
enforcer
  29 -3.393041 1.270838 -10.462536 -0.649659 -0.637910 0.413537 0.968750 0.429688 2 29 0.960029 30 0.039971
  29 -1.872568 2.583819 -9.918324 -0.564149 -0.490498 0.664189 0.988281 0.417969 1 29 1.000000
  29 -1.836733 7.126269 -9.970974 -0.521277 0.433945 0.734821 0.988281 0.371094 2 29 0.953403 28 0.046597
enforcer
  29 -3.393041 1.270838 -10.462536 -0.649659 -0.637910 0.413537 0.968750 0.429688 2 29 0.960029 30 0.039971
  29 2.352271 1.023620 -10.651379 0.470502 -0.763768 0.441913 0.968750 0.488281 2 29 0.955483 30 0.044517
  29 1.277382 1.824183 -10.403748 0.234822 -0.687350 0.687319 0.988281 0.472656 1 29 1.000000
enforcer
  30 1.747537 3.021569 -23.781754 0.000558 -0.706609 -0.707604 0.804688 0.500000 2 30 0.944993 31 0.055007
  30 3.725149 3.054593 -21.251202 0.310456 -0.767464 0.560906 0.835938 0.500000 2 30 0.923797 31 0.076203
  30 -2.060709 3.072992 -19.226505 -0.697799 -0.712008 -0.078240 0.859375 0.429688 2 30 0.521662 29 0.478338
enforcer
  30 3.725149 3.054593 -21.251202 0.310456 -0.767464 0.560906 0.828125 0.902344 2 30 0.923797 31 0.076203
  30 3.312435 7.506778 -21.194454 0.297884 0.786169 0.541483 0.828125 0.949219 2 30 0.889828 31 0.110172
  30 2.116760 7.094371 -18.829296 0.628700 0.774575 0.069071 0.871094 0.949219 2 30 0.911618 29 0.088382
enforcer
  30 3.725149 3.054593 -21.251202 0.310456 -0.767464 0.560906 0.828125 0.902344 2 30 0.923797 31 0.076203
  31 8.471174 2.782891 -22.198338 0.510695 -0.442156 0.737352 0.781250 0.890625 2 31 0.847463 30 0.152537
  31 6.824384 7.788774 -22.425030 0.375365 0.616679 0.691960 0.781250 0.960938 2 31 0.856233 30 0.143767
enforcer
  31 9.257555 2.264930 -23.887814 0.685222 -0.612622 -0.393910 0.804688 0.558594 2 31 0.945811 30 0.054189
  31 8.471174 2.782891 -22.198338 0.510695 -0.442156 0.737352 0.824219 0.542969 2 31 0.847463 30 0.152537
  30 3.725149 3.054593 -21.251202 0.310456 -0.767464 0.560906 0.835938 0.500000 2 30 0.923797 31 0.076203
enforcer
  30 -2.488671 7.065209 -23.827377 -0.632031 0.545139 -0.550782 0.804688 0.359375 3 30 0.827118 29 0.110929 31 0.061953
  30 -2.477427 2.493608 -23.791290 -0.562500 -0.648967 -0.512285 0.804688 0.433594 2 30 0.879201 29 0.120799
  30 -2.060709 3.072992 -19.226505 -0.697799 -0.712008 -0.078240 0.859375 0.429688 2 30 0.521662 29 0.478338
enforcer
  30 2.836195 7.978594 -23.781200 -0.094936 0.786880 -0.609759 0.804688 0.292969 2 30 0.548510 31 0.451490
  30 3.312435 7.506778 -21.194454 0.297884 0.786169 0.541483 0.835938 0.292969 2 30 0.889828 31 0.110172
  31 6.824384 7.788774 -22.425030 0.375365 0.616679 0.691960 0.824219 0.246094 2 31 0.856233 30 0.143767
enforcer
  30 3.312435 7.506778 -21.194454 0.297884 0.786169 0.541483 0.835938 0.292969 2 30 0.889828 31 0.110172
  30 2.836195 7.978594 -23.781200 -0.094936 0.786880 -0.609759 0.804688 0.292969 2 30 0.548510 31 0.451490
  30 -2.488671 7.065209 -23.827377 -0.632031 0.545139 -0.550782 0.804688 0.359375 3 30 0.827118 29 0.110929 31 0.061953
enforcer
  9 1.643743 26.568699 20.083282 0.439764 -0.197351 -0.876162 0.687500 0.148438 2 9 0.514422 8 0.485578
  8 2.006932 19.082270 18.587624 0.456324 -0.316822 -0.831500 0.562500 0.152344 2 8 0.967071 7 0.032929
  8 -2.165795 19.298479 18.920837 -0.756362 -0.191617 -0.625460 0.562500 0.199219 3 8 0.879279 7 0.111993 9 0.008727
enforcer
  8 3.200673 18.858303 21.146564 0.926119 -0.372750 -0.057980 0.562500 0.117188 3 8 0.988573 9 0.011014 7 0.000413
  8 2.540497 18.409563 21.053902 0.867038 -0.497095 -0.033791 0.546875 0.117188 2 8 0.941410 7 0.058590
  8 1.790501 18.655521 19.200684 0.441275 -0.548381 -0.710321 0.546875 0.156250 2 8 0.917528 7 0.082472
enforcer
  9 -0.695141 26.732119 20.229454 -0.727686 -0.107498 -0.677434 0.687500 0.019531 2 9 0.539298 8 0.460702
  8 -2.165795 19.298479 18.920837 -0.756362 -0.191617 -0.625460 0.562500 0.019531 3 8 0.879279 7 0.111993 9 0.008727
  8 -1.699856 19.392944 22.642056 -0.744441 -0.206963 0.634803 0.562500 0.058594 3 8 0.910911 7 0.060370 9 0.028719
enforcer
  8 -1.734995 18.633480 19.341793 -0.687898 -0.446012 -0.572599 0.539062 0.015625 2 8 0.756201 7 0.243799
  7 -1.854581 17.145203 19.561718 -0.764385 0.089184 -0.638562 0.515625 0.015625 2 7 0.811519 8 0.188481
  7 -1.829639 16.906773 21.983379 -0.788525 0.167448 0.591768 0.515625 0.050781 2 7 0.814012 8 0.185988
enforcer
  8 3.200673 18.858303 21.146564 0.926119 -0.372750 -0.057980 0.562500 0.117188 3 8 0.988573 9 0.011014 7 0.000413
  8 2.268950 18.619768 23.531910 0.430360 -0.430970 0.793130 0.562500 0.093750 3 8 0.968652 7 0.018880 9 0.012468
  8 1.601905 18.066074 22.685478 0.308616 -0.534076 0.787095 0.546875 0.085938 2 8 0.914112 7 0.085888
enforcer
  6 -3.404463 10.887393 24.604591 -0.455163 0.735339 0.502099 0.656250 0.531250 3 6 0.879528 7 0.099906 5 0.020566
  6 2.973524 10.880671 23.576771 0.410429 0.828589 0.380773 0.597656 0.523438 3 6 0.672491 7 0.258135 5 0.069374
  7 0.929018 10.194957 22.427437 0.444724 0.849814 0.282907 0.609375 0.546875 2 7 0.751285 6 0.248715
enforcer
  0 -3.882999 -0.000000 4.343140 -0.997478 0.001717 -0.070962 0.906250 0.203125 3 0 0.949981 32 0.025126 28 0.024893
  1 -3.138560 -0.000000 11.833405 -0.693542 -0.000000 -0.720416 0.906250 0.109375 4 1 0.756097 0 0.121139 16 0.114184 28 0.008580
  1 -2.944529 5.484392 11.249552 -0.268113 0.875268 -0.402518 0.835938 0.113281 4 1 0.697636 28 0.152086 6 0.088528 16 0.061750
enforcer
  30 1.747537 3.021569 -23.781754 0.000558 -0.706609 -0.707604 0.945312 0.238281 2 30 0.944993 31 0.055007
  30 2.836195 7.978594 -23.781200 -0.094936 0.786880 -0.609759 0.917969 0.296875 2 30 0.548510 31 0.451490
  31 7.344020 8.362324 -23.898624 0.454435 0.780924 -0.428540 0.867188 0.296875 2 31 0.904869 30 0.095131
enforcer
  30 -2.488671 7.065209 -23.827377 -0.632031 0.545139 -0.550782 0.988281 0.296875 3 30 0.827118 29 0.110929 31 0.061953
  30 2.836195 7.978594 -23.781200 -0.094936 0.786880 -0.609759 0.917969 0.296875 2 30 0.548510 31 0.451490
  30 1.747537 3.021569 -23.781754 0.000558 -0.706609 -0.707604 0.945312 0.238281 2 30 0.944993 31 0.055007
enforcer
  9 2.234331 26.569456 22.384266 0.594122 -0.411654 0.691057 0.687500 0.085938 2 9 0.928889 8 0.071111
  9 3.793226 27.521240 22.931225 0.656443 -0.456209 0.600796 0.710938 0.097656 2 9 0.985695 8 0.014305
  9 -0.910966 27.855911 22.575413 -0.671979 -0.229198 0.704211 0.710938 0.058594 2 9 0.969988 8 0.030012
enforcer
  9 -0.910966 27.855911 22.575413 -0.671979 -0.229198 0.704211 0.710938 0.058594 2 9 0.969988 8 0.030012
  9 -1.603650 28.314354 20.068493 -0.824769 -0.108034 -0.555054 0.710938 0.019531 2 9 0.880117 8 0.119883
  9 -0.695141 26.732119 20.229454 -0.727686 -0.107498 -0.677434 0.687500 0.019531 2 9 0.539298 8 0.460702
enforcer
  9 -1.603650 28.314354 20.068493 -0.824769 -0.108034 -0.555054 0.710938 0.195312 2 9 0.880117 8 0.119883
  9 3.812199 28.538830 19.453335 0.638309 -0.223666 -0.736569 0.710938 0.148438 2 9 0.919127 8 0.080873
  9 1.643743 26.568699 20.083282 0.439764 -0.197351 -0.876162 0.687500 0.148438 2 9 0.514422 8 0.485578
enforcer
  9 3.812199 28.538830 19.453335 0.638309 -0.223666 -0.736569 0.710938 0.148438 2 9 0.919127 8 0.080873
  9 3.793226 27.521240 22.931225 0.656443 -0.456209 0.600796 0.710938 0.097656 2 9 0.985695 8 0.014305
  9 2.234331 26.569456 22.384266 0.594122 -0.411654 0.691057 0.687500 0.085938 2 9 0.928889 8 0.071111
enforcer
  9 -0.597336 31.849098 22.785614 -0.529284 0.511514 0.676913 0.761719 0.054688 1 9 1.000000
  9 -0.836507 32.159489 20.713501 -0.620885 0.659773 -0.423321 0.761719 0.011719 1 9 1.000000
  9 -1.603650 28.314354 20.068493 -0.824769 -0.108034 -0.555054 0.710938 0.019531 2 9 0.880117 8 0.119883
enforcer
  9 -0.836507 32.159489 20.713501 -0.620885 0.659773 -0.423321 0.761719 0.203125 1 9 1.000000
  9 3.639360 32.814964 20.244923 0.471454 0.700411 -0.535870 0.761719 0.156250 1 9 1.000000
  9 3.812199 28.538830 19.453335 0.638309 -0.223666 -0.736569 0.710938 0.148438 2 9 0.919127 8 0.080873
enforcer
  9 3.812199 28.538830 19.453335 0.638309 -0.223666 -0.736569 0.710938 0.148438 2 9 0.919127 8 0.080873
  9 3.639360 32.814964 20.244923 0.471454 0.700411 -0.535870 0.761719 0.156250 1 9 1.000000
  9 3.822428 32.619499 22.434982 0.577341 0.621358 0.529709 0.761719 0.121094 1 9 1.000000
enforcer
  9 3.793226 27.521240 22.931225 0.656443 -0.456209 0.600796 0.710938 0.097656 2 9 0.985695 8 0.014305
  9 3.822428 32.619499 22.434982 0.577341 0.621358 0.529709 0.761719 0.121094 1 9 1.000000
  9 -0.597336 31.849098 22.785614 -0.529284 0.511514 0.676913 0.761719 0.054688 1 9 1.000000
enforcer
  9 -0.836507 32.159489 20.713501 -0.620885 0.659773 -0.423321 0.796875 0.054688 1 9 1.000000
  9 -0.597336 31.849098 22.785614 -0.529284 0.511514 0.676913 0.761719 0.054688 1 9 1.000000
  9 3.822428 32.619499 22.434982 0.577341 0.621358 0.529709 0.761719 0.121094 1 9 1.000000
enforcer
  1 -7.545147 5.484391 11.046570 -0.612274 0.399275 -0.682423 0.070312 0.441406 4 1 0.436588 16 0.305080 6 0.153271 2 0.105062
  1 -2.944529 5.484392 11.249552 -0.268113 0.875268 -0.402518 0.070312 0.503906 4 1 0.697636 28 0.152086 6 0.088528 16 0.061750
  1 -3.138560 -0.000000 11.833405 -0.693542 -0.000000 -0.720416 0.148438 0.503906 4 1 0.756097 0 0.121139 16 0.114184 28 0.008580
enforcer
  3 -3.408141 -0.000000 25.700825 -0.599581 0.000034 0.800314 0.148438 0.210938 4 3 0.345769 2 0.344848 10 0.156789 6 0.152594
  6 -3.580876 5.980278 24.709106 -0.692436 0.306296 0.653235 0.070312 0.210938 4 6 0.806985 2 0.082156 3 0.069306 7 0.041553
  6 -8.181496 5.980277 24.506126 -0.671843 0.502747 0.543942 0.070312 0.269531 4 6 0.769209 2 0.093941 10 0.091221 3 0.045628
enforcer
  16 -8.309303 -0.000000 11.615009 -0.727290 -0.000000 -0.686330 0.148438 0.441406 4 16 0.606180 1 0.264983 6 0.066601 10 0.062236
  6 -8.964494 -0.000000 25.461319 -0.730471 -0.000000 0.682943 0.148438 0.269531 4 6 0.371410 10 0.338516 2 0.160686 3 0.129388
  6 -8.181496 5.980277 24.506126 -0.671843 0.502747 0.543942 0.070312 0.269531 4 6 0.769209 2 0.093941 10 0.091221 3 0.045628
enforcer
  1 -7.545147 5.484391 11.046570 -0.612274 0.399275 -0.682423 0.070312 0.441406 4 1 0.436588 16 0.305080 6 0.153271 2 0.105062
  6 -8.181496 5.980277 24.506126 -0.671843 0.502747 0.543942 0.070312 0.269531 4 6 0.769209 2 0.093941 10 0.091221 3 0.045628
  6 -5.915520 7.300055 24.225712 -0.029354 0.881328 0.471593 0.042969 0.269531 4 6 0.749296 2 0.128003 10 0.063023 7 0.059678
enforcer
  29 -1.872568 2.583819 -9.918324 -0.564149 -0.490498 0.664189 0.742188 0.992188 1 29 1.000000
  0 -3.882999 -0.000000 4.343140 -0.997478 0.001717 -0.070962 0.742188 0.808594 3 0 0.949981 32 0.025126 28 0.024893
  28 -3.733485 7.215869 5.286674 -0.703222 0.697994 0.135217 0.679688 0.796875 3 28 0.801294 0 0.127810 1 0.070895
enforcer
  8 -1.699856 19.392944 22.642056 -0.744441 -0.206963 0.634803 0.562500 0.058594 3 8 0.910911 7 0.060370 9 0.028719
  8 -2.165795 19.298479 18.920837 -0.756362 -0.191617 -0.625460 0.562500 0.019531 3 8 0.879279 7 0.111993 9 0.008727
  8 -1.734995 18.633480 19.341793 -0.687898 -0.446012 -0.572599 0.546875 0.011719 2 8 0.756201 7 0.243799
enforcer
  8 -1.328780 18.790993 22.328968 -0.648565 -0.409187 0.641818 0.546875 0.058594 2 8 0.843955 7 0.156045
  8 1.601905 18.066074 22.685478 0.308616 -0.534076 0.787095 0.546875 0.085938 2 8 0.914112 7 0.085888
  8 2.268950 18.619768 23.531910 0.430360 -0.430970 0.793130 0.562500 0.093750 3 8 0.968652 7 0.018880 9 0.012468
enforcer
  8 2.006932 19.082270 18.587624 0.456324 -0.316822 -0.831500 0.562500 0.152344 2 8 0.967071 7 0.032929
  8 1.790501 18.655521 19.200684 0.441275 -0.548381 -0.710321 0.546875 0.156250 2 8 0.917528 7 0.082472
  8 -1.734995 18.633480 19.341793 -0.687898 -0.446012 -0.572599 0.546875 0.207031 2 8 0.756201 7 0.243799
enforcer
  23 -1.462834 -28.253693 20.457869 0.420089 0.665742 -0.616696 0.968750 0.855469 1 23 1.000000
  14 3.840024 -32.195557 20.457867 -0.446986 -0.263649 -0.854806 0.910156 0.789062 2 14 0.914665 23 0.085335
  23 -1.462834 -30.367649 21.329145 -0.532805 -0.839562 0.106087 0.933594 0.855469 2 23 0.813304 14 0.186696
enforcer
  14 3.840024 -32.195557 20.457867 -0.446986 -0.263649 -0.854806 0.921875 0.523438 2 14 0.914665 23 0.085335
  14 3.840024 -32.195557 22.200422 -0.446996 -0.263648 0.854801 0.921875 0.500000 2 14 0.919897 23 0.080103
  23 -1.462834 -30.367649 21.329145 -0.532805 -0.839562 0.106087 0.851562 0.511719 2 23 0.813304 14 0.186696
enforcer
  14 3.840024 -32.195557 22.200422 -0.446996 -0.263648 0.854801 0.910156 0.636719 2 14 0.919897 23 0.080103
  23 -1.462834 -28.253693 22.200422 -0.365752 0.479798 0.797508 0.968750 0.570312 2 23 0.873208 14 0.126792
  23 -1.462834 -30.367649 21.329145 -0.532805 -0.839562 0.106087 0.933594 0.570312 2 23 0.813304 14 0.186696
enforcer
  14 8.019980 -27.438728 20.611887 0.466867 0.683715 -0.560864 0.968750 0.726562 1 14 1.000000
  14 9.217875 -32.195557 22.610537 0.700105 0.074682 0.710123 0.910156 0.703125 1 14 1.000000
  14 9.217875 -32.195557 20.047752 0.700105 0.074694 -0.710123 0.910156 0.726562 1 14 1.000000
enforcer
  14 9.217875 -32.195557 20.047752 0.700105 0.074694 -0.710123 0.910156 0.726562 1 14 1.000000
  14 8.602940 -38.726089 22.187860 0.606908 0.363169 0.706945 0.843750 0.703125 1 14 1.000000
  14 8.602940 -38.726089 20.470427 0.606913 0.363170 -0.706940 0.843750 0.726562 1 14 1.000000
enforcer
  14 3.840025 -36.095524 20.457865 -0.458756 0.272511 -0.845743 0.871094 0.789062 1 14 1.000000
  14 9.217875 -32.195557 20.047752 0.700105 0.074694 -0.710123 0.910156 0.726562 1 14 1.000000
  14 8.602940 -38.726089 20.470427 0.606913 0.363170 -0.706940 0.839844 0.734375 1 14 1.000000
enforcer
  14 3.840025 -36.095524 22.200418 -0.458746 0.272513 0.845748 0.871094 0.636719 1 14 1.000000
  14 3.840024 -32.195557 20.457867 -0.446986 -0.263649 -0.854806 0.910156 0.613281 2 14 0.914665 23 0.085335
  14 3.840025 -36.095524 20.457865 -0.458756 0.272511 -0.845743 0.871094 0.613281 1 14 1.000000
enforcer
  14 9.217875 -32.195557 22.610537 0.700105 0.074682 0.710123 0.910156 0.703125 1 14 1.000000
  14 3.840025 -36.095524 22.200418 -0.458746 0.272513 0.845748 0.871094 0.636719 1 14 1.000000
  14 8.602940 -38.726089 22.187860 0.606908 0.363169 0.706945 0.839844 0.695312 1 14 1.000000
enforcer
  14 9.217880 -48.624535 22.247948 0.587642 -0.588820 0.554949 0.714844 0.703125 1 14 1.000000
  14 3.840027 -48.624535 20.235954 -0.568741 -0.575650 -0.587503 0.687500 0.636719 1 14 1.000000
  14 9.217880 -48.624535 20.410336 0.584165 -0.583550 -0.564111 0.687500 0.703125 1 14 1.000000
enforcer
  14 9.217875 -32.195557 20.047752 0.700105 0.074694 -0.710123 0.910156 0.726562 1 14 1.000000
  14 3.840024 -32.195557 20.457867 -0.446986 -0.263649 -0.854806 0.910156 0.789062 2 14 0.914665 23 0.085335
  14 8.019980 -27.438728 20.611887 0.466867 0.683715 -0.560864 0.968750 0.738281 1 14 1.000000
enforcer
  23 -1.462834 -28.253693 20.457869 0.420089 0.665742 -0.616696 0.988281 0.570312 1 23 1.000000
  14 8.019980 -27.438728 22.046402 0.466869 0.683714 0.560863 0.968750 0.691406 1 14 1.000000
  14 8.019980 -27.438728 20.611887 0.466867 0.683715 -0.560864 0.988281 0.691406 1 14 1.000000
enforcer
  14 8.019980 -27.438728 22.046402 0.466869 0.683714 0.560863 0.968750 0.691406 1 14 1.000000
  14 3.840024 -32.195557 22.200422 -0.446996 -0.263648 0.854801 0.910156 0.636719 2 14 0.919897 23 0.080103
  14 9.217875 -32.195557 22.610537 0.700105 0.074682 0.710123 0.910156 0.703125 1 14 1.000000
enforcer
  14 9.217878 -39.535397 20.061735 0.669921 0.299973 -0.679133 0.832031 0.726562 1 14 1.000000
  14 3.840026 -39.535400 20.235952 -0.270756 -0.199014 -0.941852 0.824219 0.789062 2 14 0.978060 13 0.021940
  14 8.602940 -38.726089 20.470427 0.606913 0.363170 -0.706940 0.839844 0.734375 1 14 1.000000
enforcer
  14 3.840026 -39.535400 20.235952 -0.270756 -0.199014 -0.941852 0.824219 0.789062 2 14 0.978060 13 0.021940
  14 -1.188912 -37.929497 21.329145 -0.970723 0.240202 0.000001 0.843750 0.855469 2 14 0.868495 13 0.131505
  14 3.840025 -36.095524 20.457865 -0.458756 0.272511 -0.845743 0.871094 0.789062 1 14 1.000000
enforcer
  14 8.602940 -38.726089 22.187860 0.606908 0.363169 0.706945 0.839844 0.695312 1 14 1.000000
  14 3.840026 -39.535400 22.422335 -0.277162 -0.191526 0.941541 0.824219 0.636719 2 14 0.982489 13 0.017511
  14 9.217878 -39.535400 22.596552 0.672674 0.307892 0.672839 0.832031 0.703125 1 14 1.000000
enforcer
  14 9.217878 -39.535397 20.061735 0.669921 0.299973 -0.679133 0.832031 0.726562 1 14 1.000000
  14 8.602940 -38.726089 22.187860 0.606908 0.363169 0.706945 0.843750 0.703125 1 14 1.000000
  14 9.217878 -39.535400 22.596552 0.672674 0.307892 0.672839 0.832031 0.703125 1 14 1.000000
enforcer
  14 9.217880 -48.624535 20.410336 0.584165 -0.583550 -0.564111 0.714844 0.726562 1 14 1.000000
  14 9.217878 -39.535400 22.596552 0.672674 0.307892 0.672839 0.832031 0.703125 1 14 1.000000
  14 9.217880 -48.624535 22.247948 0.587642 -0.588820 0.554949 0.714844 0.703125 1 14 1.000000
enforcer
  14 3.840026 -39.535400 20.235952 -0.270756 -0.199014 -0.941852 0.824219 0.789062 2 14 0.978060 13 0.021940
  14 9.217880 -48.624535 20.410336 0.584165 -0.583550 -0.564111 0.714844 0.726562 1 14 1.000000
  14 3.840027 -48.624535 20.235954 -0.568741 -0.575650 -0.587503 0.714844 0.789062 1 14 1.000000
enforcer
  14 3.840026 -39.535400 22.422335 -0.277162 -0.191526 0.941541 0.789062 0.636719 2 14 0.982489 13 0.017511
  14 3.840027 -48.624535 20.235954 -0.568741 -0.575650 -0.587503 0.714844 0.609375 1 14 1.000000
  14 3.840027 -48.624535 22.422333 -0.572479 -0.581189 0.578348 0.714844 0.636719 1 14 1.000000
enforcer
  14 9.217878 -39.535400 22.596552 0.672674 0.307892 0.672839 0.832031 0.703125 1 14 1.000000
  14 3.840027 -48.624535 22.422333 -0.572479 -0.581189 0.578348 0.714844 0.636719 1 14 1.000000
  14 9.217880 -48.624535 22.247948 0.587642 -0.588820 0.554949 0.714844 0.703125 1 14 1.000000
enforcer
  14 3.840025 -36.095524 22.200418 -0.458746 0.272513 0.845748 0.851562 0.542969 1 14 1.000000
  14 3.840025 -36.095524 20.457865 -0.458756 0.272511 -0.845743 0.851562 0.523438 1 14 1.000000
  14 -1.188912 -37.929497 21.329145 -0.970723 0.240202 0.000001 0.921875 0.531250 2 14 0.868495 13 0.131505
enforcer
  14 3.840026 -39.535400 20.235952 -0.270756 -0.199014 -0.941852 0.921875 0.562500 2 14 0.978060 13 0.021940
  14 3.840026 -39.535400 22.422335 -0.277162 -0.191526 0.941541 0.921875 0.539062 2 14 0.982489 13 0.017511
  14 0.259834 -41.049419 21.329145 -0.550695 -0.834707 0.000000 0.851562 0.554688 2 14 0.810467 13 0.189533
enforcer
  14 3.840026 -39.535400 22.422335 -0.277162 -0.191526 0.941541 0.824219 0.636719 2 14 0.982489 13 0.017511
  14 -1.188912 -37.929497 21.329145 -0.970723 0.240202 0.000001 0.843750 0.570312 2 14 0.868495 13 0.131505
  14 0.259834 -41.049419 21.329145 -0.550695 -0.834707 0.000000 0.800781 0.589844 2 14 0.810467 13 0.189533
enforcer
  14 8.602940 -38.726089 20.470427 0.606913 0.363170 -0.706940 0.839844 0.734375 1 14 1.000000
  14 3.840026 -39.535400 20.235952 -0.270756 -0.199014 -0.941852 0.824219 0.789062 2 14 0.978060 13 0.021940
  14 3.840025 -36.095524 20.457865 -0.458756 0.272511 -0.845743 0.871094 0.789062 1 14 1.000000
enforcer
  14 3.840025 -36.095524 22.200418 -0.458746 0.272513 0.845748 0.871094 0.636719 1 14 1.000000
  14 3.840026 -39.535400 22.422335 -0.277162 -0.191526 0.941541 0.824219 0.636719 2 14 0.982489 13 0.017511
  14 8.602940 -38.726089 22.187860 0.606908 0.363169 0.706945 0.839844 0.695312 1 14 1.000000
enforcer
  23 -1.462834 -28.253693 22.200422 -0.365752 0.479798 0.797508 0.027344 0.574219 2 23 0.873208 14 0.126792
  23 -3.237563 -29.572332 19.713833 -0.510698 -0.831080 -0.220213 0.050781 0.597656 2 23 0.833251 22 0.166749
  23 -1.462834 -30.367649 21.329145 -0.532805 -0.839562 0.106087 0.050781 0.574219 2 23 0.813304 14 0.186696
enforcer
  23 -1.462834 -28.253693 20.457869 0.420089 0.665742 -0.616696 0.007812 0.574219 1 23 1.000000
  23 -3.356467 -27.535469 20.435722 -0.482414 0.575415 0.660435 0.027344 0.597656 2 23 0.940866 22 0.059134
  23 -1.462834 -28.253693 22.200422 -0.365752 0.479798 0.797508 0.027344 0.574219 2 23 0.873208 14 0.126792
enforcer
  16 -5.213429 -5.962677 11.542496 0.684282 -0.557614 0.469920 0.027344 0.992188 2 16 0.916380 18 0.083620
  18 -5.243104 -6.100797 8.925957 0.429499 0.490579 -0.758197 0.007812 0.972656 2 18 0.500271 17 0.499729
  16 -5.243105 -4.426718 11.325703 0.424443 0.742611 -0.518051 0.007812 0.992188 3 16 0.958370 18 0.027008 17 0.014622
enforcer
  16 -5.213429 -5.962677 11.542496 0.684282 -0.557614 0.469920 0.027344 0.992188 2 16 0.916380 18 0.083620
  17 -6.752201 -6.660841 9.593395 -0.984965 0.065061 -0.160036 0.050781 0.972656 3 17 0.901275 18 0.097492 16 0.001233
  18 -5.260953 -7.201015 10.237146 0.578561 -0.371341 0.726205 0.027344 0.972656 3 18 0.909546 17 0.080550 16 0.009904
enforcer
  16 -6.752201 -5.297995 11.325703 -0.966276 0.227010 -0.121562 0.050781 0.992188 2 16 0.944158 17 0.055842
  18 -5.243104 -6.100797 8.925957 0.429499 0.490579 -0.758197 0.070312 0.972656 2 18 0.500271 17 0.499729
  17 -6.752201 -6.660841 9.593395 -0.984965 0.065061 -0.160036 0.050781 0.972656 3 17 0.901275 18 0.097492 16 0.001233
enforcer
  22 -2.297015 -28.306442 19.286963 0.789605 0.019343 -0.613310 0.070312 0.597656 2 22 0.881226 23 0.118774
  22 -4.523649 -26.078115 16.753838 -0.887717 -0.431095 -0.161602 0.050781 0.671875 2 22 0.893812 21 0.106188
  21 -3.523760 -25.409225 15.536123 0.631283 -0.460487 -0.624047 0.070312 0.671875 2 21 0.939943 22 0.060057
enforcer
  23 -3.356467 -27.535469 20.435722 -0.482414 0.575415 0.660435 0.027344 0.597656 2 23 0.940866 22 0.059134
  22 -4.523649 -26.078115 16.753838 -0.887717 -0.431095 -0.161602 0.050781 0.671875 2 22 0.893812 21 0.106188
  23 -3.237563 -29.572332 19.713833 -0.510698 -0.831080 -0.220213 0.050781 0.597656 2 23 0.833251 22 0.166749
enforcer
  22 -2.297015 -28.306442 19.286963 0.789605 0.019343 -0.613310 0.007812 0.597656 2 22 0.881226 23 0.118774
  21 -3.820750 -24.539660 17.016712 0.157857 0.758875 0.631814 0.027344 0.671875 2 21 0.933477 22 0.066523
  23 -3.356467 -27.535469 20.435722 -0.482414 0.575415 0.660435 0.027344 0.597656 2 23 0.940866 22 0.059134
enforcer
  18 -5.260953 -7.201015 10.237146 0.578561 -0.371341 0.726205 0.027344 0.972656 3 18 0.909546 17 0.080550 16 0.009904
  18 -5.071855 -11.438725 7.844522 0.440192 -0.072775 -0.894950 0.007812 0.898438 2 18 0.554576 19 0.445424
  18 -5.243104 -6.100797 8.925957 0.429499 0.490579 -0.758197 0.007812 0.972656 2 18 0.500271 17 0.499729
enforcer
  18 -5.260953 -7.201015 10.237146 0.578561 -0.371341 0.726205 0.027344 0.972656 3 18 0.909546 17 0.080550 16 0.009904
  18 -6.580951 -11.243443 8.693634 -0.988671 -0.032367 -0.146566 0.050781 0.898438 1 18 1.000000
  18 -5.089704 -11.055096 9.512613 0.581570 0.105661 0.806605 0.027344 0.898438 2 18 0.956859 19 0.043141
enforcer
  18 -5.243104 -6.100797 8.925957 0.429499 0.490579 -0.758197 0.070312 0.972656 2 18 0.500271 17 0.499729
  18 -6.580951 -11.243443 8.693634 -0.988671 -0.032367 -0.146566 0.050781 0.898438 1 18 1.000000
  17 -6.752201 -6.660841 9.593395 -0.984965 0.065061 -0.160036 0.050781 0.972656 3 17 0.901275 18 0.097492 16 0.001233
enforcer
  18 -5.089704 -11.055096 9.512613 0.581570 0.105661 0.806605 0.027344 0.898438 2 18 0.956859 19 0.043141
  19 -4.730222 -16.973166 10.058298 0.508683 -0.295446 -0.808674 0.007812 0.820312 2 19 0.932464 20 0.067536
  18 -5.071855 -11.438725 7.844522 0.440192 -0.072775 -0.894950 0.007812 0.898438 2 18 0.554576 19 0.445424
enforcer
  18 -5.089704 -11.055096 9.512613 0.581570 0.105661 0.806605 0.027344 0.898438 2 18 0.956859 19 0.043141
  19 -6.239318 -16.777884 10.907410 -0.997793 -0.061544 0.024945 0.050781 0.820312 2 19 0.941212 20 0.058788
  20 -4.748071 -16.589535 11.726389 0.496157 0.353899 0.792833 0.027344 0.820312 2 20 0.833774 19 0.166226
enforcer
  18 -6.580951 -11.243443 8.693634 -0.988671 -0.032367 -0.146566 0.050781 0.898438 1 18 1.000000
  19 -4.730222 -16.973166 10.058298 0.508683 -0.295446 -0.808674 0.070312 0.820312 2 19 0.932464 20 0.067536
  19 -6.239318 -16.777884 10.907410 -0.997793 -0.061544 0.024945 0.050781 0.820312 2 19 0.941212 20 0.058788
enforcer
  21 -3.523760 -25.409225 15.536123 0.631283 -0.460487 -0.624047 0.070312 0.671875 2 21 0.939943 22 0.060057
  21 -5.420811 -22.543003 13.493658 -0.973556 -0.226240 -0.031681 0.050781 0.746094 2 21 0.916647 20 0.083353
  20 -4.375267 -22.167994 12.191265 0.390412 -0.443054 -0.807020 0.070312 0.746094 2 20 0.902137 21 0.097863
enforcer
  21 -3.820750 -24.539660 17.016712 0.157857 0.758875 0.631814 0.027344 0.671875 2 21 0.933477 22 0.066523
  21 -5.420811 -22.543003 13.493658 -0.973556 -0.226240 -0.031681 0.050781 0.746094 2 21 0.916647 20 0.083353
  22 -4.523649 -26.078115 16.753838 -0.887717 -0.431095 -0.161602 0.050781 0.671875 2 22 0.893812 21 0.106188
enforcer
  21 -3.523760 -25.409225 15.536123 0.631283 -0.460487 -0.624047 0.007812 0.671875 2 21 0.939943 22 0.060057
  20 -4.444171 -21.141068 13.597383 0.469989 0.489004 0.734837 0.027344 0.746094 2 20 0.936193 21 0.063807
  21 -3.820750 -24.539660 17.016712 0.157857 0.758875 0.631814 0.027344 0.671875 2 21 0.933477 22 0.066523
enforcer
  19 -6.239318 -16.777884 10.907410 -0.997793 -0.061544 0.024945 0.050781 0.820312 2 19 0.941212 20 0.058788
  20 -4.444171 -21.141068 13.597383 0.469989 0.489004 0.734837 0.027344 0.746094 2 20 0.936193 21 0.063807
  20 -4.748071 -16.589535 11.726389 0.496157 0.353899 0.792833 0.027344 0.820312 2 20 0.833774 19 0.166226
enforcer
  19 -6.239318 -16.777884 10.907410 -0.997793 -0.061544 0.024945 0.050781 0.820312 2 19 0.941212 20 0.058788
  20 -4.375267 -22.167994 12.191265 0.390412 -0.443054 -0.807020 0.070312 0.746094 2 20 0.902137 21 0.097863
  21 -5.420811 -22.543003 13.493658 -0.973556 -0.226240 -0.031681 0.050781 0.746094 2 21 0.916647 20 0.083353
enforcer
  19 -4.730222 -16.973166 10.058298 0.508683 -0.295446 -0.808674 0.007812 0.820312 2 19 0.932464 20 0.067536
  20 -4.444171 -21.141068 13.597383 0.469989 0.489004 0.734837 0.027344 0.746094 2 20 0.936193 21 0.063807
  20 -4.375267 -22.167994 12.191265 0.390412 -0.443054 -0.807020 0.007812 0.746094 2 20 0.902137 21 0.097863
enforcer
  23 -1.462834 -28.253693 20.457869 0.420089 0.665742 -0.616696 0.968750 0.855469 1 23 1.000000
  14 8.019980 -27.438728 20.611887 0.466867 0.683715 -0.560864 0.968750 0.738281 1 14 1.000000
  14 3.840024 -32.195557 20.457867 -0.446986 -0.263649 -0.854806 0.910156 0.789062 2 14 0.914665 23 0.085335
enforcer
  14 3.840024 -32.195557 22.200422 -0.446996 -0.263648 0.854801 0.910156 0.636719 2 14 0.919897 23 0.080103
  14 8.019980 -27.438728 22.046402 0.466869 0.683714 0.560863 0.968750 0.691406 1 14 1.000000
  23 -1.462834 -28.253693 22.200422 -0.365752 0.479798 0.797508 0.968750 0.570312 2 23 0.873208 14 0.126792
enforcer
  14 8.019980 -27.438728 20.611887 0.466867 0.683715 -0.560864 0.968750 0.726562 1 14 1.000000
  14 8.019980 -27.438728 22.046402 0.466869 0.683714 0.560863 0.968750 0.703125 1 14 1.000000
  14 9.217875 -32.195557 22.610537 0.700105 0.074682 0.710123 0.910156 0.703125 1 14 1.000000
enforcer
  14 9.217875 -32.195557 20.047752 0.700105 0.074694 -0.710123 0.910156 0.726562 1 14 1.000000
  14 9.217875 -32.195557 22.610537 0.700105 0.074682 0.710123 0.910156 0.703125 1 14 1.000000
  14 8.602940 -38.726089 22.187860 0.606908 0.363169 0.706945 0.843750 0.703125 1 14 1.000000
enforcer
  14 3.840025 -36.095524 20.457865 -0.458756 0.272511 -0.845743 0.871094 0.789062 1 14 1.000000
  14 3.840024 -32.195557 20.457867 -0.446986 -0.263649 -0.854806 0.910156 0.789062 2 14 0.914665 23 0.085335
  14 9.217875 -32.195557 20.047752 0.700105 0.074694 -0.710123 0.910156 0.726562 1 14 1.000000
enforcer
  14 3.840025 -36.095524 22.200418 -0.458746 0.272513 0.845748 0.871094 0.636719 1 14 1.000000
  14 3.840024 -32.195557 22.200422 -0.446996 -0.263648 0.854801 0.910156 0.636719 2 14 0.919897 23 0.080103
  14 3.840024 -32.195557 20.457867 -0.446986 -0.263649 -0.854806 0.910156 0.613281 2 14 0.914665 23 0.085335
enforcer
  14 9.217875 -32.195557 22.610537 0.700105 0.074682 0.710123 0.910156 0.703125 1 14 1.000000
  14 3.840024 -32.195557 22.200422 -0.446996 -0.263648 0.854801 0.910156 0.636719 2 14 0.919897 23 0.080103
  14 3.840025 -36.095524 22.200418 -0.458746 0.272513 0.845748 0.871094 0.636719 1 14 1.000000
enforcer
  14 9.217880 -48.624535 22.247948 0.587642 -0.588820 0.554949 0.714844 0.703125 1 14 1.000000
  14 3.840027 -48.624535 22.422333 -0.572479 -0.581189 0.578348 0.714844 0.636719 1 14 1.000000
  14 3.840027 -48.624535 20.235954 -0.568741 -0.575650 -0.587503 0.687500 0.636719 1 14 1.000000
enforcer
  23 -1.462834 -28.253693 20.457869 0.420089 0.665742 -0.616696 0.988281 0.570312 1 23 1.000000
  23 -1.462834 -28.253693 22.200422 -0.365752 0.479798 0.797508 0.968750 0.570312 2 23 0.873208 14 0.126792
  14 8.019980 -27.438728 22.046402 0.466869 0.683714 0.560863 0.968750 0.691406 1 14 1.000000
enforcer
  14 3.840026 -39.535400 20.235952 -0.270756 -0.199014 -0.941852 0.824219 0.789062 2 14 0.978060 13 0.021940
  14 0.259834 -41.049419 21.329145 -0.550695 -0.834707 0.000000 0.800781 0.839844 2 14 0.810467 13 0.189533
  14 -1.188912 -37.929497 21.329145 -0.970723 0.240202 0.000001 0.843750 0.855469 2 14 0.868495 13 0.131505
enforcer
  14 9.217878 -39.535397 20.061735 0.669921 0.299973 -0.679133 0.832031 0.726562 1 14 1.000000
  14 8.602940 -38.726089 20.470427 0.606913 0.363170 -0.706940 0.843750 0.726562 1 14 1.000000
  14 8.602940 -38.726089 22.187860 0.606908 0.363169 0.706945 0.843750 0.703125 1 14 1.000000
enforcer
  14 9.217880 -48.624535 20.410336 0.584165 -0.583550 -0.564111 0.714844 0.726562 1 14 1.000000
  14 9.217878 -39.535397 20.061735 0.669921 0.299973 -0.679133 0.832031 0.726562 1 14 1.000000
  14 9.217878 -39.535400 22.596552 0.672674 0.307892 0.672839 0.832031 0.703125 1 14 1.000000
enforcer
  14 3.840026 -39.535400 20.235952 -0.270756 -0.199014 -0.941852 0.824219 0.789062 2 14 0.978060 13 0.021940
  14 9.217878 -39.535397 20.061735 0.669921 0.299973 -0.679133 0.832031 0.726562 1 14 1.000000
  14 9.217880 -48.624535 20.410336 0.584165 -0.583550 -0.564111 0.714844 0.726562 1 14 1.000000
enforcer
  14 3.840026 -39.535400 22.422335 -0.277162 -0.191526 0.941541 0.789062 0.636719 2 14 0.982489 13 0.017511
  14 3.840026 -39.535400 20.235952 -0.270756 -0.199014 -0.941852 0.789062 0.609375 2 14 0.978060 13 0.021940
  14 3.840027 -48.624535 20.235954 -0.568741 -0.575650 -0.587503 0.714844 0.609375 1 14 1.000000
enforcer
  14 9.217878 -39.535400 22.596552 0.672674 0.307892 0.672839 0.832031 0.703125 1 14 1.000000
  14 3.840026 -39.535400 22.422335 -0.277162 -0.191526 0.941541 0.824219 0.636719 2 14 0.982489 13 0.017511
  14 3.840027 -48.624535 22.422333 -0.572479 -0.581189 0.578348 0.714844 0.636719 1 14 1.000000
enforcer
  14 3.840026 -39.535400 22.422335 -0.277162 -0.191526 0.941541 0.824219 0.636719 2 14 0.982489 13 0.017511
  14 3.840025 -36.095524 22.200418 -0.458746 0.272513 0.845748 0.871094 0.636719 1 14 1.000000
  14 -1.188912 -37.929497 21.329145 -0.970723 0.240202 0.000001 0.843750 0.570312 2 14 0.868495 13 0.131505
enforcer
  23 -1.462834 -28.253693 22.200422 -0.365752 0.479798 0.797508 0.027344 0.574219 2 23 0.873208 14 0.126792
  23 -3.356467 -27.535469 20.435722 -0.482414 0.575415 0.660435 0.027344 0.597656 2 23 0.940866 22 0.059134
  23 -3.237563 -29.572332 19.713833 -0.510698 -0.831080 -0.220213 0.050781 0.597656 2 23 0.833251 22 0.166749
enforcer
  23 -1.462834 -28.253693 20.457869 0.420089 0.665742 -0.616696 0.007812 0.574219 1 23 1.000000
  22 -2.297015 -28.306442 19.286963 0.789605 0.019343 -0.613310 0.007812 0.597656 2 22 0.881226 23 0.118774
  23 -3.356467 -27.535469 20.435722 -0.482414 0.575415 0.660435 0.027344 0.597656 2 23 0.940866 22 0.059134
enforcer
  16 -5.213429 -5.962677 11.542496 0.684282 -0.557614 0.469920 0.027344 0.992188 2 16 0.916380 18 0.083620
  18 -5.260953 -7.201015 10.237146 0.578561 -0.371341 0.726205 0.027344 0.972656 3 18 0.909546 17 0.080550 16 0.009904
  18 -5.243104 -6.100797 8.925957 0.429499 0.490579 -0.758197 0.007812 0.972656 2 18 0.500271 17 0.499729
enforcer
  16 -5.213429 -5.962677 11.542496 0.684282 -0.557614 0.469920 0.027344 0.992188 2 16 0.916380 18 0.083620
  16 -6.752201 -5.297995 11.325703 -0.966276 0.227010 -0.121562 0.050781 0.992188 2 16 0.944158 17 0.055842
  17 -6.752201 -6.660841 9.593395 -0.984965 0.065061 -0.160036 0.050781 0.972656 3 17 0.901275 18 0.097492 16 0.001233
enforcer
  16 -6.752201 -5.297995 11.325703 -0.966276 0.227010 -0.121562 0.050781 0.992188 2 16 0.944158 17 0.055842
  16 -5.243105 -4.426718 11.325703 0.424443 0.742611 -0.518051 0.070312 0.992188 3 16 0.958370 18 0.027008 17 0.014622
  18 -5.243104 -6.100797 8.925957 0.429499 0.490579 -0.758197 0.070312 0.972656 2 18 0.500271 17 0.499729
enforcer
  22 -2.297015 -28.306442 19.286963 0.789605 0.019343 -0.613310 0.070312 0.597656 2 22 0.881226 23 0.118774
  23 -3.237563 -29.572332 19.713833 -0.510698 -0.831080 -0.220213 0.050781 0.597656 2 23 0.833251 22 0.166749
  22 -4.523649 -26.078115 16.753838 -0.887717 -0.431095 -0.161602 0.050781 0.671875 2 22 0.893812 21 0.106188
enforcer
  23 -3.356467 -27.535469 20.435722 -0.482414 0.575415 0.660435 0.027344 0.597656 2 23 0.940866 22 0.059134
  21 -3.820750 -24.539660 17.016712 0.157857 0.758875 0.631814 0.027344 0.671875 2 21 0.933477 22 0.066523
  22 -4.523649 -26.078115 16.753838 -0.887717 -0.431095 -0.161602 0.050781 0.671875 2 22 0.893812 21 0.106188
enforcer
  22 -2.297015 -28.306442 19.286963 0.789605 0.019343 -0.613310 0.007812 0.597656 2 22 0.881226 23 0.118774
  21 -3.523760 -25.409225 15.536123 0.631283 -0.460487 -0.624047 0.007812 0.671875 2 21 0.939943 22 0.060057
  21 -3.820750 -24.539660 17.016712 0.157857 0.758875 0.631814 0.027344 0.671875 2 21 0.933477 22 0.066523
enforcer
  18 -5.260953 -7.201015 10.237146 0.578561 -0.371341 0.726205 0.027344 0.972656 3 18 0.909546 17 0.080550 16 0.009904
  18 -5.089704 -11.055096 9.512613 0.581570 0.105661 0.806605 0.027344 0.898438 2 18 0.956859 19 0.043141
  18 -5.071855 -11.438725 7.844522 0.440192 -0.072775 -0.894950 0.007812 0.898438 2 18 0.554576 19 0.445424
enforcer
  18 -5.260953 -7.201015 10.237146 0.578561 -0.371341 0.726205 0.027344 0.972656 3 18 0.909546 17 0.080550 16 0.009904
  17 -6.752201 -6.660841 9.593395 -0.984965 0.065061 -0.160036 0.050781 0.972656 3 17 0.901275 18 0.097492 16 0.001233
  18 -6.580951 -11.243443 8.693634 -0.988671 -0.032367 -0.146566 0.050781 0.898438 1 18 1.000000
enforcer
  18 -5.243104 -6.100797 8.925957 0.429499 0.490579 -0.758197 0.070312 0.972656 2 18 0.500271 17 0.499729
  18 -5.071855 -11.438725 7.844522 0.440192 -0.072775 -0.894950 0.070312 0.898438 2 18 0.554576 19 0.445424
  18 -6.580951 -11.243443 8.693634 -0.988671 -0.032367 -0.146566 0.050781 0.898438 1 18 1.000000
enforcer
  18 -5.089704 -11.055096 9.512613 0.581570 0.105661 0.806605 0.027344 0.898438 2 18 0.956859 19 0.043141
  20 -4.748071 -16.589535 11.726389 0.496157 0.353899 0.792833 0.027344 0.820312 2 20 0.833774 19 0.166226
  19 -4.730222 -16.973166 10.058298 0.508683 -0.295446 -0.808674 0.007812 0.820312 2 19 0.932464 20 0.067536
enforcer
  18 -5.089704 -11.055096 9.512613 0.581570 0.105661 0.806605 0.027344 0.898438 2 18 0.956859 19 0.043141
  18 -6.580951 -11.243443 8.693634 -0.988671 -0.032367 -0.146566 0.050781 0.898438 1 18 1.000000
  19 -6.239318 -16.777884 10.907410 -0.997793 -0.061544 0.024945 0.050781 0.820312 2 19 0.941212 20 0.058788
enforcer
  18 -6.580951 -11.243443 8.693634 -0.988671 -0.032367 -0.146566 0.050781 0.898438 1 18 1.000000
  18 -5.071855 -11.438725 7.844522 0.440192 -0.072775 -0.894950 0.070312 0.898438 2 18 0.554576 19 0.445424
  19 -4.730222 -16.973166 10.058298 0.508683 -0.295446 -0.808674 0.070312 0.820312 2 19 0.932464 20 0.067536
enforcer
  21 -3.523760 -25.409225 15.536123 0.631283 -0.460487 -0.624047 0.070312 0.671875 2 21 0.939943 22 0.060057
  22 -4.523649 -26.078115 16.753838 -0.887717 -0.431095 -0.161602 0.050781 0.671875 2 22 0.893812 21 0.106188
  21 -5.420811 -22.543003 13.493658 -0.973556 -0.226240 -0.031681 0.050781 0.746094 2 21 0.916647 20 0.083353
enforcer
  21 -3.820750 -24.539660 17.016712 0.157857 0.758875 0.631814 0.027344 0.671875 2 21 0.933477 22 0.066523
  20 -4.444171 -21.141068 13.597383 0.469989 0.489004 0.734837 0.027344 0.746094 2 20 0.936193 21 0.063807
  21 -5.420811 -22.543003 13.493658 -0.973556 -0.226240 -0.031681 0.050781 0.746094 2 21 0.916647 20 0.083353
enforcer
  21 -3.523760 -25.409225 15.536123 0.631283 -0.460487 -0.624047 0.007812 0.671875 2 21 0.939943 22 0.060057
  20 -4.375267 -22.167994 12.191265 0.390412 -0.443054 -0.807020 0.007812 0.746094 2 20 0.902137 21 0.097863
  20 -4.444171 -21.141068 13.597383 0.469989 0.489004 0.734837 0.027344 0.746094 2 20 0.936193 21 0.063807
enforcer
  19 -6.239318 -16.777884 10.907410 -0.997793 -0.061544 0.024945 0.050781 0.820312 2 19 0.941212 20 0.058788
  21 -5.420811 -22.543003 13.493658 -0.973556 -0.226240 -0.031681 0.050781 0.746094 2 21 0.916647 20 0.083353
  20 -4.444171 -21.141068 13.597383 0.469989 0.489004 0.734837 0.027344 0.746094 2 20 0.936193 21 0.063807
enforcer
  19 -6.239318 -16.777884 10.907410 -0.997793 -0.061544 0.024945 0.050781 0.820312 2 19 0.941212 20 0.058788
  19 -4.730222 -16.973166 10.058298 0.508683 -0.295446 -0.808674 0.070312 0.820312 2 19 0.932464 20 0.067536
  20 -4.375267 -22.167994 12.191265 0.390412 -0.443054 -0.807020 0.070312 0.746094 2 20 0.902137 21 0.097863
enforcer
  19 -4.730222 -16.973166 10.058298 0.508683 -0.295446 -0.808674 0.007812 0.820312 2 19 0.932464 20 0.067536
  20 -4.748071 -16.589535 11.726389 0.496157 0.353899 0.792833 0.027344 0.820312 2 20 0.833774 19 0.166226
  20 -4.444171 -21.141068 13.597383 0.469989 0.489004 0.734837 0.027344 0.746094 2 20 0.936193 21 0.063807
enforcer
  12 2.268951 -18.619768 23.531910 0.430359 0.430970 0.793130 0.242188 0.093750 3 12 0.969258 11 0.018889 13 0.011854
  13 -0.277456 -26.784813 22.485699 -0.532031 0.086442 0.842301 0.117188 0.058594 2 13 0.914002 12 0.085998
  13 2.234333 -26.569456 22.384266 0.594122 0.411655 0.691057 0.117188 0.085938 2 13 0.919716 12 0.080284
enforcer
  12 2.268951 -18.619768 23.531910 0.430359 0.430970 0.793130 0.242188 0.093750 3 12 0.969258 11 0.018889 13 0.011854
  12 -1.699854 -19.392944 22.642056 -0.744441 0.206963 0.634803 0.242188 0.058594 3 12 0.911987 11 0.060408 13 0.027605
  13 -0.277456 -26.784813 22.485699 -0.532031 0.086442 0.842301 0.117188 0.058594 2 13 0.914002 12 0.085998
enforcer
  9 -0.277458 26.784813 22.485699 -0.532032 -0.086442 0.842301 0.687500 0.058594 2 9 0.926798 8 0.073202
  8 2.268950 18.619768 23.531910 0.430360 -0.430970 0.793130 0.562500 0.093750 3 8 0.968652 7 0.018880 9 0.012468
  9 2.234331 26.569456 22.384266 0.594122 -0.411654 0.691057 0.687500 0.085938 2 9 0.928889 8 0.071111
enforcer
  9 -0.277458 26.784813 22.485699 -0.532032 -0.086442 0.842301 0.687500 0.058594 2 9 0.926798 8 0.073202
  8 -1.699856 19.392944 22.642056 -0.744441 -0.206963 0.634803 0.562500 0.058594 3 8 0.910911 7 0.060370 9 0.028719
  8 2.268950 18.619768 23.531910 0.430360 -0.430970 0.793130 0.562500 0.093750 3 8 0.968652 7 0.018880 9 0.012468
enforcer
  29 1.277382 1.824183 -10.403748 0.234822 -0.687350 0.687319 0.511719 0.992188 1 29 1.000000
  0 -3.882999 -0.000000 4.343140 -0.997478 0.001717 -0.070962 0.457031 0.816406 3 0 0.949981 32 0.025126 28 0.024893
  29 -1.872568 2.583819 -9.918324 -0.564149 -0.490498 0.664189 0.457031 0.992188 1 29 1.000000
enforcer
  29 1.277382 1.824183 -10.403748 0.234822 -0.687350 0.687319 0.511719 0.992188 1 29 1.000000
  0 4.918991 0.000000 3.243118 0.990732 0.000000 -0.135829 0.511719 0.808594 3 0 0.926634 28 0.036701 32 0.036665
  0 -3.882999 -0.000000 4.343140 -0.997478 0.001717 -0.070962 0.457031 0.816406 3 0 0.949981 32 0.025126 28 0.024893
enforcer
  0 -3.882999 -0.000000 4.343140 -0.997478 0.001717 -0.070962 0.441406 0.816406 3 0 0.949981 32 0.025126 28 0.024893
  33 1.277382 -1.824183 -10.403748 0.234822 0.687351 0.687319 0.386719 0.992188 1 33 1.000000
  33 -1.872568 -2.583819 -9.918324 -0.564563 0.494271 0.661033 0.441406 0.992188 1 33 1.000000
enforcer
  0 -3.882999 -0.000000 4.343140 -0.997478 0.001717 -0.070962 0.441406 0.816406 3 0 0.949981 32 0.025126 28 0.024893
  0 4.918991 0.000000 3.243118 0.990732 0.000000 -0.135829 0.386719 0.808594 3 0 0.926634 28 0.036701 32 0.036665
  33 1.277382 -1.824183 -10.403748 0.234822 0.687351 0.687319 0.386719 0.992188 1 33 1.000000
enforcer
  1 5.735721 0.000000 11.759716 0.985018 0.000000 -0.172449 0.445312 0.683594 3 1 0.970337 0 0.016600 2 0.013063
  32 4.651141 -6.357380 6.997990 0.690138 -0.714558 0.114529 0.359375 0.753906 3 32 0.747493 1 0.143292 0 0.109215
  0 4.918991 0.000000 3.243118 0.990732 0.000000 -0.135829 0.445312 0.808594 3 0 0.926634 28 0.036701 32 0.036665
enforcer
  15 7.143785 -42.613632 20.625149 -0.563215 -0.155404 -0.811565 0.808594 0.039062 2 15 0.597783 14 0.402217
  15 7.641146 -48.158882 21.341824 0.000005 -1.000000 0.000005 0.992188 0.054688 2 15 0.500000 14 0.500000
  15 7.269169 -42.613632 22.130890 -0.421228 -0.155404 0.893542 0.808594 0.007812 2 15 0.500000 14 0.500000
enforcer
  15 7.269169 -42.613632 22.130890 -0.421228 -0.155404 0.893542 0.808594 0.101562 2 15 0.500000 14 0.500000
  15 7.641146 -48.158882 21.341824 0.000005 -1.000000 0.000005 0.992188 0.054688 2 15 0.500000 14 0.500000
  15 8.510489 -42.613632 21.269432 0.984444 -0.155404 -0.081976 0.808594 0.074219 2 15 0.500000 14 0.500000
enforcer
  15 8.510489 -42.613632 21.269432 0.984444 -0.155404 -0.081976 0.808594 0.074219 2 15 0.500000 14 0.500000
  15 7.641146 -48.158882 21.341824 0.000005 -1.000000 0.000005 0.992188 0.054688 2 15 0.500000 14 0.500000
  15 7.143785 -42.613632 20.625149 -0.563215 -0.155404 -0.811565 0.808594 0.039062 2 15 0.597783 14 0.402217
enforcer
  23 -1.462834 -30.367649 21.329145 -0.532805 -0.839562 0.106087 0.050781 0.574219 2 23 0.813304 14 0.186696
  22 -2.297015 -28.306442 19.286963 0.789605 0.019343 -0.613310 0.070312 0.597656 2 22 0.881226 23 0.118774
  23 -1.462834 -28.253693 20.457869 0.420089 0.665742 -0.616696 0.070312 0.574219 1 23 1.000000
enforcer
  23 -1.462834 -30.367649 21.329145 -0.532805 -0.839562 0.106087 0.050781 0.574219 2 23 0.813304 14 0.186696
  23 -3.237563 -29.572332 19.713833 -0.510698 -0.831080 -0.220213 0.050781 0.597656 2 23 0.833251 22 0.166749
  22 -2.297015 -28.306442 19.286963 0.789605 0.019343 -0.613310 0.070312 0.597656 2 22 0.881226 23 0.118774
end
