version 1
nodes
0 "ShinIK.R" -1
1 "ShinIK.L" -1
2 "All.000" -1
3 "ForearmIK.R" 2
4 "ForearmIK.L" 2
5 "UpperarmIK.R" 2
6 "UpperarmIK.L" 2
7 "KneeIK.R" 2
8 "KneeIK.L" 2
9 "Spine.009" 2
10 "Spine.001" 9
11 "Spine.002" 10
12 "Spine.004" 11
13 "Arm.R.001" 11
14 "Arm.R.002" 13
15 "Arm.R.003" 14
16 "Arm.R.004" 15
17 "Arm.R.005" 16
18 "Arm.R.006" 15
19 "Arm.R.007" 18
20 "Wep.000" 15
21 "Arm.L.001" 11
22 "Arm.L.002" 21
23 "Arm.L.003" 22
24 "Arm.L.004" 23
25 "Arm.L.005" 24
26 "Arm.L.006" 23
27 "Arm.L.007" 26
28 "Spine.000" 9
29 "Leg.R.001" 28
30 "Leg.R.002" 29
31 "Leg.R.003" 30
32 "Leg.R.004" 31
33 "Leg.R.005" 32
34 "Leg.L.001" 28
35 "Leg.L.002" 34
36 "Leg.L.003" 35
37 "Leg.L.004" 36
38 "Leg.L.005" 37
39 "Loincloth.000" 28
40 "Loincloth.001" 39
end
skeleton
  time 0
  0 7.268086 -3.119072 -20.022829 0.000000 -0.000000 -3.141593
  1 -5.962546 -3.119072 -20.022829 0.000000 -0.000000 3.141593
  2 0.907535 -3.182838 55.465324 -1.570796 0.000000 1.570796
  3 0.323978 46.997608 -31.673481 1.570796 -1.570795 0.000000
  4 0.323946 46.997601 31.694752 1.570796 -1.570796 0.000000
  5 -17.141829 38.067543 -16.689768 1.570796 -1.570796 0.000000
  6 -17.141844 38.067539 16.711023 1.570796 -1.570796 0.000000
  7 17.202442 59.971519 -5.658659 1.570796 1.570796 0.000000
  8 17.202438 59.971519 6.168211 1.570796 1.570796 0.000000
  9 17.187601 40.278698 0.000009 1.570796 1.570796 0.000000
  10 -0.000001 -17.187595 -0.000000 1.570796 0.139243 1.570796
  11 -0.000001 9.251827 0.000001 -0.000000 0.133298 -0.064703
  12 3.332968 6.058992 0.446929 0.073073 -0.111583 -0.581564
  13 0.000001 4.780093 0.000001 1.284319 0.253606 -2.959959
  14 0.000001 10.318098 -0.000001 -0.314241 -0.077604 0.012034
  15 -0.000001 10.229103 -0.000000 -0.067975 0.058285 0.162262
  16 -0.000002 17.897511 0.000001 0.361068 -0.028493 -0.036716
  17 -0.000000 4.707230 0.000002 -0.447164 -0.000000 -0.000000
  18 0.072421 18.921986 -1.219866 -0.304778 0.201036 0.364171
  19 0.000000 2.947696 0.000002 0.273596 0.103647 -1.039496
  20 -6.325515 25.911360 -18.399529 2.206180 -0.028494 -0.036717
  21 0.002828 4.780091 -0.021076 -1.880463 -0.127749 -0.177834
  22 -0.000001 10.318097 -0.000002 0.490749 2.237998 0.292295
  23 -0.000000 10.229101 -0.000000 0.154997 -0.011656 0.088950
  24 0.000000 17.897509 0.000002 -0.342122 -0.071393 0.243666
  25 0.000000 5.176011 0.000000 0.349165 0.058344 -0.327910
  26 0.755611 18.921984 0.960401 0.381247 -0.147234 0.149822
  27 0.000001 3.158195 0.000001 -0.694310 -0.195412 -0.702197
  28 -0.000001 -17.187595 -0.000000 -1.570796 -0.000000 1.570796
  29 0.000001 3.905660 -4.525524 -0.084946 -0.014178 -0.115085
  30 0.000001 13.357017 -0.000001 0.047413 -0.002734 0.197251
  31 0.000000 18.158876 0.000000 -1.477029 1.609457 -1.571256
  32 0.000000 2.542063 -0.000000 1.558254 0.000018 -0.000000
  33 0.000000 3.135157 0.000000 -0.086398 0.000000 0.000000
  34 -0.000002 3.905661 4.546790 0.121242 0.012916 -0.114719
  35 -0.000002 13.407272 -0.000001 -0.082766 0.011007 0.196515
  36 -0.000001 18.158880 -0.000002 1.475901 -1.609463 -1.570126
  37 -0.000000 2.542063 0.000000 1.558254 -3.141546 0.000000
  38 -0.000000 3.135157 -0.000000 -0.091756 0.342973 -0.030933
  39 4.301486 1.405968 0.000002 -0.000000 -0.000000 0.063895
  40 0.000000 7.030431 -0.000000 0.000000 -0.000000 -0.151285
end
triangles
hknight
  34 -5.124516 -7.251929 10.440527 -0.430643 -0.902230 -0.022959 0.466797 0.349609 2 34 0.646376 28 0.353624
  28 -4.298088 -6.853858 14.782625 -0.591655 -0.800081 0.099067 0.470703 0.306641 2 28 0.554109 34 0.445891
  34 -7.508619 -3.762481 11.032564 -0.986317 -0.068963 0.149746 0.423828 0.345703 2 34 0.663190 28 0.336810
hknight
  34 -4.370826 0.432314 9.622023 -0.131589 0.991260 -0.009425 0.732422 0.025391 3 34 0.656482 28 0.338522 10 0.004996
  28 -0.034660 -3.520432 9.772051 0.590040 0.184876 -0.785922 0.787109 0.025391 2 28 0.921678 34 0.078322
  35 -2.007060 -2.714335 -2.375204 0.990630 -0.108262 -0.083257 0.787109 0.150391 2 35 0.885191 34 0.114809
hknight
  34 -4.370826 0.432314 9.622023 -0.131589 0.991260 -0.009425 0.732422 0.025391 3 34 0.656482 28 0.338522 10 0.004996
  35 -2.007060 -2.714335 -2.375204 0.990630 -0.108262 -0.083257 0.787109 0.150391 2 35 0.885191 34 0.114809
  34 -5.074599 1.697816 -0.171988 -0.025861 0.831452 0.554994 0.732422 0.130859 2 34 0.770690 35 0.229310
hknight
  34 -5.124516 -7.251929 10.440527 -0.430643 -0.902230 -0.022959 0.986328 0.017578 2 34 0.646376 28 0.353624
  34 -7.508619 -3.762481 11.032564 -0.986317 -0.068963 0.149746 0.943359 0.013672 2 34 0.663190 28 0.336810
  35 -8.467990 -2.938983 -2.375204 -0.989706 -0.135653 0.045613 0.947266 0.150391 2 35 0.887711 34 0.112289
hknight
  34 -5.124516 -7.251929 10.440527 -0.430643 -0.902230 -0.022959 0.986328 0.017578 2 34 0.646376 28 0.353624
  35 -8.467990 -2.938983 -2.375204 -0.989706 -0.135653 0.045613 0.947266 0.150391 2 35 0.887711 34 0.112289
  34 -5.212996 -4.642610 -0.234198 -0.018434 -0.995288 -0.095196 0.986328 0.123047 2 34 0.837927 35 0.162073
hknight
  28 -1.155444 -7.585114 11.420164 0.078023 -0.955912 -0.283098 0.509766 0.337891 3 28 0.787220 34 0.205368 29 0.007412
  28 -4.298088 -6.853858 14.782625 -0.591655 -0.800081 0.099067 0.470703 0.306641 2 28 0.554109 34 0.445891
  34 -5.124516 -7.251929 10.440527 -0.430643 -0.902230 -0.022959 0.466797 0.349609 2 34 0.646376 28 0.353624
hknight
  10 -3.029110 1.590946 15.176401 -0.366823 0.879216 -0.304005 0.572266 0.576172 3 10 0.669725 28 0.211853 34 0.118423
  10 4.346433 1.590945 15.176401 0.366823 0.879216 -0.304005 0.486328 0.576172 4 10 0.668338 28 0.211414 29 0.088105 11 0.032143
  28 1.351982 -3.520433 9.772051 -0.590040 0.184876 -0.785922 0.521484 0.634766 2 28 0.944462 29 0.055538
hknight
  10 -3.029110 1.590946 15.176401 -0.366823 0.879216 -0.304005 0.572266 0.576172 3 10 0.669725 28 0.211853 34 0.118423
  28 1.351982 -3.520433 9.772051 -0.590040 0.184876 -0.785922 0.521484 0.634766 2 28 0.944462 29 0.055538
  28 -0.034660 -3.520432 9.772051 0.590040 0.184876 -0.785922 0.537109 0.634766 2 28 0.921678 34 0.078322
hknight
  28 2.472765 -7.585114 11.420164 -0.078023 -0.955912 -0.283098 0.541016 0.337891 3 28 0.817658 29 0.146253 34 0.036089
  28 -1.155444 -7.585114 11.420164 0.078023 -0.955912 -0.283098 0.509766 0.337891 3 28 0.787220 34 0.205368 29 0.007412
  28 -0.034660 -3.520432 9.772051 0.590040 0.184876 -0.785922 0.517578 0.380859 2 28 0.921678 34 0.078322
hknight
  28 2.472765 -7.585114 11.420164 -0.078023 -0.955912 -0.283098 0.541016 0.337891 3 28 0.817658 29 0.146253 34 0.036089
  28 -0.034660 -3.520432 9.772051 0.590040 0.184876 -0.785922 0.517578 0.380859 2 28 0.921678 34 0.078322
  28 1.351982 -3.520433 9.772051 -0.590040 0.184876 -0.785922 0.533203 0.380859 2 28 0.944462 29 0.055538
hknight
  35 -5.038857 1.668245 -4.102772 0.041594 0.753032 -0.656668 0.736328 0.177734 2 35 0.938248 34 0.061752
  35 -2.007060 -2.714335 -2.375204 0.990630 -0.108262 -0.083257 0.787109 0.150391 2 35 0.885191 34 0.114809
  35 -3.598907 -3.832679 -19.531361 0.968633 -0.186452 0.164272 0.767578 0.326172 1 35 1.000000
hknight
  35 -5.038857 1.668245 -4.102772 0.041594 0.753032 -0.656668 0.736328 0.177734 2 35 0.938248 34 0.061752
  35 -3.598907 -3.832679 -19.531361 0.968633 -0.186452 0.164272 0.767578 0.326172 1 35 1.000000
  35 -5.815421 -1.105346 -19.531361 0.014870 0.824762 0.565285 0.736328 0.326172 1 35 1.000000
hknight
  34 -4.370826 0.432314 9.622023 -0.131589 0.991260 -0.009425 0.888672 0.021484 3 34 0.656482 28 0.338522 10 0.004996
  34 -5.074599 1.697816 -0.171988 -0.025861 0.831452 0.554994 0.888672 0.126953 2 34 0.770690 35 0.229310
  35 -8.467990 -2.938983 -2.375204 -0.989706 -0.135653 0.045613 0.947266 0.150391 2 35 0.887711 34 0.112289
hknight
  34 -4.370826 0.432314 9.622023 -0.131589 0.991260 -0.009425 0.888672 0.021484 3 34 0.656482 28 0.338522 10 0.004996
  35 -8.467990 -2.938983 -2.375204 -0.989706 -0.135653 0.045613 0.947266 0.150391 2 35 0.887711 34 0.112289
  34 -7.508619 -3.762481 11.032564 -0.986317 -0.068963 0.149746 0.943359 0.013672 2 34 0.663190 28 0.336810
hknight
  10 -3.029110 1.590946 15.176401 -0.366823 0.879216 -0.304005 0.572266 0.576172 3 10 0.669725 28 0.211853 34 0.118423
  28 -0.034660 -3.520432 9.772051 0.590040 0.184876 -0.785922 0.537109 0.634766 2 28 0.921678 34 0.078322
  34 -4.370826 0.432314 9.622023 -0.131589 0.991260 -0.009425 0.591797 0.634766 3 34 0.656482 28 0.338522 10 0.004996
hknight
  10 -3.029110 1.590946 15.176401 -0.366823 0.879216 -0.304005 0.572266 0.576172 3 10 0.669725 28 0.211853 34 0.118423
  34 -4.370826 0.432314 9.622023 -0.131589 0.991260 -0.009425 0.591797 0.634766 3 34 0.656482 28 0.338522 10 0.004996
  34 -7.508619 -3.762481 11.032564 -0.986317 -0.068963 0.149746 0.646484 0.626953 2 34 0.663190 28 0.336810
hknight
  10 -3.029110 1.590946 15.176401 -0.366823 0.879216 -0.304005 0.572266 0.576172 3 10 0.669725 28 0.211853 34 0.118423
  34 -7.508619 -3.762481 11.032564 -0.986317 -0.068963 0.149746 0.646484 0.626953 2 34 0.663190 28 0.336810
  10 -5.734107 -3.333009 15.840670 -0.996868 0.028866 0.073631 0.630859 0.576172 3 10 0.542495 28 0.299291 34 0.158214
hknight
  28 -4.298088 -6.853858 14.782625 -0.591655 -0.800081 0.099067 0.470703 0.306641 2 28 0.554109 34 0.445891
  10 -5.734107 -3.333009 15.840670 -0.996868 0.028866 0.073631 0.423828 0.294922 3 10 0.542495 28 0.299291 34 0.158214
  34 -7.508619 -3.762481 11.032564 -0.986317 -0.068963 0.149746 0.423828 0.345703 2 34 0.663190 28 0.336810
hknight
  35 -5.038857 1.668245 -4.102772 0.041594 0.753032 -0.656668 0.892578 0.173828 2 35 0.938248 34 0.061752
  35 -5.815421 -1.105346 -19.531361 0.014870 0.824762 0.565285 0.892578 0.322266 1 35 1.000000
  35 -8.236039 -4.031507 -19.531361 -0.950426 -0.142724 0.276262 0.923828 0.322266 1 35 1.000000
hknight
  35 -5.038857 1.668245 -4.102772 0.041594 0.753032 -0.656668 0.892578 0.173828 2 35 0.938248 34 0.061752
  35 -8.236039 -4.031507 -19.531361 -0.950426 -0.142724 0.276262 0.923828 0.322266 1 35 1.000000
  35 -8.467990 -2.938983 -2.375204 -0.989706 -0.135653 0.045613 0.947266 0.150391 2 35 0.887711 34 0.112289
hknight
  34 -5.212996 -4.642610 -0.234198 -0.018434 -0.995288 -0.095196 0.830078 0.126953 2 34 0.837927 35 0.162073
  35 -5.408230 -5.664421 -6.743776 0.008666 -0.998524 0.053611 0.830078 0.197266 2 35 0.989396 34 0.010604
  35 -2.007060 -2.714335 -2.375204 0.990630 -0.108262 -0.083257 0.787109 0.150391 2 35 0.885191 34 0.114809
hknight
  34 -5.212996 -4.642610 -0.234198 -0.018434 -0.995288 -0.095196 0.986328 0.123047 2 34 0.837927 35 0.162073
  35 -8.467990 -2.938983 -2.375204 -0.989706 -0.135653 0.045613 0.947266 0.150391 2 35 0.887711 34 0.112289
  35 -5.408230 -5.664421 -6.743776 0.008666 -0.998524 0.053611 0.986328 0.193359 2 35 0.989396 34 0.010604
hknight
  38 -5.930433 5.347064 -24.000185 -0.015156 0.892450 -0.450891 0.916016 0.568359 1 38 1.000000
  38 -5.801175 4.692863 -22.306595 0.041717 0.696175 0.716659 0.888672 0.556641 1 38 1.000000
  38 -3.638745 3.491102 -24.000185 0.800786 0.431163 -0.415741 0.916016 0.541016 1 38 1.000000
hknight
  37 -4.206889 -7.193511 -24.000185 0.600190 -0.582439 -0.548212 0.916016 0.423828 1 37 1.000000
  37 -6.177935 -6.356559 -21.013872 0.121268 -0.341039 0.932194 0.880859 0.423828 1 37 1.000000
  37 -6.051603 -10.247788 -15.377745 0.048922 -0.423224 0.904703 0.853516 0.357422 1 37 1.000000
hknight
  37 -9.173615 -6.963034 -24.000185 -0.723751 -0.496094 -0.479661 0.404297 0.521484 1 37 1.000000
  37 -4.206889 -7.193511 -24.000185 0.600190 -0.582439 -0.548212 0.349609 0.521484 1 37 1.000000
  37 -6.051603 -10.247788 -15.377745 0.048922 -0.423224 0.904703 0.376953 0.455078 1 37 1.000000
hknight
  38 -7.532941 0.764591 -21.670971 -0.573329 0.399031 0.715589 0.958984 0.513672 2 38 0.556367 37 0.443633
  38 -5.801175 4.692863 -22.306595 0.041717 0.696175 0.716659 0.958984 0.556641 1 38 1.000000
  38 -8.226088 3.542333 -24.000185 -0.796386 0.453143 -0.400537 0.986328 0.537109 1 38 1.000000
hknight
  38 -4.381479 0.729824 -21.670971 0.555098 0.413412 0.721773 0.888672 0.513672 2 38 0.534319 37 0.465681
  38 -3.030514 0.465646 -24.000185 0.837425 0.134546 -0.529733 0.916016 0.509766 2 38 0.632577 37 0.367423
  38 -3.638745 3.491102 -24.000185 0.800786 0.431163 -0.415741 0.916016 0.541016 1 38 1.000000
hknight
  37 -6.177935 -6.356559 -21.013872 0.121268 -0.341039 0.932194 0.951172 0.423828 1 37 1.000000
  37 -9.173615 -6.963034 -24.000185 -0.723751 -0.496094 -0.479661 0.986328 0.423828 1 37 1.000000
  37 -6.051603 -10.247788 -15.377745 0.048922 -0.423224 0.904703 0.923828 0.357422 1 37 1.000000
hknight
  37 -9.173615 -6.963034 -24.000185 -0.723751 -0.496094 -0.479661 0.986328 0.423828 1 37 1.000000
  35 -8.236039 -4.031507 -19.531361 -0.950426 -0.142724 0.276262 0.939453 0.462891 1 35 1.000000
  37 -8.725533 0.516877 -24.000185 -0.819238 0.156940 -0.551560 0.986328 0.509766 2 37 0.517003 38 0.482997
hknight
  37 -4.206889 -7.193511 -24.000185 0.600190 -0.582439 -0.548212 0.916016 0.423828 1 37 1.000000
  38 -3.030514 0.465646 -24.000185 0.837425 0.134546 -0.529733 0.916016 0.509766 2 38 0.632577 37 0.367423
  35 -3.598907 -3.832679 -19.531361 0.968633 -0.186452 0.164272 0.869141 0.462891 1 35 1.000000
hknight
  37 -6.177935 -6.356559 -21.013872 0.121268 -0.341039 0.932194 0.880859 0.423828 1 37 1.000000
  37 -4.206889 -7.193511 -24.000185 0.600190 -0.582439 -0.548212 0.916016 0.423828 1 37 1.000000
  35 -3.598907 -3.832679 -19.531361 0.968633 -0.186452 0.164272 0.869141 0.462891 1 35 1.000000
hknight
  35 -8.236039 -4.031507 -19.531361 -0.950426 -0.142724 0.276262 0.939453 0.462891 1 35 1.000000
  37 -9.173615 -6.963034 -24.000185 -0.723751 -0.496094 -0.479661 0.986328 0.423828 1 37 1.000000
  37 -6.177935 -6.356559 -21.013872 0.121268 -0.341039 0.932194 0.951172 0.423828 1 37 1.000000
hknight
  38 -5.801175 4.692863 -22.306595 0.041717 0.696175 0.716659 0.888672 0.556641 1 38 1.000000
  38 -4.381479 0.729824 -21.670971 0.555098 0.413412 0.721773 0.888672 0.513672 2 38 0.534319 37 0.465681
  38 -3.638745 3.491102 -24.000185 0.800786 0.431163 -0.415741 0.916016 0.541016 1 38 1.000000
hknight
  38 -7.532941 0.764591 -21.670971 -0.573329 0.399031 0.715589 0.830078 0.521484 2 38 0.556367 37 0.443633
  35 -5.815421 -1.105346 -19.531361 0.014870 0.824762 0.565285 0.849609 0.501953 1 35 1.000000
  38 -4.381479 0.729824 -21.670971 0.555098 0.413412 0.721773 0.869141 0.521484 2 38 0.534319 37 0.465681
hknight
  38 -4.381479 0.729824 -21.670971 0.555098 0.413412 0.721773 0.888672 0.513672 2 38 0.534319 37 0.465681
  35 -3.598907 -3.832679 -19.531361 0.968633 -0.186452 0.164272 0.869141 0.462891 1 35 1.000000
  38 -3.030514 0.465646 -24.000185 0.837425 0.134546 -0.529733 0.916016 0.509766 2 38 0.632577 37 0.367423
hknight
  35 -3.598907 -3.832679 -19.531361 0.968633 -0.186452 0.164272 0.869141 0.462891 1 35 1.000000
  38 -4.381479 0.729824 -21.670971 0.555098 0.413412 0.721773 0.888672 0.513672 2 38 0.534319 37 0.465681
  35 -5.815421 -1.105346 -19.531361 0.014870 0.824762 0.565285 0.857422 0.494141 1 35 1.000000
hknight
  38 -7.532941 0.764591 -21.670971 -0.573329 0.399031 0.715589 0.958984 0.513672 2 38 0.556367 37 0.443633
  37 -8.725533 0.516877 -24.000185 -0.819238 0.156940 -0.551560 0.986328 0.509766 2 37 0.517003 38 0.482997
  35 -8.236039 -4.031507 -19.531361 -0.950426 -0.142724 0.276262 0.939453 0.462891 1 35 1.000000
hknight
  35 -8.236039 -4.031507 -19.531361 -0.950426 -0.142724 0.276262 0.939453 0.462891 1 35 1.000000
  35 -5.815421 -1.105346 -19.531361 0.014870 0.824762 0.565285 0.927734 0.494141 1 35 1.000000
  38 -7.532941 0.764591 -21.670971 -0.573329 0.399031 0.715589 0.958984 0.513672 2 38 0.556367 37 0.443633
hknight
  38 -5.801175 4.692863 -22.306595 0.041717 0.696175 0.716659 0.958984 0.556641 1 38 1.000000
  38 -5.930433 5.347064 -24.000185 -0.015156 0.892450 -0.450891 0.986328 0.568359 1 38 1.000000
  38 -8.226088 3.542333 -24.000185 -0.796386 0.453143 -0.400537 0.986328 0.537109 1 38 1.000000
hknight
  38 -3.030514 0.465646 -24.000185 0.837425 0.134546 -0.529733 0.349609 0.607422 2 38 0.632577 37 0.367423
  37 -8.725533 0.516877 -24.000185 -0.819238 0.156940 -0.551560 0.404297 0.607422 2 37 0.517003 38 0.482997
  38 -5.930433 5.347064 -24.000185 -0.015156 0.892450 -0.450891 0.376953 0.666016 1 38 1.000000
hknight
  38 -3.030514 0.465646 -24.000185 0.837425 0.134546 -0.529733 0.349609 0.607422 2 38 0.632577 37 0.367423
  37 -4.206889 -7.193511 -24.000185 0.600190 -0.582439 -0.548212 0.349609 0.521484 1 37 1.000000
  37 -8.725533 0.516877 -24.000185 -0.819238 0.156940 -0.551560 0.404297 0.607422 2 37 0.517003 38 0.482997
hknight
  38 -3.638745 3.491102 -24.000185 0.800786 0.431163 -0.415741 0.353516 0.638672 1 38 1.000000
  38 -3.030514 0.465646 -24.000185 0.837425 0.134546 -0.529733 0.349609 0.607422 2 38 0.632577 37 0.367423
  38 -5.930433 5.347064 -24.000185 -0.015156 0.892450 -0.450891 0.376953 0.666016 1 38 1.000000
hknight
  37 -8.725533 0.516877 -24.000185 -0.819238 0.156940 -0.551560 0.404297 0.607422 2 37 0.517003 38 0.482997
  38 -8.226088 3.542333 -24.000185 -0.796386 0.453143 -0.400537 0.400391 0.638672 1 38 1.000000
  38 -5.930433 5.347064 -24.000185 -0.015156 0.892450 -0.450891 0.376953 0.666016 1 38 1.000000
hknight
  37 -9.173615 -6.963034 -24.000185 -0.723751 -0.496094 -0.479661 0.404297 0.521484 1 37 1.000000
  37 -8.725533 0.516877 -24.000185 -0.819238 0.156940 -0.551560 0.404297 0.607422 2 37 0.517003 38 0.482997
  37 -4.206889 -7.193511 -24.000185 0.600190 -0.582439 -0.548212 0.349609 0.521484 1 37 1.000000
hknight
  10 4.346433 1.590945 15.176401 0.366823 0.879216 -0.304005 0.486328 0.576172 4 10 0.668338 28 0.211414 29 0.088105 11 0.032143
  10 -3.029110 1.590946 15.176401 -0.366823 0.879216 -0.304005 0.572266 0.576172 3 10 0.669725 28 0.211853 34 0.118423
  11 -3.588117 3.475573 23.164469 -0.267350 0.929104 -0.255518 0.576172 0.494141 3 11 0.514275 10 0.434133 21 0.051592
hknight
  10 4.346433 1.590945 15.176401 0.366823 0.879216 -0.304005 0.486328 0.576172 4 10 0.668338 28 0.211414 29 0.088105 11 0.032143
  11 -3.588117 3.475573 23.164469 -0.267350 0.929104 -0.255518 0.576172 0.494141 3 11 0.514275 10 0.434133 21 0.051592
  11 4.905440 3.475573 23.164469 0.267350 0.929104 -0.255518 0.482422 0.494141 3 11 0.514275 10 0.434133 13 0.051592
hknight
  28 -1.155444 -7.585114 11.420164 0.078023 -0.955912 -0.283098 0.509766 0.337891 3 28 0.787220 34 0.205368 29 0.007412
  28 2.472765 -7.585114 11.420164 -0.078023 -0.955912 -0.283098 0.541016 0.337891 3 28 0.817658 29 0.146253 34 0.036089
  10 4.905438 -7.410248 25.274530 0.269090 -0.962164 0.042781 0.568359 0.197266 3 10 0.391851 13 0.353810 11 0.254339
hknight
  28 -1.155444 -7.585114 11.420164 0.078023 -0.955912 -0.283098 0.509766 0.337891 3 28 0.787220 34 0.205368 29 0.007412
  10 4.905438 -7.410248 25.274530 0.269090 -0.962164 0.042781 0.568359 0.197266 3 10 0.391851 13 0.353810 11 0.254339
  10 -3.588117 -7.410247 25.274530 -0.269090 -0.962164 0.042781 0.482422 0.197266 4 10 0.385740 21 0.348293 11 0.250373 34 0.015595
hknight
  10 -5.734107 -3.333009 15.840670 -0.996868 0.028866 0.073631 0.630859 0.576172 3 10 0.542495 28 0.299291 34 0.158214
  10 -6.999122 -0.901707 23.341585 -0.304958 0.048119 -0.951150 0.630859 0.501953 3 10 0.347448 21 0.345550 22 0.307002
  11 -3.588117 3.475573 23.164469 -0.267350 0.929104 -0.255518 0.576172 0.494141 3 11 0.514275 10 0.434133 21 0.051592
hknight
  10 -5.734107 -3.333009 15.840670 -0.996868 0.028866 0.073631 0.630859 0.576172 3 10 0.542495 28 0.299291 34 0.158214
  11 -3.588117 3.475573 23.164469 -0.267350 0.929104 -0.255518 0.576172 0.494141 3 11 0.514275 10 0.434133 21 0.051592
  10 -3.029110 1.590946 15.176401 -0.366823 0.879216 -0.304005 0.572266 0.576172 3 10 0.669725 28 0.211853 34 0.118423
hknight
  10 -5.734107 -3.333009 15.840670 -0.996868 0.028866 0.073631 0.423828 0.294922 3 10 0.542495 28 0.299291 34 0.158214
  28 -4.298088 -6.853858 14.782625 -0.591655 -0.800081 0.099067 0.470703 0.306641 2 28 0.554109 34 0.445891
  10 -3.588117 -7.410247 25.274530 -0.269090 -0.962164 0.042781 0.482422 0.197266 4 10 0.385740 21 0.348293 11 0.250373 34 0.015595
hknight
  10 -5.734107 -3.333009 15.840670 -0.996868 0.028866 0.073631 0.423828 0.294922 3 10 0.542495 28 0.299291 34 0.158214
  10 -3.588117 -7.410247 25.274530 -0.269090 -0.962164 0.042781 0.482422 0.197266 4 10 0.385740 21 0.348293 11 0.250373 34 0.015595
  10 -6.999122 -0.901707 23.341585 -0.304958 0.048119 -0.951150 0.400391 0.220703 3 10 0.347448 21 0.345550 22 0.307002
hknight
  21 -7.069953 1.020188 33.146011 -0.949823 0.155692 0.271288 0.611328 0.376953 1 21 1.000000
  21 -5.701956 4.708831 32.035339 0.042317 0.937511 0.345372 0.576172 0.404297 1 21 1.000000
  21 -12.416328 -1.392257 28.636599 -0.981851 -0.015170 -0.189048 0.669922 0.419922 2 21 0.554757 22 0.445243
hknight
  12 -0.089866 6.078477 27.387632 0.078686 0.902921 -0.422542 0.654297 0.943359 1 12 1.000000
  12 -1.477096 6.089667 27.885618 -0.521339 0.827548 -0.208254 0.673828 0.939453 1 12 1.000000
  12 0.658662 6.647415 32.704170 0.000000 0.890417 0.455145 0.642578 0.873047 1 12 1.000000
hknight
  12 -1.477096 6.089667 27.885618 -0.521339 0.827548 -0.208254 0.673828 0.939453 1 12 1.000000
  12 -1.830487 6.096198 32.694305 -0.602606 0.797544 -0.028109 0.677734 0.873047 1 12 1.000000
  12 0.658662 6.647415 32.704170 0.000000 0.890417 0.455145 0.642578 0.873047 1 12 1.000000
hknight
  12 0.658661 2.800385 27.846781 -0.000501 0.722787 -0.691071 0.517578 0.771484 2 12 0.772739 11 0.227261
  11 -1.836388 0.932339 31.101583 -0.414578 0.777602 0.472717 0.462891 0.740234 1 11 1.000000
  12 -2.668511 4.183480 27.928457 -0.861045 -0.175726 -0.477202 0.470703 0.791016 2 12 0.967222 21 0.032778
hknight
  12 -0.089866 6.078477 27.387632 0.078686 0.902921 -0.422542 0.654297 0.943359 1 12 1.000000
  12 0.658662 6.647415 32.704170 0.000000 0.890417 0.455145 0.642578 0.873047 1 12 1.000000
  12 1.407189 6.078477 27.387632 -0.078686 0.902921 -0.422542 0.630859 0.943359 1 12 1.000000
hknight
  12 -3.021902 3.236430 32.758568 -0.894809 -0.395025 0.208021 0.716797 0.880859 1 12 1.000000
  12 -2.668511 4.183480 27.928457 -0.861045 -0.175726 -0.477202 0.701172 0.939453 2 12 0.967222 21 0.032778
  11 -1.836388 0.932339 31.101583 -0.414578 0.777602 0.472717 0.751953 0.904297 1 11 1.000000
hknight
  12 -3.241060 4.736976 37.381248 -0.967267 -0.105399 0.230835 0.712891 0.814453 1 12 1.000000
  12 -1.277256 6.244255 37.275795 0.457361 0.864632 0.207925 0.681641 0.814453 1 12 1.000000
  12 -1.830487 6.096198 32.694305 -0.602606 0.797544 -0.028109 0.677734 0.873047 1 12 1.000000
hknight
  21 -12.416328 -1.392257 28.636599 -0.981851 -0.015170 -0.189048 0.380859 0.091797 2 21 0.554757 22 0.445243
  21 -3.806513 -4.109198 32.899536 -0.221566 -0.729823 0.646736 0.482422 0.091797 1 21 1.000000
  21 -7.069953 1.020188 33.146011 -0.949823 0.155692 0.271288 0.439453 0.048828 1 21 1.000000
hknight
  12 -1.830487 6.096198 32.694305 -0.602606 0.797544 -0.028109 0.677734 0.873047 1 12 1.000000
  12 -1.477096 6.089667 27.885618 -0.521339 0.827548 -0.208254 0.673828 0.939453 1 12 1.000000
  12 -2.668511 4.183480 27.928457 -0.861045 -0.175726 -0.477202 0.701172 0.939453 2 12 0.967222 21 0.032778
hknight
  12 -1.830487 6.096198 32.694305 -0.602606 0.797544 -0.028109 0.677734 0.873047 1 12 1.000000
  12 -2.668511 4.183480 27.928457 -0.861045 -0.175726 -0.477202 0.701172 0.939453 2 12 0.967222 21 0.032778
  12 -3.021902 3.236430 32.758568 -0.894809 -0.395025 0.208021 0.716797 0.880859 1 12 1.000000
hknight
  12 -0.089866 6.078477 27.387632 0.078686 0.902921 -0.422542 0.654297 0.943359 1 12 1.000000
  12 1.407189 6.078477 27.387632 -0.078686 0.902921 -0.422542 0.630859 0.943359 1 12 1.000000
  12 0.658662 4.976695 27.168264 -0.000000 -0.285253 -0.958452 0.642578 0.958984 1 12 1.000000
hknight
  12 -2.668511 4.183480 27.928457 -0.861045 -0.175726 -0.477202 0.701172 0.939453 2 12 0.967222 21 0.032778
  12 -1.477096 6.089667 27.885618 -0.521339 0.827548 -0.208254 0.673828 0.939453 1 12 1.000000
  12 -1.313269 4.994774 25.676531 -0.685687 0.333132 -0.647191 0.677734 0.970703 1 12 1.000000
hknight
  12 0.658662 6.647415 32.704170 0.000000 0.890417 0.455145 0.705078 0.724609 1 12 1.000000
  12 -0.556839 6.238336 33.564201 0.393833 0.808349 0.437570 0.705078 0.708984 1 12 1.000000
  12 0.658661 3.249957 32.780525 0.000000 -0.587279 0.809384 0.666016 0.724609 1 12 1.000000
hknight
  12 -0.089866 6.078477 27.387632 0.078686 0.902921 -0.422542 0.654297 0.943359 1 12 1.000000
  12 -0.397699 4.778714 24.727743 0.226337 -0.147189 -0.962864 0.666016 0.986328 1 12 1.000000
  12 -1.313269 4.994774 25.676531 -0.685687 0.333132 -0.647191 0.677734 0.970703 1 12 1.000000
hknight
  12 -0.089866 6.078477 27.387632 0.078686 0.902921 -0.422542 0.654297 0.943359 1 12 1.000000
  12 -1.313269 4.994774 25.676531 -0.685687 0.333132 -0.647191 0.677734 0.970703 1 12 1.000000
  12 -1.477096 6.089667 27.885618 -0.521339 0.827548 -0.208254 0.673828 0.939453 1 12 1.000000
hknight
  12 -0.397699 4.778714 24.727743 0.226337 -0.147189 -0.962864 0.498047 0.826172 1 12 1.000000
  12 -2.668511 4.183480 27.928457 -0.861045 -0.175726 -0.477202 0.470703 0.791016 2 12 0.967222 21 0.032778
  12 -1.313269 4.994774 25.676531 -0.685687 0.333132 -0.647191 0.482422 0.822266 1 12 1.000000
hknight
  12 -0.089866 6.078477 27.387632 0.078686 0.902921 -0.422542 0.654297 0.943359 1 12 1.000000
  12 0.658662 4.976695 27.168264 -0.000000 -0.285253 -0.958452 0.642578 0.958984 1 12 1.000000
  12 -0.397699 4.778714 24.727743 0.226337 -0.147189 -0.962864 0.666016 0.986328 1 12 1.000000
hknight
  12 -1.830487 6.096198 32.694305 -0.602606 0.797544 -0.028109 0.677734 0.873047 1 12 1.000000
  12 -1.277256 6.244255 37.275795 0.457361 0.864632 0.207925 0.681641 0.814453 1 12 1.000000
  12 -0.556839 6.238336 33.564201 0.393833 0.808349 0.437570 0.658203 0.857422 1 12 1.000000
hknight
  12 -3.241060 4.736976 37.381248 -0.967267 -0.105399 0.230835 0.712891 0.814453 1 12 1.000000
  12 -1.764832 5.353258 42.262993 0.047337 0.069486 0.996459 0.681641 0.748047 1 12 1.000000
  12 -1.277256 6.244255 37.275795 0.457361 0.864632 0.207925 0.681641 0.814453 1 12 1.000000
hknight
  12 -3.241060 4.736976 37.381248 -0.967267 -0.105399 0.230835 0.314453 0.810547 1 12 1.000000
  12 -1.413236 3.658704 35.945251 0.450898 -0.810895 0.373014 0.341797 0.826172 1 12 1.000000
  12 -1.764832 5.353258 42.262993 0.047337 0.069486 0.996459 0.341797 0.744141 1 12 1.000000
hknight
  12 -1.413236 3.658704 35.945251 0.450898 -0.810895 0.373014 0.646484 0.830078 1 12 1.000000
  12 -1.277256 6.244255 37.275795 0.457361 0.864632 0.207925 0.681641 0.814453 1 12 1.000000
  12 -1.764832 5.353258 42.262993 0.047337 0.069486 0.996459 0.681641 0.748047 1 12 1.000000
hknight
  12 -1.277256 6.244255 37.275795 0.457361 0.864632 0.207925 0.681641 0.814453 1 12 1.000000
  12 -1.413236 3.658704 35.945251 0.450898 -0.810895 0.373014 0.646484 0.830078 1 12 1.000000
  12 -0.556839 6.238336 33.564201 0.393833 0.808349 0.437570 0.658203 0.857422 1 12 1.000000
hknight
  12 0.658661 3.249957 32.780525 0.000000 -0.587279 0.809384 0.666016 0.724609 1 12 1.000000
  12 -0.556839 6.238336 33.564201 0.393833 0.808349 0.437570 0.705078 0.708984 1 12 1.000000
  12 -1.413236 3.658704 35.945251 0.450898 -0.810895 0.373014 0.693359 0.681641 1 12 1.000000
hknight
  12 -1.413236 3.658704 35.945251 0.450898 -0.810895 0.373014 0.341797 0.826172 1 12 1.000000
  12 -3.021902 3.236430 32.758568 -0.894809 -0.395025 0.208021 0.314453 0.873047 1 12 1.000000
  12 0.658661 3.249957 32.780525 0.000000 -0.587279 0.809384 0.365234 0.869141 1 12 1.000000
hknight
  12 -1.413236 3.658704 35.945251 0.450898 -0.810895 0.373014 0.341797 0.826172 1 12 1.000000
  12 -3.241060 4.736976 37.381248 -0.967267 -0.105399 0.230835 0.314453 0.810547 1 12 1.000000
  12 -3.021902 3.236430 32.758568 -0.894809 -0.395025 0.208021 0.314453 0.873047 1 12 1.000000
hknight
  12 -3.241060 4.736976 37.381248 -0.967267 -0.105399 0.230835 0.712891 0.814453 1 12 1.000000
  12 -1.830487 6.096198 32.694305 -0.602606 0.797544 -0.028109 0.677734 0.873047 1 12 1.000000
  12 -3.021902 3.236430 32.758568 -0.894809 -0.395025 0.208021 0.716797 0.880859 1 12 1.000000
hknight
  12 -1.830487 6.096198 32.694305 -0.602606 0.797544 -0.028109 0.677734 0.873047 1 12 1.000000
  12 -0.556839 6.238336 33.564201 0.393833 0.808349 0.437570 0.658203 0.857422 1 12 1.000000
  12 0.658662 6.647415 32.704170 0.000000 0.890417 0.455145 0.642578 0.873047 1 12 1.000000
hknight
  39 -2.620794 1.050262 6.292315 0.000000 1.000000 0.000787 0.509766 0.728516 2 39 0.608354 40 0.391646
  39 3.938116 1.050261 6.292315 0.000000 1.000000 0.000787 0.509766 0.650391 2 39 0.677123 40 0.322877
  40 3.938739 1.552114 -1.580151 0.000000 0.997974 0.063619 0.427734 0.650391 1 40 1.000000
hknight
  39 -2.620794 1.050262 6.292315 0.000000 1.000000 0.000787 0.509766 0.728516 2 39 0.608354 40 0.391646
  40 3.938739 1.552114 -1.580151 0.000000 0.997974 0.063619 0.427734 0.650391 1 40 1.000000
  40 -2.621416 1.552115 -1.580151 0.000000 0.997974 0.063619 0.427734 0.728516 1 40 1.000000
hknight
  34 -3.023863 1.583997 15.129805 0.000000 0.998181 -0.060285 0.599609 0.732422 4 34 0.333133 10 0.324180 39 0.225195 28 0.117492
  39 4.341186 1.583997 15.129805 0.000000 0.998181 -0.060285 0.599609 0.646484 4 39 0.487309 10 0.196532 29 0.171790 28 0.144369
  39 3.938116 1.050261 6.292315 0.000000 1.000000 0.000787 0.509766 0.650391 2 39 0.677123 40 0.322877
hknight
  34 -3.023863 1.583997 15.129805 0.000000 0.998181 -0.060285 0.599609 0.732422 4 34 0.333133 10 0.324180 39 0.225195 28 0.117492
  39 3.938116 1.050261 6.292315 0.000000 1.000000 0.000787 0.509766 0.650391 2 39 0.677123 40 0.322877
  39 -2.620794 1.050262 6.292315 0.000000 1.000000 0.000787 0.509766 0.728516 2 39 0.608354 40 0.391646
hknight
  34 -5.212996 -4.642610 -0.234198 -0.018434 -0.995288 -0.095196 0.830078 0.126953 2 34 0.837927 35 0.162073
  35 -2.007060 -2.714335 -2.375204 0.990630 -0.108262 -0.083257 0.787109 0.150391 2 35 0.885191 34 0.114809
  28 -0.034660 -3.520432 9.772051 0.590040 0.184876 -0.785922 0.787109 0.025391 2 28 0.921678 34 0.078322
hknight
  34 -5.212996 -4.642610 -0.234198 -0.018434 -0.995288 -0.095196 0.830078 0.126953 2 34 0.837927 35 0.162073
  28 -0.034660 -3.520432 9.772051 0.590040 0.184876 -0.785922 0.787109 0.025391 2 28 0.921678 34 0.078322
  28 -1.155444 -7.585114 11.420164 0.078023 -0.955912 -0.283098 0.830078 0.009766 3 28 0.787220 34 0.205368 29 0.007412
hknight
  10 -3.588117 -7.410247 25.274530 -0.269090 -0.962164 0.042781 0.482422 0.197266 4 10 0.385740 21 0.348293 11 0.250373 34 0.015595
  10 4.905438 -7.410248 25.274530 0.269090 -0.962164 0.042781 0.568359 0.197266 3 10 0.391851 13 0.353810 11 0.254339
  13 5.123835 -4.109199 32.899536 0.221566 -0.729823 0.646736 0.568359 0.091797 3 13 0.940019 11 0.051134 10 0.008848
hknight
  10 -3.588117 -7.410247 25.274530 -0.269090 -0.962164 0.042781 0.482422 0.197266 4 10 0.385740 21 0.348293 11 0.250373 34 0.015595
  13 5.123835 -4.109199 32.899536 0.221566 -0.729823 0.646736 0.568359 0.091797 3 13 0.940019 11 0.051134 10 0.008848
  21 -3.806513 -4.109198 32.899536 -0.221566 -0.729823 0.646736 0.482422 0.091797 1 21 1.000000
hknight
  11 -3.588117 3.475573 23.164469 -0.267350 0.929104 -0.255518 0.576172 0.494141 3 11 0.514275 10 0.434133 21 0.051592
  21 -8.732877 2.618203 24.920149 -0.286114 0.917373 -0.276703 0.630859 0.466797 2 21 0.697637 22 0.302363
  21 -4.593798 3.731169 26.892698 -0.035743 0.995821 0.084040 0.583984 0.455078 2 21 0.985402 22 0.014598
hknight
  22 -10.949471 -6.513659 26.878065 -0.233983 -0.889539 0.392393 0.400391 0.146484 2 22 0.899519 21 0.100481
  10 -3.588117 -7.410247 25.274530 -0.269090 -0.962164 0.042781 0.482422 0.197266 4 10 0.385740 21 0.348293 11 0.250373 34 0.015595
  21 -3.806513 -4.109198 32.899536 -0.221566 -0.729823 0.646736 0.482422 0.091797 1 21 1.000000
hknight
  10 -3.588117 -7.410247 25.274530 -0.269090 -0.962164 0.042781 0.482422 0.197266 4 10 0.385740 21 0.348293 11 0.250373 34 0.015595
  22 -10.949471 -6.513659 26.878065 -0.233983 -0.889539 0.392393 0.400391 0.146484 2 22 0.899519 21 0.100481
  10 -6.999122 -0.901707 23.341585 -0.304958 0.048119 -0.951150 0.400391 0.220703 3 10 0.347448 21 0.345550 22 0.307002
hknight
  11 -3.588117 3.475573 23.164469 -0.267350 0.929104 -0.255518 0.576172 0.494141 3 11 0.514275 10 0.434133 21 0.051592
  10 -6.999122 -0.901707 23.341585 -0.304958 0.048119 -0.951150 0.630859 0.501953 3 10 0.347448 21 0.345550 22 0.307002
  21 -8.732877 2.618203 24.920149 -0.286114 0.917373 -0.276703 0.630859 0.466797 2 21 0.697637 22 0.302363
hknight
  22 -10.488929 -5.915158 21.676565 0.568710 -0.652060 -0.501385 0.083984 0.955078 1 22 1.000000
  22 -10.363761 0.332700 20.733290 0.441938 0.403093 -0.801378 0.033203 0.955078 1 22 1.000000
  10 -6.999122 -0.901707 23.341585 -0.304958 0.048119 -0.951150 0.041016 0.990234 3 10 0.347448 21 0.345550 22 0.307002
hknight
  22 -10.363761 0.332700 20.733290 0.441938 0.403093 -0.801378 0.033203 0.955078 1 22 1.000000
  22 -12.621141 2.232864 22.797266 -0.255817 0.962140 -0.094049 0.005859 0.943359 1 22 1.000000
  21 -8.732877 2.618203 24.920149 -0.286114 0.917373 -0.276703 0.005859 0.990234 2 21 0.697637 22 0.302363
hknight
  22 -12.788306 -6.986786 24.271551 -0.194641 -0.957980 0.210686 0.115234 0.955078 1 22 1.000000
  22 -10.488929 -5.915158 21.676565 0.568710 -0.652060 -0.501385 0.083984 0.955078 1 22 1.000000
  22 -10.949471 -6.513659 26.878065 -0.233983 -0.889539 0.392393 0.115234 0.990234 2 22 0.899519 21 0.100481
hknight
  22 -10.949471 -6.513659 26.878065 -0.233983 -0.889539 0.392393 0.115234 0.990234 2 22 0.899519 21 0.100481
  22 -10.488929 -5.915158 21.676565 0.568710 -0.652060 -0.501385 0.083984 0.955078 1 22 1.000000
  10 -6.999122 -0.901707 23.341585 -0.304958 0.048119 -0.951150 0.041016 0.990234 3 10 0.347448 21 0.345550 22 0.307002
hknight
  10 -6.999122 -0.901707 23.341585 -0.304958 0.048119 -0.951150 0.041016 0.990234 3 10 0.347448 21 0.345550 22 0.307002
  22 -10.363761 0.332700 20.733290 0.441938 0.403093 -0.801378 0.033203 0.955078 1 22 1.000000
  21 -8.732877 2.618203 24.920149 -0.286114 0.917373 -0.276703 0.005859 0.990234 2 21 0.697637 22 0.302363
hknight
  22 -10.949471 -6.513659 26.878065 -0.233983 -0.889539 0.392393 0.126953 0.990234 2 22 0.899519 21 0.100481
  22 -10.280741 -1.387900 28.803473 -0.801644 -0.080136 -0.592406 0.177734 0.990234 2 22 0.776772 21 0.223228
  22 -14.859015 -1.949395 26.421423 -0.693507 0.151045 0.704438 0.177734 0.947266 1 22 1.000000
hknight
  22 -10.949471 -6.513659 26.878065 -0.233983 -0.889539 0.392393 0.126953 0.990234 2 22 0.899519 21 0.100481
  22 -14.859015 -1.949395 26.421423 -0.693507 0.151045 0.704438 0.177734 0.947266 1 22 1.000000
  22 -12.788306 -6.986786 24.271551 -0.194641 -0.957980 0.210686 0.126953 0.955078 1 22 1.000000
hknight
  21 -12.416328 -1.392257 28.636599 -0.981851 -0.015170 -0.189048 0.669922 0.419922 2 21 0.554757 22 0.445243
  21 -8.732877 2.618203 24.920149 -0.286114 0.917373 -0.276703 0.630859 0.466797 2 21 0.697637 22 0.302363
  22 -10.280741 -1.387900 28.803473 -0.801644 -0.080136 -0.592406 0.685547 0.435547 2 22 0.776772 21 0.223228
hknight
  22 -10.363761 0.332700 20.733290 0.441938 0.403093 -0.801378 0.033203 0.955078 1 22 1.000000
  22 -10.488929 -5.915158 21.676565 0.568710 -0.652060 -0.501385 0.083984 0.955078 1 22 1.000000
  22 -14.947860 -3.378559 17.999723 0.571715 -0.121941 -0.811339 0.068359 0.892578 2 22 0.891145 23 0.108855
hknight
  22 -14.859015 -1.949395 26.421423 -0.693507 0.151045 0.704438 0.177734 0.947266 1 22 1.000000
  22 -18.364202 -2.767278 21.815119 -0.676048 0.132291 0.724885 0.193359 0.888672 2 22 0.904012 23 0.095988
  22 -16.775339 -6.000036 20.259024 -0.126887 -0.985029 0.116698 0.146484 0.896484 2 22 0.926750 23 0.073250
hknight
  22 -14.859015 -1.949395 26.421423 -0.693507 0.151045 0.704438 0.177734 0.947266 1 22 1.000000
  22 -16.775339 -6.000036 20.259024 -0.126887 -0.985029 0.116698 0.146484 0.896484 2 22 0.926750 23 0.073250
  22 -12.788306 -6.986786 24.271551 -0.194641 -0.957980 0.210686 0.126953 0.955078 1 22 1.000000
hknight
  22 -12.621141 2.232864 22.797266 -0.255817 0.962140 -0.094049 0.236328 0.943359 1 22 1.000000
  22 -16.646002 -0.191720 19.358866 -0.137756 0.966669 -0.215809 0.236328 0.884766 2 22 0.848848 23 0.151152
  22 -18.364202 -2.767278 21.815119 -0.676048 0.132291 0.724885 0.193359 0.888672 2 22 0.904012 23 0.095988
hknight
  22 -12.621141 2.232864 22.797266 -0.255817 0.962140 -0.094049 0.236328 0.943359 1 22 1.000000
  22 -18.364202 -2.767278 21.815119 -0.676048 0.132291 0.724885 0.193359 0.888672 2 22 0.904012 23 0.095988
  22 -14.859015 -1.949395 26.421423 -0.693507 0.151045 0.704438 0.177734 0.947266 1 22 1.000000
hknight
  22 -10.488929 -5.915158 21.676565 0.568710 -0.652060 -0.501385 0.083984 0.955078 1 22 1.000000
  22 -12.788306 -6.986786 24.271551 -0.194641 -0.957980 0.210686 0.115234 0.955078 1 22 1.000000
  22 -16.775339 -6.000036 20.259024 -0.126887 -0.985029 0.116698 0.115234 0.896484 2 22 0.926750 23 0.073250
hknight
  22 -10.488929 -5.915158 21.676565 0.568710 -0.652060 -0.501385 0.083984 0.955078 1 22 1.000000
  22 -16.775339 -6.000036 20.259024 -0.126887 -0.985029 0.116698 0.115234 0.896484 2 22 0.926750 23 0.073250
  22 -14.947860 -3.378559 17.999723 0.571715 -0.121941 -0.811339 0.068359 0.892578 2 22 0.891145 23 0.108855
hknight
  22 -10.363761 0.332700 20.733290 0.441938 0.403093 -0.801378 0.033203 0.955078 1 22 1.000000
  22 -14.947860 -3.378559 17.999723 0.571715 -0.121941 -0.811339 0.068359 0.892578 2 22 0.891145 23 0.108855
  22 -16.646002 -0.191720 19.358866 -0.137756 0.966669 -0.215809 0.025391 0.884766 2 22 0.848848 23 0.151152
hknight
  22 -10.363761 0.332700 20.733290 0.441938 0.403093 -0.801378 0.033203 0.955078 1 22 1.000000
  22 -16.646002 -0.191720 19.358866 -0.137756 0.966669 -0.215809 0.025391 0.884766 2 22 0.848848 23 0.151152
  22 -12.621141 2.232864 22.797266 -0.255817 0.962140 -0.094049 0.005859 0.943359 1 22 1.000000
hknight
  22 -16.775339 -6.000036 20.259024 -0.126887 -0.985029 0.116698 0.115234 0.896484 2 22 0.926750 23 0.073250
  23 -19.742817 -6.632178 18.077127 -0.133177 -0.986705 0.093147 0.115234 0.857422 2 23 0.896850 22 0.103150
  23 -16.482121 -3.750790 15.944368 0.669273 -0.166215 -0.724186 0.068359 0.865234 2 23 0.813168 22 0.186832
hknight
  22 -14.947860 -3.378559 17.999723 0.571715 -0.121941 -0.811339 0.068359 0.892578 2 22 0.891145 23 0.108855
  23 -16.482121 -3.750790 15.944368 0.669273 -0.166215 -0.724186 0.068359 0.865234 2 23 0.813168 22 0.186832
  23 -18.576681 -0.305117 17.822012 0.083052 0.988884 -0.123329 0.025391 0.861328 2 23 0.849387 22 0.150613
hknight
  22 -14.947860 -3.378559 17.999723 0.571715 -0.121941 -0.811339 0.068359 0.892578 2 22 0.891145 23 0.108855
  23 -18.576681 -0.305117 17.822012 0.083052 0.988884 -0.123329 0.025391 0.861328 2 23 0.849387 22 0.150613
  22 -16.646002 -0.191720 19.358866 -0.137756 0.966669 -0.215809 0.025391 0.884766 2 22 0.848848 23 0.151152
hknight
  22 -16.775339 -6.000036 20.259024 -0.126887 -0.985029 0.116698 0.146484 0.896484 2 22 0.926750 23 0.073250
  23 -20.685966 -2.979330 20.662348 -0.632194 0.101095 0.768186 0.193359 0.861328 2 23 0.863613 22 0.136387
  23 -19.742817 -6.632178 18.077127 -0.133177 -0.986705 0.093147 0.146484 0.857422 2 23 0.896850 22 0.103150
hknight
  22 -16.646002 -0.191720 19.358866 -0.137756 0.966669 -0.215809 0.236328 0.884766 2 22 0.848848 23 0.151152
  23 -18.576681 -0.305117 17.822012 0.083052 0.988884 -0.123329 0.236328 0.861328 2 23 0.849387 22 0.150613
  23 -20.685966 -2.979330 20.662348 -0.632194 0.101095 0.768186 0.193359 0.861328 2 23 0.863613 22 0.136387
hknight
  22 -16.646002 -0.191720 19.358866 -0.137756 0.966669 -0.215809 0.236328 0.884766 2 22 0.848848 23 0.151152
  23 -20.685966 -2.979330 20.662348 -0.632194 0.101095 0.768186 0.193359 0.861328 2 23 0.863613 22 0.136387
  22 -18.364202 -2.767278 21.815119 -0.676048 0.132291 0.724885 0.193359 0.888672 2 22 0.904012 23 0.095988
hknight
  13 0.658661 1.591777 38.725945 0.000000 0.368244 0.929729 0.365234 0.994141 3 13 0.436879 21 0.436879 11 0.126242
  21 -4.118096 0.932339 31.101583 0.513811 0.848161 0.128923 0.298828 0.908203 2 21 0.990208 11 0.009792
  21 -4.508904 3.028325 35.374702 0.200866 0.785786 0.584973 0.302734 0.966797 2 21 0.936504 11 0.063496
hknight
  21 -4.118096 0.932339 31.101583 0.513811 0.848161 0.128923 0.298828 0.908203 2 21 0.990208 11 0.009792
  21 -4.593798 3.731169 26.892698 -0.035743 0.995821 0.084040 0.259766 0.880859 2 21 0.985402 22 0.014598
  21 -5.701956 4.708831 32.035339 0.042317 0.937511 0.345372 0.267578 0.931641 1 21 1.000000
hknight
  21 -4.118096 0.932339 31.101583 0.513811 0.848161 0.128923 0.298828 0.908203 2 21 0.990208 11 0.009792
  21 -5.701956 4.708831 32.035339 0.042317 0.937511 0.345372 0.267578 0.931641 1 21 1.000000
  21 -4.508904 3.028325 35.374702 0.200866 0.785786 0.584973 0.302734 0.966797 2 21 0.936504 11 0.063496
hknight
  12 0.658661 2.800385 27.846781 -0.000501 0.722787 -0.691071 0.259766 0.826172 2 12 0.772739 11 0.227261
  21 -4.593798 3.731169 26.892698 -0.035743 0.995821 0.084040 0.259766 0.880859 2 21 0.985402 22 0.014598
  21 -4.118096 0.932339 31.101583 0.513811 0.848161 0.128923 0.298828 0.908203 2 21 0.990208 11 0.009792
hknight
  21 -5.701956 4.708831 32.035339 0.042317 0.937511 0.345372 0.576172 0.404297 1 21 1.000000
  21 -7.069953 1.020188 33.146011 -0.949823 0.155692 0.271288 0.611328 0.376953 1 21 1.000000
  21 -4.508904 3.028325 35.374702 0.200866 0.785786 0.584973 0.576172 0.361328 2 21 0.936504 11 0.063496
hknight
  11 -3.588117 3.475573 23.164469 -0.267350 0.929104 -0.255518 0.576172 0.494141 3 11 0.514275 10 0.434133 21 0.051592
  12 0.658661 2.800385 27.846781 -0.000501 0.722787 -0.691071 0.529297 0.447266 2 12 0.772739 11 0.227261
  11 4.905440 3.475573 23.164469 0.267350 0.929104 -0.255518 0.482422 0.494141 3 11 0.514275 10 0.434133 13 0.051592
hknight
  12 -2.668511 4.183480 27.928457 -0.861045 -0.175726 -0.477202 0.470703 0.791016 2 12 0.967222 21 0.032778
  12 0.658662 4.976695 27.168264 -0.000000 -0.285253 -0.958452 0.517578 0.798828 1 12 1.000000
  12 0.658661 2.800385 27.846781 -0.000501 0.722787 -0.691071 0.517578 0.771484 2 12 0.772739 11 0.227261
hknight
  12 0.658662 4.976695 27.168264 -0.000000 -0.285253 -0.958452 0.517578 0.798828 1 12 1.000000
  12 -2.668511 4.183480 27.928457 -0.861045 -0.175726 -0.477202 0.470703 0.791016 2 12 0.967222 21 0.032778
  12 -0.397699 4.778714 24.727743 0.226337 -0.147189 -0.962864 0.498047 0.826172 1 12 1.000000
hknight
  35 -3.598907 -3.832679 -19.531361 0.968633 -0.186452 0.164272 0.869141 0.462891 1 35 1.000000
  35 -6.232445 -5.983273 -18.648249 -0.040823 -0.995996 0.079533 0.861328 0.427734 1 35 1.000000
  37 -6.177935 -6.356559 -21.013872 0.121268 -0.341039 0.932194 0.880859 0.423828 1 37 1.000000
hknight
  35 -8.236039 -4.031507 -19.531361 -0.950426 -0.142724 0.276262 0.939453 0.462891 1 35 1.000000
  37 -6.177935 -6.356559 -21.013872 0.121268 -0.341039 0.932194 0.951172 0.423828 1 37 1.000000
  35 -6.232445 -5.983273 -18.648249 -0.040823 -0.995996 0.079533 0.931641 0.427734 1 35 1.000000
hknight
  12 0.658661 2.800385 27.846781 -0.000501 0.722787 -0.691071 0.529297 0.447266 2 12 0.772739 11 0.227261
  13 5.911121 3.731168 26.892698 0.035743 0.995821 0.084040 0.474609 0.455078 3 13 0.890012 11 0.108389 14 0.001599
  11 4.905440 3.475573 23.164469 0.267350 0.929104 -0.255518 0.482422 0.494141 3 11 0.514275 10 0.434133 13 0.051592
hknight
  35 -8.467990 -2.938983 -2.375204 -0.989706 -0.135653 0.045613 0.947266 0.150391 2 35 0.887711 34 0.112289
  34 -5.078434 5.358066 -2.235661 0.006859 0.999920 -0.010649 0.857422 0.158203 2 34 0.507855 35 0.492145
  35 -5.038857 1.668245 -4.102772 0.041594 0.753032 -0.656668 0.892578 0.173828 2 35 0.938248 34 0.061752
hknight
  34 -5.078434 5.358066 -2.235661 0.006859 0.999920 -0.010649 0.701172 0.162109 2 34 0.507855 35 0.492145
  35 -2.007060 -2.714335 -2.375204 0.990630 -0.108262 -0.083257 0.787109 0.150391 2 35 0.885191 34 0.114809
  35 -5.038857 1.668245 -4.102772 0.041594 0.753032 -0.656668 0.736328 0.177734 2 35 0.938248 34 0.061752
hknight
  13 0.658661 1.591777 38.725945 0.000000 0.368244 0.929729 0.365234 0.994141 3 13 0.436879 21 0.436879 11 0.126242
  13 5.435419 0.932338 31.101583 -0.513811 0.848161 0.128923 0.431641 0.908203 2 13 0.785133 11 0.214867
  11 3.176636 0.932339 31.101583 0.414477 0.779297 0.470005 0.400391 0.908203 1 11 1.000000
hknight
  11 -1.836388 0.932339 31.101583 -0.414578 0.777602 0.472717 0.330078 0.908203 1 11 1.000000
  21 -4.118096 0.932339 31.101583 0.513811 0.848161 0.128923 0.298828 0.908203 2 21 0.990208 11 0.009792
  13 0.658661 1.591777 38.725945 0.000000 0.368244 0.929729 0.365234 0.994141 3 13 0.436879 21 0.436879 11 0.126242
hknight
  23 -22.884535 -0.261110 13.365992 0.234214 0.947816 -0.216307 0.025391 0.794922 1 23 1.000000
  23 -22.441341 -3.934483 12.621058 0.628548 -0.230901 -0.742706 0.076172 0.794922 1 23 1.000000
  26 -28.887367 0.365561 7.718721 0.425658 0.808271 -0.406833 0.025391 0.708984 4 26 0.865121 24 0.068381 23 0.050956 27 0.015541
hknight
  35 -5.408230 -5.664421 -6.743776 0.008666 -0.998524 0.053611 0.986328 0.193359 2 35 0.989396 34 0.010604
  35 -8.467990 -2.938983 -2.375204 -0.989706 -0.135653 0.045613 0.947266 0.150391 2 35 0.887711 34 0.112289
  35 -8.236039 -4.031507 -19.531361 -0.950426 -0.142724 0.276262 0.923828 0.322266 1 35 1.000000
hknight
  35 -5.408230 -5.664421 -6.743776 0.008666 -0.998524 0.053611 0.986328 0.193359 2 35 0.989396 34 0.010604
  35 -8.236039 -4.031507 -19.531361 -0.950426 -0.142724 0.276262 0.923828 0.322266 1 35 1.000000
  35 -6.232445 -5.983273 -18.648249 -0.040823 -0.995996 0.079533 0.958984 0.314453 1 35 1.000000
hknight
  35 -5.408230 -5.664421 -6.743776 0.008666 -0.998524 0.053611 0.830078 0.197266 2 35 0.989396 34 0.010604
  35 -6.232445 -5.983273 -18.648249 -0.040823 -0.995996 0.079533 0.802734 0.318359 1 35 1.000000
  35 -3.598907 -3.832679 -19.531361 0.968633 -0.186452 0.164272 0.767578 0.326172 1 35 1.000000
hknight
  35 -5.408230 -5.664421 -6.743776 0.008666 -0.998524 0.053611 0.830078 0.197266 2 35 0.989396 34 0.010604
  35 -3.598907 -3.832679 -19.531361 0.968633 -0.186452 0.164272 0.767578 0.326172 1 35 1.000000
  35 -2.007060 -2.714335 -2.375204 0.990630 -0.108262 -0.083257 0.787109 0.150391 2 35 0.885191 34 0.114809
hknight
  23 -23.420696 -5.383279 13.567984 -0.024403 -0.999702 0.000057 0.146484 0.794922 1 23 1.000000
  23 -25.064985 -2.552716 15.686911 -0.666887 0.129702 0.733784 0.197266 0.794922 1 23 1.000000
  24 -31.942406 -4.354656 9.128599 -0.441667 -0.463037 0.768458 0.162109 0.685547 1 24 1.000000
hknight
  23 -22.441341 -3.934483 12.621058 0.628548 -0.230901 -0.742706 0.076172 0.794922 1 23 1.000000
  26 -29.673754 -6.435981 7.192888 0.133300 -0.878491 -0.458786 0.099609 0.697266 2 26 0.835079 24 0.164921
  26 -28.887367 0.365561 7.718721 0.425658 0.808271 -0.406833 0.025391 0.708984 4 26 0.865121 24 0.068381 23 0.050956 27 0.015541
hknight
  23 -25.064985 -2.552716 15.686911 -0.666887 0.129702 0.733784 0.197266 0.794922 1 23 1.000000
  23 -22.884535 -0.261110 13.365992 0.234214 0.947816 -0.216307 0.236328 0.794922 1 23 1.000000
  24 -30.613155 -0.370559 9.554152 -0.369235 0.680535 0.632881 0.208984 0.701172 2 24 0.586505 23 0.413495
hknight
  23 -22.884535 -0.261110 13.365992 0.234214 0.947816 -0.216307 0.236328 0.794922 1 23 1.000000
  26 -28.887367 0.365561 7.718721 0.425658 0.808271 -0.406833 0.236328 0.708984 4 26 0.865121 24 0.068381 23 0.050956 27 0.015541
  24 -30.613155 -0.370559 9.554152 -0.369235 0.680535 0.632881 0.208984 0.701172 2 24 0.586505 23 0.413495
hknight
  23 -23.420696 -5.383279 13.567984 -0.024403 -0.999702 0.000057 0.146484 0.794922 1 23 1.000000
  24 -31.942406 -4.354656 9.128599 -0.441667 -0.463037 0.768458 0.162109 0.685547 1 24 1.000000
  26 -29.673754 -6.435981 7.192888 0.133300 -0.878491 -0.458786 0.123047 0.697266 2 26 0.835079 24 0.164921
hknight
  23 -22.441341 -3.934483 12.621058 0.628548 -0.230901 -0.742706 0.076172 0.794922 1 23 1.000000
  23 -23.420696 -5.383279 13.567984 -0.024403 -0.999702 0.000057 0.099609 0.794922 1 23 1.000000
  26 -29.673754 -6.435981 7.192888 0.133300 -0.878491 -0.458786 0.099609 0.697266 2 26 0.835079 24 0.164921
hknight
  23 -25.064985 -2.552716 15.686911 -0.666887 0.129702 0.733784 0.197266 0.794922 1 23 1.000000
  24 -30.613155 -0.370559 9.554152 -0.369235 0.680535 0.632881 0.208984 0.701172 2 24 0.586505 23 0.413495
  24 -31.942406 -4.354656 9.128599 -0.441667 -0.463037 0.768458 0.162109 0.685547 1 24 1.000000
hknight
  26 -28.887367 0.365561 7.718721 0.425658 0.808271 -0.406833 0.236328 0.708984 4 26 0.865121 24 0.068381 23 0.050956 27 0.015541
  26 -31.793446 0.244925 7.063398 -0.140639 0.983745 -0.111657 0.228516 0.677734 2 26 0.608448 24 0.391552
  24 -30.613155 -0.370559 9.554152 -0.369235 0.680535 0.632881 0.208984 0.701172 2 24 0.586505 23 0.413495
hknight
  26 -28.887367 0.365561 7.718721 0.425658 0.808271 -0.406833 0.025391 0.708984 4 26 0.865121 24 0.068381 23 0.050956 27 0.015541
  26 -33.150116 -0.026845 4.799314 -0.593000 0.782856 -0.188380 0.025391 0.654297 2 26 0.676295 27 0.323705
  26 -31.793446 0.244925 7.063398 -0.140639 0.983745 -0.111657 0.013672 0.677734 2 26 0.608448 24 0.391552
hknight
  26 -29.673754 -6.435981 7.192888 0.133300 -0.878491 -0.458786 0.248047 0.482422 2 26 0.835079 24 0.164921
  26 -31.793446 0.244925 7.063398 -0.140639 0.983745 -0.111657 0.177734 0.501953 2 26 0.608448 24 0.391552
  26 -33.150116 -0.026845 4.799314 -0.593000 0.782856 -0.188380 0.177734 0.466797 2 26 0.676295 27 0.323705
hknight
  26 -29.673754 -6.435981 7.192888 0.133300 -0.878491 -0.458786 0.248047 0.482422 2 26 0.835079 24 0.164921
  26 -33.150116 -0.026845 4.799314 -0.593000 0.782856 -0.188380 0.177734 0.466797 2 26 0.676295 27 0.323705
  26 -32.584057 -3.196928 4.950954 -0.571762 -0.816260 0.082505 0.212891 0.466797 2 26 0.536819 27 0.463181
hknight
  26 -29.673754 -6.435981 7.192888 0.133300 -0.878491 -0.458786 0.099609 0.697266 2 26 0.835079 24 0.164921
  26 -32.584057 -3.196928 4.950954 -0.571762 -0.816260 0.082505 0.068359 0.654297 2 26 0.536819 27 0.463181
  27 -32.330189 -1.846492 3.835459 0.416223 0.101425 -0.903588 0.048828 0.654297 2 27 0.523298 26 0.476702
hknight
  27 -32.330189 -1.846492 3.835459 0.416223 0.101425 -0.903588 0.048828 0.654297 2 27 0.523298 26 0.476702
  27 -35.948391 -4.959792 2.496796 -0.663457 -0.626584 -0.408921 0.068359 0.615234 1 27 1.000000
  26 -33.150116 -0.026845 4.799314 -0.593000 0.782856 -0.188380 0.025391 0.654297 2 26 0.676295 27 0.323705
hknight
  26 -32.584057 -3.196928 4.950954 -0.571762 -0.816260 0.082505 0.212891 0.466797 2 26 0.536819 27 0.463181
  26 -33.150116 -0.026845 4.799314 -0.593000 0.782856 -0.188380 0.177734 0.466797 2 26 0.676295 27 0.323705
  27 -35.948391 -4.959792 2.496796 -0.663457 -0.626584 -0.408921 0.212891 0.427734 1 27 1.000000
hknight
  27 -32.330189 -1.846492 3.835459 0.416223 0.101425 -0.903588 0.048828 0.654297 2 27 0.523298 26 0.476702
  26 -32.584057 -3.196928 4.950954 -0.571762 -0.816260 0.082505 0.068359 0.654297 2 26 0.536819 27 0.463181
  27 -35.948391 -4.959792 2.496796 -0.663457 -0.626584 -0.408921 0.068359 0.615234 1 27 1.000000
hknight
  24 -31.942406 -4.354656 9.128599 -0.441667 -0.463037 0.768458 0.162109 0.685547 1 24 1.000000
  24 -34.918427 -5.035516 6.676622 0.002640 -0.944744 -0.327798 0.158203 0.638672 2 24 0.801156 25 0.198844
  26 -29.673754 -6.435981 7.192888 0.133300 -0.878491 -0.458786 0.123047 0.697266 2 26 0.835079 24 0.164921
hknight
  24 -30.613155 -0.370559 9.554152 -0.369235 0.680535 0.632881 0.208984 0.701172 2 24 0.586505 23 0.413495
  25 -35.261181 0.864175 6.059452 0.174985 0.913645 -0.366925 0.224609 0.638672 2 25 0.534552 24 0.465448
  25 -36.451653 -0.109105 7.261663 -0.601651 0.463735 0.650358 0.208984 0.638672 2 25 0.790091 24 0.209909
hknight
  26 -31.793446 0.244925 7.063398 -0.140639 0.983745 -0.111657 0.177734 0.501953 2 26 0.608448 24 0.391552
  26 -29.673754 -6.435981 7.192888 0.133300 -0.878491 -0.458786 0.248047 0.482422 2 26 0.835079 24 0.164921
  24 -34.918427 -5.035516 6.676622 0.002640 -0.944744 -0.327798 0.240234 0.541016 2 24 0.801156 25 0.198844
hknight
  24 -31.942406 -4.354656 9.128599 -0.441667 -0.463037 0.768458 0.162109 0.685547 1 24 1.000000
  25 -36.451653 -0.109105 7.261663 -0.601651 0.463735 0.650358 0.208984 0.638672 2 25 0.790091 24 0.209909
  24 -36.266048 -3.925088 7.628864 -0.599676 -0.369351 0.709907 0.173828 0.638672 2 24 0.545481 25 0.454519
hknight
  25 -35.261181 0.864175 6.059452 0.174985 0.913645 -0.366925 0.177734 0.541016 2 25 0.534552 24 0.465448
  24 -34.918427 -5.035516 6.676622 0.002640 -0.944744 -0.327798 0.240234 0.541016 2 24 0.801156 25 0.198844
  25 -38.072697 -4.732548 3.829445 -0.495421 -0.603173 -0.625093 0.232422 0.583984 1 25 1.000000
hknight
  25 -36.451653 -0.109105 7.261663 -0.601651 0.463735 0.650358 0.208984 0.638672 2 25 0.790091 24 0.209909
  25 -38.072697 -4.732548 3.829445 -0.495421 -0.603173 -0.625093 0.169922 0.595703 1 25 1.000000
  24 -36.266048 -3.925088 7.628864 -0.599676 -0.369351 0.709907 0.173828 0.638672 2 24 0.545481 25 0.454519
hknight
  24 -36.266048 -3.925088 7.628864 -0.599676 -0.369351 0.709907 0.173828 0.638672 2 24 0.545481 25 0.454519
  25 -38.072697 -4.732548 3.829445 -0.495421 -0.603173 -0.625093 0.169922 0.595703 1 25 1.000000
  24 -34.918427 -5.035516 6.676622 0.002640 -0.944744 -0.327798 0.158203 0.638672 2 24 0.801156 25 0.198844
hknight
  25 -35.261181 0.864175 6.059452 0.174985 0.913645 -0.366925 0.224609 0.638672 2 25 0.534552 24 0.465448
  25 -38.237862 0.219830 3.213686 -0.493161 0.473100 -0.730047 0.224609 0.595703 1 25 1.000000
  25 -36.451653 -0.109105 7.261663 -0.601651 0.463735 0.650358 0.208984 0.638672 2 25 0.790091 24 0.209909
hknight
  26 -31.793446 0.244925 7.063398 -0.140639 0.983745 -0.111657 0.228516 0.677734 2 26 0.608448 24 0.391552
  25 -35.261181 0.864175 6.059452 0.174985 0.913645 -0.366925 0.224609 0.638672 2 25 0.534552 24 0.465448
  24 -30.613155 -0.370559 9.554152 -0.369235 0.680535 0.632881 0.208984 0.701172 2 24 0.586505 23 0.413495
hknight
  24 -36.266048 -3.925088 7.628864 -0.599676 -0.369351 0.709907 0.173828 0.638672 2 24 0.545481 25 0.454519
  24 -34.918427 -5.035516 6.676622 0.002640 -0.944744 -0.327798 0.158203 0.638672 2 24 0.801156 25 0.198844
  24 -31.942406 -4.354656 9.128599 -0.441667 -0.463037 0.768458 0.162109 0.685547 1 24 1.000000
hknight
  25 -35.261181 0.864175 6.059452 0.174985 0.913645 -0.366925 0.177734 0.541016 2 25 0.534552 24 0.465448
  26 -31.793446 0.244925 7.063398 -0.140639 0.983745 -0.111657 0.177734 0.501953 2 26 0.608448 24 0.391552
  24 -34.918427 -5.035516 6.676622 0.002640 -0.944744 -0.327798 0.240234 0.541016 2 24 0.801156 25 0.198844
hknight
  27 -32.330189 -1.846492 3.835459 0.416223 0.101425 -0.903588 0.048828 0.654297 2 27 0.523298 26 0.476702
  26 -33.150116 -0.026845 4.799314 -0.593000 0.782856 -0.188380 0.025391 0.654297 2 26 0.676295 27 0.323705
  26 -28.887367 0.365561 7.718721 0.425658 0.808271 -0.406833 0.025391 0.708984 4 26 0.865121 24 0.068381 23 0.050956 27 0.015541
hknight
  26 -28.887367 0.365561 7.718721 0.425658 0.808271 -0.406833 0.025391 0.708984 4 26 0.865121 24 0.068381 23 0.050956 27 0.015541
  26 -29.673754 -6.435981 7.192888 0.133300 -0.878491 -0.458786 0.099609 0.697266 2 26 0.835079 24 0.164921
  27 -32.330189 -1.846492 3.835459 0.416223 0.101425 -0.903588 0.048828 0.654297 2 27 0.523298 26 0.476702
hknight
  25 -38.237862 0.219830 3.213686 -0.493161 0.473100 -0.730047 0.224609 0.595703 1 25 1.000000
  25 -38.072697 -4.732548 3.829445 -0.495421 -0.603173 -0.625093 0.169922 0.595703 1 25 1.000000
  25 -36.451653 -0.109105 7.261663 -0.601651 0.463735 0.650358 0.208984 0.638672 2 25 0.790091 24 0.209909
hknight
  24 -30.613155 -0.370559 9.554152 -0.369235 0.680535 0.632881 0.208984 0.701172 2 24 0.586505 23 0.413495
  25 -36.451653 -0.109105 7.261663 -0.601651 0.463735 0.650358 0.208984 0.638672 2 25 0.790091 24 0.209909
  24 -31.942406 -4.354656 9.128599 -0.441667 -0.463037 0.768458 0.162109 0.685547 1 24 1.000000
hknight
  25 -38.237862 0.219830 3.213686 -0.493161 0.473100 -0.730047 0.177734 0.583984 1 25 1.000000
  25 -35.261181 0.864175 6.059452 0.174985 0.913645 -0.366925 0.177734 0.541016 2 25 0.534552 24 0.465448
  25 -38.072697 -4.732548 3.829445 -0.495421 -0.603173 -0.625093 0.232422 0.583984 1 25 1.000000
hknight
  23 -20.685966 -2.979330 20.662348 -0.632194 0.101095 0.768186 0.193359 0.861328 2 23 0.863613 22 0.136387
  23 -18.576681 -0.305117 17.822012 0.083052 0.988884 -0.123329 0.236328 0.861328 2 23 0.849387 22 0.150613
  23 -22.884535 -0.261110 13.365992 0.234214 0.947816 -0.216307 0.236328 0.794922 1 23 1.000000
hknight
  23 -20.685966 -2.979330 20.662348 -0.632194 0.101095 0.768186 0.193359 0.861328 2 23 0.863613 22 0.136387
  23 -22.884535 -0.261110 13.365992 0.234214 0.947816 -0.216307 0.236328 0.794922 1 23 1.000000
  23 -25.064985 -2.552716 15.686911 -0.666887 0.129702 0.733784 0.197266 0.794922 1 23 1.000000
hknight
  23 -18.576681 -0.305117 17.822012 0.083052 0.988884 -0.123329 0.025391 0.861328 2 23 0.849387 22 0.150613
  23 -16.482121 -3.750790 15.944368 0.669273 -0.166215 -0.724186 0.068359 0.865234 2 23 0.813168 22 0.186832
  23 -22.441341 -3.934483 12.621058 0.628548 -0.230901 -0.742706 0.076172 0.794922 1 23 1.000000
hknight
  23 -18.576681 -0.305117 17.822012 0.083052 0.988884 -0.123329 0.025391 0.861328 2 23 0.849387 22 0.150613
  23 -22.441341 -3.934483 12.621058 0.628548 -0.230901 -0.742706 0.076172 0.794922 1 23 1.000000
  23 -22.884535 -0.261110 13.365992 0.234214 0.947816 -0.216307 0.025391 0.794922 1 23 1.000000
hknight
  23 -19.742817 -6.632178 18.077127 -0.133177 -0.986705 0.093147 0.146484 0.857422 2 23 0.896850 22 0.103150
  23 -20.685966 -2.979330 20.662348 -0.632194 0.101095 0.768186 0.193359 0.861328 2 23 0.863613 22 0.136387
  23 -25.064985 -2.552716 15.686911 -0.666887 0.129702 0.733784 0.197266 0.794922 1 23 1.000000
hknight
  23 -19.742817 -6.632178 18.077127 -0.133177 -0.986705 0.093147 0.146484 0.857422 2 23 0.896850 22 0.103150
  23 -25.064985 -2.552716 15.686911 -0.666887 0.129702 0.733784 0.197266 0.794922 1 23 1.000000
  23 -23.420696 -5.383279 13.567984 -0.024403 -0.999702 0.000057 0.146484 0.794922 1 23 1.000000
hknight
  23 -19.742817 -6.632178 18.077127 -0.133177 -0.986705 0.093147 0.115234 0.857422 2 23 0.896850 22 0.103150
  23 -23.420696 -5.383279 13.567984 -0.024403 -0.999702 0.000057 0.099609 0.794922 1 23 1.000000
  23 -22.441341 -3.934483 12.621058 0.628548 -0.230901 -0.742706 0.076172 0.794922 1 23 1.000000
hknight
  23 -19.742817 -6.632178 18.077127 -0.133177 -0.986705 0.093147 0.115234 0.857422 2 23 0.896850 22 0.103150
  23 -22.441341 -3.934483 12.621058 0.628548 -0.230901 -0.742706 0.076172 0.794922 1 23 1.000000
  23 -16.482121 -3.750790 15.944368 0.669273 -0.166215 -0.724186 0.068359 0.865234 2 23 0.813168 22 0.186832
hknight
  22 -14.947860 -3.378559 17.999723 0.571715 -0.121941 -0.811339 0.068359 0.892578 2 22 0.891145 23 0.108855
  22 -16.775339 -6.000036 20.259024 -0.126887 -0.985029 0.116698 0.115234 0.896484 2 22 0.926750 23 0.073250
  23 -16.482121 -3.750790 15.944368 0.669273 -0.166215 -0.724186 0.068359 0.865234 2 23 0.813168 22 0.186832
hknight
  22 -18.364202 -2.767278 21.815119 -0.676048 0.132291 0.724885 0.193359 0.888672 2 22 0.904012 23 0.095988
  23 -20.685966 -2.979330 20.662348 -0.632194 0.101095 0.768186 0.193359 0.861328 2 23 0.863613 22 0.136387
  22 -16.775339 -6.000036 20.259024 -0.126887 -0.985029 0.116698 0.146484 0.896484 2 22 0.926750 23 0.073250
hknight
  21 -11.722588 3.114165 39.545120 -0.719736 0.292058 0.629827 0.666016 0.404297 2 21 0.947963 11 0.052037
  21 -4.508904 3.028325 35.374702 0.200866 0.785786 0.584973 0.740234 0.369141 2 21 0.936504 11 0.063496
  21 -7.069953 1.020188 33.146011 -0.949823 0.155692 0.271288 0.748047 0.404297 1 21 1.000000
hknight
  21 -3.806513 -4.109198 32.899536 -0.221566 -0.729823 0.646736 0.712891 0.294922 1 21 1.000000
  21 -11.722588 3.114165 39.545120 -0.719736 0.292058 0.629827 0.666016 0.404297 2 21 0.947963 11 0.052037
  21 -7.069953 1.020188 33.146011 -0.949823 0.155692 0.271288 0.669922 0.322266 1 21 1.000000
hknight
  21 -11.722588 3.114165 39.545120 -0.719736 0.292058 0.629827 0.666016 0.404297 2 21 0.947963 11 0.052037
  21 -3.806513 -4.109198 32.899536 -0.221566 -0.729823 0.646736 0.712891 0.294922 1 21 1.000000
  21 -4.508904 3.028325 35.374702 0.200866 0.785786 0.584973 0.740234 0.369141 2 21 0.936504 11 0.063496
hknight
  21 -4.508904 3.028325 35.374702 0.200866 0.785786 0.584973 0.462891 0.017578 2 21 0.936504 11 0.063496
  21 -3.806513 -4.109198 32.899536 -0.221566 -0.729823 0.646736 0.482422 0.091797 1 21 1.000000
  13 0.658661 1.591777 38.725945 0.000000 0.368244 0.929729 0.525391 0.009766 3 13 0.436879 21 0.436879 11 0.126242
hknight
  13 0.658661 1.591777 38.725945 0.000000 0.368244 0.929729 0.525391 0.009766 3 13 0.436879 21 0.436879 11 0.126242
  21 -3.806513 -4.109198 32.899536 -0.221566 -0.729823 0.646736 0.482422 0.091797 1 21 1.000000
  13 5.123835 -4.109199 32.899536 0.221566 -0.729823 0.646736 0.568359 0.091797 3 13 0.940019 11 0.051134 10 0.008848
hknight
  22 -10.949471 -6.513659 26.878065 -0.233983 -0.889539 0.392393 0.400391 0.146484 2 22 0.899519 21 0.100481
  21 -3.806513 -4.109198 32.899536 -0.221566 -0.729823 0.646736 0.482422 0.091797 1 21 1.000000
  21 -12.416328 -1.392257 28.636599 -0.981851 -0.015170 -0.189048 0.380859 0.091797 2 21 0.554757 22 0.445243
hknight
  34 -5.074599 1.697816 -0.171988 -0.025861 0.831452 0.554994 0.888672 0.126953 2 34 0.770690 35 0.229310
  34 -5.078434 5.358066 -2.235661 0.006859 0.999920 -0.010649 0.857422 0.158203 2 34 0.507855 35 0.492145
  35 -8.467990 -2.938983 -2.375204 -0.989706 -0.135653 0.045613 0.947266 0.150391 2 35 0.887711 34 0.112289
hknight
  34 -5.074599 1.697816 -0.171988 -0.025861 0.831452 0.554994 0.732422 0.130859 2 34 0.770690 35 0.229310
  35 -2.007060 -2.714335 -2.375204 0.990630 -0.108262 -0.083257 0.787109 0.150391 2 35 0.885191 34 0.114809
  34 -5.078434 5.358066 -2.235661 0.006859 0.999920 -0.010649 0.701172 0.162109 2 34 0.507855 35 0.492145
hknight
  38 -7.532941 0.764591 -21.670971 -0.573329 0.399031 0.715589 0.830078 0.521484 2 38 0.556367 37 0.443633
  38 -4.381479 0.729824 -21.670971 0.555098 0.413412 0.721773 0.869141 0.521484 2 38 0.534319 37 0.465681
  38 -5.801175 4.692863 -22.306595 0.041717 0.696175 0.716659 0.849609 0.564453 1 38 1.000000
hknight
  37 -8.725533 0.516877 -24.000185 -0.819238 0.156940 -0.551560 0.986328 0.509766 2 37 0.517003 38 0.482997
  38 -7.532941 0.764591 -21.670971 -0.573329 0.399031 0.715589 0.958984 0.513672 2 38 0.556367 37 0.443633
  38 -8.226088 3.542333 -24.000185 -0.796386 0.453143 -0.400537 0.986328 0.537109 1 38 1.000000
hknight
  22 -10.280741 -1.387900 28.803473 -0.801644 -0.080136 -0.592406 0.365234 0.107422 2 22 0.776772 21 0.223228
  22 -10.949471 -6.513659 26.878065 -0.233983 -0.889539 0.392393 0.400391 0.146484 2 22 0.899519 21 0.100481
  21 -12.416328 -1.392257 28.636599 -0.981851 -0.015170 -0.189048 0.380859 0.091797 2 21 0.554757 22 0.445243
hknight
  22 -10.280741 -1.387900 28.803473 -0.801644 -0.080136 -0.592406 0.177734 0.990234 2 22 0.776772 21 0.223228
  21 -8.732877 2.618203 24.920149 -0.286114 0.917373 -0.276703 0.236328 0.990234 2 21 0.697637 22 0.302363
  22 -12.621141 2.232864 22.797266 -0.255817 0.962140 -0.094049 0.236328 0.943359 1 22 1.000000
hknight
  22 -10.280741 -1.387900 28.803473 -0.801644 -0.080136 -0.592406 0.177734 0.990234 2 22 0.776772 21 0.223228
  22 -12.621141 2.232864 22.797266 -0.255817 0.962140 -0.094049 0.236328 0.943359 1 22 1.000000
  22 -14.859015 -1.949395 26.421423 -0.693507 0.151045 0.704438 0.177734 0.947266 1 22 1.000000
hknight
  21 -5.701956 4.708831 32.035339 0.042317 0.937511 0.345372 0.576172 0.404297 1 21 1.000000
  21 -4.593798 3.731169 26.892698 -0.035743 0.995821 0.084040 0.583984 0.455078 2 21 0.985402 22 0.014598
  21 -8.732877 2.618203 24.920149 -0.286114 0.917373 -0.276703 0.630859 0.466797 2 21 0.697637 22 0.302363
hknight
  21 -5.701956 4.708831 32.035339 0.042317 0.937511 0.345372 0.576172 0.404297 1 21 1.000000
  21 -8.732877 2.618203 24.920149 -0.286114 0.917373 -0.276703 0.630859 0.466797 2 21 0.697637 22 0.302363
  21 -12.416328 -1.392257 28.636599 -0.981851 -0.015170 -0.189048 0.669922 0.419922 2 21 0.554757 22 0.445243
hknight
  34 -5.124516 -7.251929 10.440527 -0.430643 -0.902230 -0.022959 0.873047 0.021484 2 34 0.646376 28 0.353624
  34 -5.212996 -4.642610 -0.234198 -0.018434 -0.995288 -0.095196 0.830078 0.126953 2 34 0.837927 35 0.162073
  28 -1.155444 -7.585114 11.420164 0.078023 -0.955912 -0.283098 0.830078 0.009766 3 28 0.787220 34 0.205368 29 0.007412
hknight
  10 -3.588117 -7.410247 25.274530 -0.269090 -0.962164 0.042781 0.482422 0.197266 4 10 0.385740 21 0.348293 11 0.250373 34 0.015595
  28 -4.298088 -6.853858 14.782625 -0.591655 -0.800081 0.099067 0.470703 0.306641 2 28 0.554109 34 0.445891
  28 -1.155444 -7.585114 11.420164 0.078023 -0.955912 -0.283098 0.509766 0.337891 3 28 0.787220 34 0.205368 29 0.007412
hknight
  29 6.441837 -7.251930 10.440527 0.430643 -0.902230 -0.022959 0.583984 0.349609 2 29 0.638889 28 0.361111
  29 8.825941 -3.762482 11.032564 0.986316 -0.068963 0.149746 0.626953 0.345703 2 29 0.663959 28 0.336041
  28 5.615409 -6.853859 14.782625 0.591655 -0.800081 0.099067 0.580078 0.306641 3 28 0.774247 29 0.181975 11 0.043777
hknight
  29 5.688148 0.432313 9.622023 0.131589 0.991260 -0.009425 0.037109 0.021484 2 29 0.659665 28 0.340335
  29 6.391922 1.697815 -0.171988 0.025862 0.831452 0.554994 0.037109 0.126953 2 29 0.770619 30 0.229381
  30 3.324382 -2.714336 -2.375204 -0.990630 -0.108262 -0.083257 0.091797 0.146484 2 30 0.885772 29 0.114228
hknight
  29 5.688148 0.432313 9.622023 0.131589 0.991260 -0.009425 0.037109 0.021484 2 29 0.659665 28 0.340335
  30 3.324382 -2.714336 -2.375204 -0.990630 -0.108262 -0.083257 0.091797 0.146484 2 30 0.885772 29 0.114228
  28 1.351982 -3.520433 9.772051 -0.590040 0.184876 -0.785922 0.091797 0.021484 2 28 0.944462 29 0.055538
hknight
  29 6.441837 -7.251930 10.440527 0.430643 -0.902230 -0.022959 0.291016 0.013672 2 29 0.638889 28 0.361111
  29 6.530318 -4.642611 -0.234198 0.018434 -0.995288 -0.095196 0.291016 0.119141 2 29 0.838913 30 0.161087
  30 9.785312 -2.938984 -2.375204 0.989706 -0.135653 0.045613 0.251953 0.146484 2 30 0.886866 29 0.113134
hknight
  29 6.441837 -7.251930 10.440527 0.430643 -0.902230 -0.022959 0.291016 0.013672 2 29 0.638889 28 0.361111
  30 9.785312 -2.938984 -2.375204 0.989706 -0.135653 0.045613 0.251953 0.146484 2 30 0.886866 29 0.113134
  29 8.825941 -3.762482 11.032564 0.986316 -0.068963 0.149746 0.248047 0.009766 2 29 0.663959 28 0.336041
hknight
  28 2.472765 -7.585114 11.420164 -0.078023 -0.955912 -0.283098 0.541016 0.337891 3 28 0.817658 29 0.146253 34 0.036089
  29 6.441837 -7.251930 10.440527 0.430643 -0.902230 -0.022959 0.583984 0.349609 2 29 0.638889 28 0.361111
  28 5.615409 -6.853859 14.782625 0.591655 -0.800081 0.099067 0.580078 0.306641 3 28 0.774247 29 0.181975 11 0.043777
hknight
  30 6.356179 1.668244 -4.102772 -0.041593 0.753032 -0.656668 0.041016 0.173828 2 30 0.938271 29 0.061729
  30 7.132742 -1.105347 -19.531361 -0.014870 0.824762 0.565285 0.041016 0.322266 1 30 1.000000
  30 4.916229 -3.832680 -19.531361 -0.968633 -0.186451 0.164272 0.072266 0.322266 1 30 1.000000
hknight
  30 6.356179 1.668244 -4.102772 -0.041593 0.753032 -0.656668 0.041016 0.173828 2 30 0.938271 29 0.061729
  30 4.916229 -3.832680 -19.531361 -0.968633 -0.186451 0.164272 0.072266 0.322266 1 30 1.000000
  30 3.324382 -2.714336 -2.375204 -0.990630 -0.108262 -0.083257 0.091797 0.146484 2 30 0.885772 29 0.114228
hknight
  29 5.688148 0.432313 9.622023 0.131589 0.991260 -0.009425 0.193359 0.017578 2 29 0.659665 28 0.340335
  29 8.825941 -3.762482 11.032564 0.986316 -0.068963 0.149746 0.248047 0.009766 2 29 0.663959 28 0.336041
  30 9.785312 -2.938984 -2.375204 0.989706 -0.135653 0.045613 0.251953 0.146484 2 30 0.886866 29 0.113134
hknight
  29 5.688148 0.432313 9.622023 0.131589 0.991260 -0.009425 0.193359 0.017578 2 29 0.659665 28 0.340335
  30 9.785312 -2.938984 -2.375204 0.989706 -0.135653 0.045613 0.251953 0.146484 2 30 0.886866 29 0.113134
  29 6.391922 1.697815 -0.171988 0.025862 0.831452 0.554994 0.193359 0.123047 2 29 0.770619 30 0.229381
hknight
  10 4.346433 1.590945 15.176401 0.366823 0.879216 -0.304005 0.486328 0.576172 4 10 0.668338 28 0.211414 29 0.088105 11 0.032143
  29 5.688148 0.432313 9.622023 0.131589 0.991260 -0.009425 0.466797 0.634766 2 29 0.659665 28 0.340335
  28 1.351982 -3.520433 9.772051 -0.590040 0.184876 -0.785922 0.521484 0.634766 2 28 0.944462 29 0.055538
hknight
  10 4.346433 1.590945 15.176401 0.366823 0.879216 -0.304005 0.486328 0.576172 4 10 0.668338 28 0.211414 29 0.088105 11 0.032143
  10 7.051429 -3.333010 15.840670 0.996868 0.028866 0.073631 0.427734 0.576172 3 10 0.580136 28 0.320058 29 0.099806
  29 8.825941 -3.762482 11.032564 0.986316 -0.068963 0.149746 0.412109 0.626953 2 29 0.663959 28 0.336041
hknight
  10 4.346433 1.590945 15.176401 0.366823 0.879216 -0.304005 0.486328 0.576172 4 10 0.668338 28 0.211414 29 0.088105 11 0.032143
  29 8.825941 -3.762482 11.032564 0.986316 -0.068963 0.149746 0.412109 0.626953 2 29 0.663959 28 0.336041
  29 5.688148 0.432313 9.622023 0.131589 0.991260 -0.009425 0.466797 0.634766 2 29 0.659665 28 0.340335
hknight
  28 5.615409 -6.853859 14.782625 0.591655 -0.800081 0.099067 0.580078 0.306641 3 28 0.774247 29 0.181975 11 0.043777
  29 8.825941 -3.762482 11.032564 0.986316 -0.068963 0.149746 0.626953 0.345703 2 29 0.663959 28 0.336041
  10 7.051429 -3.333010 15.840670 0.996868 0.028866 0.073631 0.626953 0.294922 3 10 0.580136 28 0.320058 29 0.099806
hknight
  30 6.356179 1.668244 -4.102772 -0.041593 0.753032 -0.656668 0.197266 0.169922 2 30 0.938271 29 0.061729
  30 9.785312 -2.938984 -2.375204 0.989706 -0.135653 0.045613 0.251953 0.146484 2 30 0.886866 29 0.113134
  30 9.553361 -4.031508 -19.531361 0.950426 -0.142724 0.276262 0.228516 0.318359 1 30 1.000000
hknight
  30 6.356179 1.668244 -4.102772 -0.041593 0.753032 -0.656668 0.197266 0.169922 2 30 0.938271 29 0.061729
  30 9.553361 -4.031508 -19.531361 0.950426 -0.142724 0.276262 0.228516 0.318359 1 30 1.000000
  30 7.132742 -1.105347 -19.531361 -0.014870 0.824762 0.565285 0.197266 0.318359 1 30 1.000000
hknight
  29 6.530318 -4.642611 -0.234198 0.018434 -0.995288 -0.095196 0.134766 0.123047 2 29 0.838913 30 0.161087
  30 3.324382 -2.714336 -2.375204 -0.990630 -0.108262 -0.083257 0.091797 0.146484 2 30 0.885772 29 0.114228
  30 6.725552 -5.664422 -6.743776 -0.008666 -0.998524 0.053611 0.134766 0.193359 2 30 0.989333 29 0.010667
hknight
  29 6.530318 -4.642611 -0.234198 0.018434 -0.995288 -0.095196 0.291016 0.119141 2 29 0.838913 30 0.161087
  30 6.725552 -5.664422 -6.743776 -0.008666 -0.998524 0.053611 0.291016 0.189453 2 30 0.989333 29 0.010667
  30 9.785312 -2.938984 -2.375204 0.989706 -0.135653 0.045613 0.251953 0.146484 2 30 0.886866 29 0.113134
hknight
  33 7.247757 5.347063 -24.000185 0.015156 0.892450 -0.450891 0.095703 0.564453 1 33 1.000000
  33 4.956068 3.491101 -24.000185 -0.800786 0.431163 -0.415741 0.095703 0.537109 1 33 1.000000
  33 7.118498 4.692863 -22.306595 -0.041717 0.696175 0.716659 0.068359 0.552734 1 33 1.000000
hknight
  32 5.524210 -7.193511 -24.000185 -0.600190 -0.582439 -0.548212 0.095703 0.419922 1 32 1.000000
  32 7.368924 -10.247789 -15.377745 -0.048922 -0.423224 0.904703 0.033203 0.353516 1 32 1.000000
  32 7.495255 -6.356560 -21.013872 -0.121268 -0.341039 0.932194 0.060547 0.419922 1 32 1.000000
hknight
  32 10.490936 -6.963036 -24.000185 0.723751 -0.496094 -0.479661 0.779297 0.521484 1 32 1.000000
  32 7.368924 -10.247789 -15.377745 -0.048922 -0.423224 0.904703 0.751953 0.455078 1 32 1.000000
  32 5.524210 -7.193511 -24.000185 -0.600190 -0.582439 -0.548212 0.724609 0.521484 1 32 1.000000
hknight
  33 8.850264 0.764589 -21.670971 0.573329 0.399031 0.715589 0.138672 0.505859 2 33 0.556163 32 0.443837
  33 9.543411 3.542331 -24.000185 0.796386 0.453143 -0.400537 0.166016 0.533203 1 33 1.000000
  33 7.118498 4.692863 -22.306595 -0.041717 0.696175 0.716659 0.138672 0.548828 1 33 1.000000
hknight
  33 5.698802 0.729823 -21.670971 -0.555098 0.413412 0.721773 0.068359 0.509766 2 33 0.534532 32 0.465468
  33 4.956068 3.491101 -24.000185 -0.800786 0.431163 -0.415741 0.095703 0.537109 1 33 1.000000
  33 4.347836 0.465645 -24.000185 -0.837425 0.134547 -0.529733 0.095703 0.505859 2 33 0.632674 32 0.367326
hknight
  32 7.495255 -6.356560 -21.013872 -0.121268 -0.341039 0.932194 0.130859 0.416016 1 32 1.000000
  32 7.368924 -10.247789 -15.377745 -0.048922 -0.423224 0.904703 0.103516 0.349609 1 32 1.000000
  32 10.490936 -6.963036 -24.000185 0.723751 -0.496094 -0.479661 0.166016 0.416016 1 32 1.000000
hknight
  32 10.490936 -6.963036 -24.000185 0.723751 -0.496094 -0.479661 0.166016 0.416016 1 32 1.000000
  32 10.042854 0.516875 -24.000185 0.819238 0.156940 -0.551560 0.166016 0.501953 2 32 0.517114 33 0.482886
  30 9.553361 -4.031508 -19.531361 0.950426 -0.142724 0.276262 0.119141 0.455078 1 30 1.000000
hknight
  32 5.524210 -7.193511 -24.000185 -0.600190 -0.582439 -0.548212 0.095703 0.419922 1 32 1.000000
  30 4.916229 -3.832680 -19.531361 -0.968633 -0.186451 0.164272 0.048828 0.458984 1 30 1.000000
  33 4.347836 0.465645 -24.000185 -0.837425 0.134547 -0.529733 0.095703 0.505859 2 33 0.632674 32 0.367326
hknight
  32 7.495255 -6.356560 -21.013872 -0.121268 -0.341039 0.932194 0.060547 0.419922 1 32 1.000000
  30 4.916229 -3.832680 -19.531361 -0.968633 -0.186451 0.164272 0.048828 0.458984 1 30 1.000000
  32 5.524210 -7.193511 -24.000185 -0.600190 -0.582439 -0.548212 0.095703 0.419922 1 32 1.000000
hknight
  30 9.553361 -4.031508 -19.531361 0.950426 -0.142724 0.276262 0.119141 0.455078 1 30 1.000000
  32 7.495255 -6.356560 -21.013872 -0.121268 -0.341039 0.932194 0.130859 0.416016 1 32 1.000000
  32 10.490936 -6.963036 -24.000185 0.723751 -0.496094 -0.479661 0.166016 0.416016 1 32 1.000000
hknight
  33 7.118498 4.692863 -22.306595 -0.041717 0.696175 0.716659 0.068359 0.552734 1 33 1.000000
  33 4.956068 3.491101 -24.000185 -0.800786 0.431163 -0.415741 0.095703 0.537109 1 33 1.000000
  33 5.698802 0.729823 -21.670971 -0.555098 0.413412 0.721773 0.068359 0.509766 2 33 0.534532 32 0.465468
hknight
  33 8.850264 0.764589 -21.670971 0.573329 0.399031 0.715589 0.009766 0.517578 2 33 0.556163 32 0.443837
  33 5.698802 0.729823 -21.670971 -0.555098 0.413412 0.721773 0.048828 0.517578 2 33 0.534532 32 0.465468
  30 7.132742 -1.105347 -19.531361 -0.014870 0.824762 0.565285 0.029297 0.498047 1 30 1.000000
hknight
  33 5.698802 0.729823 -21.670971 -0.555098 0.413412 0.721773 0.068359 0.509766 2 33 0.534532 32 0.465468
  33 4.347836 0.465645 -24.000185 -0.837425 0.134547 -0.529733 0.095703 0.505859 2 33 0.632674 32 0.367326
  30 4.916229 -3.832680 -19.531361 -0.968633 -0.186451 0.164272 0.048828 0.458984 1 30 1.000000
hknight
  30 4.916229 -3.832680 -19.531361 -0.968633 -0.186451 0.164272 0.048828 0.458984 1 30 1.000000
  30 7.132742 -1.105347 -19.531361 -0.014870 0.824762 0.565285 0.037109 0.490234 1 30 1.000000
  33 5.698802 0.729823 -21.670971 -0.555098 0.413412 0.721773 0.068359 0.509766 2 33 0.534532 32 0.465468
hknight
  33 8.850264 0.764589 -21.670971 0.573329 0.399031 0.715589 0.138672 0.505859 2 33 0.556163 32 0.443837
  30 9.553361 -4.031508 -19.531361 0.950426 -0.142724 0.276262 0.119141 0.455078 1 30 1.000000
  32 10.042854 0.516875 -24.000185 0.819238 0.156940 -0.551560 0.166016 0.501953 2 32 0.517114 33 0.482886
hknight
  30 9.553361 -4.031508 -19.531361 0.950426 -0.142724 0.276262 0.119141 0.455078 1 30 1.000000
  33 8.850264 0.764589 -21.670971 0.573329 0.399031 0.715589 0.138672 0.505859 2 33 0.556163 32 0.443837
  30 7.132742 -1.105347 -19.531361 -0.014870 0.824762 0.565285 0.107422 0.486328 1 30 1.000000
hknight
  33 7.118498 4.692863 -22.306595 -0.041717 0.696175 0.716659 0.138672 0.548828 1 33 1.000000
  33 9.543411 3.542331 -24.000185 0.796386 0.453143 -0.400537 0.166016 0.533203 1 33 1.000000
  33 7.247757 5.347063 -24.000185 0.015156 0.892450 -0.450891 0.166016 0.560547 1 33 1.000000
hknight
  33 4.347836 0.465645 -24.000185 -0.837425 0.134547 -0.529733 0.724609 0.607422 2 33 0.632674 32 0.367326
  33 7.247757 5.347063 -24.000185 0.015156 0.892450 -0.450891 0.751953 0.666016 1 33 1.000000
  32 10.042854 0.516875 -24.000185 0.819238 0.156940 -0.551560 0.779297 0.607422 2 32 0.517114 33 0.482886
hknight
  33 4.347836 0.465645 -24.000185 -0.837425 0.134547 -0.529733 0.724609 0.607422 2 33 0.632674 32 0.367326
  32 10.042854 0.516875 -24.000185 0.819238 0.156940 -0.551560 0.779297 0.607422 2 32 0.517114 33 0.482886
  32 5.524210 -7.193511 -24.000185 -0.600190 -0.582439 -0.548212 0.724609 0.521484 1 32 1.000000
hknight
  33 4.956068 3.491101 -24.000185 -0.800786 0.431163 -0.415741 0.728516 0.638672 1 33 1.000000
  33 7.247757 5.347063 -24.000185 0.015156 0.892450 -0.450891 0.751953 0.666016 1 33 1.000000
  33 4.347836 0.465645 -24.000185 -0.837425 0.134547 -0.529733 0.724609 0.607422 2 33 0.632674 32 0.367326
hknight
  32 10.042854 0.516875 -24.000185 0.819238 0.156940 -0.551560 0.779297 0.607422 2 32 0.517114 33 0.482886
  33 7.247757 5.347063 -24.000185 0.015156 0.892450 -0.450891 0.751953 0.666016 1 33 1.000000
  33 9.543411 3.542331 -24.000185 0.796386 0.453143 -0.400537 0.775391 0.638672 1 33 1.000000
hknight
  32 10.490936 -6.963036 -24.000185 0.723751 -0.496094 -0.479661 0.779297 0.521484 1 32 1.000000
  32 5.524210 -7.193511 -24.000185 -0.600190 -0.582439 -0.548212 0.724609 0.521484 1 32 1.000000
  32 10.042854 0.516875 -24.000185 0.819238 0.156940 -0.551560 0.779297 0.607422 2 32 0.517114 33 0.482886
hknight
  10 7.051429 -3.333010 15.840670 0.996868 0.028866 0.073631 0.427734 0.576172 3 10 0.580136 28 0.320058 29 0.099806
  10 4.346433 1.590945 15.176401 0.366823 0.879216 -0.304005 0.486328 0.576172 4 10 0.668338 28 0.211414 29 0.088105 11 0.032143
  11 4.905440 3.475573 23.164469 0.267350 0.929104 -0.255518 0.482422 0.494141 3 11 0.514275 10 0.434133 13 0.051592
hknight
  10 7.051429 -3.333010 15.840670 0.996868 0.028866 0.073631 0.427734 0.576172 3 10 0.580136 28 0.320058 29 0.099806
  11 4.905440 3.475573 23.164469 0.267350 0.929104 -0.255518 0.482422 0.494141 3 11 0.514275 10 0.434133 13 0.051592
  10 8.316443 -0.901708 23.341585 0.304958 0.048119 -0.951150 0.427734 0.501953 4 10 0.336085 13 0.334249 14 0.296961 11 0.032706
hknight
  10 7.051429 -3.333010 15.840670 0.996868 0.028866 0.073631 0.626953 0.294922 3 10 0.580136 28 0.320058 29 0.099806
  10 8.316443 -0.901708 23.341585 0.304958 0.048119 -0.951150 0.650391 0.220703 4 10 0.336085 13 0.334249 14 0.296961 11 0.032706
  10 4.905438 -7.410248 25.274530 0.269090 -0.962164 0.042781 0.568359 0.197266 3 10 0.391851 13 0.353810 11 0.254339
hknight
  10 7.051429 -3.333010 15.840670 0.996868 0.028866 0.073631 0.626953 0.294922 3 10 0.580136 28 0.320058 29 0.099806
  10 4.905438 -7.410248 25.274530 0.269090 -0.962164 0.042781 0.568359 0.197266 3 10 0.391851 13 0.353810 11 0.254339
  28 5.615409 -6.853859 14.782625 0.591655 -0.800081 0.099067 0.580078 0.306641 3 28 0.774247 29 0.181975 11 0.043777
hknight
  13 8.387276 1.020187 33.146011 0.949823 0.155692 0.271288 0.447266 0.376953 2 13 0.942129 11 0.057871
  13 13.733650 -1.392259 28.636599 0.981851 -0.015170 -0.189048 0.388672 0.419922 2 13 0.554757 14 0.445243
  13 7.019279 4.708830 32.035339 -0.042317 0.937511 0.345372 0.482422 0.404297 2 13 0.830822 11 0.169178
hknight
  12 1.407189 6.078477 27.387632 -0.078686 0.902921 -0.422542 0.630859 0.943359 1 12 1.000000
  12 0.658662 6.647415 32.704170 0.000000 0.890417 0.455145 0.642578 0.873047 1 12 1.000000
  12 2.794419 6.089667 27.885618 0.521339 0.827548 -0.208254 0.611328 0.939453 1 12 1.000000
hknight
  12 2.794419 6.089667 27.885618 0.521339 0.827548 -0.208254 0.611328 0.939453 1 12 1.000000
  12 0.658662 6.647415 32.704170 0.000000 0.890417 0.455145 0.642578 0.873047 1 12 1.000000
  12 3.147811 6.096197 32.694305 0.602606 0.797544 -0.028109 0.607422 0.873047 1 12 1.000000
hknight
  12 0.658661 2.800385 27.846781 -0.000501 0.722787 -0.691071 0.517578 0.771484 2 12 0.772739 11 0.227261
  12 3.985834 4.183479 27.928457 0.860883 -0.174876 -0.477806 0.564453 0.791016 3 12 0.912542 11 0.056534 13 0.030925
  11 3.176636 0.932339 31.101583 0.414477 0.779297 0.470005 0.572266 0.740234 1 11 1.000000
hknight
  12 4.339224 3.236430 32.758568 0.894974 -0.393800 0.209628 0.568359 0.880859 2 12 0.885369 11 0.114631
  11 3.176636 0.932339 31.101583 0.414477 0.779297 0.470005 0.533203 0.904297 1 11 1.000000
  12 3.985834 4.183479 27.928457 0.860883 -0.174876 -0.477806 0.583984 0.939453 3 12 0.912542 11 0.056534 13 0.030925
hknight
  12 4.558383 4.736975 37.381248 0.967267 -0.105400 0.230835 0.572266 0.814453 2 12 0.990377 11 0.009623
  12 3.147811 6.096197 32.694305 0.602606 0.797544 -0.028109 0.607422 0.873047 1 12 1.000000
  12 2.594579 6.244255 37.275795 -0.457361 0.864632 0.207925 0.603516 0.814453 2 12 0.991188 11 0.008812
hknight
  13 13.733650 -1.392259 28.636599 0.981851 -0.015170 -0.189048 0.669922 0.091797 2 13 0.554757 14 0.445243
  13 8.387276 1.020187 33.146011 0.949823 0.155692 0.271288 0.611328 0.048828 2 13 0.942129 11 0.057871
  13 5.123835 -4.109199 32.899536 0.221566 -0.729823 0.646736 0.568359 0.091797 3 13 0.940019 11 0.051134 10 0.008848
hknight
  12 3.147811 6.096197 32.694305 0.602606 0.797544 -0.028109 0.607422 0.873047 1 12 1.000000
  12 4.339224 3.236430 32.758568 0.894974 -0.393800 0.209628 0.568359 0.880859 2 12 0.885369 11 0.114631
  12 3.985834 4.183479 27.928457 0.860883 -0.174876 -0.477806 0.583984 0.939453 3 12 0.912542 11 0.056534 13 0.030925
hknight
  12 3.147811 6.096197 32.694305 0.602606 0.797544 -0.028109 0.607422 0.873047 1 12 1.000000
  12 3.985834 4.183479 27.928457 0.860883 -0.174876 -0.477806 0.583984 0.939453 3 12 0.912542 11 0.056534 13 0.030925
  12 2.794419 6.089667 27.885618 0.521339 0.827548 -0.208254 0.611328 0.939453 1 12 1.000000
hknight
  12 3.985834 4.183479 27.928457 0.860883 -0.174876 -0.477806 0.583984 0.939453 3 12 0.912542 11 0.056534 13 0.030925
  12 2.630592 4.994773 25.676531 0.685687 0.333132 -0.647191 0.607422 0.970703 2 12 0.992854 11 0.007146
  12 2.794419 6.089667 27.885618 0.521339 0.827548 -0.208254 0.611328 0.939453 1 12 1.000000
hknight
  12 0.658662 6.647415 32.704170 0.000000 0.890417 0.455145 0.626953 0.724609 1 12 1.000000
  12 0.658661 3.249957 32.780525 0.000000 -0.587279 0.809384 0.666016 0.724609 1 12 1.000000
  12 1.874163 6.238336 33.564201 -0.393833 0.808349 0.437570 0.626953 0.708984 1 12 1.000000
hknight
  12 1.407189 6.078477 27.387632 -0.078686 0.902921 -0.422542 0.630859 0.943359 1 12 1.000000
  12 2.794419 6.089667 27.885618 0.521339 0.827548 -0.208254 0.611328 0.939453 1 12 1.000000
  12 2.630592 4.994773 25.676531 0.685687 0.333132 -0.647191 0.607422 0.970703 2 12 0.992854 11 0.007146
hknight
  12 1.407189 6.078477 27.387632 -0.078686 0.902921 -0.422542 0.630859 0.943359 1 12 1.000000
  12 2.630592 4.994773 25.676531 0.685687 0.333132 -0.647191 0.607422 0.970703 2 12 0.992854 11 0.007146
  12 1.715022 4.778714 24.727743 -0.226337 -0.147189 -0.962864 0.619141 0.986328 1 12 1.000000
hknight
  12 1.715022 4.778714 24.727743 -0.226337 -0.147189 -0.962864 0.537109 0.826172 1 12 1.000000
  12 2.630592 4.994773 25.676531 0.685687 0.333132 -0.647191 0.552734 0.822266 2 12 0.992854 11 0.007146
  12 3.985834 4.183479 27.928457 0.860883 -0.174876 -0.477806 0.564453 0.791016 3 12 0.912542 11 0.056534 13 0.030925
hknight
  12 1.407189 6.078477 27.387632 -0.078686 0.902921 -0.422542 0.630859 0.943359 1 12 1.000000
  12 1.715022 4.778714 24.727743 -0.226337 -0.147189 -0.962864 0.619141 0.986328 1 12 1.000000
  12 0.658662 4.976695 27.168264 -0.000000 -0.285253 -0.958452 0.642578 0.958984 1 12 1.000000
hknight
  12 3.147811 6.096197 32.694305 0.602606 0.797544 -0.028109 0.607422 0.873047 1 12 1.000000
  12 1.874163 6.238336 33.564201 -0.393833 0.808349 0.437570 0.626953 0.857422 1 12 1.000000
  12 2.594579 6.244255 37.275795 -0.457361 0.864632 0.207925 0.603516 0.814453 2 12 0.991188 11 0.008812
hknight
  12 4.558383 4.736975 37.381248 0.967267 -0.105400 0.230835 0.572266 0.814453 2 12 0.990377 11 0.009623
  12 2.594579 6.244255 37.275795 -0.457361 0.864632 0.207925 0.603516 0.814453 2 12 0.991188 11 0.008812
  12 3.082155 5.353258 42.262993 -0.047337 0.069486 0.996459 0.603516 0.748047 2 12 0.996033 11 0.003967
hknight
  12 4.558383 4.736975 37.381248 0.967267 -0.105400 0.230835 0.416016 0.810547 2 12 0.990377 11 0.009623
  12 3.082155 5.353258 42.262993 -0.047337 0.069486 0.996459 0.388672 0.744141 2 12 0.996033 11 0.003967
  12 2.730559 3.658704 35.945251 -0.450898 -0.810895 0.373014 0.388672 0.826172 2 12 0.978735 11 0.021265
hknight
  12 2.730559 3.658704 35.945251 -0.450898 -0.810895 0.373014 0.638672 0.830078 2 12 0.978735 11 0.021265
  12 3.082155 5.353258 42.262993 -0.047337 0.069486 0.996459 0.603516 0.748047 2 12 0.996033 11 0.003967
  12 2.594579 6.244255 37.275795 -0.457361 0.864632 0.207925 0.603516 0.814453 2 12 0.991188 11 0.008812
hknight
  12 2.594579 6.244255 37.275795 -0.457361 0.864632 0.207925 0.603516 0.814453 2 12 0.991188 11 0.008812
  12 1.874163 6.238336 33.564201 -0.393833 0.808349 0.437570 0.626953 0.857422 1 12 1.000000
  12 2.730559 3.658704 35.945251 -0.450898 -0.810895 0.373014 0.638672 0.830078 2 12 0.978735 11 0.021265
hknight
  12 0.658661 3.249957 32.780525 0.000000 -0.587279 0.809384 0.666016 0.724609 1 12 1.000000
  12 2.730559 3.658704 35.945251 -0.450898 -0.810895 0.373014 0.638672 0.681641 2 12 0.978735 11 0.021265
  12 1.874163 6.238336 33.564201 -0.393833 0.808349 0.437570 0.626953 0.708984 1 12 1.000000
hknight
  12 2.730559 3.658704 35.945251 -0.450898 -0.810895 0.373014 0.388672 0.826172 2 12 0.978735 11 0.021265
  12 0.658661 3.249957 32.780525 0.000000 -0.587279 0.809384 0.365234 0.869141 1 12 1.000000
  12 4.339224 3.236430 32.758568 0.894974 -0.393800 0.209628 0.416016 0.873047 2 12 0.885369 11 0.114631
hknight
  12 2.730559 3.658704 35.945251 -0.450898 -0.810895 0.373014 0.388672 0.826172 2 12 0.978735 11 0.021265
  12 4.339224 3.236430 32.758568 0.894974 -0.393800 0.209628 0.416016 0.873047 2 12 0.885369 11 0.114631
  12 4.558383 4.736975 37.381248 0.967267 -0.105400 0.230835 0.416016 0.810547 2 12 0.990377 11 0.009623
hknight
  12 4.558383 4.736975 37.381248 0.967267 -0.105400 0.230835 0.572266 0.814453 2 12 0.990377 11 0.009623
  12 4.339224 3.236430 32.758568 0.894974 -0.393800 0.209628 0.568359 0.880859 2 12 0.885369 11 0.114631
  12 3.147811 6.096197 32.694305 0.602606 0.797544 -0.028109 0.607422 0.873047 1 12 1.000000
hknight
  12 3.147811 6.096197 32.694305 0.602606 0.797544 -0.028109 0.607422 0.873047 1 12 1.000000
  12 0.658662 6.647415 32.704170 0.000000 0.890417 0.455145 0.642578 0.873047 1 12 1.000000
  12 1.874163 6.238336 33.564201 -0.393833 0.808349 0.437570 0.626953 0.857422 1 12 1.000000
hknight
  29 6.530318 -4.642611 -0.234198 0.018434 -0.995288 -0.095196 0.134766 0.123047 2 29 0.838913 30 0.161087
  28 2.472765 -7.585114 11.420164 -0.078023 -0.955912 -0.283098 0.134766 0.005859 3 28 0.817658 29 0.146253 34 0.036089
  28 1.351982 -3.520433 9.772051 -0.590040 0.184876 -0.785922 0.091797 0.021484 2 28 0.944462 29 0.055538
hknight
  29 6.530318 -4.642611 -0.234198 0.018434 -0.995288 -0.095196 0.134766 0.123047 2 29 0.838913 30 0.161087
  28 1.351982 -3.520433 9.772051 -0.590040 0.184876 -0.785922 0.091797 0.021484 2 28 0.944462 29 0.055538
  30 3.324382 -2.714336 -2.375204 -0.990630 -0.108262 -0.083257 0.091797 0.146484 2 30 0.885772 29 0.114228
hknight
  11 4.905440 3.475573 23.164469 0.267350 0.929104 -0.255518 0.482422 0.494141 3 11 0.514275 10 0.434133 13 0.051592
  13 5.911121 3.731168 26.892698 0.035743 0.995821 0.084040 0.474609 0.455078 3 13 0.890012 11 0.108389 14 0.001599
  13 10.050200 2.618201 24.920149 0.286115 0.917373 -0.276703 0.427734 0.466797 3 13 0.683588 14 0.296274 11 0.020138
hknight
  14 12.266792 -6.513661 26.878065 0.233983 -0.889539 0.392393 0.650391 0.146484 4 14 0.895725 13 0.100057 11 0.003999 10 0.000220
  13 5.123835 -4.109199 32.899536 0.221566 -0.729823 0.646736 0.568359 0.091797 3 13 0.940019 11 0.051134 10 0.008848
  10 4.905438 -7.410248 25.274530 0.269090 -0.962164 0.042781 0.568359 0.197266 3 10 0.391851 13 0.353810 11 0.254339
hknight
  10 4.905438 -7.410248 25.274530 0.269090 -0.962164 0.042781 0.568359 0.197266 3 10 0.391851 13 0.353810 11 0.254339
  10 8.316443 -0.901708 23.341585 0.304958 0.048119 -0.951150 0.650391 0.220703 4 10 0.336085 13 0.334249 14 0.296961 11 0.032706
  14 12.266792 -6.513661 26.878065 0.233983 -0.889539 0.392393 0.650391 0.146484 4 14 0.895725 13 0.100057 11 0.003999 10 0.000220
hknight
  11 4.905440 3.475573 23.164469 0.267350 0.929104 -0.255518 0.482422 0.494141 3 11 0.514275 10 0.434133 13 0.051592
  13 10.050200 2.618201 24.920149 0.286115 0.917373 -0.276703 0.427734 0.466797 3 13 0.683588 14 0.296274 11 0.020138
  10 8.316443 -0.901708 23.341585 0.304958 0.048119 -0.951150 0.427734 0.501953 4 10 0.336085 13 0.334249 14 0.296961 11 0.032706
hknight
  14 11.806251 -5.915160 21.676565 -0.568710 -0.652059 -0.501385 0.837891 0.955078 1 14 1.000000
  10 8.316443 -0.901708 23.341585 0.304958 0.048119 -0.951150 0.794922 0.990234 4 10 0.336085 13 0.334249 14 0.296961 11 0.032706
  14 11.681083 0.332698 20.733290 -0.441938 0.403093 -0.801378 0.787109 0.955078 1 14 1.000000
hknight
  14 11.681083 0.332698 20.733290 -0.441938 0.403093 -0.801378 0.787109 0.955078 1 14 1.000000
  13 10.050200 2.618201 24.920149 0.286115 0.917373 -0.276703 0.759766 0.990234 3 13 0.683588 14 0.296274 11 0.020138
  14 13.938463 2.232862 22.797266 0.255817 0.962140 -0.094049 0.759766 0.943359 1 14 1.000000
hknight
  14 14.105628 -6.986788 24.271551 0.194641 -0.957980 0.210686 0.869141 0.955078 1 14 1.000000
  14 12.266792 -6.513661 26.878065 0.233983 -0.889539 0.392393 0.869141 0.990234 4 14 0.895725 13 0.100057 11 0.003999 10 0.000220
  14 11.806251 -5.915160 21.676565 -0.568710 -0.652059 -0.501385 0.837891 0.955078 1 14 1.000000
hknight
  14 12.266792 -6.513661 26.878065 0.233983 -0.889539 0.392393 0.869141 0.990234 4 14 0.895725 13 0.100057 11 0.003999 10 0.000220
  10 8.316443 -0.901708 23.341585 0.304958 0.048119 -0.951150 0.794922 0.990234 4 10 0.336085 13 0.334249 14 0.296961 11 0.032706
  14 11.806251 -5.915160 21.676565 -0.568710 -0.652059 -0.501385 0.837891 0.955078 1 14 1.000000
hknight
  10 8.316443 -0.901708 23.341585 0.304958 0.048119 -0.951150 0.794922 0.990234 4 10 0.336085 13 0.334249 14 0.296961 11 0.032706
  13 10.050200 2.618201 24.920149 0.286115 0.917373 -0.276703 0.759766 0.990234 3 13 0.683588 14 0.296274 11 0.020138
  14 11.681083 0.332698 20.733290 -0.441938 0.403093 -0.801378 0.787109 0.955078 1 14 1.000000
hknight
  14 12.266792 -6.513661 26.878065 0.233983 -0.889539 0.392393 0.880859 0.990234 4 14 0.895725 13 0.100057 11 0.003999 10 0.000220
  14 14.105628 -6.986788 24.271551 0.194641 -0.957980 0.210686 0.880859 0.955078 1 14 1.000000
  14 16.176338 -1.949398 26.421423 0.693507 0.151044 0.704438 0.931641 0.947266 1 14 1.000000
hknight
  14 12.266792 -6.513661 26.878065 0.233983 -0.889539 0.392393 0.880859 0.990234 4 14 0.895725 13 0.100057 11 0.003999 10 0.000220
  14 16.176338 -1.949398 26.421423 0.693507 0.151044 0.704438 0.931641 0.947266 1 14 1.000000
  14 11.598063 -1.387902 28.803473 0.801644 -0.080136 -0.592406 0.931641 0.990234 2 14 0.776772 13 0.223228
hknight
  13 13.733650 -1.392259 28.636599 0.981851 -0.015170 -0.189048 0.388672 0.419922 2 13 0.554757 14 0.445243
  14 11.598063 -1.387902 28.803473 0.801644 -0.080136 -0.592406 0.373047 0.435547 2 14 0.776772 13 0.223228
  13 10.050200 2.618201 24.920149 0.286115 0.917373 -0.276703 0.427734 0.466797 3 13 0.683588 14 0.296274 11 0.020138
hknight
  14 11.681083 0.332698 20.733290 -0.441938 0.403093 -0.801378 0.787109 0.955078 1 14 1.000000
  14 16.265181 -3.378561 17.999723 -0.571716 -0.121941 -0.811339 0.822266 0.892578 2 14 0.878274 15 0.121726
  14 11.806251 -5.915160 21.676565 -0.568710 -0.652059 -0.501385 0.837891 0.955078 1 14 1.000000
hknight
  14 16.176338 -1.949398 26.421423 0.693507 0.151044 0.704438 0.931641 0.947266 1 14 1.000000
  14 14.105628 -6.986788 24.271551 0.194641 -0.957980 0.210686 0.880859 0.955078 1 14 1.000000
  14 18.092661 -6.000039 20.259024 0.126887 -0.985029 0.116698 0.900391 0.896484 2 14 0.922909 15 0.077091
hknight
  14 16.176338 -1.949398 26.421423 0.693507 0.151044 0.704438 0.931641 0.947266 1 14 1.000000
  14 18.092661 -6.000039 20.259024 0.126887 -0.985029 0.116698 0.900391 0.896484 2 14 0.922909 15 0.077091
  14 19.681524 -2.767281 21.815119 0.676048 0.132291 0.724885 0.947266 0.888672 2 14 0.918794 15 0.081206
hknight
  14 13.938463 2.232862 22.797266 0.255817 0.962140 -0.094049 0.990234 0.943359 1 14 1.000000
  14 16.176338 -1.949398 26.421423 0.693507 0.151044 0.704438 0.931641 0.947266 1 14 1.000000
  14 19.681524 -2.767281 21.815119 0.676048 0.132291 0.724885 0.947266 0.888672 2 14 0.918794 15 0.081206
hknight
  14 13.938463 2.232862 22.797266 0.255817 0.962140 -0.094049 0.990234 0.943359 1 14 1.000000
  14 19.681524 -2.767281 21.815119 0.676048 0.132291 0.724885 0.947266 0.888672 2 14 0.918794 15 0.081206
  14 17.963324 -0.191723 19.358866 0.137756 0.966669 -0.215809 0.990234 0.884766 2 14 0.847038 15 0.152962
hknight
  14 11.806251 -5.915160 21.676565 -0.568710 -0.652059 -0.501385 0.837891 0.955078 1 14 1.000000
  14 16.265181 -3.378561 17.999723 -0.571716 -0.121941 -0.811339 0.822266 0.892578 2 14 0.878274 15 0.121726
  14 18.092661 -6.000039 20.259024 0.126887 -0.985029 0.116698 0.869141 0.896484 2 14 0.922909 15 0.077091
hknight
  14 11.806251 -5.915160 21.676565 -0.568710 -0.652059 -0.501385 0.837891 0.955078 1 14 1.000000
  14 18.092661 -6.000039 20.259024 0.126887 -0.985029 0.116698 0.869141 0.896484 2 14 0.922909 15 0.077091
  14 14.105628 -6.986788 24.271551 0.194641 -0.957980 0.210686 0.869141 0.955078 1 14 1.000000
hknight
  14 11.681083 0.332698 20.733290 -0.441938 0.403093 -0.801378 0.787109 0.955078 1 14 1.000000
  14 13.938463 2.232862 22.797266 0.255817 0.962140 -0.094049 0.759766 0.943359 1 14 1.000000
  14 17.963324 -0.191723 19.358866 0.137756 0.966669 -0.215809 0.779297 0.884766 2 14 0.847038 15 0.152962
hknight
  14 11.681083 0.332698 20.733290 -0.441938 0.403093 -0.801378 0.787109 0.955078 1 14 1.000000
  14 17.963324 -0.191723 19.358866 0.137756 0.966669 -0.215809 0.779297 0.884766 2 14 0.847038 15 0.152962
  14 16.265181 -3.378561 17.999723 -0.571716 -0.121941 -0.811339 0.822266 0.892578 2 14 0.878274 15 0.121726
hknight
  14 18.092661 -6.000039 20.259024 0.126887 -0.985029 0.116698 0.869141 0.896484 2 14 0.922909 15 0.077091
  15 17.799442 -3.750793 15.944368 -0.669274 -0.166215 -0.724186 0.822266 0.865234 2 15 0.796430 14 0.203570
  15 21.060139 -6.632181 18.077127 0.133176 -0.986706 0.093147 0.869141 0.857422 2 15 0.898153 14 0.101847
hknight
  14 16.265181 -3.378561 17.999723 -0.571716 -0.121941 -0.811339 0.822266 0.892578 2 14 0.878274 15 0.121726
  14 17.963324 -0.191723 19.358866 0.137756 0.966669 -0.215809 0.779297 0.884766 2 14 0.847038 15 0.152962
  15 19.894003 -0.305121 17.822012 -0.083052 0.988884 -0.123329 0.779297 0.861328 2 15 0.847126 14 0.152874
hknight
  14 16.265181 -3.378561 17.999723 -0.571716 -0.121941 -0.811339 0.822266 0.892578 2 14 0.878274 15 0.121726
  15 19.894003 -0.305121 17.822012 -0.083052 0.988884 -0.123329 0.779297 0.861328 2 15 0.847126 14 0.152874
  15 17.799442 -3.750793 15.944368 -0.669274 -0.166215 -0.724186 0.822266 0.865234 2 15 0.796430 14 0.203570
hknight
  14 18.092661 -6.000039 20.259024 0.126887 -0.985029 0.116698 0.900391 0.896484 2 14 0.922909 15 0.077091
  15 21.060139 -6.632181 18.077127 0.133176 -0.986706 0.093147 0.900391 0.857422 2 15 0.898153 14 0.101847
  15 22.003288 -2.979334 20.662348 0.632194 0.101095 0.768186 0.947266 0.861328 2 15 0.881939 14 0.118061
hknight
  14 17.963324 -0.191723 19.358866 0.137756 0.966669 -0.215809 0.990234 0.884766 2 14 0.847038 15 0.152962
  14 19.681524 -2.767281 21.815119 0.676048 0.132291 0.724885 0.947266 0.888672 2 14 0.918794 15 0.081206
  15 22.003288 -2.979334 20.662348 0.632194 0.101095 0.768186 0.947266 0.861328 2 15 0.881939 14 0.118061
hknight
  14 17.963324 -0.191723 19.358866 0.137756 0.966669 -0.215809 0.990234 0.884766 2 14 0.847038 15 0.152962
  15 22.003288 -2.979334 20.662348 0.632194 0.101095 0.768186 0.947266 0.861328 2 15 0.881939 14 0.118061
  15 19.894003 -0.305121 17.822012 -0.083052 0.988884 -0.123329 0.990234 0.861328 2 15 0.847126 14 0.152874
hknight
  13 0.658661 1.591777 38.725945 0.000000 0.368244 0.929729 0.365234 0.994141 3 13 0.436879 21 0.436879 11 0.126242
  13 5.826227 3.028325 35.374702 -0.200866 0.785786 0.584973 0.427734 0.966797 2 13 0.876510 11 0.123490
  13 5.435419 0.932338 31.101583 -0.513811 0.848161 0.128923 0.431641 0.908203 2 13 0.785133 11 0.214867
hknight
  13 5.435419 0.932338 31.101583 -0.513811 0.848161 0.128923 0.431641 0.908203 2 13 0.785133 11 0.214867
  13 5.826227 3.028325 35.374702 -0.200866 0.785786 0.584973 0.427734 0.966797 2 13 0.876510 11 0.123490
  13 7.019279 4.708830 32.035339 -0.042317 0.937511 0.345372 0.462891 0.931641 2 13 0.830822 11 0.169178
hknight
  13 5.435419 0.932338 31.101583 -0.513811 0.848161 0.128923 0.431641 0.908203 2 13 0.785133 11 0.214867
  13 7.019279 4.708830 32.035339 -0.042317 0.937511 0.345372 0.462891 0.931641 2 13 0.830822 11 0.169178
  13 5.911121 3.731168 26.892698 0.035743 0.995821 0.084040 0.470703 0.880859 3 13 0.890012 11 0.108389 14 0.001599
hknight
  12 0.658661 2.800385 27.846781 -0.000501 0.722787 -0.691071 0.470703 0.826172 2 12 0.772739 11 0.227261
  13 5.435419 0.932338 31.101583 -0.513811 0.848161 0.128923 0.431641 0.908203 2 13 0.785133 11 0.214867
  13 5.911121 3.731168 26.892698 0.035743 0.995821 0.084040 0.470703 0.880859 3 13 0.890012 11 0.108389 14 0.001599
hknight
  13 7.019279 4.708830 32.035339 -0.042317 0.937511 0.345372 0.482422 0.404297 2 13 0.830822 11 0.169178
  13 5.826227 3.028325 35.374702 -0.200866 0.785786 0.584973 0.482422 0.361328 2 13 0.876510 11 0.123490
  13 8.387276 1.020187 33.146011 0.949823 0.155692 0.271288 0.447266 0.376953 2 13 0.942129 11 0.057871
hknight
  12 3.985834 4.183479 27.928457 0.860883 -0.174876 -0.477806 0.564453 0.791016 3 12 0.912542 11 0.056534 13 0.030925
  12 0.658661 2.800385 27.846781 -0.000501 0.722787 -0.691071 0.517578 0.771484 2 12 0.772739 11 0.227261
  12 0.658662 4.976695 27.168264 -0.000000 -0.285253 -0.958452 0.517578 0.798828 1 12 1.000000
hknight
  12 0.658662 4.976695 27.168264 -0.000000 -0.285253 -0.958452 0.517578 0.798828 1 12 1.000000
  12 1.715022 4.778714 24.727743 -0.226337 -0.147189 -0.962864 0.537109 0.826172 1 12 1.000000
  12 3.985834 4.183479 27.928457 0.860883 -0.174876 -0.477806 0.564453 0.791016 3 12 0.912542 11 0.056534 13 0.030925
hknight
  30 4.916229 -3.832680 -19.531361 -0.968633 -0.186451 0.164272 0.048828 0.458984 1 30 1.000000
  32 7.495255 -6.356560 -21.013872 -0.121268 -0.341039 0.932194 0.060547 0.419922 1 32 1.000000
  30 7.549766 -5.983274 -18.648249 0.040823 -0.995996 0.079533 0.041016 0.423828 1 30 1.000000
hknight
  30 9.553361 -4.031508 -19.531361 0.950426 -0.142724 0.276262 0.119141 0.455078 1 30 1.000000
  30 7.549766 -5.983274 -18.648249 0.040823 -0.995996 0.079533 0.111328 0.419922 1 30 1.000000
  32 7.495255 -6.356560 -21.013872 -0.121268 -0.341039 0.932194 0.130859 0.416016 1 32 1.000000
hknight
  12 0.658661 2.800385 27.846781 -0.000501 0.722787 -0.691071 0.529297 0.447266 2 12 0.772739 11 0.227261
  11 -3.588117 3.475573 23.164469 -0.267350 0.929104 -0.255518 0.576172 0.494141 3 11 0.514275 10 0.434133 21 0.051592
  21 -4.593798 3.731169 26.892698 -0.035743 0.995821 0.084040 0.583984 0.455078 2 21 0.985402 22 0.014598
hknight
  30 9.785312 -2.938984 -2.375204 0.989706 -0.135653 0.045613 0.251953 0.146484 2 30 0.886866 29 0.113134
  30 6.356179 1.668244 -4.102772 -0.041593 0.753032 -0.656668 0.197266 0.169922 2 30 0.938271 29 0.061729
  29 6.395758 5.358065 -2.235661 -0.006859 0.999920 -0.010649 0.162109 0.154297 2 29 0.507779 30 0.492221
hknight
  29 6.395758 5.358065 -2.235661 -0.006859 0.999920 -0.010649 0.005859 0.158203 2 29 0.507779 30 0.492221
  30 6.356179 1.668244 -4.102772 -0.041593 0.753032 -0.656668 0.041016 0.173828 2 30 0.938271 29 0.061729
  30 3.324382 -2.714336 -2.375204 -0.990630 -0.108262 -0.083257 0.091797 0.146484 2 30 0.885772 29 0.114228
hknight
  15 24.201857 -0.261114 13.365992 -0.234214 0.947816 -0.216307 0.779297 0.794922 1 15 1.000000
  18 30.204689 0.365556 7.718721 -0.425658 0.808271 -0.406833 0.779297 0.708984 4 18 0.859831 16 0.071098 15 0.050645 19 0.018426
  15 23.758663 -3.934487 12.621058 -0.628548 -0.230900 -0.742706 0.830078 0.794922 1 15 1.000000
hknight
  30 6.725552 -5.664422 -6.743776 -0.008666 -0.998524 0.053611 0.291016 0.189453 2 30 0.989333 29 0.010667
  30 7.549766 -5.983274 -18.648249 0.040823 -0.995996 0.079533 0.263672 0.310547 1 30 1.000000
  30 9.553361 -4.031508 -19.531361 0.950426 -0.142724 0.276262 0.228516 0.318359 1 30 1.000000
hknight
  30 6.725552 -5.664422 -6.743776 -0.008666 -0.998524 0.053611 0.291016 0.189453 2 30 0.989333 29 0.010667
  30 9.553361 -4.031508 -19.531361 0.950426 -0.142724 0.276262 0.228516 0.318359 1 30 1.000000
  30 9.785312 -2.938984 -2.375204 0.989706 -0.135653 0.045613 0.251953 0.146484 2 30 0.886866 29 0.113134
hknight
  30 6.725552 -5.664422 -6.743776 -0.008666 -0.998524 0.053611 0.134766 0.193359 2 30 0.989333 29 0.010667
  30 3.324382 -2.714336 -2.375204 -0.990630 -0.108262 -0.083257 0.091797 0.146484 2 30 0.885772 29 0.114228
  30 4.916229 -3.832680 -19.531361 -0.968633 -0.186451 0.164272 0.072266 0.322266 1 30 1.000000
hknight
  30 6.725552 -5.664422 -6.743776 -0.008666 -0.998524 0.053611 0.134766 0.193359 2 30 0.989333 29 0.010667
  30 4.916229 -3.832680 -19.531361 -0.968633 -0.186451 0.164272 0.072266 0.322266 1 30 1.000000
  30 7.549766 -5.983274 -18.648249 0.040823 -0.995996 0.079533 0.107422 0.314453 1 30 1.000000
hknight
  15 24.738018 -5.383283 13.567984 0.024403 -0.999702 0.000058 0.900391 0.794922 1 15 1.000000
  16 33.259727 -4.354662 9.128599 0.441667 -0.463037 0.768458 0.916016 0.685547 1 16 1.000000
  15 26.382307 -2.552720 15.686911 0.666887 0.129702 0.733784 0.951172 0.794922 1 15 1.000000
hknight
  15 23.758663 -3.934487 12.621058 -0.628548 -0.230900 -0.742706 0.830078 0.794922 1 15 1.000000
  18 30.204689 0.365556 7.718721 -0.425658 0.808271 -0.406833 0.779297 0.708984 4 18 0.859831 16 0.071098 15 0.050645 19 0.018426
  18 30.991076 -6.435986 7.192888 -0.133300 -0.878491 -0.458786 0.853516 0.697266 2 18 0.835079 16 0.164921
hknight
  15 26.382307 -2.552720 15.686911 0.666887 0.129702 0.733784 0.951172 0.794922 1 15 1.000000
  16 31.930477 -0.370565 9.554152 0.369235 0.680534 0.632881 0.962891 0.701172 2 16 0.586505 15 0.413495
  15 24.201857 -0.261114 13.365992 -0.234214 0.947816 -0.216307 0.990234 0.794922 1 15 1.000000
hknight
  15 24.201857 -0.261114 13.365992 -0.234214 0.947816 -0.216307 0.990234 0.794922 1 15 1.000000
  16 31.930477 -0.370565 9.554152 0.369235 0.680534 0.632881 0.962891 0.701172 2 16 0.586505 15 0.413495
  18 30.204689 0.365556 7.718721 -0.425658 0.808271 -0.406833 0.990234 0.708984 4 18 0.859831 16 0.071098 15 0.050645 19 0.018426
hknight
  15 24.738018 -5.383283 13.567984 0.024403 -0.999702 0.000058 0.900391 0.794922 1 15 1.000000
  18 30.991076 -6.435986 7.192888 -0.133300 -0.878491 -0.458786 0.876953 0.697266 2 18 0.835079 16 0.164921
  16 33.259727 -4.354662 9.128599 0.441667 -0.463037 0.768458 0.916016 0.685547 1 16 1.000000
hknight
  15 23.758663 -3.934487 12.621058 -0.628548 -0.230900 -0.742706 0.830078 0.794922 1 15 1.000000
  18 30.991076 -6.435986 7.192888 -0.133300 -0.878491 -0.458786 0.853516 0.697266 2 18 0.835079 16 0.164921
  15 24.738018 -5.383283 13.567984 0.024403 -0.999702 0.000058 0.853516 0.794922 1 15 1.000000
hknight
  15 26.382307 -2.552720 15.686911 0.666887 0.129702 0.733784 0.951172 0.794922 1 15 1.000000
  16 33.259727 -4.354662 9.128599 0.441667 -0.463037 0.768458 0.916016 0.685547 1 16 1.000000
  16 31.930477 -0.370565 9.554152 0.369235 0.680534 0.632881 0.962891 0.701172 2 16 0.586505 15 0.413495
hknight
  18 30.204689 0.365556 7.718721 -0.425658 0.808271 -0.406833 0.990234 0.708984 4 18 0.859831 16 0.071098 15 0.050645 19 0.018426
  16 31.930477 -0.370565 9.554152 0.369235 0.680534 0.632881 0.962891 0.701172 2 16 0.586505 15 0.413495
  18 33.110767 0.244919 7.063398 0.140639 0.983744 -0.111657 0.982422 0.677734 2 18 0.608448 16 0.391552
hknight
  18 30.204689 0.365556 7.718721 -0.425658 0.808271 -0.406833 0.779297 0.708984 4 18 0.859831 16 0.071098 15 0.050645 19 0.018426
  18 33.110767 0.244919 7.063398 0.140639 0.983744 -0.111657 0.767578 0.677734 2 18 0.608448 16 0.391552
  18 34.467438 -0.026851 4.799314 0.593000 0.782856 -0.188380 0.779297 0.654297 2 18 0.676295 19 0.323705
hknight
  18 30.991076 -6.435986 7.192888 -0.133300 -0.878491 -0.458786 0.849609 0.388672 2 18 0.835079 16 0.164921
  18 33.901379 -3.196934 4.950954 0.571762 -0.816260 0.082505 0.814453 0.373047 2 18 0.536819 19 0.463181
  18 34.467438 -0.026851 4.799314 0.593000 0.782856 -0.188380 0.779297 0.373047 2 18 0.676295 19 0.323705
hknight
  18 30.991076 -6.435986 7.192888 -0.133300 -0.878491 -0.458786 0.849609 0.388672 2 18 0.835079 16 0.164921
  18 34.467438 -0.026851 4.799314 0.593000 0.782856 -0.188380 0.779297 0.373047 2 18 0.676295 19 0.323705
  18 33.110767 0.244919 7.063398 0.140639 0.983744 -0.111657 0.779297 0.408203 2 18 0.608448 16 0.391552
hknight
  18 30.991076 -6.435986 7.192888 -0.133300 -0.878491 -0.458786 0.853516 0.697266 2 18 0.835079 16 0.164921
  19 33.647511 -1.846498 3.835459 -0.416223 0.101425 -0.903588 0.802734 0.654297 2 19 0.523298 18 0.476702
  18 33.901379 -3.196934 4.950954 0.571762 -0.816260 0.082505 0.822266 0.654297 2 18 0.536819 19 0.463181
hknight
  19 33.647511 -1.846498 3.835459 -0.416223 0.101425 -0.903588 0.802734 0.654297 2 19 0.523298 18 0.476702
  18 34.467438 -0.026851 4.799314 0.593000 0.782856 -0.188380 0.779297 0.654297 2 18 0.676295 19 0.323705
  19 37.265713 -4.959798 2.496796 0.663457 -0.626585 -0.408921 0.822266 0.615234 1 19 1.000000
hknight
  18 33.901379 -3.196934 4.950954 0.571762 -0.816260 0.082505 0.814453 0.373047 2 18 0.536819 19 0.463181
  19 37.265713 -4.959798 2.496796 0.663457 -0.626585 -0.408921 0.814453 0.333984 1 19 1.000000
  18 34.467438 -0.026851 4.799314 0.593000 0.782856 -0.188380 0.779297 0.373047 2 18 0.676295 19 0.323705
hknight
  19 33.647511 -1.846498 3.835459 -0.416223 0.101425 -0.903588 0.802734 0.654297 2 19 0.523298 18 0.476702
  19 37.265713 -4.959798 2.496796 0.663457 -0.626585 -0.408921 0.822266 0.615234 1 19 1.000000
  18 33.901379 -3.196934 4.950954 0.571762 -0.816260 0.082505 0.822266 0.654297 2 18 0.536819 19 0.463181
hknight
  16 33.259727 -4.354662 9.128599 0.441667 -0.463037 0.768458 0.916016 0.685547 1 16 1.000000
  18 30.991076 -6.435986 7.192888 -0.133300 -0.878491 -0.458786 0.876953 0.697266 2 18 0.835079 16 0.164921
  16 36.235748 -5.035522 6.676622 -0.002640 -0.944744 -0.327798 0.912109 0.638672 2 16 0.801028 17 0.198972
hknight
  16 31.930477 -0.370565 9.554152 0.369235 0.680534 0.632881 0.962891 0.701172 2 16 0.586505 15 0.413495
  17 37.768974 -0.109112 7.261663 0.601651 0.463735 0.650358 0.962891 0.638672 2 17 0.790360 16 0.209640
  17 36.578503 0.864168 6.059452 -0.174985 0.913645 -0.366925 0.978516 0.638672 2 17 0.534923 16 0.465077
hknight
  18 33.110767 0.244919 7.063398 0.140639 0.983744 -0.111657 0.779297 0.408203 2 18 0.608448 16 0.391552
  16 36.235748 -5.035522 6.676622 -0.002640 -0.944744 -0.327798 0.841797 0.447266 2 16 0.801028 17 0.198972
  18 30.991076 -6.435986 7.192888 -0.133300 -0.878491 -0.458786 0.849609 0.388672 2 18 0.835079 16 0.164921
hknight
  16 33.259727 -4.354662 9.128599 0.441667 -0.463037 0.768458 0.916016 0.685547 1 16 1.000000
  16 37.583370 -3.925094 7.628864 0.599676 -0.369351 0.709907 0.927734 0.638672 2 16 0.545640 17 0.454360
  17 37.768974 -0.109112 7.261663 0.601651 0.463735 0.650358 0.962891 0.638672 2 17 0.790360 16 0.209640
hknight
  17 36.578503 0.864168 6.059452 -0.174985 0.913645 -0.366925 0.779297 0.447266 2 17 0.534923 16 0.465077
  17 39.390018 -4.732555 3.829445 0.495421 -0.603173 -0.625093 0.833984 0.490234 1 17 1.000000
  16 36.235748 -5.035522 6.676622 -0.002640 -0.944744 -0.327798 0.841797 0.447266 2 16 0.801028 17 0.198972
hknight
  17 37.768974 -0.109112 7.261663 0.601651 0.463735 0.650358 0.962891 0.638672 2 17 0.790360 16 0.209640
  16 37.583370 -3.925094 7.628864 0.599676 -0.369351 0.709907 0.927734 0.638672 2 16 0.545640 17 0.454360
  17 39.390018 -4.732555 3.829445 0.495421 -0.603173 -0.625093 0.923828 0.595703 1 17 1.000000
hknight
  16 37.583370 -3.925094 7.628864 0.599676 -0.369351 0.709907 0.927734 0.638672 2 16 0.545640 17 0.454360
  16 36.235748 -5.035522 6.676622 -0.002640 -0.944744 -0.327798 0.912109 0.638672 2 16 0.801028 17 0.198972
  17 39.390018 -4.732555 3.829445 0.495421 -0.603173 -0.625093 0.923828 0.595703 1 17 1.000000
hknight
  17 36.578503 0.864168 6.059452 -0.174985 0.913645 -0.366925 0.978516 0.638672 2 17 0.534923 16 0.465077
  17 37.768974 -0.109112 7.261663 0.601651 0.463735 0.650358 0.962891 0.638672 2 17 0.790360 16 0.209640
  17 39.555183 0.219823 3.213686 0.493161 0.473100 -0.730047 0.978516 0.595703 1 17 1.000000
hknight
  18 33.110767 0.244919 7.063398 0.140639 0.983744 -0.111657 0.982422 0.677734 2 18 0.608448 16 0.391552
  16 31.930477 -0.370565 9.554152 0.369235 0.680534 0.632881 0.962891 0.701172 2 16 0.586505 15 0.413495
  17 36.578503 0.864168 6.059452 -0.174985 0.913645 -0.366925 0.978516 0.638672 2 17 0.534923 16 0.465077
hknight
  16 37.583370 -3.925094 7.628864 0.599676 -0.369351 0.709907 0.927734 0.638672 2 16 0.545640 17 0.454360
  16 33.259727 -4.354662 9.128599 0.441667 -0.463037 0.768458 0.916016 0.685547 1 16 1.000000
  16 36.235748 -5.035522 6.676622 -0.002640 -0.944744 -0.327798 0.912109 0.638672 2 16 0.801028 17 0.198972
hknight
  17 36.578503 0.864168 6.059452 -0.174985 0.913645 -0.366925 0.779297 0.447266 2 17 0.534923 16 0.465077
  16 36.235748 -5.035522 6.676622 -0.002640 -0.944744 -0.327798 0.841797 0.447266 2 16 0.801028 17 0.198972
  18 33.110767 0.244919 7.063398 0.140639 0.983744 -0.111657 0.779297 0.408203 2 18 0.608448 16 0.391552
hknight
  19 33.647511 -1.846498 3.835459 -0.416223 0.101425 -0.903588 0.802734 0.654297 2 19 0.523298 18 0.476702
  18 30.204689 0.365556 7.718721 -0.425658 0.808271 -0.406833 0.779297 0.708984 4 18 0.859831 16 0.071098 15 0.050645 19 0.018426
  18 34.467438 -0.026851 4.799314 0.593000 0.782856 -0.188380 0.779297 0.654297 2 18 0.676295 19 0.323705
hknight
  18 30.204689 0.365556 7.718721 -0.425658 0.808271 -0.406833 0.779297 0.708984 4 18 0.859831 16 0.071098 15 0.050645 19 0.018426
  19 33.647511 -1.846498 3.835459 -0.416223 0.101425 -0.903588 0.802734 0.654297 2 19 0.523298 18 0.476702
  18 30.991076 -6.435986 7.192888 -0.133300 -0.878491 -0.458786 0.853516 0.697266 2 18 0.835079 16 0.164921
hknight
  17 39.555183 0.219823 3.213686 0.493161 0.473100 -0.730047 0.978516 0.595703 1 17 1.000000
  17 37.768974 -0.109112 7.261663 0.601651 0.463735 0.650358 0.962891 0.638672 2 17 0.790360 16 0.209640
  17 39.390018 -4.732555 3.829445 0.495421 -0.603173 -0.625093 0.923828 0.595703 1 17 1.000000
hknight
  16 31.930477 -0.370565 9.554152 0.369235 0.680534 0.632881 0.962891 0.701172 2 16 0.586505 15 0.413495
  16 33.259727 -4.354662 9.128599 0.441667 -0.463037 0.768458 0.916016 0.685547 1 16 1.000000
  17 37.768974 -0.109112 7.261663 0.601651 0.463735 0.650358 0.962891 0.638672 2 17 0.790360 16 0.209640
hknight
  17 39.555183 0.219823 3.213686 0.493161 0.473100 -0.730047 0.779297 0.490234 1 17 1.000000
  17 39.390018 -4.732555 3.829445 0.495421 -0.603173 -0.625093 0.833984 0.490234 1 17 1.000000
  17 36.578503 0.864168 6.059452 -0.174985 0.913645 -0.366925 0.779297 0.447266 2 17 0.534923 16 0.465077
hknight
  15 22.003288 -2.979334 20.662348 0.632194 0.101095 0.768186 0.947266 0.861328 2 15 0.881939 14 0.118061
  15 26.382307 -2.552720 15.686911 0.666887 0.129702 0.733784 0.951172 0.794922 1 15 1.000000
  15 24.201857 -0.261114 13.365992 -0.234214 0.947816 -0.216307 0.990234 0.794922 1 15 1.000000
hknight
  15 22.003288 -2.979334 20.662348 0.632194 0.101095 0.768186 0.947266 0.861328 2 15 0.881939 14 0.118061
  15 24.201857 -0.261114 13.365992 -0.234214 0.947816 -0.216307 0.990234 0.794922 1 15 1.000000
  15 19.894003 -0.305121 17.822012 -0.083052 0.988884 -0.123329 0.990234 0.861328 2 15 0.847126 14 0.152874
hknight
  15 19.894003 -0.305121 17.822012 -0.083052 0.988884 -0.123329 0.779297 0.861328 2 15 0.847126 14 0.152874
  15 24.201857 -0.261114 13.365992 -0.234214 0.947816 -0.216307 0.779297 0.794922 1 15 1.000000
  15 23.758663 -3.934487 12.621058 -0.628548 -0.230900 -0.742706 0.830078 0.794922 1 15 1.000000
hknight
  15 19.894003 -0.305121 17.822012 -0.083052 0.988884 -0.123329 0.779297 0.861328 2 15 0.847126 14 0.152874
  15 23.758663 -3.934487 12.621058 -0.628548 -0.230900 -0.742706 0.830078 0.794922 1 15 1.000000
  15 17.799442 -3.750793 15.944368 -0.669274 -0.166215 -0.724186 0.822266 0.865234 2 15 0.796430 14 0.203570
hknight
  15 21.060139 -6.632181 18.077127 0.133176 -0.986706 0.093147 0.900391 0.857422 2 15 0.898153 14 0.101847
  15 24.738018 -5.383283 13.567984 0.024403 -0.999702 0.000058 0.900391 0.794922 1 15 1.000000
  15 26.382307 -2.552720 15.686911 0.666887 0.129702 0.733784 0.951172 0.794922 1 15 1.000000
hknight
  15 21.060139 -6.632181 18.077127 0.133176 -0.986706 0.093147 0.900391 0.857422 2 15 0.898153 14 0.101847
  15 26.382307 -2.552720 15.686911 0.666887 0.129702 0.733784 0.951172 0.794922 1 15 1.000000
  15 22.003288 -2.979334 20.662348 0.632194 0.101095 0.768186 0.947266 0.861328 2 15 0.881939 14 0.118061
hknight
  15 21.060139 -6.632181 18.077127 0.133176 -0.986706 0.093147 0.869141 0.857422 2 15 0.898153 14 0.101847
  15 17.799442 -3.750793 15.944368 -0.669274 -0.166215 -0.724186 0.822266 0.865234 2 15 0.796430 14 0.203570
  15 23.758663 -3.934487 12.621058 -0.628548 -0.230900 -0.742706 0.830078 0.794922 1 15 1.000000
hknight
  15 21.060139 -6.632181 18.077127 0.133176 -0.986706 0.093147 0.869141 0.857422 2 15 0.898153 14 0.101847
  15 23.758663 -3.934487 12.621058 -0.628548 -0.230900 -0.742706 0.830078 0.794922 1 15 1.000000
  15 24.738018 -5.383283 13.567984 0.024403 -0.999702 0.000058 0.853516 0.794922 1 15 1.000000
hknight
  14 16.265181 -3.378561 17.999723 -0.571716 -0.121941 -0.811339 0.822266 0.892578 2 14 0.878274 15 0.121726
  15 17.799442 -3.750793 15.944368 -0.669274 -0.166215 -0.724186 0.822266 0.865234 2 15 0.796430 14 0.203570
  14 18.092661 -6.000039 20.259024 0.126887 -0.985029 0.116698 0.869141 0.896484 2 14 0.922909 15 0.077091
hknight
  14 19.681524 -2.767281 21.815119 0.676048 0.132291 0.724885 0.947266 0.888672 2 14 0.918794 15 0.081206
  14 18.092661 -6.000039 20.259024 0.126887 -0.985029 0.116698 0.900391 0.896484 2 14 0.922909 15 0.077091
  15 22.003288 -2.979334 20.662348 0.632194 0.101095 0.768186 0.947266 0.861328 2 15 0.881939 14 0.118061
hknight
  13 13.039911 3.114163 39.545120 0.719736 0.292057 0.629827 0.333984 0.369141 2 13 0.893091 11 0.106909
  13 8.387276 1.020187 33.146011 0.949823 0.155692 0.271288 0.416016 0.369141 2 13 0.942129 11 0.057871
  13 5.826227 3.028325 35.374702 -0.200866 0.785786 0.584973 0.408203 0.333984 2 13 0.876510 11 0.123490
hknight
  13 5.123835 -4.109199 32.899536 0.221566 -0.729823 0.646736 0.380859 0.259766 3 13 0.940019 11 0.051134 10 0.008848
  13 8.387276 1.020187 33.146011 0.949823 0.155692 0.271288 0.337891 0.287109 2 13 0.942129 11 0.057871
  13 13.039911 3.114163 39.545120 0.719736 0.292057 0.629827 0.333984 0.369141 2 13 0.893091 11 0.106909
hknight
  13 13.039911 3.114163 39.545120 0.719736 0.292057 0.629827 0.333984 0.369141 2 13 0.893091 11 0.106909
  13 5.826227 3.028325 35.374702 -0.200866 0.785786 0.584973 0.408203 0.333984 2 13 0.876510 11 0.123490
  13 5.123835 -4.109199 32.899536 0.221566 -0.729823 0.646736 0.380859 0.259766 3 13 0.940019 11 0.051134 10 0.008848
hknight
  13 5.826227 3.028325 35.374702 -0.200866 0.785786 0.584973 0.587891 0.017578 2 13 0.876510 11 0.123490
  13 0.658661 1.591777 38.725945 0.000000 0.368244 0.929729 0.525391 0.009766 3 13 0.436879 21 0.436879 11 0.126242
  13 5.123835 -4.109199 32.899536 0.221566 -0.729823 0.646736 0.568359 0.091797 3 13 0.940019 11 0.051134 10 0.008848
hknight
  14 12.266792 -6.513661 26.878065 0.233983 -0.889539 0.392393 0.650391 0.146484 4 14 0.895725 13 0.100057 11 0.003999 10 0.000220
  13 13.733650 -1.392259 28.636599 0.981851 -0.015170 -0.189048 0.669922 0.091797 2 13 0.554757 14 0.445243
  13 5.123835 -4.109199 32.899536 0.221566 -0.729823 0.646736 0.568359 0.091797 3 13 0.940019 11 0.051134 10 0.008848
hknight
  29 6.391922 1.697815 -0.171988 0.025862 0.831452 0.554994 0.193359 0.123047 2 29 0.770619 30 0.229381
  30 9.785312 -2.938984 -2.375204 0.989706 -0.135653 0.045613 0.251953 0.146484 2 30 0.886866 29 0.113134
  29 6.395758 5.358065 -2.235661 -0.006859 0.999920 -0.010649 0.162109 0.154297 2 29 0.507779 30 0.492221
hknight
  29 6.391922 1.697815 -0.171988 0.025862 0.831452 0.554994 0.037109 0.126953 2 29 0.770619 30 0.229381
  29 6.395758 5.358065 -2.235661 -0.006859 0.999920 -0.010649 0.005859 0.158203 2 29 0.507779 30 0.492221
  30 3.324382 -2.714336 -2.375204 -0.990630 -0.108262 -0.083257 0.091797 0.146484 2 30 0.885772 29 0.114228
hknight
  33 8.850264 0.764589 -21.670971 0.573329 0.399031 0.715589 0.009766 0.517578 2 33 0.556163 32 0.443837
  33 7.118498 4.692863 -22.306595 -0.041717 0.696175 0.716659 0.029297 0.560547 1 33 1.000000
  33 5.698802 0.729823 -21.670971 -0.555098 0.413412 0.721773 0.048828 0.517578 2 33 0.534532 32 0.465468
hknight
  32 10.042854 0.516875 -24.000185 0.819238 0.156940 -0.551560 0.166016 0.501953 2 32 0.517114 33 0.482886
  33 9.543411 3.542331 -24.000185 0.796386 0.453143 -0.400537 0.166016 0.533203 1 33 1.000000
  33 8.850264 0.764589 -21.670971 0.573329 0.399031 0.715589 0.138672 0.505859 2 33 0.556163 32 0.443837
hknight
  14 11.598063 -1.387902 28.803473 0.801644 -0.080136 -0.592406 0.685547 0.107422 2 14 0.776772 13 0.223228
  13 13.733650 -1.392259 28.636599 0.981851 -0.015170 -0.189048 0.669922 0.091797 2 13 0.554757 14 0.445243
  14 12.266792 -6.513661 26.878065 0.233983 -0.889539 0.392393 0.650391 0.146484 4 14 0.895725 13 0.100057 11 0.003999 10 0.000220
hknight
  14 11.598063 -1.387902 28.803473 0.801644 -0.080136 -0.592406 0.931641 0.990234 2 14 0.776772 13 0.223228
  14 16.176338 -1.949398 26.421423 0.693507 0.151044 0.704438 0.931641 0.947266 1 14 1.000000
  14 13.938463 2.232862 22.797266 0.255817 0.962140 -0.094049 0.990234 0.943359 1 14 1.000000
hknight
  14 11.598063 -1.387902 28.803473 0.801644 -0.080136 -0.592406 0.931641 0.990234 2 14 0.776772 13 0.223228
  14 13.938463 2.232862 22.797266 0.255817 0.962140 -0.094049 0.990234 0.943359 1 14 1.000000
  13 10.050200 2.618201 24.920149 0.286115 0.917373 -0.276703 0.990234 0.990234 3 13 0.683588 14 0.296274 11 0.020138
hknight
  13 7.019279 4.708830 32.035339 -0.042317 0.937511 0.345372 0.482422 0.404297 2 13 0.830822 11 0.169178
  13 13.733650 -1.392259 28.636599 0.981851 -0.015170 -0.189048 0.388672 0.419922 2 13 0.554757 14 0.445243
  13 10.050200 2.618201 24.920149 0.286115 0.917373 -0.276703 0.427734 0.466797 3 13 0.683588 14 0.296274 11 0.020138
hknight
  13 7.019279 4.708830 32.035339 -0.042317 0.937511 0.345372 0.482422 0.404297 2 13 0.830822 11 0.169178
  13 10.050200 2.618201 24.920149 0.286115 0.917373 -0.276703 0.427734 0.466797 3 13 0.683588 14 0.296274 11 0.020138
  13 5.911121 3.731168 26.892698 0.035743 0.995821 0.084040 0.474609 0.455078 3 13 0.890012 11 0.108389 14 0.001599
hknight
  29 6.441837 -7.251930 10.440527 0.430643 -0.902230 -0.022959 0.177734 0.017578 2 29 0.638889 28 0.361111
  28 2.472765 -7.585114 11.420164 -0.078023 -0.955912 -0.283098 0.134766 0.005859 3 28 0.817658 29 0.146253 34 0.036089
  29 6.530318 -4.642611 -0.234198 0.018434 -0.995288 -0.095196 0.134766 0.123047 2 29 0.838913 30 0.161087
hknight
  10 4.905438 -7.410248 25.274530 0.269090 -0.962164 0.042781 0.568359 0.197266 3 10 0.391851 13 0.353810 11 0.254339
  28 2.472765 -7.585114 11.420164 -0.078023 -0.955912 -0.283098 0.541016 0.337891 3 28 0.817658 29 0.146253 34 0.036089
  28 5.615409 -6.853859 14.782625 0.591655 -0.800081 0.099067 0.580078 0.306641 3 28 0.774247 29 0.181975 11 0.043777
hknight
  12 0.658661 3.249957 32.780525 0.000000 -0.587279 0.809384 0.365234 0.869141 1 12 1.000000
  12 -3.021902 3.236430 32.758568 -0.894809 -0.395025 0.208021 0.314453 0.873047 1 12 1.000000
  11 -1.836388 0.932339 31.101583 -0.414578 0.777602 0.472717 0.330078 0.908203 1 11 1.000000
hknight
  11 -1.836388 0.932339 31.101583 -0.414578 0.777602 0.472717 0.330078 0.908203 1 11 1.000000
  11 3.176636 0.932339 31.101583 0.414477 0.779297 0.470005 0.400391 0.908203 1 11 1.000000
  12 4.339224 3.236430 32.758568 0.894974 -0.393800 0.209628 0.416016 0.873047 2 12 0.885369 11 0.114631
hknight
  11 -1.836388 0.932339 31.101583 -0.414578 0.777602 0.472717 0.330078 0.908203 1 11 1.000000
  12 4.339224 3.236430 32.758568 0.894974 -0.393800 0.209628 0.416016 0.873047 2 12 0.885369 11 0.114631
  12 0.658661 3.249957 32.780525 0.000000 -0.587279 0.809384 0.365234 0.869141 1 12 1.000000
hknight
  11 3.176636 0.932339 31.101583 0.414477 0.779297 0.470005 0.431641 0.876953 1 11 1.000000
  13 5.435419 0.932338 31.101583 -0.513811 0.848161 0.128923 0.431641 0.908203 2 13 0.785133 11 0.214867
  12 0.658661 2.800385 27.846781 -0.000501 0.722787 -0.691071 0.470703 0.826172 2 12 0.772739 11 0.227261
hknight
  11 3.176636 0.932339 31.101583 0.414477 0.779297 0.470005 0.400391 0.908203 1 11 1.000000
  11 -1.836388 0.932339 31.101583 -0.414578 0.777602 0.472717 0.330078 0.908203 1 11 1.000000
  13 0.658661 1.591777 38.725945 0.000000 0.368244 0.929729 0.365234 0.994141 3 13 0.436879 21 0.436879 11 0.126242
hknight
  21 -4.118096 0.932339 31.101583 0.513811 0.848161 0.128923 0.298828 0.908203 2 21 0.990208 11 0.009792
  11 -1.836388 0.932339 31.101583 -0.414578 0.777602 0.472717 0.298828 0.876953 1 11 1.000000
  12 0.658661 2.800385 27.846781 -0.000501 0.722787 -0.691071 0.259766 0.826172 2 12 0.772739 11 0.227261
hknight
  39 -2.620794 0.956859 6.292315 -0.000000 -1.000000 -0.000787 0.509766 0.728516 2 39 0.614447 40 0.385553
  40 -2.621416 1.458712 -1.580151 -0.000000 -0.997974 -0.063619 0.427734 0.728516 1 40 1.000000
  40 3.938739 1.458712 -1.580151 -0.000000 -0.997974 -0.063619 0.427734 0.650391 1 40 1.000000
hknight
  39 -2.620794 0.956859 6.292315 -0.000000 -1.000000 -0.000787 0.509766 0.728516 2 39 0.614447 40 0.385553
  40 3.938739 1.458712 -1.580151 -0.000000 -0.997974 -0.063619 0.427734 0.650391 1 40 1.000000
  39 3.938116 0.956859 6.292315 -0.000000 -1.000000 -0.000787 0.509766 0.650391 2 39 0.682595 40 0.317405
hknight
  10 -3.023863 1.490595 15.129805 -0.000000 -0.998181 0.060285 0.599609 0.732422 4 10 0.497621 28 0.210317 34 0.192648 39 0.099414
  39 -2.620794 0.956859 6.292315 -0.000000 -1.000000 -0.000787 0.509766 0.728516 2 39 0.614447 40 0.385553
  39 3.938116 0.956859 6.292315 -0.000000 -1.000000 -0.000787 0.509766 0.650391 2 39 0.682595 40 0.317405
hknight
  10 -3.023863 1.490595 15.129805 -0.000000 -0.998181 0.060285 0.599609 0.732422 4 10 0.497621 28 0.210317 34 0.192648 39 0.099414
  39 3.938116 0.956859 6.292315 -0.000000 -1.000000 -0.000787 0.509766 0.650391 2 39 0.682595 40 0.317405
  39 4.341186 1.490594 15.129805 -0.000000 -0.998181 0.060285 0.599609 0.646484 4 39 0.336901 10 0.247054 28 0.244823 29 0.171221
hknight
  20 25.534239 4.237470 -11.241635 -0.919491 0.000318 -0.393110 0.251953 0.783203 1 20 1.000000
  20 27.532187 3.479479 -12.054867 0.342968 -0.628267 -0.698322 0.267578 0.791016 1 20 1.000000
  20 27.532187 3.019045 -2.689922 -0.022772 -0.999152 -0.034298 0.271484 0.712891 1 20 1.000000
hknight
  20 27.532187 4.995460 -12.042015 0.344853 0.633710 -0.692451 0.279297 0.791016 1 20 1.000000
  20 28.734554 4.207378 -2.822796 0.993112 -0.008714 -0.116845 0.287109 0.712891 1 20 1.000000
  20 27.532187 3.479479 -12.054867 0.342968 -0.628267 -0.698322 0.267578 0.791016 1 20 1.000000
hknight
  20 25.534239 4.237470 -11.241635 -0.919491 0.000318 -0.393110 0.251953 0.783203 1 20 1.000000
  20 27.532187 4.995460 -12.042015 0.344853 0.633710 -0.692451 0.267578 0.791016 1 20 1.000000
  20 27.532187 3.479479 -12.054867 0.342968 -0.628267 -0.698322 0.259766 0.798828 1 20 1.000000
hknight
  20 25.534239 4.237470 -11.241635 -0.919491 0.000318 -0.393110 0.251953 0.783203 1 20 1.000000
  20 27.532187 5.455894 -2.669262 0.003894 0.999576 -0.028870 0.271484 0.712891 1 20 1.000000
  20 27.532187 4.995460 -12.042015 0.344853 0.633710 -0.692451 0.267578 0.791016 1 20 1.000000
hknight
  20 26.329821 4.267561 -2.486094 -0.998700 0.013371 0.049193 0.259766 0.708984 1 20 1.000000
  20 27.532187 5.455894 -2.669262 0.003894 0.999576 -0.028870 0.271484 0.712891 1 20 1.000000
  20 25.534239 4.237470 -11.241635 -0.919491 0.000318 -0.393110 0.251953 0.783203 1 20 1.000000
hknight
  20 25.534239 4.237470 -11.241635 -0.919491 0.000318 -0.393110 0.251953 0.783203 1 20 1.000000
  20 27.532187 3.019045 -2.689922 -0.022772 -0.999152 -0.034298 0.271484 0.712891 1 20 1.000000
  20 26.329821 4.267561 -2.486094 -0.998700 0.013371 0.049193 0.259766 0.708984 1 20 1.000000
hknight
  20 27.260607 3.464437 14.705549 -0.647437 -0.761879 0.019159 0.279297 0.568359 1 20 1.000000
  20 26.493570 3.464436 28.036985 -0.579087 -0.807829 -0.109870 0.279297 0.455078 1 20 1.000000
  20 26.493570 4.993140 28.036985 -0.586407 0.801832 -0.114856 0.263672 0.455078 1 20 1.000000
hknight
  20 27.260607 3.464437 14.705549 -0.647437 -0.761879 0.019159 0.279297 0.568359 1 20 1.000000
  20 26.493570 4.993140 28.036985 -0.586407 0.801832 -0.114856 0.263672 0.455078 1 20 1.000000
  20 27.260607 4.993140 14.705549 -0.644187 0.764845 0.005967 0.263672 0.568359 1 20 1.000000
hknight
  20 22.163864 4.273749 38.033073 -0.519901 0.002774 0.854222 0.251953 0.369141 1 20 1.000000
  20 26.493570 4.993140 28.036985 -0.586407 0.801832 -0.114856 0.263672 0.455078 1 20 1.000000
  20 26.493570 3.464436 28.036985 -0.579087 -0.807829 -0.109870 0.279297 0.455078 1 20 1.000000
hknight
  20 27.260607 3.464437 14.705549 -0.647437 -0.761879 0.019159 0.279297 0.568359 1 20 1.000000
  20 27.260607 4.993140 14.705549 -0.644187 0.764845 0.005967 0.263672 0.568359 1 20 1.000000
  20 26.329821 4.267561 -2.486094 -0.998700 0.013371 0.049193 0.259766 0.708984 1 20 1.000000
hknight
  20 29.435703 4.273749 31.269827 0.827460 0.007633 0.561473 0.306641 0.431641 1 20 1.000000
  20 33.516376 4.273749 19.703356 0.986593 0.008551 0.162976 0.333984 0.529297 1 20 1.000000
  20 27.260607 4.993140 14.705549 -0.644187 0.764845 0.005967 0.279297 0.568359 1 20 1.000000
hknight
  20 29.435703 4.273749 31.269827 0.827460 0.007633 0.561473 0.306641 0.431641 1 20 1.000000
  20 27.260607 4.993140 14.705549 -0.644187 0.764845 0.005967 0.279297 0.568359 1 20 1.000000
  20 26.493570 4.993140 28.036985 -0.586407 0.801832 -0.114856 0.279297 0.455078 1 20 1.000000
hknight
  20 29.435703 4.273749 31.269827 0.827460 0.007633 0.561473 0.306641 0.431641 1 20 1.000000
  20 26.493570 4.993140 28.036985 -0.586407 0.801832 -0.114856 0.279297 0.455078 1 20 1.000000
  20 22.163864 4.273749 38.033073 -0.519901 0.002774 0.854222 0.251953 0.369141 1 20 1.000000
hknight
  20 27.260607 3.464437 14.705549 -0.647437 -0.761879 0.019159 0.279297 0.568359 1 20 1.000000
  20 33.516376 4.273749 19.703356 0.986593 0.008551 0.162976 0.333984 0.529297 1 20 1.000000
  20 29.435703 4.273749 31.269827 0.827460 0.007633 0.561473 0.306641 0.431641 1 20 1.000000
hknight
  20 27.260607 3.464437 14.705549 -0.647437 -0.761879 0.019159 0.279297 0.568359 1 20 1.000000
  20 29.435703 4.273749 31.269827 0.827460 0.007633 0.561473 0.306641 0.431641 1 20 1.000000
  20 26.493570 3.464436 28.036985 -0.579087 -0.807829 -0.109870 0.279297 0.455078 1 20 1.000000
hknight
  20 22.163864 4.273749 38.033073 -0.519901 0.002774 0.854222 0.251953 0.369141 1 20 1.000000
  20 26.493570 3.464436 28.036985 -0.579087 -0.807829 -0.109870 0.279297 0.455078 1 20 1.000000
  20 29.435703 4.273749 31.269827 0.827460 0.007633 0.561473 0.306641 0.431641 1 20 1.000000
hknight
  20 33.688477 4.091613 6.200844 0.888752 -0.009011 -0.458299 0.330078 0.642578 1 20 1.000000
  20 29.501045 3.337044 5.246441 0.442340 -0.853162 -0.276497 0.294922 0.646484 1 20 1.000000
  20 29.501045 4.846181 5.246441 0.504487 0.818553 -0.274709 0.306641 0.662109 1 20 1.000000
hknight
  20 29.501045 3.337044 5.246441 0.442340 -0.853162 -0.276497 0.294922 0.646484 1 20 1.000000
  20 28.734554 4.207378 -2.822796 0.993112 -0.008714 -0.116845 0.287109 0.712891 1 20 1.000000
  20 29.501045 4.846181 5.246441 0.504487 0.818553 -0.274709 0.306641 0.662109 1 20 1.000000
hknight
  20 27.532187 5.455894 -2.669262 0.003894 0.999576 -0.028870 0.271484 0.712891 1 20 1.000000
  20 29.501045 4.846181 5.246441 0.504487 0.818553 -0.274709 0.294922 0.646484 1 20 1.000000
  20 28.734554 4.207378 -2.822796 0.993112 -0.008714 -0.116845 0.287109 0.712891 1 20 1.000000
hknight
  20 27.532187 3.019045 -2.689922 -0.022772 -0.999152 -0.034298 0.271484 0.712891 1 20 1.000000
  20 28.734554 4.207378 -2.822796 0.993112 -0.008714 -0.116845 0.287109 0.712891 1 20 1.000000
  20 29.501045 3.337044 5.246441 0.442340 -0.853162 -0.276497 0.294922 0.646484 1 20 1.000000
hknight
  20 33.688477 4.091613 6.200844 0.888752 -0.009011 -0.458299 0.330078 0.642578 1 20 1.000000
  20 29.501045 4.846181 5.246441 0.504487 0.818553 -0.274709 0.294922 0.646484 1 20 1.000000
  20 27.260607 4.993140 14.705549 -0.644187 0.764845 0.005967 0.279297 0.568359 1 20 1.000000
hknight
  20 33.688477 4.091613 6.200844 0.888752 -0.009011 -0.458299 0.330078 0.642578 1 20 1.000000
  20 27.260607 4.993140 14.705549 -0.644187 0.764845 0.005967 0.279297 0.568359 1 20 1.000000
  20 33.516376 4.273749 19.703356 0.986593 0.008551 0.162976 0.333984 0.529297 1 20 1.000000
hknight
  20 33.516376 4.273749 19.703356 0.986593 0.008551 0.162976 0.333984 0.529297 1 20 1.000000
  20 27.260607 3.464437 14.705549 -0.647437 -0.761879 0.019159 0.279297 0.568359 1 20 1.000000
  20 29.501045 3.337044 5.246441 0.442340 -0.853162 -0.276497 0.294922 0.646484 1 20 1.000000
hknight
  20 33.516376 4.273749 19.703356 0.986593 0.008551 0.162976 0.333984 0.529297 1 20 1.000000
  20 29.501045 3.337044 5.246441 0.442340 -0.853162 -0.276497 0.294922 0.646484 1 20 1.000000
  20 33.688477 4.091613 6.200844 0.888752 -0.009011 -0.458299 0.330078 0.642578 1 20 1.000000
hknight
  20 29.501045 4.846181 5.246441 0.504487 0.818553 -0.274709 0.294922 0.646484 1 20 1.000000
  20 27.532187 5.455894 -2.669262 0.003894 0.999576 -0.028870 0.271484 0.712891 1 20 1.000000
  20 27.260607 4.993140 14.705549 -0.644187 0.764845 0.005967 0.279297 0.568359 1 20 1.000000
hknight
  20 29.501045 3.337044 5.246441 0.442340 -0.853162 -0.276497 0.294922 0.646484 1 20 1.000000
  20 27.260607 3.464437 14.705549 -0.647437 -0.761879 0.019159 0.279297 0.568359 1 20 1.000000
  20 27.532187 3.019045 -2.689922 -0.022772 -0.999152 -0.034298 0.271484 0.712891 1 20 1.000000
hknight
  20 27.532187 3.019045 -2.689922 -0.022772 -0.999152 -0.034298 0.271484 0.712891 1 20 1.000000
  20 27.260607 3.464437 14.705549 -0.647437 -0.761879 0.019159 0.279297 0.568359 1 20 1.000000
  20 26.329821 4.267561 -2.486094 -0.998700 0.013371 0.049193 0.259766 0.708984 1 20 1.000000
hknight
  20 26.329821 4.267561 -2.486094 -0.998700 0.013371 0.049193 0.259766 0.708984 1 20 1.000000
  20 27.260607 4.993140 14.705549 -0.644187 0.764845 0.005967 0.279297 0.568359 1 20 1.000000
  20 27.532187 5.455894 -2.669262 0.003894 0.999576 -0.028870 0.271484 0.712891 1 20 1.000000
hknight
  20 27.532187 5.455894 -2.669262 0.003894 0.999576 -0.028870 0.271484 0.712891 1 20 1.000000
  20 28.734554 4.207378 -2.822796 0.993112 -0.008714 -0.116845 0.287109 0.712891 1 20 1.000000
  20 27.532187 4.995460 -12.042015 0.344853 0.633710 -0.692451 0.267578 0.791016 1 20 1.000000
hknight
  20 27.532187 3.019045 -2.689922 -0.022772 -0.999152 -0.034298 0.271484 0.712891 1 20 1.000000
  20 27.532187 3.479479 -12.054867 0.342968 -0.628267 -0.698322 0.267578 0.791016 1 20 1.000000
  20 28.734554 4.207378 -2.822796 0.993112 -0.008714 -0.116845 0.287109 0.712891 1 20 1.000000
end
