version 1
nodes
0 "Spine.001" -1
1 "Spine.002" 0
2 "Spine.003" 1
3 "Spine.004" 2
4 "Spine.005" 3
5 "Spine.006" 4
6 "Spine.007" 5
7 "Arm.R.001" 2
8 "Arm.R.002" 7
9 "Arm.R.003" 8
10 "Arm.R.004" 9
11 "Arm.L.001" 2
12 "Arm.L.002" 11
13 "Arm.L.003" 12
14 "Arm.L.004" 13
15 "ForearmIK.R" -1
16 "ForearmIK.L" -1
17 "Spine.008" -1
18 "Leg.R.001" 17
19 "Leg.R.002" 18
20 "Leg.R.003" 19
21 "Leg.R.004" 20
22 "Leg.R.005" 21
23 "Leg.L.001" 17
24 "Leg.L.002" 23
25 "Leg.L.003" 24
26 "Leg.L.004" 25
27 "Leg.L.005" 26
28 "UpperarmIK.R" -1
29 "UpperarmIK.L" -1
30 "ShinIK.R" -1
31 "ShinIK.L" -1
32 "KneeIK.R" -1
33 "KneeIK.L" -1
end
skeleton
  time 0
  0 0.193814 -0.176185 6.107544 1.570796 -0.000000 1.570796
  1 0.000001 5.135229 -0.000000 -0.000000 -0.000000 0.049924
  2 0.000000 4.930599 -0.000000 -0.000000 0.000000 -0.049924
  3 0.000000 2.720947 -0.000000 -0.000000 0.000000 -0.121166
  4 -0.000000 1.764670 0.000000 0.000000 -0.000000 0.056028
  5 -0.000000 1.155204 -0.000000 -0.000000 0.000000 -0.035083
  6 0.000000 1.786737 0.000000 0.000000 -0.000000 -0.077375
  7 0.000000 2.720947 -0.000000 1.477370 -0.000000 3.141586
  8 -0.000000 4.613522 -0.000001 -0.705086 -0.010296 -0.011543
  9 0.000001 12.046067 0.000002 -0.027691 0.001693 0.063394
  10 -0.000001 14.285704 0.000002 0.071834 0.000000 -0.047944
  11 0.000000 2.720947 -0.016561 -1.657863 -0.033924 -0.370614
  12 -0.000000 4.613521 -0.000001 1.053303 2.347801 0.614332
  13 -0.000001 12.046069 0.000000 0.060675 0.046104 0.036240
  14 0.000000 14.285700 0.000001 -0.087059 -0.129880 0.013014
  15 22.859892 0.076099 -0.664674 0.000000 -0.000000 3.141593
  16 -22.488819 0.076100 -0.664674 0.000000 -0.000000 3.141593
  17 0.193814 -0.176185 6.107544 -1.570796 -0.000000 1.570796
  18 0.000001 3.041575 -2.524301 -0.034879 -0.000574 -0.016457
  19 0.000001 12.303569 -0.000001 0.034880 -0.000482 0.030256
  20 0.000001 11.084805 -0.000001 0.022131 1.570778 0.000000
  21 0.000000 2.979607 -0.000000 1.562463 0.000019 0.000000
  22 0.000000 2.441538 -0.000000 -0.086398 0.000000 -0.000000
  23 -0.000001 3.041576 2.540861 0.034879 -0.000643 -0.016499
  24 -0.000002 12.303572 -0.000002 -0.034844 0.001678 0.030257
  25 0.000001 11.084805 0.000000 -0.022130 -1.570769 0.000000
  26 -0.000000 2.979607 0.000000 1.562463 -3.141545 -0.000000
  27 -0.000000 2.441538 -0.000000 -0.091756 0.342972 -0.030933
  28 13.191147 -15.525579 9.829513 0.000000 -0.000000 3.141593
  29 -12.820084 -15.525579 9.829513 0.000000 -0.000000 3.141593
  30 3.147163 -0.126526 -20.312202 0.000000 -0.000000 3.141593
  31 -2.776096 -0.126526 -20.312202 0.000000 -0.000000 3.141593
  32 3.147164 13.220399 -9.228452 0.000000 0.000000 -0.000000
  33 -2.776095 13.220400 -9.228452 0.000000 0.000000 -0.000000
end
triangles
knight
  17 -2.986501 -2.875322 5.995623 -0.498508 -0.866784 0.013220 0.046875 0.777344 4 17 0.683332 0 0.147602 23 0.124932 1 0.044135
  17 -4.144223 -0.324048 5.995623 -0.993772 0.104824 0.037811 0.003906 0.773438 4 17 0.510547 0 0.239140 23 0.222597 1 0.027716
  23 -4.514572 -0.324047 3.113066 -0.999182 0.040339 0.002730 0.007812 0.828125 2 23 0.966147 17 0.033853
knight
  17 -2.986501 -2.875322 5.995623 -0.498508 -0.866784 0.013220 0.046875 0.777344 4 17 0.683332 0 0.147602 23 0.124932 1 0.044135
  23 -4.514572 -0.324047 3.113066 -0.999182 0.040339 0.002730 0.007812 0.828125 2 23 0.966147 17 0.033853
  23 -2.350423 -2.825470 3.113066 -0.086314 -0.981194 -0.172648 0.054688 0.824219 3 23 0.681766 17 0.302957 0 0.015277
knight
  23 -2.705225 -1.694756 -9.208750 -0.005606 -0.813910 0.580964 0.660156 0.125000 1 23 1.000000
  24 -2.705225 -2.398741 -9.693419 -0.000000 -0.922606 0.385745 0.667969 0.117188 2 24 0.621782 23 0.378218
  24 -0.297956 -0.221405 -9.768507 0.925517 -0.058922 0.374094 0.621094 0.117188 1 24 1.000000
knight
  23 -2.705225 -1.694756 -9.208750 -0.005606 -0.813910 0.580964 0.660156 0.125000 1 23 1.000000
  24 -0.297956 -0.221405 -9.768507 0.925517 -0.058922 0.374094 0.621094 0.117188 1 24 1.000000
  23 -1.231874 -0.221405 -9.208750 0.818372 -0.005758 0.574660 0.632812 0.125000 2 23 0.669292 24 0.330708
knight
  23 -2.350423 2.092006 3.113066 -0.046222 0.997138 -0.059835 0.343750 0.828125 3 23 0.876848 17 0.091721 0 0.031431
  24 -2.705225 1.251946 -9.208750 -0.005784 0.416041 0.909327 0.343750 0.996094 2 24 0.604780 23 0.395220
  23 -4.178576 -0.221405 -9.208750 -0.802675 -0.005890 0.596388 0.386719 0.996094 1 23 1.000000
knight
  23 -2.350423 2.092006 3.113066 -0.046222 0.997138 -0.059835 0.343750 0.828125 3 23 0.876848 17 0.091721 0 0.031431
  23 -4.178576 -0.221405 -9.208750 -0.802675 -0.005890 0.596388 0.386719 0.996094 1 23 1.000000
  23 -4.514572 -0.324047 3.113066 -0.999182 0.040339 0.002730 0.386719 0.824219 2 23 0.966147 17 0.033853
knight
  23 -2.350423 -2.825470 3.113066 -0.086314 -0.981194 -0.172648 0.054688 0.824219 3 23 0.681766 17 0.302957 0 0.015277
  23 -2.705225 -1.694756 -9.208750 -0.005606 -0.813910 0.580964 0.062500 0.996094 1 23 1.000000
  23 -1.231874 -0.221405 -9.208750 0.818372 -0.005758 0.574660 0.101562 0.996094 2 23 0.669292 24 0.330708
knight
  23 -2.350423 -2.825470 3.113066 -0.086314 -0.981194 -0.172648 0.054688 0.824219 3 23 0.681766 17 0.302957 0 0.015277
  23 -1.231874 -0.221405 -9.208750 0.818372 -0.005758 0.574660 0.101562 0.996094 2 23 0.669292 24 0.330708
  17 -0.206007 -0.324047 3.113066 0.747137 0.026042 -0.664159 0.097656 0.828125 3 17 0.851881 23 0.144360 0 0.003759
knight
  17 -0.206007 -0.324047 3.113066 0.747137 0.026042 -0.664159 0.296875 0.835938 3 17 0.851881 23 0.144360 0 0.003759
  23 -1.231874 -0.221405 -9.208750 0.818372 -0.005758 0.574660 0.300781 0.996094 2 23 0.669292 24 0.330708
  24 -2.705225 1.251946 -9.208750 -0.005784 0.416041 0.909327 0.343750 0.996094 2 24 0.604780 23 0.395220
knight
  17 -0.206007 -0.324047 3.113066 0.747137 0.026042 -0.664159 0.296875 0.835938 3 17 0.851881 23 0.144360 0 0.003759
  24 -2.705225 1.251946 -9.208750 -0.005784 0.416041 0.909327 0.343750 0.996094 2 24 0.604780 23 0.395220
  23 -2.350423 2.092006 3.113066 -0.046222 0.997138 -0.059835 0.343750 0.828125 3 23 0.876848 17 0.091721 0 0.031431
knight
  23 -4.514572 -0.324047 3.113066 -0.999182 0.040339 0.002730 0.007812 0.828125 2 23 0.966147 17 0.033853
  23 -4.178576 -0.221405 -9.208750 -0.802675 -0.005890 0.596388 0.015625 0.996094 1 23 1.000000
  23 -2.705225 -1.694756 -9.208750 -0.005606 -0.813910 0.580964 0.062500 0.996094 1 23 1.000000
knight
  23 -4.514572 -0.324047 3.113066 -0.999182 0.040339 0.002730 0.007812 0.828125 2 23 0.966147 17 0.033853
  23 -2.705225 -1.694756 -9.208750 -0.005606 -0.813910 0.580964 0.062500 0.996094 1 23 1.000000
  23 -2.350423 -2.825470 3.113066 -0.086314 -0.981194 -0.172648 0.054688 0.824219 3 23 0.681766 17 0.302957 0 0.015277
knight
  24 -5.112494 -0.221405 -9.768507 -0.925517 -0.058922 0.374094 0.691406 0.410156 1 24 1.000000
  24 -4.143905 -0.221405 -20.403933 -0.998784 -0.005361 0.049003 0.691406 0.566406 2 24 0.892863 25 0.107137
  24 -2.705225 -1.660085 -20.403933 -0.000000 -0.993369 0.114973 0.718750 0.566406 2 24 0.978053 25 0.021947
knight
  24 -5.112494 -0.221405 -9.768507 -0.925517 -0.058922 0.374094 0.691406 0.410156 1 24 1.000000
  24 -2.705225 -1.660085 -20.403933 -0.000000 -0.993369 0.114973 0.718750 0.566406 2 24 0.978053 25 0.021947
  24 -2.705225 -2.398741 -9.693419 -0.000000 -0.922606 0.385745 0.738281 0.410156 2 24 0.621782 23 0.378218
knight
  23 -4.178576 -0.221405 -9.208750 -0.802675 -0.005890 0.596388 0.664062 0.152344 1 23 1.000000
  24 -5.112494 -0.221405 -9.768507 -0.925517 -0.058922 0.374094 0.675781 0.164062 1 24 1.000000
  24 -2.705225 -2.398741 -9.693419 -0.000000 -0.922606 0.385745 0.667969 0.117188 2 24 0.621782 23 0.378218
knight
  23 -4.178576 -0.221405 -9.208750 -0.802675 -0.005890 0.596388 0.664062 0.152344 1 23 1.000000
  24 -2.705225 -2.398741 -9.693419 -0.000000 -0.922606 0.385745 0.667969 0.117188 2 24 0.621782 23 0.378218
  23 -2.705225 -1.694756 -9.208750 -0.005606 -0.813910 0.580964 0.660156 0.125000 1 23 1.000000
knight
  24 -4.143905 -0.221405 -20.403933 -0.998784 -0.005361 0.049003 0.691406 0.566406 2 24 0.892863 25 0.107137
  25 -2.705225 1.482056 -21.792528 0.000000 0.801435 0.598082 0.656250 0.585938 2 25 0.866166 27 0.133834
  25 -4.772151 -0.617880 -24.215221 -0.847821 -0.164758 -0.504037 0.695312 0.621094 2 25 0.583891 27 0.416109
knight
  24 -2.705225 -2.398741 -9.693419 -0.000000 -0.922606 0.385745 0.175781 0.527344 2 24 0.621782 23 0.378218
  24 -2.705225 -1.660085 -20.403933 -0.000000 -0.993369 0.114973 0.164062 0.375000 2 24 0.978053 25 0.021947
  24 -1.266546 -0.221405 -20.403933 0.998784 -0.005361 0.049003 0.128906 0.375000 2 24 0.620703 25 0.379297
knight
  24 -2.705225 -2.398741 -9.693419 -0.000000 -0.922606 0.385745 0.175781 0.527344 2 24 0.621782 23 0.378218
  24 -1.266546 -0.221405 -20.403933 0.998784 -0.005361 0.049003 0.128906 0.375000 2 24 0.620703 25 0.379297
  24 -0.297956 -0.221405 -9.768507 0.925517 -0.058922 0.374094 0.128906 0.531250 1 24 1.000000
knight
  25 -4.772151 -0.617880 -24.215221 -0.847821 -0.164758 -0.504037 0.859375 0.781250 2 25 0.583891 27 0.416109
  25 -0.638299 -0.617880 -24.215221 0.847821 -0.164758 -0.504037 0.804688 0.773438 2 25 0.584303 27 0.415697
  25 -2.705225 -2.918817 -24.215221 -0.000000 -0.889529 -0.456879 0.828125 0.808594 2 25 0.669957 27 0.330043
knight
  24 -2.705225 -1.660085 -20.403933 -0.000000 -0.993369 0.114973 0.164062 0.375000 2 24 0.978053 25 0.021947
  25 -2.705225 -2.918817 -24.215221 -0.000000 -0.889529 -0.456879 0.175781 0.324219 2 25 0.669957 27 0.330043
  25 -0.638299 -0.617880 -24.215221 0.847821 -0.164758 -0.504037 0.132812 0.320312 2 25 0.584303 27 0.415697
knight
  24 -2.705225 -1.660085 -20.403933 -0.000000 -0.993369 0.114973 0.164062 0.375000 2 24 0.978053 25 0.021947
  25 -0.638299 -0.617880 -24.215221 0.847821 -0.164758 -0.504037 0.132812 0.320312 2 25 0.584303 27 0.415697
  24 -1.266546 -0.221405 -20.403933 0.998784 -0.005361 0.049003 0.128906 0.375000 2 24 0.620703 25 0.379297
knight
  24 -1.266546 -0.221405 -20.403933 0.998784 -0.005361 0.049003 0.128906 0.375000 2 24 0.620703 25 0.379297
  25 -2.705225 1.482056 -21.792528 0.000000 0.801435 0.598082 0.097656 0.359375 2 25 0.866166 27 0.133834
  24 -2.705225 1.217275 -20.403933 -0.000000 0.999328 0.036646 0.101562 0.375000 2 24 0.848063 25 0.151937
knight
  24 -4.143905 -0.221405 -20.403933 -0.998784 -0.005361 0.049003 0.691406 0.566406 2 24 0.892863 25 0.107137
  25 -4.772151 -0.617880 -24.215221 -0.847821 -0.164758 -0.504037 0.695312 0.621094 2 25 0.583891 27 0.416109
  25 -2.705225 -2.918817 -24.215221 -0.000000 -0.889529 -0.456879 0.738281 0.621094 2 25 0.669957 27 0.330043
knight
  24 -4.143905 -0.221405 -20.403933 -0.998784 -0.005361 0.049003 0.691406 0.566406 2 24 0.892863 25 0.107137
  25 -2.705225 -2.918817 -24.215221 -0.000000 -0.889529 -0.456879 0.738281 0.621094 2 25 0.669957 27 0.330043
  24 -2.705225 -1.660085 -20.403933 -0.000000 -0.993369 0.114973 0.718750 0.566406 2 24 0.978053 25 0.021947
knight
  25 -4.772151 -0.617880 -24.215221 -0.847821 -0.164758 -0.504037 0.859375 0.781250 2 25 0.583891 27 0.416109
  27 -4.255071 2.750124 -24.215221 -0.877226 0.188024 -0.441726 0.859375 0.730469 2 27 0.906177 25 0.093823
  27 -1.155379 2.750124 -24.215221 0.877226 0.188024 -0.441726 0.816406 0.726562 2 27 0.896569 25 0.103431
knight
  25 -4.772151 -0.617880 -24.215221 -0.847821 -0.164758 -0.504037 0.859375 0.781250 2 25 0.583891 27 0.416109
  27 -1.155379 2.750124 -24.215221 0.877226 0.188024 -0.441726 0.816406 0.726562 2 27 0.896569 25 0.103431
  25 -0.638299 -0.617880 -24.215221 0.847821 -0.164758 -0.504037 0.804688 0.773438 2 25 0.584303 27 0.415697
knight
  27 -2.705225 8.800994 -24.184675 0.000000 0.994663 -0.103177 0.851562 0.644531 1 27 1.000000
  27 -1.155379 2.750124 -24.215221 0.877226 0.188024 -0.441726 0.816406 0.726562 2 27 0.896569 25 0.103431
  27 -4.255071 2.750124 -24.215221 -0.877226 0.188024 -0.441726 0.859375 0.730469 2 27 0.906177 25 0.093823
knight
  25 -2.705225 1.482056 -21.792528 0.000000 0.801435 0.598082 0.097656 0.359375 2 25 0.866166 27 0.133834
  27 -1.155379 2.750124 -24.215221 0.877226 0.188024 -0.441726 0.085938 0.316406 2 27 0.896569 25 0.103431
  27 -2.705225 8.800994 -24.184675 0.000000 0.994663 -0.103177 0.000000 0.312500 1 27 1.000000
knight
  25 -2.705225 1.482056 -21.792528 0.000000 0.801435 0.598082 0.656250 0.585938 2 25 0.866166 27 0.133834
  27 -4.255071 2.750124 -24.215221 -0.877226 0.188024 -0.441726 0.648438 0.621094 2 27 0.906177 25 0.093823
  25 -4.772151 -0.617880 -24.215221 -0.847821 -0.164758 -0.504037 0.695312 0.621094 2 25 0.583891 27 0.416109
knight
  25 -0.638299 -0.617880 -24.215221 0.847821 -0.164758 -0.504037 0.132812 0.320312 2 25 0.584303 27 0.415697
  27 -1.155379 2.750124 -24.215221 0.877226 0.188024 -0.441726 0.085938 0.316406 2 27 0.896569 25 0.103431
  25 -2.705225 1.482056 -21.792528 0.000000 0.801435 0.598082 0.097656 0.359375 2 25 0.866166 27 0.133834
knight
  27 -2.705225 8.800994 -24.184675 0.000000 0.994663 -0.103177 0.566406 0.625000 1 27 1.000000
  27 -4.255071 2.750124 -24.215221 -0.877226 0.188024 -0.441726 0.648438 0.621094 2 27 0.906177 25 0.093823
  25 -2.705225 1.482056 -21.792528 0.000000 0.801435 0.598082 0.656250 0.585938 2 25 0.866166 27 0.133834
knight
  24 -2.705225 1.217275 -20.403933 -0.000000 0.999328 0.036646 0.660156 0.566406 2 24 0.848063 25 0.151937
  25 -2.705225 1.482056 -21.792528 0.000000 0.801435 0.598082 0.656250 0.585938 2 25 0.866166 27 0.133834
  24 -4.143905 -0.221405 -20.403933 -0.998784 -0.005361 0.049003 0.691406 0.566406 2 24 0.892863 25 0.107137
knight
  25 -0.638299 -0.617880 -24.215221 0.847821 -0.164758 -0.504037 0.132812 0.320312 2 25 0.584303 27 0.415697
  25 -2.705225 1.482056 -21.792528 0.000000 0.801435 0.598082 0.097656 0.359375 2 25 0.866166 27 0.133834
  24 -1.266546 -0.221405 -20.403933 0.998784 -0.005361 0.049003 0.128906 0.375000 2 24 0.620703 25 0.379297
knight
  0 -1.682583 2.303567 5.995623 -0.295890 0.939620 -0.171941 0.328125 0.777344 4 0 0.779772 17 0.109913 23 0.077551 1 0.032764
  23 -2.350423 2.092006 3.113066 -0.046222 0.997138 -0.059835 0.343750 0.828125 3 23 0.876848 17 0.091721 0 0.031431
  23 -4.514572 -0.324047 3.113066 -0.999182 0.040339 0.002730 0.386719 0.824219 2 23 0.966147 17 0.033853
knight
  0 -1.682583 2.303567 5.995623 -0.295890 0.939620 -0.171941 0.328125 0.777344 4 0 0.779772 17 0.109913 23 0.077551 1 0.032764
  23 -4.514572 -0.324047 3.113066 -0.999182 0.040339 0.002730 0.386719 0.824219 2 23 0.966147 17 0.033853
  17 -4.144223 -0.324048 5.995623 -0.993772 0.104824 0.037811 0.386719 0.769531 4 17 0.510547 0 0.239140 23 0.222597 1 0.027716
knight
  23 -2.350423 2.092006 3.113066 -0.046222 0.997138 -0.059835 0.343750 0.828125 3 23 0.876848 17 0.091721 0 0.031431
  0 -1.682583 2.303567 5.995623 -0.295890 0.939620 -0.171941 0.328125 0.777344 4 0 0.779772 17 0.109913 23 0.077551 1 0.032764
  17 -0.206007 -0.324047 3.113066 0.747137 0.026042 -0.664159 0.296875 0.835938 3 17 0.851881 23 0.144360 0 0.003759
knight
  0 -1.682583 2.303567 5.995623 -0.295890 0.939620 -0.171941 0.328125 0.777344 4 0 0.779772 17 0.109913 23 0.077551 1 0.032764
  0 2.068581 2.303567 5.995623 0.295890 0.939620 -0.171941 0.261719 0.777344 4 0 0.783436 17 0.108469 18 0.077344 1 0.030751
  17 0.592005 -0.324047 3.113066 -0.747137 0.026042 -0.664159 0.289062 0.835938 2 17 0.875946 18 0.124054
knight
  0 -1.682583 2.303567 5.995623 -0.295890 0.939620 -0.171941 0.328125 0.777344 4 0 0.779772 17 0.109913 23 0.077551 1 0.032764
  17 0.592005 -0.324047 3.113066 -0.747137 0.026042 -0.664159 0.289062 0.835938 2 17 0.875946 18 0.124054
  17 -0.206007 -0.324047 3.113066 0.747137 0.026042 -0.664159 0.296875 0.835938 3 17 0.851881 23 0.144360 0 0.003759
knight
  17 -4.144223 -0.324048 5.995623 -0.993772 0.104824 0.037811 0.386719 0.769531 4 17 0.510547 0 0.239140 23 0.222597 1 0.027716
  0 -3.833392 -0.324048 10.511501 -0.992428 0.016963 -0.121652 0.382812 0.707031 4 0 0.669692 1 0.248110 17 0.071263 12 0.010934
  0 -1.944222 2.445822 11.256573 -0.382476 0.916444 -0.117656 0.328125 0.695312 2 0 0.520485 1 0.479515
knight
  17 -4.144223 -0.324048 5.995623 -0.993772 0.104824 0.037811 0.386719 0.769531 4 17 0.510547 0 0.239140 23 0.222597 1 0.027716
  0 -1.944222 2.445822 11.256573 -0.382476 0.916444 -0.117656 0.328125 0.695312 2 0 0.520485 1 0.479515
  0 -1.682583 2.303567 5.995623 -0.295890 0.939620 -0.171941 0.328125 0.777344 4 0 0.779772 17 0.109913 23 0.077551 1 0.032764
knight
  17 -2.986501 -2.875322 5.995623 -0.498508 -0.866784 0.013220 0.046875 0.777344 4 17 0.683332 0 0.147602 23 0.124932 1 0.044135
  0 -3.833392 -0.324048 10.511501 -0.992428 0.016963 -0.121652 0.003906 0.710938 4 0 0.669692 1 0.248110 17 0.071263 12 0.010934
  17 -4.144223 -0.324048 5.995623 -0.993772 0.104824 0.037811 0.003906 0.773438 4 17 0.510547 0 0.239140 23 0.222597 1 0.027716
knight
  12 -4.222929 -2.716671 16.735603 -0.199230 -0.953462 -0.226311 0.039062 0.617188 4 12 0.828497 11 0.078615 1 0.061140 2 0.031749
  11 -5.129988 -0.019306 16.694550 -0.994548 0.017697 -0.102770 0.000000 0.613281 4 11 0.520495 12 0.378130 1 0.078372 0 0.023002
  0 -3.833392 -0.324048 10.511501 -0.992428 0.016963 -0.121652 0.003906 0.710938 4 0 0.669692 1 0.248110 17 0.071263 12 0.010934
knight
  0 -1.944222 2.445822 11.256573 -0.382476 0.916444 -0.117656 0.328125 0.695312 2 0 0.520485 1 0.479515
  1 -2.600315 2.728053 16.180244 -0.254856 0.964682 0.066608 0.332031 0.628906 4 1 0.746815 0 0.101702 3 0.087150 11 0.064333
  1 2.986313 2.728053 16.180244 0.254856 0.964682 0.066608 0.257812 0.628906 4 1 0.746832 0 0.101685 3 0.087111 7 0.064372
knight
  0 -1.944222 2.445822 11.256573 -0.382476 0.916444 -0.117656 0.328125 0.695312 2 0 0.520485 1 0.479515
  1 2.986313 2.728053 16.180244 0.254856 0.964682 0.066608 0.257812 0.628906 4 1 0.746832 0 0.101685 3 0.087111 7 0.064372
  0 2.330220 2.445822 11.256573 0.382476 0.916444 -0.117656 0.261719 0.695312 2 0 0.521213 1 0.478787
knight
  1 2.330220 -2.900317 11.256573 0.370789 -0.925453 -0.077793 0.140625 0.699219 4 1 0.811907 0 0.147837 17 0.022120 2 0.018136
  1 2.330220 -3.169393 16.128311 0.093524 -0.995562 0.010422 0.132812 0.628906 4 1 0.449100 2 0.394389 8 0.145599 3 0.010912
  1 -1.944223 -3.169393 16.128311 -0.093525 -0.995562 0.010422 0.070312 0.628906 4 1 0.448654 2 0.393419 12 0.146621 3 0.011307
knight
  1 2.330220 -2.900317 11.256573 0.370789 -0.925453 -0.077793 0.140625 0.699219 4 1 0.811907 0 0.147837 17 0.022120 2 0.018136
  1 -1.944223 -3.169393 16.128311 -0.093525 -0.995562 0.010422 0.070312 0.628906 4 1 0.448654 2 0.393419 12 0.146621 3 0.011307
  1 -1.944223 -2.900317 11.256573 -0.370789 -0.925453 -0.077793 0.062500 0.699219 4 1 0.814982 0 0.146394 17 0.021322 2 0.017301
knight
  0 -1.944222 2.445822 11.256573 -0.382476 0.916444 -0.117656 0.328125 0.695312 2 0 0.520485 1 0.479515
  1 -4.677734 1.567759 15.144535 -0.815738 0.562222 -0.135934 0.359375 0.640625 3 1 0.405223 11 0.345155 0 0.249621
  1 -2.600315 2.728053 16.180244 -0.254856 0.964682 0.066608 0.332031 0.628906 4 1 0.746815 0 0.101702 3 0.087150 11 0.064333
knight
  11 -4.582719 1.440047 18.113667 -0.336785 0.907419 0.251331 0.500000 0.628906 1 11 1.000000
  12 -12.641176 0.703349 9.749199 0.287282 0.926468 -0.243158 0.484375 0.792969 2 12 0.876248 13 0.123752
  12 -12.167507 1.470454 10.762360 -0.079498 0.967555 -0.239827 0.496094 0.777344 2 12 0.956447 13 0.043553
knight
  11 -4.582719 1.440047 18.113667 -0.336785 0.907419 0.251331 0.824219 0.625000 1 11 1.000000
  12 -7.132337 -0.321945 19.010284 -0.429375 0.161599 0.888551 0.781250 0.609375 1 12 1.000000
  12 -6.020553 -0.203846 18.866768 -0.287993 0.207669 0.934844 0.789062 0.625000 2 12 0.801537 11 0.198463
knight
  12 -3.559691 0.112992 17.180454 0.643634 0.252852 -0.722358 0.472656 0.625000 1 12 1.000000
  12 -11.998920 -0.955567 9.065388 0.699921 0.034525 -0.713385 0.457031 0.792969 2 12 0.928014 13 0.071986
  12 -12.641176 0.703349 9.749199 0.287282 0.926468 -0.243158 0.484375 0.792969 2 12 0.876248 13 0.123752
knight
  12 -3.559691 0.112992 17.180454 0.643634 0.252852 -0.722358 0.472656 0.625000 1 12 1.000000
  12 -12.641176 0.703349 9.749199 0.287282 0.926468 -0.243158 0.484375 0.792969 2 12 0.876248 13 0.123752
  11 -4.582719 1.440047 18.113667 -0.336785 0.907419 0.251331 0.500000 0.628906 1 11 1.000000
knight
  12 -3.559691 0.112992 17.180454 0.643634 0.252852 -0.722358 0.472656 0.625000 1 12 1.000000
  12 -4.222929 -2.716671 16.735603 -0.199230 -0.953462 -0.226311 0.433594 0.632812 4 12 0.828497 11 0.078615 1 0.061140 2 0.031749
  12 -12.495330 -2.285120 10.113506 -0.054707 -0.905933 -0.419873 0.433594 0.789062 2 12 0.916391 13 0.083609
knight
  12 -3.559691 0.112992 17.180454 0.643634 0.252852 -0.722358 0.472656 0.625000 1 12 1.000000
  12 -12.495330 -2.285120 10.113506 -0.054707 -0.905933 -0.419873 0.433594 0.789062 2 12 0.916391 13 0.083609
  12 -11.998920 -0.955567 9.065388 0.699921 0.034525 -0.713385 0.457031 0.792969 2 12 0.928014 13 0.071986
knight
  12 -11.998920 -0.955567 9.065388 0.699921 0.034525 -0.713385 0.457031 0.792969 2 12 0.928014 13 0.071986
  13 -21.356161 0.041164 -1.149675 0.975150 -0.016880 -0.220901 0.472656 0.992188 2 13 0.791346 14 0.208654
  13 -22.439030 1.453519 -0.792042 0.687135 0.517660 0.509777 0.500000 0.996094 1 13 1.000000
knight
  12 -11.998920 -0.955567 9.065388 0.699921 0.034525 -0.713385 0.457031 0.792969 2 12 0.928014 13 0.071986
  13 -22.439030 1.453519 -0.792042 0.687135 0.517660 0.509777 0.500000 0.996094 1 13 1.000000
  12 -12.641176 0.703349 9.749199 0.287282 0.926468 -0.243158 0.484375 0.792969 2 12 0.876248 13 0.123752
knight
  12 -11.998920 -0.955567 9.065388 0.699921 0.034525 -0.713385 0.457031 0.792969 2 12 0.928014 13 0.071986
  13 -12.946877 -2.285120 9.654980 0.357260 -0.930154 0.084726 0.433594 0.796875 1 13 1.000000
  13 -22.452929 -1.311994 -0.805769 0.649292 -0.554310 0.520731 0.449025 0.996512 1 13 1.000000
knight
  12 -11.998920 -0.955567 9.065388 0.699921 0.034525 -0.713385 0.457031 0.792969 2 12 0.928014 13 0.071986
  13 -22.452929 -1.311994 -0.805769 0.649292 -0.554310 0.520731 0.449025 0.996512 1 13 1.000000
  13 -21.356161 0.041164 -1.149675 0.975150 -0.016880 -0.220901 0.472656 0.992188 2 13 0.791346 14 0.208654
knight
  13 -21.356161 0.041164 -1.149675 0.975150 -0.016880 -0.220901 0.476562 0.191406 2 13 0.791346 14 0.208654
  14 -22.150761 -2.228117 -1.719551 0.711340 -0.701791 -0.038529 0.457031 0.164062 1 14 1.000000
  14 -21.287281 0.037958 -2.474188 0.909787 -0.000775 -0.415074 0.460938 0.203125 1 14 1.000000
knight
  13 -23.804724 0.048159 0.411602 0.552299 0.024997 0.833271 0.507812 0.167969 2 13 0.797556 14 0.202444
  14 -24.326183 0.035646 1.619184 -0.072002 -0.003632 0.997398 0.523438 0.160156 1 14 1.000000
  14 -23.363604 -2.229670 0.320473 0.242424 -0.656071 0.714704 0.488281 0.144531 1 14 1.000000
knight
  13 -23.804724 0.048159 0.411602 0.552299 0.024997 0.833271 0.507812 0.167969 2 13 0.797556 14 0.202444
  13 -22.439030 1.453519 -0.792042 0.687135 0.517660 0.509777 0.500000 0.199219 1 13 1.000000
  14 -23.313753 2.364331 0.314194 0.249525 0.648522 0.719136 0.523438 0.199219 1 14 1.000000
knight
  13 -21.356161 0.041164 -1.149675 0.975150 -0.016880 -0.220901 0.476562 0.191406 2 13 0.791346 14 0.208654
  14 -22.158932 2.365878 -1.672121 0.715259 0.697814 -0.038211 0.496094 0.218750 1 14 1.000000
  13 -22.439030 1.453519 -0.792042 0.687135 0.517660 0.509777 0.500000 0.199219 1 13 1.000000
knight
  14 -23.313753 2.364331 0.314194 0.249525 0.648522 0.719136 0.523438 0.199219 1 14 1.000000
  13 -22.439030 1.453519 -0.792042 0.687135 0.517660 0.509777 0.500000 0.199219 1 13 1.000000
  14 -22.158932 2.365878 -1.672121 0.715259 0.697814 -0.038211 0.496094 0.218750 1 14 1.000000
knight
  13 -22.452929 -1.311994 -0.805769 0.649292 -0.554310 0.520731 0.476562 0.167969 1 13 1.000000
  14 -23.363604 -2.229670 0.320473 0.242424 -0.656071 0.714704 0.488281 0.144531 1 14 1.000000
  14 -22.150761 -2.228117 -1.719551 0.711340 -0.701791 -0.038529 0.457031 0.164062 1 14 1.000000
knight
  14 -23.363604 -2.229670 0.320473 0.242424 -0.656071 0.714704 0.660156 0.179688 1 14 1.000000
  14 -24.326183 0.035646 1.619184 -0.072002 -0.003632 0.997398 0.621094 0.179688 1 14 1.000000
  14 -25.461424 -1.783388 -1.302750 -0.744973 -0.595367 0.300921 0.656250 0.214844 1 14 1.000000
knight
  14 -23.313753 2.364331 0.314194 0.249525 0.648522 0.719136 0.585938 0.203125 1 14 1.000000
  14 -22.158932 2.365878 -1.672121 0.715259 0.697814 -0.038211 0.566406 0.226562 1 14 1.000000
  14 -23.926050 2.903585 -2.683527 0.033403 0.909749 -0.413813 0.585938 0.246094 2 14 0.999872 16 0.000128
knight
  14 -24.326183 0.035646 1.619184 -0.072002 -0.003632 0.997398 0.621094 0.179688 1 14 1.000000
  14 -23.313753 2.364331 0.314194 0.249525 0.648522 0.719136 0.585938 0.203125 1 14 1.000000
  14 -25.421143 1.928662 -1.307819 -0.740661 0.598160 0.305984 0.609375 0.230469 2 14 0.979960 16 0.020040
knight
  14 -23.363604 -2.229670 0.320473 0.242424 -0.656071 0.714704 0.660156 0.179688 1 14 1.000000
  14 -23.915983 -2.757983 -2.741978 0.036672 -0.903997 -0.425964 0.687500 0.214844 1 14 1.000000
  14 -22.150761 -2.228117 -1.719551 0.711340 -0.701791 -0.038529 0.691406 0.183594 1 14 1.000000
knight
  14 -21.287281 0.037958 -2.474188 0.909787 -0.000775 -0.415074 0.878906 0.691406 1 14 1.000000
  14 -22.650055 0.041922 -3.864565 0.275239 0.002951 -0.961371 0.906250 0.691406 2 14 0.915396 16 0.084604
  14 -23.926050 2.903585 -2.683527 0.033403 0.909749 -0.413813 0.906250 0.636719 2 14 0.999872 16 0.000128
knight
  14 -21.287281 0.037958 -2.474188 0.909787 -0.000775 -0.415074 0.878906 0.691406 1 14 1.000000
  14 -23.926050 2.903585 -2.683527 0.033403 0.909749 -0.413813 0.906250 0.636719 2 14 0.999872 16 0.000128
  14 -22.158932 2.365878 -1.672121 0.715259 0.697814 -0.038211 0.878906 0.652344 1 14 1.000000
knight
  14 -22.150761 -2.228117 -1.719551 0.711340 -0.701791 -0.038529 0.878906 0.726562 1 14 1.000000
  14 -23.915983 -2.757983 -2.741978 0.036672 -0.903997 -0.425964 0.906250 0.742188 1 14 1.000000
  14 -22.650055 0.041922 -3.864565 0.275239 0.002951 -0.961371 0.906250 0.691406 2 14 0.915396 16 0.084604
knight
  14 -22.150761 -2.228117 -1.719551 0.711340 -0.701791 -0.038529 0.878906 0.726562 1 14 1.000000
  14 -22.650055 0.041922 -3.864565 0.275239 0.002951 -0.961371 0.906250 0.691406 2 14 0.915396 16 0.084604
  14 -21.287281 0.037958 -2.474188 0.909787 -0.000775 -0.415074 0.878906 0.691406 1 14 1.000000
knight
  14 -24.386261 0.063922 -3.246174 0.291329 0.011018 -0.956559 0.042969 0.148438 1 14 1.000000
  14 -25.850878 -1.257704 -4.697922 0.073524 -0.786148 -0.613649 0.031250 0.183594 1 14 1.000000
  14 -32.718369 0.087996 -11.722609 -0.667585 0.002061 -0.744531 0.082031 0.312500 1 14 1.000000
knight
  14 -25.421143 1.928662 -1.307819 -0.740661 0.598160 0.305984 0.609375 0.230469 2 14 0.979960 16 0.020040
  14 -25.855629 1.414548 -4.670334 0.058576 0.796057 -0.602381 0.621094 0.273438 1 14 1.000000
  14 -26.772198 0.047272 -3.785723 -0.940214 -0.010928 0.340409 0.648438 0.261719 1 14 1.000000
knight
  14 -22.650055 0.041922 -3.864565 0.275239 0.002951 -0.961371 0.035156 0.125000 2 14 0.915396 16 0.084604
  14 -24.386261 0.063922 -3.246174 0.291329 0.011018 -0.956559 0.042969 0.148438 1 14 1.000000
  14 -23.926050 2.903585 -2.683527 0.033403 0.909749 -0.413813 0.082031 0.132812 2 14 0.999872 16 0.000128
knight
  14 -24.386261 0.063922 -3.246174 0.291329 0.011018 -0.956559 0.042969 0.148438 1 14 1.000000
  14 -32.718369 0.087996 -11.722609 -0.667585 0.002061 -0.744531 0.082031 0.312500 1 14 1.000000
  14 -25.855629 1.414548 -4.670334 0.058576 0.796057 -0.602381 0.070312 0.175781 1 14 1.000000
knight
  14 -23.915983 -2.757983 -2.741978 0.036672 -0.903997 -0.425964 0.000000 0.152344 1 14 1.000000
  14 -24.386261 0.063922 -3.246174 0.291329 0.011018 -0.956559 0.042969 0.148438 1 14 1.000000
  14 -22.650055 0.041922 -3.864565 0.275239 0.002951 -0.961371 0.035156 0.125000 2 14 0.915396 16 0.084604
knight
  14 -25.421143 1.928662 -1.307819 -0.740661 0.598160 0.305984 0.609375 0.230469 2 14 0.979960 16 0.020040
  14 -23.926050 2.903585 -2.683527 0.033403 0.909749 -0.413813 0.585938 0.246094 2 14 0.999872 16 0.000128
  14 -25.855629 1.414548 -4.670334 0.058576 0.796057 -0.602381 0.621094 0.273438 1 14 1.000000
knight
  14 -26.772198 0.047272 -3.785723 -0.940214 -0.010928 0.340409 0.648438 0.261719 1 14 1.000000
  14 -25.855629 1.414548 -4.670334 0.058576 0.796057 -0.602381 0.621094 0.273438 1 14 1.000000
  14 -32.718369 0.087996 -11.722609 -0.667585 0.002061 -0.744531 0.691406 0.406250 1 14 1.000000
knight
  14 -25.850878 -1.257704 -4.697922 0.073524 -0.786148 -0.613649 0.675781 0.257812 1 14 1.000000
  14 -26.772198 0.047272 -3.785723 -0.940214 -0.010928 0.340409 0.648438 0.261719 1 14 1.000000
  14 -32.718369 0.087996 -11.722609 -0.667585 0.002061 -0.744531 0.691406 0.406250 1 14 1.000000
knight
  14 -25.461424 -1.783388 -1.302750 -0.744973 -0.595367 0.300921 0.656250 0.214844 1 14 1.000000
  14 -25.850878 -1.257704 -4.697922 0.073524 -0.786148 -0.613649 0.675781 0.257812 1 14 1.000000
  14 -23.915983 -2.757983 -2.741978 0.036672 -0.903997 -0.425964 0.687500 0.214844 1 14 1.000000
knight
  14 -25.461424 -1.783388 -1.302750 -0.744973 -0.595367 0.300921 0.656250 0.214844 1 14 1.000000
  14 -26.772198 0.047272 -3.785723 -0.940214 -0.010928 0.340409 0.648438 0.261719 1 14 1.000000
  14 -25.850878 -1.257704 -4.697922 0.073524 -0.786148 -0.613649 0.675781 0.257812 1 14 1.000000
knight
  14 -25.461424 -1.783388 -1.302750 -0.744973 -0.595367 0.300921 0.656250 0.214844 1 14 1.000000
  14 -24.326183 0.035646 1.619184 -0.072002 -0.003632 0.997398 0.621094 0.179688 1 14 1.000000
  14 -26.772198 0.047272 -3.785723 -0.940214 -0.010928 0.340409 0.648438 0.261719 1 14 1.000000
knight
  14 -25.421143 1.928662 -1.307819 -0.740661 0.598160 0.305984 0.609375 0.230469 2 14 0.979960 16 0.020040
  14 -23.313753 2.364331 0.314194 0.249525 0.648522 0.719136 0.585938 0.203125 1 14 1.000000
  14 -23.926050 2.903585 -2.683527 0.033403 0.909749 -0.413813 0.585938 0.246094 2 14 0.999872 16 0.000128
knight
  14 -24.326183 0.035646 1.619184 -0.072002 -0.003632 0.997398 0.621094 0.179688 1 14 1.000000
  14 -25.421143 1.928662 -1.307819 -0.740661 0.598160 0.305984 0.609375 0.230469 2 14 0.979960 16 0.020040
  14 -26.772198 0.047272 -3.785723 -0.940214 -0.010928 0.340409 0.648438 0.261719 1 14 1.000000
knight
  14 -25.461424 -1.783388 -1.302750 -0.744973 -0.595367 0.300921 0.656250 0.214844 1 14 1.000000
  14 -23.915983 -2.757983 -2.741978 0.036672 -0.903997 -0.425964 0.687500 0.214844 1 14 1.000000
  14 -23.363604 -2.229670 0.320473 0.242424 -0.656071 0.714704 0.660156 0.179688 1 14 1.000000
knight
  14 -23.926050 2.903585 -2.683527 0.033403 0.909749 -0.413813 0.082031 0.132812 2 14 0.999872 16 0.000128
  14 -24.386261 0.063922 -3.246174 0.291329 0.011018 -0.956559 0.042969 0.148438 1 14 1.000000
  14 -25.855629 1.414548 -4.670334 0.058576 0.796057 -0.602381 0.070312 0.175781 1 14 1.000000
knight
  14 -23.915983 -2.757983 -2.741978 0.036672 -0.903997 -0.425964 0.000000 0.152344 1 14 1.000000
  14 -25.850878 -1.257704 -4.697922 0.073524 -0.786148 -0.613649 0.031250 0.183594 1 14 1.000000
  14 -24.386261 0.063922 -3.246174 0.291329 0.011018 -0.956559 0.042969 0.148438 1 14 1.000000
knight
  14 -24.206583 0.040256 -0.752644 0.532678 0.029024 0.845820 0.468750 0.007812 1 14 1.000000
  14 -27.038548 0.054411 1.030378 -0.732661 0.007183 0.680555 0.484375 0.050781 1 14 1.000000
  14 -24.930189 -0.800497 -1.314247 -0.398758 -0.916734 -0.024314 0.484375 0.003906 1 14 1.000000
knight
  14 -24.926214 0.862577 -1.371208 -0.407358 0.911818 -0.051456 0.718750 0.054688 1 14 1.000000
  14 -24.930189 -0.800497 -1.314247 -0.398758 -0.916734 -0.024314 0.742188 0.058594 1 14 1.000000
  14 -27.038548 0.054411 1.030378 -0.732661 0.007183 0.680555 0.742188 0.015625 1 14 1.000000
knight
  14 -24.206583 0.040256 -0.752644 0.532678 0.029024 0.845820 0.089844 0.050781 1 14 1.000000
  14 -24.926214 0.862577 -1.371208 -0.407358 0.911818 -0.051456 0.109375 0.054688 1 14 1.000000
  14 -27.038548 0.054411 1.030378 -0.732661 0.007183 0.680555 0.109375 0.007812 1 14 1.000000
knight
  14 -23.966648 1.256255 -0.977343 0.572273 0.153014 0.805661 0.980469 0.441406 1 14 1.000000
  14 -26.298574 3.046817 0.338999 -0.601263 0.572110 0.557829 0.996094 0.484375 1 14 1.000000
  14 -25.037420 0.650463 -1.218040 -0.752679 -0.588250 0.295696 0.996094 0.441406 1 14 1.000000
knight
  14 -24.319941 1.968654 -1.934830 0.003881 0.904868 -0.425675 0.460938 0.011719 1 14 1.000000
  14 -25.037420 0.650463 -1.218040 -0.752679 -0.588250 0.295696 0.437500 0.011719 1 14 1.000000
  14 -26.298574 3.046817 0.338999 -0.601263 0.572110 0.557829 0.445312 0.054688 1 14 1.000000
knight
  14 -23.966648 1.256255 -0.977343 0.572273 0.153014 0.805661 0.046875 0.003906 1 14 1.000000
  14 -24.319941 1.968654 -1.934830 0.003881 0.904868 -0.425675 0.031250 0.003906 1 14 1.000000
  14 -26.298574 3.046817 0.338999 -0.601263 0.572110 0.557829 0.039062 0.050781 1 14 1.000000
knight
  14 -23.981853 -1.096349 -0.958303 0.541932 -0.086475 0.835962 0.996094 0.437500 1 14 1.000000
  14 -26.338724 -2.846081 0.388594 -0.610305 -0.551693 0.568474 0.996094 0.394531 1 14 1.000000
  14 -24.347656 -1.864245 -1.851315 -0.001209 -0.915479 -0.402364 0.980469 0.433594 1 14 1.000000
knight
  14 -25.024956 -0.456713 -1.277012 -0.750632 0.602213 0.271828 0.269531 0.050781 1 14 1.000000
  14 -24.347656 -1.864245 -1.851315 -0.001209 -0.915479 -0.402364 0.292969 0.058594 1 14 1.000000
  14 -26.338724 -2.846081 0.388594 -0.610305 -0.551693 0.568474 0.292969 0.011719 1 14 1.000000
knight
  14 -23.981853 -1.096349 -0.958303 0.541932 -0.086475 0.835962 0.085938 0.007812 1 14 1.000000
  14 -25.024956 -0.456713 -1.277012 -0.750632 0.602213 0.271828 0.070312 0.007812 1 14 1.000000
  14 -26.338724 -2.846081 0.388594 -0.610305 -0.551693 0.568474 0.078125 0.050781 1 14 1.000000
knight
  14 -24.326183 0.035646 1.619184 -0.072002 -0.003632 0.997398 0.523438 0.160156 1 14 1.000000
  13 -23.804724 0.048159 0.411602 0.552299 0.024997 0.833271 0.507812 0.167969 2 13 0.797556 14 0.202444
  14 -23.313753 2.364331 0.314194 0.249525 0.648522 0.719136 0.523438 0.199219 1 14 1.000000
knight
  13 -22.452929 -1.311994 -0.805769 0.649292 -0.554310 0.520731 0.476562 0.167969 1 13 1.000000
  13 -23.804724 0.048159 0.411602 0.552299 0.024997 0.833271 0.507812 0.167969 2 13 0.797556 14 0.202444
  14 -23.363604 -2.229670 0.320473 0.242424 -0.656071 0.714704 0.488281 0.144531 1 14 1.000000
knight
  14 -21.287281 0.037958 -2.474188 0.909787 -0.000775 -0.415074 0.460938 0.203125 1 14 1.000000
  14 -22.158932 2.365878 -1.672121 0.715259 0.697814 -0.038211 0.496094 0.218750 1 14 1.000000
  13 -21.356161 0.041164 -1.149675 0.975150 -0.016880 -0.220901 0.476562 0.191406 2 13 0.791346 14 0.208654
knight
  13 -22.452929 -1.311994 -0.805769 0.649292 -0.554310 0.520731 0.476562 0.167969 1 13 1.000000
  14 -22.150761 -2.228117 -1.719551 0.711340 -0.701791 -0.038529 0.457031 0.164062 1 14 1.000000
  13 -21.356161 0.041164 -1.149675 0.975150 -0.016880 -0.220901 0.476562 0.191406 2 13 0.791346 14 0.208654
knight
  5 -1.847985 -0.327191 21.858112 -0.998860 -0.045079 0.015681 0.773438 0.152344 4 5 0.605268 11 0.216034 6 0.124434 4 0.054265
  6 -2.370116 -0.327191 23.615170 -0.625449 -0.053649 -0.778418 0.750000 0.152344 3 6 0.566278 5 0.402703 11 0.031018
  6 0.192999 2.693207 24.011982 -0.000000 -0.135834 -0.990732 0.738281 0.199219 4 6 0.757995 4 0.164429 5 0.071601 3 0.005976
knight
  5 -1.847985 -0.327191 21.858112 -0.998860 -0.045079 0.015681 0.773438 0.152344 4 5 0.605268 11 0.216034 6 0.124434 4 0.054265
  6 0.192999 2.693207 24.011982 -0.000000 -0.135834 -0.990732 0.738281 0.199219 4 6 0.757995 4 0.164429 5 0.071601 3 0.005976
  4 0.192999 1.936301 21.858112 0.000000 0.999818 -0.019070 0.773438 0.199219 4 4 0.653163 6 0.133160 3 0.113375 5 0.100302
knight
  5 -1.847985 -0.327191 21.858112 -0.998860 -0.045079 0.015681 0.585938 0.089844 4 5 0.605268 11 0.216034 6 0.124434 4 0.054265
  5 0.192999 -2.407585 22.170765 0.000000 -0.999998 -0.002133 0.589844 0.132812 3 5 0.633058 6 0.204751 3 0.162190
  6 0.192999 -2.697348 23.714825 0.000000 -0.776986 -0.629518 0.613281 0.132812 3 6 0.737196 5 0.223699 3 0.039106
knight
  5 -1.847985 -0.327191 21.858112 -0.998860 -0.045079 0.015681 0.585938 0.089844 4 5 0.605268 11 0.216034 6 0.124434 4 0.054265
  6 0.192999 -2.697348 23.714825 0.000000 -0.776986 -0.629518 0.613281 0.132812 3 6 0.737196 5 0.223699 3 0.039106
  6 -2.370116 -0.327191 23.615170 -0.625449 -0.053649 -0.778418 0.609375 0.089844 3 6 0.566278 5 0.402703 11 0.031018
knight
  6 0.192999 -2.697348 23.714825 0.000000 -0.776986 -0.629518 0.808594 0.988281 3 6 0.737196 5 0.223699 3 0.039106
  6 0.192999 -3.333321 24.302818 0.000000 -0.962960 -0.269644 0.808594 0.996094 3 6 0.858699 5 0.140869 3 0.000432
  6 -3.321252 -1.458964 24.306309 -0.789177 -0.487798 -0.373167 0.863281 0.980469 2 6 0.830279 5 0.169721
knight
  6 -3.321252 -1.458964 24.306309 -0.789177 -0.487798 -0.373167 0.863281 0.980469 2 6 0.830279 5 0.169721
  6 -3.321252 2.031486 24.257782 -0.806320 0.392369 -0.442599 0.875000 0.933594 3 6 0.897339 5 0.095224 4 0.007436
  6 -2.370116 -0.327191 23.615170 -0.625449 -0.053649 -0.778418 0.851562 0.960938 3 6 0.566278 5 0.402703 11 0.031018
knight
  6 -0.449491 4.883759 22.217716 0.328576 0.934812 0.134775 0.465114 0.382851 3 6 0.861545 4 0.074179 5 0.064275
  6 -0.641903 5.300529 16.893578 0.066590 0.265432 -0.961827 0.535427 0.382851 3 6 0.856663 4 0.083117 5 0.060220
  6 -2.738454 2.780586 23.241283 -0.937976 -0.134590 -0.319511 0.453395 0.339882 3 6 0.864067 5 0.076080 4 0.059854
knight
  6 -0.449491 4.883759 22.217716 0.328576 0.934812 0.134775 0.465114 0.382851 3 6 0.861545 4 0.074179 5 0.064275
  6 -2.738454 2.780586 23.241283 -0.937976 -0.134590 -0.319511 0.453395 0.339882 3 6 0.864067 5 0.076080 4 0.059854
  6 0.192999 4.124152 24.261272 0.000000 0.996311 0.085818 0.433864 0.382851 3 6 0.927670 4 0.043769 5 0.028561
knight
  6 -0.449491 4.883759 22.217716 0.328576 0.934812 0.134775 0.465114 0.382851 3 6 0.861545 4 0.074179 5 0.064275
  6 -0.253474 3.172705 22.628735 0.681599 -0.623176 -0.383502 0.457302 0.406289 3 6 0.844417 4 0.088176 5 0.067408
  6 -0.641903 5.300529 16.893578 0.066590 0.265432 -0.961827 0.535427 0.382851 3 6 0.856663 4 0.083117 5 0.060220
knight
  6 -0.641903 5.300529 16.893578 0.066590 0.265432 -0.961827 0.871094 0.808594 3 6 0.856663 4 0.083117 5 0.060220
  6 -0.253474 3.172705 22.628735 0.681599 -0.623176 -0.383502 0.843750 0.890625 3 6 0.844417 4 0.088176 5 0.067408
  6 -2.738454 2.780586 23.241283 -0.937976 -0.134590 -0.319511 0.875000 0.910156 3 6 0.864067 5 0.076080 4 0.059854
knight
  6 -2.370116 -0.327191 23.615170 -0.625449 -0.053649 -0.778418 0.851562 0.960938 3 6 0.566278 5 0.402703 11 0.031018
  6 -3.321252 2.031486 24.257782 -0.806320 0.392369 -0.442599 0.875000 0.933594 3 6 0.897339 5 0.095224 4 0.007436
  6 0.192999 2.693207 24.011982 -0.000000 -0.135834 -0.990732 0.832031 0.906250 4 6 0.757995 4 0.164429 5 0.071601 3 0.005976
knight
  6 0.192999 4.124152 24.261272 0.000000 0.996311 0.085818 0.433864 0.382851 3 6 0.927670 4 0.043769 5 0.028561
  6 -0.253474 3.172705 22.628735 0.681599 -0.623176 -0.383502 0.457302 0.406289 3 6 0.844417 4 0.088176 5 0.067408
  6 -0.449491 4.883759 22.217716 0.328576 0.934812 0.134775 0.465114 0.382851 3 6 0.861545 4 0.074179 5 0.064275
knight
  1 -1.944223 -3.169393 16.128311 -0.093525 -0.995562 0.010422 0.070312 0.628906 4 1 0.448654 2 0.393419 12 0.146621 3 0.011307
  1 2.330220 -3.169393 16.128311 0.093524 -0.995562 0.010422 0.132812 0.628906 4 1 0.449100 2 0.394389 8 0.145599 3 0.010912
  3 0.192999 -2.798021 20.476631 -0.000000 -0.912963 0.408043 0.101562 0.566406 4 3 0.815843 5 0.116332 11 0.033939 7 0.033886
knight
  11 -2.246477 -0.221406 20.992950 -0.596110 0.206012 0.776023 0.074219 0.539062 4 11 0.643222 5 0.174931 12 0.103124 3 0.078723
  12 -5.019923 -0.354199 20.246197 -0.536283 0.248009 0.806779 0.039062 0.539062 2 12 0.545946 11 0.454054
  12 -4.671239 -2.523529 19.792568 -0.414951 -0.697066 0.584735 0.039062 0.570312 2 12 0.550342 11 0.449658
knight
  3 0.192999 -2.798021 20.476631 -0.000000 -0.912963 0.408043 0.101562 0.566406 4 3 0.815843 5 0.116332 11 0.033939 7 0.033886
  12 -4.671239 -2.523529 19.792568 -0.414951 -0.697066 0.584735 0.039062 0.570312 2 12 0.550342 11 0.449658
  1 -1.944223 -3.169393 16.128311 -0.093525 -0.995562 0.010422 0.070312 0.628906 4 1 0.448654 2 0.393419 12 0.146621 3 0.011307
knight
  11 -5.129988 -0.019306 16.694550 -0.994548 0.017697 -0.102770 0.382812 0.617188 4 11 0.520495 12 0.378130 1 0.078372 0 0.023002
  11 -4.582719 1.440047 18.113667 -0.336785 0.907419 0.251331 0.359375 0.593750 1 11 1.000000
  1 -4.677734 1.567759 15.144535 -0.815738 0.562222 -0.135934 0.359375 0.640625 3 1 0.405223 11 0.345155 0 0.249621
knight
  0 -3.833392 -0.324048 10.511501 -0.992428 0.016963 -0.121652 0.382812 0.707031 4 0 0.669692 1 0.248110 17 0.071263 12 0.010934
  11 -5.129988 -0.019306 16.694550 -0.994548 0.017697 -0.102770 0.382812 0.617188 4 11 0.520495 12 0.378130 1 0.078372 0 0.023002
  1 -4.677734 1.567759 15.144535 -0.815738 0.562222 -0.135934 0.359375 0.640625 3 1 0.405223 11 0.345155 0 0.249621
knight
  3 0.192999 2.285798 19.932285 0.000000 0.917394 0.397980 0.292969 0.574219 4 3 0.792749 4 0.102158 1 0.077059 11 0.028034
  11 -4.582719 1.440047 18.113667 -0.336785 0.907419 0.251331 0.359375 0.593750 1 11 1.000000
  11 -2.246477 -0.221406 20.992950 -0.596110 0.206012 0.776023 0.320312 0.550781 4 11 0.643222 5 0.174931 12 0.103124 3 0.078723
knight
  7 4.968717 1.440047 18.113667 0.336785 0.907418 0.251331 0.226562 0.593750 1 7 1.000000
  3 0.192999 2.285798 19.932285 0.000000 0.917394 0.397980 0.292969 0.574219 4 3 0.792749 4 0.102158 1 0.077059 11 0.028034
  7 2.632474 -0.221406 20.992950 0.596110 0.206012 0.776023 0.265625 0.550781 4 7 0.642890 5 0.175151 8 0.103194 3 0.078765
knight
  11 -4.582719 1.440047 18.113667 -0.336785 0.907419 0.251331 0.359375 0.593750 1 11 1.000000
  3 0.192999 2.285798 19.932285 0.000000 0.917394 0.397980 0.292969 0.574219 4 3 0.792749 4 0.102158 1 0.077059 11 0.028034
  1 -2.600315 2.728053 16.180244 -0.254856 0.964682 0.066608 0.332031 0.628906 4 1 0.746815 0 0.101702 3 0.087150 11 0.064333
knight
  1 2.986313 2.728053 16.180244 0.254856 0.964682 0.066608 0.257812 0.628906 4 1 0.746832 0 0.101685 3 0.087111 7 0.064372
  1 -2.600315 2.728053 16.180244 -0.254856 0.964682 0.066608 0.332031 0.628906 4 1 0.746815 0 0.101702 3 0.087150 11 0.064333
  3 0.192999 2.285798 19.932285 0.000000 0.917394 0.397980 0.292969 0.574219 4 3 0.792749 4 0.102158 1 0.077059 11 0.028034
knight
  12 -4.671239 -2.523529 19.792568 -0.414951 -0.697066 0.584735 0.039062 0.570312 2 12 0.550342 11 0.449658
  12 -4.222929 -2.716671 16.735603 -0.199230 -0.953462 -0.226311 0.039062 0.617188 4 12 0.828497 11 0.078615 1 0.061140 2 0.031749
  1 -1.944223 -3.169393 16.128311 -0.093525 -0.995562 0.010422 0.070312 0.628906 4 1 0.448654 2 0.393419 12 0.146621 3 0.011307
knight
  1 -4.677734 1.567759 15.144535 -0.815738 0.562222 -0.135934 0.359375 0.640625 3 1 0.405223 11 0.345155 0 0.249621
  11 -4.582719 1.440047 18.113667 -0.336785 0.907419 0.251331 0.359375 0.593750 1 11 1.000000
  1 -2.600315 2.728053 16.180244 -0.254856 0.964682 0.066608 0.332031 0.628906 4 1 0.746815 0 0.101702 3 0.087150 11 0.064333
knight
  3 0.192999 -2.798021 20.476631 -0.000000 -0.912963 0.408043 0.101562 0.566406 4 3 0.815843 5 0.116332 11 0.033939 7 0.033886
  11 -2.246477 -0.221406 20.992950 -0.596110 0.206012 0.776023 0.074219 0.539062 4 11 0.643222 5 0.174931 12 0.103124 3 0.078723
  12 -4.671239 -2.523529 19.792568 -0.414951 -0.697066 0.584735 0.039062 0.570312 2 12 0.550342 11 0.449658
knight
  1 -1.944223 -3.169393 16.128311 -0.093525 -0.995562 0.010422 0.070312 0.628906 4 1 0.448654 2 0.393419 12 0.146621 3 0.011307
  12 -4.222929 -2.716671 16.735603 -0.199230 -0.953462 -0.226311 0.039062 0.617188 4 12 0.828497 11 0.078615 1 0.061140 2 0.031749
  1 -1.944223 -2.900317 11.256573 -0.370789 -0.925453 -0.077793 0.062500 0.699219 4 1 0.814982 0 0.146394 17 0.021322 2 0.017301
knight
  12 -4.222929 -2.716671 16.735603 -0.199230 -0.953462 -0.226311 0.039062 0.617188 4 12 0.828497 11 0.078615 1 0.061140 2 0.031749
  0 -3.833392 -0.324048 10.511501 -0.992428 0.016963 -0.121652 0.003906 0.710938 4 0 0.669692 1 0.248110 17 0.071263 12 0.010934
  1 -1.944223 -2.900317 11.256573 -0.370789 -0.925453 -0.077793 0.062500 0.699219 4 1 0.814982 0 0.146394 17 0.021322 2 0.017301
knight
  12 -6.300728 -3.123330 18.303074 0.276738 -0.899868 0.337125 0.742188 0.609375 2 12 0.952500 11 0.047500
  12 -5.855411 -2.298727 18.289680 0.036905 -0.863817 0.502453 0.753906 0.625000 2 12 0.895295 11 0.104705
  12 -6.020553 -0.203846 18.866768 -0.287993 0.207669 0.934844 0.789062 0.625000 2 12 0.801537 11 0.198463
knight
  12 -6.020553 -0.203846 18.866768 -0.287993 0.207669 0.934844 0.015625 0.539062 2 12 0.801537 11 0.198463
  12 -4.671239 -2.523529 19.792568 -0.414951 -0.697066 0.584735 0.039062 0.570312 2 12 0.550342 11 0.449658
  12 -5.019923 -0.354199 20.246197 -0.536283 0.248009 0.806779 0.039062 0.539062 2 12 0.545946 11 0.454054
knight
  12 -6.020553 -0.203846 18.866768 -0.287993 0.207669 0.934844 0.375000 0.550781 2 12 0.801537 11 0.198463
  12 -5.019923 -0.354199 20.246197 -0.536283 0.248009 0.806779 0.359375 0.550781 2 12 0.545946 11 0.454054
  11 -4.582719 1.440047 18.113667 -0.336785 0.907419 0.251331 0.359375 0.593750 1 11 1.000000
knight
  17 -2.986501 -2.875322 5.995623 -0.498508 -0.866784 0.013220 0.046875 0.777344 4 17 0.683332 0 0.147602 23 0.124932 1 0.044135
  23 -2.350423 -2.825470 3.113066 -0.086314 -0.981194 -0.172648 0.054688 0.824219 3 23 0.681766 17 0.302957 0 0.015277
  0 0.192999 -2.519311 5.995623 -0.000000 -0.981252 -0.192727 0.101562 0.785156 4 0 0.815127 17 0.133149 1 0.030568 23 0.021155
knight
  0 0.192999 -2.519311 5.995623 -0.000000 -0.981252 -0.192727 0.101562 0.785156 4 0 0.815127 17 0.133149 1 0.030568 23 0.021155
  23 -2.350423 -2.825470 3.113066 -0.086314 -0.981194 -0.172648 0.054688 0.824219 3 23 0.681766 17 0.302957 0 0.015277
  17 -0.206007 -0.324047 3.113066 0.747137 0.026042 -0.664159 0.097656 0.828125 3 17 0.851881 23 0.144360 0 0.003759
knight
  17 -0.206007 -0.324047 3.113066 0.747137 0.026042 -0.664159 0.097656 0.828125 3 17 0.851881 23 0.144360 0 0.003759
  17 0.592005 -0.324047 3.113066 -0.747137 0.026042 -0.664159 0.109375 0.828125 2 17 0.875946 18 0.124054
  0 0.192999 -2.519311 5.995623 -0.000000 -0.981252 -0.192727 0.101562 0.785156 4 0 0.815127 17 0.133149 1 0.030568 23 0.021155
knight
  24 -2.705225 3.011976 -9.030965 -0.000000 0.822396 0.568915 0.632812 0.406250 2 24 0.946227 23 0.053773
  24 -2.705225 1.217275 -20.403933 -0.000000 0.999328 0.036646 0.660156 0.566406 2 24 0.848063 25 0.151937
  24 -4.143905 -0.221405 -20.403933 -0.998784 -0.005361 0.049003 0.691406 0.566406 2 24 0.892863 25 0.107137
knight
  24 -2.705225 3.011976 -9.030965 -0.000000 0.822396 0.568915 0.632812 0.406250 2 24 0.946227 23 0.053773
  24 -4.143905 -0.221405 -20.403933 -0.998784 -0.005361 0.049003 0.691406 0.566406 2 24 0.892863 25 0.107137
  24 -5.112494 -0.221405 -9.768507 -0.925517 -0.058922 0.374094 0.691406 0.410156 1 24 1.000000
knight
  24 -0.297956 -0.221405 -9.768507 0.925517 -0.058922 0.374094 0.128906 0.531250 1 24 1.000000
  24 -1.266546 -0.221405 -20.403933 0.998784 -0.005361 0.049003 0.128906 0.375000 2 24 0.620703 25 0.379297
  24 -2.705225 1.217275 -20.403933 -0.000000 0.999328 0.036646 0.101562 0.375000 2 24 0.848063 25 0.151937
knight
  24 -0.297956 -0.221405 -9.768507 0.925517 -0.058922 0.374094 0.128906 0.531250 1 24 1.000000
  24 -2.705225 1.217275 -20.403933 -0.000000 0.999328 0.036646 0.101562 0.375000 2 24 0.848063 25 0.151937
  24 -2.705225 3.011976 -9.030965 -0.000000 0.822396 0.568915 0.070312 0.531250 2 24 0.946227 23 0.053773
knight
  25 -1.765442 -0.209920 -23.705908 0.873526 -0.212530 -0.437931 0.894531 0.039062 2 25 0.560917 26 0.439083
  25 -2.729828 -0.209920 -22.390583 -0.000000 -0.177308 0.984155 0.871094 0.039062 1 25 1.000000
  25 -2.729829 -5.077096 -23.267467 -0.000001 -1.000000 -0.000329 0.882812 0.109375 2 25 0.712136 26 0.287864
knight
  25 -2.729828 -0.209920 -22.390583 -0.000000 -0.177308 0.984155 0.921875 0.039062 1 25 1.000000
  25 -3.694214 -0.209920 -23.705908 -0.873526 -0.212530 -0.437931 0.898438 0.039062 2 25 0.553982 26 0.446018
  25 -2.729829 -5.077096 -23.267467 -0.000001 -1.000000 -0.000329 0.910156 0.109375 2 25 0.712136 26 0.287864
knight
  25 -3.694214 -0.209920 -23.705908 -0.873526 -0.212530 -0.437931 0.031250 0.117188 2 25 0.553982 26 0.446018
  25 -1.765442 -0.209920 -23.705908 0.873526 -0.212530 -0.437931 0.058594 0.121094 2 25 0.560917 26 0.439083
  25 -2.729829 -5.077096 -23.267467 -0.000001 -1.000000 -0.000329 0.058594 0.050781 2 25 0.712136 26 0.287864
knight
  12 -4.222929 -2.716671 16.735603 -0.199230 -0.953462 -0.226311 0.433594 0.632812 4 12 0.828497 11 0.078615 1 0.061140 2 0.031749
  12 -5.855411 -2.298727 18.289680 0.036905 -0.863817 0.502453 0.398438 0.644531 2 12 0.895295 11 0.104705
  12 -12.495330 -2.285120 10.113506 -0.054707 -0.905933 -0.419873 0.433594 0.789062 2 12 0.916391 13 0.083609
knight
  12 -6.020553 -0.203846 18.866768 -0.287993 0.207669 0.934844 0.789062 0.625000 2 12 0.801537 11 0.198463
  12 -7.132337 -0.321945 19.010284 -0.429375 0.161599 0.888551 0.781250 0.609375 1 12 1.000000
  12 -6.300728 -3.123330 18.303074 0.276738 -0.899868 0.337125 0.742188 0.609375 2 12 0.952500 11 0.047500
knight
  13 -13.531120 1.577895 9.083599 0.354801 0.934848 0.013206 0.824219 0.437500 1 13 1.000000
  13 -22.439030 1.453519 -0.792042 0.687135 0.517660 0.509777 0.816406 0.246094 1 13 1.000000
  13 -23.804724 0.048159 0.411602 0.552299 0.024997 0.833271 0.785156 0.246094 2 13 0.797556 14 0.202444
knight
  13 -13.531120 1.577895 9.083599 0.354801 0.934848 0.013206 0.824219 0.437500 1 13 1.000000
  13 -23.804724 0.048159 0.411602 0.552299 0.024997 0.833271 0.785156 0.246094 2 13 0.797556 14 0.202444
  13 -14.984607 -0.343626 10.656948 -0.446684 0.068223 0.892087 0.785156 0.433594 1 13 1.000000
knight
  12 -12.641176 0.703349 9.749199 0.287282 0.926468 -0.243158 0.484375 0.792969 2 12 0.876248 13 0.123752
  13 -22.439030 1.453519 -0.792042 0.687135 0.517660 0.509777 0.500000 0.996094 1 13 1.000000
  13 -13.531120 1.577895 9.083599 0.354801 0.934848 0.013206 0.500000 0.808594 1 13 1.000000
knight
  13 -13.525138 -2.864430 9.560085 0.182666 -0.960226 0.211187 0.742188 0.437500 1 13 1.000000
  13 -14.984607 -0.343626 10.656948 -0.446684 0.068223 0.892087 0.785156 0.433594 1 13 1.000000
  13 -23.804724 0.048159 0.411602 0.552299 0.024997 0.833271 0.785156 0.246094 2 13 0.797556 14 0.202444
knight
  13 -13.525138 -2.864430 9.560085 0.182666 -0.960226 0.211187 0.742188 0.437500 1 13 1.000000
  13 -23.804724 0.048159 0.411602 0.552299 0.024997 0.833271 0.785156 0.246094 2 13 0.797556 14 0.202444
  13 -22.452929 -1.311994 -0.805769 0.649292 -0.554310 0.520731 0.746094 0.246094 1 13 1.000000
knight
  13 -13.525138 -2.864430 9.560085 0.182666 -0.960226 0.211187 0.425781 0.804688 1 13 1.000000
  13 -22.452929 -1.311994 -0.805769 0.649292 -0.554310 0.520731 0.449025 0.996512 1 13 1.000000
  13 -12.946877 -2.285120 9.654980 0.357260 -0.930154 0.084726 0.433594 0.796875 1 13 1.000000
knight
  13 -13.525138 -2.864430 9.560085 0.182666 -0.960226 0.211187 0.742188 0.437500 1 13 1.000000
  13 -12.946877 -2.285120 9.654980 0.357260 -0.930154 0.084726 0.746094 0.449219 1 13 1.000000
  13 -13.669757 -0.345444 10.703972 -0.652725 0.217374 0.725740 0.785156 0.453125 2 13 0.505054 12 0.494946
knight
  13 -13.525138 -2.864430 9.560085 0.182666 -0.960226 0.211187 0.742188 0.437500 1 13 1.000000
  13 -13.669757 -0.345444 10.703972 -0.652725 0.217374 0.725740 0.785156 0.453125 2 13 0.505054 12 0.494946
  13 -14.984607 -0.343626 10.656948 -0.446684 0.068223 0.892087 0.785156 0.433594 1 13 1.000000
knight
  13 -13.669757 -0.345444 10.703972 -0.652725 0.217374 0.725740 0.785156 0.453125 2 13 0.505054 12 0.494946
  12 -12.641176 0.703349 9.749199 0.287282 0.926468 -0.243158 0.816406 0.453125 2 12 0.876248 13 0.123752
  13 -13.531120 1.577895 9.083599 0.354801 0.934848 0.013206 0.824219 0.437500 1 13 1.000000
knight
  13 -13.669757 -0.345444 10.703972 -0.652725 0.217374 0.725740 0.785156 0.453125 2 13 0.505054 12 0.494946
  13 -13.531120 1.577895 9.083599 0.354801 0.934848 0.013206 0.824219 0.437500 1 13 1.000000
  13 -14.984607 -0.343626 10.656948 -0.446684 0.068223 0.892087 0.785156 0.433594 1 13 1.000000
knight
  11 -4.582719 1.440047 18.113667 -0.336785 0.907419 0.251331 0.824219 0.625000 1 11 1.000000
  12 -12.167507 1.470454 10.762360 -0.079498 0.967555 -0.239827 0.820312 0.468750 2 12 0.956447 13 0.043553
  12 -13.498753 -0.428150 11.938023 -0.913688 0.141363 0.381039 0.781250 0.472656 1 12 1.000000
knight
  11 -4.582719 1.440047 18.113667 -0.336785 0.907419 0.251331 0.824219 0.625000 1 11 1.000000
  12 -13.498753 -0.428150 11.938023 -0.913688 0.141363 0.381039 0.781250 0.472656 1 12 1.000000
  12 -7.132337 -0.321945 19.010284 -0.429375 0.161599 0.888551 0.781250 0.609375 1 12 1.000000
knight
  12 -6.300728 -3.123330 18.303074 0.276738 -0.899868 0.337125 0.742188 0.609375 2 12 0.952500 11 0.047500
  12 -7.132337 -0.321945 19.010284 -0.429375 0.161599 0.888551 0.781250 0.609375 1 12 1.000000
  12 -13.498753 -0.428150 11.938023 -0.913688 0.141363 0.381039 0.781250 0.472656 1 12 1.000000
knight
  12 -6.300728 -3.123330 18.303074 0.276738 -0.899868 0.337125 0.742188 0.609375 2 12 0.952500 11 0.047500
  12 -13.498753 -0.428150 11.938023 -0.913688 0.141363 0.381039 0.781250 0.472656 1 12 1.000000
  12 -12.373383 -2.951928 10.864742 -0.249223 -0.954014 -0.166567 0.738281 0.472656 2 12 0.959174 13 0.040826
knight
  12 -6.300728 -3.123330 18.303074 0.276738 -0.899868 0.337125 0.386719 0.648438 2 12 0.952500 11 0.047500
  12 -12.373383 -2.951928 10.864742 -0.249223 -0.954014 -0.166567 0.421875 0.781250 2 12 0.959174 13 0.040826
  12 -12.495330 -2.285120 10.113506 -0.054707 -0.905933 -0.419873 0.433594 0.789062 2 12 0.916391 13 0.083609
knight
  13 -13.669757 -0.345444 10.703972 -0.652725 0.217374 0.725740 0.785156 0.453125 2 13 0.505054 12 0.494946
  12 -12.495330 -2.285120 10.113506 -0.054707 -0.905933 -0.419873 0.746094 0.457031 2 12 0.916391 13 0.083609
  12 -12.373383 -2.951928 10.864742 -0.249223 -0.954014 -0.166567 0.738281 0.472656 2 12 0.959174 13 0.040826
knight
  13 -13.669757 -0.345444 10.703972 -0.652725 0.217374 0.725740 0.785156 0.453125 2 13 0.505054 12 0.494946
  12 -12.373383 -2.951928 10.864742 -0.249223 -0.954014 -0.166567 0.738281 0.472656 2 12 0.959174 13 0.040826
  12 -13.498753 -0.428150 11.938023 -0.913688 0.141363 0.381039 0.781250 0.472656 1 12 1.000000
knight
  13 -13.669757 -0.345444 10.703972 -0.652725 0.217374 0.725740 0.785156 0.453125 2 13 0.505054 12 0.494946
  12 -13.498753 -0.428150 11.938023 -0.913688 0.141363 0.381039 0.781250 0.472656 1 12 1.000000
  12 -12.167507 1.470454 10.762360 -0.079498 0.967555 -0.239827 0.820312 0.468750 2 12 0.956447 13 0.043553
knight
  13 -13.669757 -0.345444 10.703972 -0.652725 0.217374 0.725740 0.785156 0.453125 2 13 0.505054 12 0.494946
  12 -12.167507 1.470454 10.762360 -0.079498 0.967555 -0.239827 0.820312 0.468750 2 12 0.956447 13 0.043553
  12 -12.641176 0.703349 9.749199 0.287282 0.926468 -0.243158 0.816406 0.453125 2 12 0.876248 13 0.123752
knight
  13 -19.686386 -0.216247 2.677895 0.684545 0.015539 0.728805 0.980469 0.464844 1 13 1.000000
  13 -23.564739 -0.222756 5.429712 -0.733330 0.000473 0.679872 0.980469 0.398438 1 13 1.000000
  13 -20.409990 -1.057000 2.116293 -0.270051 -0.923884 -0.271128 0.960938 0.460938 1 13 1.000000
knight
  13 -20.406015 0.606076 2.059330 -0.290999 0.907888 -0.301759 0.179688 0.464844 1 13 1.000000
  13 -20.409990 -1.057000 2.116293 -0.270051 -0.923884 -0.271128 0.203125 0.460938 1 13 1.000000
  13 -23.564739 -0.222756 5.429712 -0.733330 0.000473 0.679872 0.179688 0.398438 1 13 1.000000
knight
  13 -19.686386 -0.216247 2.677895 0.684545 0.015539 0.728805 0.960938 0.464844 1 13 1.000000
  13 -20.406015 0.606076 2.059330 -0.290999 0.907888 -0.301759 0.941406 0.468750 1 13 1.000000
  13 -23.564739 -0.222756 5.429712 -0.733330 0.000473 0.679872 0.960938 0.531250 1 13 1.000000
knight
  13 -20.409990 -1.057000 2.116293 -0.270051 -0.923884 -0.271128 0.960938 0.460938 1 13 1.000000
  13 -16.610802 -0.222007 -1.008266 0.732761 -0.000395 -0.680486 0.964844 0.531250 1 13 1.000000
  13 -19.686386 -0.216247 2.677895 0.684545 0.015539 0.728805 0.980469 0.464844 1 13 1.000000
knight
  13 -20.409990 -1.057000 2.116293 -0.270051 -0.923884 -0.271128 0.203125 0.460938 1 13 1.000000
  13 -20.406015 0.606076 2.059330 -0.290999 0.907888 -0.301759 0.179688 0.464844 1 13 1.000000
  13 -16.610802 -0.222007 -1.008266 0.732761 -0.000395 -0.680486 0.203125 0.531250 1 13 1.000000
knight
  13 -20.406015 0.606076 2.059330 -0.290999 0.907888 -0.301759 0.941406 0.468750 1 13 1.000000
  13 -19.686386 -0.216247 2.677895 0.684545 0.015539 0.728805 0.960938 0.464844 1 13 1.000000
  13 -16.610802 -0.222007 -1.008266 0.732761 -0.000395 -0.680486 0.945312 0.398438 1 13 1.000000
knight
  13 -18.068275 -0.220954 4.328781 0.684545 0.015538 0.728805 0.238281 0.074219 1 13 1.000000
  13 -21.946630 -0.227463 7.080593 -0.733328 0.000475 0.679874 0.238281 0.007812 1 13 1.000000
  13 -18.791887 -1.061707 3.767181 -0.270054 -0.923883 -0.271129 0.222656 0.070312 1 13 1.000000
knight
  13 -18.787905 0.601369 3.710213 -0.290998 0.907889 -0.301758 0.871094 0.175781 1 13 1.000000
  13 -18.791887 -1.061707 3.767181 -0.270054 -0.923883 -0.271129 0.894531 0.171875 1 13 1.000000
  13 -21.946630 -0.227463 7.080593 -0.733328 0.000475 0.679874 0.875000 0.109375 1 13 1.000000
knight
  13 -18.068275 -0.220954 4.328781 0.684545 0.015538 0.728805 0.957031 0.718750 1 13 1.000000
  13 -18.787905 0.601369 3.710213 -0.290998 0.907889 -0.301758 0.937500 0.722656 1 13 1.000000
  13 -21.946630 -0.227463 7.080593 -0.733328 0.000475 0.679874 0.957031 0.785156 1 13 1.000000
knight
  13 -18.791887 -1.061707 3.767181 -0.270054 -0.923883 -0.271129 0.222656 0.070312 1 13 1.000000
  13 -14.992693 -0.226714 0.642616 0.732756 -0.000401 -0.680491 0.226562 0.144531 1 13 1.000000
  13 -18.068275 -0.220954 4.328781 0.684545 0.015538 0.728805 0.238281 0.074219 1 13 1.000000
knight
  13 -18.791887 -1.061707 3.767181 -0.270054 -0.923883 -0.271129 0.894531 0.171875 1 13 1.000000
  13 -18.787905 0.601369 3.710213 -0.290998 0.907889 -0.301758 0.871094 0.175781 1 13 1.000000
  13 -14.992693 -0.226714 0.642616 0.732756 -0.000401 -0.680491 0.894531 0.242188 1 13 1.000000
knight
  13 -18.787905 0.601369 3.710213 -0.290998 0.907889 -0.301758 0.937500 0.722656 1 13 1.000000
  13 -18.068275 -0.220954 4.328781 0.684545 0.015538 0.728805 0.957031 0.718750 1 13 1.000000
  13 -14.992693 -0.226714 0.642616 0.732756 -0.000401 -0.680491 0.941406 0.652344 1 13 1.000000
knight
  13 -16.396231 -0.225818 6.034698 0.684545 0.015538 0.728805 0.222656 0.074219 1 13 1.000000
  13 -20.274586 -0.232328 8.786514 -0.733324 0.000470 0.679879 0.222656 0.007812 1 13 1.000000
  13 -17.119841 -1.066571 5.473091 -0.270054 -0.923883 -0.271130 0.203125 0.070312 1 13 1.000000
knight
  13 -17.115864 0.596505 5.416130 -0.290999 0.907888 -0.301759 0.527344 0.152344 1 13 1.000000
  13 -17.119841 -1.066571 5.473091 -0.270054 -0.923883 -0.271130 0.550781 0.148438 1 13 1.000000
  13 -20.274586 -0.232328 8.786514 -0.733324 0.000470 0.679879 0.527344 0.085938 1 13 1.000000
knight
  13 -16.396231 -0.225818 6.034698 0.684545 0.015538 0.728805 0.562500 0.335938 1 13 1.000000
  13 -17.115864 0.596505 5.416130 -0.290999 0.907888 -0.301759 0.546875 0.339844 1 13 1.000000
  13 -20.274586 -0.232328 8.786514 -0.733324 0.000470 0.679879 0.562500 0.406250 1 13 1.000000
knight
  13 -17.119841 -1.066571 5.473091 -0.270054 -0.923883 -0.271130 0.203125 0.070312 1 13 1.000000
  13 -13.320647 -0.231578 2.348532 0.732762 -0.000395 -0.680485 0.207031 0.144531 1 13 1.000000
  13 -16.396231 -0.225818 6.034698 0.684545 0.015538 0.728805 0.222656 0.074219 1 13 1.000000
knight
  13 -17.119841 -1.066571 5.473091 -0.270054 -0.923883 -0.271130 0.550781 0.148438 1 13 1.000000
  13 -17.115864 0.596505 5.416130 -0.290999 0.907888 -0.301759 0.527344 0.152344 1 13 1.000000
  13 -13.320647 -0.231578 2.348532 0.732762 -0.000395 -0.680485 0.550781 0.218750 1 13 1.000000
knight
  13 -17.115864 0.596505 5.416130 -0.290999 0.907888 -0.301759 0.546875 0.339844 1 13 1.000000
  13 -16.396231 -0.225818 6.034698 0.684545 0.015538 0.728805 0.562500 0.335938 1 13 1.000000
  13 -13.320647 -0.231578 2.348532 0.732762 -0.000395 -0.680485 0.550781 0.269531 1 13 1.000000
knight
  13 -14.634286 -0.230943 7.832325 0.684545 0.015540 0.728805 0.976562 0.175781 1 13 1.000000
  13 -18.512646 -0.237453 10.584141 -0.733325 0.000469 0.679878 0.976562 0.109375 1 13 1.000000
  13 -15.357895 -1.071696 7.270725 -0.270051 -0.923885 -0.271127 0.960938 0.171875 1 13 1.000000
knight
  13 -15.353924 0.591379 7.213758 -0.291001 0.907888 -0.301759 0.898438 0.175781 1 13 1.000000
  13 -15.357895 -1.071696 7.270725 -0.270051 -0.923885 -0.271127 0.921875 0.171875 1 13 1.000000
  13 -18.512646 -0.237453 10.584141 -0.733325 0.000469 0.679878 0.898438 0.109375 1 13 1.000000
knight
  13 -14.634286 -0.230943 7.832325 0.684545 0.015540 0.728805 0.742188 0.703125 1 13 1.000000
  13 -15.353924 0.591379 7.213758 -0.291001 0.907888 -0.301759 0.722656 0.707031 1 13 1.000000
  13 -18.512646 -0.237453 10.584141 -0.733325 0.000469 0.679878 0.742188 0.769531 1 13 1.000000
knight
  13 -15.357895 -1.071696 7.270725 -0.270051 -0.923885 -0.271127 0.960938 0.171875 1 13 1.000000
  13 -11.558705 -0.236703 4.146162 0.732753 -0.000396 -0.680495 0.964844 0.242188 1 13 1.000000
  13 -14.634286 -0.230943 7.832325 0.684545 0.015540 0.728805 0.976562 0.175781 1 13 1.000000
knight
  13 -15.357895 -1.071696 7.270725 -0.270051 -0.923885 -0.271127 0.921875 0.171875 1 13 1.000000
  13 -15.353924 0.591379 7.213758 -0.291001 0.907888 -0.301759 0.898438 0.175781 1 13 1.000000
  13 -11.558705 -0.236703 4.146162 0.732753 -0.000396 -0.680495 0.921875 0.242188 1 13 1.000000
knight
  13 -15.353924 0.591379 7.213758 -0.291001 0.907888 -0.301759 0.722656 0.707031 1 13 1.000000
  13 -14.634286 -0.230943 7.832325 0.684545 0.015540 0.728805 0.742188 0.703125 1 13 1.000000
  13 -11.558705 -0.236703 4.146162 0.732753 -0.000396 -0.680495 0.726562 0.636719 1 13 1.000000
knight
  12 -11.037261 -0.625620 12.419544 0.575109 0.030637 0.817503 0.968750 0.562500 1 12 1.000000
  12 -14.840306 -0.632111 15.095211 -0.734066 0.000515 0.679078 0.984375 0.625000 1 12 1.000000
  12 -11.732073 -1.466364 11.827553 -0.365651 -0.924000 -0.111911 0.984375 0.558594 1 12 1.000000
knight
  12 -11.726068 0.196709 11.770287 -0.380120 0.916083 -0.127675 0.964844 0.558594 1 12 1.000000
  12 -11.732073 -1.466364 11.827553 -0.365651 -0.924000 -0.111911 0.941406 0.558594 1 12 1.000000
  12 -14.840306 -0.632111 15.095211 -0.734066 0.000515 0.679078 0.953125 0.625000 1 12 1.000000
knight
  12 -11.037261 -0.625620 12.419544 0.575109 0.030637 0.817503 0.335938 0.140625 1 12 1.000000
  12 -11.726068 0.196709 11.770287 -0.380120 0.916083 -0.127675 0.351562 0.144531 1 12 1.000000
  12 -14.840306 -0.632111 15.095211 -0.734066 0.000515 0.679078 0.351562 0.078125 1 12 1.000000
knight
  12 -9.609231 -0.629993 14.017883 0.572969 0.030668 0.819003 0.976562 0.656250 1 12 1.000000
  12 -13.338702 -0.636480 16.627235 -0.733856 0.000529 0.679305 0.996094 0.718750 1 12 1.000000
  12 -10.304045 -1.470737 13.425884 -0.368473 -0.923263 -0.108685 0.996094 0.656250 1 12 1.000000
knight
  12 -10.298038 0.192336 13.368622 -0.382871 0.915382 -0.124438 0.382812 0.023438 1 12 1.000000
  12 -10.304045 -1.470737 13.425884 -0.368473 -0.923263 -0.108685 0.359375 0.023438 1 12 1.000000
  12 -13.338702 -0.636480 16.627235 -0.733856 0.000529 0.679305 0.367188 0.085938 1 12 1.000000
knight
  12 -9.609231 -0.629993 14.017883 0.572969 0.030668 0.819003 0.996094 0.722656 1 12 1.000000
  12 -10.298038 0.192336 13.368622 -0.382871 0.915382 -0.124438 0.976562 0.722656 1 12 1.000000
  12 -13.338702 -0.636480 16.627235 -0.733856 0.000529 0.679305 0.984375 0.785156 1 12 1.000000
knight
  12 -8.217784 -0.634367 15.648323 0.570965 0.030699 0.820400 0.996094 0.242188 1 12 1.000000
  12 -11.872796 -0.640851 18.192307 -0.733440 0.000558 0.679754 0.996094 0.179688 1 12 1.000000
  12 -8.912601 -1.475111 15.056332 -0.371555 -0.922416 -0.105337 0.980469 0.242188 1 12 1.000000
knight
  12 -8.906592 0.187962 14.999069 -0.385878 0.914572 -0.121062 0.550781 0.023438 1 12 1.000000
  12 -8.912601 -1.475111 15.056332 -0.371555 -0.922416 -0.105337 0.527344 0.027344 1 12 1.000000
  12 -11.872796 -0.640851 18.192307 -0.733440 0.000558 0.679754 0.550781 0.085938 1 12 1.000000
knight
  12 -8.217784 -0.634367 15.648323 0.570965 0.030699 0.820400 0.980469 0.890625 1 12 1.000000
  12 -8.906592 0.187962 14.999069 -0.385878 0.914572 -0.121062 0.996094 0.894531 1 12 1.000000
  12 -11.872796 -0.640851 18.192307 -0.733440 0.000558 0.679754 0.996094 0.832031 1 12 1.000000
knight
  12 -6.862935 -0.638743 17.310871 0.569110 0.030730 0.821687 0.996094 0.324219 1 12 1.000000
  12 -10.442600 -0.645227 19.790436 -0.732805 0.000586 0.680439 0.996094 0.261719 1 12 1.000000
  12 -7.557745 -1.479487 16.718884 -0.374922 -0.921444 -0.101860 0.980469 0.320312 1 12 1.000000
knight
  12 -7.551743 0.183586 16.661617 -0.389165 0.913637 -0.117549 0.960938 0.046875 1 12 1.000000
  12 -7.557745 -1.479487 16.718884 -0.374922 -0.921444 -0.101860 0.933594 0.046875 1 12 1.000000
  12 -10.442600 -0.645227 19.790436 -0.732805 0.000586 0.680439 0.945312 0.105469 1 12 1.000000
knight
  12 -6.862935 -0.638743 17.310871 0.569110 0.030730 0.821687 0.980469 0.386719 1 12 1.000000
  12 -7.551743 0.183586 16.661617 -0.389165 0.913637 -0.117549 0.996094 0.386719 1 12 1.000000
  12 -10.442600 -0.645227 19.790436 -0.732805 0.000586 0.680439 0.996094 0.328125 1 12 1.000000
knight
  6 -1.801109 -1.593258 27.575062 -0.548279 -0.787184 0.282367 0.960938 0.972656 1 6 1.000000
  6 -1.441531 -1.103575 29.638409 -0.000450 -0.003353 0.999994 0.976562 0.996094 1 6 1.000000
  6 -1.771525 -0.499703 27.667778 -0.466938 0.820553 0.329640 0.976562 0.968750 1 6 1.000000
knight
  6 -0.751955 -1.217765 27.635860 0.924317 -0.192896 0.329286 0.957031 0.968750 1 6 1.000000
  6 -1.771525 -0.499703 27.667778 -0.466938 0.820553 0.329640 0.941406 0.968750 1 6 1.000000
  6 -1.441531 -1.103575 29.638409 -0.000450 -0.003353 0.999994 0.949219 0.996094 1 6 1.000000
knight
  6 -1.801109 -1.593258 27.575062 -0.548279 -0.787184 0.282367 0.675781 0.140625 1 6 1.000000
  6 -0.751955 -1.217765 27.635860 0.924317 -0.192896 0.329286 0.691406 0.144531 1 6 1.000000
  6 -1.441531 -1.103575 29.638409 -0.000450 -0.003353 0.999994 0.691406 0.113281 1 6 1.000000
knight
  6 0.192999 2.836763 27.575062 0.000000 0.959320 0.282322 0.691406 0.054688 1 6 1.000000
  6 -0.427263 1.919355 27.668217 -0.862660 -0.381828 0.331699 0.675781 0.054688 1 6 1.000000
  6 0.192999 2.229535 29.638409 0.000000 0.005943 0.999982 0.683594 0.082031 1 6 1.000000
knight
  24 -2.782510 -0.077462 -9.655469 -0.044390 0.253828 0.966230 0.523438 0.144531 1 24 1.000000
  24 -2.659078 6.125886 -11.279412 0.008179 0.996505 -0.083132 0.523438 0.050781 1 24 1.000000
  24 -3.795595 -0.082530 -11.362973 -0.854782 0.163108 -0.492689 0.496094 0.136719 1 24 1.000000
knight
  24 -1.543475 -0.144300 -11.247118 0.910896 0.160110 -0.380308 0.906250 0.996094 1 24 1.000000
  24 -3.795595 -0.082530 -11.362973 -0.854782 0.163108 -0.492689 0.937500 0.996094 1 24 1.000000
  24 -2.659078 6.125886 -11.279412 0.008179 0.996505 -0.083132 0.937500 0.910156 1 24 1.000000
knight
  24 -2.782510 -0.077462 -9.655469 -0.044390 0.253828 0.966230 0.910156 0.527344 1 24 1.000000
  24 -1.543475 -0.144300 -11.247118 0.910896 0.160110 -0.380308 0.941406 0.531250 1 24 1.000000
  24 -2.659078 6.125886 -11.279412 0.008179 0.996505 -0.083132 0.941406 0.441406 1 24 1.000000
knight
  24 -2.782510 -0.173433 -11.791511 -0.044623 0.247936 0.967748 0.910156 0.257812 1 24 1.000000
  24 -2.659078 6.125886 -13.399697 0.008053 0.996804 -0.079476 0.941406 0.343750 1 24 1.000000
  24 -3.795595 -0.178501 -13.499013 -0.854180 0.161772 -0.494172 0.941406 0.253906 1 24 1.000000
knight
  24 -1.543475 -0.240271 -13.383161 0.910521 0.158568 -0.381847 0.839844 0.167969 1 24 1.000000
  24 -3.795595 -0.178501 -13.499013 -0.854180 0.161772 -0.494172 0.871094 0.175781 1 24 1.000000
  24 -2.659078 6.125886 -13.399697 0.008053 0.996804 -0.079476 0.871094 0.082031 1 24 1.000000
knight
  24 -2.782510 -0.173433 -11.791511 -0.044623 0.247936 0.967748 0.937500 0.652344 1 24 1.000000
  24 -1.543475 -0.240271 -13.383161 0.910521 0.158568 -0.381847 0.910156 0.656250 1 24 1.000000
  24 -2.659078 6.125886 -13.399697 0.008053 0.996804 -0.079476 0.937500 0.742188 1 24 1.000000
knight
  24 -2.782510 -0.186938 -14.461883 -0.044229 0.264798 0.963289 0.269531 0.058594 1 24 1.000000
  24 -2.659078 5.652205 -16.061331 0.008707 0.996423 -0.084058 0.289062 0.144531 1 24 1.000000
  24 -3.795595 -0.192006 -16.169388 -0.853075 0.174986 -0.491572 0.300781 0.058594 1 24 1.000000
knight
  24 -1.543475 -0.253776 -16.053535 0.909205 0.171242 -0.379503 0.738281 0.144531 1 24 1.000000
  24 -3.795595 -0.192006 -16.169388 -0.853075 0.174986 -0.491572 0.769531 0.148438 1 24 1.000000
  24 -2.659078 5.652205 -16.061331 0.008707 0.996423 -0.084058 0.769531 0.066406 1 24 1.000000
knight
  24 -2.782510 -0.186938 -14.461883 -0.044229 0.264798 0.963289 0.406250 0.140625 1 24 1.000000
  24 -1.543475 -0.253776 -16.053535 0.909205 0.171242 -0.379503 0.433594 0.144531 1 24 1.000000
  24 -2.659078 5.652205 -16.061331 0.008707 0.996423 -0.084058 0.433594 0.058594 1 24 1.000000
knight
  24 -2.782510 -0.115166 -16.919893 -0.043330 0.296931 0.953915 0.136719 0.121094 1 24 1.000000
  24 -2.659078 5.043188 -18.519960 0.009884 0.995452 -0.094753 0.136719 0.046875 1 24 1.000000
  24 -3.795595 -0.120234 -18.627396 -0.851384 0.197509 -0.485937 0.109375 0.117188 1 24 1.000000
knight
  24 -1.543475 -0.182004 -18.511541 0.906995 0.193045 -0.374290 0.300781 0.136719 1 24 1.000000
  24 -3.795595 -0.120234 -18.627396 -0.851384 0.197509 -0.485937 0.332031 0.144531 1 24 1.000000
  24 -2.659078 5.043188 -18.519960 0.009884 0.995452 -0.094753 0.332031 0.066406 1 24 1.000000
knight
  24 -2.782510 -0.115166 -16.919893 -0.043330 0.296931 0.953915 0.933594 0.746094 1 24 1.000000
  24 -1.543475 -0.182004 -18.511541 0.906995 0.193045 -0.374290 0.906250 0.746094 1 24 1.000000
  24 -2.659078 5.043188 -18.519960 0.009884 0.995452 -0.094753 0.917969 0.820312 1 24 1.000000
knight
  1 0.192999 3.490934 12.869740 -0.000000 0.056088 -0.998426 0.722656 0.320312 1 1 1.000000
  1 0.192999 -8.398726 12.869740 0.000000 0.839015 -0.544109 0.722656 0.152344 1 1 1.000000
  1 -0.437280 -8.398726 13.562672 -0.580045 0.814582 0.002153 0.707031 0.152344 1 1 1.000000
knight
  1 0.192999 3.490934 12.869740 -0.000000 0.056088 -0.998426 0.722656 0.320312 1 1 1.000000
  1 -0.437280 -8.398726 13.562672 -0.580045 0.814582 0.002153 0.707031 0.152344 1 1 1.000000
  1 -0.437279 3.490934 13.562672 -0.998663 0.051545 0.003837 0.707031 0.320312 1 1 1.000000
knight
  1 -0.437279 3.490934 13.562672 -0.998663 0.051545 0.003837 0.707031 0.320312 1 1 1.000000
  1 -0.437280 -8.398726 13.562672 -0.580045 0.814582 0.002153 0.707031 0.152344 1 1 1.000000
  1 0.192999 -8.398726 14.245106 0.000000 0.836479 0.547999 0.695312 0.152344 1 1 1.000000
knight
  1 -0.437279 3.490934 13.562672 -0.998663 0.051545 0.003837 0.707031 0.320312 1 1 1.000000
  1 0.192999 -8.398726 14.245106 0.000000 0.836479 0.547999 0.695312 0.152344 1 1 1.000000
  1 0.192999 3.490934 14.245106 0.000000 0.055841 0.998440 0.695312 0.320312 1 1 1.000000
knight
  1 0.192999 -8.642580 11.637211 0.000000 0.526089 -0.850430 0.386719 0.464844 1 1 1.000000
  1 0.192999 -9.063064 11.637211 -0.000000 -0.578379 -0.815768 0.378906 0.464844 1 1 1.000000
  1 -1.774860 -9.063064 13.567963 -0.817467 -0.575967 0.003118 0.378906 0.503906 1 1 1.000000
knight
  1 0.192999 -8.642580 11.637211 0.000000 0.526089 -0.850430 0.386719 0.464844 1 1 1.000000
  1 -1.774860 -9.063064 13.567963 -0.817467 -0.575967 0.003118 0.378906 0.503906 1 1 1.000000
  1 -1.774860 -8.642580 13.567963 -0.852241 0.523139 0.003240 0.386719 0.503906 1 1 1.000000
knight
  1 -1.774860 -8.642580 13.567963 -0.852241 0.523139 0.003240 0.386719 0.503906 1 1 1.000000
  1 -1.774860 -9.063064 13.567963 -0.817467 -0.575967 0.003118 0.378906 0.503906 1 1 1.000000
  1 0.192999 -9.063064 15.469467 -0.000000 -0.579197 0.815188 0.378906 0.542969 1 1 1.000000
knight
  1 -1.774860 -8.642580 13.567963 -0.852241 0.523139 0.003240 0.386719 0.503906 1 1 1.000000
  1 0.192999 -9.063064 15.469467 -0.000000 -0.579197 0.815188 0.378906 0.542969 1 1 1.000000
  1 0.192999 -8.642580 15.469467 0.000000 0.526412 0.850229 0.386719 0.542969 1 1 1.000000
knight
  1 -1.774860 -9.063064 13.567963 -0.817467 -0.575967 0.003118 0.652344 0.667969 1 1 1.000000
  1 0.192999 -9.063064 11.637211 -0.000000 -0.578379 -0.815768 0.652344 0.628906 1 1 1.000000
  1 0.192999 -9.063064 15.469467 -0.000000 -0.579197 0.815188 0.613281 0.667969 1 1 1.000000
knight
  1 -0.437279 3.490934 13.562672 -0.998663 0.051545 0.003837 0.707031 0.320312 1 1 1.000000
  1 0.192999 9.446074 13.559059 0.000000 1.000000 -0.000024 0.707031 0.406250 1 1 1.000000
  1 0.192999 3.490934 12.869740 -0.000000 0.056088 -0.998426 0.722656 0.320312 1 1 1.000000
knight
  1 0.192999 3.490934 14.245106 0.000000 0.055841 0.998440 0.695312 0.320312 1 1 1.000000
  1 0.192999 9.446074 13.559059 0.000000 1.000000 -0.000024 0.707031 0.406250 1 1 1.000000
  1 -0.437279 3.490934 13.562672 -0.998663 0.051545 0.003837 0.707031 0.320312 1 1 1.000000
knight
  17 3.372499 -2.875322 5.995623 0.498508 -0.866784 0.013220 0.156250 0.777344 4 17 0.683708 0 0.147816 18 0.124487 1 0.043989
  18 2.736421 -2.825470 3.113066 0.086314 -0.981194 -0.172648 0.152344 0.824219 3 18 0.677978 17 0.308382 0 0.013640
  18 4.900569 -0.324047 3.113066 0.999182 0.040339 0.002730 0.199219 0.828125 2 18 0.964283 17 0.035717
knight
  17 3.372499 -2.875322 5.995623 0.498508 -0.866784 0.013220 0.156250 0.777344 4 17 0.683708 0 0.147816 18 0.124487 1 0.043989
  18 4.900569 -0.324047 3.113066 0.999182 0.040339 0.002730 0.199219 0.828125 2 18 0.964283 17 0.035717
  17 4.530221 -0.324048 5.995623 0.993772 0.104824 0.037811 0.199219 0.773438 4 17 0.510332 0 0.240041 18 0.222503 1 0.027124
knight
  0 2.068581 2.303567 5.995623 0.295890 0.939620 -0.171941 0.261719 0.777344 4 0 0.783436 17 0.108469 18 0.077344 1 0.030751
  17 4.530221 -0.324048 5.995623 0.993772 0.104824 0.037811 0.203125 0.769531 4 17 0.510332 0 0.240041 18 0.222503 1 0.027124
  18 4.900569 -0.324047 3.113066 0.999182 0.040339 0.002730 0.207031 0.824219 2 18 0.964283 17 0.035717
knight
  0 2.068581 2.303567 5.995623 0.295890 0.939620 -0.171941 0.261719 0.777344 4 0 0.783436 17 0.108469 18 0.077344 1 0.030751
  18 4.900569 -0.324047 3.113066 0.999182 0.040339 0.002730 0.207031 0.824219 2 18 0.964283 17 0.035717
  18 2.736421 2.092006 3.113066 0.046223 0.997138 -0.059835 0.250000 0.828125 3 18 0.874635 17 0.094087 0 0.031278
knight
  18 2.736421 2.092006 3.113066 0.046223 0.997138 -0.059835 0.250000 0.828125 3 18 0.874635 17 0.094087 0 0.031278
  17 0.592005 -0.324047 3.113066 -0.747137 0.026042 -0.664159 0.289062 0.835938 2 17 0.875946 18 0.124054
  0 2.068581 2.303567 5.995623 0.295890 0.939620 -0.171941 0.261719 0.777344 4 0 0.783436 17 0.108469 18 0.077344 1 0.030751
knight
  0 0.192999 -2.519311 5.995623 -0.000000 -0.981252 -0.192727 0.101562 0.785156 4 0 0.815127 17 0.133149 1 0.030568 23 0.021155
  17 3.372499 -2.875322 5.995623 0.498508 -0.866784 0.013220 0.156250 0.777344 4 17 0.683708 0 0.147816 18 0.124487 1 0.043989
  1 2.330220 -2.900317 11.256573 0.370789 -0.925453 -0.077793 0.140625 0.699219 4 1 0.811907 0 0.147837 17 0.022120 2 0.018136
knight
  17 4.530221 -0.324048 5.995623 0.993772 0.104824 0.037811 0.203125 0.769531 4 17 0.510332 0 0.240041 18 0.222503 1 0.027124
  0 2.068581 2.303567 5.995623 0.295890 0.939620 -0.171941 0.261719 0.777344 4 0 0.783436 17 0.108469 18 0.077344 1 0.030751
  0 2.330220 2.445822 11.256573 0.382476 0.916444 -0.117656 0.261719 0.695312 2 0 0.521213 1 0.478787
knight
  17 4.530221 -0.324048 5.995623 0.993772 0.104824 0.037811 0.203125 0.769531 4 17 0.510332 0 0.240041 18 0.222503 1 0.027124
  0 2.330220 2.445822 11.256573 0.382476 0.916444 -0.117656 0.261719 0.695312 2 0 0.521213 1 0.478787
  0 4.219390 -0.324048 10.511501 0.992428 0.016963 -0.121652 0.207031 0.707031 4 0 0.670269 1 0.247274 17 0.071373 8 0.011084
knight
  17 3.372499 -2.875322 5.995623 0.498508 -0.866784 0.013220 0.156250 0.777344 4 17 0.683708 0 0.147816 18 0.124487 1 0.043989
  17 4.530221 -0.324048 5.995623 0.993772 0.104824 0.037811 0.199219 0.773438 4 17 0.510332 0 0.240041 18 0.222503 1 0.027124
  0 4.219390 -0.324048 10.511501 0.992428 0.016963 -0.121652 0.199219 0.710938 4 0 0.670269 1 0.247274 17 0.071373 8 0.011084
knight
  0 2.068581 2.303567 5.995623 0.295890 0.939620 -0.171941 0.261719 0.777344 4 0 0.783436 17 0.108469 18 0.077344 1 0.030751
  0 -1.682583 2.303567 5.995623 -0.295890 0.939620 -0.171941 0.328125 0.777344 4 0 0.779772 17 0.109913 23 0.077551 1 0.032764
  0 -1.944222 2.445822 11.256573 -0.382476 0.916444 -0.117656 0.328125 0.695312 2 0 0.520485 1 0.479515
knight
  0 2.068581 2.303567 5.995623 0.295890 0.939620 -0.171941 0.261719 0.777344 4 0 0.783436 17 0.108469 18 0.077344 1 0.030751
  0 -1.944222 2.445822 11.256573 -0.382476 0.916444 -0.117656 0.328125 0.695312 2 0 0.520485 1 0.479515
  0 2.330220 2.445822 11.256573 0.382476 0.916444 -0.117656 0.261719 0.695312 2 0 0.521213 1 0.478787
knight
  0 2.330220 2.445822 11.256573 0.382476 0.916444 -0.117656 0.261719 0.695312 2 0 0.521213 1 0.478787
  1 2.986313 2.728053 16.180244 0.254856 0.964682 0.066608 0.257812 0.628906 4 1 0.746832 0 0.101685 3 0.087111 7 0.064372
  1 5.063732 1.567758 15.144535 0.815738 0.562222 -0.135934 0.230469 0.640625 3 1 0.404750 7 0.345546 0 0.249703
knight
  6 0.192999 -2.697348 23.714825 0.000000 -0.776986 -0.629518 0.808594 0.988281 3 6 0.737196 5 0.223699 3 0.039106
  6 3.707250 -1.458964 24.306309 0.789177 -0.487797 -0.373167 0.757812 0.980469 2 6 0.830285 5 0.169715
  6 0.192999 -3.333321 24.302818 0.000000 -0.962960 -0.269644 0.808594 0.996094 3 6 0.858699 5 0.140869 3 0.000432
knight
  6 3.707250 -1.458964 24.306309 0.789177 -0.487797 -0.373167 0.757812 0.980469 2 6 0.830285 5 0.169715
  6 0.192999 -2.697348 23.714825 0.000000 -0.776986 -0.629518 0.808594 0.988281 3 6 0.737196 5 0.223699 3 0.039106
  6 2.756114 -0.327191 23.615170 0.625449 -0.053649 -0.778418 0.769531 0.960938 3 6 0.566278 5 0.402858 7 0.030863
knight
  6 3.707250 -1.458964 24.306309 0.789177 -0.487797 -0.373167 0.304688 0.199219 2 6 0.830285 5 0.169715
  6 3.707250 2.031486 24.257782 0.806321 0.392368 -0.442599 0.304688 0.246094 3 6 0.897371 5 0.095219 4 0.007410
  6 3.303307 2.031486 27.575886 0.713011 0.424381 0.558136 0.355469 0.246094 2 6 0.998096 5 0.001904
knight
  6 3.707250 -1.458964 24.306309 0.789177 -0.487797 -0.373167 0.304688 0.199219 2 6 0.830285 5 0.169715
  6 3.303307 2.031486 27.575886 0.713011 0.424381 0.558136 0.355469 0.246094 2 6 0.998096 5 0.001904
  6 3.303307 -0.880327 27.624413 0.706799 -0.381065 0.596008 0.355469 0.199219 2 6 0.968922 5 0.031078
knight
  6 3.707250 -1.458964 24.306309 0.789177 -0.487797 -0.373167 0.304688 0.199219 2 6 0.830285 5 0.169715
  6 3.303307 -0.880327 27.624413 0.706799 -0.381065 0.596008 0.355469 0.199219 2 6 0.968922 5 0.031078
  6 0.192999 -2.754683 27.620918 0.000000 -0.799141 0.601143 0.355469 0.144531 2 6 0.978674 5 0.021326
knight
  6 3.707250 -1.458964 24.306309 0.789177 -0.487797 -0.373167 0.304688 0.199219 2 6 0.830285 5 0.169715
  6 0.192999 -2.754683 27.620918 0.000000 -0.799141 0.601143 0.355469 0.144531 2 6 0.978674 5 0.021326
  6 0.192999 -3.333321 24.302818 0.000000 -0.962960 -0.269644 0.304688 0.144531 3 6 0.858699 5 0.140869 3 0.000432
knight
  6 3.303307 -0.880327 27.624413 0.706799 -0.381065 0.596008 0.695312 0.691406 2 6 0.968922 5 0.031078
  6 3.303307 2.031486 27.575886 0.713011 0.424381 0.558136 0.660156 0.667969 2 6 0.998096 5 0.001904
  6 0.192999 0.665868 28.636532 0.000000 0.020458 0.999791 0.652344 0.718750 1 6 1.000000
knight
  6 3.303307 -0.880327 27.624413 0.706799 -0.381065 0.596008 0.695312 0.691406 2 6 0.968922 5 0.031078
  6 0.192999 0.665868 28.636532 0.000000 0.020458 0.999791 0.652344 0.718750 1 6 1.000000
  6 0.192999 -2.754683 27.620918 0.000000 -0.799141 0.601143 0.695312 0.746094 2 6 0.978674 5 0.021326
knight
  3 0.192999 -2.798021 20.476631 -0.000000 -0.912963 0.408043 0.101562 0.566406 4 3 0.815843 5 0.116332 11 0.033939 7 0.033886
  1 2.330220 -3.169393 16.128311 0.093524 -0.995562 0.010422 0.132812 0.628906 4 1 0.449100 2 0.394389 8 0.145599 3 0.010912
  8 5.057237 -2.523530 19.792568 0.414951 -0.697066 0.584735 0.164062 0.570312 2 8 0.550266 7 0.449734
knight
  0 4.219390 -0.324048 10.511501 0.992428 0.016963 -0.121652 0.207031 0.707031 4 0 0.670269 1 0.247274 17 0.071373 8 0.011084
  0 2.330220 2.445822 11.256573 0.382476 0.916444 -0.117656 0.261719 0.695312 2 0 0.521213 1 0.478787
  1 5.063732 1.567758 15.144535 0.815738 0.562222 -0.135934 0.230469 0.640625 3 1 0.404750 7 0.345546 0 0.249703
knight
  8 5.057237 -2.523530 19.792568 0.414951 -0.697066 0.584735 0.164062 0.570312 2 8 0.550266 7 0.449734
  1 2.330220 -3.169393 16.128311 0.093524 -0.995562 0.010422 0.132812 0.628906 4 1 0.449100 2 0.394389 8 0.145599 3 0.010912
  8 4.608927 -2.716671 16.735603 0.199230 -0.953462 -0.226311 0.164062 0.617188 4 8 0.828733 7 0.078537 1 0.061013 2 0.031717
knight
  1 2.330220 -3.169393 16.128311 0.093524 -0.995562 0.010422 0.132812 0.628906 4 1 0.449100 2 0.394389 8 0.145599 3 0.010912
  1 2.330220 -2.900317 11.256573 0.370789 -0.925453 -0.077793 0.140625 0.699219 4 1 0.811907 0 0.147837 17 0.022120 2 0.018136
  8 4.608927 -2.716671 16.735603 0.199230 -0.953462 -0.226311 0.164062 0.617188 4 8 0.828733 7 0.078537 1 0.061013 2 0.031717
knight
  17 3.372499 -2.875322 5.995623 0.498508 -0.866784 0.013220 0.156250 0.777344 4 17 0.683708 0 0.147816 18 0.124487 1 0.043989
  0 0.192999 -2.519311 5.995623 -0.000000 -0.981252 -0.192727 0.101562 0.785156 4 0 0.815127 17 0.133149 1 0.030568 23 0.021155
  18 2.736421 -2.825470 3.113066 0.086314 -0.981194 -0.172648 0.152344 0.824219 3 18 0.677978 17 0.308382 0 0.013640
knight
  1 2.330220 -2.900317 11.256573 0.370789 -0.925453 -0.077793 0.140625 0.699219 4 1 0.811907 0 0.147837 17 0.022120 2 0.018136
  17 3.372499 -2.875322 5.995623 0.498508 -0.866784 0.013220 0.156250 0.777344 4 17 0.683708 0 0.147816 18 0.124487 1 0.043989
  0 4.219390 -0.324048 10.511501 0.992428 0.016963 -0.121652 0.199219 0.710938 4 0 0.670269 1 0.247274 17 0.071373 8 0.011084
knight
  0 0.192999 -2.519311 5.995623 -0.000000 -0.981252 -0.192727 0.101562 0.785156 4 0 0.815127 17 0.133149 1 0.030568 23 0.021155
  17 0.592005 -0.324047 3.113066 -0.747137 0.026042 -0.664159 0.109375 0.828125 2 17 0.875946 18 0.124054
  18 2.736421 -2.825470 3.113066 0.086314 -0.981194 -0.172648 0.152344 0.824219 3 18 0.677978 17 0.308382 0 0.013640
knight
  6 2.187106 -1.593258 27.575062 0.548279 -0.787184 0.282367 0.691406 0.023438 1 6 1.000000
  6 2.157522 -0.499703 27.667778 0.466938 0.820553 0.329640 0.675781 0.023438 1 6 1.000000
  6 1.827529 -1.103576 29.638409 0.000450 -0.003353 0.999994 0.683594 0.050781 1 6 1.000000
knight
  6 2.187106 -1.593258 27.575062 0.548279 -0.787184 0.282367 0.675781 0.152344 1 6 1.000000
  6 1.827529 -1.103576 29.638409 0.000450 -0.003353 0.999994 0.691406 0.175781 1 6 1.000000
  6 1.137953 -1.217765 27.635860 -0.924317 -0.192896 0.329286 0.691406 0.148438 1 6 1.000000
knight
  6 0.192999 2.229535 29.638409 0.000000 0.005943 0.999982 0.972656 0.789062 1 6 1.000000
  6 -0.427263 1.919355 27.668217 -0.862660 -0.381828 0.331699 0.957031 0.812500 1 6 1.000000
  6 0.813261 1.919355 27.668217 0.862660 -0.381828 0.331699 0.972656 0.816406 1 6 1.000000
knight
  1 0.192999 -8.398726 12.869740 0.000000 0.839015 -0.544109 0.664062 0.656250 1 1 1.000000
  1 0.823277 -8.398726 13.562672 0.580045 0.814582 0.002153 0.667969 0.640625 1 1 1.000000
  1 2.160857 -8.642580 13.567963 0.852241 0.523139 0.003240 0.652344 0.628906 1 1 1.000000
knight
  1 0.192999 -8.398726 12.869740 0.000000 0.839015 -0.544109 0.664062 0.656250 1 1 1.000000
  1 2.160857 -8.642580 13.567963 0.852241 0.523139 0.003240 0.652344 0.628906 1 1 1.000000
  1 0.192999 -8.642580 11.637211 0.000000 0.526089 -0.850430 0.652344 0.667969 1 1 1.000000
knight
  1 0.823277 -8.398726 13.562672 0.580045 0.814582 0.002153 0.667969 0.640625 1 1 1.000000
  1 0.192999 -8.398726 14.245106 0.000000 0.836479 0.547999 0.679688 0.640625 1 1 1.000000
  1 0.192999 -8.642580 15.469467 0.000000 0.526412 0.850229 0.691406 0.628906 1 1 1.000000
knight
  1 0.823277 -8.398726 13.562672 0.580045 0.814582 0.002153 0.667969 0.640625 1 1 1.000000
  1 0.192999 -8.642580 15.469467 0.000000 0.526412 0.850229 0.691406 0.628906 1 1 1.000000
  1 2.160857 -8.642580 13.567963 0.852241 0.523139 0.003240 0.652344 0.628906 1 1 1.000000
knight
  1 0.192999 -8.642580 11.637211 0.000000 0.526089 -0.850430 0.386719 0.464844 1 1 1.000000
  1 2.160857 -8.642580 13.567963 0.852241 0.523139 0.003240 0.386719 0.425781 1 1 1.000000
  1 2.160857 -9.063064 13.567963 0.817467 -0.575967 0.003118 0.378906 0.425781 1 1 1.000000
knight
  1 0.192999 -8.642580 11.637211 0.000000 0.526089 -0.850430 0.386719 0.464844 1 1 1.000000
  1 2.160857 -9.063064 13.567963 0.817467 -0.575967 0.003118 0.378906 0.425781 1 1 1.000000
  1 0.192999 -9.063064 11.637211 -0.000000 -0.578379 -0.815768 0.378906 0.464844 1 1 1.000000
knight
  1 2.160857 -8.642580 13.567963 0.852241 0.523139 0.003240 0.386719 0.425781 1 1 1.000000
  1 0.192999 -8.642580 15.469467 0.000000 0.526412 0.850229 0.386719 0.386719 1 1 1.000000
  1 0.192999 -9.063064 15.469467 -0.000000 -0.579197 0.815188 0.378906 0.386719 1 1 1.000000
knight
  1 2.160857 -8.642580 13.567963 0.852241 0.523139 0.003240 0.386719 0.425781 1 1 1.000000
  1 0.192999 -9.063064 15.469467 -0.000000 -0.579197 0.815188 0.378906 0.386719 1 1 1.000000
  1 2.160857 -9.063064 13.567963 0.817467 -0.575967 0.003118 0.378906 0.425781 1 1 1.000000
knight
  24 -2.705225 3.011976 -9.030965 -0.000000 0.822396 0.568915 0.613281 0.175781 2 24 0.946227 23 0.053773
  24 -5.112494 -0.221405 -9.768507 -0.925517 -0.058922 0.374094 0.675781 0.164062 1 24 1.000000
  24 -2.705225 1.251946 -9.208750 -0.005784 0.416041 0.909327 0.632812 0.156250 2 24 0.604780 23 0.395220
knight
  24 -2.705225 1.251946 -9.208750 -0.005784 0.416041 0.909327 0.632812 0.156250 2 24 0.604780 23 0.395220
  23 -1.231874 -0.221405 -9.208750 0.818372 -0.005758 0.574660 0.632812 0.125000 2 23 0.669292 24 0.330708
  24 -0.297956 -0.221405 -9.768507 0.925517 -0.058922 0.374094 0.621094 0.117188 1 24 1.000000
knight
  24 -2.705225 3.011976 -9.030965 -0.000000 0.822396 0.568915 0.613281 0.175781 2 24 0.946227 23 0.053773
  24 -2.705225 1.251946 -9.208750 -0.005784 0.416041 0.909327 0.632812 0.156250 2 24 0.604780 23 0.395220
  24 -0.297956 -0.221405 -9.768507 0.925517 -0.058922 0.374094 0.621094 0.117188 1 24 1.000000
knight
  24 -5.112494 -0.221405 -9.768507 -0.925517 -0.058922 0.374094 0.675781 0.164062 1 24 1.000000
  23 -4.178576 -0.221405 -9.208750 -0.802675 -0.005890 0.596388 0.664062 0.152344 1 23 1.000000
  24 -2.705225 1.251946 -9.208750 -0.005784 0.416041 0.909327 0.632812 0.156250 2 24 0.604780 23 0.395220
knight
  12 -5.855411 -2.298727 18.289680 0.036905 -0.863817 0.502453 0.019531 0.574219 2 12 0.895295 11 0.104705
  12 -4.671239 -2.523529 19.792568 -0.414951 -0.697066 0.584735 0.039062 0.570312 2 12 0.550342 11 0.449658
  12 -6.020553 -0.203846 18.866768 -0.287993 0.207669 0.934844 0.015625 0.539062 2 12 0.801537 11 0.198463
knight
  12 -4.671239 -2.523529 19.792568 -0.414951 -0.697066 0.584735 0.039062 0.570312 2 12 0.550342 11 0.449658
  12 -5.855411 -2.298727 18.289680 0.036905 -0.863817 0.502453 0.019531 0.574219 2 12 0.895295 11 0.104705
  12 -4.222929 -2.716671 16.735603 -0.199230 -0.953462 -0.226311 0.039062 0.617188 4 12 0.828497 11 0.078615 1 0.061140 2 0.031749
knight
  12 -12.495330 -2.285120 10.113506 -0.054707 -0.905933 -0.419873 0.433594 0.789062 2 12 0.916391 13 0.083609
  12 -5.855411 -2.298727 18.289680 0.036905 -0.863817 0.502453 0.398438 0.644531 2 12 0.895295 11 0.104705
  12 -6.300728 -3.123330 18.303074 0.276738 -0.899868 0.337125 0.386719 0.648438 2 12 0.952500 11 0.047500
knight
  13 -13.669757 -0.345444 10.703972 -0.652725 0.217374 0.725740 0.785156 0.453125 2 13 0.505054 12 0.494946
  13 -12.946877 -2.285120 9.654980 0.357260 -0.930154 0.084726 0.746094 0.449219 1 13 1.000000
  12 -12.495330 -2.285120 10.113506 -0.054707 -0.905933 -0.419873 0.746094 0.457031 2 12 0.916391 13 0.083609
knight
  13 -12.946877 -2.285120 9.654980 0.357260 -0.930154 0.084726 0.433594 0.796875 1 13 1.000000
  12 -11.998920 -0.955567 9.065388 0.699921 0.034525 -0.713385 0.457031 0.792969 2 12 0.928014 13 0.071986
  12 -12.495330 -2.285120 10.113506 -0.054707 -0.905933 -0.419873 0.433594 0.789062 2 12 0.916391 13 0.083609
knight
  18 3.091223 -1.694756 -9.208750 0.005606 -0.813910 0.580964 0.824219 0.191406 1 18 1.000000
  18 1.617872 -0.221405 -9.208750 -0.818372 -0.005758 0.574660 0.855469 0.191406 2 18 0.669292 19 0.330708
  19 0.683954 -0.221405 -9.768507 -0.925517 -0.058922 0.374094 0.871094 0.175781 1 19 1.000000
knight
  18 3.091223 -1.694756 -9.208750 0.005606 -0.813910 0.580964 0.824219 0.191406 1 18 1.000000
  19 0.683954 -0.221405 -9.768507 -0.925517 -0.058922 0.374094 0.871094 0.175781 1 19 1.000000
  19 3.091223 -2.398741 -9.693419 0.000000 -0.922606 0.385745 0.812500 0.175781 2 19 0.621790 18 0.378210
knight
  18 2.736421 2.092006 3.113066 0.046223 0.997138 -0.059835 0.250000 0.828125 3 18 0.874635 17 0.094087 0 0.031278
  18 4.900569 -0.324047 3.113066 0.999182 0.040339 0.002730 0.207031 0.824219 2 18 0.964283 17 0.035717
  18 4.564574 -0.221405 -9.208750 0.802675 -0.005890 0.596388 0.203125 0.996094 1 18 1.000000
knight
  18 2.736421 2.092006 3.113066 0.046223 0.997138 -0.059835 0.250000 0.828125 3 18 0.874635 17 0.094087 0 0.031278
  18 4.564574 -0.221405 -9.208750 0.802675 -0.005890 0.596388 0.203125 0.996094 1 18 1.000000
  19 3.091223 1.251945 -9.208750 0.005784 0.416041 0.909327 0.246094 0.996094 2 19 0.605343 18 0.394657
knight
  18 2.736421 -2.825470 3.113066 0.086314 -0.981194 -0.172648 0.152344 0.824219 3 18 0.677978 17 0.308382 0 0.013640
  17 0.592005 -0.324047 3.113066 -0.747137 0.026042 -0.664159 0.109375 0.828125 2 17 0.875946 18 0.124054
  18 1.617872 -0.221405 -9.208750 -0.818372 -0.005758 0.574660 0.113281 0.996094 2 18 0.669292 19 0.330708
knight
  18 2.736421 -2.825470 3.113066 0.086314 -0.981194 -0.172648 0.152344 0.824219 3 18 0.677978 17 0.308382 0 0.013640
  18 1.617872 -0.221405 -9.208750 -0.818372 -0.005758 0.574660 0.113281 0.996094 2 18 0.669292 19 0.330708
  18 3.091223 -1.694756 -9.208750 0.005606 -0.813910 0.580964 0.152344 0.996094 1 18 1.000000
knight
  17 0.592005 -0.324047 3.113066 -0.747137 0.026042 -0.664159 0.289062 0.835938 2 17 0.875946 18 0.124054
  18 2.736421 2.092006 3.113066 0.046223 0.997138 -0.059835 0.250000 0.828125 3 18 0.874635 17 0.094087 0 0.031278
  19 3.091223 1.251945 -9.208750 0.005784 0.416041 0.909327 0.246094 0.996094 2 19 0.605343 18 0.394657
knight
  17 0.592005 -0.324047 3.113066 -0.747137 0.026042 -0.664159 0.289062 0.835938 2 17 0.875946 18 0.124054
  19 3.091223 1.251945 -9.208750 0.005784 0.416041 0.909327 0.246094 0.996094 2 19 0.605343 18 0.394657
  18 1.617872 -0.221405 -9.208750 -0.818372 -0.005758 0.574660 0.289062 0.996094 2 18 0.669292 19 0.330708
knight
  18 4.900569 -0.324047 3.113066 0.999182 0.040339 0.002730 0.199219 0.828125 2 18 0.964283 17 0.035717
  18 2.736421 -2.825470 3.113066 0.086314 -0.981194 -0.172648 0.152344 0.824219 3 18 0.677978 17 0.308382 0 0.013640
  18 3.091223 -1.694756 -9.208750 0.005606 -0.813910 0.580964 0.152344 0.996094 1 18 1.000000
knight
  18 4.900569 -0.324047 3.113066 0.999182 0.040339 0.002730 0.199219 0.828125 2 18 0.964283 17 0.035717
  18 3.091223 -1.694756 -9.208750 0.005606 -0.813910 0.580964 0.152344 0.996094 1 18 1.000000
  18 4.564574 -0.221405 -9.208750 0.802675 -0.005890 0.596388 0.199219 0.992188 1 18 1.000000
knight
  19 5.498492 -0.221405 -9.768507 0.925517 -0.058922 0.374094 0.515625 0.625000 1 19 1.000000
  19 3.091223 -2.398741 -9.693419 0.000000 -0.922606 0.385745 0.562500 0.625000 2 19 0.621790 18 0.378210
  19 3.091223 -1.660085 -20.403933 0.000000 -0.993369 0.114973 0.546875 0.468750 2 19 0.978053 20 0.021947
knight
  19 5.498492 -0.221405 -9.768507 0.925517 -0.058922 0.374094 0.515625 0.625000 1 19 1.000000
  19 3.091223 -1.660085 -20.403933 0.000000 -0.993369 0.114973 0.546875 0.468750 2 19 0.978053 20 0.021947
  19 4.529902 -0.221405 -20.403933 0.998784 -0.005361 0.049003 0.515625 0.468750 2 19 0.892863 20 0.107137
knight
  18 4.564574 -0.221405 -9.208750 0.802675 -0.005890 0.596388 0.820312 0.222656 1 18 1.000000
  18 3.091223 -1.694756 -9.208750 0.005606 -0.813910 0.580964 0.824219 0.191406 1 18 1.000000
  19 3.091223 -2.398741 -9.693419 0.000000 -0.922606 0.385745 0.812500 0.175781 2 19 0.621790 18 0.378210
knight
  18 4.564574 -0.221405 -9.208750 0.802675 -0.005890 0.596388 0.820312 0.222656 1 18 1.000000
  19 3.091223 -2.398741 -9.693419 0.000000 -0.922606 0.385745 0.812500 0.175781 2 19 0.621790 18 0.378210
  19 5.498492 -0.221405 -9.768507 0.925517 -0.058922 0.374094 0.804688 0.238281 1 19 1.000000
knight
  19 4.529902 -0.221405 -20.403933 0.998784 -0.005361 0.049003 0.515625 0.468750 2 19 0.892863 20 0.107137
  20 5.158149 -0.617880 -24.215221 0.847821 -0.164758 -0.504037 0.519531 0.414062 2 20 0.584112 22 0.415888
  20 3.091223 1.482056 -21.792528 -0.000000 0.801435 0.598082 0.484375 0.449219 2 20 0.866257 22 0.133743
knight
  19 3.091223 -2.398741 -9.693419 0.000000 -0.922606 0.385745 0.378906 0.328125 2 19 0.621790 18 0.378210
  19 0.683954 -0.221405 -9.768507 -0.925517 -0.058922 0.374094 0.332031 0.328125 1 19 1.000000
  19 1.652543 -0.221405 -20.403933 -0.998784 -0.005361 0.049003 0.332031 0.480469 2 19 0.620703 20 0.379297
knight
  19 3.091223 -2.398741 -9.693419 0.000000 -0.922606 0.385745 0.378906 0.328125 2 19 0.621790 18 0.378210
  19 1.652543 -0.221405 -20.403933 -0.998784 -0.005361 0.049003 0.332031 0.480469 2 19 0.620703 20 0.379297
  19 3.091223 -1.660085 -20.403933 0.000000 -0.993369 0.114973 0.363281 0.480469 2 19 0.978053 20 0.021947
knight
  20 5.158149 -0.617880 -24.215221 0.847821 -0.164758 -0.504037 0.800781 0.671875 2 20 0.584112 22 0.415888
  20 3.091223 -2.918817 -24.215221 -0.000000 -0.889529 -0.456879 0.765625 0.644531 2 20 0.669961 22 0.330039
  20 1.024297 -0.617880 -24.215221 -0.847821 -0.164758 -0.504037 0.742188 0.679688 2 20 0.584056 22 0.415944
knight
  19 3.091223 -1.660085 -20.403933 0.000000 -0.993369 0.114973 0.363281 0.480469 2 19 0.978053 20 0.021947
  19 1.652543 -0.221405 -20.403933 -0.998784 -0.005361 0.049003 0.332031 0.480469 2 19 0.620703 20 0.379297
  20 1.024297 -0.617880 -24.215221 -0.847821 -0.164758 -0.504037 0.335938 0.539062 2 20 0.584056 22 0.415944
knight
  19 3.091223 -1.660085 -20.403933 0.000000 -0.993369 0.114973 0.363281 0.480469 2 19 0.978053 20 0.021947
  20 1.024297 -0.617880 -24.215221 -0.847821 -0.164758 -0.504037 0.335938 0.539062 2 20 0.584056 22 0.415944
  20 3.091223 -2.918817 -24.215221 -0.000000 -0.889529 -0.456879 0.378906 0.535156 2 20 0.669961 22 0.330039
knight
  19 1.652543 -0.221405 -20.403933 -0.998784 -0.005361 0.049003 0.332031 0.480469 2 19 0.620703 20 0.379297
  19 3.091223 1.217274 -20.403933 0.000000 0.999328 0.036646 0.300781 0.480469 2 19 0.848063 20 0.151937
  20 3.091223 1.482056 -21.792528 -0.000000 0.801435 0.598082 0.300781 0.500000 2 20 0.866257 22 0.133743
knight
  19 4.529902 -0.221405 -20.403933 0.998784 -0.005361 0.049003 0.515625 0.468750 2 19 0.892863 20 0.107137
  19 3.091223 -1.660085 -20.403933 0.000000 -0.993369 0.114973 0.546875 0.468750 2 19 0.978053 20 0.021947
  20 3.091223 -2.918817 -24.215221 -0.000000 -0.889529 -0.456879 0.562500 0.417969 2 20 0.669961 22 0.330039
knight
  19 4.529902 -0.221405 -20.403933 0.998784 -0.005361 0.049003 0.515625 0.468750 2 19 0.892863 20 0.107137
  20 3.091223 -2.918817 -24.215221 -0.000000 -0.889529 -0.456879 0.562500 0.417969 2 20 0.669961 22 0.330039
  20 5.158149 -0.617880 -24.215221 0.847821 -0.164758 -0.504037 0.519531 0.414062 2 20 0.584112 22 0.415888
knight
  20 5.158149 -0.617880 -24.215221 0.847821 -0.164758 -0.504037 0.800781 0.671875 2 20 0.584112 22 0.415888
  20 1.024297 -0.617880 -24.215221 -0.847821 -0.164758 -0.504037 0.742188 0.679688 2 20 0.584056 22 0.415944
  22 1.541377 2.750124 -24.215221 -0.877226 0.188024 -0.441726 0.757812 0.726562 2 22 0.897718 20 0.102282
knight
  20 5.158149 -0.617880 -24.215221 0.847821 -0.164758 -0.504037 0.800781 0.671875 2 20 0.584112 22 0.415888
  22 1.541377 2.750124 -24.215221 -0.877226 0.188024 -0.441726 0.757812 0.726562 2 22 0.897718 20 0.102282
  22 4.641068 2.750124 -24.215221 0.877226 0.188024 -0.441726 0.800781 0.718750 2 22 0.905170 20 0.094830
knight
  22 3.091223 8.800994 -24.184675 0.000000 0.994663 -0.103177 0.792969 0.808594 1 22 1.000000
  22 4.641068 2.750124 -24.215221 0.877226 0.188024 -0.441726 0.800781 0.718750 2 22 0.905170 20 0.094830
  22 1.541377 2.750124 -24.215221 -0.877226 0.188024 -0.441726 0.757812 0.726562 2 22 0.897718 20 0.102282
knight
  20 3.091223 1.482056 -21.792528 -0.000000 0.801435 0.598082 0.300781 0.500000 2 20 0.866257 22 0.133743
  22 3.091223 8.800994 -24.184675 0.000000 0.994663 -0.103177 0.203125 0.542969 1 22 1.000000
  22 1.541377 2.750124 -24.215221 -0.877226 0.188024 -0.441726 0.289062 0.542969 2 22 0.897718 20 0.102282
knight
  20 3.091223 1.482056 -21.792528 -0.000000 0.801435 0.598082 0.484375 0.449219 2 20 0.866257 22 0.133743
  20 5.158149 -0.617880 -24.215221 0.847821 -0.164758 -0.504037 0.519531 0.414062 2 20 0.584112 22 0.415888
  22 4.641068 2.750124 -24.215221 0.877226 0.188024 -0.441726 0.472656 0.410156 2 22 0.905170 20 0.094830
knight
  20 1.024297 -0.617880 -24.215221 -0.847821 -0.164758 -0.504037 0.335938 0.539062 2 20 0.584056 22 0.415944
  20 3.091223 1.482056 -21.792528 -0.000000 0.801435 0.598082 0.300781 0.500000 2 20 0.866257 22 0.133743
  22 1.541377 2.750124 -24.215221 -0.877226 0.188024 -0.441726 0.289062 0.542969 2 22 0.897718 20 0.102282
knight
  22 3.091223 8.800994 -24.184675 0.000000 0.994663 -0.103177 0.386719 0.406250 1 22 1.000000
  20 3.091223 1.482056 -21.792528 -0.000000 0.801435 0.598082 0.484375 0.449219 2 20 0.866257 22 0.133743
  22 4.641068 2.750124 -24.215221 0.877226 0.188024 -0.441726 0.472656 0.410156 2 22 0.905170 20 0.094830
knight
  19 3.091223 1.217274 -20.403933 0.000000 0.999328 0.036646 0.488281 0.468750 2 19 0.848063 20 0.151937
  19 4.529902 -0.221405 -20.403933 0.998784 -0.005361 0.049003 0.515625 0.468750 2 19 0.892863 20 0.107137
  20 3.091223 1.482056 -21.792528 -0.000000 0.801435 0.598082 0.484375 0.449219 2 20 0.866257 22 0.133743
knight
  20 1.024297 -0.617880 -24.215221 -0.847821 -0.164758 -0.504037 0.335938 0.539062 2 20 0.584056 22 0.415944
  19 1.652543 -0.221405 -20.403933 -0.998784 -0.005361 0.049003 0.332031 0.480469 2 19 0.620703 20 0.379297
  20 3.091223 1.482056 -21.792528 -0.000000 0.801435 0.598082 0.300781 0.500000 2 20 0.866257 22 0.133743
knight
  8 4.608927 -2.716671 16.735603 0.199230 -0.953462 -0.226311 0.164062 0.617188 4 8 0.828733 7 0.078537 1 0.061013 2 0.031717
  0 4.219390 -0.324048 10.511501 0.992428 0.016963 -0.121652 0.199219 0.710938 4 0 0.670269 1 0.247274 17 0.071373 8 0.011084
  7 5.515986 -0.019307 16.694550 0.994548 0.017697 -0.102770 0.203125 0.613281 4 7 0.521269 8 0.377617 1 0.078180 0 0.022934
knight
  7 4.968717 1.440047 18.113667 0.336785 0.907418 0.251331 0.609375 0.996094 1 7 1.000000
  8 12.553505 1.470453 10.762360 0.079498 0.967555 -0.239827 0.609375 0.847656 2 8 0.919214 9 0.080786
  8 13.027174 0.703348 9.749199 -0.287282 0.926468 -0.243158 0.597656 0.832031 2 8 0.814254 9 0.185746
knight
  7 4.968717 1.440047 18.113667 0.336785 0.907418 0.251331 0.910156 0.246094 1 7 1.000000
  8 6.406550 -0.203847 18.866768 0.287993 0.207669 0.934844 0.875000 0.246094 2 8 0.800395 7 0.199605
  8 7.518334 -0.321946 19.010284 0.429375 0.161599 0.888551 0.867188 0.261719 1 8 1.000000
knight
  8 3.945689 0.112992 17.180454 -0.643634 0.252852 -0.722358 0.582031 0.996706 1 8 1.000000
  7 4.968717 1.440047 18.113667 0.336785 0.907418 0.251331 0.609375 0.996094 1 7 1.000000
  8 13.027174 0.703348 9.749199 -0.287282 0.926468 -0.243158 0.597656 0.832031 2 8 0.814254 9 0.185746
knight
  8 3.945689 0.112992 17.180454 -0.643634 0.252852 -0.722358 0.582031 0.996706 1 8 1.000000
  8 13.027174 0.703348 9.749199 -0.287282 0.926468 -0.243158 0.597656 0.832031 2 8 0.814254 9 0.185746
  8 12.384918 -0.955568 9.065388 -0.699921 0.034525 -0.713385 0.570312 0.832031 2 8 0.597301 9 0.402699
knight
  8 3.945689 0.112992 17.180454 -0.643634 0.252852 -0.722358 0.582031 0.996706 1 8 1.000000
  8 12.384918 -0.955568 9.065388 -0.699921 0.034525 -0.713385 0.570312 0.832031 2 8 0.597301 9 0.402699
  8 12.881328 -2.285120 10.113506 0.054706 -0.905933 -0.419872 0.546875 0.835938 2 8 0.847800 9 0.152200
knight
  8 3.945689 0.112992 17.180454 -0.643634 0.252852 -0.722358 0.582031 0.996706 1 8 1.000000
  8 12.881328 -2.285120 10.113506 0.054706 -0.905933 -0.419872 0.546875 0.835938 2 8 0.847800 9 0.152200
  8 4.608927 -2.716671 16.735603 0.199230 -0.953462 -0.226311 0.542969 0.992188 4 8 0.828733 7 0.078537 1 0.061013 2 0.031717
knight
  8 12.384918 -0.955568 9.065388 -0.699921 0.034525 -0.713385 0.570312 0.832031 2 8 0.597301 9 0.402699
  8 13.027174 0.703348 9.749199 -0.287282 0.926468 -0.243158 0.597656 0.832031 2 8 0.814254 9 0.185746
  9 22.825027 1.453518 -0.792042 -0.687135 0.517660 0.509777 0.609375 0.628906 1 9 1.000000
knight
  8 12.384918 -0.955568 9.065388 -0.699921 0.034525 -0.713385 0.570312 0.832031 2 8 0.597301 9 0.402699
  9 22.825027 1.453518 -0.792042 -0.687135 0.517660 0.509777 0.609375 0.628906 1 9 1.000000
  9 21.742159 0.041162 -1.149675 -0.975150 -0.016880 -0.220901 0.585938 0.632812 2 9 0.793778 10 0.206222
knight
  8 12.384918 -0.955568 9.065388 -0.699921 0.034525 -0.713385 0.570312 0.832031 2 8 0.597301 9 0.402699
  9 21.742159 0.041162 -1.149675 -0.975150 -0.016880 -0.220901 0.585938 0.632812 2 9 0.793778 10 0.206222
  9 22.838926 -1.311995 -0.805769 -0.649292 -0.554310 0.520731 0.562500 0.625000 1 9 1.000000
knight
  8 12.384918 -0.955568 9.065388 -0.699921 0.034525 -0.713385 0.570312 0.832031 2 8 0.597301 9 0.402699
  9 22.838926 -1.311995 -0.805769 -0.649292 -0.554310 0.520731 0.562500 0.625000 1 9 1.000000
  9 13.332874 -2.285120 9.654980 -0.357261 -0.930154 0.084726 0.546875 0.828125 1 9 1.000000
knight
  9 21.742159 0.041162 -1.149675 -0.975150 -0.016880 -0.220901 0.406250 0.171875 2 9 0.793778 10 0.206222
  10 21.673279 0.037957 -2.474188 -0.909787 -0.000775 -0.415074 0.394531 0.164062 1 10 1.000000
  10 22.536758 -2.228119 -1.719551 -0.711340 -0.701791 -0.038529 0.386719 0.199219 1 10 1.000000
knight
  9 24.190722 0.048157 0.411602 -0.552299 0.024997 0.833271 0.441406 0.195312 2 9 0.797556 10 0.202444
  10 23.749601 -2.229671 0.320473 -0.242424 -0.656071 0.714704 0.417969 0.218750 1 10 1.000000
  10 24.712181 0.035645 1.619184 0.072002 -0.003632 0.997398 0.457031 0.207031 1 10 1.000000
knight
  9 24.190722 0.048157 0.411602 -0.552299 0.024997 0.833271 0.441406 0.195312 2 9 0.797556 10 0.202444
  10 23.699751 2.364330 0.314194 -0.249525 0.648522 0.719136 0.457031 0.164062 1 10 1.000000
  9 22.825027 1.453518 -0.792042 -0.687135 0.517660 0.509777 0.429688 0.164062 1 9 1.000000
knight
  9 21.742159 0.041162 -1.149675 -0.975150 -0.016880 -0.220901 0.406250 0.171875 2 9 0.793778 10 0.206222
  9 22.825027 1.453518 -0.792042 -0.687135 0.517660 0.509777 0.429688 0.164062 1 9 1.000000
  10 22.544930 2.365877 -1.672121 -0.715259 0.697814 -0.038211 0.429688 0.144531 1 10 1.000000
knight
  10 23.699751 2.364330 0.314194 -0.249525 0.648522 0.719136 0.457031 0.164062 1 10 1.000000
  10 22.544930 2.365877 -1.672121 -0.715259 0.697814 -0.038211 0.429688 0.144531 1 10 1.000000
  9 22.825027 1.453518 -0.792042 -0.687135 0.517660 0.509777 0.429688 0.164062 1 9 1.000000
knight
  9 22.838926 -1.311995 -0.805769 -0.649292 -0.554310 0.520731 0.410156 0.195312 1 9 1.000000
  10 22.536758 -2.228119 -1.719551 -0.711340 -0.701791 -0.038529 0.386719 0.199219 1 10 1.000000
  10 23.749601 -2.229671 0.320473 -0.242424 -0.656071 0.714704 0.417969 0.218750 1 10 1.000000
knight
  10 23.749601 -2.229671 0.320473 -0.242424 -0.656071 0.714704 0.707031 0.995847 1 10 1.000000
  10 25.847422 -1.783390 -1.302750 0.744973 -0.595367 0.300921 0.703125 0.964844 1 10 1.000000
  10 24.712181 0.035645 1.619184 0.072002 -0.003632 0.997398 0.667969 0.996094 1 10 1.000000
knight
  10 23.699751 2.364330 0.314194 -0.249525 0.648522 0.719136 0.636719 0.976562 1 10 1.000000
  10 24.312048 2.903584 -2.683527 -0.033403 0.909749 -0.413814 0.632812 0.933594 2 10 0.999769 15 0.000231
  10 22.544930 2.365877 -1.672121 -0.715259 0.697814 -0.038211 0.613281 0.953125 1 10 1.000000
knight
  10 24.712181 0.035645 1.619184 0.072002 -0.003632 0.997398 0.667969 0.996094 1 10 1.000000
  10 25.807140 1.928661 -1.307819 0.740661 0.598160 0.305984 0.660156 0.949219 2 10 0.979550 15 0.020450
  10 23.699751 2.364330 0.314194 -0.249525 0.648522 0.719136 0.636719 0.976562 1 10 1.000000
knight
  10 23.749601 -2.229671 0.320473 -0.242424 -0.656071 0.714704 0.707031 0.995847 1 10 1.000000
  10 22.536758 -2.228119 -1.719551 -0.711340 -0.701791 -0.038529 0.742188 0.992188 1 10 1.000000
  10 24.301981 -2.757984 -2.741978 -0.036672 -0.903997 -0.425964 0.734375 0.964844 1 10 1.000000
knight
  10 21.673279 0.037957 -2.474188 -0.909787 -0.000775 -0.415074 0.359375 0.140625 1 10 1.000000
  10 22.544930 2.365877 -1.672121 -0.715259 0.697814 -0.038211 0.359375 0.175781 1 10 1.000000
  10 24.312048 2.903584 -2.683527 -0.033403 0.909749 -0.413814 0.386719 0.191406 2 10 0.999769 15 0.000231
knight
  10 21.673279 0.037957 -2.474188 -0.909787 -0.000775 -0.415074 0.359375 0.140625 1 10 1.000000
  10 24.312048 2.903584 -2.683527 -0.033403 0.909749 -0.413814 0.386719 0.191406 2 10 0.999769 15 0.000231
  10 23.036053 0.041921 -3.864565 -0.275239 0.002951 -0.961371 0.386719 0.136719 2 10 0.915946 15 0.084054
knight
  10 22.536758 -2.228119 -1.719551 -0.711340 -0.701791 -0.038529 0.359375 0.101562 1 10 1.000000
  10 21.673279 0.037957 -2.474188 -0.909787 -0.000775 -0.415074 0.359375 0.140625 1 10 1.000000
  10 23.036053 0.041921 -3.864565 -0.275239 0.002951 -0.961371 0.386719 0.136719 2 10 0.915946 15 0.084054
knight
  10 22.536758 -2.228119 -1.719551 -0.711340 -0.701791 -0.038529 0.359375 0.101562 1 10 1.000000
  10 23.036053 0.041921 -3.864565 -0.275239 0.002951 -0.961371 0.386719 0.136719 2 10 0.915946 15 0.084054
  10 24.301981 -2.757984 -2.741978 -0.036672 -0.903997 -0.425964 0.386719 0.089844 1 10 1.000000
knight
  10 24.772259 0.063921 -3.246174 -0.291329 0.011018 -0.956559 0.128906 0.285156 1 10 1.000000
  10 33.104362 0.087994 -11.722609 0.667585 0.002061 -0.744531 0.167969 0.125000 1 10 1.000000
  10 26.236876 -1.257706 -4.697922 -0.073524 -0.786148 -0.613649 0.117188 0.250000 1 10 1.000000
knight
  10 25.807140 1.928661 -1.307819 0.740661 0.598160 0.305984 0.660156 0.949219 2 10 0.979550 15 0.020450
  10 27.158195 0.047270 -3.785723 0.940214 -0.010929 0.340409 0.695312 0.917969 1 10 1.000000
  10 26.241627 1.414546 -4.670334 -0.058576 0.796057 -0.602381 0.667969 0.902344 1 10 1.000000
knight
  10 23.036053 0.041921 -3.864565 -0.275239 0.002951 -0.961371 0.121094 0.312500 2 10 0.915946 15 0.084054
  10 24.312048 2.903584 -2.683527 -0.033403 0.909749 -0.413814 0.167969 0.304688 2 10 0.999769 15 0.000231
  10 24.772259 0.063921 -3.246174 -0.291329 0.011018 -0.956559 0.128906 0.285156 1 10 1.000000
knight
  10 24.772259 0.063921 -3.246174 -0.291329 0.011018 -0.956559 0.128906 0.285156 1 10 1.000000
  10 26.241627 1.414546 -4.670334 -0.058576 0.796057 -0.602381 0.152344 0.261719 1 10 1.000000
  10 33.104362 0.087994 -11.722609 0.667585 0.002061 -0.744531 0.167969 0.125000 1 10 1.000000
knight
  10 24.301981 -2.757984 -2.741978 -0.036672 -0.903997 -0.425964 0.085938 0.281250 1 10 1.000000
  10 23.036053 0.041921 -3.864565 -0.275239 0.002951 -0.961371 0.121094 0.312500 2 10 0.915946 15 0.084054
  10 24.772259 0.063921 -3.246174 -0.291329 0.011018 -0.956559 0.128906 0.285156 1 10 1.000000
knight
  10 25.807140 1.928661 -1.307819 0.740661 0.598160 0.305984 0.660156 0.949219 2 10 0.979550 15 0.020450
  10 26.241627 1.414546 -4.670334 -0.058576 0.796057 -0.602381 0.667969 0.902344 1 10 1.000000
  10 24.312048 2.903584 -2.683527 -0.033403 0.909749 -0.413814 0.632812 0.933594 2 10 0.999769 15 0.000231
knight
  10 27.158195 0.047270 -3.785723 0.940214 -0.010929 0.340409 0.695312 0.917969 1 10 1.000000
  10 33.104362 0.087994 -11.722609 0.667585 0.002061 -0.744531 0.742188 0.773438 1 10 1.000000
  10 26.241627 1.414546 -4.670334 -0.058576 0.796057 -0.602381 0.667969 0.902344 1 10 1.000000
knight
  10 26.236876 -1.257706 -4.697922 -0.073524 -0.786148 -0.613649 0.722656 0.921875 1 10 1.000000
  10 33.104362 0.087994 -11.722609 0.667585 0.002061 -0.744531 0.742188 0.773438 1 10 1.000000
  10 27.158195 0.047270 -3.785723 0.940214 -0.010929 0.340409 0.695312 0.917969 1 10 1.000000
knight
  10 25.847422 -1.783390 -1.302750 0.744973 -0.595367 0.300921 0.703125 0.964844 1 10 1.000000
  10 24.301981 -2.757984 -2.741978 -0.036672 -0.903997 -0.425964 0.734375 0.964844 1 10 1.000000
  10 26.236876 -1.257706 -4.697922 -0.073524 -0.786148 -0.613649 0.722656 0.921875 1 10 1.000000
knight
  10 25.847422 -1.783390 -1.302750 0.744973 -0.595367 0.300921 0.703125 0.964844 1 10 1.000000
  10 26.236876 -1.257706 -4.697922 -0.073524 -0.786148 -0.613649 0.722656 0.921875 1 10 1.000000
  10 27.158195 0.047270 -3.785723 0.940214 -0.010929 0.340409 0.695312 0.917969 1 10 1.000000
knight
  10 25.847422 -1.783390 -1.302750 0.744973 -0.595367 0.300921 0.703125 0.964844 1 10 1.000000
  10 27.158195 0.047270 -3.785723 0.940214 -0.010929 0.340409 0.695312 0.917969 1 10 1.000000
  10 24.712181 0.035645 1.619184 0.072002 -0.003632 0.997398 0.667969 0.996094 1 10 1.000000
knight
  10 25.807140 1.928661 -1.307819 0.740661 0.598160 0.305984 0.660156 0.949219 2 10 0.979550 15 0.020450
  10 24.312048 2.903584 -2.683527 -0.033403 0.909749 -0.413814 0.632812 0.933594 2 10 0.999769 15 0.000231
  10 23.699751 2.364330 0.314194 -0.249525 0.648522 0.719136 0.636719 0.976562 1 10 1.000000
knight
  10 24.712181 0.035645 1.619184 0.072002 -0.003632 0.997398 0.667969 0.996094 1 10 1.000000
  10 27.158195 0.047270 -3.785723 0.940214 -0.010929 0.340409 0.695312 0.917969 1 10 1.000000
  10 25.807140 1.928661 -1.307819 0.740661 0.598160 0.305984 0.660156 0.949219 2 10 0.979550 15 0.020450
knight
  10 25.847422 -1.783390 -1.302750 0.744973 -0.595367 0.300921 0.703125 0.964844 1 10 1.000000
  10 23.749601 -2.229671 0.320473 -0.242424 -0.656071 0.714704 0.707031 0.995847 1 10 1.000000
  10 24.301981 -2.757984 -2.741978 -0.036672 -0.903997 -0.425964 0.734375 0.964844 1 10 1.000000
knight
  10 24.312048 2.903584 -2.683527 -0.033403 0.909749 -0.413814 0.167969 0.304688 2 10 0.999769 15 0.000231
  10 26.241627 1.414546 -4.670334 -0.058576 0.796057 -0.602381 0.152344 0.261719 1 10 1.000000
  10 24.772259 0.063921 -3.246174 -0.291329 0.011018 -0.956559 0.128906 0.285156 1 10 1.000000
knight
  10 24.301981 -2.757984 -2.741978 -0.036672 -0.903997 -0.425964 0.085938 0.281250 1 10 1.000000
  10 24.772259 0.063921 -3.246174 -0.291329 0.011018 -0.956559 0.128906 0.285156 1 10 1.000000
  10 26.236876 -1.257706 -4.697922 -0.073524 -0.786148 -0.613649 0.117188 0.250000 1 10 1.000000
knight
  10 24.592581 0.040254 -0.752644 -0.532678 0.029024 0.845820 0.562500 0.222656 1 10 1.000000
  10 25.316187 -0.800499 -1.314247 0.398758 -0.916734 -0.024314 0.546875 0.222656 1 10 1.000000
  10 27.424545 0.054410 1.030378 0.732661 0.007183 0.680555 0.550781 0.269531 1 10 1.000000
knight
  10 25.312212 0.862576 -1.371208 0.407359 0.911818 -0.051456 0.718750 0.058594 1 10 1.000000
  10 27.424545 0.054410 1.030378 0.732661 0.007183 0.680555 0.718750 0.011719 1 10 1.000000
  10 25.316187 -0.800499 -1.314247 0.398758 -0.916734 -0.024314 0.695312 0.054688 1 10 1.000000
knight
  10 24.592581 0.040254 -0.752644 -0.532678 0.029024 0.845820 0.433594 0.054688 1 10 1.000000
  10 27.424545 0.054410 1.030378 0.732661 0.007183 0.680555 0.433594 0.007812 1 10 1.000000
  10 25.312212 0.862576 -1.371208 0.407359 0.911818 -0.051456 0.417969 0.050781 1 10 1.000000
knight
  10 24.352646 1.256254 -0.977343 -0.572273 0.153014 0.805661 0.980469 0.531250 1 10 1.000000
  10 25.423418 0.650461 -1.218040 0.752679 -0.588250 0.295696 0.996094 0.531250 1 10 1.000000
  10 26.684572 3.046815 0.338999 0.601263 0.572110 0.557829 0.996094 0.488281 1 10 1.000000
knight
  10 24.705938 1.968653 -1.934830 -0.003881 0.904868 -0.425675 0.242188 0.015625 1 10 1.000000
  10 26.684572 3.046815 0.338999 0.601263 0.572110 0.557829 0.265625 0.054688 1 10 1.000000
  10 25.423418 0.650461 -1.218040 0.752679 -0.588250 0.295696 0.265625 0.011719 1 10 1.000000
knight
  10 24.352646 1.256254 -0.977343 -0.572273 0.153014 0.805661 0.515625 0.050781 1 10 1.000000
  10 26.684572 3.046815 0.338999 0.601263 0.572110 0.557829 0.515625 0.003906 1 10 1.000000
  10 24.705938 1.968653 -1.934830 -0.003881 0.904868 -0.425675 0.496094 0.046875 1 10 1.000000
knight
  10 24.367851 -1.096350 -0.958303 -0.541932 -0.086475 0.835962 0.011719 0.042969 1 10 1.000000
  10 24.733654 -1.864246 -1.851315 0.001209 -0.915479 -0.402364 0.027344 0.046875 1 10 1.000000
  10 26.724722 -2.846082 0.388594 0.610305 -0.551693 0.568474 0.027344 0.003906 1 10 1.000000
knight
  10 25.410954 -0.456715 -1.277012 0.750632 0.602213 0.271828 0.773438 0.019531 1 10 1.000000
  10 26.724722 -2.846082 0.388594 0.610305 -0.551693 0.568474 0.796875 0.058594 1 10 1.000000
  10 24.733654 -1.864246 -1.851315 0.001209 -0.915479 -0.402364 0.796875 0.015625 1 10 1.000000
knight
  10 24.367851 -1.096350 -0.958303 -0.541932 -0.086475 0.835962 0.203125 0.050781 1 10 1.000000
  10 26.724722 -2.846082 0.388594 0.610305 -0.551693 0.568474 0.203125 0.003906 1 10 1.000000
  10 25.410954 -0.456715 -1.277012 0.750632 0.602213 0.271828 0.183594 0.046875 1 10 1.000000
knight
  10 24.712181 0.035645 1.619184 0.072002 -0.003632 0.997398 0.457031 0.207031 1 10 1.000000
  10 23.699751 2.364330 0.314194 -0.249525 0.648522 0.719136 0.457031 0.164062 1 10 1.000000
  9 24.190722 0.048157 0.411602 -0.552299 0.024997 0.833271 0.441406 0.195312 2 9 0.797556 10 0.202444
knight
  9 22.838926 -1.311995 -0.805769 -0.649292 -0.554310 0.520731 0.410156 0.195312 1 9 1.000000
  10 23.749601 -2.229671 0.320473 -0.242424 -0.656071 0.714704 0.417969 0.218750 1 10 1.000000
  9 24.190722 0.048157 0.411602 -0.552299 0.024997 0.833271 0.441406 0.195312 2 9 0.797556 10 0.202444
knight
  10 21.673279 0.037957 -2.474188 -0.909787 -0.000775 -0.415074 0.394531 0.164062 1 10 1.000000
  9 21.742159 0.041162 -1.149675 -0.975150 -0.016880 -0.220901 0.406250 0.171875 2 9 0.793778 10 0.206222
  10 22.544930 2.365877 -1.672121 -0.715259 0.697814 -0.038211 0.429688 0.144531 1 10 1.000000
knight
  9 22.838926 -1.311995 -0.805769 -0.649292 -0.554310 0.520731 0.410156 0.195312 1 9 1.000000
  9 21.742159 0.041162 -1.149675 -0.975150 -0.016880 -0.220901 0.406250 0.171875 2 9 0.793778 10 0.206222
  10 22.536758 -2.228119 -1.719551 -0.711340 -0.701791 -0.038529 0.386719 0.199219 1 10 1.000000
knight
  7 2.632474 -0.221406 20.992950 0.596110 0.206012 0.776023 0.789062 0.242188 4 7 0.642890 5 0.175151 8 0.103194 3 0.078765
  3 0.192999 2.285798 19.932285 0.000000 0.917394 0.397980 0.800781 0.199219 4 3 0.792749 4 0.102158 1 0.077059 11 0.028034
  4 0.192999 1.936301 21.858112 0.000000 0.999818 -0.019070 0.773438 0.199219 4 4 0.653163 6 0.133160 3 0.113375 5 0.100302
knight
  7 2.632474 -0.221406 20.992950 0.596110 0.206012 0.776023 0.789062 0.242188 4 7 0.642890 5 0.175151 8 0.103194 3 0.078765
  4 0.192999 1.936301 21.858112 0.000000 0.999818 -0.019070 0.773438 0.199219 4 4 0.653163 6 0.133160 3 0.113375 5 0.100302
  5 2.233983 -0.327191 21.858112 0.998860 -0.045079 0.015681 0.773438 0.242188 4 5 0.605673 7 0.215778 6 0.124355 4 0.054194
knight
  7 2.632474 -0.221406 20.992950 0.596110 0.206012 0.776023 0.574219 0.175781 4 7 0.642890 5 0.175151 8 0.103194 3 0.078765
  5 2.233983 -0.327191 21.858112 0.998860 -0.045079 0.015681 0.585938 0.175781 4 5 0.605673 7 0.215778 6 0.124355 4 0.054194
  5 0.192999 -2.407585 22.170765 0.000000 -0.999998 -0.002133 0.589844 0.132812 3 5 0.633058 6 0.204751 3 0.162190
knight
  7 2.632474 -0.221406 20.992950 0.596110 0.206012 0.776023 0.574219 0.175781 4 7 0.642890 5 0.175151 8 0.103194 3 0.078765
  5 0.192999 -2.407585 22.170765 0.000000 -0.999998 -0.002133 0.589844 0.132812 3 5 0.633058 6 0.204751 3 0.162190
  3 0.192999 -2.798021 20.476631 -0.000000 -0.912963 0.408043 0.566406 0.132812 4 3 0.815843 5 0.116332 11 0.033939 7 0.033886
knight
  5 2.233983 -0.327191 21.858112 0.998860 -0.045079 0.015681 0.773438 0.242188 4 5 0.605673 7 0.215778 6 0.124355 4 0.054194
  4 0.192999 1.936301 21.858112 0.000000 0.999818 -0.019070 0.773438 0.199219 4 4 0.653163 6 0.133160 3 0.113375 5 0.100302
  6 0.192999 2.693207 24.011982 -0.000000 -0.135834 -0.990732 0.738281 0.199219 4 6 0.757995 4 0.164429 5 0.071601 3 0.005976
knight
  5 2.233983 -0.327191 21.858112 0.998860 -0.045079 0.015681 0.773438 0.242188 4 5 0.605673 7 0.215778 6 0.124355 4 0.054194
  6 0.192999 2.693207 24.011982 -0.000000 -0.135834 -0.990732 0.738281 0.199219 4 6 0.757995 4 0.164429 5 0.071601 3 0.005976
  6 2.756114 -0.327191 23.615170 0.625449 -0.053649 -0.778418 0.750000 0.242188 3 6 0.566278 5 0.402858 7 0.030863
knight
  5 2.233983 -0.327191 21.858112 0.998860 -0.045079 0.015681 0.585938 0.175781 4 5 0.605673 7 0.215778 6 0.124355 4 0.054194
  6 2.756114 -0.327191 23.615170 0.625449 -0.053649 -0.778418 0.609375 0.175781 3 6 0.566278 5 0.402858 7 0.030863
  6 0.192999 -2.697348 23.714825 0.000000 -0.776986 -0.629518 0.613281 0.132812 3 6 0.737196 5 0.223699 3 0.039106
knight
  5 2.233983 -0.327191 21.858112 0.998860 -0.045079 0.015681 0.585938 0.175781 4 5 0.605673 7 0.215778 6 0.124355 4 0.054194
  6 0.192999 -2.697348 23.714825 0.000000 -0.776986 -0.629518 0.613281 0.132812 3 6 0.737196 5 0.223699 3 0.039106
  5 0.192999 -2.407585 22.170765 0.000000 -0.999998 -0.002133 0.589844 0.132812 3 5 0.633058 6 0.204751 3 0.162190
knight
  6 0.192999 4.124152 24.261272 0.000000 0.996311 0.085818 0.308594 0.304688 3 6 0.927670 4 0.043769 5 0.028561
  6 0.639472 3.172705 22.628735 -0.681599 -0.623176 -0.383502 0.285156 0.324219 3 6 0.844423 4 0.088171 5 0.067406
  6 0.192999 2.693207 24.011982 -0.000000 -0.135834 -0.990732 0.308594 0.324219 4 6 0.757995 4 0.164429 5 0.071601 3 0.005976
knight
  6 3.707250 2.031486 24.257782 0.806321 0.392368 -0.442599 0.304688 0.246094 3 6 0.897371 5 0.095219 4 0.007410
  6 0.192999 4.124152 24.261272 0.000000 0.996311 0.085818 0.308594 0.304688 3 6 0.927670 4 0.043769 5 0.028561
  6 0.192999 3.824238 27.579372 0.000000 0.839383 0.543541 0.355469 0.304688 1 6 1.000000
knight
  6 3.707250 2.031486 24.257782 0.806321 0.392368 -0.442599 0.304688 0.246094 3 6 0.897371 5 0.095219 4 0.007410
  6 0.192999 3.824238 27.579372 0.000000 0.839383 0.543541 0.355469 0.304688 1 6 1.000000
  6 3.303307 2.031486 27.575886 0.713011 0.424381 0.558136 0.355469 0.246094 2 6 0.998096 5 0.001904
knight
  6 0.192999 4.124152 24.261272 0.000000 0.996311 0.085818 0.308594 0.304688 3 6 0.927670 4 0.043769 5 0.028561
  6 3.707250 2.031486 24.257782 0.806321 0.392368 -0.442599 0.304688 0.246094 3 6 0.897371 5 0.095219 4 0.007410
  6 3.124452 2.780586 23.241283 0.937976 -0.134590 -0.319511 0.289062 0.257812 3 6 0.864078 5 0.076076 4 0.059845
knight
  6 0.835489 4.883759 22.217716 -0.328576 0.934812 0.134775 0.277344 0.304688 3 6 0.861551 4 0.074175 5 0.064274
  6 3.124452 2.780586 23.241283 0.937976 -0.134590 -0.319511 0.289062 0.257812 3 6 0.864078 5 0.076076 4 0.059845
  6 1.027902 5.300529 16.893578 -0.066590 0.265432 -0.961827 0.203125 0.304688 3 6 0.856667 4 0.083114 5 0.060219
knight
  6 0.835489 4.883759 22.217716 -0.328576 0.934812 0.134775 0.277344 0.304688 3 6 0.861551 4 0.074175 5 0.064274
  6 0.192999 4.124152 24.261272 0.000000 0.996311 0.085818 0.308594 0.304688 3 6 0.927670 4 0.043769 5 0.028561
  6 3.124452 2.780586 23.241283 0.937976 -0.134590 -0.319511 0.289062 0.257812 3 6 0.864078 5 0.076076 4 0.059845
knight
  6 0.835489 4.883759 22.217716 -0.328576 0.934812 0.134775 0.277344 0.304688 3 6 0.861551 4 0.074175 5 0.064274
  6 1.027902 5.300529 16.893578 -0.066590 0.265432 -0.961827 0.203125 0.304688 3 6 0.856667 4 0.083114 5 0.060219
  6 0.639472 3.172705 22.628735 -0.681599 -0.623176 -0.383502 0.285156 0.324219 3 6 0.844423 4 0.088171 5 0.067406
knight
  6 1.027902 5.300529 16.893578 -0.066590 0.265432 -0.961827 0.746094 0.808594 3 6 0.856667 4 0.083114 5 0.060219
  6 3.124452 2.780586 23.241283 0.937976 -0.134590 -0.319511 0.746094 0.910156 3 6 0.864078 5 0.076076 4 0.059845
  6 0.639472 3.172705 22.628735 -0.681599 -0.623176 -0.383502 0.773438 0.890625 3 6 0.844423 4 0.088171 5 0.067406
knight
  6 0.639472 3.172705 22.628735 -0.681599 -0.623176 -0.383502 0.773438 0.890625 3 6 0.844423 4 0.088171 5 0.067406
  6 3.124452 2.780586 23.241283 0.937976 -0.134590 -0.319511 0.746094 0.910156 3 6 0.864078 5 0.076076 4 0.059845
  6 0.192999 2.693207 24.011982 -0.000000 -0.135834 -0.990732 0.789062 0.906250 4 6 0.757995 4 0.164429 5 0.071601 3 0.005976
knight
  6 3.124452 2.780586 23.241283 0.937976 -0.134590 -0.319511 0.746094 0.910156 3 6 0.864078 5 0.076076 4 0.059845
  6 3.707250 2.031486 24.257782 0.806321 0.392368 -0.442599 0.742188 0.933594 3 6 0.897371 5 0.095219 4 0.007410
  6 0.192999 2.693207 24.011982 -0.000000 -0.135834 -0.990732 0.789062 0.906250 4 6 0.757995 4 0.164429 5 0.071601 3 0.005976
knight
  6 2.756114 -0.327191 23.615170 0.625449 -0.053649 -0.778418 0.769531 0.960938 3 6 0.566278 5 0.402858 7 0.030863
  6 0.192999 2.693207 24.011982 -0.000000 -0.135834 -0.990732 0.789062 0.906250 4 6 0.757995 4 0.164429 5 0.071601 3 0.005976
  6 3.707250 2.031486 24.257782 0.806321 0.392368 -0.442599 0.742188 0.933594 3 6 0.897371 5 0.095219 4 0.007410
knight
  6 0.192999 4.124152 24.261272 0.000000 0.996311 0.085818 0.308594 0.304688 3 6 0.927670 4 0.043769 5 0.028561
  6 0.835489 4.883759 22.217716 -0.328576 0.934812 0.134775 0.277344 0.304688 3 6 0.861551 4 0.074175 5 0.064274
  6 0.639472 3.172705 22.628735 -0.681599 -0.623176 -0.383502 0.285156 0.324219 3 6 0.844423 4 0.088171 5 0.067406
knight
  6 3.303307 2.031486 27.575886 0.713011 0.424381 0.558136 0.660156 0.667969 2 6 0.998096 5 0.001904
  6 0.192999 3.824238 27.579372 0.000000 0.839383 0.543541 0.613281 0.695312 1 6 1.000000
  6 0.192999 0.665868 28.636532 0.000000 0.020458 0.999791 0.652344 0.718750 1 6 1.000000
knight
  7 2.632474 -0.221406 20.992950 0.596110 0.206012 0.776023 0.125000 0.539062 4 7 0.642890 5 0.175151 8 0.103194 3 0.078765
  8 5.057237 -2.523530 19.792568 0.414951 -0.697066 0.584735 0.164062 0.570312 2 8 0.550266 7 0.449734
  8 5.405921 -0.354199 20.246197 0.536283 0.248009 0.806779 0.164062 0.539062 2 8 0.546009 7 0.453991
knight
  7 5.515986 -0.019307 16.694550 0.994548 0.017697 -0.102770 0.203125 0.617188 4 7 0.521269 8 0.377617 1 0.078180 0 0.022934
  1 5.063732 1.567758 15.144535 0.815738 0.562222 -0.135934 0.230469 0.640625 3 1 0.404750 7 0.345546 0 0.249703
  7 4.968717 1.440047 18.113667 0.336785 0.907418 0.251331 0.226562 0.593750 1 7 1.000000
knight
  0 4.219390 -0.324048 10.511501 0.992428 0.016963 -0.121652 0.207031 0.707031 4 0 0.670269 1 0.247274 17 0.071373 8 0.011084
  1 5.063732 1.567758 15.144535 0.815738 0.562222 -0.135934 0.230469 0.640625 3 1 0.404750 7 0.345546 0 0.249703
  7 5.515986 -0.019307 16.694550 0.994548 0.017697 -0.102770 0.203125 0.617188 4 7 0.521269 8 0.377617 1 0.078180 0 0.022934
knight
  8 5.405921 -0.354199 20.246197 0.536283 0.248009 0.806779 0.226562 0.550781 2 8 0.546009 7 0.453991
  7 4.968717 1.440047 18.113667 0.336785 0.907418 0.251331 0.226562 0.593750 1 7 1.000000
  7 2.632474 -0.221406 20.992950 0.596110 0.206012 0.776023 0.265625 0.550781 4 7 0.642890 5 0.175151 8 0.103194 3 0.078765
knight
  7 4.968717 1.440047 18.113667 0.336785 0.907418 0.251331 0.226562 0.593750 1 7 1.000000
  1 2.986313 2.728053 16.180244 0.254856 0.964682 0.066608 0.257812 0.628906 4 1 0.746832 0 0.101685 3 0.087111 7 0.064372
  3 0.192999 2.285798 19.932285 0.000000 0.917394 0.397980 0.292969 0.574219 4 3 0.792749 4 0.102158 1 0.077059 11 0.028034
knight
  1 5.063732 1.567758 15.144535 0.815738 0.562222 -0.135934 0.230469 0.640625 3 1 0.404750 7 0.345546 0 0.249703
  1 2.986313 2.728053 16.180244 0.254856 0.964682 0.066608 0.257812 0.628906 4 1 0.746832 0 0.101685 3 0.087111 7 0.064372
  7 4.968717 1.440047 18.113667 0.336785 0.907418 0.251331 0.226562 0.593750 1 7 1.000000
knight
  3 0.192999 -2.798021 20.476631 -0.000000 -0.912963 0.408043 0.101562 0.566406 4 3 0.815843 5 0.116332 11 0.033939 7 0.033886
  8 5.057237 -2.523530 19.792568 0.414951 -0.697066 0.584735 0.164062 0.570312 2 8 0.550266 7 0.449734
  7 2.632474 -0.221406 20.992950 0.596110 0.206012 0.776023 0.125000 0.539062 4 7 0.642890 5 0.175151 8 0.103194 3 0.078765
knight
  8 4.608927 -2.716671 16.735603 0.199230 -0.953462 -0.226311 0.164062 0.617188 4 8 0.828733 7 0.078537 1 0.061013 2 0.031717
  1 2.330220 -2.900317 11.256573 0.370789 -0.925453 -0.077793 0.140625 0.699219 4 1 0.811907 0 0.147837 17 0.022120 2 0.018136
  0 4.219390 -0.324048 10.511501 0.992428 0.016963 -0.121652 0.199219 0.710938 4 0 0.670269 1 0.247274 17 0.071373 8 0.011084
knight
  8 6.686726 -3.123330 18.303074 -0.276738 -0.899868 0.337125 0.828125 0.261719 2 8 0.952100 7 0.047900
  8 6.406550 -0.203847 18.866768 0.287993 0.207669 0.934844 0.875000 0.246094 2 8 0.800395 7 0.199605
  8 6.241409 -2.298728 18.289680 -0.036905 -0.863817 0.502453 0.839844 0.246094 2 8 0.894988 7 0.105012
knight
  8 6.406550 -0.203847 18.866768 0.287993 0.207669 0.934844 0.183594 0.539062 2 8 0.800395 7 0.199605
  8 5.405921 -0.354199 20.246197 0.536283 0.248009 0.806779 0.164062 0.539062 2 8 0.546009 7 0.453991
  8 5.057237 -2.523530 19.792568 0.414951 -0.697066 0.584735 0.164062 0.570312 2 8 0.550266 7 0.449734
knight
  8 6.406550 -0.203847 18.866768 0.287993 0.207669 0.934844 0.210938 0.550781 2 8 0.800395 7 0.199605
  7 4.968717 1.440047 18.113667 0.336785 0.907418 0.251331 0.226562 0.593750 1 7 1.000000
  8 5.405921 -0.354199 20.246197 0.536283 0.248009 0.806779 0.226562 0.550781 2 8 0.546009 7 0.453991
knight
  0 0.192999 -2.519311 5.995623 -0.000000 -0.981252 -0.192727 0.101562 0.785156 4 0 0.815127 17 0.133149 1 0.030568 23 0.021155
  1 2.330220 -2.900317 11.256573 0.370789 -0.925453 -0.077793 0.140625 0.699219 4 1 0.811907 0 0.147837 17 0.022120 2 0.018136
  1 -1.944223 -2.900317 11.256573 -0.370789 -0.925453 -0.077793 0.062500 0.699219 4 1 0.814982 0 0.146394 17 0.021322 2 0.017301
knight
  19 3.091223 3.011976 -9.030965 0.000000 0.822396 0.568915 0.457031 0.625000 2 19 0.946227 18 0.053773
  19 5.498492 -0.221405 -9.768507 0.925517 -0.058922 0.374094 0.515625 0.625000 1 19 1.000000
  19 4.529902 -0.221405 -20.403933 0.998784 -0.005361 0.049003 0.515625 0.468750 2 19 0.892863 20 0.107137
knight
  19 3.091223 3.011976 -9.030965 0.000000 0.822396 0.568915 0.457031 0.625000 2 19 0.946227 18 0.053773
  19 4.529902 -0.221405 -20.403933 0.998784 -0.005361 0.049003 0.515625 0.468750 2 19 0.892863 20 0.107137
  19 3.091223 1.217274 -20.403933 0.000000 0.999328 0.036646 0.488281 0.468750 2 19 0.848063 20 0.151937
knight
  19 0.683954 -0.221405 -9.768507 -0.925517 -0.058922 0.374094 0.332031 0.328125 1 19 1.000000
  19 3.091223 3.011976 -9.030965 0.000000 0.822396 0.568915 0.273438 0.328125 2 19 0.946227 18 0.053773
  19 3.091223 1.217274 -20.403933 0.000000 0.999328 0.036646 0.300781 0.480469 2 19 0.848063 20 0.151937
knight
  19 0.683954 -0.221405 -9.768507 -0.925517 -0.058922 0.374094 0.332031 0.328125 1 19 1.000000
  19 3.091223 1.217274 -20.403933 0.000000 0.999328 0.036646 0.300781 0.480469 2 19 0.848063 20 0.151937
  19 1.652543 -0.221405 -20.403933 -0.998784 -0.005361 0.049003 0.332031 0.480469 2 19 0.620703 20 0.379297
knight
  20 2.151440 -0.209920 -23.705908 -0.873526 -0.212530 -0.437931 0.675781 0.113281 2 20 0.559886 21 0.440114
  20 3.115826 -5.077096 -23.267467 0.000001 -1.000000 -0.000329 0.675781 0.042969 2 20 0.712478 21 0.287522
  20 3.115826 -0.209920 -22.390583 0.000000 -0.177308 0.984155 0.652344 0.109375 1 20 1.000000
knight
  20 3.115826 -0.209920 -22.390583 0.000000 -0.177308 0.984155 0.636719 0.113281 1 20 1.000000
  20 3.115826 -5.077096 -23.267467 0.000001 -1.000000 -0.000329 0.636719 0.042969 2 20 0.712478 21 0.287522
  20 4.080212 -0.209920 -23.705908 0.873526 -0.212530 -0.437931 0.613281 0.109375 2 20 0.555180 21 0.444820
knight
  20 4.080212 -0.209920 -23.705908 0.873526 -0.212530 -0.437931 0.058594 0.050781 2 20 0.555180 21 0.444820
  20 3.115826 -5.077096 -23.267467 0.000001 -1.000000 -0.000329 0.074219 0.121094 2 20 0.712478 21 0.287522
  20 2.151440 -0.209920 -23.705908 -0.873526 -0.212530 -0.437931 0.085938 0.050781 2 20 0.559886 21 0.440114
knight
  8 4.608927 -2.716671 16.735603 0.199230 -0.953462 -0.226311 0.542969 0.992188 4 8 0.828733 7 0.078537 1 0.061013 2 0.031717
  8 12.881328 -2.285120 10.113506 0.054706 -0.905933 -0.419872 0.546875 0.835938 2 8 0.847800 9 0.152200
  8 6.241409 -2.298728 18.289680 -0.036905 -0.863817 0.502453 0.511719 0.984375 2 8 0.894988 7 0.105012
knight
  8 6.406550 -0.203847 18.866768 0.287993 0.207669 0.934844 0.875000 0.246094 2 8 0.800395 7 0.199605
  8 6.686726 -3.123330 18.303074 -0.276738 -0.899868 0.337125 0.828125 0.261719 2 8 0.952100 7 0.047900
  8 7.518334 -0.321946 19.010284 0.429375 0.161599 0.888551 0.867188 0.261719 1 8 1.000000
knight
  9 13.917118 1.577894 9.083599 -0.354801 0.934848 0.013207 0.910156 0.433594 1 9 1.000000
  9 15.370605 -0.343627 10.656948 0.446684 0.068223 0.892087 0.871094 0.437500 1 9 1.000000
  9 24.190722 0.048157 0.411602 -0.552299 0.024997 0.833271 0.867188 0.625000 2 9 0.797556 10 0.202444
knight
  9 13.917118 1.577894 9.083599 -0.354801 0.934848 0.013207 0.910156 0.433594 1 9 1.000000
  9 24.190722 0.048157 0.411602 -0.552299 0.024997 0.833271 0.867188 0.625000 2 9 0.797556 10 0.202444
  9 22.825027 1.453518 -0.792042 -0.687135 0.517660 0.509777 0.898438 0.625000 1 9 1.000000
knight
  8 13.027174 0.703348 9.749199 -0.287282 0.926468 -0.243158 0.597656 0.832031 2 8 0.814254 9 0.185746
  9 13.917118 1.577894 9.083599 -0.354801 0.934848 0.013207 0.609375 0.816406 1 9 1.000000
  9 22.825027 1.453518 -0.792042 -0.687135 0.517660 0.509777 0.609375 0.628906 1 9 1.000000
knight
  9 13.911136 -2.864431 9.560085 -0.182667 -0.960226 0.211187 0.828125 0.429688 1 9 1.000000
  9 22.838926 -1.311995 -0.805769 -0.649292 -0.554310 0.520731 0.828125 0.625000 1 9 1.000000
  9 24.190722 0.048157 0.411602 -0.552299 0.024997 0.833271 0.867188 0.625000 2 9 0.797556 10 0.202444
knight
  9 13.911136 -2.864431 9.560085 -0.182667 -0.960226 0.211187 0.828125 0.429688 1 9 1.000000
  9 24.190722 0.048157 0.411602 -0.552299 0.024997 0.833271 0.867188 0.625000 2 9 0.797556 10 0.202444
  9 15.370605 -0.343627 10.656948 0.446684 0.068223 0.892087 0.871094 0.437500 1 9 1.000000
knight
  9 13.911136 -2.864431 9.560085 -0.182667 -0.960226 0.211187 0.535156 0.820312 1 9 1.000000
  9 13.332874 -2.285120 9.654980 -0.357261 -0.930154 0.084726 0.546875 0.828125 1 9 1.000000
  9 22.838926 -1.311995 -0.805769 -0.649292 -0.554310 0.520731 0.562500 0.625000 1 9 1.000000
knight
  9 13.911136 -2.864431 9.560085 -0.182667 -0.960226 0.211187 0.828125 0.429688 1 9 1.000000
  9 15.370605 -0.343627 10.656948 0.446684 0.068223 0.892087 0.871094 0.437500 1 9 1.000000
  9 14.055755 -0.345445 10.703972 0.652725 0.217374 0.725740 0.871094 0.417969 2 9 0.505054 8 0.494946
knight
  9 13.911136 -2.864431 9.560085 -0.182667 -0.960226 0.211187 0.828125 0.429688 1 9 1.000000
  9 14.055755 -0.345445 10.703972 0.652725 0.217374 0.725740 0.871094 0.417969 2 9 0.505054 8 0.494946
  9 13.332874 -2.285120 9.654980 -0.357261 -0.930154 0.084726 0.832031 0.421875 1 9 1.000000
knight
  9 14.055755 -0.345445 10.703972 0.652725 0.217374 0.725740 0.871094 0.417969 2 9 0.505054 8 0.494946
  9 15.370605 -0.343627 10.656948 0.446684 0.068223 0.892087 0.871094 0.437500 1 9 1.000000
  9 13.917118 1.577894 9.083599 -0.354801 0.934848 0.013207 0.910156 0.433594 1 9 1.000000
knight
  9 14.055755 -0.345445 10.703972 0.652725 0.217374 0.725740 0.871094 0.417969 2 9 0.505054 8 0.494946
  9 13.917118 1.577894 9.083599 -0.354801 0.934848 0.013207 0.910156 0.433594 1 9 1.000000
  8 13.027174 0.703348 9.749199 -0.287282 0.926468 -0.243158 0.902344 0.417969 2 8 0.814254 9 0.185746
knight
  7 4.968717 1.440047 18.113667 0.336785 0.907418 0.251331 0.910156 0.246094 1 7 1.000000
  8 7.518334 -0.321946 19.010284 0.429375 0.161599 0.888551 0.867188 0.261719 1 8 1.000000
  8 13.884750 -0.428151 11.938023 0.913688 0.141363 0.381039 0.867188 0.398438 2 8 0.940260 9 0.059740
knight
  7 4.968717 1.440047 18.113667 0.336785 0.907418 0.251331 0.910156 0.246094 1 7 1.000000
  8 13.884750 -0.428151 11.938023 0.913688 0.141363 0.381039 0.867188 0.398438 2 8 0.940260 9 0.059740
  8 12.553505 1.470453 10.762360 0.079498 0.967555 -0.239827 0.906250 0.398438 2 8 0.919214 9 0.080786
knight
  8 6.686726 -3.123330 18.303074 -0.276738 -0.899868 0.337125 0.828125 0.261719 2 8 0.952100 7 0.047900
  8 12.759380 -2.951929 10.864742 0.249222 -0.954014 -0.166567 0.824219 0.398438 2 8 0.916447 9 0.083553
  8 13.884750 -0.428151 11.938023 0.913688 0.141363 0.381039 0.867188 0.398438 2 8 0.940260 9 0.059740
knight
  8 6.686726 -3.123330 18.303074 -0.276738 -0.899868 0.337125 0.828125 0.261719 2 8 0.952100 7 0.047900
  8 13.884750 -0.428151 11.938023 0.913688 0.141363 0.381039 0.867188 0.398438 2 8 0.940260 9 0.059740
  8 7.518334 -0.321946 19.010284 0.429375 0.161599 0.888551 0.867188 0.261719 1 8 1.000000
knight
  8 6.686726 -3.123330 18.303074 -0.276738 -0.899868 0.337125 0.500000 0.976562 2 8 0.952100 7 0.047900
  8 12.881328 -2.285120 10.113506 0.054706 -0.905933 -0.419872 0.546875 0.835938 2 8 0.847800 9 0.152200
  8 12.759380 -2.951929 10.864742 0.249222 -0.954014 -0.166567 0.531250 0.843750 2 8 0.916447 9 0.083553
knight
  9 14.055755 -0.345445 10.703972 0.652725 0.217374 0.725740 0.871094 0.417969 2 9 0.505054 8 0.494946
  8 13.884750 -0.428151 11.938023 0.913688 0.141363 0.381039 0.867188 0.398438 2 8 0.940260 9 0.059740
  8 12.759380 -2.951929 10.864742 0.249222 -0.954014 -0.166567 0.824219 0.398438 2 8 0.916447 9 0.083553
knight
  9 14.055755 -0.345445 10.703972 0.652725 0.217374 0.725740 0.871094 0.417969 2 9 0.505054 8 0.494946
  8 12.759380 -2.951929 10.864742 0.249222 -0.954014 -0.166567 0.824219 0.398438 2 8 0.916447 9 0.083553
  8 12.881328 -2.285120 10.113506 0.054706 -0.905933 -0.419872 0.832031 0.414062 2 8 0.847800 9 0.152200
knight
  9 14.055755 -0.345445 10.703972 0.652725 0.217374 0.725740 0.871094 0.417969 2 9 0.505054 8 0.494946
  8 13.027174 0.703348 9.749199 -0.287282 0.926468 -0.243158 0.902344 0.417969 2 8 0.814254 9 0.185746
  8 12.553505 1.470453 10.762360 0.079498 0.967555 -0.239827 0.906250 0.398438 2 8 0.919214 9 0.080786
knight
  9 14.055755 -0.345445 10.703972 0.652725 0.217374 0.725740 0.871094 0.417969 2 9 0.505054 8 0.494946
  8 12.553505 1.470453 10.762360 0.079498 0.967555 -0.239827 0.906250 0.398438 2 8 0.919214 9 0.080786
  8 13.884750 -0.428151 11.938023 0.913688 0.141363 0.381039 0.867188 0.398438 2 8 0.940260 9 0.059740
knight
  9 20.072384 -0.216248 2.677895 -0.684545 0.015539 0.728805 0.976562 0.320312 1 9 1.000000
  9 20.795988 -1.057001 2.116293 0.270051 -0.923884 -0.271128 0.960938 0.324219 1 9 1.000000
  9 23.950737 -0.222758 5.429712 0.733330 0.000473 0.679872 0.976562 0.386719 1 9 1.000000
knight
  9 20.792013 0.606074 2.059330 0.290999 0.907888 -0.301759 0.179688 0.195312 1 9 1.000000
  9 23.950737 -0.222758 5.429712 0.733330 0.000473 0.679872 0.179688 0.261719 1 9 1.000000
  9 20.795988 -1.057001 2.116293 0.270051 -0.923884 -0.271128 0.203125 0.199219 1 9 1.000000
knight
  9 20.072384 -0.216248 2.677895 -0.684545 0.015539 0.728805 0.960938 0.320312 1 9 1.000000
  9 23.950737 -0.222758 5.429712 0.733330 0.000473 0.679872 0.960938 0.253906 1 9 1.000000
  9 20.792013 0.606074 2.059330 0.290999 0.907888 -0.301759 0.941406 0.316406 1 9 1.000000
knight
  9 20.795988 -1.057001 2.116293 0.270051 -0.923884 -0.271128 0.960938 0.324219 1 9 1.000000
  9 20.072384 -0.216248 2.677895 -0.684545 0.015539 0.728805 0.976562 0.320312 1 9 1.000000
  9 16.996799 -0.222008 -1.008266 -0.732761 -0.000395 -0.680486 0.964844 0.253906 1 9 1.000000
knight
  9 20.795988 -1.057001 2.116293 0.270051 -0.923884 -0.271128 0.203125 0.199219 1 9 1.000000
  9 16.996799 -0.222008 -1.008266 -0.732761 -0.000395 -0.680486 0.203125 0.128906 1 9 1.000000
  9 20.792013 0.606074 2.059330 0.290999 0.907888 -0.301759 0.179688 0.195312 1 9 1.000000
knight
  9 20.792013 0.606074 2.059330 0.290999 0.907888 -0.301759 0.941406 0.316406 1 9 1.000000
  9 16.996799 -0.222008 -1.008266 -0.732761 -0.000395 -0.680486 0.945312 0.386719 1 9 1.000000
  9 20.072384 -0.216248 2.677895 -0.684545 0.015539 0.728805 0.960938 0.320312 1 9 1.000000
knight
  9 18.454273 -0.220955 4.328781 -0.684545 0.015538 0.728805 0.976562 0.890625 1 9 1.000000
  9 19.177885 -1.061708 3.767181 0.270054 -0.923883 -0.271129 0.960938 0.894531 1 9 1.000000
  9 22.332628 -0.227465 7.080593 0.733328 0.000475 0.679874 0.976562 0.957031 1 9 1.000000
knight
  9 19.173903 0.601367 3.710213 0.290998 0.907889 -0.301758 0.179688 0.328125 1 9 1.000000
  9 22.332628 -0.227465 7.080593 0.733328 0.000475 0.679874 0.179688 0.398438 1 9 1.000000
  9 19.177885 -1.061708 3.767181 0.270054 -0.923883 -0.271129 0.203125 0.335938 1 9 1.000000
knight
  9 18.454273 -0.220955 4.328781 -0.684545 0.015538 0.728805 0.957031 0.890625 1 9 1.000000
  9 22.332628 -0.227465 7.080593 0.733328 0.000475 0.679874 0.957031 0.824219 1 9 1.000000
  9 19.173903 0.601367 3.710213 0.290998 0.907889 -0.301758 0.941406 0.886719 1 9 1.000000
knight
  9 19.177885 -1.061708 3.767181 0.270054 -0.923883 -0.271129 0.960938 0.894531 1 9 1.000000
  9 18.454273 -0.220955 4.328781 -0.684545 0.015538 0.728805 0.976562 0.890625 1 9 1.000000
  9 15.378691 -0.226715 0.642616 -0.732756 -0.000401 -0.680491 0.964844 0.824219 1 9 1.000000
knight
  9 19.177885 -1.061708 3.767181 0.270054 -0.923883 -0.271129 0.203125 0.335938 1 9 1.000000
  9 15.378691 -0.226715 0.642616 -0.732756 -0.000401 -0.680491 0.203125 0.261719 1 9 1.000000
  9 19.173903 0.601367 3.710213 0.290998 0.907889 -0.301758 0.179688 0.328125 1 9 1.000000
knight
  9 19.173903 0.601367 3.710213 0.290998 0.907889 -0.301758 0.941406 0.886719 1 9 1.000000
  9 15.378691 -0.226715 0.642616 -0.732756 -0.000401 -0.680491 0.945312 0.957031 1 9 1.000000
  9 18.454273 -0.220955 4.328781 -0.684545 0.015538 0.728805 0.957031 0.890625 1 9 1.000000
knight
  9 16.782228 -0.225819 6.034698 -0.684545 0.015538 0.728805 0.976562 0.718750 1 9 1.000000
  9 17.505838 -1.066572 5.473091 0.270054 -0.923883 -0.271130 0.957031 0.722656 1 9 1.000000
  9 20.660583 -0.232329 8.786514 0.733324 0.000470 0.679879 0.976562 0.785156 1 9 1.000000
knight
  9 17.501862 0.596504 5.416130 0.290999 0.907888 -0.301759 0.699219 0.703125 1 9 1.000000
  9 20.660583 -0.232329 8.786514 0.733324 0.000470 0.679879 0.699219 0.769531 1 9 1.000000
  9 17.505838 -1.066572 5.473091 0.270054 -0.923883 -0.271130 0.722656 0.707031 1 9 1.000000
knight
  9 16.782228 -0.225819 6.034698 -0.684545 0.015538 0.728805 0.960938 0.175781 1 9 1.000000
  9 20.660583 -0.232329 8.786514 0.733324 0.000470 0.679879 0.960938 0.109375 1 9 1.000000
  9 17.501862 0.596504 5.416130 0.290999 0.907888 -0.301759 0.941406 0.171875 1 9 1.000000
knight
  9 17.505838 -1.066572 5.473091 0.270054 -0.923883 -0.271130 0.957031 0.722656 1 9 1.000000
  9 16.782228 -0.225819 6.034698 -0.684545 0.015538 0.728805 0.976562 0.718750 1 9 1.000000
  9 13.706645 -0.231579 2.348532 -0.732762 -0.000395 -0.680485 0.960938 0.652344 1 9 1.000000
knight
  9 17.505838 -1.066572 5.473091 0.270054 -0.923883 -0.271130 0.722656 0.707031 1 9 1.000000
  9 13.706645 -0.231579 2.348532 -0.732762 -0.000395 -0.680485 0.722656 0.636719 1 9 1.000000
  9 17.501862 0.596504 5.416130 0.290999 0.907888 -0.301759 0.699219 0.703125 1 9 1.000000
knight
  9 17.501862 0.596504 5.416130 0.290999 0.907888 -0.301759 0.941406 0.171875 1 9 1.000000
  9 13.706645 -0.231579 2.348532 -0.732762 -0.000395 -0.680485 0.945312 0.242188 1 9 1.000000
  9 16.782228 -0.225819 6.034698 -0.684545 0.015538 0.728805 0.960938 0.175781 1 9 1.000000
knight
  9 15.020284 -0.230944 7.832325 -0.684545 0.015540 0.728805 0.406250 0.074219 1 9 1.000000
  9 15.743893 -1.071697 7.270725 0.270051 -0.923885 -0.271127 0.386719 0.078125 1 9 1.000000
  9 18.898643 -0.237454 10.584141 0.733325 0.000469 0.679878 0.406250 0.144531 1 9 1.000000
knight
  9 15.739922 0.591378 7.213758 0.291001 0.907888 -0.301759 0.359375 0.257812 1 9 1.000000
  9 18.898643 -0.237454 10.584141 0.733325 0.000469 0.679878 0.359375 0.324219 1 9 1.000000
  9 15.743893 -1.071697 7.270725 0.270051 -0.923885 -0.271127 0.378906 0.261719 1 9 1.000000
knight
  9 15.020284 -0.230944 7.832325 -0.684545 0.015540 0.728805 0.941406 0.175781 1 9 1.000000
  9 18.898643 -0.237454 10.584141 0.733325 0.000469 0.679878 0.941406 0.109375 1 9 1.000000
  9 15.739922 0.591378 7.213758 0.291001 0.907888 -0.301759 0.921875 0.171875 1 9 1.000000
knight
  9 15.743893 -1.071697 7.270725 0.270051 -0.923885 -0.271127 0.386719 0.078125 1 9 1.000000
  9 15.020284 -0.230944 7.832325 -0.684545 0.015540 0.728805 0.406250 0.074219 1 9 1.000000
  9 11.944703 -0.236704 4.146162 -0.732753 -0.000396 -0.680495 0.390625 0.007812 1 9 1.000000
knight
  9 15.743893 -1.071697 7.270725 0.270051 -0.923885 -0.271127 0.378906 0.261719 1 9 1.000000
  9 11.944703 -0.236704 4.146162 -0.732753 -0.000396 -0.680495 0.378906 0.191406 1 9 1.000000
  9 15.739922 0.591378 7.213758 0.291001 0.907888 -0.301759 0.359375 0.257812 1 9 1.000000
knight
  9 15.739922 0.591378 7.213758 0.291001 0.907888 -0.301759 0.921875 0.171875 1 9 1.000000
  9 11.944703 -0.236704 4.146162 -0.732753 -0.000396 -0.680495 0.925781 0.242188 1 9 1.000000
  9 15.020284 -0.230944 7.832325 -0.684545 0.015540 0.728805 0.941406 0.175781 1 9 1.000000
knight
  8 11.423259 -0.625620 12.419544 -0.575109 0.030637 0.817503 0.976562 0.042969 1 8 1.000000
  8 12.118071 -1.466364 11.827553 0.365651 -0.924000 -0.111911 0.960938 0.042969 1 8 1.000000
  8 15.226304 -0.632112 15.095211 0.734066 0.000515 0.679078 0.976562 0.105469 1 8 1.000000
knight
  8 12.112065 0.196709 11.770287 0.380120 0.916083 -0.127675 0.566406 0.023438 1 8 1.000000
  8 15.226304 -0.632112 15.095211 0.734066 0.000515 0.679078 0.578125 0.089844 1 8 1.000000
  8 12.118071 -1.466364 11.827553 0.365651 -0.924000 -0.111911 0.589844 0.023438 1 8 1.000000
knight
  8 11.423259 -0.625620 12.419544 -0.575109 0.030637 0.817503 0.089844 0.058594 1 8 1.000000
  8 15.226304 -0.632112 15.095211 0.734066 0.000515 0.679078 0.109375 0.121094 1 8 1.000000
  8 12.112065 0.196709 11.770287 0.380120 0.916083 -0.127675 0.109375 0.054688 1 8 1.000000
knight
  8 9.995229 -0.629994 14.017883 -0.572969 0.030668 0.819003 0.996094 0.894531 1 8 1.000000
  8 10.690042 -1.470738 13.425884 0.368473 -0.923263 -0.108685 0.980469 0.894531 1 8 1.000000
  8 13.724700 -0.636480 16.627235 0.733856 0.000529 0.679305 0.984375 0.957031 1 8 1.000000
knight
  8 10.684035 0.192336 13.368622 0.382872 0.915382 -0.124438 0.613281 0.089844 1 8 1.000000
  8 13.724700 -0.636480 16.627235 0.733856 0.000529 0.679305 0.613281 0.023438 1 8 1.000000
  8 10.690042 -1.470738 13.425884 0.368473 -0.923263 -0.108685 0.589844 0.082031 1 8 1.000000
knight
  8 9.995229 -0.629994 14.017883 -0.572969 0.030668 0.819003 0.351562 0.074219 1 8 1.000000
  8 13.724700 -0.636480 16.627235 0.733856 0.000529 0.679305 0.351562 0.011719 1 8 1.000000
  8 10.684035 0.192336 13.368622 0.382872 0.915382 -0.124438 0.335938 0.074219 1 8 1.000000
knight
  8 8.603782 -0.634368 15.648323 -0.570965 0.030699 0.820400 0.996094 0.117188 1 8 1.000000
  8 9.298598 -1.475112 15.056332 0.371555 -0.922416 -0.105337 0.980469 0.117188 1 8 1.000000
  8 12.258794 -0.640852 18.192307 0.733440 0.000558 0.679754 0.996094 0.179688 1 8 1.000000
knight
  8 9.292590 0.187961 14.999069 0.385878 0.914572 -0.121062 0.863281 0.082031 1 8 1.000000
  8 12.258794 -0.640852 18.192307 0.733440 0.000558 0.679754 0.863281 0.019531 1 8 1.000000
  8 9.298598 -1.475112 15.056332 0.371555 -0.922416 -0.105337 0.839844 0.074219 1 8 1.000000
knight
  8 8.603782 -0.634368 15.648323 -0.570965 0.030699 0.820400 0.300781 0.003906 1 8 1.000000
  8 12.258794 -0.640852 18.192307 0.733440 0.000558 0.679754 0.320312 0.066406 1 8 1.000000
  8 9.292590 0.187961 14.999069 0.385878 0.914572 -0.121062 0.320312 0.003906 1 8 1.000000
knight
  8 7.248932 -0.638744 17.310871 -0.569110 0.030730 0.821687 0.996094 0.046875 1 8 1.000000
  8 7.943743 -1.479488 16.718884 0.374922 -0.921444 -0.101860 0.980469 0.046875 1 8 1.000000
  8 10.828598 -0.645228 19.790436 0.732805 0.000586 0.680439 0.996094 0.105469 1 8 1.000000
knight
  8 7.937740 0.183585 16.661617 0.389165 0.913637 -0.117549 0.804688 0.019531 1 8 1.000000
  8 10.828598 -0.645228 19.790436 0.732805 0.000586 0.680439 0.816406 0.082031 1 8 1.000000
  8 7.943743 -1.479488 16.718884 0.374922 -0.921444 -0.101860 0.828125 0.019531 1 8 1.000000
knight
  8 7.248932 -0.638744 17.310871 -0.569110 0.030730 0.821687 0.753906 0.003906 1 8 1.000000
  8 10.828598 -0.645228 19.790436 0.732805 0.000586 0.680439 0.761719 0.062500 1 8 1.000000
  8 7.937740 0.183585 16.661617 0.389165 0.913637 -0.117549 0.769531 0.003906 1 8 1.000000
knight
  6 1.137953 -1.217765 27.635860 -0.924317 -0.192896 0.329286 0.937500 0.792969 1 6 1.000000
  6 1.827529 -1.103576 29.638409 0.000450 -0.003353 0.999994 0.945312 0.820312 1 6 1.000000
  6 2.157522 -0.499703 27.667778 0.466938 0.820553 0.329640 0.953125 0.792969 1 6 1.000000
knight
  6 0.192999 2.836763 27.575062 0.000000 0.959320 0.282322 0.675781 0.085938 1 6 1.000000
  6 0.192999 2.229535 29.638409 0.000000 0.005943 0.999982 0.687500 0.113281 1 6 1.000000
  6 0.813261 1.919355 27.668217 0.862660 -0.381828 0.331699 0.691406 0.085938 1 6 1.000000
knight
  19 3.168508 -0.077462 -9.655469 0.044390 0.253828 0.966230 0.468750 0.140625 1 19 1.000000
  19 4.181593 -0.082531 -11.362973 0.854782 0.163108 -0.492689 0.496094 0.144531 1 19 1.000000
  19 3.045076 6.125886 -11.279412 -0.008179 0.996505 -0.083132 0.496094 0.054688 1 19 1.000000
knight
  19 1.929472 -0.144300 -11.247118 -0.910896 0.160110 -0.380308 0.695312 0.062500 1 19 1.000000
  19 3.045076 6.125886 -11.279412 -0.008179 0.996505 -0.083132 0.714844 0.152344 1 19 1.000000
  19 4.181593 -0.082531 -11.362973 0.854782 0.163108 -0.492689 0.726562 0.062500 1 19 1.000000
knight
  19 3.168508 -0.077462 -9.655469 0.044390 0.253828 0.966230 0.773438 0.058594 1 19 1.000000
  19 3.045076 6.125886 -11.279412 -0.008179 0.996505 -0.083132 0.789062 0.148438 1 19 1.000000
  19 1.929472 -0.144300 -11.247118 -0.910896 0.160110 -0.380308 0.800781 0.058594 1 19 1.000000
knight
  19 3.168508 -0.173433 -11.791511 0.044623 0.247936 0.967748 0.941406 0.347656 1 19 1.000000
  19 4.181593 -0.178501 -13.499013 0.854180 0.161772 -0.494172 0.910156 0.351562 1 19 1.000000
  19 3.045076 6.125886 -13.399697 -0.008053 0.996804 -0.079476 0.941406 0.437500 1 19 1.000000
knight
  19 1.929472 -0.240271 -13.383161 -0.910521 0.158568 -0.381847 0.804688 0.085938 1 19 1.000000
  19 3.045076 6.125886 -13.399697 -0.008053 0.996804 -0.079476 0.835938 0.175781 1 19 1.000000
  19 4.181593 -0.178501 -13.499013 0.854180 0.161772 -0.494172 0.835938 0.082031 1 19 1.000000
knight
  19 3.168508 -0.173433 -11.791511 0.044623 0.247936 0.967748 0.910156 0.535156 1 19 1.000000
  19 3.045076 6.125886 -13.399697 -0.008053 0.996804 -0.079476 0.929688 0.625000 1 19 1.000000
  19 1.929472 -0.240271 -13.383161 -0.910521 0.158568 -0.381847 0.941406 0.535156 1 19 1.000000
knight
  19 3.168508 -0.186938 -14.461883 0.044229 0.264798 0.963289 0.242188 0.140625 1 19 1.000000
  19 4.181593 -0.192007 -16.169388 0.853075 0.174986 -0.491572 0.269531 0.144531 1 19 1.000000
  19 3.045076 5.652205 -16.061331 -0.008706 0.996423 -0.084058 0.269531 0.058594 1 19 1.000000
knight
  19 1.929472 -0.253776 -16.053535 -0.909205 0.171242 -0.379503 0.906250 0.824219 1 19 1.000000
  19 3.045076 5.652205 -16.061331 -0.008706 0.996423 -0.084058 0.925781 0.906250 1 19 1.000000
  19 4.181593 -0.192007 -16.169388 0.853075 0.174986 -0.491572 0.937500 0.824219 1 19 1.000000
knight
  19 3.168508 -0.186938 -14.461883 0.044229 0.264798 0.963289 0.437500 0.062500 1 19 1.000000
  19 3.045076 5.652205 -16.061331 -0.008706 0.996423 -0.084058 0.464844 0.144531 1 19 1.000000
  19 1.929472 -0.253776 -16.053535 -0.909205 0.171242 -0.379503 0.464844 0.058594 1 19 1.000000
knight
  19 3.168508 -0.115166 -16.919893 0.043330 0.296931 0.953915 0.027344 0.046875 1 19 1.000000
  19 4.181593 -0.120234 -18.627396 0.851384 0.197509 -0.485937 0.000000 0.046875 1 19 1.000000
  19 3.045076 5.043187 -18.519960 -0.009884 0.995452 -0.094753 0.011719 0.121094 1 19 1.000000
knight
  19 1.929472 -0.182004 -18.511541 -0.906995 0.193045 -0.374290 0.167969 0.050781 1 19 1.000000
  19 3.045076 5.043187 -18.519960 -0.009884 0.995452 -0.094753 0.187500 0.125000 1 19 1.000000
  19 4.181593 -0.120234 -18.627396 0.851384 0.197509 -0.485937 0.203125 0.050781 1 19 1.000000
knight
  19 3.168508 -0.115166 -16.919893 0.043330 0.296931 0.953915 0.167969 0.121094 1 19 1.000000
  19 3.045076 5.043187 -18.519960 -0.009884 0.995452 -0.094753 0.167969 0.046875 1 19 1.000000
  19 1.929472 -0.182004 -18.511541 -0.906995 0.193045 -0.374290 0.140625 0.117188 1 19 1.000000
knight
  1 0.192999 3.490934 12.869740 -0.000000 0.056088 -0.998426 0.878906 0.914062 1 1 1.000000
  1 0.823277 3.490934 13.562672 0.998663 0.051545 0.003837 0.890625 0.914062 1 1 1.000000
  1 0.823277 -8.398726 13.562672 0.580045 0.814582 0.002153 0.890625 0.746094 1 1 1.000000
knight
  1 0.192999 3.490934 12.869740 -0.000000 0.056088 -0.998426 0.878906 0.914062 1 1 1.000000
  1 0.823277 -8.398726 13.562672 0.580045 0.814582 0.002153 0.890625 0.746094 1 1 1.000000
  1 0.192999 -8.398726 12.869740 0.000000 0.839015 -0.544109 0.878906 0.746094 1 1 1.000000
knight
  1 0.823277 3.490934 13.562672 0.998663 0.051545 0.003837 0.890625 0.914062 1 1 1.000000
  1 0.192999 3.490934 14.245106 0.000000 0.055841 0.998440 0.906250 0.914062 1 1 1.000000
  1 0.192999 -8.398726 14.245106 0.000000 0.836479 0.547999 0.906250 0.746094 1 1 1.000000
knight
  1 0.823277 3.490934 13.562672 0.998663 0.051545 0.003837 0.890625 0.914062 1 1 1.000000
  1 0.192999 -8.398726 14.245106 0.000000 0.836479 0.547999 0.906250 0.746094 1 1 1.000000
  1 0.823277 -8.398726 13.562672 0.580045 0.814582 0.002153 0.890625 0.746094 1 1 1.000000
knight
  1 2.160857 -9.063064 13.567963 0.817467 -0.575967 0.003118 0.613281 0.628906 1 1 1.000000
  1 0.192999 -9.063064 15.469467 -0.000000 -0.579197 0.815188 0.613281 0.667969 1 1 1.000000
  1 0.192999 -9.063064 11.637211 -0.000000 -0.578379 -0.815768 0.652344 0.628906 1 1 1.000000
knight
  1 0.823277 3.490934 13.562672 0.998663 0.051545 0.003837 0.890625 0.914062 1 1 1.000000
  1 0.192999 3.490934 12.869740 -0.000000 0.056088 -0.998426 0.878906 0.914062 1 1 1.000000
  1 0.192999 9.446074 13.559059 0.000000 1.000000 -0.000024 0.890625 0.996094 1 1 1.000000
knight
  1 0.192999 3.490934 14.245106 0.000000 0.055841 0.998440 0.906250 0.914062 1 1 1.000000
  1 0.823277 3.490934 13.562672 0.998663 0.051545 0.003837 0.890625 0.914062 1 1 1.000000
  1 0.192999 9.446074 13.559059 0.000000 1.000000 -0.000024 0.890625 0.996094 1 1 1.000000
knight
  0 0.192999 -2.519311 5.995623 -0.000000 -0.981252 -0.192727 0.101562 0.785156 4 0 0.815127 17 0.133149 1 0.030568 23 0.021155
  1 -1.944223 -2.900317 11.256573 -0.370789 -0.925453 -0.077793 0.062500 0.699219 4 1 0.814982 0 0.146394 17 0.021322 2 0.017301
  17 -2.986501 -2.875322 5.995623 -0.498508 -0.866784 0.013220 0.046875 0.777344 4 17 0.683332 0 0.147602 23 0.124932 1 0.044135
knight
  11 -2.246477 -0.221406 20.992950 -0.596110 0.206012 0.776023 0.789062 0.152344 4 11 0.643222 5 0.174931 12 0.103124 3 0.078723
  5 -1.847985 -0.327191 21.858112 -0.998860 -0.045079 0.015681 0.773438 0.152344 4 5 0.605268 11 0.216034 6 0.124434 4 0.054265
  4 0.192999 1.936301 21.858112 0.000000 0.999818 -0.019070 0.773438 0.199219 4 4 0.653163 6 0.133160 3 0.113375 5 0.100302
knight
  11 -2.246477 -0.221406 20.992950 -0.596110 0.206012 0.776023 0.789062 0.152344 4 11 0.643222 5 0.174931 12 0.103124 3 0.078723
  4 0.192999 1.936301 21.858112 0.000000 0.999818 -0.019070 0.773438 0.199219 4 4 0.653163 6 0.133160 3 0.113375 5 0.100302
  3 0.192999 2.285798 19.932285 0.000000 0.917394 0.397980 0.800781 0.199219 4 3 0.792749 4 0.102158 1 0.077059 11 0.028034
knight
  11 -2.246477 -0.221406 20.992950 -0.596110 0.206012 0.776023 0.574219 0.089844 4 11 0.643222 5 0.174931 12 0.103124 3 0.078723
  3 0.192999 -2.798021 20.476631 -0.000000 -0.912963 0.408043 0.566406 0.132812 4 3 0.815843 5 0.116332 11 0.033939 7 0.033886
  5 0.192999 -2.407585 22.170765 0.000000 -0.999998 -0.002133 0.589844 0.132812 3 5 0.633058 6 0.204751 3 0.162190
knight
  11 -2.246477 -0.221406 20.992950 -0.596110 0.206012 0.776023 0.574219 0.089844 4 11 0.643222 5 0.174931 12 0.103124 3 0.078723
  5 0.192999 -2.407585 22.170765 0.000000 -0.999998 -0.002133 0.589844 0.132812 3 5 0.633058 6 0.204751 3 0.162190
  5 -1.847985 -0.327191 21.858112 -0.998860 -0.045079 0.015681 0.585938 0.089844 4 5 0.605268 11 0.216034 6 0.124434 4 0.054265
knight
  6 0.192999 4.124152 24.261272 0.000000 0.996311 0.085818 0.433864 0.382851 3 6 0.927670 4 0.043769 5 0.028561
  6 0.192999 2.693207 24.011982 -0.000000 -0.135834 -0.990732 0.433864 0.406289 4 6 0.757995 4 0.164429 5 0.071601 3 0.005976
  6 -0.253474 3.172705 22.628735 0.681599 -0.623176 -0.383502 0.457302 0.406289 3 6 0.844417 4 0.088176 5 0.067408
knight
  6 -3.321252 -1.458964 24.306309 -0.789177 -0.487798 -0.373167 0.437770 0.277382 2 6 0.830279 5 0.169721
  6 -2.917310 -0.880327 27.624413 -0.706799 -0.381065 0.596008 0.386989 0.277382 2 6 0.968893 5 0.031107
  6 -2.917310 2.031486 27.575886 -0.713011 0.424381 0.558136 0.386989 0.324257 2 6 0.998074 5 0.001926
knight
  6 -3.321252 -1.458964 24.306309 -0.789177 -0.487798 -0.373167 0.437770 0.277382 2 6 0.830279 5 0.169721
  6 -2.917310 2.031486 27.575886 -0.713011 0.424381 0.558136 0.386989 0.324257 2 6 0.998074 5 0.001926
  6 -3.321252 2.031486 24.257782 -0.806320 0.392369 -0.442599 0.437770 0.324257 3 6 0.897339 5 0.095224 4 0.007436
knight
  6 -3.321252 -1.458964 24.306309 -0.789177 -0.487798 -0.373167 0.437770 0.277382 2 6 0.830279 5 0.169721
  6 0.192999 -3.333321 24.302818 0.000000 -0.962960 -0.269644 0.437770 0.222695 3 6 0.858699 5 0.140869 3 0.000432
  6 0.192999 -2.754683 27.620918 0.000000 -0.799141 0.601143 0.386989 0.222695 2 6 0.978674 5 0.021326
knight
  6 -3.321252 -1.458964 24.306309 -0.789177 -0.487798 -0.373167 0.437770 0.277382 2 6 0.830279 5 0.169721
  6 0.192999 -2.754683 27.620918 0.000000 -0.799141 0.601143 0.386989 0.222695 2 6 0.978674 5 0.021326
  6 -2.917310 -0.880327 27.624413 -0.706799 -0.381065 0.596008 0.386989 0.277382 2 6 0.968893 5 0.031107
knight
  6 -3.321252 2.031486 24.257782 -0.806320 0.392369 -0.442599 0.437770 0.324257 3 6 0.897339 5 0.095224 4 0.007436
  6 -2.917310 2.031486 27.575886 -0.713011 0.424381 0.558136 0.386989 0.324257 2 6 0.998074 5 0.001926
  6 0.192999 3.824238 27.579372 0.000000 0.839383 0.543541 0.386989 0.382851 1 6 1.000000
knight
  6 -3.321252 2.031486 24.257782 -0.806320 0.392369 -0.442599 0.437770 0.324257 3 6 0.897339 5 0.095224 4 0.007436
  6 0.192999 3.824238 27.579372 0.000000 0.839383 0.543541 0.386989 0.382851 1 6 1.000000
  6 0.192999 4.124152 24.261272 0.000000 0.996311 0.085818 0.433864 0.382851 3 6 0.927670 4 0.043769 5 0.028561
knight
  6 0.192999 4.124152 24.261272 0.000000 0.996311 0.085818 0.433864 0.382851 3 6 0.927670 4 0.043769 5 0.028561
  6 -2.738454 2.780586 23.241283 -0.937976 -0.134590 -0.319511 0.453395 0.339882 3 6 0.864067 5 0.076080 4 0.059854
  6 -3.321252 2.031486 24.257782 -0.806320 0.392369 -0.442599 0.437770 0.324257 3 6 0.897339 5 0.095224 4 0.007436
knight
  6 -0.253474 3.172705 22.628735 0.681599 -0.623176 -0.383502 0.843750 0.890625 3 6 0.844417 4 0.088176 5 0.067408
  6 0.192999 2.693207 24.011982 -0.000000 -0.135834 -0.990732 0.832031 0.906250 4 6 0.757995 4 0.164429 5 0.071601 3 0.005976
  6 -2.738454 2.780586 23.241283 -0.937976 -0.134590 -0.319511 0.875000 0.910156 3 6 0.864067 5 0.076080 4 0.059854
knight
  6 -2.738454 2.780586 23.241283 -0.937976 -0.134590 -0.319511 0.875000 0.910156 3 6 0.864067 5 0.076080 4 0.059854
  6 0.192999 2.693207 24.011982 -0.000000 -0.135834 -0.990732 0.832031 0.906250 4 6 0.757995 4 0.164429 5 0.071601 3 0.005976
  6 -3.321252 2.031486 24.257782 -0.806320 0.392369 -0.442599 0.875000 0.933594 3 6 0.897339 5 0.095224 4 0.007436
knight
  6 -2.917310 -0.880327 27.624413 -0.706799 -0.381065 0.596008 0.648438 0.769531 2 6 0.968893 5 0.031107
  6 0.192999 0.665868 28.636532 0.000000 0.020458 0.999791 0.652344 0.718750 1 6 1.000000
  6 -2.917310 2.031486 27.575886 -0.713011 0.424381 0.558136 0.613281 0.746094 2 6 0.998074 5 0.001926
knight
  6 -2.917310 -0.880327 27.624413 -0.706799 -0.381065 0.596008 0.648438 0.769531 2 6 0.968893 5 0.031107
  6 0.192999 -2.754683 27.620918 0.000000 -0.799141 0.601143 0.695312 0.746094 2 6 0.978674 5 0.021326
  6 0.192999 0.665868 28.636532 0.000000 0.020458 0.999791 0.652344 0.718750 1 6 1.000000
knight
  6 -2.917310 2.031486 27.575886 -0.713011 0.424381 0.558136 0.613281 0.746094 2 6 0.998074 5 0.001926
  6 0.192999 0.665868 28.636532 0.000000 0.020458 0.999791 0.652344 0.718750 1 6 1.000000
  6 0.192999 3.824238 27.579372 0.000000 0.839383 0.543541 0.613281 0.695312 1 6 1.000000
knight
  0 -3.833392 -0.324048 10.511501 -0.992428 0.016963 -0.121652 0.382812 0.707031 4 0 0.669692 1 0.248110 17 0.071263 12 0.010934
  1 -4.677734 1.567759 15.144535 -0.815738 0.562222 -0.135934 0.359375 0.640625 3 1 0.405223 11 0.345155 0 0.249621
  0 -1.944222 2.445822 11.256573 -0.382476 0.916444 -0.117656 0.328125 0.695312 2 0 0.520485 1 0.479515
knight
  1 -1.944223 -2.900317 11.256573 -0.370789 -0.925453 -0.077793 0.062500 0.699219 4 1 0.814982 0 0.146394 17 0.021322 2 0.017301
  0 -3.833392 -0.324048 10.511501 -0.992428 0.016963 -0.121652 0.003906 0.710938 4 0 0.669692 1 0.248110 17 0.071263 12 0.010934
  17 -2.986501 -2.875322 5.995623 -0.498508 -0.866784 0.013220 0.046875 0.777344 4 17 0.683332 0 0.147602 23 0.124932 1 0.044135
knight
  1 0.192999 -8.398726 12.869740 0.000000 0.839015 -0.544109 0.664062 0.656250 1 1 1.000000
  1 0.192999 -8.642580 11.637211 0.000000 0.526089 -0.850430 0.652344 0.667969 1 1 1.000000
  1 -1.774860 -8.642580 13.567963 -0.852241 0.523139 0.003240 0.691406 0.667969 1 1 1.000000
knight
  1 0.192999 -8.398726 12.869740 0.000000 0.839015 -0.544109 0.664062 0.656250 1 1 1.000000
  1 -1.774860 -8.642580 13.567963 -0.852241 0.523139 0.003240 0.691406 0.667969 1 1 1.000000
  1 -0.437280 -8.398726 13.562672 -0.580045 0.814582 0.002153 0.679688 0.656250 1 1 1.000000
knight
  1 -0.437280 -8.398726 13.562672 -0.580045 0.814582 0.002153 0.679688 0.656250 1 1 1.000000
  1 -1.774860 -8.642580 13.567963 -0.852241 0.523139 0.003240 0.691406 0.667969 1 1 1.000000
  1 0.192999 -8.642580 15.469467 0.000000 0.526412 0.850229 0.691406 0.628906 1 1 1.000000
knight
  1 -0.437280 -8.398726 13.562672 -0.580045 0.814582 0.002153 0.679688 0.656250 1 1 1.000000
  1 0.192999 -8.642580 15.469467 0.000000 0.526412 0.850229 0.691406 0.628906 1 1 1.000000
  1 0.192999 -8.398726 14.245106 0.000000 0.836479 0.547999 0.679688 0.640625 1 1 1.000000
knight
  19 3.091223 3.011976 -9.030965 0.000000 0.822396 0.568915 0.871094 0.242188 2 19 0.946227 18 0.053773
  19 3.091223 1.251945 -9.208750 0.005784 0.416041 0.909327 0.851562 0.222656 2 19 0.605343 18 0.394657
  19 5.498492 -0.221405 -9.768507 0.925517 -0.058922 0.374094 0.804688 0.238281 1 19 1.000000
knight
  19 3.091223 1.251945 -9.208750 0.005784 0.416041 0.909327 0.851562 0.222656 2 19 0.605343 18 0.394657
  19 0.683954 -0.221405 -9.768507 -0.925517 -0.058922 0.374094 0.871094 0.175781 1 19 1.000000
  18 1.617872 -0.221405 -9.208750 -0.818372 -0.005758 0.574660 0.855469 0.191406 2 18 0.669292 19 0.330708
knight
  19 3.091223 3.011976 -9.030965 0.000000 0.822396 0.568915 0.871094 0.242188 2 19 0.946227 18 0.053773
  19 0.683954 -0.221405 -9.768507 -0.925517 -0.058922 0.374094 0.871094 0.175781 1 19 1.000000
  19 3.091223 1.251945 -9.208750 0.005784 0.416041 0.909327 0.851562 0.222656 2 19 0.605343 18 0.394657
knight
  19 5.498492 -0.221405 -9.768507 0.925517 -0.058922 0.374094 0.804688 0.238281 1 19 1.000000
  19 3.091223 1.251945 -9.208750 0.005784 0.416041 0.909327 0.851562 0.222656 2 19 0.605343 18 0.394657
  18 4.564574 -0.221405 -9.208750 0.802675 -0.005890 0.596388 0.820312 0.222656 1 18 1.000000
knight
  8 6.241409 -2.298728 18.289680 -0.036905 -0.863817 0.502453 0.183594 0.574219 2 8 0.894988 7 0.105012
  8 6.406550 -0.203847 18.866768 0.287993 0.207669 0.934844 0.183594 0.539062 2 8 0.800395 7 0.199605
  8 5.057237 -2.523530 19.792568 0.414951 -0.697066 0.584735 0.164062 0.570312 2 8 0.550266 7 0.449734
knight
  8 5.057237 -2.523530 19.792568 0.414951 -0.697066 0.584735 0.164062 0.570312 2 8 0.550266 7 0.449734
  8 4.608927 -2.716671 16.735603 0.199230 -0.953462 -0.226311 0.164062 0.617188 4 8 0.828733 7 0.078537 1 0.061013 2 0.031717
  8 6.241409 -2.298728 18.289680 -0.036905 -0.863817 0.502453 0.183594 0.574219 2 8 0.894988 7 0.105012
knight
  8 12.881328 -2.285120 10.113506 0.054706 -0.905933 -0.419872 0.546875 0.835938 2 8 0.847800 9 0.152200
  8 6.686726 -3.123330 18.303074 -0.276738 -0.899868 0.337125 0.500000 0.976562 2 8 0.952100 7 0.047900
  8 6.241409 -2.298728 18.289680 -0.036905 -0.863817 0.502453 0.511719 0.984375 2 8 0.894988 7 0.105012
knight
  9 14.055755 -0.345445 10.703972 0.652725 0.217374 0.725740 0.871094 0.417969 2 9 0.505054 8 0.494946
  8 12.881328 -2.285120 10.113506 0.054706 -0.905933 -0.419872 0.832031 0.414062 2 8 0.847800 9 0.152200
  9 13.332874 -2.285120 9.654980 -0.357261 -0.930154 0.084726 0.832031 0.421875 1 9 1.000000
knight
  9 13.332874 -2.285120 9.654980 -0.357261 -0.930154 0.084726 0.546875 0.828125 1 9 1.000000
  8 12.881328 -2.285120 10.113506 0.054706 -0.905933 -0.419872 0.546875 0.835938 2 8 0.847800 9 0.152200
  8 12.384918 -0.955568 9.065388 -0.699921 0.034525 -0.713385 0.570312 0.832031 2 8 0.597301 9 0.402699
knight
  6 0.192999 -2.697348 23.714825 0.000000 -0.776986 -0.629518 0.808594 0.988281 3 6 0.737196 5 0.223699 3 0.039106
  6 -3.321252 -1.458964 24.306309 -0.789177 -0.487798 -0.373167 0.863281 0.980469 2 6 0.830279 5 0.169721
  6 -2.370116 -0.327191 23.615170 -0.625449 -0.053649 -0.778418 0.851562 0.960938 3 6 0.566278 5 0.402703 11 0.031018
knight
  6 3.707250 2.031486 24.257782 0.806321 0.392368 -0.442599 0.742188 0.933594 3 6 0.897371 5 0.095219 4 0.007410
  6 3.707250 -1.458964 24.306309 0.789177 -0.487797 -0.373167 0.757812 0.980469 2 6 0.830285 5 0.169715
  6 2.756114 -0.327191 23.615170 0.625449 -0.053649 -0.778418 0.769531 0.960938 3 6 0.566278 5 0.402858 7 0.030863
knight
  11 -4.582719 1.440047 18.113667 -0.336785 0.907419 0.251331 0.359375 0.593750 1 11 1.000000
  12 -5.019923 -0.354199 20.246197 -0.536283 0.248009 0.806779 0.359375 0.550781 2 12 0.545946 11 0.454054
  11 -2.246477 -0.221406 20.992950 -0.596110 0.206012 0.776023 0.320312 0.550781 4 11 0.643222 5 0.174931 12 0.103124 3 0.078723
end
