version 1
nodes
0 "drill" -1
1 "drill_lever" 0
2 "drill_lever anim_help" 1
3 "drill_spin" 0
4 "drill_claw2" 3
5 "drill_claw1" 3
6 "drill_claw3" 3
7 "drill_claw4" 3
8 "base" -1
9 "ik arm.R" 8
10 "ik leg R" 8
11 "t leg.R" 8
12 "t hand.R" 8
13 "spine low" 8
14 "hip" 13
15 "leg up.R" 14
16 "leg low.R" 15
17 "foot.R" 16
18 "tow.R" 17
19 "leg up.L" 14
20 "leg low.L" 19
21 "foot.L" 20
22 "tow.L" 21
23 "spine up" 13
24 "shoulder.R" 23
25 "arm up.R" 24
26 "arm low.R" 25
27 "hand.R" 26
28 "neck" 23
29 "head" 28
30 "shoulder.L" 23
31 "arm up.L" 30
32 "arm low.L" 31
33 "hand.L" 32
34 "ik arm.L" 8
35 "ik leg L" 8
36 "t leg.L" 8
37 "t hand.L" 8
end
skeleton
  time 0
  0 -7.637909 -23.940334 -7.510374 -0.000000 0.000000 -1.570796
  1 -0.000003 7.632663 5.380287 1.128539 -0.000000 0.000000
  2 0.000001 4.955766 0.000001 -0.005713 -0.000000 0.000000
  3 -0.000002 16.156614 -0.000000 0.000000 -0.000000 0.000000
  4 2.361293 5.150878 2.361294 0.342210 0.786638 0.000223
  5 -2.361291 5.150877 2.361293 0.341975 -0.785981 0.000109
  6 2.361294 5.150878 -2.361293 0.342151 2.355119 0.000140
  7 -2.361290 5.150877 -2.361294 0.341916 -2.355777 0.000192
  8 0.208517 0.000000 -23.612854 1.570796 -0.000000 -1.570796
  9 20.355221 39.010323 11.925809 1.570796 0.000000 -1.570796
  10 8.092663 13.480309 -20.444241 -1.570796 0.000000 0.000000
  11 8.092661 3.215760 0.000002 -1.570796 0.000000 0.000000
  12 26.571421 34.071754 0.907162 0.000000 -0.000000 -2.317688
  13 0.000002 32.454884 0.000000 0.000000 0.000000 0.000000
  14 0.000000 2.088997 0.000000 -3.141593 0.000000 -0.000000
  15 8.092662 5.945972 -0.000004 0.026303 -0.000000 0.000000
  16 0.000003 15.122830 -0.000001 -0.065031 -0.000000 -0.000000
  17 0.000001 10.272251 0.000001 1.609524 0.000001 0.000000
  18 0.000001 4.132121 -1.927664 -0.000000 -0.000000 -0.000000
  19 -8.092660 5.945973 0.000001 0.026303 0.000000 0.000000
  20 0.000003 15.122830 -0.000001 -0.065031 0.000000 -0.000000
  21 0.000002 10.272251 0.000001 1.609524 -0.000001 -0.000000
  22 -0.000001 4.132121 -1.927664 -0.000000 0.000000 -0.000000
  23 0.000001 11.126798 0.000000 0.157211 -0.000000 0.000000
  24 5.835800 2.795459 0.869678 -0.000000 -0.157210 -1.570796
  25 -0.000000 5.475371 0.000000 -0.003019 0.001372 -0.672108
  26 -0.000003 11.557741 -0.000000 -0.041612 -0.001375 0.000747
  27 0.000004 7.947079 -0.000000 0.044504 0.003366 -0.075460
  28 0.000000 6.243678 0.000000 -0.157211 0.000000 -0.000000
  29 0.000000 2.631207 0.000000 -0.000000 -0.000000 -0.000000
  30 -5.835800 2.795459 0.869677 -0.000000 0.157210 1.570796
  31 0.000000 5.475368 0.000000 -0.003019 -0.001372 0.672108
  32 0.000002 11.557739 0.000000 -0.041612 0.001374 -0.000747
  33 -0.000004 7.947080 0.000000 0.044504 -0.003366 0.075460
  34 -20.355219 39.010323 11.925803 1.570796 0.000000 1.570796
  35 -8.092659 13.480309 -20.444241 -1.570796 0.000000 0.000000
  36 -8.092661 3.215760 0.000000 -1.570796 0.000000 0.000000
  37 -26.571417 34.071754 0.907157 0.000000 -0.000000 2.317688
end
triangles
ogre
  1 1.222109 -19.973438 2.971569 -0.661313 0.707107 0.250329 0.990234 0.603516 1 1 1.000000
  1 3.392713 -19.973438 2.149923 0.661313 0.707107 -0.250330 0.990234 0.583984 1 1 1.000000
  1 1.605620 -19.973442 -2.571163 0.661314 0.707106 -0.250330 0.951172 0.583984 1 1 1.000000
ogre
  1 1.222109 -19.973438 2.971569 -0.661313 0.707107 0.250329 0.990234 0.603516 1 1 1.000000
  1 1.605620 -19.973442 -2.571163 0.661314 0.707106 -0.250330 0.951172 0.583984 1 1 1.000000
  1 -0.564984 -19.973442 -1.749512 -0.661313 0.707107 0.250330 0.951172 0.603516 1 1 1.000000
ogre
  1 3.392712 -27.914936 2.149923 0.661313 -0.707107 -0.250330 0.990234 0.681641 1 1 1.000000
  1 1.605620 -27.914934 -2.571163 0.661313 -0.707107 -0.250330 0.951172 0.681641 1 1 1.000000
  1 1.605620 -19.973442 -2.571163 0.661314 0.707106 -0.250330 0.951172 0.744141 1 1 1.000000
ogre
  1 3.392712 -27.914936 2.149923 0.661313 -0.707107 -0.250330 0.990234 0.681641 1 1 1.000000
  1 1.605620 -19.973442 -2.571163 0.661314 0.707106 -0.250330 0.951172 0.744141 1 1 1.000000
  1 3.392713 -19.973438 2.149923 0.661313 0.707107 -0.250330 0.990234 0.744141 1 1 1.000000
ogre
  1 1.222109 -27.914936 2.971569 -0.661313 -0.707107 0.250329 0.990234 0.666016 1 1 1.000000
  1 -0.564984 -27.914934 -1.749512 -0.661313 -0.707107 0.250329 0.951172 0.666016 1 1 1.000000
  1 1.605620 -27.914934 -2.571163 0.661313 -0.707107 -0.250330 0.951172 0.681641 1 1 1.000000
ogre
  1 1.222109 -27.914936 2.971569 -0.661313 -0.707107 0.250329 0.990234 0.666016 1 1 1.000000
  1 1.605620 -27.914934 -2.571163 0.661313 -0.707107 -0.250330 0.951172 0.681641 1 1 1.000000
  1 3.392712 -27.914936 2.149923 0.661313 -0.707107 -0.250330 0.990234 0.681641 1 1 1.000000
ogre
  1 3.844781 -29.223120 1.724125 0.763618 -0.577350 -0.289056 0.150391 0.013672 1 1 1.000000
  1 2.836956 -29.223120 3.959681 0.289056 -0.577350 0.763618 0.150391 0.033203 1 1 1.000000
  1 0.601399 -29.223120 2.951860 -0.763618 -0.577350 0.289056 0.169922 0.033203 1 1 1.000000
ogre
  1 3.844781 -29.223120 1.724125 0.763618 -0.577350 -0.289056 0.150391 0.013672 1 1 1.000000
  1 0.601399 -29.223120 2.951860 -0.763618 -0.577350 0.289056 0.169922 0.033203 1 1 1.000000
  1 1.609225 -29.223120 0.716303 -0.289056 -0.577350 -0.763618 0.169922 0.013672 1 1 1.000000
ogre
  1 1.609225 -29.223120 0.716303 -0.289056 -0.577350 -0.763618 0.169922 0.091797 1 1 1.000000
  1 1.609225 -18.665257 0.716303 -0.289056 0.577350 -0.763618 0.251953 0.091797 1 1 1.000000
  1 3.844782 -18.665257 1.724125 0.763618 0.577350 -0.289056 0.251953 0.072266 1 1 1.000000
ogre
  1 1.609225 -29.223120 0.716303 -0.289056 -0.577350 -0.763618 0.169922 0.091797 1 1 1.000000
  1 3.844782 -18.665257 1.724125 0.763618 0.577350 -0.289056 0.251953 0.072266 1 1 1.000000
  1 3.844781 -29.223120 1.724125 0.763618 -0.577350 -0.289056 0.169922 0.072266 1 1 1.000000
ogre
  1 2.836956 -29.223120 3.959681 0.289056 -0.577350 0.763618 0.169922 0.052734 1 1 1.000000
  1 2.836957 -18.665257 3.959681 0.289057 0.577350 0.763618 0.251953 0.052734 1 1 1.000000
  1 0.601400 -18.665257 2.951860 -0.763618 0.577350 0.289056 0.251953 0.033203 1 1 1.000000
ogre
  1 2.836956 -29.223120 3.959681 0.289056 -0.577350 0.763618 0.169922 0.052734 1 1 1.000000
  1 0.601400 -18.665257 2.951860 -0.763618 0.577350 0.289056 0.251953 0.033203 1 1 1.000000
  1 0.601399 -29.223120 2.951860 -0.763618 -0.577350 0.289056 0.169922 0.033203 1 1 1.000000
ogre
  1 1.222109 -27.914936 2.971569 -0.661313 -0.707107 0.250329 0.990234 0.666016 1 1 1.000000
  1 1.222109 -19.973438 2.971569 -0.661313 0.707107 0.250329 0.990234 0.603516 1 1 1.000000
  1 -0.564984 -19.973442 -1.749512 -0.661313 0.707107 0.250330 0.951172 0.603516 1 1 1.000000
ogre
  1 1.222109 -27.914936 2.971569 -0.661313 -0.707107 0.250329 0.990234 0.666016 1 1 1.000000
  1 -0.564984 -19.973442 -1.749512 -0.661313 0.707107 0.250330 0.951172 0.603516 1 1 1.000000
  1 -0.564984 -27.914934 -1.749512 -0.661313 -0.707107 0.250329 0.951172 0.666016 1 1 1.000000
ogre
  1 1.609225 -29.223120 0.716303 -0.289056 -0.577350 -0.763618 0.169922 0.013672 1 1 1.000000
  1 0.601399 -29.223120 2.951860 -0.763618 -0.577350 0.289056 0.169922 0.033203 1 1 1.000000
  1 0.601400 -18.665257 2.951860 -0.763618 0.577350 0.289056 0.251953 0.033203 1 1 1.000000
ogre
  1 1.609225 -29.223120 0.716303 -0.289056 -0.577350 -0.763618 0.169922 0.013672 1 1 1.000000
  1 0.601400 -18.665257 2.951860 -0.763618 0.577350 0.289056 0.251953 0.033203 1 1 1.000000
  1 1.609225 -18.665257 0.716303 -0.289056 0.577350 -0.763618 0.251953 0.013672 1 1 1.000000
ogre
  1 3.844782 -18.665257 1.724125 0.763618 0.577350 -0.289056 0.271484 0.013672 1 1 1.000000
  1 1.609225 -18.665257 0.716303 -0.289056 0.577350 -0.763618 0.251953 0.013672 1 1 1.000000
  1 0.601400 -18.665257 2.951860 -0.763618 0.577350 0.289056 0.251953 0.033203 1 1 1.000000
ogre
  1 3.844782 -18.665257 1.724125 0.763618 0.577350 -0.289056 0.271484 0.013672 1 1 1.000000
  1 0.601400 -18.665257 2.951860 -0.763618 0.577350 0.289056 0.251953 0.033203 1 1 1.000000
  1 2.836957 -18.665257 3.959681 0.289057 0.577350 0.763618 0.271484 0.033203 1 1 1.000000
ogre
  1 3.844781 -29.223120 1.724125 0.763618 -0.577350 -0.289056 0.169922 0.072266 1 1 1.000000
  1 3.844782 -18.665257 1.724125 0.763618 0.577350 -0.289056 0.251953 0.072266 1 1 1.000000
  1 2.836957 -18.665257 3.959681 0.289057 0.577350 0.763618 0.251953 0.052734 1 1 1.000000
ogre
  1 3.844781 -29.223120 1.724125 0.763618 -0.577350 -0.289056 0.169922 0.072266 1 1 1.000000
  1 2.836957 -18.665257 3.959681 0.289057 0.577350 0.763618 0.251953 0.052734 1 1 1.000000
  1 2.836956 -29.223120 3.959681 0.289056 -0.577350 0.763618 0.169922 0.052734 1 1 1.000000
ogre
  3 14.109134 -28.588680 -7.512915 0.415005 -0.909819 0.000066 0.779297 0.826172 3 3 0.333333 4 0.333333 6 0.333333
  3 14.109134 -23.944189 -2.860945 0.418435 -0.002072 0.908244 0.822266 0.869141 3 3 0.333333 5 0.333333 4 0.333333
  4 30.986418 -30.522472 -0.939138 0.974443 -0.157483 0.160187 0.900391 0.748047 1 4 1.000000
ogre
  3 14.109134 -28.588680 -7.512915 0.415005 -0.909819 0.000066 0.802734 0.330078 3 3 0.333333 4 0.333333 6 0.333333
  3 11.647150 -27.622042 -7.512915 -0.876218 -0.481916 -0.000277 0.822266 0.330078 1 3 1.000000
  6 11.700761 -29.414619 -12.987856 -0.776725 -0.443516 -0.447205 0.822266 0.287109 1 6 1.000000
ogre
  3 14.109134 -28.588680 -7.512915 0.415005 -0.909819 0.000066 0.802734 0.330078 3 3 0.333333 4 0.333333 6 0.333333
  6 11.700761 -29.414619 -12.987856 -0.776725 -0.443516 -0.447205 0.822266 0.287109 1 6 1.000000
  6 14.109137 -30.522482 -14.086698 -0.273165 -0.680460 -0.679967 0.802734 0.287109 1 6 1.000000
ogre
  4 30.986418 -30.522472 -0.939138 0.974443 -0.157483 0.160187 0.662109 0.373047 1 4 1.000000
  4 14.109137 -30.522482 -0.939133 -0.273189 -0.680382 0.680035 0.802734 0.373047 1 4 1.000000
  3 14.109134 -28.588680 -7.512915 0.415005 -0.909819 0.000066 0.802734 0.330078 3 3 0.333333 4 0.333333 6 0.333333
ogre
  3 14.109134 -19.292219 -7.512915 0.411734 0.911304 -0.000265 0.779297 0.912109 3 3 0.333333 5 0.333333 7 0.333333
  5 30.986418 -17.370411 -0.934629 0.974296 0.159210 0.159374 0.900391 0.990234 1 5 1.000000
  3 14.109134 -23.944189 -2.860945 0.418435 -0.002072 0.908244 0.822266 0.869141 3 3 0.333333 5 0.333333 4 0.333333
ogre
  3 14.109134 -19.292219 -7.512915 0.411734 0.911304 -0.000265 0.802734 0.501953 3 3 0.333333 5 0.333333 7 0.333333
  3 11.671024 -20.327353 -7.512915 -0.877486 0.479601 -0.001071 0.822266 0.501953 1 3 1.000000
  5 11.700762 -18.473757 -2.037973 -0.782671 0.440860 0.439395 0.822266 0.458984 1 5 1.000000
ogre
  3 14.109134 -19.292219 -7.512915 0.411734 0.911304 -0.000265 0.802734 0.501953 3 3 0.333333 5 0.333333 7 0.333333
  5 11.700762 -18.473757 -2.037973 -0.782671 0.440860 0.439395 0.822266 0.458984 1 5 1.000000
  5 14.109138 -17.370411 -0.934622 -0.278636 0.678987 0.679219 0.802734 0.458984 1 5 1.000000
ogre
  3 14.109134 -19.292219 -7.512915 0.411734 0.911304 -0.000265 0.802734 0.501953 3 3 0.333333 5 0.333333 7 0.333333
  7 14.109138 -17.370407 -14.091207 -0.273200 0.679240 -0.681172 0.802734 0.544922 1 7 1.000000
  7 11.700762 -18.469244 -12.983347 -0.775539 0.445403 -0.447387 0.822266 0.544922 1 7 1.000000
ogre
  3 14.109134 -19.292219 -7.512915 0.411734 0.911304 -0.000265 0.802734 0.501953 3 3 0.333333 5 0.333333 7 0.333333
  7 11.700762 -18.469244 -12.983347 -0.775539 0.445403 -0.447387 0.822266 0.544922 1 7 1.000000
  3 11.671024 -20.327353 -7.512915 -0.877486 0.479601 -0.001071 0.822266 0.501953 1 3 1.000000
ogre
  6 30.986418 -30.522472 -14.086698 0.974253 -0.159502 -0.159340 0.662109 0.287109 1 6 1.000000
  6 14.109137 -30.522482 -14.086698 -0.273165 -0.680460 -0.679967 0.802734 0.287109 1 6 1.000000
  3 14.109134 -23.944189 -12.157406 0.420755 -0.000573 -0.907174 0.802734 0.244141 3 3 0.333333 6 0.333333 7 0.333333
ogre
  3 14.109134 -28.588680 -7.512915 0.415005 -0.909819 0.000066 0.779297 0.826172 3 3 0.333333 4 0.333333 6 0.333333
  6 30.986418 -30.522472 -14.086698 0.974253 -0.159502 -0.159340 0.658203 0.748047 1 6 1.000000
  3 14.109134 -23.944189 -12.157406 0.420755 -0.000573 -0.907174 0.736328 0.869141 3 3 0.333333 6 0.333333 7 0.333333
ogre
  6 14.109137 -30.522482 -14.086698 -0.273165 -0.680460 -0.679967 0.802734 0.287109 1 6 1.000000
  6 11.700761 -29.414619 -12.987856 -0.776725 -0.443516 -0.447205 0.822266 0.287109 1 6 1.000000
  3 11.671024 -23.944187 -11.129754 -0.873147 0.002140 -0.487452 0.822266 0.244141 1 3 1.000000
ogre
  6 14.109137 -30.522482 -14.086698 -0.273165 -0.680460 -0.679967 0.802734 0.287109 1 6 1.000000
  3 11.671024 -23.944187 -11.129754 -0.873147 0.002140 -0.487452 0.822266 0.244141 1 3 1.000000
  3 14.109134 -23.944189 -12.157406 0.420755 -0.000573 -0.907174 0.802734 0.244141 3 3 0.333333 6 0.333333 7 0.333333
ogre
  3 14.109134 -23.944189 -2.860945 0.418435 -0.002072 0.908244 0.822266 0.869141 3 3 0.333333 5 0.333333 4 0.333333
  3 12.541294 -23.944187 -7.512915 1.000000 0.000001 0.000208 0.779297 0.869141 1 3 1.000000
  3 14.109134 -19.292219 -7.512915 0.411734 0.911304 -0.000265 0.779297 0.912109 3 3 0.333333 5 0.333333 7 0.333333
ogre
  5 30.986418 -17.370411 -0.934629 0.974296 0.159210 0.159374 0.662109 0.458984 1 5 1.000000
  3 14.109134 -19.292219 -7.512915 0.411734 0.911304 -0.000265 0.802734 0.501953 3 3 0.333333 5 0.333333 7 0.333333
  5 14.109138 -17.370411 -0.934622 -0.278636 0.678987 0.679219 0.802734 0.458984 1 5 1.000000
ogre
  7 14.109138 -17.370407 -14.091207 -0.273200 0.679240 -0.681172 0.802734 0.544922 1 7 1.000000
  3 14.109134 -23.944189 -12.157406 0.420755 -0.000573 -0.907174 0.802734 0.587891 3 3 0.333333 6 0.333333 7 0.333333
  3 11.671024 -23.944187 -11.129754 -0.873147 0.002140 -0.487452 0.822266 0.587891 1 3 1.000000
ogre
  7 14.109138 -17.370407 -14.091207 -0.273200 0.679240 -0.681172 0.802734 0.544922 1 7 1.000000
  3 11.671024 -23.944187 -11.129754 -0.873147 0.002140 -0.487452 0.822266 0.587891 1 3 1.000000
  7 11.700762 -18.469244 -12.983347 -0.775539 0.445403 -0.447387 0.822266 0.544922 1 7 1.000000
ogre
  7 30.986418 -17.370411 -14.091200 0.974336 0.157047 -0.161260 0.662109 0.544922 1 7 1.000000
  3 14.109134 -23.944189 -12.157406 0.420755 -0.000573 -0.907174 0.802734 0.587891 3 3 0.333333 6 0.333333 7 0.333333
  7 14.109138 -17.370407 -14.091207 -0.273200 0.679240 -0.681172 0.802734 0.544922 1 7 1.000000
ogre
  3 14.109134 -19.292219 -7.512915 0.411734 0.911304 -0.000265 0.779297 0.912109 3 3 0.333333 5 0.333333 7 0.333333
  3 14.109134 -23.944189 -12.157406 0.420755 -0.000573 -0.907174 0.736328 0.869141 3 3 0.333333 6 0.333333 7 0.333333
  7 30.986418 -17.370411 -14.091200 0.974336 0.157047 -0.161260 0.658203 0.990234 1 7 1.000000
ogre
  3 14.109134 -23.944189 -12.157406 0.420755 -0.000573 -0.907174 0.736328 0.869141 3 3 0.333333 6 0.333333 7 0.333333
  3 12.541294 -23.944187 -7.512915 1.000000 0.000001 0.000208 0.779297 0.869141 1 3 1.000000
  3 14.109134 -28.588680 -7.512915 0.415005 -0.909819 0.000066 0.779297 0.826172 3 3 0.333333 4 0.333333 6 0.333333
ogre
  3 14.109134 -23.944189 -12.157406 0.420755 -0.000573 -0.907174 0.736328 0.869141 3 3 0.333333 6 0.333333 7 0.333333
  3 14.109134 -19.292219 -7.512915 0.411734 0.911304 -0.000265 0.779297 0.912109 3 3 0.333333 5 0.333333 7 0.333333
  3 12.541294 -23.944187 -7.512915 1.000000 0.000001 0.000208 0.779297 0.869141 1 3 1.000000
ogre
  3 14.109134 -28.588680 -7.512915 0.415005 -0.909819 0.000066 0.802734 0.330078 3 3 0.333333 4 0.333333 6 0.333333
  4 14.109137 -30.522482 -0.939133 -0.273189 -0.680382 0.680035 0.802734 0.373047 1 4 1.000000
  4 11.700761 -29.414619 -2.037973 -0.778003 -0.442153 0.446331 0.822266 0.373047 1 4 1.000000
ogre
  3 14.109134 -28.588680 -7.512915 0.415005 -0.909819 0.000066 0.802734 0.330078 3 3 0.333333 4 0.333333 6 0.333333
  4 11.700761 -29.414619 -2.037973 -0.778003 -0.442153 0.446331 0.822266 0.373047 1 4 1.000000
  3 11.647150 -27.622042 -7.512915 -0.876218 -0.481916 -0.000277 0.822266 0.330078 1 3 1.000000
ogre
  6 30.986418 -30.522472 -14.086698 0.974253 -0.159502 -0.159340 0.662109 0.287109 1 6 1.000000
  3 14.109134 -28.588680 -7.512915 0.415005 -0.909819 0.000066 0.802734 0.330078 3 3 0.333333 4 0.333333 6 0.333333
  6 14.109137 -30.522482 -14.086698 -0.273165 -0.680460 -0.679967 0.802734 0.287109 1 6 1.000000
ogre
  4 14.109137 -30.522482 -0.939133 -0.273189 -0.680382 0.680035 0.802734 0.373047 1 4 1.000000
  3 14.109134 -23.944189 -2.860945 0.418435 -0.002072 0.908244 0.802734 0.416016 3 3 0.333333 5 0.333333 4 0.333333
  3 11.647150 -23.944187 -3.835060 -0.874445 -0.000022 0.485124 0.822266 0.416016 1 3 1.000000
ogre
  4 14.109137 -30.522482 -0.939133 -0.273189 -0.680382 0.680035 0.802734 0.373047 1 4 1.000000
  3 11.647150 -23.944187 -3.835060 -0.874445 -0.000022 0.485124 0.822266 0.416016 1 3 1.000000
  4 11.700761 -29.414619 -2.037973 -0.778003 -0.442153 0.446331 0.822266 0.373047 1 4 1.000000
ogre
  7 30.986418 -17.370411 -14.091200 0.974336 0.157047 -0.161260 0.662109 0.544922 1 7 1.000000
  7 14.109138 -17.370407 -14.091207 -0.273200 0.679240 -0.681172 0.802734 0.544922 1 7 1.000000
  3 14.109134 -19.292219 -7.512915 0.411734 0.911304 -0.000265 0.802734 0.501953 3 3 0.333333 5 0.333333 7 0.333333
ogre
  4 30.986418 -30.522472 -0.939138 0.974443 -0.157483 0.160187 0.662109 0.373047 1 4 1.000000
  3 14.109134 -23.944189 -2.860945 0.418435 -0.002072 0.908244 0.802734 0.416016 3 3 0.333333 5 0.333333 4 0.333333
  4 14.109137 -30.522482 -0.939133 -0.273189 -0.680382 0.680035 0.802734 0.373047 1 4 1.000000
ogre
  5 30.986418 -17.370411 -0.934629 0.974296 0.159210 0.159374 0.662109 0.458984 1 5 1.000000
  5 14.109138 -17.370411 -0.934622 -0.278636 0.678987 0.679219 0.802734 0.458984 1 5 1.000000
  3 14.109134 -23.944189 -2.860945 0.418435 -0.002072 0.908244 0.802734 0.416016 3 3 0.333333 5 0.333333 4 0.333333
ogre
  3 14.109134 -28.588680 -7.512915 0.415005 -0.909819 0.000066 0.779297 0.826172 3 3 0.333333 4 0.333333 6 0.333333
  3 12.541294 -23.944187 -7.512915 1.000000 0.000001 0.000208 0.779297 0.869141 1 3 1.000000
  3 14.109134 -23.944189 -2.860945 0.418435 -0.002072 0.908244 0.822266 0.869141 3 3 0.333333 5 0.333333 4 0.333333
ogre
  3 14.109134 -23.944189 -2.860945 0.418435 -0.002072 0.908244 0.802734 0.416016 3 3 0.333333 5 0.333333 4 0.333333
  5 14.109138 -17.370411 -0.934622 -0.278636 0.678987 0.679219 0.802734 0.458984 1 5 1.000000
  5 11.700762 -18.473757 -2.037973 -0.782671 0.440860 0.439395 0.822266 0.458984 1 5 1.000000
ogre
  3 14.109134 -23.944189 -2.860945 0.418435 -0.002072 0.908244 0.802734 0.416016 3 3 0.333333 5 0.333333 4 0.333333
  5 11.700762 -18.473757 -2.037973 -0.782671 0.440860 0.439395 0.822266 0.458984 1 5 1.000000
  3 11.647150 -23.944187 -3.835060 -0.874445 -0.000022 0.485124 0.822266 0.416016 1 3 1.000000
ogre
  3 11.671024 -20.327353 -7.512915 -0.877486 0.479601 -0.001071 0.443359 0.080078 1 3 1.000000
  3 11.647150 -23.944187 -3.835060 -0.874445 -0.000022 0.485124 0.416016 0.052734 1 3 1.000000
  5 11.700762 -18.473757 -2.037973 -0.782671 0.440860 0.439395 0.400391 0.095703 1 5 1.000000
ogre
  3 11.647150 -23.944187 -3.835060 -0.874445 -0.000022 0.485124 0.416016 0.052734 1 3 1.000000
  3 11.647150 -27.622042 -7.512915 -0.876218 -0.481916 -0.000277 0.443359 0.025391 1 3 1.000000
  4 11.700761 -29.414619 -2.037973 -0.778003 -0.442153 0.446331 0.400391 0.009766 1 4 1.000000
ogre
  3 11.671024 -23.944187 -11.129754 -0.873147 0.002140 -0.487452 0.470703 0.052734 1 3 1.000000
  6 11.700761 -29.414619 -12.987856 -0.776725 -0.443516 -0.447205 0.486328 0.009766 1 6 1.000000
  3 11.647150 -27.622042 -7.512915 -0.876218 -0.481916 -0.000277 0.443359 0.025391 1 3 1.000000
ogre
  3 11.647150 -23.944187 -3.835060 -0.874445 -0.000022 0.485124 0.416016 0.052734 1 3 1.000000
  3 11.671024 -20.327353 -7.512915 -0.877486 0.479601 -0.001071 0.443359 0.080078 1 3 1.000000
  3 11.671024 -23.944187 -11.129754 -0.873147 0.002140 -0.487452 0.470703 0.052734 1 3 1.000000
ogre
  3 11.647150 -23.944187 -3.835060 -0.874445 -0.000022 0.485124 0.416016 0.052734 1 3 1.000000
  3 11.671024 -23.944187 -11.129754 -0.873147 0.002140 -0.487452 0.470703 0.052734 1 3 1.000000
  3 11.647150 -27.622042 -7.512915 -0.876218 -0.481916 -0.000277 0.443359 0.025391 1 3 1.000000
ogre
  3 11.671024 -23.944187 -11.129754 -0.873147 0.002140 -0.487452 0.470703 0.052734 1 3 1.000000
  3 11.671024 -20.327353 -7.512915 -0.877486 0.479601 -0.001071 0.443359 0.080078 1 3 1.000000
  7 11.700762 -18.469244 -12.983347 -0.775539 0.445403 -0.447387 0.486328 0.095703 1 7 1.000000
ogre
  0 9.013720 -28.318136 -3.684450 0.797927 -0.442294 0.409497 0.716797 0.017578 1 0 1.000000
  0 6.487561 -29.859978 -4.474377 0.288161 -0.940448 0.180334 0.724609 0.041016 1 0 1.000000
  0 6.487561 -29.859982 -10.370220 0.271321 -0.935172 -0.227681 0.767578 0.041016 1 0 1.000000
ogre
  0 9.013720 -28.318136 -3.684450 0.797927 -0.442294 0.409497 0.716797 0.017578 1 0 1.000000
  0 6.487561 -29.859982 -10.370220 0.271321 -0.935172 -0.227681 0.767578 0.041016 1 0 1.000000
  0 9.013720 -28.318136 -11.341379 0.758275 -0.436360 -0.484365 0.779297 0.017578 1 0 1.000000
ogre
  0 -11.751829 -19.570240 -13.218963 -0.377274 0.427802 -0.821371 0.865234 0.181641 1 0 1.000000
  0 -13.944855 -19.570238 -10.969738 -0.821288 0.464751 -0.330897 0.880859 0.201172 1 0 1.000000
  0 -11.219722 -18.028399 -10.088509 -0.275433 0.953877 -0.119393 0.892578 0.177734 1 0 1.000000
ogre
  0 -11.751829 -19.570240 -13.218963 -0.377274 0.427802 -0.821371 0.865234 0.181641 1 0 1.000000
  0 -11.219722 -18.028399 -10.088509 -0.275433 0.953877 -0.119393 0.892578 0.177734 1 0 1.000000
  0 -9.531094 -18.028395 -11.820406 -0.090824 0.911049 -0.402169 0.880859 0.162109 1 0 1.000000
ogre
  0 -13.944855 -28.318130 -4.101639 -0.768474 -0.436219 0.468146 0.857422 0.396484 1 0 1.000000
  0 -6.102718 -28.318132 -0.395298 -0.202952 -0.383041 0.901160 0.857422 0.466797 1 0 1.000000
  0 -6.102718 -19.570240 -0.395298 -0.202952 0.383041 0.901160 0.923828 0.466797 1 0 1.000000
ogre
  0 -13.944855 -28.318130 -4.101639 -0.768474 -0.436219 0.468146 0.857422 0.396484 1 0 1.000000
  0 -6.102718 -19.570240 -0.395298 -0.202952 0.383041 0.901160 0.923828 0.466797 1 0 1.000000
  0 -13.944855 -19.570238 -4.101639 -0.768474 0.436219 0.468145 0.923828 0.396484 1 0 1.000000
ogre
  0 -13.944855 -28.318130 -10.969738 -0.821288 -0.464750 -0.330897 0.779297 0.201172 1 0 1.000000
  0 -11.219729 -29.859974 -10.088509 -0.275434 -0.953877 -0.119393 0.767578 0.177734 1 0 1.000000
  0 -11.219729 -29.859974 -4.800072 -0.273961 -0.930739 0.242221 0.728516 0.177734 1 0 1.000000
ogre
  0 -13.944855 -28.318130 -10.969738 -0.821288 -0.464750 -0.330897 0.779297 0.201172 1 0 1.000000
  0 -11.219729 -29.859974 -4.800072 -0.273961 -0.930739 0.242221 0.728516 0.177734 1 0 1.000000
  0 -13.944855 -28.318130 -4.101639 -0.768474 -0.436219 0.468146 0.720703 0.201172 1 0 1.000000
ogre
  0 -6.102718 -28.318132 -0.395298 -0.202952 -0.383041 0.901160 0.857422 0.466797 1 0 1.000000
  0 4.237938 -28.318136 -0.395298 0.287449 -0.407991 0.866554 0.857422 0.544922 1 0 1.000000
  0 4.237938 -19.570240 -0.395298 0.287449 0.407991 0.866554 0.923828 0.544922 1 0 1.000000
ogre
  0 -6.102718 -28.318132 -0.395298 -0.202952 -0.383041 0.901160 0.857422 0.466797 1 0 1.000000
  0 4.237938 -19.570240 -0.395298 0.287449 0.407991 0.866554 0.923828 0.544922 1 0 1.000000
  0 -6.102718 -19.570240 -0.395298 -0.202952 0.383041 0.901160 0.923828 0.466797 1 0 1.000000
ogre
  0 -13.944855 -28.318130 -4.101639 -0.768474 -0.436219 0.468146 0.720703 0.201172 1 0 1.000000
  0 -11.219729 -29.859974 -4.800072 -0.273961 -0.930739 0.242221 0.728516 0.177734 1 0 1.000000
  0 -5.765067 -29.859974 -1.970831 -0.091829 -0.912625 0.398351 0.705078 0.134766 1 0 1.000000
ogre
  0 -13.944855 -28.318130 -4.101639 -0.768474 -0.436219 0.468146 0.720703 0.201172 1 0 1.000000
  0 -5.765067 -29.859974 -1.970831 -0.091829 -0.912625 0.398351 0.705078 0.134766 1 0 1.000000
  0 -6.102718 -28.318132 -0.395298 -0.202952 -0.383041 0.901160 0.685547 0.142578 1 0 1.000000
ogre
  0 4.676539 -28.318132 -13.218963 0.205453 -0.392663 -0.896440 0.794922 0.052734 1 0 1.000000
  0 -11.751829 -28.318132 -13.218963 -0.377274 -0.427802 -0.821371 0.794922 0.181641 1 0 1.000000
  0 -11.751829 -19.570240 -13.218963 -0.377274 0.427802 -0.821371 0.865234 0.181641 1 0 1.000000
ogre
  0 4.676539 -28.318132 -13.218963 0.205453 -0.392663 -0.896440 0.794922 0.052734 1 0 1.000000
  0 -11.751829 -19.570240 -13.218963 -0.377274 0.427802 -0.821371 0.865234 0.181641 1 0 1.000000
  0 4.676539 -19.570240 -13.218956 0.205453 0.392663 -0.896440 0.865234 0.052734 1 0 1.000000
ogre
  0 4.237938 -28.318136 -0.395298 0.287449 -0.407991 0.866554 0.685547 0.056641 1 0 1.000000
  0 2.810212 -29.859974 -1.970831 0.085496 -0.918071 0.387086 0.705078 0.068359 1 0 1.000000
  0 6.487561 -29.859978 -4.474377 0.288161 -0.940448 0.180334 0.724609 0.041016 1 0 1.000000
ogre
  0 4.237938 -28.318136 -0.395298 0.287449 -0.407991 0.866554 0.685547 0.056641 1 0 1.000000
  0 6.487561 -29.859978 -4.474377 0.288161 -0.940448 0.180334 0.724609 0.041016 1 0 1.000000
  0 9.013720 -28.318136 -3.684450 0.797927 -0.442294 0.409497 0.716797 0.017578 1 0 1.000000
ogre
  0 -6.102718 -28.318132 -0.395298 -0.202952 -0.383041 0.901160 0.685547 0.142578 1 0 1.000000
  0 -5.765067 -29.859974 -1.970831 -0.091829 -0.912625 0.398351 0.705078 0.134766 1 0 1.000000
  0 2.810212 -29.859974 -1.970831 0.085496 -0.918071 0.387086 0.705078 0.068359 1 0 1.000000
ogre
  0 -6.102718 -28.318132 -0.395298 -0.202952 -0.383041 0.901160 0.685547 0.142578 1 0 1.000000
  0 2.810212 -29.859974 -1.970831 0.085496 -0.918071 0.387086 0.705078 0.068359 1 0 1.000000
  0 4.237938 -28.318136 -0.395298 0.287449 -0.407991 0.866554 0.685547 0.056641 1 0 1.000000
ogre
  0 9.013720 -28.318136 -11.341379 0.758275 -0.436360 -0.484365 0.857422 0.650391 1 0 1.000000
  0 4.676539 -28.318132 -13.218963 0.205453 -0.392663 -0.896440 0.857422 0.689453 1 0 1.000000
  0 4.676539 -19.570240 -13.218956 0.205453 0.392663 -0.896440 0.923828 0.689453 1 0 1.000000
ogre
  0 9.013720 -28.318136 -11.341379 0.758275 -0.436360 -0.484365 0.857422 0.650391 1 0 1.000000
  0 4.676539 -19.570240 -13.218956 0.205453 0.392663 -0.896440 0.923828 0.689453 1 0 1.000000
  0 9.013720 -19.570236 -11.341379 0.758275 0.436360 -0.484365 0.923828 0.650391 1 0 1.000000
ogre
  0 9.013720 -28.318136 -11.341379 0.758275 -0.436360 -0.484365 0.779297 0.017578 1 0 1.000000
  0 6.487561 -29.859982 -10.370220 0.271321 -0.935172 -0.227681 0.767578 0.041016 1 0 1.000000
  0 3.147934 -29.859978 -11.820406 0.054620 -0.909113 -0.412954 0.779297 0.068359 1 0 1.000000
ogre
  0 9.013720 -28.318136 -11.341379 0.758275 -0.436360 -0.484365 0.779297 0.017578 1 0 1.000000
  0 3.147934 -29.859978 -11.820406 0.054620 -0.909113 -0.412954 0.779297 0.068359 1 0 1.000000
  0 4.676539 -28.318132 -13.218963 0.205453 -0.392663 -0.896440 0.794922 0.052734 1 0 1.000000
ogre
  0 -11.751829 -28.318132 -13.218963 -0.377274 -0.427802 -0.821371 0.857422 0.318359 1 0 1.000000
  0 -13.944855 -28.318130 -10.969738 -0.821288 -0.464750 -0.330897 0.857422 0.345703 1 0 1.000000
  0 -13.944855 -19.570238 -10.969738 -0.821288 0.464751 -0.330897 0.923828 0.345703 1 0 1.000000
ogre
  0 -11.751829 -28.318132 -13.218963 -0.377274 -0.427802 -0.821371 0.857422 0.318359 1 0 1.000000
  0 -13.944855 -19.570238 -10.969738 -0.821288 0.464751 -0.330897 0.923828 0.345703 1 0 1.000000
  0 -11.751829 -19.570240 -13.218963 -0.377274 0.427802 -0.821371 0.923828 0.318359 1 0 1.000000
ogre
  0 -13.944855 -28.318130 -10.969738 -0.821288 -0.464750 -0.330897 0.857422 0.345703 1 0 1.000000
  0 -13.944855 -28.318130 -4.101639 -0.768474 -0.436219 0.468146 0.857422 0.396484 1 0 1.000000
  0 -13.944855 -19.570238 -4.101639 -0.768474 0.436219 0.468145 0.923828 0.396484 1 0 1.000000
ogre
  0 -13.944855 -28.318130 -10.969738 -0.821288 -0.464750 -0.330897 0.857422 0.345703 1 0 1.000000
  0 -13.944855 -19.570238 -4.101639 -0.768474 0.436219 0.468145 0.923828 0.396484 1 0 1.000000
  0 -13.944855 -19.570238 -10.969738 -0.821288 0.464751 -0.330897 0.923828 0.345703 1 0 1.000000
ogre
  0 4.676539 -28.318132 -13.218963 0.205453 -0.392663 -0.896440 0.794922 0.052734 1 0 1.000000
  0 3.147934 -29.859978 -11.820406 0.054620 -0.909113 -0.412954 0.779297 0.068359 1 0 1.000000
  0 -9.531097 -29.859974 -11.820406 -0.090824 -0.911049 -0.402169 0.779297 0.162109 1 0 1.000000
ogre
  0 4.676539 -28.318132 -13.218963 0.205453 -0.392663 -0.896440 0.794922 0.052734 1 0 1.000000
  0 -9.531097 -29.859974 -11.820406 -0.090824 -0.911049 -0.402169 0.779297 0.162109 1 0 1.000000
  0 -11.751829 -28.318132 -13.218963 -0.377274 -0.427802 -0.821371 0.794922 0.181641 1 0 1.000000
ogre
  0 6.487561 -29.859982 -10.370220 0.271321 -0.935172 -0.227681 0.767578 0.041016 1 0 1.000000
  0 6.487561 -29.859978 -4.474377 0.288161 -0.940448 0.180334 0.724609 0.041016 1 0 1.000000
  0 2.810212 -29.859974 -1.970831 0.085496 -0.918071 0.387086 0.705078 0.068359 1 0 1.000000
ogre
  0 2.810212 -29.859974 -1.970831 0.085496 -0.918071 0.387086 0.705078 0.068359 1 0 1.000000
  0 -5.765067 -29.859974 -1.970831 -0.091829 -0.912625 0.398351 0.705078 0.134766 1 0 1.000000
  0 -11.219729 -29.859974 -4.800072 -0.273961 -0.930739 0.242221 0.728516 0.177734 1 0 1.000000
ogre
  0 -11.219729 -29.859974 -4.800072 -0.273961 -0.930739 0.242221 0.728516 0.177734 1 0 1.000000
  0 -11.219729 -29.859974 -10.088509 -0.275434 -0.953877 -0.119393 0.767578 0.177734 1 0 1.000000
  0 -9.531097 -29.859974 -11.820406 -0.090824 -0.911049 -0.402169 0.779297 0.162109 1 0 1.000000
ogre
  0 -9.531097 -29.859974 -11.820406 -0.090824 -0.911049 -0.402169 0.779297 0.162109 1 0 1.000000
  0 3.147934 -29.859978 -11.820406 0.054620 -0.909113 -0.412954 0.779297 0.068359 1 0 1.000000
  0 6.487561 -29.859982 -10.370220 0.271321 -0.935172 -0.227681 0.767578 0.041016 1 0 1.000000
ogre
  0 6.487561 -29.859982 -10.370220 0.271321 -0.935172 -0.227681 0.767578 0.041016 1 0 1.000000
  0 2.810212 -29.859974 -1.970831 0.085496 -0.918071 0.387086 0.705078 0.068359 1 0 1.000000
  0 -11.219729 -29.859974 -4.800072 -0.273961 -0.930739 0.242221 0.728516 0.177734 1 0 1.000000
ogre
  0 -11.219729 -29.859974 -4.800072 -0.273961 -0.930739 0.242221 0.728516 0.177734 1 0 1.000000
  0 -9.531097 -29.859974 -11.820406 -0.090824 -0.911049 -0.402169 0.779297 0.162109 1 0 1.000000
  0 6.487561 -29.859982 -10.370220 0.271321 -0.935172 -0.227681 0.767578 0.041016 1 0 1.000000
ogre
  0 -11.751829 -28.318132 -13.218963 -0.377274 -0.427802 -0.821371 0.794922 0.181641 1 0 1.000000
  0 -9.531097 -29.859974 -11.820406 -0.090824 -0.911049 -0.402169 0.779297 0.162109 1 0 1.000000
  0 -11.219729 -29.859974 -10.088509 -0.275434 -0.953877 -0.119393 0.767578 0.177734 1 0 1.000000
ogre
  0 -11.751829 -28.318132 -13.218963 -0.377274 -0.427802 -0.821371 0.794922 0.181641 1 0 1.000000
  0 -11.219729 -29.859974 -10.088509 -0.275434 -0.953877 -0.119393 0.767578 0.177734 1 0 1.000000
  0 -13.944855 -28.318130 -10.969738 -0.821288 -0.464750 -0.330897 0.779297 0.201172 1 0 1.000000
ogre
  0 2.810213 -18.028402 -1.970831 0.085496 0.918071 0.387087 0.955078 0.068359 1 0 1.000000
  0 6.487565 -18.028399 -4.474377 0.288161 0.940448 0.180334 0.935547 0.041016 1 0 1.000000
  0 6.487565 -18.028395 -10.370214 0.271321 0.935172 -0.227680 0.892578 0.041016 1 0 1.000000
ogre
  0 6.487565 -18.028395 -10.370214 0.271321 0.935172 -0.227680 0.892578 0.041016 1 0 1.000000
  0 3.147935 -18.028395 -11.820406 0.054620 0.909112 -0.412954 0.880859 0.068359 1 0 1.000000
  0 -9.531094 -18.028395 -11.820406 -0.090824 0.911049 -0.402169 0.880859 0.162109 1 0 1.000000
ogre
  0 -9.531094 -18.028395 -11.820406 -0.090824 0.911049 -0.402169 0.880859 0.162109 1 0 1.000000
  0 -11.219722 -18.028399 -10.088509 -0.275433 0.953877 -0.119393 0.892578 0.177734 1 0 1.000000
  0 -11.219722 -18.028399 -4.800072 -0.273960 0.930739 0.242221 0.931641 0.177734 1 0 1.000000
ogre
  0 -11.219722 -18.028399 -4.800072 -0.273960 0.930739 0.242221 0.931641 0.177734 1 0 1.000000
  0 -5.765062 -18.028402 -1.970831 -0.091828 0.912625 0.398351 0.955078 0.134766 1 0 1.000000
  0 2.810213 -18.028402 -1.970831 0.085496 0.918071 0.387087 0.955078 0.068359 1 0 1.000000
ogre
  0 2.810213 -18.028402 -1.970831 0.085496 0.918071 0.387087 0.955078 0.068359 1 0 1.000000
  0 6.487565 -18.028395 -10.370214 0.271321 0.935172 -0.227680 0.892578 0.041016 1 0 1.000000
  0 -9.531094 -18.028395 -11.820406 -0.090824 0.911049 -0.402169 0.880859 0.162109 1 0 1.000000
ogre
  0 -9.531094 -18.028395 -11.820406 -0.090824 0.911049 -0.402169 0.880859 0.162109 1 0 1.000000
  0 -11.219722 -18.028399 -4.800072 -0.273960 0.930739 0.242221 0.931641 0.177734 1 0 1.000000
  0 2.810213 -18.028402 -1.970831 0.085496 0.918071 0.387087 0.955078 0.068359 1 0 1.000000
ogre
  0 4.237938 -19.570240 -0.395298 0.287449 0.407991 0.866554 0.974609 0.056641 1 0 1.000000
  0 9.013720 -19.570240 -3.684450 0.797927 0.442294 0.409497 0.943359 0.017578 1 0 1.000000
  0 6.487565 -18.028399 -4.474377 0.288161 0.940448 0.180334 0.935547 0.041016 1 0 1.000000
ogre
  0 4.237938 -19.570240 -0.395298 0.287449 0.407991 0.866554 0.974609 0.056641 1 0 1.000000
  0 6.487565 -18.028399 -4.474377 0.288161 0.940448 0.180334 0.935547 0.041016 1 0 1.000000
  0 2.810213 -18.028402 -1.970831 0.085496 0.918071 0.387087 0.955078 0.068359 1 0 1.000000
ogre
  0 -13.944855 -19.570238 -10.969738 -0.821288 0.464751 -0.330897 0.880859 0.201172 1 0 1.000000
  0 -13.944855 -19.570238 -4.101639 -0.768474 0.436219 0.468145 0.939453 0.201172 1 0 1.000000
  0 -11.219722 -18.028399 -4.800072 -0.273960 0.930739 0.242221 0.931641 0.177734 1 0 1.000000
ogre
  0 -13.944855 -19.570238 -10.969738 -0.821288 0.464751 -0.330897 0.880859 0.201172 1 0 1.000000
  0 -11.219722 -18.028399 -4.800072 -0.273960 0.930739 0.242221 0.931641 0.177734 1 0 1.000000
  0 -11.219722 -18.028399 -10.088509 -0.275433 0.953877 -0.119393 0.892578 0.177734 1 0 1.000000
ogre
  0 -6.102718 -19.570240 -0.395298 -0.202952 0.383041 0.901160 0.974609 0.142578 1 0 1.000000
  0 4.237938 -19.570240 -0.395298 0.287449 0.407991 0.866554 0.974609 0.056641 1 0 1.000000
  0 2.810213 -18.028402 -1.970831 0.085496 0.918071 0.387087 0.955078 0.068359 1 0 1.000000
ogre
  0 -6.102718 -19.570240 -0.395298 -0.202952 0.383041 0.901160 0.974609 0.142578 1 0 1.000000
  0 2.810213 -18.028402 -1.970831 0.085496 0.918071 0.387087 0.955078 0.068359 1 0 1.000000
  0 -5.765062 -18.028402 -1.970831 -0.091828 0.912625 0.398351 0.955078 0.134766 1 0 1.000000
ogre
  0 9.013720 -19.570236 -11.341379 0.758275 0.436360 -0.484365 0.880859 0.017578 1 0 1.000000
  0 4.676539 -19.570240 -13.218956 0.205453 0.392663 -0.896440 0.865234 0.052734 1 0 1.000000
  0 3.147935 -18.028395 -11.820406 0.054620 0.909112 -0.412954 0.880859 0.068359 1 0 1.000000
ogre
  0 9.013720 -19.570236 -11.341379 0.758275 0.436360 -0.484365 0.880859 0.017578 1 0 1.000000
  0 3.147935 -18.028395 -11.820406 0.054620 0.909112 -0.412954 0.880859 0.068359 1 0 1.000000
  0 6.487565 -18.028395 -10.370214 0.271321 0.935172 -0.227680 0.892578 0.041016 1 0 1.000000
ogre
  0 9.013720 -19.570240 -3.684450 0.797927 0.442294 0.409497 0.943359 0.017578 1 0 1.000000
  0 9.013720 -19.570236 -11.341379 0.758275 0.436360 -0.484365 0.880859 0.017578 1 0 1.000000
  0 6.487565 -18.028395 -10.370214 0.271321 0.935172 -0.227680 0.892578 0.041016 1 0 1.000000
ogre
  0 9.013720 -19.570240 -3.684450 0.797927 0.442294 0.409497 0.943359 0.017578 1 0 1.000000
  0 6.487565 -18.028395 -10.370214 0.271321 0.935172 -0.227680 0.892578 0.041016 1 0 1.000000
  0 6.487565 -18.028399 -4.474377 0.288161 0.940448 0.180334 0.935547 0.041016 1 0 1.000000
ogre
  0 4.676539 -19.570240 -13.218956 0.205453 0.392663 -0.896440 0.865234 0.052734 1 0 1.000000
  0 -11.751829 -19.570240 -13.218963 -0.377274 0.427802 -0.821371 0.865234 0.181641 1 0 1.000000
  0 -9.531094 -18.028395 -11.820406 -0.090824 0.911049 -0.402169 0.880859 0.162109 1 0 1.000000
ogre
  0 4.676539 -19.570240 -13.218956 0.205453 0.392663 -0.896440 0.865234 0.052734 1 0 1.000000
  0 -9.531094 -18.028395 -11.820406 -0.090824 0.911049 -0.402169 0.880859 0.162109 1 0 1.000000
  0 3.147935 -18.028395 -11.820406 0.054620 0.909112 -0.412954 0.880859 0.068359 1 0 1.000000
ogre
  0 -13.944855 -19.570238 -4.101639 -0.768474 0.436219 0.468145 0.939453 0.201172 1 0 1.000000
  0 -6.102718 -19.570240 -0.395298 -0.202952 0.383041 0.901160 0.974609 0.142578 1 0 1.000000
  0 -5.765062 -18.028402 -1.970831 -0.091828 0.912625 0.398351 0.955078 0.134766 1 0 1.000000
ogre
  0 -13.944855 -19.570238 -4.101639 -0.768474 0.436219 0.468145 0.939453 0.201172 1 0 1.000000
  0 -5.765062 -18.028402 -1.970831 -0.091828 0.912625 0.398351 0.955078 0.134766 1 0 1.000000
  0 -11.219722 -18.028399 -4.800072 -0.273960 0.930739 0.242221 0.931641 0.177734 1 0 1.000000
ogre
  0 4.237938 -28.318136 -0.395298 0.287449 -0.407991 0.866554 0.857422 0.544922 1 0 1.000000
  0 9.013720 -28.318136 -3.684450 0.797927 -0.442294 0.409497 0.857422 0.591797 1 0 1.000000
  0 9.013720 -19.570240 -3.684450 0.797927 0.442294 0.409497 0.923828 0.591797 1 0 1.000000
ogre
  0 4.237938 -28.318136 -0.395298 0.287449 -0.407991 0.866554 0.857422 0.544922 1 0 1.000000
  0 9.013720 -19.570240 -3.684450 0.797927 0.442294 0.409497 0.923828 0.591797 1 0 1.000000
  0 4.237938 -19.570240 -0.395298 0.287449 0.407991 0.866554 0.923828 0.544922 1 0 1.000000
ogre
  0 9.013720 -19.570240 -3.684450 0.797927 0.442294 0.409497 0.923828 0.591797 1 0 1.000000
  0 9.013720 -28.318136 -3.684450 0.797927 -0.442294 0.409497 0.857422 0.591797 1 0 1.000000
  0 9.013720 -28.318136 -11.341379 0.758275 -0.436360 -0.484365 0.857422 0.650391 1 0 1.000000
ogre
  0 9.013720 -19.570240 -3.684450 0.797927 0.442294 0.409497 0.923828 0.591797 1 0 1.000000
  0 9.013720 -28.318136 -11.341379 0.758275 -0.436360 -0.484365 0.857422 0.650391 1 0 1.000000
  0 9.013720 -19.570236 -11.341379 0.758275 0.436360 -0.484365 0.923828 0.650391 1 0 1.000000
ogre
  0 -9.739082 -36.081699 -9.324713 -0.479867 -0.673867 -0.561810 0.748047 0.673828 1 0 1.000000
  0 -9.739082 -36.081699 -5.881090 -0.479867 -0.673867 0.561811 0.748047 0.701172 1 0 1.000000
  0 -9.739079 -29.048120 -5.881090 -0.707107 0.000001 0.707107 0.802734 0.701172 1 0 1.000000
ogre
  0 -9.739082 -36.081699 -9.324713 -0.479867 -0.673867 -0.561810 0.748047 0.673828 1 0 1.000000
  0 -9.739079 -29.048120 -5.881090 -0.707107 0.000001 0.707107 0.802734 0.701172 1 0 1.000000
  0 -9.739079 -29.048120 -9.324713 -0.707107 0.000000 -0.707107 0.802734 0.673828 1 0 1.000000
ogre
  0 -2.397529 -29.048120 -9.324713 0.707107 -0.000000 -0.707107 0.654297 0.673828 1 0 1.000000
  0 -2.397529 -29.048120 -5.881090 0.707107 -0.000000 0.707107 0.654297 0.701172 1 0 1.000000
  0 -2.397532 -33.540894 -5.881090 0.653524 -0.465380 0.596932 0.689453 0.701172 1 0 1.000000
ogre
  0 -2.397529 -29.048120 -9.324713 0.707107 -0.000000 -0.707107 0.654297 0.673828 1 0 1.000000
  0 -2.397532 -33.540894 -5.881090 0.653524 -0.465380 0.596932 0.689453 0.701172 1 0 1.000000
  0 -2.397532 -33.540894 -9.324713 0.653524 -0.465380 -0.596932 0.689453 0.673828 1 0 1.000000
ogre
  0 -2.397532 -33.540894 -9.324713 0.653524 -0.465380 -0.596932 0.689453 0.673828 1 0 1.000000
  0 -2.397532 -33.540894 -5.881090 0.653524 -0.465380 0.596932 0.689453 0.701172 1 0 1.000000
  0 -9.739082 -36.081699 -5.881090 -0.479867 -0.673867 0.561811 0.748047 0.701172 1 0 1.000000
ogre
  0 -2.397532 -33.540894 -9.324713 0.653524 -0.465380 -0.596932 0.689453 0.673828 1 0 1.000000
  0 -9.739082 -36.081699 -5.881090 -0.479867 -0.673867 0.561811 0.748047 0.701172 1 0 1.000000
  0 -9.739082 -36.081699 -9.324713 -0.479867 -0.673867 -0.561810 0.748047 0.673828 1 0 1.000000
ogre
  0 -9.739079 -29.048120 -9.324713 -0.707107 0.000000 -0.707107 0.802734 0.673828 1 0 1.000000
  0 -2.397529 -29.048120 -9.324713 0.707107 -0.000000 -0.707107 0.802734 0.615234 1 0 1.000000
  0 -2.397532 -33.540894 -9.324713 0.653524 -0.465380 -0.596932 0.767578 0.615234 1 0 1.000000
ogre
  0 -9.739079 -29.048120 -9.324713 -0.707107 0.000000 -0.707107 0.802734 0.673828 1 0 1.000000
  0 -2.397532 -33.540894 -9.324713 0.653524 -0.465380 -0.596932 0.767578 0.615234 1 0 1.000000
  0 -9.739082 -36.081699 -9.324713 -0.479867 -0.673867 -0.561810 0.748047 0.673828 1 0 1.000000
ogre
  0 -2.397529 -29.048120 -5.881090 0.707107 -0.000000 0.707107 0.802734 0.759766 1 0 1.000000
  0 -9.739079 -29.048120 -5.881090 -0.707107 0.000001 0.707107 0.802734 0.701172 1 0 1.000000
  0 -9.739082 -36.081699 -5.881090 -0.479867 -0.673867 0.561811 0.748047 0.701172 1 0 1.000000
ogre
  0 -2.397529 -29.048120 -5.881090 0.707107 -0.000000 0.707107 0.802734 0.759766 1 0 1.000000
  0 -9.739082 -36.081699 -5.881090 -0.479867 -0.673867 0.561811 0.748047 0.701172 1 0 1.000000
  0 -2.397532 -33.540894 -5.881090 0.653524 -0.465380 0.596932 0.767578 0.759766 1 0 1.000000
ogre
  3 8.455473 -23.944187 -10.741842 -0.000020 0.000048 -1.000000 0.990234 0.376953 1 3 1.000000
  3 12.283765 -23.944187 -10.741842 -0.003115 0.000006 -0.999995 0.962891 0.376953 1 3 1.000000
  3 12.283763 -27.181053 -7.512915 0.003224 -0.999995 -0.000001 0.962891 0.412109 1 3 1.000000
ogre
  3 8.455473 -23.944187 -10.741842 -0.000020 0.000048 -1.000000 0.990234 0.376953 1 3 1.000000
  3 12.283763 -27.181053 -7.512915 0.003224 -0.999995 -0.000001 0.962891 0.412109 1 3 1.000000
  3 8.455472 -27.181053 -7.512915 -0.000036 -1.000000 0.000000 0.990234 0.412109 1 3 1.000000
ogre
  3 8.455473 -23.944187 -4.283987 -0.000019 0.000096 1.000000 0.990234 0.447266 1 3 1.000000
  3 8.455472 -27.181053 -7.512915 -0.000036 -1.000000 0.000000 0.990234 0.412109 1 3 1.000000
  3 12.283763 -27.181053 -7.512915 0.003224 -0.999995 -0.000001 0.962891 0.412109 1 3 1.000000
ogre
  3 8.455473 -23.944187 -4.283987 -0.000019 0.000096 1.000000 0.990234 0.447266 1 3 1.000000
  3 12.283763 -27.181053 -7.512915 0.003224 -0.999995 -0.000001 0.962891 0.412109 1 3 1.000000
  3 12.283765 -23.944187 -4.283987 -0.003013 -0.000007 0.999995 0.962891 0.447266 1 3 1.000000
ogre
  3 8.455473 -23.944187 -4.283987 -0.000019 0.000096 1.000000 0.990234 0.447266 1 3 1.000000
  3 12.283765 -23.944187 -4.283987 -0.003013 -0.000007 0.999995 0.962891 0.447266 1 3 1.000000
  3 12.283766 -20.707323 -7.512915 0.003292 0.999995 0.000001 0.962891 0.482422 1 3 1.000000
ogre
  3 8.455473 -23.944187 -4.283987 -0.000019 0.000096 1.000000 0.990234 0.447266 1 3 1.000000
  3 12.283766 -20.707323 -7.512915 0.003292 0.999995 0.000001 0.962891 0.482422 1 3 1.000000
  3 8.455474 -20.707323 -7.512915 -0.000037 1.000000 0.000048 0.990234 0.482422 1 3 1.000000
ogre
  3 8.455473 -23.944187 -10.741842 -0.000020 0.000048 -1.000000 0.990234 0.517578 1 3 1.000000
  3 8.455474 -20.707323 -7.512915 -0.000037 1.000000 0.000048 0.990234 0.482422 1 3 1.000000
  3 12.283766 -20.707323 -7.512915 0.003292 0.999995 0.000001 0.962891 0.482422 1 3 1.000000
ogre
  3 8.455473 -23.944187 -10.741842 -0.000020 0.000048 -1.000000 0.990234 0.517578 1 3 1.000000
  3 12.283766 -20.707323 -7.512915 0.003292 0.999995 0.000001 0.962891 0.482422 1 3 1.000000
  3 12.283765 -23.944187 -10.741842 -0.003115 0.000006 -0.999995 0.962891 0.517578 1 3 1.000000
ogre
  0 -12.604042 -25.007139 -5.486849 0.001983 0.382753 0.923848 0.970703 0.263672 1 0 1.000000
  0 -12.604042 -21.918118 -8.575871 0.002125 0.926444 0.376426 0.939453 0.263672 1 0 1.000000
  0 -16.140255 -21.918118 -8.575871 -0.002116 0.926445 0.376425 0.939453 0.291016 1 0 1.000000
ogre
  0 -12.604042 -25.007139 -5.486849 0.001983 0.382753 0.923848 0.970703 0.263672 1 0 1.000000
  0 -16.140255 -21.918118 -8.575871 -0.002116 0.926445 0.376425 0.939453 0.291016 1 0 1.000000
  0 -16.140255 -25.007139 -5.486849 -0.001970 0.382756 0.923847 0.970703 0.291016 1 0 1.000000
ogre
  0 -16.140255 -21.924513 -9.532585 -0.003233 0.707103 -0.707104 0.931641 0.291016 1 0 1.000000
  0 -12.604042 -21.924513 -9.532585 0.003233 0.707103 -0.707103 0.931641 0.263672 1 0 1.000000
  0 -12.604042 -22.881233 -9.538980 0.001999 -0.376432 -0.926442 0.923828 0.263672 1 0 1.000000
ogre
  0 -16.140255 -21.924513 -9.532585 -0.003233 0.707103 -0.707104 0.931641 0.291016 1 0 1.000000
  0 -12.604042 -22.881233 -9.538980 0.001999 -0.376432 -0.926442 0.923828 0.263672 1 0 1.000000
  0 -16.140255 -22.881233 -9.538980 -0.001993 -0.376431 -0.926443 0.923828 0.291016 1 0 1.000000
ogre
  0 -16.140255 -21.924513 -9.532585 -0.003233 0.707103 -0.707104 0.931641 0.291016 1 0 1.000000
  0 -16.140255 -21.918118 -8.575871 -0.002116 0.926445 0.376425 0.939453 0.291016 1 0 1.000000
  0 -12.604042 -21.918118 -8.575871 0.002125 0.926444 0.376426 0.939453 0.263672 1 0 1.000000
ogre
  0 -16.140255 -21.924513 -9.532585 -0.003233 0.707103 -0.707104 0.931641 0.291016 1 0 1.000000
  0 -12.604042 -21.918118 -8.575871 0.002125 0.926444 0.376426 0.939453 0.263672 1 0 1.000000
  0 -12.604042 -21.924513 -9.532585 0.003233 0.707103 -0.707103 0.931641 0.263672 1 0 1.000000
ogre
  0 -16.140255 -25.963860 -5.493244 -0.003233 -0.707103 0.707104 0.978516 0.291016 1 0 1.000000
  0 -12.604042 -25.963860 -5.493244 0.003233 -0.707103 0.707103 0.978516 0.263672 1 0 1.000000
  0 -12.604042 -25.007139 -5.486849 0.001983 0.382753 0.923848 0.970703 0.263672 1 0 1.000000
ogre
  0 -16.140255 -25.963860 -5.493244 -0.003233 -0.707103 0.707104 0.978516 0.291016 1 0 1.000000
  0 -12.604042 -25.007139 -5.486849 0.001983 0.382753 0.923848 0.970703 0.263672 1 0 1.000000
  0 -16.140255 -25.007139 -5.486849 -0.001970 0.382756 0.923847 0.970703 0.291016 1 0 1.000000
ogre
  0 -12.604042 -22.881233 -9.538980 0.001999 -0.376432 -0.926442 0.923828 0.263672 1 0 1.000000
  0 -12.604042 -25.970255 -6.449959 0.002156 -0.923849 -0.382750 0.888672 0.263672 1 0 1.000000
  0 -16.140255 -25.970255 -6.449959 -0.002159 -0.923850 -0.382749 0.888672 0.291016 1 0 1.000000
ogre
  0 -12.604042 -22.881233 -9.538980 0.001999 -0.376432 -0.926442 0.923828 0.263672 1 0 1.000000
  0 -16.140255 -25.970255 -6.449959 -0.002159 -0.923850 -0.382749 0.888672 0.291016 1 0 1.000000
  0 -16.140255 -22.881233 -9.538980 -0.001993 -0.376431 -0.926443 0.923828 0.291016 1 0 1.000000
ogre
  0 -16.140255 -25.963860 -5.493244 -0.003233 -0.707103 0.707104 0.880859 0.291016 1 0 1.000000
  0 -16.140255 -25.970255 -6.449959 -0.002159 -0.923850 -0.382749 0.888672 0.291016 1 0 1.000000
  0 -12.604042 -25.970255 -6.449959 0.002156 -0.923849 -0.382750 0.888672 0.263672 1 0 1.000000
ogre
  0 -16.140255 -25.963860 -5.493244 -0.003233 -0.707103 0.707104 0.880859 0.291016 1 0 1.000000
  0 -12.604042 -25.970255 -6.449959 0.002156 -0.923849 -0.382750 0.888672 0.263672 1 0 1.000000
  0 -12.604042 -25.963860 -5.493244 0.003233 -0.707103 0.707103 0.880859 0.263672 1 0 1.000000
ogre
  0 -18.252110 -18.856747 -10.693472 -0.467839 0.879205 -0.090135 0.939453 0.962891 1 0 1.000000
  0 -15.931978 -19.499088 -10.042486 0.663938 0.740045 0.107328 0.939453 0.982422 1 0 1.000000
  0 -15.931978 -21.414618 -11.958010 0.661562 -0.111158 -0.741606 0.958984 0.982422 1 0 1.000000
ogre
  0 -18.252110 -18.856747 -10.693472 -0.467839 0.879205 -0.090135 0.939453 0.962891 1 0 1.000000
  0 -15.931978 -21.414618 -11.958010 0.661562 -0.111158 -0.741606 0.958984 0.982422 1 0 1.000000
  0 -18.252110 -20.763630 -12.600351 -0.465414 0.083128 -0.881181 0.958984 0.962891 1 0 1.000000
ogre
  0 -18.252110 -20.763630 -12.600351 -0.465414 0.083128 -0.881181 0.958984 0.962891 1 0 1.000000
  0 -18.252113 -29.031626 -4.332357 -0.463169 -0.881925 0.087654 0.958984 0.869141 1 0 1.000000
  0 -18.252113 -27.124743 -2.425478 -0.465561 -0.094647 0.879940 0.939453 0.869141 1 0 1.000000
ogre
  0 -18.252110 -20.763630 -12.600351 -0.465414 0.083128 -0.881181 0.958984 0.962891 1 0 1.000000
  0 -18.252113 -27.124743 -2.425478 -0.465561 -0.094647 0.879940 0.939453 0.869141 1 0 1.000000
  0 -18.252110 -18.856747 -10.693472 -0.467839 0.879205 -0.090135 0.939453 0.962891 1 0 1.000000
ogre
  0 -15.931978 -21.414618 -11.958010 0.661562 -0.111158 -0.741606 0.958984 0.775391 1 0 1.000000
  0 -15.931978 -19.499088 -10.042486 0.663938 0.740045 0.107328 0.939453 0.775391 1 0 1.000000
  0 -15.931978 -26.473755 -3.067820 0.661524 0.101281 0.743053 0.939453 0.849609 1 0 1.000000
ogre
  0 -15.931978 -21.414618 -11.958010 0.661562 -0.111158 -0.741606 0.958984 0.775391 1 0 1.000000
  0 -15.931978 -26.473755 -3.067820 0.661524 0.101281 0.743053 0.939453 0.849609 1 0 1.000000
  0 -15.931978 -28.389284 -4.983343 0.659192 -0.744595 -0.105088 0.958984 0.849609 1 0 1.000000
ogre
  0 -15.931978 -21.414618 -11.958010 0.661562 -0.111158 -0.741606 0.978516 0.955078 1 0 1.000000
  0 -15.931978 -28.389284 -4.983343 0.659192 -0.744595 -0.105088 0.978516 0.876953 1 0 1.000000
  0 -18.252113 -29.031626 -4.332357 -0.463169 -0.881925 0.087654 0.958984 0.869141 1 0 1.000000
ogre
  0 -15.931978 -21.414618 -11.958010 0.661562 -0.111158 -0.741606 0.978516 0.955078 1 0 1.000000
  0 -18.252113 -29.031626 -4.332357 -0.463169 -0.881925 0.087654 0.958984 0.869141 1 0 1.000000
  0 -18.252110 -20.763630 -12.600351 -0.465414 0.083128 -0.881181 0.958984 0.962891 1 0 1.000000
ogre
  0 -15.931978 -19.499088 -10.042486 0.663938 0.740045 0.107328 0.919922 0.955078 1 0 1.000000
  0 -18.252110 -18.856747 -10.693472 -0.467839 0.879205 -0.090135 0.939453 0.962891 1 0 1.000000
  0 -18.252113 -27.124743 -2.425478 -0.465561 -0.094647 0.879940 0.939453 0.869141 1 0 1.000000
ogre
  0 -15.931978 -19.499088 -10.042486 0.663938 0.740045 0.107328 0.919922 0.955078 1 0 1.000000
  0 -18.252113 -27.124743 -2.425478 -0.465561 -0.094647 0.879940 0.939453 0.869141 1 0 1.000000
  0 -15.931978 -26.473755 -3.067820 0.661524 0.101281 0.743053 0.919922 0.876953 1 0 1.000000
ogre
  0 -18.252113 -27.124743 -2.425478 -0.465561 -0.094647 0.879940 0.939453 0.869141 1 0 1.000000
  0 -18.252113 -29.031626 -4.332357 -0.463169 -0.881925 0.087654 0.958984 0.869141 1 0 1.000000
  0 -15.931978 -28.389284 -4.983343 0.659192 -0.744595 -0.105088 0.958984 0.849609 1 0 1.000000
ogre
  0 -18.252113 -27.124743 -2.425478 -0.465561 -0.094647 0.879940 0.939453 0.869141 1 0 1.000000
  0 -15.931978 -28.389284 -4.983343 0.659192 -0.744595 -0.105088 0.958984 0.849609 1 0 1.000000
  0 -15.931978 -26.473755 -3.067820 0.661524 0.101281 0.743053 0.939453 0.849609 1 0 1.000000
ogre
  24 -0.612679 -10.415172 27.252598 0.071731 -0.317300 0.945608 0.091797 0.056641 1 24 1.000000
  24 3.036921 -10.193090 25.654957 0.551736 -0.449507 0.702518 0.123047 0.056641 1 24 1.000000
  29 4.885311 -5.362194 26.494080 0.830830 -0.467222 0.302366 0.123047 0.009766 2 29 0.600000 23 0.400000
ogre
  24 -0.612679 -10.415172 27.252598 0.071731 -0.317300 0.945608 0.091797 0.056641 1 24 1.000000
  29 4.885311 -5.362194 26.494080 0.830830 -0.467222 0.302366 0.123047 0.009766 2 29 0.600000 23 0.400000
  29 -0.061530 -7.665528 27.648922 0.120202 -0.635424 0.762750 0.091797 0.029297 2 29 0.600000 23 0.400000
ogre
  26 1.909121 -23.987461 15.463337 0.893082 -0.305332 0.330419 0.119141 0.193359 1 26 1.000000
  25 2.399929 -19.533424 18.841370 0.889311 -0.331256 0.315270 0.123047 0.150391 1 25 1.000000
  26 -0.991631 -22.987791 18.676052 0.088137 -0.673346 0.734055 0.091797 0.169922 2 26 0.500000 25 0.500000
ogre
  16 -0.846707 -13.625329 -10.185394 -0.189953 -0.980185 -0.056175 0.166016 0.724609 2 16 0.500000 15 0.500000
  15 -5.227743 -10.712442 -6.417082 -0.850286 -0.523307 -0.056252 0.123047 0.689453 1 15 1.000000
  16 -5.142410 -10.458129 -13.676542 -0.879212 -0.475374 0.031729 0.123047 0.751953 1 16 1.000000
ogre
  18 10.780021 -8.417343 -23.505154 0.804561 -0.004677 -0.593852 0.060547 0.904297 1 18 1.000000
  17 2.754952 -4.153351 -23.556957 0.208966 0.737863 -0.641787 0.123047 0.873047 2 17 0.500000 18 0.500000
  18 7.762291 -3.446019 -23.505487 0.103536 0.945697 -0.308120 0.083984 0.865234 1 18 1.000000
ogre
  18 10.780021 -8.417343 -23.505154 0.804561 -0.004677 -0.593852 0.060547 0.904297 1 18 1.000000
  18 7.762291 -3.446019 -23.505487 0.103536 0.945697 -0.308120 0.083984 0.865234 1 18 1.000000
  18 13.816903 -5.130622 -23.505154 0.944401 0.288859 -0.157055 0.037109 0.880859 1 18 1.000000
ogre
  15 3.794906 -12.573025 0.699951 0.617792 -0.785996 0.023316 0.220703 0.591797 1 15 1.000000
  13 3.786544 -12.466352 10.815769 0.451578 -0.891286 -0.041075 0.220703 0.509766 2 13 0.500000 14 0.500000
  13 -0.187011 -13.437920 10.664997 -0.090135 -0.995924 0.003256 0.189453 0.509766 2 13 0.500000 14 0.500000
ogre
  15 3.794906 -12.573025 0.699951 0.617792 -0.785996 0.023316 0.220703 0.591797 1 15 1.000000
  13 -0.187011 -13.437920 10.664997 -0.090135 -0.995924 0.003256 0.189453 0.509766 2 13 0.500000 14 0.500000
  15 -0.396390 -13.689087 0.699955 -0.096525 -0.994867 0.030370 0.189453 0.591797 1 15 1.000000
ogre
  23 -8.672062 -6.750782 18.860558 -0.921338 -0.371816 0.113531 0.099609 0.451172 1 23 1.000000
  23 -9.731100 -0.000003 18.775391 -0.994193 0.000000 0.107615 0.048828 0.451172 1 23 1.000000
  13 -9.116544 -0.000002 6.770830 -0.969214 0.000000 -0.246219 0.048828 0.537109 2 13 0.500000 14 0.500000
ogre
  23 -8.672062 -6.750782 18.860558 -0.921338 -0.371816 0.113531 0.099609 0.451172 1 23 1.000000
  13 -9.116544 -0.000002 6.770830 -0.969214 0.000000 -0.246219 0.048828 0.537109 2 13 0.500000 14 0.500000
  13 -8.201517 -6.410719 7.087957 -0.952346 -0.283904 -0.111515 0.099609 0.537109 3 13 0.450000 14 0.450000 15 0.100000
ogre
  27 -3.203423 -25.217745 7.837788 -0.641551 0.525342 -0.558953 0.197266 0.244141 2 27 0.500000 26 0.500000
  27 -0.717557 -29.708498 4.154909 -0.033152 0.471927 -0.881014 0.169922 0.291016 1 27 1.000000
  27 -4.486308 -31.432327 3.954695 -0.732073 -0.230341 -0.641102 0.197266 0.306641 1 27 1.000000
ogre
  16 -1.612163 -3.472439 -13.676541 -0.224888 0.973875 -0.031516 0.326172 0.751953 1 16 1.000000
  16 -1.730464 -3.294852 -10.185393 -0.219896 0.971495 -0.088560 0.326172 0.724609 2 16 0.500000 15 0.500000
  16 2.648335 -4.271744 -10.185393 0.548092 0.834147 -0.061599 0.287109 0.724609 2 16 0.500000 15 0.500000
ogre
  16 -1.612163 -3.472439 -13.676541 -0.224888 0.973875 -0.031516 0.326172 0.751953 1 16 1.000000
  16 2.648335 -4.271744 -10.185393 0.548092 0.834147 -0.061599 0.287109 0.724609 2 16 0.500000 15 0.500000
  16 2.914281 -4.449330 -13.676541 0.634568 0.772781 0.011464 0.287109 0.751953 1 16 1.000000
ogre
  27 -1.003658 -28.329868 13.619072 -0.060846 -0.753380 0.654765 0.091797 0.228516 2 27 0.500000 26 0.500000
  27 1.722797 -27.749681 12.831757 0.786075 -0.358356 0.503654 0.115234 0.228516 2 27 0.500000 26 0.500000
  26 1.909121 -23.987461 15.463337 0.893082 -0.305332 0.330419 0.119141 0.193359 1 26 1.000000
ogre
  27 -1.003658 -28.329868 13.619072 -0.060846 -0.753380 0.654765 0.091797 0.228516 2 27 0.500000 26 0.500000
  26 1.909121 -23.987461 15.463337 0.893082 -0.305332 0.330419 0.119141 0.193359 1 26 1.000000
  26 -1.167372 -25.163826 17.129059 -0.004753 -0.657279 0.753632 0.091797 0.193359 1 26 1.000000
ogre
  17 2.754951 -12.681334 -23.505154 0.211381 -0.736360 -0.642722 0.123047 0.939453 2 17 0.500000 18 0.500000
  17 -1.332783 -13.371901 -23.505154 -0.149443 -0.759157 -0.633520 0.154297 0.943359 1 17 1.000000
  17 -1.332783 -3.462785 -23.556957 -0.142991 0.754825 -0.640150 0.154297 0.865234 1 17 1.000000
ogre
  17 2.754951 -12.681334 -23.505154 0.211381 -0.736360 -0.642722 0.123047 0.939453 2 17 0.500000 18 0.500000
  17 -1.332783 -3.462785 -23.556957 -0.142991 0.754825 -0.640150 0.154297 0.865234 1 17 1.000000
  17 2.754952 -4.153351 -23.556957 0.208966 0.737863 -0.641787 0.123047 0.873047 2 17 0.500000 18 0.500000
ogre
  29 -0.315406 -0.000005 38.429008 0.038470 -0.000000 0.999260 0.337891 0.169922 1 29 1.000000
  29 -0.436934 -4.882078 36.528484 0.015655 -0.744185 0.667790 0.294922 0.173828 1 29 1.000000
  29 3.119171 -3.347344 36.516281 0.464729 -0.563072 0.683357 0.306641 0.205078 1 29 1.000000
ogre
  29 -5.146869 -4.453852 31.541237 -0.732018 -0.633685 0.250188 0.298828 0.095703 1 29 1.000000
  29 -6.766949 -0.000004 31.789223 -0.994476 0.000000 0.104967 0.337891 0.095703 1 29 1.000000
  29 -6.534286 -0.000004 27.152351 -0.971457 -0.000006 0.237215 0.337891 0.060547 2 29 0.600000 23 0.400000
ogre
  29 -5.146869 -4.453852 31.541237 -0.732018 -0.633685 0.250188 0.298828 0.095703 1 29 1.000000
  29 -6.534286 -0.000004 27.152351 -0.971457 -0.000006 0.237215 0.337891 0.060547 2 29 0.600000 23 0.400000
  29 -5.457771 -5.674486 27.203209 -0.747212 -0.403906 0.527764 0.291016 0.060547 2 29 0.600000 23 0.400000
ogre
  25 3.665265 -13.254740 17.868568 0.737013 -0.671548 -0.076390 0.220703 0.451172 2 25 0.500000 24 0.500000
  13 6.689603 -10.095186 10.988503 0.785157 -0.618763 -0.025722 0.251953 0.509766 2 13 0.500000 14 0.500000
  24 6.047646 -9.485863 22.177940 0.832261 -0.464469 0.302671 0.251953 0.419922 1 24 1.000000
ogre
  17 -1.332783 -13.371901 -23.505154 -0.149443 -0.759157 -0.633520 0.154297 0.943359 1 17 1.000000
  17 -6.058091 -10.483766 -23.505154 -0.715317 -0.389032 -0.580495 0.193359 0.919922 1 17 1.000000
  17 -6.058091 -6.350920 -23.505154 -0.714111 0.388633 -0.582246 0.193359 0.888672 1 17 1.000000
ogre
  17 -1.332783 -13.371901 -23.505154 -0.149443 -0.759157 -0.633520 0.154297 0.943359 1 17 1.000000
  17 -6.058091 -6.350920 -23.505154 -0.714111 0.388633 -0.582246 0.193359 0.888672 1 17 1.000000
  17 -1.332783 -3.462785 -23.556957 -0.142991 0.754825 -0.640150 0.154297 0.865234 1 17 1.000000
ogre
  16 5.572875 -8.417344 -10.185394 0.989218 0.065309 -0.131081 0.244141 0.724609 2 16 0.500000 15 0.500000
  16 4.795008 -8.417344 -13.676542 0.991780 0.043648 -0.120279 0.244141 0.751953 1 16 1.000000
  16 2.914281 -4.449330 -13.676541 0.634568 0.772781 0.011464 0.287109 0.751953 1 16 1.000000
ogre
  16 5.572875 -8.417344 -10.185394 0.989218 0.065309 -0.131081 0.244141 0.724609 2 16 0.500000 15 0.500000
  16 2.914281 -4.449330 -13.676541 0.634568 0.772781 0.011464 0.287109 0.751953 1 16 1.000000
  16 2.648335 -4.271744 -10.185393 0.548092 0.834147 -0.061599 0.287109 0.724609 2 16 0.500000 15 0.500000
ogre
  15 3.794906 -12.573025 0.699951 0.617792 -0.785996 0.023316 0.220703 0.591797 1 15 1.000000
  15 6.141064 -8.304070 0.699957 0.201476 -0.575309 -0.792734 0.251953 0.591797 1 15 1.000000
  13 6.689603 -10.095186 10.988503 0.785157 -0.618763 -0.025722 0.251953 0.509766 2 13 0.500000 14 0.500000
ogre
  15 3.794906 -12.573025 0.699951 0.617792 -0.785996 0.023316 0.220703 0.591797 1 15 1.000000
  13 6.689603 -10.095186 10.988503 0.785157 -0.618763 -0.025722 0.251953 0.509766 2 13 0.500000 14 0.500000
  13 3.786544 -12.466352 10.815769 0.451578 -0.891286 -0.041075 0.220703 0.509766 2 13 0.500000 14 0.500000
ogre
  24 -3.631851 -10.337135 26.506779 -0.367079 -0.365149 0.855523 0.068359 0.056641 1 24 1.000000
  29 -5.457771 -5.674486 27.203209 -0.747212 -0.403906 0.527764 0.052734 0.029297 2 29 0.600000 23 0.400000
  25 -5.535178 -12.651829 24.152893 -0.774993 -0.419752 0.472435 0.052734 0.080078 2 25 0.500000 24 0.500000
ogre
  29 7.633966 -0.000004 31.053471 0.983898 -0.000001 0.178732 0.337891 0.248047 1 29 1.000000
  29 5.051845 -4.780104 31.379082 0.670207 -0.703401 0.236749 0.298828 0.248047 1 29 1.000000
  29 4.885311 -5.362194 26.494080 0.830830 -0.467222 0.302366 0.298828 0.287109 2 29 0.600000 23 0.400000
ogre
  29 7.633966 -0.000004 31.053471 0.983898 -0.000001 0.178732 0.337891 0.248047 1 29 1.000000
  29 4.885311 -5.362194 26.494080 0.830830 -0.467222 0.302366 0.298828 0.287109 2 29 0.600000 23 0.400000
  29 7.503957 -0.000004 26.055313 0.885581 0.000001 -0.464484 0.337891 0.287109 1 29 1.000000
ogre
  15 -2.299162 -2.227532 -0.835829 -0.249989 0.872635 -0.419540 0.048828 0.638672 1 15 1.000000
  15 -7.027357 -5.780771 0.699957 -0.947279 0.089864 -0.307549 0.087891 0.638672 1 15 1.000000
  14 -6.580580 -0.000002 1.429596 -0.602450 0.000000 -0.798156 0.087891 0.611328 3 14 0.333333 19 0.333333 15 0.333333
ogre
  15 -2.299162 -2.227532 -0.835829 -0.249989 0.872635 -0.419540 0.048828 0.638672 1 15 1.000000
  14 -6.580580 -0.000002 1.429596 -0.602450 0.000000 -0.798156 0.087891 0.611328 3 14 0.333333 19 0.333333 15 0.333333
  14 -2.054104 -0.000002 1.353802 -0.004623 -0.000006 -0.999989 0.048828 0.611328 1 14 1.000000
ogre
  18 4.712709 -8.417343 -18.816080 0.896563 0.000468 0.442917 0.244141 0.798828 2 18 0.500000 17 0.500000
  18 7.762291 -3.446019 -23.505487 0.103536 0.945697 -0.308120 0.287109 0.861328 1 18 1.000000
  17 2.754952 -4.153351 -23.556957 0.208966 0.737863 -0.641787 0.287109 0.822266 2 17 0.500000 18 0.500000
ogre
  29 7.503957 -0.000004 26.055313 0.885581 0.000001 -0.464484 0.337891 0.287109 1 29 1.000000
  29 4.885311 -5.362194 26.494080 0.830830 -0.467222 0.302366 0.298828 0.287109 2 29 0.600000 23 0.400000
  29 5.881832 -0.000004 25.058243 0.998051 0.000000 0.062410 0.337891 0.302734 2 29 0.600000 23 0.400000
ogre
  13 -8.201517 -6.410719 7.087957 -0.952346 -0.283904 -0.111515 0.099609 0.537109 3 13 0.450000 14 0.450000 15 0.100000
  14 -6.580580 -0.000002 1.429596 -0.602450 0.000000 -0.798156 0.048828 0.591797 3 14 0.333333 19 0.333333 15 0.333333
  15 -7.027357 -5.780771 0.699957 -0.947279 0.089864 -0.307549 0.099609 0.591797 1 15 1.000000
ogre
  13 6.689603 -10.095186 10.988503 0.785157 -0.618763 -0.025722 0.251953 0.509766 2 13 0.500000 14 0.500000
  15 6.141064 -8.304070 0.699957 0.201476 -0.575309 -0.792734 0.251953 0.591797 1 15 1.000000
  15 7.369853 -9.336201 -1.857805 0.015537 -0.677183 -0.735650 0.267578 0.607422 2 15 0.500000 14 0.500000
ogre
  26 1.657798 -20.799717 12.116699 0.656192 0.459494 -0.598563 0.158203 0.193359 1 26 1.000000
  25 2.205299 -16.208799 15.299637 0.581917 0.381645 -0.718137 0.158203 0.150391 1 25 1.000000
  25 2.399929 -19.533424 18.841370 0.889311 -0.331256 0.315270 0.123047 0.150391 1 25 1.000000
ogre
  26 1.657798 -20.799717 12.116699 0.656192 0.459494 -0.598563 0.158203 0.193359 1 26 1.000000
  25 2.399929 -19.533424 18.841370 0.889311 -0.331256 0.315270 0.123047 0.150391 1 25 1.000000
  26 1.909121 -23.987461 15.463337 0.893082 -0.305332 0.330419 0.119141 0.193359 1 26 1.000000
ogre
  18 10.780021 -8.417343 -23.505154 0.804561 -0.004677 -0.593852 0.060547 0.904297 1 18 1.000000
  17 2.754951 -12.681334 -23.505154 0.211381 -0.736360 -0.642722 0.123047 0.939453 2 17 0.500000 18 0.500000
  17 2.754952 -4.153351 -23.556957 0.208966 0.737863 -0.641787 0.123047 0.873047 2 17 0.500000 18 0.500000
ogre
  13 -0.187011 -13.437920 10.664997 -0.090135 -0.995924 0.003256 0.189453 0.509766 2 13 0.500000 14 0.500000
  13 -5.253451 -11.213398 7.860708 -0.653661 -0.756787 0.000614 0.146484 0.537109 3 13 0.450000 14 0.450000 15 0.100000
  15 -5.752313 -11.053918 0.699957 -0.761468 -0.644918 -0.065178 0.146484 0.591797 1 15 1.000000
ogre
  13 -0.187011 -13.437920 10.664997 -0.090135 -0.995924 0.003256 0.189453 0.509766 2 13 0.500000 14 0.500000
  15 -5.752313 -11.053918 0.699957 -0.761468 -0.644918 -0.065178 0.146484 0.591797 1 15 1.000000
  15 -0.396390 -13.689087 0.699955 -0.096525 -0.994867 0.030370 0.189453 0.591797 1 15 1.000000
ogre
  29 4.885311 -5.362194 26.494080 0.830830 -0.467222 0.302366 0.283203 0.384766 2 29 0.600000 23 0.400000
  24 6.047646 -9.485863 22.177940 0.832261 -0.464469 0.302671 0.251953 0.419922 1 24 1.000000
  23 9.850658 -0.000004 21.617878 0.899934 -0.000000 0.436026 0.337891 0.419922 1 23 1.000000
ogre
  29 4.885311 -5.362194 26.494080 0.830830 -0.467222 0.302366 0.283203 0.384766 2 29 0.600000 23 0.400000
  23 9.850658 -0.000004 21.617878 0.899934 -0.000000 0.436026 0.337891 0.419922 1 23 1.000000
  29 5.881832 -0.000004 25.058243 0.998051 0.000000 0.062410 0.337891 0.384766 2 29 0.600000 23 0.400000
ogre
  14 10.474633 -0.000002 -3.948318 0.324367 0.000000 -0.945931 0.337891 0.896484 1 14 1.000000
  15 7.369853 -9.336201 -1.857805 0.015537 -0.677183 -0.735650 0.259766 0.931641 2 15 0.500000 14 0.500000
  15 6.141064 -8.304070 0.699957 0.201476 -0.575309 -0.792734 0.271484 0.955078 1 15 1.000000
ogre
  14 10.474633 -0.000002 -3.948318 0.324367 0.000000 -0.945931 0.337891 0.896484 1 14 1.000000
  15 6.141064 -8.304070 0.699957 0.201476 -0.575309 -0.792734 0.271484 0.955078 1 15 1.000000
  14 6.938858 -0.000002 2.900448 -0.367330 0.000006 -0.930091 0.337891 0.955078 1 14 1.000000
ogre
  14 2.596236 -0.000002 1.384758 0.180038 0.000005 -0.983660 0.009766 0.611328 1 14 1.000000
  15 2.547000 -3.393915 -0.230160 0.581023 0.641582 -0.500784 0.009766 0.638672 1 15 1.000000
  15 -2.299162 -2.227532 -0.835829 -0.249989 0.872635 -0.419540 0.048828 0.638672 1 15 1.000000
ogre
  14 2.596236 -0.000002 1.384758 0.180038 0.000005 -0.983660 0.009766 0.611328 1 14 1.000000
  15 -2.299162 -2.227532 -0.835829 -0.249989 0.872635 -0.419540 0.048828 0.638672 1 15 1.000000
  14 -2.054104 -0.000002 1.353802 -0.004623 -0.000006 -0.999989 0.048828 0.611328 1 14 1.000000
ogre
  29 5.054532 -0.000005 36.748272 0.718278 -0.000001 0.695756 0.337891 0.205078 1 29 1.000000
  29 3.119171 -3.347344 36.516281 0.464729 -0.563072 0.683357 0.306641 0.205078 1 29 1.000000
  29 5.051845 -4.780104 31.379082 0.670207 -0.703401 0.236749 0.298828 0.248047 1 29 1.000000
ogre
  29 5.054532 -0.000005 36.748272 0.718278 -0.000001 0.695756 0.337891 0.205078 1 29 1.000000
  29 5.051845 -4.780104 31.379082 0.670207 -0.703401 0.236749 0.298828 0.248047 1 29 1.000000
  29 7.633966 -0.000004 31.053471 0.983898 -0.000001 0.178732 0.337891 0.248047 1 29 1.000000
ogre
  15 -0.396390 -13.689087 0.699955 -0.096525 -0.994867 0.030370 0.166016 0.638672 1 15 1.000000
  15 -0.640000 -13.889732 -5.919670 -0.185223 -0.982673 -0.006707 0.166016 0.689453 1 15 1.000000
  15 3.842119 -12.853758 -5.919670 0.637843 -0.769245 -0.037672 0.201172 0.689453 1 15 1.000000
ogre
  15 -0.396390 -13.689087 0.699955 -0.096525 -0.994867 0.030370 0.166016 0.638672 1 15 1.000000
  15 3.842119 -12.853758 -5.919670 0.637843 -0.769245 -0.037672 0.201172 0.689453 1 15 1.000000
  15 3.794906 -12.573025 0.699951 0.617792 -0.785996 0.023316 0.201172 0.638672 1 15 1.000000
ogre
  15 6.141064 -8.304070 0.699957 0.201476 -0.575309 -0.792734 0.244141 0.638672 1 15 1.000000
  15 5.808154 -8.550236 -5.806553 0.997129 0.054559 -0.052510 0.244141 0.689453 1 15 1.000000
  15 2.823164 -3.771098 -5.919668 0.571731 0.817280 -0.071952 0.287109 0.689453 1 15 1.000000
ogre
  15 6.141064 -8.304070 0.699957 0.201476 -0.575309 -0.792734 0.244141 0.638672 1 15 1.000000
  15 2.823164 -3.771098 -5.919668 0.571731 0.817280 -0.071952 0.287109 0.689453 1 15 1.000000
  15 2.547000 -3.393915 -0.230160 0.581023 0.641582 -0.500784 0.287109 0.638672 1 15 1.000000
ogre
  25 -0.986509 -13.114303 25.783966 0.071599 -0.542235 0.837171 0.091797 0.080078 2 25 0.500000 24 0.500000
  24 -3.631851 -10.337135 26.506779 -0.367079 -0.365149 0.855523 0.068359 0.056641 1 24 1.000000
  25 -5.535178 -12.651829 24.152893 -0.774993 -0.419752 0.472435 0.052734 0.080078 2 25 0.500000 24 0.500000
ogre
  25 3.665265 -13.254740 17.868568 0.737013 -0.671548 -0.076390 0.220703 0.451172 2 25 0.500000 24 0.500000
  24 6.047646 -9.485863 22.177940 0.832261 -0.464469 0.302671 0.251953 0.419922 1 24 1.000000
  25 3.327894 -12.389579 23.174206 0.699178 -0.538402 0.470397 0.220703 0.408203 2 25 0.500000 24 0.500000
ogre
  27 -1.003658 -28.329868 13.619072 -0.060846 -0.753380 0.654765 0.091797 0.228516 2 27 0.500000 26 0.500000
  27 -0.659261 -33.286713 7.721605 0.005151 -0.972189 0.234142 0.091797 0.283203 1 27 1.000000
  27 3.220371 -31.778666 8.304102 0.810886 -0.507262 0.291802 0.115234 0.275391 1 27 1.000000
ogre
  27 -1.003658 -28.329868 13.619072 -0.060846 -0.753380 0.654765 0.091797 0.228516 2 27 0.500000 26 0.500000
  27 3.220371 -31.778666 8.304102 0.810886 -0.507262 0.291802 0.115234 0.275391 1 27 1.000000
  27 1.722797 -27.749681 12.831757 0.786075 -0.358356 0.503654 0.115234 0.228516 2 27 0.500000 26 0.500000
ogre
  26 -5.190370 -19.099659 14.305897 -0.774518 0.342807 -0.531607 0.216797 0.173828 2 26 0.500000 25 0.500000
  25 2.205299 -16.208799 15.299637 0.581917 0.381645 -0.718137 0.158203 0.150391 1 25 1.000000
  26 1.657798 -20.799717 12.116699 0.656192 0.459494 -0.598563 0.158203 0.193359 1 26 1.000000
ogre
  18 10.780021 -8.417343 -23.505154 0.804561 -0.004677 -0.593852 0.244141 0.869141 1 18 1.000000
  18 4.712709 -8.417343 -18.816080 0.896563 0.000468 0.442917 0.244141 0.798828 2 18 0.500000 17 0.500000
  18 13.816903 -11.704064 -23.505154 0.944422 -0.288859 -0.156930 0.220703 0.896484 1 18 1.000000
ogre
  17 -6.058091 -10.483766 -23.505154 -0.715317 -0.389032 -0.580495 0.123047 0.826172 1 17 1.000000
  17 -1.332783 -13.371901 -23.505154 -0.149443 -0.759157 -0.633520 0.166016 0.826172 1 17 1.000000
  16 -1.160974 -13.381550 -13.676542 -0.224941 -0.974128 -0.021837 0.166016 0.751953 1 16 1.000000
ogre
  17 -6.058091 -10.483766 -23.505154 -0.715317 -0.389032 -0.580495 0.123047 0.826172 1 17 1.000000
  16 -1.160974 -13.381550 -13.676542 -0.224941 -0.974128 -0.021837 0.166016 0.751953 1 16 1.000000
  16 -5.142410 -10.458129 -13.676542 -0.879212 -0.475374 0.031729 0.123047 0.751953 1 16 1.000000
ogre
  25 -4.971436 -18.950712 19.311245 -0.872550 -0.303283 0.382983 0.052734 0.138672 1 25 1.000000
  25 -4.905447 -16.094248 16.255600 -0.743196 0.313424 -0.591122 0.017578 0.138672 1 25 1.000000
  26 -5.190370 -19.099659 14.305897 -0.774518 0.342807 -0.531607 0.017578 0.169922 2 26 0.500000 25 0.500000
ogre
  25 -4.971436 -18.950712 19.311245 -0.872550 -0.303283 0.382983 0.052734 0.138672 1 25 1.000000
  26 -5.190370 -19.099659 14.305897 -0.774518 0.342807 -0.531607 0.017578 0.169922 2 26 0.500000 25 0.500000
  26 -5.222679 -21.736998 17.059715 -0.863588 -0.360258 0.352746 0.052734 0.169922 2 26 0.500000 25 0.500000
ogre
  25 -5.196979 -11.714127 18.172047 -0.862844 -0.459431 -0.210767 0.146484 0.451172 2 25 0.500000 24 0.500000
  13 -0.187011 -13.437920 10.664997 -0.090135 -0.995924 0.003256 0.189453 0.509766 2 13 0.500000 14 0.500000
  25 3.665265 -13.254740 17.868568 0.737013 -0.671548 -0.076390 0.220703 0.451172 2 25 0.500000 24 0.500000
ogre
  25 3.665265 -13.254740 17.868568 0.737013 -0.671548 -0.076390 0.158203 0.115234 2 25 0.500000 24 0.500000
  25 3.327894 -12.389579 23.174206 0.699178 -0.538402 0.470397 0.123047 0.080078 2 25 0.500000 24 0.500000
  25 2.399929 -19.533424 18.841370 0.889311 -0.331256 0.315270 0.123047 0.150391 1 25 1.000000
ogre
  25 3.665265 -13.254740 17.868568 0.737013 -0.671548 -0.076390 0.158203 0.115234 2 25 0.500000 24 0.500000
  25 2.399929 -19.533424 18.841370 0.889311 -0.331256 0.315270 0.123047 0.150391 1 25 1.000000
  25 2.205299 -16.208799 15.299637 0.581917 0.381645 -0.718137 0.158203 0.150391 1 25 1.000000
ogre
  15 -2.121958 -2.794206 -5.919668 -0.263156 0.956596 -0.125193 0.326172 0.689453 1 15 1.000000
  15 -2.299162 -2.227532 -0.835829 -0.249989 0.872635 -0.419540 0.326172 0.638672 1 15 1.000000
  15 2.547000 -3.393915 -0.230160 0.581023 0.641582 -0.500784 0.287109 0.638672 1 15 1.000000
ogre
  15 -2.121958 -2.794206 -5.919668 -0.263156 0.956596 -0.125193 0.326172 0.689453 1 15 1.000000
  15 2.547000 -3.393915 -0.230160 0.581023 0.641582 -0.500784 0.287109 0.638672 1 15 1.000000
  15 2.823164 -3.771098 -5.919668 0.571731 0.817280 -0.071952 0.287109 0.689453 1 15 1.000000
ogre
  29 -0.176442 -6.841715 31.857590 -0.028157 -0.957444 0.287243 0.259766 0.248047 1 29 1.000000
  29 -5.146869 -4.453852 31.541237 -0.732018 -0.633685 0.250188 0.216797 0.248047 1 29 1.000000
  29 -5.457771 -5.674486 27.203209 -0.747212 -0.403906 0.527764 0.216797 0.287109 2 29 0.600000 23 0.400000
ogre
  29 -0.176442 -6.841715 31.857590 -0.028157 -0.957444 0.287243 0.259766 0.248047 1 29 1.000000
  29 -5.457771 -5.674486 27.203209 -0.747212 -0.403906 0.527764 0.216797 0.287109 2 29 0.600000 23 0.400000
  29 -0.061530 -7.665528 27.648922 0.120202 -0.635424 0.762750 0.259766 0.287109 2 29 0.600000 23 0.400000
ogre
  13 11.484145 -0.000003 9.864994 0.999682 0.000001 0.025207 0.337891 0.509766 2 13 0.500000 14 0.500000
  13 6.689603 -10.095186 10.988503 0.785157 -0.618763 -0.025722 0.251953 0.509766 2 13 0.500000 14 0.500000
  15 7.369853 -9.336201 -1.857805 0.015537 -0.677183 -0.735650 0.267578 0.607422 2 15 0.500000 14 0.500000
ogre
  13 11.484145 -0.000003 9.864994 0.999682 0.000001 0.025207 0.337891 0.509766 2 13 0.500000 14 0.500000
  15 7.369853 -9.336201 -1.857805 0.015537 -0.677183 -0.735650 0.267578 0.607422 2 15 0.500000 14 0.500000
  14 10.474633 -0.000002 -3.948318 0.324367 0.000000 -0.945931 0.337891 0.619141 1 14 1.000000
ogre
  15 2.547000 -3.393915 -0.230160 0.581023 0.641582 -0.500784 0.302734 0.990234 1 15 1.000000
  14 2.596236 -0.000002 1.384758 0.180038 0.000005 -0.983660 0.337891 0.990234 1 14 1.000000
  14 6.938858 -0.000002 2.900448 -0.367330 0.000006 -0.930091 0.337891 0.955078 1 14 1.000000
ogre
  15 2.547000 -3.393915 -0.230160 0.581023 0.641582 -0.500784 0.302734 0.990234 1 15 1.000000
  14 6.938858 -0.000002 2.900448 -0.367330 0.000006 -0.930091 0.337891 0.955078 1 14 1.000000
  15 6.141064 -8.304070 0.699957 0.201476 -0.575309 -0.792734 0.271484 0.955078 1 15 1.000000
ogre
  24 6.047646 -9.485863 22.177940 0.832261 -0.464469 0.302671 0.251953 0.419922 1 24 1.000000
  24 3.036921 -10.193090 25.654957 0.551736 -0.449507 0.702518 0.240234 0.384766 1 24 1.000000
  25 3.327894 -12.389579 23.174206 0.699178 -0.538402 0.470397 0.220703 0.408203 2 25 0.500000 24 0.500000
ogre
  25 -1.004177 -21.484770 20.490993 0.027959 -0.671522 0.740457 0.091797 0.150391 1 25 1.000000
  25 2.399929 -19.533424 18.841370 0.889311 -0.331256 0.315270 0.123047 0.150391 1 25 1.000000
  25 3.327894 -12.389579 23.174206 0.699178 -0.538402 0.470397 0.123047 0.080078 2 25 0.500000 24 0.500000
ogre
  25 -1.004177 -21.484770 20.490993 0.027959 -0.671522 0.740457 0.091797 0.150391 1 25 1.000000
  25 3.327894 -12.389579 23.174206 0.699178 -0.538402 0.470397 0.123047 0.080078 2 25 0.500000 24 0.500000
  25 -0.986509 -13.114303 25.783966 0.071599 -0.542235 0.837171 0.091797 0.080078 2 25 0.500000 24 0.500000
ogre
  15 3.794906 -12.573025 0.699951 0.617792 -0.785996 0.023316 0.201172 0.638672 1 15 1.000000
  15 3.842119 -12.853758 -5.919670 0.637843 -0.769245 -0.037672 0.201172 0.689453 1 15 1.000000
  15 5.808154 -8.550236 -5.806553 0.997129 0.054559 -0.052510 0.244141 0.689453 1 15 1.000000
ogre
  15 3.794906 -12.573025 0.699951 0.617792 -0.785996 0.023316 0.201172 0.638672 1 15 1.000000
  15 5.808154 -8.550236 -5.806553 0.997129 0.054559 -0.052510 0.244141 0.689453 1 15 1.000000
  15 6.141064 -8.304070 0.699957 0.201476 -0.575309 -0.792734 0.244141 0.638672 1 15 1.000000
ogre
  15 -5.752313 -11.053918 0.699957 -0.761468 -0.644918 -0.065178 0.123047 0.638672 1 15 1.000000
  15 -7.027357 -5.780771 0.699957 -0.947279 0.089864 -0.307549 0.087891 0.638672 1 15 1.000000
  15 -5.832327 -6.122246 -6.417082 -0.922562 0.361111 -0.135939 0.087891 0.689453 1 15 1.000000
ogre
  15 -5.752313 -11.053918 0.699957 -0.761468 -0.644918 -0.065178 0.123047 0.638672 1 15 1.000000
  15 -5.832327 -6.122246 -6.417082 -0.922562 0.361111 -0.135939 0.087891 0.689453 1 15 1.000000
  15 -5.227743 -10.712442 -6.417082 -0.850286 -0.523307 -0.056252 0.123047 0.689453 1 15 1.000000
ogre
  27 -3.203423 -25.217745 7.837788 -0.641551 0.525342 -0.558953 0.025391 0.244141 2 27 0.500000 26 0.500000
  27 -4.486308 -31.432327 3.954695 -0.732073 -0.230341 -0.641102 0.048828 0.302734 1 27 1.000000
  27 -4.457871 -31.853376 8.220953 -0.795976 -0.526371 0.298925 0.068359 0.275391 1 27 1.000000
ogre
  27 -3.203423 -25.217745 7.837788 -0.641551 0.525342 -0.558953 0.025391 0.244141 2 27 0.500000 26 0.500000
  27 -4.457871 -31.853376 8.220953 -0.795976 -0.526371 0.298925 0.068359 0.275391 1 27 1.000000
  27 -3.270930 -27.784651 12.532276 -0.812211 -0.423659 0.401031 0.068359 0.228516 2 27 0.500000 26 0.500000
ogre
  23 9.850658 -0.000004 21.617878 0.899934 -0.000000 0.436026 0.337891 0.419922 1 23 1.000000
  24 6.047646 -9.485863 22.177940 0.832261 -0.464469 0.302671 0.251953 0.419922 1 24 1.000000
  13 6.689603 -10.095186 10.988503 0.785157 -0.618763 -0.025722 0.251953 0.509766 2 13 0.500000 14 0.500000
ogre
  23 9.850658 -0.000004 21.617878 0.899934 -0.000000 0.436026 0.337891 0.419922 1 23 1.000000
  13 6.689603 -10.095186 10.988503 0.785157 -0.618763 -0.025722 0.251953 0.509766 2 13 0.500000 14 0.500000
  13 11.484145 -0.000003 9.864994 0.999682 0.000001 0.025207 0.337891 0.509766 2 13 0.500000 14 0.500000
ogre
  26 -0.991631 -22.987791 18.676052 0.088137 -0.673346 0.734055 0.091797 0.169922 2 26 0.500000 25 0.500000
  26 -5.222679 -21.736998 17.059715 -0.863588 -0.360258 0.352746 0.052734 0.169922 2 26 0.500000 25 0.500000
  26 -4.515013 -24.348972 15.083813 -0.857858 -0.453667 0.241382 0.056641 0.193359 1 26 1.000000
ogre
  26 -0.991631 -22.987791 18.676052 0.088137 -0.673346 0.734055 0.091797 0.169922 2 26 0.500000 25 0.500000
  26 -4.515013 -24.348972 15.083813 -0.857858 -0.453667 0.241382 0.056641 0.193359 1 26 1.000000
  26 -1.167372 -25.163826 17.129059 -0.004753 -0.657279 0.753632 0.091797 0.193359 1 26 1.000000
ogre
  16 -1.730464 -3.294852 -10.185393 -0.219896 0.971495 -0.088560 0.326172 0.724609 2 16 0.500000 15 0.500000
  15 -2.121958 -2.794206 -5.919668 -0.263156 0.956596 -0.125193 0.326172 0.689453 1 15 1.000000
  15 2.823164 -3.771098 -5.919668 0.571731 0.817280 -0.071952 0.287109 0.689453 1 15 1.000000
ogre
  16 -1.730464 -3.294852 -10.185393 -0.219896 0.971495 -0.088560 0.326172 0.724609 2 16 0.500000 15 0.500000
  15 2.823164 -3.771098 -5.919668 0.571731 0.817280 -0.071952 0.287109 0.689453 1 15 1.000000
  16 2.648335 -4.271744 -10.185393 0.548092 0.834147 -0.061599 0.287109 0.724609 2 16 0.500000 15 0.500000
ogre
  25 -4.905447 -16.094248 16.255600 -0.743196 0.313424 -0.591122 0.216797 0.150391 1 25 1.000000
  25 2.205299 -16.208799 15.299637 0.581917 0.381645 -0.718137 0.158203 0.150391 1 25 1.000000
  26 -5.190370 -19.099659 14.305897 -0.774518 0.342807 -0.531607 0.216797 0.173828 2 26 0.500000 25 0.500000
ogre
  13 -0.187011 -13.437920 10.664997 -0.090135 -0.995924 0.003256 0.189453 0.509766 2 13 0.500000 14 0.500000
  25 -5.196979 -11.714127 18.172047 -0.862844 -0.459431 -0.210767 0.146484 0.451172 2 25 0.500000 24 0.500000
  13 -5.253451 -11.213398 7.860708 -0.653661 -0.756787 0.000614 0.146484 0.537109 3 13 0.450000 14 0.450000 15 0.100000
ogre
  17 2.754951 -12.681334 -23.505154 0.211381 -0.736360 -0.642722 0.201172 0.826172 2 17 0.500000 18 0.500000
  18 4.712709 -8.417343 -18.816080 0.896563 0.000468 0.442917 0.244141 0.798828 2 18 0.500000 17 0.500000
  16 4.795008 -8.417344 -13.676542 0.991780 0.043648 -0.120279 0.244141 0.751953 1 16 1.000000
ogre
  17 2.754951 -12.681334 -23.505154 0.211381 -0.736360 -0.642722 0.201172 0.826172 2 17 0.500000 18 0.500000
  16 4.795008 -8.417344 -13.676542 0.991780 0.043648 -0.120279 0.244141 0.751953 1 16 1.000000
  16 3.282895 -12.471135 -13.676542 0.660741 -0.749845 -0.033967 0.201172 0.751953 1 16 1.000000
ogre
  27 3.220371 -31.778666 8.304102 0.810886 -0.507262 0.291802 0.115234 0.275391 1 27 1.000000
  27 -0.659261 -33.286713 7.721605 0.005151 -0.972189 0.234142 0.091797 0.283203 1 27 1.000000
  27 -0.659261 -32.737835 3.269432 0.002597 -0.616895 -0.787041 0.091797 0.318359 1 27 1.000000
ogre
  27 3.220371 -31.778666 8.304102 0.810886 -0.507262 0.291802 0.115234 0.275391 1 27 1.000000
  27 -0.659261 -32.737835 3.269432 0.002597 -0.616895 -0.787041 0.091797 0.318359 1 27 1.000000
  27 3.249417 -31.170301 3.787838 0.728100 -0.172219 -0.663484 0.134766 0.302734 1 27 1.000000
ogre
  26 1.657798 -20.799717 12.116699 0.656192 0.459494 -0.598563 0.158203 0.193359 1 26 1.000000
  27 1.622234 -25.000910 7.869993 0.638687 0.561050 -0.526594 0.158203 0.244141 2 27 0.500000 26 0.500000
  27 -3.203423 -25.217745 7.837788 -0.641551 0.525342 -0.558953 0.197266 0.244141 2 27 0.500000 26 0.500000
ogre
  26 1.657798 -20.799717 12.116699 0.656192 0.459494 -0.598563 0.158203 0.193359 1 26 1.000000
  27 -3.203423 -25.217745 7.837788 -0.641551 0.525342 -0.558953 0.197266 0.244141 2 27 0.500000 26 0.500000
  26 -4.508973 -21.588255 12.164120 -0.743193 0.342621 -0.574696 0.208984 0.193359 1 26 1.000000
ogre
  15 -0.640000 -13.889732 -5.919670 -0.185223 -0.982673 -0.006707 0.166016 0.689453 1 15 1.000000
  16 -0.846707 -13.625329 -10.185394 -0.189953 -0.980185 -0.056175 0.166016 0.724609 2 16 0.500000 15 0.500000
  16 3.290794 -12.687386 -10.185394 0.591982 -0.802013 -0.079574 0.201172 0.724609 2 16 0.500000 15 0.500000
ogre
  15 -0.640000 -13.889732 -5.919670 -0.185223 -0.982673 -0.006707 0.166016 0.689453 1 15 1.000000
  16 3.290794 -12.687386 -10.185394 0.591982 -0.802013 -0.079574 0.201172 0.724609 2 16 0.500000 15 0.500000
  15 3.842119 -12.853758 -5.919670 0.637843 -0.769245 -0.037672 0.201172 0.689453 1 15 1.000000
ogre
  16 -5.142410 -10.458129 -13.676542 -0.879212 -0.475374 0.031729 0.123047 0.751953 1 16 1.000000
  16 -1.160974 -13.381550 -13.676542 -0.224941 -0.974128 -0.021837 0.166016 0.751953 1 16 1.000000
  16 -0.846707 -13.625329 -10.185394 -0.189953 -0.980185 -0.056175 0.166016 0.724609 2 16 0.500000 15 0.500000
ogre
  18 10.780021 -8.417343 -23.505154 0.804561 -0.004677 -0.593852 0.244141 0.869141 1 18 1.000000
  18 13.816903 -5.130622 -23.505154 0.944401 0.288859 -0.157055 0.267578 0.896484 1 18 1.000000
  18 4.712709 -8.417343 -18.816080 0.896563 0.000468 0.442917 0.244141 0.798828 2 18 0.500000 17 0.500000
ogre
  26 -4.508973 -21.588255 12.164120 -0.743193 0.342621 -0.574696 0.025391 0.193359 1 26 1.000000
  27 -3.203423 -25.217745 7.837788 -0.641551 0.525342 -0.558953 0.025391 0.244141 2 27 0.500000 26 0.500000
  27 -3.270930 -27.784651 12.532276 -0.812211 -0.423659 0.401031 0.068359 0.228516 2 27 0.500000 26 0.500000
ogre
  26 -4.508973 -21.588255 12.164120 -0.743193 0.342621 -0.574696 0.025391 0.193359 1 26 1.000000
  27 -3.270930 -27.784651 12.532276 -0.812211 -0.423659 0.401031 0.068359 0.228516 2 27 0.500000 26 0.500000
  26 -4.515013 -24.348972 15.083813 -0.857858 -0.453667 0.241382 0.056641 0.193359 1 26 1.000000
ogre
  25 -5.196979 -11.714127 18.172047 -0.862844 -0.459431 -0.210767 0.216797 0.115234 2 25 0.500000 24 0.500000
  25 3.665265 -13.254740 17.868568 0.737013 -0.671548 -0.076390 0.158203 0.115234 2 25 0.500000 24 0.500000
  25 2.205299 -16.208799 15.299637 0.581917 0.381645 -0.718137 0.158203 0.150391 1 25 1.000000
ogre
  25 -5.196979 -11.714127 18.172047 -0.862844 -0.459431 -0.210767 0.216797 0.115234 2 25 0.500000 24 0.500000
  25 2.205299 -16.208799 15.299637 0.581917 0.381645 -0.718137 0.158203 0.150391 1 25 1.000000
  25 -4.905447 -16.094248 16.255600 -0.743196 0.313424 -0.591122 0.216797 0.150391 1 25 1.000000
ogre
  27 1.622234 -25.000910 7.869993 0.638687 0.561050 -0.526594 0.158203 0.244141 2 27 0.500000 26 0.500000
  27 1.722797 -27.749681 12.831757 0.786075 -0.358356 0.503654 0.115234 0.228516 2 27 0.500000 26 0.500000
  27 3.220371 -31.778666 8.304102 0.810886 -0.507262 0.291802 0.115234 0.275391 1 27 1.000000
ogre
  27 1.622234 -25.000910 7.869993 0.638687 0.561050 -0.526594 0.158203 0.244141 2 27 0.500000 26 0.500000
  27 3.220371 -31.778666 8.304102 0.810886 -0.507262 0.291802 0.115234 0.275391 1 27 1.000000
  27 3.249417 -31.170301 3.787838 0.728100 -0.172219 -0.663484 0.134766 0.302734 1 27 1.000000
ogre
  29 -6.766949 -0.000004 31.789223 -0.994476 0.000000 0.104967 0.337891 0.095703 1 29 1.000000
  29 -5.146869 -4.453852 31.541237 -0.732018 -0.633685 0.250188 0.298828 0.095703 1 29 1.000000
  29 -4.083729 -3.417401 36.716740 -0.525168 -0.579300 0.623385 0.310547 0.142578 1 29 1.000000
ogre
  29 -6.766949 -0.000004 31.789223 -0.994476 0.000000 0.104967 0.337891 0.095703 1 29 1.000000
  29 -4.083729 -3.417401 36.716740 -0.525168 -0.579300 0.623385 0.310547 0.142578 1 29 1.000000
  29 -5.318968 -0.000004 37.290688 -0.721653 0.000000 0.692255 0.337891 0.134766 1 29 1.000000
ogre
  26 1.657798 -20.799717 12.116699 0.656192 0.459494 -0.598563 0.158203 0.193359 1 26 1.000000
  26 -4.508973 -21.588255 12.164120 -0.743193 0.342621 -0.574696 0.208984 0.193359 1 26 1.000000
  26 -5.190370 -19.099659 14.305897 -0.774518 0.342807 -0.531607 0.216797 0.173828 2 26 0.500000 25 0.500000
ogre
  17 2.754952 -4.153351 -23.556957 0.208966 0.737863 -0.641787 0.287109 0.822266 2 17 0.500000 18 0.500000
  17 -1.332783 -3.462785 -23.556957 -0.142991 0.754825 -0.640150 0.326172 0.822266 1 17 1.000000
  16 -1.612163 -3.472439 -13.676541 -0.224888 0.973875 -0.031516 0.326172 0.751953 1 16 1.000000
ogre
  17 2.754952 -4.153351 -23.556957 0.208966 0.737863 -0.641787 0.287109 0.822266 2 17 0.500000 18 0.500000
  16 -1.612163 -3.472439 -13.676541 -0.224888 0.973875 -0.031516 0.326172 0.751953 1 16 1.000000
  16 2.914281 -4.449330 -13.676541 0.634568 0.772781 0.011464 0.287109 0.751953 1 16 1.000000
ogre
  25 -1.004177 -21.484770 20.490993 0.027959 -0.671522 0.740457 0.091797 0.150391 1 25 1.000000
  25 -0.986509 -13.114303 25.783966 0.071599 -0.542235 0.837171 0.091797 0.080078 2 25 0.500000 24 0.500000
  25 -5.535178 -12.651829 24.152893 -0.774993 -0.419752 0.472435 0.052734 0.080078 2 25 0.500000 24 0.500000
ogre
  25 -1.004177 -21.484770 20.490993 0.027959 -0.671522 0.740457 0.091797 0.150391 1 25 1.000000
  25 -5.535178 -12.651829 24.152893 -0.774993 -0.419752 0.472435 0.052734 0.080078 2 25 0.500000 24 0.500000
  25 -4.971436 -18.950712 19.311245 -0.872550 -0.303283 0.382983 0.052734 0.138672 1 25 1.000000
ogre
  15 3.842119 -12.853758 -5.919670 0.637843 -0.769245 -0.037672 0.201172 0.689453 1 15 1.000000
  16 3.290794 -12.687386 -10.185394 0.591982 -0.802013 -0.079574 0.201172 0.724609 2 16 0.500000 15 0.500000
  16 5.572875 -8.417344 -10.185394 0.989218 0.065309 -0.131081 0.244141 0.724609 2 16 0.500000 15 0.500000
ogre
  15 3.842119 -12.853758 -5.919670 0.637843 -0.769245 -0.037672 0.201172 0.689453 1 15 1.000000
  16 5.572875 -8.417344 -10.185394 0.989218 0.065309 -0.131081 0.244141 0.724609 2 16 0.500000 15 0.500000
  15 5.808154 -8.550236 -5.806553 0.997129 0.054559 -0.052510 0.244141 0.689453 1 15 1.000000
ogre
  29 3.119171 -3.347344 36.516281 0.464729 -0.563072 0.683357 0.306641 0.205078 1 29 1.000000
  29 5.054532 -0.000005 36.748272 0.718278 -0.000001 0.695756 0.337891 0.205078 1 29 1.000000
  29 -0.315406 -0.000005 38.429008 0.038470 -0.000000 0.999260 0.337891 0.169922 1 29 1.000000
ogre
  15 5.808154 -8.550236 -5.806553 0.997129 0.054559 -0.052510 0.244141 0.689453 1 15 1.000000
  16 5.572875 -8.417344 -10.185394 0.989218 0.065309 -0.131081 0.244141 0.724609 2 16 0.500000 15 0.500000
  16 2.648335 -4.271744 -10.185393 0.548092 0.834147 -0.061599 0.287109 0.724609 2 16 0.500000 15 0.500000
ogre
  15 5.808154 -8.550236 -5.806553 0.997129 0.054559 -0.052510 0.244141 0.689453 1 15 1.000000
  16 2.648335 -4.271744 -10.185393 0.548092 0.834147 -0.061599 0.287109 0.724609 2 16 0.500000 15 0.500000
  15 2.823164 -3.771098 -5.919668 0.571731 0.817280 -0.071952 0.287109 0.689453 1 15 1.000000
ogre
  24 -3.631851 -10.337135 26.506779 -0.367079 -0.365149 0.855523 0.068359 0.056641 1 24 1.000000
  25 -0.986509 -13.114303 25.783966 0.071599 -0.542235 0.837171 0.091797 0.080078 2 25 0.500000 24 0.500000
  24 -0.612679 -10.415172 27.252598 0.071731 -0.317300 0.945608 0.091797 0.056641 1 24 1.000000
ogre
  25 -5.196979 -11.714127 18.172047 -0.862844 -0.459431 -0.210767 0.146484 0.451172 2 25 0.500000 24 0.500000
  25 -5.535178 -12.651829 24.152893 -0.774993 -0.419752 0.472435 0.146484 0.408203 2 25 0.500000 24 0.500000
  24 -7.185322 -6.608791 24.061417 -0.903765 -0.248196 0.348723 0.099609 0.408203 1 24 1.000000
ogre
  15 -5.227743 -10.712442 -6.417082 -0.850286 -0.523307 -0.056252 0.123047 0.689453 1 15 1.000000
  16 -0.846707 -13.625329 -10.185394 -0.189953 -0.980185 -0.056175 0.166016 0.724609 2 16 0.500000 15 0.500000
  15 -0.640000 -13.889732 -5.919670 -0.185223 -0.982673 -0.006707 0.166016 0.689453 1 15 1.000000
ogre
  25 -5.196979 -11.714127 18.172047 -0.862844 -0.459431 -0.210767 0.017578 0.099609 2 25 0.500000 24 0.500000
  25 -4.905447 -16.094248 16.255600 -0.743196 0.313424 -0.591122 0.017578 0.138672 1 25 1.000000
  25 -4.971436 -18.950712 19.311245 -0.872550 -0.303283 0.382983 0.052734 0.138672 1 25 1.000000
ogre
  25 -5.196979 -11.714127 18.172047 -0.862844 -0.459431 -0.210767 0.017578 0.099609 2 25 0.500000 24 0.500000
  25 -4.971436 -18.950712 19.311245 -0.872550 -0.303283 0.382983 0.052734 0.138672 1 25 1.000000
  25 -5.535178 -12.651829 24.152893 -0.774993 -0.419752 0.472435 0.052734 0.080078 2 25 0.500000 24 0.500000
ogre
  17 -1.332783 -3.462785 -23.556957 -0.142991 0.754825 -0.640150 0.048828 0.826172 1 17 1.000000
  17 -6.058091 -6.350920 -23.505154 -0.714111 0.388633 -0.582246 0.087891 0.826172 1 17 1.000000
  16 -5.315745 -6.376557 -13.676542 -0.906055 0.423143 -0.003795 0.087891 0.751953 1 16 1.000000
ogre
  17 -1.332783 -3.462785 -23.556957 -0.142991 0.754825 -0.640150 0.048828 0.826172 1 17 1.000000
  16 -5.315745 -6.376557 -13.676542 -0.906055 0.423143 -0.003795 0.087891 0.751953 1 16 1.000000
  16 -1.612163 -3.472439 -13.676541 -0.224888 0.973875 -0.031516 0.048828 0.751953 1 16 1.000000
ogre
  26 1.657798 -20.799717 12.116699 0.656192 0.459494 -0.598563 0.158203 0.193359 1 26 1.000000
  26 1.909121 -23.987461 15.463337 0.893082 -0.305332 0.330419 0.119141 0.193359 1 26 1.000000
  27 1.722797 -27.749681 12.831757 0.786075 -0.358356 0.503654 0.115234 0.228516 2 27 0.500000 26 0.500000
ogre
  26 1.657798 -20.799717 12.116699 0.656192 0.459494 -0.598563 0.158203 0.193359 1 26 1.000000
  27 1.722797 -27.749681 12.831757 0.786075 -0.358356 0.503654 0.115234 0.228516 2 27 0.500000 26 0.500000
  27 1.622234 -25.000910 7.869993 0.638687 0.561050 -0.526594 0.158203 0.244141 2 27 0.500000 26 0.500000
ogre
  29 -4.083729 -3.417401 36.716740 -0.525168 -0.579300 0.623385 0.310547 0.142578 1 29 1.000000
  29 -0.315406 -0.000005 38.429008 0.038470 -0.000000 0.999260 0.337891 0.169922 1 29 1.000000
  29 -5.318968 -0.000004 37.290688 -0.721653 0.000000 0.692255 0.337891 0.134766 1 29 1.000000
ogre
  26 -0.991631 -22.987791 18.676052 0.088137 -0.673346 0.734055 0.091797 0.169922 2 26 0.500000 25 0.500000
  25 -1.004177 -21.484770 20.490993 0.027959 -0.671522 0.740457 0.091797 0.150391 1 25 1.000000
  25 -4.971436 -18.950712 19.311245 -0.872550 -0.303283 0.382983 0.052734 0.138672 1 25 1.000000
ogre
  26 -0.991631 -22.987791 18.676052 0.088137 -0.673346 0.734055 0.091797 0.169922 2 26 0.500000 25 0.500000
  25 -4.971436 -18.950712 19.311245 -0.872550 -0.303283 0.382983 0.052734 0.138672 1 25 1.000000
  26 -5.222679 -21.736998 17.059715 -0.863588 -0.360258 0.352746 0.052734 0.169922 2 26 0.500000 25 0.500000
ogre
  15 -2.299162 -2.227532 -0.835829 -0.249989 0.872635 -0.419540 0.048828 0.638672 1 15 1.000000
  15 -2.121958 -2.794206 -5.919668 -0.263156 0.956596 -0.125193 0.048828 0.689453 1 15 1.000000
  15 -5.832327 -6.122246 -6.417082 -0.922562 0.361111 -0.135939 0.087891 0.689453 1 15 1.000000
ogre
  15 -2.299162 -2.227532 -0.835829 -0.249989 0.872635 -0.419540 0.048828 0.638672 1 15 1.000000
  15 -5.832327 -6.122246 -6.417082 -0.922562 0.361111 -0.135939 0.087891 0.689453 1 15 1.000000
  15 -7.027357 -5.780771 0.699957 -0.947279 0.089864 -0.307549 0.087891 0.638672 1 15 1.000000
ogre
  29 -5.457771 -5.674486 27.203209 -0.747212 -0.403906 0.527764 0.099609 0.380859 2 29 0.600000 23 0.400000
  24 -7.185322 -6.608791 24.061417 -0.903765 -0.248196 0.348723 0.099609 0.408203 1 24 1.000000
  25 -5.535178 -12.651829 24.152893 -0.774993 -0.419752 0.472435 0.146484 0.408203 2 25 0.500000 24 0.500000
ogre
  17 2.754951 -12.681334 -23.505154 0.211381 -0.736360 -0.642722 0.123047 0.939453 2 17 0.500000 18 0.500000
  18 10.780021 -8.417343 -23.505154 0.804561 -0.004677 -0.593852 0.060547 0.904297 1 18 1.000000
  18 13.816903 -11.704064 -23.505154 0.944422 -0.288859 -0.156930 0.037109 0.931641 1 18 1.000000
ogre
  17 2.754951 -12.681334 -23.505154 0.211381 -0.736360 -0.642722 0.123047 0.939453 2 17 0.500000 18 0.500000
  18 13.816903 -11.704064 -23.505154 0.944422 -0.288859 -0.156930 0.037109 0.931641 1 18 1.000000
  18 7.762176 -13.388664 -23.504822 0.102081 -0.941769 -0.320390 0.083984 0.943359 1 18 1.000000
ogre
  16 -1.730464 -3.294852 -10.185393 -0.219896 0.971495 -0.088560 0.048828 0.724609 2 16 0.500000 15 0.500000
  16 -5.315745 -6.376557 -13.676542 -0.906055 0.423143 -0.003795 0.087891 0.751953 1 16 1.000000
  15 -5.832327 -6.122246 -6.417082 -0.922562 0.361111 -0.135939 0.087891 0.689453 1 15 1.000000
ogre
  26 -1.167372 -25.163826 17.129059 -0.004753 -0.657279 0.753632 0.091797 0.193359 1 26 1.000000
  26 1.909121 -23.987461 15.463337 0.893082 -0.305332 0.330419 0.119141 0.193359 1 26 1.000000
  26 -0.991631 -22.987791 18.676052 0.088137 -0.673346 0.734055 0.091797 0.169922 2 26 0.500000 25 0.500000
ogre
  26 -5.222679 -21.736998 17.059715 -0.863588 -0.360258 0.352746 0.052734 0.169922 2 26 0.500000 25 0.500000
  26 -5.190370 -19.099659 14.305897 -0.774518 0.342807 -0.531607 0.017578 0.169922 2 26 0.500000 25 0.500000
  26 -4.508973 -21.588255 12.164120 -0.743193 0.342621 -0.574696 0.025391 0.193359 1 26 1.000000
ogre
  26 -5.222679 -21.736998 17.059715 -0.863588 -0.360258 0.352746 0.052734 0.169922 2 26 0.500000 25 0.500000
  26 -4.508973 -21.588255 12.164120 -0.743193 0.342621 -0.574696 0.025391 0.193359 1 26 1.000000
  26 -4.515013 -24.348972 15.083813 -0.857858 -0.453667 0.241382 0.056641 0.193359 1 26 1.000000
ogre
  29 -0.436934 -4.882078 36.528484 0.015655 -0.744185 0.667790 0.271484 0.205078 1 29 1.000000
  29 -4.083729 -3.417401 36.716740 -0.525168 -0.579300 0.623385 0.236328 0.205078 1 29 1.000000
  29 -5.146869 -4.453852 31.541237 -0.732018 -0.633685 0.250188 0.216797 0.248047 1 29 1.000000
ogre
  29 -0.436934 -4.882078 36.528484 0.015655 -0.744185 0.667790 0.271484 0.205078 1 29 1.000000
  29 -5.146869 -4.453852 31.541237 -0.732018 -0.633685 0.250188 0.216797 0.248047 1 29 1.000000
  29 -0.176442 -6.841715 31.857590 -0.028157 -0.957444 0.287243 0.259766 0.248047 1 29 1.000000
ogre
  16 -0.846707 -13.625329 -10.185394 -0.189953 -0.980185 -0.056175 0.166016 0.724609 2 16 0.500000 15 0.500000
  16 -1.160974 -13.381550 -13.676542 -0.224941 -0.974128 -0.021837 0.166016 0.751953 1 16 1.000000
  16 3.282895 -12.471135 -13.676542 0.660741 -0.749845 -0.033967 0.201172 0.751953 1 16 1.000000
ogre
  16 -0.846707 -13.625329 -10.185394 -0.189953 -0.980185 -0.056175 0.166016 0.724609 2 16 0.500000 15 0.500000
  16 3.282895 -12.471135 -13.676542 0.660741 -0.749845 -0.033967 0.201172 0.751953 1 16 1.000000
  16 3.290794 -12.687386 -10.185394 0.591982 -0.802013 -0.079574 0.201172 0.724609 2 16 0.500000 15 0.500000
ogre
  15 -5.227743 -10.712442 -6.417082 -0.850286 -0.523307 -0.056252 0.123047 0.689453 1 15 1.000000
  15 -5.832327 -6.122246 -6.417082 -0.922562 0.361111 -0.135939 0.087891 0.689453 1 15 1.000000
  16 -5.315745 -6.376557 -13.676542 -0.906055 0.423143 -0.003795 0.087891 0.751953 1 16 1.000000
ogre
  15 -5.227743 -10.712442 -6.417082 -0.850286 -0.523307 -0.056252 0.123047 0.689453 1 15 1.000000
  16 -5.315745 -6.376557 -13.676542 -0.906055 0.423143 -0.003795 0.087891 0.751953 1 16 1.000000
  16 -5.142410 -10.458129 -13.676542 -0.879212 -0.475374 0.031729 0.123047 0.751953 1 16 1.000000
ogre
  15 -5.227743 -10.712442 -6.417082 -0.850286 -0.523307 -0.056252 0.123047 0.689453 1 15 1.000000
  15 -0.640000 -13.889732 -5.919670 -0.185223 -0.982673 -0.006707 0.166016 0.689453 1 15 1.000000
  15 -0.396390 -13.689087 0.699955 -0.096525 -0.994867 0.030370 0.166016 0.638672 1 15 1.000000
ogre
  15 -5.227743 -10.712442 -6.417082 -0.850286 -0.523307 -0.056252 0.123047 0.689453 1 15 1.000000
  15 -0.396390 -13.689087 0.699955 -0.096525 -0.994867 0.030370 0.166016 0.638672 1 15 1.000000
  15 -5.752313 -11.053918 0.699957 -0.761468 -0.644918 -0.065178 0.123047 0.638672 1 15 1.000000
ogre
  16 2.914281 -4.449330 -13.676541 0.634568 0.772781 0.011464 0.287109 0.751953 1 16 1.000000
  16 4.795008 -8.417344 -13.676542 0.991780 0.043648 -0.120279 0.244141 0.751953 1 16 1.000000
  18 4.712709 -8.417343 -18.816080 0.896563 0.000468 0.442917 0.244141 0.798828 2 18 0.500000 17 0.500000
ogre
  16 2.914281 -4.449330 -13.676541 0.634568 0.772781 0.011464 0.287109 0.751953 1 16 1.000000
  18 4.712709 -8.417343 -18.816080 0.896563 0.000468 0.442917 0.244141 0.798828 2 18 0.500000 17 0.500000
  17 2.754952 -4.153351 -23.556957 0.208966 0.737863 -0.641787 0.287109 0.822266 2 17 0.500000 18 0.500000
ogre
  26 -0.991631 -22.987791 18.676052 0.088137 -0.673346 0.734055 0.091797 0.169922 2 26 0.500000 25 0.500000
  25 2.399929 -19.533424 18.841370 0.889311 -0.331256 0.315270 0.123047 0.150391 1 25 1.000000
  25 -1.004177 -21.484770 20.490993 0.027959 -0.671522 0.740457 0.091797 0.150391 1 25 1.000000
ogre
  24 3.036921 -10.193090 25.654957 0.551736 -0.449507 0.702518 0.123047 0.056641 1 24 1.000000
  25 -0.986509 -13.114303 25.783966 0.071599 -0.542235 0.837171 0.091797 0.080078 2 25 0.500000 24 0.500000
  25 3.327894 -12.389579 23.174206 0.699178 -0.538402 0.470397 0.123047 0.080078 2 25 0.500000 24 0.500000
ogre
  17 -1.332783 -13.371901 -23.505154 -0.149443 -0.759157 -0.633520 0.166016 0.826172 1 17 1.000000
  17 2.754951 -12.681334 -23.505154 0.211381 -0.736360 -0.642722 0.201172 0.826172 2 17 0.500000 18 0.500000
  16 3.282895 -12.471135 -13.676542 0.660741 -0.749845 -0.033967 0.201172 0.751953 1 16 1.000000
ogre
  17 -1.332783 -13.371901 -23.505154 -0.149443 -0.759157 -0.633520 0.166016 0.826172 1 17 1.000000
  16 3.282895 -12.471135 -13.676542 0.660741 -0.749845 -0.033967 0.201172 0.751953 1 16 1.000000
  16 -1.160974 -13.381550 -13.676542 -0.224941 -0.974128 -0.021837 0.166016 0.751953 1 16 1.000000
ogre
  18 7.762176 -13.388664 -23.504822 0.102081 -0.941769 -0.320390 0.201172 0.861328 1 18 1.000000
  18 13.816903 -11.704064 -23.505154 0.944422 -0.288859 -0.156930 0.220703 0.896484 1 18 1.000000
  18 4.712709 -8.417343 -18.816080 0.896563 0.000468 0.442917 0.244141 0.798828 2 18 0.500000 17 0.500000
ogre
  16 3.290794 -12.687386 -10.185394 0.591982 -0.802013 -0.079574 0.201172 0.724609 2 16 0.500000 15 0.500000
  16 3.282895 -12.471135 -13.676542 0.660741 -0.749845 -0.033967 0.201172 0.751953 1 16 1.000000
  16 4.795008 -8.417344 -13.676542 0.991780 0.043648 -0.120279 0.244141 0.751953 1 16 1.000000
ogre
  16 3.290794 -12.687386 -10.185394 0.591982 -0.802013 -0.079574 0.201172 0.724609 2 16 0.500000 15 0.500000
  16 4.795008 -8.417344 -13.676542 0.991780 0.043648 -0.120279 0.244141 0.751953 1 16 1.000000
  16 5.572875 -8.417344 -10.185394 0.989218 0.065309 -0.131081 0.244141 0.724609 2 16 0.500000 15 0.500000
ogre
  26 -1.167372 -25.163826 17.129059 -0.004753 -0.657279 0.753632 0.091797 0.193359 1 26 1.000000
  26 -4.515013 -24.348972 15.083813 -0.857858 -0.453667 0.241382 0.056641 0.193359 1 26 1.000000
  27 -3.270930 -27.784651 12.532276 -0.812211 -0.423659 0.401031 0.068359 0.228516 2 27 0.500000 26 0.500000
ogre
  26 -1.167372 -25.163826 17.129059 -0.004753 -0.657279 0.753632 0.091797 0.193359 1 26 1.000000
  27 -3.270930 -27.784651 12.532276 -0.812211 -0.423659 0.401031 0.068359 0.228516 2 27 0.500000 26 0.500000
  27 -1.003658 -28.329868 13.619072 -0.060846 -0.753380 0.654765 0.091797 0.228516 2 27 0.500000 26 0.500000
ogre
  16 -5.315745 -6.376557 -13.676542 -0.906055 0.423143 -0.003795 0.087891 0.751953 1 16 1.000000
  16 -1.730464 -3.294852 -10.185393 -0.219896 0.971495 -0.088560 0.048828 0.724609 2 16 0.500000 15 0.500000
  16 -1.612163 -3.472439 -13.676541 -0.224888 0.973875 -0.031516 0.048828 0.751953 1 16 1.000000
ogre
  16 -5.142410 -10.458129 -13.676542 -0.879212 -0.475374 0.031729 0.123047 0.751953 1 16 1.000000
  16 -5.315745 -6.376557 -13.676542 -0.906055 0.423143 -0.003795 0.087891 0.751953 1 16 1.000000
  17 -6.058091 -6.350920 -23.505154 -0.714111 0.388633 -0.582246 0.087891 0.826172 1 17 1.000000
ogre
  16 -5.142410 -10.458129 -13.676542 -0.879212 -0.475374 0.031729 0.123047 0.751953 1 16 1.000000
  17 -6.058091 -6.350920 -23.505154 -0.714111 0.388633 -0.582246 0.087891 0.826172 1 17 1.000000
  17 -6.058091 -10.483766 -23.505154 -0.715317 -0.389032 -0.580495 0.123047 0.826172 1 17 1.000000
ogre
  15 -5.832327 -6.122246 -6.417082 -0.922562 0.361111 -0.135939 0.087891 0.689453 1 15 1.000000
  15 -2.121958 -2.794206 -5.919668 -0.263156 0.956596 -0.125193 0.048828 0.689453 1 15 1.000000
  16 -1.730464 -3.294852 -10.185393 -0.219896 0.971495 -0.088560 0.048828 0.724609 2 16 0.500000 15 0.500000
ogre
  25 -0.984264 -15.247805 28.036758 0.000000 0.379707 -0.925107 0.298828 0.314453 1 25 1.000000
  25 -0.993381 -20.969254 23.343445 -0.003347 0.771264 -0.636507 0.244141 0.314453 1 25 1.000000
  25 -1.004177 -21.484770 20.490993 0.027959 -0.671522 0.740457 0.228516 0.333984 1 25 1.000000
ogre
  25 -0.984264 -15.247805 28.036758 0.000000 0.379707 -0.925107 0.298828 0.314453 1 25 1.000000
  25 -1.004177 -21.484770 20.490993 0.027959 -0.671522 0.740457 0.228516 0.333984 1 25 1.000000
  25 -0.986509 -13.114303 25.783966 0.071599 -0.542235 0.837171 0.298828 0.333984 2 25 0.500000 24 0.500000
ogre
  27 -0.659261 -33.286713 7.721605 0.005151 -0.972189 0.234142 0.091797 0.283203 1 27 1.000000
  27 -4.457871 -31.853376 8.220953 -0.795976 -0.526371 0.298925 0.068359 0.275391 1 27 1.000000
  27 -4.486308 -31.432327 3.954695 -0.732073 -0.230341 -0.641102 0.048828 0.302734 1 27 1.000000
ogre
  27 -0.659261 -33.286713 7.721605 0.005151 -0.972189 0.234142 0.091797 0.283203 1 27 1.000000
  27 -4.486308 -31.432327 3.954695 -0.732073 -0.230341 -0.641102 0.048828 0.302734 1 27 1.000000
  27 -0.659261 -32.737835 3.269432 0.002597 -0.616895 -0.787041 0.091797 0.318359 1 27 1.000000
ogre
  27 -1.003658 -28.329868 13.619072 -0.060846 -0.753380 0.654765 0.091797 0.228516 2 27 0.500000 26 0.500000
  27 -3.270930 -27.784651 12.532276 -0.812211 -0.423659 0.401031 0.068359 0.228516 2 27 0.500000 26 0.500000
  27 -4.457871 -31.853376 8.220953 -0.795976 -0.526371 0.298925 0.068359 0.275391 1 27 1.000000
ogre
  27 -1.003658 -28.329868 13.619072 -0.060846 -0.753380 0.654765 0.091797 0.228516 2 27 0.500000 26 0.500000
  27 -4.457871 -31.853376 8.220953 -0.795976 -0.526371 0.298925 0.068359 0.275391 1 27 1.000000
  27 -0.659261 -33.286713 7.721605 0.005151 -0.972189 0.234142 0.091797 0.283203 1 27 1.000000
ogre
  27 3.249417 -31.170301 3.787838 0.728100 -0.172219 -0.663484 0.134766 0.302734 1 27 1.000000
  27 -0.659261 -32.737835 3.269432 0.002597 -0.616895 -0.787041 0.169922 0.318359 1 27 1.000000
  27 -0.717557 -29.708498 4.154909 -0.033152 0.471927 -0.881014 0.169922 0.291016 1 27 1.000000
ogre
  27 -0.717557 -29.708498 4.154909 -0.033152 0.471927 -0.881014 0.169922 0.291016 1 27 1.000000
  27 -0.659261 -32.737835 3.269432 0.002597 -0.616895 -0.787041 0.169922 0.318359 1 27 1.000000
  27 -4.486308 -31.432327 3.954695 -0.732073 -0.230341 -0.641102 0.197266 0.306641 1 27 1.000000
ogre
  27 1.622234 -25.000910 7.869993 0.638687 0.561050 -0.526594 0.158203 0.244141 2 27 0.500000 26 0.500000
  27 3.249417 -31.170301 3.787838 0.728100 -0.172219 -0.663484 0.134766 0.302734 1 27 1.000000
  27 -0.717557 -29.708498 4.154909 -0.033152 0.471927 -0.881014 0.169922 0.291016 1 27 1.000000
ogre
  27 -3.203423 -25.217745 7.837788 -0.641551 0.525342 -0.558953 0.197266 0.244141 2 27 0.500000 26 0.500000
  27 1.622234 -25.000910 7.869993 0.638687 0.561050 -0.526594 0.158203 0.244141 2 27 0.500000 26 0.500000
  27 -0.717557 -29.708498 4.154909 -0.033152 0.471927 -0.881014 0.169922 0.291016 1 27 1.000000
ogre
  18 4.712709 -8.417343 -18.816080 0.896563 0.000468 0.442917 0.244141 0.798828 2 18 0.500000 17 0.500000
  17 2.754951 -12.681334 -23.505154 0.211381 -0.736360 -0.642722 0.201172 0.826172 2 17 0.500000 18 0.500000
  18 7.762176 -13.388664 -23.504822 0.102081 -0.941769 -0.320390 0.201172 0.861328 1 18 1.000000
ogre
  18 4.712709 -8.417343 -18.816080 0.896563 0.000468 0.442917 0.244141 0.798828 2 18 0.500000 17 0.500000
  18 13.816903 -5.130622 -23.505154 0.944401 0.288859 -0.157055 0.267578 0.896484 1 18 1.000000
  18 7.762291 -3.446019 -23.505487 0.103536 0.945697 -0.308120 0.287109 0.861328 1 18 1.000000
ogre
  29 -0.061530 -7.665528 27.648922 0.120202 -0.635424 0.762750 0.259766 0.287109 2 29 0.600000 23 0.400000
  29 4.885311 -5.362194 26.494080 0.830830 -0.467222 0.302366 0.298828 0.287109 2 29 0.600000 23 0.400000
  29 5.051845 -4.780104 31.379082 0.670207 -0.703401 0.236749 0.298828 0.248047 1 29 1.000000
ogre
  29 -0.061530 -7.665528 27.648922 0.120202 -0.635424 0.762750 0.259766 0.287109 2 29 0.600000 23 0.400000
  29 5.051845 -4.780104 31.379082 0.670207 -0.703401 0.236749 0.298828 0.248047 1 29 1.000000
  29 -0.176442 -6.841715 31.857590 -0.028157 -0.957444 0.287243 0.259766 0.248047 1 29 1.000000
ogre
  29 -0.176442 -6.841715 31.857590 -0.028157 -0.957444 0.287243 0.259766 0.248047 1 29 1.000000
  29 5.051845 -4.780104 31.379082 0.670207 -0.703401 0.236749 0.298828 0.248047 1 29 1.000000
  29 3.119171 -3.347344 36.516281 0.464729 -0.563072 0.683357 0.306641 0.205078 1 29 1.000000
ogre
  29 -0.176442 -6.841715 31.857590 -0.028157 -0.957444 0.287243 0.259766 0.248047 1 29 1.000000
  29 3.119171 -3.347344 36.516281 0.464729 -0.563072 0.683357 0.306641 0.205078 1 29 1.000000
  29 -0.436934 -4.882078 36.528484 0.015655 -0.744185 0.667790 0.271484 0.205078 1 29 1.000000
ogre
  29 -0.315406 -0.000005 38.429008 0.038470 -0.000000 0.999260 0.337891 0.169922 1 29 1.000000
  29 -4.083729 -3.417401 36.716740 -0.525168 -0.579300 0.623385 0.310547 0.142578 1 29 1.000000
  29 -0.436934 -4.882078 36.528484 0.015655 -0.744185 0.667790 0.294922 0.173828 1 29 1.000000
ogre
  29 -0.061530 -7.665528 27.648922 0.120202 -0.635424 0.762750 0.091797 0.029297 2 29 0.600000 23 0.400000
  29 -5.457771 -5.674486 27.203209 -0.747212 -0.403906 0.527764 0.052734 0.029297 2 29 0.600000 23 0.400000
  24 -3.631851 -10.337135 26.506779 -0.367079 -0.365149 0.855523 0.068359 0.056641 1 24 1.000000
ogre
  29 -0.061530 -7.665528 27.648922 0.120202 -0.635424 0.762750 0.091797 0.029297 2 29 0.600000 23 0.400000
  24 -3.631851 -10.337135 26.506779 -0.367079 -0.365149 0.855523 0.068359 0.056641 1 24 1.000000
  24 -0.612679 -10.415172 27.252598 0.071731 -0.317300 0.945608 0.091797 0.056641 1 24 1.000000
ogre
  25 -0.986509 -13.114303 25.783966 0.071599 -0.542235 0.837171 0.091797 0.080078 2 25 0.500000 24 0.500000
  24 3.036921 -10.193090 25.654957 0.551736 -0.449507 0.702518 0.123047 0.056641 1 24 1.000000
  24 -0.612679 -10.415172 27.252598 0.071731 -0.317300 0.945608 0.091797 0.056641 1 24 1.000000
ogre
  24 6.047646 -9.485863 22.177940 0.832261 -0.464469 0.302671 0.251953 0.419922 1 24 1.000000
  29 4.885311 -5.362194 26.494080 0.830830 -0.467222 0.302366 0.283203 0.384766 2 29 0.600000 23 0.400000
  24 3.036921 -10.193090 25.654957 0.551736 -0.449507 0.702518 0.240234 0.384766 1 24 1.000000
ogre
  24 -7.185322 -6.608791 24.061417 -0.903765 -0.248196 0.348723 0.099609 0.408203 1 24 1.000000
  23 -8.672062 -6.750782 18.860558 -0.921338 -0.371816 0.113531 0.099609 0.451172 1 23 1.000000
  25 -5.196979 -11.714127 18.172047 -0.862844 -0.459431 -0.210767 0.146484 0.451172 2 25 0.500000 24 0.500000
ogre
  29 -5.457771 -5.674486 27.203209 -0.747212 -0.403906 0.527764 0.099609 0.380859 2 29 0.600000 23 0.400000
  29 -6.534286 -0.000004 27.152351 -0.971457 -0.000006 0.237215 0.048828 0.380859 2 29 0.600000 23 0.400000
  23 -8.241025 -0.000003 24.103123 -0.925879 -0.000001 0.377819 0.048828 0.408203 1 23 1.000000
ogre
  29 -5.457771 -5.674486 27.203209 -0.747212 -0.403906 0.527764 0.099609 0.380859 2 29 0.600000 23 0.400000
  23 -8.241025 -0.000003 24.103123 -0.925879 -0.000001 0.377819 0.048828 0.408203 1 23 1.000000
  24 -7.185322 -6.608791 24.061417 -0.903765 -0.248196 0.348723 0.099609 0.408203 1 24 1.000000
ogre
  15 -7.027357 -5.780771 0.699957 -0.947279 0.089864 -0.307549 0.099609 0.591797 1 15 1.000000
  15 -5.752313 -11.053918 0.699957 -0.761468 -0.644918 -0.065178 0.146484 0.591797 1 15 1.000000
  13 -8.201517 -6.410719 7.087957 -0.952346 -0.283904 -0.111515 0.099609 0.537109 3 13 0.450000 14 0.450000 15 0.100000
ogre
  13 -8.201517 -6.410719 7.087957 -0.952346 -0.283904 -0.111515 0.099609 0.537109 3 13 0.450000 14 0.450000 15 0.100000
  13 -5.253451 -11.213398 7.860708 -0.653661 -0.756787 0.000614 0.146484 0.537109 3 13 0.450000 14 0.450000 15 0.100000
  25 -5.196979 -11.714127 18.172047 -0.862844 -0.459431 -0.210767 0.146484 0.451172 2 25 0.500000 24 0.500000
ogre
  13 -8.201517 -6.410719 7.087957 -0.952346 -0.283904 -0.111515 0.099609 0.537109 3 13 0.450000 14 0.450000 15 0.100000
  25 -5.196979 -11.714127 18.172047 -0.862844 -0.459431 -0.210767 0.146484 0.451172 2 25 0.500000 24 0.500000
  23 -8.672062 -6.750782 18.860558 -0.921338 -0.371816 0.113531 0.099609 0.451172 1 23 1.000000
ogre
  24 -7.185322 -6.608791 24.061417 -0.903765 -0.248196 0.348723 0.099609 0.408203 1 24 1.000000
  23 -8.241025 -0.000003 24.103123 -0.925879 -0.000001 0.377819 0.048828 0.408203 1 23 1.000000
  23 -9.731100 -0.000003 18.775391 -0.994193 0.000000 0.107615 0.048828 0.451172 1 23 1.000000
ogre
  24 -7.185322 -6.608791 24.061417 -0.903765 -0.248196 0.348723 0.099609 0.408203 1 24 1.000000
  23 -9.731100 -0.000003 18.775391 -0.994193 0.000000 0.107615 0.048828 0.451172 1 23 1.000000
  23 -8.672062 -6.750782 18.860558 -0.921338 -0.371816 0.113531 0.099609 0.451172 1 23 1.000000
ogre
  15 -5.752313 -11.053918 0.699957 -0.761468 -0.644918 -0.065178 0.146484 0.591797 1 15 1.000000
  13 -5.253451 -11.213398 7.860708 -0.653661 -0.756787 0.000614 0.146484 0.537109 3 13 0.450000 14 0.450000 15 0.100000
  13 -8.201517 -6.410719 7.087957 -0.952346 -0.283904 -0.111515 0.099609 0.537109 3 13 0.450000 14 0.450000 15 0.100000
ogre
  25 3.665265 -13.254740 17.868568 0.737013 -0.671548 -0.076390 0.220703 0.451172 2 25 0.500000 24 0.500000
  13 -0.187011 -13.437920 10.664997 -0.090135 -0.995924 0.003256 0.189453 0.509766 2 13 0.500000 14 0.500000
  13 3.786544 -12.466352 10.815769 0.451578 -0.891286 -0.041075 0.220703 0.509766 2 13 0.500000 14 0.500000
ogre
  13 -8.201517 -6.410719 7.087957 -0.952346 -0.283904 -0.111515 0.099609 0.537109 3 13 0.450000 14 0.450000 15 0.100000
  13 -9.116544 -0.000002 6.770830 -0.969214 0.000000 -0.246219 0.048828 0.537109 2 13 0.500000 14 0.500000
  14 -6.580580 -0.000002 1.429596 -0.602450 0.000000 -0.798156 0.048828 0.591797 3 14 0.333333 19 0.333333 15 0.333333
ogre
  25 3.665265 -13.254740 17.868568 0.737013 -0.671548 -0.076390 0.220703 0.451172 2 25 0.500000 24 0.500000
  13 3.786544 -12.466352 10.815769 0.451578 -0.891286 -0.041075 0.220703 0.509766 2 13 0.500000 14 0.500000
  13 6.689603 -10.095186 10.988503 0.785157 -0.618763 -0.025722 0.251953 0.509766 2 13 0.500000 14 0.500000
ogre
  30 -0.612679 10.415163 27.252598 0.071735 0.317298 0.945609 0.583984 0.056641 1 30 1.000000
  29 -0.061529 7.665520 27.648922 0.120202 0.635424 0.762750 0.583984 0.029297 2 29 0.600000 23 0.400000
  29 4.885311 5.362185 26.494080 0.830835 0.467207 0.302374 0.552734 0.009766 2 29 0.600000 23 0.400000
ogre
  30 -0.612679 10.415163 27.252598 0.071735 0.317298 0.945609 0.583984 0.056641 1 30 1.000000
  29 4.885311 5.362185 26.494080 0.830835 0.467207 0.302374 0.552734 0.009766 2 29 0.600000 23 0.400000
  30 3.036921 10.193084 25.654957 0.551735 0.449507 0.702518 0.552734 0.056641 1 30 1.000000
ogre
  32 1.909122 23.987453 15.463341 0.893083 0.305334 0.330415 0.556641 0.193359 1 32 1.000000
  32 -0.991629 22.987785 18.676060 0.088137 0.673345 0.734056 0.583984 0.169922 2 32 0.500000 31 0.500000
  31 2.399930 19.533417 18.841370 0.889312 0.331259 0.315266 0.552734 0.150391 1 31 1.000000
ogre
  20 -0.846706 13.625327 -10.185392 -0.189953 0.980185 -0.056174 0.509766 0.724609 2 20 0.500000 19 0.500000
  20 -5.142409 10.458128 -13.676540 -0.879213 0.475371 0.031727 0.552734 0.751953 1 20 1.000000
  19 -5.227742 10.712439 -6.417082 -0.850286 0.523307 -0.056255 0.552734 0.689453 1 19 1.000000
ogre
  22 10.780023 8.417343 -23.505152 0.804561 0.004677 -0.593852 0.615234 0.904297 1 22 1.000000
  22 13.816903 5.130621 -23.505154 0.944389 -0.288926 -0.157010 0.638672 0.880859 1 22 1.000000
  22 7.762292 3.446019 -23.505486 0.103535 -0.945697 -0.308120 0.591797 0.865234 1 22 1.000000
ogre
  22 10.780023 8.417343 -23.505152 0.804561 0.004677 -0.593852 0.615234 0.904297 1 22 1.000000
  22 7.762292 3.446019 -23.505486 0.103535 -0.945697 -0.308120 0.591797 0.865234 1 22 1.000000
  21 2.754952 4.153351 -23.556957 0.208966 -0.737863 -0.641787 0.552734 0.873047 2 21 0.500000 22 0.500000
ogre
  19 3.794907 12.573021 0.699955 0.617789 0.785998 0.023321 0.455078 0.591797 1 19 1.000000
  19 -0.396389 13.689084 0.699959 -0.096523 0.994867 0.030367 0.486328 0.591797 1 19 1.000000
  13 -0.187010 13.437915 10.664997 -0.090135 0.995924 0.003256 0.486328 0.509766 2 13 0.500000 14 0.500000
ogre
  19 3.794907 12.573021 0.699955 0.617789 0.785998 0.023321 0.455078 0.591797 1 19 1.000000
  13 -0.187010 13.437915 10.664997 -0.090135 0.995924 0.003256 0.486328 0.509766 2 13 0.500000 14 0.500000
  13 3.786545 12.466348 10.815769 0.451580 0.891285 -0.041068 0.455078 0.509766 2 13 0.500000 14 0.500000
ogre
  23 -8.672060 6.750776 18.860558 -0.921338 0.371816 0.113531 0.576172 0.451172 1 23 1.000000
  13 -8.201515 6.410716 7.087957 -0.952346 0.283904 -0.111515 0.576172 0.537109 3 13 0.450000 14 0.450000 19 0.100000
  13 -9.116544 -0.000002 6.770830 -0.969214 0.000000 -0.246219 0.626953 0.537109 2 13 0.500000 14 0.500000
ogre
  23 -8.672060 6.750776 18.860558 -0.921338 0.371816 0.113531 0.576172 0.451172 1 23 1.000000
  13 -9.116544 -0.000002 6.770830 -0.969214 0.000000 -0.246219 0.626953 0.537109 2 13 0.500000 14 0.500000
  23 -9.731100 -0.000003 18.775391 -0.994193 0.000000 0.107615 0.626953 0.451172 1 23 1.000000
ogre
  33 -3.203421 25.217739 7.837793 -0.641550 -0.525343 -0.558953 0.478516 0.244141 2 33 0.500000 32 0.500000
  33 -4.486305 31.432320 3.954699 -0.732073 0.230340 -0.641103 0.478516 0.306641 1 33 1.000000
  33 -0.717555 29.708490 4.154911 -0.033152 -0.471928 -0.881014 0.505859 0.291016 1 33 1.000000
ogre
  20 -1.612163 3.472437 -13.676541 -0.224851 -0.973885 -0.031478 0.349609 0.751953 1 20 1.000000
  20 2.914281 4.449329 -13.676541 0.634573 -0.772778 0.011460 0.384766 0.751953 1 20 1.000000
  20 2.648335 4.271742 -10.185393 0.548093 -0.834146 -0.061597 0.384766 0.724609 2 20 0.500000 19 0.500000
ogre
  20 -1.612163 3.472437 -13.676541 -0.224851 -0.973885 -0.031478 0.349609 0.751953 1 20 1.000000
  20 2.648335 4.271742 -10.185393 0.548093 -0.834146 -0.061597 0.384766 0.724609 2 20 0.500000 19 0.500000
  20 -1.730464 3.294851 -10.185393 -0.219895 -0.971495 -0.088561 0.349609 0.724609 2 20 0.500000 19 0.500000
ogre
  33 -1.003657 28.329861 13.619080 -0.060848 0.753378 0.654766 0.583984 0.228516 2 33 0.500000 32 0.500000
  32 -1.167371 25.163818 17.129066 -0.004753 0.657279 0.753633 0.583984 0.193359 1 32 1.000000
  32 1.909122 23.987453 15.463341 0.893083 0.305334 0.330415 0.556641 0.193359 1 32 1.000000
ogre
  33 -1.003657 28.329861 13.619080 -0.060848 0.753378 0.654766 0.583984 0.228516 2 33 0.500000 32 0.500000
  32 1.909122 23.987453 15.463341 0.893083 0.305334 0.330415 0.556641 0.193359 1 32 1.000000
  33 1.722799 27.749676 12.831760 0.786077 0.358353 0.503652 0.560547 0.228516 2 33 0.500000 32 0.500000
ogre
  21 2.754952 12.681334 -23.505152 0.211381 0.736360 -0.642722 0.552734 0.939453 2 21 0.500000 22 0.500000
  21 2.754952 4.153351 -23.556957 0.208966 -0.737863 -0.641787 0.552734 0.873047 2 21 0.500000 22 0.500000
  21 -1.332783 3.462785 -23.556957 -0.142991 -0.754825 -0.640150 0.521484 0.865234 1 21 1.000000
ogre
  21 2.754952 12.681334 -23.505152 0.211381 0.736360 -0.642722 0.552734 0.939453 2 21 0.500000 22 0.500000
  21 -1.332783 3.462785 -23.556957 -0.142991 -0.754825 -0.640150 0.521484 0.865234 1 21 1.000000
  21 -1.332783 13.371901 -23.505152 -0.149443 0.759158 -0.633519 0.521484 0.943359 1 21 1.000000
ogre
  29 -0.315406 -0.000005 38.429008 0.038470 -0.000000 0.999260 0.337891 0.169922 1 29 1.000000
  29 3.119171 3.347335 36.516281 0.464729 0.563072 0.683357 0.369141 0.205078 1 29 1.000000
  29 -0.436934 4.882069 36.528484 0.015656 0.744186 0.667789 0.380859 0.173828 1 29 1.000000
ogre
  29 -5.146868 4.453844 31.541237 -0.732019 0.633683 0.250188 0.376953 0.095703 1 29 1.000000
  29 -5.457771 5.674479 27.203209 -0.747210 0.403910 0.527764 0.384766 0.060547 2 29 0.600000 23 0.400000
  29 -6.534286 -0.000004 27.152351 -0.971457 -0.000006 0.237215 0.337891 0.060547 2 29 0.600000 23 0.400000
ogre
  29 -5.146868 4.453844 31.541237 -0.732019 0.633683 0.250188 0.376953 0.095703 1 29 1.000000
  29 -6.534286 -0.000004 27.152351 -0.971457 -0.000006 0.237215 0.337891 0.060547 2 29 0.600000 23 0.400000
  29 -6.766949 -0.000004 31.789223 -0.994476 0.000000 0.104967 0.337891 0.095703 1 29 1.000000
ogre
  31 3.665266 13.254733 17.868568 0.737007 0.671553 -0.076398 0.455078 0.451172 2 31 0.500000 30 0.500000
  30 6.047647 9.485856 22.177940 0.832261 0.464469 0.302672 0.423828 0.419922 1 30 1.000000
  13 6.689604 10.095180 10.988503 0.785157 0.618762 -0.025723 0.423828 0.509766 2 13 0.500000 14 0.500000
ogre
  21 -1.332783 13.371901 -23.505152 -0.149443 0.759158 -0.633519 0.521484 0.943359 1 21 1.000000
  21 -1.332783 3.462785 -23.556957 -0.142991 -0.754825 -0.640150 0.521484 0.865234 1 21 1.000000
  21 -6.058091 6.350920 -23.505152 -0.714112 -0.388633 -0.582245 0.482422 0.888672 1 21 1.000000
ogre
  21 -1.332783 13.371901 -23.505152 -0.149443 0.759158 -0.633519 0.521484 0.943359 1 21 1.000000
  21 -6.058091 6.350920 -23.505152 -0.714112 -0.388633 -0.582245 0.482422 0.888672 1 21 1.000000
  21 -6.058090 10.483766 -23.505152 -0.715317 0.389032 -0.580496 0.482422 0.919922 1 21 1.000000
ogre
  20 5.572875 8.417342 -10.185392 0.989218 -0.065312 -0.131081 0.427734 0.724609 2 20 0.500000 19 0.500000
  20 2.648335 4.271742 -10.185393 0.548093 -0.834146 -0.061597 0.384766 0.724609 2 20 0.500000 19 0.500000
  20 2.914281 4.449329 -13.676541 0.634573 -0.772778 0.011460 0.384766 0.751953 1 20 1.000000
ogre
  20 5.572875 8.417342 -10.185392 0.989218 -0.065312 -0.131081 0.427734 0.724609 2 20 0.500000 19 0.500000
  20 2.914281 4.449329 -13.676541 0.634573 -0.772778 0.011460 0.384766 0.751953 1 20 1.000000
  20 4.795008 8.417342 -13.676540 0.991780 -0.043650 -0.120279 0.427734 0.751953 1 20 1.000000
ogre
  19 3.794907 12.573021 0.699955 0.617789 0.785998 0.023321 0.455078 0.591797 1 19 1.000000
  13 3.786545 12.466348 10.815769 0.451580 0.891285 -0.041068 0.455078 0.509766 2 13 0.500000 14 0.500000
  13 6.689604 10.095180 10.988503 0.785157 0.618762 -0.025723 0.423828 0.509766 2 13 0.500000 14 0.500000
ogre
  19 3.794907 12.573021 0.699955 0.617789 0.785998 0.023321 0.455078 0.591797 1 19 1.000000
  13 6.689604 10.095180 10.988503 0.785157 0.618762 -0.025723 0.423828 0.509766 2 13 0.500000 14 0.500000
  19 6.141064 8.304067 0.699957 0.201465 0.575305 -0.792739 0.423828 0.591797 1 19 1.000000
ogre
  30 -3.631850 10.337127 26.506779 -0.367081 0.365146 0.855523 0.607422 0.056641 1 30 1.000000
  31 -5.535177 12.651820 24.152893 -0.774993 0.419752 0.472435 0.623047 0.080078 2 31 0.500000 30 0.500000
  29 -5.457771 5.674479 27.203209 -0.747210 0.403910 0.527764 0.623047 0.029297 2 29 0.600000 23 0.400000
ogre
  29 7.633966 -0.000004 31.053471 0.983898 -0.000001 0.178732 0.337891 0.248047 1 29 1.000000
  29 7.503957 -0.000004 26.055313 0.885581 0.000001 -0.464484 0.337891 0.287109 1 29 1.000000
  29 4.885311 5.362185 26.494080 0.830835 0.467207 0.302374 0.376953 0.287109 2 29 0.600000 23 0.400000
ogre
  29 7.633966 -0.000004 31.053471 0.983898 -0.000001 0.178732 0.337891 0.248047 1 29 1.000000
  29 4.885311 5.362185 26.494080 0.830835 0.467207 0.302374 0.376953 0.287109 2 29 0.600000 23 0.400000
  29 5.051846 4.780096 31.379082 0.670207 0.703401 0.236748 0.376953 0.248047 1 29 1.000000
ogre
  19 -2.299162 2.227529 -0.835829 -0.249998 -0.872632 -0.419541 0.626953 0.638672 1 19 1.000000
  14 -2.054104 -0.000002 1.353802 -0.004623 -0.000006 -0.999989 0.626953 0.611328 1 14 1.000000
  14 -6.580580 -0.000002 1.429596 -0.602450 0.000000 -0.798156 0.587891 0.611328 3 14 0.333333 19 0.333333 15 0.333333
ogre
  19 -2.299162 2.227529 -0.835829 -0.249998 -0.872632 -0.419541 0.626953 0.638672 1 19 1.000000
  14 -6.580580 -0.000002 1.429596 -0.602450 0.000000 -0.798156 0.587891 0.611328 3 14 0.333333 19 0.333333 15 0.333333
  19 -7.027356 5.780768 0.699957 -0.947277 -0.089865 -0.307556 0.587891 0.638672 1 19 1.000000
ogre
  22 4.712709 8.417343 -18.816078 0.896561 -0.000469 0.442919 0.427734 0.798828 2 22 0.500000 21 0.500000
  21 2.754952 4.153351 -23.556957 0.208966 -0.737863 -0.641787 0.384766 0.822266 2 21 0.500000 22 0.500000
  22 7.762292 3.446019 -23.505486 0.103535 -0.945697 -0.308120 0.384766 0.861328 1 22 1.000000
ogre
  29 7.503957 -0.000004 26.055313 0.885581 0.000001 -0.464484 0.337891 0.287109 1 29 1.000000
  29 5.881832 -0.000004 25.058243 0.998051 0.000000 0.062410 0.337891 0.302734 2 29 0.600000 23 0.400000
  29 4.885311 5.362185 26.494080 0.830835 0.467207 0.302374 0.376953 0.287109 2 29 0.600000 23 0.400000
ogre
  13 -8.201515 6.410716 7.087957 -0.952346 0.283904 -0.111515 0.576172 0.537109 3 13 0.450000 14 0.450000 19 0.100000
  19 -7.027356 5.780768 0.699957 -0.947277 -0.089865 -0.307556 0.576172 0.591797 1 19 1.000000
  14 -6.580580 -0.000002 1.429596 -0.602450 0.000000 -0.798156 0.626953 0.591797 3 14 0.333333 19 0.333333 15 0.333333
ogre
  13 6.689604 10.095180 10.988503 0.785157 0.618762 -0.025723 0.423828 0.509766 2 13 0.500000 14 0.500000
  19 7.369854 9.336195 -1.857805 0.015533 0.677177 -0.735656 0.408203 0.607422 2 19 0.500000 14 0.500000
  19 6.141064 8.304067 0.699957 0.201465 0.575305 -0.792739 0.423828 0.591797 1 19 1.000000
ogre
  32 1.657799 20.799709 12.116699 0.656149 -0.459501 -0.598605 0.517578 0.193359 1 32 1.000000
  32 1.909122 23.987453 15.463341 0.893083 0.305334 0.330415 0.556641 0.193359 1 32 1.000000
  31 2.399930 19.533417 18.841370 0.889312 0.331259 0.315266 0.552734 0.150391 1 31 1.000000
ogre
  32 1.657799 20.799709 12.116699 0.656149 -0.459501 -0.598605 0.517578 0.193359 1 32 1.000000
  31 2.399930 19.533417 18.841370 0.889312 0.331259 0.315266 0.552734 0.150391 1 31 1.000000
  31 2.205301 16.208792 15.299637 0.581918 -0.381646 -0.718135 0.517578 0.150391 1 31 1.000000
ogre
  22 10.780023 8.417343 -23.505152 0.804561 0.004677 -0.593852 0.615234 0.904297 1 22 1.000000
  21 2.754952 4.153351 -23.556957 0.208966 -0.737863 -0.641787 0.552734 0.873047 2 21 0.500000 22 0.500000
  21 2.754952 12.681334 -23.505152 0.211381 0.736360 -0.642722 0.552734 0.939453 2 21 0.500000 22 0.500000
ogre
  13 -0.187010 13.437915 10.664997 -0.090135 0.995924 0.003256 0.486328 0.509766 2 13 0.500000 14 0.500000
  19 -0.396389 13.689084 0.699959 -0.096523 0.994867 0.030367 0.486328 0.591797 1 19 1.000000
  19 -5.752312 11.053913 0.699957 -0.761467 0.644918 -0.065178 0.529297 0.591797 1 19 1.000000
ogre
  13 -0.187010 13.437915 10.664997 -0.090135 0.995924 0.003256 0.486328 0.509766 2 13 0.500000 14 0.500000
  19 -5.752312 11.053913 0.699957 -0.761467 0.644918 -0.065178 0.529297 0.591797 1 19 1.000000
  13 -5.253450 11.213393 7.860708 -0.653607 0.756834 0.000258 0.529297 0.537109 3 13 0.450000 14 0.450000 19 0.100000
ogre
  29 4.885311 5.362185 26.494080 0.830835 0.467207 0.302374 0.388672 0.384766 2 29 0.600000 23 0.400000
  29 5.881832 -0.000004 25.058243 0.998051 0.000000 0.062410 0.337891 0.384766 2 29 0.600000 23 0.400000
  23 9.850658 -0.000004 21.617878 0.899934 -0.000000 0.436026 0.337891 0.419922 1 23 1.000000
ogre
  29 4.885311 5.362185 26.494080 0.830835 0.467207 0.302374 0.388672 0.384766 2 29 0.600000 23 0.400000
  23 9.850658 -0.000004 21.617878 0.899934 -0.000000 0.436026 0.337891 0.419922 1 23 1.000000
  30 6.047647 9.485856 22.177940 0.832261 0.464469 0.302672 0.423828 0.419922 1 30 1.000000
ogre
  14 10.474633 -0.000002 -3.948318 0.324367 0.000000 -0.945931 0.337891 0.896484 1 14 1.000000
  14 6.938858 -0.000002 2.900448 -0.367330 0.000006 -0.930091 0.337891 0.955078 1 14 1.000000
  19 6.141064 8.304067 0.699957 0.201465 0.575305 -0.792739 0.404297 0.955078 1 19 1.000000
ogre
  14 10.474633 -0.000002 -3.948318 0.324367 0.000000 -0.945931 0.337891 0.896484 1 14 1.000000
  19 6.141064 8.304067 0.699957 0.201465 0.575305 -0.792739 0.404297 0.955078 1 19 1.000000
  19 7.369854 9.336195 -1.857805 0.015533 0.677177 -0.735656 0.416016 0.931641 2 19 0.500000 14 0.500000
ogre
  14 2.596236 -0.000002 1.384758 0.180038 0.000005 -0.983660 0.666016 0.611328 1 14 1.000000
  14 -2.054104 -0.000002 1.353802 -0.004623 -0.000006 -0.999989 0.626953 0.611328 1 14 1.000000
  19 -2.299162 2.227529 -0.835829 -0.249998 -0.872632 -0.419541 0.626953 0.638672 1 19 1.000000
ogre
  14 2.596236 -0.000002 1.384758 0.180038 0.000005 -0.983660 0.666016 0.611328 1 14 1.000000
  19 -2.299162 2.227529 -0.835829 -0.249998 -0.872632 -0.419541 0.626953 0.638672 1 19 1.000000
  19 2.547000 3.393911 -0.230160 0.581022 -0.641584 -0.500782 0.666016 0.638672 1 19 1.000000
ogre
  29 5.054532 -0.000005 36.748272 0.718278 -0.000001 0.695756 0.337891 0.205078 1 29 1.000000
  29 7.633966 -0.000004 31.053471 0.983898 -0.000001 0.178732 0.337891 0.248047 1 29 1.000000
  29 5.051846 4.780096 31.379082 0.670207 0.703401 0.236748 0.376953 0.248047 1 29 1.000000
ogre
  29 5.054532 -0.000005 36.748272 0.718278 -0.000001 0.695756 0.337891 0.205078 1 29 1.000000
  29 5.051846 4.780096 31.379082 0.670207 0.703401 0.236748 0.376953 0.248047 1 29 1.000000
  29 3.119171 3.347335 36.516281 0.464729 0.563072 0.683357 0.369141 0.205078 1 29 1.000000
ogre
  19 -0.396389 13.689084 0.699959 -0.096523 0.994867 0.030367 0.509766 0.638672 1 19 1.000000
  19 3.794907 12.573021 0.699955 0.617789 0.785998 0.023321 0.474609 0.638672 1 19 1.000000
  19 3.842120 12.853756 -5.919668 0.637843 0.769245 -0.037671 0.474609 0.689453 1 19 1.000000
ogre
  19 -0.396389 13.689084 0.699959 -0.096523 0.994867 0.030367 0.509766 0.638672 1 19 1.000000
  19 3.842120 12.853756 -5.919668 0.637843 0.769245 -0.037671 0.474609 0.689453 1 19 1.000000
  19 -0.639999 13.889729 -5.919668 -0.185223 0.982674 -0.006707 0.509766 0.689453 1 19 1.000000
ogre
  19 6.141064 8.304067 0.699957 0.201465 0.575305 -0.792739 0.427734 0.638672 1 19 1.000000
  19 2.547000 3.393911 -0.230160 0.581022 -0.641584 -0.500782 0.384766 0.638672 1 19 1.000000
  19 2.823164 3.771095 -5.919668 0.571731 -0.817280 -0.071952 0.384766 0.689453 1 19 1.000000
ogre
  19 6.141064 8.304067 0.699957 0.201465 0.575305 -0.792739 0.427734 0.638672 1 19 1.000000
  19 2.823164 3.771095 -5.919668 0.571731 -0.817280 -0.071952 0.384766 0.689453 1 19 1.000000
  19 5.808154 8.550234 -5.806553 0.997129 -0.054559 -0.052510 0.427734 0.689453 1 19 1.000000
ogre
  31 -0.986508 13.114294 25.783966 0.071606 0.542208 0.837188 0.583984 0.080078 2 31 0.500000 30 0.500000
  31 -5.535177 12.651820 24.152893 -0.774993 0.419752 0.472435 0.623047 0.080078 2 31 0.500000 30 0.500000
  30 -3.631850 10.337127 26.506779 -0.367081 0.365146 0.855523 0.607422 0.056641 1 30 1.000000
ogre
  31 3.665266 13.254733 17.868568 0.737007 0.671553 -0.076398 0.455078 0.451172 2 31 0.500000 30 0.500000
  31 3.327894 12.389572 23.174206 0.699178 0.538402 0.470397 0.455078 0.408203 2 31 0.500000 30 0.500000
  30 6.047647 9.485856 22.177940 0.832261 0.464469 0.302672 0.423828 0.419922 1 30 1.000000
ogre
  33 -1.003657 28.329861 13.619080 -0.060848 0.753378 0.654766 0.583984 0.228516 2 33 0.500000 32 0.500000
  33 1.722799 27.749676 12.831760 0.786077 0.358353 0.503652 0.560547 0.228516 2 33 0.500000 32 0.500000
  33 3.220373 31.778660 8.304110 0.810887 0.507262 0.291802 0.560547 0.275391 1 33 1.000000
ogre
  33 -1.003657 28.329861 13.619080 -0.060848 0.753378 0.654766 0.583984 0.228516 2 33 0.500000 32 0.500000
  33 3.220373 31.778660 8.304110 0.810887 0.507262 0.291802 0.560547 0.275391 1 33 1.000000
  33 -0.659259 33.286705 7.721611 0.005149 0.972189 0.234141 0.583984 0.283203 1 33 1.000000
ogre
  32 -5.190369 19.099653 14.305897 -0.774536 -0.342896 -0.531524 0.458984 0.173828 2 32 0.500000 31 0.500000
  32 1.657799 20.799709 12.116699 0.656149 -0.459501 -0.598605 0.517578 0.193359 1 32 1.000000
  31 2.205301 16.208792 15.299637 0.581918 -0.381646 -0.718135 0.517578 0.150391 1 31 1.000000
ogre
  22 10.780023 8.417343 -23.505152 0.804561 0.004677 -0.593852 0.427734 0.869141 1 22 1.000000
  22 13.816903 11.704063 -23.505152 0.944422 0.288859 -0.156930 0.455078 0.896484 1 22 1.000000
  22 4.712709 8.417343 -18.816078 0.896561 -0.000469 0.442919 0.427734 0.798828 2 22 0.500000 21 0.500000
ogre
  21 -6.058090 10.483766 -23.505152 -0.715317 0.389032 -0.580496 0.552734 0.826172 1 21 1.000000
  20 -5.142409 10.458128 -13.676540 -0.879213 0.475371 0.031727 0.552734 0.751953 1 20 1.000000
  20 -1.160973 13.381549 -13.676540 -0.224940 0.974128 -0.021838 0.509766 0.751953 1 20 1.000000
ogre
  21 -6.058090 10.483766 -23.505152 -0.715317 0.389032 -0.580496 0.552734 0.826172 1 21 1.000000
  20 -1.160973 13.381549 -13.676540 -0.224940 0.974128 -0.021838 0.509766 0.751953 1 20 1.000000
  21 -1.332783 13.371901 -23.505152 -0.149443 0.759158 -0.633519 0.509766 0.826172 1 21 1.000000
ogre
  31 -4.971435 18.950705 19.311245 -0.872550 0.303285 0.382982 0.623047 0.138672 1 31 1.000000
  32 -5.222677 21.736992 17.059715 -0.863588 0.360256 0.352747 0.623047 0.169922 2 32 0.500000 31 0.500000
  32 -5.190369 19.099653 14.305897 -0.774536 -0.342896 -0.531524 0.658203 0.169922 2 32 0.500000 31 0.500000
ogre
  31 -4.971435 18.950705 19.311245 -0.872550 0.303285 0.382982 0.623047 0.138672 1 31 1.000000
  32 -5.190369 19.099653 14.305897 -0.774536 -0.342896 -0.531524 0.658203 0.169922 2 32 0.500000 31 0.500000
  31 -4.905447 16.094240 16.255600 -0.743191 -0.313424 -0.591128 0.658203 0.138672 1 31 1.000000
ogre
  31 -5.196977 11.714120 18.172047 -0.862844 0.459430 -0.210772 0.529297 0.451172 2 31 0.500000 30 0.500000
  31 3.665266 13.254733 17.868568 0.737007 0.671553 -0.076398 0.455078 0.451172 2 31 0.500000 30 0.500000
  13 -0.187010 13.437915 10.664997 -0.090135 0.995924 0.003256 0.486328 0.509766 2 13 0.500000 14 0.500000
ogre
  31 3.665266 13.254733 17.868568 0.737007 0.671553 -0.076398 0.517578 0.115234 2 31 0.500000 30 0.500000
  31 2.205301 16.208792 15.299637 0.581918 -0.381646 -0.718135 0.517578 0.150391 1 31 1.000000
  31 2.399930 19.533417 18.841370 0.889312 0.331259 0.315266 0.552734 0.150391 1 31 1.000000
ogre
  31 3.665266 13.254733 17.868568 0.737007 0.671553 -0.076398 0.517578 0.115234 2 31 0.500000 30 0.500000
  31 2.399930 19.533417 18.841370 0.889312 0.331259 0.315266 0.552734 0.150391 1 31 1.000000
  31 3.327894 12.389572 23.174206 0.699178 0.538402 0.470397 0.552734 0.080078 2 31 0.500000 30 0.500000
ogre
  19 -2.121958 2.794203 -5.919668 -0.263155 -0.956596 -0.125191 0.349609 0.689453 1 19 1.000000
  19 2.823164 3.771095 -5.919668 0.571731 -0.817280 -0.071952 0.384766 0.689453 1 19 1.000000
  19 2.547000 3.393911 -0.230160 0.581022 -0.641584 -0.500782 0.384766 0.638672 1 19 1.000000
ogre
  19 -2.121958 2.794203 -5.919668 -0.263155 -0.956596 -0.125191 0.349609 0.689453 1 19 1.000000
  19 2.547000 3.393911 -0.230160 0.581022 -0.641584 -0.500782 0.384766 0.638672 1 19 1.000000
  19 -2.299162 2.227529 -0.835829 -0.249998 -0.872632 -0.419541 0.349609 0.638672 1 19 1.000000
ogre
  29 -0.176442 6.841706 31.857590 -0.028157 0.957444 0.287243 0.416016 0.248047 1 29 1.000000
  29 -0.061529 7.665520 27.648922 0.120202 0.635424 0.762750 0.416016 0.287109 2 29 0.600000 23 0.400000
  29 -5.457771 5.674479 27.203209 -0.747210 0.403910 0.527764 0.458984 0.287109 2 29 0.600000 23 0.400000
ogre
  29 -0.176442 6.841706 31.857590 -0.028157 0.957444 0.287243 0.416016 0.248047 1 29 1.000000
  29 -5.457771 5.674479 27.203209 -0.747210 0.403910 0.527764 0.458984 0.287109 2 29 0.600000 23 0.400000
  29 -5.146868 4.453844 31.541237 -0.732019 0.633683 0.250188 0.458984 0.248047 1 29 1.000000
ogre
  13 11.484145 -0.000003 9.864994 0.999682 0.000001 0.025207 0.337891 0.509766 2 13 0.500000 14 0.500000
  14 10.474633 -0.000002 -3.948318 0.324367 0.000000 -0.945931 0.337891 0.619141 1 14 1.000000
  19 7.369854 9.336195 -1.857805 0.015533 0.677177 -0.735656 0.408203 0.607422 2 19 0.500000 14 0.500000
ogre
  13 11.484145 -0.000003 9.864994 0.999682 0.000001 0.025207 0.337891 0.509766 2 13 0.500000 14 0.500000
  19 7.369854 9.336195 -1.857805 0.015533 0.677177 -0.735656 0.408203 0.607422 2 19 0.500000 14 0.500000
  13 6.689604 10.095180 10.988503 0.785157 0.618762 -0.025723 0.423828 0.509766 2 13 0.500000 14 0.500000
ogre
  19 2.547000 3.393911 -0.230160 0.581022 -0.641584 -0.500782 0.373047 0.990234 1 19 1.000000
  19 6.141064 8.304067 0.699957 0.201465 0.575305 -0.792739 0.404297 0.955078 1 19 1.000000
  14 6.938858 -0.000002 2.900448 -0.367330 0.000006 -0.930091 0.337891 0.955078 1 14 1.000000
ogre
  19 2.547000 3.393911 -0.230160 0.581022 -0.641584 -0.500782 0.373047 0.990234 1 19 1.000000
  14 6.938858 -0.000002 2.900448 -0.367330 0.000006 -0.930091 0.337891 0.955078 1 14 1.000000
  14 2.596236 -0.000002 1.384758 0.180038 0.000005 -0.983660 0.337891 0.990234 1 14 1.000000
ogre
  30 6.047647 9.485856 22.177940 0.832261 0.464469 0.302672 0.423828 0.419922 1 30 1.000000
  31 3.327894 12.389572 23.174206 0.699178 0.538402 0.470397 0.455078 0.408203 2 31 0.500000 30 0.500000
  30 3.036921 10.193084 25.654957 0.551735 0.449507 0.702518 0.435547 0.384766 1 30 1.000000
ogre
  31 -1.004176 21.484762 20.490993 0.027959 0.671529 0.740451 0.583984 0.150391 1 31 1.000000
  31 -0.986508 13.114294 25.783966 0.071606 0.542208 0.837188 0.583984 0.080078 2 31 0.500000 30 0.500000
  31 3.327894 12.389572 23.174206 0.699178 0.538402 0.470397 0.552734 0.080078 2 31 0.500000 30 0.500000
ogre
  31 -1.004176 21.484762 20.490993 0.027959 0.671529 0.740451 0.583984 0.150391 1 31 1.000000
  31 3.327894 12.389572 23.174206 0.699178 0.538402 0.470397 0.552734 0.080078 2 31 0.500000 30 0.500000
  31 2.399930 19.533417 18.841370 0.889312 0.331259 0.315266 0.552734 0.150391 1 31 1.000000
ogre
  19 3.794907 12.573021 0.699955 0.617789 0.785998 0.023321 0.474609 0.638672 1 19 1.000000
  19 6.141064 8.304067 0.699957 0.201465 0.575305 -0.792739 0.427734 0.638672 1 19 1.000000
  19 5.808154 8.550234 -5.806553 0.997129 -0.054559 -0.052510 0.427734 0.689453 1 19 1.000000
ogre
  19 3.794907 12.573021 0.699955 0.617789 0.785998 0.023321 0.474609 0.638672 1 19 1.000000
  19 5.808154 8.550234 -5.806553 0.997129 -0.054559 -0.052510 0.427734 0.689453 1 19 1.000000
  19 3.842120 12.853756 -5.919668 0.637843 0.769245 -0.037671 0.474609 0.689453 1 19 1.000000
ogre
  19 -5.752312 11.053913 0.699957 -0.761467 0.644918 -0.065178 0.552734 0.638672 1 19 1.000000
  19 -5.227742 10.712439 -6.417082 -0.850286 0.523307 -0.056255 0.552734 0.689453 1 19 1.000000
  19 -5.832327 6.122244 -6.417082 -0.922563 -0.361108 -0.135939 0.587891 0.689453 1 19 1.000000
ogre
  19 -5.752312 11.053913 0.699957 -0.761467 0.644918 -0.065178 0.552734 0.638672 1 19 1.000000
  19 -5.832327 6.122244 -6.417082 -0.922563 -0.361108 -0.135939 0.587891 0.689453 1 19 1.000000
  19 -7.027356 5.780768 0.699957 -0.947277 -0.089865 -0.307556 0.587891 0.638672 1 19 1.000000
ogre
  33 -3.203421 25.217739 7.837793 -0.641550 -0.525343 -0.558953 0.650391 0.244141 2 33 0.500000 32 0.500000
  33 -3.270928 27.784643 12.532284 -0.812213 0.423658 0.401028 0.607422 0.228516 2 33 0.500000 32 0.500000
  33 -4.457869 31.853369 8.220959 -0.795976 0.526371 0.298925 0.607422 0.275391 1 33 1.000000
ogre
  33 -3.203421 25.217739 7.837793 -0.641550 -0.525343 -0.558953 0.650391 0.244141 2 33 0.500000 32 0.500000
  33 -4.457869 31.853369 8.220959 -0.795976 0.526371 0.298925 0.607422 0.275391 1 33 1.000000
  33 -4.486305 31.432320 3.954699 -0.732073 0.230340 -0.641103 0.626953 0.302734 1 33 1.000000
ogre
  23 9.850658 -0.000004 21.617878 0.899934 -0.000000 0.436026 0.337891 0.419922 1 23 1.000000
  13 11.484145 -0.000003 9.864994 0.999682 0.000001 0.025207 0.337891 0.509766 2 13 0.500000 14 0.500000
  13 6.689604 10.095180 10.988503 0.785157 0.618762 -0.025723 0.423828 0.509766 2 13 0.500000 14 0.500000
ogre
  23 9.850658 -0.000004 21.617878 0.899934 -0.000000 0.436026 0.337891 0.419922 1 23 1.000000
  13 6.689604 10.095180 10.988503 0.785157 0.618762 -0.025723 0.423828 0.509766 2 13 0.500000 14 0.500000
  30 6.047647 9.485856 22.177940 0.832261 0.464469 0.302672 0.423828 0.419922 1 30 1.000000
ogre
  32 -0.991629 22.987785 18.676060 0.088137 0.673345 0.734056 0.583984 0.169922 2 32 0.500000 31 0.500000
  32 -1.167371 25.163818 17.129066 -0.004753 0.657279 0.753633 0.583984 0.193359 1 32 1.000000
  32 -4.515012 24.348965 15.083820 -0.857857 0.453668 0.241383 0.619141 0.193359 1 32 1.000000
ogre
  32 -0.991629 22.987785 18.676060 0.088137 0.673345 0.734056 0.583984 0.169922 2 32 0.500000 31 0.500000
  32 -4.515012 24.348965 15.083820 -0.857857 0.453668 0.241383 0.619141 0.193359 1 32 1.000000
  32 -5.222677 21.736992 17.059715 -0.863588 0.360256 0.352747 0.623047 0.169922 2 32 0.500000 31 0.500000
ogre
  20 -1.730464 3.294851 -10.185393 -0.219895 -0.971495 -0.088561 0.349609 0.724609 2 20 0.500000 19 0.500000
  20 2.648335 4.271742 -10.185393 0.548093 -0.834146 -0.061597 0.384766 0.724609 2 20 0.500000 19 0.500000
  19 2.823164 3.771095 -5.919668 0.571731 -0.817280 -0.071952 0.384766 0.689453 1 19 1.000000
ogre
  20 -1.730464 3.294851 -10.185393 -0.219895 -0.971495 -0.088561 0.349609 0.724609 2 20 0.500000 19 0.500000
  19 2.823164 3.771095 -5.919668 0.571731 -0.817280 -0.071952 0.384766 0.689453 1 19 1.000000
  19 -2.121958 2.794203 -5.919668 -0.263155 -0.956596 -0.125191 0.349609 0.689453 1 19 1.000000
ogre
  31 -4.905447 16.094240 16.255600 -0.743191 -0.313424 -0.591128 0.458984 0.150391 1 31 1.000000
  32 -5.190369 19.099653 14.305897 -0.774536 -0.342896 -0.531524 0.458984 0.173828 2 32 0.500000 31 0.500000
  31 2.205301 16.208792 15.299637 0.581918 -0.381646 -0.718135 0.517578 0.150391 1 31 1.000000
ogre
  13 -0.187010 13.437915 10.664997 -0.090135 0.995924 0.003256 0.486328 0.509766 2 13 0.500000 14 0.500000
  13 -5.253450 11.213393 7.860708 -0.653607 0.756834 0.000258 0.529297 0.537109 3 13 0.450000 14 0.450000 19 0.100000
  31 -5.196977 11.714120 18.172047 -0.862844 0.459430 -0.210772 0.529297 0.451172 2 31 0.500000 30 0.500000
ogre
  21 2.754952 12.681334 -23.505152 0.211381 0.736360 -0.642722 0.474609 0.826172 2 21 0.500000 22 0.500000
  20 3.282895 12.471133 -13.676540 0.660738 0.749847 -0.033964 0.474609 0.751953 1 20 1.000000
  20 4.795008 8.417342 -13.676540 0.991780 -0.043650 -0.120279 0.427734 0.751953 1 20 1.000000
ogre
  21 2.754952 12.681334 -23.505152 0.211381 0.736360 -0.642722 0.474609 0.826172 2 21 0.500000 22 0.500000
  20 4.795008 8.417342 -13.676540 0.991780 -0.043650 -0.120279 0.427734 0.751953 1 20 1.000000
  22 4.712709 8.417343 -18.816078 0.896561 -0.000469 0.442919 0.427734 0.798828 2 22 0.500000 21 0.500000
ogre
  33 3.220373 31.778660 8.304110 0.810887 0.507262 0.291802 0.560547 0.275391 1 33 1.000000
  33 3.249419 31.170294 3.787842 0.728101 0.172218 -0.663483 0.541016 0.302734 1 33 1.000000
  33 -0.659259 32.737827 3.269436 0.002597 0.616894 -0.787042 0.583984 0.318359 1 33 1.000000
ogre
  33 3.220373 31.778660 8.304110 0.810887 0.507262 0.291802 0.560547 0.275391 1 33 1.000000
  33 -0.659259 32.737827 3.269436 0.002597 0.616894 -0.787042 0.583984 0.318359 1 33 1.000000
  33 -0.659259 33.286705 7.721611 0.005149 0.972189 0.234141 0.583984 0.283203 1 33 1.000000
ogre
  32 1.657799 20.799709 12.116699 0.656149 -0.459501 -0.598605 0.517578 0.193359 1 32 1.000000
  32 -4.508972 21.588247 12.164120 -0.743193 -0.342621 -0.574696 0.466797 0.193359 1 32 1.000000
  33 -3.203421 25.217739 7.837793 -0.641550 -0.525343 -0.558953 0.478516 0.244141 2 33 0.500000 32 0.500000
ogre
  32 1.657799 20.799709 12.116699 0.656149 -0.459501 -0.598605 0.517578 0.193359 1 32 1.000000
  33 -3.203421 25.217739 7.837793 -0.641550 -0.525343 -0.558953 0.478516 0.244141 2 33 0.500000 32 0.500000
  33 1.622236 25.000906 7.870001 0.638688 -0.561050 -0.526594 0.517578 0.244141 2 33 0.500000 32 0.500000
ogre
  19 -0.639999 13.889729 -5.919668 -0.185223 0.982674 -0.006707 0.509766 0.689453 1 19 1.000000
  19 3.842120 12.853756 -5.919668 0.637843 0.769245 -0.037671 0.474609 0.689453 1 19 1.000000
  20 3.290794 12.687384 -10.185392 0.591983 0.802013 -0.079573 0.474609 0.724609 2 20 0.500000 19 0.500000
ogre
  19 -0.639999 13.889729 -5.919668 -0.185223 0.982674 -0.006707 0.509766 0.689453 1 19 1.000000
  20 3.290794 12.687384 -10.185392 0.591983 0.802013 -0.079573 0.474609 0.724609 2 20 0.500000 19 0.500000
  20 -0.846706 13.625327 -10.185392 -0.189953 0.980185 -0.056174 0.509766 0.724609 2 20 0.500000 19 0.500000
ogre
  20 -5.142409 10.458128 -13.676540 -0.879213 0.475371 0.031727 0.552734 0.751953 1 20 1.000000
  20 -0.846706 13.625327 -10.185392 -0.189953 0.980185 -0.056174 0.509766 0.724609 2 20 0.500000 19 0.500000
  20 -1.160973 13.381549 -13.676540 -0.224940 0.974128 -0.021838 0.509766 0.751953 1 20 1.000000
ogre
  22 10.780023 8.417343 -23.505152 0.804561 0.004677 -0.593852 0.427734 0.869141 1 22 1.000000
  22 4.712709 8.417343 -18.816078 0.896561 -0.000469 0.442919 0.427734 0.798828 2 22 0.500000 21 0.500000
  22 13.816903 5.130621 -23.505154 0.944389 -0.288926 -0.157010 0.404297 0.896484 1 22 1.000000
ogre
  32 -4.508972 21.588247 12.164120 -0.743193 -0.342621 -0.574696 0.650391 0.193359 1 32 1.000000
  32 -4.515012 24.348965 15.083820 -0.857857 0.453668 0.241383 0.619141 0.193359 1 32 1.000000
  33 -3.270928 27.784643 12.532284 -0.812213 0.423658 0.401028 0.607422 0.228516 2 33 0.500000 32 0.500000
ogre
  32 -4.508972 21.588247 12.164120 -0.743193 -0.342621 -0.574696 0.650391 0.193359 1 32 1.000000
  33 -3.270928 27.784643 12.532284 -0.812213 0.423658 0.401028 0.607422 0.228516 2 33 0.500000 32 0.500000
  33 -3.203421 25.217739 7.837793 -0.641550 -0.525343 -0.558953 0.650391 0.244141 2 33 0.500000 32 0.500000
ogre
  31 -5.196977 11.714120 18.172047 -0.862844 0.459430 -0.210772 0.458984 0.115234 2 31 0.500000 30 0.500000
  31 -4.905447 16.094240 16.255600 -0.743191 -0.313424 -0.591128 0.458984 0.150391 1 31 1.000000
  31 2.205301 16.208792 15.299637 0.581918 -0.381646 -0.718135 0.517578 0.150391 1 31 1.000000
ogre
  31 -5.196977 11.714120 18.172047 -0.862844 0.459430 -0.210772 0.458984 0.115234 2 31 0.500000 30 0.500000
  31 2.205301 16.208792 15.299637 0.581918 -0.381646 -0.718135 0.517578 0.150391 1 31 1.000000
  31 3.665266 13.254733 17.868568 0.737007 0.671553 -0.076398 0.517578 0.115234 2 31 0.500000 30 0.500000
ogre
  33 1.622236 25.000906 7.870001 0.638688 -0.561050 -0.526594 0.517578 0.244141 2 33 0.500000 32 0.500000
  33 3.249419 31.170294 3.787842 0.728101 0.172218 -0.663483 0.541016 0.302734 1 33 1.000000
  33 3.220373 31.778660 8.304110 0.810887 0.507262 0.291802 0.560547 0.275391 1 33 1.000000
ogre
  33 1.622236 25.000906 7.870001 0.638688 -0.561050 -0.526594 0.517578 0.244141 2 33 0.500000 32 0.500000
  33 3.220373 31.778660 8.304110 0.810887 0.507262 0.291802 0.560547 0.275391 1 33 1.000000
  33 1.722799 27.749676 12.831760 0.786077 0.358353 0.503652 0.560547 0.228516 2 33 0.500000 32 0.500000
ogre
  29 -6.766949 -0.000004 31.789223 -0.994476 0.000000 0.104967 0.337891 0.095703 1 29 1.000000
  29 -5.318968 -0.000004 37.290688 -0.721653 0.000000 0.692255 0.337891 0.134766 1 29 1.000000
  29 -4.083728 3.417392 36.716740 -0.525169 0.579301 0.623384 0.365234 0.142578 1 29 1.000000
ogre
  29 -6.766949 -0.000004 31.789223 -0.994476 0.000000 0.104967 0.337891 0.095703 1 29 1.000000
  29 -4.083728 3.417392 36.716740 -0.525169 0.579301 0.623384 0.365234 0.142578 1 29 1.000000
  29 -5.146868 4.453844 31.541237 -0.732019 0.633683 0.250188 0.376953 0.095703 1 29 1.000000
ogre
  32 1.657799 20.799709 12.116699 0.656149 -0.459501 -0.598605 0.517578 0.193359 1 32 1.000000
  32 -5.190369 19.099653 14.305897 -0.774536 -0.342896 -0.531524 0.458984 0.173828 2 32 0.500000 31 0.500000
  32 -4.508972 21.588247 12.164120 -0.743193 -0.342621 -0.574696 0.466797 0.193359 1 32 1.000000
ogre
  21 2.754952 4.153351 -23.556957 0.208966 -0.737863 -0.641787 0.384766 0.822266 2 21 0.500000 22 0.500000
  20 2.914281 4.449329 -13.676541 0.634573 -0.772778 0.011460 0.384766 0.751953 1 20 1.000000
  20 -1.612163 3.472437 -13.676541 -0.224851 -0.973885 -0.031478 0.349609 0.751953 1 20 1.000000
ogre
  21 2.754952 4.153351 -23.556957 0.208966 -0.737863 -0.641787 0.384766 0.822266 2 21 0.500000 22 0.500000
  20 -1.612163 3.472437 -13.676541 -0.224851 -0.973885 -0.031478 0.349609 0.751953 1 20 1.000000
  21 -1.332783 3.462785 -23.556957 -0.142991 -0.754825 -0.640150 0.349609 0.822266 1 21 1.000000
ogre
  31 -1.004176 21.484762 20.490993 0.027959 0.671529 0.740451 0.583984 0.150391 1 31 1.000000
  31 -4.971435 18.950705 19.311245 -0.872550 0.303285 0.382982 0.623047 0.138672 1 31 1.000000
  31 -5.535177 12.651820 24.152893 -0.774993 0.419752 0.472435 0.623047 0.080078 2 31 0.500000 30 0.500000
ogre
  31 -1.004176 21.484762 20.490993 0.027959 0.671529 0.740451 0.583984 0.150391 1 31 1.000000
  31 -5.535177 12.651820 24.152893 -0.774993 0.419752 0.472435 0.623047 0.080078 2 31 0.500000 30 0.500000
  31 -0.986508 13.114294 25.783966 0.071606 0.542208 0.837188 0.583984 0.080078 2 31 0.500000 30 0.500000
ogre
  19 3.842120 12.853756 -5.919668 0.637843 0.769245 -0.037671 0.474609 0.689453 1 19 1.000000
  19 5.808154 8.550234 -5.806553 0.997129 -0.054559 -0.052510 0.427734 0.689453 1 19 1.000000
  20 5.572875 8.417342 -10.185392 0.989218 -0.065312 -0.131081 0.427734 0.724609 2 20 0.500000 19 0.500000
ogre
  19 3.842120 12.853756 -5.919668 0.637843 0.769245 -0.037671 0.474609 0.689453 1 19 1.000000
  20 5.572875 8.417342 -10.185392 0.989218 -0.065312 -0.131081 0.427734 0.724609 2 20 0.500000 19 0.500000
  20 3.290794 12.687384 -10.185392 0.591983 0.802013 -0.079573 0.474609 0.724609 2 20 0.500000 19 0.500000
ogre
  29 3.119171 3.347335 36.516281 0.464729 0.563072 0.683357 0.369141 0.205078 1 29 1.000000
  29 -0.315406 -0.000005 38.429008 0.038470 -0.000000 0.999260 0.337891 0.169922 1 29 1.000000
  29 5.054532 -0.000005 36.748272 0.718278 -0.000001 0.695756 0.337891 0.205078 1 29 1.000000
ogre
  19 5.808154 8.550234 -5.806553 0.997129 -0.054559 -0.052510 0.427734 0.689453 1 19 1.000000
  19 2.823164 3.771095 -5.919668 0.571731 -0.817280 -0.071952 0.384766 0.689453 1 19 1.000000
  20 2.648335 4.271742 -10.185393 0.548093 -0.834146 -0.061597 0.384766 0.724609 2 20 0.500000 19 0.500000
ogre
  19 5.808154 8.550234 -5.806553 0.997129 -0.054559 -0.052510 0.427734 0.689453 1 19 1.000000
  20 2.648335 4.271742 -10.185393 0.548093 -0.834146 -0.061597 0.384766 0.724609 2 20 0.500000 19 0.500000
  20 5.572875 8.417342 -10.185392 0.989218 -0.065312 -0.131081 0.427734 0.724609 2 20 0.500000 19 0.500000
ogre
  30 -3.631850 10.337127 26.506779 -0.367081 0.365146 0.855523 0.607422 0.056641 1 30 1.000000
  30 -0.612679 10.415163 27.252598 0.071735 0.317298 0.945609 0.583984 0.056641 1 30 1.000000
  31 -0.986508 13.114294 25.783966 0.071606 0.542208 0.837188 0.583984 0.080078 2 31 0.500000 30 0.500000
ogre
  31 -5.196977 11.714120 18.172047 -0.862844 0.459430 -0.210772 0.529297 0.451172 2 31 0.500000 30 0.500000
  30 -7.185321 6.608785 24.061417 -0.903765 0.248195 0.348722 0.576172 0.408203 1 30 1.000000
  31 -5.535177 12.651820 24.152893 -0.774993 0.419752 0.472435 0.529297 0.408203 2 31 0.500000 30 0.500000
ogre
  19 -5.227742 10.712439 -6.417082 -0.850286 0.523307 -0.056255 0.552734 0.689453 1 19 1.000000
  19 -0.639999 13.889729 -5.919668 -0.185223 0.982674 -0.006707 0.509766 0.689453 1 19 1.000000
  20 -0.846706 13.625327 -10.185392 -0.189953 0.980185 -0.056174 0.509766 0.724609 2 20 0.500000 19 0.500000
ogre
  31 -5.196977 11.714120 18.172047 -0.862844 0.459430 -0.210772 0.658203 0.099609 2 31 0.500000 30 0.500000
  31 -5.535177 12.651820 24.152893 -0.774993 0.419752 0.472435 0.623047 0.080078 2 31 0.500000 30 0.500000
  31 -4.971435 18.950705 19.311245 -0.872550 0.303285 0.382982 0.623047 0.138672 1 31 1.000000
ogre
  31 -5.196977 11.714120 18.172047 -0.862844 0.459430 -0.210772 0.658203 0.099609 2 31 0.500000 30 0.500000
  31 -4.971435 18.950705 19.311245 -0.872550 0.303285 0.382982 0.623047 0.138672 1 31 1.000000
  31 -4.905447 16.094240 16.255600 -0.743191 -0.313424 -0.591128 0.658203 0.138672 1 31 1.000000
ogre
  21 -1.332783 3.462785 -23.556957 -0.142991 -0.754825 -0.640150 0.626953 0.826172 1 21 1.000000
  20 -1.612163 3.472437 -13.676541 -0.224851 -0.973885 -0.031478 0.626953 0.751953 1 20 1.000000
  20 -5.315745 6.376556 -13.676540 -0.906055 -0.423143 -0.003796 0.587891 0.751953 1 20 1.000000
ogre
  21 -1.332783 3.462785 -23.556957 -0.142991 -0.754825 -0.640150 0.626953 0.826172 1 21 1.000000
  20 -5.315745 6.376556 -13.676540 -0.906055 -0.423143 -0.003796 0.587891 0.751953 1 20 1.000000
  21 -6.058091 6.350920 -23.505152 -0.714112 -0.388633 -0.582245 0.587891 0.826172 1 21 1.000000
ogre
  32 1.657799 20.799709 12.116699 0.656149 -0.459501 -0.598605 0.517578 0.193359 1 32 1.000000
  33 1.622236 25.000906 7.870001 0.638688 -0.561050 -0.526594 0.517578 0.244141 2 33 0.500000 32 0.500000
  33 1.722799 27.749676 12.831760 0.786077 0.358353 0.503652 0.560547 0.228516 2 33 0.500000 32 0.500000
ogre
  32 1.657799 20.799709 12.116699 0.656149 -0.459501 -0.598605 0.517578 0.193359 1 32 1.000000
  33 1.722799 27.749676 12.831760 0.786077 0.358353 0.503652 0.560547 0.228516 2 33 0.500000 32 0.500000
  32 1.909122 23.987453 15.463341 0.893083 0.305334 0.330415 0.556641 0.193359 1 32 1.000000
ogre
  29 -4.083728 3.417392 36.716740 -0.525169 0.579301 0.623384 0.365234 0.142578 1 29 1.000000
  29 -5.318968 -0.000004 37.290688 -0.721653 0.000000 0.692255 0.337891 0.134766 1 29 1.000000
  29 -0.315406 -0.000005 38.429008 0.038470 -0.000000 0.999260 0.337891 0.169922 1 29 1.000000
ogre
  32 -0.991629 22.987785 18.676060 0.088137 0.673345 0.734056 0.583984 0.169922 2 32 0.500000 31 0.500000
  32 -5.222677 21.736992 17.059715 -0.863588 0.360256 0.352747 0.623047 0.169922 2 32 0.500000 31 0.500000
  31 -4.971435 18.950705 19.311245 -0.872550 0.303285 0.382982 0.623047 0.138672 1 31 1.000000
ogre
  32 -0.991629 22.987785 18.676060 0.088137 0.673345 0.734056 0.583984 0.169922 2 32 0.500000 31 0.500000
  31 -4.971435 18.950705 19.311245 -0.872550 0.303285 0.382982 0.623047 0.138672 1 31 1.000000
  31 -1.004176 21.484762 20.490993 0.027959 0.671529 0.740451 0.583984 0.150391 1 31 1.000000
ogre
  19 -2.299162 2.227529 -0.835829 -0.249998 -0.872632 -0.419541 0.626953 0.638672 1 19 1.000000
  19 -7.027356 5.780768 0.699957 -0.947277 -0.089865 -0.307556 0.587891 0.638672 1 19 1.000000
  19 -5.832327 6.122244 -6.417082 -0.922563 -0.361108 -0.135939 0.587891 0.689453 1 19 1.000000
ogre
  19 -2.299162 2.227529 -0.835829 -0.249998 -0.872632 -0.419541 0.626953 0.638672 1 19 1.000000
  19 -5.832327 6.122244 -6.417082 -0.922563 -0.361108 -0.135939 0.587891 0.689453 1 19 1.000000
  19 -2.121958 2.794203 -5.919668 -0.263155 -0.956596 -0.125191 0.626953 0.689453 1 19 1.000000
ogre
  29 -5.457771 5.674479 27.203209 -0.747210 0.403910 0.527764 0.576172 0.380859 2 29 0.600000 23 0.400000
  31 -5.535177 12.651820 24.152893 -0.774993 0.419752 0.472435 0.529297 0.408203 2 31 0.500000 30 0.500000
  30 -7.185321 6.608785 24.061417 -0.903765 0.248195 0.348722 0.576172 0.408203 1 30 1.000000
ogre
  21 2.754952 12.681334 -23.505152 0.211381 0.736360 -0.642722 0.552734 0.939453 2 21 0.500000 22 0.500000
  22 7.762177 13.388662 -23.504818 0.102082 0.941769 -0.320390 0.591797 0.943359 1 22 1.000000
  22 13.816903 11.704063 -23.505152 0.944422 0.288859 -0.156930 0.638672 0.931641 1 22 1.000000
ogre
  21 2.754952 12.681334 -23.505152 0.211381 0.736360 -0.642722 0.552734 0.939453 2 21 0.500000 22 0.500000
  22 13.816903 11.704063 -23.505152 0.944422 0.288859 -0.156930 0.638672 0.931641 1 22 1.000000
  22 10.780023 8.417343 -23.505152 0.804561 0.004677 -0.593852 0.615234 0.904297 1 22 1.000000
ogre
  20 -1.730464 3.294851 -10.185393 -0.219895 -0.971495 -0.088561 0.626953 0.724609 2 20 0.500000 19 0.500000
  19 -5.832327 6.122244 -6.417082 -0.922563 -0.361108 -0.135939 0.587891 0.689453 1 19 1.000000
  20 -5.315745 6.376556 -13.676540 -0.906055 -0.423143 -0.003796 0.587891 0.751953 1 20 1.000000
ogre
  32 -1.167371 25.163818 17.129066 -0.004753 0.657279 0.753633 0.583984 0.193359 1 32 1.000000
  32 -0.991629 22.987785 18.676060 0.088137 0.673345 0.734056 0.583984 0.169922 2 32 0.500000 31 0.500000
  32 1.909122 23.987453 15.463341 0.893083 0.305334 0.330415 0.556641 0.193359 1 32 1.000000
ogre
  32 -5.222677 21.736992 17.059715 -0.863588 0.360256 0.352747 0.623047 0.169922 2 32 0.500000 31 0.500000
  32 -4.515012 24.348965 15.083820 -0.857857 0.453668 0.241383 0.619141 0.193359 1 32 1.000000
  32 -4.508972 21.588247 12.164120 -0.743193 -0.342621 -0.574696 0.650391 0.193359 1 32 1.000000
ogre
  32 -5.222677 21.736992 17.059715 -0.863588 0.360256 0.352747 0.623047 0.169922 2 32 0.500000 31 0.500000
  32 -4.508972 21.588247 12.164120 -0.743193 -0.342621 -0.574696 0.650391 0.193359 1 32 1.000000
  32 -5.190369 19.099653 14.305897 -0.774536 -0.342896 -0.531524 0.658203 0.169922 2 32 0.500000 31 0.500000
ogre
  29 -0.436934 4.882069 36.528484 0.015656 0.744186 0.667789 0.404297 0.205078 1 29 1.000000
  29 -0.176442 6.841706 31.857590 -0.028157 0.957444 0.287243 0.416016 0.248047 1 29 1.000000
  29 -5.146868 4.453844 31.541237 -0.732019 0.633683 0.250188 0.458984 0.248047 1 29 1.000000
ogre
  29 -0.436934 4.882069 36.528484 0.015656 0.744186 0.667789 0.404297 0.205078 1 29 1.000000
  29 -5.146868 4.453844 31.541237 -0.732019 0.633683 0.250188 0.458984 0.248047 1 29 1.000000
  29 -4.083728 3.417392 36.716740 -0.525169 0.579301 0.623384 0.439453 0.205078 1 29 1.000000
ogre
  20 -0.846706 13.625327 -10.185392 -0.189953 0.980185 -0.056174 0.509766 0.724609 2 20 0.500000 19 0.500000
  20 3.290794 12.687384 -10.185392 0.591983 0.802013 -0.079573 0.474609 0.724609 2 20 0.500000 19 0.500000
  20 3.282895 12.471133 -13.676540 0.660738 0.749847 -0.033964 0.474609 0.751953 1 20 1.000000
ogre
  20 -0.846706 13.625327 -10.185392 -0.189953 0.980185 -0.056174 0.509766 0.724609 2 20 0.500000 19 0.500000
  20 3.282895 12.471133 -13.676540 0.660738 0.749847 -0.033964 0.474609 0.751953 1 20 1.000000
  20 -1.160973 13.381549 -13.676540 -0.224940 0.974128 -0.021838 0.509766 0.751953 1 20 1.000000
ogre
  19 -5.227742 10.712439 -6.417082 -0.850286 0.523307 -0.056255 0.552734 0.689453 1 19 1.000000
  20 -5.142409 10.458128 -13.676540 -0.879213 0.475371 0.031727 0.552734 0.751953 1 20 1.000000
  20 -5.315745 6.376556 -13.676540 -0.906055 -0.423143 -0.003796 0.587891 0.751953 1 20 1.000000
ogre
  19 -5.227742 10.712439 -6.417082 -0.850286 0.523307 -0.056255 0.552734 0.689453 1 19 1.000000
  20 -5.315745 6.376556 -13.676540 -0.906055 -0.423143 -0.003796 0.587891 0.751953 1 20 1.000000
  19 -5.832327 6.122244 -6.417082 -0.922563 -0.361108 -0.135939 0.587891 0.689453 1 19 1.000000
ogre
  19 -5.227742 10.712439 -6.417082 -0.850286 0.523307 -0.056255 0.552734 0.689453 1 19 1.000000
  19 -5.752312 11.053913 0.699957 -0.761467 0.644918 -0.065178 0.552734 0.638672 1 19 1.000000
  19 -0.396389 13.689084 0.699959 -0.096523 0.994867 0.030367 0.509766 0.638672 1 19 1.000000
ogre
  19 -5.227742 10.712439 -6.417082 -0.850286 0.523307 -0.056255 0.552734 0.689453 1 19 1.000000
  19 -0.396389 13.689084 0.699959 -0.096523 0.994867 0.030367 0.509766 0.638672 1 19 1.000000
  19 -0.639999 13.889729 -5.919668 -0.185223 0.982674 -0.006707 0.509766 0.689453 1 19 1.000000
ogre
  20 2.914281 4.449329 -13.676541 0.634573 -0.772778 0.011460 0.384766 0.751953 1 20 1.000000
  21 2.754952 4.153351 -23.556957 0.208966 -0.737863 -0.641787 0.384766 0.822266 2 21 0.500000 22 0.500000
  22 4.712709 8.417343 -18.816078 0.896561 -0.000469 0.442919 0.427734 0.798828 2 22 0.500000 21 0.500000
ogre
  20 2.914281 4.449329 -13.676541 0.634573 -0.772778 0.011460 0.384766 0.751953 1 20 1.000000
  22 4.712709 8.417343 -18.816078 0.896561 -0.000469 0.442919 0.427734 0.798828 2 22 0.500000 21 0.500000
  20 4.795008 8.417342 -13.676540 0.991780 -0.043650 -0.120279 0.427734 0.751953 1 20 1.000000
ogre
  32 -0.991629 22.987785 18.676060 0.088137 0.673345 0.734056 0.583984 0.169922 2 32 0.500000 31 0.500000
  31 -1.004176 21.484762 20.490993 0.027959 0.671529 0.740451 0.583984 0.150391 1 31 1.000000
  31 2.399930 19.533417 18.841370 0.889312 0.331259 0.315266 0.552734 0.150391 1 31 1.000000
ogre
  30 3.036921 10.193084 25.654957 0.551735 0.449507 0.702518 0.552734 0.056641 1 30 1.000000
  31 3.327894 12.389572 23.174206 0.699178 0.538402 0.470397 0.552734 0.080078 2 31 0.500000 30 0.500000
  31 -0.986508 13.114294 25.783966 0.071606 0.542208 0.837188 0.583984 0.080078 2 31 0.500000 30 0.500000
ogre
  21 -1.332783 13.371901 -23.505152 -0.149443 0.759158 -0.633519 0.509766 0.826172 1 21 1.000000
  20 -1.160973 13.381549 -13.676540 -0.224940 0.974128 -0.021838 0.509766 0.751953 1 20 1.000000
  20 3.282895 12.471133 -13.676540 0.660738 0.749847 -0.033964 0.474609 0.751953 1 20 1.000000
ogre
  21 -1.332783 13.371901 -23.505152 -0.149443 0.759158 -0.633519 0.509766 0.826172 1 21 1.000000
  20 3.282895 12.471133 -13.676540 0.660738 0.749847 -0.033964 0.474609 0.751953 1 20 1.000000
  21 2.754952 12.681334 -23.505152 0.211381 0.736360 -0.642722 0.474609 0.826172 2 21 0.500000 22 0.500000
ogre
  22 7.762177 13.388662 -23.504818 0.102082 0.941769 -0.320390 0.474609 0.861328 1 22 1.000000
  22 4.712709 8.417343 -18.816078 0.896561 -0.000469 0.442919 0.427734 0.798828 2 22 0.500000 21 0.500000
  22 13.816903 11.704063 -23.505152 0.944422 0.288859 -0.156930 0.455078 0.896484 1 22 1.000000
ogre
  20 3.290794 12.687384 -10.185392 0.591983 0.802013 -0.079573 0.474609 0.724609 2 20 0.500000 19 0.500000
  20 5.572875 8.417342 -10.185392 0.989218 -0.065312 -0.131081 0.427734 0.724609 2 20 0.500000 19 0.500000
  20 4.795008 8.417342 -13.676540 0.991780 -0.043650 -0.120279 0.427734 0.751953 1 20 1.000000
ogre
  20 3.290794 12.687384 -10.185392 0.591983 0.802013 -0.079573 0.474609 0.724609 2 20 0.500000 19 0.500000
  20 4.795008 8.417342 -13.676540 0.991780 -0.043650 -0.120279 0.427734 0.751953 1 20 1.000000
  20 3.282895 12.471133 -13.676540 0.660738 0.749847 -0.033964 0.474609 0.751953 1 20 1.000000
ogre
  32 -1.167371 25.163818 17.129066 -0.004753 0.657279 0.753633 0.583984 0.193359 1 32 1.000000
  33 -1.003657 28.329861 13.619080 -0.060848 0.753378 0.654766 0.583984 0.228516 2 33 0.500000 32 0.500000
  33 -3.270928 27.784643 12.532284 -0.812213 0.423658 0.401028 0.607422 0.228516 2 33 0.500000 32 0.500000
ogre
  32 -1.167371 25.163818 17.129066 -0.004753 0.657279 0.753633 0.583984 0.193359 1 32 1.000000
  33 -3.270928 27.784643 12.532284 -0.812213 0.423658 0.401028 0.607422 0.228516 2 33 0.500000 32 0.500000
  32 -4.515012 24.348965 15.083820 -0.857857 0.453668 0.241383 0.619141 0.193359 1 32 1.000000
ogre
  20 -5.315745 6.376556 -13.676540 -0.906055 -0.423143 -0.003796 0.587891 0.751953 1 20 1.000000
  20 -1.612163 3.472437 -13.676541 -0.224851 -0.973885 -0.031478 0.626953 0.751953 1 20 1.000000
  20 -1.730464 3.294851 -10.185393 -0.219895 -0.971495 -0.088561 0.626953 0.724609 2 20 0.500000 19 0.500000
ogre
  20 -5.142409 10.458128 -13.676540 -0.879213 0.475371 0.031727 0.552734 0.751953 1 20 1.000000
  21 -6.058090 10.483766 -23.505152 -0.715317 0.389032 -0.580496 0.552734 0.826172 1 21 1.000000
  21 -6.058091 6.350920 -23.505152 -0.714112 -0.388633 -0.582245 0.587891 0.826172 1 21 1.000000
ogre
  20 -5.142409 10.458128 -13.676540 -0.879213 0.475371 0.031727 0.552734 0.751953 1 20 1.000000
  21 -6.058091 6.350920 -23.505152 -0.714112 -0.388633 -0.582245 0.587891 0.826172 1 21 1.000000
  20 -5.315745 6.376556 -13.676540 -0.906055 -0.423143 -0.003796 0.587891 0.751953 1 20 1.000000
ogre
  19 -5.832327 6.122244 -6.417082 -0.922563 -0.361108 -0.135939 0.587891 0.689453 1 19 1.000000
  20 -1.730464 3.294851 -10.185393 -0.219895 -0.971495 -0.088561 0.626953 0.724609 2 20 0.500000 19 0.500000
  19 -2.121958 2.794203 -5.919668 -0.263155 -0.956596 -0.125191 0.626953 0.689453 1 19 1.000000
ogre
  31 -0.984263 15.247798 28.036758 -0.000000 -0.147851 -0.989010 0.376953 0.314453 1 31 1.000000
  31 -0.986508 13.114294 25.783966 0.071606 0.542208 0.837188 0.376953 0.333984 2 31 0.500000 30 0.500000
  31 -1.004176 21.484762 20.490993 0.027959 0.671529 0.740451 0.447266 0.333984 1 31 1.000000
ogre
  31 -0.984263 15.247798 28.036758 -0.000000 -0.147851 -0.989010 0.376953 0.314453 1 31 1.000000
  31 -1.004176 21.484762 20.490993 0.027959 0.671529 0.740451 0.447266 0.333984 1 31 1.000000
  31 -0.993380 20.969246 23.343445 -0.004016 -0.771325 -0.636429 0.431641 0.314453 1 31 1.000000
ogre
  33 -0.659259 33.286705 7.721611 0.005149 0.972189 0.234141 0.583984 0.283203 1 33 1.000000
  33 -0.659259 32.737827 3.269436 0.002597 0.616894 -0.787042 0.583984 0.318359 1 33 1.000000
  33 -4.486305 31.432320 3.954699 -0.732073 0.230340 -0.641103 0.626953 0.302734 1 33 1.000000
ogre
  33 -0.659259 33.286705 7.721611 0.005149 0.972189 0.234141 0.583984 0.283203 1 33 1.000000
  33 -4.486305 31.432320 3.954699 -0.732073 0.230340 -0.641103 0.626953 0.302734 1 33 1.000000
  33 -4.457869 31.853369 8.220959 -0.795976 0.526371 0.298925 0.607422 0.275391 1 33 1.000000
ogre
  33 -1.003657 28.329861 13.619080 -0.060848 0.753378 0.654766 0.583984 0.228516 2 33 0.500000 32 0.500000
  33 -0.659259 33.286705 7.721611 0.005149 0.972189 0.234141 0.583984 0.283203 1 33 1.000000
  33 -4.457869 31.853369 8.220959 -0.795976 0.526371 0.298925 0.607422 0.275391 1 33 1.000000
ogre
  33 -1.003657 28.329861 13.619080 -0.060848 0.753378 0.654766 0.583984 0.228516 2 33 0.500000 32 0.500000
  33 -4.457869 31.853369 8.220959 -0.795976 0.526371 0.298925 0.607422 0.275391 1 33 1.000000
  33 -3.270928 27.784643 12.532284 -0.812213 0.423658 0.401028 0.607422 0.228516 2 33 0.500000 32 0.500000
ogre
  33 3.249419 31.170294 3.787842 0.728101 0.172218 -0.663483 0.541016 0.302734 1 33 1.000000
  33 -0.717555 29.708490 4.154911 -0.033152 -0.471928 -0.881014 0.505859 0.291016 1 33 1.000000
  33 -0.659259 32.737827 3.269436 0.002597 0.616894 -0.787042 0.505859 0.318359 1 33 1.000000
ogre
  33 -0.717555 29.708490 4.154911 -0.033152 -0.471928 -0.881014 0.505859 0.291016 1 33 1.000000
  33 -4.486305 31.432320 3.954699 -0.732073 0.230340 -0.641103 0.478516 0.306641 1 33 1.000000
  33 -0.659259 32.737827 3.269436 0.002597 0.616894 -0.787042 0.505859 0.318359 1 33 1.000000
ogre
  33 1.622236 25.000906 7.870001 0.638688 -0.561050 -0.526594 0.517578 0.244141 2 33 0.500000 32 0.500000
  33 -0.717555 29.708490 4.154911 -0.033152 -0.471928 -0.881014 0.505859 0.291016 1 33 1.000000
  33 3.249419 31.170294 3.787842 0.728101 0.172218 -0.663483 0.541016 0.302734 1 33 1.000000
ogre
  33 -3.203421 25.217739 7.837793 -0.641550 -0.525343 -0.558953 0.478516 0.244141 2 33 0.500000 32 0.500000
  33 -0.717555 29.708490 4.154911 -0.033152 -0.471928 -0.881014 0.505859 0.291016 1 33 1.000000
  33 1.622236 25.000906 7.870001 0.638688 -0.561050 -0.526594 0.517578 0.244141 2 33 0.500000 32 0.500000
ogre
  22 4.712709 8.417343 -18.816078 0.896561 -0.000469 0.442919 0.427734 0.798828 2 22 0.500000 21 0.500000
  22 7.762177 13.388662 -23.504818 0.102082 0.941769 -0.320390 0.474609 0.861328 1 22 1.000000
  21 2.754952 12.681334 -23.505152 0.211381 0.736360 -0.642722 0.474609 0.826172 2 21 0.500000 22 0.500000
ogre
  22 4.712709 8.417343 -18.816078 0.896561 -0.000469 0.442919 0.427734 0.798828 2 22 0.500000 21 0.500000
  22 7.762292 3.446019 -23.505486 0.103535 -0.945697 -0.308120 0.384766 0.861328 1 22 1.000000
  22 13.816903 5.130621 -23.505154 0.944389 -0.288926 -0.157010 0.404297 0.896484 1 22 1.000000
ogre
  29 -0.061529 7.665520 27.648922 0.120202 0.635424 0.762750 0.416016 0.287109 2 29 0.600000 23 0.400000
  29 -0.176442 6.841706 31.857590 -0.028157 0.957444 0.287243 0.416016 0.248047 1 29 1.000000
  29 5.051846 4.780096 31.379082 0.670207 0.703401 0.236748 0.376953 0.248047 1 29 1.000000
ogre
  29 -0.061529 7.665520 27.648922 0.120202 0.635424 0.762750 0.416016 0.287109 2 29 0.600000 23 0.400000
  29 5.051846 4.780096 31.379082 0.670207 0.703401 0.236748 0.376953 0.248047 1 29 1.000000
  29 4.885311 5.362185 26.494080 0.830835 0.467207 0.302374 0.376953 0.287109 2 29 0.600000 23 0.400000
ogre
  29 -0.176442 6.841706 31.857590 -0.028157 0.957444 0.287243 0.416016 0.248047 1 29 1.000000
  29 -0.436934 4.882069 36.528484 0.015656 0.744186 0.667789 0.404297 0.205078 1 29 1.000000
  29 3.119171 3.347335 36.516281 0.464729 0.563072 0.683357 0.369141 0.205078 1 29 1.000000
ogre
  29 -0.176442 6.841706 31.857590 -0.028157 0.957444 0.287243 0.416016 0.248047 1 29 1.000000
  29 3.119171 3.347335 36.516281 0.464729 0.563072 0.683357 0.369141 0.205078 1 29 1.000000
  29 5.051846 4.780096 31.379082 0.670207 0.703401 0.236748 0.376953 0.248047 1 29 1.000000
ogre
  29 -0.315406 -0.000005 38.429008 0.038470 -0.000000 0.999260 0.337891 0.169922 1 29 1.000000
  29 -0.436934 4.882069 36.528484 0.015656 0.744186 0.667789 0.380859 0.173828 1 29 1.000000
  29 -4.083728 3.417392 36.716740 -0.525169 0.579301 0.623384 0.365234 0.142578 1 29 1.000000
ogre
  29 -0.061529 7.665520 27.648922 0.120202 0.635424 0.762750 0.583984 0.029297 2 29 0.600000 23 0.400000
  30 -0.612679 10.415163 27.252598 0.071735 0.317298 0.945609 0.583984 0.056641 1 30 1.000000
  30 -3.631850 10.337127 26.506779 -0.367081 0.365146 0.855523 0.607422 0.056641 1 30 1.000000
ogre
  29 -0.061529 7.665520 27.648922 0.120202 0.635424 0.762750 0.583984 0.029297 2 29 0.600000 23 0.400000
  30 -3.631850 10.337127 26.506779 -0.367081 0.365146 0.855523 0.607422 0.056641 1 30 1.000000
  29 -5.457771 5.674479 27.203209 -0.747210 0.403910 0.527764 0.623047 0.029297 2 29 0.600000 23 0.400000
ogre
  31 -0.986508 13.114294 25.783966 0.071606 0.542208 0.837188 0.583984 0.080078 2 31 0.500000 30 0.500000
  30 -0.612679 10.415163 27.252598 0.071735 0.317298 0.945609 0.583984 0.056641 1 30 1.000000
  30 3.036921 10.193084 25.654957 0.551735 0.449507 0.702518 0.552734 0.056641 1 30 1.000000
ogre
  30 6.047647 9.485856 22.177940 0.832261 0.464469 0.302672 0.423828 0.419922 1 30 1.000000
  30 3.036921 10.193084 25.654957 0.551735 0.449507 0.702518 0.435547 0.384766 1 30 1.000000
  29 4.885311 5.362185 26.494080 0.830835 0.467207 0.302374 0.388672 0.384766 2 29 0.600000 23 0.400000
ogre
  30 -7.185321 6.608785 24.061417 -0.903765 0.248195 0.348722 0.576172 0.408203 1 30 1.000000
  31 -5.196977 11.714120 18.172047 -0.862844 0.459430 -0.210772 0.529297 0.451172 2 31 0.500000 30 0.500000
  23 -8.672060 6.750776 18.860558 -0.921338 0.371816 0.113531 0.576172 0.451172 1 23 1.000000
ogre
  29 -5.457771 5.674479 27.203209 -0.747210 0.403910 0.527764 0.576172 0.380859 2 29 0.600000 23 0.400000
  30 -7.185321 6.608785 24.061417 -0.903765 0.248195 0.348722 0.576172 0.408203 1 30 1.000000
  23 -8.241025 -0.000003 24.103123 -0.925879 -0.000001 0.377819 0.626953 0.408203 1 23 1.000000
ogre
  29 -5.457771 5.674479 27.203209 -0.747210 0.403910 0.527764 0.576172 0.380859 2 29 0.600000 23 0.400000
  23 -8.241025 -0.000003 24.103123 -0.925879 -0.000001 0.377819 0.626953 0.408203 1 23 1.000000
  29 -6.534286 -0.000004 27.152351 -0.971457 -0.000006 0.237215 0.626953 0.380859 2 29 0.600000 23 0.400000
ogre
  19 -7.027356 5.780768 0.699957 -0.947277 -0.089865 -0.307556 0.576172 0.591797 1 19 1.000000
  13 -8.201515 6.410716 7.087957 -0.952346 0.283904 -0.111515 0.576172 0.537109 3 13 0.450000 14 0.450000 19 0.100000
  19 -5.752312 11.053913 0.699957 -0.761467 0.644918 -0.065178 0.529297 0.591797 1 19 1.000000
ogre
  13 -8.201515 6.410716 7.087957 -0.952346 0.283904 -0.111515 0.576172 0.537109 3 13 0.450000 14 0.450000 19 0.100000
  23 -8.672060 6.750776 18.860558 -0.921338 0.371816 0.113531 0.576172 0.451172 1 23 1.000000
  31 -5.196977 11.714120 18.172047 -0.862844 0.459430 -0.210772 0.529297 0.451172 2 31 0.500000 30 0.500000
ogre
  13 -8.201515 6.410716 7.087957 -0.952346 0.283904 -0.111515 0.576172 0.537109 3 13 0.450000 14 0.450000 19 0.100000
  31 -5.196977 11.714120 18.172047 -0.862844 0.459430 -0.210772 0.529297 0.451172 2 31 0.500000 30 0.500000
  13 -5.253450 11.213393 7.860708 -0.653607 0.756834 0.000258 0.529297 0.537109 3 13 0.450000 14 0.450000 19 0.100000
ogre
  30 -7.185321 6.608785 24.061417 -0.903765 0.248195 0.348722 0.576172 0.408203 1 30 1.000000
  23 -8.672060 6.750776 18.860558 -0.921338 0.371816 0.113531 0.576172 0.451172 1 23 1.000000
  23 -9.731100 -0.000003 18.775391 -0.994193 0.000000 0.107615 0.626953 0.451172 1 23 1.000000
ogre
  30 -7.185321 6.608785 24.061417 -0.903765 0.248195 0.348722 0.576172 0.408203 1 30 1.000000
  23 -9.731100 -0.000003 18.775391 -0.994193 0.000000 0.107615 0.626953 0.451172 1 23 1.000000
  23 -8.241025 -0.000003 24.103123 -0.925879 -0.000001 0.377819 0.626953 0.408203 1 23 1.000000
ogre
  19 -5.752312 11.053913 0.699957 -0.761467 0.644918 -0.065178 0.529297 0.591797 1 19 1.000000
  13 -8.201515 6.410716 7.087957 -0.952346 0.283904 -0.111515 0.576172 0.537109 3 13 0.450000 14 0.450000 19 0.100000
  13 -5.253450 11.213393 7.860708 -0.653607 0.756834 0.000258 0.529297 0.537109 3 13 0.450000 14 0.450000 19 0.100000
ogre
  31 3.665266 13.254733 17.868568 0.737007 0.671553 -0.076398 0.455078 0.451172 2 31 0.500000 30 0.500000
  13 3.786545 12.466348 10.815769 0.451580 0.891285 -0.041068 0.455078 0.509766 2 13 0.500000 14 0.500000
  13 -0.187010 13.437915 10.664997 -0.090135 0.995924 0.003256 0.486328 0.509766 2 13 0.500000 14 0.500000
ogre
  13 -8.201515 6.410716 7.087957 -0.952346 0.283904 -0.111515 0.576172 0.537109 3 13 0.450000 14 0.450000 19 0.100000
  14 -6.580580 -0.000002 1.429596 -0.602450 0.000000 -0.798156 0.626953 0.591797 3 14 0.333333 19 0.333333 15 0.333333
  13 -9.116544 -0.000002 6.770830 -0.969214 0.000000 -0.246219 0.626953 0.537109 2 13 0.500000 14 0.500000
ogre
  31 3.665266 13.254733 17.868568 0.737007 0.671553 -0.076398 0.455078 0.451172 2 31 0.500000 30 0.500000
  13 6.689604 10.095180 10.988503 0.785157 0.618762 -0.025723 0.423828 0.509766 2 13 0.500000 14 0.500000
  13 3.786545 12.466348 10.815769 0.451580 0.891285 -0.041068 0.455078 0.509766 2 13 0.500000 14 0.500000
ogre
  25 -0.984264 -15.247805 28.036758 0.000000 0.379707 -0.925107 0.298828 0.369141 1 25 1.000000
  25 -0.986509 -13.114303 25.783966 0.071599 -0.542235 0.837171 0.298828 0.349609 2 25 0.500000 24 0.500000
  25 -1.004177 -21.484770 20.490993 0.027959 -0.671522 0.740457 0.228516 0.349609 1 25 1.000000
ogre
  25 -0.984264 -15.247805 28.036758 0.000000 0.379707 -0.925107 0.298828 0.369141 1 25 1.000000
  25 -1.004177 -21.484770 20.490993 0.027959 -0.671522 0.740457 0.228516 0.349609 1 25 1.000000
  25 -0.993381 -20.969254 23.343445 -0.003347 0.771264 -0.636507 0.244141 0.369141 1 25 1.000000
ogre
  31 -0.984263 15.247798 28.036758 -0.000000 -0.147851 -0.989010 0.376953 0.369141 1 31 1.000000
  31 -0.993380 20.969246 23.343445 -0.004016 -0.771325 -0.636429 0.431641 0.369141 1 31 1.000000
  31 -1.004176 21.484762 20.490993 0.027959 0.671529 0.740451 0.447266 0.349609 1 31 1.000000
ogre
  31 -0.984263 15.247798 28.036758 -0.000000 -0.147851 -0.989010 0.376953 0.369141 1 31 1.000000
  31 -1.004176 21.484762 20.490993 0.027959 0.671529 0.740451 0.447266 0.349609 1 31 1.000000
  31 -0.986508 13.114294 25.783966 0.071606 0.542208 0.837188 0.376953 0.349609 2 31 0.500000 30 0.500000
end
