version 1
nodes
0 "root" -1
1 "DEF-spine" 0
2 "DEF-spine.001" 1
3 "DEF-spine.002" 2
4 "DEF-spine.003" 3
5 "DEF-spine.004" 4
6 "DEF-spine.005" 5
7 "DEF-spine.006" 6
8 "VIS_upper_arm_ik_pole.L" 0
9 "VIS_upper_arm_ik_pole.R" 0
10 "VIS_thigh_ik_pole.L" 0
11 "VIS_thigh_ik_pole.R" 0
12 "MCH-torso.parent" -1
13 "torso" 12
14 "hips" 13
15 "chest" 13
16 "MCH-spine.001" 13
17 "spine_fk.001" 16
18 "MCH-spine" 17
19 "spine_fk" 18
20 "tweak_spine" 19
21 "ORG-spine" 20
22 "ORG-pelvis.L" 21
23 "DEF-pelvis.L" 22
24 "ORG-pelvis.R" 21
25 "DEF-pelvis.R" 24
26 "ORG-thigh.L" 21
27 "ORG-shin.L" 26
28 "ORG-foot.L" 27
29 "ORG-toe.L" 28
30 "ORG-heel.02.L" 28
31 "MCH-foot_tweak.L" 28
32 "foot_tweak.L" 31
33 "MCH-shin_tweak.L" 27
34 "shin_tweak.L" 33
35 "MCH-shin_tweak.L.001" 27
36 "shin_tweak.L.001" 35
37 "MCH-thigh_parent_widget.L" 26
38 "MCH-thigh_tweak.L.001" 26
39 "thigh_tweak.L.001" 38
40 "ORG-thigh.R" 21
41 "ORG-shin.R" 40
42 "ORG-foot.R" 41
43 "ORG-toe.R" 42
44 "ORG-heel.02.R" 42
45 "MCH-foot_tweak.R" 42
46 "foot_tweak.R" 45
47 "MCH-shin_tweak.R" 41
48 "shin_tweak.R" 47
49 "MCH-shin_tweak.R.001" 41
50 "shin_tweak.R.001" 49
51 "MCH-thigh_parent_widget.R" 40
52 "MCH-thigh_tweak.R.001" 40
53 "thigh_tweak.R.001" 52
54 "thigh_parent.L" 21
55 "MCH-thigh_parent.L" 21
56 "thigh_fk.L" 55
57 "shin_fk.L" 56
58 "MCH-foot_fk.L" 57
59 "foot_fk.L" 58
60 "MCH-toe_fk.L" 59
61 "toe_fk.L" 60
62 "MCH-thigh_ik_swing.L" 55
63 "thigh_ik.L" 62
64 "MCH-shin_ik.L" 63
65 "MCH-thigh_tweak.L" 21
66 "thigh_tweak.L" 65
67 "DEF-thigh.L" 21
68 "DEF-thigh.L.001" 67
69 "DEF-shin.L" 68
70 "DEF-shin.L.001" 69
71 "DEF-foot.L" 70
72 "DEF-toe.L" 71
73 "thigh_parent.R" 21
74 "MCH-thigh_parent.R" 21
75 "thigh_fk.R" 74
76 "shin_fk.R" 75
77 "MCH-foot_fk.R" 76
78 "foot_fk.R" 77
79 "MCH-toe_fk.R" 78
80 "toe_fk.R" 79
81 "MCH-thigh_ik_swing.R" 74
82 "thigh_ik.R" 81
83 "MCH-shin_ik.R" 82
84 "MCH-thigh_tweak.R" 21
85 "thigh_tweak.R" 84
86 "DEF-thigh.R" 21
87 "DEF-thigh.R.001" 86
88 "DEF-shin.R" 87
89 "DEF-shin.R.001" 88
90 "DEF-foot.R" 89
91 "DEF-toe.R" 90
92 "tweak_spine.001" 19
93 "ORG-spine.001" 92
94 "MCH-WGT-hips" 19
95 "MCH-spine.002" 13
96 "spine_fk.002" 95
97 "MCH-pivot" 96
98 "tweak_spine.002" 97
99 "ORG-spine.002" 98
100 "MCH-spine.003" 96
101 "spine_fk.003" 100
102 "ORG-spine.004" 101
103 "ORG-spine.005" 102
104 "ORG-spine.006" 103
105 "MCH-ROT-neck" 101
106 "neck" 105
107 "MCH-ROT-head" 106
108 "head" 107
109 "tweak_spine.004" 106
110 "MCH-STR-neck" 106
111 "MCH-spine.005" 110
112 "tweak_spine.005" 111
113 "tweak_spine.003" 101
114 "ORG-spine.003" 113
115 "ORG-shoulder.L" 114
116 "ORG-upper_arm.L" 115
117 "ORG-forearm.L" 116
118 "ORG-hand.L" 117
119 "MCH-hand_tweak.L" 118
120 "hand_tweak.L" 119
121 "MCH-forearm_tweak.L" 117
122 "forearm_tweak.L" 121
123 "MCH-forearm_tweak.L.001" 117
124 "forearm_tweak.L.001" 123
125 "MCH-upper_arm_parent_widget.L" 116
126 "MCH-upper_arm_tweak.L.001" 116
127 "upper_arm_tweak.L.001" 126
128 "DEF-shoulder.L" 115
129 "upper_arm_parent.L" 115
130 "MCH-upper_arm_parent.L" 115
131 "upper_arm_fk.L" 130
132 "forearm_fk.L" 131
133 "MCH-hand_fk.L" 132
134 "hand_fk.L" 133
135 "MCH-upper_arm_ik_swing.L" 130
136 "upper_arm_ik.L" 135
137 "MCH-forearm_ik.L" 136
138 "MCH-upper_arm_tweak.L" 115
139 "upper_arm_tweak.L" 138
140 "DEF-upper_arm.L" 115
141 "DEF-upper_arm.L.001" 140
142 "DEF-forearm.L" 141
143 "DEF-forearm.L.001" 142
144 "DEF-hand.L" 143
145 "ORG-palm.01.L" 144
146 "ORG-f_index.01.L" 145
147 "ORG-f_index.02.L" 146
148 "ORG-f_index.03.L" 147
149 "DEF-f_index.01.L" 145
150 "DEF-f_index.02.L" 149
151 "DEF-f_index.03.L" 150
152 "f_index.01_master.L" 145
153 "DEF-palm.01.L" 145
154 "MCH-f_index.01_drv.L" 145
155 "f_index.01.L" 154
156 "MCH-f_index.02_drv.L" 155
157 "f_index.02.L" 156
158 "MCH-f_index.03_drv.L" 157
159 "f_index.03.L" 158
160 "f_index.01.L.001" 159
161 "MCH-f_index.03.L" 159
162 "MCH-f_index.02.L" 157
163 "MCH-f_index.01.L" 145
164 "ORG-palm.02.L" 144
165 "ORG-f_middle.01.L" 164
166 "ORG-f_middle.02.L" 165
167 "ORG-f_middle.03.L" 166
168 "DEF-f_middle.01.L" 164
169 "DEF-f_middle.02.L" 168
170 "DEF-f_middle.03.L" 169
171 "f_middle.01_master.L" 164
172 "DEF-palm.02.L" 164
173 "DEF-palm.02.L.001" 164
174 "MCH-f_middle.01_drv.L" 164
175 "f_middle.01.L" 174
176 "MCH-f_middle.02_drv.L" 175
177 "f_middle.02.L" 176
178 "MCH-f_middle.03_drv.L" 177
179 "f_middle.03.L" 178
180 "f_middle.01.L.001" 179
181 "MCH-f_middle.03.L" 179
182 "MCH-f_middle.02.L" 177
183 "MCH-f_middle.01.L" 164
184 "DEF-palm.02.L.002" 164
185 "ORG-palm.03.L" 144
186 "ORG-f_ring.01.L" 185
187 "ORG-f_ring.02.L" 186
188 "ORG-f_ring.03.L" 187
189 "DEF-f_ring.01.L" 185
190 "DEF-f_ring.02.L" 189
191 "DEF-f_ring.03.L" 190
192 "f_ring.01_master.L" 185
193 "DEF-palm.03.L" 185
194 "DEF-palm.03.L.001" 185
195 "MCH-f_ring.01_drv.L" 185
196 "f_ring.01.L" 195
197 "MCH-f_ring.02_drv.L" 196
198 "f_ring.02.L" 197
199 "MCH-f_ring.03_drv.L" 198
200 "f_ring.03.L" 199
201 "f_ring.01.L.001" 200
202 "MCH-f_ring.03.L" 200
203 "MCH-f_ring.02.L" 198
204 "MCH-f_ring.01.L" 185
205 "DEF-palm.03.L.002" 185
206 "ORG-palm.04.L" 144
207 "ORG-f_pinky.01.L" 206
208 "ORG-f_pinky.02.L" 207
209 "ORG-f_pinky.03.L" 208
210 "DEF-f_pinky.01.L" 206
211 "DEF-f_pinky.02.L" 210
212 "DEF-f_pinky.03.L" 211
213 "f_pinky.01_master.L" 206
214 "DEF-palm.04.L" 206
215 "DEF-palm.04.L.001" 206
216 "MCH-f_pinky.01_drv.L" 206
217 "f_pinky.01.L" 216
218 "MCH-f_pinky.02_drv.L" 217
219 "f_pinky.02.L" 218
220 "MCH-f_pinky.03_drv.L" 219
221 "f_pinky.03.L" 220
222 "f_pinky.01.L.001" 221
223 "MCH-f_pinky.03.L" 221
224 "MCH-f_pinky.02.L" 219
225 "MCH-f_pinky.01.L" 206
226 "DEF-palm.04.L.003" 206
227 "ORG-palm.04.L.001" 144
228 "ORG-f_pinky.01.L.001" 227
229 "ORG-f_pinky.02.L.001" 228
230 "ORG-f_pinky.03.L.001" 229
231 "DEF-f_pinky.01.L.001" 227
232 "DEF-f_pinky.02.L.001" 231
233 "DEF-f_pinky.03.L.001" 232
234 "f_pinky.01_master.L.001" 227
235 "DEF-palm.04.L.002" 227
236 "MCH-f_pinky.01_drv.L.001" 227
237 "f_pinky.01.L.002" 236
238 "MCH-f_pinky.02_drv.L.001" 237
239 "f_pinky.02.L.001" 238
240 "MCH-f_pinky.03_drv.L.001" 239
241 "f_pinky.03.L.001" 240
242 "f_pinky.01.L.003" 241
243 "MCH-f_pinky.03.L.001" 241
244 "MCH-f_pinky.02.L.001" 239
245 "MCH-f_pinky.01.L.001" 227
246 "ORG-palm.01.L.001" 144
247 "ORG-f_index.01.L.001" 246
248 "ORG-f_index.02.L.001" 247
249 "ORG-f_index.03.L.001" 248
250 "DEF-f_index.01.L.001" 246
251 "DEF-f_index.02.L.001" 250
252 "DEF-f_index.03.L.001" 251
253 "f_index.01_master.L.001" 246
254 "DEF-palm.01.L.001" 246
255 "MCH-f_index.01_drv.L.001" 246
256 "f_index.01.L.002" 255
257 "MCH-f_index.02_drv.L.001" 256
258 "f_index.02.L.001" 257
259 "MCH-f_index.03_drv.L.001" 258
260 "f_index.03.L.001" 259
261 "f_index.01.L.003" 260
262 "MCH-f_index.03.L.001" 260
263 "MCH-f_index.02.L.001" 258
264 "MCH-f_index.01.L.001" 246
265 "palm.L" 144
266 "palm.L.001" 144
267 "palm.L.002" 144
268 "ORG-shoulder.R" 114
269 "ORG-upper_arm.R" 268
270 "ORG-forearm.R" 269
271 "ORG-hand.R" 270
272 "MCH-hand_tweak.R" 271
273 "hand_tweak.R" 272
274 "MCH-forearm_tweak.R" 270
275 "forearm_tweak.R" 274
276 "MCH-forearm_tweak.R.001" 270
277 "forearm_tweak.R.001" 276
278 "MCH-upper_arm_parent_widget.R" 269
279 "MCH-upper_arm_tweak.R.001" 269
280 "upper_arm_tweak.R.001" 279
281 "DEF-shoulder.R" 268
282 "upper_arm_parent.R" 268
283 "MCH-upper_arm_parent.R" 268
284 "upper_arm_fk.R" 283
285 "forearm_fk.R" 284
286 "MCH-hand_fk.R" 285
287 "hand_fk.R" 286
288 "MCH-upper_arm_ik_swing.R" 283
289 "upper_arm_ik.R" 288
290 "MCH-forearm_ik.R" 289
291 "MCH-upper_arm_tweak.R" 268
292 "upper_arm_tweak.R" 291
293 "DEF-upper_arm.R" 268
294 "DEF-upper_arm.R.001" 293
295 "DEF-forearm.R" 294
296 "DEF-forearm.R.001" 295
297 "DEF-hand.R" 296
298 "ORG-palm.01.R" 297
299 "ORG-f_index.01.R" 298
300 "ORG-f_index.02.R" 299
301 "ORG-f_index.03.R" 300
302 "DEF-f_index.01.R" 298
303 "DEF-f_index.02.R" 302
304 "DEF-f_index.03.R" 303
305 "f_index.01_master.R" 298
306 "DEF-palm.01.R" 298
307 "MCH-f_index.01_drv.R" 298
308 "f_index.01.R" 307
309 "MCH-f_index.02_drv.R" 308
310 "f_index.02.R" 309
311 "MCH-f_index.03_drv.R" 310
312 "f_index.03.R" 311
313 "f_index.01.R.001" 312
314 "MCH-f_index.03.R" 312
315 "MCH-f_index.02.R" 310
316 "MCH-f_index.01.R" 298
317 "ORG-palm.02.R" 297
318 "ORG-f_middle.01.R" 317
319 "ORG-f_middle.02.R" 318
320 "ORG-f_middle.03.R" 319
321 "DEF-f_middle.01.R" 317
322 "DEF-f_middle.02.R" 321
323 "DEF-f_middle.03.R" 322
324 "f_middle.01_master.R" 317
325 "DEF-palm.02.R" 317
326 "DEF-palm.02.R.001" 317
327 "MCH-f_middle.01_drv.R" 317
328 "f_middle.01.R" 327
329 "MCH-f_middle.02_drv.R" 328
330 "f_middle.02.R" 329
331 "MCH-f_middle.03_drv.R" 330
332 "f_middle.03.R" 331
333 "f_middle.01.R.001" 332
334 "MCH-f_middle.03.R" 332
335 "MCH-f_middle.02.R" 330
336 "MCH-f_middle.01.R" 317
337 "DEF-palm.02.R.002" 317
338 "ORG-palm.03.R" 297
339 "ORG-f_ring.01.R" 338
340 "ORG-f_ring.02.R" 339
341 "ORG-f_ring.03.R" 340
342 "DEF-f_ring.01.R" 338
343 "DEF-f_ring.02.R" 342
344 "DEF-f_ring.03.R" 343
345 "f_ring.01_master.R" 338
346 "DEF-palm.03.R" 338
347 "DEF-palm.03.R.001" 338
348 "MCH-f_ring.01_drv.R" 338
349 "f_ring.01.R" 348
350 "MCH-f_ring.02_drv.R" 349
351 "f_ring.02.R" 350
352 "MCH-f_ring.03_drv.R" 351
353 "f_ring.03.R" 352
354 "f_ring.01.R.001" 353
355 "MCH-f_ring.03.R" 353
356 "MCH-f_ring.02.R" 351
357 "MCH-f_ring.01.R" 338
358 "DEF-palm.03.R.002" 338
359 "ORG-palm.04.R" 297
360 "ORG-f_pinky.01.R" 359
361 "ORG-f_pinky.02.R" 360
362 "ORG-f_pinky.03.R" 361
363 "DEF-f_pinky.01.R" 359
364 "DEF-f_pinky.02.R" 363
365 "DEF-f_pinky.03.R" 364
366 "f_pinky.01_master.R" 359
367 "DEF-palm.04.R" 359
368 "DEF-palm.04.R.001" 359
369 "MCH-f_pinky.01_drv.R" 359
370 "f_pinky.01.R" 369
371 "MCH-f_pinky.02_drv.R" 370
372 "f_pinky.02.R" 371
373 "MCH-f_pinky.03_drv.R" 372
374 "f_pinky.03.R" 373
375 "f_pinky.01.R.001" 374
376 "MCH-f_pinky.03.R" 374
377 "MCH-f_pinky.02.R" 372
378 "MCH-f_pinky.01.R" 359
379 "DEF-palm.04.R.003" 359
380 "ORG-palm.04.R.001" 297
381 "ORG-f_pinky.01.R.001" 380
382 "ORG-f_pinky.02.R.001" 381
383 "ORG-f_pinky.03.R.001" 382
384 "DEF-f_pinky.01.R.001" 380
385 "DEF-f_pinky.02.R.001" 384
386 "DEF-f_pinky.03.R.001" 385
387 "f_pinky.01_master.R.001" 380
388 "DEF-palm.04.R.002" 380
389 "MCH-f_pinky.01_drv.R.001" 380
390 "f_pinky.01.R.002" 389
391 "MCH-f_pinky.02_drv.R.001" 390
392 "f_pinky.02.R.001" 391
393 "MCH-f_pinky.03_drv.R.001" 392
394 "f_pinky.03.R.001" 393
395 "f_pinky.01.R.003" 394
396 "MCH-f_pinky.03.R.001" 394
397 "MCH-f_pinky.02.R.001" 392
398 "MCH-f_pinky.01.R.001" 380
399 "ORG-palm.01.R.001" 297
400 "ORG-f_index.01.R.001" 399
401 "ORG-f_index.02.R.001" 400
402 "ORG-f_index.03.R.001" 401
403 "DEF-f_index.01.R.001" 399
404 "DEF-f_index.02.R.001" 403
405 "DEF-f_index.03.R.001" 404
406 "f_index.01_master.R.001" 399
407 "DEF-palm.01.R.001" 399
408 "MCH-f_index.01_drv.R.001" 399
409 "f_index.01.R.002" 408
410 "MCH-f_index.02_drv.R.001" 409
411 "f_index.02.R.001" 410
412 "MCH-f_index.03_drv.R.001" 411
413 "f_index.03.R.001" 412
414 "f_index.01.R.003" 413
415 "MCH-f_index.03.R.001" 413
416 "MCH-f_index.02.R.001" 411
417 "MCH-f_index.01.R.001" 399
418 "palm.R" 297
419 "palm.R.001" 297
420 "palm.R.002" 297
421 "ORG-breast.L" 114
422 "DEF-breast.L" 421
423 "ORG-breast.R" 114
424 "DEF-breast.R" 423
425 "breast.L" 114
426 "breast.R" 114
427 "shoulder.L" 114
428 "shoulder.R" 114
429 "MCH-WGT-chest" 101
430 "MCH-hand_ik.parent.L" -1
431 "hand_ik.L" 430
432 "MCH-upper_arm_ik_target.L" 431
433 "MCH-upper_arm_ik_target.parent.L" -1
434 "upper_arm_ik_target.L" 433
435 "MCH-hand_ik.parent.R" -1
436 "hand_ik.R" 435
437 "MCH-upper_arm_ik_target.R" 436
438 "MCH-upper_arm_ik_target.parent.R" -1
439 "upper_arm_ik_target.R" 438
440 "MCH-foot_ik.parent.L" -1
441 "foot_ik.L" 440
442 "foot_spin_ik.L" 441
443 "foot_heel_ik.L" 442
444 "MCH-heel.02_rock2.L" 442
445 "MCH-heel.02_rock1.L" 444
446 "MCH-heel.02_roll2.L" 445
447 "MCH-heel.02_roll1.L" 446
448 "MCH-foot_roll.L" 447
449 "MCH-thigh_ik_target.L" 448
450 "MCH-toe_ik_parent.L" 449
451 "toe_ik.L" 450
452 "MCH-thigh_ik_target.parent.L" -1
453 "thigh_ik_target.L" 452
454 "MCH-foot_ik.parent.R" -1
455 "foot_ik.R" 454
456 "foot_spin_ik.R" 455
457 "foot_heel_ik.R" 456
458 "MCH-heel.02_rock2.R" 456
459 "MCH-heel.02_rock1.R" 458
460 "MCH-heel.02_roll2.R" 459
461 "MCH-heel.02_roll1.R" 460
462 "MCH-foot_roll.R" 461
463 "MCH-thigh_ik_target.R" 462
464 "MCH-toe_ik_parent.R" 463
465 "toe_ik.R" 464
466 "MCH-thigh_ik_target.parent.R" -1
467 "thigh_ik_target.R" 466
end
skeleton
  time 0
  0 0.000000 0.000000 -23.603888 0.000000 -0.000000 1.570796
  1 -0.000000 2.728213 46.360413 1.742379 -0.000000 0.000000
  2 0.000000 10.999709 -0.000000 -0.048317 -0.000000 0.000000
  3 -0.000000 6.753160 -0.000001 -0.155084 0.000000 -0.000000
  4 0.000001 8.544821 -0.000001 0.003254 -0.000000 -0.000000
  5 0.000001 9.518035 -0.000001 0.022487 0.000000 0.000000
  6 0.000000 3.039645 -0.000000 0.193776 -0.000000 0.000000
  7 0.000000 3.098962 -0.000000 -0.187699 -0.000000 -0.000000
  8 29.346817 4.235044 58.667747 1.570796 -0.000000 1.788714
  9 -29.346817 4.235037 58.667747 1.570796 0.000000 -1.788714
  10 8.250683 -0.713589 25.922977 1.570796 -0.000000 0.000000
  11 -8.250683 -0.713591 25.922977 1.570796 -0.000000 0.000000
  12 -1.789155 0.000000 28.175619 0.000000 -0.000000 1.570796
  13 0.000000 0.000000 0.000000 0.000000 -0.000000 -0.000000
  14 0.000000 -1.769384 12.121012 0.000000 -0.000000 -0.000000
  15 0.000000 -1.769384 12.121012 0.000000 -0.000000 -0.000000
  16 0.000000 -1.769384 12.121012 0.000000 -0.000000 -0.000000
  17 0.000000 -0.000001 0.000000 1.694062 -0.000000 -0.000000
  18 0.000000 -6.753161 0.000001 -1.694062 0.000000 -0.000000
  19 -0.000000 0.000000 -0.000000 1.742379 -0.000000 -0.000000
  20 -0.000000 -10.999710 0.000002 0.000000 0.000000 0.000000
  21 0.000000 0.000000 0.000000 -0.000000 -0.000000 0.000000
  22 0.000000 0.000000 0.000000 -1.341552 -1.993774 0.192913
  23 -0.000000 -0.000002 0.000001 -0.000000 0.000000 0.000000
  24 0.000000 0.000000 0.000000 -1.341552 1.993774 -0.192913
  25 0.000000 -0.000002 0.000001 -0.000000 -0.000000 -0.000000
  26 8.250683 -0.215594 2.184238 2.903292 0.000000 -0.000000
  27 0.000000 19.896326 0.000002 0.140363 0.000000 -0.000000
  28 -0.000006 16.264111 -0.000004 -0.703811 -0.000323 0.000274
  29 -0.000008 10.988305 0.000007 0.880379 -3.141170 0.000000
  30 -1.873867 4.392872 10.061485 -0.000523 0.630166 -1.571104
  31 0.000000 0.000002 0.000002 -0.000000 0.000000 0.000000
  32 -0.000000 0.000000 -0.000000 0.000000 -0.000000 -0.000000
  33 0.000000 -0.000000 -0.000000 0.000000 -0.000000 0.000000
  34 0.000000 0.000000 0.000000 0.000000 -0.000000 0.000000
  35 -0.000003 8.132058 -0.000002 -0.000000 -0.000205 0.000000
  36 -0.000000 -0.000000 -0.000000 -0.000000 0.000205 -0.000000
  37 -0.000000 -0.000004 -0.000000 -0.000000 0.000000 0.000000
  38 0.000000 9.948161 0.000001 0.000000 0.000000 0.000000
  39 0.000000 0.000000 -0.000000 -0.000000 -0.000000 -0.000000
  40 -8.250683 -0.215591 2.184242 2.903292 0.000000 -0.000000
  41 -0.000000 19.896328 0.000001 0.140363 0.000001 -0.000000
  42 -0.000006 16.264111 -0.000004 -0.703811 0.000323 -0.000273
  43 0.000001 10.988305 0.000006 0.880380 3.141170 -0.000001
  44 1.873864 4.392872 10.061485 0.000524 2.511427 1.571105
  45 -0.000000 0.000002 0.000002 -0.000000 0.000000 0.000000
  46 0.000000 0.000000 -0.000000 0.000000 -0.000000 -0.000000
  47 0.000000 -0.000000 -0.000000 0.000000 -0.000000 0.000000
  48 0.000000 0.000000 0.000000 0.000000 -0.000000 0.000000
  49 -0.000003 8.132058 -0.000002 -0.000000 0.000204 0.000000
  50 0.000000 -0.000000 -0.000000 0.000000 -0.000204 -0.000000
  51 0.000000 -0.000004 -0.000000 -0.000000 -0.000000 -0.000000
  52 -0.000000 9.948162 0.000000 -0.000000 0.000000 0.000000
  53 0.000000 0.000000 -0.000000 0.000000 -0.000000 -0.000000
  54 8.250683 -0.215594 2.184238 2.903292 0.000001 0.000000
  55 8.250683 -0.215594 2.184238 -1.742380 0.000000 0.000000
  56 0.000000 -0.000001 -0.000000 -1.637514 0.000000 0.000000
  57 -0.000001 19.896330 -0.000004 0.140363 0.000000 0.000000
  58 -0.000005 16.264109 -0.000003 -0.703810 -0.000323 0.000273
  59 0.000000 -0.000000 0.000000 -0.000000 0.000000 -0.000000
  60 -0.000001 10.988302 0.000000 0.880380 -3.141170 0.000000
  61 -0.000000 0.000000 0.000000 0.000000 -0.000000 -0.000000
  62 0.000000 -0.000001 -0.000000 -1.574393 0.000000 0.000000
  63 -0.000000 -0.000000 0.000000 -0.063120 -0.000000 -0.000000
  64 -0.000000 19.896324 -0.000004 0.140363 0.000001 0.000000
  65 8.250683 -0.215594 2.184238 2.903291 -0.000001 -0.000000
  66 0.000000 0.000000 -0.000000 0.000000 -0.000000 0.000000
  67 8.250683 -0.215594 2.184238 2.903291 -0.000001 -0.000000
  68 -0.000001 9.948171 0.000006 -0.000000 0.000000 0.000000
  69 -0.000001 9.948173 0.000006 0.140363 -0.000001 -0.000001
  70 -0.000003 8.132051 -0.000002 0.000000 -0.000000 0.000000
  71 -0.000003 8.132055 -0.000002 -0.703812 -0.000324 0.000274
  72 -0.000027 10.988316 0.000027 0.880378 -3.141169 0.000001
  73 -8.250683 -0.215591 2.184242 2.903292 0.000001 0.000000
  74 -8.250683 -0.215591 2.184242 -1.742380 0.000000 0.000000
  75 0.000000 -0.000001 -0.000000 -1.637514 0.000000 0.000000
  76 0.000007 19.896330 -0.000005 0.140363 0.000001 -0.000000
  77 -0.000005 16.264109 -0.000003 -0.703810 0.000322 -0.000273
  78 -0.000000 -0.000000 0.000000 -0.000000 -0.000000 0.000000
  79 0.000001 10.988302 -0.000002 0.880380 3.141171 -0.000000
  80 -0.000000 0.000000 0.000000 0.000000 0.000000 0.000000
  81 0.000000 -0.000001 -0.000000 -1.574393 0.000000 0.000000
  82 -0.000000 -0.000000 0.000000 -0.063120 0.000000 0.000000
  83 0.000009 19.896322 -0.000005 0.140363 0.000001 -0.000000
  84 -8.250683 -0.215591 2.184242 2.903291 0.000001 0.000000
  85 -0.000000 0.000000 -0.000000 -0.000000 0.000000 0.000000
  86 -8.250683 -0.215591 2.184242 2.903291 0.000001 0.000000
  87 -0.000009 9.948171 0.000005 -0.000000 0.000000 0.000000
  88 -0.000009 9.948173 0.000005 0.140363 0.000001 0.000000
  89 -0.000003 8.132051 -0.000002 0.000000 -0.000000 0.000000
  90 -0.000003 8.132055 -0.000002 -0.703812 0.000325 -0.000274
  91 -0.000000 10.988315 0.000026 0.880378 3.141167 -0.000002
  92 0.000000 0.000000 0.000001 -0.048317 -0.000000 0.000000
  93 0.000000 0.000000 0.000000 -0.000000 0.000000 -0.000000
  94 -0.000000 -10.999710 0.000002 -0.000000 -0.000000 0.000000
  95 0.000000 -1.769384 12.121012 0.000000 -0.000000 -0.000000
  96 0.000000 -0.000001 0.000000 1.538979 -0.000000 0.000000
  97 -0.000000 -0.000000 0.000000 0.155084 -0.000000 0.000000
  98 0.000000 0.000000 0.000000 -0.155084 0.000000 -0.000000
  99 -0.000000 -0.000000 0.000000 -0.000000 0.000000 -0.000000
  100 0.000001 8.544821 -0.000001 -1.538979 -0.000000 0.000000
  101 -0.000000 0.000000 0.000000 1.542233 0.000000 0.000000
  102 0.000001 9.518035 -0.000001 0.022487 0.000000 0.000000
  103 0.000001 3.039644 -0.000000 0.193776 -0.000001 -0.000000
  104 0.000000 3.098963 -0.000001 -0.187699 0.000000 0.000000
  105 0.000001 9.518035 -0.000001 -1.542233 -0.000000 0.000000
  106 0.000000 -0.000000 -0.000000 1.662547 0.000000 -0.000000
  107 0.000000 6.109821 -0.000002 -1.662547 0.000000 -0.000000
  108 0.000000 0.000000 0.000000 1.570796 0.000000 -0.000000
  109 0.000000 0.000000 0.000000 -0.097827 0.000001 -0.000000
  110 0.000000 0.000000 0.000000 0.000000 0.000000 0.000000
  111 -0.000000 3.025112 -0.296887 0.000000 -0.000000 0.000000
  112 0.000000 0.000000 0.000000 0.095948 0.000000 -0.000000
  113 0.000000 0.000000 -0.000000 0.000000 0.000000 0.000000
  114 -0.000000 -0.000000 0.000000 0.000000 0.000000 0.000000
  115 0.904464 6.782044 3.867486 -1.622151 -1.320335 -0.074552
  116 0.010189 19.450798 -0.828332 -1.264084 0.601599 -1.016429
  117 0.000001 20.126827 0.000001 0.277335 0.000000 -0.000000
  118 0.000003 25.356464 0.000000 0.198412 -0.005445 0.027074
  119 0.000000 0.000000 0.000000 0.000000 0.000001 0.000001
  120 0.000000 0.000000 0.000000 -0.000000 -0.000001 -0.000001
  121 0.000003 0.000006 -0.000004 -0.000000 -0.000000 -0.000000
  122 0.000002 -0.000002 -0.000002 0.000000 0.000000 0.000000
  123 -0.000001 12.678233 0.000001 0.000000 -0.001372 0.000000
  124 0.000000 0.000000 0.000000 -0.000000 0.001371 -0.000001
  125 -0.000000 0.000000 -0.000000 -0.000000 -0.000000 0.000000
  126 0.000004 10.063420 -0.000000 0.000000 -0.000000 0.000000
  127 0.000000 0.000000 0.000000 -0.000000 -0.000000 -0.000000
  128 0.000000 0.000002 0.000000 0.000000 0.000000 -0.000000
  129 0.010189 19.450798 -0.828332 -1.068311 -0.458283 0.722012
  130 0.010189 19.450798 -0.828332 0.041385 -0.124298 1.319061
  131 -0.000000 0.000001 0.000000 -1.332782 0.484537 -2.373637
  132 0.000002 20.126827 0.000004 0.277335 0.000000 -0.000000
  133 0.000002 25.356464 0.000003 0.198412 -0.005445 0.027073
  134 0.000000 0.000000 0.000000 0.000000 0.000000 0.000000
  135 -0.000000 0.000001 0.000000 -1.222857 0.516336 -2.466919
  136 0.000000 -0.000000 0.000000 -0.154713 -0.087791 0.000000
  137 -0.000000 20.126827 0.000005 0.277335 0.000000 0.000000
  138 0.010188 19.450798 -0.828332 -1.264084 0.601599 -1.016429
  139 0.000000 0.000000 0.000000 -0.000000 -0.000001 -0.000000
  140 0.010188 19.450798 -0.828332 -1.264084 0.601599 -1.016429
  141 0.000001 10.063415 0.000001 -0.000000 -0.000000 0.000000
  142 0.000001 10.063415 0.000002 0.277335 0.000000 -0.000000
  143 -0.000001 12.678233 0.000004 0.000000 -0.000000 0.000000
  144 0.000003 12.678231 0.000000 0.198412 -0.005444 0.027074
  145 0.838802 0.695168 1.002011 -0.146528 0.831651 0.111056
  146 -0.000003 6.243395 0.000000 0.057776 -0.287169 0.072685
  147 -0.000001 5.184052 0.000000 0.170011 -0.003807 0.022168
  148 0.000000 5.576726 0.000000 0.046973 0.000643 -0.036172
  149 -0.000003 6.243395 0.000000 0.057776 -0.287169 0.072685
  150 -0.000001 5.184052 0.000000 0.170011 -0.003807 0.022168
  151 0.000000 5.576726 0.000000 0.046973 0.000643 -0.036172
  152 -0.000003 6.243395 0.000000 0.057776 -0.287169 0.072685
  153 -0.000000 -0.000000 0.000000 -0.000000 -0.000000 0.000000
  154 -0.000003 6.243395 0.000000 0.057776 -0.287169 0.072685
  155 0.000000 0.000000 0.000000 0.000000 -0.000000 -0.000000
  156 -0.000000 5.184052 0.000000 0.170011 -0.003806 0.022168
  157 -0.000000 -0.000000 -0.000000 0.000000 -0.000001 -0.000000
  158 0.000000 5.576726 -0.000000 0.046973 0.000644 -0.036172
  159 0.000000 0.000000 0.000000 0.000000 -0.000000 -0.000000
  160 0.000001 9.158420 0.000001 3.141592 0.324016 -0.000000
  161 -0.000000 -0.000000 -0.000000 -0.000000 -0.000000 -0.000000
  162 0.000000 0.000000 0.000000 -0.000000 0.000000 -0.000000
  163 -0.000003 6.243395 0.000000 0.057776 -0.287169 0.072685
  164 0.208220 1.308910 0.886644 -0.521836 0.710749 -0.438946
  165 0.000002 4.941751 0.000001 0.177555 -0.296553 -0.038426
  166 -0.000003 6.134696 0.000001 0.097447 -0.004722 0.048260
  167 0.000001 5.142238 0.000000 0.001670 0.000042 -0.073619
  168 0.000002 4.941751 0.000001 0.177555 -0.296553 -0.038426
  169 -0.000003 6.134696 0.000001 0.097447 -0.004722 0.048260
  170 0.000001 5.142238 0.000000 0.001670 0.000042 -0.073619
  171 0.000002 4.941751 0.000001 0.177555 -0.296553 -0.038426
  172 0.000000 0.000000 0.000000 0.000000 -0.000000 -0.000000
  173 0.000000 0.000000 0.000000 0.000000 -0.000000 -0.000000
  174 0.000002 4.941751 0.000001 0.177555 -0.296552 -0.038425
  175 0.000000 0.000000 0.000000 -0.000000 -0.000001 -0.000001
  176 -0.000004 6.134694 0.000001 0.097447 -0.004721 0.048261
  177 0.000000 0.000000 0.000000 0.000000 -0.000001 -0.000001
  178 -0.000001 5.142237 -0.000000 0.001670 0.000043 -0.073619
  179 0.000000 0.000000 0.000000 -0.000000 -0.000001 -0.000001
  180 0.000001 9.920086 -0.000001 -3.141593 0.323205 0.000000
  181 0.000000 0.000000 0.000000 -0.000000 -0.000000 -0.000000
  182 0.000000 0.000000 0.000000 -0.000000 -0.000000 -0.000000
  183 0.000002 4.941751 0.000001 0.177555 -0.296553 -0.038426
  184 0.000000 0.000000 0.000000 0.000000 -0.000000 -0.000000
  185 1.229530 0.555898 1.288363 -0.746847 0.623235 -0.695221
  186 0.000001 5.786785 0.000001 0.207022 -0.080208 -0.208698
  187 -0.000000 5.046766 0.000001 0.149185 0.005800 -0.038570
  188 -0.000000 4.876215 0.000001 0.114323 -0.002099 0.057280
  189 0.000001 5.786785 0.000001 0.207022 -0.080208 -0.208698
  190 -0.000000 5.046766 0.000001 0.149185 0.005800 -0.038570
  191 -0.000000 4.876215 0.000001 0.114323 -0.002099 0.057280
  192 0.000001 5.786785 0.000001 0.207022 -0.080208 -0.208698
  193 0.000000 0.000000 -0.000000 -0.000000 -0.000000 0.000000
  194 0.000000 0.000000 -0.000000 -0.000000 -0.000000 0.000000
  195 0.000001 5.786785 0.000001 0.207022 -0.080209 -0.208698
  196 0.000000 0.000000 0.000000 0.000000 0.000000 -0.000000
  197 -0.000001 5.046766 0.000001 0.149186 0.005800 -0.038570
  198 0.000000 -0.000000 -0.000000 -0.000000 0.000000 0.000000
  199 -0.000000 4.876215 0.000001 0.114323 -0.002099 0.057281
  200 0.000000 -0.000000 -0.000000 0.000000 -0.000001 -0.000000
  201 0.000000 10.336267 0.000001 -3.141593 -0.095607 -0.000001
  202 -0.000000 0.000000 0.000000 -0.000000 -0.000000 -0.000000
  203 -0.000000 0.000000 0.000000 -0.000000 0.000000 -0.000000
  204 0.000001 5.786785 0.000001 0.207022 -0.080208 -0.208698
  205 0.000000 0.000000 -0.000000 -0.000000 -0.000000 0.000000
  206 2.510270 0.335970 0.022944 -0.704386 0.728958 -0.808876
  207 -0.000002 4.182457 0.000000 0.204093 -0.003080 -0.542466
  208 0.000002 4.945986 0.000001 0.110509 0.001324 -0.011933
  209 -0.000001 6.128854 0.000000 0.158878 -0.001326 0.020280
  210 -0.000002 4.182457 0.000000 0.204093 -0.003080 -0.542466
  211 0.000002 4.945986 0.000001 0.110509 0.001324 -0.011933
  212 -0.000001 6.128854 0.000000 0.158878 -0.001326 0.020280
  213 -0.000002 4.182457 0.000000 0.204092 -0.003080 -0.542466
  214 0.000000 0.000000 -0.000000 -0.000000 -0.000000 0.000000
  215 0.000000 0.000000 -0.000000 -0.000000 -0.000000 0.000000
  216 -0.000002 4.182457 0.000000 0.204093 -0.003081 -0.542467
  217 0.000000 0.000000 0.000000 -0.000000 0.000001 0.000001
  218 0.000002 4.945986 0.000001 0.110509 0.001324 -0.011934
  219 0.000000 -0.000000 -0.000000 -0.000000 0.000001 0.000001
  220 -0.000000 6.128855 0.000000 0.158878 -0.001326 0.020280
  221 0.000000 -0.000000 -0.000000 -0.000000 0.000000 0.000000
  222 -0.000002 8.781750 0.000001 -3.141593 -0.488191 0.000000
  223 -0.000000 0.000000 0.000000 0.000000 -0.000000 0.000000
  224 -0.000000 0.000000 0.000000 0.000000 0.000000 0.000000
  225 -0.000002 4.182457 0.000000 0.204093 -0.003080 -0.542466
  226 0.000000 0.000000 -0.000000 -0.000000 -0.000000 0.000000
  227 0.777025 1.281751 1.958800 0.196514 0.598662 0.924076
  228 -0.000001 4.493427 -0.000001 0.213321 0.019605 0.282980
  229 -0.000001 4.879317 -0.000000 0.122049 0.004531 -0.036921
  230 0.000001 5.043320 0.000000 0.066553 -0.001208 0.055324
  231 -0.000001 4.493427 -0.000001 0.213321 0.019605 0.282980
  232 -0.000001 4.879317 -0.000000 0.122049 0.004531 -0.036921
  233 0.000001 5.043320 0.000000 0.066553 -0.001208 0.055324
  234 -0.000001 4.493427 -0.000001 0.213321 0.019605 0.282979
  235 -0.000000 0.000000 -0.000000 0.000000 -0.000000 -0.000000
  236 -0.000001 4.493427 -0.000001 0.213321 0.019605 0.282979
  237 0.000000 0.000000 0.000000 -0.000000 0.000000 0.000000
  238 0.000002 4.879316 0.000000 0.122048 0.004531 -0.036922
  239 0.000000 0.000000 0.000000 0.000000 0.000000 0.000000
  240 0.000001 5.043320 0.000000 0.066553 -0.001208 0.055324
  241 0.000000 -0.000000 -0.000000 0.000000 0.000000 0.000000
  242 -0.000001 10.325294 0.000000 3.141593 -0.093079 -0.000000
  243 0.000000 0.000000 0.000000 -0.000000 -0.000000 -0.000000
  244 -0.000000 0.000000 0.000000 -0.000000 0.000000 0.000000
  245 -0.000001 4.493427 -0.000001 0.213321 0.019605 0.282980
  246 0.986051 0.947622 1.368040 0.166521 0.766158 0.595879
  247 -0.000001 5.486589 0.000000 0.036912 -0.459751 0.204801
  248 0.000002 4.968780 -0.000000 0.101988 0.003073 -0.030016
  249 -0.000003 5.803466 0.000001 0.087423 -0.001678 0.049316
  250 -0.000001 5.486589 0.000000 0.036912 -0.459751 0.204801
  251 0.000002 4.968780 -0.000000 0.101988 0.003073 -0.030016
  252 -0.000003 5.803466 0.000001 0.087423 -0.001678 0.049316
  253 -0.000001 5.486589 0.000000 0.036912 -0.459751 0.204801
  254 0.000000 0.000000 -0.000000 0.000000 -0.000000 0.000000
  255 -0.000001 5.486589 0.000000 0.036912 -0.459751 0.204801
  256 0.000000 0.000000 0.000000 -0.000000 -0.000000 -0.000000
  257 0.000001 4.968780 -0.000000 0.101988 0.003073 -0.030015
  258 0.000000 0.000000 0.000000 -0.000000 -0.000000 -0.000000
  259 -0.000003 5.803466 0.000001 0.087423 -0.001678 0.049316
  260 0.000000 0.000000 0.000000 -0.000000 0.000000 0.000000
  261 0.000000 9.111452 0.000001 3.141592 0.806825 -0.000001
  262 -0.000000 -0.000000 -0.000000 -0.000000 0.000000 0.000000
  263 0.000000 0.000000 0.000000 0.000000 -0.000000 0.000000
  264 -0.000001 5.486589 0.000000 0.036912 -0.459751 0.204801
  265 2.510270 0.335970 0.022944 -0.704386 0.728958 -0.808876
  266 2.510270 0.335970 0.022944 -0.704386 0.728958 -0.808876
  267 2.510270 0.335970 0.022944 -0.704386 0.728958 -0.808876
  268 -0.904461 6.782044 3.867486 -1.622152 1.320334 0.074552
  269 -0.010189 19.450800 -0.828332 -1.264084 -0.601599 1.016429
  270 -0.000000 20.126831 0.000002 0.277335 -0.000000 -0.000000
  271 -0.000004 25.356466 0.000001 0.198412 0.005445 -0.027074
  272 -0.000000 0.000000 0.000000 0.000000 -0.000001 -0.000001
  273 0.000000 0.000000 0.000000 -0.000000 0.000001 0.000001
  274 -0.000003 0.000006 -0.000004 -0.000000 0.000000 0.000000
  275 -0.000002 -0.000002 -0.000002 0.000000 0.000000 -0.000000
  276 0.000000 12.678233 0.000001 0.000000 0.001372 -0.000000
  277 -0.000000 0.000000 0.000000 -0.000001 -0.001371 0.000001
  278 0.000000 0.000000 -0.000000 -0.000000 0.000000 -0.000000
  279 -0.000003 10.063422 -0.000000 0.000000 0.000000 -0.000000
  280 0.000000 0.000000 0.000000 -0.000000 -0.000000 0.000000
  281 -0.000000 0.000002 0.000000 0.000000 -0.000000 0.000000
  282 -0.010189 19.450800 -0.828332 -1.068311 0.458283 -0.722012
  283 -0.010189 19.450800 -0.828332 0.041385 0.124298 -1.319061
  284 -0.000000 0.000001 0.000000 -1.332781 -0.484537 2.373637
  285 -0.000003 20.126827 0.000001 0.277335 -0.000000 0.000000
  286 -0.000003 25.356462 0.000002 0.198412 0.005445 -0.027074
  287 0.000000 0.000000 0.000000 0.000000 -0.000000 -0.000000
  288 -0.000000 0.000001 0.000000 -1.222856 -0.516337 2.466918
  289 -0.000000 -0.000000 0.000000 -0.154713 0.087791 -0.000000
  290 -0.000002 20.126825 0.000002 0.277335 -0.000000 -0.000000
  291 -0.010188 19.450802 -0.828332 -1.264084 -0.601599 1.016429
  292 0.000000 0.000000 0.000000 -0.000000 0.000001 0.000000
  293 -0.010188 19.450802 -0.828332 -1.264084 -0.601599 1.016429
  294 -0.000000 10.063415 0.000002 0.000000 0.000000 0.000000
  295 -0.000000 10.063414 0.000001 0.277335 -0.000000 0.000000
  296 -0.000001 12.678231 0.000002 -0.000000 -0.000000 -0.000000
  297 -0.000002 12.678232 0.000001 0.198412 0.005444 -0.027074
  298 -0.838802 0.695168 1.002011 -0.146528 -0.831651 -0.111056
  299 0.000002 6.243395 0.000001 0.057776 0.287169 -0.072685
  300 0.000001 5.184052 0.000000 0.170011 0.003807 -0.022168
  301 -0.000001 5.576725 0.000000 0.046973 -0.000643 0.036172
  302 0.000002 6.243395 0.000001 0.057776 0.287169 -0.072685
  303 0.000001 5.184052 0.000000 0.170011 0.003807 -0.022168
  304 -0.000001 5.576725 0.000000 0.046973 -0.000643 0.036172
  305 0.000002 6.243395 0.000001 0.057776 0.287169 -0.072685
  306 0.000000 -0.000000 0.000000 -0.000000 0.000000 0.000000
  307 0.000002 6.243395 0.000001 0.057776 0.287169 -0.072685
  308 0.000000 0.000000 0.000000 0.000000 0.000000 0.000000
  309 0.000001 5.184052 0.000000 0.170011 0.003806 -0.022168
  310 0.000000 -0.000000 -0.000000 0.000000 0.000001 0.000000
  311 -0.000000 5.576726 -0.000000 0.046973 -0.000643 0.036172
  312 -0.000000 0.000000 0.000000 0.000000 0.000000 0.000000
  313 -0.000001 9.158419 0.000001 3.141593 -0.324015 0.000000
  314 0.000000 -0.000000 -0.000000 -0.000000 0.000000 0.000000
  315 0.000000 0.000000 0.000000 -0.000000 -0.000000 0.000000
  316 0.000002 6.243395 0.000001 0.057776 0.287169 -0.072685
  317 -0.208220 1.308910 0.886644 -0.521836 -0.710749 0.438946
  318 -0.000001 4.941750 0.000000 0.177555 0.296553 0.038426
  319 0.000003 6.134696 0.000001 0.097447 0.004722 -0.048260
  320 -0.000001 5.142238 0.000000 0.001670 -0.000042 0.073619
  321 -0.000001 4.941750 0.000000 0.177555 0.296553 0.038426
  322 0.000003 6.134696 0.000001 0.097447 0.004722 -0.048260
  323 -0.000001 5.142238 0.000000 0.001670 -0.000042 0.073619
  324 -0.000001 4.941750 0.000000 0.177555 0.296553 0.038426
  325 0.000000 0.000000 0.000000 -0.000000 -0.000000 -0.000000
  326 0.000000 0.000000 0.000000 -0.000000 -0.000000 -0.000000
  327 -0.000001 4.941750 0.000000 0.177554 0.296552 0.038425
  328 0.000000 0.000000 0.000000 -0.000000 0.000001 0.000001
  329 0.000003 6.134694 0.000001 0.097447 0.004721 -0.048261
  330 0.000000 0.000000 0.000000 0.000000 0.000001 0.000001
  331 0.000001 5.142237 -0.000000 0.001670 -0.000043 0.073619
  332 0.000000 -0.000000 -0.000000 -0.000000 0.000001 0.000001
  333 -0.000000 9.920087 -0.000000 -3.141592 -0.323204 -0.000000
  334 -0.000000 0.000000 0.000000 -0.000000 -0.000000 0.000000
  335 0.000000 0.000000 0.000000 -0.000000 0.000000 -0.000000
  336 -0.000001 4.941750 0.000000 0.177555 0.296553 0.038426
  337 0.000000 0.000000 0.000000 -0.000000 -0.000000 -0.000000
  338 -1.229530 0.555897 1.288362 -0.746847 -0.623235 0.695221
  339 0.000000 5.786785 0.000001 0.207022 0.080209 0.208698
  340 -0.000000 5.046766 0.000000 0.149185 -0.005800 0.038570
  341 -0.000001 4.876215 0.000000 0.114323 0.002099 -0.057280
  342 0.000000 5.786785 0.000001 0.207022 0.080209 0.208698
  343 -0.000000 5.046766 0.000000 0.149185 -0.005800 0.038570
  344 -0.000001 4.876215 0.000000 0.114323 0.002099 -0.057280
  345 0.000000 5.786785 0.000001 0.207022 0.080209 0.208698
  346 -0.000000 0.000000 -0.000000 -0.000000 -0.000000 -0.000000
  347 -0.000000 0.000000 -0.000000 -0.000000 -0.000000 -0.000000
  348 0.000000 5.786785 0.000001 0.207022 0.080209 0.208698
  349 0.000000 0.000000 0.000000 0.000000 0.000000 -0.000000
  350 -0.000000 5.046765 0.000000 0.149186 -0.005800 0.038570
  351 -0.000000 -0.000000 -0.000000 -0.000000 -0.000000 -0.000000
  352 -0.000001 4.876215 0.000000 0.114323 0.002099 -0.057281
  353 -0.000000 -0.000000 -0.000000 0.000000 0.000001 0.000000
  354 0.000000 10.336267 -0.000000 -3.141593 0.095607 0.000001
  355 0.000000 0.000000 0.000000 0.000000 0.000000 0.000000
  356 0.000000 0.000000 0.000000 -0.000000 0.000000 0.000000
  357 0.000000 5.786785 0.000001 0.207022 0.080209 0.208698
  358 -0.000000 0.000000 -0.000000 -0.000000 -0.000000 -0.000000
  359 -2.510270 0.335969 0.022944 -0.704386 -0.728958 0.808876
  360 0.000002 4.182457 0.000000 0.204093 0.003080 0.542466
  361 -0.000002 4.945987 0.000001 0.110509 -0.001324 0.011933
  362 -0.000001 6.128854 0.000001 0.158878 0.001325 -0.020280
  363 0.000002 4.182457 0.000000 0.204093 0.003080 0.542466
  364 -0.000002 4.945987 0.000001 0.110509 -0.001324 0.011933
  365 -0.000001 6.128854 0.000001 0.158878 0.001325 -0.020280
  366 0.000002 4.182457 0.000000 0.204093 0.003080 0.542466
  367 -0.000000 0.000000 -0.000000 -0.000000 0.000000 0.000000
  368 -0.000000 0.000000 -0.000000 -0.000000 0.000000 0.000000
  369 0.000002 4.182457 0.000000 0.204093 0.003081 0.542467
  370 0.000000 0.000000 0.000000 -0.000000 -0.000001 -0.000001
  371 -0.000002 4.945987 0.000001 0.110509 -0.001324 0.011934
  372 -0.000000 -0.000000 -0.000000 0.000000 -0.000001 -0.000000
  373 0.000001 6.128855 -0.000000 0.158878 0.001326 -0.020280
  374 -0.000000 -0.000000 -0.000000 0.000000 -0.000000 -0.000000
  375 0.000003 8.781749 0.000000 -3.141593 0.488191 -0.000000
  376 0.000000 0.000000 0.000000 -0.000000 -0.000000 0.000000
  377 0.000000 0.000000 0.000000 -0.000000 -0.000000 -0.000000
  378 0.000002 4.182457 0.000000 0.204093 0.003080 0.542466
  379 -0.000000 0.000000 -0.000000 -0.000000 0.000000 0.000000
  380 -0.777024 1.281751 1.958799 0.196514 -0.598662 -0.924076
  381 0.000001 4.493427 -0.000000 0.213321 -0.019605 -0.282980
  382 0.000001 4.879316 -0.000000 0.122049 -0.004531 0.036921
  383 -0.000001 5.043321 -0.000000 0.066553 0.001208 -0.055324
  384 0.000001 4.493427 -0.000000 0.213321 -0.019605 -0.282980
  385 0.000001 4.879316 -0.000000 0.122049 -0.004531 0.036921
  386 -0.000001 5.043321 -0.000000 0.066553 0.001208 -0.055324
  387 0.000001 4.493427 -0.000000 0.213321 -0.019605 -0.282980
  388 0.000000 0.000000 -0.000000 0.000000 0.000000 0.000000
  389 0.000001 4.493427 -0.000000 0.213321 -0.019605 -0.282979
  390 0.000000 0.000000 0.000000 -0.000000 -0.000000 -0.000000
  391 -0.000002 4.879315 0.000000 0.122048 -0.004531 0.036922
  392 0.000000 0.000000 0.000000 0.000000 -0.000000 -0.000000
  393 -0.000001 5.043320 0.000000 0.066553 0.001208 -0.055324
  394 -0.000000 -0.000000 -0.000000 -0.000000 0.000000 -0.000000
  395 0.000002 10.325291 0.000001 3.141593 0.093078 0.000000
  396 0.000000 0.000000 0.000000 -0.000000 0.000000 0.000000
  397 0.000000 0.000000 0.000000 -0.000000 0.000000 -0.000000
  398 0.000001 4.493427 -0.000000 0.213321 -0.019605 -0.282980
  399 -0.986051 0.947622 1.368040 0.166521 -0.766158 -0.595879
  400 0.000001 5.486588 0.000000 0.036912 0.459751 -0.204801
  401 -0.000002 4.968780 -0.000000 0.101988 -0.003073 0.030016
  402 0.000003 5.803467 0.000001 0.087423 0.001678 -0.049316
  403 0.000001 5.486588 0.000000 0.036912 0.459751 -0.204801
  404 -0.000002 4.968780 -0.000000 0.101988 -0.003073 0.030016
  405 0.000003 5.803467 0.000001 0.087423 0.001678 -0.049316
  406 0.000001 5.486588 0.000000 0.036912 0.459751 -0.204801
  407 -0.000000 0.000000 -0.000000 -0.000000 0.000000 -0.000000
  408 0.000001 5.486588 0.000000 0.036912 0.459751 -0.204801
  409 0.000000 0.000000 0.000000 -0.000000 0.000000 0.000000
  410 -0.000001 4.968780 -0.000000 0.101988 -0.003072 0.030015
  411 0.000000 0.000000 0.000000 -0.000000 0.000000 0.000000
  412 0.000003 5.803466 0.000001 0.087423 0.001678 -0.049316
  413 -0.000000 0.000000 0.000000 0.000000 -0.000000 -0.000000
  414 -0.000000 9.111453 0.000001 3.141592 -0.806826 0.000001
  415 0.000000 -0.000000 -0.000000 0.000000 -0.000000 0.000000
  416 -0.000000 0.000000 0.000000 0.000000 0.000000 -0.000000
  417 0.000001 5.486588 0.000000 0.036912 0.459751 -0.204801
  418 -2.510270 0.335969 0.022944 -0.704386 -0.728958 0.808876
  419 -2.510270 0.335969 0.022944 -0.704386 -0.728958 0.808876
  420 -2.510270 0.335969 0.022944 -0.704386 -0.728958 0.808876
  421 8.463112 -0.489840 -2.120322 1.542233 0.000000 3.141593
  422 0.000000 -0.000001 0.000000 -0.000000 -0.000000 0.000000
  423 -8.463112 -0.489837 -2.120327 1.542233 0.000000 -3.141593
  424 0.000000 -0.000001 0.000000 -0.000000 0.000000 -0.000000
  425 8.463112 -0.489840 -2.120322 1.542233 0.000000 3.141593
  426 -8.463112 -0.489837 -2.120327 1.542233 0.000000 -3.141593
  427 0.904464 6.782044 3.867486 -1.622151 -1.320335 -0.074552
  428 -0.904461 6.782044 3.867486 -1.622152 1.320334 0.074552
  429 0.000000 0.000000 -0.000000 0.000000 0.000000 0.000000
  430 -2.384858 45.420403 15.540365 0.000000 -0.000000 1.570796
  431 0.000000 -0.000000 0.000000 -0.847146 0.505322 -2.352974
  432 0.000000 0.000000 0.000000 0.000000 0.000000 0.000000
  433 -39.754616 6.210231 19.806536 0.000000 -0.000000 1.570796
  434 0.000000 0.000000 0.000000 0.636717 0.964784 -2.018134
  435 -2.384865 -45.420403 15.540365 0.000000 -0.000000 1.570796
  436 0.000000 -0.000000 0.000000 -0.847146 -0.505322 2.352975
  437 -0.000000 0.000000 0.000000 0.000000 -0.000000 -0.000000
  438 -39.754616 -6.210226 19.806536 0.000000 -0.000000 1.570796
  439 0.000000 0.000000 0.000000 0.636717 -0.964785 2.018134
  440 -0.483101 8.250682 -13.900929 0.000000 -0.000000 1.570796
  441 0.000000 0.000000 0.000000 0.000000 -0.000000 -0.000000
  442 0.000001 -6.475164 -8.877786 0.000000 -0.000000 -0.000000
  443 -0.000001 6.475165 8.877786 0.000000 -0.000000 -0.000000
  444 -1.878121 12.014875 -0.599888 0.000000 -0.000000 -0.000000
  445 3.953934 0.000000 0.000000 0.000000 -0.000000 -0.000000
  446 -1.976967 0.000000 0.000000 0.000000 -0.000000 -0.000000
  447 -0.098846 -12.014875 0.599888 0.000000 -0.000000 -0.000000
  448 -0.000001 6.475165 8.877786 -2.200961 0.000249 0.000341
  449 0.000000 -0.000000 0.000000 -0.000000 -0.000000 -0.000000
  450 -0.000001 10.988304 0.000001 2.200961 0.000422 0.000000
  451 0.000000 0.000000 0.000000 -0.060252 -0.000000 -3.141593
  452 36.785671 8.250679 2.448854 0.000000 -0.000000 1.570796
  453 0.000000 0.000000 0.000000 -0.003598 -0.000000 0.000000
  454 -0.483102 -8.250682 -13.900929 0.000000 -0.000000 1.570796
  455 0.000000 0.000000 0.000000 0.000000 -0.000000 -0.000000
  456 0.000001 -6.475164 -8.877786 0.000000 -0.000000 -0.000000
  457 -0.000001 6.475165 8.877786 0.000000 -0.000000 -0.000000
  458 1.878117 12.014875 -0.599888 0.000000 -0.000000 -0.000000
  459 -3.953935 -0.000000 0.000000 0.000000 -0.000000 -0.000000
  460 1.976967 -0.000000 0.000000 0.000000 -0.000000 -0.000000
  461 0.098851 -12.014875 0.599888 0.000000 -0.000000 -0.000000
  462 -0.000001 6.475165 8.877786 -2.200961 -0.000249 -0.000341
  463 -0.000000 -0.000000 0.000000 0.000000 -0.000000 -0.000000
  464 0.000001 10.988303 -0.000001 2.200961 -0.000422 0.000000
  465 0.000000 0.000000 0.000000 -0.060252 0.000000 -3.141593
  466 36.785671 -8.250685 2.448854 0.000000 -0.000000 1.570796
  467 0.000000 0.000000 0.000000 -0.003598 -0.000000 0.000000
end
triangles
shambler
  90 -0.034202 -14.299324 -13.386894 -0.079316 -0.983331 0.163615 0.373047 0.986328 3 90 0.902710 89 0.057738 88 0.039552
  88 -7.448341 -8.681721 -1.389610 -0.993832 0.016249 0.109698 0.322266 0.900391 4 88 0.763012 87 0.148047 89 0.047251 90 0.041690
  90 -4.618976 -9.168677 -14.148577 -0.994189 -0.013643 0.106781 0.322266 0.986328 2 90 0.512303 89 0.487697
shambler
  89 -0.034205 -3.658591 -13.292035 -0.101116 0.984649 0.142271 0.271484 0.986328 3 89 0.861111 90 0.110648 88 0.028241
  88 -7.448341 -8.681721 -1.389610 -0.993832 0.016249 0.109698 0.322266 0.900391 4 88 0.763012 87 0.148047 89 0.047251 90 0.041690
  88 0.976897 -2.994580 0.592520 0.069017 0.996934 -0.036855 0.271484 0.888672 2 88 0.963072 87 0.036928
shambler
  90 -0.034202 -14.299324 -13.386894 -0.079316 -0.983331 0.163615 0.130859 0.986328 3 90 0.902710 89 0.057738 88 0.039552
  88 6.518356 -8.884098 -1.809778 0.990592 -0.024462 -0.134640 0.181641 0.912109 3 88 0.870647 87 0.066837 90 0.062516
  88 0.739864 -14.262066 0.689268 0.028414 -0.997985 -0.056736 0.130859 0.888672 2 88 0.936326 87 0.063674
shambler
  89 -0.034205 -3.658591 -13.292035 -0.101116 0.984649 0.142271 0.232422 0.986328 3 89 0.861111 90 0.110648 88 0.028241
  88 6.518356 -8.884098 -1.809778 0.990592 -0.024462 -0.134640 0.181641 0.912109 3 88 0.870647 87 0.066837 90 0.062516
  90 6.466496 -8.884098 -13.386894 0.919662 0.003210 0.392698 0.181641 0.986328 3 90 0.874025 89 0.076233 88 0.049743
shambler
  87 -5.352341 -8.981067 4.141371 -0.998627 -0.039710 0.034151 0.322266 0.869141 2 87 0.903871 88 0.096129
  86 -0.034205 -1.815908 15.473730 -0.059789 0.814066 -0.577687 0.271484 0.787109 4 86 0.827751 25 0.068214 23 0.060132 1 0.043903
  88 0.976897 -2.994580 0.592520 0.069017 0.996934 -0.036855 0.271484 0.888672 2 88 0.963072 87 0.036928
shambler
  88 0.739864 -14.262066 0.689268 0.028414 -0.997985 -0.056736 0.130859 0.888672 2 88 0.936326 87 0.063674
  88 7.511158 -8.884098 2.416527 0.993797 -0.011457 -0.110620 0.181641 0.869141 2 88 0.563540 87 0.436460
  87 0.920253 -15.851837 10.979490 0.044668 -0.998694 0.024792 0.130859 0.818359 3 87 0.779560 86 0.133864 88 0.086575
shambler
  88 7.511158 -8.884098 2.416527 0.993797 -0.011457 -0.110620 0.181641 0.869141 2 88 0.563540 87 0.436460
  86 -0.034205 -1.815908 15.473730 -0.059789 0.814066 -0.577687 0.232422 0.787109 4 86 0.827751 25 0.068214 23 0.060132 1 0.043903
  86 6.546720 -8.010706 19.675508 0.933198 -0.353192 -0.066316 0.181641 0.755859 4 86 0.825836 25 0.118289 87 0.044766 23 0.011109
shambler
  87 0.920253 -15.851837 10.979490 0.044668 -0.998694 0.024792 0.373047 0.818359 3 87 0.779560 86 0.133864 88 0.086575
  86 -8.447178 -7.317935 18.357176 -0.962130 -0.195145 -0.190324 0.322266 0.767578 4 86 0.796257 25 0.102107 87 0.067841 1 0.033796
  87 -5.352341 -8.981067 4.141371 -0.998627 -0.039710 0.034151 0.322266 0.869141 2 87 0.903871 88 0.096129
shambler
  23 -0.034206 0.000000 17.794031 -0.269945 0.000000 -0.962876 0.244141 0.791016 4 23 0.264995 25 0.264995 1 0.242580 67 0.227430
  23 7.644861 -0.000001 17.146963 0.733886 -0.000000 -0.679272 0.244141 0.759766 4 23 0.368896 25 0.368896 67 0.131104 86 0.131104
  86 -0.034205 -1.815908 15.473730 -0.059789 0.814066 -0.577687 0.232422 0.791016 4 86 0.827751 25 0.068214 23 0.060132 1 0.043903
shambler
  86 -8.447178 -7.317935 18.357176 -0.962130 -0.195145 -0.190324 0.322266 0.767578 4 86 0.796257 25 0.102107 87 0.067841 1 0.033796
  86 0.932664 -13.974023 19.818830 0.174936 -0.980024 0.094605 0.373047 0.751953 3 86 0.910417 87 0.084233 25 0.005350
  86 -0.725097 -14.427971 24.771746 -0.071487 -0.988435 0.133739 0.373047 0.716797 3 86 0.860995 25 0.083077 2 0.055929
shambler
  25 -6.968962 -5.818363 26.501108 -0.890482 -0.429929 0.149005 0.302734 0.708984 4 25 0.753145 86 0.115789 2 0.092750 1 0.038316
  23 -8.710824 0.000001 21.625067 -0.955180 0.000000 -0.296026 0.259766 0.732422 4 23 0.333958 25 0.333958 1 0.300935 67 0.031149
  86 -8.447178 -7.317935 18.357176 -0.962130 -0.195145 -0.190324 0.322266 0.767578 4 86 0.796257 25 0.102107 87 0.067841 1 0.033796
shambler
  86 6.546720 -8.010706 19.675508 0.933198 -0.353192 -0.066316 0.181641 0.755859 4 86 0.825836 25 0.118289 87 0.044766 23 0.011109
  25 7.086276 -5.943221 25.302015 0.896904 -0.441699 0.021557 0.201172 0.712891 4 25 0.692920 86 0.169211 2 0.107282 23 0.030586
  86 -0.725097 -14.427971 24.771746 -0.071487 -0.988435 0.133739 0.130859 0.716797 3 86 0.860995 25 0.083077 2 0.055929
shambler
  23 7.644861 -0.000001 17.146963 0.733886 -0.000000 -0.679272 0.244141 0.759766 4 23 0.368896 25 0.368896 67 0.131104 86 0.131104
  86 6.546720 -8.010706 19.675508 0.933198 -0.353192 -0.066316 0.181641 0.755859 4 86 0.825836 25 0.118289 87 0.044766 23 0.011109
  86 -0.034205 -1.815908 15.473730 -0.059789 0.814066 -0.577687 0.232422 0.787109 4 86 0.827751 25 0.068214 23 0.060132 1 0.043903
shambler
  7 -4.760524 -6.599866 71.955772 -0.906080 -0.274027 0.322379 0.197266 0.208984 3 7 0.813414 6 0.130518 5 0.056068
  7 -1.843919 -3.686718 72.870232 -0.219732 0.966906 0.129658 0.166016 0.197266 3 7 0.733505 6 0.207370 5 0.059124
  6 -4.312374 0.000000 68.788338 -0.403793 0.000000 0.914850 0.166016 0.228516 4 6 0.595744 7 0.315834 5 0.058894 4 0.029528
shambler
  25 -6.968962 -5.818363 26.501108 -0.890482 -0.429929 0.149005 0.302734 0.708984 4 25 0.753145 86 0.115789 2 0.092750 1 0.038316
  86 -0.725097 -14.427971 24.771746 -0.071487 -0.988435 0.133739 0.373047 0.716797 3 86 0.860995 25 0.083077 2 0.055929
  2 0.238238 -11.638427 35.623779 0.001514 -0.977752 -0.209757 0.357422 0.642578 4 2 0.785696 86 0.094170 25 0.066701 424 0.053433
shambler
  25 7.086276 -5.943221 25.302015 0.896904 -0.441699 0.021557 0.201172 0.712891 4 25 0.692920 86 0.169211 2 0.107282 23 0.030586
  23 7.644861 -0.000001 17.146963 0.733886 -0.000000 -0.679272 0.244141 0.759766 4 23 0.368896 25 0.368896 67 0.131104 86 0.131104
  2 9.083508 -0.000001 36.034431 0.976310 -0.000000 0.216378 0.244141 0.642578 4 2 0.799891 422 0.085326 424 0.085326 23 0.029456
shambler
  25 7.086276 -5.943221 25.302015 0.896904 -0.441699 0.021557 0.201172 0.712891 4 25 0.692920 86 0.169211 2 0.107282 23 0.030586
  2 5.931512 -7.459253 36.445427 0.769708 -0.612481 -0.180048 0.189453 0.638672 4 2 0.733934 424 0.147143 25 0.069739 293 0.049184
  2 0.238238 -11.638427 35.623779 0.001514 -0.977752 -0.209757 0.146484 0.642578 4 2 0.785696 86 0.094170 25 0.066701 424 0.053433
shambler
  25 -6.968962 -5.818363 26.501108 -0.890482 -0.429929 0.149005 0.302734 0.708984 4 25 0.753145 86 0.115789 2 0.092750 1 0.038316
  2 -5.628966 -6.803316 37.889076 -0.872983 -0.460736 -0.160073 0.306641 0.626953 4 2 0.782853 424 0.116463 25 0.058046 293 0.042638
  2 -7.756474 0.000001 38.228020 -0.943561 0.000000 0.331199 0.259766 0.626953 3 2 0.926958 422 0.036521 424 0.036521
shambler
  7 1.732193 -3.968597 72.950623 0.886975 0.404104 0.223551 0.255859 0.189453 3 7 0.827988 6 0.107429 5 0.064583
  7 -1.843919 -3.686718 72.870232 -0.219732 0.966906 0.129658 0.279297 0.197266 3 7 0.733505 6 0.207370 5 0.059124
  7 -2.009134 -2.006090 79.566162 -0.081577 0.473855 0.876817 0.279297 0.146484 2 7 0.939490 6 0.060510
shambler
  7 -2.009134 -2.006090 79.566162 -0.081577 0.473855 0.876817 0.166016 0.146484 2 7 0.939490 6 0.060510
  7 -1.843919 -3.686718 72.870232 -0.219732 0.966906 0.129658 0.166016 0.197266 3 7 0.733505 6 0.207370 5 0.059124
  7 -4.760524 -6.599866 71.955772 -0.906080 -0.274027 0.322379 0.197266 0.208984 3 7 0.813414 6 0.130518 5 0.056068
shambler
  7 -2.009134 -2.006090 79.566162 -0.081577 0.473855 0.876817 0.236328 0.146484 2 7 0.939490 6 0.060510
  7 -1.623094 -8.743286 73.448822 0.120687 -0.904961 0.408021 0.216797 0.189453 3 7 0.876330 6 0.079463 5 0.044207
  7 1.732193 -3.968597 72.950623 0.886975 0.404104 0.223551 0.255859 0.189453 3 7 0.827988 6 0.107429 5 0.064583
shambler
  7 2.544252 -4.532368 67.667511 0.999824 -0.002730 0.018560 0.255859 0.236328 4 7 0.705744 5 0.186063 6 0.093423 281 0.014769
  7 1.732193 -3.968597 72.950623 0.886975 0.404104 0.223551 0.255859 0.189453 3 7 0.827988 6 0.107429 5 0.064583
  7 -1.623094 -8.743286 73.448822 0.120687 -0.904961 0.408021 0.216797 0.189453 3 7 0.876330 6 0.079463 5 0.044207
shambler
  5 2.747729 -0.000000 61.485680 0.708279 -0.000000 0.705932 0.306641 0.310547 4 5 0.821108 7 0.084952 128 0.046970 281 0.046970
  5 2.304846 -3.865906 64.445053 0.871980 -0.299495 0.387239 0.255859 0.267578 4 5 0.440086 7 0.389038 6 0.092200 281 0.078676
  5 4.435705 -3.103653 61.568001 0.748902 -0.109981 0.653491 0.259766 0.310547 4 5 0.673293 281 0.153640 128 0.091478 7 0.081590
shambler
  5 2.304846 -3.865906 64.445053 0.871980 -0.299495 0.387239 0.255859 0.267578 4 5 0.440086 7 0.389038 6 0.092200 281 0.078676
  7 2.544252 -4.532368 67.667511 0.999824 -0.002730 0.018560 0.255859 0.236328 4 7 0.705744 5 0.186063 6 0.093423 281 0.014769
  7 -2.946869 -8.663020 69.664238 -0.201817 -0.948433 -0.244427 0.216797 0.224609 3 7 0.850390 6 0.088730 5 0.060880
shambler
  5 2.304846 -3.865906 64.445053 0.871980 -0.299495 0.387239 0.255859 0.267578 4 5 0.440086 7 0.389038 6 0.092200 281 0.078676
  7 -4.548841 -5.476823 66.148880 -0.559445 -0.809527 -0.178010 0.208984 0.259766 4 7 0.673028 6 0.147487 5 0.115617 4 0.063868
  5 -1.552319 -6.852674 61.316422 -0.030993 -0.689696 0.723435 0.224609 0.310547 4 5 0.608880 281 0.170657 7 0.118366 4 0.102097
shambler
  7 -2.009134 -2.006090 79.566162 -0.081577 0.473855 0.876817 0.166016 0.146484 2 7 0.939490 6 0.060510
  7 -4.760524 -6.599866 71.955772 -0.906080 -0.274027 0.322379 0.197266 0.208984 3 7 0.813414 6 0.130518 5 0.056068
  7 -1.623094 -8.743286 73.448822 0.120687 -0.904961 0.408021 0.216797 0.189453 3 7 0.876330 6 0.079463 5 0.044207
shambler
  4 -6.435764 -3.837023 59.076637 -0.860563 -0.360666 0.359655 0.193359 0.310547 4 4 0.707151 6 0.119718 281 0.089316 5 0.083816
  5 -1.552319 -6.852674 61.316422 -0.030993 -0.689696 0.723435 0.224609 0.310547 4 5 0.608880 281 0.170657 7 0.118366 4 0.102097
  7 -4.548841 -5.476823 66.148880 -0.559445 -0.809527 -0.178010 0.208984 0.259766 4 7 0.673028 6 0.147487 5 0.115617 4 0.063868
shambler
  7 2.544252 -4.532368 67.667511 0.999824 -0.002730 0.018560 0.255859 0.236328 4 7 0.705744 5 0.186063 6 0.093423 281 0.014769
  6 -4.312374 0.000000 68.788338 -0.403793 0.000000 0.914850 0.306641 0.228516 4 6 0.595744 7 0.315834 5 0.058894 4 0.029528
  7 -1.843919 -3.686718 72.870232 -0.219732 0.966906 0.129658 0.279297 0.197266 3 7 0.733505 6 0.207370 5 0.059124
shambler
  88 0.739864 -14.262066 0.689268 0.028414 -0.997985 -0.056736 0.130859 0.888672 2 88 0.936326 87 0.063674
  88 6.518356 -8.884098 -1.809778 0.990592 -0.024462 -0.134640 0.181641 0.912109 3 88 0.870647 87 0.066837 90 0.062516
  88 7.511158 -8.884098 2.416527 0.993797 -0.011457 -0.110620 0.181641 0.869141 2 88 0.563540 87 0.436460
shambler
  88 6.518356 -8.884098 -1.809778 0.990592 -0.024462 -0.134640 0.181641 0.912109 3 88 0.870647 87 0.066837 90 0.062516
  88 0.976897 -2.994580 0.592520 0.069017 0.996934 -0.036855 0.232422 0.888672 2 88 0.963072 87 0.036928
  88 7.511158 -8.884098 2.416527 0.993797 -0.011457 -0.110620 0.181641 0.869141 2 88 0.563540 87 0.436460
shambler
  88 -7.448341 -8.681721 -1.389610 -0.993832 0.016249 0.109698 0.322266 0.900391 4 88 0.763012 87 0.148047 89 0.047251 90 0.041690
  88 0.739864 -14.262066 0.689268 0.028414 -0.997985 -0.056736 0.373047 0.888672 2 88 0.936326 87 0.063674
  87 -5.352341 -8.981067 4.141371 -0.998627 -0.039710 0.034151 0.322266 0.869141 2 87 0.903871 88 0.096129
shambler
  88 0.976897 -2.994580 0.592520 0.069017 0.996934 -0.036855 0.271484 0.888672 2 88 0.963072 87 0.036928
  88 -7.448341 -8.681721 -1.389610 -0.993832 0.016249 0.109698 0.322266 0.900391 4 88 0.763012 87 0.148047 89 0.047251 90 0.041690
  87 -5.352341 -8.981067 4.141371 -0.998627 -0.039710 0.034151 0.322266 0.869141 2 87 0.903871 88 0.096129
shambler
  281 -1.412510 -15.723938 43.528984 -0.095586 -0.265229 -0.959436 0.115234 0.587891 4 281 0.341558 2 0.336483 293 0.212315 294 0.109644
  281 4.423002 -16.304892 52.569984 0.909022 -0.374475 0.182885 0.130859 0.521484 2 281 0.920146 293 0.079854
  293 5.258171 -19.968878 47.048630 0.998647 -0.008152 -0.051362 0.083984 0.556641 3 293 0.782621 281 0.161626 294 0.055753
shambler
  281 -1.805871 -21.690704 57.434654 0.010013 -0.693287 0.720592 0.091797 0.490234 2 281 0.875730 293 0.124270
  293 5.258171 -19.968878 47.048630 0.998647 -0.008152 -0.051362 0.083984 0.556641 3 293 0.782621 281 0.161626 294 0.055753
  281 4.423002 -16.304892 52.569984 0.909022 -0.374475 0.182885 0.130859 0.521484 2 281 0.920146 293 0.079854
shambler
  293 5.258171 -19.968878 47.048630 0.998647 -0.008152 -0.051362 0.083984 0.556641 3 293 0.782621 281 0.161626 294 0.055753
  281 -1.805871 -21.690704 57.434654 0.010013 -0.693287 0.720592 0.091797 0.490234 2 281 0.875730 293 0.124270
  293 -2.945693 -24.147963 50.778282 -0.191597 -0.871392 0.451627 0.048828 0.521484 2 293 0.948981 281 0.051019
shambler
  281 -0.890247 -14.871654 58.409172 0.144775 -0.238276 0.960346 0.138672 0.458984 2 281 0.960244 5 0.039756
  281 -1.805871 -21.690704 57.434654 0.010013 -0.693287 0.720592 0.091797 0.490234 2 281 0.875730 293 0.124270
  281 3.981548 -13.859682 56.353569 0.737438 -0.339866 0.583674 0.146484 0.498047 2 281 0.965958 5 0.034042
shambler
  293 -7.809466 -20.064920 47.054199 -0.987296 -0.050828 -0.150543 0.419922 0.556641 3 293 0.853171 281 0.095039 294 0.051791
  281 -9.068314 -15.599555 52.681961 -0.953629 -0.282533 0.103758 0.376953 0.521484 4 281 0.729890 293 0.187217 424 0.054607 4 0.028286
  281 -1.412510 -15.723938 43.528984 -0.095586 -0.265229 -0.959436 0.388672 0.587891 4 281 0.341558 2 0.336483 293 0.212315 294 0.109644
shambler
  293 -7.809466 -20.064920 47.054199 -0.987296 -0.050828 -0.150543 0.419922 0.556641 3 293 0.853171 281 0.095039 294 0.051791
  281 -1.805871 -21.690704 57.434654 0.010013 -0.693287 0.720592 0.412109 0.490234 2 281 0.875730 293 0.124270
  281 -9.068314 -15.599555 52.681961 -0.953629 -0.282533 0.103758 0.376953 0.521484 4 281 0.729890 293 0.187217 424 0.054607 4 0.028286
shambler
  293 -2.945693 -24.147963 50.778282 -0.191597 -0.871392 0.451627 0.455078 0.521484 2 293 0.948981 281 0.051019
  281 -1.805871 -21.690704 57.434654 0.010013 -0.693287 0.720592 0.412109 0.490234 2 281 0.875730 293 0.124270
  293 -7.809466 -20.064920 47.054199 -0.987296 -0.050828 -0.150543 0.419922 0.556641 3 293 0.853171 281 0.095039 294 0.051791
shambler
  281 -0.890247 -14.871654 58.409172 0.144775 -0.238276 0.960346 0.365234 0.458984 2 281 0.960244 5 0.039756
  281 -6.720440 -13.836972 57.518196 -0.640275 -0.239984 0.729696 0.357422 0.498047 4 281 0.813654 4 0.078777 293 0.063912 5 0.043657
  281 -1.805871 -21.690704 57.434654 0.010013 -0.693287 0.720592 0.412109 0.490234 2 281 0.875730 293 0.124270
shambler
  424 -7.232093 -4.331758 45.314720 -0.800788 0.550958 -0.234913 0.064453 0.123047 4 424 0.720813 2 0.146672 4 0.094369 281 0.038147
  424 9.489795 -5.675547 43.541786 0.985359 0.142373 -0.093795 0.064453 0.224609 4 424 0.720892 2 0.123512 281 0.098849 128 0.056747
  2 9.083508 -0.000001 36.034431 0.976310 -0.000000 0.216378 0.119141 0.224609 4 2 0.799891 422 0.085326 424 0.085326 23 0.029456
shambler
  424 9.489795 -5.675547 43.541786 0.985359 0.142373 -0.093795 0.064453 0.224609 4 424 0.720892 2 0.123512 281 0.098849 128 0.056747
  424 -7.232093 -4.331758 45.314720 -0.800788 0.550958 -0.234913 0.064453 0.123047 4 424 0.720813 2 0.146672 4 0.094369 281 0.038147
  4 -9.651750 0.000001 52.194771 -0.981269 0.000000 -0.192643 0.017578 0.123047 4 4 0.729057 422 0.112536 424 0.112536 2 0.045870
shambler
  2 0.238238 -11.638427 35.623779 0.001514 -0.977752 -0.209757 0.146484 0.642578 4 2 0.785696 86 0.094170 25 0.066701 424 0.053433
  2 5.931512 -7.459253 36.445427 0.769708 -0.612481 -0.180048 0.189453 0.638672 4 2 0.733934 424 0.147143 25 0.069739 293 0.049184
  281 4.423002 -16.304892 52.569984 0.909022 -0.374475 0.182885 0.130859 0.521484 2 281 0.920146 293 0.079854
shambler
  2 9.083508 -0.000001 36.034431 0.976310 -0.000000 0.216378 0.244141 0.642578 4 2 0.799891 422 0.085326 424 0.085326 23 0.029456
  424 9.489795 -5.675547 43.541786 0.985359 0.142373 -0.093795 0.201172 0.587891 4 424 0.720892 2 0.123512 281 0.098849 128 0.056747
  2 5.931512 -7.459253 36.445427 0.769708 -0.612481 -0.180048 0.189453 0.638672 4 2 0.733934 424 0.147143 25 0.069739 293 0.049184
shambler
  281 4.423002 -16.304892 52.569984 0.909022 -0.374475 0.182885 0.130859 0.521484 2 281 0.920146 293 0.079854
  2 5.931512 -7.459253 36.445427 0.769708 -0.612481 -0.180048 0.189453 0.638672 4 2 0.733934 424 0.147143 25 0.069739 293 0.049184
  424 9.489795 -5.675547 43.541786 0.985359 0.142373 -0.093795 0.201172 0.587891 4 424 0.720892 2 0.123512 281 0.098849 128 0.056747
shambler
  5 2.747729 -0.000000 61.485680 0.708279 -0.000000 0.705932 0.244141 0.462891 4 5 0.821108 7 0.084952 128 0.046970 281 0.046970
  5 4.435705 -3.103653 61.568001 0.748902 -0.109981 0.653491 0.220703 0.462891 4 5 0.673293 281 0.153640 128 0.091478 7 0.081590
  128 7.271015 -0.000001 57.385475 0.907513 -0.000000 0.420023 0.244141 0.490234 3 128 0.475838 281 0.475838 5 0.048323
shambler
  4 -6.435764 -3.837023 59.076637 -0.860563 -0.360666 0.359655 0.287109 0.478516 4 4 0.707151 6 0.119718 281 0.089316 5 0.083816
  281 -9.068314 -15.599555 52.681961 -0.953629 -0.282533 0.103758 0.376953 0.521484 4 281 0.729890 293 0.187217 424 0.054607 4 0.028286
  281 -6.720440 -13.836972 57.518196 -0.640275 -0.239984 0.729696 0.357422 0.498047 4 281 0.813654 4 0.078777 293 0.063912 5 0.043657
shambler
  281 4.423002 -16.304892 52.569984 0.909022 -0.374475 0.182885 0.130859 0.521484 2 281 0.920146 293 0.079854
  128 9.429428 -0.000001 50.016266 0.973989 -0.000000 -0.226595 0.244141 0.541016 4 128 0.426289 281 0.426289 422 0.073711 424 0.073711
  128 7.271015 -0.000001 57.385475 0.907513 -0.000000 0.420023 0.244141 0.490234 3 128 0.475838 281 0.475838 5 0.048323
shambler
  5 4.435705 -3.103653 61.568001 0.748902 -0.109981 0.653491 0.220703 0.462891 4 5 0.673293 281 0.153640 128 0.091478 7 0.081590
  281 3.981548 -13.859682 56.353569 0.737438 -0.339866 0.583674 0.146484 0.498047 2 281 0.965958 5 0.034042
  128 7.271015 -0.000001 57.385475 0.907513 -0.000000 0.420023 0.244141 0.490234 3 128 0.475838 281 0.475838 5 0.048323
shambler
  424 9.489795 -5.675547 43.541786 0.985359 0.142373 -0.093795 0.201172 0.587891 4 424 0.720892 2 0.123512 281 0.098849 128 0.056747
  128 9.429428 -0.000001 50.016266 0.973989 -0.000000 -0.226595 0.244141 0.541016 4 128 0.426289 281 0.426289 422 0.073711 424 0.073711
  281 4.423002 -16.304892 52.569984 0.909022 -0.374475 0.182885 0.130859 0.521484 2 281 0.920146 293 0.079854
shambler
  281 3.981548 -13.859682 56.353569 0.737438 -0.339866 0.583674 0.146484 0.498047 2 281 0.965958 5 0.034042
  281 -1.805871 -21.690704 57.434654 0.010013 -0.693287 0.720592 0.091797 0.490234 2 281 0.875730 293 0.124270
  281 4.423002 -16.304892 52.569984 0.909022 -0.374475 0.182885 0.130859 0.521484 2 281 0.920146 293 0.079854
shambler
  281 3.981548 -13.859682 56.353569 0.737438 -0.339866 0.583674 0.146484 0.498047 2 281 0.965958 5 0.034042
  5 -1.552319 -6.852674 61.316422 -0.030993 -0.689696 0.723435 0.185547 0.447266 4 5 0.608880 281 0.170657 7 0.118366 4 0.102097
  281 -0.890247 -14.871654 58.409172 0.144775 -0.238276 0.960346 0.138672 0.458984 2 281 0.960244 5 0.039756
shambler
  281 3.981548 -13.859682 56.353569 0.737438 -0.339866 0.583674 0.146484 0.498047 2 281 0.965958 5 0.034042
  281 4.423002 -16.304892 52.569984 0.909022 -0.374475 0.182885 0.130859 0.521484 2 281 0.920146 293 0.079854
  128 7.271015 -0.000001 57.385475 0.907513 -0.000000 0.420023 0.244141 0.490234 3 128 0.475838 281 0.475838 5 0.048323
shambler
  281 -1.805871 -21.690704 57.434654 0.010013 -0.693287 0.720592 0.412109 0.490234 2 281 0.875730 293 0.124270
  281 -6.720440 -13.836972 57.518196 -0.640275 -0.239984 0.729696 0.357422 0.498047 4 281 0.813654 4 0.078777 293 0.063912 5 0.043657
  281 -9.068314 -15.599555 52.681961 -0.953629 -0.282533 0.103758 0.376953 0.521484 4 281 0.729890 293 0.187217 424 0.054607 4 0.028286
shambler
  281 -6.720440 -13.836972 57.518196 -0.640275 -0.239984 0.729696 0.357422 0.498047 4 281 0.813654 4 0.078777 293 0.063912 5 0.043657
  5 -1.552319 -6.852674 61.316422 -0.030993 -0.689696 0.723435 0.318359 0.447266 4 5 0.608880 281 0.170657 7 0.118366 4 0.102097
  4 -6.435764 -3.837023 59.076637 -0.860563 -0.360666 0.359655 0.287109 0.478516 4 4 0.707151 6 0.119718 281 0.089316 5 0.083816
shambler
  281 -9.068314 -15.599555 52.681961 -0.953629 -0.282533 0.103758 0.376953 0.521484 4 281 0.729890 293 0.187217 424 0.054607 4 0.028286
  424 -7.232093 -4.331758 45.314720 -0.800788 0.550958 -0.234913 0.291016 0.572266 4 424 0.720813 2 0.146672 4 0.094369 281 0.038147
  2 -5.628966 -6.803316 37.889076 -0.872983 -0.460736 -0.160073 0.306641 0.626953 4 2 0.782853 424 0.116463 25 0.058046 293 0.042638
shambler
  4 -6.435764 -3.837023 59.076637 -0.860563 -0.360666 0.359655 0.287109 0.478516 4 4 0.707151 6 0.119718 281 0.089316 5 0.083816
  4 -9.651750 0.000001 52.194771 -0.981269 0.000000 -0.192643 0.259766 0.525391 4 4 0.729057 422 0.112536 424 0.112536 2 0.045870
  281 -9.068314 -15.599555 52.681961 -0.953629 -0.282533 0.103758 0.376953 0.521484 4 281 0.729890 293 0.187217 424 0.054607 4 0.028286
shambler
  2 0.238238 -11.638427 35.623779 0.001514 -0.977752 -0.209757 0.357422 0.642578 4 2 0.785696 86 0.094170 25 0.066701 424 0.053433
  281 -1.412510 -15.723938 43.528984 -0.095586 -0.265229 -0.959436 0.388672 0.587891 4 281 0.341558 2 0.336483 293 0.212315 294 0.109644
  281 -9.068314 -15.599555 52.681961 -0.953629 -0.282533 0.103758 0.376953 0.521484 4 281 0.729890 293 0.187217 424 0.054607 4 0.028286
shambler
  2 -5.628966 -6.803316 37.889076 -0.872983 -0.460736 -0.160073 0.306641 0.626953 4 2 0.782853 424 0.116463 25 0.058046 293 0.042638
  424 -7.232093 -4.331758 45.314720 -0.800788 0.550958 -0.234913 0.291016 0.572266 4 424 0.720813 2 0.146672 4 0.094369 281 0.038147
  2 -7.756474 0.000001 38.228020 -0.943561 0.000000 0.331199 0.259766 0.626953 3 2 0.926958 422 0.036521 424 0.036521
shambler
  424 -7.232093 -4.331758 45.314720 -0.800788 0.550958 -0.234913 0.291016 0.572266 4 424 0.720813 2 0.146672 4 0.094369 281 0.038147
  281 -9.068314 -15.599555 52.681961 -0.953629 -0.282533 0.103758 0.376953 0.521484 4 281 0.729890 293 0.187217 424 0.054607 4 0.028286
  4 -9.651750 0.000001 52.194771 -0.981269 0.000000 -0.192643 0.259766 0.525391 4 4 0.729057 422 0.112536 424 0.112536 2 0.045870
shambler
  281 -1.412510 -15.723938 43.528984 -0.095586 -0.265229 -0.959436 0.115234 0.642578 4 281 0.341558 2 0.336483 293 0.212315 294 0.109644
  294 2.429709 -28.351549 35.803047 0.990464 0.026522 -0.135194 0.068359 0.744141 3 294 0.752356 295 0.202289 293 0.045356
  294 -1.929178 -25.311272 33.282745 -0.028109 0.836664 -0.546995 0.111328 0.748047 3 294 0.788836 295 0.183350 293 0.027814
shambler
  293 -7.809466 -20.064920 47.054199 -0.987296 -0.050828 -0.150543 0.435547 0.642578 3 293 0.853171 281 0.095039 294 0.051791
  294 -1.552461 -31.675463 39.845695 0.094984 -0.782909 0.614842 0.486328 0.744141 3 294 0.905641 293 0.047243 295 0.047116
  293 -2.945693 -24.147963 50.778282 -0.191597 -0.871392 0.451627 0.486328 0.642578 2 293 0.948981 281 0.051019
shambler
  281 -1.412510 -15.723938 43.528984 -0.095586 -0.265229 -0.959436 0.392578 0.642578 4 281 0.341558 2 0.336483 293 0.212315 294 0.109644
  294 -6.288062 -28.728266 36.368118 -0.989823 0.037756 0.137203 0.435547 0.732422 2 294 0.945642 295 0.054358
  293 -7.809466 -20.064920 47.054199 -0.987296 -0.050828 -0.150543 0.435547 0.642578 3 293 0.853171 281 0.095039 294 0.051791
shambler
  293 5.258171 -19.968878 47.048630 0.998647 -0.008152 -0.051362 0.068359 0.642578 3 293 0.782621 281 0.161626 294 0.055753
  294 -1.552461 -31.675463 39.845695 0.094984 -0.782909 0.614842 0.021484 0.744141 3 294 0.905641 293 0.047243 295 0.047116
  294 2.429709 -28.351549 35.803047 0.990464 0.026522 -0.135194 0.068359 0.744141 3 294 0.752356 295 0.202289 293 0.045356
shambler
  294 -1.552461 -31.675463 39.845695 0.094984 -0.782909 0.614842 0.021484 0.744141 3 294 0.905641 293 0.047243 295 0.047116
  295 2.429709 -29.733513 34.206108 0.999079 0.028234 -0.032305 0.068359 0.767578 3 295 0.647882 294 0.306222 296 0.045896
  294 2.429709 -28.351549 35.803047 0.990464 0.026522 -0.135194 0.068359 0.744141 3 294 0.752356 295 0.202289 293 0.045356
shambler
  294 -6.288062 -28.728266 36.368118 -0.989823 0.037756 0.137203 0.435547 0.732422 2 294 0.945642 295 0.054358
  294 -2.023354 -33.574280 38.170784 -0.016117 -0.769601 0.638321 0.486328 0.763672 3 294 0.805118 295 0.164849 296 0.030033
  294 -1.552461 -31.675463 39.845695 0.094984 -0.782909 0.614842 0.486328 0.744141 3 294 0.905641 293 0.047243 295 0.047116
shambler
  294 -1.929178 -25.311272 33.282745 -0.028109 0.836664 -0.546995 0.111328 0.748047 3 294 0.788836 295 0.183350 293 0.027814
  295 2.429709 -29.733513 34.206108 0.999079 0.028234 -0.032305 0.068359 0.767578 3 295 0.647882 294 0.306222 296 0.045896
  295 -1.929178 -26.176388 31.198709 0.013920 0.839836 -0.542661 0.111328 0.763672 3 295 0.748956 294 0.212199 296 0.038845
shambler
  90 8.984784 -11.274244 -19.081339 0.772255 -0.439480 0.458781 0.048828 0.275391 2 90 0.786028 91 0.213972
  91 15.605371 -12.136646 -23.617283 0.960469 -0.191276 -0.202269 0.029297 0.310547 2 91 0.929388 90 0.070612
  91 9.473462 -8.638370 -23.617283 0.512094 -0.016496 -0.858771 0.064453 0.310547 1 91 1.000000
shambler
  91 15.605371 -12.136646 -23.617283 0.960469 -0.191276 -0.202269 0.287109 0.033203 2 91 0.929388 90 0.070612
  90 8.984784 -11.274244 -19.081339 0.772255 -0.439480 0.458781 0.244141 0.033203 2 90 0.786028 91 0.213972
  90 4.576741 -12.907753 -23.617283 0.383623 -0.282136 -0.879336 0.244141 0.072266 2 90 0.869038 91 0.130962
shambler
  91 15.605370 -5.234389 -23.617283 0.954971 0.218572 -0.200642 0.103516 0.310547 2 91 0.975017 90 0.024983
  90 8.984783 -6.368546 -19.081339 0.774116 0.452518 0.442687 0.080078 0.275391 2 90 0.801642 91 0.198358
  91 9.473462 -8.638370 -23.617283 0.512094 -0.016496 -0.858771 0.064453 0.310547 1 91 1.000000
shambler
  90 8.984783 -6.368546 -19.081339 0.774116 0.452518 0.442687 0.056641 0.033203 2 90 0.801642 91 0.198358
  91 15.605370 -5.234389 -23.617283 0.954971 0.218572 -0.200642 0.013672 0.033203 2 91 0.975017 90 0.024983
  90 4.611988 -5.119047 -23.617283 0.353751 0.278108 -0.893038 0.056641 0.072266 3 90 0.869518 91 0.095267 89 0.035216
shambler
  90 4.576741 -12.907753 -23.617283 0.383623 -0.282136 -0.879336 0.044922 0.396484 2 90 0.869038 91 0.130962
  90 6.522519 -17.113947 -23.617283 0.760290 -0.555950 -0.335974 0.017578 0.380859 2 90 0.897415 91 0.102585
  90 2.315694 -16.019140 -23.617283 -0.220304 -0.716881 -0.661474 0.025391 0.408203 2 90 0.930735 91 0.069265
shambler
  90 6.522515 -1.154592 -23.617283 0.795514 0.500197 -0.341995 0.119141 0.384766 2 90 0.927978 91 0.072022
  90 4.611988 -5.119047 -23.617283 0.353751 0.278108 -0.893038 0.095703 0.396484 3 90 0.869518 91 0.095267 89 0.035216
  90 2.482932 -1.594766 -23.617283 -0.168182 0.761789 -0.625614 0.115234 0.408203 3 90 0.877733 89 0.085288 91 0.036979
shambler
  90 6.466496 -8.884098 -13.386894 0.919662 0.003210 0.392698 0.064453 0.244141 3 90 0.874025 89 0.076233 88 0.049743
  90 8.984784 -11.274244 -19.081339 0.772255 -0.439480 0.458781 0.048828 0.275391 2 90 0.786028 91 0.213972
  91 9.473462 -8.638370 -23.617283 0.512094 -0.016496 -0.858771 0.064453 0.310547 1 91 1.000000
shambler
  90 4.611988 -5.119047 -23.617283 0.353751 0.278108 -0.893038 0.056641 0.072266 3 90 0.869518 91 0.095267 89 0.035216
  90 6.522515 -1.154592 -23.617283 0.795514 0.500197 -0.341995 0.056641 0.103516 2 90 0.927978 91 0.072022
  89 -0.034205 -3.658591 -13.292035 -0.101116 0.984649 0.142271 0.115234 0.048828 3 89 0.861111 90 0.110648 88 0.028241
shambler
  90 6.522515 -1.154592 -23.617283 0.795514 0.500197 -0.341995 0.056641 0.103516 2 90 0.927978 91 0.072022
  90 2.482932 -1.594766 -23.617283 -0.168182 0.761789 -0.625614 0.083984 0.103516 3 90 0.877733 89 0.085288 91 0.036979
  89 -0.034205 -3.658591 -13.292035 -0.101116 0.984649 0.142271 0.115234 0.048828 3 89 0.861111 90 0.110648 88 0.028241
shambler
  90 4.576741 -12.907753 -23.617283 0.383623 -0.282136 -0.879336 0.244141 0.072266 2 90 0.869038 91 0.130962
  90 -0.034202 -14.299324 -13.386894 -0.079316 -0.983331 0.163615 0.185547 0.048828 3 90 0.902710 89 0.057738 88 0.039552
  90 6.522519 -17.113947 -23.617283 0.760290 -0.555950 -0.335974 0.244141 0.103516 2 90 0.897415 91 0.102585
shambler
  90 2.315694 -16.019140 -23.617283 -0.220304 -0.716881 -0.661474 0.216797 0.103516 2 90 0.930735 91 0.069265
  90 6.522519 -17.113947 -23.617283 0.760290 -0.555950 -0.335974 0.244141 0.103516 2 90 0.897415 91 0.102585
  90 -0.034202 -14.299324 -13.386894 -0.079316 -0.983331 0.163615 0.185547 0.048828 3 90 0.902710 89 0.057738 88 0.039552
shambler
  90 -4.618976 -9.168677 -14.148577 -0.994189 -0.013643 0.106781 0.150391 0.048828 2 90 0.512303 89 0.487697
  90 -6.399526 -12.747939 -23.617283 -0.749348 -0.424325 -0.508356 0.177734 0.103516 2 90 0.903466 89 0.096534
  90 -0.034202 -14.299324 -13.386894 -0.079316 -0.983331 0.163615 0.185547 0.048828 3 90 0.902710 89 0.057738 88 0.039552
shambler
  90 -0.034202 -14.299324 -13.386894 -0.079316 -0.983331 0.163615 0.185547 0.048828 3 90 0.902710 89 0.057738 88 0.039552
  90 8.984784 -11.274244 -19.081339 0.772255 -0.439480 0.458781 0.244141 0.033203 2 90 0.786028 91 0.213972
  90 6.466496 -8.884098 -13.386894 0.919662 0.003210 0.392698 0.212891 0.013672 3 90 0.874025 89 0.076233 88 0.049743
shambler
  90 -5.058380 -4.528807 -23.617283 -0.658361 0.525251 -0.539140 0.123047 0.103516 2 90 0.887437 89 0.112563
  90 -6.399526 -12.747939 -23.617283 -0.749348 -0.424325 -0.508356 0.177734 0.103516 2 90 0.903466 89 0.096534
  90 -4.618976 -9.168677 -14.148577 -0.994189 -0.013643 0.106781 0.150391 0.048828 2 90 0.512303 89 0.487697
shambler
  90 8.984783 -6.368546 -19.081339 0.774116 0.452518 0.442687 0.080078 0.275391 2 90 0.801642 91 0.198358
  90 6.466496 -8.884098 -13.386894 0.919662 0.003210 0.392698 0.064453 0.244141 3 90 0.874025 89 0.076233 88 0.049743
  91 9.473462 -8.638370 -23.617283 0.512094 -0.016496 -0.858771 0.064453 0.310547 1 91 1.000000
shambler
  90 8.984783 -6.368546 -19.081339 0.774116 0.452518 0.442687 0.056641 0.033203 2 90 0.801642 91 0.198358
  89 -0.034205 -3.658591 -13.292035 -0.101116 0.984649 0.142271 0.115234 0.048828 3 89 0.861111 90 0.110648 88 0.028241
  90 6.466496 -8.884098 -13.386894 0.919662 0.003210 0.392698 0.087891 0.013672 3 90 0.874025 89 0.076233 88 0.049743
shambler
  90 -6.399526 -12.747939 -23.617283 -0.749348 -0.424325 -0.508356 0.177734 0.103516 2 90 0.903466 89 0.096534
  90 2.315694 -16.019140 -23.617283 -0.220304 -0.716881 -0.661474 0.216797 0.103516 2 90 0.930735 91 0.069265
  90 -0.034202 -14.299324 -13.386894 -0.079316 -0.983331 0.163615 0.185547 0.048828 3 90 0.902710 89 0.057738 88 0.039552
shambler
  89 -0.034205 -3.658591 -13.292035 -0.101116 0.984649 0.142271 0.115234 0.048828 3 89 0.861111 90 0.110648 88 0.028241
  90 2.482932 -1.594766 -23.617283 -0.168182 0.761789 -0.625614 0.083984 0.103516 3 90 0.877733 89 0.085288 91 0.036979
  90 -5.058380 -4.528807 -23.617283 -0.658361 0.525251 -0.539140 0.123047 0.103516 2 90 0.887437 89 0.112563
shambler
  91 15.605370 -5.234389 -23.617283 0.954971 0.218572 -0.200642 0.095703 0.326172 2 91 0.975017 90 0.024983
  91 9.473462 -8.638370 -23.617283 0.512094 -0.016496 -0.858771 0.072266 0.369141 1 91 1.000000
  90 4.611988 -5.119047 -23.617283 0.353751 0.278108 -0.893038 0.095703 0.396484 3 90 0.869518 91 0.095267 89 0.035216
shambler
  91 15.605371 -12.136646 -23.617283 0.960469 -0.191276 -0.202269 0.052734 0.326172 2 91 0.929388 90 0.070612
  90 4.576741 -12.907753 -23.617283 0.383623 -0.282136 -0.879336 0.044922 0.396484 2 90 0.869038 91 0.130962
  91 9.473462 -8.638370 -23.617283 0.512094 -0.016496 -0.858771 0.072266 0.369141 1 91 1.000000
shambler
  90 2.315694 -16.019140 -23.617283 -0.220304 -0.716881 -0.661474 0.025391 0.408203 2 90 0.930735 91 0.069265
  90 -5.058380 -4.528807 -23.617283 -0.658361 0.525251 -0.539140 0.095703 0.455078 2 90 0.887437 89 0.112563
  90 2.482932 -1.594766 -23.617283 -0.168182 0.761789 -0.625614 0.115234 0.408203 3 90 0.877733 89 0.085288 91 0.036979
shambler
  91 9.473462 -8.638370 -23.617283 0.512094 -0.016496 -0.858771 0.072266 0.369141 1 91 1.000000
  90 4.576741 -12.907753 -23.617283 0.383623 -0.282136 -0.879336 0.044922 0.396484 2 90 0.869038 91 0.130962
  90 4.611988 -5.119047 -23.617283 0.353751 0.278108 -0.893038 0.095703 0.396484 3 90 0.869518 91 0.095267 89 0.035216
shambler
  90 2.315694 -16.019140 -23.617283 -0.220304 -0.716881 -0.661474 0.025391 0.408203 2 90 0.930735 91 0.069265
  90 4.611988 -5.119047 -23.617283 0.353751 0.278108 -0.893038 0.095703 0.396484 3 90 0.869518 91 0.095267 89 0.035216
  90 4.576741 -12.907753 -23.617283 0.383623 -0.282136 -0.879336 0.044922 0.396484 2 90 0.869038 91 0.130962
shambler
  23 -8.710824 0.000001 21.625067 -0.955180 0.000000 -0.296026 0.259766 0.732422 4 23 0.333958 25 0.333958 1 0.300935 67 0.031149
  23 -0.034206 0.000000 17.794031 -0.269945 0.000000 -0.962876 0.259766 0.787109 4 23 0.264995 25 0.264995 1 0.242580 67 0.227430
  86 -0.034205 -1.815908 15.473730 -0.059789 0.814066 -0.577687 0.271484 0.787109 4 86 0.827751 25 0.068214 23 0.060132 1 0.043903
shambler
  7 -4.548841 -5.476823 66.148880 -0.559445 -0.809527 -0.178010 0.208984 0.259766 4 7 0.673028 6 0.147487 5 0.115617 4 0.063868
  7 -2.946869 -8.663020 69.664238 -0.201817 -0.948433 -0.244427 0.216797 0.224609 3 7 0.850390 6 0.088730 5 0.060880
  7 -4.760524 -6.599866 71.955772 -0.906080 -0.274027 0.322379 0.197266 0.208984 3 7 0.813414 6 0.130518 5 0.056068
shambler
  7 -1.623094 -8.743286 73.448822 0.120687 -0.904961 0.408021 0.216797 0.189453 3 7 0.876330 6 0.079463 5 0.044207
  7 -4.760524 -6.599866 71.955772 -0.906080 -0.274027 0.322379 0.197266 0.208984 3 7 0.813414 6 0.130518 5 0.056068
  7 -2.946869 -8.663020 69.664238 -0.201817 -0.948433 -0.244427 0.216797 0.224609 3 7 0.850390 6 0.088730 5 0.060880
shambler
  295 2.429709 -29.733513 34.206108 0.999079 0.028234 -0.032305 0.068359 0.767578 3 295 0.647882 294 0.306222 296 0.045896
  296 -0.738584 -42.053501 23.464430 0.131729 -0.760645 0.635663 0.021484 0.873047 1 296 1.000000
  296 1.768546 -39.540295 21.300985 0.999221 0.038966 -0.006277 0.048828 0.873047 1 296 1.000000
shambler
  295 -1.929178 -26.176388 31.198709 0.013920 0.839836 -0.542661 0.392578 0.763672 3 295 0.748956 294 0.212199 296 0.038845
  296 -4.310427 -39.500988 22.078680 -0.994166 -0.096709 -0.047767 0.455078 0.873047 1 296 1.000000
  295 -7.095800 -29.625456 34.206108 -0.991271 0.131334 0.011516 0.435547 0.771484 2 295 0.880799 294 0.119201
shambler
  294 -2.023354 -33.574280 38.170784 -0.016117 -0.769601 0.638321 0.486328 0.763672 3 294 0.805118 295 0.164849 296 0.030033
  296 -4.310427 -39.500988 22.078680 -0.994166 -0.096709 -0.047767 0.455078 0.873047 1 296 1.000000
  296 -0.738584 -42.053501 23.464430 0.131729 -0.760645 0.635663 0.486328 0.873047 1 296 1.000000
shambler
  295 -1.929178 -26.176388 31.198709 0.013920 0.839836 -0.542661 0.111328 0.763672 3 295 0.748956 294 0.212199 296 0.038845
  296 1.768546 -39.540295 21.300985 0.999221 0.038966 -0.006277 0.048828 0.873047 1 296 1.000000
  296 -0.832764 -36.984112 19.063551 0.038013 0.750767 -0.659472 0.080078 0.873047 1 296 1.000000
shambler
  4 -6.435764 -3.837023 59.076637 -0.860563 -0.360666 0.359655 0.287109 0.478516 4 4 0.707151 6 0.119718 281 0.089316 5 0.083816
  6 -7.688740 0.000001 62.830261 -0.980287 0.000000 0.197580 0.259766 0.451172 4 6 0.707682 4 0.154611 7 0.097167 5 0.040539
  4 -9.651750 0.000001 52.194771 -0.981269 0.000000 -0.192643 0.259766 0.525391 4 4 0.729057 422 0.112536 424 0.112536 2 0.045870
shambler
  6 -7.688740 0.000001 62.830261 -0.980287 0.000000 0.197580 0.166016 0.287109 4 6 0.707682 4 0.154611 7 0.097167 5 0.040539
  4 -6.435764 -3.837023 59.076637 -0.860563 -0.360666 0.359655 0.193359 0.310547 4 4 0.707151 6 0.119718 281 0.089316 5 0.083816
  7 -4.548841 -5.476823 66.148880 -0.559445 -0.809527 -0.178010 0.208984 0.259766 4 7 0.673028 6 0.147487 5 0.115617 4 0.063868
shambler
  6 -7.688740 0.000001 62.830261 -0.980287 0.000000 0.197580 0.166016 0.287109 4 6 0.707682 4 0.154611 7 0.097167 5 0.040539
  7 -4.548841 -5.476823 66.148880 -0.559445 -0.809527 -0.178010 0.208984 0.259766 4 7 0.673028 6 0.147487 5 0.115617 4 0.063868
  7 -4.760524 -6.599866 71.955772 -0.906080 -0.274027 0.322379 0.197266 0.208984 3 7 0.813414 6 0.130518 5 0.056068
shambler
  6 -7.688740 0.000001 62.830261 -0.980287 0.000000 0.197580 0.166016 0.287109 4 6 0.707682 4 0.154611 7 0.097167 5 0.040539
  7 -4.760524 -6.599866 71.955772 -0.906080 -0.274027 0.322379 0.197266 0.208984 3 7 0.813414 6 0.130518 5 0.056068
  6 -4.312374 0.000000 68.788338 -0.403793 0.000000 0.914850 0.166016 0.228516 4 6 0.595744 7 0.315834 5 0.058894 4 0.029528
shambler
  7 -2.946869 -8.663020 69.664238 -0.201817 -0.948433 -0.244427 0.216797 0.224609 3 7 0.850390 6 0.088730 5 0.060880
  7 2.544252 -4.532368 67.667511 0.999824 -0.002730 0.018560 0.255859 0.236328 4 7 0.705744 5 0.186063 6 0.093423 281 0.014769
  7 -1.623094 -8.743286 73.448822 0.120687 -0.904961 0.408021 0.216797 0.189453 3 7 0.876330 6 0.079463 5 0.044207
shambler
  7 -4.548841 -5.476823 66.148880 -0.559445 -0.809527 -0.178010 0.208984 0.259766 4 7 0.673028 6 0.147487 5 0.115617 4 0.063868
  5 2.304846 -3.865906 64.445053 0.871980 -0.299495 0.387239 0.255859 0.267578 4 5 0.440086 7 0.389038 6 0.092200 281 0.078676
  7 -2.946869 -8.663020 69.664238 -0.201817 -0.948433 -0.244427 0.216797 0.224609 3 7 0.850390 6 0.088730 5 0.060880
shambler
  5 4.435705 -3.103653 61.568001 0.748902 -0.109981 0.653491 0.259766 0.310547 4 5 0.673293 281 0.153640 128 0.091478 7 0.081590
  5 2.304846 -3.865906 64.445053 0.871980 -0.299495 0.387239 0.255859 0.267578 4 5 0.440086 7 0.389038 6 0.092200 281 0.078676
  5 -1.552319 -6.852674 61.316422 -0.030993 -0.689696 0.723435 0.224609 0.310547 4 5 0.608880 281 0.170657 7 0.118366 4 0.102097
shambler
  25 -6.968962 -5.818363 26.501108 -0.890482 -0.429929 0.149005 0.302734 0.708984 4 25 0.753145 86 0.115789 2 0.092750 1 0.038316
  86 -8.447178 -7.317935 18.357176 -0.962130 -0.195145 -0.190324 0.322266 0.767578 4 86 0.796257 25 0.102107 87 0.067841 1 0.033796
  86 -0.725097 -14.427971 24.771746 -0.071487 -0.988435 0.133739 0.373047 0.716797 3 86 0.860995 25 0.083077 2 0.055929
shambler
  2 5.931512 -7.459253 36.445427 0.769708 -0.612481 -0.180048 0.189453 0.638672 4 2 0.733934 424 0.147143 25 0.069739 293 0.049184
  25 7.086276 -5.943221 25.302015 0.896904 -0.441699 0.021557 0.201172 0.712891 4 25 0.692920 86 0.169211 2 0.107282 23 0.030586
  2 9.083508 -0.000001 36.034431 0.976310 -0.000000 0.216378 0.244141 0.642578 4 2 0.799891 422 0.085326 424 0.085326 23 0.029456
shambler
  86 -0.725097 -14.427971 24.771746 -0.071487 -0.988435 0.133739 0.130859 0.716797 3 86 0.860995 25 0.083077 2 0.055929
  25 7.086276 -5.943221 25.302015 0.896904 -0.441699 0.021557 0.201172 0.712891 4 25 0.692920 86 0.169211 2 0.107282 23 0.030586
  2 0.238238 -11.638427 35.623779 0.001514 -0.977752 -0.209757 0.146484 0.642578 4 2 0.785696 86 0.094170 25 0.066701 424 0.053433
shambler
  281 -1.412510 -15.723938 43.528984 -0.095586 -0.265229 -0.959436 0.115234 0.587891 4 281 0.341558 2 0.336483 293 0.212315 294 0.109644
  2 0.238238 -11.638427 35.623779 0.001514 -0.977752 -0.209757 0.146484 0.642578 4 2 0.785696 86 0.094170 25 0.066701 424 0.053433
  281 4.423002 -16.304892 52.569984 0.909022 -0.374475 0.182885 0.130859 0.521484 2 281 0.920146 293 0.079854
shambler
  2 -5.628966 -6.803316 37.889076 -0.872983 -0.460736 -0.160073 0.306641 0.626953 4 2 0.782853 424 0.116463 25 0.058046 293 0.042638
  2 0.238238 -11.638427 35.623779 0.001514 -0.977752 -0.209757 0.357422 0.642578 4 2 0.785696 86 0.094170 25 0.066701 424 0.053433
  281 -9.068314 -15.599555 52.681961 -0.953629 -0.282533 0.103758 0.376953 0.521484 4 281 0.729890 293 0.187217 424 0.054607 4 0.028286
shambler
  2 -5.628966 -6.803316 37.889076 -0.872983 -0.460736 -0.160073 0.306641 0.626953 4 2 0.782853 424 0.116463 25 0.058046 293 0.042638
  25 -6.968962 -5.818363 26.501108 -0.890482 -0.429929 0.149005 0.302734 0.708984 4 25 0.753145 86 0.115789 2 0.092750 1 0.038316
  2 0.238238 -11.638427 35.623779 0.001514 -0.977752 -0.209757 0.357422 0.642578 4 2 0.785696 86 0.094170 25 0.066701 424 0.053433
shambler
  23 -8.710824 0.000001 21.625067 -0.955180 0.000000 -0.296026 0.259766 0.732422 4 23 0.333958 25 0.333958 1 0.300935 67 0.031149
  25 -6.968962 -5.818363 26.501108 -0.890482 -0.429929 0.149005 0.302734 0.708984 4 25 0.753145 86 0.115789 2 0.092750 1 0.038316
  2 -7.756474 0.000001 38.228020 -0.943561 0.000000 0.331199 0.259766 0.626953 3 2 0.926958 422 0.036521 424 0.036521
shambler
  86 -8.447178 -7.317935 18.357176 -0.962130 -0.195145 -0.190324 0.322266 0.767578 4 86 0.796257 25 0.102107 87 0.067841 1 0.033796
  23 -8.710824 0.000001 21.625067 -0.955180 0.000000 -0.296026 0.259766 0.732422 4 23 0.333958 25 0.333958 1 0.300935 67 0.031149
  86 -0.034205 -1.815908 15.473730 -0.059789 0.814066 -0.577687 0.271484 0.787109 4 86 0.827751 25 0.068214 23 0.060132 1 0.043903
shambler
  23 7.644861 -0.000001 17.146963 0.733886 -0.000000 -0.679272 0.244141 0.759766 4 23 0.368896 25 0.368896 67 0.131104 86 0.131104
  25 7.086276 -5.943221 25.302015 0.896904 -0.441699 0.021557 0.201172 0.712891 4 25 0.692920 86 0.169211 2 0.107282 23 0.030586
  86 6.546720 -8.010706 19.675508 0.933198 -0.353192 -0.066316 0.181641 0.755859 4 86 0.825836 25 0.118289 87 0.044766 23 0.011109
shambler
  2 -7.756474 0.000001 38.228020 -0.943561 0.000000 0.331199 0.119141 0.123047 3 2 0.926958 422 0.036521 424 0.036521
  424 -7.232093 -4.331758 45.314720 -0.800788 0.550958 -0.234913 0.064453 0.123047 4 424 0.720813 2 0.146672 4 0.094369 281 0.038147
  2 9.083508 -0.000001 36.034431 0.976310 -0.000000 0.216378 0.119141 0.224609 4 2 0.799891 422 0.085326 424 0.085326 23 0.029456
shambler
  128 9.429428 -0.000001 50.016266 0.973989 -0.000000 -0.226595 0.017578 0.224609 4 128 0.426289 281 0.426289 422 0.073711 424 0.073711
  424 9.489795 -5.675547 43.541786 0.985359 0.142373 -0.093795 0.064453 0.224609 4 424 0.720892 2 0.123512 281 0.098849 128 0.056747
  4 -9.651750 0.000001 52.194771 -0.981269 0.000000 -0.192643 0.017578 0.123047 4 4 0.729057 422 0.112536 424 0.112536 2 0.045870
shambler
  90 -4.618976 -9.168677 -14.148577 -0.994189 -0.013643 0.106781 0.150391 0.048828 2 90 0.512303 89 0.487697
  89 -0.034205 -3.658591 -13.292035 -0.101116 0.984649 0.142271 0.115234 0.048828 3 89 0.861111 90 0.110648 88 0.028241
  90 -5.058380 -4.528807 -23.617283 -0.658361 0.525251 -0.539140 0.123047 0.103516 2 90 0.887437 89 0.112563
shambler
  86 0.932664 -13.974023 19.818830 0.174936 -0.980024 0.094605 0.130859 0.751953 3 86 0.910417 87 0.084233 25 0.005350
  86 6.546720 -8.010706 19.675508 0.933198 -0.353192 -0.066316 0.181641 0.755859 4 86 0.825836 25 0.118289 87 0.044766 23 0.011109
  86 -0.725097 -14.427971 24.771746 -0.071487 -0.988435 0.133739 0.130859 0.716797 3 86 0.860995 25 0.083077 2 0.055929
shambler
  87 0.920253 -15.851837 10.979490 0.044668 -0.998694 0.024792 0.373047 0.818359 3 87 0.779560 86 0.133864 88 0.086575
  87 -5.352341 -8.981067 4.141371 -0.998627 -0.039710 0.034151 0.322266 0.869141 2 87 0.903871 88 0.096129
  88 0.739864 -14.262066 0.689268 0.028414 -0.997985 -0.056736 0.373047 0.888672 2 88 0.936326 87 0.063674
shambler
  87 0.920253 -15.851837 10.979490 0.044668 -0.998694 0.024792 0.130859 0.818359 3 87 0.779560 86 0.133864 88 0.086575
  86 6.546720 -8.010706 19.675508 0.933198 -0.353192 -0.066316 0.181641 0.755859 4 86 0.825836 25 0.118289 87 0.044766 23 0.011109
  86 0.932664 -13.974023 19.818830 0.174936 -0.980024 0.094605 0.130859 0.751953 3 86 0.910417 87 0.084233 25 0.005350
shambler
  407 0.806689 -50.987026 12.566992 0.970750 -0.219425 -0.097450 0.337891 0.322266 4 407 0.511080 403 0.451644 306 0.019415 297 0.017861
  303 1.734504 -60.160458 7.720762 0.553895 -0.439072 0.707401 0.412109 0.322266 1 303 1.000000
  303 1.734504 -58.743988 5.466932 0.562753 0.390970 -0.728321 0.412109 0.302734 1 303 1.000000
shambler
  346 0.806688 -48.383266 9.960783 0.977561 -0.112522 -0.178080 0.337891 0.333984 4 346 0.317407 347 0.317407 358 0.317407 297 0.047778
  297 0.806688 -49.916653 10.895758 0.971592 -0.178905 -0.154923 0.337891 0.353516 4 297 0.780050 306 0.094451 407 0.066945 403 0.058554
  322 1.754374 -55.832596 2.285551 0.555276 -0.719941 0.416356 0.412109 0.353516 1 322 1.000000
shambler
  367 0.943586 -46.375034 9.800566 0.987117 -0.056420 -0.149722 0.337891 0.365234 4 367 0.324241 368 0.324241 379 0.324241 363 0.027277
  346 0.806688 -48.383266 9.960783 0.977561 -0.112522 -0.178080 0.337891 0.384766 4 346 0.317407 347 0.317407 358 0.317407 297 0.047778
  344 1.822040 -49.807667 -0.158533 0.581221 -0.811366 0.062181 0.412109 0.384766 1 344 1.000000
shambler
  407 0.806689 -50.987026 12.566992 0.970750 -0.219425 -0.097450 0.337891 0.271484 4 407 0.511080 403 0.451644 306 0.019415 297 0.017861
  407 0.943587 -50.983154 14.598761 0.987845 -0.139822 -0.067919 0.337891 0.291016 3 407 0.841148 388 0.122057 403 0.036795
  404 1.570103 -61.353973 14.320150 0.556967 -0.048253 0.829132 0.412109 0.291016 1 404 1.000000
shambler
  407 0.943587 -50.983154 14.598761 0.987845 -0.139822 -0.067919 0.337891 0.240234 3 407 0.841148 388 0.122057 403 0.036795
  388 1.137437 -50.583244 16.330740 0.759489 0.080350 0.645539 0.337891 0.259766 2 388 0.780313 407 0.219687
  386 1.606617 -60.400623 19.180899 0.575318 0.192950 0.794846 0.412109 0.259766 1 386 1.000000
shambler
  363 1.137436 -44.448147 10.195631 0.724245 0.679753 0.115783 0.337891 0.396484 4 363 0.617370 367 0.127543 368 0.127543 379 0.127543
  367 0.943586 -46.375034 9.800566 0.987117 -0.056420 -0.149722 0.337891 0.416016 4 367 0.324241 368 0.324241 379 0.324241 363 0.027277
  364 1.742809 -43.815491 -0.283348 0.553267 -0.783438 -0.283056 0.412109 0.416016 1 364 1.000000
shambler
  297 0.806688 -49.916653 10.895758 0.971592 -0.178905 -0.154923 0.337891 0.091797 4 297 0.780050 306 0.094451 407 0.066945 403 0.058554
  303 1.734504 -58.743988 5.466932 0.562753 0.390970 -0.728321 0.412109 0.091797 1 303 1.000000
  303 -1.378881 -59.440327 6.565760 -0.993307 -0.095979 -0.064254 0.412109 0.103516 1 303 1.000000
shambler
  407 0.806689 -50.987026 12.566992 0.970750 -0.219425 -0.097450 0.337891 0.115234 4 407 0.511080 403 0.451644 306 0.019415 297 0.017861
  306 -1.521248 -50.486118 11.757128 -0.798041 -0.491155 -0.349138 0.337891 0.103516 1 306 1.000000
  303 -1.378881 -59.440327 6.565760 -0.993307 -0.095979 -0.064254 0.412109 0.103516 1 303 1.000000
shambler
  407 0.806689 -50.987026 12.566992 0.970750 -0.219425 -0.097450 0.337891 0.056641 4 407 0.511080 403 0.451644 306 0.019415 297 0.017861
  404 1.570103 -61.310051 11.923151 0.541068 -0.014252 -0.840858 0.412109 0.056641 1 404 1.000000
  404 -1.113732 -61.340935 13.146074 -0.992252 -0.124088 -0.006138 0.412109 0.068359 1 404 1.000000
shambler
  405 1.151663 -71.274338 13.133249 0.046908 -0.998899 0.000174 0.482422 0.068359 2 405 0.935996 404 0.064004
  404 1.570103 -61.353973 14.320150 0.556967 -0.048253 0.829132 0.412109 0.080078 1 404 1.000000
  404 -1.113732 -61.340935 13.146074 -0.992252 -0.124088 -0.006138 0.412109 0.068359 1 404 1.000000
shambler
  407 0.943587 -50.983154 14.598761 0.987845 -0.139822 -0.067919 0.337891 0.021484 3 407 0.841148 388 0.122057 403 0.036795
  386 1.606617 -61.126919 16.927763 0.534159 -0.256845 -0.805422 0.412109 0.021484 1 386 1.000000
  386 -1.192274 -60.696022 18.181711 -0.993938 -0.089582 0.063733 0.412109 0.033203 1 386 1.000000
shambler
  386 1.151662 -70.453712 20.898981 0.045984 -0.959713 0.277193 0.482422 0.033203 1 386 1.000000
  386 1.606617 -60.400623 19.180899 0.575318 0.192950 0.794846 0.412109 0.044922 1 386 1.000000
  386 -1.192274 -60.696022 18.181711 -0.993938 -0.089582 0.063733 0.412109 0.033203 1 386 1.000000
shambler
  323 1.151658 -60.134586 -7.410475 0.040862 -0.517751 -0.854555 0.482422 0.138672 2 323 0.918252 322 0.081748
  322 1.754374 -55.832596 2.285551 0.555276 -0.719941 0.416356 0.412109 0.150391 1 322 1.000000
  322 -1.378358 -54.699047 1.561838 -0.994178 -0.059049 -0.090129 0.412109 0.138672 1 322 1.000000
shambler
  322 -1.378358 -54.699047 1.561838 -0.994178 -0.059049 -0.090129 0.412109 0.138672 1 322 1.000000
  306 -1.475603 -49.225071 10.363787 -0.772042 -0.383222 -0.507042 0.337891 0.138672 4 306 0.334541 297 0.231969 346 0.216745 347 0.216745
  346 0.806688 -48.383266 9.960783 0.977561 -0.112522 -0.178080 0.337891 0.126953 4 346 0.317407 347 0.317407 358 0.317407 297 0.047778
shambler
  344 1.151655 -49.758507 -10.594034 0.040110 -0.123021 -0.991593 0.482422 0.173828 1 344 1.000000
  344 1.822040 -49.807667 -0.158533 0.581221 -0.811366 0.062181 0.412109 0.185547 1 344 1.000000
  344 -1.481578 -48.601151 -0.285152 -0.991742 -0.054569 -0.116057 0.412109 0.173828 1 344 1.000000
shambler
  367 0.943586 -46.375034 9.800566 0.987117 -0.056420 -0.149722 0.337891 0.162109 4 367 0.324241 368 0.324241 379 0.324241 363 0.027277
  344 1.822040 -47.045174 -0.515497 0.538301 0.832553 -0.130721 0.412109 0.162109 1 344 1.000000
  344 -1.481578 -48.601151 -0.285152 -0.991742 -0.054569 -0.116057 0.412109 0.173828 1 344 1.000000
shambler
  365 1.151652 -39.611366 -9.155835 0.042898 0.303287 -0.951933 0.482422 0.208984 2 365 0.929522 364 0.070478
  364 1.742809 -43.815491 -0.283348 0.553267 -0.783438 -0.283056 0.412109 0.220703 1 364 1.000000
  364 -1.316863 -42.592999 0.103697 -0.993371 0.015107 -0.113953 0.412109 0.208984 1 364 1.000000
shambler
  363 1.137436 -44.448147 10.195631 0.724245 0.679753 0.115783 0.337891 0.197266 4 363 0.617370 367 0.127543 368 0.127543 379 0.127543
  364 1.742808 -41.295803 0.578962 0.547891 0.810833 0.205830 0.412109 0.197266 1 364 1.000000
  364 -1.316863 -42.592999 0.103697 -0.993371 0.015107 -0.113953 0.412109 0.208984 1 364 1.000000
shambler
  346 0.509714 -44.833050 14.731962 0.998844 -0.045257 -0.016194 0.048828 0.931641 4 346 0.320795 347 0.320795 358 0.320795 388 0.037616
  388 0.509714 -46.214943 16.058229 0.998871 -0.012856 -0.045723 0.037109 0.931641 1 388 1.000000
  297 0.806688 -49.916653 10.895758 0.971592 -0.178905 -0.154923 0.041016 0.978516 4 297 0.780050 306 0.094451 407 0.066945 403 0.058554
shambler
  407 0.943587 -50.983154 14.598761 0.987845 -0.139822 -0.067919 0.021484 0.966797 3 407 0.841148 388 0.122057 403 0.036795
  388 0.596594 -47.349251 17.692503 0.636483 -0.471305 0.610541 0.021484 0.931641 2 388 0.878806 296 0.121194
  388 1.137437 -50.583244 16.330740 0.759489 0.080350 0.645539 0.013672 0.951172 2 388 0.780313 407 0.219687
shambler
  296 1.768546 -39.540295 21.300985 0.999221 0.038966 -0.006277 0.048828 0.873047 1 296 1.000000
  367 0.596593 -43.085945 13.473185 0.580050 0.633374 -0.512230 0.064453 0.931641 3 367 0.333333 368 0.333333 379 0.333333
  296 -0.832764 -36.984112 19.063551 0.038013 0.750767 -0.659472 0.080078 0.873047 1 296 1.000000
shambler
  367 0.943586 -46.375034 9.800566 0.987117 -0.056420 -0.149722 0.064453 0.966797 4 367 0.324241 368 0.324241 379 0.324241 363 0.027277
  363 1.137436 -44.448147 10.195631 0.724245 0.679753 0.115783 0.072266 0.955078 4 363 0.617370 367 0.127543 368 0.127543 379 0.127543
  367 0.596593 -43.085945 13.473185 0.580050 0.633374 -0.512230 0.064453 0.931641 3 367 0.333333 368 0.333333 379 0.333333
shambler
  296 1.768546 -39.540295 21.300985 0.999221 0.038966 -0.006277 0.048828 0.873047 1 296 1.000000
  388 0.596594 -47.349251 17.692503 0.636483 -0.471305 0.610541 0.021484 0.931641 2 388 0.878806 296 0.121194
  388 0.509714 -46.214943 16.058229 0.998871 -0.012856 -0.045723 0.037109 0.931641 1 388 1.000000
shambler
  294 -6.288062 -28.728266 36.368118 -0.989823 0.037756 0.137203 0.435547 0.732422 2 294 0.945642 295 0.054358
  294 -1.929178 -25.311272 33.282745 -0.028109 0.836664 -0.546995 0.392578 0.748047 3 294 0.788836 295 0.183350 293 0.027814
  295 -1.929178 -26.176388 31.198709 0.013920 0.839836 -0.542661 0.392578 0.763672 3 295 0.748956 294 0.212199 296 0.038845
shambler
  346 0.806688 -48.383266 9.960783 0.977561 -0.112522 -0.178080 0.056641 0.974609 4 346 0.317407 347 0.317407 358 0.317407 297 0.047778
  346 0.509714 -44.833050 14.731962 0.998844 -0.045257 -0.016194 0.048828 0.931641 4 346 0.320795 347 0.320795 358 0.320795 388 0.037616
  297 0.806688 -49.916653 10.895758 0.971592 -0.178905 -0.154923 0.041016 0.978516 4 297 0.780050 306 0.094451 407 0.066945 403 0.058554
shambler
  367 0.943586 -46.375034 9.800566 0.987117 -0.056420 -0.149722 0.064453 0.966797 4 367 0.324241 368 0.324241 379 0.324241 363 0.027277
  346 0.509714 -44.833050 14.731962 0.998844 -0.045257 -0.016194 0.048828 0.931641 4 346 0.320795 347 0.320795 358 0.320795 388 0.037616
  346 0.806688 -48.383266 9.960783 0.977561 -0.112522 -0.178080 0.056641 0.974609 4 346 0.317407 347 0.317407 358 0.317407 297 0.047778
shambler
  297 0.806688 -49.916653 10.895758 0.971592 -0.178905 -0.154923 0.041016 0.978516 4 297 0.780050 306 0.094451 407 0.066945 403 0.058554
  388 0.509714 -46.214943 16.058229 0.998871 -0.012856 -0.045723 0.037109 0.931641 1 388 1.000000
  407 0.806689 -50.987026 12.566992 0.970750 -0.219425 -0.097450 0.029297 0.974609 4 407 0.511080 403 0.451644 306 0.019415 297 0.017861
shambler
  407 0.943587 -50.983154 14.598761 0.987845 -0.139822 -0.067919 0.021484 0.966797 3 407 0.841148 388 0.122057 403 0.036795
  388 0.509714 -46.214943 16.058229 0.998871 -0.012856 -0.045723 0.037109 0.931641 1 388 1.000000
  388 0.596594 -47.349251 17.692503 0.636483 -0.471305 0.610541 0.021484 0.931641 2 388 0.878806 296 0.121194
shambler
  407 0.943587 -50.983154 14.598761 0.987845 -0.139822 -0.067919 0.486328 0.974609 3 407 0.841148 388 0.122057 403 0.036795
  388 -1.521248 -50.775654 15.572256 -0.650240 -0.583875 0.486084 0.482422 0.962891 2 388 0.999806 407 0.000194
  407 -2.067717 -51.015617 13.586462 -0.852632 -0.513821 -0.094898 0.474609 0.970703 3 407 0.866530 306 0.070322 388 0.063148
shambler
  407 0.806689 -50.987026 12.566992 0.970750 -0.219425 -0.097450 0.470703 0.982422 4 407 0.511080 403 0.451644 306 0.019415 297 0.017861
  407 -2.067717 -51.015617 13.586462 -0.852632 -0.513821 -0.094898 0.474609 0.970703 3 407 0.866530 306 0.070322 388 0.063148
  306 -1.521248 -50.486118 11.757128 -0.798041 -0.491155 -0.349138 0.458984 0.974609 1 306 1.000000
shambler
  297 0.806688 -49.916653 10.895758 0.971592 -0.178905 -0.154923 0.455078 0.986328 4 297 0.780050 306 0.094451 407 0.066945 403 0.058554
  306 -1.521248 -50.486118 11.757128 -0.798041 -0.491155 -0.349138 0.458984 0.974609 1 306 1.000000
  306 -1.475603 -49.225071 10.363787 -0.772042 -0.383222 -0.507042 0.447266 0.974609 4 306 0.334541 297 0.231969 346 0.216745 347 0.216745
shambler
  346 0.806688 -48.383266 9.960783 0.977561 -0.112522 -0.178080 0.439453 0.986328 4 346 0.317407 347 0.317407 358 0.317407 297 0.047778
  306 -1.475603 -49.225071 10.363787 -0.772042 -0.383222 -0.507042 0.447266 0.974609 4 306 0.334541 297 0.231969 346 0.216745 347 0.216745
  346 -2.113362 -47.362331 9.845133 -0.862924 -0.107878 -0.493684 0.435547 0.970703 3 346 0.333333 347 0.333333 358 0.333333
shambler
  367 0.943586 -46.375034 9.800566 0.987117 -0.056420 -0.149722 0.423828 0.974609 4 367 0.324241 368 0.324241 379 0.324241 363 0.027277
  346 -2.113362 -47.362331 9.845133 -0.862924 -0.107878 -0.493684 0.435547 0.970703 3 346 0.333333 347 0.333333 358 0.333333
  367 -1.475604 -45.332958 9.920904 -0.697000 0.460195 -0.549919 0.427734 0.962891 3 367 0.333333 368 0.333333 379 0.333333
shambler
  346 -2.113362 -47.362331 9.845133 -0.862924 -0.107878 -0.493684 0.435547 0.970703 3 346 0.333333 347 0.333333 358 0.333333
  296 -2.889679 -44.394512 14.489012 -0.882016 0.287747 -0.373160 0.443359 0.935547 2 296 0.516939 297 0.483061
  367 -1.475604 -45.332958 9.920904 -0.697000 0.460195 -0.549919 0.427734 0.962891 3 367 0.333333 368 0.333333 379 0.333333
shambler
  306 -1.521248 -50.486118 11.757128 -0.798041 -0.491155 -0.349138 0.458984 0.974609 1 306 1.000000
  296 -2.900419 -46.638565 16.838449 -0.846626 -0.415285 0.332811 0.466797 0.935547 3 296 0.904551 388 0.071686 297 0.023764
  296 -2.889679 -44.394512 14.489012 -0.882016 0.287747 -0.373160 0.443359 0.935547 2 296 0.516939 297 0.483061
shambler
  388 -1.521248 -50.775654 15.572256 -0.650240 -0.583875 0.486084 0.482422 0.962891 2 388 0.999806 407 0.000194
  296 -2.900419 -46.638565 16.838449 -0.846626 -0.415285 0.332811 0.466797 0.935547 3 296 0.904551 388 0.071686 297 0.023764
  407 -2.067717 -51.015617 13.586462 -0.852632 -0.513821 -0.094898 0.474609 0.970703 3 407 0.866530 306 0.070322 388 0.063148
shambler
  306 -1.475603 -49.225071 10.363787 -0.772042 -0.383222 -0.507042 0.447266 0.974609 4 306 0.334541 297 0.231969 346 0.216745 347 0.216745
  296 -2.889679 -44.394512 14.489012 -0.882016 0.287747 -0.373160 0.443359 0.935547 2 296 0.516939 297 0.483061
  346 -2.113362 -47.362331 9.845133 -0.862924 -0.107878 -0.493684 0.435547 0.970703 3 346 0.333333 347 0.333333 358 0.333333
shambler
  407 -2.067717 -51.015617 13.586462 -0.852632 -0.513821 -0.094898 0.474609 0.970703 3 407 0.866530 306 0.070322 388 0.063148
  296 -2.900419 -46.638565 16.838449 -0.846626 -0.415285 0.332811 0.466797 0.935547 3 296 0.904551 388 0.071686 297 0.023764
  306 -1.521248 -50.486118 11.757128 -0.798041 -0.491155 -0.349138 0.458984 0.974609 1 306 1.000000
shambler
  296 -2.900419 -46.638565 16.838449 -0.846626 -0.415285 0.332811 0.466797 0.935547 3 296 0.904551 388 0.071686 297 0.023764
  296 -4.310427 -39.500988 22.078680 -0.994166 -0.096709 -0.047767 0.455078 0.873047 1 296 1.000000
  296 -2.889679 -44.394512 14.489012 -0.882016 0.287747 -0.373160 0.443359 0.935547 2 296 0.516939 297 0.483061
shambler
  363 1.137436 -44.448147 10.195631 0.724245 0.679753 0.115783 0.416016 0.955078 4 363 0.617370 367 0.127543 368 0.127543 379 0.127543
  296 -2.889679 -44.394512 14.489012 -0.882016 0.287747 -0.373160 0.443359 0.935547 2 296 0.516939 297 0.483061
  367 0.596593 -43.085945 13.473185 0.580050 0.633374 -0.512230 0.423828 0.931641 3 367 0.333333 368 0.333333 379 0.333333
shambler
  296 -2.900419 -46.638565 16.838449 -0.846626 -0.415285 0.332811 0.466797 0.935547 3 296 0.904551 388 0.071686 297 0.023764
  388 1.137437 -50.583244 16.330740 0.759489 0.080350 0.645539 0.494141 0.951172 2 388 0.780313 407 0.219687
  388 0.596594 -47.349251 17.692503 0.636483 -0.471305 0.610541 0.486328 0.931641 2 388 0.878806 296 0.121194
shambler
  296 -2.900419 -46.638565 16.838449 -0.846626 -0.415285 0.332811 0.466797 0.935547 3 296 0.904551 388 0.071686 297 0.023764
  388 0.596594 -47.349251 17.692503 0.636483 -0.471305 0.610541 0.486328 0.931641 2 388 0.878806 296 0.121194
  296 -0.738584 -42.053501 23.464430 0.131729 -0.760645 0.635663 0.486328 0.873047 1 296 1.000000
shambler
  296 -0.832764 -36.984112 19.063551 0.038013 0.750767 -0.659472 0.427734 0.873047 1 296 1.000000
  367 0.596593 -43.085945 13.473185 0.580050 0.633374 -0.512230 0.423828 0.931641 3 367 0.333333 368 0.333333 379 0.333333
  296 -2.889679 -44.394512 14.489012 -0.882016 0.287747 -0.373160 0.443359 0.935547 2 296 0.516939 297 0.483061
shambler
  322 1.754374 -55.832596 2.285551 0.555276 -0.719941 0.416356 0.412109 0.353516 1 322 1.000000
  323 1.151658 -60.134586 -7.410475 0.040862 -0.517751 -0.854555 0.482422 0.341797 2 323 0.918252 322 0.081748
  322 1.754374 -53.590687 0.817160 0.559065 0.691924 -0.456824 0.412109 0.333984 1 322 1.000000
shambler
  404 1.570103 -61.353973 14.320150 0.556967 -0.048253 0.829132 0.412109 0.291016 1 404 1.000000
  405 1.151663 -71.274338 13.133249 0.046908 -0.998899 0.000174 0.478516 0.279297 2 405 0.935996 404 0.064004
  404 1.570103 -61.310051 11.923151 0.541068 -0.014252 -0.840858 0.412109 0.271484 1 404 1.000000
shambler
  364 1.742809 -43.815491 -0.283348 0.553267 -0.783438 -0.283056 0.412109 0.416016 1 364 1.000000
  365 1.151652 -39.611366 -9.155835 0.042898 0.303287 -0.951933 0.482422 0.404297 2 365 0.929522 364 0.070478
  364 1.742808 -41.295803 0.578962 0.547891 0.810833 0.205830 0.412109 0.396484 1 364 1.000000
shambler
  303 -1.378881 -59.440327 6.565760 -0.993307 -0.095979 -0.064254 0.412109 0.103516 1 303 1.000000
  304 1.151659 -68.725716 1.236887 0.041394 -0.865446 -0.499289 0.482422 0.103516 2 304 0.846589 303 0.153411
  303 1.734504 -60.160458 7.720762 0.553895 -0.439072 0.707401 0.412109 0.115234 1 303 1.000000
shambler
  404 -1.113732 -61.340935 13.146074 -0.992252 -0.124088 -0.006138 0.412109 0.068359 1 404 1.000000
  404 1.570103 -61.353973 14.320150 0.556967 -0.048253 0.829132 0.412109 0.080078 1 404 1.000000
  407 0.943587 -50.983154 14.598761 0.987845 -0.139822 -0.067919 0.337891 0.080078 3 407 0.841148 388 0.122057 403 0.036795
shambler
  386 -1.192274 -60.696022 18.181711 -0.993938 -0.089582 0.063733 0.412109 0.033203 1 386 1.000000
  386 1.606617 -60.400623 19.180899 0.575318 0.192950 0.794846 0.412109 0.044922 1 386 1.000000
  388 1.137437 -50.583244 16.330740 0.759489 0.080350 0.645539 0.337891 0.044922 2 388 0.780313 407 0.219687
shambler
  322 1.754374 -53.590687 0.817160 0.559065 0.691924 -0.456824 0.412109 0.126953 1 322 1.000000
  323 1.151658 -60.134586 -7.410475 0.040862 -0.517751 -0.854555 0.482422 0.138672 2 323 0.918252 322 0.081748
  322 -1.378358 -54.699047 1.561838 -0.994178 -0.059049 -0.090129 0.412109 0.138672 1 322 1.000000
shambler
  344 1.822040 -47.045174 -0.515497 0.538301 0.832553 -0.130721 0.412109 0.162109 1 344 1.000000
  344 1.151655 -49.758507 -10.594034 0.040110 -0.123021 -0.991593 0.482422 0.173828 1 344 1.000000
  344 -1.481578 -48.601151 -0.285152 -0.991742 -0.054569 -0.116057 0.412109 0.173828 1 344 1.000000
shambler
  364 1.742808 -41.295803 0.578962 0.547891 0.810833 0.205830 0.412109 0.197266 1 364 1.000000
  365 1.151652 -39.611366 -9.155835 0.042898 0.303287 -0.951933 0.482422 0.208984 2 365 0.929522 364 0.070478
  364 -1.316863 -42.592999 0.103697 -0.993371 0.015107 -0.113953 0.412109 0.208984 1 364 1.000000
shambler
  303 1.734504 -60.160458 7.720762 0.553895 -0.439072 0.707401 0.412109 0.322266 1 303 1.000000
  304 1.151659 -68.725716 1.236887 0.041394 -0.865446 -0.499289 0.482422 0.314453 2 304 0.846589 303 0.153411
  303 1.734504 -58.743988 5.466932 0.562753 0.390970 -0.728321 0.412109 0.302734 1 303 1.000000
shambler
  344 1.822040 -49.807667 -0.158533 0.581221 -0.811366 0.062181 0.412109 0.384766 1 344 1.000000
  344 1.151655 -49.758507 -10.594034 0.040110 -0.123021 -0.991593 0.482422 0.373047 1 344 1.000000
  344 1.822040 -47.045174 -0.515497 0.538301 0.832553 -0.130721 0.412109 0.365234 1 344 1.000000
shambler
  386 1.606617 -60.400623 19.180899 0.575318 0.192950 0.794846 0.412109 0.259766 1 386 1.000000
  386 1.151662 -70.453712 20.898981 0.045984 -0.959713 0.277193 0.482422 0.248047 1 386 1.000000
  386 1.606617 -61.126919 16.927763 0.534159 -0.256845 -0.805422 0.412109 0.240234 1 386 1.000000
shambler
  303 1.734504 -58.743988 5.466932 0.562753 0.390970 -0.728321 0.412109 0.091797 1 303 1.000000
  304 1.151659 -68.725716 1.236887 0.041394 -0.865446 -0.499289 0.482422 0.103516 2 304 0.846589 303 0.153411
  303 -1.378881 -59.440327 6.565760 -0.993307 -0.095979 -0.064254 0.412109 0.103516 1 303 1.000000
shambler
  404 1.570103 -61.310051 11.923151 0.541068 -0.014252 -0.840858 0.412109 0.056641 1 404 1.000000
  405 1.151663 -71.274338 13.133249 0.046908 -0.998899 0.000174 0.482422 0.068359 2 405 0.935996 404 0.064004
  404 -1.113732 -61.340935 13.146074 -0.992252 -0.124088 -0.006138 0.412109 0.068359 1 404 1.000000
shambler
  386 1.606617 -61.126919 16.927763 0.534159 -0.256845 -0.805422 0.412109 0.021484 1 386 1.000000
  386 1.151662 -70.453712 20.898981 0.045984 -0.959713 0.277193 0.482422 0.033203 1 386 1.000000
  386 -1.192274 -60.696022 18.181711 -0.993938 -0.089582 0.063733 0.412109 0.033203 1 386 1.000000
shambler
  322 -1.378358 -54.699047 1.561838 -0.994178 -0.059049 -0.090129 0.412109 0.138672 1 322 1.000000
  322 1.754374 -55.832596 2.285551 0.555276 -0.719941 0.416356 0.412109 0.150391 1 322 1.000000
  297 0.806688 -49.916653 10.895758 0.971592 -0.178905 -0.154923 0.337891 0.150391 4 297 0.780050 306 0.094451 407 0.066945 403 0.058554
shambler
  344 -1.481578 -48.601151 -0.285152 -0.991742 -0.054569 -0.116057 0.412109 0.173828 1 344 1.000000
  344 1.822040 -49.807667 -0.158533 0.581221 -0.811366 0.062181 0.412109 0.185547 1 344 1.000000
  346 0.806688 -48.383266 9.960783 0.977561 -0.112522 -0.178080 0.337891 0.185547 4 346 0.317407 347 0.317407 358 0.317407 297 0.047778
shambler
  364 -1.316863 -42.592999 0.103697 -0.993371 0.015107 -0.113953 0.412109 0.208984 1 364 1.000000
  364 1.742809 -43.815491 -0.283348 0.553267 -0.783438 -0.283056 0.412109 0.220703 1 364 1.000000
  367 0.943586 -46.375034 9.800566 0.987117 -0.056420 -0.149722 0.337891 0.220703 4 367 0.324241 368 0.324241 379 0.324241 363 0.027277
shambler
  296 -4.310427 -39.500988 22.078680 -0.994166 -0.096709 -0.047767 0.455078 0.873047 1 296 1.000000
  296 -2.900419 -46.638565 16.838449 -0.846626 -0.415285 0.332811 0.466797 0.935547 3 296 0.904551 388 0.071686 297 0.023764
  296 -0.738584 -42.053501 23.464430 0.131729 -0.760645 0.635663 0.486328 0.873047 1 296 1.000000
shambler
  296 -4.310427 -39.500988 22.078680 -0.994166 -0.096709 -0.047767 0.455078 0.873047 1 296 1.000000
  296 -0.832764 -36.984112 19.063551 0.038013 0.750767 -0.659472 0.427734 0.873047 1 296 1.000000
  296 -2.889679 -44.394512 14.489012 -0.882016 0.287747 -0.373160 0.443359 0.935547 2 296 0.516939 297 0.483061
shambler
  407 0.806689 -50.987026 12.566992 0.970750 -0.219425 -0.097450 0.029297 0.974609 4 407 0.511080 403 0.451644 306 0.019415 297 0.017861
  388 0.509714 -46.214943 16.058229 0.998871 -0.012856 -0.045723 0.037109 0.931641 1 388 1.000000
  407 0.943587 -50.983154 14.598761 0.987845 -0.139822 -0.067919 0.021484 0.966797 3 407 0.841148 388 0.122057 403 0.036795
shambler
  367 0.596593 -43.085945 13.473185 0.580050 0.633374 -0.512230 0.064453 0.931641 3 367 0.333333 368 0.333333 379 0.333333
  346 0.509714 -44.833050 14.731962 0.998844 -0.045257 -0.016194 0.048828 0.931641 4 346 0.320795 347 0.320795 358 0.320795 388 0.037616
  367 0.943586 -46.375034 9.800566 0.987117 -0.056420 -0.149722 0.064453 0.966797 4 367 0.324241 368 0.324241 379 0.324241 363 0.027277
shambler
  388 -1.521248 -50.775654 15.572256 -0.650240 -0.583875 0.486084 0.482422 0.962891 2 388 0.999806 407 0.000194
  388 1.137437 -50.583244 16.330740 0.759489 0.080350 0.645539 0.494141 0.951172 2 388 0.780313 407 0.219687
  296 -2.900419 -46.638565 16.838449 -0.846626 -0.415285 0.332811 0.466797 0.935547 3 296 0.904551 388 0.071686 297 0.023764
shambler
  367 -1.475604 -45.332958 9.920904 -0.697000 0.460195 -0.549919 0.427734 0.962891 3 367 0.333333 368 0.333333 379 0.333333
  296 -2.889679 -44.394512 14.489012 -0.882016 0.287747 -0.373160 0.443359 0.935547 2 296 0.516939 297 0.483061
  363 1.137436 -44.448147 10.195631 0.724245 0.679753 0.115783 0.416016 0.955078 4 363 0.617370 367 0.127543 368 0.127543 379 0.127543
shambler
  90 -0.034202 -14.299324 -13.386894 -0.079316 -0.983331 0.163615 0.373047 0.986328 3 90 0.902710 89 0.057738 88 0.039552
  88 0.739864 -14.262066 0.689268 0.028414 -0.997985 -0.056736 0.373047 0.888672 2 88 0.936326 87 0.063674
  88 -7.448341 -8.681721 -1.389610 -0.993832 0.016249 0.109698 0.322266 0.900391 4 88 0.763012 87 0.148047 89 0.047251 90 0.041690
shambler
  89 -0.034205 -3.658591 -13.292035 -0.101116 0.984649 0.142271 0.271484 0.986328 3 89 0.861111 90 0.110648 88 0.028241
  90 -4.618976 -9.168677 -14.148577 -0.994189 -0.013643 0.106781 0.322266 0.986328 2 90 0.512303 89 0.487697
  88 -7.448341 -8.681721 -1.389610 -0.993832 0.016249 0.109698 0.322266 0.900391 4 88 0.763012 87 0.148047 89 0.047251 90 0.041690
shambler
  90 -0.034202 -14.299324 -13.386894 -0.079316 -0.983331 0.163615 0.130859 0.986328 3 90 0.902710 89 0.057738 88 0.039552
  90 6.466496 -8.884098 -13.386894 0.919662 0.003210 0.392698 0.181641 0.986328 3 90 0.874025 89 0.076233 88 0.049743
  88 6.518356 -8.884098 -1.809778 0.990592 -0.024462 -0.134640 0.181641 0.912109 3 88 0.870647 87 0.066837 90 0.062516
shambler
  89 -0.034205 -3.658591 -13.292035 -0.101116 0.984649 0.142271 0.232422 0.986328 3 89 0.861111 90 0.110648 88 0.028241
  88 0.976897 -2.994580 0.592520 0.069017 0.996934 -0.036855 0.232422 0.888672 2 88 0.963072 87 0.036928
  88 6.518356 -8.884098 -1.809778 0.990592 -0.024462 -0.134640 0.181641 0.912109 3 88 0.870647 87 0.066837 90 0.062516
shambler
  87 -5.352341 -8.981067 4.141371 -0.998627 -0.039710 0.034151 0.322266 0.869141 2 87 0.903871 88 0.096129
  86 -8.447178 -7.317935 18.357176 -0.962130 -0.195145 -0.190324 0.322266 0.767578 4 86 0.796257 25 0.102107 87 0.067841 1 0.033796
  86 -0.034205 -1.815908 15.473730 -0.059789 0.814066 -0.577687 0.271484 0.787109 4 86 0.827751 25 0.068214 23 0.060132 1 0.043903
shambler
  88 7.511158 -8.884098 2.416527 0.993797 -0.011457 -0.110620 0.181641 0.869141 2 88 0.563540 87 0.436460
  88 0.976897 -2.994580 0.592520 0.069017 0.996934 -0.036855 0.232422 0.888672 2 88 0.963072 87 0.036928
  86 -0.034205 -1.815908 15.473730 -0.059789 0.814066 -0.577687 0.232422 0.787109 4 86 0.827751 25 0.068214 23 0.060132 1 0.043903
shambler
  87 0.920253 -15.851837 10.979490 0.044668 -0.998694 0.024792 0.373047 0.818359 3 87 0.779560 86 0.133864 88 0.086575
  86 0.932664 -13.974023 19.818830 0.174936 -0.980024 0.094605 0.373047 0.751953 3 86 0.910417 87 0.084233 25 0.005350
  86 -8.447178 -7.317935 18.357176 -0.962130 -0.195145 -0.190324 0.322266 0.767578 4 86 0.796257 25 0.102107 87 0.067841 1 0.033796
shambler
  7 1.732193 -3.968597 72.950623 0.886975 0.404104 0.223551 0.255859 0.189453 3 7 0.827988 6 0.107429 5 0.064583
  7 2.544252 -4.532368 67.667511 0.999824 -0.002730 0.018560 0.255859 0.236328 4 7 0.705744 5 0.186063 6 0.093423 281 0.014769
  7 -1.843919 -3.686718 72.870232 -0.219732 0.966906 0.129658 0.279297 0.197266 3 7 0.733505 6 0.207370 5 0.059124
shambler
  5 2.747729 -0.000000 61.485680 0.708279 -0.000000 0.705932 0.306641 0.310547 4 5 0.821108 7 0.084952 128 0.046970 281 0.046970
  6 -4.312374 0.000000 68.788338 -0.403793 0.000000 0.914850 0.306641 0.228516 4 6 0.595744 7 0.315834 5 0.058894 4 0.029528
  5 2.304846 -3.865906 64.445053 0.871980 -0.299495 0.387239 0.255859 0.267578 4 5 0.440086 7 0.389038 6 0.092200 281 0.078676
shambler
  7 2.544252 -4.532368 67.667511 0.999824 -0.002730 0.018560 0.255859 0.236328 4 7 0.705744 5 0.186063 6 0.093423 281 0.014769
  5 2.304846 -3.865906 64.445053 0.871980 -0.299495 0.387239 0.255859 0.267578 4 5 0.440086 7 0.389038 6 0.092200 281 0.078676
  6 -4.312374 0.000000 68.788338 -0.403793 0.000000 0.914850 0.306641 0.228516 4 6 0.595744 7 0.315834 5 0.058894 4 0.029528
shambler
  281 3.981548 -13.859682 56.353569 0.737438 -0.339866 0.583674 0.146484 0.498047 2 281 0.965958 5 0.034042
  5 4.435705 -3.103653 61.568001 0.748902 -0.109981 0.653491 0.220703 0.462891 4 5 0.673293 281 0.153640 128 0.091478 7 0.081590
  5 -1.552319 -6.852674 61.316422 -0.030993 -0.689696 0.723435 0.185547 0.447266 4 5 0.608880 281 0.170657 7 0.118366 4 0.102097
shambler
  281 -6.720440 -13.836972 57.518196 -0.640275 -0.239984 0.729696 0.357422 0.498047 4 281 0.813654 4 0.078777 293 0.063912 5 0.043657
  281 -0.890247 -14.871654 58.409172 0.144775 -0.238276 0.960346 0.365234 0.458984 2 281 0.960244 5 0.039756
  5 -1.552319 -6.852674 61.316422 -0.030993 -0.689696 0.723435 0.318359 0.447266 4 5 0.608880 281 0.170657 7 0.118366 4 0.102097
shambler
  281 -1.412510 -15.723938 43.528984 -0.095586 -0.265229 -0.959436 0.115234 0.642578 4 281 0.341558 2 0.336483 293 0.212315 294 0.109644
  293 5.258171 -19.968878 47.048630 0.998647 -0.008152 -0.051362 0.068359 0.642578 3 293 0.782621 281 0.161626 294 0.055753
  294 2.429709 -28.351549 35.803047 0.990464 0.026522 -0.135194 0.068359 0.744141 3 294 0.752356 295 0.202289 293 0.045356
shambler
  293 -7.809466 -20.064920 47.054199 -0.987296 -0.050828 -0.150543 0.435547 0.642578 3 293 0.853171 281 0.095039 294 0.051791
  294 -6.288062 -28.728266 36.368118 -0.989823 0.037756 0.137203 0.435547 0.732422 2 294 0.945642 295 0.054358
  294 -1.552461 -31.675463 39.845695 0.094984 -0.782909 0.614842 0.486328 0.744141 3 294 0.905641 293 0.047243 295 0.047116
shambler
  281 -1.412510 -15.723938 43.528984 -0.095586 -0.265229 -0.959436 0.392578 0.642578 4 281 0.341558 2 0.336483 293 0.212315 294 0.109644
  294 -1.929178 -25.311272 33.282745 -0.028109 0.836664 -0.546995 0.392578 0.748047 3 294 0.788836 295 0.183350 293 0.027814
  294 -6.288062 -28.728266 36.368118 -0.989823 0.037756 0.137203 0.435547 0.732422 2 294 0.945642 295 0.054358
shambler
  293 5.258171 -19.968878 47.048630 0.998647 -0.008152 -0.051362 0.068359 0.642578 3 293 0.782621 281 0.161626 294 0.055753
  293 -2.945693 -24.147963 50.778282 -0.191597 -0.871392 0.451627 0.021484 0.642578 2 293 0.948981 281 0.051019
  294 -1.552461 -31.675463 39.845695 0.094984 -0.782909 0.614842 0.021484 0.744141 3 294 0.905641 293 0.047243 295 0.047116
shambler
  294 -1.552461 -31.675463 39.845695 0.094984 -0.782909 0.614842 0.021484 0.744141 3 294 0.905641 293 0.047243 295 0.047116
  294 -2.023354 -33.574280 38.170784 -0.016117 -0.769601 0.638321 0.021484 0.763672 3 294 0.805118 295 0.164849 296 0.030033
  295 2.429709 -29.733513 34.206108 0.999079 0.028234 -0.032305 0.068359 0.767578 3 295 0.647882 294 0.306222 296 0.045896
shambler
  295 -7.095800 -29.625456 34.206108 -0.991271 0.131334 0.011516 0.435547 0.771484 2 295 0.880799 294 0.119201
  294 -6.288062 -28.728266 36.368118 -0.989823 0.037756 0.137203 0.435547 0.732422 2 294 0.945642 295 0.054358
  295 -1.929178 -26.176388 31.198709 0.013920 0.839836 -0.542661 0.392578 0.763672 3 295 0.748956 294 0.212199 296 0.038845
shambler
  294 -6.288062 -28.728266 36.368118 -0.989823 0.037756 0.137203 0.435547 0.732422 2 294 0.945642 295 0.054358
  295 -7.095800 -29.625456 34.206108 -0.991271 0.131334 0.011516 0.435547 0.771484 2 295 0.880799 294 0.119201
  294 -2.023354 -33.574280 38.170784 -0.016117 -0.769601 0.638321 0.486328 0.763672 3 294 0.805118 295 0.164849 296 0.030033
shambler
  294 -1.929178 -25.311272 33.282745 -0.028109 0.836664 -0.546995 0.111328 0.748047 3 294 0.788836 295 0.183350 293 0.027814
  294 2.429709 -28.351549 35.803047 0.990464 0.026522 -0.135194 0.068359 0.744141 3 294 0.752356 295 0.202289 293 0.045356
  295 2.429709 -29.733513 34.206108 0.999079 0.028234 -0.032305 0.068359 0.767578 3 295 0.647882 294 0.306222 296 0.045896
shambler
  90 -0.034202 -14.299324 -13.386894 -0.079316 -0.983331 0.163615 0.185547 0.048828 3 90 0.902710 89 0.057738 88 0.039552
  90 4.576741 -12.907753 -23.617283 0.383623 -0.282136 -0.879336 0.244141 0.072266 2 90 0.869038 91 0.130962
  90 8.984784 -11.274244 -19.081339 0.772255 -0.439480 0.458781 0.244141 0.033203 2 90 0.786028 91 0.213972
shambler
  90 8.984783 -6.368546 -19.081339 0.774116 0.452518 0.442687 0.056641 0.033203 2 90 0.801642 91 0.198358
  90 4.611988 -5.119047 -23.617283 0.353751 0.278108 -0.893038 0.056641 0.072266 3 90 0.869518 91 0.095267 89 0.035216
  89 -0.034205 -3.658591 -13.292035 -0.101116 0.984649 0.142271 0.115234 0.048828 3 89 0.861111 90 0.110648 88 0.028241
shambler
  90 2.315694 -16.019140 -23.617283 -0.220304 -0.716881 -0.661474 0.025391 0.408203 2 90 0.930735 91 0.069265
  90 -6.399526 -12.747939 -23.617283 -0.749348 -0.424325 -0.508356 0.048828 0.462891 2 90 0.903466 89 0.096534
  90 -5.058380 -4.528807 -23.617283 -0.658361 0.525251 -0.539140 0.095703 0.455078 2 90 0.887437 89 0.112563
shambler
  90 2.315694 -16.019140 -23.617283 -0.220304 -0.716881 -0.661474 0.025391 0.408203 2 90 0.930735 91 0.069265
  90 2.482932 -1.594766 -23.617283 -0.168182 0.761789 -0.625614 0.115234 0.408203 3 90 0.877733 89 0.085288 91 0.036979
  90 4.611988 -5.119047 -23.617283 0.353751 0.278108 -0.893038 0.095703 0.396484 3 90 0.869518 91 0.095267 89 0.035216
shambler
  295 2.429709 -29.733513 34.206108 0.999079 0.028234 -0.032305 0.068359 0.767578 3 295 0.647882 294 0.306222 296 0.045896
  294 -2.023354 -33.574280 38.170784 -0.016117 -0.769601 0.638321 0.021484 0.763672 3 294 0.805118 295 0.164849 296 0.030033
  296 -0.738584 -42.053501 23.464430 0.131729 -0.760645 0.635663 0.021484 0.873047 1 296 1.000000
shambler
  295 -1.929178 -26.176388 31.198709 0.013920 0.839836 -0.542661 0.392578 0.763672 3 295 0.748956 294 0.212199 296 0.038845
  296 -0.832764 -36.984112 19.063551 0.038013 0.750767 -0.659472 0.427734 0.873047 1 296 1.000000
  296 -4.310427 -39.500988 22.078680 -0.994166 -0.096709 -0.047767 0.455078 0.873047 1 296 1.000000
shambler
  294 -2.023354 -33.574280 38.170784 -0.016117 -0.769601 0.638321 0.486328 0.763672 3 294 0.805118 295 0.164849 296 0.030033
  295 -7.095800 -29.625456 34.206108 -0.991271 0.131334 0.011516 0.435547 0.771484 2 295 0.880799 294 0.119201
  296 -4.310427 -39.500988 22.078680 -0.994166 -0.096709 -0.047767 0.455078 0.873047 1 296 1.000000
shambler
  295 -1.929178 -26.176388 31.198709 0.013920 0.839836 -0.542661 0.111328 0.763672 3 295 0.748956 294 0.212199 296 0.038845
  295 2.429709 -29.733513 34.206108 0.999079 0.028234 -0.032305 0.068359 0.767578 3 295 0.647882 294 0.306222 296 0.045896
  296 1.768546 -39.540295 21.300985 0.999221 0.038966 -0.006277 0.048828 0.873047 1 296 1.000000
shambler
  87 0.920253 -15.851837 10.979490 0.044668 -0.998694 0.024792 0.130859 0.818359 3 87 0.779560 86 0.133864 88 0.086575
  88 7.511158 -8.884098 2.416527 0.993797 -0.011457 -0.110620 0.181641 0.869141 2 88 0.563540 87 0.436460
  86 6.546720 -8.010706 19.675508 0.933198 -0.353192 -0.066316 0.181641 0.755859 4 86 0.825836 25 0.118289 87 0.044766 23 0.011109
shambler
  407 0.806689 -50.987026 12.566992 0.970750 -0.219425 -0.097450 0.337891 0.322266 4 407 0.511080 403 0.451644 306 0.019415 297 0.017861
  303 1.734504 -58.743988 5.466932 0.562753 0.390970 -0.728321 0.412109 0.302734 1 303 1.000000
  297 0.806688 -49.916653 10.895758 0.971592 -0.178905 -0.154923 0.337891 0.302734 4 297 0.780050 306 0.094451 407 0.066945 403 0.058554
shambler
  346 0.806688 -48.383266 9.960783 0.977561 -0.112522 -0.178080 0.337891 0.333984 4 346 0.317407 347 0.317407 358 0.317407 297 0.047778
  322 1.754374 -55.832596 2.285551 0.555276 -0.719941 0.416356 0.412109 0.353516 1 322 1.000000
  322 1.754374 -53.590687 0.817160 0.559065 0.691924 -0.456824 0.412109 0.333984 1 322 1.000000
shambler
  367 0.943586 -46.375034 9.800566 0.987117 -0.056420 -0.149722 0.337891 0.365234 4 367 0.324241 368 0.324241 379 0.324241 363 0.027277
  344 1.822040 -49.807667 -0.158533 0.581221 -0.811366 0.062181 0.412109 0.384766 1 344 1.000000
  344 1.822040 -47.045174 -0.515497 0.538301 0.832553 -0.130721 0.412109 0.365234 1 344 1.000000
shambler
  407 0.806689 -50.987026 12.566992 0.970750 -0.219425 -0.097450 0.337891 0.271484 4 407 0.511080 403 0.451644 306 0.019415 297 0.017861
  404 1.570103 -61.353973 14.320150 0.556967 -0.048253 0.829132 0.412109 0.291016 1 404 1.000000
  404 1.570103 -61.310051 11.923151 0.541068 -0.014252 -0.840858 0.412109 0.271484 1 404 1.000000
shambler
  407 0.943587 -50.983154 14.598761 0.987845 -0.139822 -0.067919 0.337891 0.240234 3 407 0.841148 388 0.122057 403 0.036795
  386 1.606617 -60.400623 19.180899 0.575318 0.192950 0.794846 0.412109 0.259766 1 386 1.000000
  386 1.606617 -61.126919 16.927763 0.534159 -0.256845 -0.805422 0.412109 0.240234 1 386 1.000000
shambler
  363 1.137436 -44.448147 10.195631 0.724245 0.679753 0.115783 0.337891 0.396484 4 363 0.617370 367 0.127543 368 0.127543 379 0.127543
  364 1.742809 -43.815491 -0.283348 0.553267 -0.783438 -0.283056 0.412109 0.416016 1 364 1.000000
  364 1.742808 -41.295803 0.578962 0.547891 0.810833 0.205830 0.412109 0.396484 1 364 1.000000
shambler
  297 0.806688 -49.916653 10.895758 0.971592 -0.178905 -0.154923 0.337891 0.091797 4 297 0.780050 306 0.094451 407 0.066945 403 0.058554
  303 -1.378881 -59.440327 6.565760 -0.993307 -0.095979 -0.064254 0.412109 0.103516 1 303 1.000000
  306 -1.521248 -50.486118 11.757128 -0.798041 -0.491155 -0.349138 0.337891 0.103516 1 306 1.000000
shambler
  407 0.806689 -50.987026 12.566992 0.970750 -0.219425 -0.097450 0.337891 0.115234 4 407 0.511080 403 0.451644 306 0.019415 297 0.017861
  303 -1.378881 -59.440327 6.565760 -0.993307 -0.095979 -0.064254 0.412109 0.103516 1 303 1.000000
  303 1.734504 -60.160458 7.720762 0.553895 -0.439072 0.707401 0.412109 0.115234 1 303 1.000000
shambler
  407 0.806689 -50.987026 12.566992 0.970750 -0.219425 -0.097450 0.337891 0.056641 4 407 0.511080 403 0.451644 306 0.019415 297 0.017861
  404 -1.113732 -61.340935 13.146074 -0.992252 -0.124088 -0.006138 0.412109 0.068359 1 404 1.000000
  407 -2.067717 -51.015617 13.586462 -0.852632 -0.513821 -0.094898 0.337891 0.068359 3 407 0.866530 306 0.070322 388 0.063148
shambler
  407 0.943587 -50.983154 14.598761 0.987845 -0.139822 -0.067919 0.337891 0.021484 3 407 0.841148 388 0.122057 403 0.036795
  386 -1.192274 -60.696022 18.181711 -0.993938 -0.089582 0.063733 0.412109 0.033203 1 386 1.000000
  388 -1.521248 -50.775654 15.572256 -0.650240 -0.583875 0.486084 0.337891 0.033203 2 388 0.999806 407 0.000194
shambler
  322 -1.378358 -54.699047 1.561838 -0.994178 -0.059049 -0.090129 0.412109 0.138672 1 322 1.000000
  346 0.806688 -48.383266 9.960783 0.977561 -0.112522 -0.178080 0.337891 0.126953 4 346 0.317407 347 0.317407 358 0.317407 297 0.047778
  322 1.754374 -53.590687 0.817160 0.559065 0.691924 -0.456824 0.412109 0.126953 1 322 1.000000
shambler
  367 0.943586 -46.375034 9.800566 0.987117 -0.056420 -0.149722 0.337891 0.162109 4 367 0.324241 368 0.324241 379 0.324241 363 0.027277
  344 -1.481578 -48.601151 -0.285152 -0.991742 -0.054569 -0.116057 0.412109 0.173828 1 344 1.000000
  346 -2.113362 -47.362331 9.845133 -0.862924 -0.107878 -0.493684 0.337891 0.173828 3 346 0.333333 347 0.333333 358 0.333333
shambler
  363 1.137436 -44.448147 10.195631 0.724245 0.679753 0.115783 0.337891 0.197266 4 363 0.617370 367 0.127543 368 0.127543 379 0.127543
  364 -1.316863 -42.592999 0.103697 -0.993371 0.015107 -0.113953 0.412109 0.208984 1 364 1.000000
  367 -1.475604 -45.332958 9.920904 -0.697000 0.460195 -0.549919 0.337891 0.208984 3 367 0.333333 368 0.333333 379 0.333333
shambler
  296 1.768546 -39.540295 21.300985 0.999221 0.038966 -0.006277 0.048828 0.873047 1 296 1.000000
  346 0.509714 -44.833050 14.731962 0.998844 -0.045257 -0.016194 0.048828 0.931641 4 346 0.320795 347 0.320795 358 0.320795 388 0.037616
  367 0.596593 -43.085945 13.473185 0.580050 0.633374 -0.512230 0.064453 0.931641 3 367 0.333333 368 0.333333 379 0.333333
shambler
  296 1.768546 -39.540295 21.300985 0.999221 0.038966 -0.006277 0.048828 0.873047 1 296 1.000000
  296 -0.738584 -42.053501 23.464430 0.131729 -0.760645 0.635663 0.021484 0.873047 1 296 1.000000
  388 0.596594 -47.349251 17.692503 0.636483 -0.471305 0.610541 0.021484 0.931641 2 388 0.878806 296 0.121194
shambler
  346 0.509714 -44.833050 14.731962 0.998844 -0.045257 -0.016194 0.048828 0.931641 4 346 0.320795 347 0.320795 358 0.320795 388 0.037616
  296 1.768546 -39.540295 21.300985 0.999221 0.038966 -0.006277 0.048828 0.873047 1 296 1.000000
  388 0.509714 -46.214943 16.058229 0.998871 -0.012856 -0.045723 0.037109 0.931641 1 388 1.000000
shambler
  306 -1.521248 -50.486118 11.757128 -0.798041 -0.491155 -0.349138 0.458984 0.974609 1 306 1.000000
  296 -2.889679 -44.394512 14.489012 -0.882016 0.287747 -0.373160 0.443359 0.935547 2 296 0.516939 297 0.483061
  306 -1.475603 -49.225071 10.363787 -0.772042 -0.383222 -0.507042 0.447266 0.974609 4 306 0.334541 297 0.231969 346 0.216745 347 0.216745
shambler
  404 -1.113732 -61.340935 13.146074 -0.992252 -0.124088 -0.006138 0.412109 0.068359 1 404 1.000000
  407 0.943587 -50.983154 14.598761 0.987845 -0.139822 -0.067919 0.337891 0.080078 3 407 0.841148 388 0.122057 403 0.036795
  407 -2.067717 -51.015617 13.586462 -0.852632 -0.513821 -0.094898 0.337891 0.068359 3 407 0.866530 306 0.070322 388 0.063148
shambler
  386 -1.192274 -60.696022 18.181711 -0.993938 -0.089582 0.063733 0.412109 0.033203 1 386 1.000000
  388 1.137437 -50.583244 16.330740 0.759489 0.080350 0.645539 0.337891 0.044922 2 388 0.780313 407 0.219687
  388 -1.521248 -50.775654 15.572256 -0.650240 -0.583875 0.486084 0.337891 0.033203 2 388 0.999806 407 0.000194
shambler
  322 -1.378358 -54.699047 1.561838 -0.994178 -0.059049 -0.090129 0.412109 0.138672 1 322 1.000000
  297 0.806688 -49.916653 10.895758 0.971592 -0.178905 -0.154923 0.337891 0.150391 4 297 0.780050 306 0.094451 407 0.066945 403 0.058554
  306 -1.475603 -49.225071 10.363787 -0.772042 -0.383222 -0.507042 0.337891 0.138672 4 306 0.334541 297 0.231969 346 0.216745 347 0.216745
shambler
  344 -1.481578 -48.601151 -0.285152 -0.991742 -0.054569 -0.116057 0.412109 0.173828 1 344 1.000000
  346 0.806688 -48.383266 9.960783 0.977561 -0.112522 -0.178080 0.337891 0.185547 4 346 0.317407 347 0.317407 358 0.317407 297 0.047778
  346 -2.113362 -47.362331 9.845133 -0.862924 -0.107878 -0.493684 0.337891 0.173828 3 346 0.333333 347 0.333333 358 0.333333
shambler
  364 -1.316863 -42.592999 0.103697 -0.993371 0.015107 -0.113953 0.412109 0.208984 1 364 1.000000
  367 0.943586 -46.375034 9.800566 0.987117 -0.056420 -0.149722 0.337891 0.220703 4 367 0.324241 368 0.324241 379 0.324241 363 0.027277
  367 -1.475604 -45.332958 9.920904 -0.697000 0.460195 -0.549919 0.337891 0.208984 3 367 0.333333 368 0.333333 379 0.333333
shambler
  71 -0.034199 14.299324 -13.386894 -0.079316 0.983331 0.163615 0.626953 0.986328 3 71 0.902710 70 0.057738 69 0.039552
  71 -4.618975 9.168677 -14.148577 -0.994189 0.013644 0.106781 0.677734 0.986328 2 71 0.512303 70 0.487697
  69 -7.448340 8.681723 -1.389610 -0.993832 -0.016249 0.109698 0.677734 0.900391 4 69 0.763012 68 0.148047 70 0.047251 71 0.041690
shambler
  70 -0.034204 3.658591 -13.292035 -0.101116 -0.984649 0.142271 0.728516 0.986328 3 70 0.861111 71 0.110648 69 0.028241
  69 0.976897 2.994580 0.592520 0.069017 -0.996934 -0.036855 0.728516 0.888672 2 69 0.963072 68 0.036928
  69 -7.448340 8.681723 -1.389610 -0.993832 -0.016249 0.109698 0.677734 0.900391 4 69 0.763012 68 0.148047 70 0.047251 71 0.041690
shambler
  71 -0.034199 14.299324 -13.386894 -0.079316 0.983331 0.163615 0.869141 0.986328 3 71 0.902710 70 0.057738 69 0.039552
  69 0.739866 14.262066 0.689268 0.028414 0.997985 -0.056736 0.869141 0.888672 2 69 0.936326 68 0.063674
  69 6.518357 8.884096 -1.809778 0.990592 0.024462 -0.134640 0.818359 0.912109 3 69 0.870647 68 0.066836 71 0.062516
shambler
  70 -0.034204 3.658591 -13.292035 -0.101116 -0.984649 0.142271 0.767578 0.986328 3 70 0.861111 71 0.110648 69 0.028241
  71 6.466496 8.884096 -13.386894 0.919662 -0.003210 0.392698 0.818359 0.986328 3 71 0.874025 70 0.076233 69 0.049743
  69 6.518357 8.884096 -1.809778 0.990592 0.024462 -0.134640 0.818359 0.912109 3 69 0.870647 68 0.066836 71 0.062516
shambler
  68 -5.352340 8.981067 4.141371 -0.998627 0.039710 0.034151 0.677734 0.869141 2 68 0.903871 69 0.096129
  69 0.976897 2.994580 0.592520 0.069017 -0.996934 -0.036855 0.728516 0.888672 2 69 0.963072 68 0.036928
  67 -0.034205 1.815908 15.473730 -0.059790 -0.814066 -0.577687 0.728516 0.787109 4 67 0.827751 23 0.068214 25 0.060132 1 0.043903
shambler
  69 0.739866 14.262066 0.689268 0.028414 0.997985 -0.056736 0.869141 0.888672 2 69 0.936326 68 0.063674
  68 0.920256 15.851837 10.979490 0.044668 0.998694 0.024792 0.869141 0.818359 3 68 0.779560 67 0.133864 69 0.086575
  69 7.511158 8.884096 2.416527 0.993797 0.011457 -0.110620 0.818359 0.869141 2 69 0.563540 68 0.436460
shambler
  69 7.511158 8.884096 2.416527 0.993797 0.011457 -0.110620 0.818359 0.869141 2 69 0.563540 68 0.436460
  67 6.546721 8.010704 19.675508 0.933198 0.353192 -0.066316 0.818359 0.755859 4 67 0.825836 23 0.118289 68 0.044766 25 0.011109
  67 -0.034205 1.815908 15.473730 -0.059790 -0.814066 -0.577687 0.767578 0.787109 4 67 0.827751 23 0.068214 25 0.060132 1 0.043903
shambler
  68 0.920256 15.851837 10.979490 0.044668 0.998694 0.024792 0.626953 0.818359 3 68 0.779560 67 0.133864 69 0.086575
  68 -5.352340 8.981067 4.141371 -0.998627 0.039710 0.034151 0.677734 0.869141 2 68 0.903871 69 0.096129
  67 -8.447176 7.317935 18.357176 -0.962130 0.195145 -0.190324 0.677734 0.767578 4 67 0.796257 23 0.102107 68 0.067841 1 0.033796
shambler
  23 -0.034206 0.000000 17.794031 -0.269945 0.000000 -0.962876 0.755859 0.791016 4 23 0.264995 25 0.264995 1 0.242580 67 0.227430
  67 -0.034205 1.815908 15.473730 -0.059790 -0.814066 -0.577687 0.767578 0.791016 4 67 0.827751 23 0.068214 25 0.060132 1 0.043903
  23 7.644861 -0.000001 17.146963 0.733886 -0.000000 -0.679272 0.755859 0.759766 4 23 0.368896 25 0.368896 67 0.131104 86 0.131104
shambler
  67 -8.447176 7.317935 18.357176 -0.962130 0.195145 -0.190324 0.677734 0.767578 4 67 0.796257 23 0.102107 68 0.067841 1 0.033796
  67 -0.725095 14.427971 24.771746 -0.071487 0.988435 0.133739 0.626953 0.716797 3 67 0.860995 23 0.083077 2 0.055929
  67 0.932666 13.974023 19.818830 0.174936 0.980024 0.094605 0.626953 0.751953 3 67 0.910417 68 0.084233 23 0.005350
shambler
  23 -6.968961 5.818364 26.501108 -0.890482 0.429929 0.149005 0.697266 0.708984 4 23 0.753145 67 0.115789 2 0.092750 1 0.038316
  67 -8.447176 7.317935 18.357176 -0.962130 0.195145 -0.190324 0.677734 0.767578 4 67 0.796257 23 0.102107 68 0.067841 1 0.033796
  23 -8.710824 0.000001 21.625067 -0.955180 0.000000 -0.296026 0.740234 0.732422 4 23 0.333958 25 0.333958 1 0.300935 67 0.031149
shambler
  67 6.546721 8.010704 19.675508 0.933198 0.353192 -0.066316 0.818359 0.755859 4 67 0.825836 23 0.118289 68 0.044766 25 0.011109
  67 -0.725095 14.427971 24.771746 -0.071487 0.988435 0.133739 0.869141 0.716797 3 67 0.860995 23 0.083077 2 0.055929
  23 7.086277 5.943220 25.302015 0.896904 0.441699 0.021557 0.798828 0.712891 4 23 0.692920 67 0.169211 2 0.107282 25 0.030586
shambler
  23 7.644861 -0.000001 17.146963 0.733886 -0.000000 -0.679272 0.755859 0.759766 4 23 0.368896 25 0.368896 67 0.131104 86 0.131104
  67 -0.034205 1.815908 15.473730 -0.059790 -0.814066 -0.577687 0.767578 0.787109 4 67 0.827751 23 0.068214 25 0.060132 1 0.043903
  67 6.546721 8.010704 19.675508 0.933198 0.353192 -0.066316 0.818359 0.755859 4 67 0.825836 23 0.118289 68 0.044766 25 0.011109
shambler
  7 -4.760523 6.599867 71.955772 -0.906080 0.274027 0.322379 0.802734 0.208984 3 7 0.813414 6 0.130518 5 0.056068
  6 -4.312374 0.000000 68.788338 -0.403793 0.000000 0.914850 0.833984 0.228516 4 6 0.595744 7 0.315834 5 0.058894 4 0.029528
  7 -1.843919 3.686719 72.870232 -0.219732 -0.966906 0.129658 0.833984 0.197266 3 7 0.733505 6 0.207370 5 0.059124
shambler
  23 -6.968961 5.818364 26.501108 -0.890482 0.429929 0.149005 0.697266 0.708984 4 23 0.753145 67 0.115789 2 0.092750 1 0.038316
  2 0.238240 11.638427 35.623779 0.001514 0.977752 -0.209757 0.642578 0.642578 4 2 0.785696 67 0.094170 23 0.066701 422 0.053433
  67 -0.725095 14.427971 24.771746 -0.071487 0.988435 0.133739 0.626953 0.716797 3 67 0.860995 23 0.083077 2 0.055929
shambler
  23 7.086277 5.943220 25.302015 0.896904 0.441699 0.021557 0.798828 0.712891 4 23 0.692920 67 0.169211 2 0.107282 25 0.030586
  2 9.083508 -0.000001 36.034431 0.976310 -0.000000 0.216378 0.755859 0.642578 4 2 0.799891 422 0.085326 424 0.085326 23 0.029456
  23 7.644861 -0.000001 17.146963 0.733886 -0.000000 -0.679272 0.755859 0.759766 4 23 0.368896 25 0.368896 67 0.131104 86 0.131104
shambler
  23 7.086277 5.943220 25.302015 0.896904 0.441699 0.021557 0.798828 0.712891 4 23 0.692920 67 0.169211 2 0.107282 25 0.030586
  2 0.238240 11.638427 35.623779 0.001514 0.977752 -0.209757 0.853516 0.642578 4 2 0.785696 67 0.094170 23 0.066701 422 0.053433
  2 5.931513 7.459252 36.445427 0.769708 0.612481 -0.180048 0.810547 0.638672 4 2 0.733934 422 0.147143 23 0.069739 140 0.049184
shambler
  23 -6.968961 5.818364 26.501108 -0.890482 0.429929 0.149005 0.697266 0.708984 4 23 0.753145 67 0.115789 2 0.092750 1 0.038316
  2 -7.756474 0.000001 38.228020 -0.943561 0.000000 0.331199 0.740234 0.626953 3 2 0.926958 422 0.036521 424 0.036521
  2 -5.628965 6.803317 37.889076 -0.872983 0.460736 -0.160073 0.693359 0.626953 4 2 0.782853 422 0.116463 23 0.058046 140 0.042638
shambler
  7 1.732194 3.968597 72.950623 0.886975 -0.404104 0.223551 0.744141 0.189453 3 7 0.827988 6 0.107429 5 0.064583
  7 -2.009134 2.006091 79.566162 -0.081577 -0.473855 0.876817 0.720703 0.146484 2 7 0.939490 6 0.060510
  7 -1.843919 3.686719 72.870232 -0.219732 -0.966906 0.129658 0.720703 0.197266 3 7 0.733505 6 0.207370 5 0.059124
shambler
  7 -2.009134 2.006091 79.566162 -0.081577 -0.473855 0.876817 0.833984 0.146484 2 7 0.939490 6 0.060510
  7 -4.760523 6.599867 71.955772 -0.906080 0.274027 0.322379 0.802734 0.208984 3 7 0.813414 6 0.130518 5 0.056068
  7 -1.843919 3.686719 72.870232 -0.219732 -0.966906 0.129658 0.833984 0.197266 3 7 0.733505 6 0.207370 5 0.059124
shambler
  7 -2.009134 2.006091 79.566162 -0.081577 -0.473855 0.876817 0.763672 0.146484 2 7 0.939490 6 0.060510
  7 1.732194 3.968597 72.950623 0.886975 -0.404104 0.223551 0.744141 0.189453 3 7 0.827988 6 0.107429 5 0.064583
  7 -1.623093 8.743286 73.448822 0.120687 0.904961 0.408021 0.783203 0.189453 3 7 0.876330 6 0.079463 5 0.044207
shambler
  7 2.544252 4.532368 67.667511 0.999824 0.002730 0.018560 0.744141 0.236328 4 7 0.705744 5 0.186063 6 0.093423 128 0.014769
  7 -1.623093 8.743286 73.448822 0.120687 0.904961 0.408021 0.783203 0.189453 3 7 0.876330 6 0.079463 5 0.044207
  7 1.732194 3.968597 72.950623 0.886975 -0.404104 0.223551 0.744141 0.189453 3 7 0.827988 6 0.107429 5 0.064583
shambler
  5 2.747729 -0.000000 61.485680 0.708279 -0.000000 0.705932 0.693359 0.310547 4 5 0.821108 7 0.084952 128 0.046970 281 0.046970
  5 4.435705 3.103653 61.568001 0.748902 0.109980 0.653491 0.740234 0.310547 4 5 0.673293 128 0.153640 281 0.091478 7 0.081590
  5 2.304846 3.865906 64.445053 0.871980 0.299495 0.387239 0.744141 0.267578 4 5 0.440086 7 0.389038 6 0.092200 128 0.078676
shambler
  5 2.304846 3.865906 64.445053 0.871980 0.299495 0.387239 0.744141 0.267578 4 5 0.440086 7 0.389038 6 0.092200 128 0.078676
  7 -2.946867 8.663020 69.664238 -0.201816 0.948433 -0.244427 0.783203 0.224609 3 7 0.850390 6 0.088730 5 0.060880
  7 2.544252 4.532368 67.667511 0.999824 0.002730 0.018560 0.744141 0.236328 4 7 0.705744 5 0.186063 6 0.093423 128 0.014769
shambler
  5 2.304846 3.865906 64.445053 0.871980 0.299495 0.387239 0.744141 0.267578 4 5 0.440086 7 0.389038 6 0.092200 128 0.078676
  5 -1.552318 6.852674 61.316422 -0.030993 0.689696 0.723435 0.775391 0.310547 4 5 0.608880 128 0.170657 7 0.118366 4 0.102097
  7 -4.548840 5.476824 66.148880 -0.559445 0.809527 -0.178010 0.791016 0.259766 4 7 0.673028 6 0.147487 5 0.115617 4 0.063868
shambler
  7 -2.009134 2.006091 79.566162 -0.081577 -0.473855 0.876817 0.833984 0.146484 2 7 0.939490 6 0.060510
  7 -1.623093 8.743286 73.448822 0.120687 0.904961 0.408021 0.783203 0.189453 3 7 0.876330 6 0.079463 5 0.044207
  7 -4.760523 6.599867 71.955772 -0.906080 0.274027 0.322379 0.802734 0.208984 3 7 0.813414 6 0.130518 5 0.056068
shambler
  4 -6.435763 3.837024 59.076637 -0.860563 0.360666 0.359655 0.806641 0.310547 4 4 0.707151 6 0.119718 128 0.089316 5 0.083816
  7 -4.548840 5.476824 66.148880 -0.559445 0.809527 -0.178010 0.791016 0.259766 4 7 0.673028 6 0.147487 5 0.115617 4 0.063868
  5 -1.552318 6.852674 61.316422 -0.030993 0.689696 0.723435 0.775391 0.310547 4 5 0.608880 128 0.170657 7 0.118366 4 0.102097
shambler
  7 2.544252 4.532368 67.667511 0.999824 0.002730 0.018560 0.744141 0.236328 4 7 0.705744 5 0.186063 6 0.093423 128 0.014769
  7 -1.843919 3.686719 72.870232 -0.219732 -0.966906 0.129658 0.720703 0.197266 3 7 0.733505 6 0.207370 5 0.059124
  6 -4.312374 0.000000 68.788338 -0.403793 0.000000 0.914850 0.693359 0.228516 4 6 0.595744 7 0.315834 5 0.058894 4 0.029528
shambler
  69 0.739866 14.262066 0.689268 0.028414 0.997985 -0.056736 0.869141 0.888672 2 69 0.936326 68 0.063674
  69 7.511158 8.884096 2.416527 0.993797 0.011457 -0.110620 0.818359 0.869141 2 69 0.563540 68 0.436460
  69 6.518357 8.884096 -1.809778 0.990592 0.024462 -0.134640 0.818359 0.912109 3 69 0.870647 68 0.066836 71 0.062516
shambler
  69 6.518357 8.884096 -1.809778 0.990592 0.024462 -0.134640 0.818359 0.912109 3 69 0.870647 68 0.066836 71 0.062516
  69 7.511158 8.884096 2.416527 0.993797 0.011457 -0.110620 0.818359 0.869141 2 69 0.563540 68 0.436460
  69 0.976897 2.994580 0.592520 0.069017 -0.996934 -0.036855 0.767578 0.888672 2 69 0.963072 68 0.036928
shambler
  69 -7.448340 8.681723 -1.389610 -0.993832 -0.016249 0.109698 0.677734 0.900391 4 69 0.763012 68 0.148047 70 0.047251 71 0.041690
  68 -5.352340 8.981067 4.141371 -0.998627 0.039710 0.034151 0.677734 0.869141 2 68 0.903871 69 0.096129
  69 0.739866 14.262066 0.689268 0.028414 0.997985 -0.056736 0.626953 0.888672 2 69 0.936326 68 0.063674
shambler
  69 0.976897 2.994580 0.592520 0.069017 -0.996934 -0.036855 0.728516 0.888672 2 69 0.963072 68 0.036928
  68 -5.352340 8.981067 4.141371 -0.998627 0.039710 0.034151 0.677734 0.869141 2 68 0.903871 69 0.096129
  69 -7.448340 8.681723 -1.389610 -0.993832 -0.016249 0.109698 0.677734 0.900391 4 69 0.763012 68 0.148047 70 0.047251 71 0.041690
shambler
  128 -1.412508 15.723938 43.528984 -0.095586 0.265229 -0.959436 0.884766 0.587891 4 128 0.341558 2 0.336483 140 0.212315 141 0.109644
  140 5.258173 19.968878 47.048630 0.998647 0.008151 -0.051362 0.916016 0.556641 3 140 0.782621 128 0.161626 141 0.055753
  128 4.423005 16.304892 52.569984 0.909022 0.374475 0.182885 0.869141 0.521484 2 128 0.920146 140 0.079854
shambler
  128 -1.805868 21.690704 57.434654 0.010014 0.693287 0.720592 0.908203 0.490234 2 128 0.875730 140 0.124270
  128 4.423005 16.304892 52.569984 0.909022 0.374475 0.182885 0.869141 0.521484 2 128 0.920146 140 0.079854
  140 5.258173 19.968878 47.048630 0.998647 0.008151 -0.051362 0.916016 0.556641 3 140 0.782621 128 0.161626 141 0.055753
shambler
  140 5.258173 19.968878 47.048630 0.998647 0.008151 -0.051362 0.916016 0.556641 3 140 0.782621 128 0.161626 141 0.055753
  140 -2.945689 24.147963 50.778282 -0.191597 0.871392 0.451627 0.951172 0.521484 2 140 0.948981 128 0.051019
  128 -1.805868 21.690704 57.434654 0.010014 0.693287 0.720592 0.908203 0.490234 2 128 0.875730 140 0.124270
shambler
  128 -0.890244 14.871654 58.409172 0.144775 0.238276 0.960346 0.861328 0.458984 2 128 0.960244 5 0.039756
  128 3.981550 13.859682 56.353569 0.737438 0.339866 0.583674 0.853516 0.498047 2 128 0.965958 5 0.034042
  128 -1.805868 21.690704 57.434654 0.010014 0.693287 0.720592 0.908203 0.490234 2 128 0.875730 140 0.124270
shambler
  140 -7.809463 20.064920 47.054199 -0.987296 0.050828 -0.150543 0.580078 0.556641 3 140 0.853171 128 0.095039 141 0.051791
  128 -1.412508 15.723938 43.528984 -0.095586 0.265229 -0.959436 0.611328 0.587891 4 128 0.341558 2 0.336483 140 0.212315 141 0.109644
  128 -9.068312 15.599557 52.681961 -0.953629 0.282534 0.103758 0.623047 0.521484 4 128 0.729890 140 0.187217 422 0.054607 4 0.028286
shambler
  140 -7.809463 20.064920 47.054199 -0.987296 0.050828 -0.150543 0.580078 0.556641 3 140 0.853171 128 0.095039 141 0.051791
  128 -9.068312 15.599557 52.681961 -0.953629 0.282534 0.103758 0.623047 0.521484 4 128 0.729890 140 0.187217 422 0.054607 4 0.028286
  128 -1.805868 21.690704 57.434654 0.010014 0.693287 0.720592 0.587891 0.490234 2 128 0.875730 140 0.124270
shambler
  140 -2.945689 24.147963 50.778282 -0.191597 0.871392 0.451627 0.544922 0.521484 2 140 0.948981 128 0.051019
  140 -7.809463 20.064920 47.054199 -0.987296 0.050828 -0.150543 0.580078 0.556641 3 140 0.853171 128 0.095039 141 0.051791
  128 -1.805868 21.690704 57.434654 0.010014 0.693287 0.720592 0.587891 0.490234 2 128 0.875730 140 0.124270
shambler
  128 -0.890244 14.871654 58.409172 0.144775 0.238276 0.960346 0.634766 0.458984 2 128 0.960244 5 0.039756
  128 -1.805868 21.690704 57.434654 0.010014 0.693287 0.720592 0.587891 0.490234 2 128 0.875730 140 0.124270
  128 -6.720438 13.836974 57.518196 -0.640275 0.239984 0.729696 0.642578 0.498047 4 128 0.813654 4 0.078777 140 0.063912 5 0.043657
shambler
  422 -7.232092 4.331759 45.314720 -0.800788 -0.550958 -0.234913 0.935547 0.123047 4 422 0.720813 2 0.146672 4 0.094369 128 0.038147
  2 9.083508 -0.000001 36.034431 0.976310 -0.000000 0.216378 0.880859 0.224609 4 2 0.799891 422 0.085326 424 0.085326 23 0.029456
  422 9.489795 5.675545 43.541786 0.985359 -0.142373 -0.093795 0.935547 0.224609 4 422 0.720892 2 0.123512 128 0.098849 281 0.056747
shambler
  422 9.489795 5.675545 43.541786 0.985359 -0.142373 -0.093795 0.935547 0.224609 4 422 0.720892 2 0.123512 128 0.098849 281 0.056747
  4 -9.651750 0.000001 52.194771 -0.981269 0.000000 -0.192643 0.982422 0.123047 4 4 0.729057 422 0.112536 424 0.112536 2 0.045870
  422 -7.232092 4.331759 45.314720 -0.800788 -0.550958 -0.234913 0.935547 0.123047 4 422 0.720813 2 0.146672 4 0.094369 128 0.038147
shambler
  2 0.238240 11.638427 35.623779 0.001514 0.977752 -0.209757 0.853516 0.642578 4 2 0.785696 67 0.094170 23 0.066701 422 0.053433
  128 4.423005 16.304892 52.569984 0.909022 0.374475 0.182885 0.869141 0.521484 2 128 0.920146 140 0.079854
  2 5.931513 7.459252 36.445427 0.769708 0.612481 -0.180048 0.810547 0.638672 4 2 0.733934 422 0.147143 23 0.069739 140 0.049184
shambler
  2 9.083508 -0.000001 36.034431 0.976310 -0.000000 0.216378 0.755859 0.642578 4 2 0.799891 422 0.085326 424 0.085326 23 0.029456
  2 5.931513 7.459252 36.445427 0.769708 0.612481 -0.180048 0.810547 0.638672 4 2 0.733934 422 0.147143 23 0.069739 140 0.049184
  422 9.489795 5.675545 43.541786 0.985359 -0.142373 -0.093795 0.798828 0.587891 4 422 0.720892 2 0.123512 128 0.098849 281 0.056747
shambler
  128 4.423005 16.304892 52.569984 0.909022 0.374475 0.182885 0.869141 0.521484 2 128 0.920146 140 0.079854
  422 9.489795 5.675545 43.541786 0.985359 -0.142373 -0.093795 0.798828 0.587891 4 422 0.720892 2 0.123512 128 0.098849 281 0.056747
  2 5.931513 7.459252 36.445427 0.769708 0.612481 -0.180048 0.810547 0.638672 4 2 0.733934 422 0.147143 23 0.069739 140 0.049184
shambler
  5 2.747729 -0.000000 61.485680 0.708279 -0.000000 0.705932 0.755859 0.462891 4 5 0.821108 7 0.084952 128 0.046970 281 0.046970
  128 7.271015 -0.000001 57.385475 0.907513 -0.000000 0.420023 0.755859 0.490234 3 128 0.475838 281 0.475838 5 0.048323
  5 4.435705 3.103653 61.568001 0.748902 0.109980 0.653491 0.779297 0.462891 4 5 0.673293 128 0.153640 281 0.091478 7 0.081590
shambler
  4 -6.435763 3.837024 59.076637 -0.860563 0.360666 0.359655 0.712891 0.478516 4 4 0.707151 6 0.119718 128 0.089316 5 0.083816
  128 -6.720438 13.836974 57.518196 -0.640275 0.239984 0.729696 0.642578 0.498047 4 128 0.813654 4 0.078777 140 0.063912 5 0.043657
  128 -9.068312 15.599557 52.681961 -0.953629 0.282534 0.103758 0.623047 0.521484 4 128 0.729890 140 0.187217 422 0.054607 4 0.028286
shambler
  128 4.423005 16.304892 52.569984 0.909022 0.374475 0.182885 0.869141 0.521484 2 128 0.920146 140 0.079854
  128 7.271015 -0.000001 57.385475 0.907513 -0.000000 0.420023 0.755859 0.490234 3 128 0.475838 281 0.475838 5 0.048323
  128 9.429428 -0.000001 50.016266 0.973989 -0.000000 -0.226595 0.755859 0.541016 4 128 0.426289 281 0.426289 422 0.073711 424 0.073711
shambler
  5 4.435705 3.103653 61.568001 0.748902 0.109980 0.653491 0.779297 0.462891 4 5 0.673293 128 0.153640 281 0.091478 7 0.081590
  128 7.271015 -0.000001 57.385475 0.907513 -0.000000 0.420023 0.755859 0.490234 3 128 0.475838 281 0.475838 5 0.048323
  128 3.981550 13.859682 56.353569 0.737438 0.339866 0.583674 0.853516 0.498047 2 128 0.965958 5 0.034042
shambler
  422 9.489795 5.675545 43.541786 0.985359 -0.142373 -0.093795 0.798828 0.587891 4 422 0.720892 2 0.123512 128 0.098849 281 0.056747
  128 4.423005 16.304892 52.569984 0.909022 0.374475 0.182885 0.869141 0.521484 2 128 0.920146 140 0.079854
  128 9.429428 -0.000001 50.016266 0.973989 -0.000000 -0.226595 0.755859 0.541016 4 128 0.426289 281 0.426289 422 0.073711 424 0.073711
shambler
  128 3.981550 13.859682 56.353569 0.737438 0.339866 0.583674 0.853516 0.498047 2 128 0.965958 5 0.034042
  128 4.423005 16.304892 52.569984 0.909022 0.374475 0.182885 0.869141 0.521484 2 128 0.920146 140 0.079854
  128 -1.805868 21.690704 57.434654 0.010014 0.693287 0.720592 0.908203 0.490234 2 128 0.875730 140 0.124270
shambler
  128 3.981550 13.859682 56.353569 0.737438 0.339866 0.583674 0.853516 0.498047 2 128 0.965958 5 0.034042
  128 -0.890244 14.871654 58.409172 0.144775 0.238276 0.960346 0.861328 0.458984 2 128 0.960244 5 0.039756
  5 -1.552318 6.852674 61.316422 -0.030993 0.689696 0.723435 0.814453 0.447266 4 5 0.608880 128 0.170657 7 0.118366 4 0.102097
shambler
  128 3.981550 13.859682 56.353569 0.737438 0.339866 0.583674 0.853516 0.498047 2 128 0.965958 5 0.034042
  128 7.271015 -0.000001 57.385475 0.907513 -0.000000 0.420023 0.755859 0.490234 3 128 0.475838 281 0.475838 5 0.048323
  128 4.423005 16.304892 52.569984 0.909022 0.374475 0.182885 0.869141 0.521484 2 128 0.920146 140 0.079854
shambler
  128 -1.805868 21.690704 57.434654 0.010014 0.693287 0.720592 0.587891 0.490234 2 128 0.875730 140 0.124270
  128 -9.068312 15.599557 52.681961 -0.953629 0.282534 0.103758 0.623047 0.521484 4 128 0.729890 140 0.187217 422 0.054607 4 0.028286
  128 -6.720438 13.836974 57.518196 -0.640275 0.239984 0.729696 0.642578 0.498047 4 128 0.813654 4 0.078777 140 0.063912 5 0.043657
shambler
  128 -6.720438 13.836974 57.518196 -0.640275 0.239984 0.729696 0.642578 0.498047 4 128 0.813654 4 0.078777 140 0.063912 5 0.043657
  4 -6.435763 3.837024 59.076637 -0.860563 0.360666 0.359655 0.712891 0.478516 4 4 0.707151 6 0.119718 128 0.089316 5 0.083816
  5 -1.552318 6.852674 61.316422 -0.030993 0.689696 0.723435 0.681641 0.447266 4 5 0.608880 128 0.170657 7 0.118366 4 0.102097
shambler
  128 -9.068312 15.599557 52.681961 -0.953629 0.282534 0.103758 0.623047 0.521484 4 128 0.729890 140 0.187217 422 0.054607 4 0.028286
  2 -5.628965 6.803317 37.889076 -0.872983 0.460736 -0.160073 0.693359 0.626953 4 2 0.782853 422 0.116463 23 0.058046 140 0.042638
  422 -7.232092 4.331759 45.314720 -0.800788 -0.550958 -0.234913 0.708984 0.572266 4 422 0.720813 2 0.146672 4 0.094369 128 0.038147
shambler
  4 -6.435763 3.837024 59.076637 -0.860563 0.360666 0.359655 0.712891 0.478516 4 4 0.707151 6 0.119718 128 0.089316 5 0.083816
  128 -9.068312 15.599557 52.681961 -0.953629 0.282534 0.103758 0.623047 0.521484 4 128 0.729890 140 0.187217 422 0.054607 4 0.028286
  4 -9.651750 0.000001 52.194771 -0.981269 0.000000 -0.192643 0.740234 0.525391 4 4 0.729057 422 0.112536 424 0.112536 2 0.045870
shambler
  2 0.238240 11.638427 35.623779 0.001514 0.977752 -0.209757 0.642578 0.642578 4 2 0.785696 67 0.094170 23 0.066701 422 0.053433
  128 -9.068312 15.599557 52.681961 -0.953629 0.282534 0.103758 0.623047 0.521484 4 128 0.729890 140 0.187217 422 0.054607 4 0.028286
  128 -1.412508 15.723938 43.528984 -0.095586 0.265229 -0.959436 0.611328 0.587891 4 128 0.341558 2 0.336483 140 0.212315 141 0.109644
shambler
  2 -5.628965 6.803317 37.889076 -0.872983 0.460736 -0.160073 0.693359 0.626953 4 2 0.782853 422 0.116463 23 0.058046 140 0.042638
  2 -7.756474 0.000001 38.228020 -0.943561 0.000000 0.331199 0.740234 0.626953 3 2 0.926958 422 0.036521 424 0.036521
  422 -7.232092 4.331759 45.314720 -0.800788 -0.550958 -0.234913 0.708984 0.572266 4 422 0.720813 2 0.146672 4 0.094369 128 0.038147
shambler
  422 -7.232092 4.331759 45.314720 -0.800788 -0.550958 -0.234913 0.708984 0.572266 4 422 0.720813 2 0.146672 4 0.094369 128 0.038147
  4 -9.651750 0.000001 52.194771 -0.981269 0.000000 -0.192643 0.740234 0.525391 4 4 0.729057 422 0.112536 424 0.112536 2 0.045870
  128 -9.068312 15.599557 52.681961 -0.953629 0.282534 0.103758 0.623047 0.521484 4 128 0.729890 140 0.187217 422 0.054607 4 0.028286
shambler
  128 -1.412508 15.723938 43.528984 -0.095586 0.265229 -0.959436 0.884766 0.642578 4 128 0.341558 2 0.336483 140 0.212315 141 0.109644
  141 -1.929174 25.311272 33.282745 -0.028109 -0.836664 -0.546995 0.888672 0.748047 3 141 0.788836 142 0.183350 140 0.027814
  141 2.429713 28.351549 35.803047 0.990464 -0.026522 -0.135194 0.931641 0.744141 3 141 0.752356 142 0.202289 140 0.045356
shambler
  140 -7.809463 20.064920 47.054199 -0.987296 0.050828 -0.150543 0.564453 0.642578 3 140 0.853171 128 0.095039 141 0.051791
  140 -2.945689 24.147963 50.778282 -0.191597 0.871392 0.451627 0.513672 0.642578 2 140 0.948981 128 0.051019
  141 -1.552456 31.675463 39.845695 0.094984 0.782909 0.614842 0.513672 0.744141 3 141 0.905641 140 0.047243 142 0.047116
shambler
  128 -1.412508 15.723938 43.528984 -0.095586 0.265229 -0.959436 0.607422 0.642578 4 128 0.341558 2 0.336483 140 0.212315 141 0.109644
  140 -7.809463 20.064920 47.054199 -0.987296 0.050828 -0.150543 0.564453 0.642578 3 140 0.853171 128 0.095039 141 0.051791
  141 -6.288057 28.728266 36.368118 -0.989823 -0.037756 0.137203 0.564453 0.732422 2 141 0.945642 142 0.054358
shambler
  140 5.258173 19.968878 47.048630 0.998647 0.008151 -0.051362 0.931641 0.642578 3 140 0.782621 128 0.161626 141 0.055753
  141 2.429713 28.351549 35.803047 0.990464 -0.026522 -0.135194 0.931641 0.744141 3 141 0.752356 142 0.202289 140 0.045356
  141 -1.552456 31.675463 39.845695 0.094984 0.782909 0.614842 0.978516 0.744141 3 141 0.905641 140 0.047243 142 0.047116
shambler
  141 -1.552456 31.675463 39.845695 0.094984 0.782909 0.614842 0.978516 0.744141 3 141 0.905641 140 0.047243 142 0.047116
  141 2.429713 28.351549 35.803047 0.990464 -0.026522 -0.135194 0.931641 0.744141 3 141 0.752356 142 0.202289 140 0.045356
  142 2.429713 29.733513 34.206108 0.999079 -0.028234 -0.032305 0.931641 0.767578 3 142 0.647882 141 0.306222 143 0.045896
shambler
  141 -6.288057 28.728266 36.368118 -0.989823 -0.037756 0.137203 0.564453 0.732422 2 141 0.945642 142 0.054358
  141 -1.552456 31.675463 39.845695 0.094984 0.782909 0.614842 0.513672 0.744141 3 141 0.905641 140 0.047243 142 0.047116
  141 -2.023349 33.574280 38.170784 -0.016117 0.769601 0.638321 0.513672 0.763672 3 141 0.805118 142 0.164849 143 0.030033
shambler
  141 -1.929174 25.311272 33.282745 -0.028109 -0.836664 -0.546995 0.888672 0.748047 3 141 0.788836 142 0.183350 140 0.027814
  142 -1.929174 26.176388 31.198709 0.013920 -0.839836 -0.542661 0.888672 0.763672 3 142 0.748956 141 0.212199 143 0.038845
  142 2.429713 29.733513 34.206108 0.999079 -0.028234 -0.032305 0.931641 0.767578 3 142 0.647882 141 0.306222 143 0.045896
shambler
  71 8.984786 11.274242 -19.081339 0.772255 0.439480 0.458781 0.951172 0.275391 2 71 0.786028 72 0.213972
  72 9.473464 8.638368 -23.617283 0.512094 0.016496 -0.858771 0.935547 0.310547 1 72 1.000000
  72 15.605372 12.136644 -23.617283 0.960469 0.191276 -0.202269 0.970703 0.310547 2 72 0.929388 71 0.070612
shambler
  72 15.605372 12.136644 -23.617283 0.960469 0.191276 -0.202269 0.712891 0.033203 2 72 0.929388 71 0.070612
  71 4.576743 12.907753 -23.617283 0.383623 0.282136 -0.879336 0.755859 0.072266 2 71 0.869038 72 0.130962
  71 8.984786 11.274242 -19.081339 0.772255 0.439480 0.458781 0.755859 0.033203 2 71 0.786028 72 0.213972
shambler
  72 15.605370 5.234387 -23.617283 0.954971 -0.218572 -0.200642 0.896484 0.310547 2 72 0.975017 71 0.024983
  72 9.473464 8.638368 -23.617283 0.512094 0.016496 -0.858771 0.935547 0.310547 1 72 1.000000
  71 8.984785 6.368545 -19.081339 0.774116 -0.452518 0.442687 0.919922 0.275391 2 71 0.801642 72 0.198358
shambler
  71 8.984785 6.368545 -19.081339 0.774116 -0.452518 0.442687 0.943359 0.033203 2 71 0.801642 72 0.198358
  71 4.611989 5.119046 -23.617283 0.353751 -0.278108 -0.893038 0.943359 0.072266 3 71 0.869518 72 0.095267 70 0.035216
  72 15.605370 5.234387 -23.617283 0.954971 -0.218572 -0.200642 0.986328 0.033203 2 72 0.975017 71 0.024983
shambler
  71 4.576743 12.907753 -23.617283 0.383623 0.282136 -0.879336 0.955078 0.396484 2 71 0.869038 72 0.130962
  71 2.315696 16.019140 -23.617283 -0.220304 0.716881 -0.661474 0.974609 0.408203 2 71 0.930735 72 0.069265
  71 6.522522 17.113947 -23.617283 0.760290 0.555950 -0.335974 0.982422 0.380859 2 71 0.897415 72 0.102585
shambler
  71 6.522515 1.154591 -23.617283 0.795513 -0.500197 -0.341995 0.880859 0.384766 2 71 0.927978 72 0.072022
  71 2.482933 1.594765 -23.617283 -0.168182 -0.761789 -0.625614 0.884766 0.408203 3 71 0.877733 70 0.085288 72 0.036979
  71 4.611989 5.119046 -23.617283 0.353751 -0.278108 -0.893038 0.904297 0.396484 3 71 0.869518 72 0.095267 70 0.035216
shambler
  71 6.466496 8.884096 -13.386894 0.919662 -0.003210 0.392698 0.935547 0.244141 3 71 0.874025 70 0.076233 69 0.049743
  72 9.473464 8.638368 -23.617283 0.512094 0.016496 -0.858771 0.935547 0.310547 1 72 1.000000
  71 8.984786 11.274242 -19.081339 0.772255 0.439480 0.458781 0.951172 0.275391 2 71 0.786028 72 0.213972
shambler
  71 4.611989 5.119046 -23.617283 0.353751 -0.278108 -0.893038 0.943359 0.072266 3 71 0.869518 72 0.095267 70 0.035216
  70 -0.034204 3.658591 -13.292035 -0.101116 -0.984649 0.142271 0.884766 0.048828 3 70 0.861111 71 0.110648 69 0.028241
  71 6.522515 1.154591 -23.617283 0.795513 -0.500197 -0.341995 0.943359 0.103516 2 71 0.927978 72 0.072022
shambler
  71 6.522515 1.154591 -23.617283 0.795513 -0.500197 -0.341995 0.943359 0.103516 2 71 0.927978 72 0.072022
  70 -0.034204 3.658591 -13.292035 -0.101116 -0.984649 0.142271 0.884766 0.048828 3 70 0.861111 71 0.110648 69 0.028241
  71 2.482933 1.594765 -23.617283 -0.168182 -0.761789 -0.625614 0.916016 0.103516 3 71 0.877733 70 0.085288 72 0.036979
shambler
  71 4.576743 12.907753 -23.617283 0.383623 0.282136 -0.879336 0.755859 0.072266 2 71 0.869038 72 0.130962
  71 6.522522 17.113947 -23.617283 0.760290 0.555950 -0.335974 0.755859 0.103516 2 71 0.897415 72 0.102585
  71 -0.034199 14.299324 -13.386894 -0.079316 0.983331 0.163615 0.814453 0.048828 3 71 0.902710 70 0.057738 69 0.039552
shambler
  71 2.315696 16.019140 -23.617283 -0.220304 0.716881 -0.661474 0.783203 0.103516 2 71 0.930735 72 0.069265
  71 -0.034199 14.299324 -13.386894 -0.079316 0.983331 0.163615 0.814453 0.048828 3 71 0.902710 70 0.057738 69 0.039552
  71 6.522522 17.113947 -23.617283 0.760290 0.555950 -0.335974 0.755859 0.103516 2 71 0.897415 72 0.102585
shambler
  71 -4.618975 9.168677 -14.148577 -0.994189 0.013644 0.106781 0.849609 0.048828 2 71 0.512303 70 0.487697
  71 -0.034199 14.299324 -13.386894 -0.079316 0.983331 0.163615 0.814453 0.048828 3 71 0.902710 70 0.057738 69 0.039552
  71 -6.399524 12.747941 -23.617283 -0.749348 0.424325 -0.508356 0.822266 0.103516 2 71 0.903466 70 0.096534
shambler
  71 -0.034199 14.299324 -13.386894 -0.079316 0.983331 0.163615 0.814453 0.048828 3 71 0.902710 70 0.057738 69 0.039552
  71 6.466496 8.884096 -13.386894 0.919662 -0.003210 0.392698 0.787109 0.013672 3 71 0.874025 70 0.076233 69 0.049743
  71 8.984786 11.274242 -19.081339 0.772255 0.439480 0.458781 0.755859 0.033203 2 71 0.786028 72 0.213972
shambler
  71 -5.058379 4.528808 -23.617283 -0.658361 -0.525251 -0.539140 0.876953 0.103516 2 71 0.887437 70 0.112563
  71 -4.618975 9.168677 -14.148577 -0.994189 0.013644 0.106781 0.849609 0.048828 2 71 0.512303 70 0.487697
  71 -6.399524 12.747941 -23.617283 -0.749348 0.424325 -0.508356 0.822266 0.103516 2 71 0.903466 70 0.096534
shambler
  71 8.984785 6.368545 -19.081339 0.774116 -0.452518 0.442687 0.919922 0.275391 2 71 0.801642 72 0.198358
  72 9.473464 8.638368 -23.617283 0.512094 0.016496 -0.858771 0.935547 0.310547 1 72 1.000000
  71 6.466496 8.884096 -13.386894 0.919662 -0.003210 0.392698 0.935547 0.244141 3 71 0.874025 70 0.076233 69 0.049743
shambler
  71 8.984785 6.368545 -19.081339 0.774116 -0.452518 0.442687 0.943359 0.033203 2 71 0.801642 72 0.198358
  71 6.466496 8.884096 -13.386894 0.919662 -0.003210 0.392698 0.912109 0.013672 3 71 0.874025 70 0.076233 69 0.049743
  70 -0.034204 3.658591 -13.292035 -0.101116 -0.984649 0.142271 0.884766 0.048828 3 70 0.861111 71 0.110648 69 0.028241
shambler
  71 -6.399524 12.747941 -23.617283 -0.749348 0.424325 -0.508356 0.822266 0.103516 2 71 0.903466 70 0.096534
  71 -0.034199 14.299324 -13.386894 -0.079316 0.983331 0.163615 0.814453 0.048828 3 71 0.902710 70 0.057738 69 0.039552
  71 2.315696 16.019140 -23.617283 -0.220304 0.716881 -0.661474 0.783203 0.103516 2 71 0.930735 72 0.069265
shambler
  70 -0.034204 3.658591 -13.292035 -0.101116 -0.984649 0.142271 0.884766 0.048828 3 70 0.861111 71 0.110648 69 0.028241
  71 -5.058379 4.528808 -23.617283 -0.658361 -0.525251 -0.539140 0.876953 0.103516 2 71 0.887437 70 0.112563
  71 2.482933 1.594765 -23.617283 -0.168182 -0.761789 -0.625614 0.916016 0.103516 3 71 0.877733 70 0.085288 72 0.036979
shambler
  72 15.605370 5.234387 -23.617283 0.954971 -0.218572 -0.200642 0.904297 0.326172 2 72 0.975017 71 0.024983
  71 4.611989 5.119046 -23.617283 0.353751 -0.278108 -0.893038 0.904297 0.396484 3 71 0.869518 72 0.095267 70 0.035216
  72 9.473464 8.638368 -23.617283 0.512094 0.016496 -0.858771 0.927734 0.369141 1 72 1.000000
shambler
  72 15.605372 12.136644 -23.617283 0.960469 0.191276 -0.202269 0.947266 0.326172 2 72 0.929388 71 0.070612
  72 9.473464 8.638368 -23.617283 0.512094 0.016496 -0.858771 0.927734 0.369141 1 72 1.000000
  71 4.576743 12.907753 -23.617283 0.383623 0.282136 -0.879336 0.955078 0.396484 2 71 0.869038 72 0.130962
shambler
  71 2.315696 16.019140 -23.617283 -0.220304 0.716881 -0.661474 0.974609 0.408203 2 71 0.930735 72 0.069265
  71 2.482933 1.594765 -23.617283 -0.168182 -0.761789 -0.625614 0.884766 0.408203 3 71 0.877733 70 0.085288 72 0.036979
  71 -5.058379 4.528808 -23.617283 -0.658361 -0.525251 -0.539140 0.904297 0.455078 2 71 0.887437 70 0.112563
shambler
  72 9.473464 8.638368 -23.617283 0.512094 0.016496 -0.858771 0.927734 0.369141 1 72 1.000000
  71 4.611989 5.119046 -23.617283 0.353751 -0.278108 -0.893038 0.904297 0.396484 3 71 0.869518 72 0.095267 70 0.035216
  71 4.576743 12.907753 -23.617283 0.383623 0.282136 -0.879336 0.955078 0.396484 2 71 0.869038 72 0.130962
shambler
  71 2.315696 16.019140 -23.617283 -0.220304 0.716881 -0.661474 0.974609 0.408203 2 71 0.930735 72 0.069265
  71 4.576743 12.907753 -23.617283 0.383623 0.282136 -0.879336 0.955078 0.396484 2 71 0.869038 72 0.130962
  71 4.611989 5.119046 -23.617283 0.353751 -0.278108 -0.893038 0.904297 0.396484 3 71 0.869518 72 0.095267 70 0.035216
shambler
  23 -8.710824 0.000001 21.625067 -0.955180 0.000000 -0.296026 0.740234 0.732422 4 23 0.333958 25 0.333958 1 0.300935 67 0.031149
  67 -0.034205 1.815908 15.473730 -0.059790 -0.814066 -0.577687 0.728516 0.787109 4 67 0.827751 23 0.068214 25 0.060132 1 0.043903
  23 -0.034206 0.000000 17.794031 -0.269945 0.000000 -0.962876 0.740234 0.787109 4 23 0.264995 25 0.264995 1 0.242580 67 0.227430
shambler
  7 -4.548840 5.476824 66.148880 -0.559445 0.809527 -0.178010 0.791016 0.259766 4 7 0.673028 6 0.147487 5 0.115617 4 0.063868
  7 -4.760523 6.599867 71.955772 -0.906080 0.274027 0.322379 0.802734 0.208984 3 7 0.813414 6 0.130518 5 0.056068
  7 -2.946867 8.663020 69.664238 -0.201816 0.948433 -0.244427 0.783203 0.224609 3 7 0.850390 6 0.088730 5 0.060880
shambler
  7 -1.623093 8.743286 73.448822 0.120687 0.904961 0.408021 0.783203 0.189453 3 7 0.876330 6 0.079463 5 0.044207
  7 -2.946867 8.663020 69.664238 -0.201816 0.948433 -0.244427 0.783203 0.224609 3 7 0.850390 6 0.088730 5 0.060880
  7 -4.760523 6.599867 71.955772 -0.906080 0.274027 0.322379 0.802734 0.208984 3 7 0.813414 6 0.130518 5 0.056068
shambler
  142 2.429713 29.733513 34.206108 0.999079 -0.028234 -0.032305 0.931641 0.767578 3 142 0.647882 141 0.306222 143 0.045896
  143 1.768552 39.540295 21.300985 0.999221 -0.038966 -0.006277 0.951172 0.873047 1 143 1.000000
  143 -0.738578 42.053501 23.464430 0.131729 0.760645 0.635663 0.978516 0.873047 1 143 1.000000
shambler
  142 -1.929174 26.176388 31.198709 0.013920 -0.839836 -0.542661 0.607422 0.763672 3 142 0.748956 141 0.212199 143 0.038845
  142 -7.095795 29.625456 34.206108 -0.991271 -0.131334 0.011516 0.564453 0.771484 2 142 0.880799 141 0.119201
  143 -4.310421 39.500988 22.078680 -0.994166 0.096709 -0.047767 0.544922 0.873047 1 143 1.000000
shambler
  141 -2.023349 33.574280 38.170784 -0.016117 0.769601 0.638321 0.513672 0.763672 3 141 0.805118 142 0.164849 143 0.030033
  143 -0.738578 42.053501 23.464430 0.131729 0.760645 0.635663 0.513672 0.873047 1 143 1.000000
  143 -4.310421 39.500988 22.078680 -0.994166 0.096709 -0.047767 0.544922 0.873047 1 143 1.000000
shambler
  142 -1.929174 26.176388 31.198709 0.013920 -0.839836 -0.542661 0.888672 0.763672 3 142 0.748956 141 0.212199 143 0.038845
  143 -0.832759 36.984112 19.063551 0.038012 -0.750767 -0.659472 0.919922 0.873047 1 143 1.000000
  143 1.768552 39.540295 21.300985 0.999221 -0.038966 -0.006277 0.951172 0.873047 1 143 1.000000
shambler
  4 -6.435763 3.837024 59.076637 -0.860563 0.360666 0.359655 0.712891 0.478516 4 4 0.707151 6 0.119718 128 0.089316 5 0.083816
  4 -9.651750 0.000001 52.194771 -0.981269 0.000000 -0.192643 0.740234 0.525391 4 4 0.729057 422 0.112536 424 0.112536 2 0.045870
  6 -7.688740 0.000001 62.830261 -0.980287 0.000000 0.197580 0.740234 0.451172 4 6 0.707682 4 0.154611 7 0.097167 5 0.040539
shambler
  6 -7.688740 0.000001 62.830261 -0.980287 0.000000 0.197580 0.833984 0.287109 4 6 0.707682 4 0.154611 7 0.097167 5 0.040539
  7 -4.548840 5.476824 66.148880 -0.559445 0.809527 -0.178010 0.791016 0.259766 4 7 0.673028 6 0.147487 5 0.115617 4 0.063868
  4 -6.435763 3.837024 59.076637 -0.860563 0.360666 0.359655 0.806641 0.310547 4 4 0.707151 6 0.119718 128 0.089316 5 0.083816
shambler
  6 -7.688740 0.000001 62.830261 -0.980287 0.000000 0.197580 0.833984 0.287109 4 6 0.707682 4 0.154611 7 0.097167 5 0.040539
  7 -4.760523 6.599867 71.955772 -0.906080 0.274027 0.322379 0.802734 0.208984 3 7 0.813414 6 0.130518 5 0.056068
  7 -4.548840 5.476824 66.148880 -0.559445 0.809527 -0.178010 0.791016 0.259766 4 7 0.673028 6 0.147487 5 0.115617 4 0.063868
shambler
  6 -7.688740 0.000001 62.830261 -0.980287 0.000000 0.197580 0.833984 0.287109 4 6 0.707682 4 0.154611 7 0.097167 5 0.040539
  6 -4.312374 0.000000 68.788338 -0.403793 0.000000 0.914850 0.833984 0.228516 4 6 0.595744 7 0.315834 5 0.058894 4 0.029528
  7 -4.760523 6.599867 71.955772 -0.906080 0.274027 0.322379 0.802734 0.208984 3 7 0.813414 6 0.130518 5 0.056068
shambler
  7 -2.946867 8.663020 69.664238 -0.201816 0.948433 -0.244427 0.783203 0.224609 3 7 0.850390 6 0.088730 5 0.060880
  7 -1.623093 8.743286 73.448822 0.120687 0.904961 0.408021 0.783203 0.189453 3 7 0.876330 6 0.079463 5 0.044207
  7 2.544252 4.532368 67.667511 0.999824 0.002730 0.018560 0.744141 0.236328 4 7 0.705744 5 0.186063 6 0.093423 128 0.014769
shambler
  7 -4.548840 5.476824 66.148880 -0.559445 0.809527 -0.178010 0.791016 0.259766 4 7 0.673028 6 0.147487 5 0.115617 4 0.063868
  7 -2.946867 8.663020 69.664238 -0.201816 0.948433 -0.244427 0.783203 0.224609 3 7 0.850390 6 0.088730 5 0.060880
  5 2.304846 3.865906 64.445053 0.871980 0.299495 0.387239 0.744141 0.267578 4 5 0.440086 7 0.389038 6 0.092200 128 0.078676
shambler
  5 4.435705 3.103653 61.568001 0.748902 0.109980 0.653491 0.740234 0.310547 4 5 0.673293 128 0.153640 281 0.091478 7 0.081590
  5 -1.552318 6.852674 61.316422 -0.030993 0.689696 0.723435 0.775391 0.310547 4 5 0.608880 128 0.170657 7 0.118366 4 0.102097
  5 2.304846 3.865906 64.445053 0.871980 0.299495 0.387239 0.744141 0.267578 4 5 0.440086 7 0.389038 6 0.092200 128 0.078676
shambler
  23 -6.968961 5.818364 26.501108 -0.890482 0.429929 0.149005 0.697266 0.708984 4 23 0.753145 67 0.115789 2 0.092750 1 0.038316
  67 -0.725095 14.427971 24.771746 -0.071487 0.988435 0.133739 0.626953 0.716797 3 67 0.860995 23 0.083077 2 0.055929
  67 -8.447176 7.317935 18.357176 -0.962130 0.195145 -0.190324 0.677734 0.767578 4 67 0.796257 23 0.102107 68 0.067841 1 0.033796
shambler
  2 5.931513 7.459252 36.445427 0.769708 0.612481 -0.180048 0.810547 0.638672 4 2 0.733934 422 0.147143 23 0.069739 140 0.049184
  2 9.083508 -0.000001 36.034431 0.976310 -0.000000 0.216378 0.755859 0.642578 4 2 0.799891 422 0.085326 424 0.085326 23 0.029456
  23 7.086277 5.943220 25.302015 0.896904 0.441699 0.021557 0.798828 0.712891 4 23 0.692920 67 0.169211 2 0.107282 25 0.030586
shambler
  67 -0.725095 14.427971 24.771746 -0.071487 0.988435 0.133739 0.869141 0.716797 3 67 0.860995 23 0.083077 2 0.055929
  2 0.238240 11.638427 35.623779 0.001514 0.977752 -0.209757 0.853516 0.642578 4 2 0.785696 67 0.094170 23 0.066701 422 0.053433
  23 7.086277 5.943220 25.302015 0.896904 0.441699 0.021557 0.798828 0.712891 4 23 0.692920 67 0.169211 2 0.107282 25 0.030586
shambler
  128 -1.412508 15.723938 43.528984 -0.095586 0.265229 -0.959436 0.884766 0.587891 4 128 0.341558 2 0.336483 140 0.212315 141 0.109644
  128 4.423005 16.304892 52.569984 0.909022 0.374475 0.182885 0.869141 0.521484 2 128 0.920146 140 0.079854
  2 0.238240 11.638427 35.623779 0.001514 0.977752 -0.209757 0.853516 0.642578 4 2 0.785696 67 0.094170 23 0.066701 422 0.053433
shambler
  2 -5.628965 6.803317 37.889076 -0.872983 0.460736 -0.160073 0.693359 0.626953 4 2 0.782853 422 0.116463 23 0.058046 140 0.042638
  128 -9.068312 15.599557 52.681961 -0.953629 0.282534 0.103758 0.623047 0.521484 4 128 0.729890 140 0.187217 422 0.054607 4 0.028286
  2 0.238240 11.638427 35.623779 0.001514 0.977752 -0.209757 0.642578 0.642578 4 2 0.785696 67 0.094170 23 0.066701 422 0.053433
shambler
  2 -5.628965 6.803317 37.889076 -0.872983 0.460736 -0.160073 0.693359 0.626953 4 2 0.782853 422 0.116463 23 0.058046 140 0.042638
  2 0.238240 11.638427 35.623779 0.001514 0.977752 -0.209757 0.642578 0.642578 4 2 0.785696 67 0.094170 23 0.066701 422 0.053433
  23 -6.968961 5.818364 26.501108 -0.890482 0.429929 0.149005 0.697266 0.708984 4 23 0.753145 67 0.115789 2 0.092750 1 0.038316
shambler
  23 -8.710824 0.000001 21.625067 -0.955180 0.000000 -0.296026 0.740234 0.732422 4 23 0.333958 25 0.333958 1 0.300935 67 0.031149
  2 -7.756474 0.000001 38.228020 -0.943561 0.000000 0.331199 0.740234 0.626953 3 2 0.926958 422 0.036521 424 0.036521
  23 -6.968961 5.818364 26.501108 -0.890482 0.429929 0.149005 0.697266 0.708984 4 23 0.753145 67 0.115789 2 0.092750 1 0.038316
shambler
  67 -8.447176 7.317935 18.357176 -0.962130 0.195145 -0.190324 0.677734 0.767578 4 67 0.796257 23 0.102107 68 0.067841 1 0.033796
  67 -0.034205 1.815908 15.473730 -0.059790 -0.814066 -0.577687 0.728516 0.787109 4 67 0.827751 23 0.068214 25 0.060132 1 0.043903
  23 -8.710824 0.000001 21.625067 -0.955180 0.000000 -0.296026 0.740234 0.732422 4 23 0.333958 25 0.333958 1 0.300935 67 0.031149
shambler
  23 7.644861 -0.000001 17.146963 0.733886 -0.000000 -0.679272 0.755859 0.759766 4 23 0.368896 25 0.368896 67 0.131104 86 0.131104
  67 6.546721 8.010704 19.675508 0.933198 0.353192 -0.066316 0.818359 0.755859 4 67 0.825836 23 0.118289 68 0.044766 25 0.011109
  23 7.086277 5.943220 25.302015 0.896904 0.441699 0.021557 0.798828 0.712891 4 23 0.692920 67 0.169211 2 0.107282 25 0.030586
shambler
  2 -7.756474 0.000001 38.228020 -0.943561 0.000000 0.331199 0.880859 0.123047 3 2 0.926958 422 0.036521 424 0.036521
  2 9.083508 -0.000001 36.034431 0.976310 -0.000000 0.216378 0.880859 0.224609 4 2 0.799891 422 0.085326 424 0.085326 23 0.029456
  422 -7.232092 4.331759 45.314720 -0.800788 -0.550958 -0.234913 0.935547 0.123047 4 422 0.720813 2 0.146672 4 0.094369 128 0.038147
shambler
  128 9.429428 -0.000001 50.016266 0.973989 -0.000000 -0.226595 0.982422 0.224609 4 128 0.426289 281 0.426289 422 0.073711 424 0.073711
  4 -9.651750 0.000001 52.194771 -0.981269 0.000000 -0.192643 0.982422 0.123047 4 4 0.729057 422 0.112536 424 0.112536 2 0.045870
  422 9.489795 5.675545 43.541786 0.985359 -0.142373 -0.093795 0.935547 0.224609 4 422 0.720892 2 0.123512 128 0.098849 281 0.056747
shambler
  71 -4.618975 9.168677 -14.148577 -0.994189 0.013644 0.106781 0.849609 0.048828 2 71 0.512303 70 0.487697
  71 -5.058379 4.528808 -23.617283 -0.658361 -0.525251 -0.539140 0.876953 0.103516 2 71 0.887437 70 0.112563
  70 -0.034204 3.658591 -13.292035 -0.101116 -0.984649 0.142271 0.884766 0.048828 3 70 0.861111 71 0.110648 69 0.028241
shambler
  67 0.932666 13.974023 19.818830 0.174936 0.980024 0.094605 0.869141 0.751953 3 67 0.910417 68 0.084233 23 0.005350
  67 -0.725095 14.427971 24.771746 -0.071487 0.988435 0.133739 0.869141 0.716797 3 67 0.860995 23 0.083077 2 0.055929
  67 6.546721 8.010704 19.675508 0.933198 0.353192 -0.066316 0.818359 0.755859 4 67 0.825836 23 0.118289 68 0.044766 25 0.011109
shambler
  68 0.920256 15.851837 10.979490 0.044668 0.998694 0.024792 0.626953 0.818359 3 68 0.779560 67 0.133864 69 0.086575
  69 0.739866 14.262066 0.689268 0.028414 0.997985 -0.056736 0.626953 0.888672 2 69 0.936326 68 0.063674
  68 -5.352340 8.981067 4.141371 -0.998627 0.039710 0.034151 0.677734 0.869141 2 68 0.903871 69 0.096129
shambler
  68 0.920256 15.851837 10.979490 0.044668 0.998694 0.024792 0.869141 0.818359 3 68 0.779560 67 0.133864 69 0.086575
  67 0.932666 13.974023 19.818830 0.174936 0.980024 0.094605 0.869141 0.751953 3 67 0.910417 68 0.084233 23 0.005350
  67 6.546721 8.010704 19.675508 0.933198 0.353192 -0.066316 0.818359 0.755859 4 67 0.825836 23 0.118289 68 0.044766 25 0.011109
shambler
  254 0.806696 50.987026 12.566992 0.970750 0.219425 -0.097450 0.662109 0.322266 4 254 0.511080 250 0.451644 153 0.019415 144 0.017861
  150 1.734513 58.743988 5.466932 0.562753 -0.390971 -0.728321 0.587891 0.302734 1 150 1.000000
  150 1.734514 60.160458 7.720762 0.553895 0.439072 0.707401 0.587891 0.322266 1 150 1.000000
shambler
  193 0.806696 48.383266 9.960783 0.977561 0.112522 -0.178080 0.662109 0.333984 4 193 0.317407 194 0.317407 205 0.317407 144 0.047778
  169 1.754383 55.832596 2.285551 0.555276 0.719941 0.416356 0.587891 0.353516 1 169 1.000000
  144 0.806696 49.916653 10.895758 0.971592 0.178905 -0.154923 0.662109 0.353516 4 144 0.780050 153 0.094451 254 0.066945 250 0.058554
shambler
  214 0.943593 46.375034 9.800566 0.987117 0.056420 -0.149722 0.662109 0.365234 4 214 0.324241 215 0.324241 226 0.324241 210 0.027277
  191 1.822048 49.807667 -0.158533 0.581221 0.811366 0.062181 0.587891 0.384766 1 191 1.000000
  193 0.806696 48.383266 9.960783 0.977561 0.112522 -0.178080 0.662109 0.384766 4 193 0.317407 194 0.317407 205 0.317407 144 0.047778
shambler
  254 0.806696 50.987026 12.566992 0.970750 0.219425 -0.097450 0.662109 0.271484 4 254 0.511080 250 0.451644 153 0.019415 144 0.017861
  251 1.570112 61.353973 14.320150 0.556967 0.048253 0.829132 0.587891 0.291016 1 251 1.000000
  254 0.943594 50.983154 14.598761 0.987845 0.139822 -0.067919 0.662109 0.291016 3 254 0.841148 235 0.122057 250 0.036795
shambler
  254 0.943594 50.983154 14.598761 0.987845 0.139822 -0.067919 0.662109 0.240234 3 254 0.841148 235 0.122057 250 0.036795
  233 1.606626 60.400623 19.180899 0.575318 -0.192950 0.794846 0.587891 0.259766 1 233 1.000000
  235 1.137444 50.583244 16.330740 0.759489 -0.080351 0.645539 0.662109 0.259766 2 235 0.780313 254 0.219687
shambler
  210 1.137443 44.448147 10.195631 0.724245 -0.679753 0.115783 0.662109 0.396484 4 210 0.617370 214 0.127543 215 0.127543 226 0.127543
  211 1.742815 43.815491 -0.283348 0.553267 0.783438 -0.283056 0.587891 0.416016 1 211 1.000000
  214 0.943593 46.375034 9.800566 0.987117 0.056420 -0.149722 0.662109 0.416016 4 214 0.324241 215 0.324241 226 0.324241 210 0.027277
shambler
  144 0.806696 49.916653 10.895758 0.971592 0.178905 -0.154923 0.662109 0.091797 4 144 0.780050 153 0.094451 254 0.066945 250 0.058554
  150 -1.378872 59.440327 6.565760 -0.993307 0.095979 -0.064254 0.587891 0.103516 1 150 1.000000
  150 1.734513 58.743988 5.466932 0.562753 -0.390971 -0.728321 0.587891 0.091797 1 150 1.000000
shambler
  254 0.806696 50.987026 12.566992 0.970750 0.219425 -0.097450 0.662109 0.115234 4 254 0.511080 250 0.451644 153 0.019415 144 0.017861
  150 -1.378872 59.440327 6.565760 -0.993307 0.095979 -0.064254 0.587891 0.103516 1 150 1.000000
  153 -1.521240 50.486118 11.757128 -0.798040 0.491156 -0.349138 0.662109 0.103516 1 153 1.000000
shambler
  254 0.806696 50.987026 12.566992 0.970750 0.219425 -0.097450 0.662109 0.056641 4 254 0.511080 250 0.451644 153 0.019415 144 0.017861
  251 -1.113723 61.340935 13.146074 -0.992252 0.124089 -0.006138 0.587891 0.068359 1 251 1.000000
  251 1.570112 61.310051 11.923151 0.541068 0.014252 -0.840858 0.587891 0.056641 1 251 1.000000
shambler
  252 1.151674 71.274338 13.133249 0.046908 0.998899 0.000174 0.517578 0.068359 2 252 0.935996 251 0.064004
  251 -1.113723 61.340935 13.146074 -0.992252 0.124089 -0.006138 0.587891 0.068359 1 251 1.000000
  251 1.570112 61.353973 14.320150 0.556967 0.048253 0.829132 0.587891 0.080078 1 251 1.000000
shambler
  254 0.943594 50.983154 14.598761 0.987845 0.139822 -0.067919 0.662109 0.021484 3 254 0.841148 235 0.122057 250 0.036795
  233 -1.192265 60.696022 18.181711 -0.993938 0.089582 0.063733 0.587891 0.033203 1 233 1.000000
  233 1.606626 61.126919 16.927763 0.534159 0.256845 -0.805422 0.587891 0.021484 1 233 1.000000
shambler
  233 1.151672 70.453712 20.898981 0.045984 0.959713 0.277193 0.517578 0.033203 1 233 1.000000
  233 -1.192265 60.696022 18.181711 -0.993938 0.089582 0.063733 0.587891 0.033203 1 233 1.000000
  233 1.606626 60.400623 19.180899 0.575318 -0.192950 0.794846 0.587891 0.044922 1 233 1.000000
shambler
  170 1.151667 60.134586 -7.410475 0.040862 0.517751 -0.854555 0.517578 0.138672 2 170 0.918252 169 0.081748
  169 -1.378349 54.699047 1.561838 -0.994178 0.059049 -0.090129 0.587891 0.138672 1 169 1.000000
  169 1.754383 55.832596 2.285551 0.555276 0.719941 0.416356 0.587891 0.150391 1 169 1.000000
shambler
  169 -1.378349 54.699047 1.561838 -0.994178 0.059049 -0.090129 0.587891 0.138672 1 169 1.000000
  193 0.806696 48.383266 9.960783 0.977561 0.112522 -0.178080 0.662109 0.126953 4 193 0.317407 194 0.317407 205 0.317407 144 0.047778
  153 -1.475596 49.225071 10.363787 -0.772042 0.383222 -0.507043 0.662109 0.138672 4 153 0.334541 144 0.231969 193 0.216745 194 0.216745
shambler
  191 1.151662 49.758507 -10.594034 0.040110 0.123021 -0.991593 0.517578 0.173828 1 191 1.000000
  191 -1.481571 48.601151 -0.285152 -0.991742 0.054570 -0.116057 0.587891 0.173828 1 191 1.000000
  191 1.822048 49.807667 -0.158533 0.581221 0.811366 0.062181 0.587891 0.185547 1 191 1.000000
shambler
  214 0.943593 46.375034 9.800566 0.987117 0.056420 -0.149722 0.662109 0.162109 4 214 0.324241 215 0.324241 226 0.324241 210 0.027277
  191 -1.481571 48.601151 -0.285152 -0.991742 0.054570 -0.116057 0.587891 0.173828 1 191 1.000000
  191 1.822047 47.045174 -0.515497 0.538301 -0.832553 -0.130721 0.587891 0.162109 1 191 1.000000
shambler
  212 1.151658 39.611366 -9.155835 0.042898 -0.303287 -0.951933 0.517578 0.208984 2 212 0.929522 211 0.070478
  211 -1.316856 42.592999 0.103697 -0.993371 -0.015107 -0.113953 0.587891 0.208984 1 211 1.000000
  211 1.742815 43.815491 -0.283348 0.553267 0.783438 -0.283056 0.587891 0.220703 1 211 1.000000
shambler
  210 1.137443 44.448147 10.195631 0.724245 -0.679753 0.115783 0.662109 0.197266 4 210 0.617370 214 0.127543 215 0.127543 226 0.127543
  211 -1.316856 42.592999 0.103697 -0.993371 -0.015107 -0.113953 0.587891 0.208984 1 211 1.000000
  211 1.742814 41.295803 0.578962 0.547890 -0.810833 0.205830 0.587891 0.197266 1 211 1.000000
shambler
  193 0.509721 44.833050 14.731962 0.998844 0.045257 -0.016194 0.951172 0.931641 4 193 0.320795 194 0.320795 205 0.320795 235 0.037616
  144 0.806696 49.916653 10.895758 0.971592 0.178905 -0.154923 0.958984 0.978516 4 144 0.780050 153 0.094451 254 0.066945 250 0.058554
  235 0.509721 46.214943 16.058229 0.998871 0.012856 -0.045723 0.962891 0.931641 1 235 1.000000
shambler
  254 0.943594 50.983154 14.598761 0.987845 0.139822 -0.067919 0.978516 0.966797 3 254 0.841148 235 0.122057 250 0.036795
  235 1.137444 50.583244 16.330740 0.759489 -0.080351 0.645539 0.986328 0.951172 2 235 0.780313 254 0.219687
  235 0.596601 47.349251 17.692503 0.636483 0.471305 0.610541 0.978516 0.931641 2 235 0.878806 143 0.121194
shambler
  143 1.768552 39.540295 21.300985 0.999221 -0.038966 -0.006277 0.951172 0.873047 1 143 1.000000
  143 -0.832759 36.984112 19.063551 0.038012 -0.750767 -0.659472 0.919922 0.873047 1 143 1.000000
  214 0.596600 43.085945 13.473185 0.580050 -0.633374 -0.512230 0.935547 0.931641 3 214 0.333333 215 0.333333 226 0.333333
shambler
  214 0.943593 46.375034 9.800566 0.987117 0.056420 -0.149722 0.935547 0.966797 4 214 0.324241 215 0.324241 226 0.324241 210 0.027277
  214 0.596600 43.085945 13.473185 0.580050 -0.633374 -0.512230 0.935547 0.931641 3 214 0.333333 215 0.333333 226 0.333333
  210 1.137443 44.448147 10.195631 0.724245 -0.679753 0.115783 0.927734 0.955078 4 210 0.617370 214 0.127543 215 0.127543 226 0.127543
shambler
  143 1.768552 39.540295 21.300985 0.999221 -0.038966 -0.006277 0.951172 0.873047 1 143 1.000000
  235 0.509721 46.214943 16.058229 0.998871 0.012856 -0.045723 0.962891 0.931641 1 235 1.000000
  235 0.596601 47.349251 17.692503 0.636483 0.471305 0.610541 0.978516 0.931641 2 235 0.878806 143 0.121194
shambler
  141 -6.288057 28.728266 36.368118 -0.989823 -0.037756 0.137203 0.564453 0.732422 2 141 0.945642 142 0.054358
  142 -1.929174 26.176388 31.198709 0.013920 -0.839836 -0.542661 0.607422 0.763672 3 142 0.748956 141 0.212199 143 0.038845
  141 -1.929174 25.311272 33.282745 -0.028109 -0.836664 -0.546995 0.607422 0.748047 3 141 0.788836 142 0.183350 140 0.027814
shambler
  193 0.806696 48.383266 9.960783 0.977561 0.112522 -0.178080 0.943359 0.974609 4 193 0.317407 194 0.317407 205 0.317407 144 0.047778
  144 0.806696 49.916653 10.895758 0.971592 0.178905 -0.154923 0.958984 0.978516 4 144 0.780050 153 0.094451 254 0.066945 250 0.058554
  193 0.509721 44.833050 14.731962 0.998844 0.045257 -0.016194 0.951172 0.931641 4 193 0.320795 194 0.320795 205 0.320795 235 0.037616
shambler
  214 0.943593 46.375034 9.800566 0.987117 0.056420 -0.149722 0.935547 0.966797 4 214 0.324241 215 0.324241 226 0.324241 210 0.027277
  193 0.806696 48.383266 9.960783 0.977561 0.112522 -0.178080 0.943359 0.974609 4 193 0.317407 194 0.317407 205 0.317407 144 0.047778
  193 0.509721 44.833050 14.731962 0.998844 0.045257 -0.016194 0.951172 0.931641 4 193 0.320795 194 0.320795 205 0.320795 235 0.037616
shambler
  144 0.806696 49.916653 10.895758 0.971592 0.178905 -0.154923 0.958984 0.978516 4 144 0.780050 153 0.094451 254 0.066945 250 0.058554
  254 0.806696 50.987026 12.566992 0.970750 0.219425 -0.097450 0.970703 0.974609 4 254 0.511080 250 0.451644 153 0.019415 144 0.017861
  235 0.509721 46.214943 16.058229 0.998871 0.012856 -0.045723 0.962891 0.931641 1 235 1.000000
shambler
  254 0.943594 50.983154 14.598761 0.987845 0.139822 -0.067919 0.978516 0.966797 3 254 0.841148 235 0.122057 250 0.036795
  235 0.596601 47.349251 17.692503 0.636483 0.471305 0.610541 0.978516 0.931641 2 235 0.878806 143 0.121194
  235 0.509721 46.214943 16.058229 0.998871 0.012856 -0.045723 0.962891 0.931641 1 235 1.000000
shambler
  254 0.943594 50.983154 14.598761 0.987845 0.139822 -0.067919 0.513672 0.974609 3 254 0.841148 235 0.122057 250 0.036795
  254 -2.067709 51.015617 13.586462 -0.852632 0.513822 -0.094898 0.525391 0.970703 3 254 0.866530 153 0.070322 235 0.063148
  235 -1.521240 50.775654 15.572256 -0.650240 0.583875 0.486084 0.517578 0.962891 2 235 0.999806 254 0.000194
shambler
  254 0.806696 50.987026 12.566992 0.970750 0.219425 -0.097450 0.529297 0.982422 4 254 0.511080 250 0.451644 153 0.019415 144 0.017861
  153 -1.521240 50.486118 11.757128 -0.798040 0.491156 -0.349138 0.541016 0.974609 1 153 1.000000
  254 -2.067709 51.015617 13.586462 -0.852632 0.513822 -0.094898 0.525391 0.970703 3 254 0.866530 153 0.070322 235 0.063148
shambler
  144 0.806696 49.916653 10.895758 0.971592 0.178905 -0.154923 0.544922 0.986328 4 144 0.780050 153 0.094451 254 0.066945 250 0.058554
  153 -1.475596 49.225071 10.363787 -0.772042 0.383222 -0.507043 0.552734 0.974609 4 153 0.334541 144 0.231969 193 0.216745 194 0.216745
  153 -1.521240 50.486118 11.757128 -0.798040 0.491156 -0.349138 0.541016 0.974609 1 153 1.000000
shambler
  193 0.806696 48.383266 9.960783 0.977561 0.112522 -0.178080 0.560547 0.986328 4 193 0.317407 194 0.317407 205 0.317407 144 0.047778
  193 -2.113355 47.362331 9.845133 -0.862924 0.107878 -0.493684 0.564453 0.970703 3 193 0.333333 194 0.333333 205 0.333333
  153 -1.475596 49.225071 10.363787 -0.772042 0.383222 -0.507043 0.552734 0.974609 4 153 0.334541 144 0.231969 193 0.216745 194 0.216745
shambler
  214 0.943593 46.375034 9.800566 0.987117 0.056420 -0.149722 0.576172 0.974609 4 214 0.324241 215 0.324241 226 0.324241 210 0.027277
  214 -1.475597 45.332958 9.920904 -0.697000 -0.460195 -0.549919 0.572266 0.962891 3 214 0.333333 215 0.333333 226 0.333333
  193 -2.113355 47.362331 9.845133 -0.862924 0.107878 -0.493684 0.564453 0.970703 3 193 0.333333 194 0.333333 205 0.333333
shambler
  193 -2.113355 47.362331 9.845133 -0.862924 0.107878 -0.493684 0.564453 0.970703 3 193 0.333333 194 0.333333 205 0.333333
  214 -1.475597 45.332958 9.920904 -0.697000 -0.460195 -0.549919 0.572266 0.962891 3 214 0.333333 215 0.333333 226 0.333333
  143 -2.889672 44.394512 14.489012 -0.882017 -0.287747 -0.373160 0.556641 0.935547 2 143 0.516939 144 0.483061
shambler
  153 -1.521240 50.486118 11.757128 -0.798040 0.491156 -0.349138 0.541016 0.974609 1 153 1.000000
  143 -2.889672 44.394512 14.489012 -0.882017 -0.287747 -0.373160 0.556641 0.935547 2 143 0.516939 144 0.483061
  143 -2.900412 46.638565 16.838449 -0.846626 0.415285 0.332811 0.533203 0.935547 3 143 0.904551 235 0.071686 144 0.023764
shambler
  235 -1.521240 50.775654 15.572256 -0.650240 0.583875 0.486084 0.517578 0.962891 2 235 0.999806 254 0.000194
  254 -2.067709 51.015617 13.586462 -0.852632 0.513822 -0.094898 0.525391 0.970703 3 254 0.866530 153 0.070322 235 0.063148
  143 -2.900412 46.638565 16.838449 -0.846626 0.415285 0.332811 0.533203 0.935547 3 143 0.904551 235 0.071686 144 0.023764
shambler
  153 -1.475596 49.225071 10.363787 -0.772042 0.383222 -0.507043 0.552734 0.974609 4 153 0.334541 144 0.231969 193 0.216745 194 0.216745
  193 -2.113355 47.362331 9.845133 -0.862924 0.107878 -0.493684 0.564453 0.970703 3 193 0.333333 194 0.333333 205 0.333333
  143 -2.889672 44.394512 14.489012 -0.882017 -0.287747 -0.373160 0.556641 0.935547 2 143 0.516939 144 0.483061
shambler
  254 -2.067709 51.015617 13.586462 -0.852632 0.513822 -0.094898 0.525391 0.970703 3 254 0.866530 153 0.070322 235 0.063148
  153 -1.521240 50.486118 11.757128 -0.798040 0.491156 -0.349138 0.541016 0.974609 1 153 1.000000
  143 -2.900412 46.638565 16.838449 -0.846626 0.415285 0.332811 0.533203 0.935547 3 143 0.904551 235 0.071686 144 0.023764
shambler
  143 -2.900412 46.638565 16.838449 -0.846626 0.415285 0.332811 0.533203 0.935547 3 143 0.904551 235 0.071686 144 0.023764
  143 -2.889672 44.394512 14.489012 -0.882017 -0.287747 -0.373160 0.556641 0.935547 2 143 0.516939 144 0.483061
  143 -4.310421 39.500988 22.078680 -0.994166 0.096709 -0.047767 0.544922 0.873047 1 143 1.000000
shambler
  210 1.137443 44.448147 10.195631 0.724245 -0.679753 0.115783 0.583984 0.955078 4 210 0.617370 214 0.127543 215 0.127543 226 0.127543
  214 0.596600 43.085945 13.473185 0.580050 -0.633374 -0.512230 0.576172 0.931641 3 214 0.333333 215 0.333333 226 0.333333
  143 -2.889672 44.394512 14.489012 -0.882017 -0.287747 -0.373160 0.556641 0.935547 2 143 0.516939 144 0.483061
shambler
  143 -2.900412 46.638565 16.838449 -0.846626 0.415285 0.332811 0.533203 0.935547 3 143 0.904551 235 0.071686 144 0.023764
  235 0.596601 47.349251 17.692503 0.636483 0.471305 0.610541 0.513672 0.931641 2 235 0.878806 143 0.121194
  235 1.137444 50.583244 16.330740 0.759489 -0.080351 0.645539 0.505859 0.951172 2 235 0.780313 254 0.219687
shambler
  143 -2.900412 46.638565 16.838449 -0.846626 0.415285 0.332811 0.533203 0.935547 3 143 0.904551 235 0.071686 144 0.023764
  143 -0.738578 42.053501 23.464430 0.131729 0.760645 0.635663 0.513672 0.873047 1 143 1.000000
  235 0.596601 47.349251 17.692503 0.636483 0.471305 0.610541 0.513672 0.931641 2 235 0.878806 143 0.121194
shambler
  143 -0.832759 36.984112 19.063551 0.038012 -0.750767 -0.659472 0.572266 0.873047 1 143 1.000000
  143 -2.889672 44.394512 14.489012 -0.882017 -0.287747 -0.373160 0.556641 0.935547 2 143 0.516939 144 0.483061
  214 0.596600 43.085945 13.473185 0.580050 -0.633374 -0.512230 0.576172 0.931641 3 214 0.333333 215 0.333333 226 0.333333
shambler
  169 1.754383 55.832596 2.285551 0.555276 0.719941 0.416356 0.587891 0.353516 1 169 1.000000
  169 1.754382 53.590687 0.817160 0.559065 -0.691924 -0.456824 0.587891 0.333984 1 169 1.000000
  170 1.151667 60.134586 -7.410475 0.040862 0.517751 -0.854555 0.517578 0.341797 2 170 0.918252 169 0.081748
shambler
  251 1.570112 61.353973 14.320150 0.556967 0.048253 0.829132 0.587891 0.291016 1 251 1.000000
  251 1.570112 61.310051 11.923151 0.541068 0.014252 -0.840858 0.587891 0.271484 1 251 1.000000
  252 1.151674 71.274338 13.133249 0.046908 0.998899 0.000174 0.521484 0.279297 2 252 0.935996 251 0.064004
shambler
  211 1.742815 43.815491 -0.283348 0.553267 0.783438 -0.283056 0.587891 0.416016 1 211 1.000000
  211 1.742814 41.295803 0.578962 0.547890 -0.810833 0.205830 0.587891 0.396484 1 211 1.000000
  212 1.151658 39.611366 -9.155835 0.042898 -0.303287 -0.951933 0.517578 0.404297 2 212 0.929522 211 0.070478
shambler
  150 -1.378872 59.440327 6.565760 -0.993307 0.095979 -0.064254 0.587891 0.103516 1 150 1.000000
  150 1.734514 60.160458 7.720762 0.553895 0.439072 0.707401 0.587891 0.115234 1 150 1.000000
  151 1.151670 68.725716 1.236887 0.041394 0.865446 -0.499289 0.517578 0.103516 2 151 0.846589 150 0.153411
shambler
  251 -1.113723 61.340935 13.146074 -0.992252 0.124089 -0.006138 0.587891 0.068359 1 251 1.000000
  254 0.943594 50.983154 14.598761 0.987845 0.139822 -0.067919 0.662109 0.080078 3 254 0.841148 235 0.122057 250 0.036795
  251 1.570112 61.353973 14.320150 0.556967 0.048253 0.829132 0.587891 0.080078 1 251 1.000000
shambler
  233 -1.192265 60.696022 18.181711 -0.993938 0.089582 0.063733 0.587891 0.033203 1 233 1.000000
  235 1.137444 50.583244 16.330740 0.759489 -0.080351 0.645539 0.662109 0.044922 2 235 0.780313 254 0.219687
  233 1.606626 60.400623 19.180899 0.575318 -0.192950 0.794846 0.587891 0.044922 1 233 1.000000
shambler
  169 1.754382 53.590687 0.817160 0.559065 -0.691924 -0.456824 0.587891 0.126953 1 169 1.000000
  169 -1.378349 54.699047 1.561838 -0.994178 0.059049 -0.090129 0.587891 0.138672 1 169 1.000000
  170 1.151667 60.134586 -7.410475 0.040862 0.517751 -0.854555 0.517578 0.138672 2 170 0.918252 169 0.081748
shambler
  191 1.822047 47.045174 -0.515497 0.538301 -0.832553 -0.130721 0.587891 0.162109 1 191 1.000000
  191 -1.481571 48.601151 -0.285152 -0.991742 0.054570 -0.116057 0.587891 0.173828 1 191 1.000000
  191 1.151662 49.758507 -10.594034 0.040110 0.123021 -0.991593 0.517578 0.173828 1 191 1.000000
shambler
  211 1.742814 41.295803 0.578962 0.547890 -0.810833 0.205830 0.587891 0.197266 1 211 1.000000
  211 -1.316856 42.592999 0.103697 -0.993371 -0.015107 -0.113953 0.587891 0.208984 1 211 1.000000
  212 1.151658 39.611366 -9.155835 0.042898 -0.303287 -0.951933 0.517578 0.208984 2 212 0.929522 211 0.070478
shambler
  150 1.734514 60.160458 7.720762 0.553895 0.439072 0.707401 0.587891 0.322266 1 150 1.000000
  150 1.734513 58.743988 5.466932 0.562753 -0.390971 -0.728321 0.587891 0.302734 1 150 1.000000
  151 1.151670 68.725716 1.236887 0.041394 0.865446 -0.499289 0.517578 0.314453 2 151 0.846589 150 0.153411
shambler
  191 1.822048 49.807667 -0.158533 0.581221 0.811366 0.062181 0.587891 0.384766 1 191 1.000000
  191 1.822047 47.045174 -0.515497 0.538301 -0.832553 -0.130721 0.587891 0.365234 1 191 1.000000
  191 1.151662 49.758507 -10.594034 0.040110 0.123021 -0.991593 0.517578 0.373047 1 191 1.000000
shambler
  233 1.606626 60.400623 19.180899 0.575318 -0.192950 0.794846 0.587891 0.259766 1 233 1.000000
  233 1.606626 61.126919 16.927763 0.534159 0.256845 -0.805422 0.587891 0.240234 1 233 1.000000
  233 1.151672 70.453712 20.898981 0.045984 0.959713 0.277193 0.517578 0.248047 1 233 1.000000
shambler
  150 1.734513 58.743988 5.466932 0.562753 -0.390971 -0.728321 0.587891 0.091797 1 150 1.000000
  150 -1.378872 59.440327 6.565760 -0.993307 0.095979 -0.064254 0.587891 0.103516 1 150 1.000000
  151 1.151670 68.725716 1.236887 0.041394 0.865446 -0.499289 0.517578 0.103516 2 151 0.846589 150 0.153411
shambler
  251 1.570112 61.310051 11.923151 0.541068 0.014252 -0.840858 0.587891 0.056641 1 251 1.000000
  251 -1.113723 61.340935 13.146074 -0.992252 0.124089 -0.006138 0.587891 0.068359 1 251 1.000000
  252 1.151674 71.274338 13.133249 0.046908 0.998899 0.000174 0.517578 0.068359 2 252 0.935996 251 0.064004
shambler
  233 1.606626 61.126919 16.927763 0.534159 0.256845 -0.805422 0.587891 0.021484 1 233 1.000000
  233 -1.192265 60.696022 18.181711 -0.993938 0.089582 0.063733 0.587891 0.033203 1 233 1.000000
  233 1.151672 70.453712 20.898981 0.045984 0.959713 0.277193 0.517578 0.033203 1 233 1.000000
shambler
  169 -1.378349 54.699047 1.561838 -0.994178 0.059049 -0.090129 0.587891 0.138672 1 169 1.000000
  144 0.806696 49.916653 10.895758 0.971592 0.178905 -0.154923 0.662109 0.150391 4 144 0.780050 153 0.094451 254 0.066945 250 0.058554
  169 1.754383 55.832596 2.285551 0.555276 0.719941 0.416356 0.587891 0.150391 1 169 1.000000
shambler
  191 -1.481571 48.601151 -0.285152 -0.991742 0.054570 -0.116057 0.587891 0.173828 1 191 1.000000
  193 0.806696 48.383266 9.960783 0.977561 0.112522 -0.178080 0.662109 0.185547 4 193 0.317407 194 0.317407 205 0.317407 144 0.047778
  191 1.822048 49.807667 -0.158533 0.581221 0.811366 0.062181 0.587891 0.185547 1 191 1.000000
shambler
  211 -1.316856 42.592999 0.103697 -0.993371 -0.015107 -0.113953 0.587891 0.208984 1 211 1.000000
  214 0.943593 46.375034 9.800566 0.987117 0.056420 -0.149722 0.662109 0.220703 4 214 0.324241 215 0.324241 226 0.324241 210 0.027277
  211 1.742815 43.815491 -0.283348 0.553267 0.783438 -0.283056 0.587891 0.220703 1 211 1.000000
shambler
  143 -4.310421 39.500988 22.078680 -0.994166 0.096709 -0.047767 0.544922 0.873047 1 143 1.000000
  143 -0.738578 42.053501 23.464430 0.131729 0.760645 0.635663 0.513672 0.873047 1 143 1.000000
  143 -2.900412 46.638565 16.838449 -0.846626 0.415285 0.332811 0.533203 0.935547 3 143 0.904551 235 0.071686 144 0.023764
shambler
  143 -4.310421 39.500988 22.078680 -0.994166 0.096709 -0.047767 0.544922 0.873047 1 143 1.000000
  143 -2.889672 44.394512 14.489012 -0.882017 -0.287747 -0.373160 0.556641 0.935547 2 143 0.516939 144 0.483061
  143 -0.832759 36.984112 19.063551 0.038012 -0.750767 -0.659472 0.572266 0.873047 1 143 1.000000
shambler
  254 0.806696 50.987026 12.566992 0.970750 0.219425 -0.097450 0.970703 0.974609 4 254 0.511080 250 0.451644 153 0.019415 144 0.017861
  254 0.943594 50.983154 14.598761 0.987845 0.139822 -0.067919 0.978516 0.966797 3 254 0.841148 235 0.122057 250 0.036795
  235 0.509721 46.214943 16.058229 0.998871 0.012856 -0.045723 0.962891 0.931641 1 235 1.000000
shambler
  214 0.596600 43.085945 13.473185 0.580050 -0.633374 -0.512230 0.935547 0.931641 3 214 0.333333 215 0.333333 226 0.333333
  214 0.943593 46.375034 9.800566 0.987117 0.056420 -0.149722 0.935547 0.966797 4 214 0.324241 215 0.324241 226 0.324241 210 0.027277
  193 0.509721 44.833050 14.731962 0.998844 0.045257 -0.016194 0.951172 0.931641 4 193 0.320795 194 0.320795 205 0.320795 235 0.037616
shambler
  235 -1.521240 50.775654 15.572256 -0.650240 0.583875 0.486084 0.517578 0.962891 2 235 0.999806 254 0.000194
  143 -2.900412 46.638565 16.838449 -0.846626 0.415285 0.332811 0.533203 0.935547 3 143 0.904551 235 0.071686 144 0.023764
  235 1.137444 50.583244 16.330740 0.759489 -0.080351 0.645539 0.505859 0.951172 2 235 0.780313 254 0.219687
shambler
  214 -1.475597 45.332958 9.920904 -0.697000 -0.460195 -0.549919 0.572266 0.962891 3 214 0.333333 215 0.333333 226 0.333333
  210 1.137443 44.448147 10.195631 0.724245 -0.679753 0.115783 0.583984 0.955078 4 210 0.617370 214 0.127543 215 0.127543 226 0.127543
  143 -2.889672 44.394512 14.489012 -0.882017 -0.287747 -0.373160 0.556641 0.935547 2 143 0.516939 144 0.483061
shambler
  71 -0.034199 14.299324 -13.386894 -0.079316 0.983331 0.163615 0.626953 0.986328 3 71 0.902710 70 0.057738 69 0.039552
  69 -7.448340 8.681723 -1.389610 -0.993832 -0.016249 0.109698 0.677734 0.900391 4 69 0.763012 68 0.148047 70 0.047251 71 0.041690
  69 0.739866 14.262066 0.689268 0.028414 0.997985 -0.056736 0.626953 0.888672 2 69 0.936326 68 0.063674
shambler
  70 -0.034204 3.658591 -13.292035 -0.101116 -0.984649 0.142271 0.728516 0.986328 3 70 0.861111 71 0.110648 69 0.028241
  69 -7.448340 8.681723 -1.389610 -0.993832 -0.016249 0.109698 0.677734 0.900391 4 69 0.763012 68 0.148047 70 0.047251 71 0.041690
  71 -4.618975 9.168677 -14.148577 -0.994189 0.013644 0.106781 0.677734 0.986328 2 71 0.512303 70 0.487697
shambler
  71 -0.034199 14.299324 -13.386894 -0.079316 0.983331 0.163615 0.869141 0.986328 3 71 0.902710 70 0.057738 69 0.039552
  69 6.518357 8.884096 -1.809778 0.990592 0.024462 -0.134640 0.818359 0.912109 3 69 0.870647 68 0.066836 71 0.062516
  71 6.466496 8.884096 -13.386894 0.919662 -0.003210 0.392698 0.818359 0.986328 3 71 0.874025 70 0.076233 69 0.049743
shambler
  70 -0.034204 3.658591 -13.292035 -0.101116 -0.984649 0.142271 0.767578 0.986328 3 70 0.861111 71 0.110648 69 0.028241
  69 6.518357 8.884096 -1.809778 0.990592 0.024462 -0.134640 0.818359 0.912109 3 69 0.870647 68 0.066836 71 0.062516
  69 0.976897 2.994580 0.592520 0.069017 -0.996934 -0.036855 0.767578 0.888672 2 69 0.963072 68 0.036928
shambler
  68 -5.352340 8.981067 4.141371 -0.998627 0.039710 0.034151 0.677734 0.869141 2 68 0.903871 69 0.096129
  67 -0.034205 1.815908 15.473730 -0.059790 -0.814066 -0.577687 0.728516 0.787109 4 67 0.827751 23 0.068214 25 0.060132 1 0.043903
  67 -8.447176 7.317935 18.357176 -0.962130 0.195145 -0.190324 0.677734 0.767578 4 67 0.796257 23 0.102107 68 0.067841 1 0.033796
shambler
  69 7.511158 8.884096 2.416527 0.993797 0.011457 -0.110620 0.818359 0.869141 2 69 0.563540 68 0.436460
  67 -0.034205 1.815908 15.473730 -0.059790 -0.814066 -0.577687 0.767578 0.787109 4 67 0.827751 23 0.068214 25 0.060132 1 0.043903
  69 0.976897 2.994580 0.592520 0.069017 -0.996934 -0.036855 0.767578 0.888672 2 69 0.963072 68 0.036928
shambler
  68 0.920256 15.851837 10.979490 0.044668 0.998694 0.024792 0.626953 0.818359 3 68 0.779560 67 0.133864 69 0.086575
  67 -8.447176 7.317935 18.357176 -0.962130 0.195145 -0.190324 0.677734 0.767578 4 67 0.796257 23 0.102107 68 0.067841 1 0.033796
  67 0.932666 13.974023 19.818830 0.174936 0.980024 0.094605 0.626953 0.751953 3 67 0.910417 68 0.084233 23 0.005350
shambler
  7 1.732194 3.968597 72.950623 0.886975 -0.404104 0.223551 0.744141 0.189453 3 7 0.827988 6 0.107429 5 0.064583
  7 -1.843919 3.686719 72.870232 -0.219732 -0.966906 0.129658 0.720703 0.197266 3 7 0.733505 6 0.207370 5 0.059124
  7 2.544252 4.532368 67.667511 0.999824 0.002730 0.018560 0.744141 0.236328 4 7 0.705744 5 0.186063 6 0.093423 128 0.014769
shambler
  5 2.747729 -0.000000 61.485680 0.708279 -0.000000 0.705932 0.693359 0.310547 4 5 0.821108 7 0.084952 128 0.046970 281 0.046970
  5 2.304846 3.865906 64.445053 0.871980 0.299495 0.387239 0.744141 0.267578 4 5 0.440086 7 0.389038 6 0.092200 128 0.078676
  6 -4.312374 0.000000 68.788338 -0.403793 0.000000 0.914850 0.693359 0.228516 4 6 0.595744 7 0.315834 5 0.058894 4 0.029528
shambler
  7 2.544252 4.532368 67.667511 0.999824 0.002730 0.018560 0.744141 0.236328 4 7 0.705744 5 0.186063 6 0.093423 128 0.014769
  6 -4.312374 0.000000 68.788338 -0.403793 0.000000 0.914850 0.693359 0.228516 4 6 0.595744 7 0.315834 5 0.058894 4 0.029528
  5 2.304846 3.865906 64.445053 0.871980 0.299495 0.387239 0.744141 0.267578 4 5 0.440086 7 0.389038 6 0.092200 128 0.078676
shambler
  128 3.981550 13.859682 56.353569 0.737438 0.339866 0.583674 0.853516 0.498047 2 128 0.965958 5 0.034042
  5 -1.552318 6.852674 61.316422 -0.030993 0.689696 0.723435 0.814453 0.447266 4 5 0.608880 128 0.170657 7 0.118366 4 0.102097
  5 4.435705 3.103653 61.568001 0.748902 0.109980 0.653491 0.779297 0.462891 4 5 0.673293 128 0.153640 281 0.091478 7 0.081590
shambler
  128 -6.720438 13.836974 57.518196 -0.640275 0.239984 0.729696 0.642578 0.498047 4 128 0.813654 4 0.078777 140 0.063912 5 0.043657
  5 -1.552318 6.852674 61.316422 -0.030993 0.689696 0.723435 0.681641 0.447266 4 5 0.608880 128 0.170657 7 0.118366 4 0.102097
  128 -0.890244 14.871654 58.409172 0.144775 0.238276 0.960346 0.634766 0.458984 2 128 0.960244 5 0.039756
shambler
  128 -1.412508 15.723938 43.528984 -0.095586 0.265229 -0.959436 0.884766 0.642578 4 128 0.341558 2 0.336483 140 0.212315 141 0.109644
  141 2.429713 28.351549 35.803047 0.990464 -0.026522 -0.135194 0.931641 0.744141 3 141 0.752356 142 0.202289 140 0.045356
  140 5.258173 19.968878 47.048630 0.998647 0.008151 -0.051362 0.931641 0.642578 3 140 0.782621 128 0.161626 141 0.055753
shambler
  140 -7.809463 20.064920 47.054199 -0.987296 0.050828 -0.150543 0.564453 0.642578 3 140 0.853171 128 0.095039 141 0.051791
  141 -1.552456 31.675463 39.845695 0.094984 0.782909 0.614842 0.513672 0.744141 3 141 0.905641 140 0.047243 142 0.047116
  141 -6.288057 28.728266 36.368118 -0.989823 -0.037756 0.137203 0.564453 0.732422 2 141 0.945642 142 0.054358
shambler
  128 -1.412508 15.723938 43.528984 -0.095586 0.265229 -0.959436 0.607422 0.642578 4 128 0.341558 2 0.336483 140 0.212315 141 0.109644
  141 -6.288057 28.728266 36.368118 -0.989823 -0.037756 0.137203 0.564453 0.732422 2 141 0.945642 142 0.054358
  141 -1.929174 25.311272 33.282745 -0.028109 -0.836664 -0.546995 0.607422 0.748047 3 141 0.788836 142 0.183350 140 0.027814
shambler
  140 5.258173 19.968878 47.048630 0.998647 0.008151 -0.051362 0.931641 0.642578 3 140 0.782621 128 0.161626 141 0.055753
  141 -1.552456 31.675463 39.845695 0.094984 0.782909 0.614842 0.978516 0.744141 3 141 0.905641 140 0.047243 142 0.047116
  140 -2.945689 24.147963 50.778282 -0.191597 0.871392 0.451627 0.978516 0.642578 2 140 0.948981 128 0.051019
shambler
  141 -1.552456 31.675463 39.845695 0.094984 0.782909 0.614842 0.978516 0.744141 3 141 0.905641 140 0.047243 142 0.047116
  142 2.429713 29.733513 34.206108 0.999079 -0.028234 -0.032305 0.931641 0.767578 3 142 0.647882 141 0.306222 143 0.045896
  141 -2.023349 33.574280 38.170784 -0.016117 0.769601 0.638321 0.978516 0.763672 3 141 0.805118 142 0.164849 143 0.030033
shambler
  142 -7.095795 29.625456 34.206108 -0.991271 -0.131334 0.011516 0.564453 0.771484 2 142 0.880799 141 0.119201
  142 -1.929174 26.176388 31.198709 0.013920 -0.839836 -0.542661 0.607422 0.763672 3 142 0.748956 141 0.212199 143 0.038845
  141 -6.288057 28.728266 36.368118 -0.989823 -0.037756 0.137203 0.564453 0.732422 2 141 0.945642 142 0.054358
shambler
  141 -6.288057 28.728266 36.368118 -0.989823 -0.037756 0.137203 0.564453 0.732422 2 141 0.945642 142 0.054358
  141 -2.023349 33.574280 38.170784 -0.016117 0.769601 0.638321 0.513672 0.763672 3 141 0.805118 142 0.164849 143 0.030033
  142 -7.095795 29.625456 34.206108 -0.991271 -0.131334 0.011516 0.564453 0.771484 2 142 0.880799 141 0.119201
shambler
  141 -1.929174 25.311272 33.282745 -0.028109 -0.836664 -0.546995 0.888672 0.748047 3 141 0.788836 142 0.183350 140 0.027814
  142 2.429713 29.733513 34.206108 0.999079 -0.028234 -0.032305 0.931641 0.767578 3 142 0.647882 141 0.306222 143 0.045896
  141 2.429713 28.351549 35.803047 0.990464 -0.026522 -0.135194 0.931641 0.744141 3 141 0.752356 142 0.202289 140 0.045356
shambler
  71 -0.034199 14.299324 -13.386894 -0.079316 0.983331 0.163615 0.814453 0.048828 3 71 0.902710 70 0.057738 69 0.039552
  71 8.984786 11.274242 -19.081339 0.772255 0.439480 0.458781 0.755859 0.033203 2 71 0.786028 72 0.213972
  71 4.576743 12.907753 -23.617283 0.383623 0.282136 -0.879336 0.755859 0.072266 2 71 0.869038 72 0.130962
shambler
  71 8.984785 6.368545 -19.081339 0.774116 -0.452518 0.442687 0.943359 0.033203 2 71 0.801642 72 0.198358
  70 -0.034204 3.658591 -13.292035 -0.101116 -0.984649 0.142271 0.884766 0.048828 3 70 0.861111 71 0.110648 69 0.028241
  71 4.611989 5.119046 -23.617283 0.353751 -0.278108 -0.893038 0.943359 0.072266 3 71 0.869518 72 0.095267 70 0.035216
shambler
  71 2.315696 16.019140 -23.617283 -0.220304 0.716881 -0.661474 0.974609 0.408203 2 71 0.930735 72 0.069265
  71 -5.058379 4.528808 -23.617283 -0.658361 -0.525251 -0.539140 0.904297 0.455078 2 71 0.887437 70 0.112563
  71 -6.399524 12.747941 -23.617283 -0.749348 0.424325 -0.508356 0.951172 0.462891 2 71 0.903466 70 0.096534
shambler
  71 2.315696 16.019140 -23.617283 -0.220304 0.716881 -0.661474 0.974609 0.408203 2 71 0.930735 72 0.069265
  71 4.611989 5.119046 -23.617283 0.353751 -0.278108 -0.893038 0.904297 0.396484 3 71 0.869518 72 0.095267 70 0.035216
  71 2.482933 1.594765 -23.617283 -0.168182 -0.761789 -0.625614 0.884766 0.408203 3 71 0.877733 70 0.085288 72 0.036979
shambler
  142 2.429713 29.733513 34.206108 0.999079 -0.028234 -0.032305 0.931641 0.767578 3 142 0.647882 141 0.306222 143 0.045896
  143 -0.738578 42.053501 23.464430 0.131729 0.760645 0.635663 0.978516 0.873047 1 143 1.000000
  141 -2.023349 33.574280 38.170784 -0.016117 0.769601 0.638321 0.978516 0.763672 3 141 0.805118 142 0.164849 143 0.030033
shambler
  142 -1.929174 26.176388 31.198709 0.013920 -0.839836 -0.542661 0.607422 0.763672 3 142 0.748956 141 0.212199 143 0.038845
  143 -4.310421 39.500988 22.078680 -0.994166 0.096709 -0.047767 0.544922 0.873047 1 143 1.000000
  143 -0.832759 36.984112 19.063551 0.038012 -0.750767 -0.659472 0.572266 0.873047 1 143 1.000000
shambler
  141 -2.023349 33.574280 38.170784 -0.016117 0.769601 0.638321 0.513672 0.763672 3 141 0.805118 142 0.164849 143 0.030033
  143 -4.310421 39.500988 22.078680 -0.994166 0.096709 -0.047767 0.544922 0.873047 1 143 1.000000
  142 -7.095795 29.625456 34.206108 -0.991271 -0.131334 0.011516 0.564453 0.771484 2 142 0.880799 141 0.119201
shambler
  142 -1.929174 26.176388 31.198709 0.013920 -0.839836 -0.542661 0.888672 0.763672 3 142 0.748956 141 0.212199 143 0.038845
  143 1.768552 39.540295 21.300985 0.999221 -0.038966 -0.006277 0.951172 0.873047 1 143 1.000000
  142 2.429713 29.733513 34.206108 0.999079 -0.028234 -0.032305 0.931641 0.767578 3 142 0.647882 141 0.306222 143 0.045896
shambler
  68 0.920256 15.851837 10.979490 0.044668 0.998694 0.024792 0.869141 0.818359 3 68 0.779560 67 0.133864 69 0.086575
  67 6.546721 8.010704 19.675508 0.933198 0.353192 -0.066316 0.818359 0.755859 4 67 0.825836 23 0.118289 68 0.044766 25 0.011109
  69 7.511158 8.884096 2.416527 0.993797 0.011457 -0.110620 0.818359 0.869141 2 69 0.563540 68 0.436460
shambler
  254 0.806696 50.987026 12.566992 0.970750 0.219425 -0.097450 0.662109 0.322266 4 254 0.511080 250 0.451644 153 0.019415 144 0.017861
  144 0.806696 49.916653 10.895758 0.971592 0.178905 -0.154923 0.662109 0.302734 4 144 0.780050 153 0.094451 254 0.066945 250 0.058554
  150 1.734513 58.743988 5.466932 0.562753 -0.390971 -0.728321 0.587891 0.302734 1 150 1.000000
shambler
  193 0.806696 48.383266 9.960783 0.977561 0.112522 -0.178080 0.662109 0.333984 4 193 0.317407 194 0.317407 205 0.317407 144 0.047778
  169 1.754382 53.590687 0.817160 0.559065 -0.691924 -0.456824 0.587891 0.333984 1 169 1.000000
  169 1.754383 55.832596 2.285551 0.555276 0.719941 0.416356 0.587891 0.353516 1 169 1.000000
shambler
  214 0.943593 46.375034 9.800566 0.987117 0.056420 -0.149722 0.662109 0.365234 4 214 0.324241 215 0.324241 226 0.324241 210 0.027277
  191 1.822047 47.045174 -0.515497 0.538301 -0.832553 -0.130721 0.587891 0.365234 1 191 1.000000
  191 1.822048 49.807667 -0.158533 0.581221 0.811366 0.062181 0.587891 0.384766 1 191 1.000000
shambler
  254 0.806696 50.987026 12.566992 0.970750 0.219425 -0.097450 0.662109 0.271484 4 254 0.511080 250 0.451644 153 0.019415 144 0.017861
  251 1.570112 61.310051 11.923151 0.541068 0.014252 -0.840858 0.587891 0.271484 1 251 1.000000
  251 1.570112 61.353973 14.320150 0.556967 0.048253 0.829132 0.587891 0.291016 1 251 1.000000
shambler
  254 0.943594 50.983154 14.598761 0.987845 0.139822 -0.067919 0.662109 0.240234 3 254 0.841148 235 0.122057 250 0.036795
  233 1.606626 61.126919 16.927763 0.534159 0.256845 -0.805422 0.587891 0.240234 1 233 1.000000
  233 1.606626 60.400623 19.180899 0.575318 -0.192950 0.794846 0.587891 0.259766 1 233 1.000000
shambler
  210 1.137443 44.448147 10.195631 0.724245 -0.679753 0.115783 0.662109 0.396484 4 210 0.617370 214 0.127543 215 0.127543 226 0.127543
  211 1.742814 41.295803 0.578962 0.547890 -0.810833 0.205830 0.587891 0.396484 1 211 1.000000
  211 1.742815 43.815491 -0.283348 0.553267 0.783438 -0.283056 0.587891 0.416016 1 211 1.000000
shambler
  144 0.806696 49.916653 10.895758 0.971592 0.178905 -0.154923 0.662109 0.091797 4 144 0.780050 153 0.094451 254 0.066945 250 0.058554
  153 -1.521240 50.486118 11.757128 -0.798040 0.491156 -0.349138 0.662109 0.103516 1 153 1.000000
  150 -1.378872 59.440327 6.565760 -0.993307 0.095979 -0.064254 0.587891 0.103516 1 150 1.000000
shambler
  254 0.806696 50.987026 12.566992 0.970750 0.219425 -0.097450 0.662109 0.115234 4 254 0.511080 250 0.451644 153 0.019415 144 0.017861
  150 1.734514 60.160458 7.720762 0.553895 0.439072 0.707401 0.587891 0.115234 1 150 1.000000
  150 -1.378872 59.440327 6.565760 -0.993307 0.095979 -0.064254 0.587891 0.103516 1 150 1.000000
shambler
  254 0.806696 50.987026 12.566992 0.970750 0.219425 -0.097450 0.662109 0.056641 4 254 0.511080 250 0.451644 153 0.019415 144 0.017861
  254 -2.067709 51.015617 13.586462 -0.852632 0.513822 -0.094898 0.662109 0.068359 3 254 0.866530 153 0.070322 235 0.063148
  251 -1.113723 61.340935 13.146074 -0.992252 0.124089 -0.006138 0.587891 0.068359 1 251 1.000000
shambler
  254 0.943594 50.983154 14.598761 0.987845 0.139822 -0.067919 0.662109 0.021484 3 254 0.841148 235 0.122057 250 0.036795
  235 -1.521240 50.775654 15.572256 -0.650240 0.583875 0.486084 0.662109 0.033203 2 235 0.999806 254 0.000194
  233 -1.192265 60.696022 18.181711 -0.993938 0.089582 0.063733 0.587891 0.033203 1 233 1.000000
shambler
  169 -1.378349 54.699047 1.561838 -0.994178 0.059049 -0.090129 0.587891 0.138672 1 169 1.000000
  169 1.754382 53.590687 0.817160 0.559065 -0.691924 -0.456824 0.587891 0.126953 1 169 1.000000
  193 0.806696 48.383266 9.960783 0.977561 0.112522 -0.178080 0.662109 0.126953 4 193 0.317407 194 0.317407 205 0.317407 144 0.047778
shambler
  214 0.943593 46.375034 9.800566 0.987117 0.056420 -0.149722 0.662109 0.162109 4 214 0.324241 215 0.324241 226 0.324241 210 0.027277
  193 -2.113355 47.362331 9.845133 -0.862924 0.107878 -0.493684 0.662109 0.173828 3 193 0.333333 194 0.333333 205 0.333333
  191 -1.481571 48.601151 -0.285152 -0.991742 0.054570 -0.116057 0.587891 0.173828 1 191 1.000000
shambler
  210 1.137443 44.448147 10.195631 0.724245 -0.679753 0.115783 0.662109 0.197266 4 210 0.617370 214 0.127543 215 0.127543 226 0.127543
  214 -1.475597 45.332958 9.920904 -0.697000 -0.460195 -0.549919 0.662109 0.208984 3 214 0.333333 215 0.333333 226 0.333333
  211 -1.316856 42.592999 0.103697 -0.993371 -0.015107 -0.113953 0.587891 0.208984 1 211 1.000000
shambler
  143 1.768552 39.540295 21.300985 0.999221 -0.038966 -0.006277 0.951172 0.873047 1 143 1.000000
  214 0.596600 43.085945 13.473185 0.580050 -0.633374 -0.512230 0.935547 0.931641 3 214 0.333333 215 0.333333 226 0.333333
  193 0.509721 44.833050 14.731962 0.998844 0.045257 -0.016194 0.951172 0.931641 4 193 0.320795 194 0.320795 205 0.320795 235 0.037616
shambler
  143 1.768552 39.540295 21.300985 0.999221 -0.038966 -0.006277 0.951172 0.873047 1 143 1.000000
  235 0.596601 47.349251 17.692503 0.636483 0.471305 0.610541 0.978516 0.931641 2 235 0.878806 143 0.121194
  143 -0.738578 42.053501 23.464430 0.131729 0.760645 0.635663 0.978516 0.873047 1 143 1.000000
shambler
  193 0.509721 44.833050 14.731962 0.998844 0.045257 -0.016194 0.951172 0.931641 4 193 0.320795 194 0.320795 205 0.320795 235 0.037616
  235 0.509721 46.214943 16.058229 0.998871 0.012856 -0.045723 0.962891 0.931641 1 235 1.000000
  143 1.768552 39.540295 21.300985 0.999221 -0.038966 -0.006277 0.951172 0.873047 1 143 1.000000
shambler
  153 -1.521240 50.486118 11.757128 -0.798040 0.491156 -0.349138 0.541016 0.974609 1 153 1.000000
  153 -1.475596 49.225071 10.363787 -0.772042 0.383222 -0.507043 0.552734 0.974609 4 153 0.334541 144 0.231969 193 0.216745 194 0.216745
  143 -2.889672 44.394512 14.489012 -0.882017 -0.287747 -0.373160 0.556641 0.935547 2 143 0.516939 144 0.483061
shambler
  251 -1.113723 61.340935 13.146074 -0.992252 0.124089 -0.006138 0.587891 0.068359 1 251 1.000000
  254 -2.067709 51.015617 13.586462 -0.852632 0.513822 -0.094898 0.662109 0.068359 3 254 0.866530 153 0.070322 235 0.063148
  254 0.943594 50.983154 14.598761 0.987845 0.139822 -0.067919 0.662109 0.080078 3 254 0.841148 235 0.122057 250 0.036795
shambler
  233 -1.192265 60.696022 18.181711 -0.993938 0.089582 0.063733 0.587891 0.033203 1 233 1.000000
  235 -1.521240 50.775654 15.572256 -0.650240 0.583875 0.486084 0.662109 0.033203 2 235 0.999806 254 0.000194
  235 1.137444 50.583244 16.330740 0.759489 -0.080351 0.645539 0.662109 0.044922 2 235 0.780313 254 0.219687
shambler
  169 -1.378349 54.699047 1.561838 -0.994178 0.059049 -0.090129 0.587891 0.138672 1 169 1.000000
  153 -1.475596 49.225071 10.363787 -0.772042 0.383222 -0.507043 0.662109 0.138672 4 153 0.334541 144 0.231969 193 0.216745 194 0.216745
  144 0.806696 49.916653 10.895758 0.971592 0.178905 -0.154923 0.662109 0.150391 4 144 0.780050 153 0.094451 254 0.066945 250 0.058554
shambler
  191 -1.481571 48.601151 -0.285152 -0.991742 0.054570 -0.116057 0.587891 0.173828 1 191 1.000000
  193 -2.113355 47.362331 9.845133 -0.862924 0.107878 -0.493684 0.662109 0.173828 3 193 0.333333 194 0.333333 205 0.333333
  193 0.806696 48.383266 9.960783 0.977561 0.112522 -0.178080 0.662109 0.185547 4 193 0.317407 194 0.317407 205 0.317407 144 0.047778
shambler
  211 -1.316856 42.592999 0.103697 -0.993371 -0.015107 -0.113953 0.587891 0.208984 1 211 1.000000
  214 -1.475597 45.332958 9.920904 -0.697000 -0.460195 -0.549919 0.662109 0.208984 3 214 0.333333 215 0.333333 226 0.333333
  214 0.943593 46.375034 9.800566 0.987117 0.056420 -0.149722 0.662109 0.220703 4 214 0.324241 215 0.324241 226 0.324241 210 0.027277
end
