version 1
nodes
0 "Root" -1
1 "InnerBack.L" 0
2 "UpperBack.L" 1
3 "LowerBack.L" 2
4 "LowerBack.L.001" 3
5 "InnerBack.R" 0
6 "UpperBack.R" 5
7 "LowerBack.R" 6
8 "LowerBack.R.001" 7
9 "InnerFront.L" 0
10 "UpperFront.L" 9
11 "LowerFront.L" 10
12 "LowerFront.L.001" 11
13 "InnerFront.R" 0
14 "UpperFront.R" 13
15 "LowerFront.R" 14
16 "LowerFront.R.001" 15
17 "Root.001" 0
18 "Root.002" 17
19 "Root.003" 18
20 "Flap.L" 0
21 "Flap.R" 0
22 "TargetFront.L" -1
23 "HandFront.L" 22
24 "TargetBack.L" -1
25 "HandBack.L" 24
26 "TargetBack.R" -1
27 "HandBack.R" 26
28 "TargetFront.R" -1
29 "HandFront.R" 28
end
skeleton
  time 0
  0 -0.223955 0.000000 0.007559 1.570796 -0.000000 1.570796
  1 0.000000 0.321328 -0.000000 -1.603904 -0.913024 -0.000031
  2 -0.000000 0.374527 0.000000 -0.228601 0.012401 0.091713
  3 -0.000000 0.120617 0.000000 -0.706717 0.043813 -0.215236
  4 0.000000 0.150692 -0.000000 0.000000 0.000000 0.000000
  5 0.000000 0.321328 -0.000000 -1.584373 0.920519 -0.000257
  6 -0.000000 0.369236 -0.000000 -0.363455 -0.021658 -0.120514
  7 -0.000000 0.116096 -0.000000 -0.394080 -0.087007 0.197681
  8 0.000000 0.156429 0.000000 -0.307757 0.009333 0.060056
  9 0.000000 0.321328 -0.000000 -1.532327 -2.219634 0.012190
  10 0.000000 0.402466 0.000000 -0.481373 0.504522 -0.028645
  11 0.000000 0.184148 -0.000000 0.033509 -0.280275 -0.369307
  12 -0.000000 0.111309 0.000000 -0.609984 -0.063322 -0.256875
  13 0.000000 0.321328 -0.000000 -1.532327 2.219634 -0.012190
  14 -0.000000 0.402466 0.000000 -0.389739 -0.519056 -0.008937
  15 0.000000 0.186936 0.000000 -0.264943 0.305274 0.513403
  16 -0.000000 0.116940 -0.000000 -0.289519 0.009194 0.104731
  17 0.000000 0.321328 -0.000000 -0.000000 -0.000000 -0.000000
  18 0.000000 0.219037 -0.000000 -0.104877 -0.000000 0.000000
  19 0.000000 0.258105 -0.000000 -0.335654 0.000000 -0.000000
  20 0.000000 0.321328 -0.000000 -1.570797 -2.845047 0.000001
  21 0.000000 0.321328 -0.000000 -1.570796 2.830313 -0.000000
  22 0.246481 0.572298 0.038655 0.000000 -0.000000 -1.570796
  23 -0.002728 0.000960 -0.000286 -0.303440 -0.000000 0.931209
  24 -0.619626 0.528918 0.037448 0.000000 -0.000000 1.570796
  25 0.000000 0.000000 0.000000 -0.260036 -0.014702 -0.926977
  26 -0.619626 -0.528918 0.037448 0.000000 -0.000000 1.570796
  27 0.000000 0.000000 0.000000 -0.260036 0.014702 0.926977
  28 0.247635 -0.575073 0.038528 0.000000 -0.000000 -1.570796
  29 -0.000047 -0.000194 -0.000158 -0.303440 0.000000 -0.931209
end
triangles
spawn
  17 -0.170781 0.402031 0.472997 -0.169664 0.980356 0.100585 0.687337 0.353694 4 17 0.568288 9 0.300226 18 0.069847 1 0.061638
  17 -0.175069 0.388438 0.370935 -0.130214 0.957827 -0.256148 0.727982 0.352817 4 17 0.570103 9 0.327170 1 0.080656 18 0.022072
  17 -0.405222 0.377973 0.332170 0.115345 0.977528 -0.176449 0.745501 0.262331 4 17 0.442512 1 0.362782 2 0.175252 3 0.019454
spawn
  17 -0.170781 0.402031 0.472997 -0.169664 0.980356 0.100585 0.687337 0.353694 4 17 0.568288 9 0.300226 18 0.069847 1 0.061638
  17 -0.405222 0.377973 0.332170 0.115345 0.977528 -0.176449 0.745501 0.262331 4 17 0.442512 1 0.362782 2 0.175252 3 0.019454
  17 -0.449651 0.334537 0.430587 -0.470947 0.800203 0.371328 0.705026 0.240650 4 17 0.515979 1 0.266110 2 0.206940 18 0.010972
spawn
  17 -0.022204 0.401751 0.537027 0.148618 0.970740 0.188617 0.413514 0.587130 4 17 0.566613 9 0.330139 18 0.087608 19 0.015640
  17 -0.006490 0.433723 0.377049 -0.247248 0.966956 0.062159 0.480533 0.598449 3 17 0.784413 10 0.157011 9 0.058576
  17 -0.175069 0.388438 0.370935 -0.130214 0.957827 -0.256148 0.486461 0.526451 4 17 0.570103 9 0.327170 1 0.080656 18 0.022072
spawn
  17 -0.022204 0.401751 0.537027 0.148618 0.970740 0.188617 0.413514 0.587130 4 17 0.566613 9 0.330139 18 0.087608 19 0.015640
  17 -0.175069 0.388438 0.370935 -0.130214 0.957827 -0.256148 0.486461 0.526451 4 17 0.570103 9 0.327170 1 0.080656 18 0.022072
  17 -0.170781 0.402031 0.472997 -0.169664 0.980356 0.100585 0.443854 0.527605 4 17 0.568288 9 0.300226 18 0.069847 1 0.061638
spawn
  10 0.090901 0.406168 0.398980 0.679520 0.607344 0.411565 0.466466 0.639015 2 10 0.634231 9 0.365769
  17 0.093189 0.350319 0.545858 0.679482 0.701196 0.215934 0.400921 0.638007 4 17 0.688004 9 0.240692 18 0.059738 19 0.011567
  17 0.152310 0.247623 0.572704 0.902744 0.402229 0.152528 0.372668 0.679847 4 17 0.627134 9 0.217351 18 0.096624 20 0.058891
spawn
  10 0.090901 0.406168 0.398980 0.679520 0.607344 0.411565 0.466466 0.639015 2 10 0.634231 9 0.365769
  17 0.152310 0.247623 0.572704 0.902744 0.402229 0.152528 0.372668 0.679847 4 17 0.627134 9 0.217351 18 0.096624 20 0.058891
  17 0.127393 0.287315 0.337486 0.957701 0.175195 -0.228287 0.472021 0.696959 4 17 0.491472 9 0.362747 10 0.096086 20 0.049695
spawn
  17 0.127393 0.287315 0.337486 0.957701 0.175195 -0.228287 0.472021 0.696959 4 17 0.491472 9 0.362747 10 0.096086 20 0.049695
  17 0.152310 0.247623 0.572704 0.902744 0.402229 0.152528 0.372668 0.679847 4 17 0.627134 9 0.217351 18 0.096624 20 0.058891
  17 0.189166 0.110914 0.557222 0.940572 -0.339418 0.010985 0.356847 0.733481 4 17 0.609663 20 0.176919 18 0.123731 9 0.089686
spawn
  17 0.127393 0.287315 0.337486 0.957701 0.175195 -0.228287 0.472021 0.696959 4 17 0.491472 9 0.362747 10 0.096086 20 0.049695
  17 0.189166 0.110914 0.557222 0.940572 -0.339418 0.010985 0.356847 0.733481 4 17 0.609663 20 0.176919 18 0.123731 9 0.089686
  17 0.167008 0.163758 0.388190 0.987360 -0.109092 -0.114976 0.432968 0.744858 4 17 0.533593 20 0.323206 9 0.124122 18 0.019079
spawn
  17 0.189166 0.110914 0.557222 0.940572 -0.339418 0.010985 0.356847 0.733481 4 17 0.609663 20 0.176919 18 0.123731 9 0.089686
  17 0.152310 0.247623 0.572704 0.902744 0.402229 0.152528 0.372668 0.679847 4 17 0.627134 9 0.217351 18 0.096624 20 0.058891
  18 0.100146 0.231272 0.733412 0.786963 0.521151 0.330290 0.308856 0.649169 4 18 0.741959 19 0.131541 9 0.102341 20 0.024158
spawn
  17 0.189166 0.110914 0.557222 0.940572 -0.339418 0.010985 0.356847 0.733481 4 17 0.609663 20 0.176919 18 0.123731 9 0.089686
  18 0.100146 0.231272 0.733412 0.786963 0.521151 0.330290 0.308856 0.649169 4 18 0.741959 19 0.131541 9 0.102341 20 0.024158
  18 0.169114 0.114261 0.693658 0.996283 0.085755 -0.008176 0.299668 0.712992 4 18 0.730957 19 0.126496 20 0.075848 9 0.066699
spawn
  17 0.093189 0.350319 0.545858 0.679482 0.701196 0.215934 0.400921 0.638007 4 17 0.688004 9 0.240692 18 0.059738 19 0.011567
  17 -0.022204 0.401751 0.537027 0.148618 0.970740 0.188617 0.413514 0.587130 4 17 0.566613 9 0.330139 18 0.087608 19 0.015640
  18 -0.057752 0.367011 0.720471 0.088588 0.995961 -0.014593 0.338791 0.567198 4 18 0.727197 9 0.123582 19 0.119899 17 0.029322
spawn
  17 0.093189 0.350319 0.545858 0.679482 0.701196 0.215934 0.400921 0.638007 4 17 0.688004 9 0.240692 18 0.059738 19 0.011567
  18 -0.057752 0.367011 0.720471 0.088588 0.995961 -0.014593 0.338791 0.567198 4 18 0.727197 9 0.123582 19 0.119899 17 0.029322
  18 0.015907 0.327164 0.744617 0.786566 0.591514 0.177269 0.323372 0.598462 4 18 0.728132 19 0.128710 9 0.107942 17 0.035216
spawn
  17 -0.022204 0.401751 0.537027 0.148618 0.970740 0.188617 0.413514 0.587130 4 17 0.566613 9 0.330139 18 0.087608 19 0.015640
  17 -0.170781 0.402031 0.472997 -0.169664 0.980356 0.100585 0.443854 0.527605 4 17 0.568288 9 0.300226 18 0.069847 1 0.061638
  18 -0.209374 0.388892 0.607933 -0.171866 0.982778 -0.067886 0.389201 0.508151 4 18 0.679325 9 0.171637 17 0.077488 19 0.071551
spawn
  17 -0.170781 0.402031 0.472997 -0.169664 0.980356 0.100585 0.687337 0.353694 4 17 0.568288 9 0.300226 18 0.069847 1 0.061638
  17 -0.449651 0.334537 0.430587 -0.470947 0.800203 0.371328 0.705026 0.240650 4 17 0.515979 1 0.266110 2 0.206940 18 0.010972
  17 -0.401394 0.310130 0.542064 -0.531671 0.817447 0.221600 0.657615 0.255084 4 17 0.554736 1 0.230969 18 0.122029 2 0.092265
spawn
  17 -0.170781 0.402031 0.472997 -0.169664 0.980356 0.100585 0.687337 0.353694 4 17 0.568288 9 0.300226 18 0.069847 1 0.061638
  17 -0.401394 0.310130 0.542064 -0.531671 0.817447 0.221600 0.657615 0.255084 4 17 0.554736 1 0.230969 18 0.122029 2 0.092265
  18 -0.209374 0.388892 0.607933 -0.171866 0.982778 -0.067886 0.634388 0.339098 4 18 0.679325 9 0.171637 17 0.077488 19 0.071551
spawn
  10 0.090901 0.406168 0.398980 0.679520 0.607344 0.411565 0.470800 0.167545 2 10 0.634231 9 0.365769
  17 0.127393 0.287315 0.337486 0.957701 0.175195 -0.228287 0.476723 0.116034 4 17 0.491472 9 0.362747 10 0.096086 20 0.049695
  28 0.133990 0.397071 0.303022 0.995121 -0.092242 -0.035014 0.436265 0.143572 3 28 0.433982 10 0.349447 11 0.216571
spawn
  10 0.090901 0.406168 0.398980 0.679520 0.607344 0.411565 0.470800 0.167545 2 10 0.634231 9 0.365769
  28 0.133990 0.397071 0.303022 0.995121 -0.092242 -0.035014 0.436265 0.143572 3 28 0.433982 10 0.349447 11 0.216571
  10 0.096107 0.469165 0.351142 0.457601 0.517040 0.723375 0.442438 0.180560 2 10 0.641648 11 0.358352
spawn
  11 0.111316 0.515064 0.304992 0.386931 0.624558 0.678389 0.416867 0.188531 3 11 0.428412 10 0.355033 12 0.216555
  11 0.148884 0.468433 0.269143 0.945839 -0.234573 0.224418 0.405041 0.161224 4 11 0.299252 28 0.297723 10 0.252535 12 0.150490
  11 0.190985 0.504719 0.214574 0.865654 -0.325189 0.380650 0.373150 0.169378 3 11 0.479908 12 0.479308 10 0.040784
spawn
  11 0.111316 0.515064 0.304992 0.386931 0.624558 0.678389 0.416867 0.188531 3 11 0.428412 10 0.355033 12 0.216555
  11 0.190985 0.504719 0.214574 0.865654 -0.325189 0.380650 0.373150 0.169378 3 11 0.479908 12 0.479308 10 0.040784
  11 0.157544 0.554480 0.232540 0.447923 0.706993 0.547290 0.380646 0.190984 3 11 0.508551 12 0.464262 10 0.027187
spawn
  11 0.157544 0.554480 0.232540 0.447923 0.706993 0.547290 0.380646 0.190984 3 11 0.508551 12 0.464262 10 0.027187
  11 0.190985 0.504719 0.214574 0.865654 -0.325189 0.380650 0.373150 0.169378 3 11 0.479908 12 0.479308 10 0.040784
  12 0.272196 0.557930 0.070572 0.713408 -0.313061 0.626931 0.307253 0.175988 4 12 0.514399 22 0.452361 23 0.031987 11 0.001253
spawn
  11 0.157544 0.554480 0.232540 0.447923 0.706993 0.547290 0.380646 0.190984 3 11 0.508551 12 0.464262 10 0.027187
  12 0.272196 0.557930 0.070572 0.713408 -0.313061 0.626931 0.307253 0.175988 4 12 0.514399 22 0.452361 23 0.031987 11 0.001253
  12 0.235470 0.585255 0.085604 0.427706 0.660234 0.617380 0.317086 0.191652 4 12 0.900971 22 0.079456 23 0.019573 11 0.000000
spawn
  17 -0.022204 0.401751 0.537027 0.148618 0.970740 0.188617 0.413514 0.587130 4 17 0.566613 9 0.330139 18 0.087608 19 0.015640
  18 -0.209374 0.388892 0.607933 -0.171866 0.982778 -0.067886 0.389201 0.508151 4 18 0.679325 9 0.171637 17 0.077488 19 0.071551
  18 -0.149246 0.383800 0.668404 0.235724 0.952157 0.194501 0.362656 0.531189 4 18 0.721969 9 0.140424 19 0.096121 1 0.041486
spawn
  17 -0.022204 0.401751 0.537027 0.148618 0.970740 0.188617 0.413514 0.587130 4 17 0.566613 9 0.330139 18 0.087608 19 0.015640
  18 -0.149246 0.383800 0.668404 0.235724 0.952157 0.194501 0.362656 0.531189 4 18 0.721969 9 0.140424 19 0.096121 1 0.041486
  18 -0.057752 0.367011 0.720471 0.088588 0.995961 -0.014593 0.338791 0.567198 4 18 0.727197 9 0.123582 19 0.119899 17 0.029322
spawn
  18 -0.057752 0.367011 0.720471 0.088588 0.995961 -0.014593 0.338791 0.567198 4 18 0.727197 9 0.123582 19 0.119899 17 0.029322
  18 -0.149246 0.383800 0.668404 0.235724 0.952157 0.194501 0.362656 0.531189 4 18 0.721969 9 0.140424 19 0.096121 1 0.041486
  18 -0.212027 0.362946 0.717431 -0.271291 0.514750 0.813285 0.341839 0.504512 4 18 0.695703 19 0.134017 9 0.108877 17 0.061402
spawn
  18 -0.057752 0.367011 0.720471 0.088588 0.995961 -0.014593 0.338791 0.567198 4 18 0.727197 9 0.123582 19 0.119899 17 0.029322
  18 -0.212027 0.362946 0.717431 -0.271291 0.514750 0.813285 0.341839 0.504512 4 18 0.695703 19 0.134017 9 0.108877 17 0.061402
  18 -0.101031 0.349987 0.777314 -0.311095 0.800388 0.512445 0.315297 0.549001 4 18 0.689225 19 0.161185 9 0.110709 17 0.038881
spawn
  18 -0.209374 0.388892 0.607933 -0.171866 0.982778 -0.067886 0.634388 0.339098 4 18 0.679325 9 0.171637 17 0.077488 19 0.071551
  17 -0.401394 0.310130 0.542064 -0.531671 0.817447 0.221600 0.657615 0.255084 4 17 0.554736 1 0.230969 18 0.122029 2 0.092265
  18 -0.381208 0.295944 0.633318 -0.565826 0.793242 0.224964 0.619543 0.261573 4 18 0.673829 1 0.161367 19 0.101620 2 0.063184
spawn
  18 -0.209374 0.388892 0.607933 -0.171866 0.982778 -0.067886 0.634388 0.339098 4 18 0.679325 9 0.171637 17 0.077488 19 0.071551
  18 -0.381208 0.295944 0.633318 -0.565826 0.793242 0.224964 0.619543 0.261573 4 18 0.673829 1 0.161367 19 0.101620 2 0.063184
  18 -0.260238 0.364908 0.649343 -0.674674 0.732905 0.087553 0.617285 0.317668 4 18 0.684568 9 0.144025 19 0.097456 1 0.073950
spawn
  18 -0.377244 0.286482 0.680716 -0.527477 0.843894 0.098037 0.599764 0.262443 4 18 0.716399 19 0.136012 1 0.102068 9 0.045521
  18 -0.212027 0.362946 0.717431 -0.271291 0.514750 0.813285 0.590883 0.335904 4 18 0.695703 19 0.134017 9 0.108877 17 0.061402
  18 -0.260238 0.364908 0.649343 -0.674674 0.732905 0.087553 0.617285 0.317668 4 18 0.684568 9 0.144025 19 0.097456 1 0.073950
spawn
  18 -0.377244 0.286482 0.680716 -0.527477 0.843894 0.098037 0.599764 0.262443 4 18 0.716399 19 0.136012 1 0.102068 9 0.045521
  18 -0.260238 0.364908 0.649343 -0.674674 0.732905 0.087553 0.617285 0.317668 4 18 0.684568 9 0.144025 19 0.097456 1 0.073950
  18 -0.381208 0.295944 0.633318 -0.565826 0.793242 0.224964 0.619543 0.261573 4 18 0.673829 1 0.161367 19 0.101620 2 0.063184
spawn
  18 0.169114 0.114261 0.693658 0.996283 0.085755 -0.008176 0.299668 0.712992 4 18 0.730957 19 0.126496 20 0.075848 9 0.066699
  18 0.100146 0.231272 0.733412 0.786963 0.521151 0.330290 0.308856 0.649169 4 18 0.741959 19 0.131541 9 0.102341 20 0.024158
  18 0.052396 0.191708 0.869433 0.557181 0.571412 0.602527 0.251524 0.625566 4 18 0.703024 19 0.259539 9 0.037411 10 0.000026
spawn
  18 0.169114 0.114261 0.693658 0.996283 0.085755 -0.008176 0.299668 0.712992 4 18 0.730957 19 0.126496 20 0.075848 9 0.066699
  18 0.052396 0.191708 0.869433 0.557181 0.571412 0.602527 0.251524 0.625566 4 18 0.703024 19 0.259539 9 0.037411 10 0.000026
  18 0.150590 0.060284 0.908569 0.757952 0.176762 0.627904 0.216708 0.677299 4 18 0.720469 19 0.275368 9 0.002946 10 0.001216
spawn
  18 0.150590 0.060284 0.908569 0.757952 0.176762 0.627904 0.216708 0.677299 4 18 0.720469 19 0.275368 9 0.002946 10 0.001216
  18 0.216060 0.034828 0.791707 0.987179 0.031431 0.156489 0.241407 0.713904 4 18 0.748230 19 0.182407 13 0.035133 20 0.034230
  18 0.169114 0.114261 0.693658 0.996283 0.085755 -0.008176 0.299668 0.712992 4 18 0.730957 19 0.126496 20 0.075848 9 0.066699
spawn
  17 0.152310 0.247623 0.572704 0.902744 0.402229 0.152528 0.372668 0.679847 4 17 0.627134 9 0.217351 18 0.096624 20 0.058891
  17 0.093189 0.350319 0.545858 0.679482 0.701196 0.215934 0.400921 0.638007 4 17 0.688004 9 0.240692 18 0.059738 19 0.011567
  18 0.015907 0.327164 0.744617 0.786566 0.591514 0.177269 0.323372 0.598462 4 18 0.728132 19 0.128710 9 0.107942 17 0.035216
spawn
  17 0.152310 0.247623 0.572704 0.902744 0.402229 0.152528 0.372668 0.679847 4 17 0.627134 9 0.217351 18 0.096624 20 0.058891
  18 0.015907 0.327164 0.744617 0.786566 0.591514 0.177269 0.323372 0.598462 4 18 0.728132 19 0.128710 9 0.107942 17 0.035216
  18 0.100146 0.231272 0.733412 0.786963 0.521151 0.330290 0.308856 0.649169 4 18 0.741959 19 0.131541 9 0.102341 20 0.024158
spawn
  18 0.052396 0.191708 0.869433 0.557181 0.571412 0.602527 0.251524 0.625566 4 18 0.703024 19 0.259539 9 0.037411 10 0.000026
  18 0.100146 0.231272 0.733412 0.786963 0.521151 0.330290 0.308856 0.649169 4 18 0.741959 19 0.131541 9 0.102341 20 0.024158
  18 0.015907 0.327164 0.744617 0.786566 0.591514 0.177269 0.323372 0.598462 4 18 0.728132 19 0.128710 9 0.107942 17 0.035216
spawn
  18 0.052396 0.191708 0.869433 0.557181 0.571412 0.602527 0.251524 0.625566 4 18 0.703024 19 0.259539 9 0.037411 10 0.000026
  18 0.015907 0.327164 0.744617 0.786566 0.591514 0.177269 0.323372 0.598462 4 18 0.728132 19 0.128710 9 0.107942 17 0.035216
  18 -0.015565 0.312440 0.805509 0.454415 0.285277 0.843874 0.298597 0.584806 4 18 0.688576 19 0.173316 9 0.081852 17 0.056257
spawn
  28 0.133990 0.397071 0.303022 0.995121 -0.092242 -0.035014 0.436265 0.143572 3 28 0.433982 10 0.349447 11 0.216571
  17 0.127393 0.287315 0.337486 0.957701 0.175195 -0.228287 0.476723 0.116034 4 17 0.491472 9 0.362747 10 0.096086 20 0.049695
  17 0.067964 0.263361 0.263173 0.502752 0.199716 -0.841043 0.455730 0.081399 4 17 0.493553 9 0.366378 10 0.095785 20 0.044284
spawn
  28 0.133990 0.397071 0.303022 0.995121 -0.092242 -0.035014 0.436265 0.143572 3 28 0.433982 10 0.349447 11 0.216571
  17 0.067964 0.263361 0.263173 0.502752 0.199716 -0.841043 0.455730 0.081399 4 17 0.493553 9 0.366378 10 0.095785 20 0.044284
  10 0.095511 0.389256 0.250254 0.326249 -0.245235 -0.912919 0.416487 0.128162 2 10 0.615213 11 0.384787
spawn
  11 0.148884 0.468433 0.269143 0.945839 -0.234573 0.224418 0.405041 0.161224 4 11 0.299252 28 0.297723 10 0.252535 12 0.150490
  28 0.133990 0.397071 0.303022 0.995121 -0.092242 -0.035014 0.436265 0.143572 3 28 0.433982 10 0.349447 11 0.216571
  10 0.095511 0.389256 0.250254 0.326249 -0.245235 -0.912919 0.416487 0.128162 2 10 0.615213 11 0.384787
spawn
  11 0.148884 0.468433 0.269143 0.945839 -0.234573 0.224418 0.405041 0.161224 4 11 0.299252 28 0.297723 10 0.252535 12 0.150490
  10 0.095511 0.389256 0.250254 0.326249 -0.245235 -0.912919 0.416487 0.128162 2 10 0.615213 11 0.384787
  11 0.119194 0.464404 0.229251 0.095842 -0.694839 -0.712750 0.393539 0.144196 3 11 0.424370 10 0.362200 12 0.213430
spawn
  12 0.272196 0.557930 0.070572 0.713408 -0.313061 0.626931 0.307253 0.175988 4 12 0.514399 22 0.452361 23 0.031987 11 0.001253
  11 0.190985 0.504719 0.214574 0.865654 -0.325189 0.380650 0.373150 0.169378 3 11 0.479908 12 0.479308 10 0.040784
  12 0.150029 0.480780 0.177541 -0.027539 -0.906652 -0.420979 0.369351 0.146520 3 12 0.477051 11 0.473262 10 0.049686
spawn
  12 0.272196 0.557930 0.070572 0.713408 -0.313061 0.626931 0.307253 0.175988 4 12 0.514399 22 0.452361 23 0.031987 11 0.001253
  12 0.150029 0.480780 0.177541 -0.027539 -0.906652 -0.420979 0.369351 0.146520 3 12 0.477051 11 0.473262 10 0.049686
  12 0.250805 0.543089 0.043248 -0.118505 -0.857982 -0.499824 0.302719 0.162289 3 12 0.507411 22 0.467775 23 0.024815
spawn
  10 0.029958 0.439674 0.262264 -0.704422 0.206924 -0.678950 0.936027 0.408416 2 10 0.614842 11 0.385158
  17 -0.004493 0.348674 0.273161 -0.212400 0.452993 -0.865843 0.970878 0.427316 4 17 0.748882 10 0.148012 9 0.102521 11 0.000584
  17 -0.006490 0.433723 0.377049 -0.247248 0.966956 0.062159 0.970514 0.375434 3 17 0.784413 10 0.157011 9 0.058576
spawn
  10 0.029958 0.439674 0.262264 -0.704422 0.206924 -0.678950 0.936027 0.408416 2 10 0.614842 11 0.385158
  17 -0.006490 0.433723 0.377049 -0.247248 0.966956 0.062159 0.970514 0.375434 3 17 0.784413 10 0.157011 9 0.058576
  10 0.035351 0.481740 0.333389 -0.590955 0.731476 0.340169 0.940056 0.375551 2 10 0.620238 11 0.379762
spawn
  11 0.060934 0.498838 0.240284 -0.798953 0.250542 -0.546721 0.907834 0.399114 3 11 0.428811 10 0.350972 12 0.220218
  10 0.029958 0.439674 0.262264 -0.704422 0.206924 -0.678950 0.936027 0.408416 2 10 0.614842 11 0.385158
  10 0.035351 0.481740 0.333389 -0.590955 0.731476 0.340169 0.940056 0.375551 2 10 0.620238 11 0.379762
spawn
  11 0.060934 0.498838 0.240284 -0.798953 0.250542 -0.546721 0.907834 0.399114 3 11 0.428811 10 0.350972 12 0.220218
  10 0.035351 0.481740 0.333389 -0.590955 0.731476 0.340169 0.940056 0.375551 2 10 0.620238 11 0.379762
  11 0.072119 0.519469 0.290786 -0.501924 0.821965 0.269158 0.913106 0.377069 3 11 0.425674 10 0.353747 12 0.220579
spawn
  12 0.203860 0.574671 0.038104 -0.730378 -0.164106 -0.663036 0.807164 0.422028 4 12 0.858776 22 0.089898 23 0.051313 11 0.000014
  12 0.104602 0.528911 0.180614 -0.837609 0.065055 -0.542383 0.875485 0.404106 3 12 0.498625 11 0.483998 10 0.017377
  11 0.121951 0.559846 0.222843 -0.374241 0.918036 0.130973 0.876135 0.382539 3 11 0.478877 12 0.476194 10 0.044929
spawn
  12 0.203860 0.574671 0.038104 -0.730378 -0.164106 -0.663036 0.807164 0.422028 4 12 0.858776 22 0.089898 23 0.051313 11 0.000014
  11 0.121951 0.559846 0.222843 -0.374241 0.918036 0.130973 0.876135 0.382539 3 11 0.478877 12 0.476194 10 0.044929
  12 0.206606 0.597783 0.067869 -0.554354 0.807222 0.202694 0.809915 0.407506 4 12 0.899119 23 0.067220 22 0.031182 11 0.002479
spawn
  17 0.166484 0.112657 0.297717 0.911994 -0.263048 -0.314759 0.467355 0.770366 2 17 0.508653 20 0.491347
  17 0.067964 0.263361 0.263173 0.502752 0.199716 -0.841043 0.513428 0.713336 4 17 0.493553 9 0.366378 10 0.095785 20 0.044284
  17 0.127393 0.287315 0.337486 0.957701 0.175195 -0.228287 0.472021 0.696959 4 17 0.491472 9 0.362747 10 0.096086 20 0.049695
spawn
  17 0.166484 0.112657 0.297717 0.911994 -0.263048 -0.314759 0.467355 0.770366 2 17 0.508653 20 0.491347
  17 0.127393 0.287315 0.337486 0.957701 0.175195 -0.228287 0.472021 0.696959 4 17 0.491472 9 0.362747 10 0.096086 20 0.049695
  17 0.167008 0.163758 0.388190 0.987360 -0.109092 -0.114976 0.432968 0.744858 4 17 0.533593 20 0.323206 9 0.124122 18 0.019079
spawn
  18 -0.377244 0.286482 0.680716 -0.527477 0.843894 0.098037 0.599764 0.262443 4 18 0.716399 19 0.136012 1 0.102068 9 0.045521
  18 -0.263719 0.314957 0.753538 -0.268380 0.941321 0.204666 0.573128 0.311017 4 18 0.694420 19 0.201080 9 0.061965 1 0.042534
  18 -0.212027 0.362946 0.717431 -0.271291 0.514750 0.813285 0.590883 0.335904 4 18 0.695703 19 0.134017 9 0.108877 17 0.061402
spawn
  18 -0.101031 0.349987 0.777314 -0.311095 0.800388 0.512445 0.315297 0.549001 4 18 0.689225 19 0.161185 9 0.110709 17 0.038881
  18 -0.212027 0.362946 0.717431 -0.271291 0.514750 0.813285 0.341839 0.504512 4 18 0.695703 19 0.134017 9 0.108877 17 0.061402
  18 -0.263719 0.314957 0.753538 -0.268380 0.941321 0.204666 0.321827 0.479796 4 18 0.694420 19 0.201080 9 0.061965 1 0.042534
spawn
  18 -0.101031 0.349987 0.777314 -0.311095 0.800388 0.512445 0.315297 0.549001 4 18 0.689225 19 0.161185 9 0.110709 17 0.038881
  18 -0.263719 0.314957 0.753538 -0.268380 0.941321 0.204666 0.321827 0.479796 4 18 0.694420 19 0.201080 9 0.061965 1 0.042534
  18 -0.176114 0.313282 0.808168 0.006653 0.950025 0.312102 0.296517 0.516249 4 18 0.684432 19 0.236412 9 0.062753 17 0.016403
spawn
  18 -0.015565 0.312440 0.805509 0.454415 0.285277 0.843874 0.298597 0.584806 4 18 0.688576 19 0.173316 9 0.081852 17 0.056257
  18 -0.101031 0.349987 0.777314 -0.311095 0.800388 0.512445 0.315297 0.549001 4 18 0.689225 19 0.161185 9 0.110709 17 0.038881
  18 -0.176114 0.313282 0.808168 0.006653 0.950025 0.312102 0.296517 0.516249 4 18 0.684432 19 0.236412 9 0.062753 17 0.016403
spawn
  18 -0.015565 0.312440 0.805509 0.454415 0.285277 0.843874 0.298597 0.584806 4 18 0.688576 19 0.173316 9 0.081852 17 0.056257
  18 -0.176114 0.313282 0.808168 0.006653 0.950025 0.312102 0.296517 0.516249 4 18 0.684432 19 0.236412 9 0.062753 17 0.016403
  18 -0.094300 0.268509 0.870565 0.418033 0.814661 0.401965 0.260947 0.553644 4 18 0.568675 19 0.375477 9 0.047246 17 0.008603
spawn
  18 0.052396 0.191708 0.869433 0.557181 0.571412 0.602527 0.251524 0.625566 4 18 0.703024 19 0.259539 9 0.037411 10 0.000026
  18 -0.015565 0.312440 0.805509 0.454415 0.285277 0.843874 0.298597 0.584806 4 18 0.688576 19 0.173316 9 0.081852 17 0.056257
  18 -0.094300 0.268509 0.870565 0.418033 0.814661 0.401965 0.260947 0.553644 4 18 0.568675 19 0.375477 9 0.047246 17 0.008603
spawn
  18 0.052396 0.191708 0.869433 0.557181 0.571412 0.602527 0.251524 0.625566 4 18 0.703024 19 0.259539 9 0.037411 10 0.000026
  18 -0.094300 0.268509 0.870565 0.418033 0.814661 0.401965 0.260947 0.553644 4 18 0.568675 19 0.375477 9 0.047246 17 0.008603
  18 -0.043092 0.178809 0.922262 0.659287 0.563612 0.497676 0.222759 0.589585 4 18 0.577180 19 0.407835 9 0.014202 10 0.000783
spawn
  18 0.150590 0.060284 0.908569 0.757952 0.176762 0.627904 0.216708 0.677299 4 18 0.720469 19 0.275368 9 0.002946 10 0.001216
  18 0.052396 0.191708 0.869433 0.557181 0.571412 0.602527 0.251524 0.625566 4 18 0.703024 19 0.259539 9 0.037411 10 0.000026
  18 -0.043092 0.178809 0.922262 0.659287 0.563612 0.497676 0.222759 0.589585 4 18 0.577180 19 0.407835 9 0.014202 10 0.000783
spawn
  18 0.150590 0.060284 0.908569 0.757952 0.176762 0.627904 0.216708 0.677299 4 18 0.720469 19 0.275368 9 0.002946 10 0.001216
  18 -0.043092 0.178809 0.922262 0.659287 0.563612 0.497676 0.222759 0.589585 4 18 0.577180 19 0.407835 9 0.014202 10 0.000783
  18 0.004978 0.063023 0.971842 0.712366 0.221664 0.665883 0.179427 0.629025 2 18 0.511480 19 0.488520
spawn
  17 -0.175069 0.388438 0.370935 -0.130214 0.957827 -0.256148 0.486461 0.526451 4 17 0.570103 9 0.327170 1 0.080656 18 0.022072
  17 -0.006490 0.433723 0.377049 -0.247248 0.966956 0.062159 0.480533 0.598449 3 17 0.784413 10 0.157011 9 0.058576
  17 -0.004493 0.348674 0.273161 -0.212400 0.452993 -0.865843 0.535816 0.593140 4 17 0.748882 10 0.148012 9 0.102521 11 0.000584
spawn
  17 -0.175069 0.388438 0.370935 -0.130214 0.957827 -0.256148 0.486461 0.526451 4 17 0.570103 9 0.327170 1 0.080656 18 0.022072
  17 -0.004493 0.348674 0.273161 -0.212400 0.452993 -0.865843 0.535816 0.593140 4 17 0.748882 10 0.148012 9 0.102521 11 0.000584
  17 -0.165050 0.335201 0.264427 -0.051623 0.649955 -0.758217 0.535885 0.526402 4 17 0.564379 9 0.355788 1 0.079789 10 0.000044
spawn
  17 -0.405222 0.377973 0.332170 0.115345 0.977528 -0.176449 0.745501 0.262331 4 17 0.442512 1 0.362782 2 0.175252 3 0.019454
  17 -0.175069 0.388438 0.370935 -0.130214 0.957827 -0.256148 0.727982 0.352817 4 17 0.570103 9 0.327170 1 0.080656 18 0.022072
  17 -0.165050 0.335201 0.264427 -0.051623 0.649955 -0.758217 0.774619 0.359678 4 17 0.564379 9 0.355788 1 0.079789 10 0.000044
spawn
  17 -0.405222 0.377973 0.332170 0.115345 0.977528 -0.176449 0.745501 0.262331 4 17 0.442512 1 0.362782 2 0.175252 3 0.019454
  17 -0.165050 0.335201 0.264427 -0.051623 0.649955 -0.758217 0.774619 0.359678 4 17 0.564379 9 0.355788 1 0.079789 10 0.000044
  17 -0.381657 0.301486 0.271813 -0.049996 0.447114 -0.893079 0.783407 0.273597 4 17 0.429690 1 0.399354 2 0.166951 9 0.004005
spawn
  11 0.121951 0.559846 0.222843 -0.374241 0.918036 0.130973 0.384086 0.204872 3 11 0.478877 12 0.476194 10 0.044929
  11 0.157544 0.554480 0.232540 0.447923 0.706993 0.547290 0.380646 0.190984 3 11 0.508551 12 0.464262 10 0.027187
  12 0.235470 0.585255 0.085604 0.427706 0.660234 0.617380 0.317086 0.191652 4 12 0.900971 22 0.079456 23 0.019573 11 0.000000
spawn
  11 0.121951 0.559846 0.222843 -0.374241 0.918036 0.130973 0.384086 0.204872 3 11 0.478877 12 0.476194 10 0.044929
  12 0.235470 0.585255 0.085604 0.427706 0.660234 0.617380 0.317086 0.191652 4 12 0.900971 22 0.079456 23 0.019573 11 0.000000
  12 0.206606 0.597783 0.067869 -0.554354 0.807222 0.202694 0.315539 0.205676 4 12 0.899119 23 0.067220 22 0.031182 11 0.002479
spawn
  11 0.072119 0.519469 0.290786 -0.501924 0.821965 0.269158 0.420088 0.204555 3 11 0.425674 10 0.353747 12 0.220579
  11 0.111316 0.515064 0.304992 0.386931 0.624558 0.678389 0.416867 0.188531 3 11 0.428412 10 0.355033 12 0.216555
  11 0.157544 0.554480 0.232540 0.447923 0.706993 0.547290 0.380646 0.190984 3 11 0.508551 12 0.464262 10 0.027187
spawn
  11 0.072119 0.519469 0.290786 -0.501924 0.821965 0.269158 0.420088 0.204555 3 11 0.425674 10 0.353747 12 0.220579
  11 0.157544 0.554480 0.232540 0.447923 0.706993 0.547290 0.380646 0.190984 3 11 0.508551 12 0.464262 10 0.027187
  11 0.121951 0.559846 0.222843 -0.374241 0.918036 0.130973 0.384086 0.204872 3 11 0.478877 12 0.476194 10 0.044929
spawn
  17 -0.006490 0.433723 0.377049 -0.247248 0.966956 0.062159 0.476723 0.207611 3 17 0.784413 10 0.157011 9 0.058576
  10 0.090901 0.406168 0.398980 0.679520 0.607344 0.411565 0.470800 0.167545 2 10 0.634231 9 0.365769
  10 0.096107 0.469165 0.351142 0.457601 0.517040 0.723375 0.442438 0.180560 2 10 0.641648 11 0.358352
spawn
  17 -0.006490 0.433723 0.377049 -0.247248 0.966956 0.062159 0.476723 0.207611 3 17 0.784413 10 0.157011 9 0.058576
  10 0.096107 0.469165 0.351142 0.457601 0.517040 0.723375 0.442438 0.180560 2 10 0.641648 11 0.358352
  10 0.035351 0.481740 0.333389 -0.590955 0.731476 0.340169 0.446595 0.205601 2 10 0.620238 11 0.379762
spawn
  10 0.095511 0.389256 0.250254 0.326249 -0.245235 -0.912919 0.929458 0.441484 2 10 0.615213 11 0.384787
  17 0.067964 0.263361 0.263173 0.502752 0.199716 -0.841043 0.970878 0.471904 4 17 0.493553 9 0.366378 10 0.095785 20 0.044284
  17 -0.004493 0.348674 0.273161 -0.212400 0.452993 -0.865843 0.970878 0.427316 4 17 0.748882 10 0.148012 9 0.102521 11 0.000584
spawn
  10 0.095511 0.389256 0.250254 0.326249 -0.245235 -0.912919 0.929458 0.441484 2 10 0.615213 11 0.384787
  17 -0.004493 0.348674 0.273161 -0.212400 0.452993 -0.865843 0.970878 0.427316 4 17 0.748882 10 0.148012 9 0.102521 11 0.000584
  10 0.029958 0.439674 0.262264 -0.704422 0.206924 -0.678950 0.936027 0.408416 2 10 0.614842 11 0.385158
spawn
  17 -0.006490 0.433723 0.377049 -0.247248 0.966956 0.062159 0.480533 0.598449 3 17 0.784413 10 0.157011 9 0.058576
  17 -0.022204 0.401751 0.537027 0.148618 0.970740 0.188617 0.413514 0.587130 4 17 0.566613 9 0.330139 18 0.087608 19 0.015640
  17 0.093189 0.350319 0.545858 0.679482 0.701196 0.215934 0.400921 0.638007 4 17 0.688004 9 0.240692 18 0.059738 19 0.011567
spawn
  17 -0.006490 0.433723 0.377049 -0.247248 0.966956 0.062159 0.480533 0.598449 3 17 0.784413 10 0.157011 9 0.058576
  17 0.093189 0.350319 0.545858 0.679482 0.701196 0.215934 0.400921 0.638007 4 17 0.688004 9 0.240692 18 0.059738 19 0.011567
  10 0.090901 0.406168 0.398980 0.679520 0.607344 0.411565 0.466466 0.639015 2 10 0.634231 9 0.365769
spawn
  11 0.119194 0.464404 0.229251 0.095842 -0.694839 -0.712750 0.899788 0.425608 3 11 0.424370 10 0.362200 12 0.213430
  10 0.095511 0.389256 0.250254 0.326249 -0.245235 -0.912919 0.929458 0.441484 2 10 0.615213 11 0.384787
  10 0.029958 0.439674 0.262264 -0.704422 0.206924 -0.678950 0.936027 0.408416 2 10 0.614842 11 0.385158
spawn
  11 0.119194 0.464404 0.229251 0.095842 -0.694839 -0.712750 0.899788 0.425608 3 11 0.424370 10 0.362200 12 0.213430
  10 0.029958 0.439674 0.262264 -0.704422 0.206924 -0.678950 0.936027 0.408416 2 10 0.614842 11 0.385158
  11 0.060934 0.498838 0.240284 -0.798953 0.250542 -0.546721 0.907834 0.399114 3 11 0.428811 10 0.350972 12 0.220218
spawn
  12 0.250805 0.543089 0.043248 -0.118505 -0.857982 -0.499824 0.807083 0.444273 3 12 0.507411 22 0.467775 23 0.024815
  12 0.150029 0.480780 0.177541 -0.027539 -0.906652 -0.420979 0.875787 0.430240 3 12 0.477051 11 0.473262 10 0.049686
  12 0.104602 0.528911 0.180614 -0.837609 0.065055 -0.542383 0.875485 0.404106 3 12 0.498625 11 0.483998 10 0.017377
spawn
  12 0.250805 0.543089 0.043248 -0.118505 -0.857982 -0.499824 0.807083 0.444273 3 12 0.507411 22 0.467775 23 0.024815
  12 0.104602 0.528911 0.180614 -0.837609 0.065055 -0.542383 0.875485 0.404106 3 12 0.498625 11 0.483998 10 0.017377
  12 0.203860 0.574671 0.038104 -0.730378 -0.164106 -0.663036 0.807164 0.422028 4 12 0.858776 22 0.089898 23 0.051313 11 0.000014
spawn
  18 0.053121 -0.143108 0.934287 0.667046 -0.344580 0.660541 0.140783 0.706081 4 18 0.677564 19 0.305871 13 0.011236 14 0.005329
  18 0.150590 0.060284 0.908569 0.757952 0.176762 0.627904 0.216708 0.677299 4 18 0.720469 19 0.275368 9 0.002946 10 0.001216
  18 0.004978 0.063023 0.971842 0.712366 0.221664 0.665883 0.179427 0.629025 2 18 0.511480 19 0.488520
spawn
  18 0.053121 -0.143108 0.934287 0.667046 -0.344580 0.660541 0.140783 0.706081 4 18 0.677564 19 0.305871 13 0.011236 14 0.005329
  18 0.004978 0.063023 0.971842 0.712366 0.221664 0.665883 0.179427 0.629025 2 18 0.511480 19 0.488520
  19 -0.004580 -0.078319 0.994914 0.635057 -0.222402 0.739757 0.132838 0.666274 2 19 0.609959 18 0.390041
spawn
  18 0.216060 0.034828 0.791707 0.987179 0.031431 0.156489 0.241407 0.713904 4 18 0.748230 19 0.182407 13 0.035133 20 0.034230
  18 0.150590 0.060284 0.908569 0.757952 0.176762 0.627904 0.216708 0.677299 4 18 0.720469 19 0.275368 9 0.002946 10 0.001216
  18 0.178699 -0.058409 0.740738 0.982678 -0.168886 -0.076300 0.224453 0.754249 4 18 0.755723 19 0.159263 13 0.066958 21 0.018057
spawn
  18 0.178699 -0.058409 0.740738 0.982678 -0.168886 -0.076300 0.224453 0.754249 4 18 0.755723 19 0.159263 13 0.066958 21 0.018057
  18 0.150590 0.060284 0.908569 0.757952 0.176762 0.627904 0.216708 0.677299 4 18 0.720469 19 0.275368 9 0.002946 10 0.001216
  18 0.053121 -0.143108 0.934287 0.667046 -0.344580 0.660541 0.140783 0.706081 4 18 0.677564 19 0.305871 13 0.011236 14 0.005329
spawn
  18 0.178699 -0.058409 0.740738 0.982678 -0.168886 -0.076300 0.224453 0.754249 4 18 0.755723 19 0.159263 13 0.066958 21 0.018057
  18 0.053121 -0.143108 0.934287 0.667046 -0.344580 0.660541 0.140783 0.706081 4 18 0.677564 19 0.305871 13 0.011236 14 0.005329
  18 0.097687 -0.210098 0.791561 0.822995 -0.385980 0.416771 0.153509 0.764704 4 18 0.756042 19 0.166898 13 0.075605 14 0.001455
spawn
  18 0.178748 -0.154636 0.595881 0.995130 0.028355 -0.094408 0.211987 0.824602 4 18 0.526078 13 0.249665 21 0.123393 19 0.100864
  18 0.178699 -0.058409 0.740738 0.982678 -0.168886 -0.076300 0.224453 0.754249 4 18 0.755723 19 0.159263 13 0.066958 21 0.018057
  18 0.097687 -0.210098 0.791561 0.822995 -0.385980 0.416771 0.153509 0.764704 4 18 0.756042 19 0.166898 13 0.075605 14 0.001455
spawn
  18 0.178748 -0.154636 0.595881 0.995130 0.028355 -0.094408 0.211987 0.824602 4 18 0.526078 13 0.249665 21 0.123393 19 0.100864
  18 0.097687 -0.210098 0.791561 0.822995 -0.385980 0.416771 0.153509 0.764704 4 18 0.756042 19 0.166898 13 0.075605 14 0.001455
  18 0.116301 -0.251352 0.694295 0.872729 -0.451471 0.185788 0.157979 0.804424 4 18 0.720352 13 0.153020 19 0.108436 21 0.018192
spawn
  17 0.156145 -0.197297 0.491059 0.995200 -0.097270 0.010766 0.209579 0.872032 4 17 0.567497 13 0.240370 21 0.133707 18 0.058426
  18 0.178748 -0.154636 0.595881 0.995130 0.028355 -0.094408 0.211987 0.824602 4 18 0.526078 13 0.249665 21 0.123393 19 0.100864
  18 0.116301 -0.251352 0.694295 0.872729 -0.451471 0.185788 0.157979 0.804424 4 18 0.720352 13 0.153020 19 0.108436 21 0.018192
spawn
  17 0.156145 -0.197297 0.491059 0.995200 -0.097270 0.010766 0.209579 0.872032 4 17 0.567497 13 0.240370 21 0.133707 18 0.058426
  18 0.116301 -0.251352 0.694295 0.872729 -0.451471 0.185788 0.157979 0.804424 4 18 0.720352 13 0.153020 19 0.108436 21 0.018192
  17 0.106183 -0.292544 0.519730 0.894563 -0.433921 0.107100 0.163263 0.874932 4 17 0.640336 13 0.297259 18 0.057815 19 0.004589
spawn
  17 0.186839 -0.130908 0.325009 0.961906 0.159046 -0.222352 0.246839 0.927853 2 17 0.502808 21 0.497192
  17 0.156145 -0.197297 0.491059 0.995200 -0.097270 0.010766 0.209579 0.872032 4 17 0.567497 13 0.240370 21 0.133707 18 0.058426
  17 0.106183 -0.292544 0.519730 0.894563 -0.433921 0.107100 0.163263 0.874932 4 17 0.640336 13 0.297259 18 0.057815 19 0.004589
spawn
  17 0.186839 -0.130908 0.325009 0.961906 0.159046 -0.222352 0.246839 0.927853 2 17 0.502808 21 0.497192
  17 0.106183 -0.292544 0.519730 0.894563 -0.433921 0.107100 0.163263 0.874932 4 17 0.640336 13 0.297259 18 0.057815 19 0.004589
  17 0.127436 -0.292678 0.333432 0.955610 -0.192167 -0.223341 0.189165 0.946072 4 17 0.367955 13 0.298377 14 0.296641 21 0.037027
spawn
  17 0.067964 0.263361 0.263173 0.502752 0.199716 -0.841043 0.513428 0.713336 4 17 0.493553 9 0.366378 10 0.095785 20 0.044284
  17 0.166484 0.112657 0.297717 0.911994 -0.263048 -0.314759 0.467355 0.770366 2 17 0.508653 20 0.491347
  17 0.091955 0.080520 0.215747 0.559753 -0.306011 -0.770087 0.506442 0.794368 3 17 0.510746 20 0.451204 9 0.038050
spawn
  17 -0.124915 0.197833 0.174864 0.048066 0.364620 -0.929915 0.716407 0.599018 4 17 0.522806 9 0.366589 20 0.067968 1 0.042637
  17 0.067964 0.263361 0.263173 0.502752 0.199716 -0.841043 0.801010 0.625061 4 17 0.493553 9 0.366378 10 0.095785 20 0.044284
  17 0.091955 0.080520 0.215747 0.559753 -0.306011 -0.770087 0.800826 0.545701 3 17 0.510746 20 0.451204 9 0.038050
spawn
  17 -0.124915 0.197833 0.174864 0.048066 0.364620 -0.929915 0.716407 0.599018 4 17 0.522806 9 0.366589 20 0.067968 1 0.042637
  17 0.091955 0.080520 0.215747 0.559753 -0.306011 -0.770087 0.800826 0.545701 3 17 0.510746 20 0.451204 9 0.038050
  17 -0.086278 0.076170 0.147139 0.173897 -0.083469 -0.981220 0.724962 0.549146 4 17 0.539051 20 0.303983 9 0.110957 0 0.046009
spawn
  17 -0.397867 0.136108 0.205187 -0.406488 0.251877 -0.878252 0.607937 0.588983 4 17 0.512570 1 0.450278 5 0.026460 9 0.010692
  17 -0.124915 0.197833 0.174864 0.048066 0.364620 -0.929915 0.716407 0.599018 4 17 0.522806 9 0.366589 20 0.067968 1 0.042637
  17 -0.086278 0.076170 0.147139 0.173897 -0.083469 -0.981220 0.724962 0.549146 4 17 0.539051 20 0.303983 9 0.110957 0 0.046009
spawn
  17 -0.397867 0.136108 0.205187 -0.406488 0.251877 -0.878252 0.607937 0.588983 4 17 0.512570 1 0.450278 5 0.026460 9 0.010692
  17 -0.086278 0.076170 0.147139 0.173897 -0.083469 -0.981220 0.724962 0.549146 4 17 0.539051 20 0.303983 9 0.110957 0 0.046009
  17 -0.342679 0.011378 0.153108 -0.265770 0.010368 -0.963981 0.627047 0.536771 4 17 0.519600 1 0.335142 5 0.086529 0 0.058729
spawn
  17 0.101693 -0.082620 0.213364 0.592456 0.330167 -0.734837 0.279972 0.967724 3 17 0.511351 21 0.435409 13 0.053240
  17 0.186839 -0.130908 0.325009 0.961906 0.159046 -0.222352 0.246839 0.927853 2 17 0.502808 21 0.497192
  17 0.127436 -0.292678 0.333432 0.955610 -0.192167 -0.223341 0.189165 0.946072 4 17 0.367955 13 0.298377 14 0.296641 21 0.037027
spawn
  17 0.101693 -0.082620 0.213364 0.592456 0.330167 -0.734837 0.279972 0.967724 3 17 0.511351 21 0.435409 13 0.053240
  17 0.127436 -0.292678 0.333432 0.955610 -0.192167 -0.223341 0.189165 0.946072 4 17 0.367955 13 0.298377 14 0.296641 21 0.037027
  17 0.067239 -0.263201 0.263592 0.439588 -0.217272 -0.871524 0.207163 0.981194 4 17 0.472542 13 0.367458 14 0.113954 21 0.046046
spawn
  17 -0.068467 -0.056858 0.150315 0.200015 0.165244 -0.965758 0.724499 0.493717 4 17 0.533382 21 0.321304 13 0.084273 0 0.061041
  17 0.101693 -0.082620 0.213364 0.592456 0.330167 -0.734837 0.793267 0.468828 3 17 0.511351 21 0.435409 13 0.053240
  17 0.067239 -0.263201 0.263592 0.439588 -0.217272 -0.871524 0.767363 0.394356 4 17 0.472542 13 0.367458 14 0.113954 21 0.046046
spawn
  17 -0.068467 -0.056858 0.150315 0.200015 0.165244 -0.965758 0.724499 0.493717 4 17 0.533382 21 0.321304 13 0.084273 0 0.061041
  17 0.067239 -0.263201 0.263592 0.439588 -0.217272 -0.871524 0.767363 0.394356 4 17 0.472542 13 0.367458 14 0.113954 21 0.046046
  17 -0.092321 -0.237769 0.195562 0.070308 -0.401723 -0.913058 0.704189 0.424355 4 17 0.532578 13 0.397641 21 0.043375 5 0.026405
spawn
  17 -0.342679 0.011378 0.153108 -0.265770 0.010368 -0.963981 0.627047 0.536771 4 17 0.519600 1 0.335142 5 0.086529 0 0.058729
  17 -0.068467 -0.056858 0.150315 0.200015 0.165244 -0.965758 0.724499 0.493717 4 17 0.533382 21 0.321304 13 0.084273 0 0.061041
  17 -0.092321 -0.237769 0.195562 0.070308 -0.401723 -0.913058 0.704189 0.424355 4 17 0.532578 13 0.397641 21 0.043375 5 0.026405
spawn
  17 -0.342679 0.011378 0.153108 -0.265770 0.010368 -0.963981 0.627047 0.536771 4 17 0.519600 1 0.335142 5 0.086529 0 0.058729
  17 -0.092321 -0.237769 0.195562 0.070308 -0.401723 -0.913058 0.704189 0.424355 4 17 0.532578 13 0.397641 21 0.043375 5 0.026405
  17 -0.394010 -0.131282 0.199394 -0.391481 -0.243614 -0.887353 0.595636 0.484590 4 17 0.508017 5 0.427597 1 0.060192 13 0.004194
spawn
  3 -0.503847 0.382456 0.345577 -0.292478 0.737721 0.608461 0.846916 0.525507 3 3 0.589931 2 0.389652 1 0.020417
  17 -0.449651 0.334537 0.430587 -0.470947 0.800203 0.371328 0.828965 0.484599 4 17 0.515979 1 0.266110 2 0.206940 18 0.010972
  17 -0.405222 0.377973 0.332170 0.115345 0.977528 -0.176449 0.807083 0.525318 4 17 0.442512 1 0.362782 2 0.175252 3 0.019454
spawn
  3 -0.503847 0.382456 0.345577 -0.292478 0.737721 0.608461 0.846916 0.525507 3 3 0.589931 2 0.389652 1 0.020417
  17 -0.405222 0.377973 0.332170 0.115345 0.977528 -0.176449 0.807083 0.525318 4 17 0.442512 1 0.362782 2 0.175252 3 0.019454
  3 -0.477789 0.398989 0.283983 0.542607 0.835286 -0.088744 0.833353 0.549664 3 3 0.616366 2 0.379064 1 0.004570
spawn
  3 -0.543523 0.428521 0.273093 -0.178963 0.787725 0.589459 0.860569 0.560531 4 3 0.568581 4 0.239331 2 0.182524 1 0.009564
  3 -0.503847 0.382456 0.345577 -0.292478 0.737721 0.608461 0.846916 0.525507 3 3 0.589931 2 0.389652 1 0.020417
  3 -0.477789 0.398989 0.283983 0.542607 0.835286 -0.088744 0.833353 0.549664 3 3 0.616366 2 0.379064 1 0.004570
spawn
  3 -0.543523 0.428521 0.273093 -0.178963 0.787725 0.589459 0.860569 0.560531 4 3 0.568581 4 0.239331 2 0.182524 1 0.009564
  3 -0.477789 0.398989 0.283983 0.542607 0.835286 -0.088744 0.833353 0.549664 3 3 0.616366 2 0.379064 1 0.004570
  3 -0.514614 0.431887 0.230589 0.771998 0.635376 -0.017784 0.846698 0.575875 4 3 0.583511 4 0.235178 2 0.179150 1 0.002160
spawn
  4 -0.601891 0.567985 0.068755 0.075278 0.681170 0.728245 0.884844 0.658955 3 4 0.607311 25 0.392679 3 0.000011
  3 -0.586212 0.486552 0.187206 -0.221357 0.783920 0.580061 0.875651 0.602127 2 3 0.549768 4 0.450232
  3 -0.541659 0.480791 0.159170 0.882004 0.471131 -0.010245 0.856514 0.610544 2 3 0.554069 4 0.445931
spawn
  4 -0.601891 0.567985 0.068755 0.075278 0.681170 0.728245 0.884844 0.658955 3 4 0.607311 25 0.392679 3 0.000011
  3 -0.541659 0.480791 0.159170 0.882004 0.471131 -0.010245 0.856514 0.610544 2 3 0.554069 4 0.445931
  4 -0.578350 0.552600 0.043592 0.935307 0.054605 -0.349598 0.871078 0.665389 3 4 0.793967 25 0.204778 3 0.001255
spawn
  3 -0.555079 0.345974 0.321736 -0.925570 -0.038463 0.376618 0.873887 0.525042 2 3 0.589639 2 0.410361
  17 -0.517750 0.255474 0.390674 -0.971234 0.205053 0.121069 0.872701 0.477978 3 17 0.516832 1 0.271413 2 0.211755
  17 -0.449651 0.334537 0.430587 -0.470947 0.800203 0.371328 0.828965 0.484599 4 17 0.515979 1 0.266110 2 0.206940 18 0.010972
spawn
  3 -0.555079 0.345974 0.321736 -0.925570 -0.038463 0.376618 0.873887 0.525042 2 3 0.589639 2 0.410361
  17 -0.449651 0.334537 0.430587 -0.470947 0.800203 0.371328 0.828965 0.484599 4 17 0.515979 1 0.266110 2 0.206940 18 0.010972
  3 -0.503847 0.382456 0.345577 -0.292478 0.737721 0.608461 0.846916 0.525507 3 3 0.589931 2 0.389652 1 0.020417
spawn
  3 -0.580745 0.404596 0.255558 -0.934853 0.013861 0.354765 0.879649 0.560716 3 3 0.568304 4 0.241818 2 0.189877
  3 -0.555079 0.345974 0.321736 -0.925570 -0.038463 0.376618 0.873887 0.525042 2 3 0.589639 2 0.410361
  3 -0.503847 0.382456 0.345577 -0.292478 0.737721 0.608461 0.846916 0.525507 3 3 0.589931 2 0.389652 1 0.020417
spawn
  3 -0.580745 0.404596 0.255558 -0.934853 0.013861 0.354765 0.879649 0.560716 3 3 0.568304 4 0.241818 2 0.189877
  3 -0.503847 0.382456 0.345577 -0.292478 0.737721 0.608461 0.846916 0.525507 3 3 0.589931 2 0.389652 1 0.020417
  3 -0.543523 0.428521 0.273093 -0.178963 0.787725 0.589459 0.860569 0.560531 4 3 0.568581 4 0.239331 2 0.182524 1 0.009564
spawn
  4 -0.619733 0.527174 0.086859 -0.832916 0.148098 0.533214 0.895277 0.642646 3 4 0.883742 25 0.084102 3 0.032156
  3 -0.607076 0.461779 0.172242 -0.951728 0.053842 0.302185 0.889622 0.600039 2 3 0.549932 4 0.450068
  3 -0.586212 0.486552 0.187206 -0.221357 0.783920 0.580061 0.875651 0.602127 2 3 0.549768 4 0.450232
spawn
  4 -0.619733 0.527174 0.086859 -0.832916 0.148098 0.533214 0.895277 0.642646 3 4 0.883742 25 0.084102 3 0.032156
  3 -0.586212 0.486552 0.187206 -0.221357 0.783920 0.580061 0.875651 0.602127 2 3 0.549768 4 0.450232
  4 -0.601891 0.567985 0.068755 0.075278 0.681170 0.728245 0.884844 0.658955 3 4 0.607311 25 0.392679 3 0.000011
spawn
  2 -0.533477 0.311903 0.263324 -0.535809 -0.611190 -0.582543 0.902111 0.525455 3 2 0.552647 3 0.430128 1 0.017224
  17 -0.477454 0.227908 0.296031 -0.715608 -0.055531 -0.696291 0.914538 0.485039 3 17 0.440108 1 0.420351 2 0.139541
  17 -0.517750 0.255474 0.390674 -0.971234 0.205053 0.121069 0.872701 0.477978 3 17 0.516832 1 0.271413 2 0.211755
spawn
  2 -0.533477 0.311903 0.263324 -0.535809 -0.611190 -0.582543 0.902111 0.525455 3 2 0.552647 3 0.430128 1 0.017224
  17 -0.517750 0.255474 0.390674 -0.971234 0.205053 0.121069 0.872701 0.477978 3 17 0.516832 1 0.271413 2 0.211755
  3 -0.555079 0.345974 0.321736 -0.925570 -0.038463 0.376618 0.873887 0.525042 2 3 0.589639 2 0.410361
spawn
  3 -0.561272 0.364792 0.219832 -0.479948 -0.718774 -0.503005 0.901677 0.555273 4 3 0.553899 2 0.273015 4 0.164702 1 0.008383
  2 -0.533477 0.311903 0.263324 -0.535809 -0.611190 -0.582543 0.902111 0.525455 3 2 0.552647 3 0.430128 1 0.017224
  3 -0.555079 0.345974 0.321736 -0.925570 -0.038463 0.376618 0.873887 0.525042 2 3 0.589639 2 0.410361
spawn
  3 -0.561272 0.364792 0.219832 -0.479948 -0.718774 -0.503005 0.901677 0.555273 4 3 0.553899 2 0.273015 4 0.164702 1 0.008383
  3 -0.555079 0.345974 0.321736 -0.925570 -0.038463 0.376618 0.873887 0.525042 2 3 0.589639 2 0.410361
  3 -0.580745 0.404596 0.255558 -0.934853 0.013861 0.354765 0.879649 0.560716 3 3 0.568304 4 0.241818 2 0.189877
spawn
  4 -0.625846 0.495012 0.052414 -0.462233 -0.869821 -0.172487 0.914538 0.643425 3 4 0.949574 25 0.045635 3 0.004791
  3 -0.580981 0.415056 0.157962 -0.436744 -0.776274 -0.454591 0.907891 0.587530 3 3 0.671254 4 0.320866 2 0.007880
  3 -0.607076 0.461779 0.172242 -0.951728 0.053842 0.302185 0.889622 0.600039 2 3 0.549932 4 0.450068
spawn
  4 -0.625846 0.495012 0.052414 -0.462233 -0.869821 -0.172487 0.914538 0.643425 3 4 0.949574 25 0.045635 3 0.004791
  3 -0.607076 0.461779 0.172242 -0.951728 0.053842 0.302185 0.889622 0.600039 2 3 0.549932 4 0.450068
  4 -0.619733 0.527174 0.086859 -0.832916 0.148098 0.533214 0.895277 0.642646 3 4 0.883742 25 0.084102 3 0.032156
spawn
  17 -0.381657 0.301486 0.271813 -0.049996 0.447114 -0.893079 0.930383 0.179544 4 17 0.429690 1 0.399354 2 0.166951 9 0.004005
  17 -0.477454 0.227908 0.296031 -0.715608 -0.055531 -0.696291 0.975098 0.180165 3 17 0.440108 1 0.420351 2 0.139541
  2 -0.533477 0.311903 0.263324 -0.535809 -0.611190 -0.582543 0.972701 0.138999 3 2 0.552647 3 0.430128 1 0.017224
spawn
  17 -0.381657 0.301486 0.271813 -0.049996 0.447114 -0.893079 0.930383 0.179544 4 17 0.429690 1 0.399354 2 0.166951 9 0.004005
  2 -0.533477 0.311903 0.263324 -0.535809 -0.611190 -0.582543 0.972701 0.138999 3 2 0.552647 3 0.430128 1 0.017224
  3 -0.478859 0.354974 0.247651 0.467117 -0.020110 -0.883967 0.944283 0.134739 3 3 0.637620 2 0.345463 1 0.016917
spawn
  3 -0.523166 0.398454 0.203242 0.675111 -0.309694 -0.669563 0.950626 0.100368 4 3 0.662257 4 0.181030 2 0.149397 1 0.007316
  3 -0.478859 0.354974 0.247651 0.467117 -0.020110 -0.883967 0.944283 0.134739 3 3 0.637620 2 0.345463 1 0.016917
  2 -0.533477 0.311903 0.263324 -0.535809 -0.611190 -0.582543 0.972701 0.138999 3 2 0.552647 3 0.430128 1 0.017224
spawn
  3 -0.523166 0.398454 0.203242 0.675111 -0.309694 -0.669563 0.950626 0.100368 4 3 0.662257 4 0.181030 2 0.149397 1 0.007316
  2 -0.533477 0.311903 0.263324 -0.535809 -0.611190 -0.582543 0.972701 0.138999 3 2 0.552647 3 0.430128 1 0.017224
  3 -0.561272 0.364792 0.219832 -0.479948 -0.718774 -0.503005 0.971246 0.107976 4 3 0.553899 2 0.273015 4 0.164702 1 0.008383
spawn
  4 -0.605255 0.505424 0.037883 0.427871 -0.536952 -0.727055 0.966001 0.016245 3 4 0.916662 3 0.057858 25 0.025480
  3 -0.550120 0.448566 0.134854 0.662073 -0.459171 -0.592302 0.954495 0.062178 2 3 0.681030 4 0.318970
  3 -0.580981 0.415056 0.157962 -0.436744 -0.776274 -0.454591 0.969912 0.073915 3 3 0.671254 4 0.320866 2 0.007880
spawn
  4 -0.605255 0.505424 0.037883 0.427871 -0.536952 -0.727055 0.966001 0.016245 3 4 0.916662 3 0.057858 25 0.025480
  3 -0.580981 0.415056 0.157962 -0.436744 -0.776274 -0.454591 0.969912 0.073915 3 3 0.671254 4 0.320866 2 0.007880
  4 -0.625846 0.495012 0.052414 -0.462233 -0.869821 -0.172487 0.975098 0.021236 3 4 0.949574 25 0.045635 3 0.004791
spawn
  3 -0.477789 0.398989 0.283983 0.542607 0.835286 -0.088744 0.922770 0.126870 3 3 0.616366 2 0.379064 1 0.004570
  17 -0.405222 0.377973 0.332170 0.115345 0.977528 -0.176449 0.902940 0.155865 4 17 0.442512 1 0.362782 2 0.175252 3 0.019454
  17 -0.381657 0.301486 0.271813 -0.049996 0.447114 -0.893079 0.930383 0.179544 4 17 0.429690 1 0.399354 2 0.166951 9 0.004005
spawn
  3 -0.477789 0.398989 0.283983 0.542607 0.835286 -0.088744 0.922770 0.126870 3 3 0.616366 2 0.379064 1 0.004570
  17 -0.381657 0.301486 0.271813 -0.049996 0.447114 -0.893079 0.930383 0.179544 4 17 0.429690 1 0.399354 2 0.166951 9 0.004005
  3 -0.478859 0.354974 0.247651 0.467117 -0.020110 -0.883967 0.944283 0.134739 3 3 0.637620 2 0.345463 1 0.016917
spawn
  3 -0.514614 0.431887 0.230589 0.771998 0.635376 -0.017784 0.932386 0.098119 4 3 0.583511 4 0.235178 2 0.179150 1 0.002160
  3 -0.477789 0.398989 0.283983 0.542607 0.835286 -0.088744 0.922770 0.126870 3 3 0.616366 2 0.379064 1 0.004570
  3 -0.478859 0.354974 0.247651 0.467117 -0.020110 -0.883967 0.944283 0.134739 3 3 0.637620 2 0.345463 1 0.016917
spawn
  3 -0.514614 0.431887 0.230589 0.771998 0.635376 -0.017784 0.932386 0.098119 4 3 0.583511 4 0.235178 2 0.179150 1 0.002160
  3 -0.478859 0.354974 0.247651 0.467117 -0.020110 -0.883967 0.944283 0.134739 3 3 0.637620 2 0.345463 1 0.016917
  3 -0.523166 0.398454 0.203242 0.675111 -0.309694 -0.669563 0.950626 0.100368 4 3 0.662257 4 0.181030 2 0.149397 1 0.007316
spawn
  4 -0.578350 0.552600 0.043592 0.935307 0.054605 -0.349598 0.946790 0.008665 3 4 0.793967 25 0.204778 3 0.001255
  3 -0.541659 0.480791 0.159170 0.882004 0.471131 -0.010245 0.938950 0.061383 2 3 0.554069 4 0.445931
  3 -0.550120 0.448566 0.134854 0.662073 -0.459171 -0.592302 0.954495 0.062178 2 3 0.681030 4 0.318970
spawn
  4 -0.578350 0.552600 0.043592 0.935307 0.054605 -0.349598 0.946790 0.008665 3 4 0.793967 25 0.204778 3 0.001255
  3 -0.550120 0.448566 0.134854 0.662073 -0.459171 -0.592302 0.954495 0.062178 2 3 0.681030 4 0.318970
  4 -0.605255 0.505424 0.037883 0.427871 -0.536952 -0.727055 0.966001 0.016245 3 4 0.916662 3 0.057858 25 0.025480
spawn
  18 0.053121 -0.143108 0.934287 0.667046 -0.344580 0.660541 0.140783 0.706081 4 18 0.677564 19 0.305871 13 0.011236 14 0.005329
  19 -0.004580 -0.078319 0.994914 0.635057 -0.222402 0.739757 0.132838 0.666274 2 19 0.609959 18 0.390041
  19 -0.100064 -0.159580 1.020306 0.409768 -0.571934 0.710621 0.082163 0.673516 2 19 0.734628 18 0.265372
spawn
  18 0.053121 -0.143108 0.934287 0.667046 -0.344580 0.660541 0.140783 0.706081 4 18 0.677564 19 0.305871 13 0.011236 14 0.005329
  19 -0.100064 -0.159580 1.020306 0.409768 -0.571934 0.710621 0.082163 0.673516 2 19 0.734628 18 0.265372
  18 -0.057956 -0.219987 0.961174 0.443826 -0.520261 0.729621 0.090436 0.708626 4 18 0.673139 19 0.316996 13 0.006672 14 0.003193
spawn
  18 0.097687 -0.210098 0.791561 0.822995 -0.385980 0.416771 0.153509 0.764704 4 18 0.756042 19 0.166898 13 0.075605 14 0.001455
  18 0.053121 -0.143108 0.934287 0.667046 -0.344580 0.660541 0.140783 0.706081 4 18 0.677564 19 0.305871 13 0.011236 14 0.005329
  18 -0.057956 -0.219987 0.961174 0.443826 -0.520261 0.729621 0.090436 0.708626 4 18 0.673139 19 0.316996 13 0.006672 14 0.003193
spawn
  18 0.097687 -0.210098 0.791561 0.822995 -0.385980 0.416771 0.153509 0.764704 4 18 0.756042 19 0.166898 13 0.075605 14 0.001455
  18 -0.057956 -0.219987 0.961174 0.443826 -0.520261 0.729621 0.090436 0.708626 4 18 0.673139 19 0.316996 13 0.006672 14 0.003193
  18 -0.032135 -0.290458 0.898920 0.407136 -0.639181 0.652448 0.091609 0.743411 4 18 0.694644 19 0.263254 13 0.039034 14 0.003067
spawn
  18 -0.150104 -0.298169 0.896689 -0.050824 -0.890024 0.453071 0.819293 0.810516 4 18 0.695136 19 0.264301 13 0.029412 14 0.011151
  18 -0.083438 -0.285149 0.911096 0.436854 -0.776688 0.453777 0.842767 0.818973 4 18 0.682428 19 0.289554 13 0.027963 14 0.000055
  18 -0.088046 -0.337686 0.977131 0.878235 -0.303197 -0.369832 0.857610 0.786464 4 18 0.673700 19 0.307054 13 0.015584 14 0.003662
spawn
  18 -0.150104 -0.298169 0.896689 -0.050824 -0.890024 0.453071 0.819293 0.810516 4 18 0.695136 19 0.264301 13 0.029412 14 0.011151
  18 -0.088046 -0.337686 0.977131 0.878235 -0.303197 -0.369832 0.857610 0.786464 4 18 0.673700 19 0.307054 13 0.015584 14 0.003662
  18 -0.113445 -0.342846 0.967453 -0.464508 -0.738088 -0.489345 0.846013 0.782336 4 18 0.671950 19 0.308655 13 0.016265 14 0.003130
spawn
  18 -0.083438 -0.285149 0.911096 0.436854 -0.776688 0.453777 0.842767 0.818973 4 18 0.682428 19 0.289554 13 0.027963 14 0.000055
  18 -0.098709 -0.243127 0.963427 0.668508 -0.393080 0.631336 0.867553 0.825753 4 18 0.659493 19 0.332474 13 0.006704 14 0.001329
  18 -0.088330 -0.328880 1.003582 0.668524 0.352550 0.654816 0.869836 0.787089 4 18 0.671762 19 0.308774 13 0.013933 14 0.005531
spawn
  18 -0.083438 -0.285149 0.911096 0.436854 -0.776688 0.453777 0.842767 0.818973 4 18 0.682428 19 0.289554 13 0.027963 14 0.000055
  18 -0.088330 -0.328880 1.003582 0.668524 0.352550 0.654816 0.869836 0.787089 4 18 0.671762 19 0.308774 13 0.013933 14 0.005531
  18 -0.088046 -0.337686 0.977131 0.878235 -0.303197 -0.369832 0.857610 0.786464 4 18 0.673700 19 0.307054 13 0.015584 14 0.003662
spawn
  13 0.047512 -0.361159 0.629939 0.629252 -0.766678 0.127464 0.117834 0.841236 4 13 0.348905 18 0.286814 17 0.274356 19 0.089924
  18 0.032058 -0.364601 0.782323 0.523119 -0.768097 0.369288 0.103730 0.791069 4 18 0.754958 19 0.138708 13 0.104085 14 0.002249
  18 -0.096348 -0.399228 0.694033 0.029278 -0.970845 0.237912 0.060789 0.822767 4 18 0.753416 13 0.143440 19 0.094799 5 0.008346
spawn
  18 0.097687 -0.210098 0.791561 0.822995 -0.385980 0.416771 0.153509 0.764704 4 18 0.756042 19 0.166898 13 0.075605 14 0.001455
  18 -0.032135 -0.290458 0.898920 0.407136 -0.639181 0.652448 0.091609 0.743411 4 18 0.694644 19 0.263254 13 0.039034 14 0.003067
  18 0.032058 -0.364601 0.782323 0.523119 -0.768097 0.369288 0.103730 0.791069 4 18 0.754958 19 0.138708 13 0.104085 14 0.002249
spawn
  18 -0.096348 -0.399228 0.694033 0.029278 -0.970845 0.237912 0.060789 0.822767 4 18 0.753416 13 0.143440 19 0.094799 5 0.008346
  18 0.032058 -0.364601 0.782323 0.523119 -0.768097 0.369288 0.103730 0.791069 4 18 0.754958 19 0.138708 13 0.104085 14 0.002249
  18 -0.144283 -0.337906 0.857551 -0.091449 -0.863646 0.495734 0.048822 0.758863 4 18 0.734913 19 0.208648 13 0.049002 14 0.007436
spawn
  18 0.116301 -0.251352 0.694295 0.872729 -0.451471 0.185788 0.157979 0.804424 4 18 0.720352 13 0.153020 19 0.108436 21 0.018192
  18 0.032058 -0.364601 0.782323 0.523119 -0.768097 0.369288 0.103730 0.791069 4 18 0.754958 19 0.138708 13 0.104085 14 0.002249
  13 0.047512 -0.361159 0.629939 0.629252 -0.766678 0.127464 0.117834 0.841236 4 13 0.348905 18 0.286814 17 0.274356 19 0.089924
spawn
  18 0.116301 -0.251352 0.694295 0.872729 -0.451471 0.185788 0.157979 0.804424 4 18 0.720352 13 0.153020 19 0.108436 21 0.018192
  18 0.097687 -0.210098 0.791561 0.822995 -0.385980 0.416771 0.153509 0.764704 4 18 0.756042 19 0.166898 13 0.075605 14 0.001455
  18 0.032058 -0.364601 0.782323 0.523119 -0.768097 0.369288 0.103730 0.791069 4 18 0.754958 19 0.138708 13 0.104085 14 0.002249
spawn
  18 -0.032135 -0.290458 0.898920 0.407136 -0.639181 0.652448 0.091609 0.743411 4 18 0.694644 19 0.263254 13 0.039034 14 0.003067
  18 -0.144283 -0.337906 0.857551 -0.091449 -0.863646 0.495734 0.048822 0.758863 4 18 0.734913 19 0.208648 13 0.049002 14 0.007436
  18 0.032058 -0.364601 0.782323 0.523119 -0.768097 0.369288 0.103730 0.791069 4 18 0.754958 19 0.138708 13 0.104085 14 0.002249
spawn
  17 0.106183 -0.292544 0.519730 0.894563 -0.433921 0.107100 0.163263 0.874932 4 17 0.640336 13 0.297259 18 0.057815 19 0.004589
  18 0.116301 -0.251352 0.694295 0.872729 -0.451471 0.185788 0.157979 0.804424 4 18 0.720352 13 0.153020 19 0.108436 21 0.018192
  13 0.047512 -0.361159 0.629939 0.629252 -0.766678 0.127464 0.117834 0.841236 4 13 0.348905 18 0.286814 17 0.274356 19 0.089924
spawn
  17 0.106183 -0.292544 0.519730 0.894563 -0.433921 0.107100 0.163263 0.874932 4 17 0.640336 13 0.297259 18 0.057815 19 0.004589
  13 0.047512 -0.361159 0.629939 0.629252 -0.766678 0.127464 0.117834 0.841236 4 13 0.348905 18 0.286814 17 0.274356 19 0.089924
  17 0.069975 -0.363796 0.510346 0.722696 -0.656931 0.214831 0.132918 0.887302 4 17 0.686163 13 0.266539 18 0.047244 14 0.000054
spawn
  17 0.090918 -0.406047 0.398842 0.714233 -0.551586 0.430841 0.171001 0.080496 4 17 0.501445 14 0.430823 13 0.067394 15 0.000338
  14 0.094911 -0.472453 0.348083 0.449777 -0.521828 0.724842 0.140819 0.067145 2 14 0.599550 15 0.400450
  14 0.134010 -0.401117 0.300889 0.995652 0.084556 -0.039084 0.135353 0.104498 2 14 0.595501 15 0.404499
spawn
  17 0.090918 -0.406047 0.398842 0.714233 -0.551586 0.430841 0.171001 0.080496 4 17 0.501445 14 0.430823 13 0.067394 15 0.000338
  14 0.134010 -0.401117 0.300889 0.995652 0.084556 -0.039084 0.135353 0.104498 2 14 0.595501 15 0.404499
  17 0.127436 -0.292678 0.333432 0.955610 -0.192167 -0.223341 0.175513 0.131192 4 17 0.367955 13 0.298377 14 0.296641 21 0.037027
spawn
  15 0.107478 -0.515818 0.305836 0.354424 -0.642575 0.679324 0.117056 0.059967 2 15 0.664757 14 0.335243
  15 0.157609 -0.554535 0.232560 0.433587 -0.713018 0.551006 0.080007 0.059576 1 15 1.000000
  15 0.194570 -0.511195 0.211393 0.873401 0.275455 0.401616 0.070879 0.079715 1 15 1.000000
spawn
  15 0.107478 -0.515818 0.305836 0.354424 -0.642575 0.679324 0.117056 0.059967 2 15 0.664757 14 0.335243
  15 0.194570 -0.511195 0.211393 0.873401 0.275455 0.401616 0.070879 0.079715 1 15 1.000000
  15 0.147343 -0.467800 0.271142 0.946576 0.217235 0.238334 0.106569 0.088482 2 15 0.663107 14 0.336893
spawn
  15 0.157609 -0.554535 0.232560 0.433587 -0.713018 0.551006 0.080007 0.059576 1 15 1.000000
  16 0.235472 -0.585259 0.085604 0.418313 -0.672614 0.610414 0.016600 0.060382 4 16 0.900284 28 0.078876 29 0.019685 15 0.001155
  16 0.272197 -0.557930 0.070572 0.713451 0.304159 0.631248 0.007217 0.076333 4 16 0.515502 28 0.451993 29 0.032488 15 0.000018
spawn
  15 0.157609 -0.554535 0.232560 0.433587 -0.713018 0.551006 0.080007 0.059576 1 15 1.000000
  16 0.272197 -0.557930 0.070572 0.713451 0.304159 0.631248 0.007217 0.076333 4 16 0.515502 28 0.451993 29 0.032488 15 0.000018
  15 0.194570 -0.511195 0.211393 0.873401 0.275455 0.401616 0.070879 0.079715 1 15 1.000000
spawn
  14 0.134010 -0.401117 0.300889 0.995652 0.084556 -0.039084 0.135353 0.104498 2 14 0.595501 15 0.404499
  14 0.095988 -0.391651 0.249950 0.323092 0.234431 -0.916872 0.117376 0.120708 2 14 0.520415 15 0.479585
  17 0.067239 -0.263201 0.263592 0.439588 -0.217272 -0.871524 0.157974 0.167116 4 17 0.472542 13 0.367458 14 0.113954 21 0.046046
spawn
  14 0.134010 -0.401117 0.300889 0.995652 0.084556 -0.039084 0.135353 0.104498 2 14 0.595501 15 0.404499
  17 0.067239 -0.263201 0.263592 0.439588 -0.217272 -0.871524 0.157974 0.167116 4 17 0.472542 13 0.367458 14 0.113954 21 0.046046
  17 0.127436 -0.292678 0.333432 0.955610 -0.192167 -0.223341 0.175513 0.131192 4 17 0.367955 13 0.298377 14 0.296641 21 0.037027
spawn
  15 0.147343 -0.467800 0.271142 0.946576 0.217235 0.238334 0.106569 0.088482 2 15 0.663107 14 0.336893
  15 0.117958 -0.463562 0.231483 0.104094 0.657050 -0.746625 0.095492 0.105682 2 15 0.708393 14 0.291607
  14 0.095988 -0.391651 0.249950 0.323092 0.234431 -0.916872 0.117376 0.120708 2 14 0.520415 15 0.479585
spawn
  15 0.147343 -0.467800 0.271142 0.946576 0.217235 0.238334 0.106569 0.088482 2 15 0.663107 14 0.336893
  14 0.095988 -0.391651 0.249950 0.323092 0.234431 -0.916872 0.117376 0.120708 2 14 0.520415 15 0.479585
  14 0.134010 -0.401117 0.300889 0.995652 0.084556 -0.039084 0.135353 0.104498 2 14 0.595501 15 0.404499
spawn
  16 0.272197 -0.557930 0.070572 0.713451 0.304159 0.631248 0.007217 0.076333 4 16 0.515502 28 0.451993 29 0.032488 15 0.000018
  16 0.250805 -0.543088 0.043248 -0.130556 0.857669 -0.497352 0.003037 0.090158 4 16 0.507788 28 0.467449 29 0.024669 15 0.000095
  15 0.150061 -0.480985 0.177650 -0.039556 0.896975 -0.440309 0.070123 0.104133 1 15 1.000000
spawn
  16 0.272197 -0.557930 0.070572 0.713451 0.304159 0.631248 0.007217 0.076333 4 16 0.515502 28 0.451993 29 0.032488 15 0.000018
  15 0.150061 -0.480985 0.177650 -0.039556 0.896975 -0.440309 0.070123 0.104133 1 15 1.000000
  15 0.194570 -0.511195 0.211393 0.873401 0.275455 0.401616 0.070879 0.079715 1 15 1.000000
spawn
  14 0.030391 -0.441391 0.262269 -0.702033 -0.210191 -0.680418 0.245393 0.038286 2 14 0.621730 15 0.378270
  14 0.036653 -0.482368 0.332381 -0.593438 -0.727366 0.344631 0.277798 0.034140 2 14 0.610545 15 0.389455
  17 -0.006539 -0.434135 0.377218 -0.210801 -0.976700 0.040250 0.277798 0.003101 3 17 0.544942 14 0.421191 13 0.033867
spawn
  14 0.030391 -0.441391 0.262269 -0.702033 -0.210191 -0.680418 0.245393 0.038286 2 14 0.621730 15 0.378270
  17 -0.006539 -0.434135 0.377218 -0.210801 -0.976700 0.040250 0.277798 0.003101 3 17 0.544942 14 0.421191 13 0.033867
  17 -0.004544 -0.348008 0.274221 -0.240939 -0.479574 -0.843775 0.225729 0.003037 3 17 0.750600 14 0.175079 13 0.074321
spawn
  15 0.058685 -0.498994 0.243910 -0.799849 -0.279897 -0.530941 0.255286 0.064111 2 15 0.632589 14 0.367411
  15 0.070365 -0.516872 0.293762 -0.506034 -0.814157 0.284741 0.276565 0.058657 2 15 0.636054 14 0.363946
  14 0.036653 -0.482368 0.332381 -0.593438 -0.727366 0.344631 0.277798 0.034140 2 14 0.610545 15 0.389455
spawn
  15 0.058685 -0.498994 0.243910 -0.799849 -0.279897 -0.530941 0.255286 0.064111 2 15 0.632589 14 0.367411
  14 0.036653 -0.482368 0.332381 -0.593438 -0.727366 0.344631 0.277798 0.034140 2 14 0.610545 15 0.389455
  14 0.030391 -0.441391 0.262269 -0.702033 -0.210191 -0.680418 0.245393 0.038286 2 14 0.621730 15 0.378270
spawn
  16 0.203859 -0.574671 0.038101 -0.739759 0.149036 -0.656159 0.231644 0.167116 4 16 0.854525 28 0.093040 29 0.052402 15 0.000032
  16 0.206606 -0.597788 0.067871 -0.540251 -0.815569 0.207309 0.246149 0.164150 4 16 0.879792 29 0.076674 28 0.037153 15 0.006382
  15 0.121975 -0.559422 0.222797 -0.366690 -0.919169 0.143760 0.270647 0.097140 2 15 0.937344 14 0.062656
spawn
  16 0.203859 -0.574671 0.038101 -0.739759 0.149036 -0.656159 0.231644 0.167116 4 16 0.854525 28 0.093040 29 0.052402 15 0.000032
  15 0.121975 -0.559422 0.222797 -0.366690 -0.919169 0.143760 0.270647 0.097140 2 15 0.937344 14 0.062656
  15 0.105360 -0.537216 0.186283 -0.841629 -0.158029 -0.516418 0.252598 0.098125 2 15 0.963969 14 0.036031
spawn
  15 0.121975 -0.559422 0.222797 -0.366690 -0.919169 0.143760 0.083140 0.045668 2 15 0.937344 14 0.062656
  16 0.206606 -0.597788 0.067871 -0.540251 -0.815569 0.207309 0.014733 0.046427 4 16 0.879792 29 0.076674 28 0.037153 15 0.006382
  16 0.235472 -0.585259 0.085604 0.418313 -0.672614 0.610414 0.016600 0.060382 4 16 0.900284 28 0.078876 29 0.019685 15 0.001155
spawn
  15 0.121975 -0.559422 0.222797 -0.366690 -0.919169 0.143760 0.083140 0.045668 2 15 0.937344 14 0.062656
  16 0.235472 -0.585259 0.085604 0.418313 -0.672614 0.610414 0.016600 0.060382 4 16 0.900284 28 0.078876 29 0.019685 15 0.001155
  15 0.157609 -0.554535 0.232560 0.433587 -0.713018 0.551006 0.080007 0.059576 1 15 1.000000
spawn
  15 0.070365 -0.516872 0.293762 -0.506034 -0.814157 0.284741 0.120656 0.045190 2 15 0.636054 14 0.363946
  15 0.121975 -0.559422 0.222797 -0.366690 -0.919169 0.143760 0.083140 0.045668 2 15 0.937344 14 0.062656
  15 0.157609 -0.554535 0.232560 0.433587 -0.713018 0.551006 0.080007 0.059576 1 15 1.000000
spawn
  15 0.070365 -0.516872 0.293762 -0.506034 -0.814157 0.284741 0.120656 0.045190 2 15 0.636054 14 0.363946
  15 0.157609 -0.554535 0.232560 0.433587 -0.713018 0.551006 0.080007 0.059576 1 15 1.000000
  15 0.107478 -0.515818 0.305836 0.354424 -0.642575 0.679324 0.117056 0.059967 2 15 0.664757 14 0.335243
spawn
  17 -0.006539 -0.434135 0.377218 -0.210801 -0.976700 0.040250 0.175513 0.040083 3 17 0.544942 14 0.421191 13 0.033867
  14 0.036653 -0.482368 0.332381 -0.593438 -0.727366 0.344631 0.144798 0.043352 2 14 0.610545 15 0.389455
  14 0.094911 -0.472453 0.348083 0.449777 -0.521828 0.724842 0.140819 0.067145 2 14 0.599550 15 0.400450
spawn
  17 -0.006539 -0.434135 0.377218 -0.210801 -0.976700 0.040250 0.175513 0.040083 3 17 0.544942 14 0.421191 13 0.033867
  14 0.094911 -0.472453 0.348083 0.449777 -0.521828 0.724842 0.140819 0.067145 2 14 0.599550 15 0.400450
  17 0.090918 -0.406047 0.398842 0.714233 -0.551586 0.430841 0.171001 0.080496 4 17 0.501445 14 0.430823 13 0.067394 15 0.000338
spawn
  14 0.095988 -0.391651 0.249950 0.323092 0.234431 -0.916872 0.212843 0.045523 2 14 0.520415 15 0.479585
  14 0.030391 -0.441391 0.262269 -0.702033 -0.210191 -0.680418 0.245393 0.038286 2 14 0.621730 15 0.378270
  17 -0.004544 -0.348008 0.274221 -0.240939 -0.479574 -0.843775 0.225729 0.003037 3 17 0.750600 14 0.175079 13 0.074321
spawn
  14 0.095988 -0.391651 0.249950 0.323092 0.234431 -0.916872 0.212843 0.045523 2 14 0.520415 15 0.479585
  17 -0.004544 -0.348008 0.274221 -0.240939 -0.479574 -0.843775 0.225729 0.003037 3 17 0.750600 14 0.175079 13 0.074321
  17 0.067239 -0.263201 0.263592 0.439588 -0.217272 -0.871524 0.181586 0.003541 4 17 0.472542 13 0.367458 14 0.113954 21 0.046046
spawn
  15 0.117958 -0.463562 0.231483 0.104094 0.657050 -0.746625 0.228487 0.073063 2 15 0.708393 14 0.291607
  15 0.058685 -0.498994 0.243910 -0.799849 -0.279897 -0.530941 0.255286 0.064111 2 15 0.632589 14 0.367411
  14 0.030391 -0.441391 0.262269 -0.702033 -0.210191 -0.680418 0.245393 0.038286 2 14 0.621730 15 0.378270
spawn
  15 0.117958 -0.463562 0.231483 0.104094 0.657050 -0.746625 0.228487 0.073063 2 15 0.708393 14 0.291607
  14 0.030391 -0.441391 0.262269 -0.702033 -0.210191 -0.680418 0.245393 0.038286 2 14 0.621730 15 0.378270
  14 0.095988 -0.391651 0.249950 0.323092 0.234431 -0.916872 0.212843 0.045523 2 14 0.520415 15 0.479585
spawn
  16 0.250805 -0.543088 0.043248 -0.130556 0.857669 -0.497352 0.209295 0.167067 4 16 0.507788 28 0.467449 29 0.024669 15 0.000095
  16 0.203859 -0.574671 0.038101 -0.739759 0.149036 -0.656159 0.231644 0.167116 4 16 0.854525 28 0.093040 29 0.052402 15 0.000032
  15 0.105360 -0.537216 0.186283 -0.841629 -0.158029 -0.516418 0.252598 0.098125 2 15 0.963969 14 0.036031
spawn
  16 0.250805 -0.543088 0.043248 -0.130556 0.857669 -0.497352 0.209295 0.167067 4 16 0.507788 28 0.467449 29 0.024669 15 0.000095
  15 0.105360 -0.537216 0.186283 -0.841629 -0.158029 -0.516418 0.252598 0.098125 2 15 0.963969 14 0.036031
  15 0.150061 -0.480985 0.177650 -0.039556 0.896975 -0.440309 0.223823 0.098136 1 15 1.000000
spawn
  17 0.127436 -0.292678 0.333432 0.955610 -0.192167 -0.223341 0.189165 0.946072 4 17 0.367955 13 0.298377 14 0.296641 21 0.037027
  17 0.106183 -0.292544 0.519730 0.894563 -0.433921 0.107100 0.163263 0.874932 4 17 0.640336 13 0.297259 18 0.057815 19 0.004589
  17 0.069975 -0.363796 0.510346 0.722696 -0.656931 0.214831 0.132918 0.887302 4 17 0.686163 13 0.266539 18 0.047244 14 0.000054
spawn
  17 0.127436 -0.292678 0.333432 0.955610 -0.192167 -0.223341 0.189165 0.946072 4 17 0.367955 13 0.298377 14 0.296641 21 0.037027
  17 0.069975 -0.363796 0.510346 0.722696 -0.656931 0.214831 0.132918 0.887302 4 17 0.686163 13 0.266539 18 0.047244 14 0.000054
  17 0.090918 -0.406047 0.398842 0.714233 -0.551586 0.430841 0.135407 0.936358 4 17 0.501445 14 0.430823 13 0.067394 15 0.000338
spawn
  17 -0.073329 -0.433225 0.572706 0.097186 -0.983970 0.149527 0.068557 0.869158 4 17 0.654782 13 0.188748 18 0.131025 19 0.025445
  17 -0.006539 -0.434135 0.377218 -0.210801 -0.976700 0.040250 0.095049 0.944090 3 17 0.544942 14 0.421191 13 0.033867
  17 0.090918 -0.406047 0.398842 0.714233 -0.551586 0.430841 0.135407 0.936358 4 17 0.501445 14 0.430823 13 0.067394 15 0.000338
spawn
  17 -0.073329 -0.433225 0.572706 0.097186 -0.983970 0.149527 0.068557 0.869158 4 17 0.654782 13 0.188748 18 0.131025 19 0.025445
  17 0.090918 -0.406047 0.398842 0.714233 -0.551586 0.430841 0.135407 0.936358 4 17 0.501445 14 0.430823 13 0.067394 15 0.000338
  17 0.069975 -0.363796 0.510346 0.722696 -0.656931 0.214831 0.132918 0.887302 4 17 0.686163 13 0.266539 18 0.047244 14 0.000054
spawn
  18 -0.096348 -0.399228 0.694033 0.029278 -0.970845 0.237912 0.060789 0.822767 4 18 0.753416 13 0.143440 19 0.094799 5 0.008346
  17 -0.073329 -0.433225 0.572706 0.097186 -0.983970 0.149527 0.068557 0.869158 4 17 0.654782 13 0.188748 18 0.131025 19 0.025445
  17 0.069975 -0.363796 0.510346 0.722696 -0.656931 0.214831 0.132918 0.887302 4 17 0.686163 13 0.266539 18 0.047244 14 0.000054
spawn
  18 -0.096348 -0.399228 0.694033 0.029278 -0.970845 0.237912 0.060789 0.822767 4 18 0.753416 13 0.143440 19 0.094799 5 0.008346
  17 0.069975 -0.363796 0.510346 0.722696 -0.656931 0.214831 0.132918 0.887302 4 17 0.686163 13 0.266539 18 0.047244 14 0.000054
  13 0.047512 -0.361159 0.629939 0.629252 -0.766678 0.127464 0.117834 0.841236 4 13 0.348905 18 0.286814 17 0.274356 19 0.089924
spawn
  18 0.216060 0.034828 0.791707 0.987179 0.031431 0.156489 0.241407 0.713904 4 18 0.748230 19 0.182407 13 0.035133 20 0.034230
  18 0.178699 -0.058409 0.740738 0.982678 -0.168886 -0.076300 0.224453 0.754249 4 18 0.755723 19 0.159263 13 0.066958 21 0.018057
  18 0.169114 0.114261 0.693658 0.996283 0.085755 -0.008176 0.299668 0.712992 4 18 0.730957 19 0.126496 20 0.075848 9 0.066699
spawn
  17 -0.004544 -0.348008 0.274221 -0.240939 -0.479574 -0.843775 0.089137 0.996963 3 17 0.750600 14 0.175079 13 0.074321
  17 -0.006539 -0.434135 0.377218 -0.210801 -0.976700 0.040250 0.095049 0.944090 3 17 0.544942 14 0.421191 13 0.033867
  17 -0.236483 -0.396962 0.437495 -0.218914 -0.970532 -0.100715 0.003037 0.919157 4 17 0.574828 13 0.262101 5 0.101203 18 0.061869
spawn
  17 -0.004544 -0.348008 0.274221 -0.240939 -0.479574 -0.843775 0.089137 0.996963 3 17 0.750600 14 0.175079 13 0.074321
  17 -0.236483 -0.396962 0.437495 -0.218914 -0.970532 -0.100715 0.003037 0.919157 4 17 0.574828 13 0.262101 5 0.101203 18 0.061869
  17 -0.206109 -0.359905 0.301682 -0.100821 -0.769688 -0.630409 0.011269 0.975622 4 17 0.563106 13 0.316751 5 0.117344 18 0.002799
spawn
  17 -0.206109 -0.359905 0.301682 -0.100821 -0.769688 -0.630409 0.802093 0.971269 4 17 0.563106 13 0.316751 5 0.117344 18 0.002799
  17 -0.236483 -0.396962 0.437495 -0.218914 -0.970532 -0.100715 0.782172 0.918044 4 17 0.574828 13 0.262101 5 0.101203 18 0.061869
  17 -0.442102 -0.346086 0.408647 -0.407557 -0.867483 0.285256 0.702199 0.944893 4 17 0.512306 5 0.420490 6 0.063681 13 0.003523
spawn
  17 -0.206109 -0.359905 0.301682 -0.100821 -0.769688 -0.630409 0.802093 0.971269 4 17 0.563106 13 0.316751 5 0.117344 18 0.002799
  17 -0.442102 -0.346086 0.408647 -0.407557 -0.867483 0.285256 0.702199 0.944893 4 17 0.512306 5 0.420490 6 0.063681 13 0.003523
  17 -0.384995 -0.351578 0.290959 0.161336 -0.824165 -0.542883 0.732939 0.986420 4 17 0.515094 5 0.425461 7 0.029888 13 0.029558
spawn
  6 -0.518918 -0.384672 0.335030 -0.139898 -0.537899 0.831320 0.865033 0.231217 3 6 0.561814 7 0.428178 5 0.010007
  6 -0.481935 -0.396858 0.273086 0.811659 -0.579711 0.071729 0.892357 0.241712 3 6 0.541145 7 0.456392 5 0.002463
  17 -0.384995 -0.351578 0.290959 0.161336 -0.824165 -0.542883 0.916894 0.205679 4 17 0.515094 5 0.425461 7 0.029888 13 0.029558
spawn
  6 -0.518918 -0.384672 0.335030 -0.139898 -0.537899 0.831320 0.865033 0.231217 3 6 0.561814 7 0.428178 5 0.010007
  17 -0.384995 -0.351578 0.290959 0.161336 -0.824165 -0.542883 0.916894 0.205679 4 17 0.515094 5 0.425461 7 0.029888 13 0.029558
  17 -0.442102 -0.346086 0.408647 -0.407557 -0.867483 0.285256 0.867637 0.186239 4 17 0.512306 5 0.420490 6 0.063681 13 0.003523
spawn
  7 -0.552276 -0.426013 0.273333 -0.298577 -0.716459 0.630506 0.870590 0.262992 4 7 0.608533 6 0.384615 5 0.006851 8 0.000002
  7 -0.514806 -0.432357 0.230061 0.768066 -0.639446 0.034401 0.893014 0.267752 4 7 0.626721 6 0.371551 5 0.001691 8 0.000037
  6 -0.481935 -0.396858 0.273086 0.811659 -0.579711 0.071729 0.892357 0.241712 3 6 0.541145 7 0.456392 5 0.002463
spawn
  7 -0.552276 -0.426013 0.273333 -0.298577 -0.716459 0.630506 0.870590 0.262992 4 7 0.608533 6 0.384615 5 0.006851 8 0.000002
  6 -0.481935 -0.396858 0.273086 0.811659 -0.579711 0.071729 0.892357 0.241712 3 6 0.541145 7 0.456392 5 0.002463
  6 -0.518918 -0.384672 0.335030 -0.139898 -0.537899 0.831320 0.865033 0.231217 3 6 0.561814 7 0.428178 5 0.010007
spawn
  8 -0.605277 -0.505422 0.037921 0.427854 0.538171 -0.726163 0.965214 0.506453 3 8 0.973126 27 0.026874 7 0.000000
  8 -0.625806 -0.495161 0.052438 -0.461410 0.870466 -0.171435 0.955619 0.509726 3 8 0.953573 27 0.045247 7 0.001180
  7 -0.580845 -0.415156 0.158048 -0.398183 0.772289 -0.494994 0.951765 0.561593 3 7 0.605063 8 0.388365 6 0.006572
spawn
  8 -0.605277 -0.505422 0.037921 0.427854 0.538171 -0.726163 0.965214 0.506453 3 8 0.973126 27 0.026874 7 0.000000
  7 -0.580845 -0.415156 0.158048 -0.398183 0.772289 -0.494994 0.951765 0.561593 3 7 0.605063 8 0.388365 6 0.006572
  7 -0.550267 -0.448600 0.134981 0.666610 0.444984 -0.598014 0.968570 0.552875 2 7 0.644928 8 0.355072
spawn
  6 -0.561959 -0.358079 0.292288 -0.759225 0.414159 0.502046 0.846341 0.249796 2 6 0.551446 7 0.448554
  6 -0.518918 -0.384672 0.335030 -0.139898 -0.537899 0.831320 0.865033 0.231217 3 6 0.561814 7 0.428178 5 0.010007
  17 -0.442102 -0.346086 0.408647 -0.407557 -0.867483 0.285256 0.867637 0.186239 4 17 0.512306 5 0.420490 6 0.063681 13 0.003523
spawn
  6 -0.561959 -0.358079 0.292288 -0.759225 0.414159 0.502046 0.846341 0.249796 2 6 0.551446 7 0.448554
  17 -0.442102 -0.346086 0.408647 -0.407557 -0.867483 0.285256 0.867637 0.186239 4 17 0.512306 5 0.420490 6 0.063681 13 0.003523
  17 -0.510899 -0.255241 0.390038 -0.971205 -0.213359 0.106011 0.821800 0.195255 3 17 0.516875 5 0.284674 6 0.198451
spawn
  7 -0.581609 -0.391349 0.245718 -0.955481 0.191536 0.224433 0.852045 0.272652 3 7 0.622503 6 0.377337 8 0.000159
  7 -0.552276 -0.426013 0.273333 -0.298577 -0.716459 0.630506 0.870590 0.262992 4 7 0.608533 6 0.384615 5 0.006851 8 0.000002
  6 -0.518918 -0.384672 0.335030 -0.139898 -0.537899 0.831320 0.865033 0.231217 3 6 0.561814 7 0.428178 5 0.010007
spawn
  7 -0.581609 -0.391349 0.245718 -0.955481 0.191536 0.224433 0.852045 0.272652 3 7 0.622503 6 0.377337 8 0.000159
  6 -0.518918 -0.384672 0.335030 -0.139898 -0.537899 0.831320 0.865033 0.231217 3 6 0.561814 7 0.428178 5 0.010007
  6 -0.561959 -0.358079 0.292288 -0.759225 0.414159 0.502046 0.846341 0.249796 2 6 0.551446 7 0.448554
spawn
  8 -0.578501 -0.552608 0.043524 0.934786 -0.052049 -0.351378 0.985051 0.502333 2 8 0.792665 27 0.207335
  8 -0.605277 -0.505422 0.037921 0.427854 0.538171 -0.726163 0.965214 0.506453 3 8 0.973126 27 0.026874 7 0.000000
  7 -0.550267 -0.448600 0.134981 0.666610 0.444984 -0.598014 0.968570 0.552875 2 7 0.644928 8 0.355072
spawn
  8 -0.578501 -0.552608 0.043524 0.934786 -0.052049 -0.351378 0.985051 0.502333 2 8 0.792665 27 0.207335
  7 -0.550267 -0.448600 0.134981 0.666610 0.444984 -0.598014 0.968570 0.552875 2 7 0.644928 8 0.355072
  7 -0.541576 -0.480795 0.159194 0.876800 -0.480850 0.002303 0.983744 0.554719 2 7 0.600891 8 0.399109
spawn
  6 -0.526499 -0.317519 0.255097 -0.291150 0.825387 -0.483702 0.819136 0.255587 3 6 0.555200 7 0.405737 5 0.039063
  6 -0.561959 -0.358079 0.292288 -0.759225 0.414159 0.502046 0.846341 0.249796 2 6 0.551446 7 0.448554
  17 -0.510899 -0.255241 0.390038 -0.971205 -0.213359 0.106011 0.821800 0.195255 3 17 0.516875 5 0.284674 6 0.198451
spawn
  6 -0.526499 -0.317519 0.255097 -0.291150 0.825387 -0.483702 0.819136 0.255587 3 6 0.555200 7 0.405737 5 0.039063
  17 -0.510899 -0.255241 0.390038 -0.971205 -0.213359 0.106011 0.821800 0.195255 3 17 0.516875 5 0.284674 6 0.198451
  17 -0.476771 -0.227658 0.296242 -0.754298 0.074691 -0.652269 0.789480 0.222494 3 17 0.509881 5 0.459165 6 0.030954
spawn
  7 -0.551893 -0.363203 0.215375 -0.307303 0.750031 -0.585678 0.832423 0.278404 4 7 0.574410 6 0.371041 8 0.028676 5 0.025873
  7 -0.581609 -0.391349 0.245718 -0.955481 0.191536 0.224433 0.852045 0.272652 3 7 0.622503 6 0.377337 8 0.000159
  6 -0.561959 -0.358079 0.292288 -0.759225 0.414159 0.502046 0.846341 0.249796 2 6 0.551446 7 0.448554
spawn
  7 -0.551893 -0.363203 0.215375 -0.307303 0.750031 -0.585678 0.832423 0.278404 4 7 0.574410 6 0.371041 8 0.028676 5 0.025873
  6 -0.561959 -0.358079 0.292288 -0.759225 0.414159 0.502046 0.846341 0.249796 2 6 0.551446 7 0.448554
  6 -0.526499 -0.317519 0.255097 -0.291150 0.825387 -0.483702 0.819136 0.255587 3 6 0.555200 7 0.405737 5 0.039063
spawn
  8 -0.625806 -0.495161 0.052438 -0.461410 0.870466 -0.171435 0.868393 0.359678 3 8 0.953573 27 0.045247 7 0.001180
  8 -0.619835 -0.527194 0.086883 -0.835787 -0.144412 0.529723 0.884545 0.349440 3 8 0.909540 27 0.087195 7 0.003266
  7 -0.607163 -0.461768 0.172241 -0.960175 -0.010492 0.279202 0.868204 0.310036 2 7 0.597017 8 0.402983
spawn
  8 -0.625806 -0.495161 0.052438 -0.461410 0.870466 -0.171435 0.868393 0.359678 3 8 0.953573 27 0.045247 7 0.001180
  7 -0.607163 -0.461768 0.172241 -0.960175 -0.010492 0.279202 0.868204 0.310036 2 7 0.597017 8 0.402983
  7 -0.580845 -0.415156 0.158048 -0.398183 0.772289 -0.494994 0.846376 0.308226 3 7 0.605063 8 0.388365 6 0.006572
spawn
  17 -0.403675 -0.296851 0.264647 -0.043561 -0.252120 -0.966715 0.962157 0.665389 2 17 0.518989 5 0.481011
  6 -0.488980 -0.365287 0.243084 0.677348 0.304008 -0.669910 0.966235 0.618576 3 6 0.510913 7 0.478238 5 0.010849
  6 -0.526499 -0.317519 0.255097 -0.291150 0.825387 -0.483702 0.940547 0.620717 3 6 0.555200 7 0.405737 5 0.039063
spawn
  17 -0.403675 -0.296851 0.264647 -0.043561 -0.252120 -0.966715 0.962157 0.665389 2 17 0.518989 5 0.481011
  6 -0.526499 -0.317519 0.255097 -0.291150 0.825387 -0.483702 0.940547 0.620717 3 6 0.555200 7 0.405737 5 0.039063
  17 -0.476771 -0.227658 0.296242 -0.754298 0.074691 -0.652269 0.920611 0.659887 3 17 0.509881 5 0.459165 6 0.030954
spawn
  7 -0.521068 -0.403296 0.201703 0.729672 0.255220 -0.634383 0.967555 0.589447 4 7 0.661786 6 0.330283 5 0.007014 8 0.000918
  7 -0.551893 -0.363203 0.215375 -0.307303 0.750031 -0.585678 0.946931 0.594852 4 7 0.574410 6 0.371041 8 0.028676 5 0.025873
  6 -0.526499 -0.317519 0.255097 -0.291150 0.825387 -0.483702 0.942735 0.620947 3 6 0.555200 7 0.405737 5 0.039063
spawn
  7 -0.521068 -0.403296 0.201703 0.729672 0.255220 -0.634383 0.967555 0.589447 4 7 0.661786 6 0.330283 5 0.007014 8 0.000918
  6 -0.526499 -0.317519 0.255097 -0.291150 0.825387 -0.483702 0.942735 0.620947 3 6 0.555200 7 0.405737 5 0.039063
  6 -0.488980 -0.365287 0.243084 0.677348 0.304008 -0.669910 0.966235 0.618576 3 6 0.510913 7 0.478238 5 0.010849
spawn
  8 -0.601924 -0.568074 0.068837 0.075434 -0.681844 0.727598 0.901778 0.358279 3 8 0.609057 27 0.390696 7 0.000247
  8 -0.578501 -0.552608 0.043524 0.934786 -0.052049 -0.351378 0.916894 0.357036 2 8 0.792665 27 0.207335
  7 -0.541576 -0.480795 0.159194 0.876800 -0.480850 0.002303 0.902251 0.302354 2 7 0.600891 8 0.399109
spawn
  8 -0.601924 -0.568074 0.068837 0.075434 -0.681844 0.727598 0.901778 0.358279 3 8 0.609057 27 0.390696 7 0.000247
  7 -0.541576 -0.480795 0.159194 0.876800 -0.480850 0.002303 0.902251 0.302354 2 7 0.600891 8 0.399109
  7 -0.586532 -0.487070 0.187480 -0.264757 -0.758603 0.595336 0.881360 0.304886 2 7 0.626559 8 0.373441
spawn
  6 -0.481935 -0.396858 0.273086 0.811659 -0.579711 0.071729 0.984670 0.619777 3 6 0.541145 7 0.456392 5 0.002463
  6 -0.488980 -0.365287 0.243084 0.677348 0.304008 -0.669910 0.966235 0.618576 3 6 0.510913 7 0.478238 5 0.010849
  17 -0.403675 -0.296851 0.264647 -0.043561 -0.252120 -0.966715 0.962157 0.665389 2 17 0.518989 5 0.481011
spawn
  6 -0.481935 -0.396858 0.273086 0.811659 -0.579711 0.071729 0.984670 0.619777 3 6 0.541145 7 0.456392 5 0.002463
  17 -0.403675 -0.296851 0.264647 -0.043561 -0.252120 -0.966715 0.962157 0.665389 2 17 0.518989 5 0.481011
  17 -0.384995 -0.351578 0.290959 0.161336 -0.824165 -0.542883 0.985051 0.662920 4 17 0.515094 5 0.425461 7 0.029888 13 0.029558
spawn
  7 -0.514806 -0.432357 0.230061 0.768066 -0.639446 0.034401 0.984293 0.591312 4 7 0.626721 6 0.371551 5 0.001691 8 0.000037
  7 -0.521068 -0.403296 0.201703 0.729672 0.255220 -0.634383 0.967555 0.589447 4 7 0.661786 6 0.330283 5 0.007014 8 0.000918
  6 -0.488980 -0.365287 0.243084 0.677348 0.304008 -0.669910 0.966235 0.618576 3 6 0.510913 7 0.478238 5 0.010849
spawn
  7 -0.514806 -0.432357 0.230061 0.768066 -0.639446 0.034401 0.984293 0.591312 4 7 0.626721 6 0.371551 5 0.001691 8 0.000037
  6 -0.488980 -0.365287 0.243084 0.677348 0.304008 -0.669910 0.966235 0.618576 3 6 0.510913 7 0.478238 5 0.010849
  6 -0.481935 -0.396858 0.273086 0.811659 -0.579711 0.071729 0.984670 0.619777 3 6 0.541145 7 0.456392 5 0.002463
spawn
  8 -0.619835 -0.527194 0.086883 -0.835787 -0.144412 0.529723 0.884545 0.349440 3 8 0.909540 27 0.087195 7 0.003266
  8 -0.601924 -0.568074 0.068837 0.075434 -0.681844 0.727598 0.901778 0.358279 3 8 0.609057 27 0.390696 7 0.000247
  7 -0.586532 -0.487070 0.187480 -0.264757 -0.758603 0.595336 0.881360 0.304886 2 7 0.626559 8 0.373441
spawn
  8 -0.619835 -0.527194 0.086883 -0.835787 -0.144412 0.529723 0.884545 0.349440 3 8 0.909540 27 0.087195 7 0.003266
  7 -0.586532 -0.487070 0.187480 -0.264757 -0.758603 0.595336 0.881360 0.304886 2 7 0.626559 8 0.373441
  7 -0.607163 -0.461768 0.172241 -0.960175 -0.010492 0.279202 0.868204 0.310036 2 7 0.597017 8 0.402983
spawn
  17 -0.519454 0.007710 0.278407 -0.794352 0.006845 -0.607419 0.553495 0.996963 4 17 0.527822 1 0.319559 5 0.148092 18 0.004526
  17 -0.476771 -0.227658 0.296242 -0.754298 0.074691 -0.652269 0.647981 0.992795 3 17 0.509881 5 0.459165 6 0.030954
  17 -0.510899 -0.255241 0.390038 -0.971205 -0.213359 0.106011 0.657278 0.953038 3 17 0.516875 5 0.284674 6 0.198451
spawn
  17 -0.519454 0.007710 0.278407 -0.794352 0.006845 -0.607419 0.553495 0.996963 4 17 0.527822 1 0.319559 5 0.148092 18 0.004526
  17 -0.510899 -0.255241 0.390038 -0.971205 -0.213359 0.106011 0.657278 0.953038 3 17 0.516875 5 0.284674 6 0.198451
  17 -0.558432 0.011627 0.379269 -0.975497 -0.003459 -0.219984 0.550324 0.954419 4 17 0.554754 5 0.217774 1 0.182110 18 0.045363
spawn
  17 -0.477454 0.227908 0.296031 -0.715608 -0.055531 -0.696291 0.752187 0.181810 3 17 0.440108 1 0.420351 2 0.139541
  17 -0.519454 0.007710 0.278407 -0.794352 0.006845 -0.607419 0.740279 0.094558 4 17 0.527822 1 0.319559 5 0.148092 18 0.004526
  17 -0.558432 0.011627 0.379269 -0.975497 -0.003459 -0.219984 0.698565 0.102014 4 17 0.554754 5 0.217774 1 0.182110 18 0.045363
spawn
  17 -0.477454 0.227908 0.296031 -0.715608 -0.055531 -0.696291 0.752187 0.181810 3 17 0.440108 1 0.420351 2 0.139541
  17 -0.558432 0.011627 0.379269 -0.975497 -0.003459 -0.219984 0.698565 0.102014 4 17 0.554754 5 0.217774 1 0.182110 18 0.045363
  17 -0.517750 0.255474 0.390674 -0.971234 0.205053 0.121069 0.713650 0.197753 3 17 0.516832 1 0.271413 2 0.211755
spawn
  17 -0.092321 -0.237769 0.195562 0.070308 -0.401723 -0.913058 0.704189 0.424355 4 17 0.532578 13 0.397641 21 0.043375 5 0.026405
  17 0.067239 -0.263201 0.263592 0.439588 -0.217272 -0.871524 0.767363 0.394356 4 17 0.472542 13 0.367458 14 0.113954 21 0.046046
  17 -0.004544 -0.348008 0.274221 -0.240939 -0.479574 -0.843775 0.730924 0.365752 3 17 0.750600 14 0.175079 13 0.074321
spawn
  17 -0.092321 -0.237769 0.195562 0.070308 -0.401723 -0.913058 0.704189 0.424355 4 17 0.532578 13 0.397641 21 0.043375 5 0.026405
  17 -0.004544 -0.348008 0.274221 -0.240939 -0.479574 -0.843775 0.730924 0.365752 3 17 0.750600 14 0.175079 13 0.074321
  17 -0.206109 -0.359905 0.301682 -0.100821 -0.769688 -0.630409 0.646606 0.369682 4 17 0.563106 13 0.316751 5 0.117344 18 0.002799
spawn
  17 -0.394010 -0.131282 0.199394 -0.391481 -0.243614 -0.887353 0.595636 0.484590 4 17 0.508017 5 0.427597 1 0.060192 13 0.004194
  17 -0.092321 -0.237769 0.195562 0.070308 -0.401723 -0.913058 0.704189 0.424355 4 17 0.532578 13 0.397641 21 0.043375 5 0.026405
  17 -0.206109 -0.359905 0.301682 -0.100821 -0.769688 -0.630409 0.646606 0.369682 4 17 0.563106 13 0.316751 5 0.117344 18 0.002799
spawn
  17 -0.394010 -0.131282 0.199394 -0.391481 -0.243614 -0.887353 0.595636 0.484590 4 17 0.508017 5 0.427597 1 0.060192 13 0.004194
  17 -0.206109 -0.359905 0.301682 -0.100821 -0.769688 -0.630409 0.646606 0.369682 4 17 0.563106 13 0.316751 5 0.117344 18 0.002799
  17 -0.403675 -0.296851 0.264647 -0.043561 -0.252120 -0.966715 0.574029 0.416665 2 17 0.518989 5 0.481011
spawn
  17 -0.165050 0.335201 0.264427 -0.051623 0.649955 -0.758217 0.707302 0.665389 4 17 0.564379 9 0.355788 1 0.079789 10 0.000044
  17 -0.004493 0.348674 0.273161 -0.212400 0.452993 -0.865843 0.774183 0.663153 4 17 0.748882 10 0.148012 9 0.102521 11 0.000584
  17 0.067964 0.263361 0.263173 0.502752 0.199716 -0.841043 0.801010 0.625061 4 17 0.493553 9 0.366378 10 0.095785 20 0.044284
spawn
  17 -0.165050 0.335201 0.264427 -0.051623 0.649955 -0.758217 0.707302 0.665389 4 17 0.564379 9 0.355788 1 0.079789 10 0.000044
  17 0.067964 0.263361 0.263173 0.502752 0.199716 -0.841043 0.801010 0.625061 4 17 0.493553 9 0.366378 10 0.095785 20 0.044284
  17 -0.124915 0.197833 0.174864 0.048066 0.364620 -0.929915 0.716407 0.599018 4 17 0.522806 9 0.366589 20 0.067968 1 0.042637
spawn
  17 -0.381657 0.301486 0.271813 -0.049996 0.447114 -0.893079 0.616510 0.661301 4 17 0.429690 1 0.399354 2 0.166951 9 0.004005
  17 -0.165050 0.335201 0.264427 -0.051623 0.649955 -0.758217 0.707302 0.665389 4 17 0.564379 9 0.355788 1 0.079789 10 0.000044
  17 -0.124915 0.197833 0.174864 0.048066 0.364620 -0.929915 0.716407 0.599018 4 17 0.522806 9 0.366589 20 0.067968 1 0.042637
spawn
  17 -0.381657 0.301486 0.271813 -0.049996 0.447114 -0.893079 0.616510 0.661301 4 17 0.429690 1 0.399354 2 0.166951 9 0.004005
  17 -0.124915 0.197833 0.174864 0.048066 0.364620 -0.929915 0.716407 0.599018 4 17 0.522806 9 0.366589 20 0.067968 1 0.042637
  17 -0.397867 0.136108 0.205187 -0.406488 0.251877 -0.878252 0.607937 0.588983 4 17 0.512570 1 0.450278 5 0.026460 9 0.010692
spawn
  17 -0.519454 0.007710 0.278407 -0.794352 0.006845 -0.607419 0.541958 0.547497 4 17 0.527822 1 0.319559 5 0.148092 18 0.004526
  17 -0.477454 0.227908 0.296031 -0.715608 -0.055531 -0.696291 0.570053 0.637575 3 17 0.440108 1 0.420351 2 0.139541
  17 -0.381657 0.301486 0.271813 -0.049996 0.447114 -0.893079 0.616510 0.661301 4 17 0.429690 1 0.399354 2 0.166951 9 0.004005
spawn
  17 -0.519454 0.007710 0.278407 -0.794352 0.006845 -0.607419 0.541958 0.547497 4 17 0.527822 1 0.319559 5 0.148092 18 0.004526
  17 -0.381657 0.301486 0.271813 -0.049996 0.447114 -0.893079 0.616510 0.661301 4 17 0.429690 1 0.399354 2 0.166951 9 0.004005
  17 -0.397867 0.136108 0.205187 -0.406488 0.251877 -0.878252 0.607937 0.588983 4 17 0.512570 1 0.450278 5 0.026460 9 0.010692
spawn
  17 -0.403675 -0.296851 0.264647 -0.043561 -0.252120 -0.966715 0.574029 0.416665 2 17 0.518989 5 0.481011
  17 -0.206109 -0.359905 0.301682 -0.100821 -0.769688 -0.630409 0.646606 0.369682 4 17 0.563106 13 0.316751 5 0.117344 18 0.002799
  17 -0.384995 -0.351578 0.290959 0.161336 -0.824165 -0.542883 0.576034 0.390669 4 17 0.515094 5 0.425461 7 0.029888 13 0.029558
spawn
  17 -0.394010 -0.131282 0.199394 -0.391481 -0.243614 -0.887353 0.595636 0.484590 4 17 0.508017 5 0.427597 1 0.060192 13 0.004194
  17 -0.403675 -0.296851 0.264647 -0.043561 -0.252120 -0.966715 0.574029 0.416665 2 17 0.518989 5 0.481011
  17 -0.476771 -0.227658 0.296242 -0.754298 0.074691 -0.652269 0.543265 0.447705 3 17 0.509881 5 0.459165 6 0.030954
spawn
  17 -0.394010 -0.131282 0.199394 -0.391481 -0.243614 -0.887353 0.595636 0.484590 4 17 0.508017 5 0.427597 1 0.060192 13 0.004194
  17 -0.476771 -0.227658 0.296242 -0.754298 0.074691 -0.652269 0.543265 0.447705 3 17 0.509881 5 0.459165 6 0.030954
  17 -0.519454 0.007710 0.278407 -0.794352 0.006845 -0.607419 0.541958 0.547497 4 17 0.527822 1 0.319559 5 0.148092 18 0.004526
spawn
  17 -0.342679 0.011378 0.153108 -0.265770 0.010368 -0.963981 0.627047 0.536771 4 17 0.519600 1 0.335142 5 0.086529 0 0.058729
  17 -0.394010 -0.131282 0.199394 -0.391481 -0.243614 -0.887353 0.595636 0.484590 4 17 0.508017 5 0.427597 1 0.060192 13 0.004194
  17 -0.519454 0.007710 0.278407 -0.794352 0.006845 -0.607419 0.541958 0.547497 4 17 0.527822 1 0.319559 5 0.148092 18 0.004526
spawn
  17 -0.342679 0.011378 0.153108 -0.265770 0.010368 -0.963981 0.627047 0.536771 4 17 0.519600 1 0.335142 5 0.086529 0 0.058729
  17 -0.519454 0.007710 0.278407 -0.794352 0.006845 -0.607419 0.541958 0.547497 4 17 0.527822 1 0.319559 5 0.148092 18 0.004526
  17 -0.397867 0.136108 0.205187 -0.406488 0.251877 -0.878252 0.607937 0.588983 4 17 0.512570 1 0.450278 5 0.026460 9 0.010692
spawn
  18 -0.506039 0.175334 0.642789 -0.857680 0.510261 0.063398 0.607592 0.190429 4 18 0.719494 1 0.128781 19 0.107567 2 0.044159
  18 -0.377244 0.286482 0.680716 -0.527477 0.843894 0.098037 0.599764 0.262443 4 18 0.716399 19 0.136012 1 0.102068 9 0.045521
  18 -0.381208 0.295944 0.633318 -0.565826 0.793242 0.224964 0.619543 0.261573 4 18 0.673829 1 0.161367 19 0.101620 2 0.063184
spawn
  17 -0.526677 0.207443 0.505309 -0.881901 0.440271 0.168559 0.665441 0.188483 4 17 0.550794 1 0.262473 18 0.096023 2 0.090710
  18 -0.506039 0.175334 0.642789 -0.857680 0.510261 0.063398 0.607592 0.190429 4 18 0.719494 1 0.128781 19 0.107567 2 0.044159
  18 -0.381208 0.295944 0.633318 -0.565826 0.793242 0.224964 0.619543 0.261573 4 18 0.673829 1 0.161367 19 0.101620 2 0.063184
spawn
  17 -0.526677 0.207443 0.505309 -0.881901 0.440271 0.168559 0.665441 0.188483 4 17 0.550794 1 0.262473 18 0.096023 2 0.090710
  18 -0.381208 0.295944 0.633318 -0.565826 0.793242 0.224964 0.619543 0.261573 4 18 0.673829 1 0.161367 19 0.101620 2 0.063184
  17 -0.401394 0.310130 0.542064 -0.531671 0.817447 0.221600 0.657615 0.255084 4 17 0.554736 1 0.230969 18 0.122029 2 0.092265
spawn
  17 -0.517750 0.255474 0.390674 -0.971234 0.205053 0.121069 0.713650 0.197753 3 17 0.516832 1 0.271413 2 0.211755
  17 -0.526677 0.207443 0.505309 -0.881901 0.440271 0.168559 0.665441 0.188483 4 17 0.550794 1 0.262473 18 0.096023 2 0.090710
  17 -0.401394 0.310130 0.542064 -0.531671 0.817447 0.221600 0.657615 0.255084 4 17 0.554736 1 0.230969 18 0.122029 2 0.092265
spawn
  17 -0.517750 0.255474 0.390674 -0.971234 0.205053 0.121069 0.713650 0.197753 3 17 0.516832 1 0.271413 2 0.211755
  17 -0.401394 0.310130 0.542064 -0.531671 0.817447 0.221600 0.657615 0.255084 4 17 0.554736 1 0.230969 18 0.122029 2 0.092265
  17 -0.449651 0.334537 0.430587 -0.470947 0.800203 0.371328 0.705026 0.240650 4 17 0.515979 1 0.266110 2 0.206940 18 0.010972
spawn
  17 -0.514457 -0.217652 0.537459 -0.873207 -0.447805 0.192303 0.643905 0.894851 4 17 0.554454 5 0.263899 18 0.112706 6 0.068940
  17 -0.510899 -0.255241 0.390038 -0.971205 -0.213359 0.106011 0.657278 0.953038 3 17 0.516875 5 0.284674 6 0.198451
  17 -0.442102 -0.346086 0.408647 -0.407557 -0.867483 0.285256 0.702199 0.944893 4 17 0.512306 5 0.420490 6 0.063681 13 0.003523
spawn
  17 -0.514457 -0.217652 0.537459 -0.873207 -0.447805 0.192303 0.643905 0.894851 4 17 0.554454 5 0.263899 18 0.112706 6 0.068940
  17 -0.442102 -0.346086 0.408647 -0.407557 -0.867483 0.285256 0.702199 0.944893 4 17 0.512306 5 0.420490 6 0.063681 13 0.003523
  17 -0.390490 -0.319360 0.574470 -0.551153 -0.800182 0.236513 0.705731 0.875126 4 17 0.611701 5 0.170825 18 0.156504 13 0.060970
spawn
  18 -0.482658 -0.185534 0.679383 -0.814864 -0.544749 0.198106 0.638307 0.835587 4 18 0.719450 19 0.120709 5 0.111389 17 0.048452
  17 -0.514457 -0.217652 0.537459 -0.873207 -0.447805 0.192303 0.643905 0.894851 4 17 0.554454 5 0.263899 18 0.112706 6 0.068940
  17 -0.390490 -0.319360 0.574470 -0.551153 -0.800182 0.236513 0.705731 0.875126 4 17 0.611701 5 0.170825 18 0.156504 13 0.060970
spawn
  18 -0.482658 -0.185534 0.679383 -0.814864 -0.544749 0.198106 0.638307 0.835587 4 18 0.719450 19 0.120709 5 0.111389 17 0.048452
  17 -0.390490 -0.319360 0.574470 -0.551153 -0.800182 0.236513 0.705731 0.875126 4 17 0.611701 5 0.170825 18 0.156504 13 0.060970
  18 -0.314761 -0.271176 0.847641 -0.467533 -0.816610 0.338470 0.707318 0.759679 4 18 0.716784 19 0.255747 5 0.016050 13 0.011419
spawn
  17 -0.572629 0.016705 0.506933 -0.996183 -0.001753 0.087271 0.548591 0.903400 4 17 0.618054 18 0.132427 5 0.129189 1 0.120330
  17 -0.558432 0.011627 0.379269 -0.975497 -0.003459 -0.219984 0.550324 0.954419 4 17 0.554754 5 0.217774 1 0.182110 18 0.045363
  17 -0.510899 -0.255241 0.390038 -0.971205 -0.213359 0.106011 0.657278 0.953038 3 17 0.516875 5 0.284674 6 0.198451
spawn
  17 -0.572629 0.016705 0.506933 -0.996183 -0.001753 0.087271 0.548591 0.903400 4 17 0.618054 18 0.132427 5 0.129189 1 0.120330
  17 -0.510899 -0.255241 0.390038 -0.971205 -0.213359 0.106011 0.657278 0.953038 3 17 0.516875 5 0.284674 6 0.198451
  17 -0.514457 -0.217652 0.537459 -0.873207 -0.447805 0.192303 0.643905 0.894851 4 17 0.554454 5 0.263899 18 0.112706 6 0.068940
spawn
  18 -0.542701 0.030018 0.633551 -0.996669 -0.002289 0.081522 0.548120 0.851405 4 18 0.739138 19 0.109382 1 0.077080 5 0.074401
  17 -0.572629 0.016705 0.506933 -0.996183 -0.001753 0.087271 0.548591 0.903400 4 17 0.618054 18 0.132427 5 0.129189 1 0.120330
  17 -0.514457 -0.217652 0.537459 -0.873207 -0.447805 0.192303 0.643905 0.894851 4 17 0.554454 5 0.263899 18 0.112706 6 0.068940
spawn
  18 -0.542701 0.030018 0.633551 -0.996669 -0.002289 0.081522 0.548120 0.851405 4 18 0.739138 19 0.109382 1 0.077080 5 0.074401
  17 -0.514457 -0.217652 0.537459 -0.873207 -0.447805 0.192303 0.643905 0.894851 4 17 0.554454 5 0.263899 18 0.112706 6 0.068940
  18 -0.482658 -0.185534 0.679383 -0.814864 -0.544749 0.198106 0.638307 0.835587 4 18 0.719450 19 0.120709 5 0.111389 17 0.048452
spawn
  17 -0.526677 0.207443 0.505309 -0.881901 0.440271 0.168559 0.665441 0.188483 4 17 0.550794 1 0.262473 18 0.096023 2 0.090710
  17 -0.517750 0.255474 0.390674 -0.971234 0.205053 0.121069 0.713650 0.197753 3 17 0.516832 1 0.271413 2 0.211755
  17 -0.558432 0.011627 0.379269 -0.975497 -0.003459 -0.219984 0.698565 0.102014 4 17 0.554754 5 0.217774 1 0.182110 18 0.045363
spawn
  17 -0.526677 0.207443 0.505309 -0.881901 0.440271 0.168559 0.665441 0.188483 4 17 0.550794 1 0.262473 18 0.096023 2 0.090710
  17 -0.558432 0.011627 0.379269 -0.975497 -0.003459 -0.219984 0.698565 0.102014 4 17 0.554754 5 0.217774 1 0.182110 18 0.045363
  17 -0.572629 0.016705 0.506933 -0.996183 -0.001753 0.087271 0.649290 0.112864 4 17 0.618054 18 0.132427 5 0.129189 1 0.120330
spawn
  18 -0.506039 0.175334 0.642789 -0.857680 0.510261 0.063398 0.607592 0.190429 4 18 0.719494 1 0.128781 19 0.107567 2 0.044159
  17 -0.526677 0.207443 0.505309 -0.881901 0.440271 0.168559 0.665441 0.188483 4 17 0.550794 1 0.262473 18 0.096023 2 0.090710
  17 -0.572629 0.016705 0.506933 -0.996183 -0.001753 0.087271 0.649290 0.112864 4 17 0.618054 18 0.132427 5 0.129189 1 0.120330
spawn
  18 -0.506039 0.175334 0.642789 -0.857680 0.510261 0.063398 0.607592 0.190429 4 18 0.719494 1 0.128781 19 0.107567 2 0.044159
  17 -0.572629 0.016705 0.506933 -0.996183 -0.001753 0.087271 0.649290 0.112864 4 17 0.618054 18 0.132427 5 0.129189 1 0.120330
  18 -0.542701 0.030018 0.633551 -0.996669 -0.002289 0.081522 0.601183 0.129953 4 18 0.739138 19 0.109382 1 0.077080 5 0.074401
spawn
  17 -0.243092 -0.389024 0.622539 -0.320578 -0.930016 0.179723 0.003066 0.845571 4 17 0.579150 18 0.233371 13 0.125082 5 0.062397
  17 -0.236483 -0.396962 0.437495 -0.218914 -0.970532 -0.100715 0.003037 0.919157 4 17 0.574828 13 0.262101 5 0.101203 18 0.061869
  17 -0.006539 -0.434135 0.377218 -0.210801 -0.976700 0.040250 0.095049 0.944090 3 17 0.544942 14 0.421191 13 0.033867
spawn
  17 -0.243092 -0.389024 0.622539 -0.320578 -0.930016 0.179723 0.003066 0.845571 4 17 0.579150 18 0.233371 13 0.125082 5 0.062397
  17 -0.006539 -0.434135 0.377218 -0.210801 -0.976700 0.040250 0.095049 0.944090 3 17 0.544942 14 0.421191 13 0.033867
  17 -0.073329 -0.433225 0.572706 0.097186 -0.983970 0.149527 0.068557 0.869158 4 17 0.654782 13 0.188748 18 0.131025 19 0.025445
spawn
  17 -0.390490 -0.319360 0.574470 -0.551153 -0.800182 0.236513 0.705731 0.875126 4 17 0.611701 5 0.170825 18 0.156504 13 0.060970
  17 -0.442102 -0.346086 0.408647 -0.407557 -0.867483 0.285256 0.702199 0.944893 4 17 0.512306 5 0.420490 6 0.063681 13 0.003523
  17 -0.236483 -0.396962 0.437495 -0.218914 -0.970532 -0.100715 0.782172 0.918044 4 17 0.574828 13 0.262101 5 0.101203 18 0.061869
spawn
  17 -0.390490 -0.319360 0.574470 -0.551153 -0.800182 0.236513 0.705731 0.875126 4 17 0.611701 5 0.170825 18 0.156504 13 0.060970
  17 -0.236483 -0.396962 0.437495 -0.218914 -0.970532 -0.100715 0.782172 0.918044 4 17 0.574828 13 0.262101 5 0.101203 18 0.061869
  17 -0.243092 -0.389024 0.622539 -0.320578 -0.930016 0.179723 0.767168 0.846448 4 17 0.579150 18 0.233371 13 0.125082 5 0.062397
spawn
  18 -0.232184 -0.353340 0.763138 -0.340447 -0.884326 0.319474 0.756249 0.789946 4 18 0.749839 19 0.137749 13 0.071632 5 0.040780
  18 -0.314761 -0.271176 0.847641 -0.467533 -0.816610 0.338470 0.707318 0.759679 4 18 0.716784 19 0.255747 5 0.016050 13 0.011419
  17 -0.390490 -0.319360 0.574470 -0.551153 -0.800182 0.236513 0.705731 0.875126 4 17 0.611701 5 0.170825 18 0.156504 13 0.060970
spawn
  18 -0.232184 -0.353340 0.763138 -0.340447 -0.884326 0.319474 0.756249 0.789946 4 18 0.749839 19 0.137749 13 0.071632 5 0.040780
  17 -0.390490 -0.319360 0.574470 -0.551153 -0.800182 0.236513 0.705731 0.875126 4 17 0.611701 5 0.170825 18 0.156504 13 0.060970
  17 -0.243092 -0.389024 0.622539 -0.320578 -0.930016 0.179723 0.767168 0.846448 4 17 0.579150 18 0.233371 13 0.125082 5 0.062397
spawn
  18 -0.232184 -0.353340 0.763138 -0.340447 -0.884326 0.319474 0.011183 0.788714 4 18 0.749839 19 0.137749 13 0.071632 5 0.040780
  17 -0.243092 -0.389024 0.622539 -0.320578 -0.930016 0.179723 0.003066 0.845571 4 17 0.579150 18 0.233371 13 0.125082 5 0.062397
  17 -0.073329 -0.433225 0.572706 0.097186 -0.983970 0.149527 0.068557 0.869158 4 17 0.654782 13 0.188748 18 0.131025 19 0.025445
spawn
  18 -0.232184 -0.353340 0.763138 -0.340447 -0.884326 0.319474 0.011183 0.788714 4 18 0.749839 19 0.137749 13 0.071632 5 0.040780
  17 -0.073329 -0.433225 0.572706 0.097186 -0.983970 0.149527 0.068557 0.869158 4 17 0.654782 13 0.188748 18 0.131025 19 0.025445
  18 -0.096348 -0.399228 0.694033 0.029278 -0.970845 0.237912 0.060789 0.822767 4 18 0.753416 13 0.143440 19 0.094799 5 0.008346
spawn
  18 -0.144283 -0.337906 0.857551 -0.091449 -0.863646 0.495734 0.048822 0.758863 4 18 0.734913 19 0.208648 13 0.049002 14 0.007436
  18 -0.232184 -0.353340 0.763138 -0.340447 -0.884326 0.319474 0.011183 0.788714 4 18 0.749839 19 0.137749 13 0.071632 5 0.040780
  18 -0.096348 -0.399228 0.694033 0.029278 -0.970845 0.237912 0.060789 0.822767 4 18 0.753416 13 0.143440 19 0.094799 5 0.008346
spawn
  18 -0.195487 -0.277385 0.933956 -0.157058 -0.807167 0.569047 0.034818 0.720991 4 18 0.691196 19 0.300912 13 0.007891 14 0.000000
  18 -0.232184 -0.353340 0.763138 -0.340447 -0.884326 0.319474 0.011183 0.788714 4 18 0.749839 19 0.137749 13 0.071632 5 0.040780
  18 -0.144283 -0.337906 0.857551 -0.091449 -0.863646 0.495734 0.048822 0.758863 4 18 0.734913 19 0.208648 13 0.049002 14 0.007436
spawn
  18 -0.195487 -0.277385 0.933956 -0.157058 -0.807167 0.569047 0.745901 0.715006 4 18 0.691196 19 0.300912 13 0.007891 14 0.000000
  18 -0.228944 -0.235679 0.979393 -0.131951 -0.816017 0.562766 0.724415 0.697445 2 18 0.601089 19 0.398911
  18 -0.314761 -0.271176 0.847641 -0.467533 -0.816610 0.338470 0.707318 0.759679 4 18 0.716784 19 0.255747 5 0.016050 13 0.011419
spawn
  18 -0.195487 -0.277385 0.933956 -0.157058 -0.807167 0.569047 0.745901 0.715006 4 18 0.691196 19 0.300912 13 0.007891 14 0.000000
  18 -0.314761 -0.271176 0.847641 -0.467533 -0.816610 0.338470 0.707318 0.759679 4 18 0.716784 19 0.255747 5 0.016050 13 0.011419
  18 -0.232184 -0.353340 0.763138 -0.340447 -0.884326 0.319474 0.756249 0.789946 4 18 0.749839 19 0.137749 13 0.071632 5 0.040780
spawn
  18 -0.482658 -0.185534 0.679383 -0.814864 -0.544749 0.198106 0.638307 0.835587 4 18 0.719450 19 0.120709 5 0.111389 17 0.048452
  18 -0.314761 -0.271176 0.847641 -0.467533 -0.816610 0.338470 0.707318 0.759679 4 18 0.716784 19 0.255747 5 0.016050 13 0.011419
  18 -0.362565 -0.231387 0.909279 -0.519458 -0.776081 0.357576 0.679937 0.737631 2 18 0.500031 19 0.499969
spawn
  18 -0.482658 -0.185534 0.679383 -0.814864 -0.544749 0.198106 0.638307 0.835587 4 18 0.719450 19 0.120709 5 0.111389 17 0.048452
  18 -0.362565 -0.231387 0.909279 -0.519458 -0.776081 0.357576 0.679937 0.737631 2 18 0.500031 19 0.499969
  18 -0.504789 -0.143458 0.751921 -0.870776 -0.475224 0.126138 0.619371 0.806277 4 18 0.473299 19 0.472832 5 0.039090 17 0.014778
spawn
  18 -0.542701 0.030018 0.633551 -0.996669 -0.002289 0.081522 0.548120 0.851405 4 18 0.739138 19 0.109382 1 0.077080 5 0.074401
  18 -0.482658 -0.185534 0.679383 -0.814864 -0.544749 0.198106 0.638307 0.835587 4 18 0.719450 19 0.120709 5 0.111389 17 0.048452
  18 -0.504789 -0.143458 0.751921 -0.870776 -0.475224 0.126138 0.619371 0.806277 4 18 0.473299 19 0.472832 5 0.039090 17 0.014778
spawn
  18 -0.542701 0.030018 0.633551 -0.996669 -0.002289 0.081522 0.548120 0.851405 4 18 0.739138 19 0.109382 1 0.077080 5 0.074401
  18 -0.504789 -0.143458 0.751921 -0.870776 -0.475224 0.126138 0.619371 0.806277 4 18 0.473299 19 0.472832 5 0.039090 17 0.014778
  18 -0.550638 0.045875 0.704685 -0.999319 0.033114 0.016280 0.541958 0.823095 4 18 0.476672 19 0.462426 1 0.033192 5 0.027711
spawn
  18 0.004978 0.063023 0.971842 0.712366 0.221664 0.665883 0.179427 0.629025 2 18 0.511480 19 0.488520
  18 -0.043092 0.178809 0.922262 0.659287 0.563612 0.497676 0.222759 0.589585 4 18 0.577180 19 0.407835 9 0.014202 10 0.000783
  19 -0.078935 0.252042 1.009829 0.587046 0.689243 0.424643 0.200966 0.544294 2 19 0.802724 18 0.197276
spawn
  18 0.004978 0.063023 0.971842 0.712366 0.221664 0.665883 0.179427 0.629025 2 18 0.511480 19 0.488520
  19 -0.078935 0.252042 1.009829 0.587046 0.689243 0.424643 0.200966 0.544294 2 19 0.802724 18 0.197276
  19 -0.046204 0.092997 1.069856 0.704746 0.242585 0.666698 0.150860 0.591976 2 19 0.815717 18 0.184283
spawn
  19 -0.004580 -0.078319 0.994914 0.635057 -0.222402 0.739757 0.132838 0.666274 2 19 0.609959 18 0.390041
  18 0.004978 0.063023 0.971842 0.712366 0.221664 0.665883 0.179427 0.629025 2 18 0.511480 19 0.488520
  19 -0.046204 0.092997 1.069856 0.704746 0.242585 0.666698 0.150860 0.591976 2 19 0.815717 18 0.184283
spawn
  19 -0.004580 -0.078319 0.994914 0.635057 -0.222402 0.739757 0.132838 0.666274 2 19 0.609959 18 0.390041
  19 -0.046204 0.092997 1.069856 0.704746 0.242585 0.666698 0.150860 0.591976 2 19 0.815717 18 0.184283
  19 -0.073715 -0.032539 1.105890 0.539558 -0.203771 0.816918 0.106389 0.618579 2 19 0.855098 18 0.144902
spawn
  18 -0.043092 0.178809 0.922262 0.659287 0.563612 0.497676 0.222759 0.589585 4 18 0.577180 19 0.407835 9 0.014202 10 0.000783
  18 -0.094300 0.268509 0.870565 0.418033 0.814661 0.401965 0.260947 0.553644 4 18 0.568675 19 0.375477 9 0.047246 17 0.008603
  19 -0.155695 0.311733 0.945244 0.266519 0.929745 0.254049 0.236686 0.514667 3 19 0.789831 18 0.197455 9 0.012714
spawn
  18 -0.043092 0.178809 0.922262 0.659287 0.563612 0.497676 0.222759 0.589585 4 18 0.577180 19 0.407835 9 0.014202 10 0.000783
  19 -0.155695 0.311733 0.945244 0.266519 0.929745 0.254049 0.236686 0.514667 3 19 0.789831 18 0.197455 9 0.012714
  19 -0.078935 0.252042 1.009829 0.587046 0.689243 0.424643 0.200966 0.544294 2 19 0.802724 18 0.197276
spawn
  18 -0.094300 0.268509 0.870565 0.418033 0.814661 0.401965 0.260947 0.553644 4 18 0.568675 19 0.375477 9 0.047246 17 0.008603
  18 -0.176114 0.313282 0.808168 0.006653 0.950025 0.312102 0.296517 0.516249 4 18 0.684432 19 0.236412 9 0.062753 17 0.016403
  19 -0.248199 0.322608 0.881670 -0.063079 0.985524 0.157365 0.268470 0.481365 3 19 0.492639 18 0.488302 9 0.019059
spawn
  18 -0.094300 0.268509 0.870565 0.418033 0.814661 0.401965 0.260947 0.553644 4 18 0.568675 19 0.375477 9 0.047246 17 0.008603
  19 -0.248199 0.322608 0.881670 -0.063079 0.985524 0.157365 0.268470 0.481365 3 19 0.492639 18 0.488302 9 0.019059
  19 -0.155695 0.311733 0.945244 0.266519 0.929745 0.254049 0.236686 0.514667 3 19 0.789831 18 0.197455 9 0.012714
spawn
  18 -0.506039 0.175334 0.642789 -0.857680 0.510261 0.063398 0.607592 0.190429 4 18 0.719494 1 0.128781 19 0.107567 2 0.044159
  18 -0.542701 0.030018 0.633551 -0.996669 -0.002289 0.081522 0.601183 0.129953 4 18 0.739138 19 0.109382 1 0.077080 5 0.074401
  18 -0.550638 0.045875 0.704685 -0.999319 0.033114 0.016280 0.574205 0.139550 4 18 0.476672 19 0.462426 1 0.033192 5 0.027711
spawn
  18 -0.506039 0.175334 0.642789 -0.857680 0.510261 0.063398 0.607592 0.190429 4 18 0.719494 1 0.128781 19 0.107567 2 0.044159
  18 -0.550638 0.045875 0.704685 -0.999319 0.033114 0.016280 0.574205 0.139550 4 18 0.476672 19 0.462426 1 0.033192 5 0.027711
  18 -0.513096 0.167123 0.724902 -0.878642 0.477316 0.012546 0.573843 0.190367 4 18 0.481602 19 0.465914 1 0.045852 2 0.006632
spawn
  19 -0.100064 -0.159580 1.020306 0.409768 -0.571934 0.710621 0.082163 0.673516 2 19 0.734628 18 0.265372
  19 -0.004580 -0.078319 0.994914 0.635057 -0.222402 0.739757 0.132838 0.666274 2 19 0.609959 18 0.390041
  19 -0.073715 -0.032539 1.105890 0.539558 -0.203771 0.816918 0.106389 0.618579 2 19 0.855098 18 0.144902
spawn
  19 -0.100064 -0.159580 1.020306 0.409768 -0.571934 0.710621 0.082163 0.673516 2 19 0.734628 18 0.265372
  19 -0.073715 -0.032539 1.105890 0.539558 -0.203771 0.816918 0.106389 0.618579 2 19 0.855098 18 0.144902
  19 -0.108480 -0.117122 1.076536 0.390297 -0.549700 0.738578 0.082456 0.646252 2 19 0.839133 18 0.160867
spawn
  18 -0.314761 -0.271176 0.847641 -0.467533 -0.816610 0.338470 0.707318 0.759679 4 18 0.716784 19 0.255747 5 0.016050 13 0.011419
  18 -0.228944 -0.235679 0.979393 -0.131951 -0.816017 0.562766 0.724415 0.697445 2 18 0.601089 19 0.398911
  19 -0.226965 -0.199914 1.038163 0.012916 -0.754472 0.656205 0.715940 0.671462 2 19 0.843893 18 0.156107
spawn
  18 -0.314761 -0.271176 0.847641 -0.467533 -0.816610 0.338470 0.707318 0.759679 4 18 0.716784 19 0.255747 5 0.016050 13 0.011419
  19 -0.226965 -0.199914 1.038163 0.012916 -0.754472 0.656205 0.715940 0.671462 2 19 0.843893 18 0.156107
  18 -0.362565 -0.231387 0.909279 -0.519458 -0.776081 0.357576 0.679937 0.737631 2 18 0.500031 19 0.499969
spawn
  18 -0.377244 0.286482 0.680716 -0.527477 0.843894 0.098037 0.599764 0.262443 4 18 0.716399 19 0.136012 1 0.102068 9 0.045521
  18 -0.506039 0.175334 0.642789 -0.857680 0.510261 0.063398 0.607592 0.190429 4 18 0.719494 1 0.128781 19 0.107567 2 0.044159
  18 -0.513096 0.167123 0.724902 -0.878642 0.477316 0.012546 0.573843 0.190367 4 18 0.481602 19 0.465914 1 0.045852 2 0.006632
spawn
  18 -0.377244 0.286482 0.680716 -0.527477 0.843894 0.098037 0.599764 0.262443 4 18 0.716399 19 0.136012 1 0.102068 9 0.045521
  18 -0.513096 0.167123 0.724902 -0.878642 0.477316 0.012546 0.573843 0.190367 4 18 0.481602 19 0.465914 1 0.045852 2 0.006632
  18 -0.441351 0.264459 0.773864 -0.644733 0.762743 0.050421 0.559371 0.239645 4 18 0.481145 19 0.480406 1 0.034749 9 0.003700
spawn
  18 -0.176114 0.313282 0.808168 0.006653 0.950025 0.312102 0.296517 0.516249 4 18 0.684432 19 0.236412 9 0.062753 17 0.016403
  18 -0.263719 0.314957 0.753538 -0.268380 0.941321 0.204666 0.321827 0.479796 4 18 0.694420 19 0.201080 9 0.061965 1 0.042534
  19 -0.342698 0.313110 0.827896 -0.317990 0.942570 0.102201 0.294313 0.444453 4 19 0.489539 18 0.476047 1 0.017467 9 0.016947
spawn
  18 -0.176114 0.313282 0.808168 0.006653 0.950025 0.312102 0.296517 0.516249 4 18 0.684432 19 0.236412 9 0.062753 17 0.016403
  19 -0.342698 0.313110 0.827896 -0.317990 0.942570 0.102201 0.294313 0.444453 4 19 0.489539 18 0.476047 1 0.017467 9 0.016947
  19 -0.248199 0.322608 0.881670 -0.063079 0.985524 0.157365 0.268470 0.481365 3 19 0.492639 18 0.488302 9 0.019059
spawn
  18 -0.228944 -0.235679 0.979393 -0.131951 -0.816017 0.562766 0.027033 0.694852 2 18 0.601089 19 0.398911
  19 -0.100064 -0.159580 1.020306 0.409768 -0.571934 0.710621 0.082163 0.673516 2 19 0.734628 18 0.265372
  19 -0.108480 -0.117122 1.076536 0.390297 -0.549700 0.738578 0.082456 0.646252 2 19 0.839133 18 0.160867
spawn
  18 -0.228944 -0.235679 0.979393 -0.131951 -0.816017 0.562766 0.027033 0.694852 2 18 0.601089 19 0.398911
  19 -0.108480 -0.117122 1.076536 0.390297 -0.549700 0.738578 0.082456 0.646252 2 19 0.839133 18 0.160867
  19 -0.226965 -0.199914 1.038163 0.012916 -0.754472 0.656205 0.030906 0.669654 2 19 0.843893 18 0.156107
spawn
  18 -0.263719 0.314957 0.753538 -0.268380 0.941321 0.204666 0.573128 0.311017 4 18 0.694420 19 0.201080 9 0.061965 1 0.042534
  18 -0.377244 0.286482 0.680716 -0.527477 0.843894 0.098037 0.599764 0.262443 4 18 0.716399 19 0.136012 1 0.102068 9 0.045521
  18 -0.441351 0.264459 0.773864 -0.644733 0.762743 0.050421 0.559371 0.239645 4 18 0.481145 19 0.480406 1 0.034749 9 0.003700
spawn
  18 -0.263719 0.314957 0.753538 -0.268380 0.941321 0.204666 0.573128 0.311017 4 18 0.694420 19 0.201080 9 0.061965 1 0.042534
  18 -0.441351 0.264459 0.773864 -0.644733 0.762743 0.050421 0.559371 0.239645 4 18 0.481145 19 0.480406 1 0.034749 9 0.003700
  19 -0.342698 0.313110 0.827896 -0.317990 0.942570 0.102201 0.541958 0.283477 4 19 0.489539 18 0.476047 1 0.017467 9 0.016947
spawn
  19 -0.108480 -0.117122 1.076536 0.390297 -0.549700 0.738578 0.060634 0.190123 2 19 0.839133 18 0.160867
  19 -0.073715 -0.032539 1.105890 0.539558 -0.203771 0.816918 0.033236 0.224376 2 19 0.855098 18 0.144902
  19 -0.238474 -0.006342 1.142155 0.046482 -0.146912 0.988057 0.093920 0.255868 2 19 0.948321 18 0.051679
spawn
  19 -0.226965 -0.199914 1.038163 0.012916 -0.754472 0.656205 0.128902 0.173190 2 19 0.843893 18 0.156107
  19 -0.108480 -0.117122 1.076536 0.390297 -0.549700 0.738578 0.060634 0.190123 2 19 0.839133 18 0.160867
  19 -0.238474 -0.006342 1.142155 0.046482 -0.146912 0.988057 0.093920 0.255868 2 19 0.948321 18 0.051679
spawn
  19 -0.226965 -0.199914 1.038163 0.012916 -0.754472 0.656205 0.128902 0.173190 2 19 0.843893 18 0.156107
  19 -0.238474 -0.006342 1.142155 0.046482 -0.146912 0.988057 0.093920 0.255868 2 19 0.948321 18 0.051679
  19 -0.341741 -0.115733 1.117742 -0.391142 -0.446987 0.804494 0.139203 0.238115 2 19 0.959740 18 0.040260
spawn
  19 -0.046204 0.092997 1.069856 0.704746 0.242585 0.666698 0.003037 0.278088 2 19 0.815717 18 0.184283
  19 -0.078935 0.252042 1.009829 0.587046 0.689243 0.424643 0.011169 0.363853 2 19 0.802724 18 0.197276
  19 -0.272769 0.215424 1.088526 -0.219697 0.646571 0.730533 0.092916 0.335884 2 19 0.918746 18 0.081254
spawn
  19 -0.046204 0.092997 1.069856 0.704746 0.242585 0.666698 0.003037 0.278088 2 19 0.815717 18 0.184283
  19 -0.272769 0.215424 1.088526 -0.219697 0.646571 0.730533 0.092916 0.335884 2 19 0.918746 18 0.081254
  19 -0.224528 0.149381 1.148745 0.058074 0.324369 0.944146 0.078776 0.305339 2 19 0.925583 18 0.074417
spawn
  18 -0.441351 0.264459 0.773864 -0.644733 0.762743 0.050421 0.207567 0.427233 4 18 0.481145 19 0.480406 1 0.034749 9 0.003700
  18 -0.513096 0.167123 0.724902 -0.878642 0.477316 0.012546 0.260482 0.394688 4 18 0.481602 19 0.465914 1 0.045852 2 0.006632
  19 -0.512020 0.099632 0.872425 -0.924635 0.198684 0.324923 0.218686 0.338359 3 19 0.835922 18 0.162289 1 0.001789
spawn
  18 -0.441351 0.264459 0.773864 -0.644733 0.762743 0.050421 0.207567 0.427233 4 18 0.481145 19 0.480406 1 0.034749 9 0.003700
  19 -0.512020 0.099632 0.872425 -0.924635 0.198684 0.324923 0.218686 0.338359 3 19 0.835922 18 0.162289 1 0.001789
  19 -0.423785 0.225599 0.931583 -0.669134 0.610112 0.424293 0.163406 0.371138 2 19 0.863694 18 0.136306
spawn
  19 -0.078935 0.252042 1.009829 0.587046 0.689243 0.424643 0.011169 0.363853 2 19 0.802724 18 0.197276
  19 -0.155695 0.311733 0.945244 0.266519 0.929745 0.254049 0.047144 0.407302 3 19 0.789831 18 0.197455 9 0.012714
  19 -0.325839 0.262729 0.984160 -0.367037 0.777247 0.511050 0.118872 0.373373 2 19 0.880267 18 0.119733
spawn
  19 -0.078935 0.252042 1.009829 0.587046 0.689243 0.424643 0.011169 0.363853 2 19 0.802724 18 0.197276
  19 -0.325839 0.262729 0.984160 -0.367037 0.777247 0.511050 0.118872 0.373373 2 19 0.880267 18 0.119733
  19 -0.272769 0.215424 1.088526 -0.219697 0.646571 0.730533 0.092916 0.335884 2 19 0.918746 18 0.081254
spawn
  18 -0.504789 -0.143458 0.751921 -0.870776 -0.475224 0.126138 0.296645 0.251736 4 18 0.473299 19 0.472832 5 0.039090 17 0.014778
  18 -0.362565 -0.231387 0.909279 -0.519458 -0.776081 0.357576 0.217311 0.184197 2 18 0.500031 19 0.499969
  19 -0.431564 -0.115733 0.979819 -0.744708 -0.468345 0.475461 0.194407 0.243813 2 19 0.916408 18 0.083592
spawn
  18 -0.504789 -0.143458 0.751921 -0.870776 -0.475224 0.126138 0.296645 0.251736 4 18 0.473299 19 0.472832 5 0.039090 17 0.014778
  19 -0.431564 -0.115733 0.979819 -0.744708 -0.468345 0.475461 0.194407 0.243813 2 19 0.916408 18 0.083592
  19 -0.502097 -0.054892 0.886573 -0.901072 -0.251938 0.352983 0.232979 0.277988 2 19 0.836237 18 0.163763
spawn
  19 -0.155695 0.311733 0.945244 0.266519 0.929745 0.254049 0.047144 0.407302 3 19 0.789831 18 0.197455 9 0.012714
  19 -0.248199 0.322608 0.881670 -0.063079 0.985524 0.157365 0.096542 0.430166 3 19 0.492639 18 0.488302 9 0.019059
  19 -0.325839 0.262729 0.984160 -0.367037 0.777247 0.511050 0.118872 0.373373 2 19 0.880267 18 0.119733
spawn
  18 -0.550638 0.045875 0.704685 -0.999319 0.033114 0.016280 0.296645 0.345245 4 18 0.476672 19 0.462426 1 0.033192 5 0.027711
  18 -0.504789 -0.143458 0.751921 -0.870776 -0.475224 0.126138 0.296645 0.251736 4 18 0.473299 19 0.472832 5 0.039090 17 0.014778
  19 -0.502097 -0.054892 0.886573 -0.901072 -0.251938 0.352983 0.232979 0.277988 2 19 0.836237 18 0.163763
spawn
  18 -0.550638 0.045875 0.704685 -0.999319 0.033114 0.016280 0.296645 0.345245 4 18 0.476672 19 0.462426 1 0.033192 5 0.027711
  19 -0.502097 -0.054892 0.886573 -0.901072 -0.251938 0.352983 0.232979 0.277988 2 19 0.836237 18 0.163763
  19 -0.512020 0.099632 0.872425 -0.924635 0.198684 0.324923 0.218686 0.338359 3 19 0.835922 18 0.162289 1 0.001789
spawn
  19 -0.248199 0.322608 0.881670 -0.063079 0.985524 0.157365 0.096542 0.430166 3 19 0.492639 18 0.488302 9 0.019059
  19 -0.342698 0.313110 0.827896 -0.317990 0.942570 0.102201 0.148477 0.438379 4 19 0.489539 18 0.476047 1 0.017467 9 0.016947
  19 -0.423785 0.225599 0.931583 -0.669134 0.610112 0.424293 0.163406 0.371138 2 19 0.863694 18 0.136306
spawn
  19 -0.248199 0.322608 0.881670 -0.063079 0.985524 0.157365 0.096542 0.430166 3 19 0.492639 18 0.488302 9 0.019059
  19 -0.423785 0.225599 0.931583 -0.669134 0.610112 0.424293 0.163406 0.371138 2 19 0.863694 18 0.136306
  19 -0.325839 0.262729 0.984160 -0.367037 0.777247 0.511050 0.118872 0.373373 2 19 0.880267 18 0.119733
spawn
  18 -0.513096 0.167123 0.724902 -0.878642 0.477316 0.012546 0.260482 0.394688 4 18 0.481602 19 0.465914 1 0.045852 2 0.006632
  18 -0.550638 0.045875 0.704685 -0.999319 0.033114 0.016280 0.296645 0.345245 4 18 0.476672 19 0.462426 1 0.033192 5 0.027711
  19 -0.512020 0.099632 0.872425 -0.924635 0.198684 0.324923 0.218686 0.338359 3 19 0.835922 18 0.162289 1 0.001789
spawn
  19 -0.342698 0.313110 0.827896 -0.317990 0.942570 0.102201 0.148477 0.438379 4 19 0.489539 18 0.476047 1 0.017467 9 0.016947
  18 -0.441351 0.264459 0.773864 -0.644733 0.762743 0.050421 0.207567 0.427233 4 18 0.481145 19 0.480406 1 0.034749 9 0.003700
  19 -0.423785 0.225599 0.931583 -0.669134 0.610112 0.424293 0.163406 0.371138 2 19 0.863694 18 0.136306
spawn
  18 -0.362565 -0.231387 0.909279 -0.519458 -0.776081 0.357576 0.217311 0.184197 2 18 0.500031 19 0.499969
  19 -0.226965 -0.199914 1.038163 0.012916 -0.754472 0.656205 0.128902 0.173190 2 19 0.843893 18 0.156107
  19 -0.341741 -0.115733 1.117742 -0.391142 -0.446987 0.804494 0.139203 0.238115 2 19 0.959740 18 0.040260
spawn
  18 -0.362565 -0.231387 0.909279 -0.519458 -0.776081 0.357576 0.217311 0.184197 2 18 0.500031 19 0.499969
  19 -0.341741 -0.115733 1.117742 -0.391142 -0.446987 0.804494 0.139203 0.238115 2 19 0.959740 18 0.040260
  19 -0.431564 -0.115733 0.979819 -0.744708 -0.468345 0.475461 0.194407 0.243813 2 19 0.916408 18 0.083592
spawn
  19 -0.073715 -0.032539 1.105890 0.539558 -0.203771 0.816918 0.033236 0.224376 2 19 0.855098 18 0.144902
  19 -0.046204 0.092997 1.069856 0.704746 0.242585 0.666698 0.003037 0.278088 2 19 0.815717 18 0.184283
  19 -0.224528 0.149381 1.148745 0.058074 0.324369 0.944146 0.078776 0.305339 2 19 0.925583 18 0.074417
spawn
  19 -0.073715 -0.032539 1.105890 0.539558 -0.203771 0.816918 0.033236 0.224376 2 19 0.855098 18 0.144902
  19 -0.224528 0.149381 1.148745 0.058074 0.324369 0.944146 0.078776 0.305339 2 19 0.925583 18 0.074417
  19 -0.238474 -0.006342 1.142155 0.046482 -0.146912 0.988057 0.093920 0.255868 2 19 0.948321 18 0.051679
spawn
  19 -0.502097 -0.054892 0.886573 -0.901072 -0.251938 0.352983 0.232979 0.277988 2 19 0.836237 18 0.163763
  19 -0.431564 -0.115733 0.979819 -0.744708 -0.468345 0.475461 0.194407 0.243813 2 19 0.916408 18 0.083592
  19 -0.381277 0.056169 1.108128 -0.627142 0.132768 0.767506 0.135562 0.290564 1 19 1.000000
spawn
  19 -0.512020 0.099632 0.872425 -0.924635 0.198684 0.324923 0.218686 0.338359 3 19 0.835922 18 0.162289 1 0.001789
  19 -0.502097 -0.054892 0.886573 -0.901072 -0.251938 0.352983 0.232979 0.277988 2 19 0.836237 18 0.163763
  19 -0.381277 0.056169 1.108128 -0.627142 0.132768 0.767506 0.135562 0.290564 1 19 1.000000
spawn
  19 -0.224528 0.149381 1.148745 0.058074 0.324369 0.944146 0.078776 0.305339 2 19 0.925583 18 0.074417
  19 -0.272769 0.215424 1.088526 -0.219697 0.646571 0.730533 0.092916 0.335884 2 19 0.918746 18 0.081254
  19 -0.381277 0.056169 1.108128 -0.627142 0.132768 0.767506 0.135562 0.290564 1 19 1.000000
spawn
  19 -0.341741 -0.115733 1.117742 -0.391142 -0.446987 0.804494 0.139203 0.238115 2 19 0.959740 18 0.040260
  19 -0.238474 -0.006342 1.142155 0.046482 -0.146912 0.988057 0.093920 0.255868 2 19 0.948321 18 0.051679
  19 -0.381277 0.056169 1.108128 -0.627142 0.132768 0.767506 0.135562 0.290564 1 19 1.000000
spawn
  19 -0.325839 0.262729 0.984160 -0.367037 0.777247 0.511050 0.118872 0.373373 2 19 0.880267 18 0.119733
  19 -0.423785 0.225599 0.931583 -0.669134 0.610112 0.424293 0.163406 0.371138 2 19 0.863694 18 0.136306
  19 -0.381277 0.056169 1.108128 -0.627142 0.132768 0.767506 0.135562 0.290564 1 19 1.000000
spawn
  19 -0.272769 0.215424 1.088526 -0.219697 0.646571 0.730533 0.092916 0.335884 2 19 0.918746 18 0.081254
  19 -0.325839 0.262729 0.984160 -0.367037 0.777247 0.511050 0.118872 0.373373 2 19 0.880267 18 0.119733
  19 -0.381277 0.056169 1.108128 -0.627142 0.132768 0.767506 0.135562 0.290564 1 19 1.000000
spawn
  19 -0.423785 0.225599 0.931583 -0.669134 0.610112 0.424293 0.163406 0.371138 2 19 0.863694 18 0.136306
  19 -0.512020 0.099632 0.872425 -0.924635 0.198684 0.324923 0.218686 0.338359 3 19 0.835922 18 0.162289 1 0.001789
  19 -0.381277 0.056169 1.108128 -0.627142 0.132768 0.767506 0.135562 0.290564 1 19 1.000000
spawn
  19 -0.238474 -0.006342 1.142155 0.046482 -0.146912 0.988057 0.093920 0.255868 2 19 0.948321 18 0.051679
  19 -0.224528 0.149381 1.148745 0.058074 0.324369 0.944146 0.078776 0.305339 2 19 0.925583 18 0.074417
  19 -0.381277 0.056169 1.108128 -0.627142 0.132768 0.767506 0.135562 0.290564 1 19 1.000000
spawn
  19 -0.431564 -0.115733 0.979819 -0.744708 -0.468345 0.475461 0.194407 0.243813 2 19 0.916408 18 0.083592
  19 -0.341741 -0.115733 1.117742 -0.391142 -0.446987 0.804494 0.139203 0.238115 2 19 0.959740 18 0.040260
  19 -0.381277 0.056169 1.108128 -0.627142 0.132768 0.767506 0.135562 0.290564 1 19 1.000000
spawn
  17 -0.068467 -0.056858 0.150315 0.200015 0.165244 -0.965758 0.724499 0.493717 4 17 0.533382 21 0.321304 13 0.084273 0 0.061041
  17 -0.342679 0.011378 0.153108 -0.265770 0.010368 -0.963981 0.627047 0.536771 4 17 0.519600 1 0.335142 5 0.086529 0 0.058729
  17 -0.156158 0.009711 0.163460 0.288795 0.004461 -0.957381 0.696740 0.525676 4 17 0.582709 0 0.211426 20 0.108608 21 0.097256
spawn
  17 -0.068467 -0.056858 0.150315 0.200015 0.165244 -0.965758 0.724499 0.493717 4 17 0.533382 21 0.321304 13 0.084273 0 0.061041
  17 -0.156158 0.009711 0.163460 0.288795 0.004461 -0.957381 0.696740 0.525676 4 17 0.582709 0 0.211426 20 0.108608 21 0.097256
  17 -0.049516 -0.034041 0.205878 0.346776 0.892233 -0.289251 0.742712 0.510069 4 17 0.518603 21 0.326668 20 0.083446 13 0.071283
spawn
  17 0.167008 0.163758 0.388190 0.987360 -0.109092 -0.114976 0.432968 0.744858 4 17 0.533593 20 0.323206 9 0.124122 18 0.019079
  17 0.189166 0.110914 0.557222 0.940572 -0.339418 0.010985 0.356847 0.733481 4 17 0.609663 20 0.176919 18 0.123731 9 0.089686
  17 0.154867 0.079528 0.527920 0.435666 -0.873175 -0.218539 0.362025 0.755118 4 17 0.610298 20 0.197676 18 0.110735 9 0.081291
spawn
  17 0.167008 0.163758 0.388190 0.987360 -0.109092 -0.114976 0.432968 0.744858 4 17 0.533593 20 0.323206 9 0.124122 18 0.019079
  17 0.154867 0.079528 0.527920 0.435666 -0.873175 -0.218539 0.362025 0.755118 4 17 0.610298 20 0.197676 18 0.110735 9 0.081291
  17 0.107677 0.124538 0.413481 0.450435 -0.892680 0.015201 0.414478 0.772713 4 17 0.527607 20 0.362316 9 0.079820 18 0.030257
spawn
  17 0.166484 0.112657 0.297717 0.911994 -0.263048 -0.314759 0.467355 0.770366 2 17 0.508653 20 0.491347
  17 0.167008 0.163758 0.388190 0.987360 -0.109092 -0.114976 0.432968 0.744858 4 17 0.533593 20 0.323206 9 0.124122 18 0.019079
  17 0.107677 0.124538 0.413481 0.450435 -0.892680 0.015201 0.414478 0.772713 4 17 0.527607 20 0.362316 9 0.079820 18 0.030257
spawn
  17 0.166484 0.112657 0.297717 0.911994 -0.263048 -0.314759 0.467355 0.770366 2 17 0.508653 20 0.491347
  17 0.107677 0.124538 0.413481 0.450435 -0.892680 0.015201 0.414478 0.772713 4 17 0.527607 20 0.362316 9 0.079820 18 0.030257
  20 0.145571 0.083681 0.324802 0.557250 -0.804066 0.207242 0.456357 0.783685 2 20 0.500945 17 0.499055
spawn
  18 0.169114 0.114261 0.693658 0.996283 0.085755 -0.008176 0.299668 0.712992 4 18 0.730957 19 0.126496 20 0.075848 9 0.066699
  18 0.178699 -0.058409 0.740738 0.982678 -0.168886 -0.076300 0.224453 0.754249 4 18 0.755723 19 0.159263 13 0.066958 21 0.018057
  18 0.119401 -0.037119 0.689962 0.560870 0.314280 -0.765933 0.254038 0.773838 4 18 0.720762 19 0.159110 13 0.078134 20 0.041995
spawn
  18 0.169114 0.114261 0.693658 0.996283 0.085755 -0.008176 0.299668 0.712992 4 18 0.730957 19 0.126496 20 0.075848 9 0.066699
  18 0.119401 -0.037119 0.689962 0.560870 0.314280 -0.765933 0.254038 0.773838 4 18 0.720762 19 0.159110 13 0.078134 20 0.041995
  18 0.093199 0.055139 0.677129 0.555751 -0.535063 -0.636277 0.293143 0.757795 4 18 0.710749 19 0.154802 20 0.079506 9 0.054943
spawn
  17 0.091955 0.080520 0.215747 0.559753 -0.306011 -0.770087 0.506442 0.794368 3 17 0.510746 20 0.451204 9 0.038050
  17 0.166484 0.112657 0.297717 0.911994 -0.263048 -0.314759 0.467355 0.770366 2 17 0.508653 20 0.491347
  20 0.145571 0.083681 0.324802 0.557250 -0.804066 0.207242 0.456357 0.783685 2 20 0.500945 17 0.499055
spawn
  17 0.091955 0.080520 0.215747 0.559753 -0.306011 -0.770087 0.506442 0.794368 3 17 0.510746 20 0.451204 9 0.038050
  20 0.145571 0.083681 0.324802 0.557250 -0.804066 0.207242 0.456357 0.783685 2 20 0.500945 17 0.499055
  17 0.077356 0.058769 0.249789 0.391629 -0.895212 -0.212657 0.492768 0.808055 3 17 0.508904 20 0.485974 9 0.005122
spawn
  18 0.178699 -0.058409 0.740738 0.982678 -0.168886 -0.076300 0.224453 0.754249 4 18 0.755723 19 0.159263 13 0.066958 21 0.018057
  18 0.178748 -0.154636 0.595881 0.995130 0.028355 -0.094408 0.211987 0.824602 4 18 0.526078 13 0.249665 21 0.123393 19 0.100864
  17 0.144999 -0.118359 0.573912 0.550544 0.740598 -0.385248 0.232920 0.829669 4 17 0.535428 18 0.208921 13 0.161836 21 0.093815
spawn
  18 0.178699 -0.058409 0.740738 0.982678 -0.168886 -0.076300 0.224453 0.754249 4 18 0.755723 19 0.159263 13 0.066958 21 0.018057
  17 0.144999 -0.118359 0.573912 0.550544 0.740598 -0.385248 0.232920 0.829669 4 17 0.535428 18 0.208921 13 0.161836 21 0.093815
  18 0.119401 -0.037119 0.689962 0.560870 0.314280 -0.765933 0.254038 0.773838 4 18 0.720762 19 0.159110 13 0.078134 20 0.041995
spawn
  17 -0.086278 0.076170 0.147139 0.173897 -0.083469 -0.981220 0.724962 0.549146 4 17 0.539051 20 0.303983 9 0.110957 0 0.046009
  17 0.091955 0.080520 0.215747 0.559753 -0.306011 -0.770087 0.800826 0.545701 3 17 0.510746 20 0.451204 9 0.038050
  17 0.077356 0.058769 0.249789 0.391629 -0.895212 -0.212657 0.799475 0.528085 3 17 0.508904 20 0.485974 9 0.005122
spawn
  17 -0.086278 0.076170 0.147139 0.173897 -0.083469 -0.981220 0.724962 0.549146 4 17 0.539051 20 0.303983 9 0.110957 0 0.046009
  17 0.077356 0.058769 0.249789 0.391629 -0.895212 -0.212657 0.799475 0.528085 3 17 0.508904 20 0.485974 9 0.005122
  17 -0.049507 0.042819 0.194325 0.327127 -0.813613 -0.480648 0.742164 0.529491 4 17 0.531977 20 0.308711 0 0.080182 21 0.079130
spawn
  17 0.186839 -0.130908 0.325009 0.961906 0.159046 -0.222352 0.246839 0.927853 2 17 0.502808 21 0.497192
  17 0.101693 -0.082620 0.213364 0.592456 0.330167 -0.734837 0.279972 0.967724 3 17 0.511351 21 0.435409 13 0.053240
  17 0.095870 -0.062765 0.251097 0.414910 0.908010 -0.058035 0.286944 0.951837 3 17 0.508472 21 0.442053 13 0.049475
spawn
  17 0.186839 -0.130908 0.325009 0.961906 0.159046 -0.222352 0.246839 0.927853 2 17 0.502808 21 0.497192
  17 0.095870 -0.062765 0.251097 0.414910 0.908010 -0.058035 0.286944 0.951837 3 17 0.508472 21 0.442053 13 0.049475
  17 0.159870 -0.104276 0.352924 0.549124 0.799639 0.242982 0.257316 0.915885 2 17 0.504808 21 0.495192
spawn
  18 0.178748 -0.154636 0.595881 0.995130 0.028355 -0.094408 0.211987 0.824602 4 18 0.526078 13 0.249665 21 0.123393 19 0.100864
  17 0.156145 -0.197297 0.491059 0.995200 -0.097270 0.010766 0.209579 0.872032 4 17 0.567497 13 0.240370 21 0.133707 18 0.058426
  17 0.137856 -0.153317 0.470402 0.593138 0.797816 0.108062 0.231589 0.874662 4 17 0.545855 13 0.221530 21 0.178279 18 0.054336
spawn
  18 0.178748 -0.154636 0.595881 0.995130 0.028355 -0.094408 0.211987 0.824602 4 18 0.526078 13 0.249665 21 0.123393 19 0.100864
  17 0.137856 -0.153317 0.470402 0.593138 0.797816 0.108062 0.231589 0.874662 4 17 0.545855 13 0.221530 21 0.178279 18 0.054336
  17 0.144999 -0.118359 0.573912 0.550544 0.740598 -0.385248 0.232920 0.829669 4 17 0.535428 18 0.208921 13 0.161836 21 0.093815
spawn
  17 -0.342679 0.011378 0.153108 -0.265770 0.010368 -0.963981 0.627047 0.536771 4 17 0.519600 1 0.335142 5 0.086529 0 0.058729
  17 -0.086278 0.076170 0.147139 0.173897 -0.083469 -0.981220 0.724962 0.549146 4 17 0.539051 20 0.303983 9 0.110957 0 0.046009
  17 -0.049507 0.042819 0.194325 0.327127 -0.813613 -0.480648 0.742164 0.529491 4 17 0.531977 20 0.308711 0 0.080182 21 0.079130
spawn
  17 -0.342679 0.011378 0.153108 -0.265770 0.010368 -0.963981 0.627047 0.536771 4 17 0.519600 1 0.335142 5 0.086529 0 0.058729
  17 -0.049507 0.042819 0.194325 0.327127 -0.813613 -0.480648 0.742164 0.529491 4 17 0.531977 20 0.308711 0 0.080182 21 0.079130
  17 -0.156158 0.009711 0.163460 0.288795 0.004461 -0.957381 0.696740 0.525676 4 17 0.582709 0 0.211426 20 0.108608 21 0.097256
spawn
  17 0.101693 -0.082620 0.213364 0.592456 0.330167 -0.734837 0.793267 0.468828 3 17 0.511351 21 0.435409 13 0.053240
  17 -0.068467 -0.056858 0.150315 0.200015 0.165244 -0.965758 0.724499 0.493717 4 17 0.533382 21 0.321304 13 0.084273 0 0.061041
  17 -0.049516 -0.034041 0.205878 0.346776 0.892233 -0.289251 0.742712 0.510069 4 17 0.518603 21 0.326668 20 0.083446 13 0.071283
spawn
  17 0.101693 -0.082620 0.213364 0.592456 0.330167 -0.734837 0.793267 0.468828 3 17 0.511351 21 0.435409 13 0.053240
  17 -0.049516 -0.034041 0.205878 0.346776 0.892233 -0.289251 0.742712 0.510069 4 17 0.518603 21 0.326668 20 0.083446 13 0.071283
  17 0.095870 -0.062765 0.251097 0.414910 0.908010 -0.058035 0.801010 0.484699 3 17 0.508472 21 0.442053 13 0.049475
spawn
  17 0.189166 0.110914 0.557222 0.940572 -0.339418 0.010985 0.356847 0.733481 4 17 0.609663 20 0.176919 18 0.123731 9 0.089686
  18 0.169114 0.114261 0.693658 0.996283 0.085755 -0.008176 0.299668 0.712992 4 18 0.730957 19 0.126496 20 0.075848 9 0.066699
  18 0.093199 0.055139 0.677129 0.555751 -0.535063 -0.636277 0.293143 0.757795 4 18 0.710749 19 0.154802 20 0.079506 9 0.054943
spawn
  17 0.189166 0.110914 0.557222 0.940572 -0.339418 0.010985 0.356847 0.733481 4 17 0.609663 20 0.176919 18 0.123731 9 0.089686
  18 0.093199 0.055139 0.677129 0.555751 -0.535063 -0.636277 0.293143 0.757795 4 18 0.710749 19 0.154802 20 0.079506 9 0.054943
  17 0.154867 0.079528 0.527920 0.435666 -0.873175 -0.218539 0.362025 0.755118 4 17 0.610298 20 0.197676 18 0.110735 9 0.081291
spawn
  17 0.156145 -0.197297 0.491059 0.995200 -0.097270 0.010766 0.209579 0.872032 4 17 0.567497 13 0.240370 21 0.133707 18 0.058426
  17 0.186839 -0.130908 0.325009 0.961906 0.159046 -0.222352 0.246839 0.927853 2 17 0.502808 21 0.497192
  17 0.159870 -0.104276 0.352924 0.549124 0.799639 0.242982 0.257316 0.915885 2 17 0.504808 21 0.495192
spawn
  17 0.156145 -0.197297 0.491059 0.995200 -0.097270 0.010766 0.209579 0.872032 4 17 0.567497 13 0.240370 21 0.133707 18 0.058426
  17 0.159870 -0.104276 0.352924 0.549124 0.799639 0.242982 0.257316 0.915885 2 17 0.504808 21 0.495192
  17 0.137856 -0.153317 0.470402 0.593138 0.797816 0.108062 0.231589 0.874662 4 17 0.545855 13 0.221530 21 0.178279 18 0.054336
spawn
  17 -0.049516 -0.034041 0.205878 0.346776 0.892233 -0.289251 0.506279 0.291062 4 17 0.518603 21 0.326668 20 0.083446 13 0.071283
  17 -0.156158 0.009711 0.163460 0.288795 0.004461 -0.957381 0.523078 0.241537 4 17 0.582709 0 0.211426 20 0.108608 21 0.097256
  17 -0.084747 -0.002242 0.245682 0.958351 0.023697 -0.284608 0.482471 0.273740 4 17 0.528740 21 0.271397 20 0.135704 13 0.064158
spawn
  17 0.107677 0.124538 0.413481 0.450435 -0.892680 0.015201 0.353288 0.248970 4 17 0.527607 20 0.362316 9 0.079820 18 0.030257
  17 0.154867 0.079528 0.527920 0.435666 -0.873175 -0.218539 0.302719 0.287090 4 17 0.610298 20 0.197676 18 0.110735 9 0.081291
  17 -0.064606 0.070076 0.482517 0.755591 -0.645417 -0.111886 0.384280 0.313699 4 17 0.607447 9 0.151316 20 0.124042 18 0.117195
spawn
  17 0.107677 0.124538 0.413481 0.450435 -0.892680 0.015201 0.353288 0.248970 4 17 0.527607 20 0.362316 9 0.079820 18 0.030257
  17 -0.064606 0.070076 0.482517 0.755591 -0.645417 -0.111886 0.384280 0.313699 4 17 0.607447 9 0.151316 20 0.124042 18 0.117195
  17 -0.055043 0.072530 0.408682 0.748357 -0.655968 0.098325 0.401566 0.296453 4 17 0.530155 9 0.265417 20 0.174589 18 0.029838
spawn
  17 0.077356 0.058769 0.249789 0.391629 -0.895212 -0.212657 0.420123 0.215461 3 17 0.508904 20 0.485974 9 0.005122
  20 0.145571 0.083681 0.324802 0.557250 -0.804066 0.207242 0.377460 0.213684 2 20 0.500945 17 0.499055
  20 -0.055373 0.039362 0.328509 0.786920 -0.614563 0.055407 0.433883 0.283991 2 20 0.502698 17 0.497302
spawn
  20 0.145571 0.083681 0.324802 0.557250 -0.804066 0.207242 0.377460 0.213684 2 20 0.500945 17 0.499055
  17 0.107677 0.124538 0.413481 0.450435 -0.892680 0.015201 0.353288 0.248970 4 17 0.527607 20 0.362316 9 0.079820 18 0.030257
  17 -0.055043 0.072530 0.408682 0.748357 -0.655968 0.098325 0.401566 0.296453 4 17 0.530155 9 0.265417 20 0.174589 18 0.029838
spawn
  20 0.145571 0.083681 0.324802 0.557250 -0.804066 0.207242 0.377460 0.213684 2 20 0.500945 17 0.499055
  17 -0.055043 0.072530 0.408682 0.748357 -0.655968 0.098325 0.401566 0.296453 4 17 0.530155 9 0.265417 20 0.174589 18 0.029838
  20 -0.055373 0.039362 0.328509 0.786920 -0.614563 0.055407 0.433883 0.283991 2 20 0.502698 17 0.497302
spawn
  17 -0.049507 0.042819 0.194325 0.327127 -0.813613 -0.480648 0.475910 0.237926 4 17 0.531977 20 0.308711 0 0.080182 21 0.079130
  17 0.077356 0.058769 0.249789 0.391629 -0.895212 -0.212657 0.420123 0.215461 3 17 0.508904 20 0.485974 9 0.005122
  20 -0.055373 0.039362 0.328509 0.786920 -0.614563 0.055407 0.433883 0.283991 2 20 0.502698 17 0.497302
spawn
  17 -0.049507 0.042819 0.194325 0.327127 -0.813613 -0.480648 0.475910 0.237926 4 17 0.531977 20 0.308711 0 0.080182 21 0.079130
  20 -0.055373 0.039362 0.328509 0.786920 -0.614563 0.055407 0.433883 0.283991 2 20 0.502698 17 0.497302
  17 -0.084747 -0.002242 0.245682 0.958351 0.023697 -0.284608 0.482471 0.273740 4 17 0.528740 21 0.271397 20 0.135704 13 0.064158
spawn
  18 0.119401 -0.037119 0.689962 0.560870 0.314280 -0.765933 0.322790 0.409600 4 18 0.720762 19 0.159110 13 0.078134 20 0.041995
  17 0.144999 -0.118359 0.573912 0.550544 0.740598 -0.385248 0.387855 0.438379 4 17 0.535428 18 0.208921 13 0.161836 21 0.093815
  17 -0.061991 -0.111651 0.515770 0.715006 0.665619 -0.213818 0.403979 0.362102 4 17 0.545805 18 0.217199 13 0.206699 21 0.030298
spawn
  18 0.119401 -0.037119 0.689962 0.560870 0.314280 -0.765933 0.322790 0.409600 4 18 0.720762 19 0.159110 13 0.078134 20 0.041995
  17 -0.061991 -0.111651 0.515770 0.715006 0.665619 -0.213818 0.403979 0.362102 4 17 0.545805 18 0.217199 13 0.206699 21 0.030298
  18 -0.067881 -0.058299 0.585739 0.762963 0.345785 -0.546187 0.380147 0.361403 4 18 0.733577 13 0.155017 17 0.064885 20 0.046521
spawn
  17 -0.156158 0.009711 0.163460 0.288795 0.004461 -0.957381 0.523078 0.241537 4 17 0.582709 0 0.211426 20 0.108608 21 0.097256
  17 -0.049507 0.042819 0.194325 0.327127 -0.813613 -0.480648 0.475910 0.237926 4 17 0.531977 20 0.308711 0 0.080182 21 0.079130
  17 -0.084747 -0.002242 0.245682 0.958351 0.023697 -0.284608 0.482471 0.273740 4 17 0.528740 21 0.271397 20 0.135704 13 0.064158
spawn
  17 0.144999 -0.118359 0.573912 0.550544 0.740598 -0.385248 0.387855 0.438379 4 17 0.535428 18 0.208921 13 0.161836 21 0.093815
  17 0.137856 -0.153317 0.470402 0.593138 0.797816 0.108062 0.439204 0.428936 4 17 0.545855 13 0.221530 21 0.178279 18 0.054336
  17 -0.050621 -0.114632 0.438465 0.684784 0.715068 0.140527 0.427402 0.353862 4 17 0.531607 13 0.354933 18 0.074897 21 0.038563
spawn
  17 0.144999 -0.118359 0.573912 0.550544 0.740598 -0.385248 0.387855 0.438379 4 17 0.535428 18 0.208921 13 0.161836 21 0.093815
  17 -0.050621 -0.114632 0.438465 0.684784 0.715068 0.140527 0.427402 0.353862 4 17 0.531607 13 0.354933 18 0.074897 21 0.038563
  17 -0.061991 -0.111651 0.515770 0.715006 0.665619 -0.213818 0.403979 0.362102 4 17 0.545805 18 0.217199 13 0.206699 21 0.030298
spawn
  17 0.137856 -0.153317 0.470402 0.593138 0.797816 0.108062 0.439204 0.428936 4 17 0.545855 13 0.221530 21 0.178279 18 0.054336
  17 0.159870 -0.104276 0.352924 0.549124 0.799639 0.242982 0.496632 0.410633 2 17 0.504808 21 0.495192
  17 -0.053923 -0.065667 0.329489 0.734475 0.661254 0.152608 0.459043 0.321049 4 17 0.507008 13 0.363872 20 0.065637 21 0.063483
spawn
  17 0.137856 -0.153317 0.470402 0.593138 0.797816 0.108062 0.439204 0.428936 4 17 0.545855 13 0.221530 21 0.178279 18 0.054336
  17 -0.053923 -0.065667 0.329489 0.734475 0.661254 0.152608 0.459043 0.321049 4 17 0.507008 13 0.363872 20 0.065637 21 0.063483
  17 -0.050621 -0.114632 0.438465 0.684784 0.715068 0.140527 0.427402 0.353862 4 17 0.531607 13 0.354933 18 0.074897 21 0.038563
spawn
  17 0.154867 0.079528 0.527920 0.435666 -0.873175 -0.218539 0.302719 0.287090 4 17 0.610298 20 0.197676 18 0.110735 9 0.081291
  18 0.093199 0.055139 0.677129 0.555751 -0.535063 -0.636277 0.304697 0.367496 4 18 0.710749 19 0.154802 20 0.079506 9 0.054943
  18 -0.061421 0.030713 0.570741 0.770831 -0.486190 -0.411630 0.369349 0.338868 4 18 0.612017 9 0.133561 20 0.128876 17 0.125546
spawn
  17 0.154867 0.079528 0.527920 0.435666 -0.873175 -0.218539 0.302719 0.287090 4 17 0.610298 20 0.197676 18 0.110735 9 0.081291
  18 -0.061421 0.030713 0.570741 0.770831 -0.486190 -0.411630 0.369349 0.338868 4 18 0.612017 9 0.133561 20 0.128876 17 0.125546
  17 -0.064606 0.070076 0.482517 0.755591 -0.645417 -0.111886 0.384280 0.313699 4 17 0.607447 9 0.151316 20 0.124042 18 0.117195
spawn
  18 0.093199 0.055139 0.677129 0.555751 -0.535063 -0.636277 0.304697 0.367496 4 18 0.710749 19 0.154802 20 0.079506 9 0.054943
  18 0.119401 -0.037119 0.689962 0.560870 0.314280 -0.765933 0.322790 0.409600 4 18 0.720762 19 0.159110 13 0.078134 20 0.041995
  18 -0.067881 -0.058299 0.585739 0.762963 0.345785 -0.546187 0.380147 0.361403 4 18 0.733577 13 0.155017 17 0.064885 20 0.046521
spawn
  18 0.093199 0.055139 0.677129 0.555751 -0.535063 -0.636277 0.304697 0.367496 4 18 0.710749 19 0.154802 20 0.079506 9 0.054943
  18 -0.067881 -0.058299 0.585739 0.762963 0.345785 -0.546187 0.380147 0.361403 4 18 0.733577 13 0.155017 17 0.064885 20 0.046521
  18 -0.061421 0.030713 0.570741 0.770831 -0.486190 -0.411630 0.369349 0.338868 4 18 0.612017 9 0.133561 20 0.128876 17 0.125546
spawn
  17 0.159870 -0.104276 0.352924 0.549124 0.799639 0.242982 0.496632 0.410633 2 17 0.504808 21 0.495192
  17 0.095870 -0.062765 0.251097 0.414910 0.908010 -0.058035 0.523078 0.359614 3 17 0.508472 21 0.442053 13 0.049475
  17 -0.053923 -0.065667 0.329489 0.734475 0.661254 0.152608 0.459043 0.321049 4 17 0.507008 13 0.363872 20 0.065637 21 0.063483
spawn
  17 0.095870 -0.062765 0.251097 0.414910 0.908010 -0.058035 0.523078 0.359614 3 17 0.508472 21 0.442053 13 0.049475
  17 -0.049516 -0.034041 0.205878 0.346776 0.892233 -0.289251 0.506279 0.291062 4 17 0.518603 21 0.326668 20 0.083446 13 0.071283
  17 -0.084747 -0.002242 0.245682 0.958351 0.023697 -0.284608 0.482471 0.273740 4 17 0.528740 21 0.271397 20 0.135704 13 0.064158
spawn
  17 0.095870 -0.062765 0.251097 0.414910 0.908010 -0.058035 0.523078 0.359614 3 17 0.508472 21 0.442053 13 0.049475
  17 -0.084747 -0.002242 0.245682 0.958351 0.023697 -0.284608 0.482471 0.273740 4 17 0.528740 21 0.271397 20 0.135704 13 0.064158
  17 -0.053923 -0.065667 0.329489 0.734475 0.661254 0.152608 0.459043 0.321049 4 17 0.507008 13 0.363872 20 0.065637 21 0.063483
spawn
  17 -0.064606 0.070076 0.482517 0.755591 -0.645417 -0.111886 0.384280 0.313699 4 17 0.607447 9 0.151316 20 0.124042 18 0.117195
  18 -0.061421 0.030713 0.570741 0.770831 -0.486190 -0.411630 0.369349 0.338868 4 18 0.612017 9 0.133561 20 0.128876 17 0.125546
  18 -0.067881 -0.058299 0.585739 0.762963 0.345785 -0.546187 0.380147 0.361403 4 18 0.733577 13 0.155017 17 0.064885 20 0.046521
spawn
  17 -0.064606 0.070076 0.482517 0.755591 -0.645417 -0.111886 0.384280 0.313699 4 17 0.607447 9 0.151316 20 0.124042 18 0.117195
  18 -0.067881 -0.058299 0.585739 0.762963 0.345785 -0.546187 0.380147 0.361403 4 18 0.733577 13 0.155017 17 0.064885 20 0.046521
  17 -0.061991 -0.111651 0.515770 0.715006 0.665619 -0.213818 0.403979 0.362102 4 17 0.545805 18 0.217199 13 0.206699 21 0.030298
spawn
  17 -0.055043 0.072530 0.408682 0.748357 -0.655968 0.098325 0.401566 0.296453 4 17 0.530155 9 0.265417 20 0.174589 18 0.029838
  17 -0.064606 0.070076 0.482517 0.755591 -0.645417 -0.111886 0.384280 0.313699 4 17 0.607447 9 0.151316 20 0.124042 18 0.117195
  17 -0.061991 -0.111651 0.515770 0.715006 0.665619 -0.213818 0.403979 0.362102 4 17 0.545805 18 0.217199 13 0.206699 21 0.030298
spawn
  17 -0.055043 0.072530 0.408682 0.748357 -0.655968 0.098325 0.401566 0.296453 4 17 0.530155 9 0.265417 20 0.174589 18 0.029838
  17 -0.061991 -0.111651 0.515770 0.715006 0.665619 -0.213818 0.403979 0.362102 4 17 0.545805 18 0.217199 13 0.206699 21 0.030298
  17 -0.050621 -0.114632 0.438465 0.684784 0.715068 0.140527 0.427402 0.353862 4 17 0.531607 13 0.354933 18 0.074897 21 0.038563
spawn
  20 -0.055373 0.039362 0.328509 0.786920 -0.614563 0.055407 0.433883 0.283991 2 20 0.502698 17 0.497302
  17 -0.055043 0.072530 0.408682 0.748357 -0.655968 0.098325 0.401566 0.296453 4 17 0.530155 9 0.265417 20 0.174589 18 0.029838
  17 -0.050621 -0.114632 0.438465 0.684784 0.715068 0.140527 0.427402 0.353862 4 17 0.531607 13 0.354933 18 0.074897 21 0.038563
spawn
  20 -0.055373 0.039362 0.328509 0.786920 -0.614563 0.055407 0.433883 0.283991 2 20 0.502698 17 0.497302
  17 -0.050621 -0.114632 0.438465 0.684784 0.715068 0.140527 0.427402 0.353862 4 17 0.531607 13 0.354933 18 0.074897 21 0.038563
  17 -0.053923 -0.065667 0.329489 0.734475 0.661254 0.152608 0.459043 0.321049 4 17 0.507008 13 0.363872 20 0.065637 21 0.063483
spawn
  20 -0.055373 0.039362 0.328509 0.786920 -0.614563 0.055407 0.433883 0.283991 2 20 0.502698 17 0.497302
  17 -0.053923 -0.065667 0.329489 0.734475 0.661254 0.152608 0.459043 0.321049 4 17 0.507008 13 0.363872 20 0.065637 21 0.063483
  17 -0.084747 -0.002242 0.245682 0.958351 0.023697 -0.284608 0.482471 0.273740 4 17 0.528740 21 0.271397 20 0.135704 13 0.064158
spawn
  18 -0.015565 0.312440 0.805509 0.454415 0.285277 0.843874 0.883677 0.845063 4 18 0.688576 19 0.173316 9 0.081852 17 0.056257
  18 0.015907 0.327164 0.744617 0.786566 0.591514 0.177269 0.856481 0.845416 4 18 0.728132 19 0.128710 9 0.107942 17 0.035216
  18 0.026313 0.407735 0.824103 0.976452 0.079648 -0.200494 0.875310 0.887310 4 18 0.702098 19 0.152483 9 0.100815 17 0.044604
spawn
  18 -0.015565 0.312440 0.805509 0.454415 0.285277 0.843874 0.883677 0.845063 4 18 0.688576 19 0.173316 9 0.081852 17 0.056257
  18 0.026313 0.407735 0.824103 0.976452 0.079648 -0.200494 0.875310 0.887310 4 18 0.702098 19 0.152483 9 0.100815 17 0.044604
  18 0.000117 0.394648 0.858931 0.065413 -0.827798 0.557199 0.897153 0.888936 4 18 0.701283 19 0.155055 9 0.097919 17 0.045742
spawn
  18 0.015907 0.327164 0.744617 0.786566 0.591514 0.177269 0.856481 0.845416 4 18 0.728132 19 0.128710 9 0.107942 17 0.035216
  18 -0.057752 0.367011 0.720471 0.088588 0.995961 -0.014593 0.826585 0.860287 4 18 0.727197 9 0.123582 19 0.119899 17 0.029322
  18 -0.005317 0.447093 0.818989 0.082620 0.905396 -0.416452 0.860164 0.899025 4 18 0.703935 19 0.150769 9 0.101704 17 0.043591
spawn
  18 0.015907 0.327164 0.744617 0.786566 0.591514 0.177269 0.856481 0.845416 4 18 0.728132 19 0.128710 9 0.107942 17 0.035216
  18 -0.005317 0.447093 0.818989 0.082620 0.905396 -0.416452 0.860164 0.899025 4 18 0.703935 19 0.150769 9 0.101704 17 0.043591
  18 0.026313 0.407735 0.824103 0.976452 0.079648 -0.200494 0.875310 0.887310 4 18 0.702098 19 0.152483 9 0.100815 17 0.044604
spawn
  18 -0.057752 0.367011 0.720471 0.088588 0.995961 -0.014593 0.826585 0.860287 4 18 0.727197 9 0.123582 19 0.119899 17 0.029322
  18 -0.101031 0.349987 0.777314 -0.311095 0.800388 0.512445 0.808167 0.885680 4 18 0.689225 19 0.161185 9 0.110709 17 0.038881
  18 -0.030958 0.430278 0.846971 -0.887516 0.388959 0.247035 0.851112 0.911413 4 18 0.701843 19 0.153172 9 0.100950 17 0.044035
spawn
  18 -0.057752 0.367011 0.720471 0.088588 0.995961 -0.014593 0.826585 0.860287 4 18 0.727197 9 0.123582 19 0.119899 17 0.029322
  18 -0.030958 0.430278 0.846971 -0.887516 0.388959 0.247035 0.851112 0.911413 4 18 0.701843 19 0.153172 9 0.100950 17 0.044035
  18 -0.005317 0.447093 0.818989 0.082620 0.905396 -0.416452 0.860164 0.899025 4 18 0.703935 19 0.150769 9 0.101704 17 0.043591
spawn
  18 -0.101031 0.349987 0.777314 -0.311095 0.800388 0.512445 0.923135 0.831827 4 18 0.689225 19 0.161185 9 0.110709 17 0.038881
  18 -0.015565 0.312440 0.805509 0.454415 0.285277 0.843874 0.883677 0.845063 4 18 0.688576 19 0.173316 9 0.081852 17 0.056257
  18 0.000117 0.394648 0.858931 0.065413 -0.827798 0.557199 0.897153 0.888936 4 18 0.701283 19 0.155055 9 0.097919 17 0.045742
spawn
  18 -0.101031 0.349987 0.777314 -0.311095 0.800388 0.512445 0.923135 0.831827 4 18 0.689225 19 0.161185 9 0.110709 17 0.038881
  18 0.000117 0.394648 0.858931 0.065413 -0.827798 0.557199 0.897153 0.888936 4 18 0.701283 19 0.155055 9 0.097919 17 0.045742
  18 -0.030958 0.430278 0.846971 -0.887516 0.388959 0.247035 0.918500 0.885966 4 18 0.701843 19 0.153172 9 0.100950 17 0.044035
spawn
  18 -0.030958 0.430278 0.846971 -0.887516 0.388959 0.247035 0.918500 0.885966 4 18 0.701843 19 0.153172 9 0.100950 17 0.044035
  18 0.000117 0.394648 0.858931 0.065413 -0.827798 0.557199 0.897153 0.888936 4 18 0.701283 19 0.155055 9 0.097919 17 0.045742
  18 0.006494 0.406066 0.917081 -0.151562 -0.987646 0.039804 0.901876 0.918084 4 18 0.702087 19 0.153752 9 0.099233 17 0.044928
spawn
  18 -0.030958 0.430278 0.846971 -0.887516 0.388959 0.247035 0.918500 0.885966 4 18 0.701843 19 0.153172 9 0.100950 17 0.044035
  18 0.006494 0.406066 0.917081 -0.151562 -0.987646 0.039804 0.901876 0.918084 4 18 0.702087 19 0.153752 9 0.099233 17 0.044928
  18 -0.016712 0.440791 0.926199 -0.924815 0.333241 0.183487 0.920891 0.918600 4 18 0.701960 19 0.153745 9 0.099483 17 0.044812
spawn
  18 0.000117 0.394648 0.858931 0.065413 -0.827798 0.557199 0.897153 0.888936 4 18 0.701283 19 0.155055 9 0.097919 17 0.045742
  18 0.026313 0.407735 0.824103 0.976452 0.079648 -0.200494 0.875310 0.887310 4 18 0.702098 19 0.152483 9 0.100815 17 0.044604
  18 0.033125 0.426390 0.889877 0.993572 -0.090731 -0.067691 0.886706 0.912557 4 18 0.700730 19 0.154264 9 0.099912 17 0.045094
spawn
  18 0.000117 0.394648 0.858931 0.065413 -0.827798 0.557199 0.897153 0.888936 4 18 0.701283 19 0.155055 9 0.097919 17 0.045742
  18 0.033125 0.426390 0.889877 0.993572 -0.090731 -0.067691 0.886706 0.912557 4 18 0.700730 19 0.154264 9 0.099912 17 0.045094
  18 0.006494 0.406066 0.917081 -0.151562 -0.987646 0.039804 0.901876 0.918084 4 18 0.702087 19 0.153752 9 0.099233 17 0.044928
spawn
  18 -0.005317 0.447093 0.818989 0.082620 0.905396 -0.416452 0.860164 0.899025 4 18 0.703935 19 0.150769 9 0.101704 17 0.043591
  18 -0.030958 0.430278 0.846971 -0.887516 0.388959 0.247035 0.851112 0.911413 4 18 0.701843 19 0.153172 9 0.100950 17 0.044035
  18 -0.016712 0.440791 0.926199 -0.924815 0.333241 0.183487 0.868366 0.936301 4 18 0.701960 19 0.153745 9 0.099483 17 0.044812
spawn
  18 -0.005317 0.447093 0.818989 0.082620 0.905396 -0.416452 0.860164 0.899025 4 18 0.703935 19 0.150769 9 0.101704 17 0.043591
  18 -0.016712 0.440791 0.926199 -0.924815 0.333241 0.183487 0.868366 0.936301 4 18 0.701960 19 0.153745 9 0.099483 17 0.044812
  18 0.017776 0.460406 0.914968 0.349228 0.933991 0.075503 0.877770 0.926619 4 18 0.701163 19 0.154056 9 0.099846 17 0.044934
spawn
  18 0.026313 0.407735 0.824103 0.976452 0.079648 -0.200494 0.875310 0.887310 4 18 0.702098 19 0.152483 9 0.100815 17 0.044604
  18 -0.005317 0.447093 0.818989 0.082620 0.905396 -0.416452 0.860164 0.899025 4 18 0.703935 19 0.150769 9 0.101704 17 0.043591
  18 0.017776 0.460406 0.914968 0.349228 0.933991 0.075503 0.877770 0.926619 4 18 0.701163 19 0.154056 9 0.099846 17 0.044934
spawn
  18 0.026313 0.407735 0.824103 0.976452 0.079648 -0.200494 0.875310 0.887310 4 18 0.702098 19 0.152483 9 0.100815 17 0.044604
  18 0.017776 0.460406 0.914968 0.349228 0.933991 0.075503 0.877770 0.926619 4 18 0.701163 19 0.154056 9 0.099846 17 0.044934
  18 0.033125 0.426390 0.889877 0.993572 -0.090731 -0.067691 0.886706 0.912557 4 18 0.700730 19 0.154264 9 0.099912 17 0.045094
spawn
  18 0.006494 0.406066 0.917081 -0.151562 -0.987646 0.039804 0.901876 0.918084 4 18 0.702087 19 0.153752 9 0.099233 17 0.044928
  18 0.033125 0.426390 0.889877 0.993572 -0.090731 -0.067691 0.886706 0.912557 4 18 0.700730 19 0.154264 9 0.099912 17 0.045094
  18 0.025215 0.405247 1.010032 0.945441 -0.325272 0.018409 0.904719 0.954503 4 18 0.701656 19 0.153949 9 0.099475 17 0.044919
spawn
  18 0.006494 0.406066 0.917081 -0.151562 -0.987646 0.039804 0.901876 0.918084 4 18 0.702087 19 0.153752 9 0.099233 17 0.044928
  18 0.025215 0.405247 1.010032 0.945441 -0.325272 0.018409 0.904719 0.954503 4 18 0.701656 19 0.153949 9 0.099475 17 0.044919
  18 0.012076 0.392777 1.023854 -0.029172 -0.975651 0.217382 0.912135 0.956526 4 18 0.701937 19 0.153805 9 0.099386 17 0.044873
spawn
  18 0.017776 0.460406 0.914968 0.349228 0.933991 0.075503 0.877770 0.926619 4 18 0.701163 19 0.154056 9 0.099846 17 0.044934
  18 -0.016712 0.440791 0.926199 -0.924815 0.333241 0.183487 0.868366 0.936301 4 18 0.701960 19 0.153745 9 0.099483 17 0.044812
  18 -0.008068 0.417423 1.032100 -0.970964 0.112242 0.211258 0.892524 0.970464 4 18 0.701878 19 0.153838 9 0.099406 17 0.044879
spawn
  18 0.017776 0.460406 0.914968 0.349228 0.933991 0.075503 0.877770 0.926619 4 18 0.701163 19 0.154056 9 0.099846 17 0.044934
  18 -0.008068 0.417423 1.032100 -0.970964 0.112242 0.211258 0.892524 0.970464 4 18 0.701878 19 0.153838 9 0.099406 17 0.044879
  18 0.016448 0.424110 1.016124 0.436410 0.898971 0.037378 0.898760 0.960394 4 18 0.701724 19 0.153907 9 0.099469 17 0.044900
spawn
  18 0.033125 0.426390 0.889877 0.993572 -0.090731 -0.067691 0.886706 0.912557 4 18 0.700730 19 0.154264 9 0.099912 17 0.045094
  18 0.017776 0.460406 0.914968 0.349228 0.933991 0.075503 0.877770 0.926619 4 18 0.701163 19 0.154056 9 0.099846 17 0.044934
  18 0.016448 0.424110 1.016124 0.436410 0.898971 0.037378 0.898760 0.960394 4 18 0.701724 19 0.153907 9 0.099469 17 0.044900
spawn
  18 0.033125 0.426390 0.889877 0.993572 -0.090731 -0.067691 0.886706 0.912557 4 18 0.700730 19 0.154264 9 0.099912 17 0.045094
  18 0.016448 0.424110 1.016124 0.436410 0.898971 0.037378 0.898760 0.960394 4 18 0.701724 19 0.153907 9 0.099469 17 0.044900
  18 0.025215 0.405247 1.010032 0.945441 -0.325272 0.018409 0.904719 0.954503 4 18 0.701656 19 0.153949 9 0.099475 17 0.044919
spawn
  18 -0.016712 0.440791 0.926199 -0.924815 0.333241 0.183487 0.920891 0.918600 4 18 0.701960 19 0.153745 9 0.099483 17 0.044812
  18 0.006494 0.406066 0.917081 -0.151562 -0.987646 0.039804 0.901876 0.918084 4 18 0.702087 19 0.153752 9 0.099233 17 0.044928
  18 0.012076 0.392777 1.023854 -0.029172 -0.975651 0.217382 0.912135 0.956526 4 18 0.701937 19 0.153805 9 0.099386 17 0.044873
spawn
  18 -0.016712 0.440791 0.926199 -0.924815 0.333241 0.183487 0.920891 0.918600 4 18 0.701960 19 0.153745 9 0.099483 17 0.044812
  18 0.012076 0.392777 1.023854 -0.029172 -0.975651 0.217382 0.912135 0.956526 4 18 0.701937 19 0.153805 9 0.099386 17 0.044873
  18 -0.008068 0.417423 1.032100 -0.970964 0.112242 0.211258 0.923135 0.959394 4 18 0.701878 19 0.153838 9 0.099406 17 0.044879
spawn
  18 0.016448 0.424110 1.016124 0.436410 0.898971 0.037378 0.898760 0.960394 4 18 0.701724 19 0.153907 9 0.099469 17 0.044900
  18 -0.008068 0.417423 1.032100 -0.970964 0.112242 0.211258 0.892524 0.970464 4 18 0.701878 19 0.153838 9 0.099406 17 0.044879
  18 0.022326 0.451841 1.117588 0.123306 0.392390 0.911497 0.915165 0.996963 4 18 0.701545 19 0.154005 9 0.099526 17 0.044924
spawn
  18 0.025215 0.405247 1.010032 0.945441 -0.325272 0.018409 0.904719 0.954503 4 18 0.701656 19 0.153949 9 0.099475 17 0.044919
  18 0.016448 0.424110 1.016124 0.436410 0.898971 0.037378 0.898760 0.960394 4 18 0.701724 19 0.153907 9 0.099469 17 0.044900
  18 0.022326 0.451841 1.117588 0.123306 0.392390 0.911497 0.915165 0.996963 4 18 0.701545 19 0.154005 9 0.099526 17 0.044924
spawn
  18 -0.008068 0.417423 1.032100 -0.970964 0.112242 0.211258 0.923135 0.959394 4 18 0.701878 19 0.153838 9 0.099406 17 0.044879
  18 0.012076 0.392777 1.023854 -0.029172 -0.975651 0.217382 0.912135 0.956526 4 18 0.701937 19 0.153805 9 0.099386 17 0.044873
  18 0.022326 0.451841 1.117588 0.123306 0.392390 0.911497 0.915165 0.996963 4 18 0.701545 19 0.154005 9 0.099526 17 0.044924
spawn
  18 0.012076 0.392777 1.023854 -0.029172 -0.975651 0.217382 0.912135 0.956526 4 18 0.701937 19 0.153805 9 0.099386 17 0.044873
  18 0.025215 0.405247 1.010032 0.945441 -0.325272 0.018409 0.904719 0.954503 4 18 0.701656 19 0.153949 9 0.099475 17 0.044919
  18 0.022326 0.451841 1.117588 0.123306 0.392390 0.911497 0.915165 0.996963 4 18 0.701545 19 0.154005 9 0.099526 17 0.044924
spawn
  18 -0.212027 0.362946 0.717431 -0.271291 0.514750 0.813285 0.861979 0.032927 4 18 0.695703 19 0.134017 9 0.108877 17 0.061402
  18 -0.149246 0.383800 0.668404 0.235724 0.952157 0.194501 0.834634 0.025133 4 18 0.721969 9 0.140424 19 0.096121 1 0.041486
  18 -0.213886 0.454314 0.747845 0.929042 0.311103 0.200239 0.852295 0.076828 4 18 0.707177 9 0.126362 19 0.115828 1 0.050633
spawn
  18 -0.212027 0.362946 0.717431 -0.271291 0.514750 0.813285 0.861979 0.032927 4 18 0.695703 19 0.134017 9 0.108877 17 0.061402
  18 -0.213886 0.454314 0.747845 0.929042 0.311103 0.200239 0.852295 0.076828 4 18 0.707177 9 0.126362 19 0.115828 1 0.050633
  18 -0.235847 0.430755 0.750946 -0.080578 -0.707926 0.701675 0.867264 0.069452 4 18 0.706673 9 0.124085 19 0.118535 17 0.050707
spawn
  18 -0.149246 0.383800 0.668404 0.235724 0.952157 0.194501 0.834634 0.025133 4 18 0.721969 9 0.140424 19 0.096121 1 0.041486
  18 -0.209374 0.388892 0.607933 -0.171866 0.982778 -0.067886 0.802162 0.034061 4 18 0.679325 9 0.171637 17 0.077488 19 0.071551
  18 -0.239070 0.469308 0.721857 -0.050808 0.866425 -0.496715 0.836212 0.080543 4 18 0.706177 9 0.128871 19 0.112904 1 0.052048
spawn
  18 -0.149246 0.383800 0.668404 0.235724 0.952157 0.194501 0.834634 0.025133 4 18 0.721969 9 0.140424 19 0.096121 1 0.041486
  18 -0.239070 0.469308 0.721857 -0.050808 0.866425 -0.496715 0.836212 0.080543 4 18 0.706177 9 0.128871 19 0.112904 1 0.052048
  18 -0.213886 0.454314 0.747845 0.929042 0.311103 0.200239 0.852295 0.076828 4 18 0.707177 9 0.126362 19 0.115828 1 0.050633
spawn
  18 -0.209374 0.388892 0.607933 -0.171866 0.982778 -0.067886 0.802162 0.034061 4 18 0.679325 9 0.171637 17 0.077488 19 0.071551
  18 -0.260238 0.364908 0.649343 -0.674674 0.732905 0.087553 0.789480 0.058761 4 18 0.684568 9 0.144025 19 0.097456 1 0.073950
  18 -0.265559 0.458269 0.733442 -0.985035 0.103273 -0.137989 0.828154 0.089355 4 18 0.706180 9 0.126413 19 0.115221 1 0.052186
spawn
  18 -0.209374 0.388892 0.607933 -0.171866 0.982778 -0.067886 0.802162 0.034061 4 18 0.679325 9 0.171637 17 0.077488 19 0.071551
  18 -0.265559 0.458269 0.733442 -0.985035 0.103273 -0.137989 0.828154 0.089355 4 18 0.706180 9 0.126413 19 0.115221 1 0.052186
  18 -0.239070 0.469308 0.721857 -0.050808 0.866425 -0.496715 0.836212 0.080543 4 18 0.706177 9 0.128871 19 0.112904 1 0.052048
spawn
  18 -0.260238 0.364908 0.649343 -0.674674 0.732905 0.087553 0.896867 0.020184 4 18 0.684568 9 0.144025 19 0.097456 1 0.073950
  18 -0.212027 0.362946 0.717431 -0.271291 0.514750 0.813285 0.861979 0.032927 4 18 0.695703 19 0.134017 9 0.108877 17 0.061402
  18 -0.235847 0.430755 0.750946 -0.080578 -0.707926 0.701675 0.867264 0.069452 4 18 0.706673 9 0.124085 19 0.118535 17 0.050707
spawn
  18 -0.260238 0.364908 0.649343 -0.674674 0.732905 0.087553 0.896867 0.020184 4 18 0.684568 9 0.144025 19 0.097456 1 0.073950
  18 -0.235847 0.430755 0.750946 -0.080578 -0.707926 0.701675 0.867264 0.069452 4 18 0.706673 9 0.124085 19 0.118535 17 0.050707
  18 -0.265559 0.458269 0.733442 -0.985035 0.103273 -0.137989 0.886975 0.075278 4 18 0.706180 9 0.126413 19 0.115221 1 0.052186
spawn
  18 -0.265559 0.458269 0.733442 -0.985035 0.103273 -0.137989 0.886975 0.075278 4 18 0.706180 9 0.126413 19 0.115221 1 0.052186
  18 -0.235847 0.430755 0.750946 -0.080578 -0.707926 0.701675 0.867264 0.069452 4 18 0.706673 9 0.124085 19 0.118535 17 0.050707
  18 -0.249318 0.478789 0.841862 -0.029574 -0.684646 0.728276 0.875123 0.112615 4 18 0.702911 9 0.127521 19 0.117760 1 0.051808
spawn
  18 -0.265559 0.458269 0.733442 -0.985035 0.103273 -0.137989 0.886975 0.075278 4 18 0.706180 9 0.126413 19 0.115221 1 0.052186
  18 -0.249318 0.478789 0.841862 -0.029574 -0.684646 0.728276 0.875123 0.112615 4 18 0.702911 9 0.127521 19 0.117760 1 0.051808
  18 -0.276671 0.487255 0.822835 -0.979108 -0.202016 0.023183 0.885920 0.109358 4 18 0.705586 9 0.126378 19 0.116603 1 0.051433
spawn
  18 -0.235847 0.430755 0.750946 -0.080578 -0.707926 0.701675 0.867264 0.069452 4 18 0.706673 9 0.124085 19 0.118535 17 0.050707
  18 -0.213886 0.454314 0.747845 0.929042 0.311103 0.200239 0.852295 0.076828 4 18 0.707177 9 0.126362 19 0.115828 1 0.050633
  18 -0.229746 0.493923 0.833038 0.965412 -0.029174 0.259092 0.866850 0.115695 4 18 0.706586 9 0.126058 19 0.116173 1 0.051184
spawn
  18 -0.235847 0.430755 0.750946 -0.080578 -0.707926 0.701675 0.867264 0.069452 4 18 0.706673 9 0.124085 19 0.118535 17 0.050707
  18 -0.229746 0.493923 0.833038 0.965412 -0.029174 0.259092 0.866850 0.115695 4 18 0.706586 9 0.126058 19 0.116173 1 0.051184
  18 -0.249318 0.478789 0.841862 -0.029574 -0.684646 0.728276 0.875123 0.112615 4 18 0.702911 9 0.127521 19 0.117760 1 0.051808
spawn
  18 -0.239070 0.469308 0.721857 -0.050808 0.866425 -0.496715 0.836212 0.080543 4 18 0.706177 9 0.128871 19 0.112904 1 0.052048
  18 -0.265559 0.458269 0.733442 -0.985035 0.103273 -0.137989 0.828154 0.089355 4 18 0.706180 9 0.126413 19 0.115221 1 0.052186
  18 -0.276671 0.487255 0.822835 -0.979108 -0.202016 0.023183 0.840374 0.124433 4 18 0.705586 9 0.126378 19 0.116603 1 0.051433
spawn
  18 -0.239070 0.469308 0.721857 -0.050808 0.866425 -0.496715 0.836212 0.080543 4 18 0.706177 9 0.128871 19 0.112904 1 0.052048
  18 -0.276671 0.487255 0.822835 -0.979108 -0.202016 0.023183 0.840374 0.124433 4 18 0.705586 9 0.126378 19 0.116603 1 0.051433
  18 -0.255306 0.503717 0.806625 0.023539 0.768468 -0.639455 0.851296 0.117941 4 18 0.705348 9 0.126722 19 0.116470 1 0.051459
spawn
  18 -0.213886 0.454314 0.747845 0.929042 0.311103 0.200239 0.852295 0.076828 4 18 0.707177 9 0.126362 19 0.115828 1 0.050633
  18 -0.239070 0.469308 0.721857 -0.050808 0.866425 -0.496715 0.836212 0.080543 4 18 0.706177 9 0.128871 19 0.112904 1 0.052048
  18 -0.255306 0.503717 0.806625 0.023539 0.768468 -0.639455 0.851296 0.117941 4 18 0.705348 9 0.126722 19 0.116470 1 0.051459
spawn
  18 -0.213886 0.454314 0.747845 0.929042 0.311103 0.200239 0.852295 0.076828 4 18 0.707177 9 0.126362 19 0.115828 1 0.050633
  18 -0.255306 0.503717 0.806625 0.023539 0.768468 -0.639455 0.851296 0.117941 4 18 0.705348 9 0.126722 19 0.116470 1 0.051459
  18 -0.229746 0.493923 0.833038 0.965412 -0.029174 0.259092 0.866850 0.115695 4 18 0.706586 9 0.126058 19 0.116173 1 0.051184
spawn
  18 -0.276671 0.487255 0.822835 -0.979108 -0.202016 0.023183 0.885920 0.109358 4 18 0.705586 9 0.126378 19 0.116603 1 0.051433
  18 -0.249318 0.478789 0.841862 -0.029574 -0.684646 0.728276 0.875123 0.112615 4 18 0.702911 9 0.127521 19 0.117760 1 0.051808
  18 -0.264154 0.573922 0.883301 -0.124250 -0.487448 0.864267 0.885108 0.147506 4 18 0.706677 9 0.126029 19 0.116094 1 0.051201
spawn
  18 -0.276671 0.487255 0.822835 -0.979108 -0.202016 0.023183 0.885920 0.109358 4 18 0.705586 9 0.126378 19 0.116603 1 0.051433
  18 -0.264154 0.573922 0.883301 -0.124250 -0.487448 0.864267 0.885108 0.147506 4 18 0.706677 9 0.126029 19 0.116094 1 0.051201
  18 -0.284152 0.595900 0.865722 -0.972756 0.153296 -0.173912 0.896867 0.149349 4 18 0.706094 9 0.126292 19 0.116309 1 0.051305
spawn
  18 -0.249318 0.478789 0.841862 -0.029574 -0.684646 0.728276 0.875123 0.112615 4 18 0.702911 9 0.127521 19 0.117760 1 0.051808
  18 -0.229746 0.493923 0.833038 0.965412 -0.029174 0.259092 0.866850 0.115695 4 18 0.706586 9 0.126058 19 0.116173 1 0.051184
  18 -0.244529 0.586895 0.872686 0.988052 0.098609 0.118445 0.876863 0.150383 4 18 0.706702 9 0.126026 19 0.116076 1 0.051196
spawn
  18 -0.249318 0.478789 0.841862 -0.029574 -0.684646 0.728276 0.875123 0.112615 4 18 0.702911 9 0.127521 19 0.117760 1 0.051808
  18 -0.244529 0.586895 0.872686 0.988052 0.098609 0.118445 0.876863 0.150383 4 18 0.706702 9 0.126026 19 0.116076 1 0.051196
  18 -0.264154 0.573922 0.883301 -0.124250 -0.487448 0.864267 0.885108 0.147506 4 18 0.706677 9 0.126029 19 0.116094 1 0.051201
spawn
  18 -0.255306 0.503717 0.806625 0.023539 0.768468 -0.639455 0.851296 0.117941 4 18 0.705348 9 0.126722 19 0.116470 1 0.051459
  18 -0.276671 0.487255 0.822835 -0.979108 -0.202016 0.023183 0.840374 0.124433 4 18 0.705586 9 0.126378 19 0.116603 1 0.051433
  18 -0.284152 0.595900 0.865722 -0.972756 0.153296 -0.173912 0.862878 0.160730 4 18 0.706094 9 0.126292 19 0.116309 1 0.051305
spawn
  18 -0.255306 0.503717 0.806625 0.023539 0.768468 -0.639455 0.851296 0.117941 4 18 0.705348 9 0.126722 19 0.116470 1 0.051459
  18 -0.284152 0.595900 0.865722 -0.972756 0.153296 -0.173912 0.862878 0.160730 4 18 0.706094 9 0.126292 19 0.116309 1 0.051305
  18 -0.261873 0.609705 0.859927 0.141896 0.736963 -0.660871 0.870470 0.157146 4 18 0.696841 9 0.130268 19 0.119970 1 0.052920
spawn
  18 -0.229746 0.493923 0.833038 0.965412 -0.029174 0.259092 0.866850 0.115695 4 18 0.706586 9 0.126058 19 0.116173 1 0.051184
  18 -0.255306 0.503717 0.806625 0.023539 0.768468 -0.639455 0.851296 0.117941 4 18 0.705348 9 0.126722 19 0.116470 1 0.051459
  18 -0.261873 0.609705 0.859927 0.141896 0.736963 -0.660871 0.870470 0.157146 4 18 0.696841 9 0.130268 19 0.119970 1 0.052920
spawn
  18 -0.229746 0.493923 0.833038 0.965412 -0.029174 0.259092 0.866850 0.115695 4 18 0.706586 9 0.126058 19 0.116173 1 0.051184
  18 -0.261873 0.609705 0.859927 0.141896 0.736963 -0.660871 0.870470 0.157146 4 18 0.696841 9 0.130268 19 0.119970 1 0.052920
  18 -0.244529 0.586895 0.872686 0.988052 0.098609 0.118445 0.876863 0.150383 4 18 0.706702 9 0.126026 19 0.116076 1 0.051196
spawn
  18 -0.264154 0.573922 0.883301 -0.124250 -0.487448 0.864267 0.885108 0.147506 4 18 0.706677 9 0.126029 19 0.116094 1 0.051201
  18 -0.244529 0.586895 0.872686 0.988052 0.098609 0.118445 0.876863 0.150383 4 18 0.706702 9 0.126026 19 0.116076 1 0.051196
  18 -0.270011 0.649805 0.944543 -0.062829 0.614075 0.786743 0.888063 0.180165 4 18 0.706738 9 0.126012 19 0.116058 1 0.051192
spawn
  18 -0.261873 0.609705 0.859927 0.141896 0.736963 -0.660871 0.870470 0.157146 4 18 0.696841 9 0.130268 19 0.119970 1 0.052920
  18 -0.284152 0.595900 0.865722 -0.972756 0.153296 -0.173912 0.862878 0.160730 4 18 0.706094 9 0.126292 19 0.116309 1 0.051305
  18 -0.270011 0.649805 0.944543 -0.062829 0.614075 0.786743 0.888063 0.180165 4 18 0.706738 9 0.126012 19 0.116058 1 0.051192
spawn
  18 -0.244529 0.586895 0.872686 0.988052 0.098609 0.118445 0.876863 0.150383 4 18 0.706702 9 0.126026 19 0.116076 1 0.051196
  18 -0.261873 0.609705 0.859927 0.141896 0.736963 -0.660871 0.870470 0.157146 4 18 0.696841 9 0.130268 19 0.119970 1 0.052920
  18 -0.270011 0.649805 0.944543 -0.062829 0.614075 0.786743 0.888063 0.180165 4 18 0.706738 9 0.126012 19 0.116058 1 0.051192
spawn
  18 -0.284152 0.595900 0.865722 -0.972756 0.153296 -0.173912 0.896867 0.149349 4 18 0.706094 9 0.126292 19 0.116309 1 0.051305
  18 -0.264154 0.573922 0.883301 -0.124250 -0.487448 0.864267 0.885108 0.147506 4 18 0.706677 9 0.126029 19 0.116094 1 0.051201
  18 -0.270011 0.649805 0.944543 -0.062829 0.614075 0.786743 0.888063 0.180165 4 18 0.706738 9 0.126012 19 0.116058 1 0.051192
spawn
  18 -0.057956 -0.219987 0.961174 0.443826 -0.520261 0.729621 0.090436 0.708626 4 18 0.673139 19 0.316996 13 0.006672 14 0.003193
  19 -0.100064 -0.159580 1.020306 0.409768 -0.571934 0.710621 0.082163 0.673516 2 19 0.734628 18 0.265372
  18 -0.109391 -0.193027 1.001349 0.293530 -0.234079 0.926848 0.075032 0.687304 2 18 0.602766 19 0.397234
spawn
  18 -0.057956 -0.219987 0.961174 0.443826 -0.520261 0.729621 0.090436 0.708626 4 18 0.673139 19 0.316996 13 0.006672 14 0.003193
  18 -0.109391 -0.193027 1.001349 0.293530 -0.234079 0.926848 0.075032 0.687304 2 18 0.602766 19 0.397234
  18 -0.098709 -0.243127 0.963427 0.668508 -0.393080 0.631336 0.073404 0.710835 4 18 0.659493 19 0.332474 13 0.006704 14 0.001329
spawn
  19 -0.100064 -0.159580 1.020306 0.409768 -0.571934 0.710621 0.082163 0.673516 2 19 0.734628 18 0.265372
  18 -0.228944 -0.235679 0.979393 -0.131951 -0.816017 0.562766 0.027033 0.694852 2 18 0.601089 19 0.398911
  18 -0.161969 -0.218172 0.993903 -0.362011 -0.347243 0.865084 0.053679 0.692215 2 18 0.624053 19 0.375947
spawn
  19 -0.100064 -0.159580 1.020306 0.409768 -0.571934 0.710621 0.082163 0.673516 2 19 0.734628 18 0.265372
  18 -0.161969 -0.218172 0.993903 -0.362011 -0.347243 0.865084 0.053679 0.692215 2 18 0.624053 19 0.375947
  18 -0.109391 -0.193027 1.001349 0.293530 -0.234079 0.926848 0.075032 0.687304 2 18 0.602766 19 0.397234
spawn
  18 -0.228944 -0.235679 0.979393 -0.131951 -0.816017 0.562766 0.027033 0.694852 2 18 0.601089 19 0.398911
  18 -0.195487 -0.277385 0.933956 -0.157058 -0.807167 0.569047 0.034818 0.720991 4 18 0.691196 19 0.300912 13 0.007891 14 0.000000
  18 -0.145562 -0.259736 0.960504 -0.438151 -0.681509 0.586147 0.055378 0.712505 4 18 0.671492 19 0.322034 13 0.006027 14 0.000447
spawn
  18 -0.228944 -0.235679 0.979393 -0.131951 -0.816017 0.562766 0.027033 0.694852 2 18 0.601089 19 0.398911
  18 -0.145562 -0.259736 0.960504 -0.438151 -0.681509 0.586147 0.055378 0.712505 4 18 0.671492 19 0.322034 13 0.006027 14 0.000447
  18 -0.161969 -0.218172 0.993903 -0.362011 -0.347243 0.865084 0.053679 0.692215 2 18 0.624053 19 0.375947
spawn
  18 -0.032135 -0.290458 0.898920 0.407136 -0.639181 0.652448 0.091609 0.743411 4 18 0.694644 19 0.263254 13 0.039034 14 0.003067
  18 -0.057956 -0.219987 0.961174 0.443826 -0.520261 0.729621 0.090436 0.708626 4 18 0.673139 19 0.316996 13 0.006672 14 0.003193
  18 -0.098709 -0.243127 0.963427 0.668508 -0.393080 0.631336 0.073404 0.710835 4 18 0.659493 19 0.332474 13 0.006704 14 0.001329
spawn
  18 -0.032135 -0.290458 0.898920 0.407136 -0.639181 0.652448 0.091609 0.743411 4 18 0.694644 19 0.263254 13 0.039034 14 0.003067
  18 -0.098709 -0.243127 0.963427 0.668508 -0.393080 0.631336 0.073404 0.710835 4 18 0.659493 19 0.332474 13 0.006704 14 0.001329
  18 -0.083438 -0.285149 0.911096 0.436854 -0.776688 0.453777 0.074636 0.735729 4 18 0.682428 19 0.289554 13 0.027963 14 0.000055
spawn
  18 -0.195487 -0.277385 0.933956 -0.157058 -0.807167 0.569047 0.034818 0.720991 4 18 0.691196 19 0.300912 13 0.007891 14 0.000000
  18 -0.144283 -0.337906 0.857551 -0.091449 -0.863646 0.495734 0.048822 0.758863 4 18 0.734913 19 0.208648 13 0.049002 14 0.007436
  18 -0.150104 -0.298169 0.896689 -0.050824 -0.890024 0.453071 0.049805 0.738818 4 18 0.695136 19 0.264301 13 0.029412 14 0.011151
spawn
  18 -0.195487 -0.277385 0.933956 -0.157058 -0.807167 0.569047 0.034818 0.720991 4 18 0.691196 19 0.300912 13 0.007891 14 0.000000
  18 -0.150104 -0.298169 0.896689 -0.050824 -0.890024 0.453071 0.049805 0.738818 4 18 0.695136 19 0.264301 13 0.029412 14 0.011151
  18 -0.145562 -0.259736 0.960504 -0.438151 -0.681509 0.586147 0.055378 0.712505 4 18 0.671492 19 0.322034 13 0.006027 14 0.000447
spawn
  18 -0.144283 -0.337906 0.857551 -0.091449 -0.863646 0.495734 0.048822 0.758863 4 18 0.734913 19 0.208648 13 0.049002 14 0.007436
  18 -0.032135 -0.290458 0.898920 0.407136 -0.639181 0.652448 0.091609 0.743411 4 18 0.694644 19 0.263254 13 0.039034 14 0.003067
  18 -0.083438 -0.285149 0.911096 0.436854 -0.776688 0.453777 0.074636 0.735729 4 18 0.682428 19 0.289554 13 0.027963 14 0.000055
spawn
  18 -0.144283 -0.337906 0.857551 -0.091449 -0.863646 0.495734 0.048822 0.758863 4 18 0.734913 19 0.208648 13 0.049002 14 0.007436
  18 -0.083438 -0.285149 0.911096 0.436854 -0.776688 0.453777 0.074636 0.735729 4 18 0.682428 19 0.289554 13 0.027963 14 0.000055
  18 -0.150104 -0.298169 0.896689 -0.050824 -0.890024 0.453071 0.049805 0.738818 4 18 0.695136 19 0.264301 13 0.029412 14 0.011151
spawn
  18 -0.145562 -0.259736 0.960504 -0.438151 -0.681509 0.586147 0.887301 0.823529 4 18 0.671492 19 0.322034 13 0.006027 14 0.000447
  18 -0.120061 -0.333109 1.004056 -0.723700 0.126409 0.678438 0.882886 0.788236 4 18 0.671475 19 0.305805 13 0.014141 14 0.008580
  18 -0.088330 -0.328880 1.003582 0.668524 0.352550 0.654816 0.869836 0.787089 4 18 0.671762 19 0.308774 13 0.013933 14 0.005531
spawn
  18 -0.145562 -0.259736 0.960504 -0.438151 -0.681509 0.586147 0.887301 0.823529 4 18 0.671492 19 0.322034 13 0.006027 14 0.000447
  18 -0.088330 -0.328880 1.003582 0.668524 0.352550 0.654816 0.869836 0.787089 4 18 0.671762 19 0.308774 13 0.013933 14 0.005531
  18 -0.098709 -0.243127 0.963427 0.668508 -0.393080 0.631336 0.867553 0.825753 4 18 0.659493 19 0.332474 13 0.006704 14 0.001329
spawn
  18 -0.145562 -0.259736 0.960504 -0.438151 -0.681509 0.586147 0.808167 0.786135 4 18 0.671492 19 0.322034 13 0.006027 14 0.000447
  18 -0.150104 -0.298169 0.896689 -0.050824 -0.890024 0.453071 0.819293 0.810516 4 18 0.695136 19 0.264301 13 0.029412 14 0.011151
  18 -0.113445 -0.342846 0.967453 -0.464508 -0.738088 -0.489345 0.846013 0.782336 4 18 0.671950 19 0.308655 13 0.016265 14 0.003130
spawn
  18 -0.145562 -0.259736 0.960504 -0.438151 -0.681509 0.586147 0.808167 0.786135 4 18 0.671492 19 0.322034 13 0.006027 14 0.000447
  18 -0.113445 -0.342846 0.967453 -0.464508 -0.738088 -0.489345 0.846013 0.782336 4 18 0.671950 19 0.308655 13 0.016265 14 0.003130
  18 -0.120061 -0.333109 1.004056 -0.723700 0.126409 0.678438 0.837798 0.767897 4 18 0.671475 19 0.305805 13 0.014141 14 0.008580
spawn
  18 -0.113721 -0.231350 1.035797 0.442413 0.658646 0.608651 0.935474 0.799013 2 18 0.640704 19 0.359296
  18 -0.142091 -0.248059 1.032493 -0.856303 0.222173 0.466246 0.949504 0.802360 2 18 0.642036 19 0.357964
  18 -0.128166 -0.269134 1.077242 -0.826167 0.516094 0.226042 0.953950 0.778731 2 18 0.641026 19 0.358974
spawn
  18 -0.113721 -0.231350 1.035797 0.442413 0.658646 0.608651 0.935474 0.799013 2 18 0.640704 19 0.359296
  18 -0.128166 -0.269134 1.077242 -0.826167 0.516094 0.226042 0.953950 0.778731 2 18 0.641026 19 0.358974
  18 -0.108627 -0.267904 1.075092 0.665352 0.684293 0.298412 0.944917 0.775727 2 18 0.643034 19 0.356966
spawn
  18 -0.102411 -0.265848 1.011813 0.827548 -0.538653 -0.158167 0.920626 0.788925 3 18 0.646257 19 0.353257 13 0.000485
  18 -0.113721 -0.231350 1.035797 0.442413 0.658646 0.608651 0.935474 0.799013 2 18 0.640704 19 0.359296
  18 -0.108627 -0.267904 1.075092 0.665352 0.684293 0.298412 0.944917 0.775727 2 18 0.643034 19 0.356966
spawn
  18 -0.102411 -0.265848 1.011813 0.827548 -0.538653 -0.158167 0.920626 0.788925 3 18 0.646257 19 0.353257 13 0.000485
  18 -0.108627 -0.267904 1.075092 0.665352 0.684293 0.298412 0.944917 0.775727 2 18 0.643034 19 0.356966
  18 -0.102609 -0.292878 1.068930 0.749003 -0.660048 -0.057723 0.935884 0.769677 2 18 0.643683 19 0.356317
spawn
  18 -0.142091 -0.248059 1.032493 -0.856303 0.222173 0.466246 0.949504 0.802360 2 18 0.642036 19 0.357964
  18 -0.134180 -0.271181 1.014156 -0.511037 -0.841210 -0.176654 0.961905 0.804927 3 18 0.647137 19 0.352604 13 0.000259
  18 -0.129295 -0.294559 1.069283 -0.578469 -0.810713 -0.090095 0.964632 0.781860 2 18 0.644166 19 0.355834
spawn
  18 -0.142091 -0.248059 1.032493 -0.856303 0.222173 0.466246 0.949504 0.802360 2 18 0.642036 19 0.357964
  18 -0.129295 -0.294559 1.069283 -0.578469 -0.810713 -0.090095 0.964632 0.781860 2 18 0.644166 19 0.355834
  18 -0.128166 -0.269134 1.077242 -0.826167 0.516094 0.226042 0.953950 0.778731 2 18 0.641026 19 0.358974
spawn
  18 -0.102411 -0.265848 1.011813 0.827548 -0.538653 -0.158167 0.920626 0.788925 3 18 0.646257 19 0.353257 13 0.000485
  18 -0.102609 -0.292878 1.068930 0.749003 -0.660048 -0.057723 0.935884 0.769677 2 18 0.643683 19 0.356317
  18 -0.129295 -0.294559 1.069283 -0.578469 -0.810713 -0.090095 0.929000 0.762454 2 18 0.644166 19 0.355834
spawn
  18 -0.102411 -0.265848 1.011813 0.827548 -0.538653 -0.158167 0.920626 0.788925 3 18 0.646257 19 0.353257 13 0.000485
  18 -0.129295 -0.294559 1.069283 -0.578469 -0.810713 -0.090095 0.929000 0.762454 2 18 0.644166 19 0.355834
  18 -0.134180 -0.271181 1.014156 -0.511037 -0.841210 -0.176654 0.912305 0.778394 3 18 0.647137 19 0.352604 13 0.000259
spawn
  18 -0.088046 -0.337686 0.977131 0.878235 -0.303197 -0.369832 0.857610 0.786464 4 18 0.673700 19 0.307054 13 0.015584 14 0.003662
  18 -0.088330 -0.328880 1.003582 0.668524 0.352550 0.654816 0.869836 0.787089 4 18 0.671762 19 0.308774 13 0.013933 14 0.005531
  18 -0.088337 -0.402693 1.037806 0.753175 0.303498 0.583624 0.878402 0.755575 4 18 0.671253 19 0.305470 13 0.014472 14 0.008805
spawn
  18 -0.088046 -0.337686 0.977131 0.878235 -0.303197 -0.369832 0.857610 0.786464 4 18 0.673700 19 0.307054 13 0.015584 14 0.003662
  18 -0.088337 -0.402693 1.037806 0.753175 0.303498 0.583624 0.878402 0.755575 4 18 0.671253 19 0.305470 13 0.014472 14 0.008805
  18 -0.087233 -0.419860 1.024135 0.810205 -0.333105 -0.482296 0.872229 0.750306 4 18 0.643326 19 0.331396 13 0.015709 14 0.009569
spawn
  18 -0.120061 -0.333109 1.004056 -0.723700 0.126409 0.678438 0.882886 0.788236 4 18 0.671475 19 0.305805 13 0.014141 14 0.008580
  18 -0.104642 -0.400939 1.041205 -0.670943 0.292832 0.681237 0.884811 0.757031 4 18 0.671312 19 0.305235 13 0.014480 14 0.008974
  18 -0.088337 -0.402693 1.037806 0.753175 0.303498 0.583624 0.878402 0.755575 4 18 0.671253 19 0.305470 13 0.014472 14 0.008805
spawn
  18 -0.120061 -0.333109 1.004056 -0.723700 0.126409 0.678438 0.882886 0.788236 4 18 0.671475 19 0.305805 13 0.014141 14 0.008580
  18 -0.088337 -0.402693 1.037806 0.753175 0.303498 0.583624 0.878402 0.755575 4 18 0.671253 19 0.305470 13 0.014472 14 0.008805
  18 -0.088330 -0.328880 1.003582 0.668524 0.352550 0.654816 0.869836 0.787089 4 18 0.671762 19 0.308774 13 0.013933 14 0.005531
spawn
  18 -0.120061 -0.333109 1.004056 -0.723700 0.126409 0.678438 0.837798 0.767897 4 18 0.671475 19 0.305805 13 0.014141 14 0.008580
  18 -0.113445 -0.342846 0.967453 -0.464508 -0.738088 -0.489345 0.846013 0.782336 4 18 0.671950 19 0.308655 13 0.016265 14 0.003130
  18 -0.101308 -0.414422 1.016780 -0.506002 -0.499418 -0.703238 0.865877 0.750828 4 18 0.671372 19 0.305003 13 0.014573 14 0.009052
spawn
  18 -0.120061 -0.333109 1.004056 -0.723700 0.126409 0.678438 0.837798 0.767897 4 18 0.671475 19 0.305805 13 0.014141 14 0.008580
  18 -0.101308 -0.414422 1.016780 -0.506002 -0.499418 -0.703238 0.865877 0.750828 4 18 0.671372 19 0.305003 13 0.014573 14 0.009052
  18 -0.104642 -0.400939 1.041205 -0.670943 0.292832 0.681237 0.857273 0.743845 4 18 0.671312 19 0.305235 13 0.014480 14 0.008974
spawn
  18 -0.113445 -0.342846 0.967453 -0.464508 -0.738088 -0.489345 0.846013 0.782336 4 18 0.671950 19 0.308655 13 0.016265 14 0.003130
  18 -0.088046 -0.337686 0.977131 0.878235 -0.303197 -0.369832 0.857610 0.786464 4 18 0.673700 19 0.307054 13 0.015584 14 0.003662
  18 -0.087233 -0.419860 1.024135 0.810205 -0.333105 -0.482296 0.872229 0.750306 4 18 0.643326 19 0.331396 13 0.015709 14 0.009569
spawn
  18 -0.113445 -0.342846 0.967453 -0.464508 -0.738088 -0.489345 0.846013 0.782336 4 18 0.671950 19 0.308655 13 0.016265 14 0.003130
  18 -0.087233 -0.419860 1.024135 0.810205 -0.333105 -0.482296 0.872229 0.750306 4 18 0.643326 19 0.331396 13 0.015709 14 0.009569
  18 -0.101308 -0.414422 1.016780 -0.506002 -0.499418 -0.703238 0.865877 0.750828 4 18 0.671372 19 0.305003 13 0.014573 14 0.009052
spawn
  18 -0.104642 -0.400939 1.041205 -0.670943 0.292832 0.681237 0.857273 0.743845 4 18 0.671312 19 0.305235 13 0.014480 14 0.008974
  18 -0.101308 -0.414422 1.016780 -0.506002 -0.499418 -0.703238 0.865877 0.750828 4 18 0.671372 19 0.305003 13 0.014573 14 0.009052
  18 -0.104024 -0.443119 1.036103 -0.608353 -0.592822 -0.527701 0.870688 0.740730 4 18 0.661669 19 0.314163 13 0.014916 14 0.009252
spawn
  18 -0.104642 -0.400939 1.041205 -0.670943 0.292832 0.681237 0.857273 0.743845 4 18 0.671312 19 0.305235 13 0.014480 14 0.008974
  18 -0.104024 -0.443119 1.036103 -0.608353 -0.592822 -0.527701 0.870688 0.740730 4 18 0.661669 19 0.314163 13 0.014916 14 0.009252
  18 -0.103848 -0.438743 1.062949 -0.775420 0.334266 0.535715 0.868998 0.732375 4 18 0.663468 19 0.312506 13 0.014829 14 0.009197
spawn
  18 -0.101308 -0.414422 1.016780 -0.506002 -0.499418 -0.703238 0.865877 0.750828 4 18 0.671372 19 0.305003 13 0.014573 14 0.009052
  18 -0.087233 -0.419860 1.024135 0.810205 -0.333105 -0.482296 0.872229 0.750306 4 18 0.643326 19 0.331396 13 0.015709 14 0.009569
  18 -0.087016 -0.443243 1.039059 0.749814 -0.526843 -0.400270 0.875497 0.742152 4 18 0.653873 19 0.327867 13 0.015553 14 0.002707
spawn
  18 -0.101308 -0.414422 1.016780 -0.506002 -0.499418 -0.703238 0.865877 0.750828 4 18 0.671372 19 0.305003 13 0.014573 14 0.009052
  18 -0.087016 -0.443243 1.039059 0.749814 -0.526843 -0.400270 0.875497 0.742152 4 18 0.653873 19 0.327867 13 0.015553 14 0.002707
  18 -0.104024 -0.443119 1.036103 -0.608353 -0.592822 -0.527701 0.870688 0.740730 4 18 0.661669 19 0.314163 13 0.014916 14 0.009252
spawn
  18 -0.087233 -0.419860 1.024135 0.810205 -0.333105 -0.482296 0.872229 0.750306 4 18 0.643326 19 0.331396 13 0.015709 14 0.009569
  18 -0.088337 -0.402693 1.037806 0.753175 0.303498 0.583624 0.878402 0.755575 4 18 0.671253 19 0.305470 13 0.014472 14 0.008805
  18 -0.091253 -0.430109 1.053392 0.737855 0.379071 0.558458 0.881808 0.744137 4 18 0.676460 19 0.307755 13 0.014600 14 0.001185
spawn
  18 -0.087233 -0.419860 1.024135 0.810205 -0.333105 -0.482296 0.872229 0.750306 4 18 0.643326 19 0.331396 13 0.015709 14 0.009569
  18 -0.091253 -0.430109 1.053392 0.737855 0.379071 0.558458 0.881808 0.744137 4 18 0.676460 19 0.307755 13 0.014600 14 0.001185
  18 -0.087016 -0.443243 1.039059 0.749814 -0.526843 -0.400270 0.875497 0.742152 4 18 0.653873 19 0.327867 13 0.015553 14 0.002707
spawn
  18 -0.104642 -0.400939 1.041205 -0.670943 0.292832 0.681237 0.884811 0.757031 4 18 0.671312 19 0.305235 13 0.014480 14 0.008974
  18 -0.103848 -0.438743 1.062949 -0.775420 0.334266 0.535715 0.887301 0.740174 4 18 0.663468 19 0.312506 13 0.014829 14 0.009197
  18 -0.091253 -0.430109 1.053392 0.737855 0.379071 0.558458 0.881808 0.744137 4 18 0.676460 19 0.307755 13 0.014600 14 0.001185
spawn
  18 -0.104642 -0.400939 1.041205 -0.670943 0.292832 0.681237 0.884811 0.757031 4 18 0.671312 19 0.305235 13 0.014480 14 0.008974
  18 -0.091253 -0.430109 1.053392 0.737855 0.379071 0.558458 0.881808 0.744137 4 18 0.676460 19 0.307755 13 0.014600 14 0.001185
  18 -0.088337 -0.402693 1.037806 0.753175 0.303498 0.583624 0.878402 0.755575 4 18 0.671253 19 0.305470 13 0.014472 14 0.008805
spawn
  18 -0.087016 -0.443243 1.039059 0.749814 -0.526843 -0.400270 0.875497 0.742152 4 18 0.653873 19 0.327867 13 0.015553 14 0.002707
  18 -0.091253 -0.430109 1.053392 0.737855 0.379071 0.558458 0.881808 0.744137 4 18 0.676460 19 0.307755 13 0.014600 14 0.001185
  18 -0.090810 -0.475485 1.104380 0.090964 -0.552288 0.828676 0.885369 0.718811 4 18 0.668033 19 0.310986 13 0.014752 14 0.006228
spawn
  18 -0.103848 -0.438743 1.062949 -0.775420 0.334266 0.535715 0.887301 0.740174 4 18 0.663468 19 0.312506 13 0.014829 14 0.009197
  18 -0.090810 -0.475485 1.104380 0.090964 -0.552288 0.828676 0.885369 0.718811 4 18 0.668033 19 0.310986 13 0.014752 14 0.006228
  18 -0.091253 -0.430109 1.053392 0.737855 0.379071 0.558458 0.881808 0.744137 4 18 0.676460 19 0.307755 13 0.014600 14 0.001185
spawn
  18 -0.103848 -0.438743 1.062949 -0.775420 0.334266 0.535715 0.868998 0.732375 4 18 0.663468 19 0.312506 13 0.014829 14 0.009197
  18 -0.104024 -0.443119 1.036103 -0.608353 -0.592822 -0.527701 0.870688 0.740730 4 18 0.661669 19 0.314163 13 0.014916 14 0.009252
  18 -0.090810 -0.475485 1.104380 0.090964 -0.552288 0.828676 0.885369 0.718811 4 18 0.668033 19 0.310986 13 0.014752 14 0.006228
spawn
  18 -0.104024 -0.443119 1.036103 -0.608353 -0.592822 -0.527701 0.870688 0.740730 4 18 0.661669 19 0.314163 13 0.014916 14 0.009252
  18 -0.087016 -0.443243 1.039059 0.749814 -0.526843 -0.400270 0.875497 0.742152 4 18 0.653873 19 0.327867 13 0.015553 14 0.002707
  18 -0.090810 -0.475485 1.104380 0.090964 -0.552288 0.828676 0.885369 0.718811 4 18 0.668033 19 0.310986 13 0.014752 14 0.006228
spawn
  18 -0.108627 -0.267904 1.075092 0.665352 0.684293 0.298412 0.944917 0.775727 2 18 0.643034 19 0.356966
  18 -0.128166 -0.269134 1.077242 -0.826167 0.516094 0.226042 0.953950 0.778731 2 18 0.641026 19 0.358974
  18 -0.131924 -0.272480 1.148617 -0.749634 0.576031 0.325940 0.962516 0.752976 2 18 0.634439 19 0.365561
spawn
  18 -0.108627 -0.267904 1.075092 0.665352 0.684293 0.298412 0.944917 0.775727 2 18 0.643034 19 0.356966
  18 -0.131924 -0.272480 1.148617 -0.749634 0.576031 0.325940 0.962516 0.752976 2 18 0.634439 19 0.365561
  18 -0.115368 -0.268472 1.144682 0.567528 0.778749 0.267325 0.957682 0.752268 2 18 0.643677 19 0.356323
spawn
  18 -0.102609 -0.292878 1.068930 0.749003 -0.660048 -0.057723 0.935884 0.769677 2 18 0.643683 19 0.356317
  18 -0.108627 -0.267904 1.075092 0.665352 0.684293 0.298412 0.944917 0.775727 2 18 0.643034 19 0.356966
  18 -0.115368 -0.268472 1.144682 0.567528 0.778749 0.267325 0.957682 0.752268 2 18 0.643677 19 0.356323
spawn
  18 -0.102609 -0.292878 1.068930 0.749003 -0.660048 -0.057723 0.935884 0.769677 2 18 0.643683 19 0.356317
  18 -0.115368 -0.268472 1.144682 0.567528 0.778749 0.267325 0.957682 0.752268 2 18 0.643677 19 0.356323
  18 -0.115026 -0.286292 1.138414 0.802092 -0.596989 -0.015894 0.952524 0.749240 2 18 0.643891 19 0.356109
spawn
  18 -0.128166 -0.269134 1.077242 -0.826167 0.516094 0.226042 0.953950 0.778731 2 18 0.641026 19 0.358974
  18 -0.129295 -0.294559 1.069283 -0.578469 -0.810713 -0.090095 0.964632 0.781860 2 18 0.644166 19 0.355834
  18 -0.129057 -0.286686 1.132824 -0.708056 -0.705892 -0.019330 0.967008 0.757782 2 18 0.643890 19 0.356110
spawn
  18 -0.128166 -0.269134 1.077242 -0.826167 0.516094 0.226042 0.953950 0.778731 2 18 0.641026 19 0.358974
  18 -0.129057 -0.286686 1.132824 -0.708056 -0.705892 -0.019330 0.967008 0.757782 2 18 0.643890 19 0.356110
  18 -0.131924 -0.272480 1.148617 -0.749634 0.576031 0.325940 0.962516 0.752976 2 18 0.634439 19 0.365561
spawn
  18 -0.102609 -0.292878 1.068930 0.749003 -0.660048 -0.057723 0.935884 0.769677 2 18 0.643683 19 0.356317
  18 -0.115026 -0.286292 1.138414 0.802092 -0.596989 -0.015894 0.952524 0.749240 2 18 0.643891 19 0.356109
  18 -0.129057 -0.286686 1.132824 -0.708056 -0.705892 -0.019330 0.947408 0.746314 2 18 0.643890 19 0.356110
spawn
  18 -0.102609 -0.292878 1.068930 0.749003 -0.660048 -0.057723 0.935884 0.769677 2 18 0.643683 19 0.356317
  18 -0.129057 -0.286686 1.132824 -0.708056 -0.705892 -0.019330 0.947408 0.746314 2 18 0.643890 19 0.356110
  18 -0.129295 -0.294559 1.069283 -0.578469 -0.810713 -0.090095 0.929000 0.762454 2 18 0.644166 19 0.355834
spawn
  18 -0.115368 -0.268472 1.144682 0.567528 0.778749 0.267325 0.957682 0.752268 2 18 0.643677 19 0.356323
  18 -0.131924 -0.272480 1.148617 -0.749634 0.576031 0.325940 0.962516 0.752976 2 18 0.634439 19 0.365561
  18 -0.118515 -0.304790 1.190865 0.079000 -0.474691 0.876600 0.967640 0.736833 2 18 0.643836 19 0.356164
spawn
  18 -0.115026 -0.286292 1.138414 0.802092 -0.596989 -0.015894 0.952524 0.749240 2 18 0.643891 19 0.356109
  18 -0.115368 -0.268472 1.144682 0.567528 0.778749 0.267325 0.957682 0.752268 2 18 0.643677 19 0.356323
  18 -0.118515 -0.304790 1.190865 0.079000 -0.474691 0.876600 0.967640 0.736833 2 18 0.643836 19 0.356164
spawn
  18 -0.131924 -0.272480 1.148617 -0.749634 0.576031 0.325940 0.962516 0.752976 2 18 0.634439 19 0.365561
  18 -0.129057 -0.286686 1.132824 -0.708056 -0.705892 -0.019330 0.967008 0.757782 2 18 0.643890 19 0.356110
  18 -0.118515 -0.304790 1.190865 0.079000 -0.474691 0.876600 0.967640 0.736833 2 18 0.643836 19 0.356164
spawn
  18 -0.115026 -0.286292 1.138414 0.802092 -0.596989 -0.015894 0.952524 0.749240 2 18 0.643891 19 0.356109
  18 -0.118515 -0.304790 1.190865 0.079000 -0.474691 0.876600 0.967640 0.736833 2 18 0.643836 19 0.356164
  18 -0.129057 -0.286686 1.132824 -0.708056 -0.705892 -0.019330 0.947408 0.746314 2 18 0.643890 19 0.356110
spawn
  18 -0.098709 -0.243127 0.963427 0.668508 -0.393080 0.631336 0.905470 0.804358 4 18 0.659493 19 0.332474 13 0.006704 14 0.001329
  18 -0.102411 -0.265848 1.011813 0.827548 -0.538653 -0.158167 0.920626 0.788925 3 18 0.646257 19 0.353257 13 0.000485
  18 -0.134180 -0.271181 1.014156 -0.511037 -0.841210 -0.176654 0.912305 0.778394 3 18 0.647137 19 0.352604 13 0.000259
spawn
  18 -0.098709 -0.243127 0.963427 0.668508 -0.393080 0.631336 0.905470 0.804358 4 18 0.659493 19 0.332474 13 0.006704 14 0.001329
  18 -0.134180 -0.271181 1.014156 -0.511037 -0.841210 -0.176654 0.912305 0.778394 3 18 0.647137 19 0.352604 13 0.000259
  18 -0.145562 -0.259736 0.960504 -0.438151 -0.681509 0.586147 0.893374 0.789364 4 18 0.671492 19 0.322034 13 0.006027 14 0.000447
spawn
  18 -0.161969 -0.218172 0.993903 -0.362011 -0.347243 0.865084 0.946240 0.823585 2 18 0.624053 19 0.375947
  18 -0.145562 -0.259736 0.960504 -0.438151 -0.681509 0.586147 0.967640 0.825753 4 18 0.671492 19 0.322034 13 0.006027 14 0.000447
  18 -0.134180 -0.271181 1.014156 -0.511037 -0.841210 -0.176654 0.961905 0.804927 3 18 0.647137 19 0.352604 13 0.000259
spawn
  18 -0.161969 -0.218172 0.993903 -0.362011 -0.347243 0.865084 0.946240 0.823585 2 18 0.624053 19 0.375947
  18 -0.134180 -0.271181 1.014156 -0.511037 -0.841210 -0.176654 0.961905 0.804927 3 18 0.647137 19 0.352604 13 0.000259
  18 -0.142091 -0.248059 1.032493 -0.856303 0.222173 0.466246 0.949504 0.802360 2 18 0.642036 19 0.357964
spawn
  18 -0.098709 -0.243127 0.963427 0.668508 -0.393080 0.631336 0.905470 0.804358 4 18 0.659493 19 0.332474 13 0.006704 14 0.001329
  18 -0.109391 -0.193027 1.001349 0.293530 -0.234079 0.926848 0.925609 0.817860 2 18 0.602766 19 0.397234
  18 -0.113721 -0.231350 1.035797 0.442413 0.658646 0.608651 0.935474 0.799013 2 18 0.640704 19 0.359296
spawn
  18 -0.098709 -0.243127 0.963427 0.668508 -0.393080 0.631336 0.905470 0.804358 4 18 0.659493 19 0.332474 13 0.006704 14 0.001329
  18 -0.113721 -0.231350 1.035797 0.442413 0.658646 0.608651 0.935474 0.799013 2 18 0.640704 19 0.359296
  18 -0.102411 -0.265848 1.011813 0.827548 -0.538653 -0.158167 0.920626 0.788925 3 18 0.646257 19 0.353257 13 0.000485
spawn
  18 -0.109391 -0.193027 1.001349 0.293530 -0.234079 0.926848 0.925609 0.817860 2 18 0.602766 19 0.397234
  18 -0.161969 -0.218172 0.993903 -0.362011 -0.347243 0.865084 0.946240 0.823585 2 18 0.624053 19 0.375947
  18 -0.142091 -0.248059 1.032493 -0.856303 0.222173 0.466246 0.949504 0.802360 2 18 0.642036 19 0.357964
spawn
  18 -0.109391 -0.193027 1.001349 0.293530 -0.234079 0.926848 0.925609 0.817860 2 18 0.602766 19 0.397234
  18 -0.142091 -0.248059 1.032493 -0.856303 0.222173 0.466246 0.949504 0.802360 2 18 0.642036 19 0.357964
  18 -0.113721 -0.231350 1.035797 0.442413 0.658646 0.608651 0.935474 0.799013 2 18 0.640704 19 0.359296
spawn
  23 0.293608 0.574171 0.011640 0.153784 -0.021111 -0.987879 0.518397 0.087962 3 23 0.519996 22 0.478190 11 0.001814
  23 0.215595 0.610579 0.021715 -0.736609 0.010375 -0.676239 0.484342 0.093103 3 23 0.851275 22 0.094861 11 0.053864
  23 0.228402 0.661735 0.014679 -0.774091 0.287847 -0.563851 0.483845 0.114236 2 23 0.995471 11 0.004529
spawn
  23 0.293608 0.574171 0.011640 0.153784 -0.021111 -0.987879 0.518397 0.087962 3 23 0.519996 22 0.478190 11 0.001814
  23 0.228402 0.661735 0.014679 -0.774091 0.287847 -0.563851 0.483845 0.114236 2 23 0.995471 11 0.004529
  23 0.302794 0.609343 0.004675 0.365043 -0.393088 -0.843935 0.518328 0.102668 2 23 0.921930 22 0.078070
spawn
  23 0.215595 0.610579 0.021715 -0.736609 0.010375 -0.676239 0.677269 0.088484 3 23 0.851275 22 0.094861 11 0.053864
  23 0.221064 0.634529 0.043924 -0.642850 0.546769 0.536459 0.669552 0.075951 3 23 0.985811 22 0.014188 11 0.000001
  23 0.237069 0.666903 0.032840 -0.508370 0.538533 0.671969 0.653322 0.076668 2 23 0.999983 11 0.000017
spawn
  23 0.215595 0.610579 0.021715 -0.736609 0.010375 -0.676239 0.677269 0.088484 3 23 0.851275 22 0.094861 11 0.053864
  23 0.237069 0.666903 0.032840 -0.508370 0.538533 0.671969 0.653322 0.076668 2 23 0.999983 11 0.000017
  23 0.228402 0.661735 0.014679 -0.774091 0.287847 -0.563851 0.654090 0.085249 2 23 0.995471 11 0.004529
spawn
  12 0.272196 0.557930 0.070572 0.713408 -0.313061 0.626931 0.686048 0.034952 4 12 0.514399 22 0.452361 23 0.031987 11 0.001253
  12 0.250805 0.543089 0.043248 -0.118505 -0.857982 -0.499824 0.695185 0.026074 3 12 0.507411 22 0.467775 23 0.024815
  22 0.309706 0.538588 0.008541 0.110645 -0.738765 -0.664818 0.677570 0.011087 3 22 0.543141 23 0.446550 11 0.010309
spawn
  12 0.272196 0.557930 0.070572 0.713408 -0.313061 0.626931 0.686048 0.034952 4 12 0.514399 22 0.452361 23 0.031987 11 0.001253
  22 0.309706 0.538588 0.008541 0.110645 -0.738765 -0.664818 0.677570 0.011087 3 22 0.543141 23 0.446550 11 0.010309
  22 0.328545 0.538214 0.022243 0.868092 -0.486472 0.098800 0.674281 0.017375 3 22 0.518689 23 0.463252 11 0.018059
spawn
  23 0.221064 0.634529 0.043924 -0.642850 0.546769 0.536459 0.669552 0.075951 3 23 0.985811 22 0.014188 11 0.000001
  23 0.251810 0.612500 0.058008 0.269514 0.453125 0.849729 0.672312 0.057725 3 23 0.968366 22 0.027799 11 0.003835
  23 0.271660 0.644610 0.034686 0.189388 0.249956 0.949555 0.653835 0.059860 1 23 1.000000
spawn
  23 0.221064 0.634529 0.043924 -0.642850 0.546769 0.536459 0.669552 0.075951 3 23 0.985811 22 0.014188 11 0.000001
  23 0.271660 0.644610 0.034686 0.189388 0.249956 0.949555 0.653835 0.059860 1 23 1.000000
  23 0.237069 0.666903 0.032840 -0.508370 0.538533 0.671969 0.653322 0.076668 2 23 0.999983 11 0.000017
spawn
  23 0.251810 0.612500 0.058008 0.269514 0.453125 0.849729 0.672312 0.057725 3 23 0.968366 22 0.027799 11 0.003835
  23 0.298781 0.585565 0.035814 0.840194 0.216539 0.497176 0.662220 0.030733 3 23 0.757472 22 0.242514 11 0.000014
  23 0.312402 0.607984 0.030629 0.802504 -0.247170 0.543042 0.650074 0.036273 3 23 0.947319 22 0.052076 11 0.000604
spawn
  23 0.251810 0.612500 0.058008 0.269514 0.453125 0.849729 0.672312 0.057725 3 23 0.968366 22 0.027799 11 0.003835
  23 0.312402 0.607984 0.030629 0.802504 -0.247170 0.543042 0.650074 0.036273 3 23 0.947319 22 0.052076 11 0.000604
  23 0.271660 0.644610 0.034686 0.189388 0.249956 0.949555 0.653835 0.059860 1 23 1.000000
spawn
  12 0.235470 0.585255 0.085604 0.427706 0.660234 0.617380 0.691018 0.055354 4 12 0.900971 22 0.079456 23 0.019573 11 0.000000
  12 0.272196 0.557930 0.070572 0.713408 -0.313061 0.626931 0.686048 0.034952 4 12 0.514399 22 0.452361 23 0.031987 11 0.001253
  23 0.298781 0.585565 0.035814 0.840194 0.216539 0.497176 0.662220 0.030733 3 23 0.757472 22 0.242514 11 0.000014
spawn
  12 0.235470 0.585255 0.085604 0.427706 0.660234 0.617380 0.691018 0.055354 4 12 0.900971 22 0.079456 23 0.019573 11 0.000000
  23 0.298781 0.585565 0.035814 0.840194 0.216539 0.497176 0.662220 0.030733 3 23 0.757472 22 0.242514 11 0.000014
  23 0.251810 0.612500 0.058008 0.269514 0.453125 0.849729 0.672312 0.057725 3 23 0.968366 22 0.027799 11 0.003835
spawn
  12 0.206606 0.597783 0.067869 -0.554354 0.807222 0.202694 0.689496 0.071010 4 12 0.899119 23 0.067220 22 0.031182 11 0.002479
  12 0.235470 0.585255 0.085604 0.427706 0.660234 0.617380 0.691018 0.055354 4 12 0.900971 22 0.079456 23 0.019573 11 0.000000
  23 0.251810 0.612500 0.058008 0.269514 0.453125 0.849729 0.672312 0.057725 3 23 0.968366 22 0.027799 11 0.003835
spawn
  12 0.206606 0.597783 0.067869 -0.554354 0.807222 0.202694 0.689496 0.071010 4 12 0.899119 23 0.067220 22 0.031182 11 0.002479
  23 0.251810 0.612500 0.058008 0.269514 0.453125 0.849729 0.672312 0.057725 3 23 0.968366 22 0.027799 11 0.003835
  23 0.221064 0.634529 0.043924 -0.642850 0.546769 0.536459 0.669552 0.075951 3 23 0.985811 22 0.014188 11 0.000001
spawn
  12 0.203860 0.574671 0.038104 -0.730378 -0.164106 -0.663036 0.695185 0.086536 4 12 0.858776 22 0.089898 23 0.051313 11 0.000014
  12 0.206606 0.597783 0.067869 -0.554354 0.807222 0.202694 0.689496 0.071010 4 12 0.899119 23 0.067220 22 0.031182 11 0.002479
  23 0.221064 0.634529 0.043924 -0.642850 0.546769 0.536459 0.669552 0.075951 3 23 0.985811 22 0.014188 11 0.000001
spawn
  12 0.203860 0.574671 0.038104 -0.730378 -0.164106 -0.663036 0.695185 0.086536 4 12 0.858776 22 0.089898 23 0.051313 11 0.000014
  23 0.221064 0.634529 0.043924 -0.642850 0.546769 0.536459 0.669552 0.075951 3 23 0.985811 22 0.014188 11 0.000001
  23 0.215595 0.610579 0.021715 -0.736609 0.010375 -0.676239 0.677269 0.088484 3 23 0.851275 22 0.094861 11 0.053864
spawn
  12 0.250805 0.543089 0.043248 -0.118505 -0.857982 -0.499824 0.503727 0.068359 3 12 0.507411 22 0.467775 23 0.024815
  12 0.203860 0.574671 0.038104 -0.730378 -0.164106 -0.663036 0.482796 0.076815 4 12 0.858776 22 0.089898 23 0.051313 11 0.000014
  23 0.215595 0.610579 0.021715 -0.736609 0.010375 -0.676239 0.484342 0.093103 3 23 0.851275 22 0.094861 11 0.053864
spawn
  12 0.250805 0.543089 0.043248 -0.118505 -0.857982 -0.499824 0.503727 0.068359 3 12 0.507411 22 0.467775 23 0.024815
  23 0.215595 0.610579 0.021715 -0.736609 0.010375 -0.676239 0.484342 0.093103 3 23 0.851275 22 0.094861 11 0.053864
  23 0.293608 0.574171 0.011640 0.153784 -0.021111 -0.987879 0.518397 0.087962 3 23 0.519996 22 0.478190 11 0.001814
spawn
  23 0.298781 0.585565 0.035814 0.840194 0.216539 0.497176 0.662220 0.030733 3 23 0.757472 22 0.242514 11 0.000014
  12 0.272196 0.557930 0.070572 0.713408 -0.313061 0.626931 0.686048 0.034952 4 12 0.514399 22 0.452361 23 0.031987 11 0.001253
  22 0.328545 0.538214 0.022243 0.868092 -0.486472 0.098800 0.674281 0.017375 3 22 0.518689 23 0.463252 11 0.018059
spawn
  23 0.298781 0.585565 0.035814 0.840194 0.216539 0.497176 0.662220 0.030733 3 23 0.757472 22 0.242514 11 0.000014
  22 0.328545 0.538214 0.022243 0.868092 -0.486472 0.098800 0.674281 0.017375 3 22 0.518689 23 0.463252 11 0.018059
  23 0.323071 0.557316 0.025220 0.913123 0.400242 0.077537 0.670977 0.018691 3 23 0.520418 22 0.479579 11 0.000003
spawn
  23 0.293608 0.574171 0.011640 0.153784 -0.021111 -0.987879 0.657689 0.017902 3 23 0.519996 22 0.478190 11 0.001814
  23 0.298781 0.585565 0.035814 0.840194 0.216539 0.497176 0.662220 0.030733 3 23 0.757472 22 0.242514 11 0.000014
  23 0.323071 0.557316 0.025220 0.913123 0.400242 0.077537 0.670977 0.018691 3 23 0.520418 22 0.479579 11 0.000003
spawn
  23 0.293608 0.574171 0.011640 0.153784 -0.021111 -0.987879 0.657689 0.017902 3 23 0.519996 22 0.478190 11 0.001814
  23 0.323071 0.557316 0.025220 0.913123 0.400242 0.077537 0.670977 0.018691 3 23 0.520418 22 0.479579 11 0.000003
  22 0.316461 0.560855 0.011206 0.402159 0.359242 -0.842148 0.667953 0.014058 3 22 0.518387 23 0.481081 11 0.000532
spawn
  23 0.293608 0.574171 0.011640 0.153784 -0.021111 -0.987879 0.518397 0.087962 3 23 0.519996 22 0.478190 11 0.001814
  22 0.316461 0.560855 0.011206 0.402159 0.359242 -0.842148 0.528782 0.086347 3 22 0.518387 23 0.481081 11 0.000532
  22 0.309706 0.538588 0.008541 0.110645 -0.738765 -0.664818 0.529518 0.077070 3 22 0.543141 23 0.446550 11 0.010309
spawn
  23 0.293608 0.574171 0.011640 0.153784 -0.021111 -0.987879 0.518397 0.087962 3 23 0.519996 22 0.478190 11 0.001814
  22 0.309706 0.538588 0.008541 0.110645 -0.738765 -0.664818 0.529518 0.077070 3 22 0.543141 23 0.446550 11 0.010309
  12 0.250805 0.543089 0.043248 -0.118505 -0.857982 -0.499824 0.503727 0.068359 3 12 0.507411 22 0.467775 23 0.024815
spawn
  23 0.312402 0.607984 0.030629 0.802504 -0.247170 0.543042 0.650074 0.036273 3 23 0.947319 22 0.052076 11 0.000604
  23 0.298781 0.585565 0.035814 0.840194 0.216539 0.497176 0.662220 0.030733 3 23 0.757472 22 0.242514 11 0.000014
  23 0.293608 0.574171 0.011640 0.153784 -0.021111 -0.987879 0.657689 0.017902 3 23 0.519996 22 0.478190 11 0.001814
spawn
  23 0.312402 0.607984 0.030629 0.802504 -0.247170 0.543042 0.650074 0.036273 3 23 0.947319 22 0.052076 11 0.000604
  23 0.293608 0.574171 0.011640 0.153784 -0.021111 -0.987879 0.657689 0.017902 3 23 0.519996 22 0.478190 11 0.001814
  23 0.302794 0.609343 0.004675 0.365043 -0.393088 -0.843935 0.643731 0.026470 2 23 0.921930 22 0.078070
spawn
  23 0.312402 0.607984 0.030629 0.802504 -0.247170 0.543042 0.650074 0.036273 3 23 0.947319 22 0.052076 11 0.000604
  23 0.302794 0.609343 0.004675 0.365043 -0.393088 -0.843935 0.643731 0.026470 2 23 0.921930 22 0.078070
  23 0.343034 0.650265 0.001168 0.749756 -0.097421 -0.654504 0.626235 0.042015 1 23 1.000000
spawn
  23 0.312402 0.607984 0.030629 0.802504 -0.247170 0.543042 0.650074 0.036273 3 23 0.947319 22 0.052076 11 0.000604
  23 0.343034 0.650265 0.001168 0.749756 -0.097421 -0.654504 0.626235 0.042015 1 23 1.000000
  23 0.343989 0.651971 0.022365 0.866858 0.014348 0.498349 0.633657 0.046506 1 23 1.000000
spawn
  23 0.271660 0.644610 0.034686 0.189388 0.249956 0.949555 0.653835 0.059860 1 23 1.000000
  23 0.312402 0.607984 0.030629 0.802504 -0.247170 0.543042 0.650074 0.036273 3 23 0.947319 22 0.052076 11 0.000604
  23 0.343989 0.651971 0.022365 0.866858 0.014348 0.498349 0.633657 0.046506 1 23 1.000000
spawn
  23 0.271660 0.644610 0.034686 0.189388 0.249956 0.949555 0.653835 0.059860 1 23 1.000000
  23 0.343989 0.651971 0.022365 0.866858 0.014348 0.498349 0.633657 0.046506 1 23 1.000000
  23 0.318265 0.687999 0.018117 0.415952 0.734607 0.536038 0.630476 0.058727 1 23 1.000000
spawn
  23 0.302794 0.609343 0.004675 0.365043 -0.393088 -0.843935 0.518328 0.102668 2 23 0.921930 22 0.078070
  23 0.228402 0.661735 0.014679 -0.774091 0.287847 -0.563851 0.483845 0.114236 2 23 0.995471 11 0.004529
  23 0.319733 0.688144 -0.006454 0.322476 0.648772 -0.689278 0.516534 0.134948 1 23 1.000000
spawn
  23 0.302794 0.609343 0.004675 0.365043 -0.393088 -0.843935 0.518328 0.102668 2 23 0.921930 22 0.078070
  23 0.319733 0.688144 -0.006454 0.322476 0.648772 -0.689278 0.516534 0.134948 1 23 1.000000
  23 0.343034 0.650265 0.001168 0.749756 -0.097421 -0.654504 0.529518 0.122586 1 23 1.000000
spawn
  23 0.228402 0.661735 0.014679 -0.774091 0.287847 -0.563851 0.654090 0.085249 2 23 0.995471 11 0.004529
  23 0.237069 0.666903 0.032840 -0.508370 0.538533 0.671969 0.653322 0.076668 2 23 0.999983 11 0.000017
  23 0.254241 0.687178 0.028541 -0.219918 0.736365 0.639845 0.643782 0.073967 2 23 0.998369 11 0.001631
spawn
  23 0.228402 0.661735 0.014679 -0.774091 0.287847 -0.563851 0.654090 0.085249 2 23 0.995471 11 0.004529
  23 0.254241 0.687178 0.028541 -0.219918 0.736365 0.639845 0.643782 0.073967 2 23 0.998369 11 0.001631
  23 0.249966 0.690330 0.008683 -0.451354 0.720346 -0.526670 0.639161 0.080883 2 23 0.992026 11 0.007974
spawn
  23 0.237069 0.666903 0.032840 -0.508370 0.538533 0.671969 0.653322 0.076668 2 23 0.999983 11 0.000017
  23 0.271660 0.644610 0.034686 0.189388 0.249956 0.949555 0.653835 0.059860 1 23 1.000000
  23 0.318265 0.687999 0.018117 0.415952 0.734607 0.536038 0.630476 0.058727 1 23 1.000000
spawn
  23 0.237069 0.666903 0.032840 -0.508370 0.538533 0.671969 0.653322 0.076668 2 23 0.999983 11 0.000017
  23 0.318265 0.687999 0.018117 0.415952 0.734607 0.536038 0.630476 0.058727 1 23 1.000000
  23 0.254241 0.687178 0.028541 -0.219918 0.736365 0.639845 0.643782 0.073967 2 23 0.998369 11 0.001631
spawn
  23 0.318265 0.687999 0.018117 0.415952 0.734607 0.536038 0.630476 0.058727 1 23 1.000000
  23 0.343989 0.651971 0.022365 0.866858 0.014348 0.498349 0.633657 0.046506 1 23 1.000000
  23 0.343034 0.650265 0.001168 0.749756 -0.097421 -0.654504 0.626235 0.042015 1 23 1.000000
spawn
  23 0.318265 0.687999 0.018117 0.415952 0.734607 0.536038 0.630476 0.058727 1 23 1.000000
  23 0.343034 0.650265 0.001168 0.749756 -0.097421 -0.654504 0.626235 0.042015 1 23 1.000000
  23 0.319733 0.688144 -0.006454 0.322476 0.648772 -0.689278 0.621608 0.060061 1 23 1.000000
spawn
  23 0.319733 0.688144 -0.006454 0.322476 0.648772 -0.689278 0.516534 0.134948 1 23 1.000000
  23 0.228402 0.661735 0.014679 -0.774091 0.287847 -0.563851 0.483845 0.114236 2 23 0.995471 11 0.004529
  23 0.249966 0.690330 0.008683 -0.451354 0.720346 -0.526670 0.489103 0.127673 2 23 0.992026 11 0.007974
spawn
  23 0.254241 0.687178 0.028541 -0.219918 0.736365 0.639845 0.643782 0.073967 2 23 0.998369 11 0.001631
  23 0.318265 0.687999 0.018117 0.415952 0.734607 0.536038 0.630476 0.058727 1 23 1.000000
  23 0.319733 0.688144 -0.006454 0.322476 0.648772 -0.689278 0.621608 0.060061 1 23 1.000000
spawn
  23 0.254241 0.687178 0.028541 -0.219918 0.736365 0.639845 0.643782 0.073967 2 23 0.998369 11 0.001631
  23 0.319733 0.688144 -0.006454 0.322476 0.648772 -0.689278 0.621608 0.060061 1 23 1.000000
  23 0.249966 0.690330 0.008683 -0.451354 0.720346 -0.526670 0.639161 0.080883 2 23 0.992026 11 0.007974
spawn
  29 0.293608 -0.574171 0.011640 0.153792 0.021108 -0.987878 0.518397 0.188007 4 29 0.504534 28 0.463945 16 0.028702 15 0.002819
  29 0.302794 -0.609343 0.004675 0.365044 0.393081 -0.843937 0.518328 0.173301 2 29 0.921931 28 0.078069
  29 0.228402 -0.661735 0.014679 -0.774089 -0.287850 -0.563852 0.483845 0.161733 2 29 0.994893 15 0.005107
spawn
  29 0.293608 -0.574171 0.011640 0.153792 0.021108 -0.987878 0.518397 0.188007 4 29 0.504534 28 0.463945 16 0.028702 15 0.002819
  29 0.228402 -0.661735 0.014679 -0.774089 -0.287850 -0.563852 0.483845 0.161733 2 29 0.994893 15 0.005107
  29 0.215595 -0.610578 0.021714 -0.736597 -0.010390 -0.676252 0.484343 0.182866 3 29 0.896998 28 0.100857 15 0.002144
spawn
  29 0.215595 -0.610578 0.021714 -0.736597 -0.010390 -0.676252 0.597618 0.011086 3 29 0.896998 28 0.100857 15 0.002144
  29 0.228402 -0.661735 0.014679 -0.774089 -0.287850 -0.563852 0.574439 0.014322 2 29 0.994893 15 0.005107
  29 0.237069 -0.666903 0.032840 -0.508374 -0.538532 0.671967 0.573671 0.022904 2 29 0.999876 15 0.000124
spawn
  29 0.215595 -0.610578 0.021714 -0.736597 -0.010390 -0.676252 0.597618 0.011086 3 29 0.896998 28 0.100857 15 0.002144
  29 0.237069 -0.666903 0.032840 -0.508374 -0.538532 0.671967 0.573671 0.022904 2 29 0.999876 15 0.000124
  29 0.221064 -0.634529 0.043925 -0.642839 -0.546793 0.536447 0.589902 0.023620 4 29 0.979890 28 0.014491 16 0.005321 15 0.000297
spawn
  16 0.272197 -0.557930 0.070572 0.713451 0.304159 0.631248 0.606397 0.064620 4 16 0.515502 28 0.451993 29 0.032488 15 0.000018
  28 0.328545 -0.538214 0.022243 0.868095 0.486467 0.098800 0.594630 0.082196 4 28 0.514253 29 0.459425 15 0.019762 16 0.006559
  28 0.309706 -0.538588 0.008541 0.110653 0.738762 -0.664820 0.597919 0.088484 4 28 0.477637 29 0.392798 16 0.126777 15 0.002788
spawn
  16 0.272197 -0.557930 0.070572 0.713451 0.304159 0.631248 0.606397 0.064620 4 16 0.515502 28 0.451993 29 0.032488 15 0.000018
  28 0.309706 -0.538588 0.008541 0.110653 0.738762 -0.664820 0.597919 0.088484 4 28 0.477637 29 0.392798 16 0.126777 15 0.002788
  16 0.250805 -0.543088 0.043248 -0.130556 0.857669 -0.497352 0.615535 0.073498 4 16 0.507788 28 0.467449 29 0.024669 15 0.000095
spawn
  29 0.221064 -0.634529 0.043925 -0.642839 -0.546793 0.536447 0.589902 0.023620 4 29 0.979890 28 0.014491 16 0.005321 15 0.000297
  29 0.237069 -0.666903 0.032840 -0.508374 -0.538532 0.671967 0.573671 0.022904 2 29 0.999876 15 0.000124
  29 0.271660 -0.644610 0.034686 0.189384 -0.249951 0.949557 0.574184 0.039711 1 29 1.000000
spawn
  29 0.221064 -0.634529 0.043925 -0.642839 -0.546793 0.536447 0.589902 0.023620 4 29 0.979890 28 0.014491 16 0.005321 15 0.000297
  29 0.271660 -0.644610 0.034686 0.189384 -0.249951 0.949557 0.574184 0.039711 1 29 1.000000
  29 0.251810 -0.612500 0.058008 0.269550 -0.453143 0.849708 0.592661 0.041846 4 29 0.781809 16 0.195763 28 0.022408 15 0.000020
spawn
  29 0.251810 -0.612500 0.058008 0.269550 -0.453143 0.849708 0.592661 0.041846 4 29 0.781809 16 0.195763 28 0.022408 15 0.000020
  29 0.271660 -0.644610 0.034686 0.189384 -0.249951 0.949557 0.574184 0.039711 1 29 1.000000
  29 0.312402 -0.607984 0.030629 0.802502 0.247176 0.543042 0.570424 0.063298 3 29 0.947468 28 0.052027 15 0.000505
spawn
  29 0.251810 -0.612500 0.058008 0.269550 -0.453143 0.849708 0.592661 0.041846 4 29 0.781809 16 0.195763 28 0.022408 15 0.000020
  29 0.312402 -0.607984 0.030629 0.802502 0.247176 0.543042 0.570424 0.063298 3 29 0.947468 28 0.052027 15 0.000505
  29 0.298781 -0.585565 0.035814 0.840199 -0.216544 0.497167 0.582570 0.068838 3 29 0.756384 28 0.241825 15 0.001791
spawn
  16 0.235472 -0.585259 0.085604 0.418313 -0.672614 0.610414 0.611366 0.044218 4 16 0.900284 28 0.078876 29 0.019685 15 0.001155
  29 0.251810 -0.612500 0.058008 0.269550 -0.453143 0.849708 0.592661 0.041846 4 29 0.781809 16 0.195763 28 0.022408 15 0.000020
  29 0.298781 -0.585565 0.035814 0.840199 -0.216544 0.497167 0.582570 0.068838 3 29 0.756384 28 0.241825 15 0.001791
spawn
  16 0.235472 -0.585259 0.085604 0.418313 -0.672614 0.610414 0.611366 0.044218 4 16 0.900284 28 0.078876 29 0.019685 15 0.001155
  29 0.298781 -0.585565 0.035814 0.840199 -0.216544 0.497167 0.582570 0.068838 3 29 0.756384 28 0.241825 15 0.001791
  16 0.272197 -0.557930 0.070572 0.713451 0.304159 0.631248 0.606397 0.064620 4 16 0.515502 28 0.451993 29 0.032488 15 0.000018
spawn
  16 0.206606 -0.597788 0.067871 -0.540251 -0.815569 0.207309 0.609845 0.028561 4 16 0.879792 29 0.076674 28 0.037153 15 0.006382
  29 0.221064 -0.634529 0.043925 -0.642839 -0.546793 0.536447 0.589902 0.023620 4 29 0.979890 28 0.014491 16 0.005321 15 0.000297
  29 0.251810 -0.612500 0.058008 0.269550 -0.453143 0.849708 0.592661 0.041846 4 29 0.781809 16 0.195763 28 0.022408 15 0.000020
spawn
  16 0.206606 -0.597788 0.067871 -0.540251 -0.815569 0.207309 0.609845 0.028561 4 16 0.879792 29 0.076674 28 0.037153 15 0.006382
  29 0.251810 -0.612500 0.058008 0.269550 -0.453143 0.849708 0.592661 0.041846 4 29 0.781809 16 0.195763 28 0.022408 15 0.000020
  16 0.235472 -0.585259 0.085604 0.418313 -0.672614 0.610414 0.611366 0.044218 4 16 0.900284 28 0.078876 29 0.019685 15 0.001155
spawn
  16 0.203859 -0.574671 0.038101 -0.739759 0.149036 -0.656159 0.615535 0.013031 4 16 0.854525 28 0.093040 29 0.052402 15 0.000032
  29 0.215595 -0.610578 0.021714 -0.736597 -0.010390 -0.676252 0.597618 0.011086 3 29 0.896998 28 0.100857 15 0.002144
  29 0.221064 -0.634529 0.043925 -0.642839 -0.546793 0.536447 0.589902 0.023620 4 29 0.979890 28 0.014491 16 0.005321 15 0.000297
spawn
  16 0.203859 -0.574671 0.038101 -0.739759 0.149036 -0.656159 0.615535 0.013031 4 16 0.854525 28 0.093040 29 0.052402 15 0.000032
  29 0.221064 -0.634529 0.043925 -0.642839 -0.546793 0.536447 0.589902 0.023620 4 29 0.979890 28 0.014491 16 0.005321 15 0.000297
  16 0.206606 -0.597788 0.067871 -0.540251 -0.815569 0.207309 0.609845 0.028561 4 16 0.879792 29 0.076674 28 0.037153 15 0.006382
spawn
  16 0.250805 -0.543088 0.043248 -0.130556 0.857669 -0.497352 0.503727 0.207611 4 16 0.507788 28 0.467449 29 0.024669 15 0.000095
  29 0.293608 -0.574171 0.011640 0.153792 0.021108 -0.987878 0.518397 0.188007 4 29 0.504534 28 0.463945 16 0.028702 15 0.002819
  29 0.215595 -0.610578 0.021714 -0.736597 -0.010390 -0.676252 0.484343 0.182866 3 29 0.896998 28 0.100857 15 0.002144
spawn
  16 0.250805 -0.543088 0.043248 -0.130556 0.857669 -0.497352 0.503727 0.207611 4 16 0.507788 28 0.467449 29 0.024669 15 0.000095
  29 0.215595 -0.610578 0.021714 -0.736597 -0.010390 -0.676252 0.484343 0.182866 3 29 0.896998 28 0.100857 15 0.002144
  16 0.203859 -0.574671 0.038101 -0.739759 0.149036 -0.656159 0.482796 0.199154 4 16 0.854525 28 0.093040 29 0.052402 15 0.000032
spawn
  29 0.298781 -0.585565 0.035814 0.840199 -0.216544 0.497167 0.582570 0.068838 3 29 0.756384 28 0.241825 15 0.001791
  29 0.323071 -0.557316 0.025220 0.913123 -0.400244 0.077531 0.591326 0.080880 3 29 0.498421 28 0.459133 15 0.042445
  28 0.328545 -0.538214 0.022243 0.868095 0.486467 0.098800 0.594630 0.082196 4 28 0.514253 29 0.459425 15 0.019762 16 0.006559
spawn
  29 0.298781 -0.585565 0.035814 0.840199 -0.216544 0.497167 0.582570 0.068838 3 29 0.756384 28 0.241825 15 0.001791
  28 0.328545 -0.538214 0.022243 0.868095 0.486467 0.098800 0.594630 0.082196 4 28 0.514253 29 0.459425 15 0.019762 16 0.006559
  16 0.272197 -0.557930 0.070572 0.713451 0.304159 0.631248 0.606397 0.064620 4 16 0.515502 28 0.451993 29 0.032488 15 0.000018
spawn
  29 0.293608 -0.574171 0.011640 0.153792 0.021108 -0.987878 0.578039 0.081670 4 29 0.504534 28 0.463945 16 0.028702 15 0.002819
  28 0.316461 -0.560855 0.011206 0.402160 -0.359242 -0.842148 0.588302 0.085514 4 28 0.476764 29 0.442553 15 0.056505 16 0.024178
  29 0.323071 -0.557316 0.025220 0.913123 -0.400244 0.077531 0.591326 0.080880 3 29 0.498421 28 0.459133 15 0.042445
spawn
  29 0.293608 -0.574171 0.011640 0.153792 0.021108 -0.987878 0.578039 0.081670 4 29 0.504534 28 0.463945 16 0.028702 15 0.002819
  29 0.323071 -0.557316 0.025220 0.913123 -0.400244 0.077531 0.591326 0.080880 3 29 0.498421 28 0.459133 15 0.042445
  29 0.298781 -0.585565 0.035814 0.840199 -0.216544 0.497167 0.582570 0.068838 3 29 0.756384 28 0.241825 15 0.001791
spawn
  29 0.293608 -0.574171 0.011640 0.153792 0.021108 -0.987878 0.518397 0.188007 4 29 0.504534 28 0.463945 16 0.028702 15 0.002819
  16 0.250805 -0.543088 0.043248 -0.130556 0.857669 -0.497352 0.503727 0.207611 4 16 0.507788 28 0.467449 29 0.024669 15 0.000095
  28 0.309706 -0.538588 0.008541 0.110653 0.738762 -0.664820 0.529518 0.198899 4 28 0.477637 29 0.392798 16 0.126777 15 0.002788
spawn
  29 0.293608 -0.574171 0.011640 0.153792 0.021108 -0.987878 0.518397 0.188007 4 29 0.504534 28 0.463945 16 0.028702 15 0.002819
  28 0.309706 -0.538588 0.008541 0.110653 0.738762 -0.664820 0.529518 0.198899 4 28 0.477637 29 0.392798 16 0.126777 15 0.002788
  28 0.316461 -0.560855 0.011206 0.402160 -0.359242 -0.842148 0.528783 0.189622 4 28 0.476764 29 0.442553 15 0.056505 16 0.024178
spawn
  29 0.312402 -0.607984 0.030629 0.802502 0.247176 0.543042 0.570424 0.063298 3 29 0.947468 28 0.052027 15 0.000505
  29 0.302794 -0.609343 0.004675 0.365044 0.393081 -0.843937 0.564081 0.073101 2 29 0.921931 28 0.078069
  29 0.293608 -0.574171 0.011640 0.153792 0.021108 -0.987878 0.578039 0.081670 4 29 0.504534 28 0.463945 16 0.028702 15 0.002819
spawn
  29 0.312402 -0.607984 0.030629 0.802502 0.247176 0.543042 0.570424 0.063298 3 29 0.947468 28 0.052027 15 0.000505
  29 0.293608 -0.574171 0.011640 0.153792 0.021108 -0.987878 0.578039 0.081670 4 29 0.504534 28 0.463945 16 0.028702 15 0.002819
  29 0.298781 -0.585565 0.035814 0.840199 -0.216544 0.497167 0.582570 0.068838 3 29 0.756384 28 0.241825 15 0.001791
spawn
  29 0.312402 -0.607984 0.030629 0.802502 0.247176 0.543042 0.570424 0.063298 3 29 0.947468 28 0.052027 15 0.000505
  29 0.343989 -0.651971 0.022365 0.866861 -0.014347 0.498344 0.554006 0.053065 1 29 1.000000
  29 0.343034 -0.650265 0.001169 0.749758 0.097419 -0.654501 0.546584 0.057556 1 29 1.000000
spawn
  29 0.312402 -0.607984 0.030629 0.802502 0.247176 0.543042 0.570424 0.063298 3 29 0.947468 28 0.052027 15 0.000505
  29 0.343034 -0.650265 0.001169 0.749758 0.097419 -0.654501 0.546584 0.057556 1 29 1.000000
  29 0.302794 -0.609343 0.004675 0.365044 0.393081 -0.843937 0.564081 0.073101 2 29 0.921931 28 0.078069
spawn
  29 0.271660 -0.644610 0.034686 0.189384 -0.249951 0.949557 0.574184 0.039711 1 29 1.000000
  29 0.318264 -0.688000 0.018118 0.415945 -0.734610 0.536040 0.550826 0.040844 1 29 1.000000
  29 0.343989 -0.651971 0.022365 0.866861 -0.014347 0.498344 0.554006 0.053065 1 29 1.000000
spawn
  29 0.271660 -0.644610 0.034686 0.189384 -0.249951 0.949557 0.574184 0.039711 1 29 1.000000
  29 0.343989 -0.651971 0.022365 0.866861 -0.014347 0.498344 0.554006 0.053065 1 29 1.000000
  29 0.312402 -0.607984 0.030629 0.802502 0.247176 0.543042 0.570424 0.063298 3 29 0.947468 28 0.052027 15 0.000505
spawn
  29 0.302794 -0.609343 0.004675 0.365044 0.393081 -0.843937 0.518328 0.173301 2 29 0.921931 28 0.078069
  29 0.343034 -0.650265 0.001169 0.749758 0.097419 -0.654501 0.529518 0.153383 1 29 1.000000
  29 0.319732 -0.688144 -0.006453 0.322475 -0.648773 -0.689278 0.516533 0.141021 1 29 1.000000
spawn
  29 0.302794 -0.609343 0.004675 0.365044 0.393081 -0.843937 0.518328 0.173301 2 29 0.921931 28 0.078069
  29 0.319732 -0.688144 -0.006453 0.322475 -0.648773 -0.689278 0.516533 0.141021 1 29 1.000000
  29 0.228402 -0.661735 0.014679 -0.774089 -0.287850 -0.563852 0.483845 0.161733 2 29 0.994893 15 0.005107
spawn
  29 0.228402 -0.661735 0.014679 -0.774089 -0.287850 -0.563852 0.574439 0.014322 2 29 0.994893 15 0.005107
  29 0.249966 -0.690330 0.008683 -0.451350 -0.720343 -0.526678 0.559511 0.018689 2 29 0.995879 15 0.004121
  29 0.254240 -0.687178 0.028541 -0.219930 -0.736364 0.639842 0.564131 0.025604 2 29 0.999854 15 0.000146
spawn
  29 0.228402 -0.661735 0.014679 -0.774089 -0.287850 -0.563852 0.574439 0.014322 2 29 0.994893 15 0.005107
  29 0.254240 -0.687178 0.028541 -0.219930 -0.736364 0.639842 0.564131 0.025604 2 29 0.999854 15 0.000146
  29 0.237069 -0.666903 0.032840 -0.508374 -0.538532 0.671967 0.573671 0.022904 2 29 0.999876 15 0.000124
spawn
  29 0.237069 -0.666903 0.032840 -0.508374 -0.538532 0.671967 0.573671 0.022904 2 29 0.999876 15 0.000124
  29 0.254240 -0.687178 0.028541 -0.219930 -0.736364 0.639842 0.564131 0.025604 2 29 0.999854 15 0.000146
  29 0.318264 -0.688000 0.018118 0.415945 -0.734610 0.536040 0.550826 0.040844 1 29 1.000000
spawn
  29 0.237069 -0.666903 0.032840 -0.508374 -0.538532 0.671967 0.573671 0.022904 2 29 0.999876 15 0.000124
  29 0.318264 -0.688000 0.018118 0.415945 -0.734610 0.536040 0.550826 0.040844 1 29 1.000000
  29 0.271660 -0.644610 0.034686 0.189384 -0.249951 0.949557 0.574184 0.039711 1 29 1.000000
spawn
  29 0.318264 -0.688000 0.018118 0.415945 -0.734610 0.536040 0.550826 0.040844 1 29 1.000000
  29 0.319732 -0.688144 -0.006453 0.322475 -0.648773 -0.689278 0.541958 0.039510 1 29 1.000000
  29 0.343034 -0.650265 0.001169 0.749758 0.097419 -0.654501 0.546584 0.057556 1 29 1.000000
spawn
  29 0.318264 -0.688000 0.018118 0.415945 -0.734610 0.536040 0.550826 0.040844 1 29 1.000000
  29 0.343034 -0.650265 0.001169 0.749758 0.097419 -0.654501 0.546584 0.057556 1 29 1.000000
  29 0.343989 -0.651971 0.022365 0.866861 -0.014347 0.498344 0.554006 0.053065 1 29 1.000000
spawn
  29 0.319732 -0.688144 -0.006453 0.322475 -0.648773 -0.689278 0.516533 0.141021 1 29 1.000000
  29 0.249966 -0.690330 0.008683 -0.451350 -0.720343 -0.526678 0.489103 0.148296 2 29 0.995879 15 0.004121
  29 0.228402 -0.661735 0.014679 -0.774089 -0.287850 -0.563852 0.483845 0.161733 2 29 0.994893 15 0.005107
spawn
  29 0.254240 -0.687178 0.028541 -0.219930 -0.736364 0.639842 0.564131 0.025604 2 29 0.999854 15 0.000146
  29 0.249966 -0.690330 0.008683 -0.451350 -0.720343 -0.526678 0.559511 0.018689 2 29 0.995879 15 0.004121
  29 0.319732 -0.688144 -0.006453 0.322475 -0.648773 -0.689278 0.541958 0.039510 1 29 1.000000
spawn
  29 0.254240 -0.687178 0.028541 -0.219930 -0.736364 0.639842 0.564131 0.025604 2 29 0.999854 15 0.000146
  29 0.319732 -0.688144 -0.006453 0.322475 -0.648773 -0.689278 0.541958 0.039510 1 29 1.000000
  29 0.318264 -0.688000 0.018118 0.415945 -0.734610 0.536040 0.550826 0.040844 1 29 1.000000
spawn
  25 -0.606371 0.592594 0.013777 0.025878 0.165786 -0.985822 0.957515 0.227803 2 25 0.998210 3 0.001790
  25 -0.649535 0.514952 0.021530 -0.019640 -0.666098 -0.745606 0.923047 0.236005 2 25 0.973883 3 0.026117
  25 -0.693184 0.529614 0.013711 -0.306182 -0.729323 -0.611833 0.924314 0.254519 2 25 0.978464 3 0.021536
spawn
  25 -0.606371 0.592594 0.013777 0.025878 0.165786 -0.985822 0.957515 0.227803 2 25 0.998210 3 0.001790
  25 -0.693184 0.529614 0.013711 -0.306182 -0.729323 -0.611833 0.924314 0.254519 2 25 0.978464 3 0.021536
  25 -0.640550 0.603670 0.007036 0.430978 0.376729 -0.819959 0.958387 0.242301 1 25 1.000000
spawn
  25 -0.649535 0.514952 0.021530 -0.019640 -0.666098 -0.745606 0.752511 0.087686 2 25 0.973883 3 0.026117
  25 -0.667571 0.517471 0.043452 -0.575342 -0.689801 0.439495 0.748015 0.076494 2 25 0.998657 3 0.001343
  25 -0.699029 0.537916 0.033622 -0.580725 -0.494369 0.646806 0.732313 0.075587 2 25 0.986292 3 0.013708
spawn
  25 -0.649535 0.514952 0.021530 -0.019640 -0.666098 -0.745606 0.752511 0.087686 2 25 0.973883 3 0.026117
  25 -0.699029 0.537916 0.033622 -0.580725 -0.494369 0.646806 0.732313 0.075587 2 25 0.986292 3 0.013708
  25 -0.693184 0.529614 0.013711 -0.306182 -0.729323 -0.611833 0.732841 0.084798 2 25 0.978464 3 0.021536
spawn
  4 -0.601891 0.567985 0.068755 0.075278 0.681170 0.728245 0.761062 0.039043 3 4 0.607311 25 0.392679 3 0.000011
  4 -0.578350 0.552600 0.043592 0.935307 0.054605 -0.349598 0.773208 0.023176 3 4 0.793967 25 0.204778 3 0.001255
  25 -0.569903 0.611454 0.009273 0.815692 0.161516 -0.555482 0.751801 0.009551 2 25 0.999963 3 0.000037
spawn
  4 -0.601891 0.567985 0.068755 0.075278 0.681170 0.728245 0.761062 0.039043 3 4 0.607311 25 0.392679 3 0.000011
  25 -0.569903 0.611454 0.009273 0.815692 0.161516 -0.555482 0.751801 0.009551 2 25 0.999963 3 0.000037
  25 -0.572995 0.627721 0.021471 0.419109 0.891787 0.170483 0.749979 0.014941 2 25 0.999357 3 0.000643
spawn
  25 -0.667571 0.517471 0.043452 -0.575342 -0.689801 0.439495 0.748015 0.076494 2 25 0.998657 3 0.001343
  25 -0.651219 0.548221 0.057635 -0.454935 0.174084 0.873343 0.749394 0.060031 3 25 0.974655 4 0.025333 3 0.000012
  25 -0.676444 0.573474 0.035633 -0.224483 0.215878 0.950265 0.731918 0.058722 1 25 1.000000
spawn
  25 -0.667571 0.517471 0.043452 -0.575342 -0.689801 0.439495 0.748015 0.076494 2 25 0.998657 3 0.001343
  25 -0.676444 0.573474 0.035633 -0.224483 0.215878 0.950265 0.731918 0.058722 1 25 1.000000
  25 -0.699029 0.537916 0.033622 -0.580725 -0.494369 0.646806 0.732313 0.075587 2 25 0.986292 3 0.013708
spawn
  25 -0.651219 0.548221 0.057635 -0.454935 0.174084 0.873343 0.749394 0.060031 3 25 0.974655 4 0.025333 3 0.000012
  25 -0.618449 0.596085 0.034963 -0.184203 0.830557 0.525590 0.739085 0.030807 2 25 0.998746 3 0.001254
  25 -0.639327 0.612272 0.027960 0.308435 0.793207 0.525063 0.727036 0.036153 1 25 1.000000
spawn
  25 -0.651219 0.548221 0.057635 -0.454935 0.174084 0.873343 0.749394 0.060031 3 25 0.974655 4 0.025333 3 0.000012
  25 -0.639327 0.612272 0.027960 0.308435 0.793207 0.525063 0.727036 0.036153 1 25 1.000000
  25 -0.676444 0.573474 0.035633 -0.224483 0.215878 0.950265 0.731918 0.058722 1 25 1.000000
spawn
  4 -0.619733 0.527174 0.086859 -0.832916 0.148098 0.533214 0.770386 0.057501 3 4 0.883742 25 0.084102 3 0.032156
  4 -0.601891 0.567985 0.068755 0.075278 0.681170 0.728245 0.761062 0.039043 3 4 0.607311 25 0.392679 3 0.000011
  25 -0.618449 0.596085 0.034963 -0.184203 0.830557 0.525590 0.739085 0.030807 2 25 0.998746 3 0.001254
spawn
  4 -0.619733 0.527174 0.086859 -0.832916 0.148098 0.533214 0.770386 0.057501 3 4 0.883742 25 0.084102 3 0.032156
  25 -0.618449 0.596085 0.034963 -0.184203 0.830557 0.525590 0.739085 0.030807 2 25 0.998746 3 0.001254
  25 -0.651219 0.548221 0.057635 -0.454935 0.174084 0.873343 0.749394 0.060031 3 25 0.974655 4 0.025333 3 0.000012
spawn
  4 -0.625846 0.495012 0.052414 -0.462233 -0.869821 -0.172487 0.768483 0.077750 3 4 0.949574 25 0.045635 3 0.004791
  4 -0.619733 0.527174 0.086859 -0.832916 0.148098 0.533214 0.770386 0.057501 3 4 0.883742 25 0.084102 3 0.032156
  25 -0.651219 0.548221 0.057635 -0.454935 0.174084 0.873343 0.749394 0.060031 3 25 0.974655 4 0.025333 3 0.000012
spawn
  4 -0.625846 0.495012 0.052414 -0.462233 -0.869821 -0.172487 0.768483 0.077750 3 4 0.949574 25 0.045635 3 0.004791
  25 -0.651219 0.548221 0.057635 -0.454935 0.174084 0.873343 0.749394 0.060031 3 25 0.974655 4 0.025333 3 0.000012
  25 -0.667571 0.517471 0.043452 -0.575342 -0.689801 0.439495 0.748015 0.076494 2 25 0.998657 3 0.001343
spawn
  4 -0.605255 0.505424 0.037883 0.427871 -0.536952 -0.727055 0.773208 0.088484 3 4 0.916662 3 0.057858 25 0.025480
  4 -0.625846 0.495012 0.052414 -0.462233 -0.869821 -0.172487 0.768483 0.077750 3 4 0.949574 25 0.045635 3 0.004791
  25 -0.667571 0.517471 0.043452 -0.575342 -0.689801 0.439495 0.748015 0.076494 2 25 0.998657 3 0.001343
spawn
  4 -0.605255 0.505424 0.037883 0.427871 -0.536952 -0.727055 0.773208 0.088484 3 4 0.916662 3 0.057858 25 0.025480
  25 -0.667571 0.517471 0.043452 -0.575342 -0.689801 0.439495 0.748015 0.076494 2 25 0.998657 3 0.001343
  25 -0.649535 0.514952 0.021530 -0.019640 -0.666098 -0.745606 0.752511 0.087686 2 25 0.973883 3 0.026117
spawn
  4 -0.578350 0.552600 0.043592 0.935307 0.054605 -0.349598 0.943512 0.209894 3 4 0.793967 25 0.204778 3 0.001255
  4 -0.605255 0.505424 0.037883 0.427871 -0.536952 -0.727055 0.922967 0.216871 3 4 0.916662 3 0.057858 25 0.025480
  25 -0.649535 0.514952 0.021530 -0.019640 -0.666098 -0.745606 0.923047 0.236005 2 25 0.973883 3 0.026117
spawn
  4 -0.578350 0.552600 0.043592 0.935307 0.054605 -0.349598 0.943512 0.209894 3 4 0.793967 25 0.204778 3 0.001255
  25 -0.649535 0.514952 0.021530 -0.019640 -0.666098 -0.745606 0.923047 0.236005 2 25 0.973883 3 0.026117
  25 -0.606371 0.592594 0.013777 0.025878 0.165786 -0.985822 0.957515 0.227803 2 25 0.998210 3 0.001790
spawn
  25 -0.618449 0.596085 0.034963 -0.184203 0.830557 0.525590 0.739085 0.030807 2 25 0.998746 3 0.001254
  4 -0.601891 0.567985 0.068755 0.075278 0.681170 0.728245 0.761062 0.039043 3 4 0.607311 25 0.392679 3 0.000011
  25 -0.572995 0.627721 0.021471 0.419109 0.891787 0.170483 0.749979 0.014941 2 25 0.999357 3 0.000643
spawn
  25 -0.618449 0.596085 0.034963 -0.184203 0.830557 0.525590 0.739085 0.030807 2 25 0.998746 3 0.001254
  25 -0.572995 0.627721 0.021471 0.419109 0.891787 0.170483 0.749979 0.014941 2 25 0.999357 3 0.000643
  25 -0.586571 0.621522 0.023536 -0.413468 0.907252 0.077063 0.747658 0.016668 2 25 1.000000 3 0.000000
spawn
  25 -0.606371 0.592594 0.013777 0.025878 0.165786 -0.985822 0.735355 0.020225 2 25 0.998210 3 0.001790
  25 -0.618449 0.596085 0.034963 -0.184203 0.830557 0.525590 0.739085 0.030807 2 25 0.998746 3 0.001254
  25 -0.586571 0.621522 0.023536 -0.413468 0.907252 0.077063 0.747658 0.016668 2 25 1.000000 3 0.000000
spawn
  25 -0.606371 0.592594 0.013777 0.025878 0.165786 -0.985822 0.735355 0.020225 2 25 0.998210 3 0.001790
  25 -0.586571 0.621522 0.023536 -0.413468 0.907252 0.077063 0.747658 0.016668 2 25 1.000000 3 0.000000
  25 -0.591329 0.618354 0.013320 -0.380491 0.413675 -0.827103 0.744646 0.014069 2 25 0.998002 3 0.001998
spawn
  25 -0.606371 0.592594 0.013777 0.025878 0.165786 -0.985822 0.957515 0.227803 2 25 0.998210 3 0.001790
  25 -0.591329 0.618354 0.013320 -0.380491 0.413675 -0.827103 0.969239 0.226047 2 25 0.998002 3 0.001998
  25 -0.569903 0.611454 0.009273 0.815692 0.161516 -0.555482 0.969853 0.216981 2 25 0.999963 3 0.000037
spawn
  25 -0.606371 0.592594 0.013777 0.025878 0.165786 -0.985822 0.957515 0.227803 2 25 0.998210 3 0.001790
  25 -0.569903 0.611454 0.009273 0.815692 0.161516 -0.555482 0.969853 0.216981 2 25 0.999963 3 0.000037
  4 -0.578350 0.552600 0.043592 0.935307 0.054605 -0.349598 0.943512 0.209894 3 4 0.793967 25 0.204778 3 0.001255
spawn
  25 -0.639327 0.612272 0.027960 0.308435 0.793207 0.525063 0.727036 0.036153 1 25 1.000000
  25 -0.618449 0.596085 0.034963 -0.184203 0.830557 0.525590 0.739085 0.030807 2 25 0.998746 3 0.001254
  25 -0.606371 0.592594 0.013777 0.025878 0.165786 -0.985822 0.735355 0.020225 2 25 0.998210 3 0.001790
spawn
  25 -0.639327 0.612272 0.027960 0.308435 0.793207 0.525063 0.727036 0.036153 1 25 1.000000
  25 -0.606371 0.592594 0.013777 0.025878 0.165786 -0.985822 0.735355 0.020225 2 25 0.998210 3 0.001790
  25 -0.640550 0.603670 0.007036 0.430978 0.376729 -0.819959 0.722386 0.028536 1 25 1.000000
spawn
  25 -0.639327 0.612272 0.027960 0.308435 0.793207 0.525063 0.727036 0.036153 1 25 1.000000
  25 -0.640550 0.603670 0.007036 0.430978 0.376729 -0.819959 0.722386 0.028536 1 25 1.000000
  25 -0.681455 0.644099 0.002053 0.108943 0.749518 -0.652959 0.705078 0.043050 1 25 1.000000
spawn
  25 -0.639327 0.612272 0.027960 0.308435 0.793207 0.525063 0.727036 0.036153 1 25 1.000000
  25 -0.681455 0.644099 0.002053 0.108943 0.749518 -0.652959 0.705078 0.043050 1 25 1.000000
  25 -0.683214 0.644799 0.021370 -0.004639 0.870177 0.492718 0.711711 0.046855 1 25 1.000000
spawn
  25 -0.676444 0.573474 0.035633 -0.224483 0.215878 0.950265 0.731918 0.058722 1 25 1.000000
  25 -0.639327 0.612272 0.027960 0.308435 0.793207 0.525063 0.727036 0.036153 1 25 1.000000
  25 -0.683214 0.644799 0.021370 -0.004639 0.870177 0.492718 0.711711 0.046855 1 25 1.000000
spawn
  25 -0.676444 0.573474 0.035633 -0.224483 0.215878 0.950265 0.731918 0.058722 1 25 1.000000
  25 -0.683214 0.644799 0.021370 -0.004639 0.870177 0.492718 0.711711 0.046855 1 25 1.000000
  25 -0.719263 0.618926 0.017555 -0.734565 0.420738 0.532348 0.709254 0.059044 1 25 1.000000
spawn
  25 -0.640550 0.603670 0.007036 0.430978 0.376729 -0.819959 0.958387 0.242301 1 25 1.000000
  25 -0.693184 0.529614 0.013711 -0.306182 -0.729323 -0.611833 0.924314 0.254519 2 25 0.978464 3 0.021536
  25 -0.719547 0.620698 -0.005300 -0.644671 0.332812 -0.688212 0.956981 0.274752 1 25 1.000000
spawn
  25 -0.640550 0.603670 0.007036 0.430978 0.376729 -0.819959 0.958387 0.242301 1 25 1.000000
  25 -0.719547 0.620698 -0.005300 -0.644671 0.332812 -0.688212 0.956981 0.274752 1 25 1.000000
  25 -0.681455 0.644099 0.002053 0.108943 0.749518 -0.652959 0.969853 0.262167 1 25 1.000000
spawn
  25 -0.693184 0.529614 0.013711 -0.306182 -0.729323 -0.611833 0.732841 0.084798 2 25 0.978464 3 0.021536
  25 -0.699029 0.537916 0.033622 -0.580725 -0.494369 0.646806 0.732313 0.075587 2 25 0.986292 3 0.013708
  25 -0.718038 0.556433 0.030621 -0.735786 -0.185039 0.651444 0.723111 0.072588 1 25 1.000000
spawn
  25 -0.693184 0.529614 0.013711 -0.306182 -0.729323 -0.611833 0.732841 0.084798 2 25 0.978464 3 0.021536
  25 -0.718038 0.556433 0.030621 -0.735786 -0.185039 0.651444 0.723111 0.072588 1 25 1.000000
  25 -0.720605 0.549752 0.007610 -0.697808 -0.456730 -0.551781 0.718558 0.080851 1 25 1.000000
spawn
  25 -0.699029 0.537916 0.033622 -0.580725 -0.494369 0.646806 0.732313 0.075587 2 25 0.986292 3 0.013708
  25 -0.676444 0.573474 0.035633 -0.224483 0.215878 0.950265 0.731918 0.058722 1 25 1.000000
  25 -0.719263 0.618926 0.017555 -0.734565 0.420738 0.532348 0.709254 0.059044 1 25 1.000000
spawn
  25 -0.699029 0.537916 0.033622 -0.580725 -0.494369 0.646806 0.732313 0.075587 2 25 0.986292 3 0.013708
  25 -0.719263 0.618926 0.017555 -0.734565 0.420738 0.532348 0.709254 0.059044 1 25 1.000000
  25 -0.718038 0.556433 0.030621 -0.735786 -0.185039 0.651444 0.723111 0.072588 1 25 1.000000
spawn
  25 -0.719263 0.618926 0.017555 -0.734565 0.420738 0.532348 0.709254 0.059044 1 25 1.000000
  25 -0.683214 0.644799 0.021370 -0.004639 0.870177 0.492718 0.711711 0.046855 1 25 1.000000
  25 -0.681455 0.644099 0.002053 0.108943 0.749518 -0.652959 0.705078 0.043050 1 25 1.000000
spawn
  25 -0.719263 0.618926 0.017555 -0.734565 0.420738 0.532348 0.709254 0.059044 1 25 1.000000
  25 -0.681455 0.644099 0.002053 0.108943 0.749518 -0.652959 0.705078 0.043050 1 25 1.000000
  25 -0.719547 0.620698 -0.005300 -0.644671 0.332812 -0.688212 0.701259 0.060476 1 25 1.000000
spawn
  25 -0.719547 0.620698 -0.005300 -0.644671 0.332812 -0.688212 0.956981 0.274752 1 25 1.000000
  25 -0.693184 0.529614 0.013711 -0.306182 -0.729323 -0.611833 0.924314 0.254519 2 25 0.978464 3 0.021536
  25 -0.720605 0.549752 0.007610 -0.697808 -0.456730 -0.551781 0.929309 0.267312 1 25 1.000000
spawn
  25 -0.718038 0.556433 0.030621 -0.735786 -0.185039 0.651444 0.723111 0.072588 1 25 1.000000
  25 -0.719263 0.618926 0.017555 -0.734565 0.420738 0.532348 0.709254 0.059044 1 25 1.000000
  25 -0.719547 0.620698 -0.005300 -0.644671 0.332812 -0.688212 0.701259 0.060476 1 25 1.000000
spawn
  25 -0.718038 0.556433 0.030621 -0.735786 -0.185039 0.651444 0.723111 0.072588 1 25 1.000000
  25 -0.719547 0.620698 -0.005300 -0.644671 0.332812 -0.688212 0.701259 0.060476 1 25 1.000000
  25 -0.720605 0.549752 0.007610 -0.697808 -0.456730 -0.551781 0.718558 0.080851 1 25 1.000000
spawn
  27 -0.606377 -0.592641 0.013750 0.025548 -0.166205 -0.985760 0.963777 0.979107 2 27 0.984560 7 0.015440
  27 -0.640547 -0.603678 0.007018 0.430694 -0.376863 -0.820047 0.964630 0.964616 1 27 1.000000
  27 -0.693183 -0.529613 0.013713 -0.306208 0.729474 -0.611640 0.930549 0.952408 2 27 0.999987 7 0.000013
spawn
  27 -0.606377 -0.592641 0.013750 0.025548 -0.166205 -0.985760 0.963777 0.979107 2 27 0.984560 7 0.015440
  27 -0.693183 -0.529613 0.013713 -0.306208 0.729474 -0.611640 0.930549 0.952408 2 27 0.999987 7 0.000013
  27 -0.649537 -0.514952 0.021537 -0.019535 0.667349 -0.744489 0.929287 0.970922 2 27 0.999997 7 0.000003
spawn
  27 -0.649537 -0.514952 0.021537 -0.019535 0.667349 -0.744489 0.974223 0.281548 2 27 0.999997 7 0.000003
  27 -0.693183 -0.529613 0.013713 -0.306208 0.729474 -0.611640 0.954553 0.284421 2 27 0.999987 7 0.000013
  27 -0.699026 -0.537915 0.033619 -0.580652 0.494445 0.646814 0.954023 0.293630 2 27 0.999998 7 0.000002
spawn
  27 -0.649537 -0.514952 0.021537 -0.019535 0.667349 -0.744489 0.974223 0.281548 2 27 0.999997 7 0.000003
  27 -0.699026 -0.537915 0.033619 -0.580652 0.494445 0.646814 0.954023 0.293630 2 27 0.999998 7 0.000002
  27 -0.667560 -0.517485 0.043442 -0.574856 0.690180 0.439537 0.969718 0.292724 2 27 0.999999 7 0.000001
spawn
  8 -0.601924 -0.568074 0.068837 0.075434 -0.681844 0.727598 0.982768 0.330195 3 8 0.609057 27 0.390696 7 0.000247
  27 -0.573019 -0.627826 0.021430 0.419870 -0.892527 0.164639 0.971633 0.354294 2 27 0.999652 7 0.000348
  27 -0.569874 -0.611433 0.009312 0.816983 -0.159225 -0.554244 0.973477 0.359678 2 27 0.990879 7 0.009121
spawn
  8 -0.601924 -0.568074 0.068837 0.075434 -0.681844 0.727598 0.982768 0.330195 3 8 0.609057 27 0.390696 7 0.000247
  27 -0.569874 -0.611433 0.009312 0.816983 -0.159225 -0.554244 0.973477 0.359678 2 27 0.990879 7 0.009121
  8 -0.578501 -0.552608 0.043524 0.934786 -0.052049 -0.351378 0.994920 0.346121 2 8 0.792665 27 0.207335
spawn
  27 -0.667560 -0.517485 0.043442 -0.574856 0.690180 0.439537 0.969718 0.292724 2 27 0.999999 7 0.000001
  27 -0.699026 -0.537915 0.033619 -0.580652 0.494445 0.646814 0.954023 0.293630 2 27 0.999998 7 0.000002
  27 -0.676446 -0.573476 0.035637 -0.224645 -0.215785 0.950248 0.953628 0.310495 1 27 1.000000
spawn
  27 -0.667560 -0.517485 0.043442 -0.574856 0.690180 0.439537 0.969718 0.292724 2 27 0.999999 7 0.000001
  27 -0.676446 -0.573476 0.035637 -0.224645 -0.215785 0.950248 0.953628 0.310495 1 27 1.000000
  27 -0.651223 -0.548221 0.057641 -0.455970 -0.173662 0.872888 0.971111 0.309183 3 27 0.985481 8 0.013588 7 0.000931
spawn
  27 -0.651223 -0.548221 0.057641 -0.455970 -0.173662 0.872888 0.971111 0.309183 3 27 0.985481 8 0.013588 7 0.000931
  27 -0.676446 -0.573476 0.035637 -0.224645 -0.215785 0.950248 0.953628 0.310495 1 27 1.000000
  27 -0.639335 -0.612273 0.027973 0.307791 -0.793277 0.525334 0.948745 0.333068 2 27 0.999998 8 0.000002
spawn
  27 -0.651223 -0.548221 0.057641 -0.455970 -0.173662 0.872888 0.971111 0.309183 3 27 0.985481 8 0.013588 7 0.000931
  27 -0.639335 -0.612273 0.027973 0.307791 -0.793277 0.525334 0.948745 0.333068 2 27 0.999998 8 0.000002
  27 -0.618447 -0.596114 0.034973 -0.185514 -0.830397 0.525381 0.960788 0.338420 3 27 0.997787 8 0.002158 7 0.000056
spawn
  8 -0.619835 -0.527194 0.086883 -0.835787 -0.144412 0.529723 0.992082 0.311701 3 8 0.909540 27 0.087195 7 0.003266
  27 -0.651223 -0.548221 0.057641 -0.455970 -0.173662 0.872888 0.971111 0.309183 3 27 0.985481 8 0.013588 7 0.000931
  27 -0.618447 -0.596114 0.034973 -0.185514 -0.830397 0.525381 0.960788 0.338420 3 27 0.997787 8 0.002158 7 0.000056
spawn
  8 -0.619835 -0.527194 0.086883 -0.835787 -0.144412 0.529723 0.992082 0.311701 3 8 0.909540 27 0.087195 7 0.003266
  27 -0.618447 -0.596114 0.034973 -0.185514 -0.830397 0.525381 0.960788 0.338420 3 27 0.997787 8 0.002158 7 0.000056
  8 -0.601924 -0.568074 0.068837 0.075434 -0.681844 0.727598 0.982768 0.330195 3 8 0.609057 27 0.390696 7 0.000247
spawn
  8 -0.625806 -0.495161 0.052438 -0.461410 0.870466 -0.171435 0.990171 0.291498 3 8 0.953573 27 0.045247 7 0.001180
  27 -0.667560 -0.517485 0.043442 -0.574856 0.690180 0.439537 0.969718 0.292724 2 27 0.999999 7 0.000001
  27 -0.651223 -0.548221 0.057641 -0.455970 -0.173662 0.872888 0.971111 0.309183 3 27 0.985481 8 0.013588 7 0.000931
spawn
  8 -0.625806 -0.495161 0.052438 -0.461410 0.870466 -0.171435 0.990171 0.291498 3 8 0.953573 27 0.045247 7 0.001180
  27 -0.651223 -0.548221 0.057641 -0.455970 -0.173662 0.872888 0.971111 0.309183 3 27 0.985481 8 0.013588 7 0.000931
  8 -0.619835 -0.527194 0.086883 -0.835787 -0.144412 0.529723 0.992082 0.311701 3 8 0.909540 27 0.087195 7 0.003266
spawn
  8 -0.605277 -0.505422 0.037921 0.427854 0.538171 -0.726163 0.994920 0.280826 3 8 0.973126 27 0.026874 7 0.000000
  27 -0.649537 -0.514952 0.021537 -0.019535 0.667349 -0.744489 0.974223 0.281548 2 27 0.999997 7 0.000003
  27 -0.667560 -0.517485 0.043442 -0.574856 0.690180 0.439537 0.969718 0.292724 2 27 0.999999 7 0.000001
spawn
  8 -0.605277 -0.505422 0.037921 0.427854 0.538171 -0.726163 0.994920 0.280826 3 8 0.973126 27 0.026874 7 0.000000
  27 -0.667560 -0.517485 0.043442 -0.574856 0.690180 0.439537 0.969718 0.292724 2 27 0.999999 7 0.000001
  8 -0.625806 -0.495161 0.052438 -0.461410 0.870466 -0.171435 0.990171 0.291498 3 8 0.953573 27 0.045247 7 0.001180
spawn
  8 -0.578501 -0.552608 0.043524 0.934786 -0.052049 -0.351378 0.949749 0.996963 2 8 0.792665 27 0.207335
  27 -0.606377 -0.592641 0.013750 0.025548 -0.166205 -0.985760 0.963777 0.979107 2 27 0.984560 7 0.015440
  27 -0.649537 -0.514952 0.021537 -0.019535 0.667349 -0.744489 0.929287 0.970922 2 27 0.999997 7 0.000003
spawn
  8 -0.578501 -0.552608 0.043524 0.934786 -0.052049 -0.351378 0.949749 0.996963 2 8 0.792665 27 0.207335
  27 -0.649537 -0.514952 0.021537 -0.019535 0.667349 -0.744489 0.929287 0.970922 2 27 0.999997 7 0.000003
  8 -0.605277 -0.505422 0.037921 0.427854 0.538171 -0.726163 0.929209 0.990052 3 8 0.973126 27 0.026874 7 0.000000
spawn
  27 -0.618447 -0.596114 0.034973 -0.185514 -0.830397 0.525381 0.960788 0.338420 3 27 0.997787 8 0.002158 7 0.000056
  27 -0.586593 -0.621566 0.023649 -0.414980 -0.906288 0.080214 0.969334 0.352538 3 27 0.999380 7 0.000588 8 0.000032
  27 -0.573019 -0.627826 0.021430 0.419870 -0.892527 0.164639 0.971633 0.354294 2 27 0.999652 7 0.000348
spawn
  27 -0.618447 -0.596114 0.034973 -0.185514 -0.830397 0.525381 0.960788 0.338420 3 27 0.997787 8 0.002158 7 0.000056
  27 -0.573019 -0.627826 0.021430 0.419870 -0.892527 0.164639 0.971633 0.354294 2 27 0.999652 7 0.000348
  8 -0.601924 -0.568074 0.068837 0.075434 -0.681844 0.727598 0.982768 0.330195 3 8 0.609057 27 0.390696 7 0.000247
spawn
  27 -0.606377 -0.592641 0.013750 0.025548 -0.166205 -0.985760 0.957032 0.349008 2 27 0.984560 7 0.015440
  27 -0.591402 -0.618361 0.013245 -0.381029 -0.413280 -0.827053 0.966283 0.355182 2 27 0.983667 7 0.016333
  27 -0.586593 -0.621566 0.023649 -0.414980 -0.906288 0.080214 0.969334 0.352538 3 27 0.999380 7 0.000588 8 0.000032
spawn
  27 -0.606377 -0.592641 0.013750 0.025548 -0.166205 -0.985760 0.957032 0.349008 2 27 0.984560 7 0.015440
  27 -0.586593 -0.621566 0.023649 -0.414980 -0.906288 0.080214 0.969334 0.352538 3 27 0.999380 7 0.000588 8 0.000032
  27 -0.618447 -0.596114 0.034973 -0.185514 -0.830397 0.525381 0.960788 0.338420 3 27 0.997787 8 0.002158 7 0.000056
spawn
  27 -0.606377 -0.592641 0.013750 0.025548 -0.166205 -0.985760 0.963777 0.979107 2 27 0.984560 7 0.015440
  8 -0.578501 -0.552608 0.043524 0.934786 -0.052049 -0.351378 0.949749 0.996963 2 8 0.792665 27 0.207335
  27 -0.569874 -0.611433 0.009312 0.816983 -0.159225 -0.554244 0.976087 0.989955 2 27 0.990879 7 0.009121
spawn
  27 -0.606377 -0.592641 0.013750 0.025548 -0.166205 -0.985760 0.963777 0.979107 2 27 0.984560 7 0.015440
  27 -0.569874 -0.611433 0.009312 0.816983 -0.159225 -0.554244 0.976087 0.989955 2 27 0.990879 7 0.009121
  27 -0.591402 -0.618361 0.013245 -0.381029 -0.413280 -0.827053 0.975474 0.980855 2 27 0.983667 7 0.016333
spawn
  27 -0.639335 -0.612273 0.027973 0.307791 -0.793277 0.525334 0.948745 0.333068 2 27 0.999998 8 0.000002
  27 -0.640547 -0.603678 0.007018 0.430694 -0.376863 -0.820047 0.944082 0.340691 1 27 1.000000
  27 -0.606377 -0.592641 0.013750 0.025548 -0.166205 -0.985760 0.957032 0.349008 2 27 0.984560 7 0.015440
spawn
  27 -0.639335 -0.612273 0.027973 0.307791 -0.793277 0.525334 0.948745 0.333068 2 27 0.999998 8 0.000002
  27 -0.606377 -0.592641 0.013750 0.025548 -0.166205 -0.985760 0.957032 0.349008 2 27 0.984560 7 0.015440
  27 -0.618447 -0.596114 0.034973 -0.185514 -0.830397 0.525381 0.960788 0.338420 3 27 0.997787 8 0.002158 7 0.000056
spawn
  27 -0.639335 -0.612273 0.027973 0.307791 -0.793277 0.525334 0.948745 0.333068 2 27 0.999998 8 0.000002
  27 -0.683214 -0.644797 0.021371 -0.004668 -0.870131 0.492799 0.933418 0.322362 1 27 1.000000
  27 -0.681456 -0.644098 0.002051 0.108862 -0.749648 -0.652822 0.926784 0.326166 1 27 1.000000
spawn
  27 -0.639335 -0.612273 0.027973 0.307791 -0.793277 0.525334 0.948745 0.333068 2 27 0.999998 8 0.000002
  27 -0.681456 -0.644098 0.002051 0.108862 -0.749648 -0.652822 0.926784 0.326166 1 27 1.000000
  27 -0.640547 -0.603678 0.007018 0.430694 -0.376863 -0.820047 0.944082 0.340691 1 27 1.000000
spawn
  27 -0.676446 -0.573476 0.035637 -0.224645 -0.215785 0.950248 0.953628 0.310495 1 27 1.000000
  27 -0.719263 -0.618926 0.017555 -0.734592 -0.420726 0.532319 0.930962 0.310172 1 27 1.000000
  27 -0.683214 -0.644797 0.021371 -0.004668 -0.870131 0.492799 0.933418 0.322362 1 27 1.000000
spawn
  27 -0.676446 -0.573476 0.035637 -0.224645 -0.215785 0.950248 0.953628 0.310495 1 27 1.000000
  27 -0.683214 -0.644797 0.021371 -0.004668 -0.870131 0.492799 0.933418 0.322362 1 27 1.000000
  27 -0.639335 -0.612273 0.027973 0.307791 -0.793277 0.525334 0.948745 0.333068 2 27 0.999998 8 0.000002
spawn
  27 -0.640547 -0.603678 0.007018 0.430694 -0.376863 -0.820047 0.964630 0.964616 1 27 1.000000
  27 -0.681456 -0.644098 0.002051 0.108862 -0.749648 -0.652822 0.976087 0.944747 1 27 1.000000
  27 -0.719548 -0.620698 -0.005300 -0.644745 -0.332791 -0.688153 0.963212 0.932166 1 27 1.000000
spawn
  27 -0.640547 -0.603678 0.007018 0.430694 -0.376863 -0.820047 0.964630 0.964616 1 27 1.000000
  27 -0.719548 -0.620698 -0.005300 -0.644745 -0.332791 -0.688153 0.963212 0.932166 1 27 1.000000
  27 -0.693183 -0.529613 0.013713 -0.306208 0.729474 -0.611640 0.930549 0.952408 2 27 0.999987 7 0.000013
spawn
  27 -0.693183 -0.529613 0.013713 -0.306208 0.729474 -0.611640 0.954553 0.284421 2 27 0.999987 7 0.000013
  27 -0.720605 -0.549751 0.007610 -0.697791 0.456747 -0.551788 0.940267 0.288365 1 27 1.000000
  27 -0.718038 -0.556432 0.030621 -0.735787 0.185058 0.651437 0.944821 0.296629 1 27 1.000000
spawn
  27 -0.693183 -0.529613 0.013713 -0.306208 0.729474 -0.611640 0.954553 0.284421 2 27 0.999987 7 0.000013
  27 -0.718038 -0.556432 0.030621 -0.735787 0.185058 0.651437 0.944821 0.296629 1 27 1.000000
  27 -0.699026 -0.537915 0.033619 -0.580652 0.494445 0.646814 0.954023 0.293630 2 27 0.999998 7 0.000002
spawn
  27 -0.699026 -0.537915 0.033619 -0.580652 0.494445 0.646814 0.954023 0.293630 2 27 0.999998 7 0.000002
  27 -0.718038 -0.556432 0.030621 -0.735787 0.185058 0.651437 0.944821 0.296629 1 27 1.000000
  27 -0.719263 -0.618926 0.017555 -0.734592 -0.420726 0.532319 0.930962 0.310172 1 27 1.000000
spawn
  27 -0.699026 -0.537915 0.033619 -0.580652 0.494445 0.646814 0.954023 0.293630 2 27 0.999998 7 0.000002
  27 -0.719263 -0.618926 0.017555 -0.734592 -0.420726 0.532319 0.930962 0.310172 1 27 1.000000
  27 -0.676446 -0.573476 0.035637 -0.224645 -0.215785 0.950248 0.953628 0.310495 1 27 1.000000
spawn
  27 -0.719263 -0.618926 0.017555 -0.734592 -0.420726 0.532319 0.930962 0.310172 1 27 1.000000
  27 -0.719548 -0.620698 -0.005300 -0.644745 -0.332791 -0.688153 0.922967 0.308740 1 27 1.000000
  27 -0.681456 -0.644098 0.002051 0.108862 -0.749648 -0.652822 0.926784 0.326166 1 27 1.000000
spawn
  27 -0.719263 -0.618926 0.017555 -0.734592 -0.420726 0.532319 0.930962 0.310172 1 27 1.000000
  27 -0.681456 -0.644098 0.002051 0.108862 -0.749648 -0.652822 0.926784 0.326166 1 27 1.000000
  27 -0.683214 -0.644797 0.021371 -0.004668 -0.870131 0.492799 0.933418 0.322362 1 27 1.000000
spawn
  27 -0.719548 -0.620698 -0.005300 -0.644745 -0.332791 -0.688153 0.963212 0.932166 1 27 1.000000
  27 -0.720605 -0.549751 0.007610 -0.697791 0.456747 -0.551788 0.935541 0.939613 1 27 1.000000
  27 -0.693183 -0.529613 0.013713 -0.306208 0.729474 -0.611640 0.930549 0.952408 2 27 0.999987 7 0.000013
spawn
  27 -0.718038 -0.556432 0.030621 -0.735787 0.185058 0.651437 0.944821 0.296629 1 27 1.000000
  27 -0.720605 -0.549751 0.007610 -0.697791 0.456747 -0.551788 0.940267 0.288365 1 27 1.000000
  27 -0.719548 -0.620698 -0.005300 -0.644745 -0.332791 -0.688153 0.922967 0.308740 1 27 1.000000
spawn
  27 -0.718038 -0.556432 0.030621 -0.735787 0.185058 0.651437 0.944821 0.296629 1 27 1.000000
  27 -0.719548 -0.620698 -0.005300 -0.644745 -0.332791 -0.688153 0.922967 0.308740 1 27 1.000000
  27 -0.719263 -0.618926 0.017555 -0.734592 -0.420726 0.532319 0.930962 0.310172 1 27 1.000000
spawn
  27 -0.573019 -0.627826 0.021430 0.419870 -0.892527 0.164639 0.971633 0.354294 2 27 0.999652 7 0.000348
  27 -0.586593 -0.621566 0.023649 -0.414980 -0.906288 0.080214 0.969334 0.352538 3 27 0.999380 7 0.000588 8 0.000032
  27 -0.591402 -0.618361 0.013245 -0.381029 -0.413280 -0.827053 0.966283 0.355182 2 27 0.983667 7 0.016333
spawn
  27 -0.573019 -0.627826 0.021430 0.419870 -0.892527 0.164639 0.971633 0.354294 2 27 0.999652 7 0.000348
  27 -0.591402 -0.618361 0.013245 -0.381029 -0.413280 -0.827053 0.966283 0.355182 2 27 0.983667 7 0.016333
  27 -0.569874 -0.611433 0.009312 0.816983 -0.159225 -0.554244 0.973477 0.359678 2 27 0.990879 7 0.009121
spawn
  25 -0.572995 0.627721 0.021471 0.419109 0.891787 0.170483 0.749979 0.014941 2 25 0.999357 3 0.000643
  25 -0.569903 0.611454 0.009273 0.815692 0.161516 -0.555482 0.751801 0.009551 2 25 0.999963 3 0.000037
  25 -0.591329 0.618354 0.013320 -0.380491 0.413675 -0.827103 0.744646 0.014069 2 25 0.998002 3 0.001998
spawn
  25 -0.572995 0.627721 0.021471 0.419109 0.891787 0.170483 0.749979 0.014941 2 25 0.999357 3 0.000643
  25 -0.591329 0.618354 0.013320 -0.380491 0.413675 -0.827103 0.744646 0.014069 2 25 0.998002 3 0.001998
  25 -0.586571 0.621522 0.023536 -0.413468 0.907252 0.077063 0.747658 0.016668 2 25 1.000000 3 0.000000
spawn
  22 0.328545 0.538214 0.022243 0.868092 -0.486472 0.098800 0.674281 0.017375 3 22 0.518689 23 0.463252 11 0.018059
  22 0.309706 0.538588 0.008541 0.110645 -0.738765 -0.664818 0.677570 0.011087 3 22 0.543141 23 0.446550 11 0.010309
  22 0.316461 0.560855 0.011206 0.402159 0.359242 -0.842148 0.667953 0.014058 3 22 0.518387 23 0.481081 11 0.000532
spawn
  22 0.328545 0.538214 0.022243 0.868092 -0.486472 0.098800 0.674281 0.017375 3 22 0.518689 23 0.463252 11 0.018059
  22 0.316461 0.560855 0.011206 0.402159 0.359242 -0.842148 0.667953 0.014058 3 22 0.518387 23 0.481081 11 0.000532
  23 0.323071 0.557316 0.025220 0.913123 0.400242 0.077537 0.670977 0.018691 3 23 0.520418 22 0.479579 11 0.000003
spawn
  28 0.328545 -0.538214 0.022243 0.868095 0.486467 0.098800 0.594630 0.082196 4 28 0.514253 29 0.459425 15 0.019762 16 0.006559
  29 0.323071 -0.557316 0.025220 0.913123 -0.400244 0.077531 0.591326 0.080880 3 29 0.498421 28 0.459133 15 0.042445
  28 0.316461 -0.560855 0.011206 0.402160 -0.359242 -0.842148 0.588302 0.085514 4 28 0.476764 29 0.442553 15 0.056505 16 0.024178
spawn
  28 0.328545 -0.538214 0.022243 0.868095 0.486467 0.098800 0.594630 0.082196 4 28 0.514253 29 0.459425 15 0.019762 16 0.006559
  28 0.316461 -0.560855 0.011206 0.402160 -0.359242 -0.842148 0.588302 0.085514 4 28 0.476764 29 0.442553 15 0.056505 16 0.024178
  28 0.309706 -0.538588 0.008541 0.110653 0.738762 -0.664820 0.597919 0.088484 4 28 0.477637 29 0.392798 16 0.126777 15 0.002788
spawn
  15 0.150061 -0.480985 0.177650 -0.039556 0.896975 -0.440309 0.223823 0.098136 1 15 1.000000
  15 0.105360 -0.537216 0.186283 -0.841629 -0.158029 -0.516418 0.252598 0.098125 2 15 0.963969 14 0.036031
  15 0.058685 -0.498994 0.243910 -0.799849 -0.279897 -0.530941 0.255286 0.064111 2 15 0.632589 14 0.367411
spawn
  15 0.150061 -0.480985 0.177650 -0.039556 0.896975 -0.440309 0.223823 0.098136 1 15 1.000000
  15 0.058685 -0.498994 0.243910 -0.799849 -0.279897 -0.530941 0.255286 0.064111 2 15 0.632589 14 0.367411
  15 0.117958 -0.463562 0.231483 0.104094 0.657050 -0.746625 0.228487 0.073063 2 15 0.708393 14 0.291607
spawn
  14 0.036653 -0.482368 0.332381 -0.593438 -0.727366 0.344631 0.144798 0.043352 2 14 0.610545 15 0.389455
  15 0.070365 -0.516872 0.293762 -0.506034 -0.814157 0.284741 0.120656 0.045190 2 15 0.636054 14 0.363946
  15 0.107478 -0.515818 0.305836 0.354424 -0.642575 0.679324 0.117056 0.059967 2 15 0.664757 14 0.335243
spawn
  14 0.036653 -0.482368 0.332381 -0.593438 -0.727366 0.344631 0.144798 0.043352 2 14 0.610545 15 0.389455
  15 0.107478 -0.515818 0.305836 0.354424 -0.642575 0.679324 0.117056 0.059967 2 15 0.664757 14 0.335243
  14 0.094911 -0.472453 0.348083 0.449777 -0.521828 0.724842 0.140819 0.067145 2 14 0.599550 15 0.400450
spawn
  15 0.105360 -0.537216 0.186283 -0.841629 -0.158029 -0.516418 0.252598 0.098125 2 15 0.963969 14 0.036031
  15 0.121975 -0.559422 0.222797 -0.366690 -0.919169 0.143760 0.270647 0.097140 2 15 0.937344 14 0.062656
  15 0.070365 -0.516872 0.293762 -0.506034 -0.814157 0.284741 0.276565 0.058657 2 15 0.636054 14 0.363946
spawn
  15 0.105360 -0.537216 0.186283 -0.841629 -0.158029 -0.516418 0.252598 0.098125 2 15 0.963969 14 0.036031
  15 0.070365 -0.516872 0.293762 -0.506034 -0.814157 0.284741 0.276565 0.058657 2 15 0.636054 14 0.363946
  15 0.058685 -0.498994 0.243910 -0.799849 -0.279897 -0.530941 0.255286 0.064111 2 15 0.632589 14 0.367411
spawn
  15 0.194570 -0.511195 0.211393 0.873401 0.275455 0.401616 0.070879 0.079715 1 15 1.000000
  15 0.150061 -0.480985 0.177650 -0.039556 0.896975 -0.440309 0.070123 0.104133 1 15 1.000000
  15 0.117958 -0.463562 0.231483 0.104094 0.657050 -0.746625 0.095492 0.105682 2 15 0.708393 14 0.291607
spawn
  15 0.194570 -0.511195 0.211393 0.873401 0.275455 0.401616 0.070879 0.079715 1 15 1.000000
  15 0.117958 -0.463562 0.231483 0.104094 0.657050 -0.746625 0.095492 0.105682 2 15 0.708393 14 0.291607
  15 0.147343 -0.467800 0.271142 0.946576 0.217235 0.238334 0.106569 0.088482 2 15 0.663107 14 0.336893
spawn
  14 0.094911 -0.472453 0.348083 0.449777 -0.521828 0.724842 0.140819 0.067145 2 14 0.599550 15 0.400450
  15 0.107478 -0.515818 0.305836 0.354424 -0.642575 0.679324 0.117056 0.059967 2 15 0.664757 14 0.335243
  15 0.147343 -0.467800 0.271142 0.946576 0.217235 0.238334 0.106569 0.088482 2 15 0.663107 14 0.336893
spawn
  14 0.094911 -0.472453 0.348083 0.449777 -0.521828 0.724842 0.140819 0.067145 2 14 0.599550 15 0.400450
  15 0.147343 -0.467800 0.271142 0.946576 0.217235 0.238334 0.106569 0.088482 2 15 0.663107 14 0.336893
  14 0.134010 -0.401117 0.300889 0.995652 0.084556 -0.039084 0.135353 0.104498 2 14 0.595501 15 0.404499
spawn
  7 -0.541576 -0.480795 0.159194 0.876800 -0.480850 0.002303 0.983744 0.554719 2 7 0.600891 8 0.399109
  7 -0.550267 -0.448600 0.134981 0.666610 0.444984 -0.598014 0.968570 0.552875 2 7 0.644928 8 0.355072
  7 -0.521068 -0.403296 0.201703 0.729672 0.255220 -0.634383 0.967555 0.589447 4 7 0.661786 6 0.330283 5 0.007014 8 0.000918
spawn
  7 -0.541576 -0.480795 0.159194 0.876800 -0.480850 0.002303 0.983744 0.554719 2 7 0.600891 8 0.399109
  7 -0.521068 -0.403296 0.201703 0.729672 0.255220 -0.634383 0.967555 0.589447 4 7 0.661786 6 0.330283 5 0.007014 8 0.000918
  7 -0.514806 -0.432357 0.230061 0.768066 -0.639446 0.034401 0.984293 0.591312 4 7 0.626721 6 0.371551 5 0.001691 8 0.000037
spawn
  7 -0.550267 -0.448600 0.134981 0.666610 0.444984 -0.598014 0.968570 0.552875 2 7 0.644928 8 0.355072
  7 -0.580845 -0.415156 0.158048 -0.398183 0.772289 -0.494994 0.951765 0.561593 3 7 0.605063 8 0.388365 6 0.006572
  7 -0.551893 -0.363203 0.215375 -0.307303 0.750031 -0.585678 0.946931 0.594852 4 7 0.574410 6 0.371041 8 0.028676 5 0.025873
spawn
  7 -0.550267 -0.448600 0.134981 0.666610 0.444984 -0.598014 0.968570 0.552875 2 7 0.644928 8 0.355072
  7 -0.551893 -0.363203 0.215375 -0.307303 0.750031 -0.585678 0.946931 0.594852 4 7 0.574410 6 0.371041 8 0.028676 5 0.025873
  7 -0.521068 -0.403296 0.201703 0.729672 0.255220 -0.634383 0.967555 0.589447 4 7 0.661786 6 0.330283 5 0.007014 8 0.000918
spawn
  7 -0.580845 -0.415156 0.158048 -0.398183 0.772289 -0.494994 0.846376 0.308226 3 7 0.605063 8 0.388365 6 0.006572
  7 -0.607163 -0.461768 0.172241 -0.960175 -0.010492 0.279202 0.868204 0.310036 2 7 0.597017 8 0.402983
  7 -0.581609 -0.391349 0.245718 -0.955481 0.191536 0.224433 0.852045 0.272652 3 7 0.622503 6 0.377337 8 0.000159
spawn
  7 -0.580845 -0.415156 0.158048 -0.398183 0.772289 -0.494994 0.846376 0.308226 3 7 0.605063 8 0.388365 6 0.006572
  7 -0.581609 -0.391349 0.245718 -0.955481 0.191536 0.224433 0.852045 0.272652 3 7 0.622503 6 0.377337 8 0.000159
  7 -0.551893 -0.363203 0.215375 -0.307303 0.750031 -0.585678 0.832423 0.278404 4 7 0.574410 6 0.371041 8 0.028676 5 0.025873
spawn
  7 -0.607163 -0.461768 0.172241 -0.960175 -0.010492 0.279202 0.868204 0.310036 2 7 0.597017 8 0.402983
  7 -0.586532 -0.487070 0.187480 -0.264757 -0.758603 0.595336 0.881360 0.304886 2 7 0.626559 8 0.373441
  7 -0.552276 -0.426013 0.273333 -0.298577 -0.716459 0.630506 0.870590 0.262992 4 7 0.608533 6 0.384615 5 0.006851 8 0.000002
spawn
  7 -0.607163 -0.461768 0.172241 -0.960175 -0.010492 0.279202 0.868204 0.310036 2 7 0.597017 8 0.402983
  7 -0.552276 -0.426013 0.273333 -0.298577 -0.716459 0.630506 0.870590 0.262992 4 7 0.608533 6 0.384615 5 0.006851 8 0.000002
  7 -0.581609 -0.391349 0.245718 -0.955481 0.191536 0.224433 0.852045 0.272652 3 7 0.622503 6 0.377337 8 0.000159
spawn
  7 -0.586532 -0.487070 0.187480 -0.264757 -0.758603 0.595336 0.881360 0.304886 2 7 0.626559 8 0.373441
  7 -0.541576 -0.480795 0.159194 0.876800 -0.480850 0.002303 0.902251 0.302354 2 7 0.600891 8 0.399109
  7 -0.514806 -0.432357 0.230061 0.768066 -0.639446 0.034401 0.893014 0.267752 4 7 0.626721 6 0.371551 5 0.001691 8 0.000037
spawn
  7 -0.586532 -0.487070 0.187480 -0.264757 -0.758603 0.595336 0.881360 0.304886 2 7 0.626559 8 0.373441
  7 -0.514806 -0.432357 0.230061 0.768066 -0.639446 0.034401 0.893014 0.267752 4 7 0.626721 6 0.371551 5 0.001691 8 0.000037
  7 -0.552276 -0.426013 0.273333 -0.298577 -0.716459 0.630506 0.870590 0.262992 4 7 0.608533 6 0.384615 5 0.006851 8 0.000002
spawn
  6 -0.518918 -0.384672 0.335030 -0.139898 -0.537899 0.831320 0.000000 1.000000 3 6 0.561814 7 0.428178 5 0.010007
  6 -0.481935 -0.396858 0.273086 0.811659 -0.579711 0.071729 0.000000 1.000000 3 6 0.541145 7 0.456392 5 0.002463
  6 -0.488980 -0.365287 0.243084 0.677348 0.304008 -0.669910 0.000000 1.000000 3 6 0.510913 7 0.478238 5 0.010849
spawn
  6 -0.488980 -0.365287 0.243084 0.677348 0.304008 -0.669910 0.000000 1.000000 3 6 0.510913 7 0.478238 5 0.010849
  6 -0.526499 -0.317519 0.255097 -0.291150 0.825387 -0.483702 0.000000 1.000000 3 6 0.555200 7 0.405737 5 0.039063
  6 -0.561959 -0.358079 0.292288 -0.759225 0.414159 0.502046 0.000000 1.000000 2 6 0.551446 7 0.448554
spawn
  6 -0.488980 -0.365287 0.243084 0.677348 0.304008 -0.669910 0.000000 1.000000 3 6 0.510913 7 0.478238 5 0.010849
  6 -0.561959 -0.358079 0.292288 -0.759225 0.414159 0.502046 0.000000 1.000000 2 6 0.551446 7 0.448554
  6 -0.518918 -0.384672 0.335030 -0.139898 -0.537899 0.831320 0.000000 1.000000 3 6 0.561814 7 0.428178 5 0.010007
spawn
  3 -0.541659 0.480791 0.159170 0.882004 0.471131 -0.010245 0.938950 0.061383 2 3 0.554069 4 0.445931
  3 -0.514614 0.431887 0.230589 0.771998 0.635376 -0.017784 0.932386 0.098119 4 3 0.583511 4 0.235178 2 0.179150 1 0.002160
  3 -0.523166 0.398454 0.203242 0.675111 -0.309694 -0.669563 0.950626 0.100368 4 3 0.662257 4 0.181030 2 0.149397 1 0.007316
spawn
  3 -0.541659 0.480791 0.159170 0.882004 0.471131 -0.010245 0.938950 0.061383 2 3 0.554069 4 0.445931
  3 -0.523166 0.398454 0.203242 0.675111 -0.309694 -0.669563 0.950626 0.100368 4 3 0.662257 4 0.181030 2 0.149397 1 0.007316
  3 -0.550120 0.448566 0.134854 0.662073 -0.459171 -0.592302 0.954495 0.062178 2 3 0.681030 4 0.318970
spawn
  3 -0.550120 0.448566 0.134854 0.662073 -0.459171 -0.592302 0.954495 0.062178 2 3 0.681030 4 0.318970
  3 -0.523166 0.398454 0.203242 0.675111 -0.309694 -0.669563 0.950626 0.100368 4 3 0.662257 4 0.181030 2 0.149397 1 0.007316
  3 -0.561272 0.364792 0.219832 -0.479948 -0.718774 -0.503005 0.971246 0.107976 4 3 0.553899 2 0.273015 4 0.164702 1 0.008383
spawn
  3 -0.550120 0.448566 0.134854 0.662073 -0.459171 -0.592302 0.954495 0.062178 2 3 0.681030 4 0.318970
  3 -0.561272 0.364792 0.219832 -0.479948 -0.718774 -0.503005 0.971246 0.107976 4 3 0.553899 2 0.273015 4 0.164702 1 0.008383
  3 -0.580981 0.415056 0.157962 -0.436744 -0.776274 -0.454591 0.969912 0.073915 3 3 0.671254 4 0.320866 2 0.007880
spawn
  3 -0.580981 0.415056 0.157962 -0.436744 -0.776274 -0.454591 0.907891 0.587530 3 3 0.671254 4 0.320866 2 0.007880
  3 -0.561272 0.364792 0.219832 -0.479948 -0.718774 -0.503005 0.901677 0.555273 4 3 0.553899 2 0.273015 4 0.164702 1 0.008383
  3 -0.580745 0.404596 0.255558 -0.934853 0.013861 0.354765 0.879649 0.560716 3 3 0.568304 4 0.241818 2 0.189877
spawn
  3 -0.580981 0.415056 0.157962 -0.436744 -0.776274 -0.454591 0.907891 0.587530 3 3 0.671254 4 0.320866 2 0.007880
  3 -0.580745 0.404596 0.255558 -0.934853 0.013861 0.354765 0.879649 0.560716 3 3 0.568304 4 0.241818 2 0.189877
  3 -0.607076 0.461779 0.172242 -0.951728 0.053842 0.302185 0.889622 0.600039 2 3 0.549932 4 0.450068
spawn
  3 -0.607076 0.461779 0.172242 -0.951728 0.053842 0.302185 0.889622 0.600039 2 3 0.549932 4 0.450068
  3 -0.580745 0.404596 0.255558 -0.934853 0.013861 0.354765 0.879649 0.560716 3 3 0.568304 4 0.241818 2 0.189877
  3 -0.543523 0.428521 0.273093 -0.178963 0.787725 0.589459 0.860569 0.560531 4 3 0.568581 4 0.239331 2 0.182524 1 0.009564
spawn
  3 -0.607076 0.461779 0.172242 -0.951728 0.053842 0.302185 0.889622 0.600039 2 3 0.549932 4 0.450068
  3 -0.543523 0.428521 0.273093 -0.178963 0.787725 0.589459 0.860569 0.560531 4 3 0.568581 4 0.239331 2 0.182524 1 0.009564
  3 -0.586212 0.486552 0.187206 -0.221357 0.783920 0.580061 0.875651 0.602127 2 3 0.549768 4 0.450232
spawn
  3 -0.586212 0.486552 0.187206 -0.221357 0.783920 0.580061 0.875651 0.602127 2 3 0.549768 4 0.450232
  3 -0.543523 0.428521 0.273093 -0.178963 0.787725 0.589459 0.860569 0.560531 4 3 0.568581 4 0.239331 2 0.182524 1 0.009564
  3 -0.514614 0.431887 0.230589 0.771998 0.635376 -0.017784 0.846698 0.575875 4 3 0.583511 4 0.235178 2 0.179150 1 0.002160
spawn
  3 -0.586212 0.486552 0.187206 -0.221357 0.783920 0.580061 0.875651 0.602127 2 3 0.549768 4 0.450232
  3 -0.514614 0.431887 0.230589 0.771998 0.635376 -0.017784 0.846698 0.575875 4 3 0.583511 4 0.235178 2 0.179150 1 0.002160
  3 -0.541659 0.480791 0.159170 0.882004 0.471131 -0.010245 0.856514 0.610544 2 3 0.554069 4 0.445931
spawn
  12 0.150029 0.480780 0.177541 -0.027539 -0.906652 -0.420979 0.875787 0.430240 3 12 0.477051 11 0.473262 10 0.049686
  11 0.119194 0.464404 0.229251 0.095842 -0.694839 -0.712750 0.899788 0.425608 3 11 0.424370 10 0.362200 12 0.213430
  11 0.060934 0.498838 0.240284 -0.798953 0.250542 -0.546721 0.907834 0.399114 3 11 0.428811 10 0.350972 12 0.220218
spawn
  12 0.150029 0.480780 0.177541 -0.027539 -0.906652 -0.420979 0.875787 0.430240 3 12 0.477051 11 0.473262 10 0.049686
  11 0.060934 0.498838 0.240284 -0.798953 0.250542 -0.546721 0.907834 0.399114 3 11 0.428811 10 0.350972 12 0.220218
  12 0.104602 0.528911 0.180614 -0.837609 0.065055 -0.542383 0.875485 0.404106 3 12 0.498625 11 0.483998 10 0.017377
spawn
  10 0.035351 0.481740 0.333389 -0.590955 0.731476 0.340169 0.446595 0.205601 2 10 0.620238 11 0.379762
  10 0.096107 0.469165 0.351142 0.457601 0.517040 0.723375 0.442438 0.180560 2 10 0.641648 11 0.358352
  11 0.111316 0.515064 0.304992 0.386931 0.624558 0.678389 0.416867 0.188531 3 11 0.428412 10 0.355033 12 0.216555
spawn
  10 0.035351 0.481740 0.333389 -0.590955 0.731476 0.340169 0.446595 0.205601 2 10 0.620238 11 0.379762
  11 0.111316 0.515064 0.304992 0.386931 0.624558 0.678389 0.416867 0.188531 3 11 0.428412 10 0.355033 12 0.216555
  11 0.072119 0.519469 0.290786 -0.501924 0.821965 0.269158 0.420088 0.204555 3 11 0.425674 10 0.353747 12 0.220579
spawn
  12 0.104602 0.528911 0.180614 -0.837609 0.065055 -0.542383 0.875485 0.404106 3 12 0.498625 11 0.483998 10 0.017377
  11 0.060934 0.498838 0.240284 -0.798953 0.250542 -0.546721 0.907834 0.399114 3 11 0.428811 10 0.350972 12 0.220218
  11 0.072119 0.519469 0.290786 -0.501924 0.821965 0.269158 0.913106 0.377069 3 11 0.425674 10 0.353747 12 0.220579
spawn
  12 0.104602 0.528911 0.180614 -0.837609 0.065055 -0.542383 0.875485 0.404106 3 12 0.498625 11 0.483998 10 0.017377
  11 0.072119 0.519469 0.290786 -0.501924 0.821965 0.269158 0.913106 0.377069 3 11 0.425674 10 0.353747 12 0.220579
  11 0.121951 0.559846 0.222843 -0.374241 0.918036 0.130973 0.876135 0.382539 3 11 0.478877 12 0.476194 10 0.044929
spawn
  11 0.190985 0.504719 0.214574 0.865654 -0.325189 0.380650 0.373150 0.169378 3 11 0.479908 12 0.479308 10 0.040784
  11 0.148884 0.468433 0.269143 0.945839 -0.234573 0.224418 0.405041 0.161224 4 11 0.299252 28 0.297723 10 0.252535 12 0.150490
  11 0.119194 0.464404 0.229251 0.095842 -0.694839 -0.712750 0.393539 0.144196 3 11 0.424370 10 0.362200 12 0.213430
spawn
  11 0.190985 0.504719 0.214574 0.865654 -0.325189 0.380650 0.373150 0.169378 3 11 0.479908 12 0.479308 10 0.040784
  11 0.119194 0.464404 0.229251 0.095842 -0.694839 -0.712750 0.393539 0.144196 3 11 0.424370 10 0.362200 12 0.213430
  12 0.150029 0.480780 0.177541 -0.027539 -0.906652 -0.420979 0.369351 0.146520 3 12 0.477051 11 0.473262 10 0.049686
spawn
  10 0.096107 0.469165 0.351142 0.457601 0.517040 0.723375 0.442438 0.180560 2 10 0.641648 11 0.358352
  28 0.133990 0.397071 0.303022 0.995121 -0.092242 -0.035014 0.436265 0.143572 3 28 0.433982 10 0.349447 11 0.216571
  11 0.148884 0.468433 0.269143 0.945839 -0.234573 0.224418 0.405041 0.161224 4 11 0.299252 28 0.297723 10 0.252535 12 0.150490
spawn
  10 0.096107 0.469165 0.351142 0.457601 0.517040 0.723375 0.442438 0.180560 2 10 0.641648 11 0.358352
  11 0.148884 0.468433 0.269143 0.945839 -0.234573 0.224418 0.405041 0.161224 4 11 0.299252 28 0.297723 10 0.252535 12 0.150490
  11 0.111316 0.515064 0.304992 0.386931 0.624558 0.678389 0.416867 0.188531 3 11 0.428412 10 0.355033 12 0.216555
end
