version 1
nodes
0 "Base" -1
1 "R.hip" 0
2 "R.thigh" 1
3 "R.calve" 2
4 "R.heel" 3
5 "R.foot" 4
6 "R.thigh.001" 2
7 "Torso_bot" 0
8 "Torso_top" 7
9 "R.shoulder" 8
10 "R.bicep" 9
11 "R.forearm" 10
12 "R.hand" 11
13 "Neck" 8
14 "Head" 13
15 "L.shoulder" 8
16 "L.bicep" 15
17 "L.forearm" 16
18 "L.hand" 17
19 "Torso_bot.001" 7
20 "Torso_bot.002" 19
21 "Torso_bot.003" 19
22 "L.hip" 0
23 "L.thigh" 22
24 "L.calve" 23
25 "L.heel" 24
26 "L.foot" 25
27 "L.thigh.001" 23
28 "Base.001" 0
29 "R.armIK.000" -1
30 "L.armIK.000" -1
31 "L.LegIK.000" -1
32 "R.LegIK.000" -1
33 "UpperarmIK.L" -1
34 "UpperarmIK.R" -1
35 "KneeIK.L" -1
36 "KneeIK.R" -1
end
skeleton
  time 0
  0 0.000000 0.000000 -23.655291 1.692985 -0.000000 1.570796
  1 0.000004 28.528524 -2.793940 -0.055489 -0.132480 -1.728574
  2 0.000001 3.833359 0.000000 -0.064493 0.075566 -1.413961
  3 0.000002 13.500027 -0.000001 0.235063 -0.002610 0.046459
  4 0.000002 11.928189 0.000000 0.641331 -0.008280 -0.045790
  5 -0.000000 3.538864 0.000000 -2.328044 0.043700 -0.041268
  6 0.000002 13.500027 -0.000001 1.635290 0.000001 -0.000000
  7 0.000004 28.528524 -2.793940 -0.122189 -0.000000 -0.000000
  8 -0.000001 4.967566 0.000000 -0.000000 0.000000 -0.000000
  9 -0.000001 10.424909 0.000001 -0.000000 -0.000000 -1.799096
  10 -0.000001 5.721372 -0.000000 -0.000000 0.000000 -0.951704
  11 0.000001 8.563453 -0.000000 -0.292927 0.004800 0.044147
  12 -0.000000 7.483446 -0.000001 0.033562 -0.008824 -0.015087
  13 -0.000001 10.424909 0.000001 -0.171640 0.000000 0.000000
  14 -0.000000 3.096224 0.000001 -0.171303 0.000000 0.000000
  15 -0.000001 10.424909 0.000001 0.000000 -0.000000 1.799097
  16 0.000002 5.721373 0.000000 0.000000 -0.000000 0.951704
  17 -0.000001 8.563453 0.000000 -0.292927 -0.004800 -0.044146
  18 0.000001 7.483446 -0.000001 0.033562 0.008824 0.015087
  19 -19.309345 -3.710344 -0.015809 -1.570796 0.000000 0.000000
  20 -0.441222 2.076142 -0.519083 0.000000 0.000000 -0.000000
  21 1.559163 -0.882151 -1.028711 -3.141593 -1.570796 0.000000
  22 0.000004 28.528524 -2.793940 -0.055489 0.132480 1.728574
  23 -0.000001 3.833360 -0.000000 -0.064493 -0.075565 1.413961
  24 -0.000002 13.500030 -0.000000 0.235063 0.002610 -0.046459
  25 -0.000002 11.928188 0.000001 0.641331 0.008280 0.045790
  26 -0.000000 3.538863 -0.000000 -2.328044 -0.043700 0.041268
  27 -0.000002 13.500030 -0.000000 1.635290 -0.000001 -0.000000
  28 0.000004 28.528524 -2.793940 -2.750289 -0.000000 -0.000000
  29 -1.456767 11.863183 4.687599 0.000000 -0.000000 -1.570796
  30 -1.456770 -11.863183 4.687599 0.000000 -0.000000 -1.570796
  31 6.305526 -4.321486 -20.811897 0.000000 -0.000000 -1.570796
  32 6.305527 4.321484 -20.811897 0.000000 -0.000000 -1.570796
  33 9.525341 -8.834911 11.180841 0.000000 -0.000000 -1.570796
  34 9.525343 8.834909 11.180841 0.000000 -0.000000 -1.570796
  35 -4.407471 -3.775504 -9.069633 0.000000 -0.000000 1.570796
  36 -4.407470 3.775505 -9.069633 0.000000 -0.000000 1.570796
end
triangles
zombie
  9 0.752066 6.179780 20.473787 -0.139577 0.511369 0.847950 0.009766 0.066406 2 9 0.510118 10 0.489882
  9 -1.281527 5.538696 19.376539 -0.816325 0.326198 0.476664 0.021484 0.105469 3 9 0.741734 10 0.241312 8 0.016954
  15 -0.708427 0.000000 20.691965 -0.916774 0.000000 0.399407 0.123047 0.089844 3 15 0.337117 9 0.336427 8 0.326456
zombie
  9 0.752066 6.179780 20.473787 -0.139577 0.511369 0.847950 0.009766 0.066406 2 9 0.510118 10 0.489882
  15 -0.708427 0.000000 20.691965 -0.916774 0.000000 0.399407 0.123047 0.089844 3 15 0.337117 9 0.336427 8 0.326456
  9 0.547955 1.437783 21.303694 -0.394794 0.529712 0.750694 0.095703 0.050781 4 9 0.721925 13 0.160048 15 0.068141 8 0.049886
zombie
  15 -0.708427 0.000000 20.691965 -0.916774 0.000000 0.399407 0.123047 0.089844 3 15 0.337117 9 0.336427 8 0.326456
  9 -1.281527 5.538696 19.376539 -0.816325 0.326198 0.476664 0.021484 0.105469 3 9 0.741734 10 0.241312 8 0.016954
  10 -1.657493 5.155478 17.396719 -0.841037 0.513352 -0.170662 0.033203 0.183594 3 10 0.689531 9 0.167693 8 0.142775
zombie
  10 -1.657493 5.155478 17.396719 -0.841037 0.513352 -0.170662 0.033203 0.183594 3 10 0.689531 9 0.167693 8 0.142775
  10 0.079976 5.282606 16.668756 -0.201235 0.353189 -0.913653 0.013672 0.207031 3 10 0.909551 8 0.065607 9 0.024843
  8 -3.089999 3.058867 15.470984 -0.775143 0.511883 -0.370309 0.072266 0.253906 3 8 0.755144 10 0.194467 9 0.050389
zombie
  10 -1.657493 5.155478 17.396719 -0.841037 0.513352 -0.170662 0.033203 0.183594 3 10 0.689531 9 0.167693 8 0.142775
  8 -3.089999 3.058867 15.470984 -0.775143 0.511883 -0.370309 0.072266 0.253906 3 8 0.755144 10 0.194467 9 0.050389
  8 -3.606235 2.911529 16.148893 -0.934660 0.345124 -0.085437 0.076172 0.230469 4 8 0.718832 10 0.194583 9 0.068697 15 0.017888
zombie
  10 -1.657493 5.155478 17.396719 -0.841037 0.513352 -0.170662 0.033203 0.183594 3 10 0.689531 9 0.167693 8 0.142775
  8 -3.606235 2.911529 16.148893 -0.934660 0.345124 -0.085437 0.076172 0.230469 4 8 0.718832 10 0.194583 9 0.068697 15 0.017888
  15 -0.708427 0.000000 20.691965 -0.916774 0.000000 0.399407 0.123047 0.089844 3 15 0.337117 9 0.336427 8 0.326456
zombie
  8 -3.089999 3.058867 15.470984 -0.775143 0.511883 -0.370309 0.072266 0.253906 3 8 0.755144 10 0.194467 9 0.050389
  10 0.079976 5.282606 16.668756 -0.201235 0.353189 -0.913653 0.013672 0.207031 3 10 0.909551 8 0.065607 9 0.024843
  8 -1.413255 4.163640 11.404459 -0.359245 0.651867 -0.667842 0.013672 0.394531 4 8 0.813861 7 0.090480 10 0.085128 1 0.010532
zombie
  8 -1.413255 4.163640 11.404459 -0.359245 0.651867 -0.667842 0.013672 0.394531 4 8 0.813861 7 0.090480 10 0.085128 1 0.010532
  8 -3.322337 0.000000 13.099257 -0.919220 0.000021 -0.393744 0.123047 0.339844 4 8 0.905652 7 0.054947 10 0.019724 16 0.019677
  8 -3.089999 3.058867 15.470984 -0.775143 0.511883 -0.370309 0.072266 0.253906 3 8 0.755144 10 0.194467 9 0.050389
zombie
  9 0.752066 6.179780 20.473787 -0.139577 0.511369 0.847950 0.009766 0.066406 2 9 0.510118 10 0.489882
  9 0.547955 1.437783 21.303694 -0.394794 0.529712 0.750694 0.095703 0.050781 4 9 0.721925 13 0.160048 15 0.068141 8 0.049886
  13 1.851752 -0.000000 22.032446 0.565946 -0.000000 0.824443 0.123047 0.003906 3 13 0.775007 15 0.114911 9 0.110082
zombie
  13 1.851752 -0.000000 22.032446 0.565946 -0.000000 0.824443 0.341797 0.003906 3 13 0.775007 15 0.114911 9 0.110082
  9 3.826386 4.264771 20.563730 0.701389 0.324340 0.634710 0.423828 0.074219 3 9 0.746135 10 0.138665 13 0.115199
  9 0.752066 6.179780 20.473787 -0.139577 0.511369 0.847950 0.458984 0.066406 2 9 0.510118 10 0.489882
zombie
  8 -1.413255 4.163640 11.404459 -0.359245 0.651867 -0.667842 0.455078 0.394531 4 8 0.813861 7 0.090480 10 0.085128 1 0.010532
  10 0.079976 5.282606 16.668756 -0.201235 0.353189 -0.913653 0.455078 0.207031 3 10 0.909551 8 0.065607 9 0.024843
  8 1.857230 3.471365 12.533449 0.578036 0.499586 -0.645204 0.404297 0.363281 4 8 0.834308 10 0.117667 9 0.033396 7 0.014629
zombie
  10 0.079976 5.282606 16.668756 -0.201235 0.353189 -0.913653 0.455078 0.207031 3 10 0.909551 8 0.065607 9 0.024843
  9 4.348409 4.084029 18.058924 0.919983 0.355416 -0.165259 0.423828 0.167969 4 9 0.741699 10 0.165586 8 0.091099 13 0.001615
  8 1.857230 3.471365 12.533449 0.578036 0.499586 -0.645204 0.404297 0.363281 4 8 0.834308 10 0.117667 9 0.033396 7 0.014629
zombie
  8 1.857230 3.471365 12.533449 0.578036 0.499586 -0.645204 0.404297 0.363281 4 8 0.834308 10 0.117667 9 0.033396 7 0.014629
  9 4.348409 4.084029 18.058924 0.919983 0.355416 -0.165259 0.423828 0.167969 4 9 0.741699 10 0.165586 8 0.091099 13 0.001615
  8 3.153236 -0.000000 13.334940 0.863370 -0.000386 -0.504571 0.341797 0.332031 3 8 0.990416 9 0.005077 15 0.004507
zombie
  8 -1.413256 -4.163640 11.404459 -0.355033 -0.650924 -0.671006 0.228516 0.394531 4 8 0.818878 7 0.088062 16 0.085745 22 0.007315
  8 -3.089999 -3.058867 15.470984 -0.775144 -0.511883 -0.370309 0.173828 0.253906 3 8 0.755322 16 0.194445 15 0.050233
  8 -3.322337 0.000000 13.099257 -0.919220 0.000021 -0.393744 0.123047 0.339844 4 8 0.905652 7 0.054947 10 0.019724 16 0.019677
zombie
  8 -3.322337 0.000000 13.099257 -0.919220 0.000021 -0.393744 0.123047 0.339844 4 8 0.905652 7 0.054947 10 0.019724 16 0.019677
  8 -3.089999 -3.058867 15.470984 -0.775144 -0.511883 -0.370309 0.173828 0.253906 3 8 0.755322 16 0.194445 15 0.050233
  8 -3.089999 3.058867 15.470984 -0.775143 0.511883 -0.370309 0.072266 0.253906 3 8 0.755144 10 0.194467 9 0.050389
zombie
  8 -3.089999 3.058867 15.470984 -0.775143 0.511883 -0.370309 0.072266 0.253906 3 8 0.755144 10 0.194467 9 0.050389
  8 -3.089999 -3.058867 15.470984 -0.775144 -0.511883 -0.370309 0.173828 0.253906 3 8 0.755322 16 0.194445 15 0.050233
  8 -3.606236 -2.911528 16.148893 -0.934660 -0.345124 -0.085437 0.169922 0.230469 4 8 0.721443 16 0.193142 15 0.068191 9 0.017224
zombie
  8 -3.089999 3.058867 15.470984 -0.775143 0.511883 -0.370309 0.072266 0.253906 3 8 0.755144 10 0.194467 9 0.050389
  8 -3.606236 -2.911528 16.148893 -0.934660 -0.345124 -0.085437 0.169922 0.230469 4 8 0.721443 16 0.193142 15 0.068191 9 0.017224
  8 -3.606235 2.911529 16.148893 -0.934660 0.345124 -0.085437 0.076172 0.230469 4 8 0.718832 10 0.194583 9 0.068697 15 0.017888
zombie
  8 -3.606235 2.911529 16.148893 -0.934660 0.345124 -0.085437 0.076172 0.230469 4 8 0.718832 10 0.194583 9 0.068697 15 0.017888
  8 -3.606236 -2.911528 16.148893 -0.934660 -0.345124 -0.085437 0.169922 0.230469 4 8 0.721443 16 0.193142 15 0.068191 9 0.017224
  15 -0.708427 0.000000 20.691965 -0.916774 0.000000 0.399407 0.123047 0.089844 3 15 0.337117 9 0.336427 8 0.326456
zombie
  8 3.153236 -0.000000 13.334940 0.863370 -0.000386 -0.504571 0.341797 0.332031 3 8 0.990416 9 0.005077 15 0.004507
  9 4.348409 4.084029 18.058924 0.919983 0.355416 -0.165259 0.423828 0.167969 4 9 0.741699 10 0.165586 8 0.091099 13 0.001615
  15 4.348408 -4.084030 18.058920 0.919983 -0.355416 -0.165258 0.263672 0.167969 4 15 0.736398 16 0.169289 8 0.093727 13 0.000585
zombie
  9 3.826386 4.264771 20.563730 0.701389 0.324340 0.634710 0.423828 0.074219 3 9 0.746135 10 0.138665 13 0.115199
  13 1.851752 -0.000000 22.032446 0.565946 -0.000000 0.824443 0.341797 0.003906 3 13 0.775007 15 0.114911 9 0.110082
  15 3.826385 -4.264772 20.563726 0.701378 -0.324348 0.634718 0.263672 0.074219 3 15 0.757845 16 0.132701 13 0.109453
zombie
  9 4.348409 4.084029 18.058924 0.919983 0.355416 -0.165259 0.423828 0.167969 4 9 0.741699 10 0.165586 8 0.091099 13 0.001615
  15 3.826385 -4.264772 20.563726 0.701378 -0.324348 0.634718 0.263672 0.074219 3 15 0.757845 16 0.132701 13 0.109453
  15 4.348408 -4.084030 18.058920 0.919983 -0.355416 -0.165258 0.263672 0.167969 4 15 0.736398 16 0.169289 8 0.093727 13 0.000585
zombie
  8 -0.741414 -2.916550 11.277662 -0.038979 -0.519419 -0.853630 0.142578 0.644531 4 8 0.752950 7 0.153121 22 0.053132 16 0.040796
  8 -2.638535 0.000000 12.232492 -0.799041 -0.001452 -0.601274 0.095703 0.613281 2 8 0.897908 7 0.102092
  8 -2.692649 0.000001 11.129057 -0.991787 -0.004827 0.127812 0.095703 0.652344 4 8 0.786511 7 0.189977 1 0.012154 22 0.011358
zombie
  8 -0.741414 -2.916550 11.277662 -0.038979 -0.519419 -0.853630 0.142578 0.644531 4 8 0.752950 7 0.153121 22 0.053132 16 0.040796
  8 -2.692649 0.000001 11.129057 -0.991787 -0.004827 0.127812 0.095703 0.652344 4 8 0.786511 7 0.189977 1 0.012154 22 0.011358
  7 -0.770787 -2.634724 9.596426 -0.025246 -0.999384 0.024395 0.142578 0.714844 4 7 0.494842 8 0.319354 22 0.182026 23 0.003779
zombie
  7 -3.658933 0.000001 8.827272 -0.981974 -0.001781 0.189008 0.095703 0.738281 4 7 0.584475 8 0.228132 1 0.094552 22 0.092842
  7 -0.770787 -2.634724 9.596426 -0.025246 -0.999384 0.024395 0.142578 0.714844 4 7 0.494842 8 0.319354 22 0.182026 23 0.003779
  8 -2.692649 0.000001 11.129057 -0.991787 -0.004827 0.127812 0.095703 0.652344 4 8 0.786511 7 0.189977 1 0.012154 22 0.011358
zombie
  7 -3.658933 0.000001 8.827272 -0.981974 -0.001781 0.189008 0.095703 0.738281 4 7 0.584475 8 0.228132 1 0.094552 22 0.092842
  22 -0.528560 -2.741808 7.811020 -0.049469 -0.428474 0.902199 0.142578 0.777344 4 22 0.605451 7 0.203666 8 0.098381 23 0.092501
  7 -0.770787 -2.634724 9.596426 -0.025246 -0.999384 0.024395 0.142578 0.714844 4 7 0.494842 8 0.319354 22 0.182026 23 0.003779
zombie
  7 -0.756418 2.695908 9.596426 -0.020579 0.999680 0.014738 0.048828 0.714844 4 7 0.489941 8 0.321810 1 0.184431 2 0.003818
  7 -3.658933 0.000001 8.827272 -0.981974 -0.001781 0.189008 0.095703 0.738281 4 7 0.584475 8 0.228132 1 0.094552 22 0.092842
  8 -2.692649 0.000001 11.129057 -0.991787 -0.004827 0.127812 0.095703 0.652344 4 8 0.786511 7 0.189977 1 0.012154 22 0.011358
zombie
  7 -3.658933 0.000001 8.827272 -0.981974 -0.001781 0.189008 0.095703 0.738281 4 7 0.584475 8 0.228132 1 0.094552 22 0.092842
  1 -0.528559 2.741810 7.811020 -0.049224 0.435280 0.898949 0.048828 0.777344 4 1 0.605666 7 0.202492 8 0.100245 2 0.091597
  7 -3.886868 0.000001 6.327740 -0.998305 0.000000 0.058206 0.095703 0.832031 4 7 0.533969 1 0.199849 22 0.197318 8 0.068864
zombie
  8 -0.741414 2.977735 11.277662 -0.035843 0.519913 -0.853467 0.048828 0.644531 4 8 0.748034 7 0.154228 1 0.054808 10 0.042930
  7 -0.756418 2.695908 9.596426 -0.020579 0.999680 0.014738 0.048828 0.714844 4 7 0.489941 8 0.321810 1 0.184431 2 0.003818
  8 -2.692649 0.000001 11.129057 -0.991787 -0.004827 0.127812 0.095703 0.652344 4 8 0.786511 7 0.189977 1 0.012154 22 0.011358
zombie
  8 -0.741414 2.977735 11.277662 -0.035843 0.519913 -0.853467 0.048828 0.644531 4 8 0.748034 7 0.154228 1 0.054808 10 0.042930
  8 -2.692649 0.000001 11.129057 -0.991787 -0.004827 0.127812 0.095703 0.652344 4 8 0.786511 7 0.189977 1 0.012154 22 0.011358
  8 -2.638535 0.000000 12.232492 -0.799041 -0.001452 -0.601274 0.095703 0.613281 2 8 0.897908 7 0.102092
zombie
  8 -1.413255 4.163640 11.404459 -0.359245 0.651867 -0.667842 0.013672 0.394531 4 8 0.813861 7 0.090480 10 0.085128 1 0.010532
  8 -0.741414 2.977735 11.277662 -0.035843 0.519913 -0.853467 0.072266 0.402344 4 8 0.748034 7 0.154228 1 0.054808 10 0.042930
  8 -2.638535 0.000000 12.232492 -0.799041 -0.001452 -0.601274 0.123047 0.371094 2 8 0.897908 7 0.102092
zombie
  8 -1.413255 4.163640 11.404459 -0.359245 0.651867 -0.667842 0.013672 0.394531 4 8 0.813861 7 0.090480 10 0.085128 1 0.010532
  8 -2.638535 0.000000 12.232492 -0.799041 -0.001452 -0.601274 0.123047 0.371094 2 8 0.897908 7 0.102092
  8 -3.322337 0.000000 13.099257 -0.919220 0.000021 -0.393744 0.123047 0.339844 4 8 0.905652 7 0.054947 10 0.019724 16 0.019677
zombie
  8 -1.413256 -4.163640 11.404459 -0.355033 -0.650924 -0.671006 0.228516 0.394531 4 8 0.818878 7 0.088062 16 0.085745 22 0.007315
  8 -3.322337 0.000000 13.099257 -0.919220 0.000021 -0.393744 0.123047 0.339844 4 8 0.905652 7 0.054947 10 0.019724 16 0.019677
  8 -2.638535 0.000000 12.232492 -0.799041 -0.001452 -0.601274 0.123047 0.371094 2 8 0.897908 7 0.102092
zombie
  8 -1.413256 -4.163640 11.404459 -0.355033 -0.650924 -0.671006 0.228516 0.394531 4 8 0.818878 7 0.088062 16 0.085745 22 0.007315
  8 -2.638535 0.000000 12.232492 -0.799041 -0.001452 -0.601274 0.123047 0.371094 2 8 0.897908 7 0.102092
  8 -0.741414 -2.916550 11.277662 -0.038979 -0.519419 -0.853630 0.169922 0.402344 4 8 0.752950 7 0.153121 22 0.053132 16 0.040796
zombie
  8 1.857229 -3.471365 12.533449 0.577780 -0.499831 -0.645244 0.275391 0.363281 4 8 0.835900 16 0.118101 15 0.032809 7 0.013191
  8 -1.413256 -4.163640 11.404459 -0.355033 -0.650924 -0.671006 0.228516 0.394531 4 8 0.818878 7 0.088062 16 0.085745 22 0.007315
  8 -0.741414 -2.916550 11.277662 -0.038979 -0.519419 -0.853630 0.287109 0.394531 4 8 0.752950 7 0.153121 22 0.053132 16 0.040796
zombie
  8 3.153236 -0.000000 13.334940 0.863370 -0.000386 -0.504571 0.341797 0.332031 3 8 0.990416 9 0.005077 15 0.004507
  8 1.857229 -3.471365 12.533449 0.577780 -0.499831 -0.645244 0.275391 0.363281 4 8 0.835900 16 0.118101 15 0.032809 7 0.013191
  8 -0.741414 -2.916550 11.277662 -0.038979 -0.519419 -0.853630 0.287109 0.394531 4 8 0.752950 7 0.153121 22 0.053132 16 0.040796
zombie
  8 1.857230 3.471365 12.533449 0.578036 0.499586 -0.645204 0.404297 0.363281 4 8 0.834308 10 0.117667 9 0.033396 7 0.014629
  8 -0.741414 2.977735 11.277662 -0.035843 0.519913 -0.853467 0.396484 0.394531 4 8 0.748034 7 0.154228 1 0.054808 10 0.042930
  8 -1.413255 4.163640 11.404459 -0.359245 0.651867 -0.667842 0.455078 0.394531 4 8 0.813861 7 0.090480 10 0.085128 1 0.010532
zombie
  8 3.153236 -0.000000 13.334940 0.863370 -0.000386 -0.504571 0.341797 0.332031 3 8 0.990416 9 0.005077 15 0.004507
  8 -0.741414 2.977735 11.277662 -0.035843 0.519913 -0.853467 0.396484 0.394531 4 8 0.748034 7 0.154228 1 0.054808 10 0.042930
  8 1.857230 3.471365 12.533449 0.578036 0.499586 -0.645204 0.404297 0.363281 4 8 0.834308 10 0.117667 9 0.033396 7 0.014629
zombie
  8 1.517919 0.000000 10.254755 0.983873 -0.005293 -0.178791 0.271484 0.675781 1 8 1.000000
  8 -0.741414 2.977735 11.277662 -0.035843 0.519913 -0.853467 0.322266 0.628906 4 8 0.748034 7 0.154228 1 0.054808 10 0.042930
  8 3.153236 -0.000000 13.334940 0.863370 -0.000386 -0.504571 0.271484 0.558594 3 8 0.990416 9 0.005077 15 0.004507
zombie
  8 -0.741414 -2.916550 11.277662 -0.038979 -0.519419 -0.853630 0.224609 0.628906 4 8 0.752950 7 0.153121 22 0.053132 16 0.040796
  8 1.517919 0.000000 10.254755 0.983873 -0.005293 -0.178791 0.271484 0.675781 1 8 1.000000
  8 3.153236 -0.000000 13.334940 0.863370 -0.000386 -0.504571 0.271484 0.558594 3 8 0.990416 9 0.005077 15 0.004507
zombie
  8 1.517919 0.000000 10.254755 0.983873 -0.005293 -0.178791 0.271484 0.675781 1 8 1.000000
  7 -0.770787 -2.634724 9.596426 -0.025246 -0.999384 0.024395 0.224609 0.691406 4 7 0.494842 8 0.319354 22 0.182026 23 0.003779
  22 -0.528560 -2.741808 7.811020 -0.049469 -0.428474 0.902199 0.220703 0.761719 4 22 0.605451 7 0.203666 8 0.098381 23 0.092501
zombie
  8 1.517919 0.000000 10.254755 0.983873 -0.005293 -0.178791 0.271484 0.675781 1 8 1.000000
  22 -0.528560 -2.741808 7.811020 -0.049469 -0.428474 0.902199 0.220703 0.761719 4 22 0.605451 7 0.203666 8 0.098381 23 0.092501
  7 1.953167 0.000000 7.241230 0.810414 -0.001019 0.585857 0.271484 0.785156 4 7 0.870239 22 0.044802 1 0.044784 8 0.040176
zombie
  8 1.517919 0.000000 10.254755 0.983873 -0.005293 -0.178791 0.271484 0.675781 1 8 1.000000
  7 1.953167 0.000000 7.241230 0.810414 -0.001019 0.585857 0.271484 0.785156 4 7 0.870239 22 0.044802 1 0.044784 8 0.040176
  1 -0.528559 2.741810 7.811020 -0.049224 0.435280 0.898949 0.322266 0.761719 4 1 0.605666 7 0.202492 8 0.100245 2 0.091597
zombie
  8 1.517919 0.000000 10.254755 0.983873 -0.005293 -0.178791 0.271484 0.675781 1 8 1.000000
  1 -0.528559 2.741810 7.811020 -0.049224 0.435280 0.898949 0.322266 0.761719 4 1 0.605666 7 0.202492 8 0.100245 2 0.091597
  7 -0.756418 2.695908 9.596426 -0.020579 0.999680 0.014738 0.322266 0.691406 4 7 0.489941 8 0.321810 1 0.184431 2 0.003818
zombie
  14 2.453469 -0.975000 25.220133 0.849777 -0.505135 -0.150727 0.646484 0.816406 2 14 0.854888 13 0.145112
  14 1.930856 -0.975001 27.496897 0.768418 -0.473257 0.430769 0.634766 0.746094 2 14 0.970768 13 0.029232
  14 -0.569084 -2.228239 26.862120 0.028336 -0.992281 0.120732 0.591797 0.769531 2 14 0.996380 13 0.003620
zombie
  14 2.453469 -0.975000 25.220133 0.849777 -0.505135 -0.150727 0.646484 0.816406 2 14 0.854888 13 0.145112
  14 -0.569084 -2.228239 26.862120 0.028336 -0.992281 0.120732 0.591797 0.769531 2 14 0.996380 13 0.003620
  14 -0.273967 -2.028852 23.895521 0.126235 -0.934872 -0.331781 0.595703 0.871094 2 14 0.828379 13 0.171621
zombie
  14 -1.338973 0.000000 22.557093 -0.205057 0.001137 -0.978749 0.447266 0.925781 4 14 0.808311 13 0.128012 9 0.032425 15 0.031251
  13 0.068905 1.437784 22.874304 0.094926 0.962108 -0.255613 0.419922 0.902344 3 13 0.647981 14 0.260578 9 0.091441
  9 0.547955 1.437783 21.303694 -0.394794 0.529712 0.750694 0.412109 0.949219 4 9 0.721925 13 0.160048 15 0.068141 8 0.049886
zombie
  14 -1.338973 0.000000 22.557093 -0.205057 0.001137 -0.978749 0.447266 0.925781 4 14 0.808311 13 0.128012 9 0.032425 15 0.031251
  9 0.547955 1.437783 21.303694 -0.394794 0.529712 0.750694 0.412109 0.949219 4 9 0.721925 13 0.160048 15 0.068141 8 0.049886
  15 -0.708427 0.000000 20.691965 -0.916774 0.000000 0.399407 0.435547 0.980469 3 15 0.337117 9 0.336427 8 0.326456
zombie
  14 -0.273967 2.028852 23.895521 0.132557 0.935356 -0.327931 0.427734 0.871094 2 14 0.836084 13 0.163916
  14 -2.854646 1.028267 22.258207 -0.445088 0.501215 -0.742078 0.490234 0.925781 2 14 0.933746 13 0.066254
  14 -0.569084 2.228240 26.862120 0.034600 0.989697 0.138931 0.435547 0.769531 2 14 0.997416 13 0.002584
zombie
  14 -3.849850 0.000000 26.247942 -0.996193 0.001642 0.087155 0.513672 0.785156 1 14 1.000000
  14 -3.181474 -1.416968 26.268930 -0.661865 -0.749054 0.029198 0.544922 0.785156 1 14 1.000000
  14 -2.823925 -1.208195 28.170832 -0.576555 -0.496750 0.648709 0.537109 0.714844 1 14 1.000000
zombie
  14 -2.852310 -1.028267 22.252474 -0.443527 -0.500061 -0.743789 0.537109 0.925781 2 14 0.932715 13 0.067285
  14 -3.181474 -1.416968 26.268930 -0.661865 -0.749054 0.029198 0.544922 0.785156 1 14 1.000000
  14 -3.849850 0.000000 26.247942 -0.996193 0.001642 0.087155 0.513672 0.785156 1 14 1.000000
zombie
  14 -0.273967 2.028852 23.895521 0.132557 0.935356 -0.327931 0.427734 0.871094 2 14 0.836084 13 0.163916
  14 -0.569084 2.228240 26.862120 0.034600 0.989697 0.138931 0.435547 0.769531 2 14 0.997416 13 0.002584
  14 1.930857 0.898574 27.496897 0.772240 0.464870 0.433060 0.388672 0.746094 2 14 0.967862 13 0.032138
zombie
  14 -0.273967 2.028852 23.895521 0.132557 0.935356 -0.327931 0.427734 0.871094 2 14 0.836084 13 0.163916
  14 1.930857 0.898574 27.496897 0.772240 0.464870 0.433060 0.388672 0.746094 2 14 0.967862 13 0.032138
  14 2.453469 0.898575 25.220133 0.856040 0.495627 -0.146794 0.376953 0.816406 2 14 0.846567 13 0.153433
zombie
  14 -3.849850 0.000000 26.247942 -0.996193 0.001642 0.087155 0.513672 0.785156 1 14 1.000000
  14 -3.181473 1.416968 26.268930 -0.660237 0.749858 0.042436 0.482422 0.785156 1 14 1.000000
  14 -2.854646 1.028267 22.258207 -0.445088 0.501215 -0.742078 0.490234 0.925781 2 14 0.933746 13 0.066254
zombie
  14 1.930857 0.898574 27.496897 0.772240 0.464870 0.433060 0.388672 0.746094 2 14 0.967862 13 0.032138
  14 -0.569084 2.228240 26.862120 0.034600 0.989697 0.138931 0.435547 0.769531 2 14 0.997416 13 0.002584
  14 0.102191 1.425066 28.862535 0.205690 0.543074 0.814102 0.423828 0.699219 1 14 1.000000
zombie
  14 -0.569084 -2.228239 26.862120 0.028336 -0.992281 0.120732 0.591797 0.769531 2 14 0.996380 13 0.003620
  14 1.930856 -0.975001 27.496897 0.768418 -0.473257 0.430769 0.634766 0.746094 2 14 0.970768 13 0.029232
  14 0.102191 -1.510350 28.855833 0.204708 -0.557469 0.804564 0.607422 0.699219 1 14 1.000000
zombie
  14 -0.569084 -2.228239 26.862120 0.028336 -0.992281 0.120732 0.591797 0.769531 2 14 0.996380 13 0.003620
  14 -2.823925 -1.208195 28.170832 -0.576555 -0.496750 0.648709 0.537109 0.714844 1 14 1.000000
  14 -3.181474 -1.416968 26.268930 -0.661865 -0.749054 0.029198 0.544922 0.785156 1 14 1.000000
zombie
  14 -0.569084 -2.228239 26.862120 0.028336 -0.992281 0.120732 0.591797 0.769531 2 14 0.996380 13 0.003620
  14 0.102191 -1.510350 28.855833 0.204708 -0.557469 0.804564 0.607422 0.699219 1 14 1.000000
  14 -2.823925 -1.208195 28.170832 -0.576555 -0.496750 0.648709 0.537109 0.714844 1 14 1.000000
zombie
  14 -3.849850 0.000000 26.247942 -0.996193 0.001642 0.087155 0.513672 0.785156 1 14 1.000000
  14 -2.854646 1.028267 22.258207 -0.445088 0.501215 -0.742078 0.490234 0.925781 2 14 0.933746 13 0.066254
  14 -2.852310 -1.028267 22.252474 -0.443527 -0.500061 -0.743789 0.537109 0.925781 2 14 0.932715 13 0.067285
zombie
  14 -3.181473 1.416968 26.268930 -0.660237 0.749858 0.042436 0.482422 0.785156 1 14 1.000000
  14 -3.849850 0.000000 26.247942 -0.996193 0.001642 0.087155 0.513672 0.785156 1 14 1.000000
  14 -2.823924 1.122910 28.176344 -0.576249 0.479465 0.661853 0.490234 0.714844 1 14 1.000000
zombie
  14 1.930856 -0.975001 27.496897 0.768418 -0.473257 0.430769 0.646484 0.746094 2 14 0.970768 13 0.029232
  14 0.102191 1.425066 28.862535 0.205690 0.543074 0.814102 0.693359 0.691406 1 14 1.000000
  14 0.102191 -1.510350 28.855833 0.204708 -0.557469 0.804564 0.634766 0.691406 1 14 1.000000
zombie
  14 -3.849850 0.000000 26.247942 -0.996193 0.001642 0.087155 0.513672 0.785156 1 14 1.000000
  14 -2.823925 -1.208195 28.170832 -0.576555 -0.496750 0.648709 0.537109 0.714844 1 14 1.000000
  14 -2.823924 1.122910 28.176344 -0.576249 0.479465 0.661853 0.490234 0.714844 1 14 1.000000
zombie
  14 -2.823924 1.122910 28.176344 -0.576249 0.479465 0.661853 0.490234 0.714844 1 14 1.000000
  14 0.102191 -1.510350 28.855833 0.204708 -0.557469 0.804564 0.544922 0.613281 1 14 1.000000
  14 0.102191 1.425066 28.862535 0.205690 0.543074 0.814102 0.478516 0.613281 1 14 1.000000
zombie
  14 -0.569084 2.228240 26.862120 0.034600 0.989697 0.138931 0.435547 0.769531 2 14 0.997416 13 0.002584
  14 -3.181473 1.416968 26.268930 -0.660237 0.749858 0.042436 0.482422 0.785156 1 14 1.000000
  14 -2.823924 1.122910 28.176344 -0.576249 0.479465 0.661853 0.490234 0.714844 1 14 1.000000
zombie
  14 -0.569084 2.228240 26.862120 0.034600 0.989697 0.138931 0.435547 0.769531 2 14 0.997416 13 0.002584
  14 -2.823924 1.122910 28.176344 -0.576249 0.479465 0.661853 0.490234 0.714844 1 14 1.000000
  14 0.102191 1.425066 28.862535 0.205690 0.543074 0.814102 0.423828 0.699219 1 14 1.000000
zombie
  14 -0.273967 2.028852 23.895521 0.132557 0.935356 -0.327931 0.427734 0.871094 2 14 0.836084 13 0.163916
  14 2.453469 0.898575 25.220133 0.856040 0.495627 -0.146794 0.376953 0.816406 2 14 0.846567 13 0.153433
  13 1.323334 -0.000000 23.017138 0.985870 0.003191 -0.167480 0.400391 0.894531 2 13 0.924515 14 0.075485
zombie
  14 2.453469 -0.975000 25.220133 0.849777 -0.505135 -0.150727 0.646484 0.816406 2 14 0.854888 13 0.145112
  14 -0.273967 -2.028852 23.895521 0.126235 -0.934872 -0.331781 0.595703 0.871094 2 14 0.828379 13 0.171621
  13 1.323334 -0.000000 23.017138 0.985870 0.003191 -0.167480 0.623047 0.894531 2 13 0.924515 14 0.075485
zombie
  13 1.323334 -0.000000 23.017138 0.985870 0.003191 -0.167480 0.400391 0.894531 2 13 0.924515 14 0.075485
  13 1.851752 -0.000000 22.032446 0.565946 -0.000000 0.824443 0.388672 0.925781 3 13 0.775007 15 0.114911 9 0.110082
  9 0.547955 1.437783 21.303694 -0.394794 0.529712 0.750694 0.412109 0.949219 4 9 0.721925 13 0.160048 15 0.068141 8 0.049886
zombie
  13 1.323334 -0.000000 23.017138 0.985870 0.003191 -0.167480 0.400391 0.894531 2 13 0.924515 14 0.075485
  9 0.547955 1.437783 21.303694 -0.394794 0.529712 0.750694 0.412109 0.949219 4 9 0.721925 13 0.160048 15 0.068141 8 0.049886
  13 0.068905 1.437784 22.874304 0.094926 0.962108 -0.255613 0.419922 0.902344 3 13 0.647981 14 0.260578 9 0.091441
zombie
  13 1.851752 -0.000000 22.032446 0.565946 -0.000000 0.824443 0.634766 0.925781 3 13 0.775007 15 0.114911 9 0.110082
  13 1.323334 -0.000000 23.017138 0.985870 0.003191 -0.167480 0.623047 0.894531 2 13 0.924515 14 0.075485
  13 0.068904 -1.437784 22.874304 0.094925 -0.962108 -0.255613 0.603516 0.902344 3 13 0.660570 14 0.247073 15 0.092357
zombie
  13 1.851752 -0.000000 22.032446 0.565946 -0.000000 0.824443 0.634766 0.925781 3 13 0.775007 15 0.114911 9 0.110082
  13 0.068904 -1.437784 22.874304 0.094925 -0.962108 -0.255613 0.603516 0.902344 3 13 0.660570 14 0.247073 15 0.092357
  15 0.547955 -1.437785 21.303694 -0.394795 -0.529713 0.750694 0.611328 0.949219 4 15 0.744467 13 0.150089 9 0.062707 8 0.042738
zombie
  13 0.068904 -1.437784 22.874304 0.094925 -0.962108 -0.255613 0.603516 0.902344 3 13 0.660570 14 0.247073 15 0.092357
  14 -1.338973 0.000000 22.557093 -0.205057 0.001137 -0.978749 0.576172 0.925781 4 14 0.808311 13 0.128012 9 0.032425 15 0.031251
  15 -0.708427 0.000000 20.691965 -0.916774 0.000000 0.399407 0.587891 0.980469 3 15 0.337117 9 0.336427 8 0.326456
zombie
  13 0.068904 -1.437784 22.874304 0.094925 -0.962108 -0.255613 0.603516 0.902344 3 13 0.660570 14 0.247073 15 0.092357
  15 -0.708427 0.000000 20.691965 -0.916774 0.000000 0.399407 0.587891 0.980469 3 15 0.337117 9 0.336427 8 0.326456
  15 0.547955 -1.437785 21.303694 -0.394795 -0.529713 0.750694 0.611328 0.949219 4 15 0.744467 13 0.150089 9 0.062707 8 0.042738
zombie
  14 -2.854646 1.028267 22.258207 -0.445088 0.501215 -0.742078 0.490234 0.925781 2 14 0.933746 13 0.066254
  14 -0.273967 2.028852 23.895521 0.132557 0.935356 -0.327931 0.427734 0.871094 2 14 0.836084 13 0.163916
  14 -1.338973 0.000000 22.557093 -0.205057 0.001137 -0.978749 0.447266 0.925781 4 14 0.808311 13 0.128012 9 0.032425 15 0.031251
zombie
  14 -1.338973 0.000000 22.557093 -0.205057 0.001137 -0.978749 0.576172 0.925781 4 14 0.808311 13 0.128012 9 0.032425 15 0.031251
  14 -0.273967 -2.028852 23.895521 0.126235 -0.934872 -0.331781 0.595703 0.871094 2 14 0.828379 13 0.171621
  14 -2.852310 -1.028267 22.252474 -0.443527 -0.500061 -0.743789 0.537109 0.925781 2 14 0.932715 13 0.067285
zombie
  14 -2.852310 -1.028267 22.252474 -0.443527 -0.500061 -0.743789 0.537109 0.925781 2 14 0.932715 13 0.067285
  14 -2.854646 1.028267 22.258207 -0.445088 0.501215 -0.742078 0.490234 0.925781 2 14 0.933746 13 0.066254
  14 -1.338973 0.000000 22.557093 -0.205057 0.001137 -0.978749 0.513672 0.988281 4 14 0.808311 13 0.128012 9 0.032425 15 0.031251
zombie
  14 -3.181474 -1.416968 26.268930 -0.661865 -0.749054 0.029198 0.544922 0.785156 1 14 1.000000
  14 -2.852310 -1.028267 22.252474 -0.443527 -0.500061 -0.743789 0.537109 0.925781 2 14 0.932715 13 0.067285
  14 -0.569084 -2.228239 26.862120 0.028336 -0.992281 0.120732 0.591797 0.769531 2 14 0.996380 13 0.003620
zombie
  13 1.323334 -0.000000 23.017138 0.985870 0.003191 -0.167480 0.666016 0.894531 2 13 0.924515 14 0.075485
  14 2.453469 0.898575 25.220133 0.856040 0.495627 -0.146794 0.685547 0.816406 2 14 0.846567 13 0.153433
  14 2.453469 -0.975000 25.220133 0.849777 -0.505135 -0.150727 0.646484 0.816406 2 14 0.854888 13 0.145112
zombie
  14 1.930857 0.898574 27.496897 0.772240 0.464870 0.433060 0.685547 0.746094 2 14 0.967862 13 0.032138
  14 0.102191 1.425066 28.862535 0.205690 0.543074 0.814102 0.693359 0.691406 1 14 1.000000
  14 1.930856 -0.975001 27.496897 0.768418 -0.473257 0.430769 0.646484 0.746094 2 14 0.970768 13 0.029232
zombie
  14 2.453469 -0.975000 25.220133 0.849777 -0.505135 -0.150727 0.646484 0.816406 2 14 0.854888 13 0.145112
  14 2.453469 0.898575 25.220133 0.856040 0.495627 -0.146794 0.685547 0.816406 2 14 0.846567 13 0.153433
  14 1.930857 0.898574 27.496897 0.772240 0.464870 0.433060 0.685547 0.746094 2 14 0.967862 13 0.032138
zombie
  14 2.453469 -0.975000 25.220133 0.849777 -0.505135 -0.150727 0.646484 0.816406 2 14 0.854888 13 0.145112
  14 1.930857 0.898574 27.496897 0.772240 0.464870 0.433060 0.685547 0.746094 2 14 0.967862 13 0.032138
  14 1.930856 -0.975001 27.496897 0.768418 -0.473257 0.430769 0.646484 0.746094 2 14 0.970768 13 0.029232
zombie
  14 -2.852310 -1.028267 22.252474 -0.443527 -0.500061 -0.743789 0.537109 0.925781 2 14 0.932715 13 0.067285
  14 -0.273967 -2.028852 23.895521 0.126235 -0.934872 -0.331781 0.595703 0.871094 2 14 0.828379 13 0.171621
  14 -0.569084 -2.228239 26.862120 0.028336 -0.992281 0.120732 0.591797 0.769531 2 14 0.996380 13 0.003620
zombie
  14 -2.854646 1.028267 22.258207 -0.445088 0.501215 -0.742078 0.490234 0.925781 2 14 0.933746 13 0.066254
  14 -3.181473 1.416968 26.268930 -0.660237 0.749858 0.042436 0.482422 0.785156 1 14 1.000000
  14 -0.569084 2.228240 26.862120 0.034600 0.989697 0.138931 0.435547 0.769531 2 14 0.997416 13 0.002584
zombie
  14 -0.273967 2.028852 23.895521 0.132557 0.935356 -0.327931 0.427734 0.871094 2 14 0.836084 13 0.163916
  13 1.323334 -0.000000 23.017138 0.985870 0.003191 -0.167480 0.400391 0.894531 2 13 0.924515 14 0.075485
  13 0.068905 1.437784 22.874304 0.094926 0.962108 -0.255613 0.419922 0.902344 3 13 0.647981 14 0.260578 9 0.091441
zombie
  14 -1.338973 0.000000 22.557093 -0.205057 0.001137 -0.978749 0.447266 0.925781 4 14 0.808311 13 0.128012 9 0.032425 15 0.031251
  14 -0.273967 2.028852 23.895521 0.132557 0.935356 -0.327931 0.427734 0.871094 2 14 0.836084 13 0.163916
  13 0.068905 1.437784 22.874304 0.094926 0.962108 -0.255613 0.419922 0.902344 3 13 0.647981 14 0.260578 9 0.091441
zombie
  14 -1.338973 0.000000 22.557093 -0.205057 0.001137 -0.978749 0.576172 0.925781 4 14 0.808311 13 0.128012 9 0.032425 15 0.031251
  13 0.068904 -1.437784 22.874304 0.094925 -0.962108 -0.255613 0.603516 0.902344 3 13 0.660570 14 0.247073 15 0.092357
  14 -0.273967 -2.028852 23.895521 0.126235 -0.934872 -0.331781 0.595703 0.871094 2 14 0.828379 13 0.171621
zombie
  14 -0.273967 -2.028852 23.895521 0.126235 -0.934872 -0.331781 0.595703 0.871094 2 14 0.828379 13 0.171621
  13 0.068904 -1.437784 22.874304 0.094925 -0.962108 -0.255613 0.603516 0.902344 3 13 0.660570 14 0.247073 15 0.092357
  13 1.323334 -0.000000 23.017138 0.985870 0.003191 -0.167480 0.623047 0.894531 2 13 0.924515 14 0.075485
zombie
  22 3.199792 -3.587747 5.204603 0.825528 -0.533327 0.184567 0.212891 0.863281 4 22 0.983199 23 0.015497 28 0.000721 7 0.000583
  23 -0.321696 -5.115367 4.036539 -0.100247 -0.992617 0.068284 0.181641 0.910156 2 23 0.969712 22 0.030288
  23 1.819323 -4.315081 2.827024 0.644934 -0.755046 -0.118178 0.208984 0.941406 2 23 0.976552 22 0.023448
zombie
  23 -2.819483 -3.259983 4.400311 -0.879350 -0.436562 -0.190152 0.142578 0.894531 4 23 0.525636 22 0.446939 7 0.027367 1 0.000058
  22 -3.006716 -3.037909 6.438990 -0.787702 -0.448367 0.422485 0.142578 0.816406 4 22 0.678129 23 0.160547 7 0.140853 1 0.020470
  7 -3.886868 0.000001 6.327740 -0.998305 0.000000 0.058206 0.095703 0.832031 4 7 0.533969 1 0.199849 22 0.197318 8 0.068864
zombie
  1 -0.528559 2.741810 7.811020 -0.049224 0.435280 0.898949 0.048828 0.777344 4 1 0.605666 7 0.202492 8 0.100245 2 0.091597
  1 -3.006715 3.037912 6.438990 -0.787701 0.448368 0.422485 0.048828 0.816406 4 1 0.683361 2 0.157036 7 0.140209 22 0.019395
  7 -3.886868 0.000001 6.327740 -0.998305 0.000000 0.058206 0.095703 0.832031 4 7 0.533969 1 0.199849 22 0.197318 8 0.068864
zombie
  1 -0.528559 2.741810 7.811020 -0.049224 0.435280 0.898949 0.322266 0.761719 4 1 0.605666 7 0.202492 8 0.100245 2 0.091597
  1 1.817515 3.164812 7.037779 0.599502 0.392799 0.697357 0.322266 0.800781 3 1 0.770055 2 0.119300 7 0.110646
  1 -0.352814 4.628767 8.196024 -0.066211 0.604924 0.793526 0.365234 0.761719 4 1 0.545821 2 0.374943 7 0.072817 8 0.006420
zombie
  1 1.817515 3.164812 7.037779 0.599502 0.392799 0.697357 0.322266 0.800781 3 1 0.770055 2 0.119300 7 0.110646
  1 -0.528559 2.741810 7.811020 -0.049224 0.435280 0.898949 0.322266 0.761719 4 1 0.605666 7 0.202492 8 0.100245 2 0.091597
  7 1.953167 0.000000 7.241230 0.810414 -0.001019 0.585857 0.271484 0.785156 4 7 0.870239 22 0.044802 1 0.044784 8 0.040176
zombie
  1 3.407079 0.000001 5.293207 0.946710 -0.000000 0.322086 0.271484 0.847656 4 1 0.563194 22 0.283968 28 0.145001 7 0.007838
  1 1.817515 3.164812 7.037779 0.599502 0.392799 0.697357 0.322266 0.800781 3 1 0.770055 2 0.119300 7 0.110646
  7 1.953167 0.000000 7.241230 0.810414 -0.001019 0.585857 0.271484 0.785156 4 7 0.870239 22 0.044802 1 0.044784 8 0.040176
zombie
  2 -0.321695 5.115366 4.036541 -0.100246 0.992617 0.068284 0.001953 0.910156 2 2 0.968920 1 0.031080
  1 -3.006715 3.037912 6.438990 -0.787701 0.448368 0.422485 0.048828 0.816406 4 1 0.683361 2 0.157036 7 0.140209 22 0.019395
  1 -0.352814 4.628767 8.196024 -0.066211 0.604924 0.793526 0.001953 0.761719 4 1 0.545821 2 0.374943 7 0.072817 8 0.006420
zombie
  2 -0.725707 1.037735 1.276848 -0.509087 -0.572946 -0.642311 0.287109 0.988281 3 2 0.815450 23 0.149381 1 0.035169
  1 3.370222 1.328750 2.675196 0.881754 0.043444 -0.469705 0.291016 0.941406 4 1 0.505628 2 0.353465 22 0.072526 23 0.068381
  22 3.370221 -1.328747 2.675192 0.881754 -0.043444 -0.469705 0.248047 0.941406 4 22 0.479005 23 0.357333 1 0.095809 2 0.067853
zombie
  2 -0.725707 1.037735 1.276848 -0.509087 -0.572946 -0.642311 0.287109 0.988281 3 2 0.815450 23 0.149381 1 0.035169
  22 3.370221 -1.328747 2.675192 0.881754 -0.043444 -0.469705 0.248047 0.941406 4 22 0.479005 23 0.357333 1 0.095809 2 0.067853
  23 -0.725707 -1.037733 1.276848 -0.509087 0.572946 -0.642311 0.251953 0.988281 3 23 0.843478 2 0.131416 22 0.025107
zombie
  2 -0.321695 5.115366 4.036541 -0.100246 0.992617 0.068284 0.001953 0.910156 2 2 0.968920 1 0.031080
  2 -2.352234 3.539377 1.555769 -0.972496 0.202548 -0.115000 0.044922 0.988281 1 2 1.000000
  2 -2.819483 3.259986 4.400311 -0.879350 0.436562 -0.190152 0.048828 0.894531 3 2 0.718283 7 0.171190 1 0.110526
zombie
  2 -0.725707 1.037735 1.276848 -0.509087 -0.572946 -0.642311 0.287109 0.988281 3 2 0.815450 23 0.149381 1 0.035169
  2 2.700454 1.956109 1.473373 0.852215 -0.321724 -0.412582 0.314453 0.980469 3 2 0.888571 1 0.097464 23 0.013965
  1 3.370222 1.328750 2.675196 0.881754 0.043444 -0.469705 0.291016 0.941406 4 1 0.505628 2 0.353465 22 0.072526 23 0.068381
zombie
  1 3.370222 1.328750 2.675196 0.881754 0.043444 -0.469705 0.291016 0.941406 4 1 0.505628 2 0.353465 22 0.072526 23 0.068381
  2 1.819324 4.315080 2.827024 0.644934 0.755046 -0.118178 0.333984 0.941406 2 2 0.976578 1 0.023422
  1 3.199794 3.587748 5.204603 0.825528 0.533327 0.184567 0.333984 0.863281 4 1 0.996170 2 0.003432 22 0.000254 28 0.000143
zombie
  2 -2.819483 3.259986 4.400311 -0.879350 0.436562 -0.190152 0.048828 0.894531 3 2 0.718283 7 0.171190 1 0.110526
  2 -2.352234 3.539377 1.555769 -0.972496 0.202548 -0.115000 0.044922 0.988281 1 2 1.000000
  2 -0.725707 1.037735 1.276848 -0.509087 -0.572946 -0.642311 0.076172 0.988281 3 2 0.815450 23 0.149381 1 0.035169
zombie
  1 3.370222 1.328750 2.675196 0.881754 0.043444 -0.469705 0.291016 0.941406 4 1 0.505628 2 0.353465 22 0.072526 23 0.068381
  1 3.199794 3.587748 5.204603 0.825528 0.533327 0.184567 0.333984 0.863281 4 1 0.996170 2 0.003432 22 0.000254 28 0.000143
  1 3.407079 0.000001 5.293207 0.946710 -0.000000 0.322086 0.271484 0.847656 4 1 0.563194 22 0.283968 28 0.145001 7 0.007838
zombie
  2 -2.819483 3.259986 4.400311 -0.879350 0.436562 -0.190152 0.048828 0.894531 3 2 0.718283 7 0.171190 1 0.110526
  2 -0.725707 1.037735 1.276848 -0.509087 -0.572946 -0.642311 0.076172 0.988281 3 2 0.815450 23 0.149381 1 0.035169
  23 -0.725707 -1.037733 1.276848 -0.509087 0.572946 -0.642311 0.111328 0.988281 3 23 0.843478 2 0.131416 22 0.025107
zombie
  2 -2.819483 3.259986 4.400311 -0.879350 0.436562 -0.190152 0.048828 0.894531 3 2 0.718283 7 0.171190 1 0.110526
  23 -0.725707 -1.037733 1.276848 -0.509087 0.572946 -0.642311 0.111328 0.988281 3 23 0.843478 2 0.131416 22 0.025107
  23 -2.819483 -3.259983 4.400311 -0.879350 -0.436562 -0.190152 0.142578 0.894531 4 23 0.525636 22 0.446939 7 0.027367 1 0.000058
zombie
  1 3.407079 0.000001 5.293207 0.946710 -0.000000 0.322086 0.271484 0.847656 4 1 0.563194 22 0.283968 28 0.145001 7 0.007838
  1 3.199794 3.587748 5.204603 0.825528 0.533327 0.184567 0.333984 0.863281 4 1 0.996170 2 0.003432 22 0.000254 28 0.000143
  1 1.817515 3.164812 7.037779 0.599502 0.392799 0.697357 0.322266 0.800781 3 1 0.770055 2 0.119300 7 0.110646
zombie
  22 3.370221 -1.328747 2.675192 0.881754 -0.043444 -0.469705 0.248047 0.941406 4 22 0.479005 23 0.357333 1 0.095809 2 0.067853
  1 3.370222 1.328750 2.675196 0.881754 0.043444 -0.469705 0.291016 0.941406 4 1 0.505628 2 0.353465 22 0.072526 23 0.068381
  1 3.407079 0.000001 5.293207 0.946710 -0.000000 0.322086 0.271484 0.847656 4 1 0.563194 22 0.283968 28 0.145001 7 0.007838
zombie
  3 2.483170 4.915706 -21.593960 0.620856 0.731736 0.281248 0.939453 0.980469 2 3 0.932783 5 0.067217
  3 0.401788 5.746422 -14.876230 -0.117279 0.992562 0.032642 0.947266 0.777344 1 3 1.000000
  3 2.603137 4.010501 -13.550359 0.980563 0.004735 0.196149 0.923828 0.746094 1 3 1.000000
zombie
  3 0.608433 2.456775 -14.832463 -0.116350 -0.992505 -0.037366 0.896484 0.777344 1 3 1.000000
  3 2.773031 3.707804 -21.593960 0.727141 -0.620431 0.293822 0.923828 0.980469 2 3 0.919760 5 0.080240
  3 2.603137 4.010501 -13.550359 0.980563 0.004735 0.196149 0.923828 0.746094 1 3 1.000000
zombie
  3 2.603137 4.010501 -13.550359 0.980563 0.004735 0.196149 0.923828 0.746094 1 3 1.000000
  3 2.773031 3.707804 -21.593960 0.727141 -0.620431 0.293822 0.923828 0.980469 2 3 0.919760 5 0.080240
  3 2.483170 4.915706 -21.593960 0.620856 0.731736 0.281248 0.939453 0.980469 2 3 0.932783 5 0.067217
zombie
  3 -1.123097 3.951678 -10.706188 -0.971561 -0.003745 -0.236760 0.970703 0.621094 1 3 1.000000
  2 -0.748141 2.364082 -8.416801 -0.221923 -0.950729 -0.216484 0.998047 0.535156 3 2 0.924651 6 0.056711 3 0.018638
  2 -2.077876 3.655288 -9.160195 -0.938084 -0.017035 -0.345988 0.970703 0.550781 3 2 0.411715 3 0.328027 6 0.260259
zombie
  6 0.506946 2.810618 -9.141716 0.706171 -0.703489 0.080162 0.904297 0.558594 3 6 0.701957 2 0.165501 3 0.132542
  3 1.933760 3.831130 -10.528519 0.951257 -0.007363 0.308310 0.923828 0.644531 3 3 0.918251 6 0.046276 2 0.035473
  2 0.583611 4.331111 -8.936305 0.755947 0.588061 0.287627 0.931641 0.558594 3 2 0.456012 3 0.341553 6 0.202435
zombie
  2 0.583611 4.331111 -8.936305 0.755947 0.588061 0.287627 0.931641 0.558594 3 2 0.456012 3 0.341553 6 0.202435
  3 1.933760 3.831130 -10.528519 0.951257 -0.007363 0.308310 0.923828 0.644531 3 3 0.918251 6 0.046276 2 0.035473
  3 -0.262964 5.175097 -10.629584 -0.169198 0.981909 0.085005 0.947266 0.636719 2 3 0.977180 2 0.022820
zombie
  3 -1.123097 3.951678 -10.706188 -0.971561 -0.003745 -0.236760 0.970703 0.621094 1 3 1.000000
  3 -0.965621 4.290008 -14.855680 -0.993230 0.017489 -0.114843 0.970703 0.769531 1 3 1.000000
  3 0.608433 2.456775 -14.832463 -0.116350 -0.992505 -0.037366 0.998047 0.777344 1 3 1.000000
zombie
  3 -1.123097 3.951678 -10.706188 -0.971561 -0.003745 -0.236760 0.970703 0.621094 1 3 1.000000
  3 0.608433 2.456775 -14.832463 -0.116350 -0.992505 -0.037366 0.998047 0.777344 1 3 1.000000
  3 -0.025498 2.720854 -10.820723 -0.151081 -0.982110 -0.112403 0.998047 0.628906 2 3 0.979919 6 0.020081
zombie
  3 -0.262964 5.175097 -10.629584 -0.169198 0.981909 0.085005 0.947266 0.636719 2 3 0.977180 2 0.022820
  3 0.401788 5.746422 -14.876230 -0.117279 0.992562 0.032642 0.947266 0.777344 1 3 1.000000
  3 -0.965621 4.290008 -14.855680 -0.993230 0.017489 -0.114843 0.970703 0.769531 1 3 1.000000
zombie
  3 -0.262964 5.175097 -10.629584 -0.169198 0.981909 0.085005 0.947266 0.636719 2 3 0.977180 2 0.022820
  3 -0.965621 4.290008 -14.855680 -0.993230 0.017489 -0.114843 0.970703 0.769531 1 3 1.000000
  3 -1.123097 3.951678 -10.706188 -0.971561 -0.003745 -0.236760 0.970703 0.621094 1 3 1.000000
zombie
  3 0.927966 3.613751 -21.593960 -0.376079 -0.879266 0.292329 0.099609 0.464844 2 3 0.922065 5 0.077935
  5 -4.045431 3.278296 -23.059607 -0.465244 -0.576704 0.671536 0.091797 0.566406 2 5 0.940339 3 0.059661
  5 -4.304449 2.930871 -24.071959 -0.501100 -0.733255 -0.459603 0.083984 0.589844 1 5 1.000000
zombie
  3 0.927966 3.613751 -21.593960 -0.376079 -0.879266 0.292329 0.099609 0.464844 2 3 0.922065 5 0.077935
  5 -4.304449 2.930871 -24.071959 -0.501100 -0.733255 -0.459603 0.083984 0.589844 1 5 1.000000
  5 1.328907 3.038333 -24.071959 0.017221 -0.790479 -0.612247 0.083984 0.464844 2 5 0.911051 3 0.088949
zombie
  5 1.330288 6.120839 -24.071959 0.148904 0.817741 -0.555992 0.138672 0.464844 2 5 0.916839 3 0.083161
  5 -3.779851 6.887727 -24.071959 -0.468724 0.795240 -0.384566 0.142578 0.589844 1 5 1.000000
  5 -3.290230 6.544455 -23.059607 -0.285749 0.639556 0.713663 0.130859 0.566406 2 5 0.952191 3 0.047809
zombie
  5 1.330288 6.120839 -24.071959 0.148904 0.817741 -0.555992 0.138672 0.464844 2 5 0.916839 3 0.083161
  5 -3.290230 6.544455 -23.059607 -0.285749 0.639556 0.713663 0.130859 0.566406 2 5 0.952191 3 0.047809
  3 0.856577 5.106573 -21.593960 -0.290938 0.847478 0.444000 0.123047 0.464844 2 3 0.920738 5 0.079262
zombie
  3 1.933760 3.831130 -10.528519 0.951257 -0.007363 0.308310 0.923828 0.644531 3 3 0.918251 6 0.046276 2 0.035473
  3 2.603137 4.010501 -13.550359 0.980563 0.004735 0.196149 0.923828 0.746094 1 3 1.000000
  3 0.401788 5.746422 -14.876230 -0.117279 0.992562 0.032642 0.947266 0.777344 1 3 1.000000
zombie
  3 1.933760 3.831130 -10.528519 0.951257 -0.007363 0.308310 0.923828 0.644531 3 3 0.918251 6 0.046276 2 0.035473
  3 0.401788 5.746422 -14.876230 -0.117279 0.992562 0.032642 0.947266 0.777344 1 3 1.000000
  3 -0.262964 5.175097 -10.629584 -0.169198 0.981909 0.085005 0.947266 0.636719 2 3 0.977180 2 0.022820
zombie
  2 -0.748141 2.364082 -8.416801 -0.221923 -0.950729 -0.216484 0.896484 0.535156 3 2 0.924651 6 0.056711 3 0.018638
  6 0.506946 2.810618 -9.141716 0.706171 -0.703489 0.080162 0.904297 0.558594 3 6 0.701957 2 0.165501 3 0.132542
  2 0.470982 2.505509 -7.530834 0.782659 -0.605569 -0.143983 0.904297 0.511719 2 2 0.998031 6 0.001969
zombie
  5 -4.466415 4.547626 -23.059607 -0.687655 0.050571 0.724274 0.111328 0.582031 1 5 1.000000
  5 -4.991330 4.640648 -24.071959 -0.896845 0.074947 -0.435949 0.111328 0.613281 1 5 1.000000
  5 -4.304449 2.930871 -24.071959 -0.501100 -0.733255 -0.459603 0.083984 0.589844 1 5 1.000000
zombie
  5 -4.466415 4.547626 -23.059607 -0.687655 0.050571 0.724274 0.111328 0.582031 1 5 1.000000
  5 -4.304449 2.930871 -24.071959 -0.501100 -0.733255 -0.459603 0.083984 0.589844 1 5 1.000000
  5 -4.045431 3.278296 -23.059607 -0.465244 -0.576704 0.671536 0.091797 0.566406 2 5 0.940339 3 0.059661
zombie
  2 0.487719 4.226480 -7.440351 0.776812 0.628462 -0.039985 0.931641 0.511719 1 2 1.000000
  2 0.583611 4.331111 -8.936305 0.755947 0.588061 0.287627 0.931641 0.558594 3 2 0.456012 3 0.341553 6 0.202435
  2 -1.010084 4.825112 -8.268919 -0.308526 0.951167 0.009646 0.943359 0.535156 1 2 1.000000
zombie
  2 -1.010084 4.825112 -8.268919 -0.308526 0.951167 0.009646 0.943359 0.535156 1 2 1.000000
  3 -1.123097 3.951678 -10.706188 -0.971561 -0.003745 -0.236760 0.970703 0.621094 1 3 1.000000
  2 -2.077876 3.655288 -9.160195 -0.938084 -0.017035 -0.345988 0.970703 0.550781 3 2 0.411715 3 0.328027 6 0.260259
zombie
  2 0.583611 4.331111 -8.936305 0.755947 0.588061 0.287627 0.931641 0.558594 3 2 0.456012 3 0.341553 6 0.202435
  3 -0.262964 5.175097 -10.629584 -0.169198 0.981909 0.085005 0.947266 0.636719 2 3 0.977180 2 0.022820
  2 -1.010084 4.825112 -8.268919 -0.308526 0.951167 0.009646 0.943359 0.535156 1 2 1.000000
zombie
  2 -0.725707 1.037735 1.276848 -0.509087 -0.572946 -0.642311 0.470703 0.074219 3 2 0.815450 23 0.149381 1 0.035169
  2 -0.748141 2.364082 -8.416801 -0.221923 -0.950729 -0.216484 0.470703 0.402344 3 2 0.924651 6 0.056711 3 0.018638
  2 0.470982 2.505509 -7.530834 0.782659 -0.605569 -0.143983 0.490234 0.378906 2 2 0.998031 6 0.001969
zombie
  2 -0.725707 1.037735 1.276848 -0.509087 -0.572946 -0.642311 0.470703 0.074219 3 2 0.815450 23 0.149381 1 0.035169
  2 0.470982 2.505509 -7.530834 0.782659 -0.605569 -0.143983 0.490234 0.378906 2 2 0.998031 6 0.001969
  2 2.700454 1.956109 1.473373 0.852215 -0.321724 -0.412582 0.490234 0.058594 3 2 0.888571 1 0.097464 23 0.013965
zombie
  3 -0.025498 2.720854 -10.820723 -0.151081 -0.982110 -0.112403 0.896484 0.636719 2 3 0.979919 6 0.020081
  6 0.506946 2.810618 -9.141716 0.706171 -0.703489 0.080162 0.904297 0.558594 3 6 0.701957 2 0.165501 3 0.132542
  2 -0.748141 2.364082 -8.416801 -0.221923 -0.950729 -0.216484 0.896484 0.535156 3 2 0.924651 6 0.056711 3 0.018638
zombie
  5 -3.290230 6.544455 -23.059607 -0.285749 0.639556 0.713663 0.130859 0.566406 2 5 0.952191 3 0.047809
  5 -3.779851 6.887727 -24.071959 -0.468724 0.795240 -0.384566 0.142578 0.589844 1 5 1.000000
  5 -4.991330 4.640648 -24.071959 -0.896845 0.074947 -0.435949 0.111328 0.613281 1 5 1.000000
zombie
  5 -3.290230 6.544455 -23.059607 -0.285749 0.639556 0.713663 0.130859 0.566406 2 5 0.952191 3 0.047809
  5 -4.991330 4.640648 -24.071959 -0.896845 0.074947 -0.435949 0.111328 0.613281 1 5 1.000000
  5 -4.466415 4.547626 -23.059607 -0.687655 0.050571 0.724274 0.111328 0.582031 1 5 1.000000
zombie
  3 2.773031 3.707804 -21.593960 0.727141 -0.620431 0.293822 0.103516 0.425781 2 3 0.919760 5 0.080240
  5 4.554045 3.123879 -24.071959 0.788068 -0.515091 -0.337090 0.091797 0.402344 2 5 0.928830 3 0.071170
  5 3.959423 5.516616 -24.071959 0.671829 0.626891 -0.394530 0.130859 0.402344 2 5 0.923445 3 0.076555
zombie
  3 2.773031 3.707804 -21.593960 0.727141 -0.620431 0.293822 0.103516 0.425781 2 3 0.919760 5 0.080240
  5 3.959423 5.516616 -24.071959 0.671829 0.626891 -0.394530 0.130859 0.402344 2 5 0.923445 3 0.076555
  3 2.483170 4.915706 -21.593960 0.620856 0.731736 0.281248 0.119141 0.425781 2 3 0.932783 5 0.067217
zombie
  2 2.700454 1.956109 1.473373 0.852215 -0.321724 -0.412582 0.490234 0.058594 3 2 0.888571 1 0.097464 23 0.013965
  2 0.470982 2.505509 -7.530834 0.782659 -0.605569 -0.143983 0.490234 0.378906 2 2 0.998031 6 0.001969
  2 0.487719 4.226480 -7.440351 0.776812 0.628462 -0.039985 0.517578 0.378906 1 2 1.000000
zombie
  2 2.700454 1.956109 1.473373 0.852215 -0.321724 -0.412582 0.490234 0.058594 3 2 0.888571 1 0.097464 23 0.013965
  2 0.487719 4.226480 -7.440351 0.776812 0.628462 -0.039985 0.517578 0.378906 1 2 1.000000
  2 1.819324 4.315080 2.827024 0.644934 0.755046 -0.118178 0.517578 0.042969 2 2 0.976578 1 0.023422
zombie
  3 0.927966 3.613751 -21.593960 -0.376079 -0.879266 0.292329 0.099609 0.464844 2 3 0.922065 5 0.077935
  5 1.328907 3.038333 -24.071959 0.017221 -0.790479 -0.612247 0.083984 0.464844 2 5 0.911051 3 0.088949
  5 4.554045 3.123879 -24.071959 0.788068 -0.515091 -0.337090 0.091797 0.402344 2 5 0.928830 3 0.071170
zombie
  3 0.927966 3.613751 -21.593960 -0.376079 -0.879266 0.292329 0.099609 0.464844 2 3 0.922065 5 0.077935
  5 4.554045 3.123879 -24.071959 0.788068 -0.515091 -0.337090 0.091797 0.402344 2 5 0.928830 3 0.071170
  3 2.773031 3.707804 -21.593960 0.727141 -0.620431 0.293822 0.103516 0.425781 2 3 0.919760 5 0.080240
zombie
  3 0.856577 5.106573 -21.593960 -0.290938 0.847478 0.444000 0.962891 0.980469 2 3 0.920738 5 0.079262
  3 0.927966 3.613751 -21.593960 -0.376079 -0.879266 0.292329 0.986328 0.980469 2 3 0.922065 5 0.077935
  3 -0.965621 4.290008 -14.855680 -0.993230 0.017489 -0.114843 0.970703 0.769531 1 3 1.000000
zombie
  2 -2.352234 3.539377 1.555769 -0.972496 0.202548 -0.115000 0.556641 0.058594 1 2 1.000000
  2 -0.321695 5.115366 4.036541 -0.100246 0.992617 0.068284 0.544922 0.011719 2 2 0.968920 1 0.031080
  2 -1.891038 3.732384 -3.266672 -0.966941 0.251699 0.040890 0.552734 0.222656 1 2 1.000000
zombie
  2 0.470982 2.505509 -7.530834 0.782659 -0.605569 -0.143983 0.904297 0.511719 2 2 0.998031 6 0.001969
  6 0.506946 2.810618 -9.141716 0.706171 -0.703489 0.080162 0.904297 0.558594 3 6 0.701957 2 0.165501 3 0.132542
  2 0.583611 4.331111 -8.936305 0.755947 0.588061 0.287627 0.931641 0.558594 3 2 0.456012 3 0.341553 6 0.202435
zombie
  2 0.470982 2.505509 -7.530834 0.782659 -0.605569 -0.143983 0.904297 0.511719 2 2 0.998031 6 0.001969
  2 0.583611 4.331111 -8.936305 0.755947 0.588061 0.287627 0.931641 0.558594 3 2 0.456012 3 0.341553 6 0.202435
  2 0.487719 4.226480 -7.440351 0.776812 0.628462 -0.039985 0.931641 0.511719 1 2 1.000000
zombie
  2 -2.209613 3.294673 -7.793059 -0.982047 -0.164846 -0.091706 0.970703 0.511719 3 2 0.987514 3 0.008141 6 0.004345
  2 -2.077876 3.655288 -9.160195 -0.938084 -0.017035 -0.345988 0.970703 0.550781 3 2 0.411715 3 0.328027 6 0.260259
  2 -0.748141 2.364082 -8.416801 -0.221923 -0.950729 -0.216484 0.998047 0.535156 3 2 0.924651 6 0.056711 3 0.018638
zombie
  2 -1.010084 4.825112 -8.268919 -0.308526 0.951167 0.009646 0.943359 0.535156 1 2 1.000000
  2 -2.077876 3.655288 -9.160195 -0.938084 -0.017035 -0.345988 0.970703 0.550781 3 2 0.411715 3 0.328027 6 0.260259
  2 -2.209613 3.294673 -7.793059 -0.982047 -0.164846 -0.091706 0.970703 0.511719 3 2 0.987514 3 0.008141 6 0.004345
zombie
  3 -0.965621 4.290008 -14.855680 -0.993230 0.017489 -0.114843 0.970703 0.769531 1 3 1.000000
  3 0.401788 5.746422 -14.876230 -0.117279 0.992562 0.032642 0.947266 0.777344 1 3 1.000000
  3 0.856577 5.106573 -21.593960 -0.290938 0.847478 0.444000 0.962891 0.980469 2 3 0.920738 5 0.079262
zombie
  5 -4.466415 4.547626 -23.059607 -0.687655 0.050571 0.724274 0.111328 0.582031 1 5 1.000000
  5 -4.045431 3.278296 -23.059607 -0.465244 -0.576704 0.671536 0.091797 0.566406 2 5 0.940339 3 0.059661
  3 0.927966 3.613751 -21.593960 -0.376079 -0.879266 0.292329 0.099609 0.464844 2 3 0.922065 5 0.077935
zombie
  3 0.927966 3.613751 -21.593960 -0.376079 -0.879266 0.292329 0.099609 0.464844 2 3 0.922065 5 0.077935
  3 0.856577 5.106573 -21.593960 -0.290938 0.847478 0.444000 0.123047 0.464844 2 3 0.920738 5 0.079262
  5 -3.290230 6.544455 -23.059607 -0.285749 0.639556 0.713663 0.130859 0.566406 2 5 0.952191 3 0.047809
zombie
  3 0.927966 3.613751 -21.593960 -0.376079 -0.879266 0.292329 0.099609 0.464844 2 3 0.922065 5 0.077935
  5 -3.290230 6.544455 -23.059607 -0.285749 0.639556 0.713663 0.130859 0.566406 2 5 0.952191 3 0.047809
  5 -4.466415 4.547626 -23.059607 -0.687655 0.050571 0.724274 0.111328 0.582031 1 5 1.000000
zombie
  3 2.483170 4.915706 -21.593960 0.620856 0.731736 0.281248 0.119141 0.425781 2 3 0.932783 5 0.067217
  5 3.959423 5.516616 -24.071959 0.671829 0.626891 -0.394530 0.130859 0.402344 2 5 0.923445 3 0.076555
  5 1.330288 6.120839 -24.071959 0.148904 0.817741 -0.555992 0.138672 0.464844 2 5 0.916839 3 0.083161
zombie
  3 2.483170 4.915706 -21.593960 0.620856 0.731736 0.281248 0.119141 0.425781 2 3 0.932783 5 0.067217
  5 1.330288 6.120839 -24.071959 0.148904 0.817741 -0.555992 0.138672 0.464844 2 5 0.916839 3 0.083161
  3 0.856577 5.106573 -21.593960 -0.290938 0.847478 0.444000 0.123047 0.464844 2 3 0.920738 5 0.079262
zombie
  3 -0.025498 2.720854 -10.820723 -0.151081 -0.982110 -0.112403 0.896484 0.636719 2 3 0.979919 6 0.020081
  3 0.608433 2.456775 -14.832463 -0.116350 -0.992505 -0.037366 0.896484 0.777344 1 3 1.000000
  3 2.603137 4.010501 -13.550359 0.980563 0.004735 0.196149 0.923828 0.746094 1 3 1.000000
zombie
  3 -0.025498 2.720854 -10.820723 -0.151081 -0.982110 -0.112403 0.896484 0.636719 2 3 0.979919 6 0.020081
  3 2.603137 4.010501 -13.550359 0.980563 0.004735 0.196149 0.923828 0.746094 1 3 1.000000
  3 1.933760 3.831130 -10.528519 0.951257 -0.007363 0.308310 0.923828 0.644531 3 3 0.918251 6 0.046276 2 0.035473
zombie
  2 -1.010084 4.825112 -8.268919 -0.308526 0.951167 0.009646 0.533203 0.402344 1 2 1.000000
  2 -2.209613 3.294673 -7.793059 -0.982047 -0.164846 -0.091706 0.560547 0.386719 3 2 0.987514 3 0.008141 6 0.004345
  2 -1.891038 3.732384 -3.266672 -0.966941 0.251699 0.040890 0.552734 0.222656 1 2 1.000000
zombie
  2 1.819324 4.315080 2.827024 0.644934 0.755046 -0.118178 0.517578 0.042969 2 2 0.976578 1 0.023422
  2 0.487719 4.226480 -7.440351 0.776812 0.628462 -0.039985 0.517578 0.378906 1 2 1.000000
  2 -1.010084 4.825112 -8.268919 -0.308526 0.951167 0.009646 0.533203 0.402344 1 2 1.000000
zombie
  2 1.819324 4.315080 2.827024 0.644934 0.755046 -0.118178 0.517578 0.042969 2 2 0.976578 1 0.023422
  2 -1.010084 4.825112 -8.268919 -0.308526 0.951167 0.009646 0.533203 0.402344 1 2 1.000000
  2 -0.321695 5.115366 4.036541 -0.100246 0.992617 0.068284 0.544922 0.011719 2 2 0.968920 1 0.031080
zombie
  5 -4.304449 2.930871 -24.071959 -0.501100 -0.733255 -0.459603 0.005859 0.605469 1 5 1.000000
  5 -4.991330 4.640648 -24.071959 -0.896845 0.074947 -0.435949 0.037109 0.628906 1 5 1.000000
  5 -3.779851 6.887727 -24.071959 -0.468724 0.795240 -0.384566 0.064453 0.605469 1 5 1.000000
zombie
  5 3.959423 5.516616 -24.071959 0.671829 0.626891 -0.394530 0.052734 0.417969 2 5 0.923445 3 0.076555
  5 1.328907 3.038333 -24.071959 0.017221 -0.790479 -0.612247 0.009766 0.480469 2 5 0.911051 3 0.088949
  5 1.330288 6.120839 -24.071959 0.148904 0.817741 -0.555992 0.064453 0.480469 2 5 0.916839 3 0.083161
zombie
  2 -1.010084 4.825112 -8.268919 -0.308526 0.951167 0.009646 0.943359 0.535156 1 2 1.000000
  3 -0.262964 5.175097 -10.629584 -0.169198 0.981909 0.085005 0.947266 0.636719 2 3 0.977180 2 0.022820
  3 -1.123097 3.951678 -10.706188 -0.971561 -0.003745 -0.236760 0.970703 0.621094 1 3 1.000000
zombie
  3 -1.123097 3.951678 -10.706188 -0.971561 -0.003745 -0.236760 0.970703 0.621094 1 3 1.000000
  3 -0.025498 2.720854 -10.820723 -0.151081 -0.982110 -0.112403 0.998047 0.628906 2 3 0.979919 6 0.020081
  2 -0.748141 2.364082 -8.416801 -0.221923 -0.950729 -0.216484 0.998047 0.535156 3 2 0.924651 6 0.056711 3 0.018638
zombie
  22 -0.528560 -2.741808 7.811020 -0.049469 -0.428474 0.902199 0.142578 0.777344 4 22 0.605451 7 0.203666 8 0.098381 23 0.092501
  22 -3.006716 -3.037909 6.438990 -0.787702 -0.448367 0.422485 0.142578 0.816406 4 22 0.678129 23 0.160547 7 0.140853 1 0.020470
  22 -0.352815 -4.628763 8.196024 -0.066210 -0.604924 0.793526 0.181641 0.761719 4 22 0.545721 23 0.375631 7 0.073229 8 0.005419
zombie
  22 -0.528560 -2.741808 7.811020 -0.049469 -0.428474 0.902199 0.220703 0.761719 4 22 0.605451 7 0.203666 8 0.098381 23 0.092501
  22 1.817514 -3.164811 7.037779 0.599501 -0.392800 0.697357 0.216797 0.800781 3 22 0.769791 23 0.119428 7 0.110781
  7 1.953167 0.000000 7.241230 0.810414 -0.001019 0.585857 0.271484 0.785156 4 7 0.870239 22 0.044802 1 0.044784 8 0.040176
zombie
  1 3.407079 0.000001 5.293207 0.946710 -0.000000 0.322086 0.271484 0.847656 4 1 0.563194 22 0.283968 28 0.145001 7 0.007838
  7 1.953167 0.000000 7.241230 0.810414 -0.001019 0.585857 0.271484 0.785156 4 7 0.870239 22 0.044802 1 0.044784 8 0.040176
  22 1.817514 -3.164811 7.037779 0.599501 -0.392800 0.697357 0.216797 0.800781 3 22 0.769791 23 0.119428 7 0.110781
zombie
  22 -3.006716 -3.037909 6.438990 -0.787702 -0.448367 0.422485 0.142578 0.816406 4 22 0.678129 23 0.160547 7 0.140853 1 0.020470
  23 -0.321696 -5.115367 4.036539 -0.100247 -0.992617 0.068284 0.181641 0.910156 2 23 0.969712 22 0.030288
  22 -0.352815 -4.628763 8.196024 -0.066210 -0.604924 0.793526 0.181641 0.761719 4 22 0.545721 23 0.375631 7 0.073229 8 0.005419
zombie
  1 3.199794 3.587748 5.204603 0.825528 0.533327 0.184567 0.333984 0.863281 4 1 0.996170 2 0.003432 22 0.000254 28 0.000143
  2 1.819324 4.315080 2.827024 0.644934 0.755046 -0.118178 0.333984 0.941406 2 2 0.976578 1 0.023422
  2 -0.321695 5.115366 4.036541 -0.100246 0.992617 0.068284 0.365234 0.910156 2 2 0.968920 1 0.031080
zombie
  23 -0.321696 -5.115367 4.036539 -0.100247 -0.992617 0.068284 0.181641 0.910156 2 23 0.969712 22 0.030288
  23 -2.819483 -3.259983 4.400311 -0.879350 -0.436562 -0.190152 0.142578 0.894531 4 23 0.525636 22 0.446939 7 0.027367 1 0.000058
  23 -2.352234 -3.539376 1.555767 -0.972497 -0.202547 -0.115000 0.146484 0.988281 2 23 0.946786 22 0.053214
zombie
  23 -0.725707 -1.037733 1.276848 -0.509087 0.572946 -0.642311 0.251953 0.988281 3 23 0.843478 2 0.131416 22 0.025107
  22 3.370221 -1.328747 2.675192 0.881754 -0.043444 -0.469705 0.248047 0.941406 4 22 0.479005 23 0.357333 1 0.095809 2 0.067853
  23 2.700454 -1.956110 1.473373 0.852215 0.321724 -0.412582 0.228516 0.980469 3 23 0.884664 22 0.107100 2 0.008237
zombie
  22 3.370221 -1.328747 2.675192 0.881754 -0.043444 -0.469705 0.248047 0.941406 4 22 0.479005 23 0.357333 1 0.095809 2 0.067853
  23 1.819323 -4.315081 2.827024 0.644934 -0.755046 -0.118178 0.208984 0.941406 2 23 0.976552 22 0.023448
  23 2.700454 -1.956110 1.473373 0.852215 0.321724 -0.412582 0.228516 0.980469 3 23 0.884664 22 0.107100 2 0.008237
zombie
  23 -2.819483 -3.259983 4.400311 -0.879350 -0.436562 -0.190152 0.142578 0.894531 4 23 0.525636 22 0.446939 7 0.027367 1 0.000058
  23 -0.725707 -1.037733 1.276848 -0.509087 0.572946 -0.642311 0.111328 0.988281 3 23 0.843478 2 0.131416 22 0.025107
  23 -2.352234 -3.539376 1.555767 -0.972497 -0.202547 -0.115000 0.146484 0.988281 2 23 0.946786 22 0.053214
zombie
  22 3.370221 -1.328747 2.675192 0.881754 -0.043444 -0.469705 0.248047 0.941406 4 22 0.479005 23 0.357333 1 0.095809 2 0.067853
  1 3.407079 0.000001 5.293207 0.946710 -0.000000 0.322086 0.271484 0.847656 4 1 0.563194 22 0.283968 28 0.145001 7 0.007838
  22 3.199792 -3.587747 5.204603 0.825528 -0.533327 0.184567 0.212891 0.863281 4 22 0.983199 23 0.015497 28 0.000721 7 0.000583
zombie
  1 3.407079 0.000001 5.293207 0.946710 -0.000000 0.322086 0.271484 0.847656 4 1 0.563194 22 0.283968 28 0.145001 7 0.007838
  22 1.817514 -3.164811 7.037779 0.599501 -0.392800 0.697357 0.216797 0.800781 3 22 0.769791 23 0.119428 7 0.110781
  22 3.199792 -3.587747 5.204603 0.825528 -0.533327 0.184567 0.212891 0.863281 4 22 0.983199 23 0.015497 28 0.000721 7 0.000583
zombie
  1 -0.528559 2.741810 7.811020 -0.049224 0.435280 0.898949 0.048828 0.777344 4 1 0.605666 7 0.202492 8 0.100245 2 0.091597
  1 -0.352814 4.628767 8.196024 -0.066211 0.604924 0.793526 0.001953 0.761719 4 1 0.545821 2 0.374943 7 0.072817 8 0.006420
  1 -3.006715 3.037912 6.438990 -0.787701 0.448368 0.422485 0.048828 0.816406 4 1 0.683361 2 0.157036 7 0.140209 22 0.019395
zombie
  22 -0.528560 -2.741808 7.811020 -0.049469 -0.428474 0.902199 0.142578 0.777344 4 22 0.605451 7 0.203666 8 0.098381 23 0.092501
  7 -3.886868 0.000001 6.327740 -0.998305 0.000000 0.058206 0.095703 0.832031 4 7 0.533969 1 0.199849 22 0.197318 8 0.068864
  22 -3.006716 -3.037909 6.438990 -0.787702 -0.448367 0.422485 0.142578 0.816406 4 22 0.678129 23 0.160547 7 0.140853 1 0.020470
zombie
  3 -0.025498 2.720854 -10.820723 -0.151081 -0.982110 -0.112403 0.896484 0.636719 2 3 0.979919 6 0.020081
  3 1.933760 3.831130 -10.528519 0.951257 -0.007363 0.308310 0.923828 0.644531 3 3 0.918251 6 0.046276 2 0.035473
  6 0.506946 2.810618 -9.141716 0.706171 -0.703489 0.080162 0.904297 0.558594 3 6 0.701957 2 0.165501 3 0.132542
zombie
  3 0.927966 3.613751 -21.593960 -0.376079 -0.879266 0.292329 0.986328 0.980469 2 3 0.922065 5 0.077935
  3 0.608433 2.456775 -14.832463 -0.116350 -0.992505 -0.037366 0.998047 0.777344 1 3 1.000000
  3 -0.965621 4.290008 -14.855680 -0.993230 0.017489 -0.114843 0.970703 0.769531 1 3 1.000000
zombie
  2 -0.321695 5.115366 4.036541 -0.100246 0.992617 0.068284 0.544922 0.011719 2 2 0.968920 1 0.031080
  2 -1.010084 4.825112 -8.268919 -0.308526 0.951167 0.009646 0.533203 0.402344 1 2 1.000000
  2 -1.891038 3.732384 -3.266672 -0.966941 0.251699 0.040890 0.552734 0.222656 1 2 1.000000
zombie
  2 -0.725707 1.037735 1.276848 -0.509087 -0.572946 -0.642311 0.583984 0.074219 3 2 0.815450 23 0.149381 1 0.035169
  2 -2.352234 3.539377 1.555769 -0.972496 0.202548 -0.115000 0.556641 0.058594 1 2 1.000000
  2 -1.891038 3.732384 -3.266672 -0.966941 0.251699 0.040890 0.552734 0.222656 1 2 1.000000
zombie
  1 -3.006715 3.037912 6.438990 -0.787701 0.448368 0.422485 0.048828 0.816406 4 1 0.683361 2 0.157036 7 0.140209 22 0.019395
  2 -2.819483 3.259986 4.400311 -0.879350 0.436562 -0.190152 0.048828 0.894531 3 2 0.718283 7 0.171190 1 0.110526
  7 -3.886868 0.000001 6.327740 -0.998305 0.000000 0.058206 0.095703 0.832031 4 7 0.533969 1 0.199849 22 0.197318 8 0.068864
zombie
  2 -2.819483 3.259986 4.400311 -0.879350 0.436562 -0.190152 0.048828 0.894531 3 2 0.718283 7 0.171190 1 0.110526
  23 -2.819483 -3.259983 4.400311 -0.879350 -0.436562 -0.190152 0.142578 0.894531 4 23 0.525636 22 0.446939 7 0.027367 1 0.000058
  7 -3.886868 0.000001 6.327740 -0.998305 0.000000 0.058206 0.095703 0.832031 4 7 0.533969 1 0.199849 22 0.197318 8 0.068864
zombie
  22 1.817514 -3.164811 7.037779 0.599501 -0.392800 0.697357 0.216797 0.800781 3 22 0.769791 23 0.119428 7 0.110781
  22 -0.528560 -2.741808 7.811020 -0.049469 -0.428474 0.902199 0.220703 0.761719 4 22 0.605451 7 0.203666 8 0.098381 23 0.092501
  22 -0.352815 -4.628763 8.196024 -0.066210 -0.604924 0.793526 0.181641 0.761719 4 22 0.545721 23 0.375631 7 0.073229 8 0.005419
zombie
  23 -0.321696 -5.115367 4.036539 -0.100247 -0.992617 0.068284 0.181641 0.910156 2 23 0.969712 22 0.030288
  22 3.199792 -3.587747 5.204603 0.825528 -0.533327 0.184567 0.212891 0.863281 4 22 0.983199 23 0.015497 28 0.000721 7 0.000583
  22 1.817514 -3.164811 7.037779 0.599501 -0.392800 0.697357 0.216797 0.800781 3 22 0.769791 23 0.119428 7 0.110781
zombie
  23 -0.321696 -5.115367 4.036539 -0.100247 -0.992617 0.068284 0.181641 0.910156 2 23 0.969712 22 0.030288
  22 1.817514 -3.164811 7.037779 0.599501 -0.392800 0.697357 0.216797 0.800781 3 22 0.769791 23 0.119428 7 0.110781
  22 -0.352815 -4.628763 8.196024 -0.066210 -0.604924 0.793526 0.181641 0.761719 4 22 0.545721 23 0.375631 7 0.073229 8 0.005419
zombie
  2 -0.321695 5.115366 4.036541 -0.100246 0.992617 0.068284 0.365234 0.910156 2 2 0.968920 1 0.031080
  1 -0.352814 4.628767 8.196024 -0.066211 0.604924 0.793526 0.365234 0.761719 4 1 0.545821 2 0.374943 7 0.072817 8 0.006420
  1 1.817515 3.164812 7.037779 0.599502 0.392799 0.697357 0.322266 0.800781 3 1 0.770055 2 0.119300 7 0.110646
zombie
  2 -0.321695 5.115366 4.036541 -0.100246 0.992617 0.068284 0.365234 0.910156 2 2 0.968920 1 0.031080
  1 1.817515 3.164812 7.037779 0.599502 0.392799 0.697357 0.322266 0.800781 3 1 0.770055 2 0.119300 7 0.110646
  1 3.199794 3.587748 5.204603 0.825528 0.533327 0.184567 0.333984 0.863281 4 1 0.996170 2 0.003432 22 0.000254 28 0.000143
zombie
  3 2.483170 4.915706 -21.593960 0.620856 0.731736 0.281248 0.939453 0.980469 2 3 0.932783 5 0.067217
  3 0.856577 5.106573 -21.593960 -0.290938 0.847478 0.444000 0.962891 0.980469 2 3 0.920738 5 0.079262
  3 0.401788 5.746422 -14.876230 -0.117279 0.992562 0.032642 0.947266 0.777344 1 3 1.000000
zombie
  3 0.608433 2.456775 -14.832463 -0.116350 -0.992505 -0.037366 0.896484 0.777344 1 3 1.000000
  3 0.927966 3.613751 -21.593960 -0.376079 -0.879266 0.292329 0.904297 0.980469 2 3 0.922065 5 0.077935
  3 2.773031 3.707804 -21.593960 0.727141 -0.620431 0.293822 0.923828 0.980469 2 3 0.919760 5 0.080240
zombie
  5 1.330288 6.120839 -24.071959 0.148904 0.817741 -0.555992 0.064453 0.480469 2 5 0.916839 3 0.083161
  5 1.328907 3.038333 -24.071959 0.017221 -0.790479 -0.612247 0.009766 0.480469 2 5 0.911051 3 0.088949
  5 -3.779851 6.887727 -24.071959 -0.468724 0.795240 -0.384566 0.064453 0.605469 1 5 1.000000
zombie
  5 1.328907 3.038333 -24.071959 0.017221 -0.790479 -0.612247 0.009766 0.480469 2 5 0.911051 3 0.088949
  5 -4.304449 2.930871 -24.071959 -0.501100 -0.733255 -0.459603 0.005859 0.605469 1 5 1.000000
  5 -3.779851 6.887727 -24.071959 -0.468724 0.795240 -0.384566 0.064453 0.605469 1 5 1.000000
zombie
  5 3.959423 5.516616 -24.071959 0.671829 0.626891 -0.394530 0.052734 0.417969 2 5 0.923445 3 0.076555
  5 4.554045 3.123879 -24.071959 0.788068 -0.515091 -0.337090 0.021484 0.417969 2 5 0.928830 3 0.071170
  5 1.328907 3.038333 -24.071959 0.017221 -0.790479 -0.612247 0.009766 0.480469 2 5 0.911051 3 0.088949
zombie
  14 -2.823924 1.122910 28.176344 -0.576249 0.479465 0.661853 0.490234 0.714844 1 14 1.000000
  14 -2.823925 -1.208195 28.170832 -0.576555 -0.496750 0.648709 0.537109 0.714844 1 14 1.000000
  14 0.102191 -1.510350 28.855833 0.204708 -0.557469 0.804564 0.544922 0.613281 1 14 1.000000
zombie
  15 0.752065 -6.179779 20.473787 -0.139576 -0.511370 0.847950 0.232422 0.066406 2 15 0.510913 16 0.489087
  15 0.547955 -1.437785 21.303694 -0.394795 -0.529713 0.750694 0.150391 0.050781 4 15 0.744467 13 0.150089 9 0.062707 8 0.042738
  15 -0.708427 0.000000 20.691965 -0.916774 0.000000 0.399407 0.123047 0.089844 3 15 0.337117 9 0.336427 8 0.326456
zombie
  15 0.752065 -6.179779 20.473787 -0.139576 -0.511370 0.847950 0.232422 0.066406 2 15 0.510913 16 0.489087
  15 -0.708427 0.000000 20.691965 -0.916774 0.000000 0.399407 0.123047 0.089844 3 15 0.337117 9 0.336427 8 0.326456
  15 -1.281528 -5.538695 19.376539 -0.816325 -0.326198 0.476664 0.216797 0.105469 3 15 0.741796 16 0.241197 8 0.017007
zombie
  15 -0.708427 0.000000 20.691965 -0.916774 0.000000 0.399407 0.123047 0.089844 3 15 0.337117 9 0.336427 8 0.326456
  16 -1.657494 -5.155478 17.396719 -0.841038 -0.513352 -0.170661 0.212891 0.183594 3 16 0.689266 15 0.167636 8 0.143098
  15 -1.281528 -5.538695 19.376539 -0.816325 -0.326198 0.476664 0.216797 0.105469 3 15 0.741796 16 0.241197 8 0.017007
zombie
  16 -1.657494 -5.155478 17.396719 -0.841038 -0.513352 -0.170661 0.212891 0.183594 3 16 0.689266 15 0.167636 8 0.143098
  8 -3.606236 -2.911528 16.148893 -0.934660 -0.345124 -0.085437 0.169922 0.230469 4 8 0.721443 16 0.193142 15 0.068191 9 0.017224
  8 -3.089999 -3.058867 15.470984 -0.775144 -0.511883 -0.370309 0.173828 0.253906 3 8 0.755322 16 0.194445 15 0.050233
zombie
  16 -1.657494 -5.155478 17.396719 -0.841038 -0.513352 -0.170661 0.212891 0.183594 3 16 0.689266 15 0.167636 8 0.143098
  8 -3.089999 -3.058867 15.470984 -0.775144 -0.511883 -0.370309 0.173828 0.253906 3 8 0.755322 16 0.194445 15 0.050233
  16 0.079975 -5.282605 16.668749 -0.201236 -0.353190 -0.913653 0.228516 0.207031 3 16 0.909662 8 0.065775 15 0.024563
zombie
  16 -1.657494 -5.155478 17.396719 -0.841038 -0.513352 -0.170661 0.212891 0.183594 3 16 0.689266 15 0.167636 8 0.143098
  15 -0.708427 0.000000 20.691965 -0.916774 0.000000 0.399407 0.123047 0.089844 3 15 0.337117 9 0.336427 8 0.326456
  8 -3.606236 -2.911528 16.148893 -0.934660 -0.345124 -0.085437 0.169922 0.230469 4 8 0.721443 16 0.193142 15 0.068191 9 0.017224
zombie
  8 -3.089999 -3.058867 15.470984 -0.775144 -0.511883 -0.370309 0.173828 0.253906 3 8 0.755322 16 0.194445 15 0.050233
  8 -1.413256 -4.163640 11.404459 -0.355033 -0.650924 -0.671006 0.228516 0.394531 4 8 0.818878 7 0.088062 16 0.085745 22 0.007315
  16 0.079975 -5.282605 16.668749 -0.201236 -0.353190 -0.913653 0.228516 0.207031 3 16 0.909662 8 0.065775 15 0.024563
zombie
  15 0.752065 -6.179779 20.473787 -0.139576 -0.511370 0.847950 0.232422 0.066406 2 15 0.510913 16 0.489087
  13 1.851752 -0.000000 22.032446 0.565946 -0.000000 0.824443 0.123047 0.003906 3 13 0.775007 15 0.114911 9 0.110082
  15 0.547955 -1.437785 21.303694 -0.394795 -0.529713 0.750694 0.150391 0.050781 4 15 0.744467 13 0.150089 9 0.062707 8 0.042738
zombie
  13 1.851752 -0.000000 22.032446 0.565946 -0.000000 0.824443 0.341797 0.003906 3 13 0.775007 15 0.114911 9 0.110082
  15 0.752065 -6.179779 20.473787 -0.139576 -0.511370 0.847950 0.232422 0.066406 2 15 0.510913 16 0.489087
  15 3.826385 -4.264772 20.563726 0.701378 -0.324348 0.634718 0.263672 0.074219 3 15 0.757845 16 0.132701 13 0.109453
zombie
  8 -1.413256 -4.163640 11.404459 -0.355033 -0.650924 -0.671006 0.228516 0.394531 4 8 0.818878 7 0.088062 16 0.085745 22 0.007315
  8 1.857229 -3.471365 12.533449 0.577780 -0.499831 -0.645244 0.275391 0.363281 4 8 0.835900 16 0.118101 15 0.032809 7 0.013191
  16 0.079975 -5.282605 16.668749 -0.201236 -0.353190 -0.913653 0.228516 0.207031 3 16 0.909662 8 0.065775 15 0.024563
zombie
  16 0.079975 -5.282605 16.668749 -0.201236 -0.353190 -0.913653 0.228516 0.207031 3 16 0.909662 8 0.065775 15 0.024563
  8 1.857229 -3.471365 12.533449 0.577780 -0.499831 -0.645244 0.275391 0.363281 4 8 0.835900 16 0.118101 15 0.032809 7 0.013191
  15 4.348408 -4.084030 18.058920 0.919983 -0.355416 -0.165258 0.263672 0.167969 4 15 0.736398 16 0.169289 8 0.093727 13 0.000585
zombie
  8 1.857229 -3.471365 12.533449 0.577780 -0.499831 -0.645244 0.275391 0.363281 4 8 0.835900 16 0.118101 15 0.032809 7 0.013191
  8 3.153236 -0.000000 13.334940 0.863370 -0.000386 -0.504571 0.341797 0.332031 3 8 0.990416 9 0.005077 15 0.004507
  15 4.348408 -4.084030 18.058920 0.919983 -0.355416 -0.165258 0.263672 0.167969 4 15 0.736398 16 0.169289 8 0.093727 13 0.000585
zombie
  9 4.348409 4.084029 18.058924 0.919983 0.355416 -0.165259 0.423828 0.167969 4 9 0.741699 10 0.165586 8 0.091099 13 0.001615
  9 3.826386 4.264771 20.563730 0.701389 0.324340 0.634710 0.423828 0.074219 3 9 0.746135 10 0.138665 13 0.115199
  15 3.826385 -4.264772 20.563726 0.701378 -0.324348 0.634718 0.263672 0.074219 3 15 0.757845 16 0.132701 13 0.109453
zombie
  7 -3.658933 0.000001 8.827272 -0.981974 -0.001781 0.189008 0.095703 0.738281 4 7 0.584475 8 0.228132 1 0.094552 22 0.092842
  7 -3.886868 0.000001 6.327740 -0.998305 0.000000 0.058206 0.095703 0.832031 4 7 0.533969 1 0.199849 22 0.197318 8 0.068864
  22 -0.528560 -2.741808 7.811020 -0.049469 -0.428474 0.902199 0.142578 0.777344 4 22 0.605451 7 0.203666 8 0.098381 23 0.092501
zombie
  7 -3.658933 0.000001 8.827272 -0.981974 -0.001781 0.189008 0.095703 0.738281 4 7 0.584475 8 0.228132 1 0.094552 22 0.092842
  7 -0.756418 2.695908 9.596426 -0.020579 0.999680 0.014738 0.048828 0.714844 4 7 0.489941 8 0.321810 1 0.184431 2 0.003818
  1 -0.528559 2.741810 7.811020 -0.049224 0.435280 0.898949 0.048828 0.777344 4 1 0.605666 7 0.202492 8 0.100245 2 0.091597
zombie
  8 1.517919 0.000000 10.254755 0.983873 -0.005293 -0.178791 0.271484 0.675781 1 8 1.000000
  7 -0.756418 2.695908 9.596426 -0.020579 0.999680 0.014738 0.322266 0.691406 4 7 0.489941 8 0.321810 1 0.184431 2 0.003818
  8 -0.741414 2.977735 11.277662 -0.035843 0.519913 -0.853467 0.322266 0.628906 4 8 0.748034 7 0.154228 1 0.054808 10 0.042930
zombie
  8 -0.741414 -2.916550 11.277662 -0.038979 -0.519419 -0.853630 0.224609 0.628906 4 8 0.752950 7 0.153121 22 0.053132 16 0.040796
  7 -0.770787 -2.634724 9.596426 -0.025246 -0.999384 0.024395 0.224609 0.691406 4 7 0.494842 8 0.319354 22 0.182026 23 0.003779
  8 1.517919 0.000000 10.254755 0.983873 -0.005293 -0.178791 0.271484 0.675781 1 8 1.000000
zombie
  2 -0.321695 5.115366 4.036541 -0.100246 0.992617 0.068284 0.001953 0.910156 2 2 0.968920 1 0.031080
  2 -2.819483 3.259986 4.400311 -0.879350 0.436562 -0.190152 0.048828 0.894531 3 2 0.718283 7 0.171190 1 0.110526
  1 -3.006715 3.037912 6.438990 -0.787701 0.448368 0.422485 0.048828 0.816406 4 1 0.683361 2 0.157036 7 0.140209 22 0.019395
zombie
  22 -3.006716 -3.037909 6.438990 -0.787702 -0.448367 0.422485 0.142578 0.816406 4 22 0.678129 23 0.160547 7 0.140853 1 0.020470
  23 -2.819483 -3.259983 4.400311 -0.879350 -0.436562 -0.190152 0.142578 0.894531 4 23 0.525636 22 0.446939 7 0.027367 1 0.000058
  23 -0.321696 -5.115367 4.036539 -0.100247 -0.992617 0.068284 0.181641 0.910156 2 23 0.969712 22 0.030288
zombie
  1 3.370222 1.328750 2.675196 0.881754 0.043444 -0.469705 0.291016 0.941406 4 1 0.505628 2 0.353465 22 0.072526 23 0.068381
  2 2.700454 1.956109 1.473373 0.852215 -0.321724 -0.412582 0.314453 0.980469 3 2 0.888571 1 0.097464 23 0.013965
  2 1.819324 4.315080 2.827024 0.644934 0.755046 -0.118178 0.333984 0.941406 2 2 0.976578 1 0.023422
zombie
  22 3.370221 -1.328747 2.675192 0.881754 -0.043444 -0.469705 0.248047 0.941406 4 22 0.479005 23 0.357333 1 0.095809 2 0.067853
  22 3.199792 -3.587747 5.204603 0.825528 -0.533327 0.184567 0.212891 0.863281 4 22 0.983199 23 0.015497 28 0.000721 7 0.000583
  23 1.819323 -4.315081 2.827024 0.644934 -0.755046 -0.118178 0.208984 0.941406 2 23 0.976552 22 0.023448
zombie
  9 -1.281527 5.538696 19.376539 -0.816325 0.326198 0.476664 0.869141 0.261719 3 9 0.741734 10 0.241312 8 0.016954
  9 0.752066 6.179780 20.473787 -0.139577 0.511369 0.847950 0.837891 0.214844 2 9 0.510118 10 0.489882
  10 0.644107 7.497903 19.099756 -0.113953 0.940498 0.320123 0.841797 0.292969 2 10 0.898023 9 0.101977
zombie
  10 0.644107 7.497903 19.099756 -0.113953 0.940498 0.320123 0.841797 0.292969 2 10 0.898023 9 0.101977
  10 -1.141257 6.232595 17.581556 -0.822708 0.533526 -0.196220 0.865234 0.355469 3 10 0.897076 9 0.089088 8 0.013837
  9 -1.281527 5.538696 19.376539 -0.816325 0.326198 0.476664 0.869141 0.261719 3 9 0.741734 10 0.241312 8 0.016954
zombie
  10 -1.141257 6.232595 17.581556 -0.822708 0.533526 -0.196220 0.865234 0.355469 3 10 0.897076 9 0.089088 8 0.013837
  10 0.644107 7.497903 19.099756 -0.113953 0.940498 0.320123 0.841797 0.292969 2 10 0.898023 9 0.101977
  10 0.759433 7.372154 16.780424 -0.028062 0.983744 0.177373 0.845703 0.402344 1 10 1.000000
zombie
  10 0.759433 7.372154 16.780424 -0.028062 0.983744 0.177373 0.845703 0.402344 1 10 1.000000
  10 -0.031555 8.302358 12.602793 -0.968874 0.034339 0.245162 0.865234 0.605469 1 10 1.000000
  10 -1.141257 6.232595 17.581556 -0.822708 0.533526 -0.196220 0.865234 0.355469 3 10 0.897076 9 0.089088 8 0.013837
zombie
  10 -1.141257 6.232595 17.581556 -0.822708 0.533526 -0.196220 0.865234 0.355469 3 10 0.897076 9 0.089088 8 0.013837
  10 -1.657493 5.155478 17.396719 -0.841037 0.513352 -0.170662 0.884766 0.339844 3 10 0.689531 9 0.167693 8 0.142775
  9 -1.281527 5.538696 19.376539 -0.816325 0.326198 0.476664 0.869141 0.261719 3 9 0.741734 10 0.241312 8 0.016954
zombie
  10 0.079976 5.282606 16.668756 -0.201235 0.353189 -0.913653 0.884766 0.371094 3 10 0.909551 8 0.065607 9 0.024843
  10 -0.031555 8.302358 12.602793 -0.968874 0.034339 0.245162 0.865234 0.605469 1 10 1.000000
  10 1.111153 7.604486 12.242754 0.093704 -0.963940 -0.249078 0.880859 0.613281 1 10 1.000000
zombie
  10 -1.657493 5.155478 17.396719 -0.841037 0.513352 -0.170662 0.884766 0.339844 3 10 0.689531 9 0.167693 8 0.142775
  10 -1.141257 6.232595 17.581556 -0.822708 0.533526 -0.196220 0.865234 0.355469 3 10 0.897076 9 0.089088 8 0.013837
  10 0.079976 5.282606 16.668756 -0.201235 0.353189 -0.913653 0.884766 0.371094 3 10 0.909551 8 0.065607 9 0.024843
zombie
  9 0.752066 6.179780 20.473787 -0.139577 0.511369 0.847950 0.837891 0.214844 2 9 0.510118 10 0.489882
  9 3.826386 4.264771 20.563730 0.701389 0.324340 0.634710 0.794922 0.214844 3 9 0.746135 10 0.138665 13 0.115199
  10 2.570920 6.605924 19.165655 0.591943 0.755898 0.279681 0.826172 0.300781 2 10 0.846106 9 0.153894
zombie
  10 0.759433 7.372154 16.780424 -0.028062 0.983744 0.177373 0.845703 0.402344 1 10 1.000000
  10 0.644107 7.497903 19.099756 -0.113953 0.940498 0.320123 0.841797 0.292969 2 10 0.898023 9 0.101977
  10 2.570920 6.605924 19.165655 0.591943 0.755898 0.279681 0.826172 0.300781 2 10 0.846106 9 0.153894
zombie
  10 0.759433 7.372154 16.780424 -0.028062 0.983744 0.177373 0.845703 0.402344 1 10 1.000000
  10 2.570920 6.605924 19.165655 0.591943 0.755898 0.279681 0.826172 0.300781 2 10 0.846106 9 0.153894
  10 2.268889 6.594819 17.366106 0.761779 0.493900 -0.419232 0.826172 0.394531 2 10 0.966696 9 0.033304
zombie
  10 0.997381 8.792918 12.818476 0.022796 0.861951 0.506479 0.845703 0.597656 1 10 1.000000
  10 0.759433 7.372154 16.780424 -0.028062 0.983744 0.177373 0.845703 0.402344 1 10 1.000000
  10 2.268889 6.594819 17.366106 0.761779 0.493900 -0.419232 0.826172 0.394531 2 10 0.966696 9 0.033304
zombie
  10 0.997381 8.792918 12.818476 0.022796 0.861951 0.506479 0.845703 0.597656 1 10 1.000000
  10 2.268889 6.594819 17.366106 0.761779 0.493900 -0.419232 0.826172 0.394531 2 10 0.966696 9 0.033304
  10 1.992732 8.348314 12.454382 0.994075 0.029678 0.104571 0.826172 0.597656 2 10 0.974533 11 0.025467
zombie
  10 1.111153 7.604486 12.242754 0.093704 -0.963940 -0.249078 0.802734 0.597656 1 10 1.000000
  10 1.992732 8.348314 12.454382 0.994075 0.029678 0.104571 0.826172 0.597656 2 10 0.974533 11 0.025467
  10 2.268889 6.594819 17.366106 0.761779 0.493900 -0.419232 0.826172 0.394531 2 10 0.966696 9 0.033304
zombie
  10 1.111153 7.604486 12.242754 0.093704 -0.963940 -0.249078 0.802734 0.597656 1 10 1.000000
  10 2.268889 6.594819 17.366106 0.761779 0.493900 -0.419232 0.826172 0.394531 2 10 0.966696 9 0.033304
  10 0.079976 5.282606 16.668756 -0.201235 0.353189 -0.913653 0.794922 0.402344 3 10 0.909551 8 0.065607 9 0.024843
zombie
  10 2.570920 6.605924 19.165655 0.591943 0.755898 0.279681 0.826172 0.300781 2 10 0.846106 9 0.153894
  9 3.826386 4.264771 20.563730 0.701389 0.324340 0.634710 0.794922 0.214844 3 9 0.746135 10 0.138665 13 0.115199
  9 4.348409 4.084029 18.058924 0.919983 0.355416 -0.165259 0.794922 0.292969 4 9 0.741699 10 0.165586 8 0.091099 13 0.001615
zombie
  10 0.997381 8.792918 12.818476 0.022796 0.861951 0.506479 0.845703 0.597656 1 10 1.000000
  11 -0.849925 9.205001 11.026533 -0.916227 -0.106595 0.386219 0.865234 0.707031 2 11 0.933737 10 0.066263
  10 -0.031555 8.302358 12.602793 -0.968874 0.034339 0.245162 0.865234 0.605469 1 10 1.000000
zombie
  12 -3.022213 13.838841 2.829460 -0.528153 0.848811 -0.023958 0.208984 0.527344 1 12 1.000000
  12 -3.597603 11.777149 1.725443 -0.787995 -0.237333 -0.568099 0.216797 0.621094 2 12 0.937365 11 0.062635
  12 -3.797801 11.603042 2.653172 -0.988313 -0.118799 -0.095519 0.197266 0.597656 2 12 0.922320 11 0.077680
zombie
  12 -3.022213 13.838841 2.829460 -0.528153 0.848811 -0.023958 0.208984 0.527344 1 12 1.000000
  12 -3.797801 11.603042 2.653172 -0.988313 -0.118799 -0.095519 0.197266 0.597656 2 12 0.922320 11 0.077680
  12 -2.639419 12.980973 3.922834 -0.474851 0.661461 0.580505 0.185547 0.527344 2 12 0.914130 11 0.085870
zombie
  12 -1.544547 13.864696 2.506550 0.421366 0.886090 -0.193119 0.208984 0.480469 1 12 1.000000
  12 -3.022213 13.838841 2.829460 -0.528153 0.848811 -0.023958 0.208984 0.527344 1 12 1.000000
  12 -2.639419 12.980973 3.922834 -0.474851 0.661461 0.580505 0.185547 0.527344 2 12 0.914130 11 0.085870
zombie
  12 -1.544547 13.864696 2.506550 0.421366 0.886090 -0.193119 0.208984 0.480469 1 12 1.000000
  12 -2.639419 12.980973 3.922834 -0.474851 0.661461 0.580505 0.185547 0.527344 2 12 0.914130 11 0.085870
  12 -1.191774 13.010559 3.594677 0.632518 0.721319 0.282172 0.185547 0.480469 3 12 0.962240 11 0.032176 29 0.005584
zombie
  11 -1.549031 11.100871 4.857468 -0.043470 -0.995168 -0.088044 0.794922 0.988281 2 11 0.916003 29 0.083997
  29 -0.592990 11.752550 4.842438 0.979824 0.023772 -0.198442 0.818359 0.988281 2 29 0.948738 11 0.051262
  11 1.122708 7.960696 9.883009 0.566780 -0.711676 -0.415063 0.806641 0.707031 2 11 0.951406 10 0.048594
zombie
  10 1.992732 8.348314 12.454382 0.994075 0.029678 0.104571 0.826172 0.597656 2 10 0.974533 11 0.025467
  11 1.122708 7.960696 9.883009 0.566780 -0.711676 -0.415063 0.806641 0.707031 2 11 0.951406 10 0.048594
  11 1.635061 10.198831 10.535830 0.811299 0.577688 0.089834 0.833984 0.707031 2 11 0.958507 10 0.041493
zombie
  11 -1.358345 12.367932 5.110548 0.013946 0.878248 0.478001 0.845703 0.988281 2 11 0.933093 29 0.066907
  11 -0.307970 10.427977 10.937864 -0.338140 0.778128 0.529319 0.853516 0.707031 2 11 0.993136 10 0.006864
  11 1.635061 10.198831 10.535830 0.811299 0.577688 0.089834 0.833984 0.707031 2 11 0.958507 10 0.041493
zombie
  10 1.111153 7.604486 12.242754 0.093704 -0.963940 -0.249078 0.802734 0.597656 1 10 1.000000
  11 0.001671 7.896911 10.095278 -0.427352 -0.883466 -0.191982 0.794922 0.707031 2 11 0.969984 10 0.030016
  11 1.122708 7.960696 9.883009 0.566780 -0.711676 -0.415063 0.806641 0.707031 2 11 0.951406 10 0.048594
zombie
  12 -3.022213 13.838841 2.829460 -0.528153 0.848811 -0.023958 0.208984 0.527344 1 12 1.000000
  12 -1.744519 11.952833 0.859365 0.265905 -0.200827 -0.942848 0.240234 0.464844 1 12 1.000000
  12 -3.597603 11.777149 1.725443 -0.787995 -0.237333 -0.568099 0.240234 0.550781 2 12 0.937365 11 0.062635
zombie
  12 -2.639419 12.980973 3.922834 -0.474851 0.661461 0.580505 0.185547 0.527344 2 12 0.914130 11 0.085870
  12 -3.797801 11.603042 2.653172 -0.988313 -0.118799 -0.095519 0.197266 0.597656 2 12 0.922320 11 0.077680
  12 -3.928158 11.009721 3.401930 -0.915551 -0.346973 0.203409 0.185547 0.597656 2 12 0.836254 11 0.163746
zombie
  12 -2.639419 12.980973 3.922834 -0.474851 0.661461 0.580505 0.185547 0.527344 2 12 0.914130 11 0.085870
  11 -1.358345 12.367932 5.110548 0.013946 0.878248 0.478001 0.150391 0.503906 2 11 0.933093 29 0.066907
  12 -1.191774 13.010559 3.594677 0.632518 0.721319 0.282172 0.185547 0.480469 3 12 0.962240 11 0.032176 29 0.005584
zombie
  12 -1.544547 13.864696 2.506550 0.421366 0.886090 -0.193119 0.208984 0.480469 1 12 1.000000
  12 -0.700959 11.777600 2.644482 0.887860 -0.344501 -0.304997 0.177734 0.417969 2 12 0.936556 29 0.063444
  12 -1.744519 11.952833 0.859365 0.265905 -0.200827 -0.942848 0.216797 0.417969 1 12 1.000000
zombie
  11 -2.123889 11.633238 5.058470 -0.807761 -0.056072 0.586837 0.865234 0.988281 1 11 1.000000
  11 -0.849925 9.205001 11.026533 -0.916227 -0.106595 0.386219 0.865234 0.707031 2 11 0.933737 10 0.066263
  11 -0.307970 10.427977 10.937864 -0.338140 0.778128 0.529319 0.853516 0.707031 2 11 0.993136 10 0.006864
zombie
  11 -2.123889 11.633238 5.058470 -0.807761 -0.056072 0.586837 0.865234 0.988281 1 11 1.000000
  11 -0.307970 10.427977 10.937864 -0.338140 0.778128 0.529319 0.853516 0.707031 2 11 0.993136 10 0.006864
  11 -1.358345 12.367932 5.110548 0.013946 0.878248 0.478001 0.845703 0.988281 2 11 0.933093 29 0.066907
zombie
  11 0.001671 7.896911 10.095278 -0.427352 -0.883466 -0.191982 0.884766 0.707031 2 11 0.969984 10 0.030016
  11 -0.849925 9.205001 11.026533 -0.916227 -0.106595 0.386219 0.865234 0.707031 2 11 0.933737 10 0.066263
  11 -2.123889 11.633238 5.058470 -0.807761 -0.056072 0.586837 0.865234 0.988281 1 11 1.000000
zombie
  11 0.001671 7.896911 10.095278 -0.427352 -0.883466 -0.191982 0.884766 0.707031 2 11 0.969984 10 0.030016
  11 -2.123889 11.633238 5.058470 -0.807761 -0.056072 0.586837 0.865234 0.988281 1 11 1.000000
  11 -1.549031 11.100871 4.857468 -0.043470 -0.995168 -0.088044 0.880859 0.988281 2 11 0.916003 29 0.083997
zombie
  12 -1.744519 11.952833 0.859365 0.265905 -0.200827 -0.942848 0.216797 0.714844 1 12 1.000000
  12 -3.148978 11.238976 2.452000 -0.215299 -0.790575 -0.573269 0.197266 0.636719 2 12 0.911282 11 0.088718
  12 -3.597603 11.777149 1.725443 -0.787995 -0.237333 -0.568099 0.216797 0.621094 2 12 0.937365 11 0.062635
zombie
  12 -3.797801 11.603042 2.653172 -0.988313 -0.118799 -0.095519 0.197266 0.597656 2 12 0.922320 11 0.077680
  12 -3.597603 11.777149 1.725443 -0.787995 -0.237333 -0.568099 0.216797 0.621094 2 12 0.937365 11 0.062635
  12 -3.148978 11.238976 2.452000 -0.215299 -0.790575 -0.573269 0.197266 0.636719 2 12 0.911282 11 0.088718
zombie
  12 -3.074751 10.433596 3.102730 -0.161708 -0.969835 -0.182401 0.185547 0.636719 2 12 0.773212 11 0.226788
  12 -3.928158 11.009721 3.401930 -0.915551 -0.346973 0.203409 0.185547 0.597656 2 12 0.836254 11 0.163746
  12 -3.797801 11.603042 2.653172 -0.988313 -0.118799 -0.095519 0.197266 0.597656 2 12 0.922320 11 0.077680
zombie
  12 -3.074751 10.433596 3.102730 -0.161708 -0.969835 -0.182401 0.185547 0.636719 2 12 0.773212 11 0.226788
  12 -3.797801 11.603042 2.653172 -0.988313 -0.118799 -0.095519 0.197266 0.597656 2 12 0.922320 11 0.077680
  12 -3.148978 11.238976 2.452000 -0.215299 -0.790575 -0.573269 0.197266 0.636719 2 12 0.911282 11 0.088718
zombie
  12 -1.744519 11.952833 0.859365 0.265905 -0.200827 -0.942848 0.216797 0.714844 1 12 1.000000
  12 -0.700959 11.777600 2.644482 0.887860 -0.344501 -0.304997 0.185547 0.714844 2 12 0.936556 29 0.063444
  12 -3.148978 11.238976 2.452000 -0.215299 -0.790575 -0.573269 0.197266 0.636719 2 12 0.911282 11 0.088718
zombie
  11 -2.123889 11.633238 5.058470 -0.807761 -0.056072 0.586837 0.150391 0.574219 1 11 1.000000
  12 -3.928158 11.009721 3.401930 -0.915551 -0.346973 0.203409 0.185547 0.597656 2 12 0.836254 11 0.163746
  12 -3.074751 10.433596 3.102730 -0.161708 -0.969835 -0.182401 0.185547 0.636719 2 12 0.773212 11 0.226788
zombie
  11 -2.123889 11.633238 5.058470 -0.807761 -0.056072 0.586837 0.150391 0.574219 1 11 1.000000
  12 -3.074751 10.433596 3.102730 -0.161708 -0.969835 -0.182401 0.185547 0.636719 2 12 0.773212 11 0.226788
  11 -1.549031 11.100871 4.857468 -0.043470 -0.995168 -0.088044 0.150391 0.660156 2 11 0.916003 29 0.083997
zombie
  12 -1.191774 13.010559 3.594677 0.632518 0.721319 0.282172 0.185547 0.480469 3 12 0.962240 11 0.032176 29 0.005584
  11 -1.358345 12.367932 5.110548 0.013946 0.878248 0.478001 0.150391 0.503906 2 11 0.933093 29 0.066907
  29 -0.592990 11.752550 4.842438 0.979824 0.023772 -0.198442 0.150391 0.457031 2 29 0.948738 11 0.051262
zombie
  12 -3.148978 11.238976 2.452000 -0.215299 -0.790575 -0.573269 0.197266 0.636719 2 12 0.911282 11 0.088718
  12 -0.700959 11.777600 2.644482 0.887860 -0.344501 -0.304997 0.185547 0.714844 2 12 0.936556 29 0.063444
  12 -3.074751 10.433596 3.102730 -0.161708 -0.969835 -0.182401 0.185547 0.636719 2 12 0.773212 11 0.226788
zombie
  10 0.997381 8.792918 12.818476 0.022796 0.861951 0.506479 0.845703 0.597656 1 10 1.000000
  10 1.992732 8.348314 12.454382 0.994075 0.029678 0.104571 0.826172 0.597656 2 10 0.974533 11 0.025467
  11 1.635061 10.198831 10.535830 0.811299 0.577688 0.089834 0.833984 0.707031 2 11 0.958507 10 0.041493
zombie
  29 -0.592990 11.752550 4.842438 0.979824 0.023772 -0.198442 0.818359 0.988281 2 29 0.948738 11 0.051262
  11 -1.358345 12.367932 5.110548 0.013946 0.878248 0.478001 0.845703 0.988281 2 11 0.933093 29 0.066907
  11 1.635061 10.198831 10.535830 0.811299 0.577688 0.089834 0.833984 0.707031 2 11 0.958507 10 0.041493
zombie
  11 1.122708 7.960696 9.883009 0.566780 -0.711676 -0.415063 0.806641 0.707031 2 11 0.951406 10 0.048594
  29 -0.592990 11.752550 4.842438 0.979824 0.023772 -0.198442 0.818359 0.988281 2 29 0.948738 11 0.051262
  11 1.635061 10.198831 10.535830 0.811299 0.577688 0.089834 0.833984 0.707031 2 11 0.958507 10 0.041493
zombie
  10 0.997381 8.792918 12.818476 0.022796 0.861951 0.506479 0.845703 0.597656 1 10 1.000000
  11 1.635061 10.198831 10.535830 0.811299 0.577688 0.089834 0.833984 0.707031 2 11 0.958507 10 0.041493
  11 -0.307970 10.427977 10.937864 -0.338140 0.778128 0.529319 0.853516 0.707031 2 11 0.993136 10 0.006864
zombie
  10 1.111153 7.604486 12.242754 0.093704 -0.963940 -0.249078 0.880859 0.613281 1 10 1.000000
  10 -0.031555 8.302358 12.602793 -0.968874 0.034339 0.245162 0.865234 0.605469 1 10 1.000000
  11 -0.849925 9.205001 11.026533 -0.916227 -0.106595 0.386219 0.865234 0.707031 2 11 0.933737 10 0.066263
zombie
  10 1.111153 7.604486 12.242754 0.093704 -0.963940 -0.249078 0.880859 0.613281 1 10 1.000000
  11 -0.849925 9.205001 11.026533 -0.916227 -0.106595 0.386219 0.865234 0.707031 2 11 0.933737 10 0.066263
  11 0.001671 7.896911 10.095278 -0.427352 -0.883466 -0.191982 0.884766 0.707031 2 11 0.969984 10 0.030016
zombie
  11 -2.123889 11.633238 5.058470 -0.807761 -0.056072 0.586837 0.150391 0.574219 1 11 1.000000
  12 -2.639419 12.980973 3.922834 -0.474851 0.661461 0.580505 0.185547 0.527344 2 12 0.914130 11 0.085870
  12 -3.928158 11.009721 3.401930 -0.915551 -0.346973 0.203409 0.185547 0.597656 2 12 0.836254 11 0.163746
zombie
  11 -1.549031 11.100871 4.857468 -0.043470 -0.995168 -0.088044 0.794922 0.988281 2 11 0.916003 29 0.083997
  11 1.122708 7.960696 9.883009 0.566780 -0.711676 -0.415063 0.806641 0.707031 2 11 0.951406 10 0.048594
  11 0.001671 7.896911 10.095278 -0.427352 -0.883466 -0.191982 0.794922 0.707031 2 11 0.969984 10 0.030016
zombie
  12 -1.191774 13.010559 3.594677 0.632518 0.721319 0.282172 0.185547 0.480469 3 12 0.962240 11 0.032176 29 0.005584
  29 -0.592990 11.752550 4.842438 0.979824 0.023772 -0.198442 0.150391 0.457031 2 29 0.948738 11 0.051262
  12 -0.700959 11.777600 2.644482 0.887860 -0.344501 -0.304997 0.177734 0.417969 2 12 0.936556 29 0.063444
zombie
  10 1.992732 8.348314 12.454382 0.994075 0.029678 0.104571 0.826172 0.597656 2 10 0.974533 11 0.025467
  10 1.111153 7.604486 12.242754 0.093704 -0.963940 -0.249078 0.802734 0.597656 1 10 1.000000
  11 1.122708 7.960696 9.883009 0.566780 -0.711676 -0.415063 0.806641 0.707031 2 11 0.951406 10 0.048594
zombie
  29 -0.592990 11.752550 4.842438 0.979824 0.023772 -0.198442 0.150391 0.714844 2 29 0.948738 11 0.051262
  11 -1.549031 11.100871 4.857468 -0.043470 -0.995168 -0.088044 0.150391 0.660156 2 11 0.916003 29 0.083997
  12 -3.074751 10.433596 3.102730 -0.161708 -0.969835 -0.182401 0.185547 0.636719 2 12 0.773212 11 0.226788
zombie
  29 -0.592990 11.752550 4.842438 0.979824 0.023772 -0.198442 0.150391 0.714844 2 29 0.948738 11 0.051262
  12 -3.074751 10.433596 3.102730 -0.161708 -0.969835 -0.182401 0.185547 0.636719 2 12 0.773212 11 0.226788
  12 -0.700959 11.777600 2.644482 0.887860 -0.344501 -0.304997 0.185547 0.714844 2 12 0.936556 29 0.063444
zombie
  10 0.759433 7.372154 16.780424 -0.028062 0.983744 0.177373 0.845703 0.402344 1 10 1.000000
  10 0.997381 8.792918 12.818476 0.022796 0.861951 0.506479 0.845703 0.597656 1 10 1.000000
  10 -0.031555 8.302358 12.602793 -0.968874 0.034339 0.245162 0.865234 0.605469 1 10 1.000000
zombie
  10 2.570920 6.605924 19.165655 0.591943 0.755898 0.279681 0.826172 0.300781 2 10 0.846106 9 0.153894
  9 4.348409 4.084029 18.058924 0.919983 0.355416 -0.165259 0.794922 0.292969 4 9 0.741699 10 0.165586 8 0.091099 13 0.001615
  10 2.268889 6.594819 17.366106 0.761779 0.493900 -0.419232 0.826172 0.394531 2 10 0.966696 9 0.033304
zombie
  9 4.348409 4.084029 18.058924 0.919983 0.355416 -0.165259 0.794922 0.292969 4 9 0.741699 10 0.165586 8 0.091099 13 0.001615
  10 0.079976 5.282606 16.668756 -0.201235 0.353189 -0.913653 0.794922 0.402344 3 10 0.909551 8 0.065607 9 0.024843
  10 2.268889 6.594819 17.366106 0.761779 0.493900 -0.419232 0.826172 0.394531 2 10 0.966696 9 0.033304
zombie
  9 0.752066 6.179780 20.473787 -0.139577 0.511369 0.847950 0.837891 0.214844 2 9 0.510118 10 0.489882
  10 2.570920 6.605924 19.165655 0.591943 0.755898 0.279681 0.826172 0.300781 2 10 0.846106 9 0.153894
  10 0.644107 7.497903 19.099756 -0.113953 0.940498 0.320123 0.841797 0.292969 2 10 0.898023 9 0.101977
zombie
  11 -2.123889 11.633238 5.058470 -0.807761 -0.056072 0.586837 0.150391 0.574219 1 11 1.000000
  11 -1.358345 12.367932 5.110548 0.013946 0.878248 0.478001 0.150391 0.503906 2 11 0.933093 29 0.066907
  12 -2.639419 12.980973 3.922834 -0.474851 0.661461 0.580505 0.185547 0.527344 2 12 0.914130 11 0.085870
zombie
  10 0.079976 5.282606 16.668756 -0.201235 0.353189 -0.913653 0.884766 0.371094 3 10 0.909551 8 0.065607 9 0.024843
  10 -1.141257 6.232595 17.581556 -0.822708 0.533526 -0.196220 0.865234 0.355469 3 10 0.897076 9 0.089088 8 0.013837
  10 -0.031555 8.302358 12.602793 -0.968874 0.034339 0.245162 0.865234 0.605469 1 10 1.000000
zombie
  10 0.997381 8.792918 12.818476 0.022796 0.861951 0.506479 0.845703 0.597656 1 10 1.000000
  11 -0.307970 10.427977 10.937864 -0.338140 0.778128 0.529319 0.853516 0.707031 2 11 0.993136 10 0.006864
  11 -0.849925 9.205001 11.026533 -0.916227 -0.106595 0.386219 0.865234 0.707031 2 11 0.933737 10 0.066263
zombie
  12 -1.544547 13.864696 2.506550 0.421366 0.886090 -0.193119 0.208984 0.480469 1 12 1.000000
  12 -1.191774 13.010559 3.594677 0.632518 0.721319 0.282172 0.185547 0.480469 3 12 0.962240 11 0.032176 29 0.005584
  12 -0.700959 11.777600 2.644482 0.887860 -0.344501 -0.304997 0.177734 0.417969 2 12 0.936556 29 0.063444
zombie
  24 2.483169 -4.915707 -21.593964 0.620856 -0.731736 0.281248 0.955078 0.488281 2 24 0.932347 26 0.067653
  24 2.603137 -4.010502 -13.550359 0.980563 -0.004735 0.196149 0.970703 0.253906 1 24 1.000000
  24 0.401787 -5.746422 -14.876232 -0.117279 -0.992562 0.032642 0.947266 0.285156 1 24 1.000000
zombie
  24 0.608432 -2.456775 -14.832463 -0.116350 0.992505 -0.037366 0.998047 0.285156 1 24 1.000000
  24 2.603137 -4.010502 -13.550359 0.980563 -0.004735 0.196149 0.970703 0.253906 1 24 1.000000
  24 2.773031 -3.707805 -21.593964 0.727141 0.620431 0.293822 0.970703 0.488281 2 24 0.920121 26 0.079879
zombie
  24 2.603137 -4.010502 -13.550359 0.980563 -0.004735 0.196149 0.970703 0.253906 1 24 1.000000
  24 2.483169 -4.915707 -21.593964 0.620856 -0.731736 0.281248 0.955078 0.488281 2 24 0.932347 26 0.067653
  24 2.773031 -3.707805 -21.593964 0.727141 0.620431 0.293822 0.970703 0.488281 2 24 0.920121 26 0.079879
zombie
  24 -1.123098 -3.951679 -10.706188 -0.971561 0.003745 -0.236760 0.923828 0.128906 1 24 1.000000
  23 -2.077877 -3.655288 -9.160195 -0.938084 0.017035 -0.345988 0.923828 0.058594 3 23 0.411682 24 0.328045 27 0.260273
  23 -0.748141 -2.364082 -8.416801 -0.221923 0.950729 -0.216485 0.896484 0.042969 3 23 0.924626 27 0.056732 24 0.018642
zombie
  27 0.506946 -2.810619 -9.141716 0.706171 0.703489 0.080161 0.990234 0.066406 3 27 0.701963 23 0.165494 24 0.132543
  23 0.583610 -4.331111 -8.936305 0.755947 -0.588061 0.287627 0.962891 0.066406 3 23 0.456020 24 0.341547 27 0.202432
  24 1.933759 -3.831131 -10.528519 0.951257 0.007363 0.308310 0.970703 0.152344 3 24 0.918250 27 0.046276 23 0.035473
zombie
  23 0.583610 -4.331111 -8.936305 0.755947 -0.588061 0.287627 0.962891 0.066406 3 23 0.456020 24 0.341547 27 0.202432
  24 -0.262965 -5.175097 -10.629584 -0.169198 -0.981909 0.085006 0.947266 0.144531 2 24 0.977178 23 0.022822
  24 1.933759 -3.831131 -10.528519 0.951257 0.007363 0.308310 0.970703 0.152344 3 24 0.918250 27 0.046276 23 0.035473
zombie
  24 -1.123098 -3.951679 -10.706188 -0.971561 0.003745 -0.236760 0.923828 0.128906 1 24 1.000000
  24 -0.025499 -2.720855 -10.820723 -0.151081 0.982110 -0.112403 0.896484 0.136719 2 24 0.979919 27 0.020081
  24 0.608432 -2.456775 -14.832463 -0.116350 0.992505 -0.037366 0.896484 0.285156 1 24 1.000000
zombie
  24 -1.123098 -3.951679 -10.706188 -0.971561 0.003745 -0.236760 0.923828 0.128906 1 24 1.000000
  24 0.608432 -2.456775 -14.832463 -0.116350 0.992505 -0.037366 0.896484 0.285156 1 24 1.000000
  24 -0.965622 -4.290008 -14.855680 -0.993230 -0.017488 -0.114843 0.923828 0.277344 1 24 1.000000
zombie
  24 -0.262965 -5.175097 -10.629584 -0.169198 -0.981909 0.085006 0.947266 0.144531 2 24 0.977178 23 0.022822
  24 -1.123098 -3.951679 -10.706188 -0.971561 0.003745 -0.236760 0.923828 0.128906 1 24 1.000000
  24 -0.965622 -4.290008 -14.855680 -0.993230 -0.017488 -0.114843 0.923828 0.277344 1 24 1.000000
zombie
  24 -0.262965 -5.175097 -10.629584 -0.169198 -0.981909 0.085006 0.947266 0.144531 2 24 0.977178 23 0.022822
  24 -0.965622 -4.290008 -14.855680 -0.993230 -0.017488 -0.114843 0.923828 0.277344 1 24 1.000000
  24 0.401787 -5.746422 -14.876232 -0.117279 -0.992562 0.032642 0.947266 0.285156 1 24 1.000000
zombie
  24 0.927965 -3.613752 -21.593964 -0.376078 0.879266 0.292329 0.626953 0.511719 2 24 0.924833 26 0.075167
  26 1.328907 -3.038334 -24.071959 0.017221 0.790479 -0.612247 0.626953 0.542969 2 26 0.910824 24 0.089176
  26 -4.304450 -2.930869 -24.071959 -0.501100 0.733256 -0.459603 0.689453 0.542969 1 26 1.000000
zombie
  24 0.927965 -3.613752 -21.593964 -0.376078 0.879266 0.292329 0.626953 0.511719 2 24 0.924833 26 0.075167
  26 -4.304450 -2.930869 -24.071959 -0.501100 0.733256 -0.459603 0.689453 0.542969 1 26 1.000000
  26 -4.045432 -3.278296 -23.059607 -0.465244 0.576704 0.671536 0.677734 0.527344 2 26 0.940295 24 0.059705
zombie
  26 1.330287 -6.120839 -24.071959 0.148904 -0.817741 -0.555992 0.626953 0.433594 2 26 0.917007 24 0.082993
  24 0.856576 -5.106573 -21.593964 -0.290938 -0.847478 0.444000 0.626953 0.464844 2 24 0.917169 26 0.082831
  26 -3.290232 -6.544454 -23.059607 -0.285749 -0.639556 0.713664 0.677734 0.449219 2 26 0.949876 24 0.050124
zombie
  26 1.330287 -6.120839 -24.071959 0.148904 -0.817741 -0.555992 0.626953 0.433594 2 26 0.917007 24 0.082993
  26 -3.290232 -6.544454 -23.059607 -0.285749 -0.639556 0.713664 0.677734 0.449219 2 26 0.949876 24 0.050124
  26 -3.779852 -6.887726 -24.071959 -0.468724 -0.795240 -0.384566 0.689453 0.425781 1 26 1.000000
zombie
  24 1.933759 -3.831131 -10.528519 0.951257 0.007363 0.308310 0.970703 0.152344 3 24 0.918250 27 0.046276 23 0.035473
  24 -0.262965 -5.175097 -10.629584 -0.169198 -0.981909 0.085006 0.947266 0.144531 2 24 0.977178 23 0.022822
  24 0.401787 -5.746422 -14.876232 -0.117279 -0.992562 0.032642 0.947266 0.285156 1 24 1.000000
zombie
  24 1.933759 -3.831131 -10.528519 0.951257 0.007363 0.308310 0.970703 0.152344 3 24 0.918250 27 0.046276 23 0.035473
  24 0.401787 -5.746422 -14.876232 -0.117279 -0.992562 0.032642 0.947266 0.285156 1 24 1.000000
  24 2.603137 -4.010502 -13.550359 0.980563 -0.004735 0.196149 0.970703 0.253906 1 24 1.000000
zombie
  23 -0.748141 -2.364082 -8.416801 -0.221923 0.950729 -0.216485 0.998047 0.042969 3 23 0.924626 27 0.056732 24 0.018642
  23 0.470982 -2.505508 -7.530834 0.782659 0.605569 -0.143984 0.990234 0.019531 2 23 0.998029 27 0.001971
  27 0.506946 -2.810619 -9.141716 0.706171 0.703489 0.080161 0.990234 0.066406 3 27 0.701963 23 0.165494 24 0.132543
zombie
  26 -4.466416 -4.547626 -23.059607 -0.687655 -0.050570 0.724274 0.685547 0.488281 1 26 1.000000
  26 -4.045432 -3.278296 -23.059607 -0.465244 0.576704 0.671536 0.677734 0.527344 2 26 0.940295 24 0.059705
  26 -4.304450 -2.930869 -24.071959 -0.501100 0.733256 -0.459603 0.689453 0.542969 1 26 1.000000
zombie
  26 -4.466416 -4.547626 -23.059607 -0.687655 -0.050570 0.724274 0.685547 0.488281 1 26 1.000000
  26 -4.304450 -2.930869 -24.071959 -0.501100 0.733256 -0.459603 0.689453 0.542969 1 26 1.000000
  26 -4.991331 -4.640648 -24.071959 -0.896845 -0.074947 -0.435949 0.701172 0.488281 1 26 1.000000
zombie
  23 0.487719 -4.226482 -7.440351 0.776811 -0.628463 -0.039985 0.962891 0.019531 1 23 1.000000
  23 -1.010085 -4.825112 -8.268919 -0.308527 -0.951167 0.009646 0.951172 0.042969 1 23 1.000000
  23 0.583610 -4.331111 -8.936305 0.755947 -0.588061 0.287627 0.962891 0.066406 3 23 0.456020 24 0.341547 27 0.202432
zombie
  23 -1.010085 -4.825112 -8.268919 -0.308527 -0.951167 0.009646 0.951172 0.042969 1 23 1.000000
  23 -2.077877 -3.655288 -9.160195 -0.938084 0.017035 -0.345988 0.923828 0.058594 3 23 0.411682 24 0.328045 27 0.260273
  24 -1.123098 -3.951679 -10.706188 -0.971561 0.003745 -0.236760 0.923828 0.128906 1 24 1.000000
zombie
  23 0.583610 -4.331111 -8.936305 0.755947 -0.588061 0.287627 0.962891 0.066406 3 23 0.456020 24 0.341547 27 0.202432
  23 -1.010085 -4.825112 -8.268919 -0.308527 -0.951167 0.009646 0.951172 0.042969 1 23 1.000000
  24 -0.262965 -5.175097 -10.629584 -0.169198 -0.981909 0.085006 0.947266 0.144531 2 24 0.977178 23 0.022822
zombie
  23 -0.725707 -1.037733 1.276848 -0.509087 0.572946 -0.642311 0.693359 0.074219 3 23 0.843478 2 0.131416 22 0.025107
  23 2.700454 -1.956110 1.473373 0.852215 0.321724 -0.412582 0.673828 0.058594 3 23 0.884664 22 0.107100 2 0.008237
  23 0.470982 -2.505508 -7.530834 0.782659 0.605569 -0.143984 0.673828 0.378906 2 23 0.998029 27 0.001971
zombie
  23 -0.725707 -1.037733 1.276848 -0.509087 0.572946 -0.642311 0.693359 0.074219 3 23 0.843478 2 0.131416 22 0.025107
  23 0.470982 -2.505508 -7.530834 0.782659 0.605569 -0.143984 0.673828 0.378906 2 23 0.998029 27 0.001971
  23 -0.748141 -2.364082 -8.416801 -0.221923 0.950729 -0.216485 0.693359 0.402344 3 23 0.924626 27 0.056732 24 0.018642
zombie
  24 -0.025499 -2.720855 -10.820723 -0.151081 0.982110 -0.112403 0.998047 0.144531 2 24 0.979919 27 0.020081
  23 -0.748141 -2.364082 -8.416801 -0.221923 0.950729 -0.216485 0.998047 0.042969 3 23 0.924626 27 0.056732 24 0.018642
  27 0.506946 -2.810619 -9.141716 0.706171 0.703489 0.080161 0.990234 0.066406 3 27 0.701963 23 0.165494 24 0.132543
zombie
  23 -1.891039 -3.732383 -3.266674 -0.966941 -0.251699 0.040890 0.615234 0.222656 1 23 1.000000
  23 -0.725707 -1.037733 1.276848 -0.509087 0.572946 -0.642311 0.583984 0.074219 3 23 0.843478 2 0.131416 22 0.025107
  23 -2.209614 -3.294673 -7.793059 -0.982047 0.164846 -0.091706 0.607422 0.386719 3 23 0.987515 24 0.008141 27 0.004343
zombie
  26 -3.290232 -6.544454 -23.059607 -0.285749 -0.639556 0.713664 0.677734 0.449219 2 26 0.949876 24 0.050124
  26 -4.466416 -4.547626 -23.059607 -0.687655 -0.050570 0.724274 0.685547 0.488281 1 26 1.000000
  26 -4.991331 -4.640648 -24.071959 -0.896845 -0.074947 -0.435949 0.701172 0.488281 1 26 1.000000
zombie
  26 -3.290232 -6.544454 -23.059607 -0.285749 -0.639556 0.713664 0.677734 0.449219 2 26 0.949876 24 0.050124
  26 -4.991331 -4.640648 -24.071959 -0.896845 -0.074947 -0.435949 0.701172 0.488281 1 26 1.000000
  26 -3.779852 -6.887726 -24.071959 -0.468724 -0.795240 -0.384566 0.689453 0.425781 1 26 1.000000
zombie
  24 2.773031 -3.707805 -21.593964 0.727141 0.620431 0.293822 0.607422 0.503906 2 24 0.920121 26 0.079879
  24 2.483169 -4.915707 -21.593964 0.620856 -0.731736 0.281248 0.607422 0.472656 2 24 0.932347 26 0.067653
  26 3.959422 -5.516617 -24.071959 0.671828 -0.626891 -0.394530 0.595703 0.449219 2 26 0.923479 24 0.076521
zombie
  24 2.773031 -3.707805 -21.593964 0.727141 0.620431 0.293822 0.607422 0.503906 2 24 0.920121 26 0.079879
  26 3.959422 -5.516617 -24.071959 0.671828 -0.626891 -0.394530 0.595703 0.449219 2 26 0.923479 24 0.076521
  26 4.554044 -3.123880 -24.071959 0.788069 0.515090 -0.337090 0.595703 0.527344 2 26 0.928905 24 0.071095
zombie
  23 2.700454 -1.956110 1.473373 0.852215 0.321724 -0.412582 0.673828 0.058594 3 23 0.884664 22 0.107100 2 0.008237
  23 1.819323 -4.315081 2.827024 0.644934 -0.755046 -0.118178 0.650391 0.042969 2 23 0.976552 22 0.023448
  23 0.487719 -4.226482 -7.440351 0.776811 -0.628463 -0.039985 0.650391 0.378906 1 23 1.000000
zombie
  23 2.700454 -1.956110 1.473373 0.852215 0.321724 -0.412582 0.673828 0.058594 3 23 0.884664 22 0.107100 2 0.008237
  23 0.487719 -4.226482 -7.440351 0.776811 -0.628463 -0.039985 0.650391 0.378906 1 23 1.000000
  23 0.470982 -2.505508 -7.530834 0.782659 0.605569 -0.143984 0.673828 0.378906 2 23 0.998029 27 0.001971
zombie
  24 0.927965 -3.613752 -21.593964 -0.376078 0.879266 0.292329 0.626953 0.511719 2 24 0.924833 26 0.075167
  24 2.773031 -3.707805 -21.593964 0.727141 0.620431 0.293822 0.607422 0.503906 2 24 0.920121 26 0.079879
  26 4.554044 -3.123880 -24.071959 0.788069 0.515090 -0.337090 0.595703 0.527344 2 26 0.928905 24 0.071095
zombie
  24 0.927965 -3.613752 -21.593964 -0.376078 0.879266 0.292329 0.626953 0.511719 2 24 0.924833 26 0.075167
  26 4.554044 -3.123880 -24.071959 0.788069 0.515090 -0.337090 0.595703 0.527344 2 26 0.928905 24 0.071095
  26 1.328907 -3.038334 -24.071959 0.017221 0.790479 -0.612247 0.626953 0.542969 2 26 0.910824 24 0.089176
zombie
  24 0.856576 -5.106573 -21.593964 -0.290938 -0.847478 0.444000 0.931641 0.488281 2 24 0.917169 26 0.082831
  24 -0.965622 -4.290008 -14.855680 -0.993230 -0.017488 -0.114843 0.923828 0.277344 1 24 1.000000
  24 0.927965 -3.613752 -21.593964 -0.376078 0.879266 0.292329 0.908203 0.488281 2 24 0.924833 26 0.075167
zombie
  23 -2.352234 -3.539376 1.555767 -0.972497 -0.202547 -0.115000 0.611328 0.058594 2 23 0.946786 22 0.053214
  23 -1.891039 -3.732383 -3.266674 -0.966941 -0.251699 0.040890 0.615234 0.222656 1 23 1.000000
  23 -0.321696 -5.115367 4.036539 -0.100247 -0.992617 0.068284 0.626953 0.011719 2 23 0.969712 22 0.030288
zombie
  23 0.470982 -2.505508 -7.530834 0.782659 0.605569 -0.143984 0.990234 0.019531 2 23 0.998029 27 0.001971
  23 0.487719 -4.226482 -7.440351 0.776811 -0.628463 -0.039985 0.962891 0.019531 1 23 1.000000
  23 0.583610 -4.331111 -8.936305 0.755947 -0.588061 0.287627 0.962891 0.066406 3 23 0.456020 24 0.341547 27 0.202432
zombie
  23 0.470982 -2.505508 -7.530834 0.782659 0.605569 -0.143984 0.990234 0.019531 2 23 0.998029 27 0.001971
  23 0.583610 -4.331111 -8.936305 0.755947 -0.588061 0.287627 0.962891 0.066406 3 23 0.456020 24 0.341547 27 0.202432
  27 0.506946 -2.810619 -9.141716 0.706171 0.703489 0.080161 0.990234 0.066406 3 27 0.701963 23 0.165494 24 0.132543
zombie
  23 -2.209614 -3.294673 -7.793059 -0.982047 0.164846 -0.091706 0.923828 0.019531 3 23 0.987515 24 0.008141 27 0.004343
  23 -0.748141 -2.364082 -8.416801 -0.221923 0.950729 -0.216485 0.896484 0.042969 3 23 0.924626 27 0.056732 24 0.018642
  23 -2.077877 -3.655288 -9.160195 -0.938084 0.017035 -0.345988 0.923828 0.058594 3 23 0.411682 24 0.328045 27 0.260273
zombie
  23 -1.010085 -4.825112 -8.268919 -0.308527 -0.951167 0.009646 0.951172 0.042969 1 23 1.000000
  23 -2.209614 -3.294673 -7.793059 -0.982047 0.164846 -0.091706 0.923828 0.019531 3 23 0.987515 24 0.008141 27 0.004343
  23 -2.077877 -3.655288 -9.160195 -0.938084 0.017035 -0.345988 0.923828 0.058594 3 23 0.411682 24 0.328045 27 0.260273
zombie
  24 -0.965622 -4.290008 -14.855680 -0.993230 -0.017488 -0.114843 0.923828 0.277344 1 24 1.000000
  24 0.856576 -5.106573 -21.593964 -0.290938 -0.847478 0.444000 0.931641 0.488281 2 24 0.917169 26 0.082831
  24 0.401787 -5.746422 -14.876232 -0.117279 -0.992562 0.032642 0.947266 0.285156 1 24 1.000000
zombie
  24 0.927965 -3.613752 -21.593964 -0.376078 0.879266 0.292329 0.626953 0.511719 2 24 0.924833 26 0.075167
  26 -4.045432 -3.278296 -23.059607 -0.465244 0.576704 0.671536 0.677734 0.527344 2 26 0.940295 24 0.059705
  26 -4.466416 -4.547626 -23.059607 -0.687655 -0.050570 0.724274 0.685547 0.488281 1 26 1.000000
zombie
  26 -4.466416 -4.547626 -23.059607 -0.687655 -0.050570 0.724274 0.685547 0.488281 1 26 1.000000
  26 -3.290232 -6.544454 -23.059607 -0.285749 -0.639556 0.713664 0.677734 0.449219 2 26 0.949876 24 0.050124
  24 0.856576 -5.106573 -21.593964 -0.290938 -0.847478 0.444000 0.626953 0.464844 2 24 0.917169 26 0.082831
zombie
  26 -4.466416 -4.547626 -23.059607 -0.687655 -0.050570 0.724274 0.685547 0.488281 1 26 1.000000
  24 0.856576 -5.106573 -21.593964 -0.290938 -0.847478 0.444000 0.626953 0.464844 2 24 0.917169 26 0.082831
  24 0.927965 -3.613752 -21.593964 -0.376078 0.879266 0.292329 0.626953 0.511719 2 24 0.924833 26 0.075167
zombie
  24 2.483169 -4.915707 -21.593964 0.620856 -0.731736 0.281248 0.607422 0.472656 2 24 0.932347 26 0.067653
  24 0.856576 -5.106573 -21.593964 -0.290938 -0.847478 0.444000 0.626953 0.464844 2 24 0.917169 26 0.082831
  26 1.330287 -6.120839 -24.071959 0.148904 -0.817741 -0.555992 0.626953 0.433594 2 26 0.917007 24 0.082993
zombie
  24 2.483169 -4.915707 -21.593964 0.620856 -0.731736 0.281248 0.607422 0.472656 2 24 0.932347 26 0.067653
  26 1.330287 -6.120839 -24.071959 0.148904 -0.817741 -0.555992 0.626953 0.433594 2 26 0.917007 24 0.082993
  26 3.959422 -5.516617 -24.071959 0.671828 -0.626891 -0.394530 0.595703 0.449219 2 26 0.923479 24 0.076521
zombie
  24 -0.025499 -2.720855 -10.820723 -0.151081 0.982110 -0.112403 0.998047 0.144531 2 24 0.979919 27 0.020081
  24 1.933759 -3.831131 -10.528519 0.951257 0.007363 0.308310 0.970703 0.152344 3 24 0.918250 27 0.046276 23 0.035473
  24 2.603137 -4.010502 -13.550359 0.980563 -0.004735 0.196149 0.970703 0.253906 1 24 1.000000
zombie
  24 -0.025499 -2.720855 -10.820723 -0.151081 0.982110 -0.112403 0.998047 0.144531 2 24 0.979919 27 0.020081
  24 2.603137 -4.010502 -13.550359 0.980563 -0.004735 0.196149 0.970703 0.253906 1 24 1.000000
  24 0.608432 -2.456775 -14.832463 -0.116350 0.992505 -0.037366 0.998047 0.285156 1 24 1.000000
zombie
  23 -1.010085 -4.825112 -8.268919 -0.308527 -0.951167 0.009646 0.634766 0.402344 1 23 1.000000
  23 -1.891039 -3.732383 -3.266674 -0.966941 -0.251699 0.040890 0.615234 0.222656 1 23 1.000000
  23 -2.209614 -3.294673 -7.793059 -0.982047 0.164846 -0.091706 0.607422 0.386719 3 23 0.987515 24 0.008141 27 0.004343
zombie
  23 1.819323 -4.315081 2.827024 0.644934 -0.755046 -0.118178 0.650391 0.042969 2 23 0.976552 22 0.023448
  23 -0.321696 -5.115367 4.036539 -0.100247 -0.992617 0.068284 0.626953 0.011719 2 23 0.969712 22 0.030288
  23 -1.010085 -4.825112 -8.268919 -0.308527 -0.951167 0.009646 0.634766 0.402344 1 23 1.000000
zombie
  23 1.819323 -4.315081 2.827024 0.644934 -0.755046 -0.118178 0.650391 0.042969 2 23 0.976552 22 0.023448
  23 -1.010085 -4.825112 -8.268919 -0.308527 -0.951167 0.009646 0.634766 0.402344 1 23 1.000000
  23 0.487719 -4.226482 -7.440351 0.776811 -0.628463 -0.039985 0.650391 0.378906 1 23 1.000000
zombie
  26 -4.304450 -2.930869 -24.071959 -0.501100 0.733256 -0.459603 0.595703 0.550781 1 26 1.000000
  26 -3.779852 -6.887726 -24.071959 -0.468724 -0.795240 -0.384566 0.595703 0.667969 1 26 1.000000
  26 -4.991331 -4.640648 -24.071959 -0.896845 -0.074947 -0.435949 0.583984 0.613281 1 26 1.000000
zombie
  26 3.959422 -5.516617 -24.071959 0.671828 -0.626891 -0.394530 0.689453 0.644531 2 26 0.923479 24 0.076521
  26 1.330287 -6.120839 -24.071959 0.148904 -0.817741 -0.555992 0.658203 0.667969 2 26 0.917007 24 0.082993
  26 1.328907 -3.038334 -24.071959 0.017221 0.790479 -0.612247 0.658203 0.558594 2 26 0.910824 24 0.089176
zombie
  23 -1.010085 -4.825112 -8.268919 -0.308527 -0.951167 0.009646 0.951172 0.042969 1 23 1.000000
  24 -1.123098 -3.951679 -10.706188 -0.971561 0.003745 -0.236760 0.923828 0.128906 1 24 1.000000
  24 -0.262965 -5.175097 -10.629584 -0.169198 -0.981909 0.085006 0.947266 0.144531 2 24 0.977178 23 0.022822
zombie
  24 -1.123098 -3.951679 -10.706188 -0.971561 0.003745 -0.236760 0.923828 0.128906 1 24 1.000000
  23 -0.748141 -2.364082 -8.416801 -0.221923 0.950729 -0.216485 0.896484 0.042969 3 23 0.924626 27 0.056732 24 0.018642
  24 -0.025499 -2.720855 -10.820723 -0.151081 0.982110 -0.112403 0.896484 0.136719 2 24 0.979919 27 0.020081
zombie
  24 -0.025499 -2.720855 -10.820723 -0.151081 0.982110 -0.112403 0.998047 0.144531 2 24 0.979919 27 0.020081
  27 0.506946 -2.810619 -9.141716 0.706171 0.703489 0.080161 0.990234 0.066406 3 27 0.701963 23 0.165494 24 0.132543
  24 1.933759 -3.831131 -10.528519 0.951257 0.007363 0.308310 0.970703 0.152344 3 24 0.918250 27 0.046276 23 0.035473
zombie
  24 0.927965 -3.613752 -21.593964 -0.376078 0.879266 0.292329 0.908203 0.488281 2 24 0.924833 26 0.075167
  24 -0.965622 -4.290008 -14.855680 -0.993230 -0.017488 -0.114843 0.923828 0.277344 1 24 1.000000
  24 0.608432 -2.456775 -14.832463 -0.116350 0.992505 -0.037366 0.896484 0.285156 1 24 1.000000
zombie
  23 -0.321696 -5.115367 4.036539 -0.100247 -0.992617 0.068284 0.626953 0.011719 2 23 0.969712 22 0.030288
  23 -1.891039 -3.732383 -3.266674 -0.966941 -0.251699 0.040890 0.615234 0.222656 1 23 1.000000
  23 -1.010085 -4.825112 -8.268919 -0.308527 -0.951167 0.009646 0.634766 0.402344 1 23 1.000000
zombie
  23 -0.725707 -1.037733 1.276848 -0.509087 0.572946 -0.642311 0.583984 0.074219 3 23 0.843478 2 0.131416 22 0.025107
  23 -1.891039 -3.732383 -3.266674 -0.966941 -0.251699 0.040890 0.615234 0.222656 1 23 1.000000
  23 -2.352234 -3.539376 1.555767 -0.972497 -0.202547 -0.115000 0.611328 0.058594 2 23 0.946786 22 0.053214
zombie
  2 -0.748141 2.364082 -8.416801 -0.221923 -0.950729 -0.216484 0.583984 0.402344 3 2 0.924651 6 0.056711 3 0.018638
  2 -0.725707 1.037735 1.276848 -0.509087 -0.572946 -0.642311 0.583984 0.074219 3 2 0.815450 23 0.149381 1 0.035169
  2 -2.209613 3.294673 -7.793059 -0.982047 -0.164846 -0.091706 0.560547 0.386719 3 2 0.987514 3 0.008141 6 0.004345
zombie
  24 2.483169 -4.915707 -21.593964 0.620856 -0.731736 0.281248 0.955078 0.488281 2 24 0.932347 26 0.067653
  24 0.401787 -5.746422 -14.876232 -0.117279 -0.992562 0.032642 0.947266 0.285156 1 24 1.000000
  24 0.856576 -5.106573 -21.593964 -0.290938 -0.847478 0.444000 0.931641 0.488281 2 24 0.917169 26 0.082831
zombie
  24 0.608432 -2.456775 -14.832463 -0.116350 0.992505 -0.037366 0.998047 0.285156 1 24 1.000000
  24 2.773031 -3.707805 -21.593964 0.727141 0.620431 0.293822 0.970703 0.488281 2 24 0.920121 26 0.079879
  24 0.927965 -3.613752 -21.593964 -0.376078 0.879266 0.292329 0.990234 0.488281 2 24 0.924833 26 0.075167
zombie
  26 1.330287 -6.120839 -24.071959 0.148904 -0.817741 -0.555992 0.658203 0.667969 2 26 0.917007 24 0.082993
  26 -3.779852 -6.887726 -24.071959 -0.468724 -0.795240 -0.384566 0.595703 0.667969 1 26 1.000000
  26 1.328907 -3.038334 -24.071959 0.017221 0.790479 -0.612247 0.658203 0.558594 2 26 0.910824 24 0.089176
zombie
  26 1.328907 -3.038334 -24.071959 0.017221 0.790479 -0.612247 0.658203 0.558594 2 26 0.910824 24 0.089176
  26 -3.779852 -6.887726 -24.071959 -0.468724 -0.795240 -0.384566 0.595703 0.667969 1 26 1.000000
  26 -4.304450 -2.930869 -24.071959 -0.501100 0.733256 -0.459603 0.595703 0.550781 1 26 1.000000
zombie
  26 3.959422 -5.516617 -24.071959 0.671828 -0.626891 -0.394530 0.689453 0.644531 2 26 0.923479 24 0.076521
  26 1.328907 -3.038334 -24.071959 0.017221 0.790479 -0.612247 0.658203 0.558594 2 26 0.910824 24 0.089176
  26 4.554044 -3.123880 -24.071959 0.788069 0.515090 -0.337090 0.689453 0.582031 2 26 0.928905 24 0.071095
zombie
  15 -1.281528 -5.538695 19.376539 -0.816325 -0.326198 0.476664 0.720703 0.261719 3 15 0.741796 16 0.241197 8 0.017007
  16 0.644105 -7.497903 19.099756 -0.113953 -0.940498 0.320122 0.748047 0.292969 2 16 0.897801 15 0.102199
  15 0.752065 -6.179779 20.473787 -0.139576 -0.511370 0.847950 0.751953 0.214844 2 15 0.510913 16 0.489087
zombie
  16 0.644105 -7.497903 19.099756 -0.113953 -0.940498 0.320122 0.748047 0.292969 2 16 0.897801 15 0.102199
  15 -1.281528 -5.538695 19.376539 -0.816325 -0.326198 0.476664 0.720703 0.261719 3 15 0.741796 16 0.241197 8 0.017007
  16 -1.141258 -6.232595 17.581556 -0.822708 -0.533526 -0.196220 0.724609 0.355469 3 16 0.896940 15 0.089073 8 0.013986
zombie
  16 -1.141258 -6.232595 17.581556 -0.822708 -0.533526 -0.196220 0.724609 0.355469 3 16 0.896940 15 0.089073 8 0.013986
  16 0.759432 -7.372154 16.780424 -0.028063 -0.983744 0.177373 0.744141 0.402344 1 16 1.000000
  16 0.644105 -7.497903 19.099756 -0.113953 -0.940498 0.320122 0.748047 0.292969 2 16 0.897801 15 0.102199
zombie
  16 0.759432 -7.372154 16.780424 -0.028063 -0.983744 0.177373 0.744141 0.402344 1 16 1.000000
  16 -1.141258 -6.232595 17.581556 -0.822708 -0.533526 -0.196220 0.724609 0.355469 3 16 0.896940 15 0.089073 8 0.013986
  16 -0.031556 -8.302358 12.602793 -0.968874 -0.034339 0.245162 0.724609 0.605469 1 16 1.000000
zombie
  16 -1.141258 -6.232595 17.581556 -0.822708 -0.533526 -0.196220 0.724609 0.355469 3 16 0.896940 15 0.089073 8 0.013986
  15 -1.281528 -5.538695 19.376539 -0.816325 -0.326198 0.476664 0.720703 0.261719 3 15 0.741796 16 0.241197 8 0.017007
  16 -1.657494 -5.155478 17.396719 -0.841038 -0.513352 -0.170661 0.705078 0.339844 3 16 0.689266 15 0.167636 8 0.143098
zombie
  16 0.079975 -5.282605 16.668749 -0.201236 -0.353190 -0.913653 0.705078 0.371094 3 16 0.909662 8 0.065775 15 0.024563
  16 1.111152 -7.604486 12.242754 0.093704 0.963940 -0.249078 0.708984 0.613281 1 16 1.000000
  16 -0.031556 -8.302358 12.602793 -0.968874 -0.034339 0.245162 0.724609 0.605469 1 16 1.000000
zombie
  16 -1.657494 -5.155478 17.396719 -0.841038 -0.513352 -0.170661 0.705078 0.339844 3 16 0.689266 15 0.167636 8 0.143098
  16 0.079975 -5.282605 16.668749 -0.201236 -0.353190 -0.913653 0.705078 0.371094 3 16 0.909662 8 0.065775 15 0.024563
  16 -1.141258 -6.232595 17.581556 -0.822708 -0.533526 -0.196220 0.724609 0.355469 3 16 0.896940 15 0.089073 8 0.013986
zombie
  15 0.752065 -6.179779 20.473787 -0.139576 -0.511370 0.847950 0.751953 0.214844 2 15 0.510913 16 0.489087
  16 2.570919 -6.605926 19.165651 0.591943 -0.755898 0.279680 0.763672 0.300781 2 16 0.845351 15 0.154649
  15 3.826385 -4.264772 20.563726 0.701378 -0.324348 0.634718 0.794922 0.214844 3 15 0.757845 16 0.132701 13 0.109453
zombie
  16 0.759432 -7.372154 16.780424 -0.028063 -0.983744 0.177373 0.744141 0.402344 1 16 1.000000
  16 2.268888 -6.594820 17.366106 0.761779 -0.493901 -0.419231 0.763672 0.394531 2 16 0.966989 15 0.033011
  16 2.570919 -6.605926 19.165651 0.591943 -0.755898 0.279680 0.763672 0.300781 2 16 0.845351 15 0.154649
zombie
  16 0.759432 -7.372154 16.780424 -0.028063 -0.983744 0.177373 0.744141 0.402344 1 16 1.000000
  16 2.570919 -6.605926 19.165651 0.591943 -0.755898 0.279680 0.763672 0.300781 2 16 0.845351 15 0.154649
  16 0.644105 -7.497903 19.099756 -0.113953 -0.940498 0.320122 0.748047 0.292969 2 16 0.897801 15 0.102199
zombie
  16 0.997380 -8.792918 12.818476 0.022796 -0.861951 0.506479 0.744141 0.597656 1 16 1.000000
  16 1.992730 -8.348314 12.454382 0.994075 -0.029678 0.104570 0.763672 0.597656 2 16 0.974513 17 0.025487
  16 2.268888 -6.594820 17.366106 0.761779 -0.493901 -0.419231 0.763672 0.394531 2 16 0.966989 15 0.033011
zombie
  16 0.997380 -8.792918 12.818476 0.022796 -0.861951 0.506479 0.744141 0.597656 1 16 1.000000
  16 2.268888 -6.594820 17.366106 0.761779 -0.493901 -0.419231 0.763672 0.394531 2 16 0.966989 15 0.033011
  16 0.759432 -7.372154 16.780424 -0.028063 -0.983744 0.177373 0.744141 0.402344 1 16 1.000000
zombie
  16 1.111152 -7.604486 12.242754 0.093704 0.963940 -0.249078 0.787109 0.597656 1 16 1.000000
  16 0.079975 -5.282605 16.668749 -0.201236 -0.353190 -0.913653 0.794922 0.402344 3 16 0.909662 8 0.065775 15 0.024563
  16 2.268888 -6.594820 17.366106 0.761779 -0.493901 -0.419231 0.763672 0.394531 2 16 0.966989 15 0.033011
zombie
  16 1.111152 -7.604486 12.242754 0.093704 0.963940 -0.249078 0.787109 0.597656 1 16 1.000000
  16 2.268888 -6.594820 17.366106 0.761779 -0.493901 -0.419231 0.763672 0.394531 2 16 0.966989 15 0.033011
  16 1.992730 -8.348314 12.454382 0.994075 -0.029678 0.104570 0.763672 0.597656 2 16 0.974513 17 0.025487
zombie
  16 2.570919 -6.605926 19.165651 0.591943 -0.755898 0.279680 0.763672 0.300781 2 16 0.845351 15 0.154649
  15 4.348408 -4.084030 18.058920 0.919983 -0.355416 -0.165258 0.794922 0.292969 4 15 0.736398 16 0.169289 8 0.093727 13 0.000585
  15 3.826385 -4.264772 20.563726 0.701378 -0.324348 0.634718 0.794922 0.214844 3 15 0.757845 16 0.132701 13 0.109453
zombie
  16 0.997380 -8.792918 12.818476 0.022796 -0.861951 0.506479 0.744141 0.597656 1 16 1.000000
  16 -0.031556 -8.302358 12.602793 -0.968874 -0.034339 0.245162 0.724609 0.605469 1 16 1.000000
  17 -0.849926 -9.205002 11.026533 -0.916227 0.106594 0.386220 0.724609 0.707031 2 17 0.933743 16 0.066257
zombie
  18 -1.544549 -13.864694 2.506550 0.421384 -0.886090 -0.193080 0.767578 0.082031 1 18 1.000000
  18 -0.700961 -11.777600 2.644482 0.888237 0.344010 -0.304456 0.736328 0.144531 3 18 0.927411 17 0.042291 30 0.030298
  18 -1.191776 -13.010558 3.594677 0.632807 -0.721011 0.282310 0.767578 0.128906 3 18 0.959330 17 0.035996 30 0.004674
zombie
  17 -2.123891 -11.633238 5.058470 -0.811610 0.048169 0.582210 0.814453 0.199219 1 17 1.000000
  18 -2.639421 -12.980971 3.922832 -0.442793 -0.635237 0.632778 0.791016 0.128906 2 18 0.914827 17 0.085173
  17 -1.358347 -12.367931 5.110548 0.013946 -0.878249 0.478001 0.779297 0.199219 2 17 0.931428 30 0.068572
zombie
  17 -1.549033 -11.100870 4.857464 -0.056664 0.994848 -0.084068 0.794922 0.988281 2 17 0.936272 30 0.063728
  17 1.122706 -7.960696 9.883009 0.566781 0.711676 -0.415063 0.783203 0.707031 2 17 0.951417 16 0.048583
  30 -0.592992 -11.752549 4.842438 0.982345 -0.035184 -0.183742 0.771484 0.988281 2 30 0.936422 17 0.063578
zombie
  16 1.992730 -8.348314 12.454382 0.994075 -0.029678 0.104570 0.763672 0.597656 2 16 0.974513 17 0.025487
  17 1.635059 -10.198830 10.535830 0.811299 -0.577688 0.089835 0.751953 0.707031 2 17 0.958516 16 0.041484
  17 1.122706 -7.960696 9.883009 0.566781 0.711676 -0.415063 0.783203 0.707031 2 17 0.951417 16 0.048583
zombie
  17 -1.358347 -12.367931 5.110548 0.013946 -0.878249 0.478001 0.744141 0.988281 2 17 0.931428 30 0.068572
  17 1.635059 -10.198830 10.535830 0.811299 -0.577688 0.089835 0.751953 0.707031 2 17 0.958516 16 0.041484
  17 -0.307972 -10.427977 10.937860 -0.338139 -0.778129 0.529318 0.736328 0.707031 2 17 0.993136 16 0.006864
zombie
  16 1.111152 -7.604486 12.242754 0.093704 0.963940 -0.249078 0.787109 0.597656 1 16 1.000000
  17 1.122706 -7.960696 9.883009 0.566781 0.711676 -0.415063 0.783203 0.707031 2 17 0.951417 16 0.048583
  17 0.001670 -7.896911 10.095278 -0.427352 0.883467 -0.191982 0.794922 0.707031 2 17 0.969999 16 0.030001
zombie
  18 -0.700961 -11.777600 2.644482 0.888237 0.344010 -0.304456 0.884766 0.128906 3 18 0.927411 17 0.042291 30 0.030298
  17 -1.549033 -11.100870 4.857464 -0.056664 0.994848 -0.084068 0.857422 0.199219 2 17 0.936272 30 0.063728
  30 -0.592992 -11.752549 4.842438 0.982345 -0.035184 -0.183742 0.884766 0.199219 2 30 0.936422 17 0.063578
zombie
  18 -1.191776 -13.010558 3.594677 0.632807 -0.721011 0.282310 0.767578 0.128906 3 18 0.959330 17 0.035996 30 0.004674
  18 -0.700961 -11.777600 2.644482 0.888237 0.344010 -0.304456 0.736328 0.144531 3 18 0.927411 17 0.042291 30 0.030298
  30 -0.592992 -11.752549 4.842438 0.982345 -0.035184 -0.183742 0.755859 0.199219 2 30 0.936422 17 0.063578
zombie
  17 -2.123891 -11.633238 5.058470 -0.811610 0.048169 0.582210 0.814453 0.199219 1 17 1.000000
  18 -3.928160 -11.009718 3.401928 -0.908358 0.365316 0.203541 0.826172 0.128906 2 18 0.861278 17 0.138722
  18 -2.639421 -12.980971 3.922832 -0.442793 -0.635237 0.632778 0.791016 0.128906 2 18 0.914827 17 0.085173
zombie
  18 -3.148980 -11.238975 2.452000 -0.214135 0.791539 -0.572375 0.845703 0.105469 2 18 0.930525 17 0.069475
  18 -3.074754 -10.433595 3.102730 -0.162679 0.968014 -0.191011 0.845703 0.128906 2 18 0.822934 17 0.177066
  18 -0.700961 -11.777600 2.644482 0.888237 0.344010 -0.304456 0.884766 0.128906 3 18 0.927411 17 0.042291 30 0.030298
zombie
  17 -2.123891 -11.633238 5.058470 -0.811610 0.048169 0.582210 0.724609 0.988281 1 17 1.000000
  17 -1.358347 -12.367931 5.110548 0.013946 -0.878249 0.478001 0.744141 0.988281 2 17 0.931428 30 0.068572
  17 -0.307972 -10.427977 10.937860 -0.338139 -0.778129 0.529318 0.736328 0.707031 2 17 0.993136 16 0.006864
zombie
  17 -2.123891 -11.633238 5.058470 -0.811610 0.048169 0.582210 0.724609 0.988281 1 17 1.000000
  17 -0.307972 -10.427977 10.937860 -0.338139 -0.778129 0.529318 0.736328 0.707031 2 17 0.993136 16 0.006864
  17 -0.849926 -9.205002 11.026533 -0.916227 0.106594 0.386220 0.724609 0.707031 2 17 0.933743 16 0.066257
zombie
  17 0.001670 -7.896911 10.095278 -0.427352 0.883467 -0.191982 0.705078 0.707031 2 17 0.969999 16 0.030001
  17 -1.549033 -11.100870 4.857464 -0.056664 0.994848 -0.084068 0.708984 0.988281 2 17 0.936272 30 0.063728
  17 -2.123891 -11.633238 5.058470 -0.811610 0.048169 0.582210 0.724609 0.988281 1 17 1.000000
zombie
  17 0.001670 -7.896911 10.095278 -0.427352 0.883467 -0.191982 0.705078 0.707031 2 17 0.969999 16 0.030001
  17 -2.123891 -11.633238 5.058470 -0.811610 0.048169 0.582210 0.724609 0.988281 1 17 1.000000
  17 -0.849926 -9.205002 11.026533 -0.916227 0.106594 0.386220 0.724609 0.707031 2 17 0.933743 16 0.066257
zombie
  18 -1.191776 -13.010558 3.594677 0.632807 -0.721011 0.282310 0.767578 0.128906 3 18 0.959330 17 0.035996 30 0.004674
  30 -0.592992 -11.752549 4.842438 0.982345 -0.035184 -0.183742 0.755859 0.199219 2 30 0.936422 17 0.063578
  17 -1.358347 -12.367931 5.110548 0.013946 -0.878249 0.478001 0.779297 0.199219 2 17 0.931428 30 0.068572
zombie
  17 -2.123891 -11.633238 5.058470 -0.811610 0.048169 0.582210 0.814453 0.199219 1 17 1.000000
  18 -3.074754 -10.433595 3.102730 -0.162679 0.968014 -0.191011 0.845703 0.128906 2 18 0.822934 17 0.177066
  18 -3.928160 -11.009718 3.401928 -0.908358 0.365316 0.203541 0.826172 0.128906 2 18 0.861278 17 0.138722
zombie
  18 -1.744520 -11.952833 0.859365 0.265906 0.200827 -0.942848 0.884766 0.066406 1 18 1.000000
  18 -3.148980 -11.238975 2.452000 -0.214135 0.791539 -0.572375 0.845703 0.105469 2 18 0.930525 17 0.069475
  18 -0.700961 -11.777600 2.644482 0.888237 0.344010 -0.304456 0.884766 0.128906 3 18 0.927411 17 0.042291 30 0.030298
zombie
  18 -3.148980 -11.238975 2.452000 -0.214135 0.791539 -0.572375 0.845703 0.105469 2 18 0.930525 17 0.069475
  18 -3.928160 -11.009718 3.401928 -0.908358 0.365316 0.203541 0.826172 0.128906 2 18 0.861278 17 0.138722
  18 -3.074754 -10.433595 3.102730 -0.162679 0.968014 -0.191011 0.845703 0.128906 2 18 0.822934 17 0.177066
zombie
  18 -3.797803 -11.603039 2.653170 -0.979791 0.120487 -0.159663 0.826172 0.105469 2 18 0.933034 17 0.066966
  18 -3.148980 -11.238975 2.452000 -0.214135 0.791539 -0.572375 0.845703 0.105469 2 18 0.930525 17 0.069475
  18 -3.597605 -11.777149 1.725443 -0.721577 0.203790 -0.661662 0.837891 0.066406 2 18 0.947374 17 0.052626
zombie
  18 -1.744520 -11.952833 0.859365 0.265906 0.200827 -0.942848 0.884766 0.066406 1 18 1.000000
  18 -3.597605 -11.777149 1.725443 -0.721577 0.203790 -0.661662 0.837891 0.066406 2 18 0.947374 17 0.052626
  18 -3.148980 -11.238975 2.452000 -0.214135 0.791539 -0.572375 0.845703 0.105469 2 18 0.930525 17 0.069475
zombie
  18 -1.544549 -13.864694 2.506550 0.421384 -0.886090 -0.193080 0.767578 0.082031 1 18 1.000000
  18 -1.744520 -11.952833 0.859365 0.265906 0.200827 -0.942848 0.736328 0.066406 1 18 1.000000
  18 -0.700961 -11.777600 2.644482 0.888237 0.344010 -0.304456 0.736328 0.144531 3 18 0.927411 17 0.042291 30 0.030298
zombie
  16 0.997380 -8.792918 12.818476 0.022796 -0.861951 0.506479 0.744141 0.597656 1 16 1.000000
  17 1.635059 -10.198830 10.535830 0.811299 -0.577688 0.089835 0.751953 0.707031 2 17 0.958516 16 0.041484
  16 1.992730 -8.348314 12.454382 0.994075 -0.029678 0.104570 0.763672 0.597656 2 16 0.974513 17 0.025487
zombie
  30 -0.592992 -11.752549 4.842438 0.982345 -0.035184 -0.183742 0.771484 0.988281 2 30 0.936422 17 0.063578
  17 1.635059 -10.198830 10.535830 0.811299 -0.577688 0.089835 0.751953 0.707031 2 17 0.958516 16 0.041484
  17 -1.358347 -12.367931 5.110548 0.013946 -0.878249 0.478001 0.744141 0.988281 2 17 0.931428 30 0.068572
zombie
  17 1.122706 -7.960696 9.883009 0.566781 0.711676 -0.415063 0.783203 0.707031 2 17 0.951417 16 0.048583
  17 1.635059 -10.198830 10.535830 0.811299 -0.577688 0.089835 0.751953 0.707031 2 17 0.958516 16 0.041484
  30 -0.592992 -11.752549 4.842438 0.982345 -0.035184 -0.183742 0.771484 0.988281 2 30 0.936422 17 0.063578
zombie
  16 0.997380 -8.792918 12.818476 0.022796 -0.861951 0.506479 0.744141 0.597656 1 16 1.000000
  17 -0.307972 -10.427977 10.937860 -0.338139 -0.778129 0.529318 0.736328 0.707031 2 17 0.993136 16 0.006864
  17 1.635059 -10.198830 10.535830 0.811299 -0.577688 0.089835 0.751953 0.707031 2 17 0.958516 16 0.041484
zombie
  16 1.111152 -7.604486 12.242754 0.093704 0.963940 -0.249078 0.708984 0.613281 1 16 1.000000
  17 0.001670 -7.896911 10.095278 -0.427352 0.883467 -0.191982 0.705078 0.707031 2 17 0.969999 16 0.030001
  17 -0.849926 -9.205002 11.026533 -0.916227 0.106594 0.386220 0.724609 0.707031 2 17 0.933743 16 0.066257
zombie
  16 1.111152 -7.604486 12.242754 0.093704 0.963940 -0.249078 0.708984 0.613281 1 16 1.000000
  17 -0.849926 -9.205002 11.026533 -0.916227 0.106594 0.386220 0.724609 0.707031 2 17 0.933743 16 0.066257
  16 -0.031556 -8.302358 12.602793 -0.968874 -0.034339 0.245162 0.724609 0.605469 1 16 1.000000
zombie
  18 -2.639421 -12.980971 3.922832 -0.442793 -0.635237 0.632778 0.791016 0.128906 2 18 0.914827 17 0.085173
  18 -1.191776 -13.010558 3.594677 0.632807 -0.721011 0.282310 0.767578 0.128906 3 18 0.959330 17 0.035996 30 0.004674
  17 -1.358347 -12.367931 5.110548 0.013946 -0.878249 0.478001 0.779297 0.199219 2 17 0.931428 30 0.068572
zombie
  17 -1.549033 -11.100870 4.857464 -0.056664 0.994848 -0.084068 0.794922 0.988281 2 17 0.936272 30 0.063728
  17 0.001670 -7.896911 10.095278 -0.427352 0.883467 -0.191982 0.794922 0.707031 2 17 0.969999 16 0.030001
  17 1.122706 -7.960696 9.883009 0.566781 0.711676 -0.415063 0.783203 0.707031 2 17 0.951417 16 0.048583
zombie
  18 -2.639421 -12.980971 3.922832 -0.442793 -0.635237 0.632778 0.791016 0.128906 2 18 0.914827 17 0.085173
  18 -3.928160 -11.009718 3.401928 -0.908358 0.365316 0.203541 0.826172 0.128906 2 18 0.861278 17 0.138722
  18 -3.797803 -11.603039 2.653170 -0.979791 0.120487 -0.159663 0.826172 0.105469 2 18 0.933034 17 0.066966
zombie
  16 1.992730 -8.348314 12.454382 0.994075 -0.029678 0.104570 0.763672 0.597656 2 16 0.974513 17 0.025487
  17 1.122706 -7.960696 9.883009 0.566781 0.711676 -0.415063 0.783203 0.707031 2 17 0.951417 16 0.048583
  16 1.111152 -7.604486 12.242754 0.093704 0.963940 -0.249078 0.787109 0.597656 1 16 1.000000
zombie
  18 -3.022215 -13.838841 2.829460 -0.524935 -0.850792 0.024401 0.791016 0.082031 1 18 1.000000
  18 -1.744520 -11.952833 0.859365 0.265906 0.200827 -0.942848 0.759766 0.019531 1 18 1.000000
  18 -1.544549 -13.864694 2.506550 0.421384 -0.886090 -0.193080 0.767578 0.082031 1 18 1.000000
zombie
  16 0.759432 -7.372154 16.780424 -0.028063 -0.983744 0.177373 0.744141 0.402344 1 16 1.000000
  16 -0.031556 -8.302358 12.602793 -0.968874 -0.034339 0.245162 0.724609 0.605469 1 16 1.000000
  16 0.997380 -8.792918 12.818476 0.022796 -0.861951 0.506479 0.744141 0.597656 1 16 1.000000
zombie
  16 2.570919 -6.605926 19.165651 0.591943 -0.755898 0.279680 0.763672 0.300781 2 16 0.845351 15 0.154649
  16 2.268888 -6.594820 17.366106 0.761779 -0.493901 -0.419231 0.763672 0.394531 2 16 0.966989 15 0.033011
  15 4.348408 -4.084030 18.058920 0.919983 -0.355416 -0.165258 0.794922 0.292969 4 15 0.736398 16 0.169289 8 0.093727 13 0.000585
zombie
  15 4.348408 -4.084030 18.058920 0.919983 -0.355416 -0.165258 0.794922 0.292969 4 15 0.736398 16 0.169289 8 0.093727 13 0.000585
  16 2.268888 -6.594820 17.366106 0.761779 -0.493901 -0.419231 0.763672 0.394531 2 16 0.966989 15 0.033011
  16 0.079975 -5.282605 16.668749 -0.201236 -0.353190 -0.913653 0.794922 0.402344 3 16 0.909662 8 0.065775 15 0.024563
zombie
  15 0.752065 -6.179779 20.473787 -0.139576 -0.511370 0.847950 0.751953 0.214844 2 15 0.510913 16 0.489087
  16 0.644105 -7.497903 19.099756 -0.113953 -0.940498 0.320122 0.748047 0.292969 2 16 0.897801 15 0.102199
  16 2.570919 -6.605926 19.165651 0.591943 -0.755898 0.279680 0.763672 0.300781 2 16 0.845351 15 0.154649
zombie
  18 -1.544549 -13.864694 2.506550 0.421384 -0.886090 -0.193080 0.767578 0.082031 1 18 1.000000
  18 -2.639421 -12.980971 3.922832 -0.442793 -0.635237 0.632778 0.791016 0.128906 2 18 0.914827 17 0.085173
  18 -3.022215 -13.838841 2.829460 -0.524935 -0.850792 0.024401 0.791016 0.082031 1 18 1.000000
zombie
  16 0.079975 -5.282605 16.668749 -0.201236 -0.353190 -0.913653 0.705078 0.371094 3 16 0.909662 8 0.065775 15 0.024563
  16 -0.031556 -8.302358 12.602793 -0.968874 -0.034339 0.245162 0.724609 0.605469 1 16 1.000000
  16 -1.141258 -6.232595 17.581556 -0.822708 -0.533526 -0.196220 0.724609 0.355469 3 16 0.896940 15 0.089073 8 0.013986
zombie
  16 0.997380 -8.792918 12.818476 0.022796 -0.861951 0.506479 0.744141 0.597656 1 16 1.000000
  17 -0.849926 -9.205002 11.026533 -0.916227 0.106594 0.386220 0.724609 0.707031 2 17 0.933743 16 0.066257
  17 -0.307972 -10.427977 10.937860 -0.338139 -0.778129 0.529318 0.736328 0.707031 2 17 0.993136 16 0.006864
zombie
  18 -3.022215 -13.838841 2.829460 -0.524935 -0.850792 0.024401 0.791016 0.082031 1 18 1.000000
  18 -3.797803 -11.603039 2.653170 -0.979791 0.120487 -0.159663 0.826172 0.105469 2 18 0.933034 17 0.066966
  18 -3.597605 -11.777149 1.725443 -0.721577 0.203790 -0.661662 0.837891 0.066406 2 18 0.947374 17 0.052626
zombie
  2 -0.725707 1.037735 1.276848 -0.509087 -0.572946 -0.642311 0.583984 0.074219 3 2 0.815450 23 0.149381 1 0.035169
  2 -1.891038 3.732384 -3.266672 -0.966941 0.251699 0.040890 0.552734 0.222656 1 2 1.000000
  2 -2.209613 3.294673 -7.793059 -0.982047 -0.164846 -0.091706 0.560547 0.386719 3 2 0.987514 3 0.008141 6 0.004345
zombie
  23 -0.725707 -1.037733 1.276848 -0.509087 0.572946 -0.642311 0.583984 0.074219 3 23 0.843478 2 0.131416 22 0.025107
  23 -0.748141 -2.364082 -8.416801 -0.221923 0.950729 -0.216485 0.583984 0.402344 3 23 0.924626 27 0.056732 24 0.018642
  23 -2.209614 -3.294673 -7.793059 -0.982047 0.164846 -0.091706 0.607422 0.386719 3 23 0.987515 24 0.008141 27 0.004343
zombie
  18 -0.700961 -11.777600 2.644482 0.888237 0.344010 -0.304456 0.884766 0.128906 3 18 0.927411 17 0.042291 30 0.030298
  18 -3.074754 -10.433595 3.102730 -0.162679 0.968014 -0.191011 0.845703 0.128906 2 18 0.822934 17 0.177066
  17 -1.549033 -11.100870 4.857464 -0.056664 0.994848 -0.084068 0.857422 0.199219 2 17 0.936272 30 0.063728
zombie
  17 -2.123891 -11.633238 5.058470 -0.811610 0.048169 0.582210 0.814453 0.199219 1 17 1.000000
  17 -1.549033 -11.100870 4.857464 -0.056664 0.994848 -0.084068 0.857422 0.199219 2 17 0.936272 30 0.063728
  18 -3.074754 -10.433595 3.102730 -0.162679 0.968014 -0.191011 0.845703 0.128906 2 18 0.822934 17 0.177066
zombie
  18 -3.148980 -11.238975 2.452000 -0.214135 0.791539 -0.572375 0.845703 0.105469 2 18 0.930525 17 0.069475
  18 -3.797803 -11.603039 2.653170 -0.979791 0.120487 -0.159663 0.826172 0.105469 2 18 0.933034 17 0.066966
  18 -3.928160 -11.009718 3.401928 -0.908358 0.365316 0.203541 0.826172 0.128906 2 18 0.861278 17 0.138722
zombie
  18 -3.022215 -13.838841 2.829460 -0.524935 -0.850792 0.024401 0.791016 0.082031 1 18 1.000000
  18 -3.597605 -11.777149 1.725443 -0.721577 0.203790 -0.661662 0.802734 0.019531 2 18 0.947374 17 0.052626
  18 -1.744520 -11.952833 0.859365 0.265906 0.200827 -0.942848 0.759766 0.019531 1 18 1.000000
zombie
  18 -1.544549 -13.864694 2.506550 0.421384 -0.886090 -0.193080 0.767578 0.082031 1 18 1.000000
  18 -1.191776 -13.010558 3.594677 0.632807 -0.721011 0.282310 0.767578 0.128906 3 18 0.959330 17 0.035996 30 0.004674
  18 -2.639421 -12.980971 3.922832 -0.442793 -0.635237 0.632778 0.791016 0.128906 2 18 0.914827 17 0.085173
zombie
  18 -3.022215 -13.838841 2.829460 -0.524935 -0.850792 0.024401 0.791016 0.082031 1 18 1.000000
  18 -2.639421 -12.980971 3.922832 -0.442793 -0.635237 0.632778 0.791016 0.128906 2 18 0.914827 17 0.085173
  18 -3.797803 -11.603039 2.653170 -0.979791 0.120487 -0.159663 0.826172 0.105469 2 18 0.933034 17 0.066966
zombie
  12 -3.022213 13.838841 2.829460 -0.528153 0.848811 -0.023958 0.208984 0.527344 1 12 1.000000
  12 -1.544547 13.864696 2.506550 0.421366 0.886090 -0.193119 0.208984 0.480469 1 12 1.000000
  12 -1.744519 11.952833 0.859365 0.265905 -0.200827 -0.942848 0.240234 0.464844 1 12 1.000000
zombie
  2 -2.819483 3.259986 4.400311 -0.996870 0.064223 -0.046113 0.333984 0.417969 3 2 0.547794 1 0.419630 28 0.032575
  28 -2.616155 3.102570 2.366991 -0.991152 0.102003 -0.084934 0.337891 0.496094 3 28 0.802341 2 0.197613 1 0.000046
  28 -2.935451 0.000001 2.366991 -0.999281 0.000000 -0.037911 0.396484 0.496094 3 28 0.415881 23 0.358450 2 0.225669
zombie
  28 -2.935451 0.000001 2.366991 -0.999281 0.000000 -0.037911 0.396484 0.496094 3 28 0.415881 23 0.358450 2 0.225669
  28 -2.385169 2.657394 -2.161125 -0.994547 0.055546 -0.088265 0.345703 0.667969 4 28 0.581045 2 0.417819 22 0.001084 1 0.000052
  28 -2.385169 0.000001 -3.057554 -0.994894 0.000000 -0.100925 0.396484 0.699219 4 28 0.675895 2 0.216739 23 0.107365 1 0.000000
zombie
  28 -2.616155 -3.102567 2.366991 -0.991152 -0.102003 -0.084934 0.455078 0.496094 2 28 0.693906 23 0.306094
  23 -2.819483 -3.259983 4.400311 -0.996870 -0.064223 -0.046113 0.458984 0.417969 4 23 0.539479 22 0.447804 28 0.012716 1 0.000001
  28 -2.935451 0.000001 2.366991 -0.999281 0.000000 -0.037911 0.396484 0.496094 3 28 0.415881 23 0.358450 2 0.225669
zombie
  23 -2.819483 -3.259983 4.400311 -0.996870 -0.064223 -0.046113 0.458984 0.417969 4 23 0.539479 22 0.447804 28 0.012716 1 0.000001
  2 -2.819483 3.259986 4.400311 -0.996870 0.064223 -0.046113 0.333984 0.417969 3 2 0.547794 1 0.419630 28 0.032575
  28 -2.935451 0.000001 2.366991 -0.999281 0.000000 -0.037911 0.396484 0.496094 3 28 0.415881 23 0.358450 2 0.225669
zombie
  28 -2.935451 0.000001 2.366991 -0.999281 0.000000 -0.037911 0.396484 0.496094 3 28 0.415881 23 0.358450 2 0.225669
  28 -2.385169 -2.657391 -2.161125 -0.994547 -0.055546 -0.088265 0.447266 0.667969 4 28 0.779735 23 0.220162 22 0.000102 1 0.000002
  28 -2.616155 -3.102567 2.366991 -0.991152 -0.102003 -0.084934 0.455078 0.496094 2 28 0.693906 23 0.306094
zombie
  1 3.407079 0.000001 5.293207 0.986572 -0.000000 0.163326 0.525391 0.417969 3 1 0.562084 22 0.247603 28 0.190313
  22 3.199792 -3.587747 5.204603 0.984934 -0.057611 0.163054 0.470703 0.425781 2 22 0.998976 28 0.001024
  28 3.776465 -3.306286 1.893734 0.996233 -0.059195 0.063377 0.470703 0.535156 4 28 0.555577 22 0.444137 7 0.000200 1 0.000086
zombie
  1 3.407079 0.000001 5.293207 0.986572 -0.000000 0.163326 0.525391 0.417969 3 1 0.562084 22 0.247603 28 0.190313
  28 3.776465 -3.306286 1.893734 0.996233 -0.059195 0.063377 0.470703 0.535156 4 28 0.555577 22 0.444137 7 0.000200 1 0.000086
  22 3.967490 0.000001 1.834938 0.998982 -0.000000 -0.045117 0.525391 0.535156 4 22 0.423618 1 0.361852 28 0.214514 7 0.000016
zombie
  1 3.199794 3.587748 5.204603 0.984934 0.057610 0.163054 0.580078 0.425781 3 1 0.999956 22 0.000025 7 0.000018
  1 3.407079 0.000001 5.293207 0.986572 -0.000000 0.163326 0.525391 0.417969 3 1 0.562084 22 0.247603 28 0.190313
  22 3.967490 0.000001 1.834938 0.998982 -0.000000 -0.045117 0.525391 0.535156 4 22 0.423618 1 0.361852 28 0.214514 7 0.000016
zombie
  1 3.199794 3.587748 5.204603 0.984934 0.057610 0.163054 0.580078 0.425781 3 1 0.999956 22 0.000025 7 0.000018
  22 3.967490 0.000001 1.834938 0.998982 -0.000000 -0.045117 0.525391 0.535156 4 22 0.423618 1 0.361852 28 0.214514 7 0.000016
  1 3.776467 3.306286 1.893734 0.996233 0.059195 0.063377 0.580078 0.535156 4 1 0.543790 28 0.456026 22 0.000116 7 0.000068
zombie
  22 3.967490 0.000001 1.834938 0.998982 -0.000000 -0.045117 0.525391 0.535156 4 22 0.423618 1 0.361852 28 0.214514 7 0.000016
  28 3.776465 -3.306286 1.893734 0.996233 -0.059195 0.063377 0.470703 0.535156 4 28 0.555577 22 0.444137 7 0.000200 1 0.000086
  28 3.467232 0.000000 -0.121271 0.968823 0.000000 -0.247755 0.525391 0.597656 4 28 0.999834 7 0.000062 22 0.000055 1 0.000049
zombie
  1 3.776467 3.306286 1.893734 0.996233 0.059195 0.063377 0.580078 0.535156 4 1 0.543790 28 0.456026 22 0.000116 7 0.000068
  22 3.967490 0.000001 1.834938 0.998982 -0.000000 -0.045117 0.525391 0.535156 4 22 0.423618 1 0.361852 28 0.214514 7 0.000016
  28 3.467232 0.000000 -0.121271 0.968823 0.000000 -0.247755 0.525391 0.597656 4 28 0.999834 7 0.000062 22 0.000055 1 0.000049
zombie
  28 -2.935451 0.000001 2.366991 -0.999281 0.000000 -0.037911 0.396484 0.496094 3 28 0.415881 23 0.358450 2 0.225669
  28 -2.616155 3.102570 2.366991 -0.991152 0.102003 -0.084934 0.337891 0.496094 3 28 0.802341 2 0.197613 1 0.000046
  28 -2.385169 2.657394 -2.161125 -0.994547 0.055546 -0.088265 0.345703 0.667969 4 28 0.581045 2 0.417819 22 0.001084 1 0.000052
zombie
  28 -2.935451 0.000001 2.366991 -0.999281 0.000000 -0.037911 0.396484 0.496094 3 28 0.415881 23 0.358450 2 0.225669
  28 -2.385169 0.000001 -3.057554 -0.994894 0.000000 -0.100925 0.396484 0.699219 4 28 0.675895 2 0.216739 23 0.107365 1 0.000000
  28 -2.385169 -2.657391 -2.161125 -0.994547 -0.055546 -0.088265 0.447266 0.667969 4 28 0.779735 23 0.220162 22 0.000102 1 0.000002
zombie
  2 -2.819483 3.259986 4.400311 0.996870 -0.064223 0.046113 0.333984 0.417969 4 2 0.547799 1 0.419504 28 0.032643 35 0.000054
  28 -2.935451 0.000001 2.366991 0.999281 -0.000000 0.037911 0.396484 0.496094 3 28 0.415881 23 0.358450 2 0.225669
  28 -2.616155 3.102570 2.366991 0.991152 -0.102003 0.084934 0.337891 0.496094 3 28 0.800734 2 0.199063 35 0.000202
zombie
  28 -2.935451 0.000001 2.366991 0.999281 -0.000000 0.037911 0.396484 0.496094 3 28 0.415881 23 0.358450 2 0.225669
  28 -2.385169 0.000001 -3.057554 0.994894 -0.000000 0.100925 0.396484 0.699219 4 28 0.676319 2 0.216291 23 0.107296 1 0.000094
  28 -2.385169 2.657394 -2.161125 0.994547 -0.055546 0.088265 0.345703 0.667969 4 28 0.581356 2 0.418628 35 0.000014 1 0.000002
zombie
  28 -2.616155 -3.102567 2.366991 0.991152 0.102003 0.084934 0.455078 0.496094 2 28 0.693906 23 0.306094
  28 -2.935451 0.000001 2.366991 0.999281 -0.000000 0.037911 0.396484 0.496094 3 28 0.415881 23 0.358450 2 0.225669
  23 -2.819483 -3.259983 4.400311 0.996870 0.064223 0.046113 0.458984 0.417969 4 23 0.539479 22 0.447804 28 0.012716 1 0.000001
zombie
  23 -2.819483 -3.259983 4.400311 0.996870 0.064223 0.046113 0.458984 0.417969 4 23 0.539479 22 0.447804 28 0.012716 1 0.000001
  28 -2.935451 0.000001 2.366991 0.999281 -0.000000 0.037911 0.396484 0.496094 3 28 0.415881 23 0.358450 2 0.225669
  2 -2.819483 3.259986 4.400311 0.996870 -0.064223 0.046113 0.333984 0.417969 4 2 0.547799 1 0.419504 28 0.032643 35 0.000054
zombie
  28 -2.935451 0.000001 2.366991 0.999281 -0.000000 0.037911 0.396484 0.496094 3 28 0.415881 23 0.358450 2 0.225669
  28 -2.616155 -3.102567 2.366991 0.991152 0.102003 0.084934 0.455078 0.496094 2 28 0.693906 23 0.306094
  28 -2.385169 -2.657391 -2.161125 0.994547 0.055546 0.088265 0.447266 0.667969 4 28 0.779839 23 0.220161 36 0.000000 35 0.000000
zombie
  1 3.407079 0.000001 5.293207 -0.986572 0.000000 -0.163326 0.525391 0.417969 4 1 0.562113 22 0.247630 28 0.190027 33 0.000231
  22 3.967490 0.000001 1.834938 -0.998982 0.000000 0.045117 0.525391 0.535156 3 22 0.423604 1 0.361894 28 0.214502
  28 3.776465 -3.306286 1.893734 -0.996233 0.059195 -0.063377 0.470703 0.535156 4 28 0.556483 22 0.443461 33 0.000032 34 0.000024
zombie
  1 3.407079 0.000001 5.293207 -0.986572 0.000000 -0.163326 0.525391 0.417969 4 1 0.562113 22 0.247630 28 0.190027 33 0.000231
  28 3.776465 -3.306286 1.893734 -0.996233 0.059195 -0.063377 0.470703 0.535156 4 28 0.556483 22 0.443461 33 0.000032 34 0.000024
  22 3.199792 -3.587747 5.204603 -0.984934 0.057611 -0.163054 0.470703 0.425781 2 22 0.998976 28 0.001024
zombie
  1 3.199794 3.587748 5.204603 -0.984934 -0.057610 -0.163055 0.580078 0.425781 4 1 0.999876 33 0.000080 34 0.000037 6 0.000007
  1 3.776467 3.306286 1.893734 -0.996233 -0.059195 -0.063377 0.580078 0.535156 4 1 0.543025 28 0.456512 34 0.000245 33 0.000218
  22 3.967490 0.000001 1.834938 -0.998982 0.000000 0.045117 0.525391 0.535156 3 22 0.423604 1 0.361894 28 0.214502
zombie
  1 3.199794 3.587748 5.204603 -0.984934 -0.057610 -0.163055 0.580078 0.425781 4 1 0.999876 33 0.000080 34 0.000037 6 0.000007
  22 3.967490 0.000001 1.834938 -0.998982 0.000000 0.045117 0.525391 0.535156 3 22 0.423604 1 0.361894 28 0.214502
  1 3.407079 0.000001 5.293207 -0.986572 0.000000 -0.163326 0.525391 0.417969 4 1 0.562113 22 0.247630 28 0.190027 33 0.000231
zombie
  22 3.967490 0.000001 1.834938 -0.998982 0.000000 0.045117 0.525391 0.535156 3 22 0.423604 1 0.361894 28 0.214502
  28 3.467232 0.000000 -0.121271 -0.968823 -0.000000 0.247755 0.525391 0.597656 4 28 0.998999 27 0.000346 6 0.000346 34 0.000310
  28 3.776465 -3.306286 1.893734 -0.996233 0.059195 -0.063377 0.470703 0.535156 4 28 0.556483 22 0.443461 33 0.000032 34 0.000024
zombie
  1 3.776467 3.306286 1.893734 -0.996233 -0.059195 -0.063377 0.580078 0.535156 4 1 0.543025 28 0.456512 34 0.000245 33 0.000218
  28 3.467232 0.000000 -0.121271 -0.968823 -0.000000 0.247755 0.525391 0.597656 4 28 0.998999 27 0.000346 6 0.000346 34 0.000310
  22 3.967490 0.000001 1.834938 -0.998982 0.000000 0.045117 0.525391 0.535156 3 22 0.423604 1 0.361894 28 0.214502
zombie
  28 -2.935451 0.000001 2.366991 0.999281 -0.000000 0.037911 0.396484 0.496094 3 28 0.415881 23 0.358450 2 0.225669
  28 -2.385169 2.657394 -2.161125 0.994547 -0.055546 0.088265 0.345703 0.667969 4 28 0.581356 2 0.418628 35 0.000014 1 0.000002
  28 -2.616155 3.102570 2.366991 0.991152 -0.102003 0.084934 0.337891 0.496094 3 28 0.800734 2 0.199063 35 0.000202
zombie
  28 -2.935451 0.000001 2.366991 0.999281 -0.000000 0.037911 0.396484 0.496094 3 28 0.415881 23 0.358450 2 0.225669
  28 -2.385169 -2.657391 -2.161125 0.994547 0.055546 0.088265 0.447266 0.667969 4 28 0.779839 23 0.220161 36 0.000000 35 0.000000
  28 -2.385169 0.000001 -3.057554 0.994894 -0.000000 0.100925 0.396484 0.699219 4 28 0.676319 2 0.216291 23 0.107296 1 0.000094
zombie
  19 1.581222 -21.072634 1.377836 0.519958 -0.851370 0.069372 0.284211 0.486076 3 19 0.900641 20 0.054001 21 0.045358
  20 -1.492514 -19.782194 0.741354 -0.907336 -0.356841 -0.222274 0.249934 0.423627 1 20 1.000000
  19 0.681736 -20.119656 -0.740767 0.099316 -0.408135 -0.907504 0.250688 0.550273 3 19 0.743362 20 0.132241 21 0.124396
zombie
  19 -0.316141 -19.786577 3.171066 -0.403069 -0.283107 0.870279 0.326031 0.424992 3 19 0.876972 20 0.122210 21 0.000818
  19 1.796113 -18.281317 2.871082 0.594179 0.403310 0.695911 0.249733 0.423577 3 19 0.861030 21 0.138755 20 0.000215
  19 -0.952526 -17.469046 0.834225 -0.617291 0.773025 -0.146233 0.284146 0.486381 3 19 0.731511 20 0.147452 21 0.121037
zombie
  19 -0.952526 -17.469046 0.834225 -0.617291 0.773025 -0.146233 0.284146 0.486381 3 19 0.731511 20 0.147452 21 0.121037
  21 1.683560 -17.646740 0.180267 0.588060 0.645061 -0.487935 0.250642 0.550465 1 21 1.000000
  19 0.681736 -20.119656 -0.740767 0.099316 -0.408135 -0.907504 0.283347 0.550469 3 19 0.743362 20 0.132241 21 0.124396
zombie
  19 -0.952526 -17.469046 0.834225 -0.617291 0.773025 -0.146233 0.284146 0.486381 3 19 0.731511 20 0.147452 21 0.121037
  19 1.796113 -18.281317 2.871082 0.594179 0.403310 0.695911 0.249733 0.423577 3 19 0.861030 21 0.138755 20 0.000215
  21 1.683560 -17.646740 0.180267 0.588060 0.645061 -0.487935 0.250642 0.550465 1 21 1.000000
zombie
  19 1.796113 -18.281317 2.871082 0.594179 0.403310 0.695911 0.320485 0.553808 3 19 0.861030 21 0.138755 20 0.000215
  19 1.581222 -21.072634 1.377836 0.519958 -0.851370 0.069372 0.284211 0.486076 3 19 0.900641 20 0.054001 21 0.045358
  21 1.683560 -17.646740 0.180267 0.588060 0.645061 -0.487935 0.283409 0.550055 1 21 1.000000
zombie
  19 -0.316141 -19.786577 3.171066 -0.403069 -0.283107 0.870279 0.326536 0.424870 3 19 0.876972 20 0.122210 21 0.000818
  19 1.581222 -21.072634 1.377836 0.519958 -0.851370 0.069372 0.284211 0.486076 3 19 0.900641 20 0.054001 21 0.045358
  19 1.796113 -18.281317 2.871082 0.594179 0.403310 0.695911 0.320485 0.553808 3 19 0.861030 21 0.138755 20 0.000215
zombie
  19 1.581222 -21.072634 1.377836 0.519958 -0.851370 0.069372 0.284211 0.486076 3 19 0.900641 20 0.054001 21 0.045358
  19 -0.316141 -19.786577 3.171066 -0.403069 -0.283107 0.870279 0.326536 0.424870 3 19 0.876972 20 0.122210 21 0.000818
  20 -1.492514 -19.782194 0.741354 -0.907336 -0.356841 -0.222274 0.249934 0.423627 1 20 1.000000
zombie
  19 0.681736 -20.119656 -0.740767 0.099316 -0.408135 -0.907504 0.283347 0.550469 3 19 0.743362 20 0.132241 21 0.124396
  20 -1.492514 -19.782194 0.741354 -0.907336 -0.356841 -0.222274 0.320664 0.553663 1 20 1.000000
  19 -0.952526 -17.469046 0.834225 -0.617291 0.773025 -0.146233 0.284146 0.486381 3 19 0.731511 20 0.147452 21 0.121037
zombie
  20 -1.492514 -19.782194 0.741354 -0.907336 -0.356841 -0.222274 0.320664 0.553663 1 20 1.000000
  19 -0.316141 -19.786577 3.171066 -0.403069 -0.283107 0.870279 0.326031 0.424992 3 19 0.876972 20 0.122210 21 0.000818
  19 -0.952526 -17.469046 0.834225 -0.617291 0.773025 -0.146233 0.284146 0.486381 3 19 0.731511 20 0.147452 21 0.121037
zombie
  19 0.681736 -20.119656 -0.740767 0.099316 -0.408135 -0.907504 0.250688 0.550273 3 19 0.743362 20 0.132241 21 0.124396
  21 1.683560 -17.646740 0.180267 0.588060 0.645061 -0.487935 0.283409 0.550055 1 21 1.000000
  19 1.581222 -21.072634 1.377836 0.519958 -0.851370 0.069372 0.284211 0.486076 3 19 0.900641 20 0.054001 21 0.045358
end
