version 1
nodes
0 "root" -1
end
skeleton
time 0
0 0 0 0 0 0 0
end
triangles
xslime0
0 1176.0000 992.0000 -456.0000 0.0000 0.0000 0.0000 18.375000 15.500000
0 1176.0000 880.0000 -456.0000 0.0000 0.0000 0.0000 18.375000 13.750000
0 1176.0000 928.0000 -456.0000 0.0000 0.0000 0.0000 18.375000 14.500000
xslime0
0 1176.0000 992.0000 -456.0000 0.0000 0.0000 0.0000 18.375000 15.500000
0 1176.0000 864.0000 -456.0000 0.0000 0.0000 0.0000 18.375000 13.500000
0 1176.0000 880.0000 -456.0000 0.0000 0.0000 0.0000 18.375000 13.750000
xslime0
0 1176.0000 992.0000 -456.0000 0.0000 0.0000 0.0000 18.375000 15.500000
0 1176.0000 848.0000 -456.0000 0.0000 0.0000 0.0000 18.375000 13.250000
0 1176.0000 864.0000 -456.0000 0.0000 0.0000 0.0000 18.375000 13.500000
xslime0
0 1176.0000 992.0000 -456.0000 0.0000 0.0000 1.0000 18.375000 15.500000
0 1120.0000 848.0000 -456.0000 0.0000 0.0000 1.0000 17.500000 13.250000
0 1176.0000 848.0000 -456.0000 0.0000 0.0000 1.0000 18.375000 13.250000
xslime0
0 1176.0000 992.0000 -456.0000 0.0000 0.0000 1.0000 18.375000 15.500000
0 1120.0000 992.0000 -456.0000 0.0000 0.0000 1.0000 17.500000 15.500000
0 1120.0000 848.0000 -456.0000 0.0000 0.0000 1.0000 17.500000 13.250000
xslime0
0 1176.0000 848.0000 -456.0000 0.0000 0.0000 0.0000 18.375000 13.250000
0 1176.0000 880.0000 -456.0000 0.0000 0.0000 0.0000 18.375000 13.750000
0 1176.0000 864.0000 -456.0000 0.0000 0.0000 0.0000 18.375000 13.500000
xslime0
0 1176.0000 848.0000 -456.0000 0.0000 0.0000 0.0000 18.375000 13.250000
0 1176.0000 928.0000 -456.0000 0.0000 0.0000 0.0000 18.375000 14.500000
0 1176.0000 880.0000 -456.0000 0.0000 0.0000 0.0000 18.375000 13.750000
xslime0
0 1176.0000 848.0000 -456.0000 0.0000 0.0000 0.0000 18.375000 13.250000
0 1176.0000 992.0000 -456.0000 0.0000 0.0000 0.0000 18.375000 15.500000
0 1176.0000 928.0000 -456.0000 0.0000 0.0000 0.0000 18.375000 14.500000
xslime0
0 1176.0000 848.0000 -456.0000 0.0000 0.0000 -1.0000 18.375000 13.250000
0 1120.0000 992.0000 -456.0000 0.0000 0.0000 -1.0000 17.500000 15.500000
0 1176.0000 992.0000 -456.0000 0.0000 0.0000 -1.0000 18.375000 15.500000
xslime0
0 1176.0000 848.0000 -456.0000 0.0000 0.0000 -1.0000 18.375000 13.250000
0 1120.0000 848.0000 -456.0000 0.0000 0.0000 -1.0000 17.500000 13.250000
0 1120.0000 992.0000 -456.0000 0.0000 0.0000 -1.0000 17.500000 15.500000
xslime0
0 1176.0000 864.0000 -456.0000 0.0000 0.0000 1.0000 18.375000 13.500000
0 1176.0000 848.0000 -456.0000 0.0000 0.0000 1.0000 18.375000 13.250000
0 1192.0000 848.0000 -456.0000 0.0000 0.0000 1.0000 18.625000 13.250000
xslime0
0 1176.0000 848.0000 -456.0000 0.0000 0.0000 -1.0000 18.375000 13.250000
0 1176.0000 864.0000 -456.0000 0.0000 0.0000 -1.0000 18.375000 13.500000
0 1192.0000 848.0000 -456.0000 0.0000 0.0000 -1.0000 18.625000 13.250000
xslime0
0 1256.0000 848.0000 -456.0000 0.0000 0.0000 0.0000 19.625000 13.250000
0 1256.0000 896.0000 -456.0000 0.0000 0.0000 0.0000 19.625000 14.000000
0 1256.0000 864.0000 -456.0000 0.0000 0.0000 0.0000 19.625000 13.500000
xslime0
0 1256.0000 848.0000 -456.0000 0.0000 0.0000 -1.0000 19.625000 13.250000
0 1232.0000 872.0000 -456.0000 0.0000 0.0000 -1.0000 19.250000 13.625000
0 1256.0000 896.0000 -456.0000 0.0000 0.0000 -1.0000 19.625000 14.000000
xslime0
0 1256.0000 848.0000 -456.0000 0.0000 0.0000 -1.0000 19.625000 13.250000
0 1224.0000 864.0000 -456.0000 0.0000 0.0000 -1.0000 19.125000 13.500000
0 1232.0000 872.0000 -456.0000 0.0000 0.0000 -1.0000 19.250000 13.625000
xslime0
0 1256.0000 848.0000 -456.0000 0.0000 0.0000 -1.0000 19.625000 13.250000
0 1208.0000 848.0000 -456.0000 0.0000 0.0000 -1.0000 18.875000 13.250000
0 1224.0000 864.0000 -456.0000 0.0000 0.0000 -1.0000 19.125000 13.500000
xslime0
0 1224.0000 864.0000 -456.0000 0.0000 0.0000 0.0000 19.125000 13.500000
0 1256.0000 896.0000 -456.0000 0.0000 0.0000 0.0000 19.625000 14.000000
0 1232.0000 872.0000 -456.0000 0.0000 0.0000 0.0000 19.250000 13.625000
xslime0
0 1224.0000 864.0000 -456.0000 0.0000 0.0000 1.0000 19.125000 13.500000
0 1256.0000 864.0000 -456.0000 0.0000 0.0000 1.0000 19.625000 13.500000
0 1256.0000 896.0000 -456.0000 0.0000 0.0000 1.0000 19.625000 14.000000
xslime0
0 1224.0000 864.0000 -456.0000 -0.0000 0.0000 1.0000 19.125000 13.500000
0 1256.0000 848.0000 -456.0000 -0.0000 0.0000 1.0000 19.625000 13.250000
0 1256.0000 864.0000 -456.0000 -0.0000 0.0000 1.0000 19.625000 13.500000
xslime0
0 1224.0000 864.0000 -456.0000 0.0000 0.0000 1.0000 19.125000 13.500000
0 1208.0000 848.0000 -456.0000 0.0000 0.0000 1.0000 18.875000 13.250000
0 1256.0000 848.0000 -456.0000 0.0000 0.0000 1.0000 19.625000 13.250000
xslime0
0 1224.0000 880.0000 -456.0000 0.0000 0.0000 1.0000 19.125000 13.750000
0 1224.0000 864.0000 -456.0000 0.0000 0.0000 1.0000 19.125000 13.500000
0 1232.0000 872.0000 -456.0000 0.0000 0.0000 1.0000 19.250000 13.625000
xslime0
0 1224.0000 864.0000 -456.0000 0.0000 0.0000 -1.0000 19.125000 13.500000
0 1224.0000 880.0000 -456.0000 0.0000 0.0000 -1.0000 19.125000 13.750000
0 1232.0000 872.0000 -456.0000 0.0000 0.0000 -1.0000 19.250000 13.625000
xslime0
0 1256.0000 848.0000 -456.0000 0.0000 0.0000 1.0000 19.625000 13.250000
0 1272.0000 848.0000 -456.0000 0.0000 0.0000 1.0000 19.875000 13.250000
0 1256.0000 864.0000 -456.0000 0.0000 0.0000 1.0000 19.625000 13.500000
xslime0
0 1272.0000 848.0000 -456.0000 0.0000 0.0000 -1.0000 19.875000 13.250000
0 1256.0000 848.0000 -456.0000 0.0000 0.0000 -1.0000 19.625000 13.250000
0 1256.0000 864.0000 -456.0000 0.0000 0.0000 -1.0000 19.625000 13.500000
xslime0
0 1192.0000 896.0000 -456.0000 0.0000 0.0000 -1.0000 18.625000 14.000000
0 1176.0000 928.0000 -456.0000 0.0000 0.0000 -1.0000 18.375000 14.500000
0 1200.0000 904.0000 -456.0000 0.0000 0.0000 -1.0000 18.750000 14.125000
xslime0
0 1192.0000 896.0000 -456.0000 -0.0000 0.0000 -1.0000 18.625000 14.000000
0 1176.0000 880.0000 -456.0000 -0.0000 0.0000 -1.0000 18.375000 13.750000
0 1176.0000 928.0000 -456.0000 -0.0000 0.0000 -1.0000 18.375000 14.500000
xslime0
0 1176.0000 928.0000 -456.0000 0.0000 0.0000 1.0000 18.375000 14.500000
0 1192.0000 896.0000 -456.0000 0.0000 0.0000 1.0000 18.625000 14.000000
0 1200.0000 904.0000 -456.0000 0.0000 0.0000 1.0000 18.750000 14.125000
xslime0
0 1176.0000 928.0000 -456.0000 0.0000 0.0000 1.0000 18.375000 14.500000
0 1176.0000 880.0000 -456.0000 0.0000 0.0000 1.0000 18.375000 13.750000
0 1192.0000 896.0000 -456.0000 0.0000 0.0000 1.0000 18.625000 14.000000
xslime0
0 1200.0000 904.0000 -456.0000 0.0000 0.0000 1.0000 18.750000 14.125000
0 1192.0000 896.0000 -456.0000 0.0000 0.0000 1.0000 18.625000 14.000000
0 1208.0000 896.0000 -456.0000 0.0000 0.0000 1.0000 18.875000 14.000000
xslime0
0 1192.0000 896.0000 -456.0000 0.0000 0.0000 -1.0000 18.625000 14.000000
0 1200.0000 904.0000 -456.0000 0.0000 0.0000 -1.0000 18.750000 14.125000
0 1208.0000 896.0000 -456.0000 0.0000 0.0000 -1.0000 18.875000 14.000000
xslime0
0 1224.0000 992.0000 -456.0000 -0.0000 0.0000 1.0000 19.125000 15.500000
0 1256.0000 944.0000 -456.0000 -0.0000 0.0000 1.0000 19.625000 14.750000
0 1256.0000 992.0000 -456.0000 -0.0000 0.0000 1.0000 19.625000 15.500000
xslime0
0 1224.0000 992.0000 -456.0000 0.0000 0.0000 1.0000 19.125000 15.500000
0 1256.0000 896.0000 -456.0000 0.0000 0.0000 1.0000 19.625000 14.000000
0 1256.0000 944.0000 -456.0000 0.0000 0.0000 1.0000 19.625000 14.750000
xslime0
0 1224.0000 992.0000 -456.0000 0.0000 0.0000 1.0000 19.125000 15.500000
0 1232.0000 872.0000 -456.0000 0.0000 0.0000 1.0000 19.250000 13.625000
0 1256.0000 896.0000 -456.0000 0.0000 0.0000 1.0000 19.625000 14.000000
xslime0
0 1224.0000 992.0000 -456.0000 0.0000 0.0000 1.0000 19.125000 15.500000
0 1224.0000 880.0000 -456.0000 0.0000 0.0000 1.0000 19.125000 13.750000
0 1232.0000 872.0000 -456.0000 0.0000 0.0000 1.0000 19.250000 13.625000
xslime0
0 1224.0000 992.0000 -456.0000 0.0000 0.0000 1.0000 19.125000 15.500000
0 1208.0000 896.0000 -456.0000 0.0000 0.0000 1.0000 18.875000 14.000000
0 1224.0000 880.0000 -456.0000 0.0000 0.0000 1.0000 19.125000 13.750000
xslime0
0 1224.0000 992.0000 -456.0000 0.0000 0.0000 1.0000 19.125000 15.500000
0 1200.0000 904.0000 -456.0000 0.0000 0.0000 1.0000 18.750000 14.125000
0 1208.0000 896.0000 -456.0000 0.0000 0.0000 1.0000 18.875000 14.000000
xslime0
0 1224.0000 992.0000 -456.0000 0.0000 0.0000 1.0000 19.125000 15.500000
0 1176.0000 928.0000 -456.0000 0.0000 0.0000 1.0000 18.375000 14.500000
0 1200.0000 904.0000 -456.0000 0.0000 0.0000 1.0000 18.750000 14.125000
xslime0
0 1224.0000 992.0000 -456.0000 0.0000 0.0000 1.0000 19.125000 15.500000
0 1176.0000 992.0000 -456.0000 0.0000 0.0000 1.0000 18.375000 15.500000
0 1176.0000 928.0000 -456.0000 0.0000 0.0000 1.0000 18.375000 14.500000
xslime0
0 1256.0000 944.0000 -456.0000 0.0000 0.0000 -1.0000 19.625000 14.750000
0 1224.0000 992.0000 -456.0000 0.0000 0.0000 -1.0000 19.125000 15.500000
0 1256.0000 992.0000 -456.0000 0.0000 0.0000 -1.0000 19.625000 15.500000
xslime0
0 1256.0000 944.0000 -456.0000 0.0000 0.0000 -1.0000 19.625000 14.750000
0 1176.0000 992.0000 -456.0000 0.0000 0.0000 -1.0000 18.375000 15.500000
0 1224.0000 992.0000 -456.0000 0.0000 0.0000 -1.0000 19.125000 15.500000
xslime0
0 1256.0000 944.0000 -456.0000 -0.0000 0.0000 -1.0000 19.625000 14.750000
0 1176.0000 928.0000 -456.0000 -0.0000 0.0000 -1.0000 18.375000 14.500000
0 1176.0000 992.0000 -456.0000 -0.0000 0.0000 -1.0000 18.375000 15.500000
xslime0
0 1256.0000 944.0000 -456.0000 0.0000 0.0000 -1.0000 19.625000 14.750000
0 1200.0000 904.0000 -456.0000 0.0000 0.0000 -1.0000 18.750000 14.125000
0 1176.0000 928.0000 -456.0000 0.0000 0.0000 -1.0000 18.375000 14.500000
xslime0
0 1256.0000 944.0000 -456.0000 0.0000 0.0000 -1.0000 19.625000 14.750000
0 1208.0000 896.0000 -456.0000 0.0000 0.0000 -1.0000 18.875000 14.000000
0 1200.0000 904.0000 -456.0000 0.0000 0.0000 -1.0000 18.750000 14.125000
xslime0
0 1256.0000 944.0000 -456.0000 0.0000 0.0000 -1.0000 19.625000 14.750000
0 1224.0000 880.0000 -456.0000 0.0000 0.0000 -1.0000 19.125000 13.750000
0 1208.0000 896.0000 -456.0000 0.0000 0.0000 -1.0000 18.875000 14.000000
xslime0
0 1256.0000 944.0000 -456.0000 0.0000 0.0000 -1.0000 19.625000 14.750000
0 1232.0000 872.0000 -456.0000 0.0000 0.0000 -1.0000 19.250000 13.625000
0 1224.0000 880.0000 -456.0000 0.0000 0.0000 -1.0000 19.125000 13.750000
xslime0
0 1256.0000 944.0000 -456.0000 0.0000 -0.0000 -1.0000 19.625000 14.750000
0 1256.0000 896.0000 -456.0000 0.0000 -0.0000 -1.0000 19.625000 14.000000
0 1232.0000 872.0000 -456.0000 0.0000 -0.0000 -1.0000 19.250000 13.625000
xslime0
0 1256.0000 992.0000 -456.0000 0.0000 0.0000 -1.0000 19.625000 15.500000
0 1272.0000 960.0000 -456.0000 0.0000 0.0000 -1.0000 19.875000 15.000000
0 1256.0000 944.0000 -456.0000 0.0000 0.0000 -1.0000 19.625000 14.750000
xslime0
0 1256.0000 992.0000 -456.0000 0.0000 0.0000 -1.0000 19.625000 15.500000
0 1272.0000 992.0000 -456.0000 0.0000 0.0000 -1.0000 19.875000 15.500000
0 1272.0000 960.0000 -456.0000 0.0000 0.0000 -1.0000 19.875000 15.000000
xslime0
0 1272.0000 992.0000 -456.0000 0.0000 0.0000 1.0000 19.875000 15.500000
0 1256.0000 944.0000 -456.0000 0.0000 0.0000 1.0000 19.625000 14.750000
0 1272.0000 960.0000 -456.0000 0.0000 0.0000 1.0000 19.875000 15.000000
xslime0
0 1272.0000 992.0000 -456.0000 0.0000 0.0000 1.0000 19.875000 15.500000
0 1256.0000 992.0000 -456.0000 0.0000 0.0000 1.0000 19.625000 15.500000
0 1256.0000 944.0000 -456.0000 0.0000 0.0000 1.0000 19.625000 14.750000
xslime0
0 1400.0000 768.0000 -456.0000 0.0000 0.0000 -1.0000 21.875000 12.000000
0 1352.0000 848.0000 -456.0000 0.0000 0.0000 -1.0000 21.125000 13.250000
0 1400.0000 848.0000 -456.0000 0.0000 0.0000 -1.0000 21.875000 13.250000
xslime0
0 1400.0000 768.0000 -456.0000 0.0000 0.0000 -1.0000 21.875000 12.000000
0 1272.0000 848.0000 -456.0000 0.0000 0.0000 -1.0000 19.875000 13.250000
0 1352.0000 848.0000 -456.0000 0.0000 0.0000 -1.0000 21.125000 13.250000
xslime0
0 1400.0000 768.0000 -456.0000 0.0000 0.0000 -1.0000 21.875000 12.000000
0 1256.0000 848.0000 -456.0000 0.0000 0.0000 -1.0000 19.625000 13.250000
0 1272.0000 848.0000 -456.0000 0.0000 0.0000 -1.0000 19.875000 13.250000
xslime0
0 1400.0000 768.0000 -456.0000 0.0000 0.0000 -1.0000 21.875000 12.000000
0 1208.0000 848.0000 -456.0000 0.0000 0.0000 -1.0000 18.875000 13.250000
0 1256.0000 848.0000 -456.0000 0.0000 0.0000 -1.0000 19.625000 13.250000
xslime0
0 1400.0000 768.0000 -456.0000 0.0000 0.0000 -1.0000 21.875000 12.000000
0 1192.0000 848.0000 -456.0000 0.0000 0.0000 -1.0000 18.625000 13.250000
0 1208.0000 848.0000 -456.0000 0.0000 0.0000 -1.0000 18.875000 13.250000
xslime0
0 1400.0000 768.0000 -456.0000 0.0000 0.0000 -1.0000 21.875000 12.000000
0 1176.0000 848.0000 -456.0000 0.0000 0.0000 -1.0000 18.375000 13.250000
0 1192.0000 848.0000 -456.0000 0.0000 0.0000 -1.0000 18.625000 13.250000
xslime0
0 1400.0000 768.0000 -456.0000 0.0000 0.0000 -1.0000 21.875000 12.000000
0 1120.0000 848.0000 -456.0000 0.0000 0.0000 -1.0000 17.500000 13.250000
0 1176.0000 848.0000 -456.0000 0.0000 0.0000 -1.0000 18.375000 13.250000
xslime0
0 1400.0000 768.0000 -456.0000 0.0000 0.0000 -1.0000 21.875000 12.000000
0 1200.0000 768.0000 -456.0000 0.0000 0.0000 -1.0000 18.750000 12.000000
0 1120.0000 848.0000 -456.0000 0.0000 0.0000 -1.0000 17.500000 13.250000
xslime0
0 1176.0000 848.0000 -456.0000 0.0000 0.0000 0.0000 18.375000 13.250000
0 1208.0000 848.0000 -456.0000 0.0000 0.0000 0.0000 18.875000 13.250000
0 1192.0000 848.0000 -456.0000 0.0000 0.0000 0.0000 18.625000 13.250000
xslime0
0 1176.0000 848.0000 -456.0000 0.0000 0.0000 0.0000 18.375000 13.250000
0 1256.0000 848.0000 -456.0000 0.0000 0.0000 0.0000 19.625000 13.250000
0 1208.0000 848.0000 -456.0000 0.0000 0.0000 0.0000 18.875000 13.250000
xslime0
0 1176.0000 848.0000 -456.0000 0.0000 0.0000 0.0000 18.375000 13.250000
0 1272.0000 848.0000 -456.0000 0.0000 0.0000 0.0000 19.875000 13.250000
0 1256.0000 848.0000 -456.0000 0.0000 0.0000 0.0000 19.625000 13.250000
xslime0
0 1176.0000 848.0000 -456.0000 0.0000 0.0000 0.0000 18.375000 13.250000
0 1352.0000 848.0000 -456.0000 0.0000 0.0000 0.0000 21.125000 13.250000
0 1272.0000 848.0000 -456.0000 0.0000 0.0000 0.0000 19.875000 13.250000
xslime0
0 1176.0000 848.0000 -456.0000 0.0000 0.0000 0.0000 18.375000 13.250000
0 1400.0000 848.0000 -456.0000 0.0000 0.0000 0.0000 21.875000 13.250000
0 1352.0000 848.0000 -456.0000 0.0000 0.0000 0.0000 21.125000 13.250000
xslime0
0 1176.0000 848.0000 -456.0000 -0.0000 0.0000 1.0000 18.375000 13.250000
0 1400.0000 768.0000 -456.0000 -0.0000 0.0000 1.0000 21.875000 12.000000
0 1400.0000 848.0000 -456.0000 -0.0000 0.0000 1.0000 21.875000 13.250000
xslime0
0 1176.0000 848.0000 -456.0000 0.0000 0.0000 1.0000 18.375000 13.250000
0 1200.0000 768.0000 -456.0000 0.0000 0.0000 1.0000 18.750000 12.000000
0 1400.0000 768.0000 -456.0000 0.0000 0.0000 1.0000 21.875000 12.000000
xslime0
0 1176.0000 848.0000 -456.0000 0.0000 0.0000 1.0000 18.375000 13.250000
0 1120.0000 848.0000 -456.0000 0.0000 0.0000 1.0000 17.500000 13.250000
0 1200.0000 768.0000 -456.0000 0.0000 0.0000 1.0000 18.750000 12.000000
xslime0
0 1352.0000 848.0000 -456.0000 0.0000 0.0000 -1.0000 21.125000 13.250000
0 1400.0000 864.0000 -456.0000 0.0000 0.0000 -1.0000 21.875000 13.500000
0 1400.0000 848.0000 -456.0000 0.0000 0.0000 -1.0000 21.875000 13.250000
xslime0
0 1352.0000 848.0000 -456.0000 0.0000 0.0000 -1.0000 21.125000 13.250000
0 1368.0000 864.0000 -456.0000 0.0000 0.0000 -1.0000 21.375000 13.500000
0 1400.0000 864.0000 -456.0000 0.0000 0.0000 -1.0000 21.875000 13.500000
xslime0
0 1352.0000 848.0000 -456.0000 0.0000 0.0000 1.0000 21.125000 13.250000
0 1400.0000 864.0000 -456.0000 0.0000 0.0000 1.0000 21.875000 13.500000
0 1368.0000 864.0000 -456.0000 0.0000 0.0000 1.0000 21.375000 13.500000
xslime0
0 1352.0000 848.0000 -456.0000 0.0000 0.0000 1.0000 21.125000 13.250000
0 1400.0000 848.0000 -456.0000 0.0000 0.0000 1.0000 21.875000 13.250000
0 1400.0000 864.0000 -456.0000 0.0000 0.0000 1.0000 21.875000 13.500000
xslime0
0 1368.0000 944.0000 -456.0000 -0.0000 0.0000 1.0000 21.375000 14.750000
0 1400.0000 896.0000 -456.0000 -0.0000 0.0000 1.0000 21.875000 14.000000
0 1400.0000 944.0000 -456.0000 -0.0000 0.0000 1.0000 21.875000 14.750000
xslime0
0 1368.0000 944.0000 -456.0000 0.0000 0.0000 1.0000 21.375000 14.750000
0 1400.0000 880.0000 -456.0000 0.0000 0.0000 1.0000 21.875000 13.750000
0 1400.0000 896.0000 -456.0000 0.0000 0.0000 1.0000 21.875000 14.000000
xslime0
0 1368.0000 944.0000 -456.0000 0.0000 0.0000 1.0000 21.375000 14.750000
0 1400.0000 864.0000 -456.0000 0.0000 0.0000 1.0000 21.875000 13.500000
0 1400.0000 880.0000 -456.0000 0.0000 0.0000 1.0000 21.875000 13.750000
xslime0
0 1368.0000 944.0000 -456.0000 0.0000 0.0000 1.0000 21.375000 14.750000
0 1368.0000 864.0000 -456.0000 0.0000 0.0000 1.0000 21.375000 13.500000
0 1400.0000 864.0000 -456.0000 0.0000 0.0000 1.0000 21.875000 13.500000
xslime0
0 1400.0000 864.0000 -456.0000 0.0000 0.0000 0.0000 21.875000 13.500000
0 1400.0000 896.0000 -456.0000 0.0000 0.0000 0.0000 21.875000 14.000000
0 1400.0000 880.0000 -456.0000 0.0000 0.0000 0.0000 21.875000 13.750000
xslime0
0 1400.0000 864.0000 -456.0000 0.0000 0.0000 0.0000 21.875000 13.500000
0 1400.0000 944.0000 -456.0000 0.0000 0.0000 0.0000 21.875000 14.750000
0 1400.0000 896.0000 -456.0000 0.0000 0.0000 0.0000 21.875000 14.000000
xslime0
0 1400.0000 864.0000 -456.0000 0.0000 0.0000 -1.0000 21.875000 13.500000
0 1368.0000 944.0000 -456.0000 0.0000 0.0000 -1.0000 21.375000 14.750000
0 1400.0000 944.0000 -456.0000 0.0000 0.0000 -1.0000 21.875000 14.750000
xslime0
0 1400.0000 864.0000 -456.0000 0.0000 0.0000 -1.0000 21.875000 13.500000
0 1368.0000 864.0000 -456.0000 0.0000 0.0000 -1.0000 21.375000 13.500000
0 1368.0000 944.0000 -456.0000 0.0000 0.0000 -1.0000 21.375000 14.750000
xslime0
0 1400.0000 960.0000 -456.0000 0.0000 0.0000 1.0000 21.875000 15.000000
0 1368.0000 944.0000 -456.0000 0.0000 0.0000 1.0000 21.375000 14.750000
0 1400.0000 944.0000 -456.0000 0.0000 0.0000 1.0000 21.875000 14.750000
xslime0
0 1400.0000 960.0000 -456.0000 0.0000 0.0000 1.0000 21.875000 15.000000
0 1352.0000 960.0000 -456.0000 0.0000 0.0000 1.0000 21.125000 15.000000
0 1368.0000 944.0000 -456.0000 0.0000 0.0000 1.0000 21.375000 14.750000
xslime0
0 1400.0000 944.0000 -456.0000 0.0000 0.0000 -1.0000 21.875000 14.750000
0 1352.0000 960.0000 -456.0000 0.0000 0.0000 -1.0000 21.125000 15.000000
0 1400.0000 960.0000 -456.0000 0.0000 0.0000 -1.0000 21.875000 15.000000
xslime0
0 1400.0000 944.0000 -456.0000 0.0000 0.0000 -1.0000 21.875000 14.750000
0 1368.0000 944.0000 -456.0000 0.0000 0.0000 -1.0000 21.375000 14.750000
0 1352.0000 960.0000 -456.0000 0.0000 0.0000 -1.0000 21.125000 15.000000
xslime0
0 1400.0000 848.0000 -456.0000 0.0000 0.0000 -1.0000 21.875000 13.250000
0 1424.0000 768.0000 -456.0000 0.0000 0.0000 -1.0000 22.250000 12.000000
0 1400.0000 768.0000 -456.0000 0.0000 0.0000 -1.0000 21.875000 12.000000
xslime0
0 1400.0000 848.0000 -456.0000 0.0000 0.0000 -1.0000 21.875000 13.250000
0 1424.0000 840.0000 -456.0000 0.0000 0.0000 -1.0000 22.250000 13.125000
0 1424.0000 768.0000 -456.0000 0.0000 0.0000 -1.0000 22.250000 12.000000
xslime0
0 1400.0000 848.0000 -456.0000 0.0000 0.0000 -1.0000 21.875000 13.250000
0 1416.0000 848.0000 -456.0000 0.0000 0.0000 -1.0000 22.125000 13.250000
0 1424.0000 840.0000 -456.0000 0.0000 0.0000 -1.0000 22.250000 13.125000
xslime0
0 1400.0000 848.0000 -456.0000 0.0000 0.0000 -1.0000 21.875000 13.250000
0 1400.0000 864.0000 -456.0000 0.0000 0.0000 -1.0000 21.875000 13.500000
0 1416.0000 848.0000 -456.0000 0.0000 0.0000 -1.0000 22.125000 13.250000
xslime0
0 1424.0000 768.0000 -456.0000 0.0000 0.0000 1.0000 22.250000 12.000000
0 1400.0000 848.0000 -456.0000 0.0000 0.0000 1.0000 21.875000 13.250000
0 1400.0000 768.0000 -456.0000 0.0000 0.0000 1.0000 21.875000 12.000000
xslime0
0 1424.0000 768.0000 -456.0000 0.0000 0.0000 1.0000 22.250000 12.000000
0 1400.0000 864.0000 -456.0000 0.0000 0.0000 1.0000 21.875000 13.500000
0 1400.0000 848.0000 -456.0000 0.0000 0.0000 1.0000 21.875000 13.250000
xslime0
0 1424.0000 768.0000 -456.0000 0.0000 0.0000 1.0000 22.250000 12.000000
0 1416.0000 848.0000 -456.0000 0.0000 0.0000 1.0000 22.125000 13.250000
0 1400.0000 864.0000 -456.0000 0.0000 0.0000 1.0000 21.875000 13.500000
xslime0
0 1424.0000 768.0000 -456.0000 0.0000 -0.0000 1.0000 22.250000 12.000000
0 1424.0000 840.0000 -456.0000 0.0000 -0.0000 1.0000 22.250000 13.125000
0 1416.0000 848.0000 -456.0000 0.0000 -0.0000 1.0000 22.125000 13.250000
xslime0
0 1456.0000 872.0000 -456.0000 0.0000 0.0000 1.0000 22.750000 13.625000
0 1448.0000 880.0000 -456.0000 0.0000 0.0000 1.0000 22.625000 13.750000
0 1448.0000 864.0000 -456.0000 0.0000 0.0000 1.0000 22.625000 13.500000
xslime0
0 1448.0000 880.0000 -456.0000 0.0000 0.0000 -1.0000 22.625000 13.750000
0 1456.0000 872.0000 -456.0000 0.0000 0.0000 -1.0000 22.750000 13.625000
0 1448.0000 864.0000 -456.0000 0.0000 0.0000 -1.0000 22.625000 13.500000
xslime0
0 1424.0000 840.0000 -456.0000 0.0000 -0.0000 1.0000 22.250000 13.125000
0 1432.0000 848.0000 -456.0000 0.0000 -0.0000 1.0000 22.375000 13.250000
0 1416.0000 848.0000 -456.0000 0.0000 -0.0000 1.0000 22.125000 13.250000
xslime0
0 1416.0000 848.0000 -456.0000 0.0000 0.0000 -1.0000 22.125000 13.250000
0 1432.0000 848.0000 -456.0000 0.0000 0.0000 -1.0000 22.375000 13.250000
0 1424.0000 840.0000 -456.0000 0.0000 0.0000 -1.0000 22.250000 13.125000
xslime0
0 1416.0000 896.0000 -456.0000 0.0000 0.0000 1.0000 22.125000 14.000000
0 1400.0000 896.0000 -456.0000 0.0000 0.0000 1.0000 21.875000 14.000000
0 1400.0000 880.0000 -456.0000 0.0000 0.0000 1.0000 21.875000 13.750000
xslime0
0 1400.0000 880.0000 -456.0000 0.0000 0.0000 -1.0000 21.875000 13.750000
0 1400.0000 896.0000 -456.0000 0.0000 0.0000 -1.0000 21.875000 14.000000
0 1416.0000 896.0000 -456.0000 0.0000 0.0000 -1.0000 22.125000 14.000000
xslime0
0 1480.0000 896.0000 -456.0000 0.0000 0.0000 1.0000 23.125000 14.000000
0 1448.0000 880.0000 -456.0000 0.0000 0.0000 1.0000 22.625000 13.750000
0 1456.0000 872.0000 -456.0000 0.0000 0.0000 1.0000 22.750000 13.625000
xslime0
0 1480.0000 896.0000 -456.0000 0.0000 0.0000 1.0000 23.125000 14.000000
0 1432.0000 896.0000 -456.0000 0.0000 0.0000 1.0000 22.375000 14.000000
0 1448.0000 880.0000 -456.0000 0.0000 0.0000 1.0000 22.625000 13.750000
xslime0
0 1448.0000 880.0000 -456.0000 0.0000 0.0000 -1.0000 22.625000 13.750000
0 1480.0000 896.0000 -456.0000 0.0000 0.0000 -1.0000 23.125000 14.000000
0 1456.0000 872.0000 -456.0000 0.0000 0.0000 -1.0000 22.750000 13.625000
xslime0
0 1448.0000 880.0000 -456.0000 0.0000 0.0000 -1.0000 22.625000 13.750000
0 1432.0000 896.0000 -456.0000 0.0000 0.0000 -1.0000 22.375000 14.000000
0 1480.0000 896.0000 -456.0000 0.0000 0.0000 -1.0000 23.125000 14.000000
xslime0
0 1504.0000 920.0000 -456.0000 0.0000 0.0000 0.0000 23.500000 14.375000
0 1456.0000 872.0000 -456.0000 0.0000 0.0000 0.0000 22.750000 13.625000
0 1480.0000 896.0000 -456.0000 0.0000 0.0000 0.0000 23.125000 14.000000
xslime0
0 1504.0000 920.0000 -456.0000 0.0000 0.0000 0.0000 23.500000 14.375000
0 1448.0000 864.0000 -456.0000 0.0000 0.0000 0.0000 22.625000 13.500000
0 1456.0000 872.0000 -456.0000 0.0000 0.0000 0.0000 22.750000 13.625000
xslime0
0 1504.0000 920.0000 -456.0000 0.0000 0.0000 0.0000 23.500000 14.375000
0 1432.0000 848.0000 -456.0000 0.0000 0.0000 0.0000 22.375000 13.250000
0 1448.0000 864.0000 -456.0000 0.0000 0.0000 0.0000 22.625000 13.500000
xslime0
0 1504.0000 920.0000 -456.0000 0.0000 0.0000 0.0000 23.500000 14.375000
0 1424.0000 840.0000 -456.0000 0.0000 0.0000 0.0000 22.250000 13.125000
0 1432.0000 848.0000 -456.0000 0.0000 0.0000 0.0000 22.375000 13.250000
xslime0
0 1504.0000 920.0000 -456.0000 0.0000 0.0000 -1.0000 23.500000 14.375000
0 1424.0000 768.0000 -456.0000 0.0000 0.0000 -1.0000 22.250000 12.000000
0 1424.0000 840.0000 -456.0000 0.0000 0.0000 -1.0000 22.250000 13.125000
xslime0
0 1504.0000 920.0000 -456.0000 0.0000 0.0000 -1.0000 23.500000 14.375000
0 1472.0000 816.0000 -456.0000 0.0000 0.0000 -1.0000 23.000000 12.750000
0 1424.0000 768.0000 -456.0000 0.0000 0.0000 -1.0000 22.250000 12.000000
xslime0
0 1504.0000 920.0000 -456.0000 0.0000 -0.0000 -1.0000 23.500000 14.375000
0 1504.0000 848.0000 -456.0000 0.0000 -0.0000 -1.0000 23.500000 13.250000
0 1472.0000 816.0000 -456.0000 0.0000 -0.0000 -1.0000 23.000000 12.750000
xslime0
0 1432.0000 848.0000 -456.0000 0.0000 0.0000 0.0000 22.375000 13.250000
0 1456.0000 872.0000 -456.0000 0.0000 0.0000 0.0000 22.750000 13.625000
0 1448.0000 864.0000 -456.0000 0.0000 0.0000 0.0000 22.625000 13.500000
xslime0
0 1432.0000 848.0000 -456.0000 0.0000 0.0000 0.0000 22.375000 13.250000
0 1480.0000 896.0000 -456.0000 0.0000 0.0000 0.0000 23.125000 14.000000
0 1456.0000 872.0000 -456.0000 0.0000 0.0000 0.0000 22.750000 13.625000
xslime0
0 1432.0000 848.0000 -456.0000 0.0000 0.0000 0.0000 22.375000 13.250000
0 1504.0000 920.0000 -456.0000 0.0000 0.0000 0.0000 23.500000 14.375000
0 1480.0000 896.0000 -456.0000 0.0000 0.0000 0.0000 23.125000 14.000000
xslime0
0 1432.0000 848.0000 -456.0000 0.0000 0.0000 1.0000 22.375000 13.250000
0 1504.0000 848.0000 -456.0000 0.0000 0.0000 1.0000 23.500000 13.250000
0 1504.0000 920.0000 -456.0000 0.0000 0.0000 1.0000 23.500000 14.375000
xslime0
0 1432.0000 848.0000 -456.0000 -0.0000 0.0000 1.0000 22.375000 13.250000
0 1472.0000 816.0000 -456.0000 -0.0000 0.0000 1.0000 23.000000 12.750000
0 1504.0000 848.0000 -456.0000 -0.0000 0.0000 1.0000 23.500000 13.250000
xslime0
0 1432.0000 848.0000 -456.0000 0.0000 0.0000 1.0000 22.375000 13.250000
0 1424.0000 768.0000 -456.0000 0.0000 0.0000 1.0000 22.250000 12.000000
0 1472.0000 816.0000 -456.0000 0.0000 0.0000 1.0000 23.000000 12.750000
xslime0
0 1432.0000 848.0000 -456.0000 0.0000 0.0000 1.0000 22.375000 13.250000
0 1424.0000 840.0000 -456.0000 0.0000 0.0000 1.0000 22.250000 13.125000
0 1424.0000 768.0000 -456.0000 0.0000 0.0000 1.0000 22.250000 12.000000
xslime0
0 1504.0000 920.0000 -456.0000 0.0000 0.0000 1.0000 23.500000 14.375000
0 1432.0000 896.0000 -456.0000 0.0000 0.0000 1.0000 22.375000 14.000000
0 1480.0000 896.0000 -456.0000 0.0000 0.0000 1.0000 23.125000 14.000000
xslime0
0 1504.0000 920.0000 -456.0000 0.0000 0.0000 1.0000 23.500000 14.375000
0 1416.0000 896.0000 -456.0000 0.0000 0.0000 1.0000 22.125000 14.000000
0 1432.0000 896.0000 -456.0000 0.0000 0.0000 1.0000 22.375000 14.000000
xslime0
0 1504.0000 920.0000 -456.0000 0.0000 0.0000 1.0000 23.500000 14.375000
0 1400.0000 896.0000 -456.0000 0.0000 0.0000 1.0000 21.875000 14.000000
0 1416.0000 896.0000 -456.0000 0.0000 0.0000 1.0000 22.125000 14.000000
xslime0
0 1504.0000 920.0000 -456.0000 0.0000 0.0000 1.0000 23.500000 14.375000
0 1400.0000 944.0000 -456.0000 0.0000 0.0000 1.0000 21.875000 14.750000
0 1400.0000 896.0000 -456.0000 0.0000 0.0000 1.0000 21.875000 14.000000
xslime0
0 1504.0000 920.0000 -456.0000 0.0000 0.0000 1.0000 23.500000 14.375000
0 1400.0000 960.0000 -456.0000 0.0000 0.0000 1.0000 21.875000 15.000000
0 1400.0000 944.0000 -456.0000 0.0000 0.0000 1.0000 21.875000 14.750000
xslime0
0 1504.0000 920.0000 -456.0000 0.0000 0.0000 1.0000 23.500000 14.375000
0 1400.0000 992.0000 -456.0000 0.0000 0.0000 1.0000 21.875000 15.500000
0 1400.0000 960.0000 -456.0000 0.0000 0.0000 1.0000 21.875000 15.000000
xslime0
0 1504.0000 920.0000 -456.0000 0.0000 0.0000 1.0000 23.500000 14.375000
0 1448.0000 992.0000 -456.0000 0.0000 0.0000 1.0000 22.625000 15.500000
0 1400.0000 992.0000 -456.0000 0.0000 0.0000 1.0000 21.875000 15.500000
xslime0
0 1504.0000 920.0000 -456.0000 0.0000 -0.0000 1.0000 23.500000 14.375000
0 1504.0000 992.0000 -456.0000 0.0000 -0.0000 1.0000 23.500000 15.500000
0 1448.0000 992.0000 -456.0000 0.0000 -0.0000 1.0000 22.625000 15.500000
xslime0
0 1448.0000 992.0000 -456.0000 -0.0000 0.0000 -1.0000 22.625000 15.500000
0 1400.0000 960.0000 -456.0000 -0.0000 0.0000 -1.0000 21.875000 15.000000
0 1400.0000 992.0000 -456.0000 -0.0000 0.0000 -1.0000 21.875000 15.500000
xslime0
0 1448.0000 992.0000 -456.0000 0.0000 0.0000 -1.0000 22.625000 15.500000
0 1400.0000 944.0000 -456.0000 0.0000 0.0000 -1.0000 21.875000 14.750000
0 1400.0000 960.0000 -456.0000 0.0000 0.0000 -1.0000 21.875000 15.000000
xslime0
0 1448.0000 992.0000 -456.0000 0.0000 0.0000 -1.0000 22.625000 15.500000
0 1400.0000 896.0000 -456.0000 0.0000 0.0000 -1.0000 21.875000 14.000000
0 1400.0000 944.0000 -456.0000 0.0000 0.0000 -1.0000 21.875000 14.750000
xslime0
0 1448.0000 992.0000 -456.0000 0.0000 0.0000 -1.0000 22.625000 15.500000
0 1416.0000 896.0000 -456.0000 0.0000 0.0000 -1.0000 22.125000 14.000000
0 1400.0000 896.0000 -456.0000 0.0000 0.0000 -1.0000 21.875000 14.000000
xslime0
0 1448.0000 992.0000 -456.0000 0.0000 0.0000 -1.0000 22.625000 15.500000
0 1432.0000 896.0000 -456.0000 0.0000 0.0000 -1.0000 22.375000 14.000000
0 1416.0000 896.0000 -456.0000 0.0000 0.0000 -1.0000 22.125000 14.000000
xslime0
0 1448.0000 992.0000 -456.0000 0.0000 -0.0000 -1.0000 22.625000 15.500000
0 1480.0000 896.0000 -456.0000 0.0000 -0.0000 -1.0000 23.125000 14.000000
0 1432.0000 896.0000 -456.0000 0.0000 -0.0000 -1.0000 22.375000 14.000000
xslime0
0 1448.0000 992.0000 -456.0000 0.0000 0.0000 -1.0000 22.625000 15.500000
0 1504.0000 920.0000 -456.0000 0.0000 0.0000 -1.0000 23.500000 14.375000
0 1480.0000 896.0000 -456.0000 0.0000 0.0000 -1.0000 23.125000 14.000000
xslime0
0 1448.0000 992.0000 -456.0000 0.0000 0.0000 -1.0000 22.625000 15.500000
0 1504.0000 992.0000 -456.0000 0.0000 0.0000 -1.0000 23.500000 15.500000
0 1504.0000 920.0000 -456.0000 0.0000 0.0000 -1.0000 23.500000 14.375000
xslime0
0 1192.0000 1088.0000 -456.0000 -0.0000 -0.0000 -1.0000 18.625000 17.000000
0 1192.0000 1072.0000 -456.0000 -0.0000 -0.0000 -1.0000 18.625000 16.750000
0 1176.0000 1088.0000 -456.0000 -0.0000 -0.0000 -1.0000 18.375000 17.000000
xslime0
0 1192.0000 1088.0000 -456.0000 0.0000 0.0000 -1.0000 18.625000 17.000000
0 1208.0000 1072.0000 -456.0000 0.0000 0.0000 -1.0000 18.875000 16.750000
0 1192.0000 1072.0000 -456.0000 0.0000 0.0000 -1.0000 18.625000 16.750000
xslime0
0 1192.0000 1072.0000 -456.0000 0.0000 -0.0000 1.0000 18.625000 16.750000
0 1192.0000 1088.0000 -456.0000 0.0000 -0.0000 1.0000 18.625000 17.000000
0 1176.0000 1088.0000 -456.0000 0.0000 -0.0000 1.0000 18.375000 17.000000
xslime0
0 1192.0000 1072.0000 -456.0000 0.0000 0.0000 1.0000 18.625000 16.750000
0 1208.0000 1072.0000 -456.0000 0.0000 0.0000 1.0000 18.875000 16.750000
0 1192.0000 1088.0000 -456.0000 0.0000 0.0000 1.0000 18.625000 17.000000
xslime0
0 1192.0000 1024.0000 -456.0000 0.0000 0.0000 -1.0000 18.625000 16.000000
0 1208.0000 1024.0000 -456.0000 0.0000 0.0000 -1.0000 18.875000 16.000000
0 1200.0000 1016.0000 -456.0000 0.0000 0.0000 -1.0000 18.750000 15.875000
xslime0
0 1208.0000 1024.0000 -456.0000 0.0000 0.0000 1.0000 18.875000 16.000000
0 1192.0000 1024.0000 -456.0000 0.0000 0.0000 1.0000 18.625000 16.000000
0 1200.0000 1016.0000 -456.0000 0.0000 0.0000 1.0000 18.750000 15.875000
xslime0
0 1176.0000 992.0000 -456.0000 0.0000 0.0000 -1.0000 18.375000 15.500000
0 1200.0000 1016.0000 -456.0000 0.0000 0.0000 -1.0000 18.750000 15.875000
0 1224.0000 992.0000 -456.0000 0.0000 0.0000 -1.0000 19.125000 15.500000
xslime0
0 1176.0000 992.0000 -456.0000 0.0000 0.0000 -1.0000 18.375000 15.500000
0 1192.0000 1024.0000 -456.0000 0.0000 0.0000 -1.0000 18.625000 16.000000
0 1200.0000 1016.0000 -456.0000 0.0000 0.0000 -1.0000 18.750000 15.875000
xslime0
0 1176.0000 992.0000 -456.0000 0.0000 0.0000 -1.0000 18.375000 15.500000
0 1176.0000 1040.0000 -456.0000 0.0000 0.0000 -1.0000 18.375000 16.250000
0 1192.0000 1024.0000 -456.0000 0.0000 0.0000 -1.0000 18.625000 16.000000
xslime0
0 1176.0000 992.0000 -456.0000 0.0000 0.0000 -1.0000 18.375000 15.500000
0 1168.0000 1048.0000 -456.0000 0.0000 0.0000 -1.0000 18.250000 16.375000
0 1176.0000 1040.0000 -456.0000 0.0000 0.0000 -1.0000 18.375000 16.250000
xslime0
0 1176.0000 992.0000 -456.0000 0.0000 0.0000 -1.0000 18.375000 15.500000
0 1132.0000 1084.0000 -456.0000 0.0000 0.0000 -1.0000 17.687500 16.937500
0 1168.0000 1048.0000 -456.0000 0.0000 0.0000 -1.0000 18.250000 16.375000
xslime0
0 1176.0000 992.0000 -456.0000 0.0000 0.0000 -1.0000 18.375000 15.500000
0 1120.0000 1072.0000 -456.0000 0.0000 0.0000 -1.0000 17.500000 16.750000
0 1132.0000 1084.0000 -456.0000 0.0000 0.0000 -1.0000 17.687500 16.937500
xslime0
0 1176.0000 992.0000 -456.0000 0.0000 0.0000 -1.0000 18.375000 15.500000
0 1120.0000 992.0000 -456.0000 0.0000 0.0000 -1.0000 17.500000 15.500000
0 1120.0000 1072.0000 -456.0000 0.0000 0.0000 -1.0000 17.500000 16.750000
xslime0
0 1176.0000 992.0000 -456.0000 0.0000 0.0000 1.0000 18.375000 15.500000
0 1120.0000 1072.0000 -456.0000 0.0000 0.0000 1.0000 17.500000 16.750000
0 1120.0000 992.0000 -456.0000 0.0000 0.0000 1.0000 17.500000 15.500000
xslime0
0 1176.0000 992.0000 -456.0000 0.0000 0.0000 1.0000 18.375000 15.500000
0 1132.0000 1084.0000 -456.0000 0.0000 0.0000 1.0000 17.687500 16.937500
0 1120.0000 1072.0000 -456.0000 0.0000 0.0000 1.0000 17.500000 16.750000
xslime0
0 1176.0000 992.0000 -456.0000 0.0000 0.0000 1.0000 18.375000 15.500000
0 1168.0000 1048.0000 -456.0000 0.0000 0.0000 1.0000 18.250000 16.375000
0 1132.0000 1084.0000 -456.0000 0.0000 0.0000 1.0000 17.687500 16.937500
xslime0
0 1176.0000 992.0000 -456.0000 0.0000 -0.0000 1.0000 18.375000 15.500000
0 1176.0000 1040.0000 -456.0000 0.0000 -0.0000 1.0000 18.375000 16.250000
0 1168.0000 1048.0000 -456.0000 0.0000 -0.0000 1.0000 18.250000 16.375000
xslime0
0 1176.0000 992.0000 -456.0000 0.0000 0.0000 1.0000 18.375000 15.500000
0 1192.0000 1024.0000 -456.0000 0.0000 0.0000 1.0000 18.625000 16.000000
0 1176.0000 1040.0000 -456.0000 0.0000 0.0000 1.0000 18.375000 16.250000
xslime0
0 1176.0000 992.0000 -456.0000 0.0000 0.0000 1.0000 18.375000 15.500000
0 1200.0000 1016.0000 -456.0000 0.0000 0.0000 1.0000 18.750000 15.875000
0 1192.0000 1024.0000 -456.0000 0.0000 0.0000 1.0000 18.625000 16.000000
xslime0
0 1176.0000 992.0000 -456.0000 0.0000 0.0000 1.0000 18.375000 15.500000
0 1224.0000 992.0000 -456.0000 0.0000 0.0000 1.0000 19.125000 15.500000
0 1200.0000 1016.0000 -456.0000 0.0000 0.0000 1.0000 18.750000 15.875000
xslime0
0 1132.0000 1084.0000 -456.0000 0.0000 0.0000 1.0000 17.687500 16.937500
0 1176.0000 1088.0000 -456.0000 0.0000 0.0000 1.0000 18.375000 17.000000
0 1136.0000 1088.0000 -456.0000 0.0000 0.0000 1.0000 17.750000 17.000000
xslime0
0 1132.0000 1084.0000 -456.0000 -0.0000 0.0000 1.0000 17.687500 16.937500
0 1192.0000 1072.0000 -456.0000 -0.0000 0.0000 1.0000 18.625000 16.750000
0 1176.0000 1088.0000 -456.0000 -0.0000 0.0000 1.0000 18.375000 17.000000
xslime0
0 1132.0000 1084.0000 -456.0000 0.0000 0.0000 1.0000 17.687500 16.937500
0 1176.0000 1056.0000 -456.0000 0.0000 0.0000 1.0000 18.375000 16.500000
0 1192.0000 1072.0000 -456.0000 0.0000 0.0000 1.0000 18.625000 16.750000
xslime0
0 1132.0000 1084.0000 -456.0000 0.0000 0.0000 1.0000 17.687500 16.937500
0 1168.0000 1048.0000 -456.0000 0.0000 0.0000 1.0000 18.250000 16.375000
0 1176.0000 1056.0000 -456.0000 0.0000 0.0000 1.0000 18.375000 16.500000
xslime0
0 1176.0000 1056.0000 -456.0000 0.0000 0.0000 -1.0000 18.375000 16.500000
0 1176.0000 1088.0000 -456.0000 0.0000 0.0000 -1.0000 18.375000 17.000000
0 1192.0000 1072.0000 -456.0000 0.0000 0.0000 -1.0000 18.625000 16.750000
xslime0
0 1176.0000 1056.0000 -456.0000 0.0000 0.0000 -1.0000 18.375000 16.500000
0 1136.0000 1088.0000 -456.0000 0.0000 0.0000 -1.0000 17.750000 17.000000
0 1176.0000 1088.0000 -456.0000 0.0000 0.0000 -1.0000 18.375000 17.000000
xslime0
0 1176.0000 1056.0000 -456.0000 0.0000 0.0000 -1.0000 18.375000 16.500000
0 1132.0000 1084.0000 -456.0000 0.0000 0.0000 -1.0000 17.687500 16.937500
0 1136.0000 1088.0000 -456.0000 0.0000 0.0000 -1.0000 17.750000 17.000000
xslime0
0 1176.0000 1056.0000 -456.0000 -0.0000 0.0000 -1.0000 18.375000 16.500000
0 1168.0000 1048.0000 -456.0000 -0.0000 0.0000 -1.0000 18.250000 16.375000
0 1132.0000 1084.0000 -456.0000 -0.0000 0.0000 -1.0000 17.687500 16.937500
xslime0
0 1176.0000 1056.0000 -456.0000 0.0000 0.0000 1.0000 18.375000 16.500000
0 1168.0000 1048.0000 -456.0000 0.0000 0.0000 1.0000 18.250000 16.375000
0 1176.0000 1040.0000 -456.0000 0.0000 0.0000 1.0000 18.375000 16.250000
xslime0
0 1168.0000 1048.0000 -456.0000 0.0000 0.0000 -1.0000 18.250000 16.375000
0 1176.0000 1056.0000 -456.0000 0.0000 0.0000 -1.0000 18.375000 16.500000
0 1176.0000 1040.0000 -456.0000 0.0000 0.0000 -1.0000 18.375000 16.250000
xslime0
0 1224.0000 1056.0000 -456.0000 -0.0000 0.0000 1.0000 19.125000 16.500000
0 1224.0000 1040.0000 -456.0000 -0.0000 0.0000 1.0000 19.125000 16.250000
0 1240.0000 1056.0000 -456.0000 -0.0000 0.0000 1.0000 19.375000 16.500000
xslime0
0 1240.0000 1056.0000 -456.0000 -0.0000 0.0000 -1.0000 19.375000 16.500000
0 1224.0000 1040.0000 -456.0000 -0.0000 0.0000 -1.0000 19.125000 16.250000
0 1224.0000 1056.0000 -456.0000 -0.0000 0.0000 -1.0000 19.125000 16.500000
xslime0
0 1272.0000 1056.0000 -456.0000 0.0000 0.0000 1.0000 19.875000 16.500000
0 1256.0000 992.0000 -456.0000 0.0000 0.0000 1.0000 19.625000 15.500000
0 1272.0000 992.0000 -456.0000 0.0000 0.0000 1.0000 19.875000 15.500000
xslime0
0 1272.0000 1056.0000 -456.0000 0.0000 0.0000 1.0000 19.875000 16.500000
0 1224.0000 992.0000 -456.0000 0.0000 0.0000 1.0000 19.125000 15.500000
0 1256.0000 992.0000 -456.0000 0.0000 0.0000 1.0000 19.625000 15.500000
xslime0
0 1272.0000 1056.0000 -456.0000 0.0000 0.0000 1.0000 19.875000 16.500000
0 1200.0000 1016.0000 -456.0000 0.0000 0.0000 1.0000 18.750000 15.875000
0 1224.0000 992.0000 -456.0000 0.0000 0.0000 1.0000 19.125000 15.500000
xslime0
0 1272.0000 1056.0000 -456.0000 0.0000 0.0000 1.0000 19.875000 16.500000
0 1208.0000 1024.0000 -456.0000 0.0000 0.0000 1.0000 18.875000 16.000000
0 1200.0000 1016.0000 -456.0000 0.0000 0.0000 1.0000 18.750000 15.875000
xslime0
0 1272.0000 1056.0000 -456.0000 0.0000 0.0000 1.0000 19.875000 16.500000
0 1224.0000 1040.0000 -456.0000 0.0000 0.0000 1.0000 19.125000 16.250000
0 1208.0000 1024.0000 -456.0000 0.0000 0.0000 1.0000 18.875000 16.000000
xslime0
0 1272.0000 1056.0000 -456.0000 0.0000 0.0000 1.0000 19.875000 16.500000
0 1240.0000 1056.0000 -456.0000 0.0000 0.0000 1.0000 19.375000 16.500000
0 1224.0000 1040.0000 -456.0000 0.0000 0.0000 1.0000 19.125000 16.250000
xslime0
0 1256.0000 992.0000 -456.0000 0.0000 0.0000 -1.0000 19.625000 15.500000
0 1272.0000 1056.0000 -456.0000 0.0000 0.0000 -1.0000 19.875000 16.500000
0 1272.0000 992.0000 -456.0000 0.0000 0.0000 -1.0000 19.875000 15.500000
xslime0
0 1256.0000 992.0000 -456.0000 0.0000 0.0000 -1.0000 19.625000 15.500000
0 1240.0000 1056.0000 -456.0000 0.0000 0.0000 -1.0000 19.375000 16.500000
0 1272.0000 1056.0000 -456.0000 0.0000 0.0000 -1.0000 19.875000 16.500000
xslime0
0 1256.0000 992.0000 -456.0000 0.0000 0.0000 -1.0000 19.625000 15.500000
0 1224.0000 1040.0000 -456.0000 0.0000 0.0000 -1.0000 19.125000 16.250000
0 1240.0000 1056.0000 -456.0000 0.0000 0.0000 -1.0000 19.375000 16.500000
xslime0
0 1256.0000 992.0000 -456.0000 0.0000 0.0000 -1.0000 19.625000 15.500000
0 1208.0000 1024.0000 -456.0000 0.0000 0.0000 -1.0000 18.875000 16.000000
0 1224.0000 1040.0000 -456.0000 0.0000 0.0000 -1.0000 19.125000 16.250000
xslime0
0 1256.0000 992.0000 -456.0000 0.0000 0.0000 -1.0000 19.625000 15.500000
0 1200.0000 1016.0000 -456.0000 0.0000 0.0000 -1.0000 18.750000 15.875000
0 1208.0000 1024.0000 -456.0000 0.0000 0.0000 -1.0000 18.875000 16.000000
xslime0
0 1256.0000 992.0000 -456.0000 0.0000 0.0000 -1.0000 19.625000 15.500000
0 1224.0000 992.0000 -456.0000 0.0000 0.0000 -1.0000 19.125000 15.500000
0 1200.0000 1016.0000 -456.0000 0.0000 0.0000 -1.0000 18.750000 15.875000
xslime0
0 1272.0000 1088.0000 -456.0000 0.0000 0.0000 1.0000 19.875000 17.000000
0 1240.0000 1056.0000 -456.0000 0.0000 0.0000 1.0000 19.375000 16.500000
0 1272.0000 1056.0000 -456.0000 0.0000 0.0000 1.0000 19.875000 16.500000
xslime0
0 1272.0000 1088.0000 -456.0000 0.0000 0.0000 1.0000 19.875000 17.000000
0 1224.0000 1056.0000 -456.0000 0.0000 0.0000 1.0000 19.125000 16.500000
0 1240.0000 1056.0000 -456.0000 0.0000 0.0000 1.0000 19.375000 16.500000
xslime0
0 1272.0000 1088.0000 -456.0000 0.0000 0.0000 1.0000 19.875000 17.000000
0 1208.0000 1072.0000 -456.0000 0.0000 0.0000 1.0000 18.875000 16.750000
0 1224.0000 1056.0000 -456.0000 0.0000 0.0000 1.0000 19.125000 16.500000
xslime0
0 1272.0000 1088.0000 -456.0000 0.0000 0.0000 1.0000 19.875000 17.000000
0 1192.0000 1088.0000 -456.0000 0.0000 0.0000 1.0000 18.625000 17.000000
0 1208.0000 1072.0000 -456.0000 0.0000 0.0000 1.0000 18.875000 16.750000
xslime0
0 1240.0000 1056.0000 -456.0000 0.0000 0.0000 -1.0000 19.375000 16.500000
0 1272.0000 1088.0000 -456.0000 0.0000 0.0000 -1.0000 19.875000 17.000000
0 1272.0000 1056.0000 -456.0000 0.0000 0.0000 -1.0000 19.875000 16.500000
xslime0
0 1240.0000 1056.0000 -456.0000 0.0000 0.0000 -1.0000 19.375000 16.500000
0 1192.0000 1088.0000 -456.0000 0.0000 0.0000 -1.0000 18.625000 17.000000
0 1272.0000 1088.0000 -456.0000 0.0000 0.0000 -1.0000 19.875000 17.000000
xslime0
0 1240.0000 1056.0000 -456.0000 0.0000 0.0000 -1.0000 19.375000 16.500000
0 1208.0000 1072.0000 -456.0000 0.0000 0.0000 -1.0000 18.875000 16.750000
0 1192.0000 1088.0000 -456.0000 0.0000 0.0000 -1.0000 18.625000 17.000000
xslime0
0 1240.0000 1056.0000 -456.0000 0.0000 0.0000 -1.0000 19.375000 16.500000
0 1224.0000 1056.0000 -456.0000 0.0000 0.0000 -1.0000 19.125000 16.500000
0 1208.0000 1072.0000 -456.0000 0.0000 0.0000 -1.0000 18.875000 16.750000
xslime0
0 1272.0000 992.0000 -456.0000 0.0000 0.0000 0.0000 19.875000 15.500000
0 1272.0000 1088.0000 -456.0000 0.0000 0.0000 0.0000 19.875000 17.000000
0 1272.0000 1056.0000 -456.0000 0.0000 0.0000 0.0000 19.875000 16.500000
xslime0
0 1272.0000 992.0000 -456.0000 0.0000 0.0000 1.0000 19.875000 15.500000
0 1400.0000 1088.0000 -456.0000 0.0000 0.0000 1.0000 21.875000 17.000000
0 1272.0000 1088.0000 -456.0000 0.0000 0.0000 1.0000 19.875000 17.000000
xslime0
0 1272.0000 992.0000 -456.0000 0.0000 0.0000 1.0000 19.875000 15.500000
0 1400.0000 1056.0000 -456.0000 0.0000 0.0000 1.0000 21.875000 16.500000
0 1400.0000 1088.0000 -456.0000 0.0000 0.0000 1.0000 21.875000 17.000000
xslime0
0 1272.0000 992.0000 -456.0000 0.0000 0.0000 1.0000 19.875000 15.500000
0 1400.0000 1040.0000 -456.0000 0.0000 0.0000 1.0000 21.875000 16.250000
0 1400.0000 1056.0000 -456.0000 0.0000 0.0000 1.0000 21.875000 16.500000
xslime0
0 1272.0000 992.0000 -456.0000 0.0000 0.0000 1.0000 19.875000 15.500000
0 1400.0000 992.0000 -456.0000 0.0000 0.0000 1.0000 21.875000 15.500000
0 1400.0000 1040.0000 -456.0000 0.0000 0.0000 1.0000 21.875000 16.250000
xslime0
0 1272.0000 992.0000 -456.0000 -0.0000 0.0000 1.0000 19.875000 15.500000
0 1400.0000 960.0000 -456.0000 -0.0000 0.0000 1.0000 21.875000 15.000000
0 1400.0000 992.0000 -456.0000 -0.0000 0.0000 1.0000 21.875000 15.500000
xslime0
0 1272.0000 992.0000 -456.0000 0.0000 0.0000 1.0000 19.875000 15.500000
0 1352.0000 960.0000 -456.0000 0.0000 0.0000 1.0000 21.125000 15.000000
0 1400.0000 960.0000 -456.0000 0.0000 0.0000 1.0000 21.875000 15.000000
xslime0
0 1272.0000 992.0000 -456.0000 0.0000 0.0000 1.0000 19.875000 15.500000
0 1272.0000 960.0000 -456.0000 0.0000 0.0000 1.0000 19.875000 15.000000
0 1352.0000 960.0000 -456.0000 0.0000 0.0000 1.0000 21.125000 15.000000
xslime0
0 1400.0000 992.0000 -456.0000 0.0000 0.0000 0.0000 21.875000 15.500000
0 1400.0000 1056.0000 -456.0000 0.0000 0.0000 0.0000 21.875000 16.500000
0 1400.0000 1040.0000 -456.0000 0.0000 0.0000 0.0000 21.875000 16.250000
xslime0
0 1400.0000 992.0000 -456.0000 0.0000 0.0000 0.0000 21.875000 15.500000
0 1400.0000 1088.0000 -456.0000 0.0000 0.0000 0.0000 21.875000 17.000000
0 1400.0000 1056.0000 -456.0000 0.0000 0.0000 0.0000 21.875000 16.500000
xslime0
0 1400.0000 992.0000 -456.0000 0.0000 0.0000 -1.0000 21.875000 15.500000
0 1272.0000 1088.0000 -456.0000 0.0000 0.0000 -1.0000 19.875000 17.000000
0 1400.0000 1088.0000 -456.0000 0.0000 0.0000 -1.0000 21.875000 17.000000
xslime0
0 1400.0000 992.0000 -456.0000 0.0000 0.0000 -1.0000 21.875000 15.500000
0 1272.0000 1056.0000 -456.0000 0.0000 0.0000 -1.0000 19.875000 16.500000
0 1272.0000 1088.0000 -456.0000 0.0000 0.0000 -1.0000 19.875000 17.000000
xslime0
0 1400.0000 992.0000 -456.0000 0.0000 0.0000 -1.0000 21.875000 15.500000
0 1272.0000 992.0000 -456.0000 0.0000 0.0000 -1.0000 19.875000 15.500000
0 1272.0000 1056.0000 -456.0000 0.0000 0.0000 -1.0000 19.875000 16.500000
xslime0
0 1400.0000 992.0000 -456.0000 -0.0000 0.0000 -1.0000 21.875000 15.500000
0 1272.0000 960.0000 -456.0000 -0.0000 0.0000 -1.0000 19.875000 15.000000
0 1272.0000 992.0000 -456.0000 -0.0000 0.0000 -1.0000 19.875000 15.500000
xslime0
0 1400.0000 992.0000 -456.0000 0.0000 0.0000 -1.0000 21.875000 15.500000
0 1352.0000 960.0000 -456.0000 0.0000 0.0000 -1.0000 21.125000 15.000000
0 1272.0000 960.0000 -456.0000 0.0000 0.0000 -1.0000 19.875000 15.000000
xslime0
0 1400.0000 992.0000 -456.0000 0.0000 -0.0000 -1.0000 21.875000 15.500000
0 1400.0000 960.0000 -456.0000 0.0000 -0.0000 -1.0000 21.875000 15.000000
0 1352.0000 960.0000 -456.0000 0.0000 -0.0000 -1.0000 21.125000 15.000000
xslime0
0 1176.0000 1088.0000 -456.0000 0.0000 0.0000 0.0000 18.375000 17.000000
0 1272.0000 1088.0000 -456.0000 0.0000 0.0000 0.0000 19.875000 17.000000
0 1192.0000 1088.0000 -456.0000 0.0000 0.0000 0.0000 18.625000 17.000000
xslime0
0 1176.0000 1088.0000 -456.0000 0.0000 0.0000 0.0000 18.375000 17.000000
0 1400.0000 1088.0000 -456.0000 0.0000 0.0000 0.0000 21.875000 17.000000
0 1272.0000 1088.0000 -456.0000 0.0000 0.0000 0.0000 19.875000 17.000000
xslime0
0 1176.0000 1088.0000 -456.0000 0.0000 0.0000 0.0000 18.375000 17.000000
0 1424.0000 1088.0000 -456.0000 0.0000 0.0000 0.0000 22.250000 17.000000
0 1400.0000 1088.0000 -456.0000 0.0000 0.0000 0.0000 21.875000 17.000000
xslime0
0 1176.0000 1088.0000 -456.0000 0.0000 0.0000 0.0000 18.375000 17.000000
0 1488.0000 1088.0000 -456.0000 0.0000 0.0000 0.0000 23.250000 17.000000
0 1424.0000 1088.0000 -456.0000 0.0000 0.0000 0.0000 22.250000 17.000000
xslime0
0 1176.0000 1088.0000 -456.0000 0.0000 0.0000 -1.0000 18.375000 17.000000
0 1472.0000 1104.0000 -456.0000 0.0000 0.0000 -1.0000 23.000000 17.250000
0 1488.0000 1088.0000 -456.0000 0.0000 0.0000 -1.0000 23.250000 17.000000
xslime0
0 1176.0000 1088.0000 -456.0000 0.0000 0.0000 -1.0000 18.375000 17.000000
0 1424.0000 1152.0000 -456.0000 0.0000 0.0000 -1.0000 22.250000 18.000000
0 1472.0000 1104.0000 -456.0000 0.0000 0.0000 -1.0000 23.000000 17.250000
xslime0
0 1176.0000 1088.0000 -456.0000 0.0000 0.0000 -1.0000 18.375000 17.000000
0 1408.0000 1152.0000 -456.0000 0.0000 0.0000 -1.0000 22.000000 18.000000
0 1424.0000 1152.0000 -456.0000 0.0000 0.0000 -1.0000 22.250000 18.000000
xslime0
0 1176.0000 1088.0000 -456.0000 0.0000 0.0000 -1.0000 18.375000 17.000000
0 1216.0000 1152.0000 -456.0000 0.0000 0.0000 -1.0000 19.000000 18.000000
0 1408.0000 1152.0000 -456.0000 0.0000 0.0000 -1.0000 22.000000 18.000000
xslime0
0 1176.0000 1088.0000 -456.0000 0.0000 0.0000 -1.0000 18.375000 17.000000
0 1200.0000 1152.0000 -456.0000 0.0000 0.0000 -1.0000 18.750000 18.000000
0 1216.0000 1152.0000 -456.0000 0.0000 0.0000 -1.0000 19.000000 18.000000
xslime0
0 1176.0000 1088.0000 -456.0000 0.0000 0.0000 -1.0000 18.375000 17.000000
0 1136.0000 1088.0000 -456.0000 0.0000 0.0000 -1.0000 17.750000 17.000000
0 1200.0000 1152.0000 -456.0000 0.0000 0.0000 -1.0000 18.750000 18.000000
xslime0
0 1216.0000 1152.0000 -456.0000 0.0000 0.0000 0.0000 19.000000 18.000000
0 1424.0000 1152.0000 -456.0000 0.0000 0.0000 0.0000 22.250000 18.000000
0 1408.0000 1152.0000 -456.0000 0.0000 0.0000 0.0000 22.000000 18.000000
xslime0
0 1216.0000 1152.0000 -456.0000 -0.0000 0.0000 1.0000 19.000000 18.000000
0 1472.0000 1104.0000 -456.0000 -0.0000 0.0000 1.0000 23.000000 17.250000
0 1424.0000 1152.0000 -456.0000 -0.0000 0.0000 1.0000 22.250000 18.000000
xslime0
0 1216.0000 1152.0000 -456.0000 0.0000 0.0000 1.0000 19.000000 18.000000
0 1488.0000 1088.0000 -456.0000 0.0000 0.0000 1.0000 23.250000 17.000000
0 1472.0000 1104.0000 -456.0000 0.0000 0.0000 1.0000 23.000000 17.250000
xslime0
0 1216.0000 1152.0000 -456.0000 0.0000 0.0000 1.0000 19.000000 18.000000
0 1424.0000 1088.0000 -456.0000 0.0000 0.0000 1.0000 22.250000 17.000000
0 1488.0000 1088.0000 -456.0000 0.0000 0.0000 1.0000 23.250000 17.000000
xslime0
0 1216.0000 1152.0000 -456.0000 0.0000 0.0000 1.0000 19.000000 18.000000
0 1400.0000 1088.0000 -456.0000 0.0000 0.0000 1.0000 21.875000 17.000000
0 1424.0000 1088.0000 -456.0000 0.0000 0.0000 1.0000 22.250000 17.000000
xslime0
0 1216.0000 1152.0000 -456.0000 0.0000 0.0000 1.0000 19.000000 18.000000
0 1272.0000 1088.0000 -456.0000 0.0000 0.0000 1.0000 19.875000 17.000000
0 1400.0000 1088.0000 -456.0000 0.0000 0.0000 1.0000 21.875000 17.000000
xslime0
0 1216.0000 1152.0000 -456.0000 0.0000 0.0000 1.0000 19.000000 18.000000
0 1192.0000 1088.0000 -456.0000 0.0000 0.0000 1.0000 18.625000 17.000000
0 1272.0000 1088.0000 -456.0000 0.0000 0.0000 1.0000 19.875000 17.000000
xslime0
0 1216.0000 1152.0000 -456.0000 0.0000 0.0000 1.0000 19.000000 18.000000
0 1176.0000 1088.0000 -456.0000 0.0000 0.0000 1.0000 18.375000 17.000000
0 1192.0000 1088.0000 -456.0000 0.0000 0.0000 1.0000 18.625000 17.000000
xslime0
0 1216.0000 1152.0000 -456.0000 0.0000 0.0000 1.0000 19.000000 18.000000
0 1136.0000 1088.0000 -456.0000 0.0000 0.0000 1.0000 17.750000 17.000000
0 1176.0000 1088.0000 -456.0000 0.0000 0.0000 1.0000 18.375000 17.000000
xslime0
0 1216.0000 1152.0000 -456.0000 0.0000 0.0000 1.0000 19.000000 18.000000
0 1200.0000 1152.0000 -456.0000 0.0000 0.0000 1.0000 18.750000 18.000000
0 1136.0000 1088.0000 -456.0000 0.0000 0.0000 1.0000 17.750000 17.000000
xslime0
0 1424.0000 1016.0000 -456.0000 0.0000 0.0000 -1.0000 22.250000 15.875000
0 1416.0000 1024.0000 -456.0000 0.0000 0.0000 -1.0000 22.125000 16.000000
0 1432.0000 1024.0000 -456.0000 0.0000 0.0000 -1.0000 22.375000 16.000000
xslime0
0 1432.0000 1024.0000 -456.0000 0.0000 0.0000 1.0000 22.375000 16.000000
0 1416.0000 1024.0000 -456.0000 0.0000 0.0000 1.0000 22.125000 16.000000
0 1424.0000 1016.0000 -456.0000 0.0000 0.0000 1.0000 22.250000 15.875000
xslime0
0 1492.0000 1084.0000 -456.0000 0.0000 0.0000 -1.0000 23.312500 16.937500
0 1424.0000 1088.0000 -456.0000 0.0000 0.0000 -1.0000 22.250000 17.000000
0 1488.0000 1088.0000 -456.0000 0.0000 0.0000 -1.0000 23.250000 17.000000
xslime0
0 1492.0000 1084.0000 -456.0000 -0.0000 0.0000 -1.0000 23.312500 16.937500
0 1424.0000 1080.0000 -456.0000 -0.0000 0.0000 -1.0000 22.250000 16.875000
0 1424.0000 1088.0000 -456.0000 -0.0000 0.0000 -1.0000 22.250000 17.000000
xslime0
0 1492.0000 1084.0000 -456.0000 0.0000 0.0000 -1.0000 23.312500 16.937500
0 1432.0000 1072.0000 -456.0000 0.0000 0.0000 -1.0000 22.375000 16.750000
0 1424.0000 1080.0000 -456.0000 0.0000 0.0000 -1.0000 22.250000 16.875000
xslime0
0 1492.0000 1084.0000 -456.0000 0.0000 0.0000 -1.0000 23.312500 16.937500
0 1448.0000 1056.0000 -456.0000 0.0000 0.0000 -1.0000 22.625000 16.500000
0 1432.0000 1072.0000 -456.0000 0.0000 0.0000 -1.0000 22.375000 16.750000
xslime0
0 1492.0000 1084.0000 -456.0000 0.0000 0.0000 -1.0000 23.312500 16.937500
0 1456.0000 1048.0000 -456.0000 0.0000 0.0000 -1.0000 22.750000 16.375000
0 1448.0000 1056.0000 -456.0000 0.0000 0.0000 -1.0000 22.625000 16.500000
xslime0
0 1448.0000 1056.0000 -456.0000 0.0000 0.0000 0.0000 22.625000 16.500000
0 1424.0000 1080.0000 -456.0000 0.0000 0.0000 0.0000 22.250000 16.875000
0 1432.0000 1072.0000 -456.0000 0.0000 0.0000 0.0000 22.375000 16.750000
xslime0
0 1448.0000 1056.0000 -456.0000 0.0000 0.0000 1.0000 22.625000 16.500000
0 1424.0000 1088.0000 -456.0000 0.0000 0.0000 1.0000 22.250000 17.000000
0 1424.0000 1080.0000 -456.0000 0.0000 0.0000 1.0000 22.250000 16.875000
xslime0
0 1448.0000 1056.0000 -456.0000 0.0000 -0.0000 1.0000 22.625000 16.500000
0 1488.0000 1088.0000 -456.0000 0.0000 -0.0000 1.0000 23.250000 17.000000
0 1424.0000 1088.0000 -456.0000 0.0000 -0.0000 1.0000 22.250000 17.000000
xslime0
0 1448.0000 1056.0000 -456.0000 0.0000 0.0000 1.0000 22.625000 16.500000
0 1492.0000 1084.0000 -456.0000 0.0000 0.0000 1.0000 23.312500 16.937500
0 1488.0000 1088.0000 -456.0000 0.0000 0.0000 1.0000 23.250000 17.000000
xslime0
0 1448.0000 1056.0000 -456.0000 -0.0000 0.0000 1.0000 22.625000 16.500000
0 1456.0000 1048.0000 -456.0000 -0.0000 0.0000 1.0000 22.750000 16.375000
0 1492.0000 1084.0000 -456.0000 -0.0000 0.0000 1.0000 23.312500 16.937500
xslime0
0 1456.0000 1048.0000 -456.0000 0.0000 0.0000 0.0000 22.750000 16.375000
0 1432.0000 1024.0000 -456.0000 0.0000 0.0000 0.0000 22.375000 16.000000
0 1448.0000 1040.0000 -456.0000 0.0000 0.0000 0.0000 22.625000 16.250000
xslime0
0 1456.0000 1048.0000 -456.0000 0.0000 0.0000 0.0000 22.750000 16.375000
0 1424.0000 1016.0000 -456.0000 0.0000 0.0000 0.0000 22.250000 15.875000
0 1432.0000 1024.0000 -456.0000 0.0000 0.0000 0.0000 22.375000 16.000000
xslime0
0 1456.0000 1048.0000 -456.0000 0.0000 0.0000 -1.0000 22.750000 16.375000
0 1448.0000 992.0000 -456.0000 0.0000 0.0000 -1.0000 22.625000 15.500000
0 1424.0000 1016.0000 -456.0000 0.0000 0.0000 -1.0000 22.250000 15.875000
xslime0
0 1456.0000 1048.0000 -456.0000 0.0000 -0.0000 -1.0000 22.750000 16.375000
0 1504.0000 992.0000 -456.0000 0.0000 -0.0000 -1.0000 23.500000 15.500000
0 1448.0000 992.0000 -456.0000 0.0000 -0.0000 -1.0000 22.625000 15.500000
xslime0
0 1456.0000 1048.0000 -456.0000 0.0000 0.0000 -1.0000 22.750000 16.375000
0 1504.0000 1072.0000 -456.0000 0.0000 0.0000 -1.0000 23.500000 16.750000
0 1504.0000 992.0000 -456.0000 0.0000 0.0000 -1.0000 23.500000 15.500000
xslime0
0 1456.0000 1048.0000 -456.0000 0.0000 0.0000 -1.0000 22.750000 16.375000
0 1492.0000 1084.0000 -456.0000 0.0000 0.0000 -1.0000 23.312500 16.937500
0 1504.0000 1072.0000 -456.0000 0.0000 0.0000 -1.0000 23.500000 16.750000
xslime0
0 1448.0000 992.0000 -456.0000 0.0000 0.0000 1.0000 22.625000 15.500000
0 1432.0000 1024.0000 -456.0000 0.0000 0.0000 1.0000 22.375000 16.000000
0 1424.0000 1016.0000 -456.0000 0.0000 0.0000 1.0000 22.250000 15.875000
xslime0
0 1448.0000 992.0000 -456.0000 0.0000 -0.0000 1.0000 22.625000 15.500000
0 1448.0000 1040.0000 -456.0000 0.0000 -0.0000 1.0000 22.625000 16.250000
0 1432.0000 1024.0000 -456.0000 0.0000 -0.0000 1.0000 22.375000 16.000000
xslime0
0 1448.0000 992.0000 -456.0000 0.0000 0.0000 1.0000 22.625000 15.500000
0 1456.0000 1048.0000 -456.0000 0.0000 0.0000 1.0000 22.750000 16.375000
0 1448.0000 1040.0000 -456.0000 0.0000 0.0000 1.0000 22.625000 16.250000
xslime0
0 1448.0000 992.0000 -456.0000 0.0000 0.0000 1.0000 22.625000 15.500000
0 1492.0000 1084.0000 -456.0000 0.0000 0.0000 1.0000 23.312500 16.937500
0 1456.0000 1048.0000 -456.0000 0.0000 0.0000 1.0000 22.750000 16.375000
xslime0
0 1448.0000 992.0000 -456.0000 0.0000 0.0000 1.0000 22.625000 15.500000
0 1504.0000 1072.0000 -456.0000 0.0000 0.0000 1.0000 23.500000 16.750000
0 1492.0000 1084.0000 -456.0000 0.0000 0.0000 1.0000 23.312500 16.937500
xslime0
0 1448.0000 992.0000 -456.0000 0.0000 0.0000 1.0000 22.625000 15.500000
0 1504.0000 992.0000 -456.0000 0.0000 0.0000 1.0000 23.500000 15.500000
0 1504.0000 1072.0000 -456.0000 0.0000 0.0000 1.0000 23.500000 16.750000
xslime0
0 1416.0000 1072.0000 -456.0000 0.0000 0.0000 1.0000 22.125000 16.750000
0 1432.0000 1072.0000 -456.0000 0.0000 0.0000 1.0000 22.375000 16.750000
0 1424.0000 1080.0000 -456.0000 0.0000 0.0000 1.0000 22.250000 16.875000
xslime0
0 1424.0000 1080.0000 -456.0000 0.0000 -0.0000 -1.0000 22.250000 16.875000
0 1432.0000 1072.0000 -456.0000 0.0000 -0.0000 -1.0000 22.375000 16.750000
0 1416.0000 1072.0000 -456.0000 0.0000 -0.0000 -1.0000 22.125000 16.750000
xslime0
0 1400.0000 1088.0000 -456.0000 -0.0000 0.0000 1.0000 21.875000 17.000000
0 1424.0000 1080.0000 -456.0000 -0.0000 0.0000 1.0000 22.250000 16.875000
0 1424.0000 1088.0000 -456.0000 -0.0000 0.0000 1.0000 22.250000 17.000000
xslime0
0 1400.0000 1088.0000 -456.0000 0.0000 0.0000 1.0000 21.875000 17.000000
0 1416.0000 1072.0000 -456.0000 0.0000 0.0000 1.0000 22.125000 16.750000
0 1424.0000 1080.0000 -456.0000 0.0000 0.0000 1.0000 22.250000 16.875000
xslime0
0 1400.0000 1088.0000 -456.0000 0.0000 0.0000 1.0000 21.875000 17.000000
0 1400.0000 1056.0000 -456.0000 0.0000 0.0000 1.0000 21.875000 16.500000
0 1416.0000 1072.0000 -456.0000 0.0000 0.0000 1.0000 22.125000 16.750000
xslime0
0 1400.0000 1056.0000 -456.0000 0.0000 0.0000 0.0000 21.875000 16.500000
0 1424.0000 1080.0000 -456.0000 0.0000 0.0000 0.0000 22.250000 16.875000
0 1416.0000 1072.0000 -456.0000 0.0000 0.0000 0.0000 22.125000 16.750000
xslime0
0 1400.0000 1056.0000 -456.0000 0.0000 0.0000 -1.0000 21.875000 16.500000
0 1424.0000 1088.0000 -456.0000 0.0000 0.0000 -1.0000 22.250000 17.000000
0 1424.0000 1080.0000 -456.0000 0.0000 0.0000 -1.0000 22.250000 16.875000
xslime0
0 1400.0000 1056.0000 -456.0000 0.0000 0.0000 -1.0000 21.875000 16.500000
0 1400.0000 1088.0000 -456.0000 0.0000 0.0000 -1.0000 21.875000 17.000000
0 1424.0000 1088.0000 -456.0000 0.0000 0.0000 -1.0000 22.250000 17.000000
xslime0
0 1400.0000 1040.0000 -456.0000 0.0000 0.0000 0.0000 21.875000 16.250000
0 1424.0000 1016.0000 -456.0000 0.0000 0.0000 0.0000 22.250000 15.875000
0 1416.0000 1024.0000 -456.0000 0.0000 0.0000 0.0000 22.125000 16.000000
xslime0
0 1400.0000 1040.0000 -456.0000 0.0000 0.0000 0.0000 21.875000 16.250000
0 1448.0000 992.0000 -456.0000 0.0000 0.0000 0.0000 22.625000 15.500000
0 1424.0000 1016.0000 -456.0000 0.0000 0.0000 0.0000 22.250000 15.875000
xslime0
0 1400.0000 1040.0000 -456.0000 0.0000 0.0000 1.0000 21.875000 16.250000
0 1400.0000 992.0000 -456.0000 0.0000 0.0000 1.0000 21.875000 15.500000
0 1448.0000 992.0000 -456.0000 0.0000 0.0000 1.0000 22.625000 15.500000
xslime0
0 1448.0000 992.0000 -456.0000 0.0000 0.0000 0.0000 22.625000 15.500000
0 1416.0000 1024.0000 -456.0000 0.0000 0.0000 0.0000 22.125000 16.000000
0 1424.0000 1016.0000 -456.0000 0.0000 0.0000 0.0000 22.250000 15.875000
xslime0
0 1448.0000 992.0000 -456.0000 0.0000 0.0000 0.0000 22.625000 15.500000
0 1400.0000 1040.0000 -456.0000 0.0000 0.0000 0.0000 21.875000 16.250000
0 1416.0000 1024.0000 -456.0000 0.0000 0.0000 0.0000 22.125000 16.000000
xslime0
0 1448.0000 992.0000 -456.0000 0.0000 0.0000 -1.0000 22.625000 15.500000
0 1400.0000 992.0000 -456.0000 0.0000 0.0000 -1.0000 21.875000 15.500000
0 1400.0000 1040.0000 -456.0000 0.0000 0.0000 -1.0000 21.875000 16.250000
xslime0
0 1448.0000 1056.0000 -456.0000 0.0000 0.0000 1.0000 22.625000 16.500000
0 1448.0000 1040.0000 -456.0000 0.0000 0.0000 1.0000 22.625000 16.250000
0 1456.0000 1048.0000 -456.0000 0.0000 0.0000 1.0000 22.750000 16.375000
xslime0
0 1448.0000 1040.0000 -456.0000 0.0000 0.0000 -1.0000 22.625000 16.250000
0 1448.0000 1056.0000 -456.0000 0.0000 0.0000 -1.0000 22.625000 16.500000
0 1456.0000 1048.0000 -456.0000 0.0000 0.0000 -1.0000 22.750000 16.375000
xslime0
0 888.0000 1752.0000 -456.0000 -0.0000 0.0000 1.0000 13.875000 27.375000
0 928.0000 1744.0000 -456.0000 -0.0000 0.0000 1.0000 14.500000 27.250000
0 928.0000 1752.0000 -456.0000 -0.0000 0.0000 1.0000 14.500000 27.375000
xslime0
0 888.0000 1752.0000 -456.0000 0.0000 0.0000 1.0000 13.875000 27.375000
0 928.0000 1664.0000 -456.0000 0.0000 0.0000 1.0000 14.500000 26.000000
0 928.0000 1744.0000 -456.0000 0.0000 0.0000 1.0000 14.500000 27.250000
xslime0
0 888.0000 1752.0000 -456.0000 0.0000 0.0000 1.0000 13.875000 27.375000
0 896.0000 1664.0000 -456.0000 0.0000 0.0000 1.0000 14.000000 26.000000
0 928.0000 1664.0000 -456.0000 0.0000 0.0000 1.0000 14.500000 26.000000
xslime0
0 888.0000 1752.0000 -456.0000 0.0000 0.0000 1.0000 13.875000 27.375000
0 768.0000 1664.0000 -456.0000 0.0000 0.0000 1.0000 12.000000 26.000000
0 896.0000 1664.0000 -456.0000 0.0000 0.0000 1.0000 14.000000 26.000000
xslime0
0 888.0000 1752.0000 -456.0000 0.0000 0.0000 1.0000 13.875000 27.375000
0 736.0000 1664.0000 -456.0000 0.0000 0.0000 1.0000 11.500000 26.000000
0 768.0000 1664.0000 -456.0000 0.0000 0.0000 1.0000 12.000000 26.000000
xslime0
0 888.0000 1752.0000 -456.0000 0.0000 0.0000 1.0000 13.875000 27.375000
0 736.0000 1744.0000 -456.0000 0.0000 0.0000 1.0000 11.500000 27.250000
0 736.0000 1664.0000 -456.0000 0.0000 0.0000 1.0000 11.500000 26.000000
xslime0
0 888.0000 1752.0000 -456.0000 0.0000 0.0000 1.0000 13.875000 27.375000
0 736.0000 1752.0000 -456.0000 0.0000 0.0000 1.0000 11.500000 27.375000
0 736.0000 1744.0000 -456.0000 0.0000 0.0000 1.0000 11.500000 27.250000
xslime0
0 768.0000 1664.0000 -456.0000 0.0000 0.0000 0.0000 12.000000 26.000000
0 928.0000 1664.0000 -456.0000 0.0000 0.0000 0.0000 14.500000 26.000000
0 896.0000 1664.0000 -456.0000 0.0000 0.0000 0.0000 14.000000 26.000000
xslime0
0 768.0000 1664.0000 -456.0000 0.0000 0.0000 -1.0000 12.000000 26.000000
0 928.0000 1744.0000 -456.0000 0.0000 0.0000 -1.0000 14.500000 27.250000
0 928.0000 1664.0000 -456.0000 0.0000 0.0000 -1.0000 14.500000 26.000000
xslime0
0 768.0000 1664.0000 -456.0000 0.0000 0.0000 -1.0000 12.000000 26.000000
0 928.0000 1752.0000 -456.0000 0.0000 0.0000 -1.0000 14.500000 27.375000
0 928.0000 1744.0000 -456.0000 0.0000 0.0000 -1.0000 14.500000 27.250000
xslime0
0 768.0000 1664.0000 -456.0000 0.0000 0.0000 -1.0000 12.000000 26.000000
0 888.0000 1752.0000 -456.0000 0.0000 0.0000 -1.0000 13.875000 27.375000
0 928.0000 1752.0000 -456.0000 0.0000 0.0000 -1.0000 14.500000 27.375000
xslime0
0 768.0000 1664.0000 -456.0000 0.0000 0.0000 -1.0000 12.000000 26.000000
0 736.0000 1752.0000 -456.0000 0.0000 0.0000 -1.0000 11.500000 27.375000
0 888.0000 1752.0000 -456.0000 0.0000 0.0000 -1.0000 13.875000 27.375000
xslime0
0 768.0000 1664.0000 -456.0000 0.0000 0.0000 -1.0000 12.000000 26.000000
0 736.0000 1744.0000 -456.0000 0.0000 0.0000 -1.0000 11.500000 27.250000
0 736.0000 1752.0000 -456.0000 0.0000 0.0000 -1.0000 11.500000 27.375000
xslime0
0 768.0000 1664.0000 -456.0000 0.0000 0.0000 -1.0000 12.000000 26.000000
0 736.0000 1664.0000 -456.0000 0.0000 0.0000 -1.0000 11.500000 26.000000
0 736.0000 1744.0000 -456.0000 0.0000 0.0000 -1.0000 11.500000 27.250000
xslime0
0 656.0000 2048.0000 -456.0000 0.0000 0.0000 -1.0000 10.250000 32.000000
0 672.0000 1904.0000 -456.0000 0.0000 0.0000 -1.0000 10.500000 29.750000
0 656.0000 1904.0000 -456.0000 0.0000 0.0000 -1.0000 10.250000 29.750000
xslime0
0 656.0000 2048.0000 -456.0000 0.0000 0.0000 -1.0000 10.250000 32.000000
0 672.0000 2048.0000 -456.0000 0.0000 0.0000 -1.0000 10.500000 32.000000
0 672.0000 1904.0000 -456.0000 0.0000 0.0000 -1.0000 10.500000 29.750000
xslime0
0 672.0000 1904.0000 -456.0000 0.0000 0.0000 1.0000 10.500000 29.750000
0 656.0000 2048.0000 -456.0000 0.0000 0.0000 1.0000 10.250000 32.000000
0 656.0000 1904.0000 -456.0000 0.0000 0.0000 1.0000 10.250000 29.750000
xslime0
0 672.0000 1904.0000 -456.0000 0.0000 -0.0000 1.0000 10.500000 29.750000
0 672.0000 2048.0000 -456.0000 0.0000 -0.0000 1.0000 10.500000 32.000000
0 656.0000 2048.0000 -456.0000 0.0000 -0.0000 1.0000 10.250000 32.000000
xslime0
0 672.0000 2112.0000 -456.0000 0.0000 0.0000 1.0000 10.500000 33.000000
0 656.0000 2176.0000 -456.0000 0.0000 0.0000 1.0000 10.250000 34.000000
0 656.0000 2112.0000 -456.0000 0.0000 0.0000 1.0000 10.250000 33.000000
xslime0
0 672.0000 2112.0000 -456.0000 0.0000 -0.0000 1.0000 10.500000 33.000000
0 672.0000 2176.0000 -456.0000 0.0000 -0.0000 1.0000 10.500000 34.000000
0 656.0000 2176.0000 -456.0000 0.0000 -0.0000 1.0000 10.250000 34.000000
xslime0
0 656.0000 2112.0000 -456.0000 0.0000 0.0000 -1.0000 10.250000 33.000000
0 672.0000 2176.0000 -456.0000 0.0000 0.0000 -1.0000 10.500000 34.000000
0 672.0000 2112.0000 -456.0000 0.0000 0.0000 -1.0000 10.500000 33.000000
xslime0
0 656.0000 2112.0000 -456.0000 0.0000 0.0000 -1.0000 10.250000 33.000000
0 656.0000 2176.0000 -456.0000 0.0000 0.0000 -1.0000 10.250000 34.000000
0 672.0000 2176.0000 -456.0000 0.0000 0.0000 -1.0000 10.500000 34.000000
xslime0
0 736.0000 2176.0000 -456.0000 0.0000 0.0000 0.0000 11.500000 34.000000
0 736.0000 1968.0000 -456.0000 0.0000 0.0000 0.0000 11.500000 30.750000
0 736.0000 2112.0000 -456.0000 0.0000 0.0000 0.0000 11.500000 33.000000
xslime0
0 736.0000 2176.0000 -456.0000 0.0000 0.0000 0.0000 11.500000 34.000000
0 736.0000 1904.0000 -456.0000 0.0000 0.0000 0.0000 11.500000 29.750000
0 736.0000 1968.0000 -456.0000 0.0000 0.0000 0.0000 11.500000 30.750000
xslime0
0 736.0000 2176.0000 -456.0000 0.0000 0.0000 1.0000 11.500000 34.000000
0 672.0000 1904.0000 -456.0000 0.0000 0.0000 1.0000 10.500000 29.750000
0 736.0000 1904.0000 -456.0000 0.0000 0.0000 1.0000 11.500000 29.750000
xslime0
0 736.0000 2176.0000 -456.0000 0.0000 0.0000 1.0000 11.500000 34.000000
0 672.0000 2048.0000 -456.0000 0.0000 0.0000 1.0000 10.500000 32.000000
0 672.0000 1904.0000 -456.0000 0.0000 0.0000 1.0000 10.500000 29.750000
xslime0
0 736.0000 2176.0000 -456.0000 0.0000 0.0000 1.0000 11.500000 34.000000
0 672.0000 2112.0000 -456.0000 0.0000 0.0000 1.0000 10.500000 33.000000
0 672.0000 2048.0000 -456.0000 0.0000 0.0000 1.0000 10.500000 32.000000
xslime0
0 736.0000 2176.0000 -456.0000 0.0000 0.0000 1.0000 11.500000 34.000000
0 672.0000 2176.0000 -456.0000 0.0000 0.0000 1.0000 10.500000 34.000000
0 672.0000 2112.0000 -456.0000 0.0000 0.0000 1.0000 10.500000 33.000000
xslime0
0 736.0000 1904.0000 -456.0000 0.0000 0.0000 0.0000 11.500000 29.750000
0 736.0000 2112.0000 -456.0000 0.0000 0.0000 0.0000 11.500000 33.000000
0 736.0000 1968.0000 -456.0000 0.0000 0.0000 0.0000 11.500000 30.750000
xslime0
0 736.0000 1904.0000 -456.0000 0.0000 0.0000 0.0000 11.500000 29.750000
0 736.0000 2176.0000 -456.0000 0.0000 0.0000 0.0000 11.500000 34.000000
0 736.0000 2112.0000 -456.0000 0.0000 0.0000 0.0000 11.500000 33.000000
xslime0
0 736.0000 1904.0000 -456.0000 0.0000 0.0000 -1.0000 11.500000 29.750000
0 672.0000 2176.0000 -456.0000 0.0000 0.0000 -1.0000 10.500000 34.000000
0 736.0000 2176.0000 -456.0000 0.0000 0.0000 -1.0000 11.500000 34.000000
xslime0
0 736.0000 1904.0000 -456.0000 0.0000 0.0000 -1.0000 11.500000 29.750000
0 672.0000 2112.0000 -456.0000 0.0000 0.0000 -1.0000 10.500000 33.000000
0 672.0000 2176.0000 -456.0000 0.0000 0.0000 -1.0000 10.500000 34.000000
xslime0
0 736.0000 1904.0000 -456.0000 0.0000 0.0000 -1.0000 11.500000 29.750000
0 672.0000 2048.0000 -456.0000 0.0000 0.0000 -1.0000 10.500000 32.000000
0 672.0000 2112.0000 -456.0000 0.0000 0.0000 -1.0000 10.500000 33.000000
xslime0
0 736.0000 1904.0000 -456.0000 0.0000 0.0000 -1.0000 11.500000 29.750000
0 672.0000 1904.0000 -456.0000 0.0000 0.0000 -1.0000 10.500000 29.750000
0 672.0000 2048.0000 -456.0000 0.0000 0.0000 -1.0000 10.500000 32.000000
xslime0
0 768.0000 1864.0000 -456.0000 -0.0000 0.0000 1.0000 12.000000 29.125000
0 888.0000 1824.0000 -456.0000 -0.0000 0.0000 1.0000 13.875000 28.500000
0 888.0000 1864.0000 -456.0000 -0.0000 0.0000 1.0000 13.875000 29.125000
xslime0
0 768.0000 1864.0000 -456.0000 0.0000 0.0000 1.0000 12.000000 29.125000
0 888.0000 1752.0000 -456.0000 0.0000 0.0000 1.0000 13.875000 27.375000
0 888.0000 1824.0000 -456.0000 0.0000 0.0000 1.0000 13.875000 28.500000
xslime0
0 768.0000 1864.0000 -456.0000 0.0000 0.0000 1.0000 12.000000 29.125000
0 736.0000 1752.0000 -456.0000 0.0000 0.0000 1.0000 11.500000 27.375000
0 888.0000 1752.0000 -456.0000 0.0000 0.0000 1.0000 13.875000 27.375000
xslime0
0 768.0000 1864.0000 -456.0000 0.0000 0.0000 1.0000 12.000000 29.125000
0 736.0000 1864.0000 -456.0000 0.0000 0.0000 1.0000 11.500000 29.125000
0 736.0000 1752.0000 -456.0000 0.0000 0.0000 1.0000 11.500000 27.375000
xslime0
0 888.0000 1752.0000 -456.0000 0.0000 0.0000 0.0000 13.875000 27.375000
0 888.0000 1864.0000 -456.0000 0.0000 0.0000 0.0000 13.875000 29.125000
0 888.0000 1824.0000 -456.0000 0.0000 0.0000 0.0000 13.875000 28.500000
xslime0
0 888.0000 1752.0000 -456.0000 0.0000 0.0000 -1.0000 13.875000 27.375000
0 768.0000 1864.0000 -456.0000 0.0000 0.0000 -1.0000 12.000000 29.125000
0 888.0000 1864.0000 -456.0000 0.0000 0.0000 -1.0000 13.875000 29.125000
xslime0
0 888.0000 1752.0000 -456.0000 0.0000 0.0000 -1.0000 13.875000 27.375000
0 736.0000 1864.0000 -456.0000 0.0000 0.0000 -1.0000 11.500000 29.125000
0 768.0000 1864.0000 -456.0000 0.0000 0.0000 -1.0000 12.000000 29.125000
xslime0
0 888.0000 1752.0000 -456.0000 0.0000 0.0000 -1.0000 13.875000 27.375000
0 736.0000 1752.0000 -456.0000 0.0000 0.0000 -1.0000 11.500000 27.375000
0 736.0000 1864.0000 -456.0000 0.0000 0.0000 -1.0000 11.500000 29.125000
xslime0
0 888.0000 1752.0000 -456.0000 0.0000 0.0000 1.0000 13.875000 27.375000
0 896.0000 1824.0000 -456.0000 0.0000 0.0000 1.0000 14.000000 28.500000
0 888.0000 1824.0000 -456.0000 0.0000 0.0000 1.0000 13.875000 28.500000
xslime0
0 888.0000 1752.0000 -456.0000 0.0000 0.0000 1.0000 13.875000 27.375000
0 928.0000 1824.0000 -456.0000 0.0000 0.0000 1.0000 14.500000 28.500000
0 896.0000 1824.0000 -456.0000 0.0000 0.0000 1.0000 14.000000 28.500000
xslime0
0 888.0000 1752.0000 -456.0000 0.0000 0.0000 1.0000 13.875000 27.375000
0 928.0000 1752.0000 -456.0000 0.0000 0.0000 1.0000 14.500000 27.375000
0 928.0000 1824.0000 -456.0000 0.0000 0.0000 1.0000 14.500000 28.500000
xslime0
0 896.0000 1824.0000 -456.0000 -0.0000 0.0000 -1.0000 14.000000 28.500000
0 888.0000 1752.0000 -456.0000 -0.0000 0.0000 -1.0000 13.875000 27.375000
0 888.0000 1824.0000 -456.0000 -0.0000 0.0000 -1.0000 13.875000 28.500000
xslime0
0 896.0000 1824.0000 -456.0000 0.0000 -0.0000 -1.0000 14.000000 28.500000
0 928.0000 1752.0000 -456.0000 0.0000 -0.0000 -1.0000 14.500000 27.375000
0 888.0000 1752.0000 -456.0000 0.0000 -0.0000 -1.0000 13.875000 27.375000
xslime0
0 896.0000 1824.0000 -456.0000 0.0000 0.0000 -1.0000 14.000000 28.500000
0 928.0000 1824.0000 -456.0000 0.0000 0.0000 -1.0000 14.500000 28.500000
0 928.0000 1752.0000 -456.0000 0.0000 0.0000 -1.0000 14.500000 27.375000
xslime0
0 912.0000 1856.0000 -456.0000 -0.0000 0.0000 -1.0000 14.250000 29.000000
0 896.0000 1824.0000 -456.0000 -0.0000 0.0000 -1.0000 14.000000 28.500000
0 896.0000 1856.0000 -456.0000 -0.0000 0.0000 -1.0000 14.000000 29.000000
xslime0
0 912.0000 1856.0000 -456.0000 0.0000 -0.0000 -1.0000 14.250000 29.000000
0 928.0000 1824.0000 -456.0000 0.0000 -0.0000 -1.0000 14.500000 28.500000
0 896.0000 1824.0000 -456.0000 0.0000 -0.0000 -1.0000 14.000000 28.500000
xslime0
0 912.0000 1856.0000 -456.0000 0.0000 0.0000 -1.0000 14.250000 29.000000
0 928.0000 1856.0000 -456.0000 0.0000 0.0000 -1.0000 14.500000 29.000000
0 928.0000 1824.0000 -456.0000 0.0000 0.0000 -1.0000 14.500000 28.500000
xslime0
0 896.0000 1824.0000 -456.0000 0.0000 0.0000 1.0000 14.000000 28.500000
0 912.0000 1856.0000 -456.0000 0.0000 0.0000 1.0000 14.250000 29.000000
0 896.0000 1856.0000 -456.0000 0.0000 0.0000 1.0000 14.000000 29.000000
xslime0
0 896.0000 1824.0000 -456.0000 0.0000 0.0000 1.0000 14.000000 28.500000
0 928.0000 1856.0000 -456.0000 0.0000 0.0000 1.0000 14.500000 29.000000
0 912.0000 1856.0000 -456.0000 0.0000 0.0000 1.0000 14.250000 29.000000
xslime0
0 896.0000 1824.0000 -456.0000 0.0000 0.0000 1.0000 14.000000 28.500000
0 928.0000 1824.0000 -456.0000 0.0000 0.0000 1.0000 14.500000 28.500000
0 928.0000 1856.0000 -456.0000 0.0000 0.0000 1.0000 14.500000 29.000000
xslime0
0 896.0000 1864.0000 -456.0000 0.0000 0.0000 0.0000 14.000000 29.125000
0 896.0000 1824.0000 -456.0000 0.0000 0.0000 0.0000 14.000000 28.500000
0 896.0000 1856.0000 -456.0000 0.0000 0.0000 0.0000 14.000000 29.000000
xslime0
0 896.0000 1864.0000 -456.0000 0.0000 0.0000 1.0000 14.000000 29.125000
0 888.0000 1824.0000 -456.0000 0.0000 0.0000 1.0000 13.875000 28.500000
0 896.0000 1824.0000 -456.0000 0.0000 0.0000 1.0000 14.000000 28.500000
xslime0
0 896.0000 1864.0000 -456.0000 0.0000 0.0000 1.0000 14.000000 29.125000
0 888.0000 1864.0000 -456.0000 0.0000 0.0000 1.0000 13.875000 29.125000
0 888.0000 1824.0000 -456.0000 0.0000 0.0000 1.0000 13.875000 28.500000
xslime0
0 896.0000 1824.0000 -456.0000 0.0000 0.0000 0.0000 14.000000 28.500000
0 896.0000 1864.0000 -456.0000 0.0000 0.0000 0.0000 14.000000 29.125000
0 896.0000 1856.0000 -456.0000 0.0000 0.0000 0.0000 14.000000 29.000000
xslime0
0 896.0000 1824.0000 -456.0000 0.0000 0.0000 -1.0000 14.000000 28.500000
0 888.0000 1864.0000 -456.0000 0.0000 0.0000 -1.0000 13.875000 29.125000
0 896.0000 1864.0000 -456.0000 0.0000 0.0000 -1.0000 14.000000 29.125000
xslime0
0 896.0000 1824.0000 -456.0000 0.0000 0.0000 -1.0000 14.000000 28.500000
0 888.0000 1824.0000 -456.0000 0.0000 0.0000 -1.0000 13.875000 28.500000
0 888.0000 1864.0000 -456.0000 0.0000 0.0000 -1.0000 13.875000 29.125000
xslime0
0 736.0000 1864.0000 -456.0000 0.0000 0.0000 1.0000 11.500000 29.125000
0 768.0000 1888.0000 -456.0000 0.0000 0.0000 1.0000 12.000000 29.500000
0 736.0000 1888.0000 -456.0000 0.0000 0.0000 1.0000 11.500000 29.500000
xslime0
0 736.0000 1864.0000 -456.0000 0.0000 0.0000 1.0000 11.500000 29.125000
0 768.0000 1864.0000 -456.0000 0.0000 0.0000 1.0000 12.000000 29.125000
0 768.0000 1888.0000 -456.0000 0.0000 0.0000 1.0000 12.000000 29.500000
xslime0
0 768.0000 1864.0000 -456.0000 0.0000 0.0000 -1.0000 12.000000 29.125000
0 736.0000 1888.0000 -456.0000 0.0000 0.0000 -1.0000 11.500000 29.500000
0 768.0000 1888.0000 -456.0000 0.0000 0.0000 -1.0000 12.000000 29.500000
xslime0
0 768.0000 1864.0000 -456.0000 0.0000 0.0000 -1.0000 12.000000 29.125000
0 736.0000 1864.0000 -456.0000 0.0000 0.0000 -1.0000 11.500000 29.125000
0 736.0000 1888.0000 -456.0000 0.0000 0.0000 -1.0000 11.500000 29.500000
xslime0
0 896.0000 1904.0000 -456.0000 0.0000 0.0000 0.0000 14.000000 29.750000
0 896.0000 1864.0000 -456.0000 0.0000 0.0000 0.0000 14.000000 29.125000
0 896.0000 1888.0000 -456.0000 0.0000 0.0000 0.0000 14.000000 29.500000
xslime0
0 896.0000 1904.0000 -456.0000 0.0000 0.0000 1.0000 14.000000 29.750000
0 888.0000 1864.0000 -456.0000 0.0000 0.0000 1.0000 13.875000 29.125000
0 896.0000 1864.0000 -456.0000 0.0000 0.0000 1.0000 14.000000 29.125000
xslime0
0 896.0000 1904.0000 -456.0000 0.0000 0.0000 1.0000 14.000000 29.750000
0 768.0000 1864.0000 -456.0000 0.0000 0.0000 1.0000 12.000000 29.125000
0 888.0000 1864.0000 -456.0000 0.0000 0.0000 1.0000 13.875000 29.125000
xslime0
0 896.0000 1904.0000 -456.0000 0.0000 0.0000 1.0000 14.000000 29.750000
0 768.0000 1888.0000 -456.0000 0.0000 0.0000 1.0000 12.000000 29.500000
0 768.0000 1864.0000 -456.0000 0.0000 0.0000 1.0000 12.000000 29.125000
xslime0
0 896.0000 1904.0000 -456.0000 0.0000 0.0000 1.0000 14.000000 29.750000
0 768.0000 1904.0000 -456.0000 0.0000 0.0000 1.0000 12.000000 29.750000
0 768.0000 1888.0000 -456.0000 0.0000 0.0000 1.0000 12.000000 29.500000
xslime0
0 896.0000 1888.0000 -456.0000 0.0000 0.0000 -1.0000 14.000000 29.500000
0 768.0000 1904.0000 -456.0000 0.0000 0.0000 -1.0000 12.000000 29.750000
0 896.0000 1904.0000 -456.0000 0.0000 0.0000 -1.0000 14.000000 29.750000
xslime0
0 896.0000 1888.0000 -456.0000 0.0000 0.0000 -1.0000 14.000000 29.500000
0 768.0000 1888.0000 -456.0000 0.0000 0.0000 -1.0000 12.000000 29.500000
0 768.0000 1904.0000 -456.0000 0.0000 0.0000 -1.0000 12.000000 29.750000
xslime0
0 896.0000 1888.0000 -456.0000 -0.0000 0.0000 -1.0000 14.000000 29.500000
0 768.0000 1864.0000 -456.0000 -0.0000 0.0000 -1.0000 12.000000 29.125000
0 768.0000 1888.0000 -456.0000 -0.0000 0.0000 -1.0000 12.000000 29.500000
xslime0
0 896.0000 1888.0000 -456.0000 0.0000 0.0000 -1.0000 14.000000 29.500000
0 888.0000 1864.0000 -456.0000 0.0000 0.0000 -1.0000 13.875000 29.125000
0 768.0000 1864.0000 -456.0000 0.0000 0.0000 -1.0000 12.000000 29.125000
xslime0
0 896.0000 1888.0000 -456.0000 0.0000 -0.0000 -1.0000 14.000000 29.500000
0 896.0000 1864.0000 -456.0000 0.0000 -0.0000 -1.0000 14.000000 29.125000
0 888.0000 1864.0000 -456.0000 0.0000 -0.0000 -1.0000 13.875000 29.125000
xslime0
0 768.0000 1968.0000 -456.0000 -0.0000 0.0000 1.0000 12.000000 30.750000
0 896.0000 1920.0000 -456.0000 -0.0000 0.0000 1.0000 14.000000 30.000000
0 896.0000 1968.0000 -456.0000 -0.0000 0.0000 1.0000 14.000000 30.750000
xslime0
0 768.0000 1968.0000 -456.0000 0.0000 0.0000 1.0000 12.000000 30.750000
0 896.0000 1904.0000 -456.0000 0.0000 0.0000 1.0000 14.000000 29.750000
0 896.0000 1920.0000 -456.0000 0.0000 0.0000 1.0000 14.000000 30.000000
xslime0
0 768.0000 1968.0000 -456.0000 0.0000 0.0000 1.0000 12.000000 30.750000
0 768.0000 1904.0000 -456.0000 0.0000 0.0000 1.0000 12.000000 29.750000
0 896.0000 1904.0000 -456.0000 0.0000 0.0000 1.0000 14.000000 29.750000
xslime0
0 768.0000 1968.0000 -456.0000 0.0000 0.0000 1.0000 12.000000 30.750000
0 736.0000 1904.0000 -456.0000 0.0000 0.0000 1.0000 11.500000 29.750000
0 768.0000 1904.0000 -456.0000 0.0000 0.0000 1.0000 12.000000 29.750000
xslime0
0 768.0000 1968.0000 -456.0000 0.0000 0.0000 1.0000 12.000000 30.750000
0 736.0000 1968.0000 -456.0000 0.0000 0.0000 1.0000 11.500000 30.750000
0 736.0000 1904.0000 -456.0000 0.0000 0.0000 1.0000 11.500000 29.750000
xslime0
0 768.0000 1904.0000 -456.0000 0.0000 0.0000 -1.0000 12.000000 29.750000
0 896.0000 1920.0000 -456.0000 0.0000 0.0000 -1.0000 14.000000 30.000000
0 896.0000 1904.0000 -456.0000 0.0000 0.0000 -1.0000 14.000000 29.750000
xslime0
0 768.0000 1904.0000 -456.0000 0.0000 0.0000 -1.0000 12.000000 29.750000
0 896.0000 1968.0000 -456.0000 0.0000 0.0000 -1.0000 14.000000 30.750000
0 896.0000 1920.0000 -456.0000 0.0000 0.0000 -1.0000 14.000000 30.000000
xslime0
0 768.0000 1904.0000 -456.0000 0.0000 0.0000 -1.0000 12.000000 29.750000
0 768.0000 1968.0000 -456.0000 0.0000 0.0000 -1.0000 12.000000 30.750000
0 896.0000 1968.0000 -456.0000 0.0000 0.0000 -1.0000 14.000000 30.750000
xslime0
0 768.0000 1904.0000 -456.0000 0.0000 0.0000 -1.0000 12.000000 29.750000
0 736.0000 1968.0000 -456.0000 0.0000 0.0000 -1.0000 11.500000 30.750000
0 768.0000 1968.0000 -456.0000 0.0000 0.0000 -1.0000 12.000000 30.750000
xslime0
0 768.0000 1904.0000 -456.0000 0.0000 0.0000 -1.0000 12.000000 29.750000
0 736.0000 1904.0000 -456.0000 0.0000 0.0000 -1.0000 11.500000 29.750000
0 736.0000 1968.0000 -456.0000 0.0000 0.0000 -1.0000 11.500000 30.750000
xslime0
0 896.0000 1864.0000 -456.0000 0.0000 0.0000 1.0000 14.000000 29.125000
0 912.0000 1872.0000 -456.0000 0.0000 0.0000 1.0000 14.250000 29.250000
0 896.0000 1888.0000 -456.0000 0.0000 0.0000 1.0000 14.000000 29.500000
xslime0
0 896.0000 1864.0000 -456.0000 -0.0000 0.0000 1.0000 14.000000 29.125000
0 912.0000 1856.0000 -456.0000 -0.0000 0.0000 1.0000 14.250000 29.000000
0 912.0000 1872.0000 -456.0000 -0.0000 0.0000 1.0000 14.250000 29.250000
xslime0
0 896.0000 1864.0000 -456.0000 0.0000 0.0000 1.0000 14.000000 29.125000
0 896.0000 1856.0000 -456.0000 0.0000 0.0000 1.0000 14.000000 29.000000
0 912.0000 1856.0000 -456.0000 0.0000 0.0000 1.0000 14.250000 29.000000
xslime0
0 912.0000 1872.0000 -456.0000 -0.0000 0.0000 -1.0000 14.250000 29.250000
0 896.0000 1864.0000 -456.0000 -0.0000 0.0000 -1.0000 14.000000 29.125000
0 896.0000 1888.0000 -456.0000 -0.0000 0.0000 -1.0000 14.000000 29.500000
xslime0
0 912.0000 1872.0000 -456.0000 0.0000 0.0000 -1.0000 14.250000 29.250000
0 896.0000 1856.0000 -456.0000 0.0000 0.0000 -1.0000 14.000000 29.000000
0 896.0000 1864.0000 -456.0000 0.0000 0.0000 -1.0000 14.000000 29.125000
xslime0
0 912.0000 1872.0000 -456.0000 0.0000 -0.0000 -1.0000 14.250000 29.250000
0 912.0000 1856.0000 -456.0000 0.0000 -0.0000 -1.0000 14.250000 29.000000
0 896.0000 1856.0000 -456.0000 0.0000 -0.0000 -1.0000 14.000000 29.000000
xslime0
0 768.0000 2080.0000 -456.0000 0.0000 0.0000 0.0000 12.000000 32.500000
0 768.0000 1984.0000 -456.0000 0.0000 0.0000 0.0000 12.000000 31.000000
0 768.0000 2016.0000 -456.0000 0.0000 0.0000 0.0000 12.000000 31.500000
xslime0
0 768.0000 2080.0000 -456.0000 0.0000 0.0000 0.0000 12.000000 32.500000
0 768.0000 1968.0000 -456.0000 0.0000 0.0000 0.0000 12.000000 30.750000
0 768.0000 1984.0000 -456.0000 0.0000 0.0000 0.0000 12.000000 31.000000
xslime0
0 768.0000 2080.0000 -456.0000 0.0000 0.0000 1.0000 12.000000 32.500000
0 736.0000 1968.0000 -456.0000 0.0000 0.0000 1.0000 11.500000 30.750000
0 768.0000 1968.0000 -456.0000 0.0000 0.0000 1.0000 12.000000 30.750000
xslime0
0 768.0000 2080.0000 -456.0000 0.0000 0.0000 1.0000 12.000000 32.500000
0 736.0000 2112.0000 -456.0000 0.0000 0.0000 1.0000 11.500000 33.000000
0 736.0000 1968.0000 -456.0000 0.0000 0.0000 1.0000 11.500000 30.750000
xslime0
0 768.0000 2080.0000 -456.0000 0.0000 -0.0000 1.0000 12.000000 32.500000
0 768.0000 2112.0000 -456.0000 0.0000 -0.0000 1.0000 12.000000 33.000000
0 736.0000 2112.0000 -456.0000 0.0000 -0.0000 1.0000 11.500000 33.000000
xslime0
0 736.0000 1968.0000 -456.0000 0.0000 0.0000 -1.0000 11.500000 30.750000
0 768.0000 1984.0000 -456.0000 0.0000 0.0000 -1.0000 12.000000 31.000000
0 768.0000 1968.0000 -456.0000 0.0000 0.0000 -1.0000 12.000000 30.750000
xslime0
0 736.0000 1968.0000 -456.0000 0.0000 0.0000 -1.0000 11.500000 30.750000
0 768.0000 2016.0000 -456.0000 0.0000 0.0000 -1.0000 12.000000 31.500000
0 768.0000 1984.0000 -456.0000 0.0000 0.0000 -1.0000 12.000000 31.000000
xslime0
0 736.0000 1968.0000 -456.0000 0.0000 0.0000 -1.0000 11.500000 30.750000
0 768.0000 2080.0000 -456.0000 0.0000 0.0000 -1.0000 12.000000 32.500000
0 768.0000 2016.0000 -456.0000 0.0000 0.0000 -1.0000 12.000000 31.500000
xslime0
0 736.0000 1968.0000 -456.0000 0.0000 0.0000 -1.0000 11.500000 30.750000
0 768.0000 2112.0000 -456.0000 0.0000 0.0000 -1.0000 12.000000 33.000000
0 768.0000 2080.0000 -456.0000 0.0000 0.0000 -1.0000 12.000000 32.500000
xslime0
0 736.0000 1968.0000 -456.0000 0.0000 0.0000 -1.0000 11.500000 30.750000
0 736.0000 2112.0000 -456.0000 0.0000 0.0000 -1.0000 11.500000 33.000000
0 768.0000 2112.0000 -456.0000 0.0000 0.0000 -1.0000 12.000000 33.000000
xslime0
0 768.0000 1968.0000 -456.0000 0.0000 0.0000 1.0000 12.000000 30.750000
0 800.0000 1984.0000 -456.0000 0.0000 0.0000 1.0000 12.500000 31.000000
0 768.0000 1984.0000 -456.0000 0.0000 0.0000 1.0000 12.000000 31.000000
xslime0
0 768.0000 1968.0000 -456.0000 0.0000 0.0000 1.0000 12.000000 30.750000
0 864.0000 1984.0000 -456.0000 0.0000 0.0000 1.0000 13.500000 31.000000
0 800.0000 1984.0000 -456.0000 0.0000 0.0000 1.0000 12.500000 31.000000
xslime0
0 768.0000 1968.0000 -456.0000 0.0000 0.0000 1.0000 12.000000 30.750000
0 896.0000 1984.0000 -456.0000 0.0000 0.0000 1.0000 14.000000 31.000000
0 864.0000 1984.0000 -456.0000 0.0000 0.0000 1.0000 13.500000 31.000000
xslime0
0 768.0000 1968.0000 -456.0000 0.0000 0.0000 1.0000 12.000000 30.750000
0 896.0000 1968.0000 -456.0000 0.0000 0.0000 1.0000 14.000000 30.750000
0 896.0000 1984.0000 -456.0000 0.0000 0.0000 1.0000 14.000000 31.000000
xslime0
0 864.0000 1984.0000 -456.0000 0.0000 0.0000 0.0000 13.500000 31.000000
0 768.0000 1984.0000 -456.0000 0.0000 0.0000 0.0000 12.000000 31.000000
0 800.0000 1984.0000 -456.0000 0.0000 0.0000 0.0000 12.500000 31.000000
xslime0
0 864.0000 1984.0000 -456.0000 -0.0000 0.0000 -1.0000 13.500000 31.000000
0 768.0000 1968.0000 -456.0000 -0.0000 0.0000 -1.0000 12.000000 30.750000
0 768.0000 1984.0000 -456.0000 -0.0000 0.0000 -1.0000 12.000000 31.000000
xslime0
0 864.0000 1984.0000 -456.0000 0.0000 -0.0000 -1.0000 13.500000 31.000000
0 896.0000 1968.0000 -456.0000 0.0000 -0.0000 -1.0000 14.000000 30.750000
0 768.0000 1968.0000 -456.0000 0.0000 -0.0000 -1.0000 12.000000 30.750000
xslime0
0 864.0000 1984.0000 -456.0000 0.0000 0.0000 -1.0000 13.500000 31.000000
0 896.0000 1984.0000 -456.0000 0.0000 0.0000 -1.0000 14.000000 31.000000
0 896.0000 1968.0000 -456.0000 0.0000 0.0000 -1.0000 14.000000 30.750000
xslime0
0 896.0000 2016.0000 -456.0000 0.0000 -0.0000 -1.0000 14.000000 31.500000
0 896.0000 1984.0000 -456.0000 0.0000 -0.0000 -1.0000 14.000000 31.000000
0 864.0000 1984.0000 -456.0000 0.0000 -0.0000 -1.0000 13.500000 31.000000
xslime0
0 864.0000 1984.0000 -456.0000 0.0000 0.0000 1.0000 13.500000 31.000000
0 896.0000 1984.0000 -456.0000 0.0000 0.0000 1.0000 14.000000 31.000000
0 896.0000 2016.0000 -456.0000 0.0000 0.0000 1.0000 14.000000 31.500000
xslime0
0 768.0000 1984.0000 -456.0000 0.0000 0.0000 1.0000 12.000000 31.000000
0 800.0000 1984.0000 -456.0000 0.0000 0.0000 1.0000 12.500000 31.000000
0 768.0000 2016.0000 -456.0000 0.0000 0.0000 1.0000 12.000000 31.500000
xslime0
0 768.0000 2016.0000 -456.0000 0.0000 0.0000 -1.0000 12.000000 31.500000
0 800.0000 1984.0000 -456.0000 0.0000 0.0000 -1.0000 12.500000 31.000000
0 768.0000 1984.0000 -456.0000 0.0000 0.0000 -1.0000 12.000000 31.000000
xslime0
0 768.0000 2112.0000 -456.0000 -0.0000 0.0000 1.0000 12.000000 33.000000
0 768.0000 2080.0000 -456.0000 -0.0000 0.0000 1.0000 12.000000 32.500000
0 800.0000 2112.0000 -456.0000 -0.0000 0.0000 1.0000 12.500000 33.000000
xslime0
0 800.0000 2112.0000 -456.0000 -0.0000 0.0000 -1.0000 12.500000 33.000000
0 768.0000 2080.0000 -456.0000 -0.0000 0.0000 -1.0000 12.000000 32.500000
0 768.0000 2112.0000 -456.0000 -0.0000 0.0000 -1.0000 12.000000 33.000000
xslime0
0 1216.0000 1248.0000 -456.0000 0.0000 0.0000 0.0000 19.000000 19.500000
0 1216.0000 1376.0000 -456.0000 0.0000 0.0000 0.0000 19.000000 21.500000
0 1216.0000 1328.0000 -456.0000 0.0000 0.0000 0.0000 19.000000 20.750000
xslime0
0 1216.0000 1248.0000 -456.0000 0.0000 0.0000 0.0000 19.000000 19.500000
0 1216.0000 1472.0000 -456.0000 0.0000 0.0000 0.0000 19.000000 23.000000
0 1216.0000 1376.0000 -456.0000 0.0000 0.0000 0.0000 19.000000 21.500000
xslime0
0 1216.0000 1248.0000 -456.0000 0.0000 0.0000 0.0000 19.000000 19.500000
0 1216.0000 1648.0000 -456.0000 0.0000 0.0000 0.0000 19.000000 25.750000
0 1216.0000 1472.0000 -456.0000 0.0000 0.0000 0.0000 19.000000 23.000000
xslime0
0 1216.0000 1248.0000 -456.0000 0.0000 0.0000 0.0000 19.000000 19.500000
0 1216.0000 1664.0000 -456.0000 0.0000 0.0000 0.0000 19.000000 26.000000
0 1216.0000 1648.0000 -456.0000 0.0000 0.0000 0.0000 19.000000 25.750000
xslime0
0 1216.0000 1248.0000 -456.0000 0.0000 0.0000 0.0000 19.000000 19.500000
0 1216.0000 1744.0000 -456.0000 0.0000 0.0000 0.0000 19.000000 27.250000
0 1216.0000 1664.0000 -456.0000 0.0000 0.0000 0.0000 19.000000 26.000000
xslime0
0 1216.0000 1248.0000 -456.0000 0.0000 0.0000 1.0000 19.000000 19.500000
0 1408.0000 1744.0000 -456.0000 0.0000 0.0000 1.0000 22.000000 27.250000
0 1216.0000 1744.0000 -456.0000 0.0000 0.0000 1.0000 19.000000 27.250000
xslime0
0 1216.0000 1248.0000 -456.0000 0.0000 0.0000 1.0000 19.000000 19.500000
0 1408.0000 1672.0000 -456.0000 0.0000 0.0000 1.0000 22.000000 26.125000
0 1408.0000 1744.0000 -456.0000 0.0000 0.0000 1.0000 22.000000 27.250000
xslime0
0 1216.0000 1248.0000 -456.0000 0.0000 0.0000 1.0000 19.000000 19.500000
0 1408.0000 1632.0000 -456.0000 0.0000 0.0000 1.0000 22.000000 25.500000
0 1408.0000 1672.0000 -456.0000 0.0000 0.0000 1.0000 22.000000 26.125000
xslime0
0 1216.0000 1248.0000 -456.0000 0.0000 0.0000 1.0000 19.000000 19.500000
0 1408.0000 1600.0000 -456.0000 0.0000 0.0000 1.0000 22.000000 25.000000
0 1408.0000 1632.0000 -456.0000 0.0000 0.0000 1.0000 22.000000 25.500000
xslime0
0 1216.0000 1248.0000 -456.0000 0.0000 0.0000 1.0000 19.000000 19.500000
0 1408.0000 1536.0000 -456.0000 0.0000 0.0000 1.0000 22.000000 24.000000
0 1408.0000 1600.0000 -456.0000 0.0000 0.0000 1.0000 22.000000 25.000000
xslime0
0 1216.0000 1248.0000 -456.0000 0.0000 0.0000 1.0000 19.000000 19.500000
0 1408.0000 1376.0000 -456.0000 0.0000 0.0000 1.0000 22.000000 21.500000
0 1408.0000 1536.0000 -456.0000 0.0000 0.0000 1.0000 22.000000 24.000000
xslime0
0 1216.0000 1248.0000 -456.0000 0.0000 0.0000 1.0000 19.000000 19.500000
0 1408.0000 1328.0000 -456.0000 0.0000 0.0000 1.0000 22.000000 20.750000
0 1408.0000 1376.0000 -456.0000 0.0000 0.0000 1.0000 22.000000 21.500000
xslime0
0 1216.0000 1248.0000 -456.0000 0.0000 0.0000 1.0000 19.000000 19.500000
0 1408.0000 1248.0000 -456.0000 0.0000 0.0000 1.0000 22.000000 19.500000
0 1408.0000 1328.0000 -456.0000 0.0000 0.0000 1.0000 22.000000 20.750000
xslime0
0 1216.0000 1248.0000 -456.0000 -0.0000 0.0000 1.0000 19.000000 19.500000
0 1408.0000 1152.0000 -456.0000 -0.0000 0.0000 1.0000 22.000000 18.000000
0 1408.0000 1248.0000 -456.0000 -0.0000 0.0000 1.0000 22.000000 19.500000
xslime0
0 1216.0000 1248.0000 -456.0000 0.0000 0.0000 1.0000 19.000000 19.500000
0 1216.0000 1152.0000 -456.0000 0.0000 0.0000 1.0000 19.000000 18.000000
0 1408.0000 1152.0000 -456.0000 0.0000 0.0000 1.0000 22.000000 18.000000
xslime0
0 1408.0000 1248.0000 -456.0000 0.0000 0.0000 0.0000 22.000000 19.500000
0 1408.0000 1376.0000 -456.0000 0.0000 0.0000 0.0000 22.000000 21.500000
0 1408.0000 1328.0000 -456.0000 0.0000 0.0000 0.0000 22.000000 20.750000
xslime0
0 1408.0000 1248.0000 -456.0000 0.0000 0.0000 0.0000 22.000000 19.500000
0 1408.0000 1536.0000 -456.0000 0.0000 0.0000 0.0000 22.000000 24.000000
0 1408.0000 1376.0000 -456.0000 0.0000 0.0000 0.0000 22.000000 21.500000
xslime0
0 1408.0000 1248.0000 -456.0000 0.0000 0.0000 0.0000 22.000000 19.500000
0 1408.0000 1600.0000 -456.0000 0.0000 0.0000 0.0000 22.000000 25.000000
0 1408.0000 1536.0000 -456.0000 0.0000 0.0000 0.0000 22.000000 24.000000
xslime0
0 1408.0000 1248.0000 -456.0000 0.0000 0.0000 0.0000 22.000000 19.500000
0 1408.0000 1632.0000 -456.0000 0.0000 0.0000 0.0000 22.000000 25.500000
0 1408.0000 1600.0000 -456.0000 0.0000 0.0000 0.0000 22.000000 25.000000
xslime0
0 1408.0000 1248.0000 -456.0000 0.0000 0.0000 0.0000 22.000000 19.500000
0 1408.0000 1672.0000 -456.0000 0.0000 0.0000 0.0000 22.000000 26.125000
0 1408.0000 1632.0000 -456.0000 0.0000 0.0000 0.0000 22.000000 25.500000
xslime0
0 1408.0000 1248.0000 -456.0000 0.0000 0.0000 0.0000 22.000000 19.500000
0 1408.0000 1744.0000 -456.0000 0.0000 0.0000 0.0000 22.000000 27.250000
0 1408.0000 1672.0000 -456.0000 0.0000 0.0000 0.0000 22.000000 26.125000
xslime0
0 1408.0000 1248.0000 -456.0000 0.0000 0.0000 -1.0000 22.000000 19.500000
0 1216.0000 1744.0000 -456.0000 0.0000 0.0000 -1.0000 19.000000 27.250000
0 1408.0000 1744.0000 -456.0000 0.0000 0.0000 -1.0000 22.000000 27.250000
xslime0
0 1408.0000 1248.0000 -456.0000 0.0000 0.0000 -1.0000 22.000000 19.500000
0 1216.0000 1664.0000 -456.0000 0.0000 0.0000 -1.0000 19.000000 26.000000
0 1216.0000 1744.0000 -456.0000 0.0000 0.0000 -1.0000 19.000000 27.250000
xslime0
0 1408.0000 1248.0000 -456.0000 0.0000 0.0000 -1.0000 22.000000 19.500000
0 1216.0000 1648.0000 -456.0000 0.0000 0.0000 -1.0000 19.000000 25.750000
0 1216.0000 1664.0000 -456.0000 0.0000 0.0000 -1.0000 19.000000 26.000000
xslime0
0 1408.0000 1248.0000 -456.0000 0.0000 0.0000 -1.0000 22.000000 19.500000
0 1216.0000 1472.0000 -456.0000 0.0000 0.0000 -1.0000 19.000000 23.000000
0 1216.0000 1648.0000 -456.0000 0.0000 0.0000 -1.0000 19.000000 25.750000
xslime0
0 1408.0000 1248.0000 -456.0000 0.0000 0.0000 -1.0000 22.000000 19.500000
0 1216.0000 1376.0000 -456.0000 0.0000 0.0000 -1.0000 19.000000 21.500000
0 1216.0000 1472.0000 -456.0000 0.0000 0.0000 -1.0000 19.000000 23.000000
xslime0
0 1408.0000 1248.0000 -456.0000 0.0000 0.0000 -1.0000 22.000000 19.500000
0 1216.0000 1328.0000 -456.0000 0.0000 0.0000 -1.0000 19.000000 20.750000
0 1216.0000 1376.0000 -456.0000 0.0000 0.0000 -1.0000 19.000000 21.500000
xslime0
0 1408.0000 1248.0000 -456.0000 0.0000 0.0000 -1.0000 22.000000 19.500000
0 1216.0000 1248.0000 -456.0000 0.0000 0.0000 -1.0000 19.000000 19.500000
0 1216.0000 1328.0000 -456.0000 0.0000 0.0000 -1.0000 19.000000 20.750000
xslime0
0 1408.0000 1248.0000 -456.0000 -0.0000 0.0000 -1.0000 22.000000 19.500000
0 1216.0000 1152.0000 -456.0000 -0.0000 0.0000 -1.0000 19.000000 18.000000
0 1216.0000 1248.0000 -456.0000 -0.0000 0.0000 -1.0000 19.000000 19.500000
xslime0
0 1408.0000 1248.0000 -456.0000 0.0000 -0.0000 -1.0000 22.000000 19.500000
0 1408.0000 1152.0000 -456.0000 0.0000 -0.0000 -1.0000 22.000000 18.000000
0 1216.0000 1152.0000 -456.0000 0.0000 -0.0000 -1.0000 19.000000 18.000000
xslime0
0 1216.0000 1744.0000 -456.0000 0.0000 0.0000 1.0000 19.000000 27.250000
0 1152.0000 1664.0000 -456.0000 0.0000 0.0000 1.0000 18.000000 26.000000
0 1216.0000 1664.0000 -456.0000 0.0000 0.0000 1.0000 19.000000 26.000000
xslime0
0 1216.0000 1744.0000 -456.0000 0.0000 0.0000 1.0000 19.000000 27.250000
0 1088.0000 1664.0000 -456.0000 0.0000 0.0000 1.0000 17.000000 26.000000
0 1152.0000 1664.0000 -456.0000 0.0000 0.0000 1.0000 18.000000 26.000000
xslime0
0 1216.0000 1744.0000 -456.0000 0.0000 0.0000 1.0000 19.000000 27.250000
0 928.0000 1664.0000 -456.0000 0.0000 0.0000 1.0000 14.500000 26.000000
0 1088.0000 1664.0000 -456.0000 0.0000 0.0000 1.0000 17.000000 26.000000
xslime0
0 1216.0000 1744.0000 -456.0000 0.0000 0.0000 1.0000 19.000000 27.250000
0 928.0000 1744.0000 -456.0000 0.0000 0.0000 1.0000 14.500000 27.250000
0 928.0000 1664.0000 -456.0000 0.0000 0.0000 1.0000 14.500000 26.000000
xslime0
0 1088.0000 1664.0000 -456.0000 0.0000 0.0000 0.0000 17.000000 26.000000
0 1216.0000 1664.0000 -456.0000 0.0000 0.0000 0.0000 19.000000 26.000000
0 1152.0000 1664.0000 -456.0000 0.0000 0.0000 0.0000 18.000000 26.000000
xslime0
0 1088.0000 1664.0000 -456.0000 0.0000 0.0000 -1.0000 17.000000 26.000000
0 1216.0000 1744.0000 -456.0000 0.0000 0.0000 -1.0000 19.000000 27.250000
0 1216.0000 1664.0000 -456.0000 0.0000 0.0000 -1.0000 19.000000 26.000000
xslime0
0 1088.0000 1664.0000 -456.0000 0.0000 0.0000 -1.0000 17.000000 26.000000
0 928.0000 1744.0000 -456.0000 0.0000 0.0000 -1.0000 14.500000 27.250000
0 1216.0000 1744.0000 -456.0000 0.0000 0.0000 -1.0000 19.000000 27.250000
xslime0
0 1088.0000 1664.0000 -456.0000 0.0000 0.0000 -1.0000 17.000000 26.000000
0 928.0000 1664.0000 -456.0000 0.0000 0.0000 -1.0000 14.500000 26.000000
0 928.0000 1744.0000 -456.0000 0.0000 0.0000 -1.0000 14.500000 27.250000
xslime0
0 960.0000 1920.0000 -456.0000 0.0000 0.0000 -1.0000 15.000000 30.000000
0 944.0000 2080.0000 -456.0000 0.0000 0.0000 -1.0000 14.750000 32.500000
0 960.0000 2080.0000 -456.0000 0.0000 0.0000 -1.0000 15.000000 32.500000
xslime0
0 960.0000 1920.0000 -456.0000 0.0000 0.0000 -1.0000 15.000000 30.000000
0 896.0000 2080.0000 -456.0000 0.0000 0.0000 -1.0000 14.000000 32.500000
0 944.0000 2080.0000 -456.0000 0.0000 0.0000 -1.0000 14.750000 32.500000
xslime0
0 960.0000 1920.0000 -456.0000 0.0000 0.0000 -1.0000 15.000000 30.000000
0 896.0000 2016.0000 -456.0000 0.0000 0.0000 -1.0000 14.000000 31.500000
0 896.0000 2080.0000 -456.0000 0.0000 0.0000 -1.0000 14.000000 32.500000
xslime0
0 960.0000 1920.0000 -456.0000 0.0000 0.0000 -1.0000 15.000000 30.000000
0 896.0000 1984.0000 -456.0000 0.0000 0.0000 -1.0000 14.000000 31.000000
0 896.0000 2016.0000 -456.0000 0.0000 0.0000 -1.0000 14.000000 31.500000
xslime0
0 960.0000 1920.0000 -456.0000 0.0000 0.0000 -1.0000 15.000000 30.000000
0 896.0000 1968.0000 -456.0000 0.0000 0.0000 -1.0000 14.000000 30.750000
0 896.0000 1984.0000 -456.0000 0.0000 0.0000 -1.0000 14.000000 31.000000
xslime0
0 960.0000 1920.0000 -456.0000 0.0000 0.0000 -1.0000 15.000000 30.000000
0 896.0000 1920.0000 -456.0000 0.0000 0.0000 -1.0000 14.000000 30.000000
0 896.0000 1968.0000 -456.0000 0.0000 0.0000 -1.0000 14.000000 30.750000
xslime0
0 944.0000 2080.0000 -456.0000 -0.0000 0.0000 1.0000 14.750000 32.500000
0 960.0000 1920.0000 -456.0000 -0.0000 0.0000 1.0000 15.000000 30.000000
0 960.0000 2080.0000 -456.0000 -0.0000 0.0000 1.0000 15.000000 32.500000
xslime0
0 944.0000 2080.0000 -456.0000 0.0000 0.0000 1.0000 14.750000 32.500000
0 896.0000 1920.0000 -456.0000 0.0000 0.0000 1.0000 14.000000 30.000000
0 960.0000 1920.0000 -456.0000 0.0000 0.0000 1.0000 15.000000 30.000000
xslime0
0 944.0000 2080.0000 -456.0000 0.0000 0.0000 1.0000 14.750000 32.500000
0 896.0000 1968.0000 -456.0000 0.0000 0.0000 1.0000 14.000000 30.750000
0 896.0000 1920.0000 -456.0000 0.0000 0.0000 1.0000 14.000000 30.000000
xslime0
0 944.0000 2080.0000 -456.0000 0.0000 0.0000 1.0000 14.750000 32.500000
0 896.0000 1984.0000 -456.0000 0.0000 0.0000 1.0000 14.000000 31.000000
0 896.0000 1968.0000 -456.0000 0.0000 0.0000 1.0000 14.000000 30.750000
xslime0
0 944.0000 2080.0000 -456.0000 0.0000 0.0000 1.0000 14.750000 32.500000
0 896.0000 2016.0000 -456.0000 0.0000 0.0000 1.0000 14.000000 31.500000
0 896.0000 1984.0000 -456.0000 0.0000 0.0000 1.0000 14.000000 31.000000
xslime0
0 944.0000 2080.0000 -456.0000 0.0000 0.0000 1.0000 14.750000 32.500000
0 896.0000 2080.0000 -456.0000 0.0000 0.0000 1.0000 14.000000 32.500000
0 896.0000 2016.0000 -456.0000 0.0000 0.0000 1.0000 14.000000 31.500000
xslime0
0 1088.0000 1920.0000 -456.0000 0.0000 0.0000 -1.0000 17.000000 30.000000
0 1056.0000 2080.0000 -456.0000 0.0000 0.0000 -1.0000 16.500000 32.500000
0 1088.0000 2080.0000 -456.0000 0.0000 0.0000 -1.0000 17.000000 32.500000
xslime0
0 1088.0000 1920.0000 -456.0000 0.0000 0.0000 -1.0000 17.000000 30.000000
0 1024.0000 2080.0000 -456.0000 0.0000 0.0000 -1.0000 16.000000 32.500000
0 1056.0000 2080.0000 -456.0000 0.0000 0.0000 -1.0000 16.500000 32.500000
xslime0
0 1088.0000 1920.0000 -456.0000 0.0000 0.0000 -1.0000 17.000000 30.000000
0 992.0000 2080.0000 -456.0000 0.0000 0.0000 -1.0000 15.500000 32.500000
0 1024.0000 2080.0000 -456.0000 0.0000 0.0000 -1.0000 16.000000 32.500000
xslime0
0 1088.0000 1920.0000 -456.0000 0.0000 0.0000 -1.0000 17.000000 30.000000
0 960.0000 2080.0000 -456.0000 0.0000 0.0000 -1.0000 15.000000 32.500000
0 992.0000 2080.0000 -456.0000 0.0000 0.0000 -1.0000 15.500000 32.500000
xslime0
0 1088.0000 1920.0000 -456.0000 0.0000 0.0000 -1.0000 17.000000 30.000000
0 960.0000 1920.0000 -456.0000 0.0000 0.0000 -1.0000 15.000000 30.000000
0 960.0000 2080.0000 -456.0000 0.0000 0.0000 -1.0000 15.000000 32.500000
xslime0
0 1088.0000 1920.0000 -456.0000 -0.0000 0.0000 -1.0000 17.000000 30.000000
0 960.0000 1904.0000 -456.0000 -0.0000 0.0000 -1.0000 15.000000 29.750000
0 960.0000 1920.0000 -456.0000 -0.0000 0.0000 -1.0000 15.000000 30.000000
xslime0
0 1088.0000 1920.0000 -456.0000 0.0000 -0.0000 -1.0000 17.000000 30.000000
0 1088.0000 1904.0000 -456.0000 0.0000 -0.0000 -1.0000 17.000000 29.750000
0 960.0000 1904.0000 -456.0000 0.0000 -0.0000 -1.0000 15.000000 29.750000
xslime0
0 960.0000 1920.0000 -456.0000 0.0000 0.0000 1.0000 15.000000 30.000000
0 992.0000 2080.0000 -456.0000 0.0000 0.0000 1.0000 15.500000 32.500000
0 960.0000 2080.0000 -456.0000 0.0000 0.0000 1.0000 15.000000 32.500000
xslime0
0 960.0000 1920.0000 -456.0000 0.0000 0.0000 1.0000 15.000000 30.000000
0 1024.0000 2080.0000 -456.0000 0.0000 0.0000 1.0000 16.000000 32.500000
0 992.0000 2080.0000 -456.0000 0.0000 0.0000 1.0000 15.500000 32.500000
xslime0
0 960.0000 1920.0000 -456.0000 0.0000 0.0000 1.0000 15.000000 30.000000
0 1056.0000 2080.0000 -456.0000 0.0000 0.0000 1.0000 16.500000 32.500000
0 1024.0000 2080.0000 -456.0000 0.0000 0.0000 1.0000 16.000000 32.500000
xslime0
0 960.0000 1920.0000 -456.0000 0.0000 0.0000 1.0000 15.000000 30.000000
0 1088.0000 2080.0000 -456.0000 0.0000 0.0000 1.0000 17.000000 32.500000
0 1056.0000 2080.0000 -456.0000 0.0000 0.0000 1.0000 16.500000 32.500000
xslime0
0 960.0000 1920.0000 -456.0000 0.0000 0.0000 1.0000 15.000000 30.000000
0 1088.0000 1920.0000 -456.0000 0.0000 0.0000 1.0000 17.000000 30.000000
0 1088.0000 2080.0000 -456.0000 0.0000 0.0000 1.0000 17.000000 32.500000
xslime0
0 960.0000 1920.0000 -456.0000 -0.0000 0.0000 1.0000 15.000000 30.000000
0 1088.0000 1904.0000 -456.0000 -0.0000 0.0000 1.0000 17.000000 29.750000
0 1088.0000 1920.0000 -456.0000 -0.0000 0.0000 1.0000 17.000000 30.000000
xslime0
0 960.0000 1920.0000 -456.0000 0.0000 0.0000 1.0000 15.000000 30.000000
0 960.0000 1904.0000 -456.0000 0.0000 0.0000 1.0000 15.000000 29.750000
0 1088.0000 1904.0000 -456.0000 0.0000 0.0000 1.0000 17.000000 29.750000
xslime0
0 768.0000 2112.0000 -456.0000 0.0000 0.0000 0.0000 12.000000 33.000000
0 864.0000 2112.0000 -456.0000 0.0000 0.0000 0.0000 13.500000 33.000000
0 800.0000 2112.0000 -456.0000 0.0000 0.0000 0.0000 12.500000 33.000000
xslime0
0 768.0000 2112.0000 -456.0000 0.0000 0.0000 0.0000 12.000000 33.000000
0 944.0000 2112.0000 -456.0000 0.0000 0.0000 0.0000 14.750000 33.000000
0 864.0000 2112.0000 -456.0000 0.0000 0.0000 0.0000 13.500000 33.000000
xslime0
0 768.0000 2112.0000 -456.0000 0.0000 0.0000 -1.0000 12.000000 33.000000
0 944.0000 2176.0000 -456.0000 0.0000 0.0000 -1.0000 14.750000 34.000000
0 944.0000 2112.0000 -456.0000 0.0000 0.0000 -1.0000 14.750000 33.000000
xslime0
0 768.0000 2112.0000 -456.0000 0.0000 0.0000 -1.0000 12.000000 33.000000
0 736.0000 2176.0000 -456.0000 0.0000 0.0000 -1.0000 11.500000 34.000000
0 944.0000 2176.0000 -456.0000 0.0000 0.0000 -1.0000 14.750000 34.000000
xslime0
0 768.0000 2112.0000 -456.0000 0.0000 0.0000 -1.0000 12.000000 33.000000
0 736.0000 2112.0000 -456.0000 0.0000 0.0000 -1.0000 11.500000 33.000000
0 736.0000 2176.0000 -456.0000 0.0000 0.0000 -1.0000 11.500000 34.000000
xslime0
0 944.0000 2176.0000 -456.0000 0.0000 0.0000 1.0000 14.750000 34.000000
0 864.0000 2112.0000 -456.0000 0.0000 0.0000 1.0000 13.500000 33.000000
0 944.0000 2112.0000 -456.0000 0.0000 0.0000 1.0000 14.750000 33.000000
xslime0
0 944.0000 2176.0000 -456.0000 0.0000 0.0000 1.0000 14.750000 34.000000
0 800.0000 2112.0000 -456.0000 0.0000 0.0000 1.0000 12.500000 33.000000
0 864.0000 2112.0000 -456.0000 0.0000 0.0000 1.0000 13.500000 33.000000
xslime0
0 944.0000 2176.0000 -456.0000 0.0000 0.0000 1.0000 14.750000 34.000000
0 768.0000 2112.0000 -456.0000 0.0000 0.0000 1.0000 12.000000 33.000000
0 800.0000 2112.0000 -456.0000 0.0000 0.0000 1.0000 12.500000 33.000000
xslime0
0 944.0000 2176.0000 -456.0000 0.0000 0.0000 1.0000 14.750000 34.000000
0 736.0000 2112.0000 -456.0000 0.0000 0.0000 1.0000 11.500000 33.000000
0 768.0000 2112.0000 -456.0000 0.0000 0.0000 1.0000 12.000000 33.000000
xslime0
0 944.0000 2176.0000 -456.0000 0.0000 0.0000 1.0000 14.750000 34.000000
0 736.0000 2176.0000 -456.0000 0.0000 0.0000 1.0000 11.500000 34.000000
0 736.0000 2112.0000 -456.0000 0.0000 0.0000 1.0000 11.500000 33.000000
xslime0
0 944.0000 2112.0000 -456.0000 0.0000 0.0000 1.0000 14.750000 33.000000
0 896.0000 2080.0000 -456.0000 0.0000 0.0000 1.0000 14.000000 32.500000
0 944.0000 2080.0000 -456.0000 0.0000 0.0000 1.0000 14.750000 32.500000
xslime0
0 944.0000 2112.0000 -456.0000 0.0000 0.0000 1.0000 14.750000 33.000000
0 864.0000 2112.0000 -456.0000 0.0000 0.0000 1.0000 13.500000 33.000000
0 896.0000 2080.0000 -456.0000 0.0000 0.0000 1.0000 14.000000 32.500000
xslime0
0 944.0000 2080.0000 -456.0000 0.0000 0.0000 -1.0000 14.750000 32.500000
0 864.0000 2112.0000 -456.0000 0.0000 0.0000 -1.0000 13.500000 33.000000
0 944.0000 2112.0000 -456.0000 0.0000 0.0000 -1.0000 14.750000 33.000000
xslime0
0 944.0000 2080.0000 -456.0000 0.0000 0.0000 -1.0000 14.750000 32.500000
0 896.0000 2080.0000 -456.0000 0.0000 0.0000 -1.0000 14.000000 32.500000
0 864.0000 2112.0000 -456.0000 0.0000 0.0000 -1.0000 13.500000 33.000000
xslime0
0 1168.0000 2080.0000 -456.0000 -0.0000 0.0000 -1.0000 18.250000 32.500000
0 1152.0000 2032.0000 -456.0000 -0.0000 0.0000 -1.0000 18.000000 31.750000
0 1152.0000 2080.0000 -456.0000 -0.0000 0.0000 -1.0000 18.000000 32.500000
xslime0
0 1168.0000 2080.0000 -456.0000 0.0000 -0.0000 -1.0000 18.250000 32.500000
0 1168.0000 2016.0000 -456.0000 0.0000 -0.0000 -1.0000 18.250000 31.500000
0 1152.0000 2032.0000 -456.0000 0.0000 -0.0000 -1.0000 18.000000 31.750000
xslime0
0 1152.0000 2080.0000 -456.0000 -0.0000 0.0000 1.0000 18.000000 32.500000
0 1168.0000 2016.0000 -456.0000 -0.0000 0.0000 1.0000 18.250000 31.500000
0 1168.0000 2080.0000 -456.0000 -0.0000 0.0000 1.0000 18.250000 32.500000
xslime0
0 1152.0000 2080.0000 -456.0000 0.0000 0.0000 1.0000 18.000000 32.500000
0 1152.0000 2032.0000 -456.0000 0.0000 0.0000 1.0000 18.000000 31.750000
0 1168.0000 2016.0000 -456.0000 0.0000 0.0000 1.0000 18.250000 31.500000
xslime0
0 1152.0000 1920.0000 -456.0000 0.0000 0.0000 1.0000 18.000000 30.000000
0 1168.0000 2016.0000 -456.0000 0.0000 0.0000 1.0000 18.250000 31.500000
0 1152.0000 2032.0000 -456.0000 0.0000 0.0000 1.0000 18.000000 31.750000
xslime0
0 1152.0000 1920.0000 -456.0000 0.0000 0.0000 1.0000 18.000000 30.000000
0 1184.0000 2000.0000 -456.0000 0.0000 0.0000 1.0000 18.500000 31.250000
0 1168.0000 2016.0000 -456.0000 0.0000 0.0000 1.0000 18.250000 31.500000
xslime0
0 1152.0000 1920.0000 -456.0000 0.0000 0.0000 1.0000 18.000000 30.000000
0 1184.0000 1968.0000 -456.0000 0.0000 0.0000 1.0000 18.500000 30.750000
0 1184.0000 2000.0000 -456.0000 0.0000 0.0000 1.0000 18.500000 31.250000
xslime0
0 1152.0000 1920.0000 -456.0000 -0.0000 0.0000 1.0000 18.000000 30.000000
0 1184.0000 1904.0000 -456.0000 -0.0000 0.0000 1.0000 18.500000 29.750000
0 1184.0000 1968.0000 -456.0000 -0.0000 0.0000 1.0000 18.500000 30.750000
xslime0
0 1152.0000 1920.0000 -456.0000 0.0000 0.0000 1.0000 18.000000 30.000000
0 1152.0000 1904.0000 -456.0000 0.0000 0.0000 1.0000 18.000000 29.750000
0 1184.0000 1904.0000 -456.0000 0.0000 0.0000 1.0000 18.500000 29.750000
xslime0
0 1184.0000 1968.0000 -456.0000 0.0000 0.0000 -1.0000 18.500000 30.750000
0 1168.0000 2016.0000 -456.0000 0.0000 0.0000 -1.0000 18.250000 31.500000
0 1184.0000 2000.0000 -456.0000 0.0000 0.0000 -1.0000 18.500000 31.250000
xslime0
0 1184.0000 1968.0000 -456.0000 0.0000 0.0000 -1.0000 18.500000 30.750000
0 1152.0000 2032.0000 -456.0000 0.0000 0.0000 -1.0000 18.000000 31.750000
0 1168.0000 2016.0000 -456.0000 0.0000 0.0000 -1.0000 18.250000 31.500000
xslime0
0 1184.0000 1968.0000 -456.0000 -0.0000 0.0000 -1.0000 18.500000 30.750000
0 1152.0000 1920.0000 -456.0000 -0.0000 0.0000 -1.0000 18.000000 30.000000
0 1152.0000 2032.0000 -456.0000 -0.0000 0.0000 -1.0000 18.000000 31.750000
xslime0
0 1184.0000 1968.0000 -456.0000 0.0000 0.0000 -1.0000 18.500000 30.750000
0 1152.0000 1904.0000 -456.0000 0.0000 0.0000 -1.0000 18.000000 29.750000
0 1152.0000 1920.0000 -456.0000 0.0000 0.0000 -1.0000 18.000000 30.000000
xslime0
0 1184.0000 1968.0000 -456.0000 0.0000 -0.0000 -1.0000 18.500000 30.750000
0 1184.0000 1904.0000 -456.0000 0.0000 -0.0000 -1.0000 18.500000 29.750000
0 1152.0000 1904.0000 -456.0000 0.0000 -0.0000 -1.0000 18.000000 29.750000
xslime0
0 1088.0000 2080.0000 -456.0000 -0.0000 0.0000 1.0000 17.000000 32.500000
0 1152.0000 2032.0000 -456.0000 -0.0000 0.0000 1.0000 18.000000 31.750000
0 1152.0000 2080.0000 -456.0000 -0.0000 0.0000 1.0000 18.000000 32.500000
xslime0
0 1088.0000 2080.0000 -456.0000 0.0000 0.0000 1.0000 17.000000 32.500000
0 1152.0000 1920.0000 -456.0000 0.0000 0.0000 1.0000 18.000000 30.000000
0 1152.0000 2032.0000 -456.0000 0.0000 0.0000 1.0000 18.000000 31.750000
xslime0
0 1088.0000 2080.0000 -456.0000 0.0000 0.0000 1.0000 17.000000 32.500000
0 1088.0000 1920.0000 -456.0000 0.0000 0.0000 1.0000 17.000000 30.000000
0 1152.0000 1920.0000 -456.0000 0.0000 0.0000 1.0000 18.000000 30.000000
xslime0
0 1152.0000 2032.0000 -456.0000 0.0000 0.0000 -1.0000 18.000000 31.750000
0 1088.0000 2080.0000 -456.0000 0.0000 0.0000 -1.0000 17.000000 32.500000
0 1152.0000 2080.0000 -456.0000 0.0000 0.0000 -1.0000 18.000000 32.500000
xslime0
0 1152.0000 2032.0000 -456.0000 -0.0000 0.0000 -1.0000 18.000000 31.750000
0 1088.0000 1920.0000 -456.0000 -0.0000 0.0000 -1.0000 17.000000 30.000000
0 1088.0000 2080.0000 -456.0000 -0.0000 0.0000 -1.0000 17.000000 32.500000
xslime0
0 1152.0000 2032.0000 -456.0000 0.0000 -0.0000 -1.0000 18.000000 31.750000
0 1152.0000 1920.0000 -456.0000 0.0000 -0.0000 -1.0000 18.000000 30.000000
0 1088.0000 1920.0000 -456.0000 0.0000 -0.0000 -1.0000 17.000000 30.000000
xslime0
0 1088.0000 2112.0000 -456.0000 0.0000 0.0000 0.0000 17.000000 33.000000
0 1088.0000 2176.0000 -456.0000 0.0000 0.0000 0.0000 17.000000 34.000000
0 1088.0000 2144.0000 -456.0000 0.0000 0.0000 0.0000 17.000000 33.500000
xslime0
0 1088.0000 2112.0000 -456.0000 0.0000 0.0000 1.0000 17.000000 33.000000
0 1168.0000 2176.0000 -456.0000 0.0000 0.0000 1.0000 18.250000 34.000000
0 1088.0000 2176.0000 -456.0000 0.0000 0.0000 1.0000 17.000000 34.000000
xslime0
0 1088.0000 2112.0000 -456.0000 0.0000 0.0000 1.0000 17.000000 33.000000
0 1184.0000 2176.0000 -456.0000 0.0000 0.0000 1.0000 18.500000 34.000000
0 1168.0000 2176.0000 -456.0000 0.0000 0.0000 1.0000 18.250000 34.000000
xslime0
0 1088.0000 2112.0000 -456.0000 0.0000 0.0000 1.0000 17.000000 33.000000
0 1184.0000 2112.0000 -456.0000 0.0000 0.0000 1.0000 18.500000 33.000000
0 1184.0000 2176.0000 -456.0000 0.0000 0.0000 1.0000 18.500000 34.000000
xslime0
0 1088.0000 2112.0000 -456.0000 -0.0000 0.0000 1.0000 17.000000 33.000000
0 1184.0000 2096.0000 -456.0000 -0.0000 0.0000 1.0000 18.500000 32.750000
0 1184.0000 2112.0000 -456.0000 -0.0000 0.0000 1.0000 18.500000 33.000000
xslime0
0 1088.0000 2112.0000 -456.0000 0.0000 0.0000 1.0000 17.000000 33.000000
0 1168.0000 2080.0000 -456.0000 0.0000 0.0000 1.0000 18.250000 32.500000
0 1184.0000 2096.0000 -456.0000 0.0000 0.0000 1.0000 18.500000 32.750000
xslime0
0 1088.0000 2112.0000 -456.0000 0.0000 0.0000 1.0000 17.000000 33.000000
0 1152.0000 2080.0000 -456.0000 0.0000 0.0000 1.0000 18.000000 32.500000
0 1168.0000 2080.0000 -456.0000 0.0000 0.0000 1.0000 18.250000 32.500000
xslime0
0 1088.0000 2112.0000 -456.0000 0.0000 0.0000 1.0000 17.000000 33.000000
0 1088.0000 2080.0000 -456.0000 0.0000 0.0000 1.0000 17.000000 32.500000
0 1152.0000 2080.0000 -456.0000 0.0000 0.0000 1.0000 18.000000 32.500000
xslime0
0 1184.0000 2112.0000 -456.0000 0.0000 0.0000 -1.0000 18.500000 33.000000
0 1168.0000 2176.0000 -456.0000 0.0000 0.0000 -1.0000 18.250000 34.000000
0 1184.0000 2176.0000 -456.0000 0.0000 0.0000 -1.0000 18.500000 34.000000
xslime0
0 1184.0000 2112.0000 -456.0000 0.0000 0.0000 -1.0000 18.500000 33.000000
0 1088.0000 2176.0000 -456.0000 0.0000 0.0000 -1.0000 17.000000 34.000000
0 1168.0000 2176.0000 -456.0000 0.0000 0.0000 -1.0000 18.250000 34.000000
xslime0
0 1184.0000 2112.0000 -456.0000 0.0000 0.0000 -1.0000 18.500000 33.000000
0 1088.0000 2144.0000 -456.0000 0.0000 0.0000 -1.0000 17.000000 33.500000
0 1088.0000 2176.0000 -456.0000 0.0000 0.0000 -1.0000 17.000000 34.000000
xslime0
0 1184.0000 2112.0000 -456.0000 0.0000 0.0000 -1.0000 18.500000 33.000000
0 1088.0000 2112.0000 -456.0000 0.0000 0.0000 -1.0000 17.000000 33.000000
0 1088.0000 2144.0000 -456.0000 0.0000 0.0000 -1.0000 17.000000 33.500000
xslime0
0 1184.0000 2112.0000 -456.0000 -0.0000 0.0000 -1.0000 18.500000 33.000000
0 1088.0000 2080.0000 -456.0000 -0.0000 0.0000 -1.0000 17.000000 32.500000
0 1088.0000 2112.0000 -456.0000 -0.0000 0.0000 -1.0000 17.000000 33.000000
xslime0
0 1184.0000 2112.0000 -456.0000 0.0000 0.0000 -1.0000 18.500000 33.000000
0 1152.0000 2080.0000 -456.0000 0.0000 0.0000 -1.0000 18.000000 32.500000
0 1088.0000 2080.0000 -456.0000 0.0000 0.0000 -1.0000 17.000000 32.500000
xslime0
0 1184.0000 2112.0000 -456.0000 0.0000 0.0000 -1.0000 18.500000 33.000000
0 1168.0000 2080.0000 -456.0000 0.0000 0.0000 -1.0000 18.250000 32.500000
0 1152.0000 2080.0000 -456.0000 0.0000 0.0000 -1.0000 18.000000 32.500000
xslime0
0 1184.0000 2112.0000 -456.0000 0.0000 -0.0000 -1.0000 18.500000 33.000000
0 1184.0000 2096.0000 -456.0000 0.0000 -0.0000 -1.0000 18.500000 32.750000
0 1168.0000 2080.0000 -456.0000 0.0000 -0.0000 -1.0000 18.250000 32.500000
xslime0
0 1216.0000 1968.0000 -456.0000 -0.0000 0.0000 1.0000 19.000000 30.750000
0 1280.0000 1920.0000 -456.0000 -0.0000 0.0000 1.0000 20.000000 30.000000
0 1280.0000 1968.0000 -456.0000 -0.0000 0.0000 1.0000 20.000000 30.750000
xslime0
0 1216.0000 1968.0000 -456.0000 0.0000 0.0000 1.0000 19.000000 30.750000
0 1280.0000 1904.0000 -456.0000 0.0000 0.0000 1.0000 20.000000 29.750000
0 1280.0000 1920.0000 -456.0000 0.0000 0.0000 1.0000 20.000000 30.000000
xslime0
0 1216.0000 1968.0000 -456.0000 0.0000 0.0000 1.0000 19.000000 30.750000
0 1184.0000 1904.0000 -456.0000 0.0000 0.0000 1.0000 18.500000 29.750000
0 1280.0000 1904.0000 -456.0000 0.0000 0.0000 1.0000 20.000000 29.750000
xslime0
0 1216.0000 1968.0000 -456.0000 0.0000 0.0000 1.0000 19.000000 30.750000
0 1184.0000 1968.0000 -456.0000 0.0000 0.0000 1.0000 18.500000 30.750000
0 1184.0000 1904.0000 -456.0000 0.0000 0.0000 1.0000 18.500000 29.750000
xslime0
0 1280.0000 1904.0000 -456.0000 0.0000 0.0000 0.0000 20.000000 29.750000
0 1280.0000 1968.0000 -456.0000 0.0000 0.0000 0.0000 20.000000 30.750000
0 1280.0000 1920.0000 -456.0000 0.0000 0.0000 0.0000 20.000000 30.000000
xslime0
0 1280.0000 1904.0000 -456.0000 0.0000 0.0000 -1.0000 20.000000 29.750000
0 1216.0000 1968.0000 -456.0000 0.0000 0.0000 -1.0000 19.000000 30.750000
0 1280.0000 1968.0000 -456.0000 0.0000 0.0000 -1.0000 20.000000 30.750000
xslime0
0 1280.0000 1904.0000 -456.0000 0.0000 0.0000 -1.0000 20.000000 29.750000
0 1184.0000 1968.0000 -456.0000 0.0000 0.0000 -1.0000 18.500000 30.750000
0 1216.0000 1968.0000 -456.0000 0.0000 0.0000 -1.0000 19.000000 30.750000
xslime0
0 1280.0000 1904.0000 -456.0000 0.0000 0.0000 -1.0000 20.000000 29.750000
0 1184.0000 1904.0000 -456.0000 0.0000 0.0000 -1.0000 18.500000 29.750000
0 1184.0000 1968.0000 -456.0000 0.0000 0.0000 -1.0000 18.500000 30.750000
xslime0
0 1088.0000 1856.0000 -456.0000 0.0000 0.0000 0.0000 17.000000 29.000000
0 1216.0000 1856.0000 -456.0000 0.0000 0.0000 0.0000 19.000000 29.000000
0 1152.0000 1856.0000 -456.0000 0.0000 0.0000 0.0000 18.000000 29.000000
xslime0
0 1088.0000 1856.0000 -456.0000 0.0000 0.0000 0.0000 17.000000 29.000000
0 1344.0000 1856.0000 -456.0000 0.0000 0.0000 0.0000 21.000000 29.000000
0 1216.0000 1856.0000 -456.0000 0.0000 0.0000 0.0000 19.000000 29.000000
xslime0
0 1088.0000 1856.0000 -456.0000 0.0000 0.0000 0.0000 17.000000 29.000000
0 1376.0000 1856.0000 -456.0000 0.0000 0.0000 0.0000 21.500000 29.000000
0 1344.0000 1856.0000 -456.0000 0.0000 0.0000 0.0000 21.000000 29.000000
xslime0
0 1088.0000 1856.0000 -456.0000 -0.0000 0.0000 1.0000 17.000000 29.000000
0 1408.0000 1824.0000 -456.0000 -0.0000 0.0000 1.0000 22.000000 28.500000
0 1376.0000 1856.0000 -456.0000 -0.0000 0.0000 1.0000 21.500000 29.000000
xslime0
0 1088.0000 1856.0000 -456.0000 0.0000 0.0000 1.0000 17.000000 29.000000
0 1408.0000 1792.0000 -456.0000 0.0000 0.0000 1.0000 22.000000 28.000000
0 1408.0000 1824.0000 -456.0000 0.0000 0.0000 1.0000 22.000000 28.500000
xslime0
0 1088.0000 1856.0000 -456.0000 0.0000 0.0000 1.0000 17.000000 29.000000
0 1408.0000 1744.0000 -456.0000 0.0000 0.0000 1.0000 22.000000 27.250000
0 1408.0000 1792.0000 -456.0000 0.0000 0.0000 1.0000 22.000000 28.000000
xslime0
0 1088.0000 1856.0000 -456.0000 0.0000 0.0000 1.0000 17.000000 29.000000
0 1216.0000 1744.0000 -456.0000 0.0000 0.0000 1.0000 19.000000 27.250000
0 1408.0000 1744.0000 -456.0000 0.0000 0.0000 1.0000 22.000000 27.250000
xslime0
0 1088.0000 1856.0000 -456.0000 0.0000 0.0000 1.0000 17.000000 29.000000
0 928.0000 1744.0000 -456.0000 0.0000 0.0000 1.0000 14.500000 27.250000
0 1216.0000 1744.0000 -456.0000 0.0000 0.0000 1.0000 19.000000 27.250000
xslime0
0 1088.0000 1856.0000 -456.0000 0.0000 0.0000 1.0000 17.000000 29.000000
0 928.0000 1752.0000 -456.0000 0.0000 0.0000 1.0000 14.500000 27.375000
0 928.0000 1744.0000 -456.0000 0.0000 0.0000 1.0000 14.500000 27.250000
xslime0
0 1088.0000 1856.0000 -456.0000 0.0000 0.0000 1.0000 17.000000 29.000000
0 928.0000 1824.0000 -456.0000 0.0000 0.0000 1.0000 14.500000 28.500000
0 928.0000 1752.0000 -456.0000 0.0000 0.0000 1.0000 14.500000 27.375000
xslime0
0 1088.0000 1856.0000 -456.0000 0.0000 0.0000 1.0000 17.000000 29.000000
0 928.0000 1856.0000 -456.0000 0.0000 0.0000 1.0000 14.500000 29.000000
0 928.0000 1824.0000 -456.0000 0.0000 0.0000 1.0000 14.500000 28.500000
xslime0
0 1216.0000 1744.0000 -456.0000 0.0000 0.0000 -1.0000 19.000000 27.250000
0 1408.0000 1792.0000 -456.0000 0.0000 0.0000 -1.0000 22.000000 28.000000
0 1408.0000 1744.0000 -456.0000 0.0000 0.0000 -1.0000 22.000000 27.250000
xslime0
0 1216.0000 1744.0000 -456.0000 0.0000 0.0000 -1.0000 19.000000 27.250000
0 1408.0000 1824.0000 -456.0000 0.0000 0.0000 -1.0000 22.000000 28.500000
0 1408.0000 1792.0000 -456.0000 0.0000 0.0000 -1.0000 22.000000 28.000000
xslime0
0 1216.0000 1744.0000 -456.0000 0.0000 0.0000 -1.0000 19.000000 27.250000
0 1376.0000 1856.0000 -456.0000 0.0000 0.0000 -1.0000 21.500000 29.000000
0 1408.0000 1824.0000 -456.0000 0.0000 0.0000 -1.0000 22.000000 28.500000
xslime0
0 1216.0000 1744.0000 -456.0000 0.0000 0.0000 -1.0000 19.000000 27.250000
0 1344.0000 1856.0000 -456.0000 0.0000 0.0000 -1.0000 21.000000 29.000000
0 1376.0000 1856.0000 -456.0000 0.0000 0.0000 -1.0000 21.500000 29.000000
xslime0
0 1216.0000 1744.0000 -456.0000 0.0000 0.0000 -1.0000 19.000000 27.250000
0 1216.0000 1856.0000 -456.0000 0.0000 0.0000 -1.0000 19.000000 29.000000
0 1344.0000 1856.0000 -456.0000 0.0000 0.0000 -1.0000 21.000000 29.000000
xslime0
0 1216.0000 1744.0000 -456.0000 0.0000 0.0000 -1.0000 19.000000 27.250000
0 1152.0000 1856.0000 -456.0000 0.0000 0.0000 -1.0000 18.000000 29.000000
0 1216.0000 1856.0000 -456.0000 0.0000 0.0000 -1.0000 19.000000 29.000000
xslime0
0 1216.0000 1744.0000 -456.0000 0.0000 0.0000 -1.0000 19.000000 27.250000
0 1088.0000 1856.0000 -456.0000 0.0000 0.0000 -1.0000 17.000000 29.000000
0 1152.0000 1856.0000 -456.0000 0.0000 0.0000 -1.0000 18.000000 29.000000
xslime0
0 1216.0000 1744.0000 -456.0000 0.0000 0.0000 -1.0000 19.000000 27.250000
0 928.0000 1856.0000 -456.0000 0.0000 0.0000 -1.0000 14.500000 29.000000
0 1088.0000 1856.0000 -456.0000 0.0000 0.0000 -1.0000 17.000000 29.000000
xslime0
0 1216.0000 1744.0000 -456.0000 0.0000 0.0000 -1.0000 19.000000 27.250000
0 928.0000 1824.0000 -456.0000 0.0000 0.0000 -1.0000 14.500000 28.500000
0 928.0000 1856.0000 -456.0000 0.0000 0.0000 -1.0000 14.500000 29.000000
xslime0
0 1216.0000 1744.0000 -456.0000 0.0000 0.0000 -1.0000 19.000000 27.250000
0 928.0000 1752.0000 -456.0000 0.0000 0.0000 -1.0000 14.500000 27.375000
0 928.0000 1824.0000 -456.0000 0.0000 0.0000 -1.0000 14.500000 28.500000
xslime0
0 1216.0000 1744.0000 -456.0000 0.0000 0.0000 -1.0000 19.000000 27.250000
0 928.0000 1744.0000 -456.0000 0.0000 0.0000 -1.0000 14.500000 27.250000
0 928.0000 1752.0000 -456.0000 0.0000 0.0000 -1.0000 14.500000 27.375000
xslime0
0 1312.0000 1920.0000 -456.0000 0.0000 0.0000 1.0000 20.500000 30.000000
0 1280.0000 1968.0000 -456.0000 0.0000 0.0000 1.0000 20.000000 30.750000
0 1280.0000 1920.0000 -456.0000 0.0000 0.0000 1.0000 20.000000 30.000000
xslime0
0 1312.0000 1920.0000 -456.0000 0.0000 -0.0000 1.0000 20.500000 30.000000
0 1344.0000 1968.0000 -456.0000 0.0000 -0.0000 1.0000 21.000000 30.750000
0 1280.0000 1968.0000 -456.0000 0.0000 -0.0000 1.0000 20.000000 30.750000
xslime0
0 1312.0000 1920.0000 -456.0000 0.0000 0.0000 1.0000 20.500000 30.000000
0 1344.0000 1920.0000 -456.0000 0.0000 0.0000 1.0000 21.000000 30.000000
0 1344.0000 1968.0000 -456.0000 0.0000 0.0000 1.0000 21.000000 30.750000
xslime0
0 1280.0000 1968.0000 -456.0000 0.0000 0.0000 -1.0000 20.000000 30.750000
0 1312.0000 1920.0000 -456.0000 0.0000 0.0000 -1.0000 20.500000 30.000000
0 1280.0000 1920.0000 -456.0000 0.0000 0.0000 -1.0000 20.000000 30.000000
xslime0
0 1280.0000 1968.0000 -456.0000 0.0000 0.0000 -1.0000 20.000000 30.750000
0 1344.0000 1920.0000 -456.0000 0.0000 0.0000 -1.0000 21.000000 30.000000
0 1312.0000 1920.0000 -456.0000 0.0000 0.0000 -1.0000 20.500000 30.000000
xslime0
0 1280.0000 1968.0000 -456.0000 0.0000 0.0000 -1.0000 20.000000 30.750000
0 1344.0000 1968.0000 -456.0000 0.0000 0.0000 -1.0000 21.000000 30.750000
0 1344.0000 1920.0000 -456.0000 0.0000 0.0000 -1.0000 21.000000 30.000000
xslime0
0 1392.0000 2112.0000 -456.0000 -0.0000 0.0000 -1.0000 21.750000 33.000000
0 1296.0000 2080.0000 -456.0000 -0.0000 0.0000 -1.0000 20.250000 32.500000
0 1264.0000 2112.0000 -456.0000 -0.0000 0.0000 -1.0000 19.750000 33.000000
xslime0
0 1392.0000 2112.0000 -456.0000 0.0000 0.0000 -1.0000 21.750000 33.000000
0 1344.0000 2080.0000 -456.0000 0.0000 0.0000 -1.0000 21.000000 32.500000
0 1296.0000 2080.0000 -456.0000 0.0000 0.0000 -1.0000 20.250000 32.500000
xslime0
0 1392.0000 2112.0000 -456.0000 0.0000 -0.0000 -1.0000 21.750000 33.000000
0 1392.0000 2080.0000 -456.0000 0.0000 -0.0000 -1.0000 21.750000 32.500000
0 1344.0000 2080.0000 -456.0000 0.0000 -0.0000 -1.0000 21.000000 32.500000
xslime0
0 1264.0000 2112.0000 -456.0000 -0.0000 0.0000 1.0000 19.750000 33.000000
0 1392.0000 2080.0000 -456.0000 -0.0000 0.0000 1.0000 21.750000 32.500000
0 1392.0000 2112.0000 -456.0000 -0.0000 0.0000 1.0000 21.750000 33.000000
xslime0
0 1264.0000 2112.0000 -456.0000 0.0000 0.0000 1.0000 19.750000 33.000000
0 1344.0000 2080.0000 -456.0000 0.0000 0.0000 1.0000 21.000000 32.500000
0 1392.0000 2080.0000 -456.0000 0.0000 0.0000 1.0000 21.750000 32.500000
xslime0
0 1264.0000 2112.0000 -456.0000 0.0000 0.0000 1.0000 19.750000 33.000000
0 1296.0000 2080.0000 -456.0000 0.0000 0.0000 1.0000 20.250000 32.500000
0 1344.0000 2080.0000 -456.0000 0.0000 0.0000 1.0000 21.000000 32.500000
xslime0
0 1344.0000 2064.0000 -456.0000 0.0000 0.0000 -1.0000 21.000000 32.250000
0 1392.0000 2048.0000 -456.0000 0.0000 0.0000 -1.0000 21.750000 32.000000
0 1344.0000 2048.0000 -456.0000 0.0000 0.0000 -1.0000 21.000000 32.000000
xslime0
0 1344.0000 2064.0000 -456.0000 0.0000 0.0000 -1.0000 21.000000 32.250000
0 1392.0000 2080.0000 -456.0000 0.0000 0.0000 -1.0000 21.750000 32.500000
0 1392.0000 2048.0000 -456.0000 0.0000 0.0000 -1.0000 21.750000 32.000000
xslime0
0 1344.0000 2064.0000 -456.0000 0.0000 0.0000 -1.0000 21.000000 32.250000
0 1344.0000 2080.0000 -456.0000 0.0000 0.0000 -1.0000 21.000000 32.500000
0 1392.0000 2080.0000 -456.0000 0.0000 0.0000 -1.0000 21.750000 32.500000
xslime0
0 1392.0000 2080.0000 -456.0000 0.0000 0.0000 1.0000 21.750000 32.500000
0 1344.0000 2048.0000 -456.0000 0.0000 0.0000 1.0000 21.000000 32.000000
0 1392.0000 2048.0000 -456.0000 0.0000 0.0000 1.0000 21.750000 32.000000
xslime0
0 1392.0000 2080.0000 -456.0000 0.0000 0.0000 1.0000 21.750000 32.500000
0 1344.0000 2064.0000 -456.0000 0.0000 0.0000 1.0000 21.000000 32.250000
0 1344.0000 2048.0000 -456.0000 0.0000 0.0000 1.0000 21.000000 32.000000
xslime0
0 1392.0000 2080.0000 -456.0000 0.0000 0.0000 1.0000 21.750000 32.500000
0 1344.0000 2080.0000 -456.0000 0.0000 0.0000 1.0000 21.000000 32.500000
0 1344.0000 2064.0000 -456.0000 0.0000 0.0000 1.0000 21.000000 32.250000
xslime0
0 1216.0000 1968.0000 -456.0000 0.0000 0.0000 0.0000 19.000000 30.750000
0 1184.0000 2000.0000 -456.0000 0.0000 0.0000 0.0000 18.500000 31.250000
0 1200.0000 1984.0000 -456.0000 0.0000 0.0000 0.0000 18.750000 31.000000
xslime0
0 1216.0000 1968.0000 -456.0000 0.0000 0.0000 -1.0000 19.000000 30.750000
0 1184.0000 1968.0000 -456.0000 0.0000 0.0000 -1.0000 18.500000 30.750000
0 1184.0000 2000.0000 -456.0000 0.0000 0.0000 -1.0000 18.500000 31.250000
xslime0
0 1184.0000 1968.0000 -456.0000 0.0000 0.0000 1.0000 18.500000 30.750000
0 1200.0000 1984.0000 -456.0000 0.0000 0.0000 1.0000 18.750000 31.000000
0 1184.0000 2000.0000 -456.0000 0.0000 0.0000 1.0000 18.500000 31.250000
xslime0
0 1184.0000 1968.0000 -456.0000 0.0000 0.0000 1.0000 18.500000 30.750000
0 1216.0000 1968.0000 -456.0000 0.0000 0.0000 1.0000 19.000000 30.750000
0 1200.0000 1984.0000 -456.0000 0.0000 0.0000 1.0000 18.750000 31.000000
xslime0
0 1264.0000 1984.0000 -456.0000 0.0000 0.0000 1.0000 19.750000 31.000000
0 1216.0000 1968.0000 -456.0000 0.0000 0.0000 1.0000 19.000000 30.750000
0 1280.0000 1968.0000 -456.0000 0.0000 0.0000 1.0000 20.000000 30.750000
xslime0
0 1264.0000 1984.0000 -456.0000 0.0000 0.0000 1.0000 19.750000 31.000000
0 1200.0000 1984.0000 -456.0000 0.0000 0.0000 1.0000 18.750000 31.000000
0 1216.0000 1968.0000 -456.0000 0.0000 0.0000 1.0000 19.000000 30.750000
xslime0
0 1280.0000 1968.0000 -456.0000 0.0000 0.0000 -1.0000 20.000000 30.750000
0 1200.0000 1984.0000 -456.0000 0.0000 0.0000 -1.0000 18.750000 31.000000
0 1264.0000 1984.0000 -456.0000 0.0000 0.0000 -1.0000 19.750000 31.000000
xslime0
0 1280.0000 1968.0000 -456.0000 0.0000 0.0000 -1.0000 20.000000 30.750000
0 1216.0000 1968.0000 -456.0000 0.0000 0.0000 -1.0000 19.000000 30.750000
0 1200.0000 1984.0000 -456.0000 0.0000 0.0000 -1.0000 18.750000 31.000000
xslime0
0 1344.0000 1920.0000 -456.0000 0.0000 0.0000 0.0000 21.000000 30.000000
0 1344.0000 2048.0000 -456.0000 0.0000 0.0000 0.0000 21.000000 32.000000
0 1344.0000 1968.0000 -456.0000 0.0000 0.0000 0.0000 21.000000 30.750000
xslime0
0 1344.0000 1920.0000 -456.0000 0.0000 0.0000 1.0000 21.000000 30.000000
0 1392.0000 2048.0000 -456.0000 0.0000 0.0000 1.0000 21.750000 32.000000
0 1344.0000 2048.0000 -456.0000 0.0000 0.0000 1.0000 21.000000 32.000000
xslime0
0 1344.0000 1920.0000 -456.0000 0.0000 0.0000 1.0000 21.000000 30.000000
0 1408.0000 2048.0000 -456.0000 0.0000 0.0000 1.0000 22.000000 32.000000
0 1392.0000 2048.0000 -456.0000 0.0000 0.0000 1.0000 21.750000 32.000000
xslime0
0 1344.0000 1920.0000 -456.0000 -0.0000 0.0000 1.0000 21.000000 30.000000
0 1408.0000 1904.0000 -456.0000 -0.0000 0.0000 1.0000 22.000000 29.750000
0 1408.0000 2048.0000 -456.0000 -0.0000 0.0000 1.0000 22.000000 32.000000
xslime0
0 1344.0000 1920.0000 -456.0000 0.0000 0.0000 1.0000 21.000000 30.000000
0 1344.0000 1904.0000 -456.0000 0.0000 0.0000 1.0000 21.000000 29.750000
0 1408.0000 1904.0000 -456.0000 0.0000 0.0000 1.0000 22.000000 29.750000
xslime0
0 1408.0000 2048.0000 -456.0000 0.0000 0.0000 0.0000 22.000000 32.000000
0 1344.0000 2048.0000 -456.0000 0.0000 0.0000 0.0000 21.000000 32.000000
0 1392.0000 2048.0000 -456.0000 0.0000 0.0000 0.0000 21.750000 32.000000
xslime0
0 1408.0000 2048.0000 -456.0000 -0.0000 0.0000 -1.0000 22.000000 32.000000
0 1344.0000 1968.0000 -456.0000 -0.0000 0.0000 -1.0000 21.000000 30.750000
0 1344.0000 2048.0000 -456.0000 -0.0000 0.0000 -1.0000 21.000000 32.000000
xslime0
0 1408.0000 2048.0000 -456.0000 0.0000 0.0000 -1.0000 22.000000 32.000000
0 1344.0000 1920.0000 -456.0000 0.0000 0.0000 -1.0000 21.000000 30.000000
0 1344.0000 1968.0000 -456.0000 0.0000 0.0000 -1.0000 21.000000 30.750000
xslime0
0 1408.0000 2048.0000 -456.0000 0.0000 0.0000 -1.0000 22.000000 32.000000
0 1344.0000 1904.0000 -456.0000 0.0000 0.0000 -1.0000 21.000000 29.750000
0 1344.0000 1920.0000 -456.0000 0.0000 0.0000 -1.0000 21.000000 30.000000
xslime0
0 1408.0000 2048.0000 -456.0000 0.0000 -0.0000 -1.0000 22.000000 32.000000
0 1408.0000 1904.0000 -456.0000 0.0000 -0.0000 -1.0000 22.000000 29.750000
0 1344.0000 1904.0000 -456.0000 0.0000 -0.0000 -1.0000 21.000000 29.750000
xslime0
0 1296.0000 2016.0000 -456.0000 0.0000 0.0000 1.0000 20.250000 31.500000
0 1344.0000 2048.0000 -456.0000 0.0000 0.0000 1.0000 21.000000 32.000000
0 1344.0000 2064.0000 -456.0000 0.0000 0.0000 1.0000 21.000000 32.250000
xslime0
0 1296.0000 2016.0000 -456.0000 -0.0000 0.0000 1.0000 20.250000 31.500000
0 1344.0000 1968.0000 -456.0000 -0.0000 0.0000 1.0000 21.000000 30.750000
0 1344.0000 2048.0000 -456.0000 -0.0000 0.0000 1.0000 21.000000 32.000000
xslime0
0 1296.0000 2016.0000 -456.0000 0.0000 0.0000 1.0000 20.250000 31.500000
0 1280.0000 1968.0000 -456.0000 0.0000 0.0000 1.0000 20.000000 30.750000
0 1344.0000 1968.0000 -456.0000 0.0000 0.0000 1.0000 21.000000 30.750000
xslime0
0 1296.0000 2016.0000 -456.0000 0.0000 0.0000 1.0000 20.250000 31.500000
0 1264.0000 1984.0000 -456.0000 0.0000 0.0000 1.0000 19.750000 31.000000
0 1280.0000 1968.0000 -456.0000 0.0000 0.0000 1.0000 20.000000 30.750000
xslime0
0 1344.0000 2048.0000 -456.0000 -0.0000 0.0000 -1.0000 21.000000 32.000000
0 1296.0000 2016.0000 -456.0000 -0.0000 0.0000 -1.0000 20.250000 31.500000
0 1344.0000 2064.0000 -456.0000 -0.0000 0.0000 -1.0000 21.000000 32.250000
xslime0
0 1344.0000 2048.0000 -456.0000 0.0000 0.0000 -1.0000 21.000000 32.000000
0 1264.0000 1984.0000 -456.0000 0.0000 0.0000 -1.0000 19.750000 31.000000
0 1296.0000 2016.0000 -456.0000 0.0000 0.0000 -1.0000 20.250000 31.500000
xslime0
0 1344.0000 2048.0000 -456.0000 0.0000 0.0000 -1.0000 21.000000 32.000000
0 1280.0000 1968.0000 -456.0000 0.0000 0.0000 -1.0000 20.000000 30.750000
0 1264.0000 1984.0000 -456.0000 0.0000 0.0000 -1.0000 19.750000 31.000000
xslime0
0 1344.0000 2048.0000 -456.0000 0.0000 -0.0000 -1.0000 21.000000 32.000000
0 1344.0000 1968.0000 -456.0000 0.0000 -0.0000 -1.0000 21.000000 30.750000
0 1280.0000 1968.0000 -456.0000 0.0000 -0.0000 -1.0000 20.000000 30.750000
xslime0
0 1296.0000 2016.0000 -456.0000 0.0000 0.0000 1.0000 20.250000 31.500000
0 1344.0000 2080.0000 -456.0000 0.0000 0.0000 1.0000 21.000000 32.500000
0 1296.0000 2080.0000 -456.0000 0.0000 0.0000 1.0000 20.250000 32.500000
xslime0
0 1296.0000 2016.0000 -456.0000 0.0000 0.0000 1.0000 20.250000 31.500000
0 1344.0000 2064.0000 -456.0000 0.0000 0.0000 1.0000 21.000000 32.250000
0 1344.0000 2080.0000 -456.0000 0.0000 0.0000 1.0000 21.000000 32.500000
xslime0
0 1296.0000 2080.0000 -456.0000 0.0000 0.0000 -1.0000 20.250000 32.500000
0 1344.0000 2064.0000 -456.0000 0.0000 0.0000 -1.0000 21.000000 32.250000
0 1296.0000 2016.0000 -456.0000 0.0000 0.0000 -1.0000 20.250000 31.500000
xslime0
0 1296.0000 2080.0000 -456.0000 0.0000 0.0000 -1.0000 20.250000 32.500000
0 1344.0000 2080.0000 -456.0000 0.0000 0.0000 -1.0000 21.000000 32.500000
0 1344.0000 2064.0000 -456.0000 0.0000 0.0000 -1.0000 21.000000 32.250000
xslime0
0 1184.0000 2112.0000 -456.0000 -0.0000 0.0000 1.0000 18.500000 33.000000
0 1184.0000 2096.0000 -456.0000 -0.0000 0.0000 1.0000 18.500000 32.750000
0 1200.0000 2112.0000 -456.0000 -0.0000 0.0000 1.0000 18.750000 33.000000
xslime0
0 1200.0000 2112.0000 -456.0000 -0.0000 0.0000 -1.0000 18.750000 33.000000
0 1184.0000 2096.0000 -456.0000 -0.0000 0.0000 -1.0000 18.500000 32.750000
0 1184.0000 2112.0000 -456.0000 -0.0000 0.0000 -1.0000 18.500000 33.000000
xslime0
0 1280.0000 2176.0000 -456.0000 -0.0000 0.0000 1.0000 20.000000 34.000000
0 1408.0000 2112.0000 -456.0000 -0.0000 0.0000 1.0000 22.000000 33.000000
0 1408.0000 2176.0000 -456.0000 -0.0000 0.0000 1.0000 22.000000 34.000000
xslime0
0 1280.0000 2176.0000 -456.0000 0.0000 0.0000 1.0000 20.000000 34.000000
0 1392.0000 2112.0000 -456.0000 0.0000 0.0000 1.0000 21.750000 33.000000
0 1408.0000 2112.0000 -456.0000 0.0000 0.0000 1.0000 22.000000 33.000000
xslime0
0 1280.0000 2176.0000 -456.0000 0.0000 0.0000 1.0000 20.000000 34.000000
0 1264.0000 2112.0000 -456.0000 0.0000 0.0000 1.0000 19.750000 33.000000
0 1392.0000 2112.0000 -456.0000 0.0000 0.0000 1.0000 21.750000 33.000000
xslime0
0 1280.0000 2176.0000 -456.0000 0.0000 0.0000 1.0000 20.000000 34.000000
0 1200.0000 2112.0000 -456.0000 0.0000 0.0000 1.0000 18.750000 33.000000
0 1264.0000 2112.0000 -456.0000 0.0000 0.0000 1.0000 19.750000 33.000000
xslime0
0 1280.0000 2176.0000 -456.0000 0.0000 0.0000 1.0000 20.000000 34.000000
0 1184.0000 2112.0000 -456.0000 0.0000 0.0000 1.0000 18.500000 33.000000
0 1200.0000 2112.0000 -456.0000 0.0000 0.0000 1.0000 18.750000 33.000000
xslime0
0 1280.0000 2176.0000 -456.0000 0.0000 0.0000 1.0000 20.000000 34.000000
0 1184.0000 2176.0000 -456.0000 0.0000 0.0000 1.0000 18.500000 34.000000
0 1184.0000 2112.0000 -456.0000 0.0000 0.0000 1.0000 18.500000 33.000000
xslime0
0 1200.0000 2112.0000 -456.0000 0.0000 0.0000 0.0000 18.750000 33.000000
0 1392.0000 2112.0000 -456.0000 0.0000 0.0000 0.0000 21.750000 33.000000
0 1264.0000 2112.0000 -456.0000 0.0000 0.0000 0.0000 19.750000 33.000000
xslime0
0 1200.0000 2112.0000 -456.0000 0.0000 0.0000 0.0000 18.750000 33.000000
0 1408.0000 2112.0000 -456.0000 0.0000 0.0000 0.0000 22.000000 33.000000
0 1392.0000 2112.0000 -456.0000 0.0000 0.0000 0.0000 21.750000 33.000000
xslime0
0 1200.0000 2112.0000 -456.0000 0.0000 0.0000 -1.0000 18.750000 33.000000
0 1408.0000 2176.0000 -456.0000 0.0000 0.0000 -1.0000 22.000000 34.000000
0 1408.0000 2112.0000 -456.0000 0.0000 0.0000 -1.0000 22.000000 33.000000
xslime0
0 1200.0000 2112.0000 -456.0000 0.0000 0.0000 -1.0000 18.750000 33.000000
0 1280.0000 2176.0000 -456.0000 0.0000 0.0000 -1.0000 20.000000 34.000000
0 1408.0000 2176.0000 -456.0000 0.0000 0.0000 -1.0000 22.000000 34.000000
xslime0
0 1200.0000 2112.0000 -456.0000 0.0000 0.0000 -1.0000 18.750000 33.000000
0 1184.0000 2176.0000 -456.0000 0.0000 0.0000 -1.0000 18.500000 34.000000
0 1280.0000 2176.0000 -456.0000 0.0000 0.0000 -1.0000 20.000000 34.000000
xslime0
0 1200.0000 2112.0000 -456.0000 0.0000 0.0000 -1.0000 18.750000 33.000000
0 1184.0000 2112.0000 -456.0000 0.0000 0.0000 -1.0000 18.500000 33.000000
0 1184.0000 2176.0000 -456.0000 0.0000 0.0000 -1.0000 18.500000 34.000000
xslime0
0 656.0000 2384.0000 -456.0000 0.0000 0.0000 0.0000 10.250000 37.250000
0 864.0000 2384.0000 -456.0000 0.0000 0.0000 0.0000 13.500000 37.250000
0 800.0000 2384.0000 -456.0000 0.0000 0.0000 0.0000 12.500000 37.250000
xslime0
0 656.0000 2384.0000 -456.0000 0.0000 0.0000 0.0000 10.250000 37.250000
0 912.0000 2384.0000 -456.0000 0.0000 0.0000 0.0000 14.250000 37.250000
0 864.0000 2384.0000 -456.0000 0.0000 0.0000 0.0000 13.500000 37.250000
xslime0
0 656.0000 2384.0000 -456.0000 -0.0000 0.0000 1.0000 10.250000 37.250000
0 912.0000 2368.0000 -456.0000 -0.0000 0.0000 1.0000 14.250000 37.000000
0 912.0000 2384.0000 -456.0000 -0.0000 0.0000 1.0000 14.250000 37.250000
xslime0
0 656.0000 2384.0000 -456.0000 0.0000 0.0000 1.0000 10.250000 37.250000
0 912.0000 2336.0000 -456.0000 0.0000 0.0000 1.0000 14.250000 36.500000
0 912.0000 2368.0000 -456.0000 0.0000 0.0000 1.0000 14.250000 37.000000
xslime0
0 656.0000 2384.0000 -456.0000 0.0000 0.0000 1.0000 10.250000 37.250000
0 912.0000 2320.0000 -456.0000 0.0000 0.0000 1.0000 14.250000 36.250000
0 912.0000 2336.0000 -456.0000 0.0000 0.0000 1.0000 14.250000 36.500000
xslime0
0 656.0000 2384.0000 -456.0000 0.0000 0.0000 1.0000 10.250000 37.250000
0 912.0000 2304.0000 -456.0000 0.0000 0.0000 1.0000 14.250000 36.000000
0 912.0000 2320.0000 -456.0000 0.0000 0.0000 1.0000 14.250000 36.250000
xslime0
0 656.0000 2384.0000 -456.0000 0.0000 0.0000 1.0000 10.250000 37.250000
0 672.0000 2304.0000 -456.0000 0.0000 0.0000 1.0000 10.500000 36.000000
0 912.0000 2304.0000 -456.0000 0.0000 0.0000 1.0000 14.250000 36.000000
xslime0
0 656.0000 2384.0000 -456.0000 0.0000 0.0000 1.0000 10.250000 37.250000
0 656.0000 2304.0000 -456.0000 0.0000 0.0000 1.0000 10.250000 36.000000
0 672.0000 2304.0000 -456.0000 0.0000 0.0000 1.0000 10.500000 36.000000
xslime0
0 912.0000 2320.0000 -456.0000 0.0000 0.0000 0.0000 14.250000 36.250000
0 912.0000 2368.0000 -456.0000 0.0000 0.0000 0.0000 14.250000 37.000000
0 912.0000 2336.0000 -456.0000 0.0000 0.0000 0.0000 14.250000 36.500000
xslime0
0 912.0000 2320.0000 -456.0000 0.0000 0.0000 0.0000 14.250000 36.250000
0 912.0000 2384.0000 -456.0000 0.0000 0.0000 0.0000 14.250000 37.250000
0 912.0000 2368.0000 -456.0000 0.0000 0.0000 0.0000 14.250000 37.000000
xslime0
0 912.0000 2320.0000 -456.0000 0.0000 0.0000 -1.0000 14.250000 36.250000
0 864.0000 2384.0000 -456.0000 0.0000 0.0000 -1.0000 13.500000 37.250000
0 912.0000 2384.0000 -456.0000 0.0000 0.0000 -1.0000 14.250000 37.250000
xslime0
0 912.0000 2320.0000 -456.0000 0.0000 0.0000 -1.0000 14.250000 36.250000
0 800.0000 2384.0000 -456.0000 0.0000 0.0000 -1.0000 12.500000 37.250000
0 864.0000 2384.0000 -456.0000 0.0000 0.0000 -1.0000 13.500000 37.250000
xslime0
0 912.0000 2320.0000 -456.0000 0.0000 0.0000 -1.0000 14.250000 36.250000
0 656.0000 2384.0000 -456.0000 0.0000 0.0000 -1.0000 10.250000 37.250000
0 800.0000 2384.0000 -456.0000 0.0000 0.0000 -1.0000 12.500000 37.250000
xslime0
0 912.0000 2320.0000 -456.0000 -0.0000 0.0000 -1.0000 14.250000 36.250000
0 656.0000 2304.0000 -456.0000 -0.0000 0.0000 -1.0000 10.250000 36.000000
0 656.0000 2384.0000 -456.0000 -0.0000 0.0000 -1.0000 10.250000 37.250000
xslime0
0 912.0000 2320.0000 -456.0000 0.0000 0.0000 -1.0000 14.250000 36.250000
0 672.0000 2304.0000 -456.0000 0.0000 0.0000 -1.0000 10.500000 36.000000
0 656.0000 2304.0000 -456.0000 0.0000 0.0000 -1.0000 10.250000 36.000000
xslime0
0 912.0000 2320.0000 -456.0000 0.0000 -0.0000 -1.0000 14.250000 36.250000
0 912.0000 2304.0000 -456.0000 0.0000 -0.0000 -1.0000 14.250000 36.000000
0 672.0000 2304.0000 -456.0000 0.0000 -0.0000 -1.0000 10.500000 36.000000
xslime0
0 768.0000 2416.0000 -456.0000 -0.0000 0.0000 -1.0000 12.000000 37.750000
0 656.0000 2384.0000 -456.0000 -0.0000 0.0000 -1.0000 10.250000 37.250000
0 656.0000 2416.0000 -456.0000 -0.0000 0.0000 -1.0000 10.250000 37.750000
xslime0
0 768.0000 2416.0000 -456.0000 0.0000 -0.0000 -1.0000 12.000000 37.750000
0 800.0000 2384.0000 -456.0000 0.0000 -0.0000 -1.0000 12.500000 37.250000
0 656.0000 2384.0000 -456.0000 0.0000 -0.0000 -1.0000 10.250000 37.250000
xslime0
0 656.0000 2416.0000 -456.0000 -0.0000 0.0000 1.0000 10.250000 37.750000
0 800.0000 2384.0000 -456.0000 -0.0000 0.0000 1.0000 12.500000 37.250000
0 768.0000 2416.0000 -456.0000 -0.0000 0.0000 1.0000 12.000000 37.750000
xslime0
0 656.0000 2416.0000 -456.0000 0.0000 0.0000 1.0000 10.250000 37.750000
0 656.0000 2384.0000 -456.0000 0.0000 0.0000 1.0000 10.250000 37.250000
0 800.0000 2384.0000 -456.0000 0.0000 0.0000 1.0000 12.500000 37.250000
xslime0
0 896.0000 2416.0000 -456.0000 -0.0000 0.0000 1.0000 14.000000 37.750000
0 912.0000 2384.0000 -456.0000 -0.0000 0.0000 1.0000 14.250000 37.250000
0 912.0000 2416.0000 -456.0000 -0.0000 0.0000 1.0000 14.250000 37.750000
xslime0
0 896.0000 2416.0000 -456.0000 0.0000 0.0000 1.0000 14.000000 37.750000
0 864.0000 2384.0000 -456.0000 0.0000 0.0000 1.0000 13.500000 37.250000
0 912.0000 2384.0000 -456.0000 0.0000 0.0000 1.0000 14.250000 37.250000
xslime0
0 912.0000 2416.0000 -456.0000 -0.0000 0.0000 -1.0000 14.250000 37.750000
0 864.0000 2384.0000 -456.0000 -0.0000 0.0000 -1.0000 13.500000 37.250000
0 896.0000 2416.0000 -456.0000 -0.0000 0.0000 -1.0000 14.000000 37.750000
xslime0
0 912.0000 2416.0000 -456.0000 0.0000 -0.0000 -1.0000 14.250000 37.750000
0 912.0000 2384.0000 -456.0000 0.0000 -0.0000 -1.0000 14.250000 37.250000
0 864.0000 2384.0000 -456.0000 0.0000 -0.0000 -1.0000 13.500000 37.250000
xslime0
0 672.0000 2432.0000 -456.0000 -0.0000 0.0000 -1.0000 10.500000 38.000000
0 656.0000 2416.0000 -456.0000 -0.0000 0.0000 -1.0000 10.250000 37.750000
0 656.0000 2432.0000 -456.0000 -0.0000 0.0000 -1.0000 10.250000 38.000000
xslime0
0 672.0000 2432.0000 -456.0000 0.0000 -0.0000 -1.0000 10.500000 38.000000
0 768.0000 2416.0000 -456.0000 0.0000 -0.0000 -1.0000 12.000000 37.750000
0 656.0000 2416.0000 -456.0000 0.0000 -0.0000 -1.0000 10.250000 37.750000
xslime0
0 672.0000 2432.0000 -456.0000 0.0000 0.0000 -1.0000 10.500000 38.000000
0 768.0000 2432.0000 -456.0000 0.0000 0.0000 -1.0000 12.000000 38.000000
0 768.0000 2416.0000 -456.0000 0.0000 0.0000 -1.0000 12.000000 37.750000
xslime0
0 656.0000 2416.0000 -456.0000 0.0000 0.0000 1.0000 10.250000 37.750000
0 672.0000 2432.0000 -456.0000 0.0000 0.0000 1.0000 10.500000 38.000000
0 656.0000 2432.0000 -456.0000 0.0000 0.0000 1.0000 10.250000 38.000000
xslime0
0 656.0000 2416.0000 -456.0000 0.0000 0.0000 1.0000 10.250000 37.750000
0 768.0000 2432.0000 -456.0000 0.0000 0.0000 1.0000 12.000000 38.000000
0 672.0000 2432.0000 -456.0000 0.0000 0.0000 1.0000 10.500000 38.000000
xslime0
0 656.0000 2416.0000 -456.0000 0.0000 0.0000 1.0000 10.250000 37.750000
0 768.0000 2416.0000 -456.0000 0.0000 0.0000 1.0000 12.000000 37.750000
0 768.0000 2432.0000 -456.0000 0.0000 0.0000 1.0000 12.000000 38.000000
xslime0
0 896.0000 2480.0000 -456.0000 0.0000 0.0000 1.0000 14.000000 38.750000
0 912.0000 2416.0000 -456.0000 0.0000 0.0000 1.0000 14.250000 37.750000
0 912.0000 2464.0000 -456.0000 0.0000 0.0000 1.0000 14.250000 38.500000
xslime0
0 896.0000 2480.0000 -456.0000 0.0000 0.0000 1.0000 14.000000 38.750000
0 896.0000 2416.0000 -456.0000 0.0000 0.0000 1.0000 14.000000 37.750000
0 912.0000 2416.0000 -456.0000 0.0000 0.0000 1.0000 14.250000 37.750000
xslime0
0 912.0000 2464.0000 -456.0000 -0.0000 0.0000 -1.0000 14.250000 38.500000
0 896.0000 2416.0000 -456.0000 -0.0000 0.0000 -1.0000 14.000000 37.750000
0 896.0000 2480.0000 -456.0000 -0.0000 0.0000 -1.0000 14.000000 38.750000
xslime0
0 912.0000 2464.0000 -456.0000 0.0000 -0.0000 -1.0000 14.250000 38.500000
0 912.0000 2416.0000 -456.0000 0.0000 -0.0000 -1.0000 14.250000 37.750000
0 896.0000 2416.0000 -456.0000 0.0000 -0.0000 -1.0000 14.000000 37.750000
xslime0
0 768.0000 2480.0000 -456.0000 0.0000 0.0000 -1.0000 12.000000 38.750000
0 672.0000 2496.0000 -456.0000 0.0000 0.0000 -1.0000 10.500000 39.000000
0 768.0000 2496.0000 -456.0000 0.0000 0.0000 -1.0000 12.000000 39.000000
xslime0
0 768.0000 2480.0000 -456.0000 -0.0000 0.0000 -1.0000 12.000000 38.750000
0 672.0000 2432.0000 -456.0000 -0.0000 0.0000 -1.0000 10.500000 38.000000
0 672.0000 2496.0000 -456.0000 -0.0000 0.0000 -1.0000 10.500000 39.000000
xslime0
0 768.0000 2480.0000 -456.0000 0.0000 -0.0000 -1.0000 12.000000 38.750000
0 768.0000 2432.0000 -456.0000 0.0000 -0.0000 -1.0000 12.000000 38.000000
0 672.0000 2432.0000 -456.0000 0.0000 -0.0000 -1.0000 10.500000 38.000000
xslime0
0 672.0000 2496.0000 -456.0000 -0.0000 0.0000 1.0000 10.500000 39.000000
0 768.0000 2480.0000 -456.0000 -0.0000 0.0000 1.0000 12.000000 38.750000
0 768.0000 2496.0000 -456.0000 -0.0000 0.0000 1.0000 12.000000 39.000000
xslime0
0 672.0000 2496.0000 -456.0000 0.0000 0.0000 1.0000 10.500000 39.000000
0 768.0000 2432.0000 -456.0000 0.0000 0.0000 1.0000 12.000000 38.000000
0 768.0000 2480.0000 -456.0000 0.0000 0.0000 1.0000 12.000000 38.750000
xslime0
0 672.0000 2496.0000 -456.0000 0.0000 0.0000 1.0000 10.500000 39.000000
0 672.0000 2432.0000 -456.0000 0.0000 0.0000 1.0000 10.500000 38.000000
0 768.0000 2432.0000 -456.0000 0.0000 0.0000 1.0000 12.000000 38.000000
xslime0
0 768.0000 2496.0000 -456.0000 -0.0000 0.0000 1.0000 12.000000 39.000000
0 768.0000 2480.0000 -456.0000 -0.0000 0.0000 1.0000 12.000000 38.750000
0 784.0000 2496.0000 -456.0000 -0.0000 0.0000 1.0000 12.250000 39.000000
xslime0
0 784.0000 2496.0000 -456.0000 -0.0000 0.0000 -1.0000 12.250000 39.000000
0 768.0000 2480.0000 -456.0000 -0.0000 0.0000 -1.0000 12.000000 38.750000
0 768.0000 2496.0000 -456.0000 -0.0000 0.0000 -1.0000 12.000000 39.000000
xslime0
0 832.0000 2544.0000 -456.0000 0.0000 0.0000 1.0000 13.000000 39.750000
0 800.0000 2512.0000 -456.0000 0.0000 0.0000 1.0000 12.500000 39.250000
0 864.0000 2512.0000 -456.0000 0.0000 0.0000 1.0000 13.500000 39.250000
xslime0
0 832.0000 2544.0000 -456.0000 0.0000 -0.0000 -1.0000 13.000000 39.750000
0 864.0000 2512.0000 -456.0000 0.0000 -0.0000 -1.0000 13.500000 39.250000
0 800.0000 2512.0000 -456.0000 0.0000 -0.0000 -1.0000 12.500000 39.250000
xslime0
0 656.0000 2608.0000 -456.0000 0.0000 0.0000 0.0000 10.250000 40.750000
0 768.0000 2608.0000 -456.0000 0.0000 0.0000 0.0000 12.000000 40.750000
0 712.0000 2608.0000 -456.0000 0.0000 0.0000 0.0000 11.125000 40.750000
xslime0
0 656.0000 2608.0000 -456.0000 -0.0000 0.0000 1.0000 10.250000 40.750000
0 832.0000 2544.0000 -456.0000 -0.0000 0.0000 1.0000 13.000000 39.750000
0 768.0000 2608.0000 -456.0000 -0.0000 0.0000 1.0000 12.000000 40.750000
xslime0
0 656.0000 2608.0000 -456.0000 0.0000 0.0000 1.0000 10.250000 40.750000
0 800.0000 2512.0000 -456.0000 0.0000 0.0000 1.0000 12.500000 39.250000
0 832.0000 2544.0000 -456.0000 0.0000 0.0000 1.0000 13.000000 39.750000
xslime0
0 656.0000 2608.0000 -456.0000 0.0000 0.0000 1.0000 10.250000 40.750000
0 784.0000 2496.0000 -456.0000 0.0000 0.0000 1.0000 12.250000 39.000000
0 800.0000 2512.0000 -456.0000 0.0000 0.0000 1.0000 12.500000 39.250000
xslime0
0 656.0000 2608.0000 -456.0000 0.0000 0.0000 1.0000 10.250000 40.750000
0 768.0000 2496.0000 -456.0000 0.0000 0.0000 1.0000 12.000000 39.000000
0 784.0000 2496.0000 -456.0000 0.0000 0.0000 1.0000 12.250000 39.000000
xslime0
0 656.0000 2608.0000 -456.0000 0.0000 0.0000 1.0000 10.250000 40.750000
0 672.0000 2496.0000 -456.0000 0.0000 0.0000 1.0000 10.500000 39.000000
0 768.0000 2496.0000 -456.0000 0.0000 0.0000 1.0000 12.000000 39.000000
xslime0
0 656.0000 2608.0000 -456.0000 0.0000 0.0000 1.0000 10.250000 40.750000
0 656.0000 2496.0000 -456.0000 0.0000 0.0000 1.0000 10.250000 39.000000
0 672.0000 2496.0000 -456.0000 0.0000 0.0000 1.0000 10.500000 39.000000
xslime0
0 800.0000 2512.0000 -456.0000 0.0000 0.0000 -1.0000 12.500000 39.250000
0 768.0000 2608.0000 -456.0000 0.0000 0.0000 -1.0000 12.000000 40.750000
0 832.0000 2544.0000 -456.0000 0.0000 0.0000 -1.0000 13.000000 39.750000
xslime0
0 800.0000 2512.0000 -456.0000 0.0000 0.0000 -1.0000 12.500000 39.250000
0 712.0000 2608.0000 -456.0000 0.0000 0.0000 -1.0000 11.125000 40.750000
0 768.0000 2608.0000 -456.0000 0.0000 0.0000 -1.0000 12.000000 40.750000
xslime0
0 800.0000 2512.0000 -456.0000 0.0000 0.0000 -1.0000 12.500000 39.250000
0 656.0000 2608.0000 -456.0000 0.0000 0.0000 -1.0000 10.250000 40.750000
0 712.0000 2608.0000 -456.0000 0.0000 0.0000 -1.0000 11.125000 40.750000
xslime0
0 800.0000 2512.0000 -456.0000 -0.0000 0.0000 -1.0000 12.500000 39.250000
0 656.0000 2496.0000 -456.0000 -0.0000 0.0000 -1.0000 10.250000 39.000000
0 656.0000 2608.0000 -456.0000 -0.0000 0.0000 -1.0000 10.250000 40.750000
xslime0
0 800.0000 2512.0000 -456.0000 0.0000 0.0000 -1.0000 12.500000 39.250000
0 672.0000 2496.0000 -456.0000 0.0000 0.0000 -1.0000 10.500000 39.000000
0 656.0000 2496.0000 -456.0000 0.0000 0.0000 -1.0000 10.250000 39.000000
xslime0
0 800.0000 2512.0000 -456.0000 0.0000 0.0000 -1.0000 12.500000 39.250000
0 768.0000 2496.0000 -456.0000 0.0000 0.0000 -1.0000 12.000000 39.000000
0 672.0000 2496.0000 -456.0000 0.0000 0.0000 -1.0000 10.500000 39.000000
xslime0
0 800.0000 2512.0000 -456.0000 0.0000 0.0000 -1.0000 12.500000 39.250000
0 784.0000 2496.0000 -456.0000 0.0000 0.0000 -1.0000 12.250000 39.000000
0 768.0000 2496.0000 -456.0000 0.0000 0.0000 -1.0000 12.000000 39.000000
xslime0
0 896.0000 2480.0000 -456.0000 0.0000 0.0000 0.0000 14.000000 38.750000
0 832.0000 2544.0000 -456.0000 0.0000 0.0000 0.0000 13.000000 39.750000
0 864.0000 2512.0000 -456.0000 0.0000 0.0000 0.0000 13.500000 39.250000
xslime0
0 896.0000 2480.0000 -456.0000 0.0000 0.0000 0.0000 14.000000 38.750000
0 768.0000 2608.0000 -456.0000 0.0000 0.0000 0.0000 12.000000 40.750000
0 832.0000 2544.0000 -456.0000 0.0000 0.0000 0.0000 13.000000 39.750000
xslime0
0 896.0000 2480.0000 -456.0000 0.0000 0.0000 1.0000 14.000000 38.750000
0 776.0000 2608.0000 -456.0000 0.0000 0.0000 1.0000 12.125000 40.750000
0 768.0000 2608.0000 -456.0000 0.0000 0.0000 1.0000 12.000000 40.750000
xslime0
0 896.0000 2480.0000 -456.0000 0.0000 -0.0000 1.0000 14.000000 38.750000
0 896.0000 2608.0000 -456.0000 0.0000 -0.0000 1.0000 14.000000 40.750000
0 776.0000 2608.0000 -456.0000 0.0000 -0.0000 1.0000 12.125000 40.750000
xslime0
0 896.0000 2480.0000 -456.0000 0.0000 0.0000 1.0000 14.000000 38.750000
0 912.0000 2608.0000 -456.0000 0.0000 0.0000 1.0000 14.250000 40.750000
0 896.0000 2608.0000 -456.0000 0.0000 0.0000 1.0000 14.000000 40.750000
xslime0
0 896.0000 2480.0000 -456.0000 -0.0000 0.0000 1.0000 14.000000 38.750000
0 912.0000 2464.0000 -456.0000 -0.0000 0.0000 1.0000 14.250000 38.500000
0 912.0000 2608.0000 -456.0000 -0.0000 0.0000 1.0000 14.250000 40.750000
xslime0
0 912.0000 2608.0000 -456.0000 0.0000 0.0000 0.0000 14.250000 40.750000
0 776.0000 2608.0000 -456.0000 0.0000 0.0000 0.0000 12.125000 40.750000
0 896.0000 2608.0000 -456.0000 0.0000 0.0000 0.0000 14.000000 40.750000
xslime0
0 912.0000 2608.0000 -456.0000 0.0000 0.0000 0.0000 14.250000 40.750000
0 768.0000 2608.0000 -456.0000 0.0000 0.0000 0.0000 12.000000 40.750000
0 776.0000 2608.0000 -456.0000 0.0000 0.0000 0.0000 12.125000 40.750000
xslime0
0 912.0000 2608.0000 -456.0000 -0.0000 0.0000 -1.0000 14.250000 40.750000
0 832.0000 2544.0000 -456.0000 -0.0000 0.0000 -1.0000 13.000000 39.750000
0 768.0000 2608.0000 -456.0000 -0.0000 0.0000 -1.0000 12.000000 40.750000
xslime0
0 912.0000 2608.0000 -456.0000 0.0000 0.0000 -1.0000 14.250000 40.750000
0 864.0000 2512.0000 -456.0000 0.0000 0.0000 -1.0000 13.500000 39.250000
0 832.0000 2544.0000 -456.0000 0.0000 0.0000 -1.0000 13.000000 39.750000
xslime0
0 912.0000 2608.0000 -456.0000 0.0000 0.0000 -1.0000 14.250000 40.750000
0 896.0000 2480.0000 -456.0000 0.0000 0.0000 -1.0000 14.000000 38.750000
0 864.0000 2512.0000 -456.0000 0.0000 0.0000 -1.0000 13.500000 39.250000
xslime0
0 912.0000 2608.0000 -456.0000 0.0000 -0.0000 -1.0000 14.250000 40.750000
0 912.0000 2464.0000 -456.0000 0.0000 -0.0000 -1.0000 14.250000 38.500000
0 896.0000 2480.0000 -456.0000 0.0000 -0.0000 -1.0000 14.000000 38.750000
xslime0
0 656.0000 2608.0000 -456.0000 0.0000 0.0000 1.0000 10.250000 40.750000
0 712.0000 2624.0000 -456.0000 0.0000 0.0000 1.0000 11.125000 41.000000
0 656.0000 2624.0000 -456.0000 0.0000 0.0000 1.0000 10.250000 41.000000
xslime0
0 656.0000 2608.0000 -456.0000 0.0000 0.0000 1.0000 10.250000 40.750000
0 712.0000 2608.0000 -456.0000 0.0000 0.0000 1.0000 11.125000 40.750000
0 712.0000 2624.0000 -456.0000 0.0000 0.0000 1.0000 11.125000 41.000000
xslime0
0 656.0000 2624.0000 -456.0000 0.0000 0.0000 -1.0000 10.250000 41.000000
0 712.0000 2608.0000 -456.0000 0.0000 0.0000 -1.0000 11.125000 40.750000
0 656.0000 2608.0000 -456.0000 0.0000 0.0000 -1.0000 10.250000 40.750000
xslime0
0 656.0000 2624.0000 -456.0000 0.0000 0.0000 -1.0000 10.250000 41.000000
0 712.0000 2624.0000 -456.0000 0.0000 0.0000 -1.0000 11.125000 41.000000
0 712.0000 2608.0000 -456.0000 0.0000 0.0000 -1.0000 11.125000 40.750000
xslime0
0 776.0000 2624.0000 -456.0000 -0.0000 0.0000 1.0000 12.125000 41.000000
0 896.0000 2608.0000 -456.0000 -0.0000 0.0000 1.0000 14.000000 40.750000
0 896.0000 2624.0000 -456.0000 -0.0000 0.0000 1.0000 14.000000 41.000000
xslime0
0 776.0000 2624.0000 -456.0000 0.0000 0.0000 1.0000 12.125000 41.000000
0 776.0000 2608.0000 -456.0000 0.0000 0.0000 1.0000 12.125000 40.750000
0 896.0000 2608.0000 -456.0000 0.0000 0.0000 1.0000 14.000000 40.750000
xslime0
0 776.0000 2608.0000 -456.0000 0.0000 0.0000 -1.0000 12.125000 40.750000
0 896.0000 2624.0000 -456.0000 0.0000 0.0000 -1.0000 14.000000 41.000000
0 896.0000 2608.0000 -456.0000 0.0000 0.0000 -1.0000 14.000000 40.750000
xslime0
0 776.0000 2608.0000 -456.0000 0.0000 0.0000 -1.0000 12.125000 40.750000
0 776.0000 2624.0000 -456.0000 0.0000 0.0000 -1.0000 12.125000 41.000000
0 896.0000 2624.0000 -456.0000 0.0000 0.0000 -1.0000 14.000000 41.000000
xslime0
0 960.0000 2320.0000 -456.0000 0.0000 0.0000 0.0000 15.000000 36.250000
0 912.0000 2320.0000 -456.0000 0.0000 0.0000 0.0000 14.250000 36.250000
0 928.0000 2320.0000 -456.0000 0.0000 0.0000 0.0000 14.500000 36.250000
xslime0
0 960.0000 2320.0000 -456.0000 -0.0000 0.0000 -1.0000 15.000000 36.250000
0 912.0000 2304.0000 -456.0000 -0.0000 0.0000 -1.0000 14.250000 36.000000
0 912.0000 2320.0000 -456.0000 -0.0000 0.0000 -1.0000 14.250000 36.250000
xslime0
0 960.0000 2320.0000 -456.0000 0.0000 -0.0000 -1.0000 15.000000 36.250000
0 960.0000 2304.0000 -456.0000 0.0000 -0.0000 -1.0000 15.000000 36.000000
0 912.0000 2304.0000 -456.0000 0.0000 -0.0000 -1.0000 14.250000 36.000000
xslime0
0 960.0000 2320.0000 -456.0000 0.0000 0.0000 -1.0000 15.000000 36.250000
0 976.0000 2304.0000 -456.0000 0.0000 0.0000 -1.0000 15.250000 36.000000
0 960.0000 2304.0000 -456.0000 0.0000 0.0000 -1.0000 15.000000 36.000000
xslime0
0 960.0000 2320.0000 -456.0000 0.0000 0.0000 -1.0000 15.000000 36.250000
0 992.0000 2320.0000 -456.0000 0.0000 0.0000 -1.0000 15.500000 36.250000
0 976.0000 2304.0000 -456.0000 0.0000 0.0000 -1.0000 15.250000 36.000000
xslime0
0 960.0000 2304.0000 -456.0000 0.0000 0.0000 1.0000 15.000000 36.000000
0 912.0000 2320.0000 -456.0000 0.0000 0.0000 1.0000 14.250000 36.250000
0 912.0000 2304.0000 -456.0000 0.0000 0.0000 1.0000 14.250000 36.000000
xslime0
0 960.0000 2304.0000 -456.0000 0.0000 0.0000 1.0000 15.000000 36.000000
0 928.0000 2320.0000 -456.0000 0.0000 0.0000 1.0000 14.500000 36.250000
0 912.0000 2320.0000 -456.0000 0.0000 0.0000 1.0000 14.250000 36.250000
xslime0
0 960.0000 2304.0000 -456.0000 0.0000 -0.0000 1.0000 15.000000 36.000000
0 960.0000 2320.0000 -456.0000 0.0000 -0.0000 1.0000 15.000000 36.250000
0 928.0000 2320.0000 -456.0000 0.0000 -0.0000 1.0000 14.500000 36.250000
xslime0
0 960.0000 2304.0000 -456.0000 0.0000 0.0000 1.0000 15.000000 36.000000
0 992.0000 2320.0000 -456.0000 0.0000 0.0000 1.0000 15.500000 36.250000
0 960.0000 2320.0000 -456.0000 0.0000 0.0000 1.0000 15.000000 36.250000
xslime0
0 960.0000 2304.0000 -456.0000 0.0000 0.0000 1.0000 15.000000 36.000000
0 976.0000 2304.0000 -456.0000 0.0000 0.0000 1.0000 15.250000 36.000000
0 992.0000 2320.0000 -456.0000 0.0000 0.0000 1.0000 15.500000 36.250000
xslime0
0 976.0000 2176.0000 -456.0000 0.0000 0.0000 1.0000 15.250000 34.000000
0 960.0000 2240.0000 -456.0000 0.0000 0.0000 1.0000 15.000000 35.000000
0 960.0000 2176.0000 -456.0000 0.0000 0.0000 1.0000 15.000000 34.000000
xslime0
0 976.0000 2176.0000 -456.0000 0.0000 0.0000 1.0000 15.250000 34.000000
0 960.0000 2304.0000 -456.0000 0.0000 0.0000 1.0000 15.000000 36.000000
0 960.0000 2240.0000 -456.0000 0.0000 0.0000 1.0000 15.000000 35.000000
xslime0
0 976.0000 2176.0000 -456.0000 0.0000 -0.0000 1.0000 15.250000 34.000000
0 976.0000 2304.0000 -456.0000 0.0000 -0.0000 1.0000 15.250000 36.000000
0 960.0000 2304.0000 -456.0000 0.0000 -0.0000 1.0000 15.000000 36.000000
xslime0
0 960.0000 2240.0000 -456.0000 0.0000 0.0000 -1.0000 15.000000 35.000000
0 976.0000 2176.0000 -456.0000 0.0000 0.0000 -1.0000 15.250000 34.000000
0 960.0000 2176.0000 -456.0000 0.0000 0.0000 -1.0000 15.000000 34.000000
xslime0
0 960.0000 2240.0000 -456.0000 0.0000 0.0000 -1.0000 15.000000 35.000000
0 976.0000 2304.0000 -456.0000 0.0000 0.0000 -1.0000 15.250000 36.000000
0 976.0000 2176.0000 -456.0000 0.0000 0.0000 -1.0000 15.250000 34.000000
xslime0
0 960.0000 2240.0000 -456.0000 0.0000 0.0000 -1.0000 15.000000 35.000000
0 960.0000 2304.0000 -456.0000 0.0000 0.0000 -1.0000 15.000000 36.000000
0 976.0000 2304.0000 -456.0000 0.0000 0.0000 -1.0000 15.250000 36.000000
xslime0
0 672.0000 2240.0000 -456.0000 -0.0000 0.0000 1.0000 10.500000 35.000000
0 960.0000 2176.0000 -456.0000 -0.0000 0.0000 1.0000 15.000000 34.000000
0 960.0000 2240.0000 -456.0000 -0.0000 0.0000 1.0000 15.000000 35.000000
xslime0
0 672.0000 2240.0000 -456.0000 0.0000 0.0000 1.0000 10.500000 35.000000
0 944.0000 2176.0000 -456.0000 0.0000 0.0000 1.0000 14.750000 34.000000
0 960.0000 2176.0000 -456.0000 0.0000 0.0000 1.0000 15.000000 34.000000
xslime0
0 672.0000 2240.0000 -456.0000 0.0000 0.0000 1.0000 10.500000 35.000000
0 736.0000 2176.0000 -456.0000 0.0000 0.0000 1.0000 11.500000 34.000000
0 944.0000 2176.0000 -456.0000 0.0000 0.0000 1.0000 14.750000 34.000000
xslime0
0 672.0000 2240.0000 -456.0000 0.0000 0.0000 1.0000 10.500000 35.000000
0 672.0000 2176.0000 -456.0000 0.0000 0.0000 1.0000 10.500000 34.000000
0 736.0000 2176.0000 -456.0000 0.0000 0.0000 1.0000 11.500000 34.000000
xslime0
0 672.0000 2240.0000 -456.0000 0.0000 0.0000 1.0000 10.500000 35.000000
0 656.0000 2176.0000 -456.0000 0.0000 0.0000 1.0000 10.250000 34.000000
0 672.0000 2176.0000 -456.0000 0.0000 0.0000 1.0000 10.500000 34.000000
xslime0
0 672.0000 2240.0000 -456.0000 0.0000 0.0000 1.0000 10.500000 35.000000
0 656.0000 2240.0000 -456.0000 0.0000 0.0000 1.0000 10.250000 35.000000
0 656.0000 2176.0000 -456.0000 0.0000 0.0000 1.0000 10.250000 34.000000
xslime0
0 672.0000 2176.0000 -456.0000 0.0000 0.0000 0.0000 10.500000 34.000000
0 944.0000 2176.0000 -456.0000 0.0000 0.0000 0.0000 14.750000 34.000000
0 736.0000 2176.0000 -456.0000 0.0000 0.0000 0.0000 11.500000 34.000000
xslime0
0 672.0000 2176.0000 -456.0000 0.0000 0.0000 0.0000 10.500000 34.000000
0 960.0000 2176.0000 -456.0000 0.0000 0.0000 0.0000 15.000000 34.000000
0 944.0000 2176.0000 -456.0000 0.0000 0.0000 0.0000 14.750000 34.000000
xslime0
0 672.0000 2176.0000 -456.0000 0.0000 0.0000 -1.0000 10.500000 34.000000
0 960.0000 2240.0000 -456.0000 0.0000 0.0000 -1.0000 15.000000 35.000000
0 960.0000 2176.0000 -456.0000 0.0000 0.0000 -1.0000 15.000000 34.000000
xslime0
0 672.0000 2176.0000 -456.0000 0.0000 0.0000 -1.0000 10.500000 34.000000
0 672.0000 2240.0000 -456.0000 0.0000 0.0000 -1.0000 10.500000 35.000000
0 960.0000 2240.0000 -456.0000 0.0000 0.0000 -1.0000 15.000000 35.000000
xslime0
0 672.0000 2176.0000 -456.0000 0.0000 0.0000 -1.0000 10.500000 34.000000
0 656.0000 2240.0000 -456.0000 0.0000 0.0000 -1.0000 10.250000 35.000000
0 672.0000 2240.0000 -456.0000 0.0000 0.0000 -1.0000 10.500000 35.000000
xslime0
0 672.0000 2176.0000 -456.0000 0.0000 0.0000 -1.0000 10.500000 34.000000
0 656.0000 2176.0000 -456.0000 0.0000 0.0000 -1.0000 10.250000 34.000000
0 656.0000 2240.0000 -456.0000 0.0000 0.0000 -1.0000 10.250000 35.000000
xslime0
0 912.0000 2304.0000 -456.0000 -0.0000 0.0000 1.0000 14.250000 36.000000
0 960.0000 2240.0000 -456.0000 -0.0000 0.0000 1.0000 15.000000 35.000000
0 960.0000 2304.0000 -456.0000 -0.0000 0.0000 1.0000 15.000000 36.000000
xslime0
0 912.0000 2304.0000 -456.0000 0.0000 0.0000 1.0000 14.250000 36.000000
0 672.0000 2240.0000 -456.0000 0.0000 0.0000 1.0000 10.500000 35.000000
0 960.0000 2240.0000 -456.0000 0.0000 0.0000 1.0000 15.000000 35.000000
xslime0
0 912.0000 2304.0000 -456.0000 0.0000 0.0000 1.0000 14.250000 36.000000
0 672.0000 2304.0000 -456.0000 0.0000 0.0000 1.0000 10.500000 36.000000
0 672.0000 2240.0000 -456.0000 0.0000 0.0000 1.0000 10.500000 35.000000
xslime0
0 960.0000 2240.0000 -456.0000 0.0000 0.0000 -1.0000 15.000000 35.000000
0 912.0000 2304.0000 -456.0000 0.0000 0.0000 -1.0000 14.250000 36.000000
0 960.0000 2304.0000 -456.0000 0.0000 0.0000 -1.0000 15.000000 36.000000
xslime0
0 960.0000 2240.0000 -456.0000 0.0000 0.0000 -1.0000 15.000000 35.000000
0 672.0000 2304.0000 -456.0000 0.0000 0.0000 -1.0000 10.500000 36.000000
0 912.0000 2304.0000 -456.0000 0.0000 0.0000 -1.0000 14.250000 36.000000
xslime0
0 960.0000 2240.0000 -456.0000 0.0000 0.0000 -1.0000 15.000000 35.000000
0 672.0000 2240.0000 -456.0000 0.0000 0.0000 -1.0000 10.500000 35.000000
0 672.0000 2304.0000 -456.0000 0.0000 0.0000 -1.0000 10.500000 36.000000
xslime0
0 928.0000 2320.0000 -456.0000 0.0000 0.0000 -1.0000 14.500000 36.250000
0 912.0000 2320.0000 -456.0000 0.0000 0.0000 -1.0000 14.250000 36.250000
0 912.0000 2336.0000 -456.0000 0.0000 0.0000 -1.0000 14.250000 36.500000
xslime0
0 912.0000 2336.0000 -456.0000 0.0000 0.0000 1.0000 14.250000 36.500000
0 912.0000 2320.0000 -456.0000 0.0000 0.0000 1.0000 14.250000 36.250000
0 928.0000 2320.0000 -456.0000 0.0000 0.0000 1.0000 14.500000 36.250000
xslime0
0 1008.0000 2336.0000 -456.0000 0.0000 0.0000 0.0000 15.750000 36.500000
0 976.0000 2304.0000 -456.0000 0.0000 0.0000 0.0000 15.250000 36.000000
0 992.0000 2320.0000 -456.0000 0.0000 0.0000 0.0000 15.500000 36.250000
xslime0
0 1008.0000 2336.0000 -456.0000 0.0000 0.0000 -1.0000 15.750000 36.500000
0 976.0000 2176.0000 -456.0000 0.0000 0.0000 -1.0000 15.250000 34.000000
0 976.0000 2304.0000 -456.0000 0.0000 0.0000 -1.0000 15.250000 36.000000
xslime0
0 1008.0000 2336.0000 -456.0000 0.0000 0.0000 -1.0000 15.750000 36.500000
0 992.0000 2176.0000 -456.0000 0.0000 0.0000 -1.0000 15.500000 34.000000
0 976.0000 2176.0000 -456.0000 0.0000 0.0000 -1.0000 15.250000 34.000000
xslime0
0 1008.0000 2336.0000 -456.0000 0.0000 -0.0000 -1.0000 15.750000 36.500000
0 1008.0000 2176.0000 -456.0000 0.0000 -0.0000 -1.0000 15.750000 34.000000
0 992.0000 2176.0000 -456.0000 0.0000 -0.0000 -1.0000 15.500000 34.000000
xslime0
0 992.0000 2320.0000 -456.0000 -0.0000 0.0000 1.0000 15.500000 36.250000
0 1008.0000 2176.0000 -456.0000 -0.0000 0.0000 1.0000 15.750000 34.000000
0 1008.0000 2336.0000 -456.0000 -0.0000 0.0000 1.0000 15.750000 36.500000
xslime0
0 992.0000 2320.0000 -456.0000 0.0000 0.0000 1.0000 15.500000 36.250000
0 992.0000 2176.0000 -456.0000 0.0000 0.0000 1.0000 15.500000 34.000000
0 1008.0000 2176.0000 -456.0000 0.0000 0.0000 1.0000 15.750000 34.000000
xslime0
0 992.0000 2320.0000 -456.0000 0.0000 0.0000 1.0000 15.500000 36.250000
0 976.0000 2176.0000 -456.0000 0.0000 0.0000 1.0000 15.250000 34.000000
0 992.0000 2176.0000 -456.0000 0.0000 0.0000 1.0000 15.500000 34.000000
xslime0
0 992.0000 2320.0000 -456.0000 0.0000 0.0000 1.0000 15.500000 36.250000
0 976.0000 2304.0000 -456.0000 0.0000 0.0000 1.0000 15.250000 36.000000
0 976.0000 2176.0000 -456.0000 0.0000 0.0000 1.0000 15.250000 34.000000
xslime0
0 1168.0000 2368.0000 -456.0000 0.0000 0.0000 1.0000 18.250000 37.000000
0 1088.0000 2176.0000 -456.0000 0.0000 0.0000 1.0000 17.000000 34.000000
0 1168.0000 2176.0000 -456.0000 0.0000 0.0000 1.0000 18.250000 34.000000
xslime0
0 1168.0000 2368.0000 -456.0000 0.0000 0.0000 1.0000 18.250000 37.000000
0 1056.0000 2176.0000 -456.0000 0.0000 0.0000 1.0000 16.500000 34.000000
0 1088.0000 2176.0000 -456.0000 0.0000 0.0000 1.0000 17.000000 34.000000
xslime0
0 1168.0000 2368.0000 -456.0000 0.0000 0.0000 1.0000 18.250000 37.000000
0 1024.0000 2176.0000 -456.0000 0.0000 0.0000 1.0000 16.000000 34.000000
0 1056.0000 2176.0000 -456.0000 0.0000 0.0000 1.0000 16.500000 34.000000
xslime0
0 1168.0000 2368.0000 -456.0000 0.0000 0.0000 1.0000 18.250000 37.000000
0 1008.0000 2176.0000 -456.0000 0.0000 0.0000 1.0000 15.750000 34.000000
0 1024.0000 2176.0000 -456.0000 0.0000 0.0000 1.0000 16.000000 34.000000
xslime0
0 1168.0000 2368.0000 -456.0000 0.0000 0.0000 1.0000 18.250000 37.000000
0 1008.0000 2336.0000 -456.0000 0.0000 0.0000 1.0000 15.750000 36.500000
0 1008.0000 2176.0000 -456.0000 0.0000 0.0000 1.0000 15.750000 34.000000
xslime0
0 1168.0000 2368.0000 -456.0000 0.0000 0.0000 1.0000 18.250000 37.000000
0 1008.0000 2368.0000 -456.0000 0.0000 0.0000 1.0000 15.750000 37.000000
0 1008.0000 2336.0000 -456.0000 0.0000 0.0000 1.0000 15.750000 36.500000
xslime0
0 1024.0000 2176.0000 -456.0000 0.0000 0.0000 0.0000 16.000000 34.000000
0 1088.0000 2176.0000 -456.0000 0.0000 0.0000 0.0000 17.000000 34.000000
0 1056.0000 2176.0000 -456.0000 0.0000 0.0000 0.0000 16.500000 34.000000
xslime0
0 1024.0000 2176.0000 -456.0000 0.0000 0.0000 0.0000 16.000000 34.000000
0 1168.0000 2176.0000 -456.0000 0.0000 0.0000 0.0000 18.250000 34.000000
0 1088.0000 2176.0000 -456.0000 0.0000 0.0000 0.0000 17.000000 34.000000
xslime0
0 1024.0000 2176.0000 -456.0000 0.0000 0.0000 -1.0000 16.000000 34.000000
0 1168.0000 2368.0000 -456.0000 0.0000 0.0000 -1.0000 18.250000 37.000000
0 1168.0000 2176.0000 -456.0000 0.0000 0.0000 -1.0000 18.250000 34.000000
xslime0
0 1024.0000 2176.0000 -456.0000 0.0000 0.0000 -1.0000 16.000000 34.000000
0 1008.0000 2368.0000 -456.0000 0.0000 0.0000 -1.0000 15.750000 37.000000
0 1168.0000 2368.0000 -456.0000 0.0000 0.0000 -1.0000 18.250000 37.000000
xslime0
0 1024.0000 2176.0000 -456.0000 0.0000 0.0000 -1.0000 16.000000 34.000000
0 1008.0000 2336.0000 -456.0000 0.0000 0.0000 -1.0000 15.750000 36.500000
0 1008.0000 2368.0000 -456.0000 0.0000 0.0000 -1.0000 15.750000 37.000000
xslime0
0 1024.0000 2176.0000 -456.0000 0.0000 0.0000 -1.0000 16.000000 34.000000
0 1008.0000 2176.0000 -456.0000 0.0000 0.0000 -1.0000 15.750000 34.000000
0 1008.0000 2336.0000 -456.0000 0.0000 0.0000 -1.0000 15.750000 36.500000
xslime0
0 928.0000 2384.0000 -456.0000 0.0000 0.0000 1.0000 14.500000 37.250000
0 992.0000 2384.0000 -456.0000 0.0000 0.0000 1.0000 15.500000 37.250000
0 960.0000 2416.0000 -456.0000 0.0000 0.0000 1.0000 15.000000 37.750000
xslime0
0 960.0000 2416.0000 -456.0000 0.0000 -0.0000 -1.0000 15.000000 37.750000
0 992.0000 2384.0000 -456.0000 0.0000 -0.0000 -1.0000 15.500000 37.250000
0 928.0000 2384.0000 -456.0000 0.0000 -0.0000 -1.0000 14.500000 37.250000
xslime0
0 992.0000 2384.0000 -456.0000 0.0000 0.0000 1.0000 15.500000 37.250000
0 960.0000 2544.0000 -456.0000 0.0000 0.0000 1.0000 15.000000 39.750000
0 960.0000 2416.0000 -456.0000 0.0000 0.0000 1.0000 15.000000 37.750000
xslime0
0 992.0000 2384.0000 -456.0000 0.0000 -0.0000 1.0000 15.500000 37.250000
0 1088.0000 2544.0000 -456.0000 0.0000 -0.0000 1.0000 17.000000 39.750000
0 960.0000 2544.0000 -456.0000 0.0000 -0.0000 1.0000 15.000000 39.750000
xslime0
0 992.0000 2384.0000 -456.0000 0.0000 0.0000 1.0000 15.500000 37.250000
0 1168.0000 2544.0000 -456.0000 0.0000 0.0000 1.0000 18.250000 39.750000
0 1088.0000 2544.0000 -456.0000 0.0000 0.0000 1.0000 17.000000 39.750000
xslime0
0 992.0000 2384.0000 -456.0000 0.0000 0.0000 1.0000 15.500000 37.250000
0 1168.0000 2480.0000 -456.0000 0.0000 0.0000 1.0000 18.250000 38.750000
0 1168.0000 2544.0000 -456.0000 0.0000 0.0000 1.0000 18.250000 39.750000
xslime0
0 992.0000 2384.0000 -456.0000 0.0000 0.0000 1.0000 15.500000 37.250000
0 1168.0000 2416.0000 -456.0000 0.0000 0.0000 1.0000 18.250000 37.750000
0 1168.0000 2480.0000 -456.0000 0.0000 0.0000 1.0000 18.250000 38.750000
xslime0
0 992.0000 2384.0000 -456.0000 0.0000 0.0000 1.0000 15.500000 37.250000
0 1168.0000 2384.0000 -456.0000 0.0000 0.0000 1.0000 18.250000 37.250000
0 1168.0000 2416.0000 -456.0000 0.0000 0.0000 1.0000 18.250000 37.750000
xslime0
0 992.0000 2384.0000 -456.0000 -0.0000 0.0000 1.0000 15.500000 37.250000
0 1168.0000 2368.0000 -456.0000 -0.0000 0.0000 1.0000 18.250000 37.000000
0 1168.0000 2384.0000 -456.0000 -0.0000 0.0000 1.0000 18.250000 37.250000
xslime0
0 992.0000 2384.0000 -456.0000 0.0000 0.0000 1.0000 15.500000 37.250000
0 1008.0000 2368.0000 -456.0000 0.0000 0.0000 1.0000 15.750000 37.000000
0 1168.0000 2368.0000 -456.0000 0.0000 0.0000 1.0000 18.250000 37.000000
xslime0
0 1168.0000 2384.0000 -456.0000 0.0000 0.0000 0.0000 18.250000 37.250000
0 1168.0000 2480.0000 -456.0000 0.0000 0.0000 0.0000 18.250000 38.750000
0 1168.0000 2416.0000 -456.0000 0.0000 0.0000 0.0000 18.250000 37.750000
xslime0
0 1168.0000 2384.0000 -456.0000 0.0000 0.0000 0.0000 18.250000 37.250000
0 1168.0000 2544.0000 -456.0000 0.0000 0.0000 0.0000 18.250000 39.750000
0 1168.0000 2480.0000 -456.0000 0.0000 0.0000 0.0000 18.250000 38.750000
xslime0
0 1168.0000 2384.0000 -456.0000 0.0000 0.0000 -1.0000 18.250000 37.250000
0 1088.0000 2544.0000 -456.0000 0.0000 0.0000 -1.0000 17.000000 39.750000
0 1168.0000 2544.0000 -456.0000 0.0000 0.0000 -1.0000 18.250000 39.750000
xslime0
0 1168.0000 2384.0000 -456.0000 0.0000 0.0000 -1.0000 18.250000 37.250000
0 960.0000 2544.0000 -456.0000 0.0000 0.0000 -1.0000 15.000000 39.750000
0 1088.0000 2544.0000 -456.0000 0.0000 0.0000 -1.0000 17.000000 39.750000
xslime0
0 1168.0000 2384.0000 -456.0000 0.0000 0.0000 -1.0000 18.250000 37.250000
0 960.0000 2416.0000 -456.0000 0.0000 0.0000 -1.0000 15.000000 37.750000
0 960.0000 2544.0000 -456.0000 0.0000 0.0000 -1.0000 15.000000 39.750000
xslime0
0 1168.0000 2384.0000 -456.0000 0.0000 0.0000 -1.0000 18.250000 37.250000
0 992.0000 2384.0000 -456.0000 0.0000 0.0000 -1.0000 15.500000 37.250000
0 960.0000 2416.0000 -456.0000 0.0000 0.0000 -1.0000 15.000000 37.750000
xslime0
0 1168.0000 2384.0000 -456.0000 -0.0000 0.0000 -1.0000 18.250000 37.250000
0 1008.0000 2368.0000 -456.0000 -0.0000 0.0000 -1.0000 15.750000 37.000000
0 992.0000 2384.0000 -456.0000 -0.0000 0.0000 -1.0000 15.500000 37.250000
xslime0
0 1168.0000 2384.0000 -456.0000 0.0000 -0.0000 -1.0000 18.250000 37.250000
0 1168.0000 2368.0000 -456.0000 0.0000 -0.0000 -1.0000 18.250000 37.000000
0 1008.0000 2368.0000 -456.0000 0.0000 -0.0000 -1.0000 15.750000 37.000000
xslime0
0 1264.0000 2384.0000 -456.0000 0.0000 0.0000 0.0000 19.750000 37.250000
0 1168.0000 2384.0000 -456.0000 0.0000 0.0000 0.0000 18.250000 37.250000
0 1200.0000 2384.0000 -456.0000 0.0000 0.0000 0.0000 18.750000 37.250000
xslime0
0 1264.0000 2384.0000 -456.0000 -0.0000 0.0000 -1.0000 19.750000 37.250000
0 1168.0000 2368.0000 -456.0000 -0.0000 0.0000 -1.0000 18.250000 37.000000
0 1168.0000 2384.0000 -456.0000 -0.0000 0.0000 -1.0000 18.250000 37.250000
xslime0
0 1264.0000 2384.0000 -456.0000 0.0000 0.0000 -1.0000 19.750000 37.250000
0 1168.0000 2176.0000 -456.0000 0.0000 0.0000 -1.0000 18.250000 34.000000
0 1168.0000 2368.0000 -456.0000 0.0000 0.0000 -1.0000 18.250000 37.000000
xslime0
0 1264.0000 2384.0000 -456.0000 0.0000 0.0000 -1.0000 19.750000 37.250000
0 1184.0000 2176.0000 -456.0000 0.0000 0.0000 -1.0000 18.500000 34.000000
0 1168.0000 2176.0000 -456.0000 0.0000 0.0000 -1.0000 18.250000 34.000000
xslime0
0 1264.0000 2384.0000 -456.0000 0.0000 -0.0000 -1.0000 19.750000 37.250000
0 1280.0000 2176.0000 -456.0000 0.0000 -0.0000 -1.0000 20.000000 34.000000
0 1184.0000 2176.0000 -456.0000 0.0000 -0.0000 -1.0000 18.500000 34.000000
xslime0
0 1264.0000 2384.0000 -456.0000 0.0000 0.0000 -1.0000 19.750000 37.250000
0 1280.0000 2240.0000 -456.0000 0.0000 0.0000 -1.0000 20.000000 35.000000
0 1280.0000 2176.0000 -456.0000 0.0000 0.0000 -1.0000 20.000000 34.000000
xslime0
0 1264.0000 2384.0000 -456.0000 0.0000 0.0000 -1.0000 19.750000 37.250000
0 1280.0000 2304.0000 -456.0000 0.0000 0.0000 -1.0000 20.000000 36.000000
0 1280.0000 2240.0000 -456.0000 0.0000 0.0000 -1.0000 20.000000 35.000000
xslime0
0 1264.0000 2384.0000 -456.0000 0.0000 0.0000 -1.0000 19.750000 37.250000
0 1280.0000 2384.0000 -456.0000 0.0000 0.0000 -1.0000 20.000000 37.250000
0 1280.0000 2304.0000 -456.0000 0.0000 0.0000 -1.0000 20.000000 36.000000
xslime0
0 1168.0000 2368.0000 -456.0000 0.0000 0.0000 1.0000 18.250000 37.000000
0 1200.0000 2384.0000 -456.0000 0.0000 0.0000 1.0000 18.750000 37.250000
0 1168.0000 2384.0000 -456.0000 0.0000 0.0000 1.0000 18.250000 37.250000
xslime0
0 1168.0000 2368.0000 -456.0000 0.0000 0.0000 1.0000 18.250000 37.000000
0 1264.0000 2384.0000 -456.0000 0.0000 0.0000 1.0000 19.750000 37.250000
0 1200.0000 2384.0000 -456.0000 0.0000 0.0000 1.0000 18.750000 37.250000
xslime0
0 1168.0000 2368.0000 -456.0000 0.0000 0.0000 1.0000 18.250000 37.000000
0 1280.0000 2384.0000 -456.0000 0.0000 0.0000 1.0000 20.000000 37.250000
0 1264.0000 2384.0000 -456.0000 0.0000 0.0000 1.0000 19.750000 37.250000
xslime0
0 1168.0000 2368.0000 -456.0000 -0.0000 0.0000 1.0000 18.250000 37.000000
0 1280.0000 2304.0000 -456.0000 -0.0000 0.0000 1.0000 20.000000 36.000000
0 1280.0000 2384.0000 -456.0000 -0.0000 0.0000 1.0000 20.000000 37.250000
xslime0
0 1168.0000 2368.0000 -456.0000 0.0000 0.0000 1.0000 18.250000 37.000000
0 1280.0000 2240.0000 -456.0000 0.0000 0.0000 1.0000 20.000000 35.000000
0 1280.0000 2304.0000 -456.0000 0.0000 0.0000 1.0000 20.000000 36.000000
xslime0
0 1168.0000 2368.0000 -456.0000 0.0000 0.0000 1.0000 18.250000 37.000000
0 1280.0000 2176.0000 -456.0000 0.0000 0.0000 1.0000 20.000000 34.000000
0 1280.0000 2240.0000 -456.0000 0.0000 0.0000 1.0000 20.000000 35.000000
xslime0
0 1168.0000 2368.0000 -456.0000 0.0000 0.0000 1.0000 18.250000 37.000000
0 1184.0000 2176.0000 -456.0000 0.0000 0.0000 1.0000 18.500000 34.000000
0 1280.0000 2176.0000 -456.0000 0.0000 0.0000 1.0000 20.000000 34.000000
xslime0
0 1168.0000 2368.0000 -456.0000 0.0000 0.0000 1.0000 18.250000 37.000000
0 1168.0000 2176.0000 -456.0000 0.0000 0.0000 1.0000 18.250000 34.000000
0 1184.0000 2176.0000 -456.0000 0.0000 0.0000 1.0000 18.500000 34.000000
xslime0
0 1392.0000 2304.0000 -456.0000 0.0000 0.0000 1.0000 21.750000 36.000000
0 1280.0000 2384.0000 -456.0000 0.0000 0.0000 1.0000 20.000000 37.250000
0 1280.0000 2304.0000 -456.0000 0.0000 0.0000 1.0000 20.000000 36.000000
xslime0
0 1392.0000 2304.0000 -456.0000 0.0000 -0.0000 1.0000 21.750000 36.000000
0 1408.0000 2384.0000 -456.0000 0.0000 -0.0000 1.0000 22.000000 37.250000
0 1280.0000 2384.0000 -456.0000 0.0000 -0.0000 1.0000 20.000000 37.250000
xslime0
0 1392.0000 2304.0000 -456.0000 0.0000 0.0000 1.0000 21.750000 36.000000
0 1408.0000 2304.0000 -456.0000 0.0000 0.0000 1.0000 22.000000 36.000000
0 1408.0000 2384.0000 -456.0000 0.0000 0.0000 1.0000 22.000000 37.250000
xslime0
0 1280.0000 2384.0000 -456.0000 0.0000 0.0000 -1.0000 20.000000 37.250000
0 1392.0000 2304.0000 -456.0000 0.0000 0.0000 -1.0000 21.750000 36.000000
0 1280.0000 2304.0000 -456.0000 0.0000 0.0000 -1.0000 20.000000 36.000000
xslime0
0 1280.0000 2384.0000 -456.0000 0.0000 0.0000 -1.0000 20.000000 37.250000
0 1408.0000 2304.0000 -456.0000 0.0000 0.0000 -1.0000 22.000000 36.000000
0 1392.0000 2304.0000 -456.0000 0.0000 0.0000 -1.0000 21.750000 36.000000
xslime0
0 1280.0000 2384.0000 -456.0000 0.0000 0.0000 -1.0000 20.000000 37.250000
0 1408.0000 2384.0000 -456.0000 0.0000 0.0000 -1.0000 22.000000 37.250000
0 1408.0000 2304.0000 -456.0000 0.0000 0.0000 -1.0000 22.000000 36.000000
xslime0
0 1280.0000 2240.0000 -456.0000 0.0000 0.0000 1.0000 20.000000 35.000000
0 1392.0000 2304.0000 -456.0000 0.0000 0.0000 1.0000 21.750000 36.000000
0 1280.0000 2304.0000 -456.0000 0.0000 0.0000 1.0000 20.000000 36.000000
xslime0
0 1280.0000 2240.0000 -456.0000 0.0000 0.0000 1.0000 20.000000 35.000000
0 1392.0000 2240.0000 -456.0000 0.0000 0.0000 1.0000 21.750000 35.000000
0 1392.0000 2304.0000 -456.0000 0.0000 0.0000 1.0000 21.750000 36.000000
xslime0
0 1280.0000 2304.0000 -456.0000 0.0000 0.0000 -1.0000 20.000000 36.000000
0 1392.0000 2240.0000 -456.0000 0.0000 0.0000 -1.0000 21.750000 35.000000
0 1280.0000 2240.0000 -456.0000 0.0000 0.0000 -1.0000 20.000000 35.000000
xslime0
0 1280.0000 2304.0000 -456.0000 0.0000 0.0000 -1.0000 20.000000 36.000000
0 1392.0000 2304.0000 -456.0000 0.0000 0.0000 -1.0000 21.750000 36.000000
0 1392.0000 2240.0000 -456.0000 0.0000 0.0000 -1.0000 21.750000 35.000000
xslime0
0 1280.0000 2176.0000 -456.0000 0.0000 0.0000 1.0000 20.000000 34.000000
0 1392.0000 2240.0000 -456.0000 0.0000 0.0000 1.0000 21.750000 35.000000
0 1280.0000 2240.0000 -456.0000 0.0000 0.0000 1.0000 20.000000 35.000000
xslime0
0 1280.0000 2176.0000 -456.0000 0.0000 0.0000 1.0000 20.000000 34.000000
0 1408.0000 2240.0000 -456.0000 0.0000 0.0000 1.0000 22.000000 35.000000
0 1392.0000 2240.0000 -456.0000 0.0000 0.0000 1.0000 21.750000 35.000000
xslime0
0 1280.0000 2176.0000 -456.0000 0.0000 0.0000 1.0000 20.000000 34.000000
0 1408.0000 2176.0000 -456.0000 0.0000 0.0000 1.0000 22.000000 34.000000
0 1408.0000 2240.0000 -456.0000 0.0000 0.0000 1.0000 22.000000 35.000000
xslime0
0 1408.0000 2176.0000 -456.0000 0.0000 0.0000 -1.0000 22.000000 34.000000
0 1392.0000 2240.0000 -456.0000 0.0000 0.0000 -1.0000 21.750000 35.000000
0 1408.0000 2240.0000 -456.0000 0.0000 0.0000 -1.0000 22.000000 35.000000
xslime0
0 1408.0000 2176.0000 -456.0000 0.0000 0.0000 -1.0000 22.000000 34.000000
0 1280.0000 2240.0000 -456.0000 0.0000 0.0000 -1.0000 20.000000 35.000000
0 1392.0000 2240.0000 -456.0000 0.0000 0.0000 -1.0000 21.750000 35.000000
xslime0
0 1408.0000 2176.0000 -456.0000 0.0000 0.0000 -1.0000 22.000000 34.000000
0 1280.0000 2176.0000 -456.0000 0.0000 0.0000 -1.0000 20.000000 34.000000
0 1280.0000 2240.0000 -456.0000 0.0000 0.0000 -1.0000 20.000000 35.000000
xslime0
0 1200.0000 2512.0000 -456.0000 0.0000 0.0000 -1.0000 18.750000 39.250000
0 1232.0000 2544.0000 -456.0000 0.0000 0.0000 -1.0000 19.250000 39.750000
0 1264.0000 2512.0000 -456.0000 0.0000 0.0000 -1.0000 19.750000 39.250000
xslime0
0 1232.0000 2544.0000 -456.0000 0.0000 0.0000 1.0000 19.250000 39.750000
0 1200.0000 2512.0000 -456.0000 0.0000 0.0000 1.0000 18.750000 39.250000
0 1264.0000 2512.0000 -456.0000 0.0000 0.0000 1.0000 19.750000 39.250000
xslime0
0 1168.0000 2416.0000 -456.0000 0.0000 0.0000 1.0000 18.250000 37.750000
0 1168.0000 2384.0000 -456.0000 0.0000 0.0000 1.0000 18.250000 37.250000
0 1200.0000 2384.0000 -456.0000 0.0000 0.0000 1.0000 18.750000 37.250000
xslime0
0 1200.0000 2384.0000 -456.0000 0.0000 0.0000 -1.0000 18.750000 37.250000
0 1168.0000 2384.0000 -456.0000 0.0000 0.0000 -1.0000 18.250000 37.250000
0 1168.0000 2416.0000 -456.0000 0.0000 0.0000 -1.0000 18.250000 37.750000
xslime0
0 1168.0000 2544.0000 -456.0000 -0.0000 0.0000 1.0000 18.250000 39.750000
0 1200.0000 2512.0000 -456.0000 -0.0000 0.0000 1.0000 18.750000 39.250000
0 1232.0000 2544.0000 -456.0000 -0.0000 0.0000 1.0000 19.250000 39.750000
xslime0
0 1168.0000 2544.0000 -456.0000 0.0000 0.0000 1.0000 18.250000 39.750000
0 1168.0000 2480.0000 -456.0000 0.0000 0.0000 1.0000 18.250000 38.750000
0 1200.0000 2512.0000 -456.0000 0.0000 0.0000 1.0000 18.750000 39.250000
xslime0
0 1168.0000 2544.0000 -456.0000 0.0000 0.0000 -1.0000 18.250000 39.750000
0 1200.0000 2512.0000 -456.0000 0.0000 0.0000 -1.0000 18.750000 39.250000
0 1168.0000 2480.0000 -456.0000 0.0000 0.0000 -1.0000 18.250000 38.750000
xslime0
0 1168.0000 2544.0000 -456.0000 0.0000 0.0000 -1.0000 18.250000 39.750000
0 1232.0000 2544.0000 -456.0000 0.0000 0.0000 -1.0000 19.250000 39.750000
0 1200.0000 2512.0000 -456.0000 0.0000 0.0000 -1.0000 18.750000 39.250000
xslime0
0 1296.0000 2496.0000 -456.0000 0.0000 0.0000 1.0000 20.250000 39.000000
0 1264.0000 2512.0000 -456.0000 0.0000 0.0000 1.0000 19.750000 39.250000
0 1296.0000 2480.0000 -456.0000 0.0000 0.0000 1.0000 20.250000 38.750000
xslime0
0 1296.0000 2496.0000 -456.0000 0.0000 0.0000 1.0000 20.250000 39.000000
0 1232.0000 2544.0000 -456.0000 0.0000 0.0000 1.0000 19.250000 39.750000
0 1264.0000 2512.0000 -456.0000 0.0000 0.0000 1.0000 19.750000 39.250000
xslime0
0 1296.0000 2496.0000 -456.0000 0.0000 -0.0000 1.0000 20.250000 39.000000
0 1296.0000 2544.0000 -456.0000 0.0000 -0.0000 1.0000 20.250000 39.750000
0 1232.0000 2544.0000 -456.0000 0.0000 -0.0000 1.0000 19.250000 39.750000
xslime0
0 1264.0000 2512.0000 -456.0000 0.0000 0.0000 -1.0000 19.750000 39.250000
0 1296.0000 2496.0000 -456.0000 0.0000 0.0000 -1.0000 20.250000 39.000000
0 1296.0000 2480.0000 -456.0000 0.0000 0.0000 -1.0000 20.250000 38.750000
xslime0
0 1264.0000 2512.0000 -456.0000 0.0000 0.0000 -1.0000 19.750000 39.250000
0 1296.0000 2544.0000 -456.0000 0.0000 0.0000 -1.0000 20.250000 39.750000
0 1296.0000 2496.0000 -456.0000 0.0000 0.0000 -1.0000 20.250000 39.000000
xslime0
0 1264.0000 2512.0000 -456.0000 0.0000 0.0000 -1.0000 19.750000 39.250000
0 1232.0000 2544.0000 -456.0000 0.0000 0.0000 -1.0000 19.250000 39.750000
0 1296.0000 2544.0000 -456.0000 0.0000 0.0000 -1.0000 20.250000 39.750000
xslime0
0 1344.0000 2464.0000 -456.0000 0.0000 -0.0000 -1.0000 21.000000 38.500000
0 1344.0000 2432.0000 -456.0000 0.0000 -0.0000 -1.0000 21.000000 38.000000
0 1312.0000 2432.0000 -456.0000 0.0000 -0.0000 -1.0000 20.500000 38.000000
xslime0
0 1344.0000 2432.0000 -456.0000 0.0000 -0.0000 1.0000 21.000000 38.000000
0 1344.0000 2464.0000 -456.0000 0.0000 -0.0000 1.0000 21.000000 38.500000
0 1312.0000 2432.0000 -456.0000 0.0000 -0.0000 1.0000 20.500000 38.000000
xslime0
0 1280.0000 2384.0000 -456.0000 0.0000 0.0000 -1.0000 20.000000 37.250000
0 1408.0000 2432.0000 -456.0000 0.0000 0.0000 -1.0000 22.000000 38.000000
0 1408.0000 2384.0000 -456.0000 0.0000 0.0000 -1.0000 22.000000 37.250000
xslime0
0 1280.0000 2384.0000 -456.0000 0.0000 0.0000 -1.0000 20.000000 37.250000
0 1392.0000 2432.0000 -456.0000 0.0000 0.0000 -1.0000 21.750000 38.000000
0 1408.0000 2432.0000 -456.0000 0.0000 0.0000 -1.0000 22.000000 38.000000
xslime0
0 1280.0000 2384.0000 -456.0000 0.0000 0.0000 -1.0000 20.000000 37.250000
0 1344.0000 2432.0000 -456.0000 0.0000 0.0000 -1.0000 21.000000 38.000000
0 1392.0000 2432.0000 -456.0000 0.0000 0.0000 -1.0000 21.750000 38.000000
xslime0
0 1280.0000 2384.0000 -456.0000 0.0000 0.0000 -1.0000 20.000000 37.250000
0 1312.0000 2432.0000 -456.0000 0.0000 0.0000 -1.0000 20.500000 38.000000
0 1344.0000 2432.0000 -456.0000 0.0000 0.0000 -1.0000 21.000000 38.000000
xslime0
0 1280.0000 2384.0000 -456.0000 0.0000 0.0000 -1.0000 20.000000 37.250000
0 1296.0000 2416.0000 -456.0000 0.0000 0.0000 -1.0000 20.250000 37.750000
0 1312.0000 2432.0000 -456.0000 0.0000 0.0000 -1.0000 20.500000 38.000000
xslime0
0 1280.0000 2384.0000 -456.0000 0.0000 0.0000 -1.0000 20.000000 37.250000
0 1264.0000 2384.0000 -456.0000 0.0000 0.0000 -1.0000 19.750000 37.250000
0 1296.0000 2416.0000 -456.0000 0.0000 0.0000 -1.0000 20.250000 37.750000
xslime0
0 1296.0000 2416.0000 -456.0000 0.0000 0.0000 1.0000 20.250000 37.750000
0 1344.0000 2432.0000 -456.0000 0.0000 0.0000 1.0000 21.000000 38.000000
0 1312.0000 2432.0000 -456.0000 0.0000 0.0000 1.0000 20.500000 38.000000
xslime0
0 1296.0000 2416.0000 -456.0000 0.0000 0.0000 1.0000 20.250000 37.750000
0 1392.0000 2432.0000 -456.0000 0.0000 0.0000 1.0000 21.750000 38.000000
0 1344.0000 2432.0000 -456.0000 0.0000 0.0000 1.0000 21.000000 38.000000
xslime0
0 1296.0000 2416.0000 -456.0000 0.0000 0.0000 1.0000 20.250000 37.750000
0 1408.0000 2432.0000 -456.0000 0.0000 0.0000 1.0000 22.000000 38.000000
0 1392.0000 2432.0000 -456.0000 0.0000 0.0000 1.0000 21.750000 38.000000
xslime0
0 1296.0000 2416.0000 -456.0000 -0.0000 0.0000 1.0000 20.250000 37.750000
0 1408.0000 2384.0000 -456.0000 -0.0000 0.0000 1.0000 22.000000 37.250000
0 1408.0000 2432.0000 -456.0000 -0.0000 0.0000 1.0000 22.000000 38.000000
xslime0
0 1296.0000 2416.0000 -456.0000 0.0000 0.0000 1.0000 20.250000 37.750000
0 1280.0000 2384.0000 -456.0000 0.0000 0.0000 1.0000 20.000000 37.250000
0 1408.0000 2384.0000 -456.0000 0.0000 0.0000 1.0000 22.000000 37.250000
xslime0
0 1296.0000 2416.0000 -456.0000 0.0000 0.0000 1.0000 20.250000 37.750000
0 1264.0000 2384.0000 -456.0000 0.0000 0.0000 1.0000 19.750000 37.250000
0 1280.0000 2384.0000 -456.0000 0.0000 0.0000 1.0000 20.000000 37.250000
xslime0
0 1344.0000 2464.0000 -456.0000 0.0000 0.0000 -1.0000 21.000000 38.500000
0 1392.0000 2432.0000 -456.0000 0.0000 0.0000 -1.0000 21.750000 38.000000
0 1344.0000 2432.0000 -456.0000 0.0000 0.0000 -1.0000 21.000000 38.000000
xslime0
0 1344.0000 2464.0000 -456.0000 0.0000 0.0000 -1.0000 21.000000 38.500000
0 1392.0000 2496.0000 -456.0000 0.0000 0.0000 -1.0000 21.750000 39.000000
0 1392.0000 2432.0000 -456.0000 0.0000 0.0000 -1.0000 21.750000 38.000000
xslime0
0 1344.0000 2464.0000 -456.0000 0.0000 0.0000 -1.0000 21.000000 38.500000
0 1344.0000 2496.0000 -456.0000 0.0000 0.0000 -1.0000 21.000000 39.000000
0 1392.0000 2496.0000 -456.0000 0.0000 0.0000 -1.0000 21.750000 39.000000
xslime0
0 1392.0000 2496.0000 -456.0000 0.0000 0.0000 1.0000 21.750000 39.000000
0 1344.0000 2432.0000 -456.0000 0.0000 0.0000 1.0000 21.000000 38.000000
0 1392.0000 2432.0000 -456.0000 0.0000 0.0000 1.0000 21.750000 38.000000
xslime0
0 1392.0000 2496.0000 -456.0000 0.0000 0.0000 1.0000 21.750000 39.000000
0 1344.0000 2464.0000 -456.0000 0.0000 0.0000 1.0000 21.000000 38.500000
0 1344.0000 2432.0000 -456.0000 0.0000 0.0000 1.0000 21.000000 38.000000
xslime0
0 1392.0000 2496.0000 -456.0000 0.0000 0.0000 1.0000 21.750000 39.000000
0 1344.0000 2496.0000 -456.0000 0.0000 0.0000 1.0000 21.000000 39.000000
0 1344.0000 2464.0000 -456.0000 0.0000 0.0000 1.0000 21.000000 38.500000
xslime0
0 1296.0000 2544.0000 -456.0000 -0.0000 0.0000 1.0000 20.250000 39.750000
0 1408.0000 2496.0000 -456.0000 -0.0000 0.0000 1.0000 22.000000 39.000000
0 1408.0000 2544.0000 -456.0000 -0.0000 0.0000 1.0000 22.000000 39.750000
xslime0
0 1296.0000 2544.0000 -456.0000 0.0000 0.0000 1.0000 20.250000 39.750000
0 1392.0000 2496.0000 -456.0000 0.0000 0.0000 1.0000 21.750000 39.000000
0 1408.0000 2496.0000 -456.0000 0.0000 0.0000 1.0000 22.000000 39.000000
xslime0
0 1296.0000 2544.0000 -456.0000 0.0000 0.0000 1.0000 20.250000 39.750000
0 1344.0000 2496.0000 -456.0000 0.0000 0.0000 1.0000 21.000000 39.000000
0 1392.0000 2496.0000 -456.0000 0.0000 0.0000 1.0000 21.750000 39.000000
xslime0
0 1296.0000 2544.0000 -456.0000 0.0000 0.0000 1.0000 20.250000 39.750000
0 1296.0000 2496.0000 -456.0000 0.0000 0.0000 1.0000 20.250000 39.000000
0 1344.0000 2496.0000 -456.0000 0.0000 0.0000 1.0000 21.000000 39.000000
xslime0
0 1296.0000 2496.0000 -456.0000 0.0000 0.0000 0.0000 20.250000 39.000000
0 1392.0000 2496.0000 -456.0000 0.0000 0.0000 0.0000 21.750000 39.000000
0 1344.0000 2496.0000 -456.0000 0.0000 0.0000 0.0000 21.000000 39.000000
xslime0
0 1296.0000 2496.0000 -456.0000 0.0000 0.0000 0.0000 20.250000 39.000000
0 1408.0000 2496.0000 -456.0000 0.0000 0.0000 0.0000 22.000000 39.000000
0 1392.0000 2496.0000 -456.0000 0.0000 0.0000 0.0000 21.750000 39.000000
xslime0
0 1296.0000 2496.0000 -456.0000 0.0000 0.0000 -1.0000 20.250000 39.000000
0 1408.0000 2544.0000 -456.0000 0.0000 0.0000 -1.0000 22.000000 39.750000
0 1408.0000 2496.0000 -456.0000 0.0000 0.0000 -1.0000 22.000000 39.000000
xslime0
0 1296.0000 2496.0000 -456.0000 0.0000 0.0000 -1.0000 20.250000 39.000000
0 1296.0000 2544.0000 -456.0000 0.0000 0.0000 -1.0000 20.250000 39.750000
0 1408.0000 2544.0000 -456.0000 0.0000 0.0000 -1.0000 22.000000 39.750000
xslime0
0 1296.0000 2480.0000 -456.0000 0.0000 0.0000 1.0000 20.250000 38.750000
0 1344.0000 2496.0000 -456.0000 0.0000 0.0000 1.0000 21.000000 39.000000
0 1296.0000 2496.0000 -456.0000 0.0000 0.0000 1.0000 20.250000 39.000000
xslime0
0 1296.0000 2480.0000 -456.0000 -0.0000 0.0000 1.0000 20.250000 38.750000
0 1344.0000 2464.0000 -456.0000 -0.0000 0.0000 1.0000 21.000000 38.500000
0 1344.0000 2496.0000 -456.0000 -0.0000 0.0000 1.0000 21.000000 39.000000
xslime0
0 1296.0000 2480.0000 -456.0000 0.0000 0.0000 1.0000 20.250000 38.750000
0 1312.0000 2432.0000 -456.0000 0.0000 0.0000 1.0000 20.500000 38.000000
0 1344.0000 2464.0000 -456.0000 0.0000 0.0000 1.0000 21.000000 38.500000
xslime0
0 1296.0000 2480.0000 -456.0000 0.0000 0.0000 1.0000 20.250000 38.750000
0 1296.0000 2416.0000 -456.0000 0.0000 0.0000 1.0000 20.250000 37.750000
0 1312.0000 2432.0000 -456.0000 0.0000 0.0000 1.0000 20.500000 38.000000
xslime0
0 1312.0000 2432.0000 -456.0000 0.0000 0.0000 -1.0000 20.500000 38.000000
0 1344.0000 2496.0000 -456.0000 0.0000 0.0000 -1.0000 21.000000 39.000000
0 1344.0000 2464.0000 -456.0000 0.0000 0.0000 -1.0000 21.000000 38.500000
xslime0
0 1312.0000 2432.0000 -456.0000 0.0000 0.0000 -1.0000 20.500000 38.000000
0 1296.0000 2496.0000 -456.0000 0.0000 0.0000 -1.0000 20.250000 39.000000
0 1344.0000 2496.0000 -456.0000 0.0000 0.0000 -1.0000 21.000000 39.000000
xslime0
0 1312.0000 2432.0000 -456.0000 0.0000 0.0000 -1.0000 20.500000 38.000000
0 1296.0000 2480.0000 -456.0000 0.0000 0.0000 -1.0000 20.250000 38.750000
0 1296.0000 2496.0000 -456.0000 0.0000 0.0000 -1.0000 20.250000 39.000000
xslime0
0 1312.0000 2432.0000 -456.0000 -0.0000 0.0000 -1.0000 20.500000 38.000000
0 1296.0000 2416.0000 -456.0000 -0.0000 0.0000 -1.0000 20.250000 37.750000
0 1296.0000 2480.0000 -456.0000 -0.0000 0.0000 -1.0000 20.250000 38.750000
xslime0
0 912.0000 2384.0000 -456.0000 0.0000 0.0000 0.0000 14.250000 37.250000
0 912.0000 2464.0000 -456.0000 0.0000 0.0000 0.0000 14.250000 38.500000
0 912.0000 2416.0000 -456.0000 0.0000 0.0000 0.0000 14.250000 37.750000
xslime0
0 912.0000 2384.0000 -456.0000 0.0000 0.0000 0.0000 14.250000 37.250000
0 912.0000 2608.0000 -456.0000 0.0000 0.0000 0.0000 14.250000 40.750000
0 912.0000 2464.0000 -456.0000 0.0000 0.0000 0.0000 14.250000 38.500000
xslime0
0 912.0000 2384.0000 -456.0000 0.0000 0.0000 1.0000 14.250000 37.250000
0 960.0000 2608.0000 -456.0000 0.0000 0.0000 1.0000 15.000000 40.750000
0 912.0000 2608.0000 -456.0000 0.0000 0.0000 1.0000 14.250000 40.750000
xslime0
0 912.0000 2384.0000 -456.0000 0.0000 0.0000 1.0000 14.250000 37.250000
0 960.0000 2544.0000 -456.0000 0.0000 0.0000 1.0000 15.000000 39.750000
0 960.0000 2608.0000 -456.0000 0.0000 0.0000 1.0000 15.000000 40.750000
xslime0
0 912.0000 2384.0000 -456.0000 0.0000 0.0000 1.0000 14.250000 37.250000
0 960.0000 2416.0000 -456.0000 0.0000 0.0000 1.0000 15.000000 37.750000
0 960.0000 2544.0000 -456.0000 0.0000 0.0000 1.0000 15.000000 39.750000
xslime0
0 912.0000 2384.0000 -456.0000 0.0000 0.0000 1.0000 14.250000 37.250000
0 928.0000 2384.0000 -456.0000 0.0000 0.0000 1.0000 14.500000 37.250000
0 960.0000 2416.0000 -456.0000 0.0000 0.0000 1.0000 15.000000 37.750000
xslime0
0 912.0000 2384.0000 -456.0000 -0.0000 0.0000 1.0000 14.250000 37.250000
0 912.0000 2368.0000 -456.0000 -0.0000 0.0000 1.0000 14.250000 37.000000
0 928.0000 2384.0000 -456.0000 -0.0000 0.0000 1.0000 14.500000 37.250000
xslime0
0 960.0000 2544.0000 -456.0000 0.0000 0.0000 -1.0000 15.000000 39.750000
0 912.0000 2608.0000 -456.0000 0.0000 0.0000 -1.0000 14.250000 40.750000
0 960.0000 2608.0000 -456.0000 0.0000 0.0000 -1.0000 15.000000 40.750000
xslime0
0 960.0000 2544.0000 -456.0000 -0.0000 0.0000 -1.0000 15.000000 39.750000
0 912.0000 2464.0000 -456.0000 -0.0000 0.0000 -1.0000 14.250000 38.500000
0 912.0000 2608.0000 -456.0000 -0.0000 0.0000 -1.0000 14.250000 40.750000
xslime0
0 960.0000 2544.0000 -456.0000 0.0000 0.0000 -1.0000 15.000000 39.750000
0 912.0000 2416.0000 -456.0000 0.0000 0.0000 -1.0000 14.250000 37.750000
0 912.0000 2464.0000 -456.0000 0.0000 0.0000 -1.0000 14.250000 38.500000
xslime0
0 960.0000 2544.0000 -456.0000 0.0000 0.0000 -1.0000 15.000000 39.750000
0 912.0000 2384.0000 -456.0000 0.0000 0.0000 -1.0000 14.250000 37.250000
0 912.0000 2416.0000 -456.0000 0.0000 0.0000 -1.0000 14.250000 37.750000
xslime0
0 960.0000 2544.0000 -456.0000 0.0000 0.0000 -1.0000 15.000000 39.750000
0 912.0000 2368.0000 -456.0000 0.0000 0.0000 -1.0000 14.250000 37.000000
0 912.0000 2384.0000 -456.0000 0.0000 0.0000 -1.0000 14.250000 37.250000
xslime0
0 960.0000 2544.0000 -456.0000 0.0000 0.0000 -1.0000 15.000000 39.750000
0 928.0000 2384.0000 -456.0000 0.0000 0.0000 -1.0000 14.500000 37.250000
0 912.0000 2368.0000 -456.0000 0.0000 0.0000 -1.0000 14.250000 37.000000
xslime0
0 960.0000 2544.0000 -456.0000 0.0000 -0.0000 -1.0000 15.000000 39.750000
0 960.0000 2416.0000 -456.0000 0.0000 -0.0000 -1.0000 15.000000 37.750000
0 928.0000 2384.0000 -456.0000 0.0000 -0.0000 -1.0000 14.500000 37.250000
xslime0
0 960.0000 2544.0000 -456.0000 0.0000 0.0000 0.0000 15.000000 39.750000
0 960.0000 2624.0000 -456.0000 0.0000 0.0000 0.0000 15.000000 41.000000
0 960.0000 2608.0000 -456.0000 0.0000 0.0000 0.0000 15.000000 40.750000
xslime0
0 960.0000 2544.0000 -456.0000 0.0000 0.0000 1.0000 15.000000 39.750000
0 1088.0000 2624.0000 -456.0000 0.0000 0.0000 1.0000 17.000000 41.000000
0 960.0000 2624.0000 -456.0000 0.0000 0.0000 1.0000 15.000000 41.000000
xslime0
0 960.0000 2544.0000 -456.0000 0.0000 0.0000 1.0000 15.000000 39.750000
0 1088.0000 2608.0000 -456.0000 0.0000 0.0000 1.0000 17.000000 40.750000
0 1088.0000 2624.0000 -456.0000 0.0000 0.0000 1.0000 17.000000 41.000000
xslime0
0 960.0000 2544.0000 -456.0000 0.0000 0.0000 1.0000 15.000000 39.750000
0 1088.0000 2544.0000 -456.0000 0.0000 0.0000 1.0000 17.000000 39.750000
0 1088.0000 2608.0000 -456.0000 0.0000 0.0000 1.0000 17.000000 40.750000
xslime0
0 960.0000 2624.0000 -456.0000 0.0000 0.0000 0.0000 15.000000 41.000000
0 960.0000 2544.0000 -456.0000 0.0000 0.0000 0.0000 15.000000 39.750000
0 960.0000 2608.0000 -456.0000 0.0000 0.0000 0.0000 15.000000 40.750000
xslime0
0 960.0000 2624.0000 -456.0000 0.0000 0.0000 -1.0000 15.000000 41.000000
0 1088.0000 2544.0000 -456.0000 0.0000 0.0000 -1.0000 17.000000 39.750000
0 960.0000 2544.0000 -456.0000 0.0000 0.0000 -1.0000 15.000000 39.750000
xslime0
0 960.0000 2624.0000 -456.0000 0.0000 0.0000 -1.0000 15.000000 41.000000
0 1088.0000 2608.0000 -456.0000 0.0000 0.0000 -1.0000 17.000000 40.750000
0 1088.0000 2544.0000 -456.0000 0.0000 0.0000 -1.0000 17.000000 39.750000
xslime0
0 960.0000 2624.0000 -456.0000 0.0000 0.0000 -1.0000 15.000000 41.000000
0 1088.0000 2624.0000 -456.0000 0.0000 0.0000 -1.0000 17.000000 41.000000
0 1088.0000 2608.0000 -456.0000 0.0000 0.0000 -1.0000 17.000000 40.750000
xslime0
0 1152.0000 2608.0000 -456.0000 0.0000 0.0000 0.0000 18.000000 40.750000
0 1296.0000 2608.0000 -456.0000 0.0000 0.0000 0.0000 20.250000 40.750000
0 1280.0000 2608.0000 -456.0000 0.0000 0.0000 0.0000 20.000000 40.750000
xslime0
0 1152.0000 2608.0000 -456.0000 0.0000 0.0000 0.0000 18.000000 40.750000
0 1312.0000 2608.0000 -456.0000 0.0000 0.0000 0.0000 20.500000 40.750000
0 1296.0000 2608.0000 -456.0000 0.0000 0.0000 0.0000 20.250000 40.750000
xslime0
0 1152.0000 2608.0000 -456.0000 0.0000 0.0000 0.0000 18.000000 40.750000
0 1344.0000 2608.0000 -456.0000 0.0000 0.0000 0.0000 21.000000 40.750000
0 1312.0000 2608.0000 -456.0000 0.0000 0.0000 0.0000 20.500000 40.750000
xslime0
0 1152.0000 2608.0000 -456.0000 0.0000 0.0000 0.0000 18.000000 40.750000
0 1408.0000 2608.0000 -456.0000 0.0000 0.0000 0.0000 22.000000 40.750000
0 1344.0000 2608.0000 -456.0000 0.0000 0.0000 0.0000 21.000000 40.750000
xslime0
0 1152.0000 2608.0000 -456.0000 -0.0000 0.0000 1.0000 18.000000 40.750000
0 1408.0000 2544.0000 -456.0000 -0.0000 0.0000 1.0000 22.000000 39.750000
0 1408.0000 2608.0000 -456.0000 -0.0000 0.0000 1.0000 22.000000 40.750000
xslime0
0 1152.0000 2608.0000 -456.0000 0.0000 0.0000 1.0000 18.000000 40.750000
0 1296.0000 2544.0000 -456.0000 0.0000 0.0000 1.0000 20.250000 39.750000
0 1408.0000 2544.0000 -456.0000 0.0000 0.0000 1.0000 22.000000 39.750000
xslime0
0 1152.0000 2608.0000 -456.0000 0.0000 0.0000 1.0000 18.000000 40.750000
0 1232.0000 2544.0000 -456.0000 0.0000 0.0000 1.0000 19.250000 39.750000
0 1296.0000 2544.0000 -456.0000 0.0000 0.0000 1.0000 20.250000 39.750000
xslime0
0 1152.0000 2608.0000 -456.0000 0.0000 0.0000 1.0000 18.000000 40.750000
0 1168.0000 2544.0000 -456.0000 0.0000 0.0000 1.0000 18.250000 39.750000
0 1232.0000 2544.0000 -456.0000 0.0000 0.0000 1.0000 19.250000 39.750000
xslime0
0 1152.0000 2608.0000 -456.0000 0.0000 0.0000 1.0000 18.000000 40.750000
0 1088.0000 2544.0000 -456.0000 0.0000 0.0000 1.0000 17.000000 39.750000
0 1168.0000 2544.0000 -456.0000 0.0000 0.0000 1.0000 18.250000 39.750000
xslime0
0 1152.0000 2608.0000 -456.0000 0.0000 0.0000 1.0000 18.000000 40.750000
0 1088.0000 2608.0000 -456.0000 0.0000 0.0000 1.0000 17.000000 40.750000
0 1088.0000 2544.0000 -456.0000 0.0000 0.0000 1.0000 17.000000 39.750000
xslime0
0 1168.0000 2544.0000 -456.0000 0.0000 0.0000 0.0000 18.250000 39.750000
0 1296.0000 2544.0000 -456.0000 0.0000 0.0000 0.0000 20.250000 39.750000
0 1232.0000 2544.0000 -456.0000 0.0000 0.0000 0.0000 19.250000 39.750000
xslime0
0 1168.0000 2544.0000 -456.0000 0.0000 0.0000 0.0000 18.250000 39.750000
0 1408.0000 2544.0000 -456.0000 0.0000 0.0000 0.0000 22.000000 39.750000
0 1296.0000 2544.0000 -456.0000 0.0000 0.0000 0.0000 20.250000 39.750000
xslime0
0 1168.0000 2544.0000 -456.0000 0.0000 0.0000 -1.0000 18.250000 39.750000
0 1408.0000 2608.0000 -456.0000 0.0000 0.0000 -1.0000 22.000000 40.750000
0 1408.0000 2544.0000 -456.0000 0.0000 0.0000 -1.0000 22.000000 39.750000
xslime0
0 1168.0000 2544.0000 -456.0000 0.0000 0.0000 -1.0000 18.250000 39.750000
0 1344.0000 2608.0000 -456.0000 0.0000 0.0000 -1.0000 21.000000 40.750000
0 1408.0000 2608.0000 -456.0000 0.0000 0.0000 -1.0000 22.000000 40.750000
xslime0
0 1168.0000 2544.0000 -456.0000 0.0000 0.0000 -1.0000 18.250000 39.750000
0 1312.0000 2608.0000 -456.0000 0.0000 0.0000 -1.0000 20.500000 40.750000
0 1344.0000 2608.0000 -456.0000 0.0000 0.0000 -1.0000 21.000000 40.750000
xslime0
0 1168.0000 2544.0000 -456.0000 0.0000 0.0000 -1.0000 18.250000 39.750000
0 1296.0000 2608.0000 -456.0000 0.0000 0.0000 -1.0000 20.250000 40.750000
0 1312.0000 2608.0000 -456.0000 0.0000 0.0000 -1.0000 20.500000 40.750000
xslime0
0 1168.0000 2544.0000 -456.0000 0.0000 0.0000 -1.0000 18.250000 39.750000
0 1280.0000 2608.0000 -456.0000 0.0000 0.0000 -1.0000 20.000000 40.750000
0 1296.0000 2608.0000 -456.0000 0.0000 0.0000 -1.0000 20.250000 40.750000
xslime0
0 1168.0000 2544.0000 -456.0000 0.0000 0.0000 -1.0000 18.250000 39.750000
0 1152.0000 2608.0000 -456.0000 0.0000 0.0000 -1.0000 18.000000 40.750000
0 1280.0000 2608.0000 -456.0000 0.0000 0.0000 -1.0000 20.000000 40.750000
xslime0
0 1168.0000 2544.0000 -456.0000 0.0000 0.0000 -1.0000 18.250000 39.750000
0 1088.0000 2608.0000 -456.0000 0.0000 0.0000 -1.0000 17.000000 40.750000
0 1152.0000 2608.0000 -456.0000 0.0000 0.0000 -1.0000 18.000000 40.750000
xslime0
0 1168.0000 2544.0000 -456.0000 0.0000 0.0000 -1.0000 18.250000 39.750000
0 1088.0000 2544.0000 -456.0000 0.0000 0.0000 -1.0000 17.000000 39.750000
0 1088.0000 2608.0000 -456.0000 0.0000 0.0000 -1.0000 17.000000 40.750000
xslime0
0 1344.0000 2624.0000 -456.0000 -0.0000 0.0000 1.0000 21.000000 41.000000
0 1408.0000 2608.0000 -456.0000 -0.0000 0.0000 1.0000 22.000000 40.750000
0 1408.0000 2624.0000 -456.0000 -0.0000 0.0000 1.0000 22.000000 41.000000
xslime0
0 1344.0000 2624.0000 -456.0000 0.0000 0.0000 1.0000 21.000000 41.000000
0 1344.0000 2608.0000 -456.0000 0.0000 0.0000 1.0000 21.000000 40.750000
0 1408.0000 2608.0000 -456.0000 0.0000 0.0000 1.0000 22.000000 40.750000
xslime0
0 1344.0000 2608.0000 -456.0000 0.0000 0.0000 -1.0000 21.000000 40.750000
0 1408.0000 2624.0000 -456.0000 0.0000 0.0000 -1.0000 22.000000 41.000000
0 1408.0000 2608.0000 -456.0000 0.0000 0.0000 -1.0000 22.000000 40.750000
xslime0
0 1344.0000 2608.0000 -456.0000 0.0000 0.0000 -1.0000 21.000000 40.750000
0 1344.0000 2624.0000 -456.0000 0.0000 0.0000 -1.0000 21.000000 41.000000
0 1408.0000 2624.0000 -456.0000 0.0000 0.0000 -1.0000 22.000000 41.000000
xslime0
0 1152.0000 2624.0000 -456.0000 -0.0000 0.0000 1.0000 18.000000 41.000000
0 1280.0000 2608.0000 -456.0000 -0.0000 0.0000 1.0000 20.000000 40.750000
0 1280.0000 2624.0000 -456.0000 -0.0000 0.0000 1.0000 20.000000 41.000000
xslime0
0 1152.0000 2624.0000 -456.0000 0.0000 0.0000 1.0000 18.000000 41.000000
0 1152.0000 2608.0000 -456.0000 0.0000 0.0000 1.0000 18.000000 40.750000
0 1280.0000 2608.0000 -456.0000 0.0000 0.0000 1.0000 20.000000 40.750000
xslime0
0 1280.0000 2608.0000 -456.0000 0.0000 0.0000 -1.0000 20.000000 40.750000
0 1152.0000 2624.0000 -456.0000 0.0000 0.0000 -1.0000 18.000000 41.000000
0 1280.0000 2624.0000 -456.0000 0.0000 0.0000 -1.0000 20.000000 41.000000
xslime0
0 1280.0000 2608.0000 -456.0000 0.0000 0.0000 -1.0000 20.000000 40.750000
0 1152.0000 2608.0000 -456.0000 0.0000 0.0000 -1.0000 18.000000 40.750000
0 1152.0000 2624.0000 -456.0000 0.0000 0.0000 -1.0000 18.000000 41.000000
xslime0
0 176.0000 2992.0000 -136.0000 0.0000 0.0000 1.0000 2.750000 46.750000
0 208.0000 3008.0000 -136.0000 0.0000 0.0000 1.0000 3.250000 47.000000
0 192.0000 3008.0000 -136.0000 0.0000 0.0000 1.0000 3.000000 47.000000
xslime0
0 176.0000 2992.0000 -136.0000 0.0000 0.0000 1.0000 2.750000 46.750000
0 320.0000 3008.0000 -136.0000 0.0000 0.0000 1.0000 5.000000 47.000000
0 208.0000 3008.0000 -136.0000 0.0000 0.0000 1.0000 3.250000 47.000000
xslime0
0 176.0000 2992.0000 -136.0000 0.0000 0.0000 1.0000 2.750000 46.750000
0 320.0000 2992.0000 -136.0000 0.0000 0.0000 1.0000 5.000000 46.750000
0 320.0000 3008.0000 -136.0000 0.0000 0.0000 1.0000 5.000000 47.000000
xslime0
0 320.0000 2992.0000 -136.0000 0.0000 0.0000 -1.0000 5.000000 46.750000
0 208.0000 3008.0000 -136.0000 0.0000 0.0000 -1.0000 3.250000 47.000000
0 320.0000 3008.0000 -136.0000 0.0000 0.0000 -1.0000 5.000000 47.000000
xslime0
0 320.0000 2992.0000 -136.0000 0.0000 0.0000 -1.0000 5.000000 46.750000
0 192.0000 3008.0000 -136.0000 0.0000 0.0000 -1.0000 3.000000 47.000000
0 208.0000 3008.0000 -136.0000 0.0000 0.0000 -1.0000 3.250000 47.000000
xslime0
0 320.0000 2992.0000 -136.0000 0.0000 0.0000 -1.0000 5.000000 46.750000
0 176.0000 2992.0000 -136.0000 0.0000 0.0000 -1.0000 2.750000 46.750000
0 192.0000 3008.0000 -136.0000 0.0000 0.0000 -1.0000 3.000000 47.000000
xslime0
0 176.0000 2656.0000 -136.0000 0.0000 0.0000 -1.0000 2.750000 41.500000
0 320.0000 2864.0000 -136.0000 0.0000 0.0000 -1.0000 5.000000 44.750000
0 320.0000 2656.0000 -136.0000 0.0000 0.0000 -1.0000 5.000000 41.500000
xslime0
0 176.0000 2656.0000 -136.0000 0.0000 0.0000 -1.0000 2.750000 41.500000
0 320.0000 2992.0000 -136.0000 0.0000 0.0000 -1.0000 5.000000 46.750000
0 320.0000 2864.0000 -136.0000 0.0000 0.0000 -1.0000 5.000000 44.750000
xslime0
0 176.0000 2656.0000 -136.0000 0.0000 0.0000 -1.0000 2.750000 41.500000
0 176.0000 2992.0000 -136.0000 0.0000 0.0000 -1.0000 2.750000 46.750000
0 320.0000 2992.0000 -136.0000 0.0000 0.0000 -1.0000 5.000000 46.750000
xslime0
0 176.0000 2656.0000 -136.0000 0.0000 0.0000 -1.0000 2.750000 41.500000
0 144.0000 2992.0000 -136.0000 0.0000 0.0000 -1.0000 2.250000 46.750000
0 176.0000 2992.0000 -136.0000 0.0000 0.0000 -1.0000 2.750000 46.750000
xslime0
0 176.0000 2656.0000 -136.0000 0.0000 0.0000 -1.0000 2.750000 41.500000
0 144.0000 2944.0000 -136.0000 0.0000 0.0000 -1.0000 2.250000 46.000000
0 144.0000 2992.0000 -136.0000 0.0000 0.0000 -1.0000 2.250000 46.750000
xslime0
0 176.0000 2656.0000 -136.0000 0.0000 0.0000 -1.0000 2.750000 41.500000
0 144.0000 2656.0000 -136.0000 0.0000 0.0000 -1.0000 2.250000 41.500000
0 144.0000 2944.0000 -136.0000 0.0000 0.0000 -1.0000 2.250000 46.000000
xslime0
0 176.0000 2992.0000 -136.0000 -0.0000 0.0000 1.0000 2.750000 46.750000
0 320.0000 2864.0000 -136.0000 -0.0000 0.0000 1.0000 5.000000 44.750000
0 320.0000 2992.0000 -136.0000 -0.0000 0.0000 1.0000 5.000000 46.750000
xslime0
0 176.0000 2992.0000 -136.0000 0.0000 0.0000 1.0000 2.750000 46.750000
0 320.0000 2656.0000 -136.0000 0.0000 0.0000 1.0000 5.000000 41.500000
0 320.0000 2864.0000 -136.0000 0.0000 0.0000 1.0000 5.000000 44.750000
xslime0
0 176.0000 2992.0000 -136.0000 0.0000 0.0000 1.0000 2.750000 46.750000
0 176.0000 2656.0000 -136.0000 0.0000 0.0000 1.0000 2.750000 41.500000
0 320.0000 2656.0000 -136.0000 0.0000 0.0000 1.0000 5.000000 41.500000
xslime0
0 176.0000 2992.0000 -136.0000 0.0000 0.0000 1.0000 2.750000 46.750000
0 144.0000 2656.0000 -136.0000 0.0000 0.0000 1.0000 2.250000 41.500000
0 176.0000 2656.0000 -136.0000 0.0000 0.0000 1.0000 2.750000 41.500000
xslime0
0 176.0000 2992.0000 -136.0000 0.0000 0.0000 1.0000 2.750000 46.750000
0 144.0000 2944.0000 -136.0000 0.0000 0.0000 1.0000 2.250000 46.000000
0 144.0000 2656.0000 -136.0000 0.0000 0.0000 1.0000 2.250000 41.500000
xslime0
0 176.0000 2992.0000 -136.0000 0.0000 0.0000 1.0000 2.750000 46.750000
0 144.0000 2992.0000 -136.0000 0.0000 0.0000 1.0000 2.250000 46.750000
0 144.0000 2944.0000 -136.0000 0.0000 0.0000 1.0000 2.250000 46.000000
xslime0
0 176.0000 2656.0000 -136.0000 0.0000 0.0000 -1.0000 2.750000 41.500000
0 208.0000 2640.0000 -136.0000 0.0000 0.0000 -1.0000 3.250000 41.250000
0 192.0000 2640.0000 -136.0000 0.0000 0.0000 -1.0000 3.000000 41.250000
xslime0
0 176.0000 2656.0000 -136.0000 0.0000 0.0000 -1.0000 2.750000 41.500000
0 320.0000 2640.0000 -136.0000 0.0000 0.0000 -1.0000 5.000000 41.250000
0 208.0000 2640.0000 -136.0000 0.0000 0.0000 -1.0000 3.250000 41.250000
xslime0
0 176.0000 2656.0000 -136.0000 0.0000 0.0000 -1.0000 2.750000 41.500000
0 320.0000 2656.0000 -136.0000 0.0000 0.0000 -1.0000 5.000000 41.500000
0 320.0000 2640.0000 -136.0000 0.0000 0.0000 -1.0000 5.000000 41.250000
xslime0
0 320.0000 2640.0000 -136.0000 0.0000 0.0000 0.0000 5.000000 41.250000
0 192.0000 2640.0000 -136.0000 0.0000 0.0000 0.0000 3.000000 41.250000
0 208.0000 2640.0000 -136.0000 0.0000 0.0000 0.0000 3.250000 41.250000
xslime0
0 320.0000 2640.0000 -136.0000 0.0000 0.0000 1.0000 5.000000 41.250000
0 176.0000 2656.0000 -136.0000 0.0000 0.0000 1.0000 2.750000 41.500000
0 192.0000 2640.0000 -136.0000 0.0000 0.0000 1.0000 3.000000 41.250000
xslime0
0 320.0000 2640.0000 -136.0000 0.0000 -0.0000 1.0000 5.000000 41.250000
0 320.0000 2656.0000 -136.0000 0.0000 -0.0000 1.0000 5.000000 41.500000
0 176.0000 2656.0000 -136.0000 0.0000 -0.0000 1.0000 2.750000 41.500000
xslime0
0 80.0000 3008.0000 -136.0000 0.0000 0.0000 0.0000 1.250000 47.000000
0 128.0000 3008.0000 -136.0000 0.0000 0.0000 0.0000 2.000000 47.000000
0 112.0000 3008.0000 -136.0000 0.0000 0.0000 0.0000 1.750000 47.000000
xslime0
0 80.0000 3008.0000 -136.0000 -0.0000 0.0000 1.0000 1.250000 47.000000
0 144.0000 2992.0000 -136.0000 -0.0000 0.0000 1.0000 2.250000 46.750000
0 128.0000 3008.0000 -136.0000 -0.0000 0.0000 1.0000 2.000000 47.000000
xslime0
0 80.0000 3008.0000 -136.0000 0.0000 0.0000 1.0000 1.250000 47.000000
0 144.0000 2944.0000 -136.0000 0.0000 0.0000 1.0000 2.250000 46.000000
0 144.0000 2992.0000 -136.0000 0.0000 0.0000 1.0000 2.250000 46.750000
xslime0
0 80.0000 3008.0000 -136.0000 0.0000 0.0000 1.0000 1.250000 47.000000
0 80.0000 2944.0000 -136.0000 0.0000 0.0000 1.0000 1.250000 46.000000
0 144.0000 2944.0000 -136.0000 0.0000 0.0000 1.0000 2.250000 46.000000
xslime0
0 80.0000 2944.0000 -136.0000 0.0000 0.0000 -1.0000 1.250000 46.000000
0 144.0000 2992.0000 -136.0000 0.0000 0.0000 -1.0000 2.250000 46.750000
0 144.0000 2944.0000 -136.0000 0.0000 0.0000 -1.0000 2.250000 46.000000
xslime0
0 80.0000 2944.0000 -136.0000 0.0000 0.0000 -1.0000 1.250000 46.000000
0 128.0000 3008.0000 -136.0000 0.0000 0.0000 -1.0000 2.000000 47.000000
0 144.0000 2992.0000 -136.0000 0.0000 0.0000 -1.0000 2.250000 46.750000
xslime0
0 80.0000 2944.0000 -136.0000 0.0000 0.0000 -1.0000 1.250000 46.000000
0 112.0000 3008.0000 -136.0000 0.0000 0.0000 -1.0000 1.750000 47.000000
0 128.0000 3008.0000 -136.0000 0.0000 0.0000 -1.0000 2.000000 47.000000
xslime0
0 80.0000 2944.0000 -136.0000 0.0000 0.0000 -1.0000 1.250000 46.000000
0 80.0000 3008.0000 -136.0000 0.0000 0.0000 -1.0000 1.250000 47.000000
0 112.0000 3008.0000 -136.0000 0.0000 0.0000 -1.0000 1.750000 47.000000
xslime0
0 -16.0000 2864.0000 -136.0000 0.0000 0.0000 1.0000 -0.250000 44.750000
0 16.0000 2944.0000 -136.0000 0.0000 0.0000 1.0000 0.250000 46.000000
0 -16.0000 2944.0000 -136.0000 0.0000 0.0000 1.0000 -0.250000 46.000000
xslime0
0 -16.0000 2864.0000 -136.0000 0.0000 0.0000 1.0000 -0.250000 44.750000
0 48.0000 2944.0000 -136.0000 0.0000 0.0000 1.0000 0.750000 46.000000
0 16.0000 2944.0000 -136.0000 0.0000 0.0000 1.0000 0.250000 46.000000
xslime0
0 -16.0000 2864.0000 -136.0000 0.0000 0.0000 1.0000 -0.250000 44.750000
0 80.0000 2944.0000 -136.0000 0.0000 0.0000 1.0000 1.250000 46.000000
0 48.0000 2944.0000 -136.0000 0.0000 0.0000 1.0000 0.750000 46.000000
xslime0
0 -16.0000 2864.0000 -136.0000 0.0000 0.0000 1.0000 -0.250000 44.750000
0 144.0000 2944.0000 -136.0000 0.0000 0.0000 1.0000 2.250000 46.000000
0 80.0000 2944.0000 -136.0000 0.0000 0.0000 1.0000 1.250000 46.000000
xslime0
0 -16.0000 2864.0000 -136.0000 -0.0000 0.0000 1.0000 -0.250000 44.750000
0 144.0000 2656.0000 -136.0000 -0.0000 0.0000 1.0000 2.250000 41.500000
0 144.0000 2944.0000 -136.0000 -0.0000 0.0000 1.0000 2.250000 46.000000
xslime0
0 -16.0000 2864.0000 -136.0000 0.0000 0.0000 1.0000 -0.250000 44.750000
0 128.0000 2640.0000 -136.0000 0.0000 0.0000 1.0000 2.000000 41.250000
0 144.0000 2656.0000 -136.0000 0.0000 0.0000 1.0000 2.250000 41.500000
xslime0
0 -16.0000 2864.0000 -136.0000 0.0000 0.0000 1.0000 -0.250000 44.750000
0 112.0000 2640.0000 -136.0000 0.0000 0.0000 1.0000 1.750000 41.250000
0 128.0000 2640.0000 -136.0000 0.0000 0.0000 1.0000 2.000000 41.250000
xslime0
0 -16.0000 2864.0000 -136.0000 0.0000 0.0000 1.0000 -0.250000 44.750000
0 -16.0000 2640.0000 -136.0000 0.0000 0.0000 1.0000 -0.250000 41.250000
0 112.0000 2640.0000 -136.0000 0.0000 0.0000 1.0000 1.750000 41.250000
xslime0
0 144.0000 2944.0000 -136.0000 0.0000 0.0000 0.0000 2.250000 46.000000
0 48.0000 2944.0000 -136.0000 0.0000 0.0000 0.0000 0.750000 46.000000
0 80.0000 2944.0000 -136.0000 0.0000 0.0000 0.0000 1.250000 46.000000
xslime0
0 144.0000 2944.0000 -136.0000 0.0000 0.0000 0.0000 2.250000 46.000000
0 16.0000 2944.0000 -136.0000 0.0000 0.0000 0.0000 0.250000 46.000000
0 48.0000 2944.0000 -136.0000 0.0000 0.0000 0.0000 0.750000 46.000000
xslime0
0 144.0000 2944.0000 -136.0000 0.0000 0.0000 0.0000 2.250000 46.000000
0 -16.0000 2944.0000 -136.0000 0.0000 0.0000 0.0000 -0.250000 46.000000
0 16.0000 2944.0000 -136.0000 0.0000 0.0000 0.0000 0.250000 46.000000
xslime0
0 144.0000 2944.0000 -136.0000 -0.0000 0.0000 -1.0000 2.250000 46.000000
0 -16.0000 2864.0000 -136.0000 -0.0000 0.0000 -1.0000 -0.250000 44.750000
0 -16.0000 2944.0000 -136.0000 -0.0000 0.0000 -1.0000 -0.250000 46.000000
xslime0
0 144.0000 2944.0000 -136.0000 0.0000 0.0000 -1.0000 2.250000 46.000000
0 -16.0000 2640.0000 -136.0000 0.0000 0.0000 -1.0000 -0.250000 41.250000
0 -16.0000 2864.0000 -136.0000 0.0000 0.0000 -1.0000 -0.250000 44.750000
xslime0
0 144.0000 2944.0000 -136.0000 0.0000 0.0000 -1.0000 2.250000 46.000000
0 112.0000 2640.0000 -136.0000 0.0000 0.0000 -1.0000 1.750000 41.250000
0 -16.0000 2640.0000 -136.0000 0.0000 0.0000 -1.0000 -0.250000 41.250000
xslime0
0 144.0000 2944.0000 -136.0000 0.0000 0.0000 -1.0000 2.250000 46.000000
0 128.0000 2640.0000 -136.0000 0.0000 0.0000 -1.0000 2.000000 41.250000
0 112.0000 2640.0000 -136.0000 0.0000 0.0000 -1.0000 1.750000 41.250000
xslime0
0 144.0000 2944.0000 -136.0000 0.0000 -0.0000 -1.0000 2.250000 46.000000
0 144.0000 2656.0000 -136.0000 0.0000 -0.0000 -1.0000 2.250000 41.500000
0 128.0000 2640.0000 -136.0000 0.0000 -0.0000 -1.0000 2.000000 41.250000
xslime0
0 1352.0000 864.0000 -432.0000 0.0000 0.0000 -1.0000 21.125000 13.500000
0 1272.0000 944.0000 -432.0000 0.0000 0.0000 -1.0000 19.875000 14.750000
0 1352.0000 944.0000 -432.0000 0.0000 0.0000 -1.0000 21.125000 14.750000
xslime0
0 1352.0000 864.0000 -432.0000 0.0000 0.0000 -1.0000 21.125000 13.500000
0 1272.0000 864.0000 -432.0000 0.0000 0.0000 -1.0000 19.875000 13.500000
0 1272.0000 944.0000 -432.0000 0.0000 0.0000 -1.0000 19.875000 14.750000
xslime0
0 1272.0000 864.0000 -432.0000 0.0000 0.0000 1.0000 19.875000 13.500000
0 1352.0000 944.0000 -432.0000 0.0000 0.0000 1.0000 21.125000 14.750000
0 1272.0000 944.0000 -432.0000 0.0000 0.0000 1.0000 19.875000 14.750000
xslime0
0 1272.0000 864.0000 -432.0000 0.0000 0.0000 1.0000 19.875000 13.500000
0 1352.0000 864.0000 -432.0000 0.0000 0.0000 1.0000 21.125000 13.500000
0 1352.0000 944.0000 -432.0000 0.0000 0.0000 1.0000 21.125000 14.750000
end
