version 1
nodes
0 "Pupil" -1
1 "Branch1" -1
2 "Branch2" -1
3 "Branch3" -1
4 "Branch4" -1
5 "Branch5" -1
6 "Branch6" -1
7 "Branch7" -1
8 "Branch8" -1
9 "BottomTent1" -1
10 "BottomTent1.001" 9
11 "BottomTent1.002" 10
12 "BottomTent1.003" 11
13 "BottomTent2" -1
14 "BottomTent2.001" 13
15 "BottomTent2.002" 14
16 "BottomTent2.003" 15
17 "BottomTent3" -1
18 "BottomTent3.001" 17
19 "BottomTent3.002" 18
20 "BottomTent3.003" 19
21 "BottomTent4" -1
22 "BottomTent4.001" 21
23 "BottomTent4.002" 22
24 "BottomTent4.003" 23
25 "BottomTent5" -1
26 "BottomTent5.001" 25
27 "BottomTent5.002" 26
28 "BottomTent5.003" 27
29 "BottomTent6" -1
30 "BottomTent6.001" 29
31 "BottomTent6.002" 30
32 "BottomTent6.003" 31
33 "BottomTent7" -1
34 "BottomTent7.001" 33
35 "BottomTent7.002" 34
36 "BottomTent7.003" 35
37 "BottomTent8" -1
38 "BottomTent8.001" 37
39 "BottomTent8.002" 38
40 "BottomTent8.003" 39
41 "BottomTent1.IK" -1
42 "BottomTent2.IK" -1
43 "BottomTent3.IK" -1
44 "BottomTent4.IK" -1
45 "BottomTent5.IK" -1
46 "BottomTent6.IK" -1
47 "BottomTent7.IK" -1
48 "BottomTent8.IK" -1
49 "CoreTop" -1
50 "CoreBottom" -1
51 "Lens" -1
52 "TopTent1" -1
53 "TopTent1.002" 52
54 "TopTent1.001" 53
55 "TopTent1.003" 54
56 "TopTent2" -1
57 "TopTent2.002" 56
58 "TopTent2.001" 57
59 "TopTent2.003" 58
60 "TopTent3" -1
61 "TopTent3.002" 60
62 "TopTent3.001" 61
63 "TopTent3.003" 62
64 "TopTent4" -1
65 "TopTent4.002" 64
66 "TopTent4.001" 65
67 "TopTent4.003" 66
68 "TopTent5" -1
69 "TopTent5.002" 68
70 "TopTent5.001" 69
71 "TopTent5.003" 70
72 "TopTent6" -1
73 "TopTent6.002" 72
74 "TopTent6.001" 73
75 "TopTent6.003" 74
76 "TopTent7" -1
77 "TopTent7.002" 76
78 "TopTent7.001" 77
79 "TopTent7.003" 78
80 "TopTent8" -1
81 "TopTent8.002" 80
82 "TopTent8.001" 81
83 "TopTent8.003" 82
84 "TopTent1.IK" -1
85 "TopTent2.IK" -1
86 "TopTent3.IK" -1
87 "TopTent4.IK" -1
88 "TopTent5.IK" -1
89 "TopTent6.IK" -1
90 "TopTent7.IK" -1
91 "TopTent8.IK" -1
92 "TopTent1.R" -1
93 "TopTent2.R" -1
94 "TopTent3.R" -1
95 "TopTent4.R" -1
96 "TopTent5.R" -1
97 "TopTent6.R" -1
98 "TopTent7.R" -1
99 "TopTent8.R" -1
end
skeleton
  time 0
  0 0.294936 0.000003 152.007248 1.557374 0.000000 1.570804
  1 42.964340 86.116096 127.078171 1.511111 0.000169 1.212698
  2 -33.682594 87.900299 117.041672 1.483985 -0.001104 2.956859
  3 -88.105186 29.594944 122.930359 1.356024 0.001083 -0.394576
  4 -92.176590 -38.643993 121.741806 1.502908 0.001021 0.186195
  5 -38.139217 -79.047333 126.608215 1.364314 0.007435 0.676434
  6 36.889591 -93.591278 130.564133 1.431409 0.001064 0.064788
  7 89.230431 -36.654758 127.558716 1.512827 0.000554 -1.249619
  8 97.223915 36.680996 125.895508 1.291685 -0.000236 1.580701
  9 -2.138844 60.348717 41.751076 -1.496274 0.001988 0.016637
  10 -0.000002 34.660042 0.000006 0.831967 0.136707 -0.053917
  11 -0.000005 31.472416 -0.000011 0.378979 -0.093504 0.152893
  12 0.000001 37.933605 -0.000008 0.227886 0.603208 0.280306
  13 -49.991817 38.009964 37.750046 -1.432280 0.007956 0.953693
  14 -0.000009 31.641966 0.000005 1.119492 0.177757 -0.042272
  15 -0.000008 37.202099 -0.000008 0.559113 0.232135 -0.275308
  16 -0.000017 49.527695 -0.000016 0.434802 -0.115507 0.587304
  17 -67.475662 -2.734739 37.713646 -2.012072 -0.322135 1.475247
  18 -0.000012 30.638357 0.000013 0.679163 0.216606 0.032697
  19 0.000006 37.179062 0.000024 1.342737 -0.163900 0.558336
  20 -0.000013 50.252289 0.000006 0.207518 0.089745 1.220523
  21 -49.799274 -48.128593 41.089554 -1.603545 -0.137477 1.972676
  22 -0.000003 27.027151 0.000015 0.547224 -0.175405 0.076677
  23 0.000005 34.029251 0.000012 1.687055 0.005273 0.094375
  24 -0.000007 47.109699 0.000031 -0.488285 0.115426 0.297573
  25 -1.885822 -60.850689 36.206367 -1.399289 0.019957 -3.068442
  26 0.000008 28.894094 0.000020 0.934018 -0.101898 -0.020316
  27 0.000007 40.314983 0.000000 1.290844 0.320892 -0.226947
  28 -0.000020 38.588902 -0.000004 -0.058620 0.743367 0.497258
  29 44.874107 -44.052113 37.178146 -1.498151 -0.023559 -2.531263
  30 0.000003 30.233519 0.000001 1.213379 0.020477 0.011088
  31 -0.000006 44.196400 -0.000014 -0.304430 -0.207629 0.905863
  32 -0.000010 47.984364 -0.000003 0.582341 0.328369 -0.653860
  33 67.582657 5.793911 39.283112 -1.873726 0.038417 -1.367835
  34 -0.000001 32.776482 -0.000001 1.052763 -0.414252 -0.053709
  35 -0.000008 31.728645 0.000001 1.470942 0.009522 -0.266129
  36 0.000006 48.066479 0.000004 -0.086751 0.456133 -0.592868
  37 48.079670 49.080940 35.364395 -1.423689 0.003019 -0.684565
  38 -0.000002 28.527903 0.000008 0.902479 0.077731 -0.014804
  39 -0.000002 45.170578 -0.000010 0.139700 0.156203 -0.378554
  40 -0.000029 44.421608 0.000005 0.526756 -0.073607 0.805301
  41 -16.440731 204.488663 -29.862003 -0.000114 -0.041237 0.163121
  42 -130.252197 126.550278 40.218132 0.025978 -0.032029 0.846710
  43 -132.305557 -37.111561 4.666149 -0.233914 0.045393 1.775401
  44 -143.242065 -135.597839 20.676727 -0.235204 0.064786 2.389615
  45 17.238384 -176.046188 69.170486 0.002879 0.041137 -3.045485
  46 173.273041 -145.349548 -10.713924 -0.028510 0.029799 -2.213055
  47 159.954285 28.149387 45.823570 -0.041108 0.003264 -1.484230
  48 137.709763 144.118088 -16.699999 -0.030895 -0.027318 -0.680252
  49 0.000000 0.000000 229.528091 -1.571081 -0.001067 1.627928
  50 0.000000 0.000000 75.205711 1.571863 -0.000285 1.627928
  51 0.278029 -0.000000 152.126984 -1.570796 0.000000 1.570796
  52 -15.716777 39.236946 240.158310 0.601329 -0.007039 0.415120
  53 0.000007 62.346867 0.000009 -0.801202 0.115007 0.270204
  54 -0.000014 62.346867 -0.000023 -1.052901 0.192244 0.328820
  55 -0.000008 62.346920 -0.000023 -0.691789 0.086625 0.239372
  56 16.555017 -39.552219 240.158310 0.298714 -0.128957 -2.483114
  57 0.000011 62.365181 0.000020 0.351107 0.056790 -0.317552
  58 -0.000005 62.365227 -0.000010 0.649189 0.200508 -0.580965
  59 0.000068 62.365150 0.000010 0.492222 0.113131 -0.443428
  60 -39.543037 -16.013739 240.158310 0.028585 0.138617 1.947966
  61 -0.000010 62.361607 0.000009 0.284053 0.127477 -0.297102
  62 0.000011 62.361618 0.000024 0.894827 0.148712 -0.062396
  63 0.000001 62.361614 -0.000028 0.832557 -0.045302 0.352154
  64 38.652832 15.714690 240.158310 0.591735 0.029797 -1.177822
  65 -0.000006 62.294514 -0.000024 -0.268050 -0.046595 -0.342253
  66 -0.000017 62.294502 -0.000010 -0.322906 -0.068349 -0.413811
  67 0.000017 62.294437 -0.000008 -0.214382 -0.029553 -0.272958
  68 -39.156181 15.923013 240.158310 1.348982 -0.169454 1.273230
  69 0.000027 62.358124 -0.000001 0.021579 -0.000067 0.006187
  70 0.000026 62.358116 -0.000010 -0.011647 -0.000019 -0.003339
  71 0.000033 62.358154 -0.000032 0.000026 -0.000000 0.000007
  72 39.767052 -16.282318 240.158310 0.490351 0.042724 -2.038009
  73 -0.000027 62.389469 0.000062 0.497958 -0.070643 0.276189
  74 -0.000003 62.389557 0.000049 0.743359 -0.156375 0.396704
  75 0.000075 62.389477 0.000018 0.523620 -0.078081 0.289498
  76 -16.103676 -39.283638 240.158310 0.862338 0.086168 2.645233
  77 -0.000009 62.362133 0.000002 -0.233772 0.014769 0.125613
  78 -0.000014 62.362198 0.000043 -0.445971 0.053625 0.235450
  79 -0.000029 62.362198 -0.000028 -0.332456 0.029846 0.177438
  80 1.583248 52.694332 245.353317 -0.013961 -0.118478 -0.056852
  81 -0.000013 62.323330 0.000033 0.408930 0.052079 -0.249896
  82 -0.000017 62.323391 0.000033 0.982570 0.296174 -0.543827
  83 0.000008 62.323299 0.000031 0.779175 0.188377 -0.452306
  84 -89.308960 97.560211 151.818680 0.634067 0.000000 0.405211
  85 -9.243876 -136.084137 382.078308 0.633219 -0.000000 -2.738498
  86 -157.362900 -7.645638 365.779907 0.635221 0.000000 1.966451
  87 253.997543 -13.585266 259.507935 0.633273 -0.000000 -1.135419
  88 -103.288254 -9.471458 487.421570 0.635094 0.000000 1.162357
  89 87.373451 35.879353 402.002380 0.632502 -0.000000 -1.970095
  90 -69.952667 -241.267441 323.277832 0.631102 0.000000 2.738329
  91 55.799484 105.503311 353.585571 0.638746 -0.000000 -0.420076
  92 -15.716786 39.236965 240.158340 1.570796 -0.000000 1.570796
  93 16.555004 -39.552216 240.158310 1.570796 -0.000000 1.570796
  94 -39.543041 -16.013742 240.158340 1.570796 -0.000000 1.570796
  95 38.652855 15.714693 240.158310 1.570796 -0.000000 1.570796
  96 -39.156166 15.923010 240.158340 1.570796 -0.000000 1.570796
  97 39.767056 -16.282322 240.158310 1.570796 -0.000000 1.570796
  98 -16.103676 -39.283642 240.158340 1.570796 -0.000000 1.570796
  99 15.440804 39.028652 240.158340 1.570796 -0.000000 1.570796
  time 1
  0 0.298165 0.000003 151.984390 1.557374 0.000000 1.570804
  1 44.930943 90.273438 127.180862 1.511111 0.000169 1.212698
  2 -35.375580 92.142822 116.665161 1.483984 -0.001104 2.956859
  3 -92.396637 31.053614 122.835022 1.356023 0.001083 -0.394576
  4 -96.662437 -40.443466 121.589691 1.502908 0.001021 0.186195
  5 -40.044994 -82.775902 126.688461 1.364314 0.007435 0.676435
  6 38.566147 -98.014267 130.833282 1.431409 0.001064 0.064788
  7 93.406059 -38.359253 127.684357 1.512827 0.000554 -1.249619
  8 101.781189 38.477997 125.941727 1.291685 -0.000236 1.580701
  9 -2.138844 60.348717 41.751076 -1.507091 0.000817 0.015533
  10 -0.000002 34.660038 0.000014 0.834554 0.137812 -0.053699
  11 -0.000006 31.472414 -0.000018 0.386814 -0.093766 0.154601
  12 0.000002 37.933617 -0.000005 0.237250 0.601542 0.288383
  13 -49.991817 38.009964 37.750046 -1.444521 -0.010231 0.896333
  14 -0.000015 31.641972 -0.000000 1.064537 0.231756 -0.048293
  15 -0.000010 37.202095 -0.000010 0.490701 0.240355 -0.319533
  16 -0.000012 49.527695 -0.000016 0.396162 -0.102225 0.552332
  17 -67.475662 -2.734739 37.713646 -2.203946 -0.443928 1.553580
  18 -0.000001 30.638350 0.000017 0.596713 0.217681 -0.026084
  19 0.000012 37.179058 0.000020 1.342079 -0.216635 0.627208
  20 -0.000008 50.252296 0.000008 0.224356 0.079869 1.409390
  21 -49.799274 -48.128593 41.089554 -1.611524 -0.140253 1.970073
  22 -0.000002 27.027157 0.000007 0.556244 -0.173440 0.078495
  23 -0.000007 34.029255 0.000004 1.716703 0.004994 0.099752
  24 -0.000009 47.109726 0.000027 -0.476628 0.117984 0.303654
  25 -1.885822 -60.850689 36.206367 1.510679 3.114857 0.075366
  26 0.000002 28.894087 0.000024 0.817221 -0.106502 -0.002862
  27 0.000012 40.314987 0.000016 1.334539 0.334439 -0.207728
  28 -0.000016 38.588909 -0.000004 -0.028668 0.748616 0.573466
  29 44.874107 -44.052113 37.178146 -1.433858 -0.004160 -2.527246
  30 -0.000003 30.233526 0.000000 1.237629 0.018251 0.018873
  31 -0.000004 44.196388 -0.000024 -0.292731 -0.210245 0.888550
  32 -0.000020 47.984352 -0.000014 0.565901 0.320118 -0.639584
  33 67.582657 5.793911 39.283112 -1.166089 0.048924 -1.466462
  34 0.000007 32.776485 0.000002 1.052966 -0.311615 -0.015468
  35 -0.000005 31.728642 0.000009 0.988864 0.000447 -0.116846
  36 0.000004 48.066456 0.000015 -0.278434 0.496356 -0.417090
  37 48.079670 49.080940 35.364395 -1.479971 0.004822 -0.691080
  38 -0.000005 28.527899 0.000009 0.950579 0.085080 -0.016478
  39 -0.000001 45.170582 -0.000010 0.229570 0.193926 -0.365911
  40 -0.000011 44.421616 0.000005 0.620330 -0.118134 0.873590
  41 -16.495329 203.962738 -29.466238 -0.000114 -0.041237 0.163121
  42 -118.636688 142.294220 26.554611 0.025978 -0.032029 0.846710
  43 -107.640175 -37.675163 -9.764835 -0.233914 0.045393 1.775401
  44 -142.040817 -134.539124 25.086449 -0.235204 0.064786 2.389615
  45 22.337248 -179.311584 32.231140 0.002879 0.041137 -3.045485
  46 176.713760 -147.137070 3.934704 -0.028510 0.029799 -2.213055
  47 187.720413 32.024155 78.201469 -0.041108 0.003264 -1.484230
  48 133.555267 140.550720 -4.156765 -0.030895 -0.027318 -0.680252
  49 0.000000 0.000000 229.528091 -1.571081 -0.001067 1.627928
  50 0.000000 0.000000 75.205711 1.571863 -0.000285 1.627928
  51 0.274800 -0.000000 152.149841 -1.570796 0.000000 1.570796
  52 -15.716777 39.236946 240.158310 0.518596 -0.025874 0.445019
  53 0.000009 62.346851 -0.000009 -0.775790 0.120690 0.293608
  54 -0.000008 62.346863 -0.000011 -0.960841 0.181417 0.345588
  55 -0.000016 62.346943 -0.000037 -0.622755 0.078702 0.243451
  56 16.555017 -39.552219 240.158310 0.390164 -0.088156 -2.581740
  57 0.000000 62.365162 0.000016 0.356134 0.048859 -0.269886
  58 0.000005 62.365211 -0.000020 0.603695 0.141979 -0.449064
  59 0.000040 62.365166 0.000007 0.442660 0.075762 -0.333727
  60 -39.543037 -16.013739 240.158310 0.178605 0.132669 1.872907
  61 0.000001 62.361607 -0.000014 0.310355 0.081524 -0.176680
  62 0.000007 62.361599 0.000024 0.757733 0.059132 0.036952
  63 -0.000002 62.361626 -0.000004 0.670678 -0.045117 0.371154
  64 38.652832 15.714690 240.158310 0.597106 0.026332 -1.172678
  65 -0.000022 62.294537 -0.000029 -0.268921 -0.047372 -0.346731
  66 -0.000017 62.294491 0.000027 -0.326677 -0.070730 -0.422931
  67 0.000027 62.294456 -0.000027 -0.217655 -0.030773 -0.279830
  68 -39.156181 15.923013 240.158310 1.342578 -0.170972 1.275008
  69 0.000024 62.358120 0.000007 0.021679 -0.000068 0.006337
  70 0.000041 62.358089 -0.000025 -0.011630 -0.000020 -0.003400
  71 0.000041 62.358162 -0.000029 -0.000042 -0.000000 -0.000012
  72 39.767052 -16.282318 240.158310 0.679024 -0.005381 -1.963099
  73 -0.000025 62.389481 0.000072 0.547438 -0.027780 0.098872
  74 -0.000005 62.389542 0.000028 0.695331 -0.044185 0.121796
  75 0.000080 62.389523 0.000013 0.460665 -0.019804 0.084406
  76 -16.103676 -39.283638 240.158310 0.842131 0.085299 2.644286
  77 -0.000025 62.362152 0.000008 -0.209838 0.013034 0.123617
  78 -0.000011 62.362171 0.000016 -0.402186 0.047875 0.233832
  79 -0.000019 62.362198 0.000005 -0.300250 0.026687 0.175979
  80 1.583248 52.694332 245.353317 0.078679 -0.081219 -0.204177
  81 -0.000018 62.323326 0.000039 0.431851 0.039351 -0.178948
  82 -0.000026 62.323395 0.000042 0.953585 0.184349 -0.354156
  83 0.000002 62.323254 0.000007 0.735120 0.112036 -0.289230
  84 -99.371140 97.808907 142.433960 0.634067 0.000000 0.405211
  85 -9.849458 -139.122894 402.546082 0.633219 -0.000000 -2.738498
  86 -155.663086 -21.145941 393.251587 0.635221 0.000000 1.966451
  87 252.880920 -14.240377 259.507935 0.633273 -0.000000 -1.135419
  88 -106.088142 -9.921697 491.636169 0.635094 0.000000 1.162357
  89 52.135433 10.818823 435.465759 0.632502 -0.000000 -1.970095
  90 -70.605850 -242.068024 330.482666 0.631102 0.000000 2.738329
  91 56.541565 109.795242 379.481445 0.638746 -0.000000 -0.420076
  92 -15.716786 39.236965 240.158340 1.570796 -0.000000 1.570796
  93 16.555004 -39.552216 240.158310 1.570796 -0.000000 1.570796
  94 -39.543041 -16.013742 240.158340 1.570796 -0.000000 1.570796
  95 38.652855 15.714693 240.158310 1.570796 -0.000000 1.570796
  96 -39.156166 15.923010 240.158340 1.570796 -0.000000 1.570796
  97 39.767056 -16.282322 240.158310 1.570796 -0.000000 1.570796
  98 -16.103676 -39.283642 240.158340 1.570796 -0.000000 1.570796
  99 15.440804 39.028652 240.158340 1.570796 -0.000000 1.570796
  time 2
  0 0.297788 0.000003 151.987061 1.557374 0.000000 1.570804
  1 44.311562 88.964081 127.148529 1.511111 0.000169 1.212698
  2 -34.842377 90.806641 116.783752 1.483985 -0.001104 2.956859
  3 -91.045044 30.594208 122.865051 1.356024 0.001083 -0.394576
  4 -95.249626 -39.876724 121.637619 1.502908 0.001021 0.186195
  5 -39.444771 -81.601593 126.663193 1.364314 0.007435 0.676435
  6 38.038116 -96.621246 130.748505 1.431409 0.001064 0.064788
  7 92.090942 -37.822426 127.644775 1.512827 0.000554 -1.249619
  8 100.345879 37.912033 125.927170 1.291685 -0.000236 1.580701
  9 -2.138844 60.348717 41.751076 -1.524869 -0.001161 0.013861
  10 -0.000002 34.660034 0.000011 0.839815 0.139574 -0.053098
  11 -0.000006 31.472408 -0.000013 0.401060 -0.094268 0.157742
  12 0.000001 37.933609 -0.000011 0.254063 0.598400 0.302824
  13 -49.991817 38.009964 37.750046 -0.908469 -0.104215 0.945950
  14 -0.000010 31.641960 0.000009 1.025495 0.138809 -0.026753
  15 -0.000026 37.202106 -0.000010 0.231792 0.129426 -0.260036
  16 0.000001 49.527721 -0.000014 0.142032 -0.062423 0.390633
  17 -67.475662 -2.734739 37.713646 -2.202989 -0.444169 1.539142
  18 0.000002 30.638346 0.000012 0.622642 0.230335 -0.007331
  19 0.000017 37.179054 0.000027 1.405349 -0.227958 0.654127
  20 -0.000010 50.252289 0.000009 0.277875 0.049244 1.453692
  21 -49.799274 -48.128593 41.089554 -1.615264 -0.141485 1.968728
  22 -0.000002 27.027145 0.000013 0.562270 -0.172533 0.079903
  23 0.000007 34.029255 0.000003 1.734932 0.004529 0.103270
  24 -0.000005 47.109711 0.000026 -0.468922 0.119538 0.307515
  25 -1.885822 -60.850689 36.206367 1.509356 3.117981 0.063175
  26 0.000002 28.894087 0.000026 0.821631 -0.094220 -0.003992
  27 0.000011 40.314995 0.000019 1.343060 0.345465 -0.210317
  28 -0.000013 38.588917 -0.000003 -0.020986 0.747787 0.572734
  29 44.874107 -44.052113 37.178146 -1.336646 0.023336 -2.520503
  30 -0.000004 30.233526 -0.000001 1.274439 0.016059 0.030120
  31 0.000002 44.196400 -0.000020 -0.275365 -0.213993 0.861867
  32 -0.000025 47.984367 -0.000007 0.541445 0.308123 -0.619174
  33 67.582657 5.793911 39.283112 -0.902577 0.049104 -1.516673
  34 -0.000002 32.776478 0.000007 0.824520 -0.250414 0.035636
  35 -0.000000 31.728649 0.000017 0.630607 0.039973 -0.047920
  36 0.000009 48.066456 0.000018 -0.366789 0.522910 -0.358749
  37 48.079670 49.080940 35.364395 -1.493327 0.005348 -0.692329
  38 -0.000002 28.527899 0.000009 1.013239 0.087348 -0.016155
  39 -0.000006 45.170586 -0.000005 0.315583 0.226775 -0.347902
  40 -0.000017 44.421608 0.000001 0.698361 -0.156405 0.922568
  41 -16.691433 203.131470 -28.392014 -0.000114 -0.041237 0.163121
  42 -149.844543 140.594589 60.006813 0.025978 -0.032029 0.846710
  43 -104.776848 -36.514736 1.778347 -0.233914 0.045393 1.775401
  44 -141.147400 -133.922134 28.042412 -0.235204 0.064786 2.389615
  45 17.816317 -179.299835 33.888985 0.002879 0.041137 -3.045485
  46 179.462540 -148.788895 26.603104 -0.028510 0.029799 -2.213055
  47 217.206894 30.447702 51.216156 -0.041108 0.003264 -1.484230
  48 128.701294 137.436203 12.994186 -0.030895 -0.027318 -0.680252
  49 0.000000 0.000000 229.528091 -1.571081 -0.001067 1.627928
  50 0.000000 0.000000 75.205711 1.571863 -0.000285 1.627928
  51 0.275177 -0.000000 152.147186 -1.570796 0.000000 1.570796
  52 -15.716777 39.236946 240.158310 0.720455 0.019484 0.380983
  53 0.000006 62.346851 0.000007 -0.806455 0.112369 0.262169
  54 0.000015 62.346870 -0.000014 -1.148754 0.217130 0.333703
  55 -0.000014 62.346924 -0.000022 -0.770264 0.102894 0.252697
  56 16.555017 -39.552219 240.158310 0.273257 -0.017966 -2.701615
  57 0.000008 62.365177 0.000001 0.442904 0.011074 -0.049179
  58 0.000008 62.365219 -0.000019 0.816271 0.036198 -0.083672
  59 0.000012 62.365192 0.000060 0.599096 0.019997 -0.064729
  60 -39.543037 -16.013739 240.158310 0.254915 0.133308 1.786589
  61 0.000002 62.361599 0.000025 0.183518 0.034681 -0.084570
  62 0.000000 62.361591 0.000028 0.526209 -0.011096 0.189273
  63 0.000012 62.361633 -0.000015 0.496325 -0.060167 0.493116
  64 38.652832 15.714690 240.158310 0.621863 0.009672 -1.148752
  65 -0.000014 62.294529 -0.000018 -0.248108 -0.045954 -0.364508
  66 -0.000010 62.294506 0.000021 -0.312168 -0.074009 -0.462118
  67 0.000028 62.294464 -0.000033 -0.211164 -0.033026 -0.309172
  68 -39.156181 15.923013 240.158310 0.222489 0.077463 0.993233
  69 0.000002 62.358154 0.000013 0.491184 -0.055301 0.219794
  70 -0.000014 62.358170 0.000051 0.923319 -0.189559 0.377603
  71 -0.000001 62.358177 -0.000010 0.687312 -0.107208 0.297654
  72 39.767052 -16.282318 240.158310 0.411142 0.104481 -2.151472
  73 -0.000015 62.389469 0.000060 0.431875 -0.095333 0.428263
  74 -0.000005 62.389519 0.000044 0.691274 -0.255307 0.684802
  75 -0.000008 62.389439 -0.000004 0.511000 -0.135030 0.506609
  76 -16.103676 -39.283638 240.158310 0.805507 0.078327 2.648731
  77 -0.000010 62.362122 -0.000001 -0.178071 0.010635 0.118989
  78 -0.000012 62.362190 0.000022 -0.336991 0.038165 0.223449
  79 -0.000028 62.362213 -0.000030 -0.250802 0.021114 0.167101
  80 1.583248 52.694332 245.353317 -0.017423 -0.074452 -0.189105
  81 -0.000015 62.323315 0.000037 0.411650 0.032178 -0.153834
  82 -0.000031 62.323391 0.000030 1.010275 0.183829 -0.330329
  83 -0.000010 62.323254 0.000002 0.794722 0.116794 -0.276827
  84 -81.734238 96.767891 166.834732 0.634067 0.000000 0.405211
  85 36.298309 -113.301254 412.096497 0.633219 -0.000000 -2.738498
  86 -185.502838 -57.447182 391.010986 0.635221 0.000000 1.966451
  87 249.146240 -17.606386 268.273865 0.633273 -0.000000 -1.135419
  88 -99.434494 -1.328977 382.762024 0.635094 0.000000 1.162357
  89 98.701767 47.524750 363.870483 0.632502 -0.000000 -1.970095
  90 -71.449707 -243.461044 339.277588 0.631102 0.000000 2.738329
  91 52.908424 120.505859 369.348328 0.638746 -0.000000 -0.420076
  92 -15.716786 39.236965 240.158340 1.570796 -0.000000 1.570796
  93 16.555004 -39.552216 240.158310 1.570796 -0.000000 1.570796
  94 -39.543041 -16.013742 240.158340 1.570796 -0.000000 1.570796
  95 38.652855 15.714693 240.158310 1.570796 -0.000000 1.570796
  96 -39.156166 15.923010 240.158340 1.570796 -0.000000 1.570796
  97 39.767056 -16.282322 240.158310 1.570796 -0.000000 1.570796
  98 -16.103676 -39.283642 240.158340 1.570796 -0.000000 1.570796
  99 15.440804 39.028652 240.158340 1.570796 -0.000000 1.570796
  time 3
  0 0.296954 0.000003 151.992966 1.557374 0.000000 1.570804
  1 45.964725 92.458824 127.234848 1.511111 0.000169 1.212698
  2 -36.265537 94.372993 116.467255 1.483984 -0.001104 2.956859
  3 -94.652527 31.820393 122.784912 1.356023 0.001083 -0.394576
  4 -99.020538 -41.389393 121.509766 1.502908 0.001021 0.186195
  5 -41.046803 -84.735909 126.730667 1.364314 0.007435 0.676434
  6 39.447464 -100.339302 130.974747 1.431409 0.001064 0.064788
  7 95.601059 -39.255257 127.750397 1.512827 0.000554 -1.249619
  8 104.176819 39.422626 125.966034 1.291685 -0.000236 1.580701
  9 -2.138844 60.348717 41.751076 -1.548693 -0.003912 0.011851
  10 -0.000002 34.660027 0.000018 0.848304 0.141843 -0.051910
  11 -0.000007 31.472416 -0.000009 0.422280 -0.095095 0.162465
  12 0.000003 37.933620 -0.000004 0.278838 0.593399 0.323979
  13 -49.991817 38.009964 37.750046 -0.794517 -0.178053 0.822840
  14 -0.000012 31.641966 0.000009 0.877534 0.206602 -0.029701
  15 -0.000014 37.202095 -0.000005 0.078773 0.115250 -0.270892
  16 -0.000007 49.527710 -0.000013 0.046943 -0.054366 0.304050
  17 -67.475662 -2.734739 37.713646 -2.068866 -0.350348 1.476127
  18 -0.000004 30.638344 0.000017 0.750759 0.228362 0.085753
  19 0.000010 37.179066 0.000026 1.546744 -0.239870 0.694023
  20 -0.000012 50.252308 0.000017 0.391714 -0.000082 1.435963
  21 -49.799274 -48.128593 41.089554 -1.616775 -0.142073 1.968309
  22 0.000004 27.027153 0.000009 0.565951 -0.172383 0.080961
  23 0.000001 34.029243 0.000007 1.745225 0.003926 0.105583
  24 -0.000019 47.109703 0.000038 -0.464373 0.120568 0.309972
  25 -1.885822 -60.850689 36.206367 1.533716 3.120746 0.053936
  26 0.000002 28.894081 0.000017 0.839055 -0.084812 -0.007052
  27 0.000011 40.314987 0.000016 1.348351 0.352735 -0.213450
  28 -0.000016 38.588917 -0.000006 -0.015063 0.746603 0.566541
  29 44.874107 -44.052113 37.178146 -1.187718 0.062813 -2.505184
  30 -0.000004 30.233519 0.000000 1.317615 0.012513 0.043089
  31 -0.000001 44.196396 -0.000021 -0.263328 -0.209674 0.817520
  32 -0.000034 47.984356 -0.000005 0.484119 0.289372 -0.585216
  33 67.582657 5.793911 39.283112 -1.274889 0.035575 -1.490481
  34 0.000006 32.776478 0.000002 0.910729 -0.291291 0.026749
  35 -0.000008 31.728647 0.000013 0.890706 0.028653 -0.103848
  36 0.000007 48.066463 0.000031 -0.328270 0.493106 -0.445828
  37 48.079670 49.080940 35.364395 -1.454650 0.004688 -0.684676
  38 -0.000002 28.527897 0.000010 1.078422 0.080618 -0.013633
  39 -0.000006 45.170586 -0.000001 0.380178 0.247201 -0.326477
  40 -0.000024 44.421612 0.000001 0.745222 -0.174543 0.942932
  41 -17.115044 202.031952 -26.300100 -0.000114 -0.041237 0.163121
  42 -134.613678 166.955154 41.631737 0.025978 -0.032029 0.846710
  43 -99.803795 -33.280846 34.965210 -0.233914 0.045393 1.775401
  44 -140.499313 -133.659576 29.835396 -0.235204 0.064786 2.389615
  45 13.996066 -178.870834 39.808968 0.002879 0.041137 -3.045485
  46 180.586182 -149.515076 55.862755 -0.028510 0.029799 -2.213055
  47 204.095474 28.606049 35.798103 -0.041108 0.003264 -1.484230
  48 123.181587 135.450638 31.681038 -0.030895 -0.027318 -0.680252
  49 0.000000 0.000000 229.528091 -1.571081 -0.001067 1.627928
  50 0.000000 0.000000 75.205711 1.571863 -0.000285 1.627928
  51 0.276011 -0.000000 152.141266 -1.570796 0.000000 1.570796
  52 -15.716777 39.236946 240.158310 0.926255 0.314975 0.086976
  53 0.000007 62.346844 -0.000006 -0.396821 0.110362 0.536238
  54 -0.000001 62.346859 -0.000010 -0.699697 0.401930 1.018450
  55 -0.000041 62.346886 -0.000032 -0.555067 0.230102 0.770720
  56 16.555017 -39.552219 240.158310 0.190991 0.036124 -2.821098
  57 0.000013 62.365181 -0.000010 0.461093 -0.021592 0.091927
  58 0.000003 62.365231 0.000010 0.907717 -0.079810 0.163327
  59 -0.000003 62.365189 0.000059 0.677407 -0.045740 0.129680
  60 -39.543037 -16.013739 240.158310 0.218912 0.173598 1.680847
  61 -0.000000 62.361599 0.000027 0.100919 0.033547 -0.119629
  62 0.000020 62.361603 0.000010 0.482567 -0.038284 0.324740
  63 0.000006 62.361649 0.000003 0.496239 -0.117681 0.708811
  64 38.652832 15.714690 240.158310 0.650748 -0.021661 -1.106449
  65 -0.000016 62.294518 -0.000039 -0.191181 -0.038545 -0.396767
  66 -0.000006 62.294483 0.000013 -0.253319 -0.069746 -0.534811
  67 0.000023 62.294445 0.000000 -0.175570 -0.032315 -0.363151
  68 -39.156181 15.923013 240.158310 0.733261 -0.007964 1.172122
  69 0.000015 62.358147 0.000006 0.534985 -0.017954 0.065489
  70 0.000007 62.358116 0.000005 0.647310 -0.026004 0.077484
  71 0.000004 62.358166 0.000005 0.422003 -0.011269 0.052599
  72 39.767052 -16.282318 240.158310 0.440187 0.093539 -2.127233
  73 -0.000033 62.389450 0.000047 0.419045 -0.089572 0.415437
  74 -0.000001 62.389545 0.000051 0.656598 -0.228683 0.650364
  75 0.000005 62.389462 0.000003 0.481256 -0.119184 0.477028
  76 -16.103676 -39.283638 240.158310 0.747887 0.059529 2.666137
  77 -0.000012 62.362137 -0.000003 -0.138268 0.007538 0.108752
  78 -0.000019 62.362171 0.000021 -0.247474 0.024218 0.194118
  79 -0.000022 62.362206 0.000006 -0.181505 0.013002 0.142632
  80 1.583248 52.694332 245.353317 0.123639 -0.019794 -0.370697
  81 -0.000025 62.323322 0.000022 0.381878 0.007533 -0.038969
  82 -0.000031 62.323380 0.000024 0.855829 0.036058 -0.079024
  83 -0.000031 62.323242 0.000008 0.656905 0.021778 -0.063885
  84 -100.892639 89.977669 244.420822 0.634067 0.000000 0.405211
  85 60.351986 -97.311081 397.768433 0.633219 -0.000000 -2.738498
  86 -195.478516 -57.880100 369.706970 0.635221 0.000000 1.966451
  87 241.239731 -24.829781 287.913025 0.633273 -0.000000 -1.135419
  88 -47.149113 -3.507026 443.166626 0.635094 0.000000 1.162357
  89 103.875534 49.539806 371.652283 0.632502 -0.000000 -1.970095
  90 -72.423134 -245.287125 349.109436 0.631102 0.000000 2.738329
  91 49.107372 142.861923 399.747925 0.638746 -0.000000 -0.420076
  92 -15.716786 39.236965 240.158340 1.570796 -0.000000 1.570796
  93 16.555004 -39.552216 240.158310 1.570796 -0.000000 1.570796
  94 -39.543041 -16.013742 240.158340 1.570796 -0.000000 1.570796
  95 38.652855 15.714693 240.158310 1.570796 -0.000000 1.570796
  96 -39.156166 15.923010 240.158340 1.570796 -0.000000 1.570796
  97 39.767056 -16.282322 240.158310 1.570796 -0.000000 1.570796
  98 -16.103676 -39.283642 240.158340 1.570796 -0.000000 1.570796
  99 15.440804 39.028652 240.158340 1.570796 -0.000000 1.570796
  time 4
  0 0.297842 0.000003 151.986664 1.557374 0.000000 1.570804
  1 45.021667 90.465210 127.185593 1.511111 0.000169 1.212698
  2 -35.453678 92.338531 116.647797 1.483984 -0.001104 2.956859
  3 -92.594597 31.120903 122.830627 1.356023 0.001083 -0.394576
  4 -96.869370 -40.526474 121.582687 1.502908 0.001021 0.186195
  5 -40.132904 -82.947906 126.692169 1.364314 0.007435 0.676435
  6 38.643486 -98.218292 130.845703 1.431409 0.001064 0.064788
  7 93.598679 -38.437881 127.690140 1.512827 0.000554 -1.249619
  8 101.991409 38.560890 125.943878 1.291685 -0.000236 1.580701
  9 -2.138844 60.348717 41.751076 -1.576682 -0.007284 0.009842
  10 -0.000001 34.660038 0.000010 0.860388 0.144348 -0.049917
  11 -0.000004 31.472408 -0.000018 0.450485 -0.096348 0.168785
  12 0.000002 37.933613 -0.000007 0.311366 0.586144 0.351533
  13 -49.991817 38.009964 37.750046 -1.229894 -0.023617 0.993085
  14 -0.000013 31.641970 -0.000002 1.128459 0.130836 -0.038461
  15 -0.000004 37.202103 -0.000002 0.464830 0.183655 -0.257225
  16 -0.000012 49.527706 -0.000011 0.332135 -0.093621 0.530475
  17 -67.475662 -2.734739 37.713646 -1.696320 -0.130909 1.438990
  18 -0.000001 30.638359 0.000011 0.935786 0.171445 0.163938
  19 0.000007 37.179070 0.000016 1.493247 -0.148162 0.560569
  20 -0.000009 50.252281 0.000027 0.304235 0.074874 1.064955
  21 -49.799274 -48.128593 41.089554 -1.617166 -0.142370 1.968551
  22 -0.000002 27.027157 0.000004 0.567814 -0.172761 0.081720
  23 0.000002 34.029251 0.000009 1.750111 0.003206 0.107064
  24 -0.000006 47.109703 0.000033 -0.462052 0.121280 0.311543
  25 -1.885822 -60.850689 36.206367 -1.457321 0.019376 -3.076737
  26 0.000008 28.894093 0.000020 0.911232 -0.094405 -0.017127
  27 0.000010 40.314987 0.000006 1.314083 0.333226 -0.222580
  28 -0.000019 38.588902 0.000003 -0.040116 0.744367 0.519985
  29 44.874107 -44.052113 37.178146 -1.198647 0.051226 -2.532300
  30 -0.000003 30.233524 -0.000005 1.391317 0.032527 0.061952
  31 -0.000002 44.196384 -0.000016 -0.210324 -0.234315 0.834226
  32 -0.000028 47.984348 -0.000004 0.563276 0.305130 -0.619398
  33 67.582657 5.793911 39.283112 -1.517733 0.040420 -1.431652
  34 0.000011 32.776489 0.000004 0.979669 -0.353100 0.012524
  35 -0.000005 31.728649 0.000005 1.108652 0.007296 -0.143146
  36 0.000009 48.066467 0.000021 -0.262572 0.477775 -0.494007
  37 48.079670 49.080940 35.364395 -1.381052 0.003622 -0.666570
  38 -0.000002 28.527899 0.000012 1.138878 0.063211 -0.011446
  39 -0.000008 45.170582 -0.000003 0.412992 0.250531 -0.309107
  40 -0.000020 44.421600 0.000005 0.754569 -0.171518 0.939319
  41 -17.852156 200.701248 -22.851273 -0.000114 -0.041237 0.163121
  42 -143.663742 122.955795 54.824020 0.025978 -0.032029 0.846710
  43 -120.902603 -30.865658 68.153923 -0.233914 0.045393 1.775401
  44 -140.034012 -133.664032 30.756096 -0.235204 0.064786 2.389615
  45 15.356821 -176.742065 62.303757 0.002879 0.041137 -3.045485
  46 166.036850 -147.908936 78.109291 -0.028510 0.029799 -2.213055
  47 188.186493 35.636745 37.014801 -0.041108 0.003264 -1.484230
  48 117.029938 135.270126 48.831985 -0.030895 -0.027318 -0.680252
  49 0.000000 0.000000 229.528091 -1.571081 -0.001067 1.627928
  50 0.000000 0.000000 75.205711 1.571863 -0.000285 1.627928
  51 0.275123 -0.000000 152.147568 -1.570796 0.000000 1.570796
  52 -15.716777 39.236946 240.158310 0.780814 0.480205 -0.152500
  53 -0.000011 62.346863 0.000010 -0.203211 0.058577 0.559614
  54 -0.000004 62.346878 -0.000002 -0.377932 0.297046 1.327786
  55 -0.000060 62.346886 -0.000049 -0.330671 0.186933 1.023700
  56 16.555017 -39.552219 240.158310 0.010896 0.136967 3.139214
  57 0.000010 62.365204 -0.000004 0.413396 -0.063778 0.301940
  58 0.000000 62.365250 0.000026 0.950698 -0.341525 0.646544
  59 -0.000018 62.365234 0.000048 0.753831 -0.214575 0.531303
  60 -39.543037 -16.013739 240.158310 0.248523 0.214849 1.591701
  61 -0.000004 62.361610 0.000001 0.026207 0.027969 -0.188279
  62 0.000008 62.361618 0.000026 0.402373 -0.054142 0.450890
  63 0.000001 62.361626 -0.000016 0.455605 -0.169357 0.949671
  64 38.652832 15.714690 240.158310 0.649291 -0.041696 -1.079573
  65 -0.000016 62.294533 -0.000017 -0.100960 -0.021604 -0.421269
  66 -0.000016 62.294491 -0.000007 -0.137059 -0.041524 -0.587566
  67 0.000041 62.294460 -0.000005 -0.096374 -0.019604 -0.401068
  68 -39.156181 15.923013 240.158310 0.453480 0.013150 1.140632
  69 0.000006 62.358154 0.000009 0.620144 -0.026136 0.081530
  70 -0.000009 62.358124 0.000005 0.954138 -0.059270 0.114575
  71 0.000004 62.358177 -0.000003 0.666664 -0.030059 0.086763
  72 39.767052 -16.282318 240.158310 0.450628 0.084732 -2.110800
  73 -0.000020 62.389458 0.000045 0.430371 -0.088849 0.401296
  74 0.000000 62.389542 0.000042 0.667769 -0.220726 0.618435
  75 0.000007 62.389454 0.000011 0.486178 -0.114120 0.452777
  76 -16.103676 -39.283638 240.158310 0.651718 0.011969 2.722301
  77 -0.000010 62.362122 -0.000005 -0.084590 0.003459 0.081692
  78 -0.000018 62.362183 0.000041 -0.117770 0.006712 0.113728
  79 -0.000029 62.362175 -0.000036 -0.080357 0.003122 0.077604
  80 1.583248 52.694332 245.353317 0.417332 0.190642 -0.745021
  81 -0.000017 62.323299 0.000033 0.116095 -0.013645 0.233734
  82 -0.000014 62.323345 0.000019 0.266688 -0.076382 0.555003
  83 -0.000033 62.323273 -0.000016 0.212224 -0.047040 0.434738
  84 -85.749817 88.535622 272.575928 0.634067 0.000000 0.405211
  85 71.325401 -83.448990 341.140747 0.633219 -0.000000 -2.738498
  86 -197.086899 -51.287140 354.569580 0.635221 0.000000 1.966451
  87 230.891327 -34.315838 313.970703 0.633273 -0.000000 -1.135419
  88 -47.292503 -0.413495 402.426819 0.635094 0.000000 1.162357
  89 101.712181 49.674953 375.560364 0.632502 -0.000000 -1.970095
  90 -73.465027 -247.386887 359.424927 0.631102 0.000000 2.738329
  91 29.513700 211.812408 386.237610 0.638746 -0.000000 -0.420076
  92 -15.716786 39.236965 240.158340 1.570796 -0.000000 1.570796
  93 16.555004 -39.552216 240.158310 1.570796 -0.000000 1.570796
  94 -39.543041 -16.013742 240.158340 1.570796 -0.000000 1.570796
  95 38.652855 15.714693 240.158310 1.570796 -0.000000 1.570796
  96 -39.156166 15.923010 240.158340 1.570796 -0.000000 1.570796
  97 39.767056 -16.282322 240.158310 1.570796 -0.000000 1.570796
  98 -16.103676 -39.283642 240.158340 1.570796 -0.000000 1.570796
  99 15.440804 39.028652 240.158340 1.570796 -0.000000 1.570796
  time 5
  0 0.298515 0.000003 151.981903 1.557374 0.000000 1.570804
  1 43.086922 86.375229 127.084564 1.511111 0.000169 1.212698
  2 -33.788116 88.164742 117.018219 1.483985 -0.001104 2.956859
  3 -88.372665 29.685863 122.924423 1.356023 0.001083 -0.394575
  4 -92.456200 -38.756157 121.732330 1.502908 0.001021 0.186195
  5 -38.258003 -79.279732 126.613205 1.364314 0.007435 0.676434
  6 36.994091 -93.866966 130.580917 1.431409 0.001064 0.064788
  7 89.490692 -36.761002 127.566559 1.512827 0.000554 -1.249618
  8 97.507973 36.793003 125.898407 1.291685 -0.000236 1.580701
  9 -2.138844 60.348717 41.751076 -1.605685 -0.010909 0.008314
  10 -0.000000 34.660034 0.000013 0.876359 0.146648 -0.046877
  11 -0.000007 31.472418 -0.000005 0.484974 -0.098127 0.176541
  12 0.000003 37.933628 -0.000003 0.350417 0.576383 0.384251
  13 -49.991817 38.009964 37.750046 -1.484690 0.006178 0.910189
  14 -0.000009 31.641964 0.000003 1.083639 0.220449 -0.046372
  15 -0.000003 37.202095 -0.000007 0.538062 0.248977 -0.306540
  16 -0.000010 49.527691 -0.000011 0.434620 -0.112536 0.578369
  17 -67.475662 -2.734739 37.713646 -1.602808 -0.088635 1.444304
  18 -0.000001 30.638351 0.000011 0.925294 0.166031 0.145038
  19 -0.000001 37.179066 0.000015 1.392622 -0.107337 0.476785
  20 -0.000013 50.252285 0.000011 0.218683 0.092634 0.941930
  21 -49.799274 -48.128593 41.089554 -1.616994 -0.142536 1.969228
  22 -0.000001 27.027157 0.000012 0.568439 -0.173477 0.082271
  23 0.000004 34.029251 0.000007 1.751572 0.002404 0.108023
  24 -0.000013 47.109718 0.000031 -0.461169 0.121806 0.312584
  25 -1.885822 -60.850689 36.206367 -1.406957 0.006863 -3.110068
  26 0.000006 28.894091 0.000016 0.935035 -0.061080 -0.019926
  27 0.000008 40.314991 0.000001 1.296524 0.352774 -0.239184
  28 -0.000017 38.588905 0.000002 -0.051727 0.741676 0.483173
  29 44.874107 -44.052113 37.178146 -1.296171 0.024706 -2.547138
  30 -0.000008 30.233522 -0.000005 1.371532 0.039932 0.055269
  31 -0.000005 44.196388 -0.000026 -0.205334 -0.247074 0.861630
  32 -0.000034 47.984367 -0.000003 0.620510 0.322711 -0.647209
  33 67.582657 5.793911 39.283112 -1.400574 0.051444 -1.418674
  34 0.000009 32.776493 0.000000 1.003446 -0.364548 0.007312
  35 -0.000001 31.728649 0.000007 1.068676 -0.010006 -0.118070
  36 -0.000005 48.066448 0.000021 -0.269947 0.487736 -0.455865
  37 48.079670 49.080940 35.364395 -1.304171 0.003988 -0.638823
  38 -0.000001 28.527899 0.000008 1.182619 0.036276 -0.010824
  39 -0.000006 45.170582 -0.000006 0.417265 0.238976 -0.296942
  40 -0.000019 44.421600 -0.000003 0.735925 -0.157887 0.924330
  41 -18.988768 199.176392 -17.706297 -0.000114 -0.041237 0.163121
  42 -120.396049 136.342987 28.910378 0.025978 -0.032029 0.846710
  43 -140.456512 -31.479689 68.155304 -0.233914 0.045393 1.775401
  44 -139.688950 -133.848251 31.095314 -0.235204 0.064786 2.389615
  45 2.974905 -176.428207 69.881874 0.002879 0.041137 -3.045485
  46 164.266464 -149.246948 64.281136 -0.028510 0.029799 -2.213055
  47 187.435196 43.711052 50.895134 -0.041108 0.003264 -1.484230
  48 110.280075 137.570740 61.375214 -0.030895 -0.027318 -0.680252
  49 0.000000 0.000000 229.528091 -1.571081 -0.001067 1.627928
  50 0.000000 0.000000 75.205711 1.571863 -0.000285 1.627928
  51 0.274450 -0.000000 152.152328 -1.570796 0.000000 1.570796
  52 -15.716777 39.236946 240.158310 1.140536 -0.005058 0.409331
  53 0.000002 62.346863 0.000005 -0.842810 -0.004356 -0.009718
  54 0.000004 62.346855 -0.000002 -1.560694 -0.012886 -0.013017
  55 -0.000011 62.346912 -0.000012 -1.085011 -0.006940 -0.011511
  56 16.555017 -39.552219 240.158310 0.271334 0.368378 2.812390
  57 0.000006 62.365185 -0.000000 0.138265 -0.040211 0.565272
  58 0.000006 62.365219 -0.000019 0.257588 -0.223916 1.429822
  59 -0.000022 62.365238 0.000072 0.232588 -0.144657 1.110312
  60 -39.543037 -16.013739 240.158310 0.169992 0.130425 1.836927
  61 0.000001 62.361603 0.000014 0.253459 0.062058 -0.144230
  62 0.000008 62.361588 0.000018 0.689848 0.025889 0.103213
  63 0.000004 62.361622 -0.000026 0.627130 -0.062624 0.435163
  64 38.652832 15.714690 240.158310 0.632900 -0.024450 -1.102103
  65 -0.000020 62.294529 -0.000006 -0.000332 -0.000070 -0.416983
  66 -0.000003 62.294479 -0.000007 -0.000439 -0.000127 -0.564829
  67 0.000056 62.294422 -0.000020 -0.000306 -0.000059 -0.381693
  68 -39.156181 15.923013 240.158310 0.213066 0.075024 0.996486
  69 0.000003 62.358147 -0.000020 0.503267 -0.055411 0.214764
  70 -0.000010 62.358170 0.000050 0.950266 -0.190760 0.367738
  71 -0.000001 62.358173 -0.000000 0.707257 -0.108161 0.291214
  72 39.767052 -16.282318 240.158310 0.451107 0.080463 -2.103652
  73 -0.000028 62.389454 0.000053 0.440925 -0.088176 0.388744
  74 0.000005 62.389542 0.000041 0.683459 -0.217394 0.595381
  75 -0.000011 62.389442 -0.000001 0.495958 -0.112147 0.436347
  76 -16.103676 -39.283638 240.158310 0.544912 -0.057855 2.825081
  77 -0.000009 62.362122 0.000003 -0.012475 0.000097 0.015558
  78 -0.000014 62.362202 0.000049 0.002147 0.000003 -0.002678
  79 -0.000024 62.362164 -0.000013 0.002281 0.000003 -0.002845
  80 1.583248 52.694332 245.353317 0.605780 0.258130 -0.778063
  81 -0.000017 62.323284 0.000024 -0.008800 0.001258 0.283868
  82 -0.000018 62.323341 0.000000 -0.019437 0.006734 0.666891
  83 -0.000029 62.323299 -0.000035 -0.015551 0.004117 0.517561
  84 -38.954033 95.366425 211.256195 0.634067 0.000000 0.405211
  85 73.922913 -75.663696 293.382568 0.633219 -0.000000 -2.738498
  86 -170.435623 -37.515003 389.328064 0.635221 0.000000 1.966451
  87 219.831085 -44.469826 341.992249 0.633273 -0.000000 -1.135419
  88 -95.923485 -1.006198 380.654602 0.635094 0.000000 1.162357
  89 99.770912 48.383137 377.992981 0.632502 -0.000000 -1.970095
  90 -74.514275 -249.600906 369.671143 0.631102 0.000000 2.738329
  91 25.040510 222.881012 365.971436 0.638746 -0.000000 -0.420076
  92 -15.716786 39.236965 240.158340 1.570796 -0.000000 1.570796
  93 16.555004 -39.552216 240.158310 1.570796 -0.000000 1.570796
  94 -39.543041 -16.013742 240.158340 1.570796 -0.000000 1.570796
  95 38.652855 15.714693 240.158310 1.570796 -0.000000 1.570796
  96 -39.156166 15.923010 240.158340 1.570796 -0.000000 1.570796
  97 39.767056 -16.282322 240.158310 1.570796 -0.000000 1.570796
  98 -16.103676 -39.283642 240.158340 1.570796 -0.000000 1.570796
  99 15.440804 39.028652 240.158340 1.570796 -0.000000 1.570796
  time 6
  0 0.298703 0.000003 151.980576 1.557374 0.000000 1.570804
  1 41.251808 82.495865 126.988739 1.511111 0.000169 1.212698
  2 -32.208328 84.205879 117.369537 1.483984 -0.001104 2.956859
  3 -84.368149 28.324722 123.013412 1.356024 0.001083 -0.394576
  4 -88.270294 -37.077003 121.874252 1.502908 0.001021 0.186195
  5 -36.479656 -75.800468 126.538330 1.364314 0.007435 0.676435
  6 35.429634 -89.739708 130.329773 1.431409 0.001064 0.064788
  7 85.594269 -35.170479 127.449310 1.512828 0.000554 -1.249619
  8 93.255402 35.116150 125.855255 1.291685 -0.000236 1.580701
  9 -2.138844 60.348717 41.751076 -1.630971 -0.014195 0.007907
  10 -0.000000 34.660034 0.000014 0.896662 0.148082 -0.042540
  11 -0.000008 31.472414 -0.000010 0.524141 -0.100488 0.185381
  12 0.000002 37.933620 -0.000008 0.393394 0.564298 0.419765
  13 -49.991817 38.009964 37.750046 -2.076039 0.142579 0.843476
  14 0.000008 31.641958 0.000012 1.034433 0.255972 -0.034991
  15 -0.000014 37.202103 -0.000003 0.892679 0.377493 -0.242514
  16 -0.000010 49.527695 -0.000007 0.812170 -0.247658 0.786913
  17 -67.475662 -2.734739 37.713646 -1.766672 -0.166473 1.433809
  18 -0.000001 30.638353 0.000015 0.840785 0.195386 0.115800
  19 0.000005 37.179066 0.000021 1.413388 -0.131468 0.517699
  20 -0.000009 50.252289 0.000022 0.246586 0.079142 1.061959
  21 -49.799274 -48.128593 41.089554 -1.616566 -0.142649 1.970127
  22 -0.000004 27.027157 0.000016 0.568441 -0.174366 0.082722
  23 0.000002 34.029251 0.000001 1.751343 0.001555 0.108732
  24 -0.000005 47.109707 0.000030 -0.461002 0.122248 0.313373
  25 -1.885822 -60.850689 36.206367 -1.429570 0.015957 -3.084289
  26 0.000008 28.894093 0.000018 0.924196 -0.086628 -0.018805
  27 0.000009 40.314983 0.000004 1.305468 0.336320 -0.227913
  28 -0.000020 38.588913 -0.000006 -0.046292 0.743427 0.505311
  29 44.874107 -44.052113 37.178146 -1.152056 0.077586 -2.484720
  30 -0.000001 30.233524 -0.000002 1.259613 -0.000069 0.029898
  31 -0.000007 44.196388 -0.000018 -0.302521 -0.191438 0.788202
  32 -0.000015 47.984360 -0.000011 0.409591 0.275648 -0.550002
  33 67.582657 5.793911 39.283112 -1.358374 0.054525 -1.422118
  34 0.000008 32.776489 -0.000002 0.994505 -0.360011 0.011192
  35 0.000002 31.728661 0.000011 1.033532 -0.009351 -0.108091
  36 0.000007 48.066456 0.000032 -0.281682 0.490735 -0.446253
  37 48.079670 49.080940 35.364395 -1.257863 0.009017 -0.602656
  38 0.000001 28.527905 0.000008 1.196910 0.001742 -0.010395
  39 -0.000006 45.170578 -0.000002 0.405506 0.218252 -0.285861
  40 -0.000024 44.421604 0.000007 0.707754 -0.147863 0.912840
  41 -20.610880 197.494507 -10.525955 -0.000114 -0.041237 0.163121
  42 -95.403954 103.308067 4.881229 0.025978 -0.032029 0.846710
  43 -138.949356 -33.305759 47.954285 -0.233914 0.045393 1.775401
  44 -139.401627 -134.124863 31.143768 -0.235204 0.064786 2.389615
  45 12.255148 -176.466171 66.329384 0.002879 0.041137 -3.045485
  46 189.079254 -150.642288 40.831413 -0.028510 0.029799 -2.213055
  47 189.525589 44.711174 51.556091 -0.041108 0.003264 -1.484230
  48 102.965775 143.028595 66.238922 -0.030895 -0.027318 -0.680252
  49 0.000000 0.000000 229.528091 -1.571081 -0.001067 1.627928
  50 0.000000 0.000000 75.205711 1.571863 -0.000285 1.627928
  51 0.274262 -0.000000 152.153656 -1.570796 0.000000 1.570796
  52 -15.716777 39.236946 240.158310 0.691740 -0.022906 0.434548
  53 0.000006 62.346840 -0.000010 -0.795559 -0.203238 -0.476162
  54 0.000001 62.346889 0.000008 -1.075969 -0.365147 -0.600155
  55 -0.000018 62.346966 -0.000041 -0.706016 -0.160360 -0.429450
  56 16.555017 -39.552219 240.158310 0.403688 0.481669 2.731660
  57 0.000012 62.365173 0.000003 0.010311 -0.003014 0.569095
  58 0.000014 62.365204 -0.000014 0.019130 -0.019110 1.569945
  59 -0.000047 62.365231 0.000054 0.018029 -0.012742 1.230633
  60 -39.543037 -16.013739 240.158310 0.209964 0.128150 1.854152
  61 0.000003 62.361595 0.000016 0.285116 0.064507 -0.142251
  62 0.000012 62.361591 0.000017 0.692684 0.034566 0.074858
  63 -0.000005 62.361633 0.000009 0.615580 -0.046995 0.391752
  64 38.652832 15.714690 240.158310 0.642708 0.028520 -1.173883
  65 0.000004 62.294514 -0.000034 0.078119 0.015183 -0.383735
  66 0.000011 62.294502 0.000045 0.094239 0.022497 -0.468364
  67 0.000027 62.294456 0.000017 0.062947 0.009728 -0.306561
  68 -39.156181 15.923013 240.158310 0.894315 -0.000245 1.162613
  69 0.000004 62.358124 -0.000022 0.603868 -0.000243 0.000778
  70 -0.000022 62.358158 0.000037 0.646720 -0.000276 0.000826
  71 -0.000001 62.358173 -0.000001 0.402577 -0.000110 0.000537
  72 39.767052 -16.282318 240.158310 0.443361 0.079274 -2.102840
  73 -0.000039 62.389465 0.000064 0.451151 -0.087361 0.376424
  74 -0.000005 62.389519 0.000022 0.703568 -0.216980 0.576918
  75 0.000015 62.389465 0.000007 0.510089 -0.112187 0.424268
  76 -16.103676 -39.283638 240.158310 0.570857 -0.056239 2.820337
  77 -0.000005 62.362129 0.000017 -0.009889 0.000084 0.016983
  78 -0.000021 62.362186 -0.000004 0.001176 0.000001 -0.002020
  79 -0.000021 62.362175 -0.000002 0.001684 0.000003 -0.002892
  80 1.583248 52.694332 245.353317 -0.032863 0.079953 -0.674627
  81 -0.000016 62.323318 -0.000001 0.294045 -0.017786 0.119961
  82 -0.000013 62.323372 0.000042 0.874785 -0.151796 0.322432
  83 -0.000048 62.323231 -0.000017 0.715339 -0.103055 0.274247
  84 12.946620 100.481270 175.589325 0.634067 0.000000 0.405211
  85 63.783714 -80.091530 281.784424 0.633219 -0.000000 -2.738498
  86 -162.341675 -31.790913 397.176575 0.635221 0.000000 1.966451
  87 209.789001 -53.697071 367.522949 0.633273 -0.000000 -1.135419
  88 -0.723113 -0.985192 438.247314 0.635094 0.000000 1.162357
  89 97.947098 46.041836 379.391602 0.632502 -0.000000 -1.970095
  90 -75.509773 -251.769791 379.294739 0.631102 0.000000 2.738329
  91 40.266014 167.365555 369.348694 0.638746 -0.000000 -0.420076
  92 -15.716786 39.236965 240.158340 1.570796 -0.000000 1.570796
  93 16.555004 -39.552216 240.158310 1.570796 -0.000000 1.570796
  94 -39.543041 -16.013742 240.158340 1.570796 -0.000000 1.570796
  95 38.652855 15.714693 240.158310 1.570796 -0.000000 1.570796
  96 -39.156166 15.923010 240.158340 1.570796 -0.000000 1.570796
  97 39.767056 -16.282322 240.158310 1.570796 -0.000000 1.570796
  98 -16.103676 -39.283642 240.158340 1.570796 -0.000000 1.570796
  99 15.440804 39.028652 240.158340 1.570796 -0.000000 1.570796
  time 7
  0 0.297654 0.000003 151.987991 1.557374 0.000000 1.570804
  1 40.646835 81.216957 126.957153 1.511111 0.000169 1.212698
  2 -31.687517 82.900764 117.485367 1.483984 -0.001104 2.956859
  3 -83.047989 27.875998 123.042740 1.356024 0.001083 -0.394576
  4 -86.890335 -36.523434 121.921036 1.502908 0.001021 0.186195
  5 -35.893387 -74.653458 126.513626 1.364314 0.007435 0.676434
  6 34.913879 -88.379082 130.246979 1.431409 0.001064 0.064788
  7 84.309731 -34.646130 127.410660 1.512827 0.000554 -1.249619
  8 91.853462 34.563351 125.841019 1.291685 -0.000236 1.580701
  9 -2.138844 60.348717 41.751076 -1.645497 -0.016972 0.009460
  10 -0.000000 34.660034 0.000015 0.921862 0.147758 -0.036577
  11 -0.000007 31.472406 -0.000007 0.565078 -0.103297 0.195036
  12 0.000001 37.933617 -0.000004 0.436197 0.550885 0.454810
  13 -49.991817 38.009964 37.750046 -1.606221 -0.007195 0.804902
  14 0.000005 31.641966 0.000011 0.961874 0.321572 -0.064508
  15 -0.000010 37.202114 -0.000001 0.433392 0.270823 -0.392881
  16 -0.000003 49.527702 -0.000015 0.393747 -0.098136 0.540767
  17 -67.475662 -2.734739 37.713646 -1.455021 -0.029522 1.487486
  18 -0.000006 30.638359 0.000015 0.815585 0.137389 0.076012
  19 0.000002 37.179062 0.000020 1.089465 -0.064230 0.297517
  20 -0.000003 50.252277 0.000009 0.003969 0.107727 0.696646
  21 -49.799274 -48.128593 41.089554 -1.616110 -0.142754 1.971045
  22 -0.000005 27.027151 0.000014 0.568442 -0.175274 0.083179
  23 0.000002 34.029251 0.000009 1.751084 0.000692 0.109447
  24 0.000001 47.109711 0.000040 -0.460839 0.122694 0.314169
  25 -1.885822 -60.850689 36.206367 -1.429005 0.016371 -3.082899
  26 0.000007 28.894089 0.000013 0.924241 -0.087997 -0.018824
  27 0.000011 40.314991 0.000006 1.305070 0.335194 -0.227556
  28 -0.000020 38.588909 -0.000005 -0.046682 0.743477 0.505604
  29 44.874107 -44.052113 37.178146 -0.964655 0.117971 -2.459308
  30 -0.000004 30.233521 -0.000007 1.340100 -0.002761 0.051539
  31 0.000001 44.196396 -0.000016 -0.277637 -0.190889 0.745691
  32 -0.000018 47.984367 -0.000008 0.364295 0.260636 -0.522416
  33 67.582657 5.793911 39.283112 -1.227027 0.038493 -1.486210
  34 0.000013 32.776485 -0.000005 0.945594 -0.295042 0.016865
  35 -0.000003 31.728651 0.000012 0.906525 0.022000 -0.103706
  36 0.000019 48.066467 0.000033 -0.316244 0.495887 -0.433793
  37 48.079670 49.080940 35.364395 -1.091227 0.016211 -0.542011
  38 -0.000008 28.527903 -0.000004 1.137714 -0.052929 0.000978
  39 -0.000002 45.170570 -0.000002 0.239933 0.143045 -0.299016
  40 -0.000011 44.421585 0.000015 0.525860 -0.063431 0.788805
  41 -22.804487 195.692581 -0.971004 -0.000114 -0.041237 0.163121
  42 -88.153786 153.637604 -6.897560 0.025978 -0.032029 0.846710
  43 -186.722610 -35.608818 39.300148 -0.233914 0.045393 1.775401
  44 -139.109467 -134.406525 31.192238 -0.235204 0.064786 2.389615
  45 12.730529 -176.451248 66.329353 0.002879 0.041137 -3.045485
  46 182.911148 -146.598450 86.525299 -0.028510 0.029799 -2.213055
  47 201.735687 29.747389 48.904411 -0.041108 0.003264 -1.484230
  48 103.191498 165.404785 64.202286 -0.030895 -0.027318 -0.680252
  49 0.000000 0.000000 229.528091 -1.571081 -0.001067 1.627928
  50 0.000000 0.000000 75.205711 1.571863 -0.000285 1.627928
  51 0.275311 -0.000000 152.146240 -1.570796 0.000000 1.570796
  52 -15.716777 39.236946 240.158310 0.459656 -0.002866 0.409919
  53 0.000000 62.346859 0.000012 -0.933575 0.012817 0.025433
  54 0.000007 62.346882 -0.000040 -1.115612 0.017733 0.028422
  55 -0.000014 62.346912 -0.000010 -0.694126 0.007322 0.020242
  56 16.555017 -39.552219 240.158310 -0.246419 0.050954 -2.997268
  57 0.000014 62.365215 0.000004 0.456064 -0.032204 0.138559
  58 0.000009 62.365231 -0.000013 1.316596 -0.239264 0.308391
  59 -0.000012 62.365227 0.000052 1.059635 -0.162945 0.277050
  60 -39.543037 -16.013739 240.158310 0.711970 0.159576 1.729562
  61 0.000003 62.361614 0.000006 -0.133486 -0.015779 -0.016566
  62 0.000015 62.361595 0.000016 -0.193679 0.007193 0.297142
  63 0.000001 62.361599 -0.000024 -0.054242 0.042670 0.547598
  64 38.652832 15.714690 240.158310 0.681262 0.092664 -1.255433
  65 -0.000015 62.294518 -0.000014 0.118015 0.020295 -0.340227
  66 0.000026 62.294495 0.000034 0.123696 0.022360 -0.357231
  67 0.000039 62.294449 0.000018 0.077769 0.008672 -0.222010
  68 -39.156181 15.923013 240.158310 0.326601 0.042842 1.080269
  69 0.000008 62.358158 0.000010 0.542704 -0.043829 0.157239
  70 -0.000017 62.358166 0.000025 0.926476 -0.122763 0.244856
  71 0.000006 62.358215 -0.000004 0.668950 -0.065913 0.189163
  72 39.767052 -16.282318 240.158310 0.430478 0.079416 -2.105040
  73 -0.000020 62.389458 0.000060 0.461751 -0.086399 0.363714
  74 -0.000007 62.389523 0.000027 0.727364 -0.217903 0.559699
  75 0.000066 62.389462 0.000028 0.527483 -0.113193 0.413630
  76 -16.103676 -39.283638 240.158310 0.591248 -0.055436 2.817427
  77 -0.000010 62.362144 0.000013 -0.006555 0.000055 0.016822
  78 -0.000016 62.362186 0.000020 0.000724 0.000001 -0.001856
  79 -0.000020 62.362183 0.000010 0.001098 0.000002 -0.002817
  80 1.583248 52.694332 245.353317 0.025746 -0.053202 -0.266153
  81 -0.000018 62.323318 0.000020 0.407812 0.022381 -0.108137
  82 -0.000030 62.323376 0.000018 0.972480 0.120247 -0.226794
  83 -0.000014 62.323277 0.000026 0.758016 0.075136 -0.188192
  84 -46.762196 101.194870 129.917419 0.634067 0.000000 0.405211
  85 49.504547 -93.746254 322.038086 0.633219 -0.000000 -2.738498
  86 -227.103470 -89.726250 355.692932 0.635221 0.000000 1.966451
  87 202.495071 -60.402866 386.108154 0.633273 -0.000000 -1.135419
  88 -81.086746 -1.602668 397.511658 0.635094 0.000000 1.162357
  89 96.136040 43.028519 380.197998 0.632502 -0.000000 -1.970095
  90 -76.390427 -253.734207 387.742676 0.631102 0.000000 2.738329
  91 51.805920 127.807426 381.170410 0.638746 -0.000000 -0.420076
  92 -15.716786 39.236965 240.158340 1.570796 -0.000000 1.570796
  93 16.555004 -39.552216 240.158310 1.570796 -0.000000 1.570796
  94 -39.543041 -16.013742 240.158340 1.570796 -0.000000 1.570796
  95 38.652855 15.714693 240.158310 1.570796 -0.000000 1.570796
  96 -39.156166 15.923010 240.158340 1.570796 -0.000000 1.570796
  97 39.767056 -16.282322 240.158310 1.570796 -0.000000 1.570796
  98 -16.103676 -39.283642 240.158340 1.570796 -0.000000 1.570796
  99 15.440804 39.028652 240.158340 1.570796 -0.000000 1.570796
  time 8
  0 0.296849 0.000003 151.993698 1.557374 0.000000 1.570804
  1 38.559155 76.803665 126.848129 1.511111 0.000169 1.212698
  2 -29.890295 78.397041 117.885056 1.483984 -0.001104 2.956859
  3 -78.492310 26.327517 123.143951 1.356023 0.001083 -0.394576
  4 -82.128288 -34.613171 122.082504 1.502908 0.001021 0.186195
  5 -33.870277 -70.695320 126.428452 1.364314 0.007435 0.676434
  6 33.134102 -83.683777 129.961273 1.431409 0.001064 0.064788
  7 79.877022 -32.836693 127.277283 1.512828 0.000554 -1.249619
  8 87.015587 32.655704 125.791962 1.291685 -0.000236 1.580701
  9 -2.138844 60.348717 41.751076 -1.639348 -0.018284 0.014067
  10 -0.000000 34.660027 0.000017 0.952510 0.144347 -0.028592
  11 -0.000008 31.472412 -0.000005 0.603361 -0.106221 0.204758
  12 0.000002 37.933617 -0.000004 0.472949 0.538394 0.484491
  13 -49.991817 38.009964 37.750046 -1.233192 -0.068259 0.886199
  14 -0.000010 31.641966 0.000007 1.024567 0.224226 -0.047009
  15 -0.000017 37.202095 -0.000010 0.348629 0.192566 -0.320039
  16 -0.000012 49.527691 -0.000007 0.265612 -0.076062 0.466541
  17 -67.475662 -2.734739 37.713646 -2.010288 -0.320826 1.474171
  18 -0.000008 30.638350 0.000011 0.681256 0.216953 0.034006
  19 0.000009 37.179062 0.000025 1.345568 -0.163881 0.558844
  20 -0.000017 50.252289 0.000006 0.209723 0.088821 1.220552
  21 -49.799274 -48.128593 41.089554 -1.615839 -0.142892 1.971780
  22 0.000002 27.027149 0.000004 0.569067 -0.176050 0.083748
  23 0.000002 34.029243 0.000007 1.752436 -0.000157 0.110420
  24 -0.000014 47.109711 0.000035 -0.459972 0.123228 0.315224
  25 -1.885822 -60.850689 36.206367 -1.428643 0.015916 -3.084299
  26 0.000007 28.894091 0.000019 0.924602 -0.086609 -0.018859
  27 0.000008 40.314983 0.000001 1.305152 0.336235 -0.228014
  28 -0.000023 38.588921 -0.000007 -0.046537 0.743407 0.504920
  29 44.874107 -44.052113 37.178146 -1.235690 0.029465 -2.578811
  30 -0.000002 30.233526 0.000003 1.462973 0.068055 0.083331
  31 0.000003 44.196404 -0.000018 -0.145767 -0.265609 0.845038
  32 -0.000026 47.984360 0.000005 0.664437 0.332610 -0.665555
  33 67.582657 5.793911 39.283112 -1.015368 0.043305 -1.509738
  34 0.000010 32.776478 0.000007 0.868098 -0.264113 0.031238
  35 -0.000005 31.728649 0.000018 0.722999 0.033932 -0.064020
  36 0.000003 48.066444 0.000018 -0.354868 0.513821 -0.383941
  37 48.079670 49.080940 35.364395 -1.233697 0.003436 -0.626938
  38 -0.000004 28.527903 0.000009 1.085388 0.023974 -0.005614
  39 -0.000004 45.170570 -0.000004 0.257206 0.179279 -0.329129
  40 -0.000013 44.421604 0.000011 0.584401 -0.085955 0.826164
  41 -25.655590 193.807755 11.297779 -0.000114 -0.041237 0.163121
  42 -124.285835 152.860886 31.737366 0.025978 -0.032029 0.846710
  43 -132.307663 -37.044720 5.387608 -0.233914 0.045393 1.775401
  44 -138.749969 -134.605927 31.531441 -0.235204 0.064786 2.389615
  45 12.237126 -176.451004 66.452171 0.002879 0.041137 -3.045485
  46 143.655655 -146.994797 95.546539 -0.028510 0.029799 -2.213055
  47 212.567978 30.159042 49.674591 -0.041108 0.003264 -1.484230
  48 123.102913 154.324631 43.835114 -0.030895 -0.027318 -0.680252
  49 0.000000 0.000000 229.528091 -1.571081 -0.001067 1.627928
  50 0.000000 0.000000 75.205711 1.571863 -0.000285 1.627928
  51 0.276116 -0.000000 152.140533 -1.570796 -0.000000 1.570796
  52 -15.716777 39.236946 240.158310 0.916837 0.101554 0.301621
  53 0.000000 62.346851 0.000005 -0.716675 0.127899 0.338704
  54 0.000015 62.346874 -0.000003 -1.174440 0.326648 0.485450
  55 -0.000046 62.346939 -0.000059 -0.826794 0.168939 0.381342
  56 16.555017 -39.552219 240.158310 -0.016592 0.015256 -2.786394
  57 0.000009 62.365177 0.000015 0.480604 -0.008929 0.036434
  58 0.000010 62.365246 0.000015 1.121738 -0.044635 0.071038
  59 -0.000045 62.365208 0.000058 0.866300 -0.027785 0.060070
  60 -39.543037 -16.013739 240.158310 0.589053 0.084238 1.845247
  61 -0.000009 62.361618 0.000015 -0.005611 -0.000432 0.003155
  62 0.000016 62.361603 0.000004 0.036978 -0.003527 0.157121
  63 0.000012 62.361633 -0.000009 0.095608 0.024371 0.350405
  64 38.652832 15.714690 240.158310 0.705853 0.125761 -1.294176
  65 -0.000027 62.294521 -0.000029 0.127607 0.020492 -0.318041
  66 0.000030 62.294487 0.000045 0.122061 0.018710 -0.303835
  67 0.000031 62.294456 0.000027 0.073673 0.006721 -0.181866
  68 -39.156181 15.923013 240.158310 0.982858 -0.057779 1.217476
  69 0.000019 62.358139 -0.000009 0.353507 -0.014232 0.079638
  70 0.000028 62.358116 0.000006 0.280960 -0.009020 0.063761
  71 0.000001 62.358154 -0.000021 0.154319 -0.002732 0.035329
  72 39.767052 -16.282318 240.158310 0.415767 0.079397 -2.107300
  73 -0.000025 62.389462 0.000060 0.472989 -0.085168 0.349985
  74 -0.000006 62.389542 0.000037 0.753281 -0.218418 0.540848
  75 0.000052 62.389442 0.000028 0.546473 -0.114043 0.401883
  76 -16.103676 -39.283638 240.158310 0.606461 -0.055111 2.815706
  77 -0.000009 62.362144 0.000011 -0.003812 0.000031 0.016097
  78 -0.000015 62.362186 0.000021 0.000464 0.000000 -0.001959
  79 -0.000024 62.362206 -0.000002 0.000651 0.000001 -0.002750
  80 1.583248 52.694332 245.353317 0.062882 -0.055921 -0.267524
  81 -0.000015 62.323311 0.000020 0.413670 0.024430 -0.116297
  82 -0.000028 62.323368 0.000012 0.947510 0.121716 -0.236587
  83 -0.000029 62.323265 -0.000003 0.732723 0.074753 -0.194308
  84 -83.506805 94.352905 197.493454 0.634067 0.000000 0.405211
  85 48.013409 -100.703575 368.431641 0.633219 -0.000000 -2.738498
  86 -219.175186 -96.021278 384.285461 0.635221 0.000000 1.966451
  87 199.679321 -62.992527 393.293091 0.633273 -0.000000 -1.135419
  88 -82.933266 -7.407355 472.669800 0.635094 0.000000 1.162357
  89 94.233040 39.720699 380.853882 0.632502 -0.000000 -1.970095
  90 -77.095116 -255.334671 394.461792 0.631102 0.000000 2.738329
  91 52.995968 124.621239 385.673950 0.638746 -0.000000 -0.420076
  92 -15.716786 39.236965 240.158340 1.570796 -0.000000 1.570796
  93 16.555004 -39.552216 240.158310 1.570796 -0.000000 1.570796
  94 -39.543041 -16.013742 240.158340 1.570796 -0.000000 1.570796
  95 38.652855 15.714693 240.158310 1.570796 -0.000000 1.570796
  96 -39.156166 15.923010 240.158340 1.570796 -0.000000 1.570796
  97 39.767056 -16.282322 240.158310 1.570796 -0.000000 1.570796
  98 -16.103676 -39.283642 240.158340 1.570796 -0.000000 1.570796
  99 15.440804 39.028652 240.158340 1.570796 -0.000000 1.570796
  time 9
  0 0.295613 0.000003 152.002441 1.557374 0.000000 1.570804
  1 38.706631 77.115425 126.855850 1.511111 0.000169 1.212698
  2 -30.017252 78.715195 117.856812 1.483985 -0.001104 2.956859
  3 -78.814133 26.436907 123.136810 1.356023 0.001083 -0.394576
  4 -82.464699 -34.748119 122.071106 1.502908 0.001021 0.186195
  5 -34.013191 -70.974937 126.434448 1.364314 0.007435 0.676435
  6 33.259830 -84.015465 129.981461 1.431409 0.001064 0.064788
  7 80.190163 -32.964516 127.286697 1.512828 0.000554 -1.249619
  8 87.357353 32.790470 125.795410 1.291685 -0.000236 1.580701
  9 -2.138844 60.348717 41.751076 -1.560013 -0.004717 0.054096
  10 -0.000001 34.660038 0.000020 0.990928 0.105184 -0.022702
  11 -0.000007 31.472412 -0.000010 0.607893 -0.124175 0.220993
  12 0.000001 37.933605 0.000000 0.462140 0.536922 0.488157
  13 -49.991817 38.009964 37.750046 -1.435721 -0.010834 0.900707
  14 -0.000012 31.641975 0.000003 1.068320 0.227317 -0.047614
  15 -0.000009 37.202103 -0.000005 0.491253 0.238227 -0.316297
  16 -0.000011 49.527710 -0.000015 0.394561 -0.102072 0.552094
  17 -67.475662 -2.734739 37.713646 -1.822155 -0.197772 1.435446
  18 -0.000003 30.638355 0.000017 0.806288 0.203882 0.100375
  19 0.000007 37.179058 0.000022 1.406733 -0.138207 0.526962
  20 -0.000015 50.252281 -0.000002 0.245157 0.077457 1.098163
  21 -49.799274 -48.128593 41.089554 -1.615892 -0.143074 1.972140
  22 -0.000002 27.027155 0.000016 0.570946 -0.176555 0.084533
  23 -0.000001 34.029255 0.000005 1.756968 -0.000965 0.111882
  24 -0.000001 47.109711 0.000037 -0.457704 0.123924 0.316771
  25 -1.885822 -60.850689 36.206367 -1.425069 0.012722 -3.094058
  26 0.000007 28.894087 0.000018 0.927113 -0.076944 -0.019088
  27 0.000008 40.314987 0.000004 1.304543 0.343226 -0.231522
  28 -0.000019 38.588902 0.000004 -0.046439 0.742876 0.499208
  29 44.874107 -44.052113 37.178146 -1.323335 0.010127 -2.577700
  30 -0.000002 30.233528 -0.000001 1.422942 0.064453 0.070316
  31 0.000005 44.196381 -0.000019 -0.155239 -0.274760 0.869247
  32 -0.000029 47.984375 0.000007 0.701741 0.345101 -0.681361
  33 67.582657 5.793911 39.283112 -1.046295 0.038236 -1.514439
  34 0.000005 32.776478 0.000011 0.879325 -0.262252 0.027960
  35 -0.000009 31.728638 0.000009 0.748321 0.034810 -0.072339
  36 -0.000001 48.066460 0.000017 -0.350376 0.510686 -0.392742
  37 48.079670 49.080940 35.364395 -1.241452 -0.007324 -0.671372
  38 -0.000000 28.527901 0.000007 1.018976 0.064222 -0.011501
  39 -0.000003 45.170586 -0.000003 0.180876 0.167346 -0.363828
  40 -0.000026 44.421604 0.000011 0.526843 -0.055004 0.774676
  41 -40.357735 191.524673 27.176201 -0.000114 -0.041237 0.163121
  42 -119.904953 141.552322 27.968063 0.025978 -0.032029 0.846710
  43 -138.924179 -34.107857 39.296745 -0.233914 0.045393 1.775401
  44 -138.260590 -134.635712 32.452148 -0.235204 0.064786 2.389615
  45 8.783748 -176.481918 67.311867 0.002879 0.041137 -3.045485
  46 148.532806 -148.402832 78.711754 -0.028510 0.029799 -2.213055
  47 211.576294 27.697678 49.179054 -0.041108 0.003264 -1.484230
  48 139.927704 150.465515 26.183586 -0.030895 -0.027318 -0.680252
  49 0.000000 0.000000 229.528091 -1.571081 -0.001067 1.627928
  50 0.000000 0.000000 75.205711 1.571863 -0.000285 1.627928
  51 0.277352 -0.000000 152.131790 -1.570796 -0.000000 1.570796
  52 -15.716777 39.236946 240.158310 1.016424 -0.581430 0.944267
  53 -0.000016 62.346840 0.000011 -0.327364 -0.084989 -0.503953
  54 0.000003 62.346867 0.000010 -0.695870 -0.536397 -1.296856
  55 -0.000019 62.346897 -0.000054 -0.601014 -0.341104 -1.014508
  56 16.555017 -39.552219 240.158310 0.089320 0.013070 -2.773085
  57 0.000012 62.365200 0.000025 0.473812 -0.007588 0.031425
  58 0.000006 62.365250 0.000022 1.013567 -0.032469 0.058476
  59 -0.000041 62.365173 0.000055 0.768963 -0.019385 0.047903
  60 -39.543037 -16.013739 240.158310 0.578593 0.068344 1.881240
  61 -0.000005 62.361614 0.000019 0.076336 0.004639 -0.003067
  62 0.000011 62.361591 0.000004 0.141775 -0.001698 0.109503
  63 0.000007 62.361641 0.000012 0.159832 0.021817 0.293322
  64 38.652832 15.714690 240.158310 0.655788 0.043354 -1.193094
  65 -0.000016 62.294518 -0.000030 0.124700 0.024487 -0.387329
  66 0.000005 62.294495 0.000050 0.146848 0.034477 -0.460450
  67 0.000051 62.294441 0.000012 0.097205 0.014661 -0.299177
  68 -39.156181 15.923013 240.158310 1.504330 -0.116979 1.226479
  69 0.000019 62.358131 0.000008 0.020480 -0.000033 0.003234
  70 0.000023 62.358082 -0.000005 -0.011803 -0.000011 -0.001864
  71 0.000041 62.358143 -0.000029 0.000930 -0.000000 0.000147
  72 39.767052 -16.282318 240.158310 0.403132 0.077976 -2.106830
  73 -0.000025 62.389446 0.000049 0.484653 -0.083459 0.334676
  74 -0.000003 62.389507 0.000023 0.779109 -0.216805 0.518261
  75 0.000081 62.389473 0.000011 0.565071 -0.113681 0.387110
  76 -16.103676 -39.283638 240.158310 0.616146 -0.055095 2.814897
  77 -0.000013 62.362133 0.000013 -0.002076 0.000016 0.015254
  78 -0.000015 62.362186 0.000015 0.000293 0.000000 -0.002149
  79 -0.000034 62.362190 -0.000024 0.000365 0.000001 -0.002685
  80 1.583248 52.694332 245.353317 0.195062 -0.062556 -0.279012
  81 -0.000020 62.323315 0.000032 0.433272 0.032951 -0.149452
  82 -0.000028 62.323364 0.000023 0.863678 0.126428 -0.272994
  83 -0.000008 62.323257 0.000011 0.649096 0.072940 -0.216050
  84 -19.966610 92.292969 263.187073 0.634067 0.000000 0.405211
  85 48.989304 -102.367249 385.488098 0.633219 -0.000000 -2.738498
  86 -202.756668 -87.793877 406.149658 0.635221 0.000000 1.966451
  87 196.526062 -62.734306 377.213440 0.633273 -0.000000 -1.135419
  88 -66.540802 -11.138932 531.671570 0.635094 0.000000 1.162357
  89 92.133484 36.495819 381.800842 0.632502 -0.000000 -1.970095
  90 -77.562737 -256.411865 398.898865 0.631102 0.000000 2.738329
  91 57.927658 110.169121 399.747681 0.638746 -0.000000 -0.420076
  92 -15.716786 39.236965 240.158340 1.570796 -0.000000 1.570796
  93 16.555004 -39.552216 240.158310 1.570796 -0.000000 1.570796
  94 -39.543041 -16.013742 240.158340 1.570796 -0.000000 1.570796
  95 38.652855 15.714693 240.158310 1.570796 -0.000000 1.570796
  96 -39.156166 15.923010 240.158340 1.570796 -0.000000 1.570796
  97 39.767056 -16.282322 240.158310 1.570796 -0.000000 1.570796
  98 -16.103676 -39.283642 240.158340 1.570796 -0.000000 1.570796
  99 15.440804 39.028652 240.158340 1.570796 -0.000000 1.570796
  time 10
  0 0.295048 0.000003 152.006454 1.557374 0.000000 1.570804
  1 41.871262 83.805359 127.021103 1.511111 0.000169 1.212698
  2 -32.741589 85.542206 117.250946 1.483985 -0.001104 2.956859
  3 -85.719894 28.784182 122.983368 1.356023 0.001083 -0.394575
  4 -89.683258 -37.643806 121.826340 1.502908 0.001021 0.186195
  5 -37.079945 -76.974907 126.563614 1.364314 0.007435 0.676435
  6 35.957722 -91.132874 130.414551 1.431409 0.001064 0.064788
  7 86.909515 -35.707363 127.488876 1.512828 0.000554 -1.249619
  8 94.690865 35.682175 125.869812 1.291685 -0.000236 1.580701
  9 -2.138844 60.348717 41.751076 -1.475523 0.005618 0.065757
  10 -0.000000 34.660034 0.000021 0.986687 0.094500 -0.022682
  11 -0.000006 31.472414 -0.000009 0.557536 -0.120331 0.211613
  12 -0.000001 37.933609 0.000003 0.400043 0.558460 0.436455
  13 -49.991817 38.009964 37.750046 -1.353977 -0.003618 0.973861
  14 -0.000009 31.641970 0.000006 1.128516 0.155562 -0.040870
  15 -0.000014 37.202106 -0.000007 0.528513 0.212246 -0.265436
  16 -0.000016 49.527695 -0.000008 0.397855 -0.107444 0.568535
  17 -67.475662 -2.734739 37.713646 -1.768062 -0.167591 1.435108
  18 -0.000007 30.638353 0.000013 0.828313 0.195627 0.107777
  19 0.000000 37.179073 0.000026 1.392578 -0.127310 0.505346
  20 -0.000010 50.252289 0.000016 0.229824 0.082871 1.048858
  21 -49.799274 -48.128593 41.089554 -1.616155 -0.143202 1.971949
  22 -0.000004 27.027155 0.000012 0.574733 -0.176675 0.085642
  23 -0.000000 34.029251 0.000005 1.766003 -0.001704 0.114018
  24 -0.000012 47.109711 0.000032 -0.453378 0.124810 0.318962
  25 -1.885822 -60.850689 36.206367 -1.409418 0.003841 -3.120383
  26 0.000006 28.894087 0.000018 0.933899 -0.050962 -0.019695
  27 0.000008 40.314987 0.000002 1.295971 0.360365 -0.242834
  28 -0.000020 38.588913 0.000001 -0.051573 0.741185 0.478437
  29 44.874107 -44.052113 37.178146 -1.497352 -0.036748 -2.593924
  30 -0.000003 30.233522 -0.000001 1.365798 0.077399 0.049912
  31 -0.000001 44.196396 -0.000019 -0.157202 -0.297611 0.907761
  32 -0.000015 47.984367 0.000006 0.795228 0.383205 -0.728097
  33 67.582657 5.793911 39.283112 -1.195547 0.029805 -1.509900
  34 0.000003 32.776478 0.000004 0.933268 -0.272668 0.015062
  35 -0.000005 31.728653 0.000016 0.876117 0.032236 -0.107409
  36 0.000005 48.066460 0.000028 -0.323083 0.496481 -0.432640
  37 48.079670 49.080940 35.364395 -1.325904 -0.010925 -0.709354
  38 -0.000001 28.527906 0.000005 1.022828 0.101265 -0.019334
  39 -0.000007 45.170574 -0.000008 0.226867 0.199992 -0.376414
  40 -0.000028 44.421600 0.000009 0.593615 -0.081591 0.819002
  41 -41.953136 196.704834 28.463654 -0.000114 -0.041237 0.163121
  42 -136.251312 124.159622 46.814316 0.025978 -0.032029 0.846710
  43 -142.559952 -33.753677 44.347244 -0.233914 0.045393 1.775401
  44 -137.578796 -134.408554 34.245117 -0.235204 0.064786 2.389615
  45 -0.589761 -176.562103 69.645325 0.002879 0.041137 -3.045485
  46 144.992020 -151.078842 51.055443 -0.028510 0.029799 -2.213055
  47 204.587692 23.107563 48.258789 -0.041108 0.003264 -1.484230
  48 143.643921 139.099472 23.128479 -0.030895 -0.027318 -0.680252
  49 0.000000 0.000000 229.528091 -1.571081 -0.001067 1.627928
  50 0.000000 0.000000 75.205711 1.571863 -0.000285 1.627928
  51 0.277916 -0.000000 152.127777 -1.570796 0.000000 1.570796
  52 -15.716777 39.236946 240.158310 1.381249 0.115935 0.331969
  53 0.000004 62.346863 0.000005 -0.698350 0.043936 0.120546
  54 -0.000001 62.346855 0.000001 -1.591679 0.192046 0.188100
  55 -0.000005 62.346931 -0.000034 -1.177612 0.116118 0.173633
  56 16.555017 -39.552219 240.158310 0.517277 0.024320 -2.776002
  57 0.000011 62.365173 0.000017 0.395652 -0.030087 0.149831
  58 0.000006 62.365215 -0.000004 0.581125 -0.064292 0.214253
  59 -0.000002 62.365143 0.000043 0.403773 -0.031325 0.152762
  60 -39.543037 -16.013739 240.158310 0.476687 -0.016728 1.992227
  61 0.000013 62.361618 0.000028 -0.008367 -0.002012 0.003525
  62 0.000002 62.361591 -0.000002 0.000923 -0.001411 -0.010374
  63 -0.000002 62.361603 -0.000006 0.004319 0.041312 0.011042
  64 38.652832 15.714690 240.158310 0.699837 0.164842 -1.344674
  65 -0.000017 62.294525 -0.000025 0.083898 0.011411 -0.270209
  66 0.000017 62.294491 0.000045 0.067096 0.007251 -0.215217
  67 0.000034 62.294437 -0.000003 0.037078 0.002197 -0.118354
  68 -39.156181 15.923013 240.158310 0.867107 -0.029694 1.194161
  69 0.000011 62.358139 -0.000007 0.434882 -0.017488 0.079116
  70 -0.000007 62.358128 0.000017 0.438945 -0.017812 0.079809
  71 0.000003 62.358162 0.000000 0.268322 -0.006717 0.049754
  72 39.767052 -16.282318 240.158310 0.396744 0.074328 -2.101417
  73 -0.000029 62.389462 0.000055 0.496463 -0.081167 0.317712
  74 -0.000008 62.389515 0.000029 0.801792 -0.211496 0.490761
  75 0.000060 62.389462 0.000026 0.580472 -0.111031 0.367925
  76 -16.103676 -39.283638 240.158310 0.619590 -0.055130 2.814667
  77 -0.000017 62.362144 0.000006 -0.001485 0.000011 0.014875
  78 -0.000015 62.362179 0.000016 0.000224 -0.000000 -0.002235
  79 -0.000021 62.362194 -0.000008 0.000265 0.000001 -0.002653
  80 1.583248 52.694332 245.353317 0.174769 -0.059740 -0.281578
  81 -0.000020 62.323322 0.000020 0.428478 0.030099 -0.138125
  82 -0.000024 62.323364 0.000029 0.872710 0.120214 -0.256675
  83 -0.000018 62.323227 0.000004 0.658618 0.070012 -0.204234
  84 -46.378998 92.928009 238.786758 0.634067 0.000000 0.405211
  85 84.886368 -87.568619 433.245239 0.633219 -0.000000 -2.738498
  86 -243.317841 -109.507027 354.572754 0.635221 0.000000 1.966451
  87 215.686386 -53.179893 390.076782 0.633273 -0.000000 -1.135419
  88 -68.190468 -5.977038 462.835266 0.635094 0.000000 1.162357
  89 89.732643 33.731380 383.480591 0.632502 -0.000000 -1.970095
  90 -77.732185 -256.806335 400.500854 0.631102 0.000000 2.738329
  91 56.727131 114.313652 398.625122 0.638746 -0.000000 -0.420076
  92 -15.716786 39.236965 240.158340 1.570796 -0.000000 1.570796
  93 16.555004 -39.552216 240.158310 1.570796 -0.000000 1.570796
  94 -39.543041 -16.013742 240.158340 1.570796 -0.000000 1.570796
  95 38.652855 15.714693 240.158310 1.570796 -0.000000 1.570796
  96 -39.156166 15.923010 240.158340 1.570796 -0.000000 1.570796
  97 39.767056 -16.282322 240.158310 1.570796 -0.000000 1.570796
  98 -16.103676 -39.283642 240.158340 1.570796 -0.000000 1.570796
  99 15.440804 39.028652 240.158340 1.570796 -0.000000 1.570796
  time 11
  0 0.296793 0.000003 151.994110 1.557374 0.000000 1.570804
  1 43.020317 86.234428 127.081085 1.511111 0.000169 1.212698
  2 -33.730778 88.021049 117.030945 1.483985 -0.001104 2.956859
  3 -88.227325 29.636461 122.927658 1.356023 0.001083 -0.394576
  4 -92.304268 -38.695210 121.737473 1.502908 0.001021 0.186195
  5 -38.193462 -79.153458 126.610504 1.364314 0.007435 0.676434
  6 36.937309 -93.717163 130.571808 1.431409 0.001064 0.064788
  7 89.349281 -36.703274 127.562286 1.512827 0.000554 -1.249619
  8 97.353615 36.732143 125.896835 1.291685 -0.000236 1.580701
  9 -2.138844 60.348717 41.751076 -1.107579 0.059229 0.185349
  10 0.000001 34.660046 -0.000000 1.012435 0.000408 -0.015648
  11 -0.000006 31.472395 -0.000012 0.411647 -0.134977 0.205426
  12 0.000003 37.933609 0.000010 0.202116 0.600541 0.281091
  13 -49.991817 38.009964 37.750046 -2.063830 0.141859 0.825998
  14 0.000004 31.641956 0.000012 1.023178 0.272259 -0.037607
  15 -0.000019 37.202103 -0.000010 0.856583 0.381671 -0.267007
  16 -0.000004 49.527699 -0.000001 0.787006 -0.233107 0.768539
  17 -67.475662 -2.734739 37.713646 -1.747929 -0.152340 1.409762
  18 -0.000003 30.638355 0.000018 0.806529 0.220302 0.083881
  19 0.000003 37.179062 0.000029 1.338624 -0.088816 0.441584
  20 -0.000004 50.252289 0.000006 0.179354 0.092582 0.966834
  21 -49.799274 -48.128593 41.089554 -1.615974 -0.142950 1.971068
  22 -0.000004 27.027153 0.000009 0.581127 -0.176347 0.087205
  23 0.000005 34.029251 0.000003 1.780321 -0.002334 0.116904
  24 -0.000006 47.109718 0.000042 -0.446433 0.125821 0.321773
  25 -1.885822 -60.850689 36.206367 -1.247929 -0.037314 3.081986
  26 0.000003 28.894104 0.000013 0.973128 0.023972 -0.024506
  27 0.000005 40.314987 0.000001 1.177228 0.380330 -0.295500
  28 -0.000021 38.588917 -0.000002 -0.135607 0.729530 0.348462
  29 44.874107 -44.052113 37.178146 -1.556835 -0.052125 -2.591823
  30 0.000001 30.233521 -0.000002 1.326356 0.076415 0.035264
  31 0.000001 44.196392 -0.000021 -0.180679 -0.290682 0.919537
  32 -0.000021 47.984352 0.000003 0.793635 0.389530 -0.736723
  33 67.582657 5.793911 39.283112 -1.511454 0.031063 -1.465873
  34 0.000005 32.776485 -0.000001 1.019866 -0.318446 -0.014186
  35 -0.000007 31.728638 0.000002 1.155230 0.026754 -0.184311
  36 0.000016 48.066456 0.000020 -0.230856 0.472139 -0.511519
  37 48.079670 49.080940 35.364395 -1.400237 0.000254 -0.687509
  38 -0.000003 28.527897 0.000011 1.152665 0.083875 -0.012063
  39 -0.000001 45.170586 -0.000002 0.442040 0.271212 -0.309770
  40 -0.000026 44.421608 -0.000001 0.788444 -0.183790 0.952477
  41 -69.443268 198.760483 57.645645 -0.000114 -0.041237 0.163121
  42 -92.670212 108.039444 1.583134 0.025978 -0.032029 0.846710
  43 -157.159454 -26.173325 36.521545 -0.233914 0.045393 1.775401
  44 -136.642059 -133.837143 37.201096 -0.235204 0.064786 2.389615
  45 -28.677126 -176.170486 83.381050 0.002879 0.041137 -3.045485
  46 146.853302 -152.637360 33.619659 -0.028510 0.029799 -2.213055
  47 185.581955 20.579685 47.763252 -0.041108 0.003264 -1.484230
  48 118.343300 128.812683 50.963531 -0.030895 -0.027318 -0.680252
  49 0.000000 0.000000 229.528091 -1.571081 -0.001067 1.627928
  50 0.000000 0.000000 75.205711 1.571863 -0.000285 1.627928
  51 0.276172 -0.000000 152.140121 -1.570796 0.000000 1.570796
  52 -15.716777 39.236946 240.158310 1.331339 0.371604 0.155836
  53 -0.000003 62.346863 0.000017 -0.536654 0.089569 0.323133
  54 -0.000003 62.346851 -0.000006 -1.296294 0.492386 0.640796
  55 -0.000029 62.346893 -0.000055 -1.001776 0.306868 0.550628
  56 16.555017 -39.552219 240.158310 0.234799 0.014982 -2.770820
  57 0.000012 62.365192 0.000006 0.455967 -0.009206 0.039672
  58 0.000006 62.365223 0.000009 0.866325 -0.031774 0.068686
  59 0.000012 62.365204 0.000062 0.640269 -0.017853 0.053836
  60 -39.543037 -16.013739 240.158310 0.275877 -0.012355 1.986103
  61 -0.000005 62.361618 0.000035 -0.015661 -0.004258 0.002952
  62 0.000016 62.361610 -0.000006 0.005319 -0.003095 -0.008115
  63 0.000009 62.361626 -0.000007 0.003688 0.040823 0.008357
  64 38.652832 15.714690 240.158310 0.655556 0.035376 -1.182493
  65 -0.000006 62.294521 -0.000015 0.157565 0.032934 -0.411308
  66 0.000020 62.294483 0.000039 0.189388 0.048522 -0.500276
  67 0.000035 62.294456 0.000031 0.126770 0.021005 -0.327986
  68 -39.156181 15.923013 240.158310 0.345551 0.035771 1.095363
  69 0.000003 62.358154 0.000004 0.561219 -0.040752 0.141180
  70 -0.000004 62.358150 0.000032 0.941549 -0.109947 0.215412
  71 -0.000004 62.358204 -0.000009 0.675844 -0.058504 0.166152
  72 39.767052 -16.282318 240.158310 0.400913 0.068005 -2.089683
  73 -0.000026 62.389458 0.000043 0.508282 -0.078390 0.299673
  74 0.000006 62.389523 0.000039 0.817332 -0.201315 0.458264
  75 0.000055 62.389450 0.000020 0.589249 -0.105281 0.343832
  76 -16.103676 -39.283638 240.158310 0.758872 0.279234 2.404363
  77 -0.000005 62.362122 0.000013 -0.147527 0.028242 0.377654
  78 -0.000010 62.362167 0.000032 -0.284144 0.117448 0.779956
  79 -0.000009 62.362202 -0.000015 -0.224240 0.068615 0.591752
  80 1.583248 52.694332 245.353317 0.126507 -0.049349 -0.297588
  81 -0.000019 62.323315 0.000018 0.413246 0.022153 -0.105590
  82 -0.000028 62.323372 0.000025 0.893659 0.098973 -0.205996
  83 -0.000028 62.323246 0.000002 0.682219 0.059132 -0.166242
  84 -54.494587 89.016792 253.037460 0.634067 0.000000 0.405211
  85 52.568306 -103.040436 406.638000 0.633219 -0.000000 -2.738498
  86 -271.287933 -119.194328 309.722778 0.635221 0.000000 1.966451
  87 183.721649 -70.330696 377.856934 0.633273 -0.000000 -1.135419
  88 -74.047409 -1.330480 398.213745 0.635094 0.000000 1.162357
  89 86.925858 31.804867 386.334778 0.632502 -0.000000 -1.970095
  90 -12.625402 -207.821579 318.214661 0.631102 0.000000 2.738329
  91 53.631016 125.002159 395.730042 0.638746 -0.000000 -0.420076
  92 -15.716786 39.236965 240.158340 1.570796 -0.000000 1.570796
  93 16.555004 -39.552216 240.158310 1.570796 -0.000000 1.570796
  94 -39.543041 -16.013742 240.158340 1.570796 -0.000000 1.570796
  95 38.652855 15.714693 240.158310 1.570796 -0.000000 1.570796
  96 -39.156166 15.923010 240.158340 1.570796 -0.000000 1.570796
  97 39.767056 -16.282322 240.158310 1.570796 -0.000000 1.570796
  98 -16.103676 -39.283642 240.158340 1.570796 -0.000000 1.570796
  99 15.440804 39.028652 240.158340 1.570796 -0.000000 1.570796
  time 12
  0 0.298461 0.000003 151.982300 1.557374 0.000000 1.570804
  1 43.931820 88.161316 127.128693 1.511111 0.000169 1.212698
  2 -34.515461 89.987419 116.856445 1.483985 -0.001104 2.956859
  3 -90.216370 30.312542 122.883469 1.356023 0.001083 -0.394576
  4 -94.383423 -39.529247 121.666977 1.502908 0.001021 0.186195
  5 -39.076771 -80.881615 126.647690 1.364314 0.007435 0.676434
  6 37.714378 -95.767181 130.696533 1.431409 0.001064 0.064788
  7 91.284637 -37.493294 127.620529 1.512827 0.000554 -1.249619
  8 99.465874 37.565037 125.918259 1.291685 -0.000236 1.580701
  9 -2.138844 60.348717 41.751076 -1.274597 0.038366 0.147685
  10 0.000001 34.660042 0.000004 1.034921 0.023276 -0.016886
  11 -0.000004 31.472410 -0.000011 0.510836 -0.141838 0.224475
  12 -0.000004 37.933609 0.000009 0.319976 0.575079 0.384528
  13 -49.991817 38.009964 37.750046 -1.920064 0.111743 0.827681
  14 0.000007 31.641956 0.000010 1.028900 0.284651 -0.047743
  15 -0.000018 37.202103 -0.000008 0.739885 0.355404 -0.315997
  16 -0.000006 49.527683 -0.000010 0.672725 -0.183566 0.701983
  17 -67.475662 -2.734739 37.713646 -1.716257 -0.132926 1.396129
  18 -0.000003 30.638351 0.000015 0.791256 0.232082 0.061955
  19 0.000007 37.179058 0.000028 1.281691 -0.061847 0.382945
  20 0.000005 50.252274 0.000002 0.129588 0.099479 0.888200
  21 -49.799274 -48.128593 41.089554 -1.613724 -0.141588 1.969424
  22 0.000001 27.027153 0.000013 0.590931 -0.175599 0.089376
  23 0.000006 34.029255 0.000001 1.799750 -0.002778 0.120428
  24 -0.000018 47.109707 0.000032 -0.436491 0.126738 0.324857
  25 -1.885822 -60.850689 36.206367 -1.275753 -0.037510 3.074478
  26 0.000003 28.894094 0.000017 0.960849 0.031922 -0.023412
  27 0.000006 40.314983 -0.000001 1.184692 0.389365 -0.297579
  28 -0.000016 38.588909 -0.000001 -0.129547 0.729855 0.353430
  29 44.874107 -44.052113 37.178146 -1.453214 -0.020417 -2.564490
  30 -0.000002 30.233522 -0.000003 1.316005 0.051400 0.035707
  31 -0.000000 44.196400 -0.000020 -0.219719 -0.254463 0.898609
  32 -0.000029 47.984371 0.000003 0.681963 0.350037 -0.686491
  33 67.582657 5.793911 39.283112 -1.600752 0.036023 -1.399241
  34 -0.000002 32.776470 -0.000003 1.154763 -0.378839 -0.082031
  35 0.000002 31.728653 0.000005 1.393130 -0.010736 -0.238866
  36 0.000009 48.066483 0.000019 -0.110211 0.468193 -0.508178
  37 48.079670 49.080940 35.364395 -1.351049 0.003076 -0.659160
  38 -0.000001 28.527901 0.000007 1.153542 0.055948 -0.011122
  39 -0.000006 45.170586 -0.000002 0.411581 0.246651 -0.306639
  40 -0.000027 44.421616 0.000006 0.745733 -0.164406 0.931306
  41 -64.873627 191.448288 53.354149 -0.000114 -0.041237 0.163121
  42 -94.172356 122.150650 2.054337 0.025978 -0.032029 0.846710
  43 -168.671280 -19.445786 29.531738 -0.233914 0.045393 1.775401
  44 -135.387848 -132.834106 41.610817 -0.235204 0.064786 2.389615
  45 -31.518402 -176.611038 79.592636 0.002879 0.041137 -3.045485
  46 161.337952 -152.182510 33.618629 -0.028510 0.029799 -2.213055
  47 156.796417 28.855770 75.569763 -0.041108 0.003264 -1.484230
  48 115.572853 136.057480 53.339714 -0.030895 -0.027318 -0.680252
  49 0.000000 0.000000 229.528091 -1.571081 -0.001067 1.627928
  50 0.000000 0.000000 75.205711 1.571863 -0.000285 1.627928
  51 0.274504 -0.000000 152.151932 -1.570796 0.000000 1.570796
  52 -15.716777 39.236946 240.158310 0.299106 0.468784 -0.480172
  53 -0.000001 62.346867 -0.000008 0.050864 -0.013316 0.512021
  54 -0.000010 62.346882 0.000006 0.103918 -0.101103 1.543283
  55 -0.000055 62.346851 -0.000022 0.098183 -0.069858 1.236429
  56 16.555017 -39.552219 240.158310 -0.062836 -0.060236 -2.533701
  57 0.000020 62.365173 0.000032 0.456797 0.032627 -0.140141
  58 0.000010 62.365234 -0.000000 1.120768 0.182218 -0.289169
  59 0.000028 62.365204 0.000050 0.878260 0.116107 -0.246214
  60 -39.543037 -16.013739 240.158310 0.924996 0.143422 1.743377
  61 -0.000003 62.361641 0.000010 -0.270201 -0.046001 -0.078429
  62 0.000014 62.361591 0.000017 -0.505735 0.010444 0.241283
  63 -0.000001 62.361622 -0.000008 -0.281201 0.086091 0.534697
  64 38.652832 15.714690 240.158310 0.642437 0.025036 -1.169194
  65 0.000001 62.294525 -0.000017 0.086870 0.017185 -0.390379
  66 0.000010 62.294487 0.000044 0.105590 0.025893 -0.480536
  67 0.000027 62.294445 0.000032 0.070797 0.011265 -0.315465
  68 -39.156181 15.923013 240.158310 0.324184 0.029221 1.106190
  69 0.000002 62.358158 0.000010 0.610309 -0.037141 0.117788
  70 -0.000012 62.358166 0.000027 1.035745 -0.101204 0.177317
  71 0.000001 62.358204 -0.000009 0.743031 -0.054295 0.139167
  72 39.767052 -16.282318 240.158310 0.420574 0.058614 -2.070874
  73 -0.000036 62.389458 0.000058 0.519070 -0.075112 0.281150
  74 -0.000010 62.389515 0.000035 0.820804 -0.185686 0.421628
  75 0.000067 62.389469 0.000021 0.587437 -0.096055 0.315180
  76 -16.103676 -39.283638 240.158310 0.946668 0.128170 2.611047
  77 -0.000009 62.362122 0.000000 -0.427432 0.051176 0.234767
  78 -0.000010 62.362183 0.000036 -0.765783 0.162711 0.399475
  79 -0.000020 62.362206 -0.000003 -0.565867 0.089484 0.305593
  80 1.583248 52.694332 245.353317 0.070489 -0.027214 -0.346607
  81 -0.000017 62.323318 0.000023 0.389083 0.010474 -0.053148
  82 -0.000034 62.323387 0.000043 0.911523 0.054414 -0.110922
  83 -0.000025 62.323238 0.000008 0.706376 0.033576 -0.091025
  84 -58.466690 86.287476 287.019958 0.634067 0.000000 0.405211
  85 28.912771 -110.209976 355.469238 0.633219 -0.000000 -2.738498
  86 -228.958740 -76.102493 327.660645 0.635221 0.000000 1.966451
  87 206.618790 -55.632538 368.208496 0.633273 -0.000000 -1.135419
  88 -60.010773 0.120623 387.676819 0.635094 0.000000 1.162357
  89 83.608467 31.093729 390.805237 0.632502 -0.000000 -1.970095
  90 -37.180428 -213.953934 255.109909 0.631102 0.000000 2.738329
  91 49.397572 139.617050 391.771423 0.638746 -0.000000 -0.420076
  92 -15.716786 39.236965 240.158340 1.570796 -0.000000 1.570796
  93 16.555004 -39.552216 240.158310 1.570796 -0.000000 1.570796
  94 -39.543041 -16.013742 240.158340 1.570796 -0.000000 1.570796
  95 38.652855 15.714693 240.158310 1.570796 -0.000000 1.570796
  96 -39.156166 15.923010 240.158340 1.570796 -0.000000 1.570796
  97 39.767056 -16.282322 240.158310 1.570796 -0.000000 1.570796
  98 -16.103676 -39.283642 240.158340 1.570796 -0.000000 1.570796
  99 15.440804 39.028652 240.158340 1.570796 -0.000000 1.570796
  time 13
  0 0.297949 0.000003 151.985916 1.557374 0.000000 1.570804
  1 43.020317 86.234428 127.081085 1.511111 0.000169 1.212698
  2 -33.730778 88.021049 117.030945 1.483985 -0.001104 2.956859
  3 -88.227325 29.636461 122.927658 1.356023 0.001083 -0.394576
  4 -92.304268 -38.695210 121.737473 1.502908 0.001021 0.186195
  5 -38.193462 -79.153458 126.610504 1.364314 0.007435 0.676434
  6 36.937309 -93.717163 130.571808 1.431409 0.001064 0.064788
  7 89.349281 -36.703274 127.562286 1.512827 0.000554 -1.249619
  8 97.353615 36.732143 125.896835 1.291685 -0.000236 1.580701
  9 -2.138844 60.348717 41.751076 -1.434633 0.011768 0.084962
  10 -0.000000 34.660038 0.000008 1.001898 0.076712 -0.020549
  11 -0.000006 31.472406 -0.000014 0.554645 -0.127289 0.217722
  12 -0.000003 37.933598 0.000006 0.390092 0.559581 0.433229
  13 -49.991817 38.009964 37.750046 -1.852211 0.099358 0.906189
  14 0.000010 31.641960 0.000012 1.095544 0.217241 -0.039104
  15 -0.000017 37.202103 -0.000010 0.808662 0.324646 -0.246983
  16 0.000005 49.527695 -0.000005 0.695328 -0.200985 0.732080
  17 -67.475662 -2.734739 37.713646 -1.714172 -0.132303 1.397460
  18 -0.000002 30.638355 0.000015 0.793319 0.230546 0.063594
  19 0.000002 37.179066 0.000026 1.283230 -0.062977 0.384863
  20 -0.000004 50.252277 0.000005 0.131006 0.099327 0.889575
  21 -49.799274 -48.128593 41.089554 -1.625541 -0.150869 1.981007
  22 0.000000 27.027153 0.000011 0.603201 -0.187967 0.099282
  23 0.000007 34.029251 0.000004 1.847204 -0.019693 0.141976
  24 -0.000006 47.109707 0.000033 -0.415061 0.139304 0.350884
  25 -1.885822 -60.850689 36.206367 -1.283809 -0.012249 3.140242
  26 0.000005 28.894087 0.000015 0.976747 -0.029769 -0.024654
  27 0.000006 40.314976 0.000003 1.229282 0.355871 -0.265906
  28 -0.000020 38.588909 0.000000 -0.101270 0.736001 0.406397
  29 44.874107 -44.052113 37.178146 -1.455633 -0.020251 -2.562037
  30 -0.000002 30.233517 0.000004 1.321930 0.048722 0.038309
  31 -0.000001 44.196396 -0.000020 -0.213877 -0.259397 0.903544
  32 -0.000021 47.984367 0.000003 0.693623 0.351038 -0.687501
  33 67.582657 5.793911 39.283112 -1.597272 0.034793 -1.413918
  34 -0.000002 32.776474 -0.000008 1.119797 -0.366828 -0.062841
  35 0.000005 31.728653 0.000005 1.346050 0.000348 -0.227190
  36 0.000008 48.066456 0.000024 -0.136073 0.468645 -0.515166
  37 48.079670 49.080940 35.364395 -1.121102 0.016359 -0.543648
  38 -0.000006 28.527910 0.000003 1.173856 -0.052158 -0.004095
  39 -0.000011 45.170582 0.000001 0.294523 0.160112 -0.290251
  40 -0.000010 44.421604 0.000010 0.577295 -0.086666 0.827692
  41 -48.260849 195.052826 35.329994 -0.000114 -0.041237 0.163121
  42 -110.027664 109.967293 19.958298 0.025978 -0.032029 0.846710
  43 -168.324677 -19.920620 30.254860 -0.233914 0.045393 1.775401
  44 -127.287285 -134.309967 48.190132 -0.235204 0.064786 2.389615
  45 -9.185839 -175.580399 83.142876 0.002879 0.041137 -3.045485
  46 161.450562 -150.417007 36.009270 -0.028510 0.029799 -2.213055
  47 164.376663 26.801323 68.456474 -0.041108 0.003264 -1.484230
  48 98.550339 159.466064 69.633492 -0.030895 -0.027318 -0.680252
  49 0.000000 0.000000 229.528091 -1.571081 -0.001067 1.627928
  50 0.000000 0.000000 75.205711 1.571863 -0.000285 1.627928
  51 0.275016 -0.000000 152.148315 -1.570796 0.000000 1.570796
  52 -15.716777 39.236946 240.158310 -0.097324 0.118239 -0.018772
  53 0.000001 62.346859 0.000014 0.428922 -0.059566 0.271872
  54 -0.000006 62.346878 0.000010 1.080498 -0.370730 0.606044
  55 -0.000046 62.346889 0.000029 0.864537 -0.241089 0.513507
  56 16.555017 -39.552219 240.158310 0.256459 -0.146441 -2.433150
  57 0.000008 62.365173 -0.000014 0.347161 0.059357 -0.335437
  58 -0.000004 62.365250 0.000021 0.666794 0.229101 -0.641490
  59 0.000048 62.365185 0.000027 0.513285 0.132450 -0.495080
  60 -39.543037 -16.013739 240.158310 0.207758 0.208667 1.621434
  61 -0.000003 62.361599 0.000005 -0.004371 0.041483 -0.323451
  62 0.000013 62.361618 0.000021 0.468438 -0.042038 0.440085
  63 -0.000011 62.361641 0.000010 0.533772 -0.244866 1.095963
  64 38.652832 15.714690 240.158310 0.627333 -0.094788 -1.005582
  65 -0.000005 62.294518 -0.000017 -0.000707 -0.000192 -0.528593
  66 -0.000006 62.294468 -0.000019 -0.001008 -0.000427 -0.802129
  67 0.000046 62.294449 0.000014 -0.000745 -0.000214 -0.559636
  68 -39.156181 15.923013 240.158310 0.868465 -0.023130 1.187097
  69 -0.000001 62.358154 -0.000003 0.469475 -0.015736 0.065778
  70 0.000010 62.358135 0.000004 0.483880 -0.016698 0.067642
  71 -0.000009 62.358162 0.000005 0.298099 -0.006411 0.042684
  72 39.767052 -16.282318 240.158310 0.460910 0.045554 -2.044924
  73 -0.000029 62.389462 0.000060 0.527225 -0.071331 0.262883
  74 -0.000002 62.389549 0.000039 0.806423 -0.164610 0.382036
  75 0.000066 62.389458 0.000031 0.570456 -0.083391 0.282662
  76 -16.103676 -39.283638 240.158310 0.934286 0.220631 2.516512
  77 -0.000011 62.362137 0.000014 -0.305012 0.045382 0.293197
  78 -0.000011 62.362183 0.000021 -0.592954 0.177808 0.567832
  79 -0.000011 62.362213 0.000016 -0.454460 0.102394 0.436170
  80 1.583248 52.694332 245.353317 0.033692 0.010315 -0.449588
  81 -0.000022 62.323315 0.000019 0.353875 -0.003252 0.018188
  82 -0.000030 62.323372 0.000043 0.899708 -0.019854 0.041113
  83 -0.000035 62.323250 -0.000009 0.708721 -0.012642 0.034165
  84 -60.025181 84.394989 327.579651 0.634067 0.000000 0.405211
  85 -7.421469 -133.762711 372.526611 0.633219 -0.000000 -2.738498
  86 -193.383316 -40.558258 343.917053 0.635221 0.000000 1.966451
  87 192.097366 -57.743130 319.326294 0.633273 -0.000000 -1.135419
  88 -54.126637 -5.112638 460.024841 0.635094 0.000000 1.162357
  89 79.675789 31.975454 397.333374 0.632502 -0.000000 -1.970095
  90 -30.329414 -214.558060 290.374512 0.631102 0.000000 2.738329
  91 44.785004 155.540741 387.458313 0.638746 -0.000000 -0.420076
  92 -15.716786 39.236965 240.158340 1.570796 -0.000000 1.570796
  93 16.555004 -39.552216 240.158310 1.570796 -0.000000 1.570796
  94 -39.543041 -16.013742 240.158340 1.570796 -0.000000 1.570796
  95 38.652855 15.714693 240.158310 1.570796 -0.000000 1.570796
  96 -39.156166 15.923010 240.158340 1.570796 -0.000000 1.570796
  97 39.767056 -16.282322 240.158310 1.570796 -0.000000 1.570796
  98 -16.103676 -39.283642 240.158340 1.570796 -0.000000 1.570796
  99 15.440804 39.028652 240.158340 1.570796 -0.000000 1.570796
  time 14
  0 0.296820 0.000003 151.993912 1.557374 0.000000 1.570804
  1 41.816833 83.690300 127.018250 1.511111 0.000169 1.212698
  2 -32.694736 85.424797 117.261368 1.483984 -0.001104 2.956859
  3 -85.601120 28.743813 122.986008 1.356023 0.001083 -0.394576
  4 -89.559113 -37.594006 121.830551 1.502908 0.001021 0.186195
  5 -37.027199 -76.871719 126.561386 1.364314 0.007435 0.676434
  6 35.911324 -91.010468 130.407089 1.431409 0.001064 0.064788
  7 86.793961 -35.660191 127.485397 1.512827 0.000554 -1.249619
  8 94.564743 35.632446 125.868530 1.291685 -0.000236 1.580701
  9 -2.138844 60.348717 41.751076 -1.780375 -0.049109 0.025219
  10 -0.000000 34.660030 0.000020 0.980722 0.138303 -0.021853
  11 -0.000007 31.472412 -0.000010 0.732516 -0.133001 0.247409
  12 0.000003 37.933620 -0.000003 0.621993 0.464816 0.620893
  13 -49.991817 38.009964 37.750046 -1.581055 0.048771 0.971654
  14 0.000003 31.641970 0.000012 1.144130 0.162754 -0.041579
  15 -0.000010 37.202103 -0.000008 0.687119 0.257379 -0.243878
  16 -0.000011 49.527695 -0.000008 0.547617 -0.151534 0.660851
  17 -67.475662 -2.734739 37.713646 -1.710505 -0.131464 1.400847
  18 -0.000004 30.638350 0.000010 0.798758 0.226712 0.068196
  19 0.000005 37.179062 0.000023 1.289068 -0.066403 0.391371
  20 -0.000003 50.252293 -0.000003 0.136191 0.098760 0.895506
  21 -49.799274 -48.128593 41.089554 -1.697095 -0.218639 2.056782
  22 0.000000 27.027149 0.000007 0.532113 -0.250301 0.119566
  23 0.000000 34.029247 -0.000003 1.802748 -0.088558 0.202105
  24 -0.000003 47.109715 0.000027 -0.451608 0.191611 0.434298
  25 -1.885822 -60.850689 36.206367 -1.252169 0.000076 -3.103994
  26 0.000006 28.894098 0.000015 0.989858 -0.066680 -0.026976
  27 0.000007 40.314987 0.000002 1.221756 0.326137 -0.255616
  28 -0.000026 38.588921 -0.000012 -0.109800 0.736856 0.411619
  29 44.874107 -44.052113 37.178146 -1.458518 -0.020557 -2.561156
  30 0.000000 30.233519 -0.000001 1.338104 0.047119 0.044134
  31 -0.000008 44.196396 -0.000018 -0.198624 -0.270683 0.910894
  32 -0.000032 47.984360 0.000004 0.720097 0.354780 -0.692030
  33 67.582657 5.793911 39.283112 -1.539946 0.033594 -1.441065
  34 0.000009 32.776485 -0.000004 1.068332 -0.342249 -0.033924
  35 -0.000006 31.728642 0.000005 1.237614 0.012783 -0.198760
  36 0.000009 48.066452 0.000032 -0.190927 0.471713 -0.509437
  37 48.079670 49.080940 35.364395 -1.146992 0.014863 -0.541990
  38 -0.000008 28.527903 0.000002 1.281347 -0.054051 -0.018242
  39 -0.000001 45.170578 0.000004 0.424917 0.197234 -0.263419
  40 -0.000037 44.421612 0.000015 0.685267 -0.134454 0.898023
  41 -34.860104 177.215424 22.455544 -0.000114 -0.041237 0.163121
  42 -127.872322 112.505051 38.804626 0.025978 -0.032029 0.846710
  43 -167.091919 -21.214701 32.212448 -0.233914 0.045393 1.775401
  44 -104.144173 -151.183609 23.069397 -0.235204 0.064786 2.389615
  45 3.401419 -174.855774 86.693817 0.002879 0.041137 -3.045485
  46 160.002441 -147.732971 42.311844 -0.028510 0.029799 -2.213055
  47 176.666382 24.565302 58.756508 -0.041108 0.003264 -1.484230
  48 84.943077 141.673676 85.587692 -0.030895 -0.027318 -0.680252
  49 0.000000 0.000000 229.528091 -1.571081 -0.001067 1.627928
  50 0.000000 0.000000 75.205711 1.571863 -0.000285 1.627928
  51 0.276145 -0.000000 152.140320 -1.570796 0.000000 1.570796
  52 -15.716777 39.236946 240.158310 0.028956 0.073266 0.193066
  53 0.000006 62.346874 0.000014 0.485568 -0.044587 0.179572
  54 -0.000001 62.346886 0.000029 1.077737 -0.206894 0.343850
  55 -0.000057 62.346855 0.000052 0.829022 -0.126553 0.286036
  56 16.555017 -39.552219 240.158310 0.343901 -0.096543 -2.557226
  57 0.000013 62.365189 0.000008 0.367394 0.050007 -0.267607
  58 -0.000002 62.365219 0.000001 0.648167 0.157185 -0.460563
  59 0.000049 62.365185 0.000010 0.480206 0.085768 -0.347013
  60 -39.543037 -16.013739 240.158310 -0.024428 0.133418 2.004885
  61 -0.000003 62.361595 -0.000000 0.235992 0.140606 -0.360882
  62 0.000008 62.361603 0.000016 0.910709 0.195022 -0.113173
  63 -0.000003 62.361626 -0.000000 0.885090 -0.044493 0.355201
  64 38.652832 15.714690 240.158310 0.415177 0.090724 -1.292116
  65 -0.000001 62.294533 -0.000031 -0.307525 -0.041113 -0.263768
  66 -0.000009 62.294495 0.000002 -0.288971 -0.036263 -0.247979
  67 0.000008 62.294453 -0.000003 -0.172559 -0.012863 -0.148435
  68 -39.156181 15.923013 240.158310 1.586056 -0.086598 1.205306
  69 0.000006 62.358116 0.000013 0.019345 -0.000020 0.002040
  70 0.000003 62.358143 -0.000000 -0.011722 -0.000007 -0.001236
  71 0.000010 62.358185 -0.000018 0.001492 -0.000000 0.000157
  72 39.767052 -16.282318 240.158310 0.755912 -0.043195 -1.918207
  73 -0.000031 62.389488 0.000077 0.395690 -0.042388 0.210696
  74 0.000000 62.389584 0.000045 0.445014 -0.053575 0.235750
  75 0.000086 62.389523 0.000023 0.284744 -0.021976 0.153018
  76 -16.103676 -39.283638 240.158310 0.570597 0.193755 2.456624
  77 0.000008 62.362106 0.000006 0.046556 -0.012065 0.507052
  78 -0.000012 62.362190 0.000020 0.075027 -0.036163 0.898021
  79 0.000001 62.362198 -0.000002 0.058203 -0.019689 0.652260
  80 1.583248 52.694332 245.353317 0.047000 0.063814 -0.598428
  81 -0.000020 62.323311 -0.000001 0.304498 -0.015157 0.098705
  82 -0.000031 62.323380 0.000027 0.818744 -0.105594 0.242402
  83 -0.000039 62.323257 0.000001 0.655243 -0.068741 0.201650
  84 -60.899940 82.994270 361.562134 0.634067 0.000000 0.405211
  85 -5.977150 -136.224945 397.770203 0.633219 -0.000000 -2.738498
  86 -163.371872 -8.190439 353.445984 0.635221 0.000000 1.966451
  87 268.311768 -0.886775 226.704758 0.633273 -0.000000 -1.135419
  88 -41.339130 -7.140186 494.442383 0.635094 0.000000 1.162357
  89 103.918816 40.178764 443.246338 0.632502 -0.000000 -1.970095
  90 38.599369 -179.472473 331.205627 0.631102 0.000000 2.738329
  91 40.551544 170.155640 383.499695 0.638746 -0.000000 -0.420076
  92 -15.716786 39.236965 240.158340 1.570796 -0.000000 1.570796
  93 16.555004 -39.552216 240.158310 1.570796 -0.000000 1.570796
  94 -39.543041 -16.013742 240.158340 1.570796 -0.000000 1.570796
  95 38.652855 15.714693 240.158310 1.570796 -0.000000 1.570796
  96 -39.156166 15.923010 240.158340 1.570796 -0.000000 1.570796
  97 39.767056 -16.282322 240.158310 1.570796 -0.000000 1.570796
  98 -16.103676 -39.283642 240.158340 1.570796 -0.000000 1.570796
  99 15.440804 39.028652 240.158340 1.570796 -0.000000 1.570796
  time 15
  0 0.296820 0.000003 151.993912 1.557374 0.000000 1.570804
  1 39.893139 79.623680 126.917786 1.511111 0.000169 1.212698
  2 -31.038689 81.274841 117.629654 1.483985 -0.001104 2.956859
  3 -81.403305 27.316965 123.079269 1.356024 0.001083 -0.394576
  4 -85.171150 -35.833797 121.979324 1.502908 0.001021 0.186195
  5 -35.163002 -73.224503 126.482880 1.364314 0.007435 0.676435
  6 34.271347 -86.683983 130.143829 1.431409 0.001064 0.064788
  7 82.709435 -33.992889 127.362518 1.512827 0.000554 -1.249619
  8 90.106888 33.874657 125.823318 1.291685 -0.000236 1.580701
  9 -2.138844 60.348717 41.751076 -1.482133 0.004780 0.063253
  10 -0.000001 34.660038 0.000024 0.984974 0.096833 -0.022967
  11 -0.000006 31.472410 -0.000014 0.558862 -0.119564 0.211023
  12 0.000005 37.933617 0.000000 0.402428 0.557946 0.437795
  13 -49.991817 38.009964 37.750046 -1.571863 0.039134 0.942155
  14 0.000004 31.641972 0.000012 1.120951 0.191406 -0.042666
  15 -0.000015 37.202106 -0.000009 0.643743 0.263190 -0.270632
  16 -0.000003 49.527710 -0.000008 0.519729 -0.139553 0.636944
  17 -67.475662 -2.734739 37.713646 -1.708649 -0.131761 1.405593
  18 -0.000002 30.638351 0.000015 0.806593 0.221466 0.075313
  19 -0.000001 37.179070 0.000023 1.300666 -0.072258 0.403484
  20 -0.000004 50.252281 0.000006 0.146297 0.097650 0.908253
  21 -49.799274 -48.128593 41.089554 -1.677343 -0.209196 2.092934
  22 0.000002 27.027151 0.000009 0.496009 -0.282088 0.129139
  23 0.000004 34.029243 -0.000001 1.702839 -0.107695 0.207285
  24 -0.000020 47.109707 0.000024 -0.495788 0.199797 0.434141
  25 -1.885822 -60.850689 36.206367 -1.291451 0.010030 -3.083362
  26 0.000006 28.894093 0.000011 0.976169 -0.086298 -0.025656
  27 0.000008 40.314980 0.000002 1.243380 0.318362 -0.244530
  28 -0.000022 38.588898 -0.000002 -0.094590 0.739355 0.439967
  29 44.874107 -44.052113 37.178146 -1.455342 -0.019269 -2.561003
  30 -0.000000 30.233517 0.000002 1.360602 0.046007 0.052021
  31 -0.000006 44.196381 -0.000023 -0.178384 -0.284839 0.916832
  32 -0.000027 47.984348 -0.000002 0.750740 0.358618 -0.696572
  33 67.582657 5.793911 39.283112 -1.403286 0.010278 -1.548240
  34 0.000011 32.776489 -0.000002 0.863156 -0.237244 0.019952
  35 -0.000010 31.728642 0.000012 0.891292 0.064852 -0.153432
  36 0.000005 48.066452 0.000034 -0.339574 0.474444 -0.504585
  37 48.079670 49.080940 35.364395 -1.091227 0.016211 -0.542011
  38 -0.000008 28.527903 -0.000004 1.137714 -0.052929 0.000978
  39 -0.000002 45.170570 -0.000002 0.239933 0.143045 -0.299016
  40 -0.000011 44.421585 0.000015 0.525860 -0.063431 0.788805
  41 -41.153664 196.764938 27.605362 -0.000114 -0.041237 0.163121
  42 -123.721428 121.868835 33.621910 0.025978 -0.032029 0.846710
  43 -164.683563 -23.132393 35.086739 -0.233914 0.045393 1.775401
  44 -95.388435 -159.137833 8.116562 -0.235204 0.064786 2.389615
  45 10.545203 -175.048645 82.194321 0.002879 0.041137 -3.045485
  46 157.470047 -144.486053 51.222404 -0.028510 0.029799 -2.213055
  47 203.638412 3.788768 10.903614 -0.041108 0.003264 -1.484230
  48 103.191498 165.404785 64.202286 -0.030895 -0.027318 -0.680252
  49 0.000000 0.000000 229.528091 -1.571081 -0.001067 1.627928
  50 0.000000 0.000000 75.205711 1.571863 -0.000285 1.627928
  51 0.276145 -0.000000 152.140320 -1.570796 0.000000 1.570796
  52 -15.716777 39.236946 240.158310 0.111245 0.065742 0.237374
  53 0.000009 62.346863 -0.000007 0.488475 -0.041578 0.166474
  54 -0.000006 62.346893 0.000040 1.011427 -0.169213 0.303949
  55 -0.000056 62.346844 0.000056 0.766035 -0.100075 0.247317
  56 16.555017 -39.552219 240.158310 0.193890 0.010902 -2.763338
  57 0.000011 62.365181 -0.000021 0.461500 -0.006515 0.027731
  58 0.000019 62.365257 0.000001 0.907442 -0.023939 0.049082
  59 0.000009 62.365181 0.000060 0.675844 -0.013693 0.038961
  60 -39.543037 -16.013739 240.158310 0.194581 0.143837 1.899345
  61 0.000001 62.361588 0.000008 0.361038 0.110438 -0.223681
  62 0.000010 62.361599 0.000033 0.823988 0.103001 -0.029553
  63 -0.000004 62.361641 -0.000001 0.718156 -0.026681 0.316201
  64 38.652832 15.714690 240.158310 0.491892 0.060715 -1.231663
  65 -0.000008 62.294533 -0.000018 -0.442718 -0.081937 -0.360343
  66 -0.000002 62.294510 0.000045 -0.502834 -0.106135 -0.407856
  67 0.000022 62.294449 -0.000032 -0.325913 -0.044099 -0.266671
  68 -39.156181 15.923013 240.158310 1.560754 -0.096722 1.211867
  69 0.000015 62.358131 0.000015 0.019520 -0.000023 0.002371
  70 0.000001 62.358082 0.000005 -0.011690 -0.000007 -0.001420
  71 0.000044 62.358131 -0.000035 0.001353 -0.000000 0.000164
  72 39.767052 -16.282318 240.158310 0.681004 -0.003122 -1.966044
  73 -0.000021 62.389488 0.000077 0.581532 -0.017344 0.057945
  74 -0.000007 62.389542 0.000039 0.742247 -0.027767 0.071325
  75 0.000084 62.389530 0.000008 0.491670 -0.012496 0.049793
  76 -16.103676 -39.283638 240.158310 0.836949 0.201835 2.514786
  77 -0.000010 62.362144 0.000013 -0.352418 0.086187 0.475196
  78 -0.000002 62.362179 0.000022 -0.583334 0.258969 0.818451
  79 -0.000003 62.362217 0.000007 -0.444988 0.141512 0.607171
  80 1.583248 52.694332 245.353317 0.107057 0.119733 -0.724141
  81 -0.000015 62.323296 0.000010 0.252026 -0.020608 0.162318
  82 -0.000025 62.323349 0.000010 0.684263 -0.152290 0.422067
  83 -0.000033 62.323296 -0.000002 0.554197 -0.099917 0.348040
  84 -62.820881 81.740265 375.812866 0.634067 0.000000 0.405211
  85 49.887127 -103.897827 401.179993 0.633219 -0.000000 -2.738498
  86 -139.700714 -0.405683 392.129211 0.635221 0.000000 1.966451
  87 229.255096 -18.740885 188.114288 0.633273 -0.000000 -1.135419
  88 -48.353748 -7.945742 500.764465 0.635094 0.000000 1.162357
  89 37.727261 2.875994 431.575134 0.632502 -0.000000 -1.970095
  90 14.056495 -183.164337 249.540451 0.631102 0.000000 2.738329
  91 37.455448 180.844116 380.604553 0.638746 -0.000000 -0.420076
  92 -15.716786 39.236965 240.158340 1.570796 -0.000000 1.570796
  93 16.555004 -39.552216 240.158310 1.570796 -0.000000 1.570796
  94 -39.543041 -16.013742 240.158340 1.570796 -0.000000 1.570796
  95 38.652855 15.714693 240.158310 1.570796 -0.000000 1.570796
  96 -39.156166 15.923010 240.158340 1.570796 -0.000000 1.570796
  97 39.767056 -16.282322 240.158310 1.570796 -0.000000 1.570796
  98 -16.103676 -39.283642 240.158340 1.570796 -0.000000 1.570796
  99 15.440804 39.028652 240.158340 1.570796 -0.000000 1.570796
  time 16
  0 0.296820 0.000003 151.993912 1.557374 0.000000 1.570804
  1 37.623459 74.825653 126.799286 1.511111 0.000169 1.212698
  2 -29.084787 76.378487 118.064194 1.483984 -0.001104 2.956859
  3 -76.450485 25.633497 123.189316 1.356023 0.001083 -0.394576
  4 -79.993965 -33.757004 122.154877 1.502908 0.001021 0.186195
  5 -32.963524 -68.921303 126.390259 1.364314 0.007435 0.676435
  6 32.336411 -81.579361 129.833206 1.431409 0.001064 0.064788
  7 77.890297 -32.025711 127.217514 1.512827 0.000554 -1.249619
  8 84.847275 31.800713 125.769958 1.291685 -0.000236 1.580701
  9 -2.138844 60.348717 41.751076 -1.431427 0.013319 0.091968
  10 0.000000 34.660034 0.000014 1.010568 0.070060 -0.019754
  11 -0.000007 31.472410 -0.000007 0.563103 -0.131513 0.222302
  12 -0.000000 37.933601 0.000002 0.397209 0.556312 0.441557
  13 -49.991817 38.009964 37.750046 -1.089147 -0.100667 0.884611
  14 -0.000013 31.641970 0.000008 1.001093 0.208379 -0.041924
  15 -0.000009 37.202099 -0.000008 0.269727 0.163071 -0.305595
  16 -0.000015 49.527718 -0.000011 0.192608 -0.066088 0.417623
  17 -67.475662 -2.734739 37.713646 -1.711142 -0.134216 1.411181
  18 -0.000003 30.638348 0.000012 0.815749 0.215488 0.084436
  19 -0.000001 37.179066 0.000021 1.319072 -0.080913 0.421948
  20 -0.000012 50.252289 0.000004 0.162424 0.095576 0.930022
  21 -49.799274 -48.128593 41.089554 -1.676803 -0.189062 2.011620
  22 -0.000004 27.027157 0.000013 0.535824 -0.209230 0.098972
  23 0.000002 34.029247 0.000003 1.766811 -0.040449 0.153576
  24 -0.000009 47.109718 0.000035 -0.469490 0.157403 0.371951
  25 -1.885822 -60.850689 36.206367 -1.510955 0.016650 -3.093228
  26 0.000007 28.894085 0.000015 0.889896 -0.078486 -0.014286
  27 0.000009 40.314987 0.000009 1.333491 0.351076 -0.222247
  28 -0.000015 38.588917 -0.000003 -0.024549 0.744575 0.534788
  29 44.874107 -44.052113 37.178146 -1.442183 -0.015401 -2.561010
  30 -0.000003 30.233519 0.000003 1.386802 0.044975 0.061035
  31 0.000005 44.196381 -0.000019 -0.157471 -0.297954 0.919328
  32 -0.000033 47.984360 0.000001 0.776268 0.360678 -0.699075
  33 67.582657 5.793911 39.283112 -1.676471 0.038039 -1.480303
  34 -0.000003 32.776474 0.000001 0.981356 -0.304909 -0.013982
  35 -0.000008 31.728647 0.000003 1.206349 0.055023 -0.231722
  36 0.000013 48.066471 0.000023 -0.215534 0.454968 -0.578650
  37 48.079670 49.080940 35.364395 -1.264331 -0.002765 -0.660747
  38 -0.000005 28.527903 0.000009 1.050132 0.055320 -0.010032
  39 -0.000001 45.170578 -0.000004 0.230351 0.182415 -0.350308
  40 -0.000023 44.421619 0.000013 0.573846 -0.077770 0.813079
  41 -50.926929 193.085693 38.334015 -0.000114 -0.041237 0.163121
  42 -130.671631 155.613571 38.333595 0.025978 -0.032029 0.846710
  43 -160.810135 -25.478064 38.560074 -0.233914 0.045393 1.775401
  44 -123.876595 -143.831482 20.078712 -0.235204 0.064786 2.389615
  45 10.383909 -177.491089 55.910828 0.002879 0.041137 -3.045485
  46 154.329773 -141.031937 61.436935 -0.028510 0.029799 -2.213055
  47 182.845917 8.584731 29.010193 -0.041108 0.003264 -1.484230
  48 133.287766 149.966339 33.312080 -0.030895 -0.027318 -0.680252
  49 0.000000 0.000000 229.528091 -1.571081 -0.001067 1.627928
  50 0.000000 0.000000 75.205711 1.571863 -0.000285 1.627928
  51 0.276145 -0.000000 152.140320 -1.570796 0.000000 1.570796
  52 -15.716777 39.236946 240.158310 0.037691 0.127863 0.042485
  53 0.000002 62.346870 0.000004 0.422187 -0.061583 0.285524
  54 -0.000005 62.346878 0.000007 0.948651 -0.310996 0.592684
  55 -0.000062 62.346859 0.000042 0.745518 -0.192899 0.485090
  56 16.555017 -39.552219 240.158310 0.352724 0.159575 -3.034003
  57 0.000008 62.365185 0.000017 0.332653 -0.076036 0.445621
  58 -0.000000 62.365200 -0.000010 0.574416 -0.248386 0.799729
  59 -0.000016 62.365204 0.000043 0.441629 -0.138507 0.599405
  60 -39.543037 -16.013739 240.158310 0.195953 0.128470 1.846753
  61 0.000003 62.361599 -0.000009 0.271364 0.062331 -0.140522
  62 0.000006 62.361591 0.000029 0.687028 0.029684 0.087760
  63 -0.000007 62.361641 0.000005 0.616046 -0.052821 0.409083
  64 38.652832 15.714690 240.158310 0.680079 -0.044161 -1.078132
  65 -0.000013 62.294525 -0.000019 -0.312107 -0.077043 -0.480465
  66 -0.000006 62.294502 -0.000016 -0.428343 -0.152458 -0.675393
  67 0.000039 62.294449 -0.000014 -0.305110 -0.073457 -0.469183
  68 -39.156181 15.923013 240.158310 1.243127 -0.073732 1.216318
  69 0.000018 62.358128 -0.000007 0.289748 -0.006346 0.043494
  70 0.000023 62.358112 0.000006 0.114956 -0.001005 0.017457
  71 0.000004 62.358131 -0.000006 0.035224 -0.000095 0.005359
  72 39.767052 -16.282318 240.158310 0.483635 0.054353 -2.057129
  73 -0.000023 62.389473 0.000077 0.465097 -0.076410 0.320032
  74 -0.000012 62.389519 0.000023 0.700164 -0.173997 0.468961
  75 0.000079 62.389496 0.000008 0.497686 -0.087563 0.341453
  76 -16.103676 -39.283638 240.158310 0.287401 -0.003936 2.746289
  77 -0.000014 62.362133 -0.000022 -0.017577 0.000004 0.000456
  78 -0.000016 62.362171 0.000035 0.007819 0.000001 -0.000203
  79 -0.000024 62.362190 -0.000003 0.001670 0.000000 -0.000043
  80 1.583248 52.694332 245.353317 0.144221 0.144900 -0.768160
  81 -0.000019 62.323303 0.000031 0.227803 -0.021330 0.185926
  82 -0.000031 62.323353 -0.000012 0.614103 -0.158616 0.491177
  83 -0.000035 62.323265 -0.000016 0.499478 -0.104076 0.402867
  84 -72.317902 83.348259 348.908875 0.634067 0.000000 0.405211
  85 111.902252 -61.700756 356.831604 0.633219 -0.000000 -2.738498
  86 -166.077744 -34.899818 394.373535 0.635221 0.000000 1.966451
  87 212.768585 -35.412273 241.499619 0.633273 -0.000000 -1.135419
  88 -58.968388 -7.153951 483.907166 0.635094 0.000000 1.162357
  89 96.474274 42.034832 395.776550 0.632502 -0.000000 -1.970095
  90 -109.250496 -263.373840 309.555664 0.631102 0.000000 2.738329
  91 36.254902 184.988663 379.481995 0.638746 -0.000000 -0.420076
  92 -15.716786 39.236965 240.158340 1.570796 -0.000000 1.570796
  93 16.555004 -39.552216 240.158310 1.570796 -0.000000 1.570796
  94 -39.543041 -16.013742 240.158340 1.570796 -0.000000 1.570796
  95 38.652855 15.714693 240.158310 1.570796 -0.000000 1.570796
  96 -39.156166 15.923010 240.158340 1.570796 -0.000000 1.570796
  97 39.767056 -16.282322 240.158310 1.570796 -0.000000 1.570796
  98 -16.103676 -39.283642 240.158340 1.570796 -0.000000 1.570796
  99 15.440804 39.028652 240.158340 1.570796 -0.000000 1.570796
  time 17
  0 0.296820 0.000003 151.993912 1.557374 0.000000 1.570804
  1 38.195503 76.034920 126.829147 1.511111 0.000169 1.212698
  2 -29.577242 77.612549 117.954666 1.483985 -0.001104 2.956859
  3 -77.698776 26.057795 123.161591 1.356023 0.001083 -0.394576
  4 -81.298805 -34.280426 122.110611 1.502908 0.001021 0.186195
  5 -33.517872 -70.005859 126.413605 1.364314 0.007435 0.676434
  6 32.824085 -82.865906 129.911514 1.431409 0.001064 0.064788
  7 79.104904 -32.521511 127.254044 1.512827 0.000554 -1.249619
  8 86.172890 32.323421 125.783417 1.291685 -0.000236 1.580701
  9 -2.138844 60.348717 41.751076 -1.868789 -0.078758 0.053653
  10 0.000000 34.660023 0.000017 1.010422 0.118008 -0.021947
  11 -0.000009 31.472412 -0.000003 0.849449 -0.174668 0.286589
  12 0.000003 37.933617 -0.000003 0.743858 0.376038 0.737910
  13 -49.991817 38.009964 37.750046 -1.147225 -0.128422 0.809850
  14 -0.000017 31.641966 -0.000002 0.915246 0.273353 -0.057827
  15 -0.000014 37.202103 -0.000005 0.201002 0.166464 -0.346488
  16 -0.000012 49.527699 -0.000016 0.158983 -0.061155 0.387168
  17 -67.475662 -2.734739 37.713646 -1.720513 -0.140118 1.417368
  18 -0.000002 30.638359 0.000014 0.825954 0.209193 0.095069
  19 0.000002 37.179070 0.000024 1.345351 -0.093184 0.447349
  20 -0.000009 50.252281 0.000010 0.185077 0.092105 0.962375
  21 -49.799274 -48.128593 41.089554 -1.643785 -0.160173 1.983398
  22 -0.000008 27.027157 0.000017 0.581817 -0.187809 0.095263
  23 0.000001 34.029243 0.000005 1.822191 -0.019200 0.138652
  24 -0.000012 47.109707 0.000034 -0.432505 0.140238 0.349949
  25 -1.885822 -60.850689 36.206367 1.574861 3.134128 -0.001303
  26 0.000006 28.894083 0.000019 0.863686 -0.029191 -0.011981
  27 0.000008 40.314987 0.000009 1.340761 0.392840 -0.238950
  28 -0.000016 38.588913 -0.000007 -0.017755 0.742496 0.522871
  29 44.874107 -44.052113 37.178146 -1.419616 -0.009013 -2.560796
  30 -0.000003 30.233519 -0.000004 1.413766 0.043853 0.070202
  31 -0.000005 44.196400 -0.000022 -0.138988 -0.307492 0.917992
  32 -0.000012 47.984367 0.000004 0.791614 0.360164 -0.698830
  33 67.582657 5.793911 39.283112 -1.447997 0.004357 -1.568825
  34 0.000020 32.776493 -0.000003 0.829611 -0.217208 0.018895
  35 -0.000005 31.728645 0.000017 0.867417 0.077704 -0.169104
  36 0.000009 48.066456 0.000030 -0.354831 0.466279 -0.527174
  37 48.079670 49.080940 35.364395 -1.266207 -0.004279 -0.667187
  38 -0.000008 28.527903 0.000007 1.041456 0.061192 -0.011073
  39 0.000000 45.170578 -0.000001 0.220584 0.181153 -0.355308
  40 -0.000031 44.421597 0.000013 0.566834 -0.073780 0.806607
  41 -46.598633 156.899185 36.617317 -0.000114 -0.041237 0.163121
  42 -108.865532 170.830536 13.833435 0.025978 -0.032029 0.846710
  43 -155.182220 -28.056078 42.314720 -0.233914 0.045393 1.775401
  44 -129.347382 -136.038071 39.218384 -0.235204 0.064786 2.389616
  45 -6.944765 -178.759857 48.098053 0.002879 0.041137 -3.045485
  46 151.058014 -137.726273 71.651489 -0.028510 0.029799 -2.213055
  47 201.508972 -4.940133 -2.676189 -0.041108 0.003264 -1.484230
  48 135.570724 149.206329 30.935905 -0.030895 -0.027318 -0.680252
  49 0.000000 0.000000 229.528091 -1.571081 -0.001067 1.627928
  50 0.000000 0.000000 75.205711 1.571863 -0.000285 1.627928
  51 0.276145 -0.000000 152.140320 -1.570796 0.000000 1.570796
  52 -15.716777 39.236946 240.158310 0.287857 0.335190 -0.251427
  53 0.000006 62.346870 -0.000019 0.150256 -0.039687 0.515605
  54 -0.000009 62.346874 -0.000001 0.292887 -0.213470 1.256437
  55 -0.000089 62.346851 -0.000008 0.254672 -0.136166 0.978771
  56 16.555017 -39.552219 240.158310 0.506151 0.100437 -2.895112
  57 0.000008 62.365181 0.000004 0.296788 -0.072387 0.475273
  58 0.000009 62.365227 0.000006 0.445484 -0.175222 0.739883
  59 0.000005 62.365223 0.000051 0.328594 -0.089802 0.529308
  60 -39.543037 -16.013739 240.158310 0.281831 0.126610 1.805973
  61 0.000005 62.361614 0.000027 0.200211 0.033979 -0.078170
  62 0.000008 62.361591 0.000012 0.521097 -0.005909 0.165391
  63 0.000003 62.361622 -0.000017 0.482932 -0.047621 0.453578
  64 38.652832 15.714690 240.158310 0.619742 0.008679 -1.147410
  65 -0.000006 62.294525 -0.000011 -0.375179 -0.079710 -0.414122
  66 -0.000002 62.294483 0.000013 -0.480875 -0.133609 -0.532782
  67 0.000024 62.294437 -0.000053 -0.329135 -0.060908 -0.362842
  68 -39.156181 15.923013 240.158310 0.718284 -0.014140 1.179961
  69 -0.000000 62.358170 0.000012 0.431835 -0.024966 0.113710
  70 -0.000014 62.358128 0.000022 0.513705 -0.035144 0.133617
  71 -0.000009 62.358181 0.000004 0.333673 -0.014981 0.088906
  72 39.767052 -16.282318 240.158310 0.888801 -0.042544 -1.925392
  73 -0.000034 62.389519 0.000085 0.436580 -0.022624 0.101907
  74 -0.000002 62.389576 0.000057 0.428882 -0.021844 0.100218
  75 0.000082 62.389523 0.000017 0.259409 -0.008057 0.061753
  76 -16.103676 -39.283638 240.158310 0.517027 -0.026579 2.779424
  77 -0.000012 62.362137 -0.000001 -0.017634 0.000067 0.007606
  78 -0.000017 62.362179 0.000016 0.002719 0.000001 -0.001173
  79 -0.000020 62.362175 0.000006 0.003137 0.000002 -0.001353
  80 1.583248 52.694332 245.353317 0.206660 -0.049910 -0.309212
  81 -0.000020 62.323311 0.000022 0.419113 0.024804 -0.116502
  82 -0.000029 62.323364 0.000023 0.836537 0.095261 -0.213656
  83 -0.000013 62.323242 0.000010 0.627613 0.054808 -0.168526
  84 -89.374207 85.415993 311.368652 0.634067 0.000000 0.405211
  85 136.059662 -48.601517 365.018066 0.633219 -0.000000 -2.738498
  86 -181.943588 -56.476135 397.177856 0.635221 0.000000 1.966451
  87 225.548798 -25.215950 220.917160 0.633273 -0.000000 -1.135419
  88 -89.340607 -6.100240 451.597839 0.635094 0.000000 1.162357
  89 67.834816 16.560415 461.924011 0.632502 -0.000000 -1.970095
  90 -96.008636 -263.797546 372.041992 0.631102 0.000000 2.738329
  91 55.960606 118.991066 405.377258 0.638746 -0.000000 -0.420076
  92 -15.716786 39.236965 240.158340 1.570796 -0.000000 1.570796
  93 16.555004 -39.552216 240.158310 1.570796 -0.000000 1.570796
  94 -39.543041 -16.013742 240.158340 1.570796 -0.000000 1.570796
  95 38.652855 15.714693 240.158310 1.570796 -0.000000 1.570796
  96 -39.156166 15.923010 240.158340 1.570796 -0.000000 1.570796
  97 39.767056 -16.282322 240.158310 1.570796 -0.000000 1.570796
  98 -16.103676 -39.283642 240.158340 1.570796 -0.000000 1.570796
  99 15.440804 39.028652 240.158340 1.570796 -0.000000 1.570796
  time 18
  0 0.296820 0.000003 151.993912 1.557374 0.000000 1.570804
  1 44.530056 89.425972 127.159927 1.511111 0.000169 1.212698
  2 -35.030468 91.277992 116.741913 1.483985 -0.001104 2.956859
  3 -91.521828 30.756264 122.854462 1.356023 0.001083 -0.394576
  4 -95.748009 -40.076645 121.620697 1.502908 0.001021 0.186195
  5 -39.656502 -82.015839 126.672104 1.364314 0.007435 0.676434
  6 38.224384 -97.112640 130.778412 1.431409 0.001064 0.064788
  7 92.554863 -38.011795 127.658752 1.512827 0.000554 -1.249619
  8 100.852196 38.111683 125.932327 1.291685 -0.000236 1.580701
  9 -2.138844 60.348717 41.751076 -1.743209 -0.045588 0.080959
  10 0.000001 34.660030 0.000016 1.048384 0.082965 -0.021284
  11 -0.000007 31.472406 -0.000004 0.805229 -0.180651 0.282151
  12 0.000001 37.933620 0.000002 0.674688 0.417723 0.687900
  13 -49.991817 38.009964 37.750046 -1.641522 0.047616 0.904552
  14 0.000006 31.641966 0.000010 1.091212 0.227139 -0.045579
  15 -0.000010 37.202099 -0.000011 0.643244 0.284568 -0.295202
  16 -0.000011 49.527691 -0.000010 0.537568 -0.142105 0.638810
  17 -67.475662 -2.734739 37.713646 -1.738412 -0.150360 1.424457
  18 -0.000002 30.638353 0.000016 0.836392 0.202542 0.106830
  19 0.000008 37.179066 0.000026 1.379697 -0.110066 0.480558
  20 -0.000010 50.252281 -0.000003 0.215033 0.086544 1.007170
  21 -49.799274 -48.128593 41.089554 -1.555916 -0.114022 1.950891
  22 0.000006 27.027147 0.000009 0.583216 -0.156988 0.073557
  23 -0.000006 34.029263 0.000005 1.704557 0.024213 0.080160
  24 -0.000011 47.109703 0.000027 -0.467245 0.101157 0.275460
  25 -1.885822 -60.850689 36.206367 -1.562680 0.012586 -3.118255
  26 0.000007 28.894089 0.000017 0.867080 -0.053818 -0.011678
  27 0.000009 40.314983 0.000006 1.346334 0.374615 -0.227388
  28 -0.000015 38.588913 -0.000007 -0.014134 0.743970 0.539489
  29 44.874107 -44.052113 37.178146 -1.392641 -0.001574 -2.560242
  30 -0.000003 30.233522 -0.000000 1.438082 0.042685 0.078362
  31 0.000008 44.196392 -0.000016 -0.125043 -0.312643 0.914129
  32 -0.000035 47.984348 0.000009 0.796662 0.357672 -0.696588
  33 67.582657 5.793911 39.283112 -1.544879 0.033825 -1.439127
  34 0.000010 32.776493 -0.000005 1.071993 -0.344064 -0.035751
  35 -0.000007 31.728642 0.000005 1.245570 0.011995 -0.200773
  36 0.000004 48.066471 0.000015 -0.187191 0.471435 -0.510162
  37 48.079670 49.080940 35.364395 -1.326221 -0.005799 -0.690920
  38 -0.000002 28.527905 0.000008 1.071838 0.084919 -0.015067
  39 -0.000008 45.170574 -0.000008 0.288374 0.216635 -0.353902
  40 -0.000016 44.421604 0.000007 0.644270 -0.106944 0.856911
  41 -55.213181 159.196060 45.629402 -0.000114 -0.041237 0.163121
  42 -114.891876 127.705048 23.727623 0.025978 -0.032029 0.846710
  43 -147.510345 -30.670797 46.032959 -0.233914 0.045393 1.775401
  44 -148.569580 -129.070709 35.629585 -0.235204 0.064786 2.389615
  45 2.084711 -178.388489 49.044563 0.002879 0.041137 -3.045485
  46 148.131210 -134.924728 80.562042 -0.028510 0.029799 -2.213055
  47 175.847061 24.714371 59.403183 -0.041108 0.003264 -1.484230
  48 134.526505 139.872360 35.969421 -0.030895 -0.027318 -0.680252
  49 0.000000 0.000000 229.528091 -1.571081 -0.001067 1.627928
  50 0.000000 0.000000 75.205711 1.571863 -0.000285 1.627928
  51 0.276145 -0.000000 152.140320 -1.570796 0.000000 1.570796
  52 -15.716777 39.236946 240.158310 0.762934 0.481791 -0.164011
  53 0.000008 62.346848 -0.000005 -0.190804 0.055155 0.561299
  54 -0.000001 62.346905 0.000019 -0.354207 0.281727 1.340039
  55 -0.000027 62.346863 -0.000047 -0.311110 0.177791 1.033654
  56 16.555017 -39.552219 240.158310 0.410926 0.056620 -2.836860
  57 0.000010 62.365181 0.000009 0.411514 -0.043749 0.208887
  58 0.000004 62.365204 -0.000012 0.671143 -0.115399 0.328268
  59 0.000004 62.365200 0.000039 0.482482 -0.060045 0.242925
  60 -39.543037 -16.013739 240.158310 0.494615 0.104006 1.826501
  61 0.000003 62.361618 0.000022 0.094678 0.008201 -0.011583
  62 0.000015 62.361595 0.000013 0.225295 -0.008694 0.173628
  63 0.000005 62.361633 0.000012 0.238015 0.001326 0.391490
  64 38.652832 15.714690 240.158310 0.633846 -0.001560 -1.133295
  65 -0.000012 62.294525 -0.000023 -0.080276 -0.015342 -0.377491
  66 -0.000017 62.294498 0.000037 -0.102117 -0.025425 -0.487659
  67 0.000047 62.294418 -0.000030 -0.069526 -0.011403 -0.325005
  68 -39.156181 15.923013 240.158310 0.668538 -0.005906 1.170097
  69 0.000003 62.358154 -0.000003 0.437115 -0.027457 0.123473
  70 -0.000008 62.358135 0.000023 0.549767 -0.043114 0.152601
  71 -0.000001 62.358166 -0.000004 0.363875 -0.019099 0.103728
  72 39.767052 -16.282318 240.158310 0.656348 -0.001563 -1.968015
  73 -0.000031 62.389488 0.000058 0.591066 -0.018521 0.060818
  74 0.000004 62.389542 0.000037 0.771564 -0.030930 0.076125
  75 0.000082 62.389542 0.000008 0.514559 -0.014134 0.053706
  76 -16.103676 -39.283638 240.158310 0.916704 0.238902 2.493925
  77 -0.000010 62.362141 0.000017 -0.300496 0.050389 0.329893
  78 -0.000002 62.362183 0.000021 -0.576035 0.195295 0.638681
  79 -0.000008 62.362206 0.000025 -0.443778 0.112495 0.489169
  80 1.583248 52.694332 245.353317 0.013399 0.043512 -0.548600
  81 -0.000030 62.323318 0.000021 0.324232 -0.011571 0.070719
  82 -0.000028 62.323364 0.000026 0.878434 -0.080760 0.171567
  83 -0.000038 62.323250 -0.000004 0.702228 -0.052737 0.143759
  84 -85.745415 88.440620 273.827271 0.634067 0.000000 0.405211
  85 90.900055 -81.535950 414.141846 0.633219 -0.000000 -2.738498
  86 -200.827133 -82.491158 401.103699 0.635221 0.000000 1.966451
  87 239.326874 -30.793550 325.113831 0.633273 -0.000000 -1.135419
  88 -92.876343 -5.889630 446.681091 0.635094 0.000000 1.162357
  89 37.504635 3.255519 427.684143 0.632502 -0.000000 -1.970095
  90 -21.949213 -209.154892 286.662231 0.631102 0.000000 2.738329
  91 41.995102 164.324768 381.733643 0.638746 -0.000000 -0.420076
  92 -15.716786 39.236965 240.158340 1.570796 -0.000000 1.570796
  93 16.555004 -39.552216 240.158310 1.570796 -0.000000 1.570796
  94 -39.543041 -16.013742 240.158340 1.570796 -0.000000 1.570796
  95 38.652855 15.714693 240.158310 1.570796 -0.000000 1.570796
  96 -39.156166 15.923010 240.158340 1.570796 -0.000000 1.570796
  97 39.767056 -16.282322 240.158310 1.570796 -0.000000 1.570796
  98 -16.103676 -39.283642 240.158340 1.570796 -0.000000 1.570796
  99 15.440804 39.028652 240.158340 1.570796 -0.000000 1.570796
  time 19
  0 0.296820 0.000003 151.993912 1.557374 0.000000 1.570804
  1 43.581799 87.421379 127.110428 1.511111 0.000169 1.212698
  2 -34.214138 89.232323 116.923462 1.483985 -0.001104 2.956859
  3 -89.452568 30.052923 122.900436 1.356023 0.001083 -0.394576
  4 -93.585014 -39.208973 121.694046 1.502908 0.001021 0.186195
  5 -38.737572 -80.217995 126.633408 1.364314 0.007435 0.676434
  6 37.415977 -94.979958 130.648621 1.431409 0.001064 0.064788
  7 90.541443 -37.189919 127.598160 1.512828 0.000554 -1.249619
  8 98.654755 37.245201 125.910019 1.291685 -0.000236 1.580701
  9 -2.138844 60.348717 41.751076 -1.483157 0.027336 0.186036
  10 0.000003 34.660038 0.000020 1.157655 -0.022403 -0.030678
  11 -0.000010 31.472401 -0.000007 0.753344 -0.222257 0.289871
  12 -0.000002 37.933613 0.000009 0.558166 0.465825 0.614962
  13 -49.991817 38.009964 37.750046 -1.588900 0.029983 0.894303
  14 0.000009 31.641962 0.000013 1.076921 0.237215 -0.047939
  15 -0.000015 37.202087 -0.000008 0.588555 0.274004 -0.311820
  16 -0.000008 49.527699 -0.000009 0.490766 -0.126984 0.608967
  17 -67.475662 -2.734739 37.713646 -1.765424 -0.165670 1.433439
  18 -0.000004 30.638359 0.000018 0.846192 0.194995 0.119110
  19 0.000003 37.179070 0.000024 1.421396 -0.133150 0.522388
  20 -0.000008 50.252293 0.000017 0.252896 0.077810 1.066372
  21 -49.799274 -48.128593 41.089554 -1.628946 -0.158134 1.998923
  22 0.000001 27.027151 0.000008 0.516524 -0.197518 0.085207
  23 0.000007 34.029247 0.000001 1.657788 -0.016733 0.113718
  24 -0.000007 47.109715 0.000036 -0.510128 0.132148 0.321569
  25 -1.885822 -60.850689 36.206367 -1.271773 0.011012 -3.078203
  26 0.000006 28.894089 0.000010 0.982373 -0.091045 -0.026598
  27 0.000007 40.314991 0.000000 1.233054 0.311957 -0.245537
  28 -0.000017 38.588898 -0.000004 -0.102898 0.738754 0.431903
  29 44.874107 -44.052113 37.178146 -1.369686 0.004638 -2.559581
  30 -0.000004 30.233517 -0.000007 1.455811 0.041742 0.084229
  31 -0.000002 44.196381 -0.000015 -0.116458 -0.314402 0.910023
  32 -0.000022 47.984364 0.000009 0.795464 0.354801 -0.693871
  33 67.582657 5.793911 39.283112 -1.488124 0.033350 -1.450537
  34 0.000006 32.776482 0.000001 1.052516 -0.333198 -0.024556
  35 -0.000005 31.728640 0.000000 1.183225 0.013626 -0.182049
  36 0.000012 48.066463 0.000021 -0.214990 0.475130 -0.497085
  37 48.079670 49.080940 35.364395 -1.399663 -0.008703 -0.728261
  38 -0.000003 28.527901 0.000010 1.123863 0.123075 -0.015773
  39 -0.000016 45.170578 -0.000006 0.396576 0.275855 -0.343227
  40 -0.000011 44.421612 -0.000001 0.762530 -0.158394 0.922713
  41 -80.495140 142.572845 73.953033 -0.000114 -0.041237 0.163121
  42 -114.058586 134.233215 22.314163 0.025978 -0.032029 0.846710
  43 -137.505112 -33.126595 49.397102 -0.233914 0.045393 1.775401
  44 -135.384430 -142.488663 8.116344 -0.235204 0.064786 2.389616
  45 11.965837 -174.828369 84.088524 0.002879 0.041137 -3.045485
  46 146.025757 -132.982986 86.864639 -0.028510 0.029799 -2.213055
  47 181.169449 25.096565 57.463158 -0.041108 0.003264 -1.484230
  48 130.874420 124.177658 45.317360 -0.030895 -0.027318 -0.680252
  49 0.000000 0.000000 229.528091 -1.571081 -0.001067 1.627928
  50 0.000000 0.000000 75.205711 1.571863 -0.000285 1.627928
  51 0.276145 -0.000000 152.140320 -1.570796 0.000000 1.570796
  52 -15.716777 39.236946 240.158310 0.906802 0.137784 0.263255
  53 0.000008 62.346844 -0.000013 -0.623503 0.138292 0.423378
  54 0.000006 62.346870 -0.000016 -1.022001 0.369754 0.643890
  55 -0.000050 62.346901 -0.000051 -0.736993 0.193532 0.492570
  56 16.555017 -39.552219 240.158310 0.365046 0.031607 -2.796462
  57 0.000017 62.365185 0.000000 0.432484 -0.022879 0.104059
  58 0.000007 62.365200 0.000000 0.734046 -0.064247 0.166787
  59 0.000004 62.365154 0.000026 0.528953 -0.033999 0.125389
  60 -39.543037 -16.013739 240.158310 0.540060 0.211321 1.638220
  61 -0.000008 62.361633 0.000025 -0.041797 -0.005593 -0.037341
  62 0.000017 62.361595 -0.000001 0.042813 -0.016394 0.413916
  63 -0.000003 62.361622 -0.000022 0.139745 -0.016540 0.727166
  64 38.652832 15.714690 240.158310 0.125568 0.166805 -1.548735
  65 -0.000006 62.294529 -0.000029 -0.017790 -0.000153 -0.017146
  66 0.000008 62.294476 0.000043 0.008843 -0.000037 0.008522
  67 0.000005 62.294449 -0.000028 0.000781 -0.000001 0.000753
  68 -39.156181 15.923013 240.158310 0.678127 -0.004658 1.168401
  69 0.000007 62.358154 0.000001 0.513981 -0.022947 0.087264
  70 -0.000005 62.358166 0.000021 0.649719 -0.036218 0.107447
  71 0.000000 62.358170 -0.000009 0.429990 -0.016158 0.073963
  72 39.767052 -16.282318 240.158310 0.686978 -0.009458 -1.957901
  73 -0.000031 62.389488 0.000071 0.508367 -0.035957 0.138196
  74 -0.000004 62.389580 0.000050 0.635726 -0.055671 0.168844
  75 0.000082 62.389496 0.000022 0.419919 -0.024669 0.115638
  76 -16.103676 -39.283638 240.158310 0.919299 0.107539 2.628579
  77 -0.000019 62.362144 0.000005 -0.294837 0.022779 0.153107
  78 -0.000020 62.362194 0.000031 -0.564259 0.082979 0.284503
  79 -0.000023 62.362202 -0.000012 -0.421455 0.046460 0.216391
  80 1.583248 52.694332 245.353317 0.346089 0.309759 -0.986467
  81 -0.000004 62.323288 0.000026 0.085600 -0.012233 0.283744
  82 -0.000012 62.323330 -0.000013 0.231226 -0.104838 0.848694
  83 -0.000015 62.323265 -0.000026 0.196272 -0.071028 0.692658
  84 -96.639221 93.078812 206.253784 0.634067 0.000000 0.405211
  85 68.154633 -95.685242 420.282776 0.633219 -0.000000 -2.738498
  86 -212.898911 -78.222107 366.904968 0.635221 0.000000 1.966451
  87 303.754700 14.172613 270.440857 0.633273 -0.000000 -1.135419
  88 -61.931458 -4.083961 441.762634 0.635094 0.000000 1.162357
  89 67.174561 19.233866 438.578125 0.632502 -0.000000 -1.970095
  90 -62.309875 -235.104782 303.986328 0.631102 0.000000 2.738329
  91 32.996258 191.708588 359.778687 0.638746 -0.000000 -0.420076
  92 -15.716786 39.236965 240.158340 1.570796 -0.000000 1.570796
  93 16.555004 -39.552216 240.158310 1.570796 -0.000000 1.570796
  94 -39.543041 -16.013742 240.158340 1.570796 -0.000000 1.570796
  95 38.652855 15.714693 240.158310 1.570796 -0.000000 1.570796
  96 -39.156166 15.923010 240.158340 1.570796 -0.000000 1.570796
  97 39.767056 -16.282322 240.158310 1.570796 -0.000000 1.570796
  98 -16.103676 -39.283642 240.158340 1.570796 -0.000000 1.570796
  99 15.440804 39.028652 240.158340 1.570796 -0.000000 1.570796
  time 20
  0 0.296820 0.000003 151.993912 1.557374 0.000000 1.570804
  1 43.897255 88.088249 127.126892 1.511111 0.000169 1.212698
  2 -34.485710 89.912865 116.863068 1.483985 -0.001104 2.956859
  3 -90.140953 30.286907 122.885147 1.356023 0.001083 -0.394576
  4 -94.304581 -39.497623 121.669647 1.502908 0.001021 0.186195
  5 -39.043278 -80.816093 126.646286 1.364314 0.007435 0.676434
  6 37.684914 -95.689445 130.691818 1.431409 0.001064 0.064788
  7 91.211258 -37.463337 127.618317 1.512827 0.000554 -1.249619
  8 99.385788 37.533455 125.917435 1.291685 -0.000236 1.580701
  9 -2.138844 60.348717 41.751076 -1.557908 0.000629 0.138452
  10 0.000002 34.660042 0.000021 1.106321 0.022468 -0.023619
  11 -0.000006 31.472410 -0.000007 0.748795 -0.196766 0.281501
  12 0.000006 37.933620 -0.000005 0.580297 0.463561 0.621918
  13 -49.991817 38.009964 37.750046 -1.839419 0.087813 0.820918
  14 0.000013 31.641960 0.000011 1.016008 0.297421 -0.054461
  15 -0.000021 37.202103 -0.000006 0.658278 0.337212 -0.346555
  16 -0.000007 49.527691 -0.000012 0.599406 -0.156149 0.658722
  17 -67.475662 -2.734739 37.713646 -1.927427 -0.260717 1.441469
  18 -0.000012 30.638355 0.000018 0.778609 0.219159 0.095087
  19 0.000005 37.179070 0.000024 1.463217 -0.170454 0.591310
  20 -0.000006 50.252293 0.000024 0.302368 0.054561 1.226069
  21 -49.799274 -48.128593 41.089554 -1.609539 -0.140721 1.974666
  22 -0.000005 27.027155 0.000008 0.546685 -0.177192 0.078014
  23 -0.000000 34.029247 0.000011 1.693792 0.002779 0.098058
  24 -0.000005 47.109711 0.000033 -0.486809 0.118000 0.302139
  25 -1.885822 -60.850689 36.206367 -1.189313 -0.003766 -3.104015
  26 0.000006 28.894098 0.000016 1.008926 -0.066859 -0.029492
  27 0.000005 40.314983 -0.000003 1.186473 0.315359 -0.263003
  28 -0.000020 38.588913 -0.000002 -0.136547 0.733760 0.379600
  29 44.874107 -44.052113 37.178146 -1.360144 0.007196 -2.559263
  30 -0.000002 30.233524 0.000001 1.462624 0.041364 0.086471
  31 0.000001 44.196377 -0.000021 -0.113493 -0.314658 0.908169
  32 -0.000036 47.984344 0.000013 0.793980 0.353478 -0.692602
  33 67.582657 5.793911 39.283112 -1.381834 0.020183 -1.519397
  34 0.000013 32.776489 0.000004 0.915846 -0.265452 0.015238
  35 -0.000005 31.728642 0.000010 0.947660 0.048212 -0.146085
  36 0.000007 48.066475 0.000030 -0.314656 0.479247 -0.489412
  37 48.079670 49.080940 35.364395 -1.422650 -0.010848 -0.748173
  38 -0.000004 28.527908 0.000005 1.151885 0.143424 -0.013335
  39 -0.000009 45.170578 -0.000006 0.446913 0.305840 -0.335679
  40 -0.000018 44.421600 0.000002 0.815980 -0.179423 0.946484
  41 -70.227013 155.711731 61.936958 -0.000114 -0.041237 0.163121
  42 -92.654663 131.316467 -0.301418 0.025978 -0.032029 0.846710
  43 -125.153542 -34.009968 35.688469 -0.233914 0.045393 1.775401
  44 -142.099319 -136.073532 20.676735 -0.235204 0.064786 2.389615
  45 2.908144 -174.300339 92.850342 0.002879 0.041137 -3.045485
  46 145.218079 -132.256699 89.255280 -0.028510 0.029799 -2.213055
  47 201.671234 13.263012 27.716743 -0.041108 0.003264 -1.484230
  48 128.740219 115.887199 50.350861 -0.030895 -0.027318 -0.680252
  49 0.000000 0.000000 229.528091 -1.571081 -0.001067 1.627928
  50 0.000000 0.000000 75.205711 1.571863 -0.000285 1.627928
  51 0.276145 -0.000000 152.140320 -1.570796 0.000000 1.570796
  52 -15.716777 39.236946 240.158310 0.931436 0.072985 0.331840
  53 0.000003 62.346844 -0.000015 -0.790522 0.104216 0.248723
  54 0.000008 62.346874 0.000005 -1.298415 0.259186 0.340111
  55 -0.000021 62.346928 -0.000035 -0.899372 0.133191 0.274618
  56 16.555017 -39.552219 240.158310 0.157567 -0.048891 -2.621468
  57 0.000008 62.365177 0.000011 0.447811 0.026817 -0.117633
  58 0.000009 62.365250 0.000014 0.912076 0.106274 -0.216015
  59 0.000031 62.365211 0.000049 0.687030 0.061933 -0.172771
  60 -39.543037 -16.013739 240.158310 0.007970 0.123981 2.017312
  61 -0.000005 62.361595 0.000011 0.019769 0.130701 -0.561938
  62 0.000016 62.361603 -0.000014 0.785918 0.184130 0.003571
  63 -0.000001 62.361641 -0.000003 0.903395 -0.219577 0.761960
  64 38.652832 15.714690 240.158310 0.630186 -0.039594 -1.081317
  65 -0.000012 62.294529 -0.000014 0.012775 0.002848 -0.438796
  66 -0.000002 62.294491 -0.000008 0.017248 0.005439 -0.610887
  67 0.000051 62.294441 -0.000008 0.012155 0.002566 -0.416156
  68 -39.156181 15.923013 240.158310 0.726711 -0.018230 1.184858
  69 0.000016 62.358154 0.000005 0.400845 -0.025104 0.123421
  70 -0.000008 62.358162 0.000028 0.468079 -0.034107 0.142831
  71 -0.000005 62.358166 -0.000016 0.302293 -0.014337 0.094066
  72 39.767052 -16.282318 240.158310 0.704242 -0.002867 -1.966464
  73 -0.000027 62.389503 0.000068 0.588626 -0.010856 0.035813
  74 -0.000010 62.389545 0.000030 0.738341 -0.016802 0.043419
  75 0.000078 62.389534 0.000020 0.486167 -0.007474 0.030136
  76 -16.103676 -39.283638 240.158310 0.848186 0.168983 2.553218
  77 -0.000022 62.362125 0.000004 -0.188252 0.019313 0.203873
  78 -0.000010 62.362175 0.000026 -0.384098 0.082318 0.417420
  79 -0.000024 62.362186 -0.000033 -0.294077 0.047637 0.318966
  80 1.583248 52.694332 245.353317 1.176491 0.403073 -0.736624
  81 -0.000013 62.323288 0.000052 -0.300011 0.039647 0.260859
  82 -0.000018 62.323326 0.000019 -0.796972 0.292948 0.674097
  83 -0.000032 62.323296 -0.000056 -0.654839 0.194849 0.560367
  84 -70.358963 95.294403 193.112961 0.634067 0.000000 0.405211
  85 26.282904 -116.583092 392.311279 0.633219 -0.000000 -2.738498
  86 -185.359451 -25.665520 335.506775 0.635221 0.000000 1.966451
  87 212.889542 -48.411911 341.194275 0.633273 -0.000000 -1.135419
  88 -100.594650 -6.727755 453.003235 0.635094 0.000000 1.162357
  89 31.016769 -1.162934 432.353516 0.632502 -0.000000 -1.970095
  90 -53.127655 -233.530075 333.064026 0.631102 0.000000 2.738329
  91 31.837595 181.458954 306.298096 0.638746 -0.000000 -0.420076
  92 -15.716786 39.236965 240.158340 1.570796 -0.000000 1.570796
  93 16.555004 -39.552216 240.158310 1.570796 -0.000000 1.570796
  94 -39.543041 -16.013742 240.158340 1.570796 -0.000000 1.570796
  95 38.652855 15.714693 240.158310 1.570796 -0.000000 1.570796
  96 -39.156166 15.923010 240.158340 1.570796 -0.000000 1.570796
  97 39.767056 -16.282322 240.158310 1.570796 -0.000000 1.570796
  98 -16.103676 -39.283642 240.158340 1.570796 -0.000000 1.570796
  99 15.440804 39.028652 240.158340 1.570796 -0.000000 1.570796
end
