version 1
nodes
0 "root" -1
end
skeleton
  time 0
  0 0.000000 0.000000 0.000000 0.000000 0.000000 0.000000
end
triangles
invisibl
  0 8.650598 -0.817516 4.394871 0.000000 -1.000000 0.000000 0.482422 0.533203 1 0 1.000000
  0 12.885156 -0.817516 4.394871 0.000000 -1.000000 0.000000 0.572266 0.533203 1 0 1.000000
  0 9.618497 -0.817516 5.904793 0.000000 -1.000000 0.000000 0.501953 0.501953 1 0 1.000000
invisibl
  0 8.650598 -0.817516 4.394871 0.000000 -1.000000 0.000000 0.482422 0.533203 1 0 1.000000
  0 9.618497 -0.817516 5.904793 0.000000 -1.000000 0.000000 0.501953 0.501953 1 0 1.000000
  0 6.472825 -0.817516 6.079015 0.000000 -1.000000 -0.000000 0.435547 0.498047 1 0 1.000000
invisibl
  0 6.109862 -0.817516 8.808491 0.000000 -1.000000 -0.000000 0.427734 0.439453 1 0 1.000000
  0 6.472825 -0.817516 6.079015 0.000000 -1.000000 -0.000000 0.435547 0.498047 1 0 1.000000
  0 9.618497 -0.817516 5.904793 0.000000 -1.000000 0.000000 0.501953 0.501953 1 0 1.000000
invisibl
  0 4.537026 -0.817516 7.763159 0.000000 -1.000000 -0.000000 0.392578 0.462891 1 0 1.000000
  0 6.472825 -0.817516 6.079015 0.000000 -1.000000 -0.000000 0.435547 0.498047 1 0 1.000000
  0 6.109862 -0.817516 8.808491 0.000000 -1.000000 -0.000000 0.427734 0.439453 1 0 1.000000
invisibl
  0 2.964190 -0.817516 10.434561 0.000000 -1.000000 0.000000 0.357422 0.404297 1 0 1.000000
  0 4.537026 -0.817516 7.763159 0.000000 -1.000000 -0.000000 0.392578 0.462891 1 0 1.000000
  0 6.109862 -0.817516 8.808491 0.000000 -1.000000 -0.000000 0.427734 0.439453 1 0 1.000000
invisibl
  0 1.754317 -0.817516 8.866564 0.000000 -1.000000 0.000000 0.333984 0.439453 1 0 1.000000
  0 4.537026 -0.817516 7.763159 0.000000 -1.000000 -0.000000 0.392578 0.462891 1 0 1.000000
  0 2.964190 -0.817516 10.434561 0.000000 -1.000000 0.000000 0.357422 0.404297 1 0 1.000000
invisibl
  0 -0.060493 -0.817516 11.305670 0.000000 -1.000000 0.000000 0.291016 0.384766 1 0 1.000000
  0 1.754317 -0.817516 8.866564 0.000000 -1.000000 0.000000 0.333984 0.439453 1 0 1.000000
  0 2.964190 -0.817516 10.434561 0.000000 -1.000000 0.000000 0.357422 0.404297 1 0 1.000000
invisibl
  0 -0.060493 -0.817516 10.434561 0.000000 -1.000000 0.000000 0.291016 0.404297 1 0 1.000000
  0 1.754317 -0.817516 8.866564 0.000000 -1.000000 0.000000 0.333984 0.439453 1 0 1.000000
  0 -0.060493 -0.817516 11.305670 0.000000 -1.000000 0.000000 0.291016 0.384766 1 0 1.000000
invisibl
  0 -9.981459 -0.817516 5.904793 0.000000 -1.000000 -0.000000 0.080078 0.501953 1 0 1.000000
  0 -8.892572 -0.817516 4.394871 0.000000 -1.000000 -0.000000 0.099609 0.533203 1 0 1.000000
  0 -6.835787 -0.817516 6.079015 0.000000 -1.000000 -0.000000 0.146484 0.498047 1 0 1.000000
invisibl
  0 -13.127131 -0.817516 4.394871 0.000000 -1.000000 -0.000000 0.009766 0.533203 1 0 1.000000
  0 -8.892572 -0.817516 4.394871 0.000000 -1.000000 -0.000000 0.099609 0.533203 1 0 1.000000
  0 -9.981459 -0.817516 5.904793 0.000000 -1.000000 -0.000000 0.080078 0.501953 1 0 1.000000
invisibl
  0 -6.351837 -0.817516 8.808491 0.000000 -1.000000 -0.000000 0.154297 0.439453 1 0 1.000000
  0 -6.835787 -0.817516 6.079015 0.000000 -1.000000 -0.000000 0.146484 0.498047 1 0 1.000000
  0 -4.779001 -0.817516 7.763159 0.000000 -1.000000 0.000000 0.189453 0.462891 1 0 1.000000
invisibl
  0 -9.981459 -0.817516 5.904793 0.000000 -1.000000 -0.000000 0.080078 0.501953 1 0 1.000000
  0 -6.835787 -0.817516 6.079015 0.000000 -1.000000 -0.000000 0.146484 0.498047 1 0 1.000000
  0 -6.351837 -0.817516 8.808491 0.000000 -1.000000 -0.000000 0.154297 0.439453 1 0 1.000000
invisibl
  0 -3.206165 -0.817516 10.434561 0.000000 -1.000000 0.000000 0.224609 0.404297 1 0 1.000000
  0 -4.779001 -0.817516 7.763159 0.000000 -1.000000 0.000000 0.189453 0.462891 1 0 1.000000
  0 -2.117279 -0.817516 8.866564 0.000000 -1.000000 0.000000 0.248047 0.439453 1 0 1.000000
invisibl
  0 -6.351837 -0.817516 8.808491 0.000000 -1.000000 -0.000000 0.154297 0.439453 1 0 1.000000
  0 -4.779001 -0.817516 7.763159 0.000000 -1.000000 0.000000 0.189453 0.462891 1 0 1.000000
  0 -3.206165 -0.817516 10.434561 0.000000 -1.000000 0.000000 0.224609 0.404297 1 0 1.000000
invisibl
  0 -0.060493 -0.817516 11.305670 0.000000 -1.000000 0.000000 0.291016 0.384766 1 0 1.000000
  0 -2.117279 -0.817516 8.866564 0.000000 -1.000000 0.000000 0.248047 0.439453 1 0 1.000000
  0 -0.060493 -0.817516 10.434561 0.000000 -1.000000 0.000000 0.291016 0.404297 1 0 1.000000
invisibl
  0 -3.206165 -0.817516 10.434561 0.000000 -1.000000 0.000000 0.224609 0.404297 1 0 1.000000
  0 -2.117279 -0.817516 8.866564 0.000000 -1.000000 0.000000 0.248047 0.439453 1 0 1.000000
  0 -0.060493 -0.817516 11.305670 0.000000 -1.000000 0.000000 0.291016 0.384766 1 0 1.000000
invisibl
  0 8.650598 -0.817516 4.394871 0.000000 -1.000000 0.000000 0.482422 0.533203 1 0 1.000000
  0 6.472825 -0.817516 2.884949 0.000000 -1.000000 -0.000000 0.435547 0.568359 1 0 1.000000
  0 9.618497 -0.817516 3.001096 0.000000 -1.000000 -0.000000 0.501953 0.564453 1 0 1.000000
invisibl
  0 8.650598 -0.817516 4.394871 0.000000 -1.000000 0.000000 0.482422 0.533203 1 0 1.000000
  0 9.618497 -0.817516 3.001096 0.000000 -1.000000 -0.000000 0.501953 0.564453 1 0 1.000000
  0 12.885156 -0.817516 4.394871 0.000000 -1.000000 0.000000 0.572266 0.533203 1 0 1.000000
invisibl
  0 6.109862 -0.817516 0.155474 0.000000 -1.000000 -0.000000 0.427734 0.626953 1 0 1.000000
  0 6.472825 -0.817516 2.884949 0.000000 -1.000000 -0.000000 0.435547 0.568359 1 0 1.000000
  0 4.537026 -0.817516 1.200805 0.000000 -1.000000 0.000000 0.392578 0.603516 1 0 1.000000
invisibl
  0 9.618497 -0.817516 3.001096 0.000000 -1.000000 -0.000000 0.501953 0.564453 1 0 1.000000
  0 6.472825 -0.817516 2.884949 0.000000 -1.000000 -0.000000 0.435547 0.568359 1 0 1.000000
  0 6.109862 -0.817516 0.155474 0.000000 -1.000000 -0.000000 0.427734 0.626953 1 0 1.000000
invisibl
  0 2.964190 -0.817516 -1.470596 0.000000 -1.000000 -0.000000 0.357422 0.662109 1 0 1.000000
  0 4.537026 -0.817516 1.200805 0.000000 -1.000000 0.000000 0.392578 0.603516 1 0 1.000000
  0 1.754317 -0.817516 0.039326 0.000000 -1.000000 -0.000000 0.333984 0.626953 1 0 1.000000
invisibl
  0 6.109862 -0.817516 0.155474 0.000000 -1.000000 -0.000000 0.427734 0.626953 1 0 1.000000
  0 4.537026 -0.817516 1.200805 0.000000 -1.000000 0.000000 0.392578 0.603516 1 0 1.000000
  0 2.964190 -0.817516 -1.470596 0.000000 -1.000000 -0.000000 0.357422 0.662109 1 0 1.000000
invisibl
  0 -0.060493 -0.817516 -2.399779 0.000000 -1.000000 -0.000000 0.291016 0.681641 1 0 1.000000
  0 1.754317 -0.817516 0.039326 0.000000 -1.000000 -0.000000 0.333984 0.626953 1 0 1.000000
  0 -0.060493 -0.817516 -1.586744 0.000000 -1.000000 0.000000 0.291016 0.662109 1 0 1.000000
invisibl
  0 2.964190 -0.817516 -1.470596 0.000000 -1.000000 -0.000000 0.357422 0.662109 1 0 1.000000
  0 1.754317 -0.817516 0.039326 0.000000 -1.000000 -0.000000 0.333984 0.626953 1 0 1.000000
  0 -0.060493 -0.817516 -2.399779 0.000000 -1.000000 -0.000000 0.291016 0.681641 1 0 1.000000
invisibl
  0 -9.981459 -0.817516 3.001096 0.000000 -1.000000 -0.000000 0.080078 0.564453 1 0 1.000000
  0 -8.892572 -0.817516 4.394871 0.000000 -1.000000 -0.000000 0.099609 0.533203 1 0 1.000000
  0 -13.127131 -0.817516 4.394871 0.000000 -1.000000 -0.000000 0.009766 0.533203 1 0 1.000000
invisibl
  0 -6.835787 -0.817516 2.884949 0.000000 -1.000000 -0.000000 0.146484 0.568359 1 0 1.000000
  0 -8.892572 -0.817516 4.394871 0.000000 -1.000000 -0.000000 0.099609 0.533203 1 0 1.000000
  0 -9.981459 -0.817516 3.001096 0.000000 -1.000000 -0.000000 0.080078 0.564453 1 0 1.000000
invisibl
  0 -6.351837 -0.817516 0.155474 0.000000 -1.000000 -0.000000 0.154297 0.626953 1 0 1.000000
  0 -6.835787 -0.817516 2.884949 0.000000 -1.000000 -0.000000 0.146484 0.568359 1 0 1.000000
  0 -9.981459 -0.817516 3.001096 0.000000 -1.000000 -0.000000 0.080078 0.564453 1 0 1.000000
invisibl
  0 -4.779001 -0.817516 1.200805 0.000000 -1.000000 -0.000000 0.189453 0.603516 1 0 1.000000
  0 -6.835787 -0.817516 2.884949 0.000000 -1.000000 -0.000000 0.146484 0.568359 1 0 1.000000
  0 -6.351837 -0.817516 0.155474 0.000000 -1.000000 -0.000000 0.154297 0.626953 1 0 1.000000
invisibl
  0 -3.206165 -0.817516 -1.470596 0.000000 -1.000000 -0.000000 0.224609 0.662109 1 0 1.000000
  0 -4.779001 -0.817516 1.200805 0.000000 -1.000000 -0.000000 0.189453 0.603516 1 0 1.000000
  0 -6.351837 -0.817516 0.155474 0.000000 -1.000000 -0.000000 0.154297 0.626953 1 0 1.000000
invisibl
  0 -2.117279 -0.817516 0.039326 0.000000 -1.000000 -0.000000 0.248047 0.626953 1 0 1.000000
  0 -4.779001 -0.817516 1.200805 0.000000 -1.000000 -0.000000 0.189453 0.603516 1 0 1.000000
  0 -3.206165 -0.817516 -1.470596 0.000000 -1.000000 -0.000000 0.224609 0.662109 1 0 1.000000
invisibl
  0 -0.060493 -0.817516 -2.399779 0.000000 -1.000000 -0.000000 0.291016 0.681641 1 0 1.000000
  0 -2.117279 -0.817516 0.039326 0.000000 -1.000000 -0.000000 0.248047 0.626953 1 0 1.000000
  0 -3.206165 -0.817516 -1.470596 0.000000 -1.000000 -0.000000 0.224609 0.662109 1 0 1.000000
invisibl
  0 -0.060493 -0.817516 -1.586744 0.000000 -1.000000 0.000000 0.291016 0.662109 1 0 1.000000
  0 -2.117279 -0.817516 0.039326 0.000000 -1.000000 -0.000000 0.248047 0.626953 1 0 1.000000
  0 -0.060493 -0.817516 -2.399779 0.000000 -1.000000 -0.000000 0.291016 0.681641 1 0 1.000000
invisibl
  0 9.618497 0.992730 5.904793 -0.003074 0.999983 -0.005017 0.501953 0.814453 1 0 1.000000
  0 8.650598 0.982081 4.394871 -0.003181 0.999995 0.000269 0.482422 0.841797 1 0 1.000000
  0 6.472825 0.982081 6.079015 -0.002223 0.999988 -0.004261 0.435547 0.810547 1 0 1.000000
invisibl
  0 12.885156 0.992730 4.394871 -0.002515 0.999997 0.000025 0.572266 0.841797 1 0 1.000000
  0 8.650598 0.982081 4.394871 -0.003181 0.999995 0.000269 0.482422 0.841797 1 0 1.000000
  0 9.618497 0.992730 5.904793 -0.003074 0.999983 -0.005017 0.501953 0.814453 1 0 1.000000
invisibl
  0 6.109862 0.992730 8.808491 -0.000018 0.999997 -0.002486 0.427734 0.751953 1 0 1.000000
  0 6.472825 0.982081 6.079015 -0.002223 0.999988 -0.004261 0.435547 0.810547 1 0 1.000000
  0 4.537026 0.992730 7.763159 0.000892 0.999999 -0.001342 0.392578 0.771484 1 0 1.000000
invisibl
  0 9.618497 0.992730 5.904793 -0.003074 0.999983 -0.005017 0.501953 0.814453 1 0 1.000000
  0 6.472825 0.982081 6.079015 -0.002223 0.999988 -0.004261 0.435547 0.810547 1 0 1.000000
  0 6.109862 0.992730 8.808491 -0.000018 0.999997 -0.002486 0.427734 0.751953 1 0 1.000000
invisibl
  0 2.964190 0.992730 10.434561 0.000000 1.000000 0.000000 0.357422 0.712891 1 0 1.000000
  0 4.537026 0.992730 7.763159 0.000892 0.999999 -0.001342 0.392578 0.771484 1 0 1.000000
  0 1.754317 0.992730 8.866564 0.000000 1.000000 0.000000 0.333984 0.748047 1 0 1.000000
invisibl
  0 6.109862 0.992730 8.808491 -0.000018 0.999997 -0.002486 0.427734 0.751953 1 0 1.000000
  0 4.537026 0.992730 7.763159 0.000892 0.999999 -0.001342 0.392578 0.771484 1 0 1.000000
  0 2.964190 0.992730 10.434561 0.000000 1.000000 0.000000 0.357422 0.712891 1 0 1.000000
invisibl
  0 -0.060493 0.992730 11.305670 -0.001035 0.999999 -0.001319 0.291016 0.693359 1 0 1.000000
  0 1.754317 0.992730 8.866564 0.000000 1.000000 0.000000 0.333984 0.748047 1 0 1.000000
  0 -0.060493 0.992730 10.434561 -0.002553 0.999997 0.000000 0.291016 0.712891 1 0 1.000000
invisibl
  0 2.964190 0.992730 10.434561 0.000000 1.000000 0.000000 0.357422 0.712891 1 0 1.000000
  0 1.754317 0.992730 8.866564 0.000000 1.000000 0.000000 0.333984 0.748047 1 0 1.000000
  0 -0.060493 0.992730 11.305670 -0.001035 0.999999 -0.001319 0.291016 0.693359 1 0 1.000000
invisibl
  0 -9.981459 0.992730 5.904793 0.000000 1.000000 -0.000000 0.080078 0.814453 1 0 1.000000
  0 -8.892572 0.992730 4.394871 0.000000 1.000000 -0.000000 0.099609 0.841797 1 0 1.000000
  0 -13.127131 0.992730 4.394871 0.000000 1.000000 -0.000000 0.009766 0.841797 1 0 1.000000
invisibl
  0 -6.835787 0.992730 6.079015 0.000000 1.000000 -0.000000 0.146484 0.810547 1 0 1.000000
  0 -8.892572 0.992730 4.394871 0.000000 1.000000 -0.000000 0.099609 0.841797 1 0 1.000000
  0 -9.981459 0.992730 5.904793 0.000000 1.000000 -0.000000 0.080078 0.814453 1 0 1.000000
invisibl
  0 -6.351837 0.992730 8.808491 0.000000 1.000000 -0.000000 0.154297 0.751953 1 0 1.000000
  0 -6.835787 0.992730 6.079015 0.000000 1.000000 -0.000000 0.146484 0.810547 1 0 1.000000
  0 -9.981459 0.992730 5.904793 0.000000 1.000000 -0.000000 0.080078 0.814453 1 0 1.000000
invisibl
  0 -4.779001 0.992730 7.763159 0.000995 0.999999 -0.000586 0.189453 0.771484 1 0 1.000000
  0 -6.835787 0.992730 6.079015 0.000000 1.000000 -0.000000 0.146484 0.810547 1 0 1.000000
  0 -6.351837 0.992730 8.808491 0.000000 1.000000 -0.000000 0.154297 0.751953 1 0 1.000000
invisibl
  0 -3.206165 0.992730 10.434561 0.002717 0.999990 -0.003604 0.224609 0.712891 1 0 1.000000
  0 -4.779001 0.992730 7.763159 0.000995 0.999999 -0.000586 0.189453 0.771484 1 0 1.000000
  0 -6.351837 0.992730 8.808491 0.000000 1.000000 -0.000000 0.154297 0.751953 1 0 1.000000
invisibl
  0 -2.117279 0.982081 8.866564 0.002813 0.999988 -0.004049 0.248047 0.748047 1 0 1.000000
  0 -4.779001 0.992730 7.763159 0.000995 0.999999 -0.000586 0.189453 0.771484 1 0 1.000000
  0 -3.206165 0.992730 10.434561 0.002717 0.999990 -0.003604 0.224609 0.712891 1 0 1.000000
invisibl
  0 -0.060493 0.992730 11.305670 -0.001035 0.999999 -0.001319 0.291016 0.693359 1 0 1.000000
  0 -2.117279 0.982081 8.866564 0.002813 0.999988 -0.004049 0.248047 0.748047 1 0 1.000000
  0 -3.206165 0.992730 10.434561 0.002717 0.999990 -0.003604 0.224609 0.712891 1 0 1.000000
invisibl
  0 -0.060493 0.992730 10.434561 -0.002553 0.999997 0.000000 0.291016 0.712891 1 0 1.000000
  0 -2.117279 0.982081 8.866564 0.002813 0.999988 -0.004049 0.248047 0.748047 1 0 1.000000
  0 -0.060493 0.992730 11.305670 -0.001035 0.999999 -0.001319 0.291016 0.693359 1 0 1.000000
invisibl
  0 9.618497 0.992730 3.001096 -0.003020 0.999981 0.005391 0.501953 0.873047 1 0 1.000000
  0 8.650598 0.982081 4.394871 -0.003181 0.999995 0.000269 0.482422 0.841797 1 0 1.000000
  0 12.885156 0.992730 4.394871 -0.002515 0.999997 0.000025 0.572266 0.841797 1 0 1.000000
invisibl
  0 6.472825 0.982081 2.884949 -0.002139 0.999988 0.004332 0.435547 0.876953 1 0 1.000000
  0 8.650598 0.982081 4.394871 -0.003181 0.999995 0.000269 0.482422 0.841797 1 0 1.000000
  0 9.618497 0.992730 3.001096 -0.003020 0.999981 0.005391 0.501953 0.873047 1 0 1.000000
invisibl
  0 6.109862 0.992730 0.155474 -0.000009 0.999997 0.002490 0.427734 0.935547 1 0 1.000000
  0 6.472825 0.982081 2.884949 -0.002139 0.999988 0.004332 0.435547 0.876953 1 0 1.000000
  0 9.618497 0.992730 3.001096 -0.003020 0.999981 0.005391 0.501953 0.873047 1 0 1.000000
invisibl
  0 4.537026 0.992730 1.200805 0.000896 0.999999 0.001349 0.392578 0.912109 1 0 1.000000
  0 6.472825 0.982081 2.884949 -0.002139 0.999988 0.004332 0.435547 0.876953 1 0 1.000000
  0 6.109862 0.992730 0.155474 -0.000009 0.999997 0.002490 0.427734 0.935547 1 0 1.000000
invisibl
  0 2.964190 0.992730 -1.470596 0.000000 1.000000 0.000000 0.357422 0.970703 1 0 1.000000
  0 4.537026 0.992730 1.200805 0.000896 0.999999 0.001349 0.392578 0.912109 1 0 1.000000
  0 6.109862 0.992730 0.155474 -0.000009 0.999997 0.002490 0.427734 0.935547 1 0 1.000000
invisibl
  0 1.754317 0.992730 0.039326 0.000000 1.000000 0.000000 0.333984 0.935547 1 0 1.000000
  0 4.537026 0.992730 1.200805 0.000896 0.999999 0.001349 0.392578 0.912109 1 0 1.000000
  0 2.964190 0.992730 -1.470596 0.000000 1.000000 0.000000 0.357422 0.970703 1 0 1.000000
invisibl
  0 -0.060493 0.992730 -2.399779 -0.001027 0.999999 0.001326 0.291016 0.990234 1 0 1.000000
  0 1.754317 0.992730 0.039326 0.000000 1.000000 0.000000 0.333984 0.935547 1 0 1.000000
  0 2.964190 0.992730 -1.470596 0.000000 1.000000 0.000000 0.357422 0.970703 1 0 1.000000
invisibl
  0 -0.060493 0.992730 -1.586744 -0.002553 0.999997 0.000000 0.291016 0.970703 1 0 1.000000
  0 1.754317 0.992730 0.039326 0.000000 1.000000 0.000000 0.333984 0.935547 1 0 1.000000
  0 -0.060493 0.992730 -2.399779 -0.001027 0.999999 0.001326 0.291016 0.990234 1 0 1.000000
invisibl
  0 -9.981459 0.992730 3.001096 0.000000 1.000000 -0.000000 0.080078 0.873047 1 0 1.000000
  0 -8.892572 0.992730 4.394871 0.000000 1.000000 -0.000000 0.099609 0.841797 1 0 1.000000
  0 -6.835787 0.992730 2.884949 0.000000 1.000000 -0.000000 0.146484 0.876953 1 0 1.000000
invisibl
  0 -13.127131 0.992730 4.394871 0.000000 1.000000 -0.000000 0.009766 0.841797 1 0 1.000000
  0 -8.892572 0.992730 4.394871 0.000000 1.000000 -0.000000 0.099609 0.841797 1 0 1.000000
  0 -9.981459 0.992730 3.001096 0.000000 1.000000 -0.000000 0.080078 0.873047 1 0 1.000000
invisibl
  0 -6.351837 0.992730 0.155474 0.000000 1.000000 -0.000000 0.154297 0.935547 1 0 1.000000
  0 -6.835787 0.992730 2.884949 0.000000 1.000000 -0.000000 0.146484 0.876953 1 0 1.000000
  0 -4.779001 0.992730 1.200805 0.000988 0.999999 0.000582 0.189453 0.912109 1 0 1.000000
invisibl
  0 -9.981459 0.992730 3.001096 0.000000 1.000000 -0.000000 0.080078 0.873047 1 0 1.000000
  0 -6.835787 0.992730 2.884949 0.000000 1.000000 -0.000000 0.146484 0.876953 1 0 1.000000
  0 -6.351837 0.992730 0.155474 0.000000 1.000000 -0.000000 0.154297 0.935547 1 0 1.000000
invisibl
  0 -3.206165 0.992730 -1.470596 0.002828 0.999989 0.003671 0.224609 0.970703 1 0 1.000000
  0 -4.779001 0.992730 1.200805 0.000988 0.999999 0.000582 0.189453 0.912109 1 0 1.000000
  0 -2.117279 0.982081 0.039326 0.002962 0.999987 0.004164 0.248047 0.935547 1 0 1.000000
invisibl
  0 -6.351837 0.992730 0.155474 0.000000 1.000000 -0.000000 0.154297 0.935547 1 0 1.000000
  0 -4.779001 0.992730 1.200805 0.000988 0.999999 0.000582 0.189453 0.912109 1 0 1.000000
  0 -3.206165 0.992730 -1.470596 0.002828 0.999989 0.003671 0.224609 0.970703 1 0 1.000000
invisibl
  0 -0.060493 0.992730 -2.399779 -0.001027 0.999999 0.001326 0.291016 0.990234 1 0 1.000000
  0 -2.117279 0.982081 0.039326 0.002962 0.999987 0.004164 0.248047 0.935547 1 0 1.000000
  0 -0.060493 0.992730 -1.586744 -0.002553 0.999997 0.000000 0.291016 0.970703 1 0 1.000000
invisibl
  0 -3.206165 0.992730 -1.470596 0.002828 0.999989 0.003671 0.224609 0.970703 1 0 1.000000
  0 -2.117279 0.982081 0.039326 0.002962 0.999987 0.004164 0.248047 0.935547 1 0 1.000000
  0 -0.060493 0.992730 -2.399779 -0.001027 0.999999 0.001326 0.291016 0.990234 1 0 1.000000
invisibl
  0 12.885156 0.992730 4.394871 0.268557 0.719611 0.640341 0.826172 0.236328 1 0 1.000000
  0 11.433307 0.087607 6.020941 0.433070 0.024711 0.901022 0.736328 0.259766 1 0 1.000000
  0 15.425891 0.087607 4.394871 0.389467 0.002349 0.921037 0.826172 0.259766 1 0 1.000000
invisibl
  0 9.618497 0.992730 5.904793 0.354768 0.731543 0.582224 0.736328 0.236328 1 0 1.000000
  0 11.433307 0.087607 6.020941 0.433070 0.024711 0.901022 0.736328 0.259766 1 0 1.000000
  0 12.885156 0.992730 4.394871 0.268557 0.719611 0.640341 0.826172 0.236328 1 0 1.000000
invisibl
  0 9.618497 0.992730 5.904793 0.354768 0.731543 0.582224 0.736328 0.236328 1 0 1.000000
  0 6.593812 0.087607 9.098860 0.538637 0.020221 0.842295 0.626953 0.259766 1 0 1.000000
  0 11.433307 0.087607 6.020941 0.433070 0.024711 0.901022 0.736328 0.259766 1 0 1.000000
invisibl
  0 6.109862 0.992730 8.808491 0.480094 0.500785 0.720225 0.626953 0.236328 1 0 1.000000
  0 6.593812 0.087607 9.098860 0.538637 0.020221 0.842295 0.626953 0.259766 1 0 1.000000
  0 9.618497 0.992730 5.904793 0.354768 0.731543 0.582224 0.736328 0.236328 1 0 1.000000
invisibl
  0 6.109862 0.992730 8.808491 0.480094 0.500785 0.720225 0.626953 0.236328 1 0 1.000000
  0 3.327153 0.087607 10.957226 0.381114 -0.003026 0.924523 0.533203 0.259766 1 0 1.000000
  0 6.593812 0.087607 9.098860 0.538637 0.020221 0.842295 0.626953 0.259766 1 0 1.000000
invisibl
  0 2.964190 0.992730 10.434561 0.290068 0.556698 0.778427 0.533203 0.236328 1 0 1.000000
  0 3.327153 0.087607 10.957226 0.381114 -0.003026 0.924523 0.533203 0.259766 1 0 1.000000
  0 6.109862 0.992730 8.808491 0.480094 0.500785 0.720225 0.626953 0.236328 1 0 1.000000
invisibl
  0 2.964190 0.992730 10.434561 0.290068 0.556698 0.778427 0.533203 0.236328 1 0 1.000000
  0 -0.060493 0.087607 11.828335 0.001788 0.001239 0.999998 0.462891 0.259766 1 0 1.000000
  0 3.327153 0.087607 10.957226 0.381114 -0.003026 0.924523 0.533203 0.259766 1 0 1.000000
invisibl
  0 -0.060493 0.992730 11.305670 0.012170 0.504226 0.863486 0.462891 0.236328 1 0 1.000000
  0 -0.060493 0.087607 11.828335 0.001788 0.001239 0.999998 0.462891 0.259766 1 0 1.000000
  0 2.964190 0.992730 10.434561 0.290068 0.556698 0.778427 0.533203 0.236328 1 0 1.000000
invisibl
  0 -9.981459 0.992730 5.904793 -0.355762 0.784703 0.507617 0.185547 0.236328 1 0 1.000000
  0 -15.425891 0.087607 4.394871 -0.415910 -0.001531 0.909404 0.095703 0.259766 1 0 1.000000
  0 -11.796269 0.087607 6.020941 -0.450412 -0.014230 0.892707 0.185547 0.259766 1 0 1.000000
invisibl
  0 -13.127131 0.992730 4.394871 -0.291229 0.739641 0.606727 0.095703 0.236328 1 0 1.000000
  0 -15.425891 0.087607 4.394871 -0.415910 -0.001531 0.909404 0.095703 0.259766 1 0 1.000000
  0 -9.981459 0.992730 5.904793 -0.355762 0.784703 0.507617 0.185547 0.236328 1 0 1.000000
invisibl
  0 -6.351837 0.992730 8.808491 -0.426050 0.503960 0.751336 0.294922 0.236328 1 0 1.000000
  0 -11.796269 0.087607 6.020941 -0.450412 -0.014230 0.892707 0.185547 0.259766 1 0 1.000000
  0 -6.835787 0.087607 9.098860 -0.529033 -0.020832 0.848345 0.294922 0.259766 1 0 1.000000
invisibl
  0 -9.981459 0.992730 5.904793 -0.355762 0.784703 0.507617 0.185547 0.236328 1 0 1.000000
  0 -11.796269 0.087607 6.020941 -0.450412 -0.014230 0.892707 0.185547 0.259766 1 0 1.000000
  0 -6.351837 0.992730 8.808491 -0.426050 0.503960 0.751336 0.294922 0.236328 1 0 1.000000
invisibl
  0 -3.206165 0.992730 10.434561 -0.315788 0.531001 0.786331 0.388672 0.236328 1 0 1.000000
  0 -6.835787 0.087607 9.098860 -0.529033 -0.020832 0.848345 0.294922 0.259766 1 0 1.000000
  0 -3.448140 0.087607 10.957226 -0.368649 0.001030 0.929568 0.388672 0.259766 1 0 1.000000
invisibl
  0 -6.351837 0.992730 8.808491 -0.426050 0.503960 0.751336 0.294922 0.236328 1 0 1.000000
  0 -6.835787 0.087607 9.098860 -0.529033 -0.020832 0.848345 0.294922 0.259766 1 0 1.000000
  0 -3.206165 0.992730 10.434561 -0.315788 0.531001 0.786331 0.388672 0.236328 1 0 1.000000
invisibl
  0 -0.060493 0.992730 11.305670 0.012170 0.504226 0.863486 0.462891 0.236328 1 0 1.000000
  0 -3.448140 0.087607 10.957226 -0.368649 0.001030 0.929568 0.388672 0.259766 1 0 1.000000
  0 -0.060493 0.087607 11.828335 0.001788 0.001239 0.999998 0.462891 0.259766 1 0 1.000000
invisibl
  0 -3.206165 0.992730 10.434561 -0.315788 0.531001 0.786331 0.388672 0.236328 1 0 1.000000
  0 -3.448140 0.087607 10.957226 -0.368649 0.001030 0.929568 0.388672 0.259766 1 0 1.000000
  0 -0.060493 0.992730 11.305670 0.012170 0.504226 0.863486 0.462891 0.236328 1 0 1.000000
invisibl
  0 -3.085178 1.450615 4.394871 0.999962 0.000000 0.008715 0.591797 0.693359 1 0 1.000000
  0 -2.722217 -1.264754 5.962867 0.926527 0.000000 -0.376229 0.626953 0.634766 1 0 1.000000
  0 -3.085178 -1.264754 4.394871 0.999962 0.000000 0.008750 0.591797 0.634766 1 0 1.000000
invisibl
  0 -2.722217 1.439967 5.962867 0.926652 0.000000 -0.375921 0.626953 0.693359 1 0 1.000000
  0 -2.722217 -1.264754 5.962867 0.926527 0.000000 -0.376229 0.626953 0.634766 1 0 1.000000
  0 -3.085178 1.450615 4.394871 0.999962 0.000000 0.008715 0.591797 0.693359 1 0 1.000000
invisibl
  0 -1.633329 1.439967 7.763159 0.774624 0.000000 -0.632422 0.669922 0.693359 1 0 1.000000
  0 -0.060493 -1.264754 9.215008 0.678280 0.000000 -0.734803 0.716797 0.634766 1 0 1.000000
  0 -1.633329 -1.264754 7.763159 0.774627 0.000000 -0.632418 0.669922 0.634766 1 0 1.000000
invisibl
  0 -0.060493 1.439967 9.215008 0.678280 0.000000 -0.734803 0.716797 0.693359 1 0 1.000000
  0 -0.060493 -1.264754 9.215008 0.678280 0.000000 -0.734803 0.716797 0.634766 1 0 1.000000
  0 -1.633329 1.439967 7.763159 0.774624 0.000000 -0.632422 0.669922 0.693359 1 0 1.000000
invisibl
  0 -0.060493 1.439967 9.215008 -0.737154 0.000000 -0.675725 0.986328 0.634766 1 0 1.000000
  0 1.270368 -1.264754 7.763159 -0.800325 0.000000 -0.599567 0.943359 0.693359 1 0 1.000000
  0 -0.060493 -1.264754 9.215008 -0.737154 0.000000 -0.675725 0.986328 0.693359 1 0 1.000000
invisibl
  0 1.270368 1.439967 7.763159 -0.800327 0.000000 -0.599564 0.943359 0.634766 1 0 1.000000
  0 1.270368 -1.264754 7.763159 -0.800325 0.000000 -0.599567 0.943359 0.693359 1 0 1.000000
  0 -0.060493 1.439967 9.215008 -0.737154 0.000000 -0.675725 0.986328 0.634766 1 0 1.000000
invisibl
  0 2.359254 1.439967 5.962867 -0.912511 0.000000 -0.409052 0.896484 0.634766 1 0 1.000000
  0 2.843204 -1.264754 4.394871 -0.999937 0.000000 0.011192 0.865234 0.693359 1 0 1.000000
  0 2.359254 -1.264754 5.962867 -0.912407 0.000000 -0.409285 0.896484 0.693359 1 0 1.000000
invisibl
  0 2.843204 1.450615 4.394871 -0.999938 0.000000 0.011141 0.865234 0.634766 1 0 1.000000
  0 2.843204 -1.264754 4.394871 -0.999937 0.000000 0.011192 0.865234 0.693359 1 0 1.000000
  0 2.359254 1.439967 5.962867 -0.912511 0.000000 -0.409052 0.896484 0.634766 1 0 1.000000
invisibl
  0 1.270368 1.439967 7.763159 -0.800327 0.000000 -0.599564 0.943359 0.634766 1 0 1.000000
  0 2.359254 -1.264754 5.962867 -0.912407 0.000000 -0.409285 0.896484 0.693359 1 0 1.000000
  0 1.270368 -1.264754 7.763159 -0.800325 0.000000 -0.599567 0.943359 0.693359 1 0 1.000000
invisibl
  0 2.359254 1.439967 5.962867 -0.912511 0.000000 -0.409052 0.896484 0.634766 1 0 1.000000
  0 2.359254 -1.264754 5.962867 -0.912407 0.000000 -0.409285 0.896484 0.693359 1 0 1.000000
  0 1.270368 1.439967 7.763159 -0.800327 0.000000 -0.599564 0.943359 0.634766 1 0 1.000000
invisibl
  0 -2.722217 1.439967 5.962867 0.926652 0.000000 -0.375921 0.626953 0.693359 1 0 1.000000
  0 -1.633329 -1.264754 7.763159 0.774627 0.000000 -0.632418 0.669922 0.634766 1 0 1.000000
  0 -2.722217 -1.264754 5.962867 0.926527 0.000000 -0.376229 0.626953 0.634766 1 0 1.000000
invisibl
  0 -1.633329 1.439967 7.763159 0.774624 0.000000 -0.632422 0.669922 0.693359 1 0 1.000000
  0 -1.633329 -1.264754 7.763159 0.774627 0.000000 -0.632418 0.669922 0.634766 1 0 1.000000
  0 -2.722217 1.439967 5.962867 0.926652 0.000000 -0.375921 0.626953 0.693359 1 0 1.000000
invisibl
  0 9.618497 0.992730 3.001096 0.360997 0.770749 -0.525002 0.744141 0.369141 1 0 1.000000
  0 15.425891 0.087607 4.394871 0.356352 -0.002717 -0.934348 0.833984 0.345703 1 0 1.000000
  0 11.433307 0.087607 2.943023 0.405401 -0.032482 -0.913562 0.744141 0.345703 1 0 1.000000
invisibl
  0 12.885156 0.992730 4.394871 0.263773 0.740426 -0.618217 0.833984 0.369141 1 0 1.000000
  0 15.425891 0.087607 4.394871 0.356352 -0.002717 -0.934348 0.833984 0.345703 1 0 1.000000
  0 9.618497 0.992730 3.001096 0.360997 0.770749 -0.525002 0.744141 0.369141 1 0 1.000000
invisibl
  0 6.109862 0.992730 0.155474 0.422226 0.538017 -0.729564 0.630859 0.369141 1 0 1.000000
  0 11.433307 0.087607 2.943023 0.405401 -0.032482 -0.913562 0.744141 0.345703 1 0 1.000000
  0 6.593812 0.087607 -0.192970 0.534982 -0.016401 -0.844704 0.630859 0.345703 1 0 1.000000
invisibl
  0 9.618497 0.992730 3.001096 0.360997 0.770749 -0.525002 0.744141 0.369141 1 0 1.000000
  0 11.433307 0.087607 2.943023 0.405401 -0.032482 -0.913562 0.744141 0.345703 1 0 1.000000
  0 6.109862 0.992730 0.155474 0.422226 0.538017 -0.729564 0.630859 0.369141 1 0 1.000000
invisibl
  0 2.964190 0.992730 -1.470596 0.315125 0.560679 -0.765726 0.537109 0.369141 1 0 1.000000
  0 6.593812 0.087607 -0.192970 0.534982 -0.016401 -0.844704 0.630859 0.345703 1 0 1.000000
  0 3.327153 0.087607 -1.993262 0.384145 0.000875 -0.923272 0.537109 0.345703 1 0 1.000000
invisibl
  0 6.109862 0.992730 0.155474 0.422226 0.538017 -0.729564 0.630859 0.369141 1 0 1.000000
  0 6.593812 0.087607 -0.192970 0.534982 -0.016401 -0.844704 0.630859 0.345703 1 0 1.000000
  0 2.964190 0.992730 -1.470596 0.315125 0.560679 -0.765726 0.537109 0.369141 1 0 1.000000
invisibl
  0 -0.060493 0.992730 -2.399779 -0.006943 0.506950 -0.861948 0.462891 0.369141 1 0 1.000000
  0 3.327153 0.087607 -1.993262 0.384145 0.000875 -0.923272 0.537109 0.345703 1 0 1.000000
  0 -0.060493 0.087607 -2.922445 0.001878 -0.001306 -0.999997 0.462891 0.345703 1 0 1.000000
invisibl
  0 2.964190 0.992730 -1.470596 0.315125 0.560679 -0.765726 0.537109 0.369141 1 0 1.000000
  0 3.327153 0.087607 -1.993262 0.384145 0.000875 -0.923272 0.537109 0.345703 1 0 1.000000
  0 -0.060493 0.992730 -2.399779 -0.006943 0.506950 -0.861948 0.462891 0.369141 1 0 1.000000
invisibl
  0 -13.127131 0.992730 4.394871 -0.278230 0.679628 -0.678744 0.095703 0.369141 1 0 1.000000
  0 -11.796269 0.087607 2.943023 -0.422102 0.021234 -0.906300 0.185547 0.345703 1 0 1.000000
  0 -15.425891 0.087607 4.394871 -0.381313 0.002061 -0.924444 0.095703 0.345703 1 0 1.000000
invisibl
  0 -9.981459 0.992730 3.001096 -0.359384 0.714850 -0.599861 0.185547 0.369141 1 0 1.000000
  0 -11.796269 0.087607 2.943023 -0.422102 0.021234 -0.906300 0.185547 0.345703 1 0 1.000000
  0 -13.127131 0.992730 4.394871 -0.278230 0.679628 -0.678744 0.095703 0.369141 1 0 1.000000
invisibl
  0 -9.981459 0.992730 3.001096 -0.359384 0.714850 -0.599861 0.185547 0.369141 1 0 1.000000
  0 -6.835787 0.087607 -0.192970 -0.525446 0.017074 -0.850656 0.298828 0.345703 1 0 1.000000
  0 -11.796269 0.087607 2.943023 -0.422102 0.021234 -0.906300 0.185547 0.345703 1 0 1.000000
invisibl
  0 -6.351837 0.992730 0.155474 -0.455205 0.524153 -0.719759 0.298828 0.369141 1 0 1.000000
  0 -6.835787 0.087607 -0.192970 -0.525446 0.017074 -0.850656 0.298828 0.345703 1 0 1.000000
  0 -9.981459 0.992730 3.001096 -0.359384 0.714850 -0.599861 0.185547 0.369141 1 0 1.000000
invisibl
  0 -6.351837 0.992730 0.155474 -0.455205 0.524153 -0.719759 0.298828 0.369141 1 0 1.000000
  0 -3.448140 0.087607 -1.993262 -0.372286 0.000838 -0.928118 0.392578 0.345703 1 0 1.000000
  0 -6.835787 0.087607 -0.192970 -0.525446 0.017074 -0.850656 0.298828 0.345703 1 0 1.000000
invisibl
  0 -3.206165 0.992730 -1.470596 -0.307750 0.531842 -0.788945 0.392578 0.369141 1 0 1.000000
  0 -3.448140 0.087607 -1.993262 -0.372286 0.000838 -0.928118 0.392578 0.345703 1 0 1.000000
  0 -6.351837 0.992730 0.155474 -0.455205 0.524153 -0.719759 0.298828 0.369141 1 0 1.000000
invisibl
  0 -3.206165 0.992730 -1.470596 -0.307750 0.531842 -0.788945 0.392578 0.369141 1 0 1.000000
  0 -0.060493 0.087607 -2.922445 0.001878 -0.001306 -0.999997 0.462891 0.345703 1 0 1.000000
  0 -3.448140 0.087607 -1.993262 -0.372286 0.000838 -0.928118 0.392578 0.345703 1 0 1.000000
invisibl
  0 -0.060493 0.992730 -2.399779 -0.006943 0.506950 -0.861948 0.462891 0.369141 1 0 1.000000
  0 -0.060493 0.087607 -2.922445 0.001878 -0.001306 -0.999997 0.462891 0.345703 1 0 1.000000
  0 -3.206165 0.992730 -1.470596 -0.307750 0.531842 -0.788945 0.392578 0.369141 1 0 1.000000
invisibl
  0 -2.722217 1.439967 2.943023 0.920502 0.000000 0.390738 0.560547 0.693359 1 0 1.000000
  0 -3.085178 -1.264754 4.394871 0.999962 0.000000 0.008750 0.591797 0.634766 1 0 1.000000
  0 -2.722217 -1.264754 2.943023 0.920362 0.000000 0.391068 0.560547 0.634766 1 0 1.000000
invisibl
  0 -3.085178 1.450615 4.394871 0.999962 0.000000 0.008715 0.591797 0.693359 1 0 1.000000
  0 -3.085178 -1.264754 4.394871 0.999962 0.000000 0.008750 0.591797 0.634766 1 0 1.000000
  0 -2.722217 1.439967 2.943023 0.920502 0.000000 0.390738 0.560547 0.693359 1 0 1.000000
invisibl
  0 -0.060493 1.450615 -0.309118 0.692532 0.000000 0.721387 0.470703 0.693359 1 0 1.000000
  0 -1.633329 -1.264754 1.200805 0.776185 0.000000 0.630505 0.513672 0.634766 1 0 1.000000
  0 -0.060493 -1.264754 -0.309118 0.692532 0.000000 0.721387 0.470703 0.634766 1 0 1.000000
invisibl
  0 -1.633329 1.439967 1.200805 0.776066 0.000000 0.630651 0.513672 0.693359 1 0 1.000000
  0 -1.633329 -1.264754 1.200805 0.776185 0.000000 0.630505 0.513672 0.634766 1 0 1.000000
  0 -0.060493 1.450615 -0.309118 0.692532 0.000000 0.721387 0.470703 0.693359 1 0 1.000000
invisibl
  0 1.270368 1.439967 1.200805 -0.801699 0.000000 0.597727 0.787109 0.634766 1 0 1.000000
  0 -0.060493 -1.264754 -0.309118 -0.750189 0.000000 0.661224 0.740234 0.693359 1 0 1.000000
  0 1.270368 -1.264754 1.200805 -0.801783 0.000000 0.597615 0.787109 0.693359 1 0 1.000000
invisibl
  0 -0.060493 1.450615 -0.309118 -0.750189 0.000000 0.661224 0.740234 0.634766 1 0 1.000000
  0 -0.060493 -1.264754 -0.309118 -0.750189 0.000000 0.661224 0.740234 0.693359 1 0 1.000000
  0 1.270368 1.439967 1.200805 -0.801699 0.000000 0.597727 0.787109 0.634766 1 0 1.000000
invisibl
  0 2.843204 1.450615 4.394871 -0.999938 0.000000 0.011141 0.865234 0.634766 1 0 1.000000
  0 2.359254 -1.264754 2.943023 -0.904677 0.000000 0.426099 0.830078 0.693359 1 0 1.000000
  0 2.843204 -1.264754 4.394871 -0.999937 0.000000 0.011192 0.865234 0.693359 1 0 1.000000
invisibl
  0 2.359254 1.439967 2.943023 -0.904788 0.000000 0.425862 0.830078 0.634766 1 0 1.000000
  0 2.359254 -1.264754 2.943023 -0.904677 0.000000 0.426099 0.830078 0.693359 1 0 1.000000
  0 2.843204 1.450615 4.394871 -0.999938 0.000000 0.011141 0.865234 0.634766 1 0 1.000000
invisibl
  0 2.359254 1.439967 2.943023 -0.904788 0.000000 0.425862 0.830078 0.634766 1 0 1.000000
  0 1.270368 -1.264754 1.200805 -0.801783 0.000000 0.597615 0.787109 0.693359 1 0 1.000000
  0 2.359254 -1.264754 2.943023 -0.904677 0.000000 0.426099 0.830078 0.693359 1 0 1.000000
invisibl
  0 1.270368 1.439967 1.200805 -0.801699 0.000000 0.597727 0.787109 0.634766 1 0 1.000000
  0 1.270368 -1.264754 1.200805 -0.801783 0.000000 0.597615 0.787109 0.693359 1 0 1.000000
  0 2.359254 1.439967 2.943023 -0.904788 0.000000 0.425862 0.830078 0.634766 1 0 1.000000
invisibl
  0 -1.633329 1.439967 1.200805 0.776066 0.000000 0.630651 0.513672 0.693359 1 0 1.000000
  0 -2.722217 -1.264754 2.943023 0.920362 0.000000 0.391068 0.560547 0.634766 1 0 1.000000
  0 -1.633329 -1.264754 1.200805 0.776185 0.000000 0.630505 0.513672 0.634766 1 0 1.000000
invisibl
  0 -2.722217 1.439967 2.943023 0.920502 0.000000 0.390738 0.560547 0.693359 1 0 1.000000
  0 -2.722217 -1.264754 2.943023 0.920362 0.000000 0.391068 0.560547 0.634766 1 0 1.000000
  0 -1.633329 1.439967 1.200805 0.776066 0.000000 0.630651 0.513672 0.693359 1 0 1.000000
invisibl
  0 -3.448140 0.087607 -1.993262 -0.372286 0.000838 -0.928118 0.392578 0.345703 1 0 1.000000
  0 -0.060493 -0.817516 -2.399779 0.012956 -0.504465 -0.863335 0.462891 0.322266 1 0 1.000000
  0 -3.206165 -0.817516 -1.470596 -0.317719 -0.533946 -0.783554 0.392578 0.322266 1 0 1.000000
invisibl
  0 -0.060493 0.087607 -2.922445 0.001878 -0.001306 -0.999997 0.462891 0.345703 1 0 1.000000
  0 -0.060493 -0.817516 -2.399779 0.012956 -0.504465 -0.863335 0.462891 0.322266 1 0 1.000000
  0 -3.448140 0.087607 -1.993262 -0.372286 0.000838 -0.928118 0.392578 0.345703 1 0 1.000000
invisibl
  0 -6.835787 0.087607 -0.192970 -0.525446 0.017074 -0.850656 0.298828 0.345703 1 0 1.000000
  0 -3.206165 -0.817516 -1.470596 -0.317719 -0.533946 -0.783554 0.392578 0.322266 1 0 1.000000
  0 -6.351837 -0.817516 0.155474 -0.419026 -0.536066 -0.732837 0.298828 0.322266 1 0 1.000000
invisibl
  0 -3.448140 0.087607 -1.993262 -0.372286 0.000838 -0.928118 0.392578 0.345703 1 0 1.000000
  0 -3.206165 -0.817516 -1.470596 -0.317719 -0.533946 -0.783554 0.392578 0.322266 1 0 1.000000
  0 -6.835787 0.087607 -0.192970 -0.525446 0.017074 -0.850656 0.298828 0.345703 1 0 1.000000
invisibl
  0 -11.796269 0.087607 2.943023 -0.422102 0.021234 -0.906300 0.185547 0.345703 1 0 1.000000
  0 -6.351837 -0.817516 0.155474 -0.419026 -0.536066 -0.732837 0.298828 0.322266 1 0 1.000000
  0 -9.981459 -0.817516 3.001096 -0.361086 -0.766662 -0.530892 0.185547 0.322266 1 0 1.000000
invisibl
  0 -6.835787 0.087607 -0.192970 -0.525446 0.017074 -0.850656 0.298828 0.345703 1 0 1.000000
  0 -6.351837 -0.817516 0.155474 -0.419026 -0.536066 -0.732837 0.298828 0.322266 1 0 1.000000
  0 -11.796269 0.087607 2.943023 -0.422102 0.021234 -0.906300 0.185547 0.345703 1 0 1.000000
invisibl
  0 -15.425891 0.087607 4.394871 -0.381313 0.002061 -0.924444 0.095703 0.345703 1 0 1.000000
  0 -9.981459 -0.817516 3.001096 -0.361086 -0.766662 -0.530892 0.185547 0.322266 1 0 1.000000
  0 -13.127131 -0.817516 4.394871 -0.282347 -0.717081 -0.637241 0.095703 0.322266 1 0 1.000000
invisibl
  0 -11.796269 0.087607 2.943023 -0.422102 0.021234 -0.906300 0.185547 0.345703 1 0 1.000000
  0 -9.981459 -0.817516 3.001096 -0.361086 -0.766662 -0.530892 0.185547 0.322266 1 0 1.000000
  0 -15.425891 0.087607 4.394871 -0.381313 0.002061 -0.924444 0.095703 0.345703 1 0 1.000000
invisibl
  0 -0.060493 0.087607 -2.922445 0.001878 -0.001306 -0.999997 0.462891 0.345703 1 0 1.000000
  0 2.964190 -0.817516 -1.470596 0.297133 -0.557249 -0.775361 0.537109 0.322266 1 0 1.000000
  0 -0.060493 -0.817516 -2.399779 0.012956 -0.504465 -0.863335 0.462891 0.322266 1 0 1.000000
invisibl
  0 3.327153 0.087607 -1.993262 0.384145 0.000875 -0.923272 0.537109 0.345703 1 0 1.000000
  0 2.964190 -0.817516 -1.470596 0.297133 -0.557249 -0.775361 0.537109 0.322266 1 0 1.000000
  0 -0.060493 0.087607 -2.922445 0.001878 -0.001306 -0.999997 0.462891 0.345703 1 0 1.000000
invisibl
  0 3.327153 0.087607 -1.993262 0.384145 0.000875 -0.923272 0.537109 0.345703 1 0 1.000000
  0 6.109862 -0.817516 0.155474 0.463884 -0.529904 -0.709939 0.630859 0.322266 1 0 1.000000
  0 2.964190 -0.817516 -1.470596 0.297133 -0.557249 -0.775361 0.537109 0.322266 1 0 1.000000
invisibl
  0 6.593812 0.087607 -0.192970 0.534982 -0.016401 -0.844704 0.630859 0.345703 1 0 1.000000
  0 6.109862 -0.817516 0.155474 0.463884 -0.529904 -0.709939 0.630859 0.322266 1 0 1.000000
  0 3.327153 0.087607 -1.993262 0.384145 0.000875 -0.923272 0.537109 0.345703 1 0 1.000000
invisibl
  0 6.593812 0.087607 -0.192970 0.534982 -0.016401 -0.844704 0.630859 0.345703 1 0 1.000000
  0 9.618497 -0.817516 3.001096 0.361883 -0.716863 -0.595943 0.744141 0.322266 1 0 1.000000
  0 6.109862 -0.817516 0.155474 0.463884 -0.529904 -0.709939 0.630859 0.322266 1 0 1.000000
invisibl
  0 11.433307 0.087607 2.943023 0.405401 -0.032482 -0.913562 0.744141 0.345703 1 0 1.000000
  0 9.618497 -0.817516 3.001096 0.361883 -0.716863 -0.595943 0.744141 0.322266 1 0 1.000000
  0 6.593812 0.087607 -0.192970 0.534982 -0.016401 -0.844704 0.630859 0.345703 1 0 1.000000
invisibl
  0 11.433307 0.087607 2.943023 0.405401 -0.032482 -0.913562 0.744141 0.345703 1 0 1.000000
  0 12.885156 -0.817516 4.394871 0.257992 -0.682720 -0.683619 0.833984 0.322266 1 0 1.000000
  0 9.618497 -0.817516 3.001096 0.361883 -0.716863 -0.595943 0.744141 0.322266 1 0 1.000000
invisibl
  0 15.425891 0.087607 4.394871 0.356352 -0.002717 -0.934348 0.833984 0.345703 1 0 1.000000
  0 12.885156 -0.817516 4.394871 0.257992 -0.682720 -0.683619 0.833984 0.322266 1 0 1.000000
  0 11.433307 0.087607 2.943023 0.405401 -0.032482 -0.913562 0.744141 0.345703 1 0 1.000000
invisibl
  0 -0.060493 0.087607 11.828335 0.001788 0.001239 0.999998 0.462891 0.259766 1 0 1.000000
  0 -3.206165 -0.817516 10.434561 -0.300944 -0.531853 0.791558 0.388672 0.283203 1 0 1.000000
  0 -0.060493 -0.817516 11.305670 -0.006502 -0.506576 0.862171 0.462891 0.283203 1 0 1.000000
invisibl
  0 -3.448140 0.087607 10.957226 -0.368649 0.001030 0.929568 0.388672 0.259766 1 0 1.000000
  0 -3.206165 -0.817516 10.434561 -0.300944 -0.531853 0.791558 0.388672 0.283203 1 0 1.000000
  0 -0.060493 0.087607 11.828335 0.001788 0.001239 0.999998 0.462891 0.259766 1 0 1.000000
invisibl
  0 -3.448140 0.087607 10.957226 -0.368649 0.001030 0.929568 0.388672 0.259766 1 0 1.000000
  0 -6.351837 -0.817516 8.808491 -0.471282 -0.494343 0.730424 0.294922 0.283203 1 0 1.000000
  0 -3.206165 -0.817516 10.434561 -0.300944 -0.531853 0.791558 0.388672 0.283203 1 0 1.000000
invisibl
  0 -6.835787 0.087607 9.098860 -0.529033 -0.020832 0.848345 0.294922 0.259766 1 0 1.000000
  0 -6.351837 -0.817516 8.808491 -0.471282 -0.494343 0.730424 0.294922 0.283203 1 0 1.000000
  0 -3.448140 0.087607 10.957226 -0.368649 0.001030 0.929568 0.388672 0.259766 1 0 1.000000
invisibl
  0 -6.835787 0.087607 9.098860 -0.529033 -0.020832 0.848345 0.294922 0.259766 1 0 1.000000
  0 -9.981459 -0.817516 5.904793 -0.352322 -0.729942 0.585708 0.185547 0.283203 1 0 1.000000
  0 -6.351837 -0.817516 8.808491 -0.471282 -0.494343 0.730424 0.294922 0.283203 1 0 1.000000
invisibl
  0 -11.796269 0.087607 6.020941 -0.450412 -0.014230 0.892707 0.185547 0.259766 1 0 1.000000
  0 -9.981459 -0.817516 5.904793 -0.352322 -0.729942 0.585708 0.185547 0.283203 1 0 1.000000
  0 -6.835787 0.087607 9.098860 -0.529033 -0.020832 0.848345 0.294922 0.259766 1 0 1.000000
invisibl
  0 -11.796269 0.087607 6.020941 -0.450412 -0.014230 0.892707 0.185547 0.259766 1 0 1.000000
  0 -13.127131 -0.817516 4.394871 -0.289351 -0.715966 0.635350 0.095703 0.283203 1 0 1.000000
  0 -9.981459 -0.817516 5.904793 -0.352322 -0.729942 0.585708 0.185547 0.283203 1 0 1.000000
invisibl
  0 -15.425891 0.087607 4.394871 -0.415910 -0.001531 0.909404 0.095703 0.259766 1 0 1.000000
  0 -13.127131 -0.817516 4.394871 -0.289351 -0.715966 0.635350 0.095703 0.283203 1 0 1.000000
  0 -11.796269 0.087607 6.020941 -0.450412 -0.014230 0.892707 0.185547 0.259766 1 0 1.000000
invisibl
  0 3.327153 0.087607 10.957226 0.381114 -0.003026 0.924523 0.533203 0.259766 1 0 1.000000
  0 -0.060493 -0.817516 11.305670 -0.006502 -0.506576 0.862171 0.462891 0.283203 1 0 1.000000
  0 2.964190 -0.817516 10.434561 0.312398 -0.557548 0.769121 0.533203 0.283203 1 0 1.000000
invisibl
  0 -0.060493 0.087607 11.828335 0.001788 0.001239 0.999998 0.462891 0.259766 1 0 1.000000
  0 -0.060493 -0.817516 11.305670 -0.006502 -0.506576 0.862171 0.462891 0.283203 1 0 1.000000
  0 3.327153 0.087607 10.957226 0.381114 -0.003026 0.924523 0.533203 0.259766 1 0 1.000000
invisibl
  0 6.593812 0.087607 9.098860 0.538637 0.020221 0.842295 0.626953 0.259766 1 0 1.000000
  0 2.964190 -0.817516 10.434561 0.312398 -0.557548 0.769121 0.533203 0.283203 1 0 1.000000
  0 6.109862 -0.817516 8.808491 0.429221 -0.506133 0.748064 0.626953 0.283203 1 0 1.000000
invisibl
  0 3.327153 0.087607 10.957226 0.381114 -0.003026 0.924523 0.533203 0.259766 1 0 1.000000
  0 2.964190 -0.817516 10.434561 0.312398 -0.557548 0.769121 0.533203 0.283203 1 0 1.000000
  0 6.593812 0.087607 9.098860 0.538637 0.020221 0.842295 0.626953 0.259766 1 0 1.000000
invisibl
  0 11.433307 0.087607 6.020941 0.433070 0.024711 0.901022 0.736328 0.259766 1 0 1.000000
  0 6.109862 -0.817516 8.808491 0.429221 -0.506133 0.748064 0.626953 0.283203 1 0 1.000000
  0 9.618497 -0.817516 5.904793 0.355334 -0.788236 0.502417 0.736328 0.283203 1 0 1.000000
invisibl
  0 6.593812 0.087607 9.098860 0.538637 0.020221 0.842295 0.626953 0.259766 1 0 1.000000
  0 6.109862 -0.817516 8.808491 0.429221 -0.506133 0.748064 0.626953 0.283203 1 0 1.000000
  0 11.433307 0.087607 6.020941 0.433070 0.024711 0.901022 0.736328 0.259766 1 0 1.000000
invisibl
  0 15.425891 0.087607 4.394871 0.389467 0.002349 0.921037 0.826172 0.259766 1 0 1.000000
  0 9.618497 -0.817516 5.904793 0.355334 -0.788236 0.502417 0.736328 0.283203 1 0 1.000000
  0 12.885156 -0.817516 4.394871 0.271561 -0.762289 0.587512 0.826172 0.283203 1 0 1.000000
invisibl
  0 11.433307 0.087607 6.020941 0.433070 0.024711 0.901022 0.736328 0.259766 1 0 1.000000
  0 9.618497 -0.817516 5.904793 0.355334 -0.788236 0.502417 0.736328 0.283203 1 0 1.000000
  0 15.425891 0.087607 4.394871 0.389467 0.002349 0.921037 0.826172 0.259766 1 0 1.000000
invisibl
  0 2.359254 -1.264754 5.962867 0.000000 -1.000000 0.000000 0.728516 0.830078 1 0 1.000000
  0 1.754317 -1.264754 8.866564 0.000000 -1.000000 0.000000 0.712891 0.767578 1 0 1.000000
  0 1.270368 -1.264754 7.763159 0.000000 -1.000000 0.000000 0.705078 0.791016 1 0 1.000000
invisibl
  0 3.327153 -1.264754 6.427458 0.000000 -1.000000 0.000000 0.744141 0.818359 1 0 1.000000
  0 1.754317 -1.264754 8.866564 0.000000 -1.000000 0.000000 0.712891 0.767578 1 0 1.000000
  0 2.359254 -1.264754 5.962867 0.000000 -1.000000 0.000000 0.728516 0.830078 1 0 1.000000
invisibl
  0 -0.060493 -1.264754 9.215008 0.000000 -1.000000 0.000000 0.669922 0.759766 1 0 1.000000
  0 1.754317 -1.264754 8.866564 0.000000 -1.000000 0.000000 0.712891 0.767578 1 0 1.000000
  0 -0.060493 -1.264754 10.434561 0.000000 -1.000000 0.000000 0.669922 0.732422 1 0 1.000000
invisibl
  0 1.270368 -1.264754 7.763159 0.000000 -1.000000 0.000000 0.705078 0.791016 1 0 1.000000
  0 1.754317 -1.264754 8.866564 0.000000 -1.000000 0.000000 0.712891 0.767578 1 0 1.000000
  0 -0.060493 -1.264754 9.215008 0.000000 -1.000000 0.000000 0.669922 0.759766 1 0 1.000000
invisibl
  0 2.843204 -1.264754 4.394871 0.000000 -1.000000 0.000000 0.736328 0.861328 1 0 1.000000
  0 3.327153 -1.264754 6.427458 0.000000 -1.000000 0.000000 0.744141 0.818359 1 0 1.000000
  0 2.359254 -1.264754 5.962867 0.000000 -1.000000 0.000000 0.728516 0.830078 1 0 1.000000
invisibl
  0 3.811103 -1.264754 4.394871 0.000000 -1.000000 0.000000 0.755859 0.861328 1 0 1.000000
  0 3.327153 -1.264754 6.427458 0.000000 -1.000000 0.000000 0.744141 0.818359 1 0 1.000000
  0 2.843204 -1.264754 4.394871 0.000000 -1.000000 0.000000 0.736328 0.861328 1 0 1.000000
invisibl
  0 -1.633329 -1.264754 7.763159 0.000000 -1.000000 0.000000 0.638672 0.791016 1 0 1.000000
  0 -3.448140 -1.264754 6.427458 0.000000 -1.000000 0.000000 0.599609 0.818359 1 0 1.000000
  0 -2.722217 -1.264754 5.962867 0.000000 -1.000000 0.000000 0.615234 0.830078 1 0 1.000000
invisibl
  0 -2.117279 -1.264754 8.866564 0.000000 -1.000000 0.000000 0.630859 0.767578 1 0 1.000000
  0 -3.448140 -1.264754 6.427458 0.000000 -1.000000 0.000000 0.599609 0.818359 1 0 1.000000
  0 -1.633329 -1.264754 7.763159 0.000000 -1.000000 0.000000 0.638672 0.791016 1 0 1.000000
invisibl
  0 -1.633329 -1.264754 7.763159 0.000000 -1.000000 0.000000 0.638672 0.791016 1 0 1.000000
  0 -0.060493 -1.264754 10.434561 0.000000 -1.000000 0.000000 0.669922 0.732422 1 0 1.000000
  0 -2.117279 -1.264754 8.866564 0.000000 -1.000000 0.000000 0.630859 0.767578 1 0 1.000000
invisibl
  0 -0.060493 -1.264754 9.215008 0.000000 -1.000000 0.000000 0.669922 0.759766 1 0 1.000000
  0 -0.060493 -1.264754 10.434561 0.000000 -1.000000 0.000000 0.669922 0.732422 1 0 1.000000
  0 -1.633329 -1.264754 7.763159 0.000000 -1.000000 0.000000 0.638672 0.791016 1 0 1.000000
invisibl
  0 -2.722217 -1.264754 5.962867 0.000000 -1.000000 0.000000 0.615234 0.830078 1 0 1.000000
  0 -4.174065 -1.264754 4.394871 0.000000 -1.000000 -0.000000 0.587891 0.861328 1 0 1.000000
  0 -3.085178 -1.264754 4.394871 0.000000 -1.000000 0.000000 0.607422 0.861328 1 0 1.000000
invisibl
  0 -3.448140 -1.264754 6.427458 0.000000 -1.000000 0.000000 0.599609 0.818359 1 0 1.000000
  0 -4.174065 -1.264754 4.394871 0.000000 -1.000000 -0.000000 0.587891 0.861328 1 0 1.000000
  0 -2.722217 -1.264754 5.962867 0.000000 -1.000000 0.000000 0.615234 0.830078 1 0 1.000000
invisibl
  0 2.359254 -1.264754 2.943023 0.000000 -1.000000 -0.000000 0.728516 0.892578 1 0 1.000000
  0 1.754317 -1.264754 0.039326 0.000000 -1.000000 -0.000000 0.712891 0.955078 1 0 1.000000
  0 3.327153 -1.264754 2.478431 0.000000 -1.000000 0.000000 0.744141 0.904297 1 0 1.000000
invisibl
  0 1.270368 -1.264754 1.200805 0.000000 -1.000000 -0.000000 0.705078 0.931641 1 0 1.000000
  0 1.754317 -1.264754 0.039326 0.000000 -1.000000 -0.000000 0.712891 0.955078 1 0 1.000000
  0 2.359254 -1.264754 2.943023 0.000000 -1.000000 -0.000000 0.728516 0.892578 1 0 1.000000
invisibl
  0 -0.060493 -1.264754 -0.309118 0.000000 -1.000000 -0.000000 0.669922 0.962891 1 0 1.000000
  0 1.754317 -1.264754 0.039326 0.000000 -1.000000 -0.000000 0.712891 0.955078 1 0 1.000000
  0 1.270368 -1.264754 1.200805 0.000000 -1.000000 -0.000000 0.705078 0.931641 1 0 1.000000
invisibl
  0 -0.060493 -1.264754 -1.586744 0.000000 -1.000000 0.000000 0.669922 0.990234 1 0 1.000000
  0 1.754317 -1.264754 0.039326 0.000000 -1.000000 -0.000000 0.712891 0.955078 1 0 1.000000
  0 -0.060493 -1.264754 -0.309118 0.000000 -1.000000 -0.000000 0.669922 0.962891 1 0 1.000000
invisibl
  0 2.843204 -1.264754 4.394871 0.000000 -1.000000 0.000000 0.736328 0.861328 1 0 1.000000
  0 3.327153 -1.264754 2.478431 0.000000 -1.000000 0.000000 0.744141 0.904297 1 0 1.000000
  0 3.811103 -1.264754 4.394871 0.000000 -1.000000 0.000000 0.755859 0.861328 1 0 1.000000
invisibl
  0 2.359254 -1.264754 2.943023 0.000000 -1.000000 -0.000000 0.728516 0.892578 1 0 1.000000
  0 3.327153 -1.264754 2.478431 0.000000 -1.000000 0.000000 0.744141 0.904297 1 0 1.000000
  0 2.843204 -1.264754 4.394871 0.000000 -1.000000 0.000000 0.736328 0.861328 1 0 1.000000
invisibl
  0 -1.633329 -1.264754 1.200805 0.000000 -1.000000 0.000000 0.638672 0.931641 1 0 1.000000
  0 -3.448140 -1.264754 2.478431 0.000000 -1.000000 -0.000000 0.599609 0.904297 1 0 1.000000
  0 -2.117279 -1.264754 0.039326 0.000000 -1.000000 0.000000 0.630859 0.955078 1 0 1.000000
invisibl
  0 -2.722217 -1.264754 2.943023 0.000000 -1.000000 -0.000000 0.615234 0.892578 1 0 1.000000
  0 -3.448140 -1.264754 2.478431 0.000000 -1.000000 -0.000000 0.599609 0.904297 1 0 1.000000
  0 -1.633329 -1.264754 1.200805 0.000000 -1.000000 0.000000 0.638672 0.931641 1 0 1.000000
invisibl
  0 -1.633329 -1.264754 1.200805 0.000000 -1.000000 0.000000 0.638672 0.931641 1 0 1.000000
  0 -0.060493 -1.264754 -1.586744 0.000000 -1.000000 0.000000 0.669922 0.990234 1 0 1.000000
  0 -0.060493 -1.264754 -0.309118 0.000000 -1.000000 -0.000000 0.669922 0.962891 1 0 1.000000
invisibl
  0 -2.117279 -1.264754 0.039326 0.000000 -1.000000 0.000000 0.630859 0.955078 1 0 1.000000
  0 -0.060493 -1.264754 -1.586744 0.000000 -1.000000 0.000000 0.669922 0.990234 1 0 1.000000
  0 -1.633329 -1.264754 1.200805 0.000000 -1.000000 0.000000 0.638672 0.931641 1 0 1.000000
invisibl
  0 -2.722217 -1.264754 2.943023 0.000000 -1.000000 -0.000000 0.615234 0.892578 1 0 1.000000
  0 -4.174065 -1.264754 4.394871 0.000000 -1.000000 -0.000000 0.587891 0.861328 1 0 1.000000
  0 -3.448140 -1.264754 2.478431 0.000000 -1.000000 -0.000000 0.599609 0.904297 1 0 1.000000
invisibl
  0 -3.085178 -1.264754 4.394871 0.000000 -1.000000 0.000000 0.607422 0.861328 1 0 1.000000
  0 -4.174065 -1.264754 4.394871 0.000000 -1.000000 -0.000000 0.587891 0.861328 1 0 1.000000
  0 -2.722217 -1.264754 2.943023 0.000000 -1.000000 -0.000000 0.615234 0.892578 1 0 1.000000
invisibl
  0 2.359254 1.439967 5.962867 -0.001441 0.999994 0.003003 0.931641 0.826172 1 0 1.000000
  0 1.754317 1.439967 8.866564 0.000000 1.000000 -0.000000 0.916016 0.763672 1 0 1.000000
  0 3.327153 1.439967 6.427458 -0.000901 0.999996 0.002751 0.947266 0.814453 1 0 1.000000
invisibl
  0 1.270368 1.439967 7.763159 0.000000 1.000000 -0.000000 0.908203 0.787109 1 0 1.000000
  0 1.754317 1.439967 8.866564 0.000000 1.000000 -0.000000 0.916016 0.763672 1 0 1.000000
  0 2.359254 1.439967 5.962867 -0.001441 0.999994 0.003003 0.931641 0.826172 1 0 1.000000
invisibl
  0 -0.060493 1.439967 9.215008 0.000000 1.000000 0.000000 0.873047 0.755859 1 0 1.000000
  0 1.754317 1.439967 8.866564 0.000000 1.000000 -0.000000 0.916016 0.763672 1 0 1.000000
  0 1.270368 1.439967 7.763159 0.000000 1.000000 -0.000000 0.908203 0.787109 1 0 1.000000
invisibl
  0 -0.060493 1.439967 10.434561 -0.002046 0.999997 0.001205 0.873047 0.728516 1 0 1.000000
  0 1.754317 1.439967 8.866564 0.000000 1.000000 -0.000000 0.916016 0.763672 1 0 1.000000
  0 -0.060493 1.439967 9.215008 0.000000 1.000000 0.000000 0.873047 0.755859 1 0 1.000000
invisibl
  0 2.843204 1.450615 4.394871 -0.000861 1.000000 -0.000211 0.939453 0.857422 1 0 1.000000
  0 3.327153 1.439967 6.427458 -0.000901 0.999996 0.002751 0.947266 0.814453 1 0 1.000000
  0 3.811103 1.450615 4.394871 0.000000 1.000000 -0.000131 0.958984 0.857422 1 0 1.000000
invisibl
  0 2.359254 1.439967 5.962867 -0.001441 0.999994 0.003003 0.931641 0.826172 1 0 1.000000
  0 3.327153 1.439967 6.427458 -0.000901 0.999996 0.002751 0.947266 0.814453 1 0 1.000000
  0 2.843204 1.450615 4.394871 -0.000861 1.000000 -0.000211 0.939453 0.857422 1 0 1.000000
invisibl
  0 -1.633329 1.439967 7.763159 -0.008939 0.999947 0.005061 0.841797 0.787109 1 0 1.000000
  0 -3.448140 1.429318 6.427458 -0.008618 0.999921 0.009123 0.802734 0.814453 1 0 1.000000
  0 -2.117279 1.429318 8.866564 -0.009531 0.999940 0.005470 0.833984 0.763672 1 0 1.000000
invisibl
  0 -2.722217 1.439967 5.962867 -0.007337 0.999932 0.009032 0.818359 0.826172 1 0 1.000000
  0 -3.448140 1.429318 6.427458 -0.008618 0.999921 0.009123 0.802734 0.814453 1 0 1.000000
  0 -1.633329 1.439967 7.763159 -0.008939 0.999947 0.005061 0.841797 0.787109 1 0 1.000000
invisibl
  0 -1.633329 1.439967 7.763159 -0.008939 0.999947 0.005061 0.841797 0.787109 1 0 1.000000
  0 -0.060493 1.439967 10.434561 -0.002046 0.999997 0.001205 0.873047 0.728516 1 0 1.000000
  0 -0.060493 1.439967 9.215008 0.000000 1.000000 0.000000 0.873047 0.755859 1 0 1.000000
invisibl
  0 -2.117279 1.429318 8.866564 -0.009531 0.999940 0.005470 0.833984 0.763672 1 0 1.000000
  0 -0.060493 1.439967 10.434561 -0.002046 0.999997 0.001205 0.873047 0.728516 1 0 1.000000
  0 -1.633329 1.439967 7.763159 -0.008939 0.999947 0.005061 0.841797 0.787109 1 0 1.000000
invisibl
  0 -2.722217 1.439967 5.962867 -0.007337 0.999932 0.009032 0.818359 0.826172 1 0 1.000000
  0 -4.174065 1.450615 4.394871 -0.000577 0.999999 0.001276 0.791016 0.857422 1 0 1.000000
  0 -3.448140 1.429318 6.427458 -0.008618 0.999921 0.009123 0.802734 0.814453 1 0 1.000000
invisibl
  0 -3.085178 1.450615 4.394871 0.000000 1.000000 -0.000306 0.810547 0.857422 1 0 1.000000
  0 -4.174065 1.450615 4.394871 -0.000577 0.999999 0.001276 0.791016 0.857422 1 0 1.000000
  0 -2.722217 1.439967 5.962867 -0.007337 0.999932 0.009032 0.818359 0.826172 1 0 1.000000
invisibl
  0 2.359254 1.439967 2.943023 -0.001524 0.999994 -0.003175 0.931641 0.892578 1 0 1.000000
  0 1.754317 1.439967 0.039326 0.003987 0.999992 -0.000493 0.916016 0.951172 1 0 1.000000
  0 1.270368 1.439967 1.200805 0.001836 0.999998 0.000765 0.908203 0.927734 1 0 1.000000
invisibl
  0 3.327153 1.439967 2.478431 -0.000944 0.999995 -0.002943 0.947266 0.900391 1 0 1.000000
  0 1.754317 1.439967 0.039326 0.003987 0.999992 -0.000493 0.916016 0.951172 1 0 1.000000
  0 2.359254 1.439967 2.943023 -0.001524 0.999994 -0.003175 0.931641 0.892578 1 0 1.000000
invisibl
  0 -0.060493 1.450615 -0.309118 -0.003738 0.999969 -0.006866 0.873047 0.962891 1 0 1.000000
  0 1.754317 1.439967 0.039326 0.003987 0.999992 -0.000493 0.916016 0.951172 1 0 1.000000
  0 -0.060493 1.439967 -1.586744 -0.000754 0.999979 -0.006478 0.873047 0.986328 1 0 1.000000
invisibl
  0 1.270368 1.439967 1.200805 0.001836 0.999998 0.000765 0.908203 0.927734 1 0 1.000000
  0 1.754317 1.439967 0.039326 0.003987 0.999992 -0.000493 0.916016 0.951172 1 0 1.000000
  0 -0.060493 1.450615 -0.309118 -0.003738 0.999969 -0.006866 0.873047 0.962891 1 0 1.000000
invisibl
  0 2.843204 1.450615 4.394871 -0.000861 1.000000 -0.000211 0.939453 0.857422 1 0 1.000000
  0 3.327153 1.439967 2.478431 -0.000944 0.999995 -0.002943 0.947266 0.900391 1 0 1.000000
  0 2.359254 1.439967 2.943023 -0.001524 0.999994 -0.003175 0.931641 0.892578 1 0 1.000000
invisibl
  0 3.811103 1.450615 4.394871 0.000000 1.000000 -0.000131 0.958984 0.857422 1 0 1.000000
  0 3.327153 1.439967 2.478431 -0.000944 0.999995 -0.002943 0.947266 0.900391 1 0 1.000000
  0 2.843204 1.450615 4.394871 -0.000861 1.000000 -0.000211 0.939453 0.857422 1 0 1.000000
invisibl
  0 -1.633329 1.439967 1.200805 -0.001273 0.999999 -0.000718 0.841797 0.927734 1 0 1.000000
  0 -3.448140 1.439967 2.478431 0.001299 0.999997 -0.002030 0.802734 0.900391 1 0 1.000000
  0 -2.722217 1.439967 2.943023 0.001122 0.999995 -0.002901 0.818359 0.892578 1 0 1.000000
invisibl
  0 -2.117279 1.439967 0.039326 0.000000 1.000000 0.000000 0.833984 0.951172 1 0 1.000000
  0 -3.448140 1.439967 2.478431 0.001299 0.999997 -0.002030 0.802734 0.900391 1 0 1.000000
  0 -1.633329 1.439967 1.200805 -0.001273 0.999999 -0.000718 0.841797 0.927734 1 0 1.000000
invisibl
  0 -1.633329 1.439967 1.200805 -0.001273 0.999999 -0.000718 0.841797 0.927734 1 0 1.000000
  0 -0.060493 1.439967 -1.586744 -0.000754 0.999979 -0.006478 0.873047 0.986328 1 0 1.000000
  0 -2.117279 1.439967 0.039326 0.000000 1.000000 0.000000 0.833984 0.951172 1 0 1.000000
invisibl
  0 -0.060493 1.450615 -0.309118 -0.003738 0.999969 -0.006866 0.873047 0.962891 1 0 1.000000
  0 -0.060493 1.439967 -1.586744 -0.000754 0.999979 -0.006478 0.873047 0.986328 1 0 1.000000
  0 -1.633329 1.439967 1.200805 -0.001273 0.999999 -0.000718 0.841797 0.927734 1 0 1.000000
invisibl
  0 -2.722217 1.439967 2.943023 0.001122 0.999995 -0.002901 0.818359 0.892578 1 0 1.000000
  0 -4.174065 1.450615 4.394871 -0.000577 0.999999 0.001276 0.791016 0.857422 1 0 1.000000
  0 -3.085178 1.450615 4.394871 0.000000 1.000000 -0.000306 0.810547 0.857422 1 0 1.000000
invisibl
  0 -3.448140 1.439967 2.478431 0.001299 0.999997 -0.002030 0.802734 0.900391 1 0 1.000000
  0 -4.174065 1.450615 4.394871 -0.000577 0.999999 0.001276 0.791016 0.857422 1 0 1.000000
  0 -2.722217 1.439967 2.943023 0.001122 0.999995 -0.002901 0.818359 0.892578 1 0 1.000000
invisibl
  0 -1.391356 0.566789 2.362283 0.000000 1.000000 0.000000 0.306641 0.482422 1 0 1.000000
  0 -0.060493 0.566789 1.316952 0.000000 1.000000 0.000000 0.337891 0.486328 1 0 1.000000
  0 -1.633329 0.566789 1.723470 0.000000 1.000000 0.000000 0.310547 0.470703 1 0 1.000000
invisibl
  0 -0.060493 0.566789 2.071914 0.000000 1.000000 0.000000 0.330078 0.498047 1 0 1.000000
  0 -0.060493 0.566789 1.316952 0.000000 1.000000 0.000000 0.337891 0.486328 1 0 1.000000
  0 -1.391356 0.566789 2.362283 0.000000 1.000000 0.000000 0.306641 0.482422 1 0 1.000000
invisibl
  0 -2.117279 0.566789 5.672497 0.000000 1.000000 -0.000000 0.244141 0.521484 1 0 1.000000
  0 -3.206165 0.566789 4.394871 0.000000 1.000000 -0.000000 0.244141 0.486328 1 0 1.000000
  0 -2.843204 0.566789 6.020941 0.000000 1.000000 0.000000 0.228516 0.517578 1 0 1.000000
invisibl
  0 -2.601229 0.566789 4.394871 0.000000 1.000000 -0.000000 0.255859 0.498047 1 0 1.000000
  0 -3.206165 0.566789 4.394871 0.000000 1.000000 -0.000000 0.244141 0.486328 1 0 1.000000
  0 -2.117279 0.566789 5.672497 0.000000 1.000000 -0.000000 0.244141 0.521484 1 0 1.000000
invisibl
  0 2.238267 0.566789 4.394871 0.000000 1.000000 -0.000000 0.330078 0.568359 1 0 1.000000
  0 2.480241 0.566789 6.020941 0.000000 1.000000 -0.000000 0.310547 0.595703 1 0 1.000000
  0 2.843204 0.566789 4.394871 0.000000 1.000000 -0.000000 0.337891 0.580078 1 0 1.000000
invisibl
  0 1.875304 0.566789 5.672497 0.000000 1.000000 -0.000000 0.306641 0.583984 1 0 1.000000
  0 2.480241 0.566789 6.020941 0.000000 1.000000 -0.000000 0.310547 0.595703 1 0 1.000000
  0 2.238267 0.566789 4.394871 0.000000 1.000000 -0.000000 0.330078 0.568359 1 0 1.000000
invisibl
  0 -0.060493 0.566789 2.071914 0.000000 1.000000 0.000000 0.330078 0.498047 1 0 1.000000
  0 1.391355 0.566789 1.723470 0.000000 1.000000 0.000000 0.357422 0.517578 1 0 1.000000
  0 -0.060493 0.566789 1.316952 0.000000 1.000000 0.000000 0.337891 0.486328 1 0 1.000000
invisibl
  0 1.149381 0.566789 2.362283 0.000000 1.000000 0.000000 0.341797 0.521484 1 0 1.000000
  0 1.391355 0.566789 1.723470 0.000000 1.000000 0.000000 0.357422 0.517578 1 0 1.000000
  0 -0.060493 0.566789 2.071914 0.000000 1.000000 0.000000 0.330078 0.498047 1 0 1.000000
invisibl
  0 -2.601229 0.566789 4.394871 0.000000 1.000000 -0.000000 0.255859 0.498047 1 0 1.000000
  0 -2.843204 0.566789 2.943023 0.000000 1.000000 0.000000 0.275391 0.470703 1 0 1.000000
  0 -3.206165 0.566789 4.394871 0.000000 1.000000 -0.000000 0.244141 0.486328 1 0 1.000000
invisibl
  0 -2.117279 0.566789 3.233392 0.000000 1.000000 0.000000 0.279297 0.482422 1 0 1.000000
  0 -2.843204 0.566789 2.943023 0.000000 1.000000 0.000000 0.275391 0.470703 1 0 1.000000
  0 -2.601229 0.566789 4.394871 0.000000 1.000000 -0.000000 0.255859 0.498047 1 0 1.000000
invisibl
  0 1.875304 0.566789 5.672497 0.000000 1.000000 -0.000000 0.306641 0.583984 1 0 1.000000
  0 1.391355 0.566789 7.124346 0.000000 1.000000 -0.000000 0.275391 0.595703 1 0 1.000000
  0 2.480241 0.566789 6.020941 0.000000 1.000000 -0.000000 0.310547 0.595703 1 0 1.000000
invisibl
  0 1.149381 0.566789 6.543606 0.000000 1.000000 -0.000000 0.279297 0.583984 1 0 1.000000
  0 1.391355 0.566789 7.124346 0.000000 1.000000 -0.000000 0.275391 0.595703 1 0 1.000000
  0 1.875304 0.566789 5.672497 0.000000 1.000000 -0.000000 0.306641 0.583984 1 0 1.000000
invisibl
  0 1.149381 0.566789 2.362283 0.000000 1.000000 0.000000 0.341797 0.521484 1 0 1.000000
  0 2.480241 0.566789 2.943023 0.000000 1.000000 0.000000 0.357422 0.548828 1 0 1.000000
  0 1.391355 0.566789 1.723470 0.000000 1.000000 0.000000 0.357422 0.517578 1 0 1.000000
invisibl
  0 1.875304 0.566789 3.233392 0.000000 1.000000 -0.000000 0.341797 0.544922 1 0 1.000000
  0 2.480241 0.566789 2.943023 0.000000 1.000000 0.000000 0.357422 0.548828 1 0 1.000000
  0 1.149381 0.566789 2.362283 0.000000 1.000000 0.000000 0.341797 0.521484 1 0 1.000000
invisibl
  0 -2.117279 0.566789 3.233392 0.000000 1.000000 0.000000 0.279297 0.482422 1 0 1.000000
  0 -1.633329 0.566789 1.723470 0.000000 1.000000 0.000000 0.310547 0.470703 1 0 1.000000
  0 -2.843204 0.566789 2.943023 0.000000 1.000000 0.000000 0.275391 0.470703 1 0 1.000000
invisibl
  0 -1.391356 0.566789 2.362283 0.000000 1.000000 0.000000 0.306641 0.482422 1 0 1.000000
  0 -1.633329 0.566789 1.723470 0.000000 1.000000 0.000000 0.310547 0.470703 1 0 1.000000
  0 -2.117279 0.566789 3.233392 0.000000 1.000000 0.000000 0.279297 0.482422 1 0 1.000000
invisibl
  0 -1.391356 0.566789 6.543606 0.000000 1.000000 0.000000 0.244141 0.544922 1 0 1.000000
  0 -2.843204 0.566789 6.020941 0.000000 1.000000 0.000000 0.228516 0.517578 1 0 1.000000
  0 -1.633329 0.566789 7.124346 0.000000 1.000000 0.000000 0.228516 0.548828 1 0 1.000000
invisibl
  0 -2.117279 0.566789 5.672497 0.000000 1.000000 -0.000000 0.244141 0.521484 1 0 1.000000
  0 -2.843204 0.566789 6.020941 0.000000 1.000000 0.000000 0.228516 0.517578 1 0 1.000000
  0 -1.391356 0.566789 6.543606 0.000000 1.000000 0.000000 0.244141 0.544922 1 0 1.000000
invisibl
  0 1.875304 0.566789 3.233392 0.000000 1.000000 -0.000000 0.341797 0.544922 1 0 1.000000
  0 2.843204 0.566789 4.394871 0.000000 1.000000 -0.000000 0.337891 0.580078 1 0 1.000000
  0 2.480241 0.566789 2.943023 0.000000 1.000000 0.000000 0.357422 0.548828 1 0 1.000000
invisibl
  0 2.238267 0.566789 4.394871 0.000000 1.000000 -0.000000 0.330078 0.568359 1 0 1.000000
  0 2.843204 0.566789 4.394871 0.000000 1.000000 -0.000000 0.337891 0.580078 1 0 1.000000
  0 1.875304 0.566789 3.233392 0.000000 1.000000 -0.000000 0.341797 0.544922 1 0 1.000000
invisibl
  0 -1.391356 0.566789 6.543606 0.000000 1.000000 0.000000 0.244141 0.544922 1 0 1.000000
  0 -0.060493 0.566789 7.588937 0.000000 1.000000 0.000000 0.244141 0.580078 1 0 1.000000
  0 -0.060493 0.566789 6.892050 0.000000 1.000000 -0.000000 0.255859 0.568359 1 0 1.000000
invisibl
  0 -1.633329 0.566789 7.124346 0.000000 1.000000 0.000000 0.228516 0.548828 1 0 1.000000
  0 -0.060493 0.566789 7.588937 0.000000 1.000000 0.000000 0.244141 0.580078 1 0 1.000000
  0 -1.391356 0.566789 6.543606 0.000000 1.000000 0.000000 0.244141 0.544922 1 0 1.000000
invisibl
  0 -0.060493 0.566789 6.892050 0.000000 1.000000 -0.000000 0.255859 0.568359 1 0 1.000000
  0 1.391355 0.566789 7.124346 0.000000 1.000000 -0.000000 0.275391 0.595703 1 0 1.000000
  0 1.149381 0.566789 6.543606 0.000000 1.000000 -0.000000 0.279297 0.583984 1 0 1.000000
invisibl
  0 -0.060493 0.566789 7.588937 0.000000 1.000000 0.000000 0.244141 0.580078 1 0 1.000000
  0 1.391355 0.566789 7.124346 0.000000 1.000000 -0.000000 0.275391 0.595703 1 0 1.000000
  0 -0.060493 0.566789 6.892050 0.000000 1.000000 -0.000000 0.255859 0.568359 1 0 1.000000
invisibl
  0 -1.391356 -0.210552 2.362283 0.000000 -1.000000 0.000000 0.259766 0.884766 1 0 1.000000
  0 -0.060493 -0.210552 1.316952 0.000000 -1.000000 0.000000 0.279297 0.912109 1 0 1.000000
  0 -0.060493 -0.210552 2.071914 0.000000 -1.000000 0.000000 0.283203 0.896484 1 0 1.000000
invisibl
  0 -1.633329 -0.210552 1.723470 0.000000 -1.000000 -0.000000 0.248047 0.892578 1 0 1.000000
  0 -0.060493 -0.210552 1.316952 0.000000 -1.000000 0.000000 0.279297 0.912109 1 0 1.000000
  0 -1.391356 -0.210552 2.362283 0.000000 -1.000000 0.000000 0.259766 0.884766 1 0 1.000000
invisibl
  0 -2.117279 -0.210552 5.672497 0.000000 -1.000000 0.000000 0.259766 0.810547 1 0 1.000000
  0 -3.206165 -0.210552 4.394871 0.000000 -1.000000 0.000000 0.232422 0.830078 1 0 1.000000
  0 -2.601229 -0.210552 4.394871 0.000000 -1.000000 0.000000 0.244141 0.833984 1 0 1.000000
invisibl
  0 -2.843204 -0.210552 6.020941 0.000000 -1.000000 -0.000000 0.248047 0.798828 1 0 1.000000
  0 -3.206165 -0.210552 4.394871 0.000000 -1.000000 0.000000 0.232422 0.830078 1 0 1.000000
  0 -2.117279 -0.210552 5.672497 0.000000 -1.000000 0.000000 0.259766 0.810547 1 0 1.000000
invisibl
  0 2.238267 -0.210552 4.394871 0.000000 -1.000000 0.000000 0.345703 0.861328 1 0 1.000000
  0 2.480241 -0.210552 6.020941 0.000000 -1.000000 0.000000 0.357422 0.830078 1 0 1.000000
  0 1.875304 -0.210552 5.672497 0.000000 -1.000000 0.000000 0.345703 0.833984 1 0 1.000000
invisibl
  0 2.843204 -0.210552 4.394871 0.000000 -1.000000 0.000000 0.357422 0.865234 1 0 1.000000
  0 2.480241 -0.210552 6.020941 0.000000 -1.000000 0.000000 0.357422 0.830078 1 0 1.000000
  0 2.238267 -0.210552 4.394871 0.000000 -1.000000 0.000000 0.345703 0.861328 1 0 1.000000
invisibl
  0 -0.060493 -0.210552 2.071914 0.000000 -1.000000 0.000000 0.283203 0.896484 1 0 1.000000
  0 1.391355 -0.210552 1.723470 0.000000 -1.000000 0.000000 0.310547 0.912109 1 0 1.000000
  0 1.149381 -0.210552 2.362283 0.000000 -1.000000 0.000000 0.306641 0.896484 1 0 1.000000
invisibl
  0 -0.060493 -0.210552 1.316952 0.000000 -1.000000 0.000000 0.279297 0.912109 1 0 1.000000
  0 1.391355 -0.210552 1.723470 0.000000 -1.000000 0.000000 0.310547 0.912109 1 0 1.000000
  0 -0.060493 -0.210552 2.071914 0.000000 -1.000000 0.000000 0.283203 0.896484 1 0 1.000000
invisibl
  0 -2.601229 -0.210552 4.394871 0.000000 -1.000000 0.000000 0.244141 0.833984 1 0 1.000000
  0 -2.843204 -0.210552 2.943023 0.000000 -1.000000 -0.000000 0.232422 0.865234 1 0 1.000000
  0 -2.117279 -0.210552 3.233392 0.000000 -1.000000 -0.000000 0.244141 0.861328 1 0 1.000000
invisibl
  0 -3.206165 -0.210552 4.394871 0.000000 -1.000000 0.000000 0.232422 0.830078 1 0 1.000000
  0 -2.843204 -0.210552 2.943023 0.000000 -1.000000 -0.000000 0.232422 0.865234 1 0 1.000000
  0 -2.601229 -0.210552 4.394871 0.000000 -1.000000 0.000000 0.244141 0.833984 1 0 1.000000
invisibl
  0 1.875304 -0.210552 5.672497 0.000000 -1.000000 0.000000 0.345703 0.833984 1 0 1.000000
  0 1.391355 -0.210552 7.124346 0.000000 -1.000000 0.000000 0.341797 0.798828 1 0 1.000000
  0 1.149381 -0.210552 6.543606 0.000000 -1.000000 0.000000 0.330078 0.810547 1 0 1.000000
invisibl
  0 2.480241 -0.210552 6.020941 0.000000 -1.000000 0.000000 0.357422 0.830078 1 0 1.000000
  0 1.391355 -0.210552 7.124346 0.000000 -1.000000 0.000000 0.341797 0.798828 1 0 1.000000
  0 1.875304 -0.210552 5.672497 0.000000 -1.000000 0.000000 0.345703 0.833984 1 0 1.000000
invisibl
  0 1.149381 -0.210552 2.362283 0.000000 -1.000000 0.000000 0.306641 0.896484 1 0 1.000000
  0 2.480241 -0.210552 2.943023 0.000000 -1.000000 0.000000 0.341797 0.892578 1 0 1.000000
  0 1.875304 -0.210552 3.233392 0.000000 -1.000000 0.000000 0.330078 0.884766 1 0 1.000000
invisibl
  0 1.391355 -0.210552 1.723470 0.000000 -1.000000 0.000000 0.310547 0.912109 1 0 1.000000
  0 2.480241 -0.210552 2.943023 0.000000 -1.000000 0.000000 0.341797 0.892578 1 0 1.000000
  0 1.149381 -0.210552 2.362283 0.000000 -1.000000 0.000000 0.306641 0.896484 1 0 1.000000
invisibl
  0 -2.117279 -0.210552 3.233392 0.000000 -1.000000 -0.000000 0.244141 0.861328 1 0 1.000000
  0 -1.633329 -0.210552 1.723470 0.000000 -1.000000 -0.000000 0.248047 0.892578 1 0 1.000000
  0 -1.391356 -0.210552 2.362283 0.000000 -1.000000 0.000000 0.259766 0.884766 1 0 1.000000
invisibl
  0 -2.843204 -0.210552 2.943023 0.000000 -1.000000 -0.000000 0.232422 0.865234 1 0 1.000000
  0 -1.633329 -0.210552 1.723470 0.000000 -1.000000 -0.000000 0.248047 0.892578 1 0 1.000000
  0 -2.117279 -0.210552 3.233392 0.000000 -1.000000 -0.000000 0.244141 0.861328 1 0 1.000000
invisibl
  0 -1.391356 -0.210552 6.543606 0.000000 -1.000000 0.000000 0.283203 0.798828 1 0 1.000000
  0 -2.843204 -0.210552 6.020941 0.000000 -1.000000 -0.000000 0.248047 0.798828 1 0 1.000000
  0 -2.117279 -0.210552 5.672497 0.000000 -1.000000 0.000000 0.259766 0.810547 1 0 1.000000
invisibl
  0 -1.633329 -0.210552 7.124346 0.000000 -1.000000 0.000000 0.279297 0.783203 1 0 1.000000
  0 -2.843204 -0.210552 6.020941 0.000000 -1.000000 -0.000000 0.248047 0.798828 1 0 1.000000
  0 -1.391356 -0.210552 6.543606 0.000000 -1.000000 0.000000 0.283203 0.798828 1 0 1.000000
invisibl
  0 1.875304 -0.210552 3.233392 0.000000 -1.000000 0.000000 0.330078 0.884766 1 0 1.000000
  0 2.843204 -0.210552 4.394871 0.000000 -1.000000 0.000000 0.357422 0.865234 1 0 1.000000
  0 2.238267 -0.210552 4.394871 0.000000 -1.000000 0.000000 0.345703 0.861328 1 0 1.000000
invisibl
  0 2.480241 -0.210552 2.943023 0.000000 -1.000000 0.000000 0.341797 0.892578 1 0 1.000000
  0 2.843204 -0.210552 4.394871 0.000000 -1.000000 0.000000 0.357422 0.865234 1 0 1.000000
  0 1.875304 -0.210552 3.233392 0.000000 -1.000000 0.000000 0.330078 0.884766 1 0 1.000000
invisibl
  0 -1.391356 -0.210552 6.543606 0.000000 -1.000000 0.000000 0.283203 0.798828 1 0 1.000000
  0 -0.060493 -0.210552 7.588937 0.000000 -1.000000 0.000000 0.310547 0.783203 1 0 1.000000
  0 -1.633329 -0.210552 7.124346 0.000000 -1.000000 0.000000 0.279297 0.783203 1 0 1.000000
invisibl
  0 -0.060493 -0.210552 6.892050 0.000000 -1.000000 0.000000 0.306641 0.798828 1 0 1.000000
  0 -0.060493 -0.210552 7.588937 0.000000 -1.000000 0.000000 0.310547 0.783203 1 0 1.000000
  0 -1.391356 -0.210552 6.543606 0.000000 -1.000000 0.000000 0.283203 0.798828 1 0 1.000000
invisibl
  0 -0.060493 -0.210552 6.892050 0.000000 -1.000000 0.000000 0.306641 0.798828 1 0 1.000000
  0 1.391355 -0.210552 7.124346 0.000000 -1.000000 0.000000 0.341797 0.798828 1 0 1.000000
  0 -0.060493 -0.210552 7.588937 0.000000 -1.000000 0.000000 0.310547 0.783203 1 0 1.000000
invisibl
  0 1.149381 -0.210552 6.543606 0.000000 -1.000000 0.000000 0.330078 0.810547 1 0 1.000000
  0 1.391355 -0.210552 7.124346 0.000000 -1.000000 0.000000 0.341797 0.798828 1 0 1.000000
  0 -0.060493 -0.210552 6.892050 0.000000 -1.000000 0.000000 0.306641 0.798828 1 0 1.000000
invisibl
  0 -2.843204 -0.210552 6.020941 -0.865075 0.000000 0.501642 0.673828 0.068359 1 0 1.000000
  0 -1.633329 0.566789 7.124346 -0.491060 0.000000 0.871125 0.642578 0.083984 1 0 1.000000
  0 -2.843204 0.566789 6.020941 -0.865069 0.000000 0.501653 0.673828 0.083984 1 0 1.000000
invisibl
  0 -1.633329 -0.210552 7.124346 -0.491068 0.000000 0.871121 0.642578 0.068359 1 0 1.000000
  0 -1.633329 0.566789 7.124346 -0.491060 0.000000 0.871125 0.642578 0.083984 1 0 1.000000
  0 -2.843204 -0.210552 6.020941 -0.865075 0.000000 0.501642 0.673828 0.068359 1 0 1.000000
invisibl
  0 -3.206165 -0.210552 4.394871 -0.999919 0.000000 -0.012687 0.708984 0.068359 1 0 1.000000
  0 -2.843204 0.566789 6.020941 -0.865069 0.000000 0.501653 0.673828 0.083984 1 0 1.000000
  0 -3.206165 0.566789 4.394871 -0.999920 0.000000 -0.012679 0.708984 0.083984 1 0 1.000000
invisibl
  0 -2.843204 -0.210552 6.020941 -0.865075 0.000000 0.501642 0.673828 0.068359 1 0 1.000000
  0 -2.843204 0.566789 6.020941 -0.865069 0.000000 0.501653 0.673828 0.083984 1 0 1.000000
  0 -3.206165 -0.210552 4.394871 -0.999919 0.000000 -0.012687 0.708984 0.068359 1 0 1.000000
invisibl
  0 -2.843204 -0.210552 2.943023 -0.871178 0.000000 -0.490968 0.744141 0.068359 1 0 1.000000
  0 -3.206165 0.566789 4.394871 -0.999920 0.000000 -0.012679 0.708984 0.083984 1 0 1.000000
  0 -2.843204 0.566789 2.943023 -0.871183 0.000000 -0.490959 0.744141 0.083984 1 0 1.000000
invisibl
  0 -3.206165 -0.210552 4.394871 -0.999919 0.000000 -0.012687 0.708984 0.068359 1 0 1.000000
  0 -3.206165 0.566789 4.394871 -0.999920 0.000000 -0.012679 0.708984 0.083984 1 0 1.000000
  0 -2.843204 -0.210552 2.943023 -0.871178 0.000000 -0.490968 0.744141 0.068359 1 0 1.000000
invisibl
  0 -1.633329 -0.210552 1.723470 -0.497876 0.000000 -0.867248 0.779297 0.068359 1 0 1.000000
  0 -2.843204 0.566789 2.943023 -0.871183 0.000000 -0.490959 0.744141 0.083984 1 0 1.000000
  0 -1.633329 0.566789 1.723470 -0.497886 0.000000 -0.867243 0.779297 0.083984 1 0 1.000000
invisibl
  0 -2.843204 -0.210552 2.943023 -0.871178 0.000000 -0.490968 0.744141 0.068359 1 0 1.000000
  0 -2.843204 0.566789 2.943023 -0.871183 0.000000 -0.490959 0.744141 0.083984 1 0 1.000000
  0 -1.633329 -0.210552 1.723470 -0.497876 0.000000 -0.867248 0.779297 0.068359 1 0 1.000000
invisibl
  0 -0.060493 -0.210552 1.316952 0.010046 0.000000 -0.999950 0.814453 0.068359 1 0 1.000000
  0 -1.633329 0.566789 1.723470 -0.497886 0.000000 -0.867243 0.779297 0.083984 1 0 1.000000
  0 -0.060493 0.566789 1.316952 0.010037 0.000000 -0.999950 0.814453 0.083984 1 0 1.000000
invisibl
  0 -1.633329 -0.210552 1.723470 -0.497876 0.000000 -0.867248 0.779297 0.068359 1 0 1.000000
  0 -1.633329 0.566789 1.723470 -0.497886 0.000000 -0.867243 0.779297 0.083984 1 0 1.000000
  0 -0.060493 -0.210552 1.316952 0.010046 0.000000 -0.999950 0.814453 0.068359 1 0 1.000000
invisibl
  0 1.391355 -0.210552 1.723470 0.529049 0.000000 -0.848591 0.845703 0.068359 1 0 1.000000
  0 -0.060493 0.566789 1.316952 0.010037 0.000000 -0.999950 0.814453 0.083984 1 0 1.000000
  0 1.391355 0.566789 1.723470 0.529041 0.000000 -0.848596 0.845703 0.083984 1 0 1.000000
invisibl
  0 -0.060493 -0.210552 1.316952 0.010046 0.000000 -0.999950 0.814453 0.068359 1 0 1.000000
  0 -0.060493 0.566789 1.316952 0.010037 0.000000 -0.999950 0.814453 0.083984 1 0 1.000000
  0 1.391355 -0.210552 1.723470 0.529049 0.000000 -0.848591 0.845703 0.068359 1 0 1.000000
invisibl
  0 2.480241 -0.210552 2.943023 0.883782 0.000000 -0.467899 0.880859 0.068359 1 0 1.000000
  0 1.391355 0.566789 1.723470 0.529041 0.000000 -0.848596 0.845703 0.083984 1 0 1.000000
  0 2.480241 0.566789 2.943023 0.883778 0.000000 -0.467906 0.880859 0.083984 1 0 1.000000
invisibl
  0 1.391355 -0.210552 1.723470 0.529049 0.000000 -0.848591 0.845703 0.068359 1 0 1.000000
  0 1.391355 0.566789 1.723470 0.529041 0.000000 -0.848596 0.845703 0.083984 1 0 1.000000
  0 2.480241 -0.210552 2.943023 0.883782 0.000000 -0.467899 0.880859 0.068359 1 0 1.000000
invisibl
  0 2.843204 -0.210552 4.394871 0.970142 0.000000 -0.242536 0.916016 0.068359 1 0 1.000000
  0 2.480241 0.566789 2.943023 0.883778 0.000000 -0.467906 0.880859 0.083984 1 0 1.000000
  0 2.843204 0.566789 4.394871 0.970142 0.000000 -0.242536 0.916016 0.083984 1 0 1.000000
invisibl
  0 2.480241 -0.210552 2.943023 0.883782 0.000000 -0.467899 0.880859 0.068359 1 0 1.000000
  0 2.480241 0.566789 2.943023 0.883778 0.000000 -0.467906 0.880859 0.083984 1 0 1.000000
  0 2.843204 -0.210552 4.394871 0.970142 0.000000 -0.242536 0.916016 0.068359 1 0 1.000000
invisibl
  0 2.480241 -0.210552 6.020941 0.877966 0.000000 0.478724 0.537109 0.068359 1 0 1.000000
  0 2.843204 0.566789 4.394871 0.975982 0.000000 0.217853 0.501953 0.083984 1 0 1.000000
  0 2.480241 0.566789 6.020941 0.877970 0.000000 0.478715 0.537109 0.083984 1 0 1.000000
invisibl
  0 2.843204 -0.210552 4.394871 0.975981 0.000000 0.217853 0.501953 0.068359 1 0 1.000000
  0 2.843204 0.566789 4.394871 0.975982 0.000000 0.217853 0.501953 0.083984 1 0 1.000000
  0 2.480241 -0.210552 6.020941 0.877966 0.000000 0.478724 0.537109 0.068359 1 0 1.000000
invisibl
  0 1.391355 -0.210552 7.124346 0.523418 0.000000 0.852076 0.572266 0.068359 1 0 1.000000
  0 2.480241 0.566789 6.020941 0.877970 0.000000 0.478715 0.537109 0.083984 1 0 1.000000
  0 1.391355 0.566789 7.124346 0.523425 0.000000 0.852072 0.572266 0.083984 1 0 1.000000
invisibl
  0 2.480241 -0.210552 6.020941 0.877966 0.000000 0.478724 0.537109 0.068359 1 0 1.000000
  0 2.480241 0.566789 6.020941 0.877970 0.000000 0.478715 0.537109 0.083984 1 0 1.000000
  0 1.391355 -0.210552 7.124346 0.523418 0.000000 0.852076 0.572266 0.068359 1 0 1.000000
invisibl
  0 -1.391356 -0.210552 6.543606 0.536317 0.000000 -0.844017 0.208984 0.080078 1 0 1.000000
  0 -2.117279 0.566789 5.672497 0.863608 0.000000 -0.504165 0.236328 0.064453 1 0 1.000000
  0 -1.391356 0.566789 6.543606 0.536317 0.000000 -0.844017 0.208984 0.064453 1 0 1.000000
invisibl
  0 -2.117279 -0.210552 5.672497 0.863608 0.000000 -0.504164 0.236328 0.080078 1 0 1.000000
  0 -2.117279 0.566789 5.672497 0.863608 0.000000 -0.504165 0.236328 0.064453 1 0 1.000000
  0 -1.391356 -0.210552 6.543606 0.536317 0.000000 -0.844017 0.208984 0.080078 1 0 1.000000
invisibl
  0 -2.117279 -0.210552 5.672497 0.863608 0.000000 -0.504164 0.236328 0.080078 1 0 1.000000
  0 -2.601229 0.566789 4.394871 0.999866 0.000000 0.016354 0.263672 0.064453 1 0 1.000000
  0 -2.117279 0.566789 5.672497 0.863608 0.000000 -0.504165 0.236328 0.064453 1 0 1.000000
invisibl
  0 -2.601229 -0.210552 4.394871 0.999866 0.000000 0.016351 0.263672 0.080078 1 0 1.000000
  0 -2.601229 0.566789 4.394871 0.999866 0.000000 0.016354 0.263672 0.064453 1 0 1.000000
  0 -2.117279 -0.210552 5.672497 0.863608 0.000000 -0.504164 0.236328 0.080078 1 0 1.000000
invisibl
  0 -2.601229 -0.210552 4.394871 0.999866 0.000000 0.016351 0.263672 0.080078 1 0 1.000000
  0 -2.117279 0.566789 3.233392 0.855249 0.000000 0.518217 0.291016 0.064453 1 0 1.000000
  0 -2.601229 0.566789 4.394871 0.999866 0.000000 0.016354 0.263672 0.064453 1 0 1.000000
invisibl
  0 -2.117279 -0.210552 3.233392 0.855249 0.000000 0.518218 0.291016 0.080078 1 0 1.000000
  0 -2.117279 0.566789 3.233392 0.855249 0.000000 0.518217 0.291016 0.064453 1 0 1.000000
  0 -2.601229 -0.210552 4.394871 0.999866 0.000000 0.016351 0.263672 0.080078 1 0 1.000000
invisibl
  0 -2.117279 -0.210552 3.233392 0.855249 0.000000 0.518218 0.291016 0.080078 1 0 1.000000
  0 -1.391356 0.566789 2.362283 0.518794 0.000000 0.854899 0.318359 0.064453 1 0 1.000000
  0 -2.117279 0.566789 3.233392 0.855249 0.000000 0.518217 0.291016 0.064453 1 0 1.000000
invisibl
  0 -1.391356 -0.210552 2.362283 0.518793 0.000000 0.854900 0.318359 0.080078 1 0 1.000000
  0 -1.391356 0.566789 2.362283 0.518794 0.000000 0.854899 0.318359 0.064453 1 0 1.000000
  0 -2.117279 -0.210552 3.233392 0.855249 0.000000 0.518218 0.291016 0.080078 1 0 1.000000
invisibl
  0 -1.391356 -0.210552 2.362283 0.518793 0.000000 0.854900 0.318359 0.080078 1 0 1.000000
  0 -0.060493 0.566789 2.071914 -0.010366 0.000000 0.999946 0.341797 0.064453 1 0 1.000000
  0 -1.391356 0.566789 2.362283 0.518794 0.000000 0.854899 0.318359 0.064453 1 0 1.000000
invisibl
  0 -0.060493 -0.210552 2.071914 -0.010365 0.000000 0.999946 0.341797 0.080078 1 0 1.000000
  0 -0.060493 0.566789 2.071914 -0.010366 0.000000 0.999946 0.341797 0.064453 1 0 1.000000
  0 -1.391356 -0.210552 2.362283 0.518793 0.000000 0.854900 0.318359 0.080078 1 0 1.000000
invisibl
  0 -0.060493 -0.210552 2.071914 -0.010365 0.000000 0.999946 0.341797 0.080078 1 0 1.000000
  0 1.149381 0.566789 2.362283 -0.527624 0.000000 0.849478 0.369141 0.064453 1 0 1.000000
  0 -0.060493 0.566789 2.071914 -0.010366 0.000000 0.999946 0.341797 0.064453 1 0 1.000000
invisibl
  0 1.149381 -0.210552 2.362283 -0.527627 0.000000 0.849476 0.369141 0.080078 1 0 1.000000
  0 1.149381 0.566789 2.362283 -0.527624 0.000000 0.849478 0.369141 0.064453 1 0 1.000000
  0 -0.060493 -0.210552 2.071914 -0.010365 0.000000 0.999946 0.341797 0.080078 1 0 1.000000
invisibl
  0 1.149381 -0.210552 2.362283 -0.527627 0.000000 0.849476 0.369141 0.080078 1 0 1.000000
  0 1.875304 0.566789 3.233392 -0.878151 0.000000 0.478384 0.396484 0.064453 1 0 1.000000
  0 1.149381 0.566789 2.362283 -0.527624 0.000000 0.849478 0.369141 0.064453 1 0 1.000000
invisibl
  0 1.875304 -0.210552 3.233392 -0.878152 0.000000 0.478382 0.396484 0.080078 1 0 1.000000
  0 1.875304 0.566789 3.233392 -0.878151 0.000000 0.478384 0.396484 0.064453 1 0 1.000000
  0 1.149381 -0.210552 2.362283 -0.527627 0.000000 0.849476 0.369141 0.080078 1 0 1.000000
invisibl
  0 1.875304 -0.210552 3.233392 -0.878152 0.000000 0.478382 0.396484 0.080078 1 0 1.000000
  0 2.238267 0.566789 4.394871 -0.954480 0.000000 0.298276 0.423828 0.064453 1 0 1.000000
  0 1.875304 0.566789 3.233392 -0.878151 0.000000 0.478384 0.396484 0.064453 1 0 1.000000
invisibl
  0 2.238267 -0.210552 4.394871 -0.954480 0.000000 0.298276 0.423828 0.080078 1 0 1.000000
  0 2.238267 0.566789 4.394871 -0.954480 0.000000 0.298276 0.423828 0.064453 1 0 1.000000
  0 1.875304 -0.210552 3.233392 -0.878152 0.000000 0.478382 0.396484 0.080078 1 0 1.000000
invisibl
  0 -1.633329 -0.210552 7.124346 -0.491068 0.000000 0.871121 0.642578 0.068359 1 0 1.000000
  0 -0.060493 0.566789 7.588937 0.011249 0.000000 0.999937 0.607422 0.083984 1 0 1.000000
  0 -1.633329 0.566789 7.124346 -0.491060 0.000000 0.871125 0.642578 0.083984 1 0 1.000000
invisibl
  0 -0.060493 -0.210552 7.588937 0.011238 0.000000 0.999937 0.607422 0.068359 1 0 1.000000
  0 -0.060493 0.566789 7.588937 0.011249 0.000000 0.999937 0.607422 0.083984 1 0 1.000000
  0 -1.633329 -0.210552 7.124346 -0.491068 0.000000 0.871121 0.642578 0.068359 1 0 1.000000
invisibl
  0 -0.060493 -0.210552 7.588937 0.011238 0.000000 0.999937 0.607422 0.068359 1 0 1.000000
  0 1.391355 0.566789 7.124346 0.523425 0.000000 0.852072 0.572266 0.083984 1 0 1.000000
  0 -0.060493 0.566789 7.588937 0.011249 0.000000 0.999937 0.607422 0.083984 1 0 1.000000
invisibl
  0 1.391355 -0.210552 7.124346 0.523418 0.000000 0.852076 0.572266 0.068359 1 0 1.000000
  0 1.391355 0.566789 7.124346 0.523425 0.000000 0.852072 0.572266 0.083984 1 0 1.000000
  0 -0.060493 -0.210552 7.588937 0.011238 0.000000 0.999937 0.607422 0.068359 1 0 1.000000
invisibl
  0 -0.060493 -0.210552 6.892050 -0.012172 0.000000 -0.999926 0.181641 0.080078 1 0 1.000000
  0 -1.391356 0.566789 6.543606 0.536317 0.000000 -0.844017 0.208984 0.064453 1 0 1.000000
  0 -0.060493 0.566789 6.892050 -0.012170 0.000000 -0.999926 0.181641 0.064453 1 0 1.000000
invisibl
  0 -1.391356 -0.210552 6.543606 0.536317 0.000000 -0.844017 0.208984 0.080078 1 0 1.000000
  0 -1.391356 0.566789 6.543606 0.536317 0.000000 -0.844017 0.208984 0.064453 1 0 1.000000
  0 -0.060493 -0.210552 6.892050 -0.012172 0.000000 -0.999926 0.181641 0.080078 1 0 1.000000
invisibl
  0 1.149381 -0.210552 6.543606 -0.546547 0.000000 -0.837429 0.154297 0.080078 1 0 1.000000
  0 -0.060493 0.566789 6.892050 -0.012170 0.000000 -0.999926 0.181641 0.064453 1 0 1.000000
  0 1.149381 0.566789 6.543606 -0.546549 0.000000 -0.837427 0.154297 0.064453 1 0 1.000000
invisibl
  0 -0.060493 -0.210552 6.892050 -0.012172 0.000000 -0.999926 0.181641 0.080078 1 0 1.000000
  0 -0.060493 0.566789 6.892050 -0.012170 0.000000 -0.999926 0.181641 0.064453 1 0 1.000000
  0 1.149381 -0.210552 6.543606 -0.546547 0.000000 -0.837429 0.154297 0.080078 1 0 1.000000
invisibl
  0 1.875304 -0.210552 5.672497 -0.884316 0.000000 -0.466890 0.130859 0.080078 1 0 1.000000
  0 1.149381 0.566789 6.543606 -0.546549 0.000000 -0.837427 0.154297 0.064453 1 0 1.000000
  0 1.875304 0.566789 5.672497 -0.884316 0.000000 -0.466889 0.130859 0.064453 1 0 1.000000
invisibl
  0 1.149381 -0.210552 6.543606 -0.546547 0.000000 -0.837429 0.154297 0.080078 1 0 1.000000
  0 1.149381 0.566789 6.543606 -0.546549 0.000000 -0.837427 0.154297 0.064453 1 0 1.000000
  0 1.875304 -0.210552 5.672497 -0.884316 0.000000 -0.466890 0.130859 0.080078 1 0 1.000000
invisibl
  0 2.238267 -0.210552 4.394871 -0.961935 0.000000 -0.273278 0.103516 0.080078 1 0 1.000000
  0 1.875304 0.566789 5.672497 -0.884316 0.000000 -0.466889 0.130859 0.064453 1 0 1.000000
  0 2.238267 0.566789 4.394871 -0.961935 0.000000 -0.273278 0.103516 0.064453 1 0 1.000000
invisibl
  0 1.875304 -0.210552 5.672497 -0.884316 0.000000 -0.466890 0.130859 0.080078 1 0 1.000000
  0 1.875304 0.566789 5.672497 -0.884316 0.000000 -0.466889 0.130859 0.064453 1 0 1.000000
  0 2.238267 -0.210552 4.394871 -0.961935 0.000000 -0.273278 0.103516 0.080078 1 0 1.000000
invisibl
  0 -3.448140 1.429318 6.427458 -0.912676 0.000000 0.408683 0.302734 0.130859 1 0 1.000000
  0 -4.174065 0.982081 4.394871 -0.999954 0.000000 -0.009539 0.255859 0.142578 1 0 1.000000
  0 -3.448140 0.982081 6.427458 -0.912577 0.000000 0.408905 0.302734 0.142578 1 0 1.000000
invisibl
  0 -4.174065 1.450615 4.394871 -0.999949 0.000000 -0.010074 0.255859 0.130859 1 0 1.000000
  0 -4.174065 0.982081 4.394871 -0.999954 0.000000 -0.009539 0.255859 0.142578 1 0 1.000000
  0 -3.448140 1.429318 6.427458 -0.912676 0.000000 0.408683 0.302734 0.130859 1 0 1.000000
invisibl
  0 -4.174065 1.450615 4.394871 -0.999949 0.000000 -0.010074 0.255859 0.130859 1 0 1.000000
  0 -3.448140 0.982081 2.478431 -0.908637 0.000000 -0.417586 0.212891 0.142578 1 0 1.000000
  0 -4.174065 0.982081 4.394871 -0.999954 0.000000 -0.009539 0.255859 0.142578 1 0 1.000000
invisibl
  0 -3.448140 1.439967 2.478431 -0.908685 0.000000 -0.417482 0.212891 0.130859 1 0 1.000000
  0 -3.448140 0.982081 2.478431 -0.908637 0.000000 -0.417586 0.212891 0.142578 1 0 1.000000
  0 -4.174065 1.450615 4.394871 -0.999949 0.000000 -0.010074 0.255859 0.130859 1 0 1.000000
invisibl
  0 -4.174065 -1.264754 4.394871 -0.999955 0.000000 -0.009536 0.255859 0.189453 1 0 1.000000
  0 -3.448140 -0.817516 6.427458 -0.912576 0.000000 0.408907 0.302734 0.181641 1 0 1.000000
  0 -4.174065 -0.817516 4.394871 -0.999955 0.000000 -0.009525 0.255859 0.181641 1 0 1.000000
invisibl
  0 -3.448140 -1.264754 6.427458 -0.912577 0.000000 0.408906 0.302734 0.189453 1 0 1.000000
  0 -3.448140 -0.817516 6.427458 -0.912576 0.000000 0.408907 0.302734 0.181641 1 0 1.000000
  0 -4.174065 -1.264754 4.394871 -0.999955 0.000000 -0.009536 0.255859 0.189453 1 0 1.000000
invisibl
  0 -3.448140 -1.264754 2.478431 -0.908637 0.000000 -0.417587 0.212891 0.189453 1 0 1.000000
  0 -4.174065 -0.817516 4.394871 -0.999955 0.000000 -0.009525 0.255859 0.181641 1 0 1.000000
  0 -3.448140 -0.817516 2.478431 -0.908638 0.000000 -0.417585 0.212891 0.181641 1 0 1.000000
invisibl
  0 -4.174065 -1.264754 4.394871 -0.999955 0.000000 -0.009536 0.255859 0.189453 1 0 1.000000
  0 -4.174065 -0.817516 4.394871 -0.999955 0.000000 -0.009525 0.255859 0.181641 1 0 1.000000
  0 -3.448140 -1.264754 2.478431 -0.908637 0.000000 -0.417587 0.212891 0.189453 1 0 1.000000
invisibl
  0 -2.117279 1.439967 0.039326 -0.764422 0.000000 -0.644716 0.154297 0.130859 1 0 1.000000
  0 -0.060493 0.992730 -1.586744 -0.620183 0.000000 -0.784458 0.099609 0.142578 1 0 1.000000
  0 -2.117279 0.982081 0.039326 -0.806523 0.000000 -0.591203 0.154297 0.142578 1 0 1.000000
invisibl
  0 -0.060493 1.439967 -1.586744 -0.620183 0.000000 -0.784458 0.099609 0.130859 1 0 1.000000
  0 -0.060493 0.992730 -1.586744 -0.620183 0.000000 -0.784458 0.099609 0.142578 1 0 1.000000
  0 -2.117279 1.439967 0.039326 -0.764422 0.000000 -0.644716 0.154297 0.130859 1 0 1.000000
invisibl
  0 -0.060493 -1.264754 -1.586744 -0.620183 0.000000 -0.784457 0.099609 0.189453 1 0 1.000000
  0 -2.117279 -0.817516 0.039326 -0.806386 0.000000 -0.591390 0.154297 0.181641 1 0 1.000000
  0 -0.060493 -0.817516 -1.586744 -0.620183 0.000000 -0.784457 0.099609 0.181641 1 0 1.000000
invisibl
  0 -2.117279 -1.264754 0.039326 -0.764421 0.000000 -0.644718 0.154297 0.189453 1 0 1.000000
  0 -2.117279 -0.817516 0.039326 -0.806386 0.000000 -0.591390 0.154297 0.181641 1 0 1.000000
  0 -0.060493 -1.264754 -1.586744 -0.620183 0.000000 -0.784457 0.099609 0.189453 1 0 1.000000
invisibl
  0 -0.060493 1.439967 10.434561 -0.606269 0.000000 0.795260 0.416016 0.130859 1 0 1.000000
  0 -2.117279 0.982081 8.866564 -0.803114 0.000000 0.595825 0.361328 0.142578 1 0 1.000000
  0 -0.060493 0.992730 10.434561 -0.606269 0.000000 0.795260 0.416016 0.142578 1 0 1.000000
invisibl
  0 -2.117279 1.429318 8.866564 -0.758531 0.000000 0.651637 0.361328 0.130859 1 0 1.000000
  0 -2.117279 0.982081 8.866564 -0.803114 0.000000 0.595825 0.361328 0.142578 1 0 1.000000
  0 -0.060493 1.439967 10.434561 -0.606269 0.000000 0.795260 0.416016 0.130859 1 0 1.000000
invisibl
  0 -2.117279 -1.264754 8.866564 -0.758714 0.000000 0.651424 0.361328 0.189453 1 0 1.000000
  0 -0.060493 -0.817516 10.434561 -0.606269 0.000000 0.795260 0.416016 0.181641 1 0 1.000000
  0 -2.117279 -0.817516 8.866564 -0.802966 0.000000 0.596025 0.361328 0.181641 1 0 1.000000
invisibl
  0 -0.060493 -1.264754 10.434561 -0.606269 0.000000 0.795260 0.416016 0.189453 1 0 1.000000
  0 -0.060493 -0.817516 10.434561 -0.606269 0.000000 0.795260 0.416016 0.181641 1 0 1.000000
  0 -2.117279 -1.264754 8.866564 -0.758714 0.000000 0.651424 0.361328 0.189453 1 0 1.000000
invisibl
  0 -4.174065 -0.817516 4.394871 -0.999955 0.000000 -0.009525 0.255859 0.181641 1 0 1.000000
  0 -3.448140 0.982081 6.427458 -0.912577 0.000000 0.408905 0.302734 0.142578 1 0 1.000000
  0 -4.174065 0.982081 4.394871 -0.999954 0.000000 -0.009539 0.255859 0.142578 1 0 1.000000
invisibl
  0 -3.448140 -0.817516 6.427458 -0.912576 0.000000 0.408907 0.302734 0.181641 1 0 1.000000
  0 -3.448140 0.982081 6.427458 -0.912577 0.000000 0.408905 0.302734 0.142578 1 0 1.000000
  0 -4.174065 -0.817516 4.394871 -0.999955 0.000000 -0.009525 0.255859 0.181641 1 0 1.000000
invisibl
  0 -3.448140 -0.817516 6.427458 -0.912576 0.000000 0.408907 0.302734 0.181641 1 0 1.000000
  0 -2.117279 0.982081 8.866564 -0.803114 0.000000 0.595825 0.361328 0.142578 1 0 1.000000
  0 -3.448140 0.982081 6.427458 -0.912577 0.000000 0.408905 0.302734 0.142578 1 0 1.000000
invisibl
  0 -2.117279 -0.817516 8.866564 -0.802966 0.000000 0.596025 0.361328 0.181641 1 0 1.000000
  0 -2.117279 0.982081 8.866564 -0.803114 0.000000 0.595825 0.361328 0.142578 1 0 1.000000
  0 -3.448140 -0.817516 6.427458 -0.912576 0.000000 0.408907 0.302734 0.181641 1 0 1.000000
invisibl
  0 -3.448140 -0.817516 2.478431 -0.908638 0.000000 -0.417585 0.212891 0.181641 1 0 1.000000
  0 -4.174065 0.982081 4.394871 -0.999954 0.000000 -0.009539 0.255859 0.142578 1 0 1.000000
  0 -3.448140 0.982081 2.478431 -0.908637 0.000000 -0.417586 0.212891 0.142578 1 0 1.000000
invisibl
  0 -4.174065 -0.817516 4.394871 -0.999955 0.000000 -0.009525 0.255859 0.181641 1 0 1.000000
  0 -4.174065 0.982081 4.394871 -0.999954 0.000000 -0.009539 0.255859 0.142578 1 0 1.000000
  0 -3.448140 -0.817516 2.478431 -0.908638 0.000000 -0.417585 0.212891 0.181641 1 0 1.000000
invisibl
  0 -2.117279 -0.817516 0.039326 -0.806386 0.000000 -0.591390 0.154297 0.181641 1 0 1.000000
  0 -3.448140 0.982081 2.478431 -0.908637 0.000000 -0.417586 0.212891 0.142578 1 0 1.000000
  0 -2.117279 0.982081 0.039326 -0.806523 0.000000 -0.591203 0.154297 0.142578 1 0 1.000000
invisibl
  0 -3.448140 -0.817516 2.478431 -0.908638 0.000000 -0.417585 0.212891 0.181641 1 0 1.000000
  0 -3.448140 0.982081 2.478431 -0.908637 0.000000 -0.417586 0.212891 0.142578 1 0 1.000000
  0 -2.117279 -0.817516 0.039326 -0.806386 0.000000 -0.591390 0.154297 0.181641 1 0 1.000000
invisibl
  0 -2.117279 -1.264754 0.039326 -0.764421 0.000000 -0.644718 0.154297 0.189453 1 0 1.000000
  0 -3.448140 -0.817516 2.478431 -0.908638 0.000000 -0.417585 0.212891 0.181641 1 0 1.000000
  0 -2.117279 -0.817516 0.039326 -0.806386 0.000000 -0.591390 0.154297 0.181641 1 0 1.000000
invisibl
  0 -3.448140 -1.264754 2.478431 -0.908637 0.000000 -0.417587 0.212891 0.189453 1 0 1.000000
  0 -3.448140 -0.817516 2.478431 -0.908638 0.000000 -0.417585 0.212891 0.181641 1 0 1.000000
  0 -2.117279 -1.264754 0.039326 -0.764421 0.000000 -0.644718 0.154297 0.189453 1 0 1.000000
invisibl
  0 -3.448140 -1.264754 6.427458 -0.912577 0.000000 0.408906 0.302734 0.189453 1 0 1.000000
  0 -2.117279 -0.817516 8.866564 -0.802966 0.000000 0.596025 0.361328 0.181641 1 0 1.000000
  0 -3.448140 -0.817516 6.427458 -0.912576 0.000000 0.408907 0.302734 0.181641 1 0 1.000000
invisibl
  0 -2.117279 -1.264754 8.866564 -0.758714 0.000000 0.651424 0.361328 0.189453 1 0 1.000000
  0 -2.117279 -0.817516 8.866564 -0.802966 0.000000 0.596025 0.361328 0.181641 1 0 1.000000
  0 -3.448140 -1.264754 6.427458 -0.912577 0.000000 0.408906 0.302734 0.189453 1 0 1.000000
invisibl
  0 -3.448140 1.439967 2.478431 -0.908685 0.000000 -0.417482 0.212891 0.130859 1 0 1.000000
  0 -2.117279 0.982081 0.039326 -0.806523 0.000000 -0.591203 0.154297 0.142578 1 0 1.000000
  0 -3.448140 0.982081 2.478431 -0.908637 0.000000 -0.417586 0.212891 0.142578 1 0 1.000000
invisibl
  0 -2.117279 1.439967 0.039326 -0.764422 0.000000 -0.644716 0.154297 0.130859 1 0 1.000000
  0 -2.117279 0.982081 0.039326 -0.806523 0.000000 -0.591203 0.154297 0.142578 1 0 1.000000
  0 -3.448140 1.439967 2.478431 -0.908685 0.000000 -0.417482 0.212891 0.130859 1 0 1.000000
invisibl
  0 -2.117279 1.429318 8.866564 -0.758531 0.000000 0.651637 0.361328 0.130859 1 0 1.000000
  0 -3.448140 0.982081 6.427458 -0.912577 0.000000 0.408905 0.302734 0.142578 1 0 1.000000
  0 -2.117279 0.982081 8.866564 -0.803114 0.000000 0.595825 0.361328 0.142578 1 0 1.000000
invisibl
  0 -3.448140 1.429318 6.427458 -0.912676 0.000000 0.408683 0.302734 0.130859 1 0 1.000000
  0 -3.448140 0.982081 6.427458 -0.912577 0.000000 0.408905 0.302734 0.142578 1 0 1.000000
  0 -2.117279 1.429318 8.866564 -0.758531 0.000000 0.651637 0.361328 0.130859 1 0 1.000000
invisibl
  0 -8.892572 0.992730 4.394871 0.633535 0.000000 -0.773714 0.771484 0.490234 1 0 1.000000
  0 -6.835787 -0.817516 6.079015 0.633535 0.000000 -0.773714 0.841797 0.458984 1 0 1.000000
  0 -8.892572 -0.817516 4.394871 0.633535 0.000000 -0.773714 0.771484 0.458984 1 0 1.000000
invisibl
  0 -6.835787 0.992730 6.079015 0.633535 0.000000 -0.773714 0.841797 0.490234 1 0 1.000000
  0 -6.835787 -0.817516 6.079015 0.633535 0.000000 -0.773714 0.841797 0.458984 1 0 1.000000
  0 -8.892572 0.992730 4.394871 0.633535 0.000000 -0.773714 0.771484 0.490234 1 0 1.000000
invisibl
  0 -6.835787 0.992730 6.079015 0.633535 0.000000 -0.773714 0.841797 0.490234 1 0 1.000000
  0 -4.779001 -0.817516 7.763159 0.513749 0.000000 -0.857940 0.908203 0.458984 1 0 1.000000
  0 -6.835787 -0.817516 6.079015 0.633535 0.000000 -0.773714 0.841797 0.458984 1 0 1.000000
invisibl
  0 -4.779001 0.992730 7.763159 0.513897 0.000000 -0.857852 0.908203 0.490234 1 0 1.000000
  0 -4.779001 -0.817516 7.763159 0.513749 0.000000 -0.857940 0.908203 0.458984 1 0 1.000000
  0 -6.835787 0.992730 6.079015 0.633535 0.000000 -0.773714 0.841797 0.490234 1 0 1.000000
invisibl
  0 -4.779001 0.992730 7.763159 0.513897 0.000000 -0.857852 0.908203 0.490234 1 0 1.000000
  0 -2.117279 -0.817516 8.866564 0.382945 0.000000 -0.923771 0.986328 0.458984 1 0 1.000000
  0 -4.779001 -0.817516 7.763159 0.513749 0.000000 -0.857940 0.908203 0.458984 1 0 1.000000
invisibl
  0 -2.117279 0.982081 8.866564 0.382945 0.000000 -0.923771 0.986328 0.490234 1 0 1.000000
  0 -2.117279 -0.817516 8.866564 0.382945 0.000000 -0.923771 0.986328 0.458984 1 0 1.000000
  0 -4.779001 0.992730 7.763159 0.513897 0.000000 -0.857852 0.908203 0.490234 1 0 1.000000
invisibl
  0 -6.835787 0.992730 2.884949 0.612869 0.000000 0.790185 0.599609 0.576172 1 0 1.000000
  0 -8.892572 -0.817516 4.394871 0.591775 0.000000 0.806103 0.529297 0.607422 1 0 1.000000
  0 -6.835787 -0.817516 2.884949 0.612869 0.000000 0.790185 0.599609 0.607422 1 0 1.000000
invisibl
  0 -8.892572 0.992730 4.394871 0.591775 0.000000 0.806104 0.529297 0.576172 1 0 1.000000
  0 -8.892572 -0.817516 4.394871 0.591775 0.000000 0.806103 0.529297 0.607422 1 0 1.000000
  0 -6.835787 0.992730 2.884949 0.612869 0.000000 0.790185 0.599609 0.576172 1 0 1.000000
invisibl
  0 -4.779001 0.992730 1.200805 0.521790 0.000000 0.853074 0.666016 0.576172 1 0 1.000000
  0 -6.835787 -0.817516 2.884949 0.612869 0.000000 0.790185 0.599609 0.607422 1 0 1.000000
  0 -4.779001 -0.817516 1.200805 0.521651 0.000000 0.853159 0.666016 0.607422 1 0 1.000000
invisibl
  0 -6.835787 0.992730 2.884949 0.612869 0.000000 0.790185 0.599609 0.576172 1 0 1.000000
  0 -6.835787 -0.817516 2.884949 0.612869 0.000000 0.790185 0.599609 0.607422 1 0 1.000000
  0 -4.779001 0.992730 1.200805 0.521790 0.000000 0.853074 0.666016 0.576172 1 0 1.000000
invisibl
  0 -2.117279 0.982081 0.039326 0.399945 0.000000 0.916539 0.748047 0.576172 1 0 1.000000
  0 -4.779001 -0.817516 1.200805 0.521651 0.000000 0.853159 0.666016 0.607422 1 0 1.000000
  0 -2.117279 -0.817516 0.039326 0.399945 0.000000 0.916539 0.748047 0.607422 1 0 1.000000
invisibl
  0 -4.779001 0.992730 1.200805 0.521790 0.000000 0.853074 0.666016 0.576172 1 0 1.000000
  0 -4.779001 -0.817516 1.200805 0.521651 0.000000 0.853159 0.666016 0.607422 1 0 1.000000
  0 -2.117279 0.982081 0.039326 0.399945 0.000000 0.916539 0.748047 0.576172 1 0 1.000000
invisibl
  0 8.650598 -0.817516 4.394871 -0.611748 0.000000 -0.791053 0.763672 0.611328 1 0 1.000000
  0 6.472825 0.982081 6.079015 -0.634350 0.000000 -0.773046 0.833984 0.580078 1 0 1.000000
  0 8.650598 0.982081 4.394871 -0.611748 0.000000 -0.791053 0.763672 0.580078 1 0 1.000000
invisibl
  0 6.472825 -0.817516 6.079015 -0.634321 0.000000 -0.773070 0.833984 0.611328 1 0 1.000000
  0 6.472825 0.982081 6.079015 -0.634350 0.000000 -0.773046 0.833984 0.580078 1 0 1.000000
  0 8.650598 -0.817516 4.394871 -0.611748 0.000000 -0.791053 0.763672 0.611328 1 0 1.000000
invisibl
  0 6.472825 -0.817516 6.079015 -0.634321 0.000000 -0.773070 0.833984 0.611328 1 0 1.000000
  0 4.537026 0.992730 7.763159 -0.519720 0.000000 -0.854337 0.904297 0.580078 1 0 1.000000
  0 6.472825 0.982081 6.079015 -0.634350 0.000000 -0.773046 0.833984 0.580078 1 0 1.000000
invisibl
  0 4.537026 -0.817516 7.763159 -0.519912 0.000000 -0.854220 0.904297 0.611328 1 0 1.000000
  0 4.537026 0.992730 7.763159 -0.519720 0.000000 -0.854337 0.904297 0.580078 1 0 1.000000
  0 6.472825 -0.817516 6.079015 -0.634321 0.000000 -0.773070 0.833984 0.611328 1 0 1.000000
invisibl
  0 4.537026 -0.817516 7.763159 -0.519912 0.000000 -0.854220 0.904297 0.611328 1 0 1.000000
  0 1.754317 0.992730 8.866564 -0.368601 0.000000 -0.929588 0.982422 0.580078 1 0 1.000000
  0 4.537026 0.992730 7.763159 -0.519720 0.000000 -0.854337 0.904297 0.580078 1 0 1.000000
invisibl
  0 1.754317 -0.817516 8.866564 -0.368601 0.000000 -0.929588 0.982422 0.611328 1 0 1.000000
  0 1.754317 0.992730 8.866564 -0.368601 0.000000 -0.929588 0.982422 0.580078 1 0 1.000000
  0 4.537026 -0.817516 7.763159 -0.519912 0.000000 -0.854220 0.904297 0.611328 1 0 1.000000
invisibl
  0 6.472825 -0.817516 2.884949 -0.613996 0.000000 0.789309 0.607422 0.458984 1 0 1.000000
  0 8.650598 0.982081 4.394871 -0.569780 0.000000 0.821798 0.537109 0.494141 1 0 1.000000
  0 6.472825 0.982081 2.884949 -0.614054 0.000000 0.789264 0.607422 0.494141 1 0 1.000000
invisibl
  0 8.650598 -0.817516 4.394871 -0.569780 0.000000 0.821798 0.537109 0.458984 1 0 1.000000
  0 8.650598 0.982081 4.394871 -0.569780 0.000000 0.821798 0.537109 0.494141 1 0 1.000000
  0 6.472825 -0.817516 2.884949 -0.613996 0.000000 0.789309 0.607422 0.458984 1 0 1.000000
invisibl
  0 4.537026 -0.817516 1.200805 -0.527539 0.000000 0.849531 0.673828 0.458984 1 0 1.000000
  0 6.472825 0.982081 2.884949 -0.614054 0.000000 0.789264 0.607422 0.494141 1 0 1.000000
  0 4.537026 0.992730 1.200805 -0.527357 0.000000 0.849644 0.673828 0.494141 1 0 1.000000
invisibl
  0 6.472825 -0.817516 2.884949 -0.613996 0.000000 0.789309 0.607422 0.458984 1 0 1.000000
  0 6.472825 0.982081 2.884949 -0.614054 0.000000 0.789264 0.607422 0.494141 1 0 1.000000
  0 4.537026 -0.817516 1.200805 -0.527539 0.000000 0.849531 0.673828 0.458984 1 0 1.000000
invisibl
  0 1.754317 -0.817516 0.039326 -0.385185 0.000000 0.922839 0.751953 0.458984 1 0 1.000000
  0 4.537026 0.992730 1.200805 -0.527357 0.000000 0.849644 0.673828 0.494141 1 0 1.000000
  0 1.754317 0.992730 0.039326 -0.385185 0.000000 0.922839 0.751953 0.494141 1 0 1.000000
invisibl
  0 4.537026 -0.817516 1.200805 -0.527539 0.000000 0.849531 0.673828 0.458984 1 0 1.000000
  0 4.537026 0.992730 1.200805 -0.527357 0.000000 0.849644 0.673828 0.494141 1 0 1.000000
  0 1.754317 -0.817516 0.039326 -0.385185 0.000000 0.922839 0.751953 0.458984 1 0 1.000000
invisibl
  0 3.327153 -1.264754 6.427458 0.919793 0.000000 0.392404 0.708984 0.134766 1 0 1.000000
  0 3.811103 -0.817516 4.394871 0.999977 0.000000 -0.006810 0.666016 0.146484 1 0 1.000000
  0 3.327153 -0.817516 6.427458 0.919795 0.000000 0.392400 0.708984 0.146484 1 0 1.000000
invisibl
  0 3.811103 -1.264754 4.394871 0.999977 0.000000 -0.006801 0.666016 0.134766 1 0 1.000000
  0 3.811103 -0.817516 4.394871 0.999977 0.000000 -0.006810 0.666016 0.146484 1 0 1.000000
  0 3.327153 -1.264754 6.427458 0.919793 0.000000 0.392404 0.708984 0.134766 1 0 1.000000
invisibl
  0 3.811103 -1.264754 4.394871 0.999977 0.000000 -0.006801 0.666016 0.134766 1 0 1.000000
  0 3.327153 -0.817516 2.478431 0.917102 0.000000 -0.398654 0.623047 0.146484 1 0 1.000000
  0 3.811103 -0.817516 4.394871 0.999977 0.000000 -0.006810 0.666016 0.146484 1 0 1.000000
invisibl
  0 3.327153 -1.264754 2.478431 0.917102 0.000000 -0.398652 0.623047 0.134766 1 0 1.000000
  0 3.327153 -0.817516 2.478431 0.917102 0.000000 -0.398654 0.623047 0.146484 1 0 1.000000
  0 3.811103 -1.264754 4.394871 0.999977 0.000000 -0.006801 0.666016 0.134766 1 0 1.000000
invisibl
  0 3.811103 1.450615 4.394871 0.999977 0.000000 -0.006787 0.666016 0.193359 1 0 1.000000
  0 3.327153 0.992730 6.427458 0.919793 0.000000 0.392403 0.708984 0.185547 1 0 1.000000
  0 3.811103 0.992730 4.394871 0.999977 0.000000 -0.006800 0.666016 0.185547 1 0 1.000000
invisibl
  0 3.327153 1.439967 6.427458 0.919903 0.000000 0.392147 0.708984 0.193359 1 0 1.000000
  0 3.327153 0.992730 6.427458 0.919793 0.000000 0.392403 0.708984 0.185547 1 0 1.000000
  0 3.811103 1.450615 4.394871 0.999977 0.000000 -0.006787 0.666016 0.193359 1 0 1.000000
invisibl
  0 3.327153 1.439967 2.478431 0.917213 0.000000 -0.398397 0.623047 0.193359 1 0 1.000000
  0 3.811103 0.992730 4.394871 0.999977 0.000000 -0.006800 0.666016 0.185547 1 0 1.000000
  0 3.327153 0.992730 2.478431 0.917103 0.000000 -0.398650 0.623047 0.185547 1 0 1.000000
invisibl
  0 3.811103 1.450615 4.394871 0.999977 0.000000 -0.006787 0.666016 0.193359 1 0 1.000000
  0 3.811103 0.992730 4.394871 0.999977 0.000000 -0.006800 0.666016 0.185547 1 0 1.000000
  0 3.327153 1.439967 2.478431 0.917213 0.000000 -0.398397 0.623047 0.193359 1 0 1.000000
invisibl
  0 1.754317 -1.264754 0.039326 0.760660 0.000000 -0.649150 0.560547 0.134766 1 0 1.000000
  0 -0.060493 -0.817516 -1.586744 0.667317 0.000000 -0.744774 0.505859 0.146484 1 0 1.000000
  0 1.754317 -0.817516 0.039326 0.788977 0.000000 -0.614423 0.560547 0.146484 1 0 1.000000
invisibl
  0 -0.060493 -1.264754 -1.586744 0.667317 0.000000 -0.744774 0.505859 0.134766 1 0 1.000000
  0 -0.060493 -0.817516 -1.586744 0.667317 0.000000 -0.744774 0.505859 0.146484 1 0 1.000000
  0 1.754317 -1.264754 0.039326 0.760660 0.000000 -0.649150 0.560547 0.134766 1 0 1.000000
invisibl
  0 -0.060493 1.439967 -1.586744 0.667317 0.000000 -0.744774 0.505859 0.193359 1 0 1.000000
  0 1.754317 0.992730 0.039326 0.788978 0.000000 -0.614422 0.560547 0.185547 1 0 1.000000
  0 -0.060493 0.992730 -1.586744 0.667317 0.000000 -0.744774 0.505859 0.185547 1 0 1.000000
invisibl
  0 1.754317 1.439967 0.039326 0.760659 0.000000 -0.649151 0.560547 0.193359 1 0 1.000000
  0 1.754317 0.992730 0.039326 0.788978 0.000000 -0.614422 0.560547 0.185547 1 0 1.000000
  0 -0.060493 1.439967 -1.586744 0.667317 0.000000 -0.744774 0.505859 0.193359 1 0 1.000000
invisibl
  0 -0.060493 -1.264754 10.434561 0.653777 0.000000 0.756687 0.826172 0.134766 1 0 1.000000
  0 1.754317 -0.817516 8.866564 0.785302 0.000000 0.619113 0.771484 0.146484 1 0 1.000000
  0 -0.060493 -0.817516 10.434561 0.653777 0.000000 0.756687 0.826172 0.146484 1 0 1.000000
invisibl
  0 1.754317 -1.264754 8.866564 0.754775 0.000000 0.655984 0.771484 0.134766 1 0 1.000000
  0 1.754317 -0.817516 8.866564 0.785302 0.000000 0.619113 0.771484 0.146484 1 0 1.000000
  0 -0.060493 -1.264754 10.434561 0.653777 0.000000 0.756687 0.826172 0.134766 1 0 1.000000
invisibl
  0 1.754317 1.439967 8.866564 0.754776 0.000000 0.655983 0.771484 0.193359 1 0 1.000000
  0 -0.060493 0.992730 10.434561 0.653777 0.000000 0.756687 0.826172 0.185547 1 0 1.000000
  0 1.754317 0.992730 8.866564 0.785301 0.000000 0.619114 0.771484 0.185547 1 0 1.000000
invisibl
  0 -0.060493 1.439967 10.434561 0.653777 0.000000 0.756687 0.826172 0.193359 1 0 1.000000
  0 -0.060493 0.992730 10.434561 0.653777 0.000000 0.756687 0.826172 0.185547 1 0 1.000000
  0 1.754317 1.439967 8.866564 0.754776 0.000000 0.655983 0.771484 0.193359 1 0 1.000000
invisibl
  0 3.811103 0.992730 4.394871 0.999977 0.000000 -0.006800 0.666016 0.185547 1 0 1.000000
  0 3.327153 -0.817516 6.427458 0.919795 0.000000 0.392400 0.708984 0.146484 1 0 1.000000
  0 3.811103 -0.817516 4.394871 0.999977 0.000000 -0.006810 0.666016 0.146484 1 0 1.000000
invisibl
  0 3.327153 0.992730 6.427458 0.919793 0.000000 0.392403 0.708984 0.185547 1 0 1.000000
  0 3.327153 -0.817516 6.427458 0.919795 0.000000 0.392400 0.708984 0.146484 1 0 1.000000
  0 3.811103 0.992730 4.394871 0.999977 0.000000 -0.006800 0.666016 0.185547 1 0 1.000000
invisibl
  0 3.327153 0.992730 6.427458 0.919793 0.000000 0.392403 0.708984 0.185547 1 0 1.000000
  0 1.754317 -0.817516 8.866564 0.785302 0.000000 0.619113 0.771484 0.146484 1 0 1.000000
  0 3.327153 -0.817516 6.427458 0.919795 0.000000 0.392400 0.708984 0.146484 1 0 1.000000
invisibl
  0 1.754317 0.992730 8.866564 0.785301 0.000000 0.619114 0.771484 0.185547 1 0 1.000000
  0 1.754317 -0.817516 8.866564 0.785302 0.000000 0.619113 0.771484 0.146484 1 0 1.000000
  0 3.327153 0.992730 6.427458 0.919793 0.000000 0.392403 0.708984 0.185547 1 0 1.000000
invisibl
  0 3.327153 0.992730 2.478431 0.917103 0.000000 -0.398650 0.623047 0.185547 1 0 1.000000
  0 3.811103 -0.817516 4.394871 0.999977 0.000000 -0.006810 0.666016 0.146484 1 0 1.000000
  0 3.327153 -0.817516 2.478431 0.917102 0.000000 -0.398654 0.623047 0.146484 1 0 1.000000
invisibl
  0 3.811103 0.992730 4.394871 0.999977 0.000000 -0.006800 0.666016 0.185547 1 0 1.000000
  0 3.811103 -0.817516 4.394871 0.999977 0.000000 -0.006810 0.666016 0.146484 1 0 1.000000
  0 3.327153 0.992730 2.478431 0.917103 0.000000 -0.398650 0.623047 0.185547 1 0 1.000000
invisibl
  0 1.754317 0.992730 0.039326 0.788978 0.000000 -0.614422 0.560547 0.185547 1 0 1.000000
  0 3.327153 -0.817516 2.478431 0.917102 0.000000 -0.398654 0.623047 0.146484 1 0 1.000000
  0 1.754317 -0.817516 0.039326 0.788977 0.000000 -0.614423 0.560547 0.146484 1 0 1.000000
invisibl
  0 3.327153 0.992730 2.478431 0.917103 0.000000 -0.398650 0.623047 0.185547 1 0 1.000000
  0 3.327153 -0.817516 2.478431 0.917102 0.000000 -0.398654 0.623047 0.146484 1 0 1.000000
  0 1.754317 0.992730 0.039326 0.788978 0.000000 -0.614422 0.560547 0.185547 1 0 1.000000
invisibl
  0 1.754317 1.439967 0.039326 0.760659 0.000000 -0.649151 0.560547 0.193359 1 0 1.000000
  0 3.327153 0.992730 2.478431 0.917103 0.000000 -0.398650 0.623047 0.185547 1 0 1.000000
  0 1.754317 0.992730 0.039326 0.788978 0.000000 -0.614422 0.560547 0.185547 1 0 1.000000
invisibl
  0 3.327153 1.439967 2.478431 0.917213 0.000000 -0.398397 0.623047 0.193359 1 0 1.000000
  0 3.327153 0.992730 2.478431 0.917103 0.000000 -0.398650 0.623047 0.185547 1 0 1.000000
  0 1.754317 1.439967 0.039326 0.760659 0.000000 -0.649151 0.560547 0.193359 1 0 1.000000
invisibl
  0 3.327153 1.439967 6.427458 0.919903 0.000000 0.392147 0.708984 0.193359 1 0 1.000000
  0 1.754317 0.992730 8.866564 0.785301 0.000000 0.619114 0.771484 0.185547 1 0 1.000000
  0 3.327153 0.992730 6.427458 0.919793 0.000000 0.392403 0.708984 0.185547 1 0 1.000000
invisibl
  0 1.754317 1.439967 8.866564 0.754776 0.000000 0.655983 0.771484 0.193359 1 0 1.000000
  0 1.754317 0.992730 8.866564 0.785301 0.000000 0.619114 0.771484 0.185547 1 0 1.000000
  0 3.327153 1.439967 6.427458 0.919903 0.000000 0.392147 0.708984 0.193359 1 0 1.000000
invisibl
  0 3.327153 -1.264754 2.478431 0.917102 0.000000 -0.398652 0.623047 0.134766 1 0 1.000000
  0 1.754317 -0.817516 0.039326 0.788977 0.000000 -0.614423 0.560547 0.146484 1 0 1.000000
  0 3.327153 -0.817516 2.478431 0.917102 0.000000 -0.398654 0.623047 0.146484 1 0 1.000000
invisibl
  0 1.754317 -1.264754 0.039326 0.760660 0.000000 -0.649150 0.560547 0.134766 1 0 1.000000
  0 1.754317 -0.817516 0.039326 0.788977 0.000000 -0.614423 0.560547 0.146484 1 0 1.000000
  0 3.327153 -1.264754 2.478431 0.917102 0.000000 -0.398652 0.623047 0.134766 1 0 1.000000
invisibl
  0 1.754317 -1.264754 8.866564 0.754775 0.000000 0.655984 0.771484 0.134766 1 0 1.000000
  0 3.327153 -0.817516 6.427458 0.919795 0.000000 0.392400 0.708984 0.146484 1 0 1.000000
  0 1.754317 -0.817516 8.866564 0.785302 0.000000 0.619113 0.771484 0.146484 1 0 1.000000
invisibl
  0 3.327153 -1.264754 6.427458 0.919793 0.000000 0.392404 0.708984 0.134766 1 0 1.000000
  0 3.327153 -0.817516 6.427458 0.919795 0.000000 0.392400 0.708984 0.146484 1 0 1.000000
  0 1.754317 -1.264754 8.866564 0.754775 0.000000 0.655984 0.771484 0.134766 1 0 1.000000
end
