version 1
nodes
0 "root" -1
end
skeleton
  time 0
  0 0.000000 0.000000 0.000000 0.000000 0.000000 0.000000
end
triangles
suit
  0 -1.697596 3.856393 12.927464 -0.999438 0.028425 0.017769 0.524423 0.739828 1 0 1.000000
  0 -0.149895 6.128816 12.781653 -0.026764 0.999641 0.001603 0.476911 0.746191 1 0 1.000000
  0 -0.797086 5.758578 6.125055 -0.078332 0.978740 0.189556 0.485881 0.889350 1 0 1.000000
suit
  0 -1.697596 3.856393 12.927464 -0.999438 0.028425 0.017769 0.524423 0.739828 1 0 1.000000
  0 -0.797086 5.758578 6.125055 -0.078332 0.978740 0.189556 0.485881 0.889350 1 0 1.000000
  0 -2.531579 3.926656 6.714520 -0.967553 -0.000781 0.252665 0.522597 0.889350 1 0 1.000000
suit
  0 -0.149895 6.128816 12.781653 -0.026764 0.999641 0.001603 0.324356 0.744338 1 0 1.000000
  0 2.428109 3.584064 12.661216 0.994512 -0.000265 -0.104627 0.277003 0.744338 1 0 1.000000
  0 0.937408 3.926656 5.535590 0.752950 -0.003386 0.658069 0.278823 0.887017 1 0 1.000000
suit
  0 -0.149895 6.128816 12.781653 -0.026764 0.999641 0.001603 0.324356 0.744338 1 0 1.000000
  0 0.937408 3.926656 5.535590 0.752950 -0.003386 0.658069 0.278823 0.887017 1 0 1.000000
  0 -0.797086 5.758578 6.125055 -0.078332 0.978740 0.189556 0.315416 0.887017 1 0 1.000000
suit
  0 -0.134795 1.641673 12.596720 -0.057247 -0.994534 -0.087324 0.571936 0.746191 1 0 1.000000
  0 0.140710 0.576064 20.677343 0.045267 -0.619584 -0.783624 0.586893 0.576228 1 0 1.000000
  0 -2.714566 3.351833 22.804808 -0.899915 0.333058 -0.281469 0.534769 0.529039 1 0 1.000000
suit
  0 -0.134795 1.641673 12.596720 -0.057247 -0.994534 -0.087324 0.571936 0.746191 1 0 1.000000
  0 -2.714566 3.351833 22.804808 -0.899915 0.333058 -0.281469 0.534769 0.529039 1 0 1.000000
  0 -1.697596 3.856393 12.927464 -0.999438 0.028425 0.017769 0.524423 0.739828 1 0 1.000000
suit
  0 -0.149895 6.128816 12.781653 -0.026764 0.999641 0.001603 0.324356 0.744338 1 0 1.000000
  0 -0.151846 5.168468 27.660759 -0.048073 0.996365 0.070319 0.301254 0.428038 1 0 1.000000
  0 2.637150 3.344644 23.009445 0.923729 0.349260 -0.157299 0.266692 0.527913 1 0 1.000000
suit
  0 -0.149895 6.128816 12.781653 -0.026764 0.999641 0.001603 0.324356 0.744338 1 0 1.000000
  0 2.637150 3.344644 23.009445 0.923729 0.349260 -0.157299 0.266692 0.527913 1 0 1.000000
  0 2.428109 3.584064 12.661216 0.994512 -0.000265 -0.104627 0.277003 0.744338 1 0 1.000000
suit
  0 -1.697596 3.856393 12.927464 -0.999438 0.028425 0.017769 0.524423 0.739828 1 0 1.000000
  0 -2.714566 3.351833 22.804808 -0.899915 0.333058 -0.281469 0.534769 0.529039 1 0 1.000000
  0 -0.151846 5.168468 27.660759 -0.048073 0.996365 0.070319 0.500090 0.428827 1 0 1.000000
suit
  0 -1.697596 3.856393 12.927464 -0.999438 0.028425 0.017769 0.524423 0.739828 1 0 1.000000
  0 -0.151846 5.168468 27.660759 -0.048073 0.996365 0.070319 0.500090 0.428827 1 0 1.000000
  0 -0.149895 6.128816 12.781653 -0.026764 0.999641 0.001603 0.476911 0.746191 1 0 1.000000
suit
  0 -0.134795 1.641673 12.596720 -0.057247 -0.994534 -0.087324 0.571936 0.746191 1 0 1.000000
  0 -1.697596 3.856393 12.927464 -0.999438 0.028425 0.017769 0.524423 0.739828 1 0 1.000000
  0 -2.531579 3.926656 6.714520 -0.967553 -0.000781 0.252665 0.522597 0.889350 1 0 1.000000
suit
  0 -0.134795 1.641673 12.596720 -0.057247 -0.994534 -0.087324 0.571936 0.746191 1 0 1.000000
  0 -2.531579 3.926656 6.714520 -0.967553 -0.000781 0.252665 0.522597 0.889350 1 0 1.000000
  0 -0.797086 2.094734 6.125055 -0.096077 -0.980681 0.170394 0.559314 0.889350 1 0 1.000000
suit
  0 2.428109 3.584064 12.661216 0.994512 -0.000265 -0.104627 0.277003 0.744338 1 0 1.000000
  0 -0.134795 1.641673 12.596720 -0.057247 -0.994534 -0.087324 0.229650 0.744338 1 0 1.000000
  0 -0.797086 2.094734 6.125055 -0.096077 -0.980681 0.170394 0.242229 0.887017 1 0 1.000000
suit
  0 2.428109 3.584064 12.661216 0.994512 -0.000265 -0.104627 0.277003 0.744338 1 0 1.000000
  0 -0.797086 2.094734 6.125055 -0.096077 -0.980681 0.170394 0.242229 0.887017 1 0 1.000000
  0 0.937408 3.926656 5.535590 0.752950 -0.003386 0.658069 0.278823 0.887017 1 0 1.000000
suit
  0 2.428109 3.584064 12.661216 0.994512 -0.000265 -0.104627 0.277003 0.744338 1 0 1.000000
  0 2.637150 3.344644 23.009445 0.923729 0.349260 -0.157299 0.266692 0.527913 1 0 1.000000
  0 0.140710 0.576064 20.677343 0.045267 -0.619584 -0.783624 0.214743 0.574945 1 0 1.000000
suit
  0 2.428109 3.584064 12.661216 0.994512 -0.000265 -0.104627 0.277003 0.744338 1 0 1.000000
  0 0.140710 0.576064 20.677343 0.045267 -0.619584 -0.783624 0.214743 0.574945 1 0 1.000000
  0 -0.134795 1.641673 12.596720 -0.057247 -0.994534 -0.087324 0.229650 0.744338 1 0 1.000000
suit
  0 2.637150 3.344644 23.009445 0.923729 0.349260 -0.157299 0.266692 0.527913 1 0 1.000000
  0 2.712288 0.131779 23.121838 0.903656 0.002881 -0.428250 0.200386 0.527913 1 0 1.000000
  0 0.055239 0.003874 20.705503 -0.002890 -0.023619 -0.999717 0.200386 0.574945 1 0 1.000000
suit
  0 2.637150 3.344644 23.009445 0.923729 0.349260 -0.157299 0.266692 0.527913 1 0 1.000000
  0 0.055239 0.003874 20.705503 -0.002890 -0.023619 -0.999717 0.200386 0.574945 1 0 1.000000
  0 0.140710 0.576064 20.677343 0.045267 -0.619584 -0.783624 0.214743 0.574945 1 0 1.000000
suit
  0 -2.566629 0.043890 22.927069 -0.790149 -0.018102 -0.612647 0.601298 0.529039 1 0 1.000000
  0 -2.714566 3.351833 22.804808 -0.899915 0.333058 -0.281469 0.534769 0.529039 1 0 1.000000
  0 0.140710 0.576064 20.677343 0.045267 -0.619584 -0.783624 0.586893 0.576228 1 0 1.000000
suit
  0 -2.566629 0.043890 22.927069 -0.790149 -0.018102 -0.612647 0.601298 0.529039 1 0 1.000000
  0 0.140710 0.576064 20.677343 0.045267 -0.619584 -0.783624 0.586893 0.576228 1 0 1.000000
  0 0.055239 0.003874 20.705503 -0.002890 -0.023619 -0.999717 0.601298 0.576228 1 0 1.000000
suit
  0 2.637150 3.344644 23.009445 0.923729 0.349260 -0.157299 0.266692 0.527913 1 0 1.000000
  0 2.646214 3.775511 27.821543 0.793430 0.608609 -0.007969 0.276801 0.430152 1 0 1.000000
  0 3.278445 0.106488 27.664314 0.999478 0.011134 -0.030317 0.200386 0.430152 1 0 1.000000
suit
  0 2.637150 3.344644 23.009445 0.923729 0.349260 -0.157299 0.266692 0.527913 1 0 1.000000
  0 3.278445 0.106488 27.664314 0.999478 0.011134 -0.030317 0.200386 0.430152 1 0 1.000000
  0 2.712288 0.131779 23.121838 0.903656 0.002881 -0.428250 0.200386 0.527913 1 0 1.000000
suit
  0 2.637150 3.344644 23.009445 0.923729 0.349260 -0.157299 0.266692 0.527913 1 0 1.000000
  0 -0.151846 5.168468 27.660759 -0.048073 0.996365 0.070319 0.301254 0.428038 1 0 1.000000
  0 2.646214 3.775511 27.821543 0.793430 0.608609 -0.007969 0.276801 0.430152 1 0 1.000000
suit
  0 -2.566629 0.043890 22.927069 -0.790149 -0.018102 -0.612647 0.601298 0.529039 1 0 1.000000
  0 -3.443719 0.097811 24.756218 -0.979636 -0.009010 -0.200578 0.601298 0.491393 1 0 1.000000
  0 -3.514416 3.363030 24.758385 -0.847545 0.505168 -0.162705 0.534769 0.491393 1 0 1.000000
suit
  0 -2.566629 0.043890 22.927069 -0.790149 -0.018102 -0.612647 0.601298 0.529039 1 0 1.000000
  0 -3.514416 3.363030 24.758385 -0.847545 0.505168 -0.162705 0.534769 0.491393 1 0 1.000000
  0 -2.714566 3.351833 22.804808 -0.899915 0.333058 -0.281469 0.534769 0.529039 1 0 1.000000
suit
  0 -3.443719 0.097811 24.756218 -0.979636 -0.009010 -0.200578 0.601298 0.491393 1 0 1.000000
  0 -3.386318 0.116422 27.787706 -0.992232 -0.004907 0.124302 0.601298 0.428297 1 0 1.000000
  0 -3.418794 3.052843 27.755919 -0.880526 0.452011 0.142690 0.534769 0.428297 1 0 1.000000
suit
  0 -3.443719 0.097811 24.756218 -0.979636 -0.009010 -0.200578 0.601298 0.491393 1 0 1.000000
  0 -3.418794 3.052843 27.755919 -0.880526 0.452011 0.142690 0.534769 0.428297 1 0 1.000000
  0 -3.514416 3.363030 24.758385 -0.847545 0.505168 -0.162705 0.534769 0.491393 1 0 1.000000
suit
  0 -0.151846 5.168468 27.660759 -0.048073 0.996365 0.070319 0.500090 0.428827 1 0 1.000000
  0 -2.714566 3.351833 22.804808 -0.899915 0.333058 -0.281469 0.534769 0.529039 1 0 1.000000
  0 -3.514416 3.363030 24.758385 -0.847545 0.505168 -0.162705 0.534769 0.491393 1 0 1.000000
suit
  0 -3.514416 3.363030 24.758385 -0.847545 0.505168 -0.162705 0.534769 0.491393 1 0 1.000000
  0 -3.418794 3.052843 27.755919 -0.880526 0.452011 0.142690 0.534769 0.428297 1 0 1.000000
  0 -0.151846 5.168468 27.660759 -0.048073 0.996365 0.070319 0.500090 0.428827 1 0 1.000000
suit
  0 2.646214 3.775511 27.821543 0.793430 0.608609 -0.007969 0.276801 0.430152 1 0 1.000000
  0 2.596562 3.525542 30.149464 0.791191 0.611523 0.007553 0.270736 0.378153 1 0 1.000000
  0 3.423715 0.065860 30.128187 0.999937 0.000091 -0.011193 0.200386 0.378153 1 0 1.000000
suit
  0 2.646214 3.775511 27.821543 0.793430 0.608609 -0.007969 0.276801 0.430152 1 0 1.000000
  0 3.423715 0.065860 30.128187 0.999937 0.000091 -0.011193 0.200386 0.378153 1 0 1.000000
  0 3.278445 0.106488 27.664314 0.999478 0.011134 -0.030317 0.200386 0.430152 1 0 1.000000
suit
  0 -3.418794 3.052843 27.755919 -0.880526 0.452011 0.142690 0.534769 0.428297 1 0 1.000000
  0 -2.769933 2.983354 30.359919 -0.866138 0.496320 0.058909 0.540855 0.374533 1 0 1.000000
  0 0.019586 4.738300 30.223988 -0.050815 0.997897 0.040237 0.506176 0.376654 1 0 1.000000
suit
  0 -3.418794 3.052843 27.755919 -0.880526 0.452011 0.142690 0.534769 0.428297 1 0 1.000000
  0 0.019586 4.738300 30.223988 -0.050815 0.997897 0.040237 0.506176 0.376654 1 0 1.000000
  0 -0.151846 5.168468 27.660759 -0.048073 0.996365 0.070319 0.500090 0.428827 1 0 1.000000
suit
  0 -3.386318 0.116422 27.787706 -0.992232 -0.004907 0.124302 0.601298 0.428297 1 0 1.000000
  0 -2.852809 -0.043539 30.425049 -0.997846 -0.001883 0.065574 0.601298 0.374533 1 0 1.000000
  0 -2.769933 2.983354 30.359919 -0.866138 0.496320 0.058909 0.540855 0.374533 1 0 1.000000
suit
  0 -3.386318 0.116422 27.787706 -0.992232 -0.004907 0.124302 0.601298 0.428297 1 0 1.000000
  0 -2.769933 2.983354 30.359919 -0.866138 0.496320 0.058909 0.540855 0.374533 1 0 1.000000
  0 -3.418794 3.052843 27.755919 -0.880526 0.452011 0.142690 0.534769 0.428297 1 0 1.000000
suit
  0 2.646214 3.775511 27.821543 0.793430 0.608609 -0.007969 0.276801 0.430152 1 0 1.000000
  0 -0.151846 5.168468 27.660759 -0.048073 0.996365 0.070319 0.301254 0.428038 1 0 1.000000
  0 0.019586 4.738300 30.223988 -0.050815 0.997897 0.040237 0.295189 0.376039 1 0 1.000000
suit
  0 2.646214 3.775511 27.821543 0.793430 0.608609 -0.007969 0.276801 0.430152 1 0 1.000000
  0 0.019586 4.738300 30.223988 -0.050815 0.997897 0.040237 0.295189 0.376039 1 0 1.000000
  0 2.596562 3.525542 30.149464 0.791191 0.611523 0.007553 0.270736 0.378153 1 0 1.000000
suit
  0 -2.769933 2.983354 30.359919 -0.866138 0.496320 0.058909 0.540855 0.374533 1 0 1.000000
  0 -3.221855 3.175355 36.142971 -0.933239 0.357650 0.033931 0.533552 0.264035 1 0 1.000000
  0 -0.475187 5.215235 35.490139 -0.534683 0.224388 -0.814717 0.498873 0.267217 1 0 1.000000
suit
  0 -2.769933 2.983354 30.359919 -0.866138 0.496320 0.058909 0.540855 0.374533 1 0 1.000000
  0 -0.475187 5.215235 35.490139 -0.534683 0.224388 -0.814717 0.498873 0.267217 1 0 1.000000
  0 0.019586 4.738300 30.223988 -0.050815 0.997897 0.040237 0.506176 0.376654 1 0 1.000000
suit
  0 2.596562 3.525542 30.149464 0.791191 0.611523 0.007553 0.270736 0.378153 1 0 1.000000
  0 0.019586 4.738300 30.223988 -0.050815 0.997897 0.040237 0.295189 0.376039 1 0 1.000000
  0 -0.475187 5.215235 35.490139 -0.534683 0.224388 -0.814717 0.302467 0.266969 1 0 1.000000
suit
  0 2.596562 3.525542 30.149464 0.791191 0.611523 0.007553 0.270736 0.378153 1 0 1.000000
  0 -0.475187 5.215235 35.490139 -0.534683 0.224388 -0.814717 0.302467 0.266969 1 0 1.000000
  0 2.748902 3.744363 34.803055 0.821984 0.556997 -0.118727 0.278014 0.269083 1 0 1.000000
suit
  0 -2.852809 -0.043539 30.425049 -0.997846 -0.001883 0.065574 0.601298 0.374533 1 0 1.000000
  0 -3.385134 0.066670 36.268627 -0.994264 0.003246 0.106905 0.601298 0.264035 1 0 1.000000
  0 -3.221855 3.175355 36.142971 -0.933239 0.357650 0.033931 0.533552 0.264035 1 0 1.000000
suit
  0 -2.852809 -0.043539 30.425049 -0.997846 -0.001883 0.065574 0.601298 0.374533 1 0 1.000000
  0 -3.221855 3.175355 36.142971 -0.933239 0.357650 0.033931 0.533552 0.264035 1 0 1.000000
  0 -2.769933 2.983354 30.359919 -0.866138 0.496320 0.058909 0.540855 0.374533 1 0 1.000000
suit
  0 2.596562 3.525542 30.149464 0.791191 0.611523 0.007553 0.270736 0.378153 1 0 1.000000
  0 2.748902 3.744363 34.803055 0.821984 0.556997 -0.118727 0.278014 0.269083 1 0 1.000000
  0 3.482542 0.155468 35.013123 0.998526 0.008493 -0.053605 0.200386 0.269083 1 0 1.000000
suit
  0 2.596562 3.525542 30.149464 0.791191 0.611523 0.007553 0.270736 0.378153 1 0 1.000000
  0 3.482542 0.155468 35.013123 0.998526 0.008493 -0.053605 0.200386 0.269083 1 0 1.000000
  0 3.423715 0.065860 30.128187 0.999937 0.000091 -0.011193 0.200386 0.378153 1 0 1.000000
suit
  0 -3.221855 3.175355 36.142971 -0.933239 0.357650 0.033931 0.533552 0.264035 1 0 1.000000
  0 -1.553251 5.451139 37.785172 -0.586940 0.524505 0.616763 0.492956 0.235252 1 0 1.000000
  0 -2.100692 5.717334 36.436039 -0.859892 0.434827 -0.267415 0.487211 0.258486 1 0 1.000000
suit
  0 -2.422179 2.098724 39.143169 -0.691234 0.253222 0.676812 0.555951 0.202511 1 0 1.000000
  0 -1.553251 5.451139 37.785172 -0.586940 0.524505 0.616763 0.492956 0.235252 1 0 1.000000
  0 -3.221855 3.175355 36.142971 -0.933239 0.357650 0.033931 0.533552 0.264035 1 0 1.000000
suit
  0 -3.385134 0.066670 36.268627 -0.994264 0.003246 0.106905 0.601298 0.264035 1 0 1.000000
  0 -2.562894 -0.100524 39.078274 -0.806192 -0.012881 0.591513 0.601298 0.202511 1 0 1.000000
  0 -2.422179 2.098724 39.143169 -0.691234 0.253222 0.676812 0.555951 0.202511 1 0 1.000000
suit
  0 -3.385134 0.066670 36.268627 -0.994264 0.003246 0.106905 0.601298 0.264035 1 0 1.000000
  0 -2.422179 2.098724 39.143169 -0.691234 0.253222 0.676812 0.555951 0.202511 1 0 1.000000
  0 -3.221855 3.175355 36.142971 -0.933239 0.357650 0.033931 0.533552 0.264035 1 0 1.000000
suit
  0 2.748902 3.744363 34.803055 0.821984 0.556997 -0.118727 0.278014 0.269083 1 0 1.000000
  0 3.049965 2.823226 37.956806 0.847710 0.334870 0.411400 0.255690 0.207960 1 0 1.000000
  0 3.756128 0.008373 37.834797 0.956816 0.016064 0.290251 0.200386 0.207960 1 0 1.000000
suit
  0 2.748902 3.744363 34.803055 0.821984 0.556997 -0.118727 0.278014 0.269083 1 0 1.000000
  0 3.756128 0.008373 37.834797 0.956816 0.016064 0.290251 0.200386 0.207960 1 0 1.000000
  0 3.482542 0.155468 35.013123 0.998526 0.008493 -0.053605 0.200386 0.269083 1 0 1.000000
suit
  0 3.049965 2.823226 37.956806 0.847710 0.334870 0.411400 0.255690 0.207960 1 0 1.000000
  0 1.910331 1.408714 39.169880 0.596188 0.305724 0.742356 0.227195 0.180781 1 0 1.000000
  0 3.050457 -0.190117 39.254223 0.757232 -0.016964 0.652925 0.200386 0.181254 1 0 1.000000
suit
  0 3.049965 2.823226 37.956806 0.847710 0.334870 0.411400 0.255690 0.207960 1 0 1.000000
  0 3.050457 -0.190117 39.254223 0.757232 -0.016964 0.652925 0.200386 0.181254 1 0 1.000000
  0 3.756128 0.008373 37.834797 0.956816 0.016064 0.290251 0.200386 0.207960 1 0 1.000000
suit
  0 -2.422179 2.098724 39.143169 -0.691234 0.253222 0.676812 0.555951 0.202511 1 0 1.000000
  0 -0.942587 1.449006 40.010986 -0.347303 0.316274 0.882809 0.572901 0.177878 1 0 1.000000
  0 0.878654 2.323931 39.626930 0.731090 0.436365 0.524493 0.556772 0.179377 1 0 1.000000
suit
  0 -2.422179 2.098724 39.143169 -0.691234 0.253222 0.676812 0.555951 0.202511 1 0 1.000000
  0 0.878654 2.323931 39.626930 0.731090 0.436365 0.524493 0.556772 0.179377 1 0 1.000000
  0 0.648147 3.786376 38.985008 0.170506 0.308449 0.935835 0.524402 0.193376 1 0 1.000000
suit
  0 0.648147 3.786376 38.985008 0.170506 0.308449 0.935835 0.277024 0.193376 1 0 1.000000
  0 0.878654 2.323931 39.626930 0.731090 0.436365 0.524493 0.244762 0.179424 1 0 1.000000
  0 0.902241 2.084315 39.538383 0.676641 0.306061 0.669689 0.241897 0.179645 1 0 1.000000
suit
  0 -2.562894 -0.100524 39.078274 -0.806192 -0.012881 0.591513 0.601298 0.202511 1 0 1.000000
  0 -1.393194 0.088045 40.008213 -0.547265 -0.010723 0.836891 0.601298 0.177452 1 0 1.000000
  0 -0.942587 1.449006 40.010986 -0.347303 0.316274 0.882809 0.572901 0.177878 1 0 1.000000
suit
  0 -2.562894 -0.100524 39.078274 -0.806192 -0.012881 0.591513 0.601298 0.202511 1 0 1.000000
  0 -0.942587 1.449006 40.010986 -0.347303 0.316274 0.882809 0.572901 0.177878 1 0 1.000000
  0 -2.422179 2.098724 39.143169 -0.691234 0.253222 0.676812 0.555951 0.202511 1 0 1.000000
suit
  0 -1.535517 6.726303 36.333714 -0.821519 0.542713 0.174840 0.465733 0.257744 1 0 1.000000
  0 0.424256 8.194345 35.793629 0.132574 0.932171 0.336870 0.435884 0.258787 1 0 1.000000
  0 0.210588 8.543995 32.198498 0.049046 0.997788 0.044882 0.425687 0.336890 1 0 1.000000
suit
  0 -1.535517 6.726303 36.333714 -0.821519 0.542713 0.174840 0.465733 0.257744 1 0 1.000000
  0 0.210588 8.543995 32.198498 0.049046 0.997788 0.044882 0.425687 0.336890 1 0 1.000000
  0 -1.746429 6.909887 32.058353 -0.997270 0.073829 0.001643 0.462403 0.336890 1 0 1.000000
suit
  0 0.424256 8.194345 35.793629 0.132574 0.932171 0.336870 0.365246 0.258568 1 0 1.000000
  0 1.614846 6.700755 35.661915 0.967418 0.253179 -0.001565 0.335851 0.261464 1 0 1.000000
  0 1.855948 6.928289 32.171043 0.999604 -0.021778 0.017840 0.338815 0.336408 1 0 1.000000
suit
  0 0.424256 8.194345 35.793629 0.132574 0.932171 0.336870 0.365246 0.258568 1 0 1.000000
  0 1.855948 6.928289 32.171043 0.999604 -0.021778 0.017840 0.338815 0.336408 1 0 1.000000
  0 0.210588 8.543995 32.198498 0.049046 0.997788 0.044882 0.375409 0.336408 1 0 1.000000
suit
  0 -0.475187 5.215235 35.490139 -0.534683 0.224388 -0.814717 0.498873 0.267217 1 0 1.000000
  0 -1.535517 6.726303 36.333714 -0.821519 0.542713 0.174840 0.465733 0.257744 1 0 1.000000
  0 -1.746429 6.909887 32.058353 -0.997270 0.073829 0.001643 0.462403 0.336890 1 0 1.000000
suit
  0 -0.475187 5.215235 35.490139 -0.534683 0.224388 -0.814717 0.498873 0.267217 1 0 1.000000
  0 -1.746429 6.909887 32.058353 -0.997270 0.073829 0.001643 0.462403 0.336890 1 0 1.000000
  0 0.021013 4.999909 31.555386 -0.005644 -0.999163 -0.040513 0.500665 0.350196 1 0 1.000000
suit
  0 1.614846 6.700755 35.661915 0.967418 0.253179 -0.001565 0.335851 0.261464 1 0 1.000000
  0 -0.475187 5.215235 35.490139 -0.534683 0.224388 -0.814717 0.302467 0.266969 1 0 1.000000
  0 0.021013 4.999909 31.555386 -0.005644 -0.999163 -0.040513 0.300682 0.349670 1 0 1.000000
suit
  0 1.614846 6.700755 35.661915 0.967418 0.253179 -0.001565 0.335851 0.261464 1 0 1.000000
  0 0.021013 4.999909 31.555386 -0.005644 -0.999163 -0.040513 0.300682 0.349670 1 0 1.000000
  0 1.855948 6.928289 32.171043 0.999604 -0.021778 0.017840 0.338815 0.336408 1 0 1.000000
suit
  0 0.210588 8.543995 32.198498 0.049046 0.997788 0.044882 0.375409 0.336408 1 0 1.000000
  0 1.855948 6.928289 32.171043 0.999604 -0.021778 0.017840 0.338815 0.336408 1 0 1.000000
  0 1.403972 7.131817 24.705946 0.997489 0.064626 0.028970 0.343142 0.491409 1 0 1.000000
suit
  0 0.210588 8.543995 32.198498 0.049046 0.997788 0.044882 0.375409 0.336408 1 0 1.000000
  0 1.403972 7.131817 24.705946 0.997489 0.064626 0.028970 0.343142 0.491409 1 0 1.000000
  0 0.035756 8.569033 24.667400 -0.041798 0.994599 -0.095007 0.371308 0.491409 1 0 1.000000
suit
  0 1.855948 6.928289 32.171043 0.999604 -0.021778 0.017840 0.338815 0.336408 1 0 1.000000
  0 0.021013 4.999909 31.555386 -0.005644 -0.999163 -0.040513 0.300682 0.349670 1 0 1.000000
  0 0.051171 5.785342 24.763283 0.020002 -0.998845 0.043684 0.314976 0.491409 1 0 1.000000
suit
  0 1.855948 6.928289 32.171043 0.999604 -0.021778 0.017840 0.338815 0.336408 1 0 1.000000
  0 0.051171 5.785342 24.763283 0.020002 -0.998845 0.043684 0.314976 0.491409 1 0 1.000000
  0 1.403972 7.131817 24.705946 0.997489 0.064626 0.028970 0.343142 0.491409 1 0 1.000000
suit
  0 0.021013 4.999909 31.555386 -0.005644 -0.999163 -0.040513 0.500665 0.350196 1 0 1.000000
  0 -1.746429 6.909887 32.058353 -0.997270 0.073829 0.001643 0.462403 0.336890 1 0 1.000000
  0 -1.446682 7.101025 24.723007 -0.996843 -0.011308 -0.078594 0.458062 0.492411 1 0 1.000000
suit
  0 0.021013 4.999909 31.555386 -0.005644 -0.999163 -0.040513 0.500665 0.350196 1 0 1.000000
  0 -1.446682 7.101025 24.723007 -0.996843 -0.011308 -0.078594 0.458062 0.492411 1 0 1.000000
  0 0.051171 5.785342 24.763283 0.020002 -0.998845 0.043684 0.486323 0.492411 1 0 1.000000
suit
  0 -1.746429 6.909887 32.058353 -0.997270 0.073829 0.001643 0.462403 0.336890 1 0 1.000000
  0 0.210588 8.543995 32.198498 0.049046 0.997788 0.044882 0.425687 0.336890 1 0 1.000000
  0 0.035756 8.569033 24.667400 -0.041798 0.994599 -0.095007 0.429801 0.492411 1 0 1.000000
suit
  0 -1.746429 6.909887 32.058353 -0.997270 0.073829 0.001643 0.462403 0.336890 1 0 1.000000
  0 0.035756 8.569033 24.667400 -0.041798 0.994599 -0.095007 0.429801 0.492411 1 0 1.000000
  0 -1.446682 7.101025 24.723007 -0.996843 -0.011308 -0.078594 0.458062 0.492411 1 0 1.000000
suit
  0 1.614846 6.700755 35.661915 0.967418 0.253179 -0.001565 0.335851 0.261464 1 0 1.000000
  0 0.424256 8.194345 35.793629 0.132574 0.932171 0.336870 0.365246 0.258568 1 0 1.000000
  0 0.701712 5.848107 38.376133 0.240873 0.608763 0.755903 0.316148 0.202288 1 0 1.000000
suit
  0 1.614846 6.700755 35.661915 0.967418 0.253179 -0.001565 0.335851 0.261464 1 0 1.000000
  0 0.701712 5.848107 38.376133 0.240873 0.608763 0.755903 0.316148 0.202288 1 0 1.000000
  0 1.964440 4.965012 36.895466 0.847721 0.486682 0.210972 0.301538 0.232382 1 0 1.000000
suit
  0 0.424256 8.194345 35.793629 0.132574 0.932171 0.336870 0.435884 0.258787 1 0 1.000000
  0 -1.535517 6.726303 36.333714 -0.821519 0.542713 0.174840 0.465733 0.257744 1 0 1.000000
  0 -1.553251 5.451139 37.785172 -0.586940 0.524505 0.616763 0.492956 0.235252 1 0 1.000000
suit
  0 0.424256 8.194345 35.793629 0.132574 0.932171 0.336870 0.435884 0.258787 1 0 1.000000
  0 -1.553251 5.451139 37.785172 -0.586940 0.524505 0.616763 0.492956 0.235252 1 0 1.000000
  0 0.701712 5.848107 38.376133 0.240873 0.608763 0.755903 0.485147 0.202318 1 0 1.000000
suit
  0 2.748902 3.744363 34.803055 0.821984 0.556997 -0.118727 0.278014 0.269083 1 0 1.000000
  0 2.136812 5.099184 35.726685 0.776638 0.463681 -0.426419 0.303662 0.255564 1 0 1.000000
  0 1.964440 4.965012 36.895466 0.847721 0.486682 0.210972 0.301538 0.232382 1 0 1.000000
suit
  0 0.648147 3.786376 38.985008 0.170506 0.308449 0.935835 0.524402 0.193376 1 0 1.000000
  0 0.701712 5.848107 38.376133 0.240873 0.608763 0.755903 0.485147 0.202318 1 0 1.000000
  0 -0.493464 4.867927 38.623947 -0.218875 0.399851 0.890064 0.503160 0.202858 1 0 1.000000
suit
  0 0.648147 3.786376 38.985008 0.170506 0.308449 0.935835 0.277024 0.193376 1 0 1.000000
  0 2.071149 4.416837 38.268444 0.678035 0.416587 0.605577 0.288922 0.204862 1 0 1.000000
  0 0.701712 5.848107 38.376133 0.240873 0.608763 0.755903 0.316148 0.202288 1 0 1.000000
suit
  0 3.049965 2.823226 37.956806 0.847710 0.334870 0.411400 0.255690 0.207960 1 0 1.000000
  0 2.748902 3.744363 34.803055 0.821984 0.556997 -0.118727 0.278014 0.269083 1 0 1.000000
  0 1.964440 4.965012 36.895466 0.847721 0.486682 0.210972 0.301538 0.232382 1 0 1.000000
suit
  0 1.614846 6.700755 35.661915 0.967418 0.253179 -0.001565 0.335851 0.261464 1 0 1.000000
  0 1.964440 4.965012 36.895466 0.847721 0.486682 0.210972 0.301538 0.232382 1 0 1.000000
  0 2.136812 5.099184 35.726685 0.776638 0.463681 -0.426419 0.303662 0.255564 1 0 1.000000
suit
  0 1.964440 4.965012 36.895466 0.847721 0.486682 0.210972 0.301538 0.232382 1 0 1.000000
  0 2.071149 4.416837 38.268444 0.678035 0.416587 0.605577 0.288922 0.204862 1 0 1.000000
  0 3.049965 2.823226 37.956806 0.847710 0.334870 0.411400 0.255690 0.207960 1 0 1.000000
suit
  0 -1.553251 5.451139 37.785172 -0.586940 0.524505 0.616763 0.492956 0.235252 1 0 1.000000
  0 -2.422179 2.098724 39.143169 -0.691234 0.253222 0.676812 0.555951 0.202511 1 0 1.000000
  0 -0.493464 4.867927 38.623947 -0.218875 0.399851 0.890064 0.503160 0.202858 1 0 1.000000
suit
  0 -0.475187 5.215235 35.490139 -0.534683 0.224388 -0.814717 0.498873 0.267217 1 0 1.000000
  0 -2.100692 5.717334 36.436039 -0.859892 0.434827 -0.267415 0.487211 0.258486 1 0 1.000000
  0 -1.535517 6.726303 36.333714 -0.821519 0.542713 0.174840 0.465733 0.257744 1 0 1.000000
suit
  0 3.049965 2.823226 37.956806 0.847710 0.334870 0.411400 0.255690 0.207960 1 0 1.000000
  0 2.071149 4.416837 38.268444 0.678035 0.416587 0.605577 0.288922 0.204862 1 0 1.000000
  0 0.648147 3.786376 38.985008 0.170506 0.308449 0.935835 0.277024 0.193376 1 0 1.000000
suit
  0 0.701712 5.848107 38.376133 0.240873 0.608763 0.755903 0.316148 0.202288 1 0 1.000000
  0 2.071149 4.416837 38.268444 0.678035 0.416587 0.605577 0.288922 0.204862 1 0 1.000000
  0 1.964440 4.965012 36.895466 0.847721 0.486682 0.210972 0.301538 0.232382 1 0 1.000000
suit
  0 0.701712 5.848107 38.376133 0.240873 0.608763 0.755903 0.485147 0.202318 1 0 1.000000
  0 -1.553251 5.451139 37.785172 -0.586940 0.524505 0.616763 0.492956 0.235252 1 0 1.000000
  0 -0.493464 4.867927 38.623947 -0.218875 0.399851 0.890064 0.503160 0.202858 1 0 1.000000
suit
  0 -2.422179 2.098724 39.143169 -0.691234 0.253222 0.676812 0.555951 0.202511 1 0 1.000000
  0 0.648147 3.786376 38.985008 0.170506 0.308449 0.935835 0.524402 0.193376 1 0 1.000000
  0 -0.493464 4.867927 38.623947 -0.218875 0.399851 0.890064 0.503160 0.202858 1 0 1.000000
suit
  0 -1.535517 6.726303 36.333714 -0.821519 0.542713 0.174840 0.465733 0.257744 1 0 1.000000
  0 -2.100692 5.717334 36.436039 -0.859892 0.434827 -0.267415 0.487211 0.258486 1 0 1.000000
  0 -1.553251 5.451139 37.785172 -0.586940 0.524505 0.616763 0.492956 0.235252 1 0 1.000000
suit
  0 -2.100692 5.717334 36.436039 -0.859892 0.434827 -0.267415 0.487211 0.258486 1 0 1.000000
  0 -0.475187 5.215235 35.490139 -0.534683 0.224388 -0.814717 0.498873 0.267217 1 0 1.000000
  0 -3.221855 3.175355 36.142971 -0.933239 0.357650 0.033931 0.533552 0.264035 1 0 1.000000
suit
  0 2.136812 5.099184 35.726685 0.776638 0.463681 -0.426419 0.303662 0.255564 1 0 1.000000
  0 2.748902 3.744363 34.803055 0.821984 0.556997 -0.118727 0.278014 0.269083 1 0 1.000000
  0 -0.475187 5.215235 35.490139 -0.534683 0.224388 -0.814717 0.302467 0.266969 1 0 1.000000
suit
  0 2.136812 5.099184 35.726685 0.776638 0.463681 -0.426419 0.303662 0.255564 1 0 1.000000
  0 -0.475187 5.215235 35.490139 -0.534683 0.224388 -0.814717 0.302467 0.266969 1 0 1.000000
  0 1.614846 6.700755 35.661915 0.967418 0.253179 -0.001565 0.335851 0.261464 1 0 1.000000
suit
  0 3.049965 2.823226 37.956806 0.847710 0.334870 0.411400 0.255690 0.207960 1 0 1.000000
  0 0.648147 3.786376 38.985008 0.170506 0.308449 0.935835 0.277024 0.193376 1 0 1.000000
  0 0.902241 2.084315 39.538383 0.676641 0.306061 0.669689 0.241897 0.179645 1 0 1.000000
suit
  0 3.049965 2.823226 37.956806 0.847710 0.334870 0.411400 0.255690 0.207960 1 0 1.000000
  0 0.902241 2.084315 39.538383 0.676641 0.306061 0.669689 0.241897 0.179645 1 0 1.000000
  0 1.910331 1.408714 39.169880 0.596188 0.305724 0.742356 0.227195 0.180781 1 0 1.000000
suit
  0 -1.705934 -3.945518 12.889703 -0.998143 -0.055296 0.025567 0.678173 0.739828 1 0 1.000000
  0 -2.531579 -3.926656 6.714520 -0.966556 -0.006793 0.256366 0.679999 0.889350 1 0 1.000000
  0 -0.797085 -5.758578 6.125055 -0.071976 -0.980183 0.184554 0.716715 0.889350 1 0 1.000000
suit
  0 -1.705934 -3.945518 12.889703 -0.998143 -0.055296 0.025567 0.678173 0.739828 1 0 1.000000
  0 -0.797085 -5.758578 6.125055 -0.071976 -0.980183 0.184554 0.716715 0.889350 1 0 1.000000
  0 0.027392 -6.185329 12.622790 0.007964 -0.999967 -0.001261 0.725685 0.746191 1 0 1.000000
suit
  0 0.027392 -6.185329 12.622790 0.007964 -0.999967 -0.001261 0.076415 0.744338 1 0 1.000000
  0 -0.797085 -5.758578 6.125055 -0.071976 -0.980183 0.184554 0.085355 0.887017 1 0 1.000000
  0 0.937408 -3.926656 5.535590 0.763355 0.000306 0.645979 0.121949 0.887017 1 0 1.000000
suit
  0 0.027392 -6.185329 12.622790 0.007964 -0.999967 -0.001261 0.076415 0.744338 1 0 1.000000
  0 0.937408 -3.926656 5.535590 0.763355 0.000306 0.645979 0.121949 0.887017 1 0 1.000000
  0 2.388873 -3.628815 12.636230 0.994497 -0.000943 -0.104761 0.123769 0.744338 1 0 1.000000
suit
  0 0.044269 -1.452593 12.586989 -0.034451 0.995687 -0.086147 0.630661 0.746191 1 0 1.000000
  0 -1.705934 -3.945518 12.889703 -0.998143 -0.055296 0.025567 0.678173 0.739828 1 0 1.000000
  0 -2.621673 -3.413606 22.897289 -0.884057 -0.373125 -0.281462 0.667827 0.529039 1 0 1.000000
suit
  0 0.044269 -1.452593 12.586989 -0.034451 0.995687 -0.086147 0.630661 0.746191 1 0 1.000000
  0 -2.621673 -3.413606 22.897289 -0.884057 -0.373125 -0.281462 0.667827 0.529039 1 0 1.000000
  0 0.034700 -0.785360 20.844465 -0.034587 0.579674 -0.814114 0.615703 0.576228 1 0 1.000000
suit
  0 0.027392 -6.185329 12.622790 0.007964 -0.999967 -0.001261 0.076415 0.744338 1 0 1.000000
  0 2.388873 -3.628815 12.636230 0.994497 -0.000943 -0.104761 0.123769 0.744338 1 0 1.000000
  0 2.750283 -3.283281 22.948883 0.929643 -0.329023 -0.165853 0.134080 0.527913 1 0 1.000000
suit
  0 0.027392 -6.185329 12.622790 0.007964 -0.999967 -0.001261 0.076415 0.744338 1 0 1.000000
  0 2.750283 -3.283281 22.948883 0.929643 -0.329023 -0.165853 0.134080 0.527913 1 0 1.000000
  0 -0.091076 -5.068717 27.710716 -0.046279 -0.997224 0.058336 0.099518 0.428038 1 0 1.000000
suit
  0 -1.705934 -3.945518 12.889703 -0.998143 -0.055296 0.025567 0.678173 0.739828 1 0 1.000000
  0 0.027392 -6.185329 12.622790 0.007964 -0.999967 -0.001261 0.725685 0.746191 1 0 1.000000
  0 -0.091076 -5.068717 27.710716 -0.046279 -0.997224 0.058336 0.702506 0.428827 1 0 1.000000
suit
  0 -1.705934 -3.945518 12.889703 -0.998143 -0.055296 0.025567 0.678173 0.739828 1 0 1.000000
  0 -0.091076 -5.068717 27.710716 -0.046279 -0.997224 0.058336 0.702506 0.428827 1 0 1.000000
  0 -2.621673 -3.413606 22.897289 -0.884057 -0.373125 -0.281462 0.667827 0.529039 1 0 1.000000
suit
  0 0.044269 -1.452593 12.586989 -0.034451 0.995687 -0.086147 0.630661 0.746191 1 0 1.000000
  0 -0.797086 -2.094734 6.125055 -0.090712 0.981622 0.167900 0.643282 0.889350 1 0 1.000000
  0 -2.531579 -3.926656 6.714520 -0.966556 -0.006793 0.256366 0.679999 0.889350 1 0 1.000000
suit
  0 0.044269 -1.452593 12.586989 -0.034451 0.995687 -0.086147 0.630661 0.746191 1 0 1.000000
  0 -2.531579 -3.926656 6.714520 -0.966556 -0.006793 0.256366 0.679999 0.889350 1 0 1.000000
  0 -1.705934 -3.945518 12.889703 -0.998143 -0.055296 0.025567 0.678173 0.739828 1 0 1.000000
suit
  0 2.388873 -3.628815 12.636230 0.994497 -0.000943 -0.104761 0.123769 0.744338 1 0 1.000000
  0 0.937408 -3.926656 5.535590 0.763355 0.000306 0.645979 0.121949 0.887017 1 0 1.000000
  0 -0.797086 -2.094734 6.125055 -0.090712 0.981622 0.167900 0.158543 0.887017 1 0 1.000000
suit
  0 2.388873 -3.628815 12.636230 0.994497 -0.000943 -0.104761 0.123769 0.744338 1 0 1.000000
  0 -0.797086 -2.094734 6.125055 -0.090712 0.981622 0.167900 0.158543 0.887017 1 0 1.000000
  0 0.044269 -1.452593 12.586989 -0.034451 0.995687 -0.086147 0.171122 0.744338 1 0 1.000000
suit
  0 2.388873 -3.628815 12.636230 0.994497 -0.000943 -0.104761 0.123769 0.744338 1 0 1.000000
  0 0.044269 -1.452593 12.586989 -0.034451 0.995687 -0.086147 0.171122 0.744338 1 0 1.000000
  0 0.034700 -0.785360 20.844465 -0.034587 0.579674 -0.814114 0.186029 0.574945 1 0 1.000000
suit
  0 2.388873 -3.628815 12.636230 0.994497 -0.000943 -0.104761 0.123769 0.744338 1 0 1.000000
  0 0.034700 -0.785360 20.844465 -0.034587 0.579674 -0.814114 0.186029 0.574945 1 0 1.000000
  0 2.750283 -3.283281 22.948883 0.929643 -0.329023 -0.165853 0.134080 0.527913 1 0 1.000000
suit
  0 2.750283 -3.283281 22.948883 0.929643 -0.329023 -0.165853 0.134080 0.527913 1 0 1.000000
  0 0.034700 -0.785360 20.844465 -0.034587 0.579674 -0.814114 0.186029 0.574945 1 0 1.000000
  0 0.055239 0.003874 20.705503 -0.002890 -0.023619 -0.999717 0.200386 0.574945 1 0 1.000000
suit
  0 2.750283 -3.283281 22.948883 0.929643 -0.329023 -0.165853 0.134080 0.527913 1 0 1.000000
  0 0.055239 0.003874 20.705503 -0.002890 -0.023619 -0.999717 0.200386 0.574945 1 0 1.000000
  0 2.712288 0.131779 23.121838 0.903656 0.002881 -0.428250 0.200386 0.527913 1 0 1.000000
suit
  0 -2.566629 0.043890 22.927069 -0.790149 -0.018102 -0.612647 0.601298 0.529039 1 0 1.000000
  0 0.055239 0.003874 20.705503 -0.002890 -0.023619 -0.999717 0.601298 0.576228 1 0 1.000000
  0 0.034700 -0.785360 20.844465 -0.034587 0.579674 -0.814114 0.615703 0.576228 1 0 1.000000
suit
  0 -2.566629 0.043890 22.927069 -0.790149 -0.018102 -0.612647 0.601298 0.529039 1 0 1.000000
  0 0.034700 -0.785360 20.844465 -0.034587 0.579674 -0.814114 0.615703 0.576228 1 0 1.000000
  0 -2.621673 -3.413606 22.897289 -0.884057 -0.373125 -0.281462 0.667827 0.529039 1 0 1.000000
suit
  0 2.750283 -3.283281 22.948883 0.929643 -0.329023 -0.165853 0.134080 0.527913 1 0 1.000000
  0 2.712288 0.131779 23.121838 0.903656 0.002881 -0.428250 0.200386 0.527913 1 0 1.000000
  0 3.278445 0.106488 27.664314 0.999478 0.011134 -0.030317 0.200386 0.430152 1 0 1.000000
suit
  0 2.750283 -3.283281 22.948883 0.929643 -0.329023 -0.165853 0.134080 0.527913 1 0 1.000000
  0 3.278445 0.106488 27.664314 0.999478 0.011134 -0.030317 0.200386 0.430152 1 0 1.000000
  0 2.692480 -3.920940 27.715471 0.778357 -0.627688 -0.012975 0.123971 0.430152 1 0 1.000000
suit
  0 2.750283 -3.283281 22.948883 0.929643 -0.329023 -0.165853 0.134080 0.527913 1 0 1.000000
  0 2.692480 -3.920940 27.715471 0.778357 -0.627688 -0.012975 0.123971 0.430152 1 0 1.000000
  0 -0.091076 -5.068717 27.710716 -0.046279 -0.997224 0.058336 0.099518 0.428038 1 0 1.000000
suit
  0 -2.566629 0.043890 22.927069 -0.790149 -0.018102 -0.612647 0.601298 0.529039 1 0 1.000000
  0 -2.621673 -3.413606 22.897289 -0.884057 -0.373125 -0.281462 0.667827 0.529039 1 0 1.000000
  0 -3.486391 -3.352850 24.735546 -0.843353 -0.508060 -0.175018 0.667827 0.491393 1 0 1.000000
suit
  0 -2.566629 0.043890 22.927069 -0.790149 -0.018102 -0.612647 0.601298 0.529039 1 0 1.000000
  0 -3.486391 -3.352850 24.735546 -0.843353 -0.508060 -0.175018 0.667827 0.491393 1 0 1.000000
  0 -3.443719 0.097811 24.756218 -0.979636 -0.009010 -0.200578 0.601298 0.491393 1 0 1.000000
suit
  0 -3.443719 0.097811 24.756218 -0.979636 -0.009010 -0.200578 0.601298 0.491393 1 0 1.000000
  0 -3.486391 -3.352850 24.735546 -0.843353 -0.508060 -0.175018 0.667827 0.491393 1 0 1.000000
  0 -3.370730 -3.214108 27.870157 -0.862172 -0.489324 0.131230 0.667827 0.428297 1 0 1.000000
suit
  0 -3.443719 0.097811 24.756218 -0.979636 -0.009010 -0.200578 0.601298 0.491393 1 0 1.000000
  0 -3.370730 -3.214108 27.870157 -0.862172 -0.489324 0.131230 0.667827 0.428297 1 0 1.000000
  0 -3.386318 0.116422 27.787706 -0.992232 -0.004907 0.124302 0.601298 0.428297 1 0 1.000000
suit
  0 -0.091076 -5.068717 27.710716 -0.046279 -0.997224 0.058336 0.702506 0.428827 1 0 1.000000
  0 -3.486391 -3.352850 24.735546 -0.843353 -0.508060 -0.175018 0.667827 0.491393 1 0 1.000000
  0 -2.621673 -3.413606 22.897289 -0.884057 -0.373125 -0.281462 0.667827 0.529039 1 0 1.000000
suit
  0 -3.486391 -3.352850 24.735546 -0.843353 -0.508060 -0.175018 0.667827 0.491393 1 0 1.000000
  0 -0.091076 -5.068717 27.710716 -0.046279 -0.997224 0.058336 0.702506 0.428827 1 0 1.000000
  0 -3.370730 -3.214108 27.870157 -0.862172 -0.489324 0.131230 0.667827 0.428297 1 0 1.000000
suit
  0 2.692480 -3.920940 27.715471 0.778357 -0.627688 -0.012975 0.123971 0.430152 1 0 1.000000
  0 3.278445 0.106488 27.664314 0.999478 0.011134 -0.030317 0.200386 0.430152 1 0 1.000000
  0 3.423715 0.065860 30.128187 0.999937 0.000091 -0.011193 0.200386 0.378153 1 0 1.000000
suit
  0 2.692480 -3.920940 27.715471 0.778357 -0.627688 -0.012975 0.123971 0.430152 1 0 1.000000
  0 3.423715 0.065860 30.128187 0.999937 0.000091 -0.011193 0.200386 0.378153 1 0 1.000000
  0 2.520989 -3.669513 30.029921 0.770648 -0.636749 0.025544 0.130036 0.378153 1 0 1.000000
suit
  0 -3.370730 -3.214108 27.870157 -0.862172 -0.489324 0.131230 0.667827 0.428297 1 0 1.000000
  0 -0.091076 -5.068717 27.710716 -0.046279 -0.997224 0.058336 0.702506 0.428827 1 0 1.000000
  0 0.041227 -4.700092 30.161098 -0.046788 -0.997803 0.046907 0.696420 0.376654 1 0 1.000000
suit
  0 -3.370730 -3.214108 27.870157 -0.862172 -0.489324 0.131230 0.667827 0.428297 1 0 1.000000
  0 0.041227 -4.700092 30.161098 -0.046788 -0.997803 0.046907 0.696420 0.376654 1 0 1.000000
  0 -2.720043 -3.161473 30.387522 -0.841322 -0.537667 0.055601 0.661742 0.374533 1 0 1.000000
suit
  0 -3.386318 0.116422 27.787706 -0.992232 -0.004907 0.124302 0.601298 0.428297 1 0 1.000000
  0 -3.370730 -3.214108 27.870157 -0.862172 -0.489324 0.131230 0.667827 0.428297 1 0 1.000000
  0 -2.720043 -3.161473 30.387522 -0.841322 -0.537667 0.055601 0.661742 0.374533 1 0 1.000000
suit
  0 -3.386318 0.116422 27.787706 -0.992232 -0.004907 0.124302 0.601298 0.428297 1 0 1.000000
  0 -2.720043 -3.161473 30.387522 -0.841322 -0.537667 0.055601 0.661742 0.374533 1 0 1.000000
  0 -2.852809 -0.043539 30.425049 -0.997846 -0.001883 0.065574 0.601298 0.374533 1 0 1.000000
suit
  0 2.692480 -3.920940 27.715471 0.778357 -0.627688 -0.012975 0.123971 0.430152 1 0 1.000000
  0 2.520989 -3.669513 30.029921 0.770648 -0.636749 0.025544 0.130036 0.378153 1 0 1.000000
  0 0.041227 -4.700092 30.161098 -0.046788 -0.997803 0.046907 0.105583 0.376039 1 0 1.000000
suit
  0 2.692480 -3.920940 27.715471 0.778357 -0.627688 -0.012975 0.123971 0.430152 1 0 1.000000
  0 0.041227 -4.700092 30.161098 -0.046788 -0.997803 0.046907 0.105583 0.376039 1 0 1.000000
  0 -0.091076 -5.068717 27.710716 -0.046279 -0.997224 0.058336 0.099518 0.428038 1 0 1.000000
suit
  0 -2.720043 -3.161473 30.387522 -0.841322 -0.537667 0.055601 0.661742 0.374533 1 0 1.000000
  0 0.041227 -4.700092 30.161098 -0.046788 -0.997803 0.046907 0.696420 0.376654 1 0 1.000000
  0 -0.396700 -4.934044 35.546452 -0.460657 -0.328262 -0.824645 0.703723 0.267217 1 0 1.000000
suit
  0 -2.720043 -3.161473 30.387522 -0.841322 -0.537667 0.055601 0.661742 0.374533 1 0 1.000000
  0 -0.396700 -4.934044 35.546452 -0.460657 -0.328262 -0.824645 0.703723 0.267217 1 0 1.000000
  0 -3.291908 -3.461766 36.303177 -0.924680 -0.378052 0.045214 0.669044 0.264035 1 0 1.000000
suit
  0 2.520989 -3.669513 30.029921 0.770648 -0.636749 0.025544 0.130036 0.378153 1 0 1.000000
  0 2.646137 -3.889005 35.005238 0.808592 -0.567149 -0.156592 0.122758 0.269083 1 0 1.000000
  0 -0.396700 -4.934044 35.546452 -0.460657 -0.328262 -0.824645 0.098305 0.266969 1 0 1.000000
suit
  0 2.520989 -3.669513 30.029921 0.770648 -0.636749 0.025544 0.130036 0.378153 1 0 1.000000
  0 -0.396700 -4.934044 35.546452 -0.460657 -0.328262 -0.824645 0.098305 0.266969 1 0 1.000000
  0 0.041227 -4.700092 30.161098 -0.046788 -0.997803 0.046907 0.105583 0.376039 1 0 1.000000
suit
  0 -2.852809 -0.043539 30.425049 -0.997846 -0.001883 0.065574 0.601298 0.374533 1 0 1.000000
  0 -2.720043 -3.161473 30.387522 -0.841322 -0.537667 0.055601 0.661742 0.374533 1 0 1.000000
  0 -3.291908 -3.461766 36.303177 -0.924680 -0.378052 0.045214 0.669044 0.264035 1 0 1.000000
suit
  0 -2.852809 -0.043539 30.425049 -0.997846 -0.001883 0.065574 0.601298 0.374533 1 0 1.000000
  0 -3.291908 -3.461766 36.303177 -0.924680 -0.378052 0.045214 0.669044 0.264035 1 0 1.000000
  0 -3.385134 0.066670 36.268627 -0.994264 0.003246 0.106905 0.601298 0.264035 1 0 1.000000
suit
  0 2.520989 -3.669513 30.029921 0.770648 -0.636749 0.025544 0.130036 0.378153 1 0 1.000000
  0 3.423715 0.065860 30.128187 0.999937 0.000091 -0.011193 0.200386 0.378153 1 0 1.000000
  0 3.482542 0.155468 35.013123 0.998526 0.008493 -0.053605 0.200386 0.269083 1 0 1.000000
suit
  0 2.520989 -3.669513 30.029921 0.770648 -0.636749 0.025544 0.130036 0.378153 1 0 1.000000
  0 3.482542 0.155468 35.013123 0.998526 0.008493 -0.053605 0.200386 0.269083 1 0 1.000000
  0 2.646137 -3.889005 35.005238 0.808592 -0.567149 -0.156592 0.122758 0.269083 1 0 1.000000
suit
  0 -3.291908 -3.461766 36.303177 -0.924680 -0.378052 0.045214 0.669044 0.264035 1 0 1.000000
  0 -2.146810 -5.804037 36.395195 -0.826150 -0.452931 -0.335157 0.715386 0.258486 1 0 1.000000
  0 -1.616790 -5.491226 37.759808 -0.577050 -0.531240 0.620320 0.709640 0.235252 1 0 1.000000
suit
  0 -2.311490 -2.312957 39.094967 -0.660671 -0.254112 0.706358 0.646646 0.202511 1 0 1.000000
  0 -3.291908 -3.461766 36.303177 -0.924680 -0.378052 0.045214 0.669044 0.264035 1 0 1.000000
  0 -1.616790 -5.491226 37.759808 -0.577050 -0.531240 0.620320 0.709640 0.235252 1 0 1.000000
suit
  0 -3.385134 0.066670 36.268627 -0.994264 0.003246 0.106905 0.601298 0.264035 1 0 1.000000
  0 -3.291908 -3.461766 36.303177 -0.924680 -0.378052 0.045214 0.669044 0.264035 1 0 1.000000
  0 -2.311490 -2.312957 39.094967 -0.660671 -0.254112 0.706358 0.646646 0.202511 1 0 1.000000
suit
  0 -3.385134 0.066670 36.268627 -0.994264 0.003246 0.106905 0.601298 0.264035 1 0 1.000000
  0 -2.311490 -2.312957 39.094967 -0.660671 -0.254112 0.706358 0.646646 0.202511 1 0 1.000000
  0 -2.562894 -0.100524 39.078274 -0.806192 -0.012881 0.591513 0.601298 0.202511 1 0 1.000000
suit
  0 2.646137 -3.889005 35.005238 0.808592 -0.567149 -0.156592 0.122758 0.269083 1 0 1.000000
  0 3.482542 0.155468 35.013123 0.998526 0.008493 -0.053605 0.200386 0.269083 1 0 1.000000
  0 3.756128 0.008373 37.834797 0.956816 0.016064 0.290251 0.200386 0.207960 1 0 1.000000
suit
  0 2.646137 -3.889005 35.005238 0.808592 -0.567149 -0.156592 0.122758 0.269083 1 0 1.000000
  0 3.756128 0.008373 37.834797 0.956816 0.016064 0.290251 0.200386 0.207960 1 0 1.000000
  0 3.182368 -2.801306 37.904331 0.858549 -0.345364 0.378968 0.145081 0.207960 1 0 1.000000
suit
  0 3.182368 -2.801306 37.904331 0.858549 -0.345364 0.378968 0.145081 0.207960 1 0 1.000000
  0 3.756128 0.008373 37.834797 0.956816 0.016064 0.290251 0.200386 0.207960 1 0 1.000000
  0 3.050457 -0.190117 39.254223 0.757232 -0.016964 0.652925 0.200386 0.181254 1 0 1.000000
suit
  0 3.182368 -2.801306 37.904331 0.858549 -0.345364 0.378968 0.145081 0.207960 1 0 1.000000
  0 3.050457 -0.190117 39.254223 0.757232 -0.016964 0.652925 0.200386 0.181254 1 0 1.000000
  0 2.104720 -1.330520 39.312649 0.619037 -0.338205 0.708809 0.173577 0.180781 1 0 1.000000
suit
  0 -2.311490 -2.312957 39.094967 -0.660671 -0.254112 0.706358 0.646646 0.202511 1 0 1.000000
  0 0.562390 -3.947629 38.897289 0.185366 -0.294776 0.937415 0.678194 0.193376 1 0 1.000000
  0 0.623621 -2.288531 39.561096 0.091267 -0.421534 0.902208 0.645824 0.179377 1 0 1.000000
suit
  0 -2.311490 -2.312957 39.094967 -0.660671 -0.254112 0.706358 0.646646 0.202511 1 0 1.000000
  0 0.623621 -2.288531 39.561096 0.091267 -0.421534 0.902208 0.645824 0.179377 1 0 1.000000
  0 -0.919852 -1.474795 39.951389 -0.342849 -0.300356 0.890079 0.629695 0.177878 1 0 1.000000
suit
  0 0.562390 -3.947629 38.897289 0.185366 -0.294776 0.937415 0.123748 0.193376 1 0 1.000000
  0 0.998512 -2.088877 39.506302 0.417425 -0.386546 0.822398 0.158874 0.179645 1 0 1.000000
  0 0.623621 -2.288531 39.561096 0.091267 -0.421534 0.902208 0.156009 0.179424 1 0 1.000000
suit
  0 -2.562894 -0.100524 39.078274 -0.806192 -0.012881 0.591513 0.601298 0.202511 1 0 1.000000
  0 -2.311490 -2.312957 39.094967 -0.660671 -0.254112 0.706358 0.646646 0.202511 1 0 1.000000
  0 -0.919852 -1.474795 39.951389 -0.342849 -0.300356 0.890079 0.629695 0.177878 1 0 1.000000
suit
  0 -2.562894 -0.100524 39.078274 -0.806192 -0.012881 0.591513 0.601298 0.202511 1 0 1.000000
  0 -0.919852 -1.474795 39.951389 -0.342849 -0.300356 0.890079 0.629695 0.177878 1 0 1.000000
  0 -1.393194 0.088045 40.008213 -0.547265 -0.010723 0.836891 0.601298 0.177452 1 0 1.000000
suit
  0 -1.516833 -6.823062 36.327122 -0.818922 -0.536271 0.204400 0.736863 0.257744 1 0 1.000000
  0 -1.863827 -6.943767 32.159203 -0.997505 -0.070514 -0.003246 0.740193 0.336890 1 0 1.000000
  0 0.062916 -8.546849 32.108112 0.018616 -0.999489 0.025968 0.776910 0.336890 1 0 1.000000
suit
  0 -1.516833 -6.823062 36.327122 -0.818922 -0.536271 0.204400 0.736863 0.257744 1 0 1.000000
  0 0.062916 -8.546849 32.108112 0.018616 -0.999489 0.025968 0.776910 0.336890 1 0 1.000000
  0 0.375632 -8.405675 35.787415 0.117336 -0.934041 0.337342 0.766712 0.258787 1 0 1.000000
suit
  0 0.375632 -8.405675 35.787415 0.117336 -0.934041 0.337342 0.035526 0.258568 1 0 1.000000
  0 0.062916 -8.546849 32.108112 0.018616 -0.999489 0.025968 0.025363 0.336408 1 0 1.000000
  0 1.801324 -6.929322 32.127239 0.999871 -0.003181 -0.015729 0.061957 0.336408 1 0 1.000000
suit
  0 0.375632 -8.405675 35.787415 0.117336 -0.934041 0.337342 0.035526 0.258568 1 0 1.000000
  0 1.801324 -6.929322 32.127239 0.999871 -0.003181 -0.015729 0.061957 0.336408 1 0 1.000000
  0 1.756627 -6.727604 35.472980 0.972731 -0.231726 -0.009896 0.064921 0.261464 1 0 1.000000
suit
  0 -0.396700 -4.934044 35.546452 -0.460657 -0.328262 -0.824645 0.703723 0.267217 1 0 1.000000
  0 0.023736 -5.023196 31.584949 -0.001231 0.998353 -0.057361 0.701931 0.350196 1 0 1.000000
  0 -1.863827 -6.943767 32.159203 -0.997505 -0.070514 -0.003246 0.740193 0.336890 1 0 1.000000
suit
  0 -0.396700 -4.934044 35.546452 -0.460657 -0.328262 -0.824645 0.703723 0.267217 1 0 1.000000
  0 -1.863827 -6.943767 32.159203 -0.997505 -0.070514 -0.003246 0.740193 0.336890 1 0 1.000000
  0 -1.516833 -6.823062 36.327122 -0.818922 -0.536271 0.204400 0.736863 0.257744 1 0 1.000000
suit
  0 1.756627 -6.727604 35.472980 0.972731 -0.231726 -0.009896 0.064921 0.261464 1 0 1.000000
  0 1.801324 -6.929322 32.127239 0.999871 -0.003181 -0.015729 0.061957 0.336408 1 0 1.000000
  0 0.023736 -5.023196 31.584949 -0.001231 0.998353 -0.057361 0.100090 0.349670 1 0 1.000000
suit
  0 1.756627 -6.727604 35.472980 0.972731 -0.231726 -0.009896 0.064921 0.261464 1 0 1.000000
  0 0.023736 -5.023196 31.584949 -0.001231 0.998353 -0.057361 0.100090 0.349670 1 0 1.000000
  0 -0.396700 -4.934044 35.546452 -0.460657 -0.328262 -0.824645 0.098305 0.266969 1 0 1.000000
suit
  0 0.062916 -8.546849 32.108112 0.018616 -0.999489 0.025968 0.025363 0.336408 1 0 1.000000
  0 -0.028948 -8.591884 24.676775 -0.068648 -0.990691 -0.117555 0.029464 0.491409 1 0 1.000000
  0 1.421932 -7.207909 24.699129 0.994588 -0.099930 0.028449 0.057630 0.491409 1 0 1.000000
suit
  0 0.062916 -8.546849 32.108112 0.018616 -0.999489 0.025968 0.025363 0.336408 1 0 1.000000
  0 1.421932 -7.207909 24.699129 0.994588 -0.099930 0.028449 0.057630 0.491409 1 0 1.000000
  0 1.801324 -6.929322 32.127239 0.999871 -0.003181 -0.015729 0.061957 0.336408 1 0 1.000000
suit
  0 1.801324 -6.929322 32.127239 0.999871 -0.003181 -0.015729 0.061957 0.336408 1 0 1.000000
  0 1.421932 -7.207909 24.699129 0.994588 -0.099930 0.028449 0.057630 0.491409 1 0 1.000000
  0 0.007685 -5.771980 24.748203 0.012266 0.998735 0.048773 0.085796 0.491409 1 0 1.000000
suit
  0 1.801324 -6.929322 32.127239 0.999871 -0.003181 -0.015729 0.061957 0.336408 1 0 1.000000
  0 0.007685 -5.771980 24.748203 0.012266 0.998735 0.048773 0.085796 0.491409 1 0 1.000000
  0 0.023736 -5.023196 31.584949 -0.001231 0.998353 -0.057361 0.100090 0.349670 1 0 1.000000
suit
  0 0.023736 -5.023196 31.584949 -0.001231 0.998353 -0.057361 0.701931 0.350196 1 0 1.000000
  0 0.007685 -5.771980 24.748203 0.012266 0.998735 0.048773 0.716273 0.492411 1 0 1.000000
  0 -1.421157 -7.145172 24.738487 -0.995315 -0.006324 -0.096478 0.744534 0.492411 1 0 1.000000
suit
  0 0.023736 -5.023196 31.584949 -0.001231 0.998353 -0.057361 0.701931 0.350196 1 0 1.000000
  0 -1.421157 -7.145172 24.738487 -0.995315 -0.006324 -0.096478 0.744534 0.492411 1 0 1.000000
  0 -1.863827 -6.943767 32.159203 -0.997505 -0.070514 -0.003246 0.740193 0.336890 1 0 1.000000
suit
  0 -1.863827 -6.943767 32.159203 -0.997505 -0.070514 -0.003246 0.740193 0.336890 1 0 1.000000
  0 -1.421157 -7.145172 24.738487 -0.995315 -0.006324 -0.096478 0.744534 0.492411 1 0 1.000000
  0 -0.028948 -8.591884 24.676775 -0.068648 -0.990691 -0.117555 0.772795 0.492411 1 0 1.000000
suit
  0 -1.863827 -6.943767 32.159203 -0.997505 -0.070514 -0.003246 0.740193 0.336890 1 0 1.000000
  0 -0.028948 -8.591884 24.676775 -0.068648 -0.990691 -0.117555 0.772795 0.492411 1 0 1.000000
  0 0.062916 -8.546849 32.108112 0.018616 -0.999489 0.025968 0.776910 0.336890 1 0 1.000000
suit
  0 1.756627 -6.727604 35.472980 0.972731 -0.231726 -0.009896 0.064921 0.261464 1 0 1.000000
  0 1.994211 -5.115301 36.989765 0.834091 -0.497021 0.239295 0.099234 0.232382 1 0 1.000000
  0 0.670210 -5.753448 38.353191 0.245533 -0.595986 0.764536 0.084624 0.202288 1 0 1.000000
suit
  0 1.756627 -6.727604 35.472980 0.972731 -0.231726 -0.009896 0.064921 0.261464 1 0 1.000000
  0 0.670210 -5.753448 38.353191 0.245533 -0.595986 0.764536 0.084624 0.202288 1 0 1.000000
  0 0.375632 -8.405675 35.787415 0.117336 -0.934041 0.337342 0.035526 0.258568 1 0 1.000000
suit
  0 0.375632 -8.405675 35.787415 0.117336 -0.934041 0.337342 0.766712 0.258787 1 0 1.000000
  0 0.670210 -5.753448 38.353191 0.245533 -0.595986 0.764536 0.717450 0.202318 1 0 1.000000
  0 -1.616790 -5.491226 37.759808 -0.577050 -0.531240 0.620320 0.709640 0.235252 1 0 1.000000
suit
  0 0.375632 -8.405675 35.787415 0.117336 -0.934041 0.337342 0.766712 0.258787 1 0 1.000000
  0 -1.616790 -5.491226 37.759808 -0.577050 -0.531240 0.620320 0.709640 0.235252 1 0 1.000000
  0 -1.516833 -6.823062 36.327122 -0.818922 -0.536271 0.204400 0.736863 0.257744 1 0 1.000000
suit
  0 2.646137 -3.889005 35.005238 0.808592 -0.567149 -0.156592 0.122758 0.269083 1 0 1.000000
  0 1.994211 -5.115301 36.989765 0.834091 -0.497021 0.239295 0.099234 0.232382 1 0 1.000000
  0 2.155137 -5.092917 35.688587 0.762300 -0.380188 -0.523790 0.097109 0.255564 1 0 1.000000
suit
  0 0.562390 -3.947629 38.897289 0.185366 -0.294776 0.937415 0.678194 0.193376 1 0 1.000000
  0 -0.370166 -4.991168 38.706116 -0.162254 -0.427153 0.889502 0.699436 0.202858 1 0 1.000000
  0 0.670210 -5.753448 38.353191 0.245533 -0.595986 0.764536 0.717450 0.202318 1 0 1.000000
suit
  0 0.562390 -3.947629 38.897289 0.185366 -0.294776 0.937415 0.123748 0.193376 1 0 1.000000
  0 0.670210 -5.753448 38.353191 0.245533 -0.595986 0.764536 0.084624 0.202288 1 0 1.000000
  0 2.053166 -4.515777 38.172066 0.641623 -0.430274 0.634968 0.111849 0.204862 1 0 1.000000
suit
  0 3.182368 -2.801306 37.904331 0.858549 -0.345364 0.378968 0.145081 0.207960 1 0 1.000000
  0 1.994211 -5.115301 36.989765 0.834091 -0.497021 0.239295 0.099234 0.232382 1 0 1.000000
  0 2.646137 -3.889005 35.005238 0.808592 -0.567149 -0.156592 0.122758 0.269083 1 0 1.000000
suit
  0 1.756627 -6.727604 35.472980 0.972731 -0.231726 -0.009896 0.064921 0.261464 1 0 1.000000
  0 2.155137 -5.092917 35.688587 0.762300 -0.380188 -0.523790 0.097109 0.255564 1 0 1.000000
  0 1.994211 -5.115301 36.989765 0.834091 -0.497021 0.239295 0.099234 0.232382 1 0 1.000000
suit
  0 1.994211 -5.115301 36.989765 0.834091 -0.497021 0.239295 0.099234 0.232382 1 0 1.000000
  0 3.182368 -2.801306 37.904331 0.858549 -0.345364 0.378968 0.145081 0.207960 1 0 1.000000
  0 2.053166 -4.515777 38.172066 0.641623 -0.430274 0.634968 0.111849 0.204862 1 0 1.000000
suit
  0 -1.616790 -5.491226 37.759808 -0.577050 -0.531240 0.620320 0.709640 0.235252 1 0 1.000000
  0 -0.370166 -4.991168 38.706116 -0.162254 -0.427153 0.889502 0.699436 0.202858 1 0 1.000000
  0 -2.311490 -2.312957 39.094967 -0.660671 -0.254112 0.706358 0.646646 0.202511 1 0 1.000000
suit
  0 -0.396700 -4.934044 35.546452 -0.460657 -0.328262 -0.824645 0.703723 0.267217 1 0 1.000000
  0 -1.516833 -6.823062 36.327122 -0.818922 -0.536271 0.204400 0.736863 0.257744 1 0 1.000000
  0 -2.146810 -5.804037 36.395195 -0.826150 -0.452931 -0.335157 0.715386 0.258486 1 0 1.000000
suit
  0 3.182368 -2.801306 37.904331 0.858549 -0.345364 0.378968 0.145081 0.207960 1 0 1.000000
  0 0.562390 -3.947629 38.897289 0.185366 -0.294776 0.937415 0.123748 0.193376 1 0 1.000000
  0 2.053166 -4.515777 38.172066 0.641623 -0.430274 0.634968 0.111849 0.204862 1 0 1.000000
suit
  0 0.670210 -5.753448 38.353191 0.245533 -0.595986 0.764536 0.084624 0.202288 1 0 1.000000
  0 1.994211 -5.115301 36.989765 0.834091 -0.497021 0.239295 0.099234 0.232382 1 0 1.000000
  0 2.053166 -4.515777 38.172066 0.641623 -0.430274 0.634968 0.111849 0.204862 1 0 1.000000
suit
  0 0.670210 -5.753448 38.353191 0.245533 -0.595986 0.764536 0.717450 0.202318 1 0 1.000000
  0 -0.370166 -4.991168 38.706116 -0.162254 -0.427153 0.889502 0.699436 0.202858 1 0 1.000000
  0 -1.616790 -5.491226 37.759808 -0.577050 -0.531240 0.620320 0.709640 0.235252 1 0 1.000000
suit
  0 -2.311490 -2.312957 39.094967 -0.660671 -0.254112 0.706358 0.646646 0.202511 1 0 1.000000
  0 -0.370166 -4.991168 38.706116 -0.162254 -0.427153 0.889502 0.699436 0.202858 1 0 1.000000
  0 0.562390 -3.947629 38.897289 0.185366 -0.294776 0.937415 0.678194 0.193376 1 0 1.000000
suit
  0 -1.516833 -6.823062 36.327122 -0.818922 -0.536271 0.204400 0.736863 0.257744 1 0 1.000000
  0 -1.616790 -5.491226 37.759808 -0.577050 -0.531240 0.620320 0.709640 0.235252 1 0 1.000000
  0 -2.146810 -5.804037 36.395195 -0.826150 -0.452931 -0.335157 0.715386 0.258486 1 0 1.000000
suit
  0 -2.146810 -5.804037 36.395195 -0.826150 -0.452931 -0.335157 0.715386 0.258486 1 0 1.000000
  0 -3.291908 -3.461766 36.303177 -0.924680 -0.378052 0.045214 0.669044 0.264035 1 0 1.000000
  0 -0.396700 -4.934044 35.546452 -0.460657 -0.328262 -0.824645 0.703723 0.267217 1 0 1.000000
suit
  0 2.155137 -5.092917 35.688587 0.762300 -0.380188 -0.523790 0.097109 0.255564 1 0 1.000000
  0 -0.396700 -4.934044 35.546452 -0.460657 -0.328262 -0.824645 0.098305 0.266969 1 0 1.000000
  0 2.646137 -3.889005 35.005238 0.808592 -0.567149 -0.156592 0.122758 0.269083 1 0 1.000000
suit
  0 2.155137 -5.092917 35.688587 0.762300 -0.380188 -0.523790 0.097109 0.255564 1 0 1.000000
  0 1.756627 -6.727604 35.472980 0.972731 -0.231726 -0.009896 0.064921 0.261464 1 0 1.000000
  0 -0.396700 -4.934044 35.546452 -0.460657 -0.328262 -0.824645 0.098305 0.266969 1 0 1.000000
suit
  0 -0.755821 1.531473 46.530613 -0.572980 0.458717 0.679171 0.492023 0.130204 1 0 1.000000
  0 -0.755821 -1.531473 46.530613 -0.572979 -0.458717 0.679171 0.492023 0.043204 1 0 1.000000
  0 2.325946 -0.000000 46.628620 0.221074 -0.000000 0.975257 0.407912 0.086704 1 0 1.000000
suit
  0 -1.881806 1.531473 41.563358 -0.823467 0.525854 0.213026 0.825023 0.913822 1 0 1.000000
  0 -0.755821 1.531473 46.530613 -0.572980 0.458717 0.679171 0.973631 0.913822 1 0 1.000000
  0 2.154199 2.674083 45.870964 0.124281 0.827022 0.548260 0.973631 0.980841 1 0 1.000000
suit
  0 -1.881806 1.531473 41.563358 -0.823467 0.525854 0.213026 0.825023 0.913822 1 0 1.000000
  0 2.154199 2.674083 45.870964 0.124281 0.827022 0.548260 0.973631 0.980841 1 0 1.000000
  0 1.028213 3.062946 40.903709 0.005231 0.997534 0.069996 0.825023 0.980841 1 0 1.000000
suit
  0 -1.881806 -1.531473 41.563358 -0.823466 -0.525855 0.213026 0.825023 0.913822 1 0 1.000000
  0 -0.755821 -1.531473 46.530613 -0.572979 -0.458717 0.679171 0.973631 0.913822 1 0 1.000000
  0 -0.755821 1.531473 46.530613 -0.572980 0.458717 0.679171 0.973631 0.846802 1 0 1.000000
suit
  0 -1.881806 -1.531473 41.563358 -0.823466 -0.525855 0.213026 0.825023 0.913822 1 0 1.000000
  0 -0.755821 1.531473 46.530613 -0.572980 0.458717 0.679171 0.973631 0.846802 1 0 1.000000
  0 -1.881806 1.531473 41.563358 -0.823467 0.525854 0.213026 0.825023 0.846802 1 0 1.000000
suit
  0 1.028213 -3.062946 40.903709 0.005232 -0.997534 0.069996 0.825023 0.779783 1 0 1.000000
  0 2.154199 -2.674083 45.870964 0.124281 -0.827022 0.548260 0.973631 0.779783 1 0 1.000000
  0 -0.755821 -1.531473 46.530613 -0.572979 -0.458717 0.679171 0.973631 0.846802 1 0 1.000000
suit
  0 1.028213 -3.062946 40.903709 0.005232 -0.997534 0.069996 0.825023 0.779783 1 0 1.000000
  0 -0.755821 -1.531473 46.530613 -0.572979 -0.458717 0.679171 0.973631 0.846802 1 0 1.000000
  0 -1.881806 -1.531473 41.563358 -0.823466 -0.525855 0.213026 0.825023 0.846802 1 0 1.000000
suit
  0 3.938233 -1.531473 40.244061 0.830141 -0.555586 -0.046810 0.825023 0.712763 1 0 1.000000
  0 5.064219 -1.531473 45.211315 0.809835 -0.458717 0.365712 0.973631 0.712763 1 0 1.000000
  0 2.154199 -2.674083 45.870964 0.124281 -0.827022 0.548260 0.973631 0.779783 1 0 1.000000
suit
  0 3.938233 -1.531473 40.244061 0.830141 -0.555586 -0.046810 0.825023 0.712763 1 0 1.000000
  0 2.154199 -2.674083 45.870964 0.124281 -0.827022 0.548260 0.973631 0.779783 1 0 1.000000
  0 1.028213 -3.062946 40.903709 0.005232 -0.997534 0.069996 0.825023 0.779783 1 0 1.000000
suit
  0 3.938233 1.531473 40.244061 0.830141 0.555586 -0.046810 0.825023 0.712763 1 0 1.000000
  0 5.064219 1.531473 45.211315 0.809836 0.458717 0.365712 0.973631 0.712764 1 0 1.000000
  0 5.064219 -1.531473 45.211315 0.809835 -0.458717 0.365712 0.973631 0.645744 1 0 1.000000
suit
  0 3.938233 1.531473 40.244061 0.830141 0.555586 -0.046810 0.825023 0.712763 1 0 1.000000
  0 5.064219 -1.531473 45.211315 0.809835 -0.458717 0.365712 0.973631 0.645744 1 0 1.000000
  0 3.938233 -1.531473 40.244061 0.830141 -0.555586 -0.046810 0.825023 0.645744 1 0 1.000000
suit
  0 3.182368 -2.801306 37.904331 0.858549 -0.345364 0.378968 0.145081 0.207960 1 0 1.000000
  0 2.104720 -1.330520 39.312649 0.619037 -0.338205 0.708809 0.173577 0.180781 1 0 1.000000
  0 0.998512 -2.088877 39.506302 0.417425 -0.386546 0.822398 0.158874 0.179645 1 0 1.000000
suit
  0 3.182368 -2.801306 37.904331 0.858549 -0.345364 0.378968 0.145081 0.207960 1 0 1.000000
  0 0.998512 -2.088877 39.506302 0.417425 -0.386546 0.822398 0.158874 0.179645 1 0 1.000000
  0 0.562390 -3.947629 38.897289 0.185366 -0.294776 0.937415 0.123748 0.193376 1 0 1.000000
suit
  0 1.028213 3.062946 40.903709 0.005231 0.997534 0.069996 0.825023 0.578725 1 0 1.000000
  0 2.154199 2.674083 45.870964 0.124281 0.827022 0.548260 0.973631 0.578725 1 0 1.000000
  0 5.064219 1.531473 45.211315 0.809836 0.458717 0.365712 0.973631 0.645744 1 0 1.000000
suit
  0 1.028213 3.062946 40.903709 0.005231 0.997534 0.069996 0.825023 0.578725 1 0 1.000000
  0 5.064219 1.531473 45.211315 0.809836 0.458717 0.365712 0.973631 0.645744 1 0 1.000000
  0 3.938233 1.531473 40.244061 0.830141 0.555586 -0.046810 0.825023 0.645744 1 0 1.000000
suit
  0 1.403972 7.131817 24.705946 0.997489 0.064626 0.028970 0.343142 0.491409 1 0 1.000000
  0 0.051171 5.785342 24.763283 0.020002 -0.998845 0.043684 0.314976 0.491409 1 0 1.000000
  0 -0.287381 5.640581 23.938957 -0.291652 -0.955030 0.053447 0.313237 0.507545 1 0 1.000000
suit
  0 1.403972 7.131817 24.705946 0.997489 0.064626 0.028970 0.343142 0.491409 1 0 1.000000
  0 -0.287381 5.640581 23.938957 -0.291652 -0.955030 0.053447 0.313237 0.507545 1 0 1.000000
  0 1.479870 6.620988 23.927368 0.944892 -0.316719 0.082878 0.333347 0.507690 1 0 1.000000
suit
  0 0.035756 8.569033 24.667400 -0.041798 0.994599 -0.095007 0.371308 0.491409 1 0 1.000000
  0 1.403972 7.131817 24.705946 0.997489 0.064626 0.028970 0.343142 0.491409 1 0 1.000000
  0 1.479870 6.620988 23.927368 0.944892 -0.316719 0.082878 0.333347 0.507690 1 0 1.000000
suit
  0 0.035756 8.569033 24.667400 -0.041798 0.994599 -0.095007 0.371308 0.491409 1 0 1.000000
  0 1.479870 6.620988 23.927368 0.944892 -0.316719 0.082878 0.333347 0.507690 1 0 1.000000
  0 0.483269 8.367572 23.931770 0.319738 0.942590 -0.096391 0.367730 0.507898 1 0 1.000000
suit
  0 -1.446682 7.101025 24.723007 -0.996843 -0.011308 -0.078594 0.458062 0.492411 1 0 1.000000
  0 0.035756 8.569033 24.667400 -0.041798 0.994599 -0.095007 0.429801 0.492411 1 0 1.000000
  0 0.483269 8.367572 23.931770 0.319738 0.942590 -0.096391 0.433391 0.508956 1 0 1.000000
suit
  0 -1.446682 7.101025 24.723007 -0.996843 -0.011308 -0.078594 0.458062 0.492411 1 0 1.000000
  0 0.483269 8.367572 23.931770 0.319738 0.942590 -0.096391 0.433391 0.508956 1 0 1.000000
  0 -1.232581 7.401213 23.965902 -0.950190 0.284117 -0.128130 0.453569 0.508811 1 0 1.000000
suit
  0 0.051171 5.785342 24.763283 0.020002 -0.998845 0.043684 0.486323 0.492411 1 0 1.000000
  0 -1.446682 7.101025 24.723007 -0.996843 -0.011308 -0.078594 0.458062 0.492411 1 0 1.000000
  0 -1.232581 7.401213 23.965902 -0.950190 0.284117 -0.128130 0.453569 0.508811 1 0 1.000000
suit
  0 0.051171 5.785342 24.763283 0.020002 -0.998845 0.043684 0.486323 0.492411 1 0 1.000000
  0 -1.232581 7.401213 23.965902 -0.950190 0.284117 -0.128130 0.453569 0.508811 1 0 1.000000
  0 -0.287381 5.640581 23.938957 -0.291652 -0.955030 0.053447 0.488068 0.508602 1 0 1.000000
suit
  0 -1.232581 7.401213 23.965902 -0.950190 0.284117 -0.128130 0.453569 0.508811 1 0 1.000000
  0 0.483269 8.367572 23.931770 0.319738 0.942590 -0.096391 0.433391 0.508956 1 0 1.000000
  0 0.510506 8.236110 21.957083 0.251826 0.863848 -0.436292 0.437378 0.551586 1 0 1.000000
suit
  0 -1.232581 7.401213 23.965902 -0.950190 0.284117 -0.128130 0.453569 0.508811 1 0 1.000000
  0 0.510506 8.236110 21.957083 0.251826 0.863848 -0.436292 0.437378 0.551586 1 0 1.000000
  0 -1.123794 7.255316 21.914183 -0.957553 0.212030 -0.195286 0.455883 0.551453 1 0 1.000000
suit
  0 -0.287381 5.640581 23.938957 -0.291652 -0.955030 0.053447 0.488068 0.508602 1 0 1.000000
  0 -1.232581 7.401213 23.965902 -0.950190 0.284117 -0.128130 0.453569 0.508811 1 0 1.000000
  0 -1.123794 7.255316 21.914183 -0.957553 0.212030 -0.195286 0.455883 0.551453 1 0 1.000000
suit
  0 -0.287381 5.640581 23.938957 -0.291652 -0.955030 0.053447 0.488068 0.508602 1 0 1.000000
  0 -1.123794 7.255316 21.914183 -0.957553 0.212030 -0.195286 0.455883 0.551453 1 0 1.000000
  0 -0.199551 5.675543 21.923285 -0.239875 -0.873020 -0.424613 0.487520 0.551262 1 0 1.000000
suit
  0 1.479870 6.620988 23.927368 0.944892 -0.316719 0.082878 0.333347 0.507690 1 0 1.000000
  0 -0.287381 5.640581 23.938957 -0.291652 -0.955030 0.053447 0.313237 0.507545 1 0 1.000000
  0 -0.199551 5.675543 21.923285 -0.239875 -0.873020 -0.424613 0.313782 0.550062 1 0 1.000000
suit
  0 1.479870 6.620988 23.927368 0.944892 -0.316719 0.082878 0.333347 0.507690 1 0 1.000000
  0 -0.199551 5.675543 21.923285 -0.239875 -0.873020 -0.424613 0.313782 0.550062 1 0 1.000000
  0 1.408887 6.561819 21.847225 0.954634 -0.272302 -0.120522 0.332225 0.550195 1 0 1.000000
suit
  0 0.483269 8.367572 23.931770 0.319738 0.942590 -0.096391 0.367730 0.507898 1 0 1.000000
  0 1.479870 6.620988 23.927368 0.944892 -0.316719 0.082878 0.333347 0.507690 1 0 1.000000
  0 1.408887 6.561819 21.847225 0.954634 -0.272302 -0.120522 0.332225 0.550195 1 0 1.000000
suit
  0 0.483269 8.367572 23.931770 0.319738 0.942590 -0.096391 0.367730 0.507898 1 0 1.000000
  0 1.408887 6.561819 21.847225 0.954634 -0.272302 -0.120522 0.332225 0.550195 1 0 1.000000
  0 0.510506 8.236110 21.957083 0.251826 0.863848 -0.436292 0.363756 0.550385 1 0 1.000000
suit
  0 0.510506 8.236110 21.957083 0.251826 0.863848 -0.436292 0.930252 0.555576 1 0 1.000000
  0 1.311975 6.560833 21.445366 0.665883 -0.226091 -0.710973 0.855787 0.472156 1 0 1.000000
  0 -0.933893 7.300892 21.414036 -0.613455 0.242891 -0.751450 0.994744 0.473375 1 0 1.000000
suit
  0 -0.933893 7.300892 21.414036 -0.613455 0.242891 -0.751450 0.994744 0.473375 1 0 1.000000
  0 1.311975 6.560833 21.445366 0.665883 -0.226091 -0.710973 0.855787 0.472156 1 0 1.000000
  0 -0.199551 5.675543 21.923285 -0.239875 -0.873020 -0.424613 0.920195 0.389616 1 0 1.000000
suit
  0 0.510506 8.236110 21.957083 0.251826 0.863848 -0.436292 0.363756 0.550385 1 0 1.000000
  0 1.408887 6.561819 21.847225 0.954634 -0.272302 -0.120522 0.332225 0.550195 1 0 1.000000
  0 1.311975 6.560833 21.445366 0.665883 -0.226091 -0.710973 0.332225 0.560898 1 0 1.000000
suit
  0 -0.199551 5.675543 21.923285 -0.239875 -0.873020 -0.424613 0.313782 0.550062 1 0 1.000000
  0 1.311975 6.560833 21.445366 0.665883 -0.226091 -0.710973 0.332225 0.560898 1 0 1.000000
  0 1.408887 6.561819 21.847225 0.954634 -0.272302 -0.120522 0.332225 0.550195 1 0 1.000000
suit
  0 -1.123794 7.255316 21.914183 -0.957553 0.212030 -0.195286 0.455883 0.551453 1 0 1.000000
  0 0.510506 8.236110 21.957083 0.251826 0.863848 -0.436292 0.437378 0.551586 1 0 1.000000
  0 -0.933893 7.300892 21.414036 -0.613455 0.242891 -0.751450 0.455883 0.562193 1 0 1.000000
suit
  0 -0.199551 5.675543 21.923285 -0.239875 -0.873020 -0.424613 0.487520 0.551262 1 0 1.000000
  0 -1.123794 7.255316 21.914183 -0.957553 0.212030 -0.195286 0.455883 0.551453 1 0 1.000000
  0 -0.933893 7.300892 21.414036 -0.613455 0.242891 -0.751450 0.455883 0.562193 1 0 1.000000
suit
  0 1.421932 -7.207909 24.699129 0.994588 -0.099930 0.028449 0.057630 0.491409 1 0 1.000000
  0 1.489212 -6.660564 23.941446 0.948068 0.308593 0.077057 0.067425 0.507690 1 0 1.000000
  0 -0.291902 -5.674330 23.965090 -0.286236 0.956048 0.063562 0.087535 0.507545 1 0 1.000000
suit
  0 1.421932 -7.207909 24.699129 0.994588 -0.099930 0.028449 0.057630 0.491409 1 0 1.000000
  0 -0.291902 -5.674330 23.965090 -0.286236 0.956048 0.063562 0.087535 0.507545 1 0 1.000000
  0 0.007685 -5.771980 24.748203 0.012266 0.998735 0.048773 0.085796 0.491409 1 0 1.000000
suit
  0 -0.028948 -8.591884 24.676775 -0.068648 -0.990691 -0.117555 0.029464 0.491409 1 0 1.000000
  0 0.465242 -8.389003 23.929264 0.306362 -0.943792 -0.124094 0.033042 0.507898 1 0 1.000000
  0 1.489212 -6.660564 23.941446 0.948068 0.308593 0.077057 0.067425 0.507690 1 0 1.000000
suit
  0 -0.028948 -8.591884 24.676775 -0.068648 -0.990691 -0.117555 0.029464 0.491409 1 0 1.000000
  0 1.489212 -6.660564 23.941446 0.948068 0.308593 0.077057 0.067425 0.507690 1 0 1.000000
  0 1.421932 -7.207909 24.699129 0.994588 -0.099930 0.028449 0.057630 0.491409 1 0 1.000000
suit
  0 -1.421157 -7.145172 24.738487 -0.995315 -0.006324 -0.096478 0.744534 0.492411 1 0 1.000000
  0 -1.233170 -7.364867 23.943171 -0.959487 -0.244713 -0.139642 0.749027 0.508811 1 0 1.000000
  0 0.465242 -8.389003 23.929264 0.306362 -0.943792 -0.124094 0.769205 0.508956 1 0 1.000000
suit
  0 -1.421157 -7.145172 24.738487 -0.995315 -0.006324 -0.096478 0.744534 0.492411 1 0 1.000000
  0 0.465242 -8.389003 23.929264 0.306362 -0.943792 -0.124094 0.769205 0.508956 1 0 1.000000
  0 -0.028948 -8.591884 24.676775 -0.068648 -0.990691 -0.117555 0.772795 0.492411 1 0 1.000000
suit
  0 0.007685 -5.771980 24.748203 0.012266 0.998735 0.048773 0.716273 0.492411 1 0 1.000000
  0 -0.291902 -5.674330 23.965090 -0.286236 0.956048 0.063562 0.714529 0.508602 1 0 1.000000
  0 -1.233170 -7.364867 23.943171 -0.959487 -0.244713 -0.139642 0.749027 0.508811 1 0 1.000000
suit
  0 0.007685 -5.771980 24.748203 0.012266 0.998735 0.048773 0.716273 0.492411 1 0 1.000000
  0 -1.233170 -7.364867 23.943171 -0.959487 -0.244713 -0.139642 0.749027 0.508811 1 0 1.000000
  0 -1.421157 -7.145172 24.738487 -0.995315 -0.006324 -0.096478 0.744534 0.492411 1 0 1.000000
suit
  0 -1.233170 -7.364867 23.943171 -0.959487 -0.244713 -0.139642 0.749027 0.508811 1 0 1.000000
  0 -1.129837 -7.241415 21.916176 -0.955981 -0.210012 -0.204929 0.746714 0.551453 1 0 1.000000
  0 0.442803 -8.202764 21.888092 0.218913 -0.853541 -0.472805 0.765218 0.551586 1 0 1.000000
suit
  0 -1.233170 -7.364867 23.943171 -0.959487 -0.244713 -0.139642 0.749027 0.508811 1 0 1.000000
  0 0.442803 -8.202764 21.888092 0.218913 -0.853541 -0.472805 0.765218 0.551586 1 0 1.000000
  0 0.465242 -8.389003 23.929264 0.306362 -0.943792 -0.124094 0.769205 0.508956 1 0 1.000000
suit
  0 -0.291902 -5.674330 23.965090 -0.286236 0.956048 0.063562 0.714529 0.508602 1 0 1.000000
  0 -0.199735 -5.678232 21.919647 -0.228429 0.873823 -0.429248 0.715076 0.551262 1 0 1.000000
  0 -1.129837 -7.241415 21.916176 -0.955981 -0.210012 -0.204929 0.746714 0.551453 1 0 1.000000
suit
  0 -0.291902 -5.674330 23.965090 -0.286236 0.956048 0.063562 0.714529 0.508602 1 0 1.000000
  0 -1.129837 -7.241415 21.916176 -0.955981 -0.210012 -0.204929 0.746714 0.551453 1 0 1.000000
  0 -1.233170 -7.364867 23.943171 -0.959487 -0.244713 -0.139642 0.749027 0.508811 1 0 1.000000
suit
  0 1.489212 -6.660564 23.941446 0.948068 0.308593 0.077057 0.067425 0.507690 1 0 1.000000
  0 1.373224 -6.596861 21.919615 0.958778 0.258982 -0.116935 0.068547 0.550195 1 0 1.000000
  0 -0.199735 -5.678232 21.919647 -0.228429 0.873823 -0.429248 0.086990 0.550062 1 0 1.000000
suit
  0 1.489212 -6.660564 23.941446 0.948068 0.308593 0.077057 0.067425 0.507690 1 0 1.000000
  0 -0.199735 -5.678232 21.919647 -0.228429 0.873823 -0.429248 0.086990 0.550062 1 0 1.000000
  0 -0.291902 -5.674330 23.965090 -0.286236 0.956048 0.063562 0.087535 0.507545 1 0 1.000000
suit
  0 0.465242 -8.389003 23.929264 0.306362 -0.943792 -0.124094 0.033042 0.507898 1 0 1.000000
  0 0.442803 -8.202764 21.888092 0.218913 -0.853541 -0.472805 0.037015 0.550385 1 0 1.000000
  0 1.373224 -6.596861 21.919615 0.958778 0.258982 -0.116935 0.068547 0.550195 1 0 1.000000
suit
  0 0.465242 -8.389003 23.929264 0.306362 -0.943792 -0.124094 0.033042 0.507898 1 0 1.000000
  0 1.373224 -6.596861 21.919615 0.958778 0.258982 -0.116935 0.068547 0.550195 1 0 1.000000
  0 1.489212 -6.660564 23.941446 0.948068 0.308593 0.077057 0.067425 0.507690 1 0 1.000000
suit
  0 0.442803 -8.202764 21.888092 0.218913 -0.853541 -0.472805 0.919252 0.389812 1 0 1.000000
  0 -0.954806 -7.254495 21.479727 -0.628364 -0.207200 -0.749818 0.994806 0.473206 1 0 1.000000
  0 1.268431 -6.600935 21.435181 0.671230 0.204528 -0.712474 0.855851 0.471691 1 0 1.000000
suit
  0 -0.954806 -7.254495 21.479727 -0.628364 -0.207200 -0.749818 0.994806 0.473206 1 0 1.000000
  0 -0.199735 -5.678232 21.919647 -0.228429 0.873823 -0.429248 0.930073 0.555059 1 0 1.000000
  0 1.268431 -6.600935 21.435181 0.671230 0.204528 -0.712474 0.855851 0.471691 1 0 1.000000
suit
  0 0.442803 -8.202764 21.888092 0.218913 -0.853541 -0.472805 0.037015 0.550385 1 0 1.000000
  0 1.268431 -6.600935 21.435181 0.671230 0.204528 -0.712474 0.068547 0.560898 1 0 1.000000
  0 1.373224 -6.596861 21.919615 0.958778 0.258982 -0.116935 0.068547 0.550195 1 0 1.000000
suit
  0 -0.199735 -5.678232 21.919647 -0.228429 0.873823 -0.429248 0.086990 0.550062 1 0 1.000000
  0 1.373224 -6.596861 21.919615 0.958778 0.258982 -0.116935 0.068547 0.550195 1 0 1.000000
  0 1.268431 -6.600935 21.435181 0.671230 0.204528 -0.712474 0.068547 0.560898 1 0 1.000000
suit
  0 -1.129837 -7.241415 21.916176 -0.955981 -0.210012 -0.204929 0.746714 0.551453 1 0 1.000000
  0 -0.954806 -7.254495 21.479727 -0.628364 -0.207200 -0.749818 0.746714 0.562193 1 0 1.000000
  0 0.442803 -8.202764 21.888092 0.218913 -0.853541 -0.472805 0.765218 0.551586 1 0 1.000000
suit
  0 -0.199735 -5.678232 21.919647 -0.228429 0.873823 -0.429248 0.715076 0.551262 1 0 1.000000
  0 -0.954806 -7.254495 21.479727 -0.628364 -0.207200 -0.749818 0.746714 0.562193 1 0 1.000000
  0 -1.129837 -7.241415 21.916176 -0.955981 -0.210012 -0.204929 0.746714 0.551453 1 0 1.000000
suit
  0 3.747956 3.926656 4.030127 0.984921 -0.000000 0.173004 0.278909 0.929802 1 0 1.000000
  0 2.013463 2.335466 4.619593 0.522899 -0.764495 0.376995 0.247378 0.918121 1 0 1.000000
  0 0.749503 2.335466 1.938413 -0.029316 -0.707927 -0.705677 0.247378 0.971251 1 0 1.000000
suit
  0 3.747956 3.926656 4.030127 0.984921 -0.000000 0.173004 0.278909 0.929802 1 0 1.000000
  0 0.749503 2.335466 1.938413 -0.029316 -0.707927 -0.705677 0.247378 0.971251 1 0 1.000000
  0 2.382705 3.926656 1.108600 0.482709 -0.000000 -0.875781 0.278909 0.987695 1 0 1.000000
suit
  0 -0.797086 2.094734 6.125055 -0.096077 -0.980681 0.170394 0.559314 0.889350 1 0 1.000000
  0 -2.531579 3.926656 6.714520 -0.967553 -0.000781 0.252665 0.522597 0.889350 1 0 1.000000
  0 -3.694247 3.926656 4.273688 -0.988296 -0.000000 -0.152550 0.522597 0.945616 1 0 1.000000
suit
  0 -0.797086 2.094734 6.125055 -0.096077 -0.980681 0.170394 0.559314 0.889350 1 0 1.000000
  0 -3.694247 3.926656 4.273688 -0.988296 -0.000000 -0.152550 0.522597 0.945616 1 0 1.000000
  0 -2.061045 2.094734 3.443875 -0.525049 -0.732856 -0.432719 0.559314 0.951067 1 0 1.000000
suit
  0 0.937408 3.926656 5.535590 0.752950 -0.003386 0.658069 0.278909 0.899969 1 0 1.000000
  0 -0.797086 2.094734 6.125055 -0.096077 -0.980681 0.170394 0.242608 0.888289 1 0 1.000000
  0 2.013463 2.335466 4.619593 0.522899 -0.764495 0.376995 0.247378 0.918121 1 0 1.000000
suit
  0 0.937408 3.926656 5.535590 0.752950 -0.003386 0.658069 0.278909 0.899969 1 0 1.000000
  0 2.013463 2.335466 4.619593 0.522899 -0.764495 0.376995 0.247378 0.918121 1 0 1.000000
  0 3.747956 3.926656 4.030127 0.984921 -0.000000 0.173004 0.278909 0.929802 1 0 1.000000
suit
  0 -0.797086 2.094734 6.125055 -0.096077 -0.980681 0.170394 0.242608 0.888289 1 0 1.000000
  0 -2.061045 2.094734 3.443875 -0.525049 -0.732856 -0.432719 0.242608 0.941419 1 0 1.000000
  0 0.749503 2.335466 1.938413 -0.029316 -0.707927 -0.705677 0.247378 0.971251 1 0 1.000000
suit
  0 -0.797086 2.094734 6.125055 -0.096077 -0.980681 0.170394 0.242608 0.888289 1 0 1.000000
  0 0.749503 2.335466 1.938413 -0.029316 -0.707927 -0.705677 0.247378 0.971251 1 0 1.000000
  0 2.013463 2.335466 4.619593 0.522899 -0.764495 0.376995 0.247378 0.918121 1 0 1.000000
suit
  0 -2.061045 5.758578 3.443875 -0.525049 0.732856 -0.432719 0.315211 0.941419 1 0 1.000000
  0 -0.797086 5.758578 6.125055 -0.078332 0.978740 0.189556 0.315211 0.888289 1 0 1.000000
  0 2.013462 5.517846 4.619593 0.522899 0.764495 0.376995 0.310441 0.918121 1 0 1.000000
suit
  0 -2.061045 5.758578 3.443875 -0.525049 0.732856 -0.432719 0.315211 0.941419 1 0 1.000000
  0 2.013462 5.517846 4.619593 0.522899 0.764495 0.376995 0.310441 0.918121 1 0 1.000000
  0 0.749503 5.517846 1.938413 -0.029316 0.707927 -0.705677 0.310441 0.971251 1 0 1.000000
suit
  0 -2.531579 3.926656 6.714520 -0.967553 -0.000781 0.252665 0.522597 0.889350 1 0 1.000000
  0 -0.797086 5.758578 6.125055 -0.078332 0.978740 0.189556 0.485881 0.889350 1 0 1.000000
  0 -2.061045 5.758578 3.443875 -0.525049 0.732856 -0.432719 0.485881 0.951067 1 0 1.000000
suit
  0 -2.531579 3.926656 6.714520 -0.967553 -0.000781 0.252665 0.522597 0.889350 1 0 1.000000
  0 -2.061045 5.758578 3.443875 -0.525049 0.732856 -0.432719 0.485881 0.951067 1 0 1.000000
  0 -3.694247 3.926656 4.273688 -0.988296 -0.000000 -0.152550 0.522597 0.945616 1 0 1.000000
suit
  0 -0.797086 5.758578 6.125055 -0.078332 0.978740 0.189556 0.315211 0.888289 1 0 1.000000
  0 0.937408 3.926656 5.535590 0.752950 -0.003386 0.658069 0.278909 0.899969 1 0 1.000000
  0 3.747956 3.926656 4.030127 0.984921 -0.000000 0.173004 0.278909 0.929802 1 0 1.000000
suit
  0 -0.797086 5.758578 6.125055 -0.078332 0.978740 0.189556 0.315211 0.888289 1 0 1.000000
  0 3.747956 3.926656 4.030127 0.984921 -0.000000 0.173004 0.278909 0.929802 1 0 1.000000
  0 2.013462 5.517846 4.619593 0.522899 0.764495 0.376995 0.310441 0.918121 1 0 1.000000
suit
  0 0.749503 -2.335466 1.938413 -0.029316 0.707927 -0.705677 0.849952 0.278530 1 0 1.000000
  0 2.382705 -3.926656 1.108600 0.482709 0.000000 -0.875781 0.795866 0.323889 1 0 1.000000
  0 0.749504 -5.517846 1.938413 -0.029316 -0.707927 -0.705677 0.847702 0.370579 1 0 1.000000
suit
  0 0.749504 -5.517846 1.938413 -0.029316 -0.707927 -0.705677 0.847702 0.370579 1 0 1.000000
  0 -2.061045 -5.758578 3.443875 -0.525049 -0.732856 -0.432719 0.939733 0.375678 1 0 1.000000
  0 -3.694247 -3.926656 4.273688 -0.988296 -0.000000 -0.152550 0.994006 0.321645 1 0 1.000000
suit
  0 -3.694247 -3.926656 4.273688 -0.988296 -0.000000 -0.152550 0.994006 0.321645 1 0 1.000000
  0 -2.061045 -2.094734 3.443875 -0.525049 0.732856 -0.432719 0.942323 0.269736 1 0 1.000000
  0 0.749503 -2.335466 1.938413 -0.029316 0.707927 -0.705677 0.849952 0.278530 1 0 1.000000
suit
  0 0.749504 -5.517846 1.938413 -0.029316 -0.707927 -0.705677 0.847702 0.370579 1 0 1.000000
  0 -3.694247 -3.926656 4.273688 -0.988296 -0.000000 -0.152550 0.994006 0.321645 1 0 1.000000
  0 0.749503 -2.335466 1.938413 -0.029316 0.707927 -0.705677 0.849952 0.278530 1 0 1.000000
suit
  0 2.013462 5.517846 4.619593 0.522899 0.764495 0.376995 0.310441 0.918121 1 0 1.000000
  0 3.747956 3.926656 4.030127 0.984921 -0.000000 0.173004 0.278909 0.929802 1 0 1.000000
  0 2.382705 3.926656 1.108600 0.482709 -0.000000 -0.875781 0.278909 0.987695 1 0 1.000000
suit
  0 2.013462 5.517846 4.619593 0.522899 0.764495 0.376995 0.310441 0.918121 1 0 1.000000
  0 2.382705 3.926656 1.108600 0.482709 -0.000000 -0.875781 0.278909 0.987695 1 0 1.000000
  0 0.749503 5.517846 1.938413 -0.029316 0.707927 -0.705677 0.310441 0.971251 1 0 1.000000
suit
  0 3.747956 -3.926656 4.030127 0.984921 0.000000 0.173003 0.121956 0.929346 1 0 1.000000
  0 2.382705 -3.926656 1.108600 0.482709 0.000000 -0.875781 0.121956 0.986756 1 0 1.000000
  0 0.749503 -2.335466 1.938413 -0.029316 0.707927 -0.705677 0.153224 0.970450 1 0 1.000000
suit
  0 3.747956 -3.926656 4.030127 0.984921 0.000000 0.173003 0.121956 0.929346 1 0 1.000000
  0 0.749503 -2.335466 1.938413 -0.029316 0.707927 -0.705677 0.153224 0.970450 1 0 1.000000
  0 2.013463 -2.335466 4.619593 0.522899 0.764495 0.376995 0.153224 0.917763 1 0 1.000000
suit
  0 -0.797086 -2.094734 6.125055 -0.090712 0.981622 0.167900 0.643282 0.889350 1 0 1.000000
  0 -2.061045 -2.094734 3.443875 -0.525049 0.732856 -0.432719 0.643282 0.951067 1 0 1.000000
  0 -3.694247 -3.926656 4.273688 -0.988296 -0.000000 -0.152550 0.679999 0.945616 1 0 1.000000
suit
  0 -0.797086 -2.094734 6.125055 -0.090712 0.981622 0.167900 0.643282 0.889350 1 0 1.000000
  0 -3.694247 -3.926656 4.273688 -0.988296 -0.000000 -0.152550 0.679999 0.945616 1 0 1.000000
  0 -2.531579 -3.926656 6.714520 -0.966556 -0.006793 0.256366 0.679999 0.889350 1 0 1.000000
suit
  0 0.937408 -3.926656 5.535590 0.763355 0.000306 0.645979 0.121956 0.899763 1 0 1.000000
  0 3.747956 -3.926656 4.030127 0.984921 0.000000 0.173003 0.121956 0.929346 1 0 1.000000
  0 2.013463 -2.335466 4.619593 0.522899 0.764495 0.376995 0.153224 0.917763 1 0 1.000000
suit
  0 0.937408 -3.926656 5.535590 0.763355 0.000306 0.645979 0.121956 0.899763 1 0 1.000000
  0 2.013463 -2.335466 4.619593 0.522899 0.764495 0.376995 0.153224 0.917763 1 0 1.000000
  0 -0.797086 -2.094734 6.125055 -0.090712 0.981622 0.167900 0.157955 0.888179 1 0 1.000000
suit
  0 -0.797086 -2.094734 6.125055 -0.090712 0.981622 0.167900 0.157955 0.888179 1 0 1.000000
  0 2.013463 -2.335466 4.619593 0.522899 0.764495 0.376995 0.153224 0.917763 1 0 1.000000
  0 0.749503 -2.335466 1.938413 -0.029316 0.707927 -0.705677 0.153224 0.970450 1 0 1.000000
suit
  0 -0.797086 -2.094734 6.125055 -0.090712 0.981622 0.167900 0.157955 0.888179 1 0 1.000000
  0 0.749503 -2.335466 1.938413 -0.029316 0.707927 -0.705677 0.153224 0.970450 1 0 1.000000
  0 -2.061045 -2.094734 3.443875 -0.525049 0.732856 -0.432719 0.157955 0.940866 1 0 1.000000
suit
  0 -2.061045 -5.758578 3.443875 -0.525049 -0.732856 -0.432719 0.085958 0.940866 1 0 1.000000
  0 0.749504 -5.517846 1.938413 -0.029316 -0.707927 -0.705677 0.090688 0.970450 1 0 1.000000
  0 2.013463 -5.517846 4.619593 0.522899 -0.764494 0.376995 0.090688 0.917763 1 0 1.000000
suit
  0 -2.061045 -5.758578 3.443875 -0.525049 -0.732856 -0.432719 0.085958 0.940866 1 0 1.000000
  0 2.013463 -5.517846 4.619593 0.522899 -0.764494 0.376995 0.090688 0.917763 1 0 1.000000
  0 -0.797085 -5.758578 6.125055 -0.071976 -0.980183 0.184554 0.085958 0.888179 1 0 1.000000
suit
  0 -2.531579 -3.926656 6.714520 -0.966556 -0.006793 0.256366 0.679999 0.889350 1 0 1.000000
  0 -3.694247 -3.926656 4.273688 -0.988296 -0.000000 -0.152550 0.679999 0.945616 1 0 1.000000
  0 -2.061045 -5.758578 3.443875 -0.525049 -0.732856 -0.432719 0.716715 0.951067 1 0 1.000000
suit
  0 -2.531579 -3.926656 6.714520 -0.966556 -0.006793 0.256366 0.679999 0.889350 1 0 1.000000
  0 -2.061045 -5.758578 3.443875 -0.525049 -0.732856 -0.432719 0.716715 0.951067 1 0 1.000000
  0 -0.797085 -5.758578 6.125055 -0.071976 -0.980183 0.184554 0.716715 0.889350 1 0 1.000000
suit
  0 -0.797085 -5.758578 6.125055 -0.071976 -0.980183 0.184554 0.085958 0.888179 1 0 1.000000
  0 2.013463 -5.517846 4.619593 0.522899 -0.764494 0.376995 0.090688 0.917763 1 0 1.000000
  0 3.747956 -3.926656 4.030127 0.984921 0.000000 0.173003 0.121956 0.929346 1 0 1.000000
suit
  0 -0.797085 -5.758578 6.125055 -0.071976 -0.980183 0.184554 0.085958 0.888179 1 0 1.000000
  0 3.747956 -3.926656 4.030127 0.984921 0.000000 0.173003 0.121956 0.929346 1 0 1.000000
  0 0.937408 -3.926656 5.535590 0.763355 0.000306 0.645979 0.121956 0.899763 1 0 1.000000
suit
  0 2.013463 -5.517846 4.619593 0.522899 -0.764494 0.376995 0.090688 0.917763 1 0 1.000000
  0 0.749504 -5.517846 1.938413 -0.029316 -0.707927 -0.705677 0.090688 0.970450 1 0 1.000000
  0 2.382705 -3.926656 1.108600 0.482709 0.000000 -0.875781 0.121956 0.986756 1 0 1.000000
suit
  0 2.013463 -5.517846 4.619593 0.522899 -0.764494 0.376995 0.090688 0.917763 1 0 1.000000
  0 2.382705 -3.926656 1.108600 0.482709 0.000000 -0.875781 0.121956 0.986756 1 0 1.000000
  0 3.747956 -3.926656 4.030127 0.984921 0.000000 0.173003 0.121956 0.929346 1 0 1.000000
suit
  0 -3.694247 3.926656 4.273688 -0.988296 -0.000000 -0.152550 0.993339 0.321101 1 0 1.000000
  0 -2.061045 5.758578 3.443875 -0.525049 0.732856 -0.432719 0.942280 0.269914 1 0 1.000000
  0 0.749503 5.517846 1.938413 -0.029316 0.707927 -0.705677 0.849450 0.278745 1 0 1.000000
suit
  0 0.749503 5.517846 1.938413 -0.029316 0.707927 -0.705677 0.849450 0.278745 1 0 1.000000
  0 2.382705 3.926656 1.108600 0.482709 -0.000000 -0.875781 0.796014 0.323912 1 0 1.000000
  0 0.749503 2.335466 1.938413 -0.029316 -0.707927 -0.705677 0.848526 0.370749 1 0 1.000000
suit
  0 0.749503 2.335466 1.938413 -0.029316 -0.707927 -0.705677 0.848526 0.370749 1 0 1.000000
  0 -2.061045 2.094734 3.443875 -0.525049 -0.732856 -0.432719 0.939710 0.375370 1 0 1.000000
  0 -3.694247 3.926656 4.273688 -0.988296 -0.000000 -0.152550 0.993339 0.321101 1 0 1.000000
suit
  0 0.749503 5.517846 1.938413 -0.029316 0.707927 -0.705677 0.849450 0.278745 1 0 1.000000
  0 0.749503 2.335466 1.938413 -0.029316 -0.707927 -0.705677 0.848526 0.370749 1 0 1.000000
  0 -3.694247 3.926656 4.273688 -0.988296 -0.000000 -0.152550 0.993339 0.321101 1 0 1.000000
suit
  0 5.064219 1.531473 45.211315 0.809836 0.458717 0.365712 0.323802 0.130204 1 0 1.000000
  0 2.154199 2.674083 45.870964 0.124281 0.827022 0.548260 0.407912 0.163200 1 0 1.000000
  0 2.325946 -0.000000 46.628620 0.221074 -0.000000 0.975257 0.407912 0.086704 1 0 1.000000
suit
  0 -0.755821 -1.531473 46.530613 -0.572979 -0.458717 0.679171 0.492023 0.043204 1 0 1.000000
  0 2.154199 -2.674083 45.870964 0.124281 -0.827022 0.548260 0.407912 0.010207 1 0 1.000000
  0 2.325946 -0.000000 46.628620 0.221074 -0.000000 0.975257 0.407912 0.086704 1 0 1.000000
suit
  0 5.064219 -1.531473 45.211315 0.809835 -0.458717 0.365712 0.323802 0.043204 1 0 1.000000
  0 5.064219 1.531473 45.211315 0.809836 0.458717 0.365712 0.323802 0.130204 1 0 1.000000
  0 2.325946 -0.000000 46.628620 0.221074 -0.000000 0.975257 0.407912 0.086704 1 0 1.000000
suit
  0 2.154199 2.674083 45.870964 0.124281 0.827022 0.548260 0.407912 0.163200 1 0 1.000000
  0 -0.755821 1.531473 46.530613 -0.572980 0.458717 0.679171 0.492023 0.130204 1 0 1.000000
  0 2.325946 -0.000000 46.628620 0.221074 -0.000000 0.975257 0.407912 0.086704 1 0 1.000000
suit
  0 2.154199 -2.674083 45.870964 0.124281 -0.827022 0.548260 0.407912 0.010207 1 0 1.000000
  0 5.064219 -1.531473 45.211315 0.809835 -0.458717 0.365712 0.323802 0.043204 1 0 1.000000
  0 2.325946 -0.000000 46.628620 0.221074 -0.000000 0.975257 0.407912 0.086704 1 0 1.000000
suit
  0 0.630807 3.278861 39.150562 0.003426 0.994813 0.101666 0.772573 0.578725 1 0 1.000000
  0 1.028213 3.062946 40.903709 0.005231 0.997534 0.069996 0.825023 0.578725 1 0 1.000000
  0 3.938233 1.531473 40.244061 0.830141 0.555586 -0.046810 0.825023 0.645744 1 0 1.000000
suit
  0 0.630807 3.278861 39.150562 0.003426 0.994813 0.101666 0.772573 0.578725 1 0 1.000000
  0 3.938233 1.531473 40.244061 0.830141 0.555586 -0.046810 0.825023 0.645744 1 0 1.000000
  0 4.100489 1.531473 38.364048 0.881179 0.467994 0.067123 0.772573 0.645744 1 0 1.000000
suit
  0 4.100489 1.531473 38.364048 0.881179 0.467994 0.067123 0.772573 0.712763 1 0 1.000000
  0 3.938233 1.531473 40.244061 0.830141 0.555586 -0.046810 0.825023 0.712763 1 0 1.000000
  0 3.938233 -1.531473 40.244061 0.830141 -0.555586 -0.046810 0.825023 0.645744 1 0 1.000000
suit
  0 4.100489 1.531473 38.364048 0.881179 0.467994 0.067123 0.772573 0.712763 1 0 1.000000
  0 3.938233 -1.531473 40.244061 0.830141 -0.555586 -0.046810 0.825023 0.645744 1 0 1.000000
  0 4.100488 -1.531473 38.364048 0.881179 -0.467994 0.067123 0.772573 0.645744 1 0 1.000000
suit
  0 4.100488 -1.531473 38.364048 0.881179 -0.467994 0.067123 0.772573 0.712763 1 0 1.000000
  0 3.938233 -1.531473 40.244061 0.830141 -0.555586 -0.046810 0.825023 0.712763 1 0 1.000000
  0 1.028213 -3.062946 40.903709 0.005232 -0.997534 0.069996 0.825023 0.779783 1 0 1.000000
suit
  0 4.100488 -1.531473 38.364048 0.881179 -0.467994 0.067123 0.772573 0.712763 1 0 1.000000
  0 1.028213 -3.062946 40.903709 0.005232 -0.997534 0.069996 0.825023 0.779783 1 0 1.000000
  0 0.630806 -3.278861 39.150562 0.003426 -0.994813 0.101666 0.772573 0.779783 1 0 1.000000
suit
  0 0.630806 -3.278861 39.150562 0.003426 -0.994813 0.101666 0.772573 0.779783 1 0 1.000000
  0 1.028213 -3.062946 40.903709 0.005232 -0.997534 0.069996 0.825023 0.779783 1 0 1.000000
  0 -1.881806 -1.531473 41.563358 -0.823466 -0.525855 0.213026 0.825023 0.846802 1 0 1.000000
suit
  0 0.630806 -3.278861 39.150562 0.003426 -0.994813 0.101666 0.772573 0.779783 1 0 1.000000
  0 -1.881806 -1.531473 41.563358 -0.823466 -0.525855 0.213026 0.825023 0.846802 1 0 1.000000
  0 -2.279213 -1.531473 39.810211 -0.832444 -0.508557 0.220016 0.772573 0.846802 1 0 1.000000
suit
  0 -2.279213 -1.531473 39.810211 -0.832444 -0.508557 0.220016 0.772573 0.913822 1 0 1.000000
  0 -1.881806 -1.531473 41.563358 -0.823466 -0.525855 0.213026 0.825023 0.913822 1 0 1.000000
  0 -1.881806 1.531473 41.563358 -0.823467 0.525854 0.213026 0.825023 0.846802 1 0 1.000000
suit
  0 -2.279213 -1.531473 39.810211 -0.832444 -0.508557 0.220016 0.772573 0.913822 1 0 1.000000
  0 -1.881806 1.531473 41.563358 -0.823467 0.525854 0.213026 0.825023 0.846802 1 0 1.000000
  0 -2.279213 1.531473 39.810211 -0.832444 0.508557 0.220016 0.772573 0.846802 1 0 1.000000
suit
  0 -2.279213 1.531473 39.810211 -0.832444 0.508557 0.220016 0.772573 0.913822 1 0 1.000000
  0 -1.881806 1.531473 41.563358 -0.823467 0.525854 0.213026 0.825023 0.913822 1 0 1.000000
  0 1.028213 3.062946 40.903709 0.005231 0.997534 0.069996 0.825023 0.980841 1 0 1.000000
suit
  0 -2.279213 1.531473 39.810211 -0.832444 0.508557 0.220016 0.772573 0.913822 1 0 1.000000
  0 1.028213 3.062946 40.903709 0.005231 0.997534 0.069996 0.825023 0.980841 1 0 1.000000
  0 0.630807 3.278861 39.150562 0.003426 0.994813 0.101666 0.772573 0.980841 1 0 1.000000
suit
  0 -2.757798 2.000705 30.821327 0.070024 0.409178 -0.909764 0.963724 0.242396 1 0 1.000000
  0 -3.552469 1.978133 30.750010 -0.568157 0.301547 -0.765681 0.943328 0.224241 1 0 1.000000
  0 -3.622001 2.518672 31.353716 -0.628106 0.703642 -0.332221 0.961827 0.203459 1 0 1.000000
suit
  0 -2.757798 2.000705 30.821327 0.070024 0.409178 -0.909764 0.963724 0.242396 1 0 1.000000
  0 -3.622001 2.518672 31.353716 -0.628106 0.703642 -0.332221 0.961827 0.203459 1 0 1.000000
  0 -2.827331 2.541244 31.425034 0.005472 0.934225 -0.356641 0.982223 0.221613 1 0 1.000000
suit
  0 -3.989558 1.978134 35.620358 -0.995599 -0.028276 -0.089350 0.943328 0.056961 1 0 1.000000
  0 -4.043860 1.978134 36.225433 -0.695412 0.301548 0.652281 0.943328 0.036178 1 0 1.000000
  0 -4.004787 2.518672 35.618992 -0.677224 0.703641 0.215073 0.961827 0.056961 1 0 1.000000
suit
  0 -4.043860 1.978134 36.225433 -0.695412 0.301548 0.652281 0.943328 0.036178 1 0 1.000000
  0 -3.249189 2.000705 36.296749 -0.093085 0.409178 0.907694 0.963724 0.018024 1 0 1.000000
  0 -3.210117 2.541244 35.690308 -0.058120 0.934226 0.351916 0.982223 0.038806 1 0 1.000000
suit
  0 -4.043860 1.978134 36.225433 -0.695412 0.301548 0.652281 0.943328 0.036178 1 0 1.000000
  0 -3.210117 2.541244 35.690308 -0.058120 0.934226 0.351916 0.982223 0.038806 1 0 1.000000
  0 -4.004787 2.518672 35.618992 -0.677224 0.703641 0.215073 0.961827 0.056961 1 0 1.000000
suit
  0 -3.622001 2.518672 31.353716 -0.628106 0.703642 -0.332221 0.961827 0.203459 1 0 1.000000
  0 -4.004787 2.518672 35.618992 -0.677224 0.703641 0.215073 0.961827 0.056961 1 0 1.000000
  0 -3.210117 2.541244 35.690308 -0.058120 0.934226 0.351916 0.989132 0.056961 1 0 1.000000
suit
  0 -3.622001 2.518672 31.353716 -0.628106 0.703642 -0.332221 0.961827 0.203459 1 0 1.000000
  0 -3.210117 2.541244 35.690308 -0.058120 0.934226 0.351916 0.989132 0.056961 1 0 1.000000
  0 -2.827331 2.541244 31.425034 0.005472 0.934225 -0.356641 0.989132 0.203459 1 0 1.000000
suit
  0 -2.672503 -2.953986 31.438929 0.058114 -0.934226 -0.351916 0.746459 0.203459 1 0 1.000000
  0 -3.055289 -2.953986 35.704205 -0.005475 -0.934225 0.356641 0.746459 0.056961 1 0 1.000000
  0 -3.849961 -2.976555 35.632885 -0.636562 -0.739561 0.218722 0.773764 0.056961 1 0 1.000000
suit
  0 -2.672503 -2.953986 31.438929 0.058114 -0.934226 -0.351916 0.746459 0.203459 1 0 1.000000
  0 -3.849961 -2.976555 35.632885 -0.636562 -0.739561 0.218722 0.773764 0.056961 1 0 1.000000
  0 -3.467174 -2.976555 31.367611 -0.587445 -0.739560 -0.328571 0.773764 0.203459 1 0 1.000000
suit
  0 -3.552469 1.978133 30.750010 -0.568157 0.301547 -0.765681 0.943328 0.224241 1 0 1.000000
  0 -3.606772 1.978134 31.355083 -0.995599 -0.028277 -0.089350 0.943328 0.203459 1 0 1.000000
  0 -3.622001 2.518672 31.353716 -0.628106 0.703642 -0.332221 0.961827 0.203459 1 0 1.000000
suit
  0 -3.606772 1.978134 31.355083 -0.995599 -0.028277 -0.089350 0.943328 0.203459 1 0 1.000000
  0 -3.989558 1.978134 35.620358 -0.995599 -0.028276 -0.089350 0.943328 0.056961 1 0 1.000000
  0 -4.004787 2.518672 35.618992 -0.677224 0.703641 0.215073 0.961827 0.056961 1 0 1.000000
suit
  0 -3.606772 1.978134 31.355083 -0.995599 -0.028277 -0.089350 0.943328 0.203459 1 0 1.000000
  0 -4.004787 2.518672 35.618992 -0.677224 0.703641 0.215073 0.961827 0.056961 1 0 1.000000
  0 -3.622001 2.518672 31.353716 -0.628106 0.703642 -0.332221 0.961827 0.203459 1 0 1.000000
suit
  0 -3.467174 -2.976555 31.367611 -0.587445 -0.739560 -0.328571 0.773764 0.203459 1 0 1.000000
  0 -3.849961 -2.976555 35.632885 -0.636562 -0.739561 0.218722 0.773764 0.056961 1 0 1.000000
  0 -3.865190 -2.436018 35.631519 -0.995599 -0.028277 -0.089350 0.792263 0.056961 1 0 1.000000
suit
  0 -3.467174 -2.976555 31.367611 -0.587445 -0.739560 -0.328571 0.773764 0.203459 1 0 1.000000
  0 -3.865190 -2.436018 35.631519 -0.995599 -0.028277 -0.089350 0.792263 0.056961 1 0 1.000000
  0 -3.482404 -2.436018 31.366243 -0.995599 -0.028277 -0.089350 0.792263 0.203459 1 0 1.000000
suit
  0 -3.482404 -2.436018 31.366243 -0.995599 -0.028277 -0.089350 0.792263 0.203459 1 0 1.000000
  0 -3.865190 -2.436018 35.631519 -0.995599 -0.028277 -0.089350 0.792263 0.056961 1 0 1.000000
  0 -3.989558 1.978134 35.620358 -0.995599 -0.028276 -0.089350 0.943328 0.056961 1 0 1.000000
suit
  0 -3.482404 -2.436018 31.366243 -0.995599 -0.028277 -0.089350 0.792263 0.203459 1 0 1.000000
  0 -3.989558 1.978134 35.620358 -0.995599 -0.028276 -0.089350 0.943328 0.056961 1 0 1.000000
  0 -3.606772 1.978134 31.355083 -0.995599 -0.028277 -0.089350 0.943328 0.203459 1 0 1.000000
suit
  0 -3.467174 -2.976555 31.367611 -0.587445 -0.739560 -0.328571 0.773764 0.203459 1 0 1.000000
  0 -3.482404 -2.436018 31.366243 -0.995599 -0.028277 -0.089350 0.792263 0.203459 1 0 1.000000
  0 -3.428102 -2.436019 30.761171 -0.550169 -0.336925 -0.764065 0.792263 0.224241 1 0 1.000000
suit
  0 -3.428102 -2.436019 30.761171 -0.550169 -0.336925 -0.764065 0.792263 0.224241 1 0 1.000000
  0 -3.482404 -2.436018 31.366243 -0.995599 -0.028277 -0.089350 0.792263 0.203459 1 0 1.000000
  0 -3.606772 1.978134 31.355083 -0.995599 -0.028277 -0.089350 0.943328 0.203459 1 0 1.000000
suit
  0 -3.428102 -2.436019 30.761171 -0.550169 -0.336925 -0.764065 0.792263 0.224241 1 0 1.000000
  0 -3.606772 1.978134 31.355083 -0.995599 -0.028277 -0.089350 0.943328 0.203459 1 0 1.000000
  0 -3.552469 1.978133 30.750010 -0.568157 0.301547 -0.765681 0.943328 0.224241 1 0 1.000000
suit
  0 -3.849961 -2.976555 35.632885 -0.636562 -0.739561 0.218722 0.773764 0.056961 1 0 1.000000
  0 -3.055289 -2.953986 35.704205 -0.005475 -0.934225 0.356641 0.753369 0.038806 1 0 1.000000
  0 -3.124821 -2.413449 36.307911 -0.070027 -0.409178 0.909763 0.771867 0.018024 1 0 1.000000
suit
  0 -3.849961 -2.976555 35.632885 -0.636562 -0.739561 0.218722 0.773764 0.056961 1 0 1.000000
  0 -3.124821 -2.413449 36.307911 -0.070027 -0.409178 0.909763 0.771867 0.018024 1 0 1.000000
  0 -3.919492 -2.436018 36.236591 -0.677423 -0.336925 0.653896 0.792263 0.036178 1 0 1.000000
suit
  0 -3.919492 -2.436018 36.236591 -0.677423 -0.336925 0.653896 0.792263 0.036178 1 0 1.000000
  0 -3.124821 -2.413449 36.307911 -0.070027 -0.409178 0.909763 0.792263 0.008873 1 0 1.000000
  0 -3.249189 2.000705 36.296749 -0.093085 0.409178 0.907694 0.943328 0.008873 1 0 1.000000
suit
  0 -3.919492 -2.436018 36.236591 -0.677423 -0.336925 0.653896 0.792263 0.036178 1 0 1.000000
  0 -3.249189 2.000705 36.296749 -0.093085 0.409178 0.907694 0.943328 0.008873 1 0 1.000000
  0 -4.043860 1.978134 36.225433 -0.695412 0.301548 0.652281 0.943328 0.036178 1 0 1.000000
suit
  0 -3.849961 -2.976555 35.632885 -0.636562 -0.739561 0.218722 0.773764 0.056961 1 0 1.000000
  0 -3.919492 -2.436018 36.236591 -0.677423 -0.336925 0.653896 0.792263 0.036178 1 0 1.000000
  0 -3.865190 -2.436018 35.631519 -0.995599 -0.028277 -0.089350 0.792263 0.056961 1 0 1.000000
suit
  0 -3.865190 -2.436018 35.631519 -0.995599 -0.028277 -0.089350 0.792263 0.056961 1 0 1.000000
  0 -3.919492 -2.436018 36.236591 -0.677423 -0.336925 0.653896 0.792263 0.036178 1 0 1.000000
  0 -4.043860 1.978134 36.225433 -0.695412 0.301548 0.652281 0.943328 0.036178 1 0 1.000000
suit
  0 -3.865190 -2.436018 35.631519 -0.995599 -0.028277 -0.089350 0.792263 0.056961 1 0 1.000000
  0 -4.043860 1.978134 36.225433 -0.695412 0.301548 0.652281 0.943328 0.036178 1 0 1.000000
  0 -3.989558 1.978134 35.620358 -0.995599 -0.028276 -0.089350 0.943328 0.056961 1 0 1.000000
suit
  0 -2.672503 -2.953986 31.438929 0.058114 -0.934226 -0.351916 0.753369 0.221614 1 0 1.000000
  0 -3.467174 -2.976555 31.367611 -0.587445 -0.739560 -0.328571 0.773764 0.203459 1 0 1.000000
  0 -3.428102 -2.436019 30.761171 -0.550169 -0.336925 -0.764065 0.792263 0.224241 1 0 1.000000
suit
  0 -2.672503 -2.953986 31.438929 0.058114 -0.934226 -0.351916 0.753369 0.221614 1 0 1.000000
  0 -3.428102 -2.436019 30.761171 -0.550169 -0.336925 -0.764065 0.792263 0.224241 1 0 1.000000
  0 -2.633430 -2.413449 30.832489 0.093079 -0.409179 -0.907694 0.771868 0.242396 1 0 1.000000
suit
  0 -2.633430 -2.413449 30.832489 0.093079 -0.409179 -0.907694 0.792263 0.251546 1 0 1.000000
  0 -3.428102 -2.436019 30.761171 -0.550169 -0.336925 -0.764065 0.792263 0.224241 1 0 1.000000
  0 -3.552469 1.978133 30.750010 -0.568157 0.301547 -0.765681 0.943328 0.224241 1 0 1.000000
suit
  0 -2.633430 -2.413449 30.832489 0.093079 -0.409179 -0.907694 0.792263 0.251546 1 0 1.000000
  0 -3.552469 1.978133 30.750010 -0.568157 0.301547 -0.765681 0.943328 0.224241 1 0 1.000000
  0 -2.757798 2.000705 30.821327 0.070024 0.409178 -0.909764 0.943328 0.251546 1 0 1.000000
suit
  0 4.899029 -2.049784 38.783062 -0.000000 -0.609997 -0.792404 0.279622 0.154666 1 0 1.000000
  0 4.899029 2.049774 38.783062 -0.000000 0.609997 -0.792404 0.279622 0.018740 1 0 1.000000
  0 5.765055 2.049774 39.283062 0.686241 0.609998 -0.396202 0.234314 0.018740 1 0 1.000000
suit
  0 4.899029 -2.049784 38.783062 -0.000000 -0.609997 -0.792404 0.279622 0.154666 1 0 1.000000
  0 5.765055 2.049774 39.283062 0.686241 0.609998 -0.396202 0.234314 0.018740 1 0 1.000000
  0 5.765055 -2.049784 39.283062 0.686241 -0.609998 -0.396202 0.234314 0.154666 1 0 1.000000
suit
  0 5.765055 -2.049784 39.283062 0.686241 -0.609998 -0.396202 0.234314 0.154666 1 0 1.000000
  0 5.765055 2.049774 39.283062 0.686241 0.609998 -0.396202 0.234314 0.018740 1 0 1.000000
  0 5.765055 2.049774 40.283062 0.686241 0.609998 0.396202 0.189005 0.018740 1 0 1.000000
suit
  0 5.765055 -2.049784 39.283062 0.686241 -0.609998 -0.396202 0.234314 0.154666 1 0 1.000000
  0 5.765055 2.049774 40.283062 0.686241 0.609998 0.396202 0.189005 0.018740 1 0 1.000000
  0 5.765055 -2.049784 40.283062 0.686241 -0.609998 0.396202 0.189005 0.154666 1 0 1.000000
suit
  0 5.765055 -2.049784 40.283062 0.686241 -0.609998 0.396202 0.189005 0.154666 1 0 1.000000
  0 5.765055 2.049774 40.283062 0.686241 0.609998 0.396202 0.189005 0.018740 1 0 1.000000
  0 4.899029 2.049774 40.783062 -0.000000 0.609997 0.792404 0.143696 0.018740 1 0 1.000000
suit
  0 5.765055 -2.049784 40.283062 0.686241 -0.609998 0.396202 0.189005 0.154666 1 0 1.000000
  0 4.899029 2.049774 40.783062 -0.000000 0.609997 0.792404 0.143696 0.018740 1 0 1.000000
  0 4.899029 -2.049784 40.783062 -0.000000 -0.609997 0.792404 0.143696 0.154666 1 0 1.000000
suit
  0 4.899029 -2.049784 40.783062 -0.000000 -0.609997 0.792404 0.143696 0.154666 1 0 1.000000
  0 4.899029 2.049774 40.783062 -0.000000 0.609997 0.792404 0.143696 0.018740 1 0 1.000000
  0 4.033004 2.049774 40.283062 -0.686241 0.609998 0.396202 0.098387 0.018740 1 0 1.000000
suit
  0 4.899029 -2.049784 40.783062 -0.000000 -0.609997 0.792404 0.143696 0.154666 1 0 1.000000
  0 4.033004 2.049774 40.283062 -0.686241 0.609998 0.396202 0.098387 0.018740 1 0 1.000000
  0 4.033004 -2.049784 40.283062 -0.686241 -0.609998 0.396202 0.098387 0.154666 1 0 1.000000
suit
  0 5.765055 2.049774 40.283062 0.686241 0.609998 0.396202 0.664680 0.114099 1 0 1.000000
  0 5.765055 2.049774 39.283062 0.686241 0.609998 -0.396202 0.664680 0.043752 1 0 1.000000
  0 4.899029 2.049774 38.783062 -0.000000 0.609997 -0.792404 0.603757 0.008578 1 0 1.000000
suit
  0 4.899029 2.049774 38.783062 -0.000000 0.609997 -0.792404 0.603757 0.008578 1 0 1.000000
  0 4.033004 2.049774 39.283062 -0.686241 0.609998 -0.396202 0.542835 0.043752 1 0 1.000000
  0 4.033004 2.049774 40.283062 -0.686241 0.609998 0.396202 0.542835 0.114099 1 0 1.000000
suit
  0 4.033004 2.049774 40.283062 -0.686241 0.609998 0.396202 0.542835 0.114099 1 0 1.000000
  0 4.899029 2.049774 40.783062 -0.000000 0.609997 0.792404 0.603757 0.149272 1 0 1.000000
  0 5.765055 2.049774 40.283062 0.686241 0.609998 0.396202 0.664680 0.114099 1 0 1.000000
suit
  0 4.899029 2.049774 38.783062 -0.000000 0.609997 -0.792404 0.603757 0.008578 1 0 1.000000
  0 4.033004 2.049774 40.283062 -0.686241 0.609998 0.396202 0.542835 0.114099 1 0 1.000000
  0 5.765055 2.049774 40.283062 0.686241 0.609998 0.396202 0.664680 0.114099 1 0 1.000000
suit
  0 4.033004 -2.049784 40.283062 -0.686241 -0.609998 0.396202 0.098387 0.154666 1 0 1.000000
  0 4.033004 2.049774 40.283062 -0.686241 0.609998 0.396202 0.098387 0.018740 1 0 1.000000
  0 4.033004 2.049774 39.283062 -0.686241 0.609998 -0.396202 0.053078 0.018740 1 0 1.000000
suit
  0 4.033004 -2.049784 40.283062 -0.686241 -0.609998 0.396202 0.098387 0.154666 1 0 1.000000
  0 4.033004 2.049774 39.283062 -0.686241 0.609998 -0.396202 0.053078 0.018740 1 0 1.000000
  0 4.033004 -2.049784 39.283062 -0.686241 -0.609998 -0.396202 0.053078 0.154666 1 0 1.000000
suit
  0 4.033004 -2.049784 39.283062 -0.686241 -0.609998 -0.396202 0.053078 0.154666 1 0 1.000000
  0 4.033004 2.049774 39.283062 -0.686241 0.609998 -0.396202 0.053078 0.018740 1 0 1.000000
  0 4.899029 2.049774 38.783062 -0.000000 0.609997 -0.792404 0.007770 0.018740 1 0 1.000000
suit
  0 4.033004 -2.049784 39.283062 -0.686241 -0.609998 -0.396202 0.053078 0.154666 1 0 1.000000
  0 4.899029 2.049774 38.783062 -0.000000 0.609997 -0.792404 0.007770 0.018740 1 0 1.000000
  0 4.899029 -2.049784 38.783062 -0.000000 -0.609997 -0.792404 0.007770 0.154666 1 0 1.000000
suit
  0 4.033004 -2.049784 39.283062 -0.686241 -0.609998 -0.396202 0.543081 0.043298 1 0 1.000000
  0 4.899029 -2.049784 38.783062 -0.000000 -0.609997 -0.792404 0.604003 0.008124 1 0 1.000000
  0 5.765055 -2.049784 39.283062 0.686241 -0.609998 -0.396202 0.664925 0.043298 1 0 1.000000
suit
  0 5.765055 -2.049784 39.283062 0.686241 -0.609998 -0.396202 0.664925 0.043298 1 0 1.000000
  0 5.765055 -2.049784 40.283062 0.686241 -0.609998 0.396202 0.664925 0.113644 1 0 1.000000
  0 4.899029 -2.049784 40.783062 -0.000000 -0.609997 0.792404 0.604003 0.148818 1 0 1.000000
suit
  0 4.899029 -2.049784 40.783062 -0.000000 -0.609997 0.792404 0.604003 0.148818 1 0 1.000000
  0 4.033004 -2.049784 40.283062 -0.686241 -0.609998 0.396202 0.543081 0.113644 1 0 1.000000
  0 4.033004 -2.049784 39.283062 -0.686241 -0.609998 -0.396202 0.543081 0.043298 1 0 1.000000
suit
  0 5.765055 -2.049784 39.283062 0.686241 -0.609998 -0.396202 0.664925 0.043298 1 0 1.000000
  0 4.899029 -2.049784 40.783062 -0.000000 -0.609997 0.792404 0.604003 0.148818 1 0 1.000000
  0 4.033004 -2.049784 39.283062 -0.686241 -0.609998 -0.396202 0.543081 0.043298 1 0 1.000000
end
